length_m,class,faint_score,margin_sigma,n_transects,P_road,split,opos_zcontrast,lrm25_zcontrast,tpi15_zcontrast,slope_zcontrast,relief10_zcontrast,oneg_zcontrast,incision_depth_m
102.14046557065087,bold,-3.027,1.292,10,0.8552756905555725,val,-3.026968,-2.3448806,-2.7461333,-0.49174634,0.9927482,-1.3932986,1.0180641
365.63162784361754,bold,-2.443,0.708,36,0.9145215749740601,val,-2.4430833,-2.5264192,-2.3335931,-0.35594225,0.44058138,-0.29151076,0.78019524
749.0039570289889,bold,-3.963,2.228,74,0.8447744846343994,train,-3.9629474,-2.386938,-2.275261,-0.8929969,-0.25035447,-0.66894376,1.0783813
548.8754006048099,bold,-2.07,0.334,54,0.9236617088317871,train,-2.0698552,-2.0875869,-1.7350407,-1.0514083,0.24679849,-1.7798501,0.91297626
124.02287175771608,bold,-4.951,3.216,12,0.6882878541946411,val,-4.9514985,-2.5322094,-1.7360759,-0.3110846,-1.8235861,-1.0154604,0.68744516
154.01000788291373,faint,-1.393,-0.342,15,0.9655859470367432,train,-1.393455,-0.40728036,-0.5783049,-1.1766297,0.2178641,-0.35788193,0.5794318
48.42057287618577,faint,-1.32,-0.415,4,0.9187462329864502,val,-1.3200766,-0.83966064,-0.98421323,-0.14882845,-0.8137146,0.4324268,0.9723101
525.2110548774411,bold,-3.55,1.814,52,0.9303271770477295,train,-3.5495486,-2.951616,-2.027862,-0.43459117,2.358341,-0.4461999,0.9540703
113.87113512120536,bold,-3.693,1.958,11,0.8746819496154785,val,-3.6933575,-3.2456229,-2.7293456,-0.2279554,-0.7152888,0.4929878,1.0334282
82.78274799894413,bold,-3.645,1.91,8,0.8937183618545532,val,-3.6451964,-2.3286285,-1.3137317,0.30239412,-0.3437668,-0.51665425,0.7673737
244.94426436762305,bold,-4.414,2.678,24,0.957245409488678,val,-4.4136143,-2.8826852,-2.6789422,0.39769632,0.20391376,-0.20179304,0.8393891
125.99292553735573,bold,-5.01,3.275,12,0.9355769157409668,train,-5.010272,-1.2159452,-0.55980694,0.05895835,-0.035178278,-0.7119771,0.6251458
146.50109225349607,faint,-1.215,-0.52,14,0.8737357258796692,train,-1.2151008,-1.1415937,-0.98245794,-0.42839527,0.23907636,-0.93506515,0.5440968
147.4198229407708,faint,-1.316,-0.419,14,0.9405347108840942,train,-1.3159629,-0.6433686,-0.8074927,0.44827873,0.7136489,-0.2434623,0.39706266
70.98388395337511,faint,-0.06,-1.675,7,0.9589334726333618,train,-0.06044786,-0.31929883,-0.24157922,-0.4522581,-0.07934699,-0.054194763,0.42902815
385.5772835723667,bold,-3.733,1.998,38,0.9553767442703247,val,-3.7333093,-2.9971771,-2.9059358,-0.55263466,-0.009977114,-0.59747046,0.85053754
224.01799594118796,bold,-1.806,0.07,22,0.9836375117301941,train,-1.8057679,-1.665526,-1.137369,-0.5259172,0.39926973,0.024661077,0.8774713
211.1227684008682,faint,-1.623,-0.112,21,0.9785932302474976,train,-1.6233331,-2.029057,-1.3397774,0.17737831,0.15440752,-0.78348786,0.69943917
117.65960356903963,bold,-11.277,9.542,11,0.8504993915557861,train,-11.277265,-6.58639,-6.1347785,3.3185499,4.7694364,-3.7005084,0.83934134
100.84125389143122,bold,-5.604,3.869,10,0.8427717089653015,train,-5.604185,-1.6856561,-0.99522805,0.7849487,0.56693166,-2.8923748,0.38232172
331.63433493097136,bold,-5.148,3.413,33,0.8814117312431335,train,-5.1483483,-2.0407789,-2.0609767,0.40660807,-0.13378176,-1.5265781,0.46622434
156.67786449615818,bold,-4.23,2.495,15,0.841734766960144,train,-4.230196,-2.8883865,-2.9354508,0.3869373,0.15223914,-1.9965472,0.69186914
63.39011803359557,bold,-6.534,4.799,6,0.8541041612625122,train,-6.5342164,-4.155594,-4.0875983,0.9417734,1.973479,-3.333877,1.0782822
95.82908263178311,bold,-5.7,3.965,9,0.8307422995567322,train,-5.700196,-2.1139023,-3.44856,2.0332584,4.2915173,-1.507761,0.7696538
318.9763999942369,bold,-4.14,2.405,31,0.8687319755554199,train,-4.1402297,-3.0852346,-3.0457006,1.9174254,1.9951494,-1.7744002,0.46226186
46.53183470799764,bold,-2.476,0.741,4,0.8156067132949829,train,-2.4760077,-1.3185745,-1.4758829,0.00095549226,0.41849816,-0.27260017,0.55246156
603.9710054431785,bold,-5.66,3.925,60,0.8726232647895813,train,-5.660371,-3.1972394,-3.1199446,0.94265306,2.2310734,-1.1081626,0.53403056
49.95586555950722,bold,-7.042,5.306,4,0.853980302810669,train,-7.0417795,-3.6173112,-4.4222193,2.5205116,4.860759,-0.58002603,0.6933575
115.8309206851306,faint,-1.225,-0.51,11,0.8471575379371643,train,-1.2254957,-2.163298,-1.7940018,0.21351871,0.62181395,-0.08981782,0.8970438
213.75656403827088,bold,-3.38,1.644,21,0.9417451620101929,val,-3.3796575,-1.1410077,-0.46333262,-0.031586923,0.873149,-1.785862,0.3520605
419.2541645774965,faint,-1.65,-0.086,41,0.9713112711906433,val,-1.6495048,-0.42142725,-0.57107115,-0.84709436,0.65669423,-0.65491974,0.59272516
275.38265450846774,bold,-2.385,0.65,27,0.730892539024353,val,-2.3854203,-2.4521043,-1.8074964,-1.2863038,-0.105457835,-1.469904,0.8396191
135.44919929459164,bold,-1.777,0.042,13,0.6454182267189026,val,-1.7771558,-1.3997409,-0.9634559,-1.1471922,-0.95582414,-0.9254157,0.628163
483.03109390245595,bold,-1.959,0.224,48,0.9433531165122986,train,-1.9589512,-0.7213051,-0.676293,-0.6969359,-0.27636865,-0.8863523,0.80472505
240.85396002754388,bold,-1.757,0.021,24,0.9616066217422485,train,-1.7565056,-1.8230761,-0.8457596,-1.4409347,-0.020276368,-2.5129151,0.9813669
184.7513368923044,bold,-3.085,1.349,18,0.9345625638961792,train,-3.0847049,-1.0097222,-1.1277115,-2.470912,0.3318088,-1.8375893,0.78645325
158.87045746023387,bold,-2.351,0.616,15,0.832727313041687,train,-2.3512266,-0.76860577,-0.47117296,0.49824858,0.2226695,-1.8177669,0.6975731
73.15476285234129,bold,-4.385,2.65,7,0.8418622612953186,train,-4.3849955,-2.0013132,-2.2933638,0.8524617,1.0863727,-0.21290255,1.2820895
378.454198616362,faint,-1.045,-0.69,37,0.8681094646453857,train,-1.0449741,-1.223323,-1.0995901,-0.14492211,-0.01798747,-0.068514824,0.481025
391.4620478401126,bold,-3.109,1.374,39,0.8328018188476562,val,-3.1093333,-2.3654869,-2.3983586,0.93029237,0.4954973,-0.113953255,0.5576849
397.02645178532265,bold,-2.968,1.233,39,0.8515654802322388,val,-2.9679534,-1.9713203,-2.1022797,0.75269914,0.61235213,-0.741881,0.4297957
73.7937650621206,bold,-2.555,0.82,7,0.865788459777832,train,-2.555127,-1.4523023,-1.7699013,0.445118,-0.07071712,-1.1359923,0.5322008
226.1285195020262,faint,-1.454,-0.281,22,0.8790021538734436,val,-1.4540701,-1.1389534,-1.614486,-0.368782,-0.039613206,-0.06020061,0.5170444
241.61539440616093,faint,-1.726,-0.009,24,0.9433053731918335,train,-1.7263658,-1.0187148,-1.7591498,-1.0407269,-0.030211926,-0.6664463,0.8418705
212.24737160672717,bold,-3.393,1.657,21,0.9614811539649963,train,-3.3926086,-2.1048632,-1.8246235,0.48451206,1.123854,-0.6868976,0.8831415
154.54431818240687,bold,-2.453,0.718,15,0.9920662641525269,train,-2.453073,-2.0042892,-1.5108664,0.39110935,0.79995006,-0.19684461,0.757479
145.41160429287308,faint,-0.913,-0.822,14,0.9912449717521667,train,-0.91331685,-0.83941567,-0.5796586,-1.1230428,-1.1620588,0.4651183,0.7316288
217.77287955967233,faint,-1.149,-0.586,21,0.9862496852874756,train,-1.1493471,-1.5628176,-1.1620631,-0.35433617,-0.38204703,0.31913885,0.78135777
61.82822613924571,faint,-0.898,-0.837,6,0.9344440698623657,train,-0.898484,0.60806525,0.31675804,-0.99437356,-0.33430755,-0.28285918,0.26372302
327.54130075740187,faint,-1.16,-0.575,32,0.9231632351875305,train,-1.1599004,-1.3151002,-1.58933,-0.9579421,0.37209404,-0.49411154,0.70080924
72.68580975753547,faint,-0.867,-0.869,7,0.8739643692970276,train,-0.8665898,-0.59416556,-0.11703863,0.14690425,0.70022917,-0.43244138,0.29536748
894.0722415042752,faint,-1.594,-0.141,89,0.9369291663169861,train,-1.5943853,-1.0484233,-1.299421,-0.39869472,0.2694772,-0.4136783,0.85680854
278.52635532283074,bold,-2.793,1.058,27,0.9498479962348938,train,-2.7931209,-2.2144117,-1.9830745,-0.86856914,-0.19737612,-0.41003233,0.87672657
85.88060997314967,bold,-2.026,0.29,8,0.9462472796440125,train,-2.0255835,-1.5142043,-1.954554,-0.4157122,-0.1606779,0.05431382,0.7013954
920.8976047612255,faint,-1.109,-0.626,92,0.865877628326416,test,-1.1094805,-0.47314084,-0.5048564,-1.4705777,-0.25666872,-1.2179346,0.8390052
135.2718617752455,faint,-1.287,-0.448,13,0.8340556621551514,train,-1.287463,-0.8576677,-0.6803328,-2.046717,-0.6322913,-1.0916412,0.8748039
322.32840660679574,faint,-0.619,-1.117,32,0.9041639566421509,test,-0.6185677,0.23271501,0.29699337,-0.021084826,0.1356435,-1.4382265,0.7297661
28.552310028632828,faint,-1.184,-0.552,2,0.1224595457315445,test,-1.1836488,0.21137162,-0.34622627,-0.53280854,-1.3717991,0.019508839,0.35230178
732.8198692192202,bold,-1.843,0.108,73,0.8134887218475342,test,-1.8429737,-1.031891,-0.9813198,-1.0065256,-0.4256803,-0.9195176,1.0873473
91.62633209173343,bold,-1.977,0.241,9,0.864229142665863,test,-1.9765524,-1.557444,-2.0847063,-0.28930572,0.44075263,0.48466682,0.8626523
240.70984660561103,faint,-0.841,-0.894,24,0.8420600891113281,test,-0.84123075,-0.04332208,-0.84779733,0.20838824,1.7907138,-0.25534815,0.6671653
96.85772637741766,faint,-1.015,-0.721,9,0.8565369844436646,test,-1.014796,-0.6059519,-0.51720524,-0.68040407,-0.9820169,-0.45407817,0.62450194
66.82755114301081,faint,-1.561,-0.174,6,0.7417845129966736,train,-1.560909,-0.1871154,0.6845093,-0.397315,0.02716884,-1.2117237,0.7123234
153.62233607109803,faint,0.38,-2.115,15,0.9187955856323242,train,0.37998447,-0.08268041,0.43010017,-1.3274575,-2.3913198,-0.7296561,0.39182377
176.60018286128607,faint,-1.275,-0.461,17,0.8522489666938782,test,-1.2746966,-1.0683501,-0.62940997,-0.32992265,-1.1292589,-0.30338752,0.7489307
104.77454359940126,bold,-2.175,0.44,10,0.8262359499931335,train,-2.1752691,-2.3030386,-1.8174613,-0.18723825,1.967339,-0.09398398,1.1714844
100.51804910258517,faint,-0.542,-1.193,10,0.7702545523643494,test,-0.5424048,-0.49934876,-0.6000585,-0.13251166,0.10054186,0.30778944,0.8064592
237.52148420533186,faint,-1.146,-0.59,23,0.8754191398620605,test,-1.1458405,-0.21264291,-0.49810007,-0.71057546,-0.4297449,-0.039482817,0.67836297
54.07714950659048,bold,-2.342,0.607,5,0.8538042306900024,train,-2.3418937,-1.5468686,-1.4065391,0.32717118,0.62260395,-1.6827489,0.7434931
159.41890716788066,bold,-2.066,0.331,15,0.9161741137504578,train,-2.0659754,-1.0628786,-1.4897562,-0.47616515,2.9740274,-0.36298254,1.2307544
66.52645980083135,bold,-2.477,0.742,6,0.8869739770889282,train,-2.4774656,-0.08191973,0.22278188,0.48456824,4.5451875,-1.7389951,1.0651271
213.49796611875632,faint,-1.603,-0.133,21,0.8585414886474609,train,-1.6027594,-1.4495791,-1.1570321,0.19683714,0.9330677,-0.098190375,0.52668846
329.72264265095805,bold,-1.839,0.104,32,0.8909657597541809,train,-1.8394783,-1.2363502,-1.3371956,-0.4248055,-0.11548391,-1.6466825,0.69834614
452.78453032031115,faint,-0.394,-1.342,45,0.9694225788116455,train,-0.39352426,-0.5089303,-0.8400236,-0.19745538,0.3895369,-1.4766814,0.73475647
219.54670944898805,faint,-0.584,-1.152,21,0.9697848558425903,val,-0.58382034,-0.47849783,-1.0340325,-1.6487286,-0.8247706,0.06474764,0.6620372
160.53720631902382,faint,-1.527,-0.208,16,0.7958636283874512,test,-1.5273137,-1.9129765,-1.5457087,0.08691026,-0.3083763,-0.6683428,0.40308565
41.55285982397113,faint,-0.915,-0.82,4,0.8495253324508667,test,-0.91507006,0.30708405,0.3760714,0.44930792,3.6991096,-1.8226795,0.5568876
147.32787520001335,bold,-5.357,3.621,14,0.8897222280502319,train,-5.3566484,-2.4530833,-1.9070854,1.2287664,0.24275687,-3.5003943,0.5058884
143.5296200000341,bold,-3.5,1.765,14,0.8401296138763428,train,-3.500235,-1.6112518,-1.6372039,0.17191812,-0.40133175,-0.7603978,0.3403626
49.070175240201195,bold,-1.894,0.158,4,0.9130056500434875,train,-1.893631,-0.9200301,-1.3950197,-0.32162878,-0.07872632,-0.585239,0.47340378
40.37647686837989,bold,-3.477,1.741,4,0.9191043376922607,train,-3.4765797,-2.0403044,-1.9364882,1.1250405,-0.2701061,-0.7705847,0.82889926
60.5310558422941,faint,-1.351,-0.385,6,0.9089056253433228,train,-1.3508074,-0.819664,-1.7302055,-0.21034333,0.45699066,0.23273236,0.6855171
173.64971179543255,bold,-1.959,0.224,17,0.9858962893486023,train,-1.9594002,-1.4064991,-0.59306717,-0.6041433,-0.20640038,-0.47841468,0.9146831
161.6524908597048,bold,-3.287,1.551,16,0.8518585562705994,val,-3.286848,-3.371142,-1.755711,-0.28530312,-0.3479526,-0.65564704,0.5919194
61.53081654297891,bold,-2.375,0.639,6,0.9112666249275208,val,-2.3747272,-1.43401,-0.7700726,-1.5329047,0.9308613,-1.7220575,1.1705309
66.27258294730696,bold,-3.52,1.785,6,0.9768615961074829,train,-3.5202367,-1.3699561,-1.1482447,0.03461441,0.9586861,0.124305464,0.6746114
125.26157831396422,faint,-0.374,-1.361,12,0.9282266497612,train,-0.37436193,-0.2849366,0.023151474,-0.06476395,-0.29579297,-0.09215225,0.58886594
156.29786349932436,faint,-1.14,-0.596,15,0.9315024018287659,train,-1.1396012,-0.21133098,-0.1403255,-0.11176898,-0.57028234,-0.31570184,0.7687912
117.03754992641723,bold,-3.282,1.546,11,0.8018686175346375,test,-3.2818327,-1.170913,-1.4609506,-0.91443485,0.4455347,-1.2908195,1.3031237
48.9452388405672,faint,-1.473,-0.263,4,0.9519484043121338,val,-1.4726274,-0.7095301,-1.1774151,-1.2505424,0.03943552,-0.6116032,0.745702
179.24857866712807,faint,0.326,-2.061,17,0.8411555290222168,val,0.32579958,0.94651544,0.3340583,-0.2718769,-0.43638024,-0.35247922,0.4295916
159.8745087160721,bold,-1.801,0.066,15,0.8817898631095886,val,-1.8012099,-0.04697804,0.6620443,-0.22511896,0.021001147,-0.66164464,0.49166894
216.3476391045346,bold,-3.634,1.899,21,0.9160493016242981,val,-3.6339657,-2.8396876,-2.7565043,0.807969,1.417728,0.23375429,1.3243206
58.68402326526726,faint,0.569,-2.304,5,0.9337795376777649,train,0.568638,-0.1094656,0.3357673,-0.9873173,-0.7019458,0.2707519,0.23218018
165.37301801568614,faint,0.235,-1.97,16,0.858256995677948,train,0.23475108,-0.3007152,0.31922454,-0.65493035,-1.5676982,-0.4802719,0.4542098
31.212933650958846,bold,-2.92,1.185,3,0.895195484161377,train,-2.9200373,0.15823065,0.44594708,0.5698302,0.48213714,-1.6198119,0.38948467
678.5358672349475,faint,-0.847,-0.889,67,0.9899207353591919,train,-0.84672344,0.30866528,0.25143883,-0.8977226,1.5699459,-1.066094,0.5999148
365.77275260051016,bold,-2.711,0.976,36,0.8409627079963684,train,-2.7114768,-1.8499367,-2.0359511,-0.6784682,-0.2934026,-0.9973804,0.92099845
81.01341454469907,bold,-4.236,2.501,8,0.869307279586792,train,-4.2363014,-3.1161327,-1.9801555,-0.24359222,0.034260325,-1.2949047,1.1482284
44.382441376744566,faint,-0.981,-0.755,4,0.8315750360488892,train,-0.9805063,-1.6879516,-1.5425873,0.12212373,-0.29116422,0.68649983,0.5357795
65.76366739472246,faint,-1.39,-0.346,6,0.8535056114196777,train,-1.3895171,-1.1665349,-0.6888156,-0.17582247,0.17171809,-0.7169899,0.4086579
325.378373915247,faint,-1.38,-0.355,32,0.9617174863815308,train,-1.3803666,-1.5009254,-1.749597,-0.82300705,0.33514458,-0.5064131,0.5963356
149.93105638924249,faint,-1.494,-0.242,14,0.9919837713241577,train,-1.4935651,-1.6201034,-2.0490012,-1.5173628,2.3823442,-1.1493757,1.0261439
149.4905134990108,bold,-2.956,1.221,14,0.9740283489227295,train,-2.955965,-2.0494008,-1.0287917,-1.2592981,-0.92114556,-1.2959915,0.76694405
248.5604573995459,faint,-1.444,-0.291,24,0.8830344080924988,train,-1.4442899,-1.8204241,-1.4841428,-0.17672288,-0.008048953,0.6646494,0.5968234
190.28723488261954,bold,-6.124,4.388,19,0.883598804473877,train,-6.123701,-2.3162458,-1.9565673,0.9888318,1.3965957,-2.9879425,0.68115544
60.27650794169695,faint,-0.874,-0.861,6,0.8468939661979675,train,-0.8740578,-1.066678,-0.24686754,-0.13936444,0.18737055,-0.49621543,0.5573854
70.52705885520842,bold,-1.834,0.099,7,0.9303379058837891,val,-1.8339379,-2.3577266,-2.7263567,0.027546044,1.3399892,0.5810048,0.6369191
265.76764433798644,faint,-1.532,-0.203,26,0.9305003881454468,train,-1.5320897,-1.754372,-0.65633523,-0.61754155,0.25114986,-1.5374682,0.6576434
317.5415823003144,bold,-4.374,2.638,31,0.9238156080245972,train,-4.3737535,-2.9999676,-2.9114752,-0.40250593,0.6972928,-0.036962815,0.695102
278.76357712303275,faint,-1.346,-0.39,27,0.9535068869590759,train,-1.3457378,-1.2666283,-1.114273,-0.95138824,-0.74655485,-0.26625112,0.8381715
467.0140628510575,bold,-3.57,1.835,46,0.9291216731071472,train,-3.5700412,-1.2444316,-3.4902081,-1.9784138,-1.0039792,-0.655329,1.6225171
327.8245230809524,bold,-2.699,0.964,32,0.594882607460022,unused,-2.6993146,-2.4601169,-2.1707733,-1.5964136,-0.44817367,-0.5682919,1.5474422
268.0849283307104,bold,-3.875,2.14,26,0.9360764026641846,train,-3.8749225,-2.0162647,-2.2727392,-0.39499688,0.53877944,-0.88854456,0.9215431
105.38328501476035,faint,-1.68,-0.055,10,0.9380413889884949,train,-1.6801758,-0.64914876,-0.44647273,-1.7438179,-0.21932866,-1.1326889,0.8573108
119.62618909894373,bold,-4.015,2.28,11,0.9594631791114807,train,-4.015299,-2.977127,-1.9493054,-0.8080687,-0.20972447,0.10562187,0.87657183
70.93522286158502,bold,-3.02,1.285,7,0.9440466165542603,train,-3.0202422,-1.58212,-1.637154,-0.20287335,0.1925947,-0.2979037,0.81090504
260.4150637160753,bold,-2.136,0.4,26,0.9461559057235718,train,-2.1357286,0.50718176,1.0691665,-0.7149366,2.3881927,-3.666381,0.91723496
29.673815298684065,faint,-1.025,-0.711,2,0.9266772866249084,train,-1.0248549,0.39496583,-1.1284691,-0.48766616,-0.12655404,-0.76679057,0.70186925
128.50214843212322,bold,-5.193,3.458,12,0.9277369976043701,train,-5.1930456,-4.9570003,-3.1646361,1.2113816,0.7870797,-1.246014,0.785095
131.69062069102378,bold,-3.41,1.674,13,0.8366225361824036,test,-3.4095416,-2.2458744,-2.0446312,0.625122,-0.3529525,-0.19691107,0.5890821
255.1013980270804,bold,-2.896,1.161,25,0.8426586985588074,test,-2.8960311,-2.4714324,-1.6231629,0.501707,1.3004626,-1.753833,0.46198863
194.70378525115618,bold,-1.925,0.19,19,0.8994810581207275,train,-1.9254291,-1.9423481,-2.5961075,-0.27871892,1.1419649,0.7203735,0.8231349
144.8152789118398,faint,-1.017,-0.718,14,0.9212572574615479,train,-1.017134,-0.80869615,-0.27284154,-0.7006623,-1.180521,-0.6775515,0.53012884
120.18678547591901,bold,-2.633,0.897,12,0.9161718487739563,train,-2.6326642,-2.1741405,-2.018742,-0.14929348,0.6220968,-0.576619,1.0315361
187.42027010780564,faint,-0.092,-1.643,18,0.8929442167282104,train,-0.09208564,-0.6297418,-0.28266156,-0.33098406,-0.2516963,0.40207672,0.31378758
178.73009241179483,bold,-3.84,2.104,17,0.8809559941291809,train,-3.8397443,-3.001342,-3.0439594,-0.15082285,-0.94192636,-0.070959,0.67650324
68.72664534370931,bold,-2.722,0.987,6,0.8265863060951233,train,-2.722451,-1.5228784,-2.294486,0.4188111,-0.06499012,-0.73806715,0.5807464
193.0718146220097,faint,0.628,-2.363,19,0.8730177879333496,train,0.62788296,0.84318966,0.6242414,-0.6754817,-0.32305837,-0.25597015,0.19763094
220.40196601301648,faint,-0.374,-1.362,22,0.865670382976532,train,-0.3738281,-0.87078184,-1.3293834,-0.20609,0.089942195,0.34504813,0.47485778
170.4523536446668,faint,-1.517,-0.218,17,0.8559699654579163,train,-1.5171833,-1.7860515,-2.0343978,-0.5260813,-0.86255157,1.2952493,0.36489666
171.8613625919197,bold,-3.099,1.364,17,0.7962186932563782,unused,-3.09891,-2.1318727,-1.9723886,-0.23657614,-0.13987967,0.87141144,0.8432352
306.4780546931057,faint,-0.956,-0.78,30,0.8462076187133789,train,-0.95569324,0.29188612,0.5837528,-1.20851,-0.31211612,-0.7173978,0.45152843
249.25747667893052,bold,-2.146,0.41,24,0.8625808954238892,test,-2.1457782,0.058519796,0.2407569,-1.4872093,0.41040933,-1.9958265,1.0382898
71.78127222145248,faint,-0.984,-0.752,7,0.8332957625389099,test,-0.9835556,-0.016513765,-0.07058978,-2.3663313,-0.4810531,-0.8536336,1.3523448
250.6622859421455,bold,-4.38,2.644,25,0.9442167282104492,train,-4.3797374,-4.280294,-3.7084992,1.0090151,0.5735658,-0.4007352,1.1286163
121.70313660744594,bold,-5.291,3.556,12,0.8662195205688477,train,-5.291209,-3.4387546,-3.3797116,2.3764591,0.6400053,-1.7042928,0.6497081
793.2044309224601,bold,-3.322,1.586,79,0.8604047298431396,train,-3.321802,-2.8222494,-3.9625106,-0.06880814,1.0986784,0.056418747,0.7178258
85.94923212424749,bold,-5.97,4.235,8,0.8974648714065552,train,-5.9704432,-2.6390572,-2.5496545,0.60933584,0.30660293,-2.4878912,0.5886686
55.41217553673993,bold,-8.013,6.278,5,0.9215112328529358,val,-8.013434,-2.8889818,-3.3732836,0.5845563,2.125785,-1.4745694,0.43846467
488.7642924383347,faint,-0.056,-1.679,48,0.9620072841644287,train,-0.056236114,0.23724556,0.37671506,-1.42026,-0.74785876,-1.4935519,0.6033048
652.1816475593255,bold,-2.068,0.332,65,0.9035714864730835,unused,-2.0677216,-2.1633482,-2.8107278,-0.41640958,0.6296881,0.021215541,0.76482296
722.9786646856248,bold,-3.32,1.585,72,0.9289732575416565,train,-3.3199506,-2.748719,-3.4502416,0.0028940625,1.3138752,-0.24530762,0.68728775
992.9996109827521,bold,-2.304,0.569,99,0.9280155301094055,train,-2.3043108,-2.0048523,-2.7930999,-0.3027019,1.270944,-0.016970199,1.0339633
1332.7904520461727,faint,-1.346,-0.389,133,0.9660360217094421,test,-1.3463539,-1.0057762,-0.70705134,-0.9919296,0.2944453,-0.79419714,0.74065006
58.830200434162045,faint,-1.118,-0.618,5,0.9375292062759399,train,-1.1175456,-2.4875157,-1.9921074,0.57417893,-0.16453822,0.15381162,0.86104196
151.34069873479197,bold,-2.515,0.78,15,0.9361833333969116,train,-2.5151715,-1.847891,-1.4660419,0.72576386,1.1326249,-1.9667476,0.566507
1144.5200348743508,bold,-4.058,2.323,114,0.9308781027793884,train,-4.0583944,-3.241071,-3.0059407,-0.20603332,0.48583668,-0.9014189,0.75338125
326.76408402321215,bold,-4.011,2.276,32,0.8782220482826233,train,-4.011297,-3.0308046,-4.53916,0.110014245,2.8019414,-0.11128539,0.8787637
88.19525311553998,bold,-1.955,0.219,8,0.8566590547561646,val,-1.9546556,-1.5757933,-1.2084419,-0.5531237,0.045035854,0.20432979,0.50613457
614.6911281583743,bold,-4.548,2.813,61,0.9086979031562805,unused,-4.5484414,-3.3254402,-3.0621881,0.9108082,1.8725177,-0.49786273,0.7754639
350.8376995510784,faint,-1.146,-0.59,35,0.941960871219635,test,-1.1457676,-0.37498835,-1.2618484,-1.2369661,-0.7895563,-0.41094437,0.85797775
175.8136926789743,bold,-3.501,1.765,17,0.7622719407081604,unused,-3.5005836,-2.5927565,-2.320273,0.99466175,1.1036206,-0.9725318,0.5475311
147.22274704899672,bold,-4.139,2.404,14,0.8172334432601929,unused,-4.1394567,-3.0397937,-3.599699,0.6976835,2.2121365,-0.27116317,0.5336211
350.576675027133,bold,-6.797,5.061,35,0.906267523765564,unused,-6.796822,-4.608432,-3.7635562,1.4415358,1.3501552,-0.9868131,0.62762356
132.67510778510845,bold,-4.631,2.896,13,0.8630542755126953,unused,-4.631164,-2.3291972,-1.9291784,1.6204168,2.20633,-1.7419977,0.43316203
115.60321961830128,bold,-4.743,3.007,11,0.8894616365432739,train,-4.7426844,-3.0626295,-2.2212539,1.0778733,2.2168682,-0.8245824,0.6788087
160.04629212873238,bold,-7.326,5.591,16,0.8923460841178894,train,-7.32596,-3.7108846,-2.8526776,0.24778494,0.8436438,-0.86208594,0.75323975
232.60326776214467,bold,-7.475,5.74,23,0.875619649887085,train,-7.4751387,-3.6194177,-3.1038816,0.54811853,0.52961105,-1.4268658,0.7947491
139.5444757872525,bold,-6.701,4.966,13,0.8921509385108948,train,-6.701463,-2.8625531,-2.0847895,0.7157714,0.42368224,-2.477476,0.7654199
152.77086611262374,bold,-3.502,1.767,15,0.9158597588539124,train,-3.5020566,-2.8687162,-1.9279598,0.5513135,0.1550353,-0.8029609,0.6024394
170.22345586194993,bold,-4.409,2.674,17,0.9363418221473694,train,-4.409296,-3.0928323,-1.1973566,0.22804499,0.6026555,-2.4705474,0.93829036
26.85855585658605,bold,-9.172,7.437,2,0.9542225003242493,val,-9.17218,1.27111,-6.9539895,-0.13007338,1.9686685,-3.2049327,1.8321018
65.6942151596057,bold,-3.665,1.93,6,0.8548282384872437,train,-3.6654673,-1.7481924,-1.1655377,1.0261831,0.35274917,-1.6704593,0.615854
105.00460275260278,bold,-3.789,2.054,10,0.796317458152771,unused,-3.7892725,-1.9187201,-1.4520004,1.0122182,0.7608068,-0.55385405,0.41294193
126.20513037766412,bold,-10.198,8.463,12,0.8393139839172363,val,-10.19841,-3.5154977,-2.8271666,2.8424096,2.9845715,-4.8758874,0.5796317
108.83755992181446,bold,-3.917,2.182,10,0.7886641621589661,val,-3.9174657,-3.9358077,-3.2062304,1.3649046,2.7193947,-2.3183765,0.6198017
643.9648232387016,bold,-3.124,1.388,64,0.9240984320640564,unused,-3.1235926,-2.9190905,-2.2749639,0.26091993,0.54313684,-0.8269563,0.9280628
441.75057272525333,bold,-2.877,1.142,44,0.874015748500824,train,-2.877069,-1.6328762,-1.4620602,-0.7735981,0.36517012,-0.3104151,0.61321557
566.8557270533121,bold,-2.737,1.001,56,0.8918354511260986,train,-2.7365835,-1.8001323,-1.5434415,-0.09184483,-0.037448075,-0.15683219,0.5630982
607.3315512554414,bold,-3.074,1.338,60,0.8881157040596008,test,-3.0738,-2.9019427,-2.280075,0.16423874,0.044104394,-0.6032852,0.63095
430.9862352994559,bold,-4.106,2.37,43,0.8972509503364563,train,-4.10569,-2.5614188,-1.9249837,-0.260498,0.009561106,-0.6248228,0.60199356
106.11876427745179,bold,-5.909,4.173,10,0.9251311421394348,train,-5.9085045,-3.1123438,-2.640687,0.5775405,0.41269016,-1.7859113,0.75942826
95.29178021701554,bold,-5.866,4.131,9,0.9784862399101257,train,-5.866175,-3.2378457,-3.735604,-0.121483624,0.123463385,0.318319,1.0018744
213.33458769943184,bold,-5.945,4.21,21,0.9278563261032104,train,-5.9453244,-3.9954653,-4.0618773,0.2644618,1.0355089,-0.74597526,0.94525445
301.43633528973186,bold,-3.693,1.958,30,0.9019890427589417,train,-3.6934347,-2.138729,-1.8741931,-0.011879342,-0.57362545,-0.76770425,0.6731707
506.8051246581514,bold,-4.252,2.517,50,0.871553897857666,val,-4.2524,-2.5992756,-2.49071,0.9635822,1.0942061,-0.8576071,0.6153032
81.94945385783517,bold,-2.835,1.1,8,0.8569117784500122,train,-2.8349814,-2.9117823,-2.8654966,1.6619775,1.3577018,-0.66883457,0.66727424
73.56848108332593,faint,-0.986,-0.749,7,0.8146416544914246,train,-0.98613054,-1.2416581,-1.6951804,0.1343298,0.9320514,-0.21545096,0.6049479
268.05541065752374,faint,-1.217,-0.518,26,0.8607021570205688,train,-1.2174842,-1.3670404,-1.3067905,0.23909076,0.33859342,-0.20103684,0.3385598
35.1007268859331,bold,-2.374,0.638,3,0.8405790328979492,train,-2.3737745,-2.3007584,-2.3650715,0.5117691,0.9705876,-1.4133092,0.5116352
186.33921080389226,bold,-2.751,1.015,18,0.9271062612533569,train,-2.7505312,-1.658955,-1.6772779,0.21330002,1.6273065,-1.0472566,0.3326054
131.42135286233855,bold,-4.47,2.735,13,0.8977733850479126,train,-4.4700565,-2.5766351,-3.582876,0.20395243,0.061992384,-0.29383513,1.2173718
103.58994675595868,bold,-3.69,1.954,10,0.8615957498550415,train,-3.6898699,-3.601055,-3.147643,0.94663304,2.9962497,-0.026265332,0.74496794
484.9449067375462,bold,-7.109,5.374,48,0.8841234445571899,train,-7.108962,-6.33191,-5.3376207,2.1711297,1.1694225,-1.2479742,0.91140914
330.9337786370636,bold,-1.773,0.037,33,0.8880010843276978,unused,-1.7727203,-2.7255132,-1.5211189,0.33983284,1.7810788,-2.5248885,0.5338882
122.00788796659218,faint,-1.313,-0.423,12,0.8370998501777649,unused,-1.3125626,-1.31005,-1.0460526,-0.27325866,-0.2509002,0.10389283,0.2839704
90.74158275898489,bold,-3.257,1.521,9,0.7716616988182068,unused,-3.2567856,-2.076601,-2.5120976,1.6453925,2.3190427,-0.8655043,0.5941484
154.95323085968985,faint,-0.228,-1.507,15,0.8509153723716736,unused,-0.22796427,-0.36610633,-0.32281077,-0.06795649,-0.6007642,-0.13518883,0.15734863
147.4297812676263,bold,-3.842,2.107,14,0.9311444759368896,train,-3.8420992,-3.6162415,-1.910428,-0.41457933,-0.050464097,-0.6627469,0.73253906
240.24056557801472,faint,-0.939,-0.797,24,0.8964633941650391,train,-0.9387492,-1.2742803,-0.93950284,-0.80955434,0.23685625,-0.5023031,0.39891
97.74861425053716,bold,-2.937,1.201,9,0.9399750232696533,train,-2.9365182,-3.0908618,-2.4865525,0.1331999,0.37641242,-1.3851423,0.66014755
82.82117287840515,faint,-1.165,-0.571,8,0.9182090759277344,train,-1.1646775,-1.355537,-1.737454,-1.2582489,-0.061257403,-0.62115806,0.39584023
97.02341982953563,faint,0.109,-1.844,9,0.9508683681488037,train,0.10910447,-0.0492416,0.013518275,-1.0496094,-0.46818244,0.17692919,0.21939349
116.65867059673826,faint,-0.565,-1.171,11,0.7918793559074402,val,-0.56454706,0.08123552,-0.2726021,-0.46113667,0.39989775,-0.07701755,0.20991728
1003.9886869313369,bold,-1.802,0.067,100,0.8158546686172485,unused,-1.8019419,-1.4985917,-2.1051037,0.29403287,0.96895134,-0.076053664,0.4009349
230.91172717185034,faint,-0.034,-1.701,23,0.8976396322250366,train,-0.034031328,-0.8192925,-0.94951254,-0.17878523,0.0010630671,0.04569312,0.24293172
283.1775690551071,faint,-0.076,-1.659,28,0.8200836777687073,unused,-0.076228455,-0.170167,-0.54248697,-0.3436939,0.69090843,0.115698546,0.26872355
1240.561053174317,bold,-4.041,2.306,124,0.8681562542915344,val,-4.041353,-3.9886227,-4.0384345,0.28996444,1.0781115,-0.23903897,1.2073789
1311.1543765369297,bold,-3.256,1.521,131,0.954637885093689,train,-3.2564688,-2.4082842,-3.530553,-0.43542713,1.5403732,0.12112968,0.6723393
103.84900780978057,bold,-5.78,4.045,10,0.8860052227973938,train,-5.780142,-3.2786036,-4.955601,0.6108419,4.70218,0.3221178,0.5727126
1774.8720856257087,faint,-1.583,-0.153,177,0.9669768810272217,train,-1.5827391,-1.1916516,-2.519314,-0.5503687,0.9795993,-0.13375498,0.8270128
177.29734806375473,bold,-2.702,0.967,17,0.9141642451286316,train,-2.7022038,-2.2840335,-2.0981174,-0.06892094,0.058551777,0.025187975,0.86892104
69.07937090042196,faint,0.352,-2.087,6,0.8897014856338501,train,0.35189542,-0.24627876,0.1625749,-0.70318747,-0.89397717,0.434099,0.3189788
81.68188011809475,bold,-2.459,0.724,8,0.8569714426994324,train,-2.4590602,-2.0389743,-2.6297262,-0.17782187,1.2690413,0.14949189,0.63453335
89.96193727321854,faint,-1.465,-0.27,8,0.9029452800750732,train,-1.465308,-2.043927,-1.4097726,0.40380102,0.33725888,-1.1279726,0.5848999
202.83486208148878,bold,-2.248,0.513,20,0.8792774677276611,test,-2.248282,-2.9490085,-2.708941,0.15045649,1.3944719,-0.29826042,0.9911347
498.4762719139122,bold,-3.441,1.706,49,0.8529758453369141,test,-3.441012,-3.1547737,-2.9921236,1.3970852,0.94136244,-0.9550416,0.8134899
33.12922490039486,faint,-1.427,-0.308,3,0.7823139429092407,train,-1.427494,-1.5117664,-3.0847433,-0.30928746,0.7354188,0.6893434,0.5381918
595.3764885329535,bold,-3.15,1.415,59,0.7925335764884949,val,-3.150016,-2.2309723,-2.4170713,0.51205194,1.2178367,-0.4325276,0.6280558
80.40369153278951,bold,-4.795,3.06,8,0.7066301107406616,val,-4.795246,-3.1033258,-4.373272,-0.02954792,0.6666968,-0.7515675,0.50865114
155.7470630741561,faint,-1.405,-0.331,15,0.6316356062889099,unused,-1.4045548,-0.6801787,-0.80876386,0.42844787,0.747077,-0.1547912,0.22522908
108.96282890781369,faint,-0.726,-1.009,10,0.7865108847618103,unused,-0.72616076,-0.72215974,-0.7251165,0.084292606,-0.2834931,-0.23477715,0.2927184
117.48282123163978,bold,-4.571,2.836,11,0.8905839323997498,unused,-4.571356,-3.308645,-2.856433,3.264649,1.1661483,-3.3869622,0.48159587
272.2698682773873,bold,-2.58,0.845,27,0.8729158043861389,train,-2.5802813,-1.6361089,-1.6444197,0.7480971,0.71424353,-1.1238893,0.3397522
73.56711204557767,bold,-4.045,2.31,7,0.6151154041290283,val,-4.0454283,-3.2876093,-3.2830417,0.87813926,0.60975355,0.019729124,0.65923065
376.39428921998007,bold,-2.665,0.929,37,0.7846927642822266,val,-2.6648283,-2.1599948,-2.4567995,1.1242217,1.449245,-0.8116996,0.49342865
37.13732047623427,bold,-1.779,0.044,3,0.8735862374305725,train,-1.7790675,-3.4685748,-3.7845416,0.1280951,-0.059242047,0.12209372,0.86058414
63.98651679310823,bold,-3.888,2.152,6,0.8905652165412903,train,-3.887857,-1.7910365,-0.40398663,0.23107149,0.14178076,-0.9964905,0.6311676
181.97050399410733,bold,-2.36,0.625,18,0.9665150046348572,train,-2.3602295,0.17600985,-0.34032094,-0.27427176,0.9805787,-1.4098344,0.57573736
74.18230020190813,faint,-0.221,-1.514,7,0.8802804350852966,train,-0.22138558,-1.7132885,-0.73330176,-0.29960465,-0.96237844,0.62915236,0.3392625
72.45073161387941,faint,-0.941,-0.795,7,0.8574628233909607,train,-0.94070965,-1.1427373,-0.8274299,-1.084701,-1.3923483,0.44972187,1.0510006
84.70773907899154,faint,-0.149,-1.587,8,0.9305176138877869,train,-0.14863482,-0.04742644,0.08278003,-0.4656583,0.70116746,-0.3431899,0.70379865
68.15855587014343,bold,-2.441,0.705,6,0.566984236240387,val,-2.4406323,-0.78960776,-0.93451965,-1.2693729,-1.2223997,-0.9480928,0.43903083
33.069249029950996,faint,-0.733,-1.002,3,0.8369200229644775,train,-0.7332395,-0.34020257,-2.382958,-1.2221862,-0.27229464,0.67704725,0.8655777
82.57416880260226,faint,-1.669,-0.066,8,0.9746401309967041,train,-1.6690953,-1.5978692,-1.2991219,-0.28114173,0.10142696,-0.12735581,0.81505316
66.5294582740118,faint,-1.196,-0.539,6,0.978301465511322,train,-1.1962552,-1.2516061,-1.2532768,0.21996899,0.51196355,-0.015616462,0.4751268
41.24405786511827,bold,-5.476,3.741,4,0.9544095993041992,train,-5.4759393,-3.7529407,-4.2337666,1.1074679,0.9667568,-0.3963676,0.73594004
449.1746447669225,bold,-2.052,0.316,44,0.9175099730491638,train,-2.0516932,-1.3788123,-1.0182958,-1.1735888,-0.69264555,-0.6777947,0.66781616
29.072619143783207,faint,-0.223,-1.512,2,0.8650951981544495,train,-0.22336835,-1.6615309,-1.2319533,-0.43600082,-0.77868056,1.1754079,0.35971057
1067.9797736165222,faint,-0.589,-1.147,106,0.8403736352920532,unused,-0.5886289,0.16961046,0.10957347,-1.7395998,-1.2158673,-1.125896,0.60581285
355.1215370796617,faint,-0.968,-0.768,35,0.7097619771957397,unused,-0.9678039,-0.38058963,-0.327075,0.0045801685,1.0688349,-2.0236475,0.9550528
277.2823051573651,bold,-2.887,1.151,27,0.8770463466644287,unused,-2.8868196,-0.9860665,-0.6570087,-0.22365613,1.1618825,-2.5828295,0.95821637
316.6146931179333,bold,-2.055,0.32,31,0.8319256901741028,unused,-2.055171,-1.212351,-0.4725276,-0.40228084,0.47720838,-2.8545625,1.2886634
231.06415214260429,faint,-1.359,-0.377,22,0.8149799704551697,unused,-1.3585997,-0.53141814,-0.6550237,-0.3663669,1.8004646,-1.61251,1.3111253
219.17268452065932,bold,-2.814,1.079,21,0.874635636806488,train,-2.8144019,-0.87639844,-0.7292959,0.2172346,0.28604457,-1.4377819,0.90635633
64.174063081769,faint,-1.602,-0.134,6,0.9185177087783813,train,-1.6016834,-1.5976558,-1.4470404,0.406785,0.2054078,-0.20045635,0.94711965
302.6621358699052,faint,-1.179,-0.556,30,0.8176814913749695,test,-1.1791966,-0.17146376,-0.10968995,0.31848225,0.56054235,-1.1733861,1.1336024
71.08481313887853,faint,-0.461,-1.275,7,0.595773458480835,unused,-0.46059218,-0.88543534,0.27677727,0.32422912,0.22405645,-1.6033068,1.1002636
165.24233304688607,bold,-1.865,0.13,16,0.9043611884117126,train,-1.8649447,0.745083,-0.51747525,-1.0682161,0.04178949,-2.0065906,0.9827161
274.43587856726737,faint,-1.089,-0.647,27,0.894029974937439,train,-1.08864,0.3673223,0.41756758,-1.1084758,0.5373672,-1.3654065,0.61096513
58.23353053052125,faint,-1.118,-0.617,5,0.8648543357849121,train,-1.1183279,-0.67733014,-0.31378856,0.24851348,0.110986866,-1.0797926,0.38058472
164.6011582428163,faint,-0.839,-0.897,16,0.7950454950332642,test,-0.8386075,-0.9252455,-0.4537379,-1.1771654,0.40885353,-1.1664667,1.403778
87.2625066586531,faint,0.033,-1.768,8,0.9242448210716248,test,0.032832395,0.58461195,0.5647886,-0.2296871,-0.1489292,-0.6444608,0.8204125
144.13538078668756,faint,0.039,-1.775,14,0.9706068634986877,train,0.039387282,-0.05541209,0.2968305,-0.38157308,-0.35634923,-0.6813539,0.7074453
95.77658184162175,faint,-0.027,-1.709,9,0.9608355164527893,train,-0.026617547,0.06302109,0.31686935,-0.39626986,0.04549896,-1.2692376,0.71980524
230.96505331266553,faint,-0.803,-0.932,23,0.9548947215080261,train,-0.8030651,-0.5233452,-0.9727129,-2.0926123,-0.93893886,-0.41155985,0.85163647
252.95873912888047,faint,-0.266,-1.469,25,0.9591591358184814,train,-0.26600182,0.6700874,0.47113842,-1.6451449,-0.6412912,-1.1879351,0.47626927
165.99710804724987,faint,-1.477,-0.258,16,0.9234406352043152,train,-1.4772578,-1.0050215,-1.666419,-0.4113173,0.4832126,0.36220002,0.5615982
55.44228672829579,faint,-1.262,-0.473,5,0.9133129119873047,train,-1.2622515,-1.589215,-1.9475187,-1.4412177,-0.9337997,0.17172036,0.48854017
145.02823762288133,faint,-0.45,-1.285,14,0.9469836354255676,train,-0.45046985,-0.28078693,-0.006201459,-1.735795,-1.3759747,-1.1499298,0.3736546
138.39532254702044,faint,0.174,-1.91,13,0.9453582167625427,train,0.17427322,-0.026658976,-0.05212355,-0.9258342,-0.27289686,-0.24722847,0.35116935
125.02922470999269,faint,-1.051,-0.684,12,0.9192735552787781,train,-1.0512965,-0.7356803,-0.67949253,-0.82677627,-0.6191323,-0.37468392,0.6798453
103.66034153985079,bold,-4.068,2.333,10,0.940740704536438,train,-4.068219,-4.224181,-5.903569,-0.1506427,1.6491969,0.614321,1.5077387
316.845474694806,bold,-5.767,4.032,31,0.9424864053726196,train,-5.7670875,-4.331373,-4.152562,0.10432302,0.7852332,-0.08151133,1.2404988
110.06195081467011,bold,-4.817,3.082,11,0.8811407089233398,train,-4.817142,-3.4060872,-3.038858,-1.2577777,-0.62113506,0.8029098,0.95989156
73.63927644300958,faint,-1.669,-0.067,7,0.869351327419281,train,-1.6685997,-1.6889957,-0.5371015,0.51523906,0.7515666,-2.3072083,0.5361552
273.0333401292637,bold,-3.077,1.342,27,0.9139538407325745,train,-3.0771773,-1.7677435,-1.2659373,-0.31670153,-0.93868697,-0.22297609,0.57366097
61.80054861607909,bold,-3.72,1.984,6,0.8981600999832153,train,-3.719728,-1.975606,-2.1590912,-0.022122998,0.5340405,-1.455055,1.2062395
131.06796042425248,bold,-3.554,1.819,13,0.8559219837188721,train,-3.554043,-3.6260128,-2.9593265,-0.46996513,-0.38680524,0.5542269,0.69779056
102.92319911011025,bold,-2.966,1.23,10,0.8433862924575806,train,-2.9658787,-1.847635,-2.8915093,-0.04046889,1.0331634,-0.31925666,0.5344532
192.95506892907116,bold,-3.194,1.458,19,0.9064595699310303,train,-3.193676,-2.6464424,-1.9912788,-0.11705263,-0.39547473,-0.1804448,0.6624696
54.95684793614207,bold,-2.477,0.741,5,0.900192141532898,train,-2.4765403,-1.3855095,-1.6015502,-0.60230654,-0.4480018,0.12331161,0.3966595
96.14694982828416,bold,-2.606,0.871,9,0.9366304874420166,train,-2.6061518,-1.7926164,-1.2386144,-0.17816973,0.1265438,-0.7211754,0.36152136
72.36330563372454,bold,-2.544,0.808,7,0.9161808490753174,train,-2.5436926,-2.2639105,-1.1424087,-0.048176125,-0.7504593,-0.795943,0.39216805
73.39041176787644,bold,-3.409,1.673,7,0.9152336120605469,train,-3.4085383,-1.2890269,-1.5955725,-0.42927256,-0.37287092,0.119067945,0.4455446
79.27874418529328,bold,-4.919,3.184,7,0.8642112016677856,train,-4.918919,-1.0136268,-1.5966089,-1.6622841,-0.14339198,-0.56123734,0.88140666
89.05524750825778,faint,0.617,-2.352,8,0.8236110806465149,test,0.6170466,0.8272654,0.9637621,-1.1097939,-0.84708583,-1.0954766,0.0890678
159.47499431932906,bold,-1.852,0.116,15,0.9145964980125427,test,-1.8518634,-1.5322247,-1.3375844,-0.49337843,-0.16895765,-0.26906508,0.33491194
140.00112881714313,bold,-3.24,1.504,14,0.78998202085495,test,-3.239593,-1.8138196,-1.3835986,-0.36283028,-0.2896676,-0.60528755,0.67146873
220.01369734373216,faint,-0.675,-1.06,21,0.8560479283332825,test,-0.6750826,0.24954498,-0.47283727,-1.1878406,-0.83625996,-0.7525719,0.5041001
107.69238046644904,bold,-2.284,0.549,10,0.8799822926521301,train,-2.2840505,-2.2788284,-2.3592377,-0.030581454,0.37674582,-1.3662858,0.530873
96.78403187707852,bold,-3.093,1.358,9,0.8977339267730713,train,-3.0931714,-2.2419205,-2.501013,1.2295675,2.7445683,-0.64086014,0.63113827
64.88059784756213,faint,-1.139,-0.596,6,0.8301751017570496,train,-1.1391371,-0.7734918,-0.6948563,-0.18125069,-0.08221147,-1.085281,0.694618
33.51870975384635,bold,-2.647,0.912,3,0.8520557880401611,train,-2.6472461,-2.4795732,-0.9984238,0.3358055,0.62079775,-1.2060976,0.87597656
53.802232755958535,bold,-1.985,0.249,5,0.881101131439209,train,-1.9847274,-0.53734535,-0.38653097,0.4123778,0.35742,-1.4544749,0.59922874
133.17786497538054,bold,-2.14,0.404,13,0.9142479300498962,train,-2.1398067,-0.83897054,-0.6632918,-0.50149864,-0.028634824,-1.5103611,0.35634625
142.60620831261457,bold,-2.877,1.142,14,0.8581508994102478,train,-2.8774242,-2.1666431,-1.7142487,-0.26331037,-0.23195265,-0.2610916,0.5041741
123.84648459223148,faint,-1.479,-0.256,12,0.8968198895454407,train,-1.4789279,-1.3298047,-0.8539973,-0.09438494,-0.3866042,-0.2305088,0.41280603
99.84571164231865,bold,-2.29,0.554,9,0.9021727442741394,train,-2.2895486,-1.5021968,-1.5911064,-0.5403353,-1.1782535,0.4469002,0.30190325
188.74317043136324,bold,-3.743,2.007,18,0.8983871936798096,train,-3.7427654,-3.21952,-2.387035,-0.13375291,0.116592124,-0.12256634,0.72568375
141.11973165759977,bold,-2.257,0.522,14,0.8547415137290955,train,-2.2571135,-1.7937067,-1.3440475,-0.5279431,-1.3421204,0.32032707,0.57338786
119.63198708836275,bold,-4.886,3.151,11,0.9314450025558472,train,-4.885929,-4.2622786,-3.356801,-0.7692484,2.4586344,-0.59445536,0.84535503
80.52823531931634,bold,-4.631,2.896,8,0.9501272439956665,train,-4.631102,-3.0400903,-3.502606,0.17025822,0.36517537,-1.0582757,0.84093857
158.66109471882086,bold,-4.508,2.772,15,0.9055280685424805,train,-4.507748,-2.7844555,-0.6506053,0.17989463,1.2135688,-0.7899298,0.59350926
75.89318328328176,bold,-4.606,2.871,7,0.8968625068664551,val,-4.606157,-4.3169327,-3.1103299,0.65367407,0.79979724,-0.35823768,0.99700123
195.3112483828715,bold,-3.441,1.705,19,0.8648956418037415,val,-3.4406571,-2.9101527,-1.8784311,-0.3088618,-0.60813653,-1.052209,0.7275333
223.2819432757701,bold,-4.812,3.077,22,0.8792689442634583,val,-4.812258,-3.5910826,-3.2340722,-0.69143033,-0.15643203,-1.3552341,0.8311188
67.07777452939426,bold,-2.144,0.409,6,0.8610129952430725,val,-2.144056,-2.6205876,-2.3654265,0.240744,1.5620259,0.09313964,0.59387666
125.6747425596642,bold,-4.485,2.75,12,0.8819901943206787,val,-4.4851847,-2.0895312,-1.9966917,-0.05176641,-0.21363264,-0.65303445,0.8070687
34.6737033440134,bold,-3.882,2.147,3,0.8054336905479431,val,-3.8820133,-3.3256552,-4.4094367,-0.75096303,0.26040447,1.5790111,0.7748802
240.3772608621878,bold,-4.78,3.045,24,0.8832740783691406,train,-4.7803698,-4.234386,-4.3301516,-0.7192874,0.07763017,-1.1980202,0.94806826
118.5574430212234,bold,-3.597,1.862,11,0.9055105447769165,train,-3.5974264,-2.2486186,-1.6031722,0.9545968,0.38713688,-1.0010904,0.4130808
122.85491636696091,bold,-2.575,0.84,12,0.9181434512138367,train,-2.5749035,-1.3415443,-0.8285086,-0.012702525,0.31928715,-0.38440764,0.5579662
161.02952889346182,faint,-1.601,-0.134,16,0.9686257839202881,train,-1.6009737,-1.1184913,-0.6858413,-0.09960241,0.48032844,-0.80225927,1.0377421
154.48048203070573,bold,-3.505,1.769,15,0.8669940829277039,unused,-3.5047047,-3.1663823,-2.8790362,1.5106177,1.5889218,-0.59965193,0.9686695
40.61642115431995,bold,-2.466,0.731,4,0.8668050765991211,unused,-2.4664817,-3.2138968,-3.2795238,0.22754525,0.108202346,-0.18642484,0.81096494
145.786255909131,faint,-1.533,-0.202,14,0.8613744378089905,unused,-1.5334151,-1.5066715,-1.9159946,0.18814152,0.6480278,-0.6522119,0.6165775
148.1780677773999,bold,-2.647,0.912,14,0.9005544781684875,unused,-2.6470003,-2.2833035,-3.0026627,-1.1904322,0.63175476,-0.0030186102,0.6734972
424.5802250860638,bold,-4.522,2.787,42,0.9130134582519531,unused,-4.5219736,-2.9090238,-2.548183,-0.15491042,-0.2558366,-0.12953056,0.8306408
110.09433485942616,faint,-0.791,-0.944,11,0.8456998467445374,unused,-0.79149896,-1.1509258,-1.0310687,-0.89951426,-0.2514833,-0.9425564,0.81629956
106.03580097651381,bold,-3.744,2.008,10,0.8425470590591431,unused,-3.7437072,-1.840759,-1.2660637,0.75662863,1.0756067,-0.8524803,1.1674397
61.28406344875803,faint,0.159,-1.894,6,0.34509825706481934,unused,0.15868285,-0.41434884,-0.10205139,-0.6062605,-0.68313,1.2981385,0.856349
202.21846292553676,bold,-3.441,1.705,20,0.9172928333282471,unused,-3.4406915,-3.4402227,-1.7422915,-0.16712406,0.6584808,-0.9485404,1.0204378
67.18553874580697,bold,-2.917,1.182,6,0.8793871402740479,train,-2.9172068,-2.078381,-1.4948328,0.36239523,0.28184795,0.025841704,0.54982024
95.85872878578964,bold,-4.719,2.984,9,0.9149693250656128,train,-4.7190304,-3.0860593,-3.4034898,0.5856168,2.1215363,-0.14229015,0.8516005
175.66270297759888,bold,-3.691,1.956,17,0.8821105360984802,train,-3.6910863,-3.4243379,-2.2937071,0.27536896,0.8831509,-0.34752664,0.63284194
113.83270282991825,bold,-2.482,0.746,11,0.8865192532539368,train,-2.4818873,-1.7249191,-2.1204684,0.021240305,0.555179,0.621383,0.59833133
85.6891629096246,bold,-4.658,2.923,8,0.9018491506576538,train,-4.6581593,-2.013467,-1.0806773,0.34484068,0.32872546,-0.89399314,0.5874193
212.43859903646242,bold,-5.156,3.421,21,0.9051253199577332,val,-5.15597,-3.2441988,-2.6924427,1.0531393,0.5601627,-1.4348007,0.74550915
34.204178456901154,faint,-1.408,-0.328,3,0.8608679175376892,val,-1.4075173,-2.2272658,-2.0090704,-0.05165569,2.4933774,0.3621942,0.7868095
77.89771079378315,faint,-1.448,-0.288,7,0.8816489577293396,train,-1.4475168,-1.5032791,-1.8723607,0.5236491,-0.4961547,-0.056243848,0.68891466
122.76452189910329,faint,-1.143,-0.593,12,0.8324264287948608,train,-1.1428068,-1.0932947,-1.3759708,-0.67168295,-0.6755441,0.5776255,0.6300566
82.37807227300586,faint,-1.0,-0.736,8,0.8887692093849182,val,-0.9997244,-1.0901127,-0.9741802,-1.0507122,-2.1443286,0.7206042,0.6826714
61.74442579521197,faint,-0.823,-0.913,6,0.8503850102424622,train,-0.82278365,-1.1230118,-0.97638816,0.5118215,-0.58590645,-0.14305401,0.61472285
65.02058866767871,bold,-4.294,2.559,6,0.8395550847053528,train,-4.2940483,-3.857183,-3.7556145,0.840573,1.4277222,-1.3330059,0.7379829
109.94589410211564,bold,-5.593,3.858,10,0.8924485445022583,test,-5.593494,-2.2067149,-2.3530931,-0.89149123,1.1358739,-1.2810527,0.7695162
113.75348733454982,faint,0.033,-1.768,11,0.9671851396560669,train,0.033083756,-0.6007338,0.29089725,-1.2261901,-0.5834306,0.018401125,0.63786525
261.67609353535465,bold,-6.786,5.051,26,0.9183887839317322,train,-6.786174,-3.591681,-2.9666195,3.4889393,1.9876668,-2.9673061,0.90018106
59.679915810671694,bold,-7.359,5.623,5,0.843608558177948,train,-7.358737,-5.0949936,-8.853943,-0.891097,2.433885,1.3653086,0.92446625
50.609758832303925,faint,-0.805,-0.931,5,0.7035796642303467,unused,-0.80452424,-1.446726,-1.587767,-1.1539735,-0.4233477,0.49741876,0.6112366
151.1991451919369,bold,-9.49,7.754,15,0.8611869215965271,unused,-9.489782,-8.633482,-7.5866566,2.9170337,3.4267735,-2.1985137,0.9233838
122.20995436622857,bold,-2.023,0.287,12,0.9117267727851868,train,-2.0226355,-0.40780157,-0.51557684,0.3042606,1.017297,-0.9657185,0.44808024
124.73845500680352,bold,-4.424,2.689,12,0.9233604073524475,train,-4.42438,-2.762855,-2.7142024,0.5191185,-0.50904816,-0.5917714,0.7071167
70.10351135729118,bold,-2.955,1.22,7,0.8524473309516907,train,-2.9553292,-2.439204,-2.5968025,-0.5152802,0.7259564,0.36372584,0.70110416
73.62548579177675,bold,-5.478,3.743,7,0.7184760570526123,unused,-5.4780674,-3.2764928,-2.277386,0.13289778,0.13857232,-0.9267706,0.9599399
32.10460009041799,faint,-1.096,-0.64,3,0.7755800485610962,unused,-1.0956601,-2.1034021,-3.6664069,-0.383392,0.93071544,0.90576965,0.31680927
41.51346980103589,faint,-0.659,-1.077,4,0.19214627146720886,unused,-0.65856147,-1.0980566,-2.28339,-0.81488276,2.0917492,0.6638702,0.9989273
65.80607123409365,faint,-1.103,-0.632,6,0.07832275331020355,unused,-1.1033913,-0.91583693,-1.655371,-0.8309885,1.2824095,-0.14302152,0.9642477
70.65541676924295,faint,-1.641,-0.094,7,0.8353578448295593,unused,-1.641205,-1.6781596,-2.5524392,-0.69519615,0.561687,0.19674788,0.5438236
166.84805163944995,bold,-4.628,2.892,16,0.9230358004570007,train,-4.6277423,-3.6650345,-2.8937402,1.0783803,3.0381606,-1.007319,0.5813657
65.68230538550027,bold,-3.059,1.324,6,0.8769754767417908,train,-3.058969,-2.2986248,-3.9281757,-0.4477361,0.7917073,0.76349735,0.41451332
68.9650063339559,bold,-4.457,2.722,6,0.8566833138465881,train,-4.4571905,-4.1421638,-3.717845,0.60800767,0.5992428,-1.0809771,0.73459554
57.690042661361566,bold,-3.183,1.448,5,0.7320358753204346,unused,-3.183093,-2.9235833,-3.669197,-0.14294504,0.55229896,-0.23019445,0.50043565
191.42462279742458,bold,-2.635,0.899,19,0.9004994034767151,train,-2.6348245,-1.4944081,-1.4407917,-0.268779,-0.012253249,-0.980263,0.39570665
136.74726887746766,bold,-6.372,4.637,13,0.8695386052131653,train,-6.372496,-4.0127983,-2.5228045,1.266931,0.5245963,-1.1337012,0.63385147
49.27641743990066,faint,-1.314,-0.421,4,0.7940099239349365,train,-1.3138915,-0.45855454,-2.75395,-0.8965033,0.04561597,-0.07829348,0.5643404
52.3011176876803,bold,-6.39,4.655,5,0.7860870957374573,train,-6.390103,-3.9140465,-1.4835618,1.0195526,1.1505291,-1.3672656,0.64251226
109.43249599220015,bold,-3.125,1.389,10,0.9609286785125732,train,-3.124576,-1.9536343,-1.5295227,0.20949417,1.0745364,-1.3212023,0.7850071
127.04798645647708,bold,-2.346,0.61,12,0.8700790405273438,train,-2.3457851,-0.3915419,-0.3025439,0.07068214,-0.12695773,-2.4944701,0.44383064
171.0394625071086,bold,-2.161,0.426,17,0.9618788361549377,train,-2.161064,-1.432528,-1.6053013,-0.54381186,0.4003847,-1.3307995,0.9304311
74.07066345006828,bold,-2.478,0.742,7,0.8826119899749756,train,-2.4776237,-1.5106715,-1.4690232,-1.1508185,-1.1942087,0.51703185,0.9764791
88.033156265113,faint,-1.671,-0.065,8,0.9335139989852905,train,-1.670516,0.027659178,-0.259308,-0.7551243,0.36747217,-1.2860148,1.0199368
67.06348915359294,faint,-0.463,-1.272,6,0.9574344754219055,train,-0.46293443,-0.4879359,0.3294263,-0.40421012,3.372665,-2.4817872,0.68092227
228.91535661449782,bold,-3.322,1.586,22,0.9353117942810059,train,-3.3218,-1.1602445,-0.9943713,0.2810831,0.9985323,-0.41536695,0.6062212
381.2796829300894,faint,-1.616,-0.119,38,0.8924700021743774,unused,-1.6163547,-1.3517587,-0.4666615,-0.46073908,-0.15608798,-2.4620557,0.6700132
334.20275301599276,bold,-2.513,0.777,33,0.8415549993515015,unused,-2.5127294,-2.0830126,-1.5734661,-0.30243027,-0.33165658,-0.20265439,0.5382861
85.52325884796663,bold,-4.224,2.488,8,0.808718204498291,unused,-4.2237024,-2.7290096,-3.0070257,0.23897266,1.0911595,-0.2075735,0.44738185
228.83447593348845,bold,-10.947,9.211,22,0.8760976195335388,train,-10.946768,-4.872087,-4.5113335,4.172144,1.6618278,-6.3733587,0.7297114
306.72340439955906,bold,-5.577,3.842,30,0.8672081232070923,train,-5.577222,-2.7400484,-2.7853284,1.9112196,0.962964,-2.2929468,0.5270695
70.71621672886437,bold,-4.114,2.379,7,0.878984272480011,train,-4.1141768,-3.9367914,-4.9056883,0.49783182,1.3313239,0.8459403,0.8214729
169.9043898131156,bold,-4.618,2.883,16,0.8546358942985535,train,-4.6182632,-2.2198827,-2.2931547,0.75434375,-0.09832408,-1.5818212,0.56816447
117.9537397974853,faint,-1.501,-0.234,11,0.8878923058509827,unused,-1.5012616,-1.2121218,-1.2057126,0.85618967,0.682689,-0.40680063,0.48915148
61.68902143010128,bold,-2.971,1.236,6,0.7976682782173157,unused,-2.971267,-3.793879,-4.796467,2.6503808,5.0991445,-1.5624785,0.7081976
310.51721658741224,bold,-3.655,1.92,31,0.8336008787155151,unused,-3.6552825,-2.4614742,-2.9035463,0.9219606,0.67550206,-1.0892009,0.43535623
263.10110823180776,bold,-5.665,3.93,26,0.8101844191551208,val,-5.665045,-3.4527812,-3.3455,1.4390864,0.84929216,-0.8077537,0.6782714
63.0646198292978,bold,-5.391,3.656,6,0.8263581395149231,val,-5.391491,-4.194356,-6.1334286,0.5202907,2.4741426,0.12155937,0.7906182
163.1060597710429,bold,-6.913,5.178,16,0.8036766052246094,val,-6.9134846,-4.3784695,-3.0936913,1.3322297,1.0321285,-2.018391,0.5588373
103.6842421022453,bold,-2.888,1.153,10,0.613004744052887,unused,-2.8882627,-1.979214,-1.1613202,1.4221222,0.8533655,-2.003413,0.38803685
363.7212762664391,bold,-5.374,3.639,36,0.8186532855033875,train,-5.3744736,-3.022924,-2.1052184,1.3650107,0.838469,-1.7595845,0.5069107
68.7749742473609,bold,-2.975,1.239,6,0.8423982262611389,unused,-2.9747186,-1.7826378,-1.4817107,0.96478695,0.44812864,-1.4378942,0.38200295
97.10666548193083,bold,-5.933,4.197,9,0.8658255338668823,unused,-5.932628,-5.4575453,-5.4927077,3.0976229,4.2726574,-0.69574213,0.6668847
99.76331449033306,bold,-10.397,8.662,9,0.9184724688529968,unused,-10.396984,-5.0650215,-4.875706,2.4156544,3.370141,-1.6085545,0.7048621
57.418060504043794,bold,-3.553,1.818,5,0.13650751113891602,unused,-3.5532074,-0.42840114,-0.46866333,0.9016308,2.9324386,-1.095035,0.38480645
238.0313594968166,bold,-7.168,5.433,23,0.8964694142341614,val,-7.1683874,-4.015856,-4.6360984,1.4007381,0.7642125,-1.4157913,0.6494505
251.2199256334577,bold,-4.545,2.81,25,0.9263880252838135,train,-4.5450244,-4.4299088,-2.947529,0.26634145,0.74583113,-0.7573099,0.8481279
231.5264555345242,bold,-4.801,3.065,23,0.9105594158172607,train,-4.8007298,-2.9815507,-3.146048,-0.17776789,0.23726422,-0.25429532,0.6766085
63.98224564740019,bold,-4.045,2.31,6,0.8232720494270325,train,-4.045039,-1.6840936,-1.902233,-0.23598166,0.8846829,-1.1675216,0.61069876
73.18803531407069,bold,-1.911,0.175,7,0.8614920973777771,train,-1.9106584,-1.322879,-2.1624155,0.11329445,0.23665613,-0.2771897,0.44892323
188.979599064544,faint,-1.72,-0.015,18,0.7627081274986267,val,-1.7204375,-2.2193928,-1.1957852,-0.17463258,-0.007857207,-0.03186367,0.68551284
451.8259275638082,bold,-2.901,1.166,45,0.8746622800827026,train,-2.9009402,-2.1863675,-1.9698849,-0.14247328,0.9157971,-1.3281478,0.7041952
229.6149423111782,faint,-1.189,-0.547,22,0.8911439776420593,train,-1.18855,-1.2627056,-1.8970325,-0.21060714,1.0815032,0.64489925,0.6391412
77.90223908973842,faint,-0.843,-0.893,7,0.7859306931495667,val,-0.8426864,-0.5774385,-2.0976646,-0.6932662,1.4045485,0.42549074,0.84646
76.51998269692434,bold,-3.707,1.971,7,0.9297986030578613,train,-3.706698,-1.7870657,-2.0088878,0.40944803,0.24535267,0.48129666,0.7205927
303.4977502871007,bold,-3.363,1.627,30,0.8904522657394409,train,-3.3625927,-3.0172124,-3.2119126,0.8182659,1.5124454,-0.019746168,0.46563336
155.01619939645713,bold,-2.145,0.409,15,0.9187332391738892,train,-2.1445959,-2.0072381,-1.969179,0.84848,1.6304591,-1.1565715,0.32698515
65.20605695528893,bold,-2.652,0.917,6,0.8936253786087036,train,-2.6521342,-3.362074,-3.2362552,-0.1262025,2.1013606,0.37887672,0.73719496
60.53310055642625,faint,-0.428,-1.307,6,0.8222230672836304,train,-0.4283917,-0.9105528,-1.6408901,-0.32576817,1.1210009,0.59708047,0.43297285
87.11124247315101,bold,-5.223,3.488,8,0.8937058448791504,train,-5.222933,-4.9395275,-5.7108126,0.40588444,3.0699644,-0.035337985,0.9262558
133.092267666223,bold,-3.443,1.708,13,0.8951043486595154,train,-3.4430313,-1.9261742,-2.6669848,0.19159146,1.4523028,-1.3111445,0.40637732
239.46839785887843,bold,-2.485,0.75,23,0.8774592876434326,train,-2.4851346,-1.8382044,-2.2665858,0.32101768,0.04986612,-0.86901206,0.42226434
117.31023114018109,bold,-2.817,1.081,11,0.906378448009491,train,-2.8165953,-2.1310685,-2.281971,0.90452844,2.607601,-0.9287148,0.55352783
195.0680427056574,bold,-2.73,0.994,19,0.8812077045440674,train,-2.7297547,-1.9563918,-2.7561712,0.21829827,2.3660905,-0.37613514,0.5589892
83.92606386897161,faint,-1.716,-0.02,8,0.7201811671257019,train,-1.7158428,-1.7651277,-1.3970492,0.008490935,1.1642554,0.12160567,0.42141974
151.1826107781692,bold,-2.352,0.617,15,0.8072913289070129,train,-2.3519428,-1.4346504,-2.6682522,-0.08156153,2.8692288,0.20154767,0.4803741
43.3628645020688,faint,-1.414,-0.321,4,0.8401070237159729,train,-1.4140897,-1.4259512,-4.5617266,-0.48934567,0.6369515,1.1490195,0.7983792
137.59063799855224,bold,-2.31,0.575,13,0.8734415769577026,val,-2.3101215,-2.0824137,-2.3678317,0.33472255,-0.08823787,0.24017932,0.46924835
118.86195240334487,bold,-2.701,0.965,11,0.9146497845649719,train,-2.7007227,-1.0790294,-0.672582,-0.033346005,-0.6188165,-0.9338821,0.34247553
84.7566083164624,bold,-1.737,0.001,8,0.9102749228477478,unused,-1.7365792,-1.6361562,-1.2666467,-0.58347714,-0.34184474,-0.33412266,0.36158824
473.98813572234087,bold,-3.63,1.894,47,0.8639366030693054,unused,-3.6297135,-1.5985261,-1.6622999,0.8707815,0.13829605,-0.84464175,0.35865325
68.30561099322229,faint,-1.39,-0.345,6,0.8723356127738953,val,-1.3900971,-1.4462876,-1.7558866,-0.04522123,-0.35378584,0.4749635,0.5093244
197.17446796516083,faint,-0.649,-1.086,19,0.854671061038971,val,-0.6489646,-0.6789906,0.05150151,-0.14505282,0.35989642,0.06749723,0.3478726
101.58828795339028,bold,-4.475,2.739,10,0.8327288627624512,val,-4.4747796,-2.1293557,-2.7660155,0.8724823,1.8173504,-0.38420576,0.55643344
256.52530103859976,bold,-4.065,2.329,25,0.871924877166748,val,-4.0647507,-1.920142,-1.9031979,1.0654259,0.78296095,-2.1383967,0.5277368
117.62415820057502,bold,-4.874,3.139,11,0.8537196516990662,val,-4.874244,-3.3040016,-4.0535736,1.784123,1.4368647,-1.4390969,0.6341897
89.54122106681913,bold,-2.455,0.72,8,0.8622299432754517,val,-2.4552674,-1.3607851,-1.5573825,0.35625187,0.52071995,-0.96757364,0.49694884
77.73694681556618,bold,-4.286,2.551,7,0.8764450550079346,val,-4.286405,-3.830174,-3.4973595,0.8021489,0.9399558,-0.43475568,0.52049613
179.43340500639206,bold,-6.137,4.402,17,0.9126233458518982,train,-6.137303,-2.5562727,-2.656166,-0.08540158,1.5412182,-1.3295922,0.5715151
151.43212767929845,bold,-2.767,1.032,15,0.8797378540039062,val,-2.766947,-0.946911,-1.0621063,-0.73692983,2.6036131,-1.4416187,0.53129995
121.73635637531814,faint,-1.026,-0.709,12,0.7602917551994324,val,-1.0262856,-0.39092675,-0.3874107,0.25670916,0.690403,-0.9121846,0.30708438
385.9550289074678,bold,-2.559,0.823,38,0.9361389875411987,train,-2.5586762,-2.2035353,-2.6802871,-0.5437698,1.4118028,-0.109748214,0.66791606
216.65331369528522,bold,-3.117,1.382,21,0.9340403079986572,train,-3.117408,-2.9114661,-2.6176205,-0.13616191,0.2748505,0.00064705376,0.5940561
131.99243692570218,bold,-5.135,3.399,13,0.924359142780304,train,-5.1348324,-4.6655045,-5.5239854,0.1367791,1.8769219,-0.37176722,0.8704288
325.46042116996887,bold,-4.111,2.375,32,0.8984954357147217,train,-4.1108227,-2.5612905,-2.2894154,-0.34990785,0.5076344,-0.39957082,0.752736
304.1902084286503,bold,-3.62,1.884,30,0.9392896890640259,train,-3.6195698,-3.697616,-3.2404327,-0.1057037,0.5272546,0.0047543896,0.95841
252.3626339507154,bold,-2.41,0.674,25,0.9366418719291687,train,-2.409808,-1.1276548,-1.0062109,-0.011666309,0.4358527,-0.4603357,0.51974845
147.37532016669581,bold,-3.723,1.988,14,0.9185854196548462,train,-3.7230916,-1.690228,-1.3395438,-1.6620362,-0.028097007,-0.8989124,0.8792968
164.1290919542678,bold,-7.617,5.881,16,0.9242330193519592,train,-7.616849,-4.6287403,-4.4994807,0.5854977,1.0262372,-0.37140784,0.83281296
169.90301504670907,bold,-3.648,1.913,16,0.9422379732131958,train,-3.647921,-1.4095613,-1.0782855,1.0333649,1.387589,-1.227647,0.5290103
77.31590679548398,bold,-1.998,0.262,7,0.9151768684387207,train,-1.9976615,-2.0829988,-2.312503,-0.16599783,0.32698667,1.0069374,0.57573456
41.035048307885226,bold,-3.388,1.652,4,0.952194094657898,train,-3.3877578,-4.02039,-4.957511,0.93720067,1.4890783,-0.47065607,0.62056136
127.36630423939046,bold,-3.3,1.565,12,0.9152341485023499,train,-3.3001728,-2.1446767,-1.382588,0.51259077,-0.013720418,-0.20113647,0.5234191
276.2190284461878,bold,-2.596,0.861,27,0.9060554504394531,train,-2.5962424,-3.055763,-2.7844756,-0.28252015,0.2345504,-0.19906019,0.49413046
106.19702696399318,bold,-3.961,2.226,10,0.9039274454116821,train,-3.961452,-2.7604077,-3.3944225,0.33039716,1.0055536,-0.56532407,0.615729
83.1491133986255,faint,-1.051,-0.684,8,0.8879889249801636,train,-1.0511467,-0.8409021,-1.1166869,-0.37641844,0.18930238,-0.27607948,0.48820433
43.25971365513441,bold,-3.767,2.031,4,0.8361524343490601,train,-3.766542,-2.5320659,-4.0746202,0.032914978,0.53881407,0.4118799,0.43862975
89.79010581585136,faint,-0.557,-1.178,8,0.8757601380348206,val,-0.5572202,-0.65130067,-0.8115376,-0.19580951,0.13753185,0.54392684,0.35057867
95.69773761159365,faint,-1.193,-0.542,9,0.8580342531204224,val,-1.1932287,-0.27556393,-1.2970508,-0.57321936,-0.10290308,-0.5028043,0.23116201
130.25982408282167,bold,-2.046,0.311,13,0.8750307559967041,train,-2.046469,-1.8831707,-1.7215794,0.5073294,1.3399292,-1.499193,0.34875247
141.09471868820202,bold,-4.779,3.044,14,0.8727208971977234,train,-4.7789106,-5.3082166,-6.0753994,-0.19328266,2.1849902,0.004499473,1.0356388
66.19002545838072,bold,-1.966,0.231,6,0.8175085186958313,unused,-1.9660487,-1.6945062,-1.5578547,-0.78402483,3.368002,0.2828341,0.47023582
347.7501975684067,bold,-7.796,6.061,34,0.9159143567085266,train,-7.795948,-5.3932123,-6.22888,0.31606257,1.5622525,-0.26661128,0.9460087
51.8048205768837,bold,-5.417,3.681,5,0.834825873374939,train,-5.416528,-4.1623306,-3.7369423,0.3251375,4.1587524,-1.7414249,0.7976927
122.02044730795619,bold,-6.59,4.854,12,0.893044650554657,train,-6.589625,-5.3920155,-5.414153,0.5668808,2.2890146,-0.40336674,0.80760074
120.97245017117957,faint,-0.996,-0.739,12,0.84515380859375,train,-0.99632406,-1.0805764,-0.9874835,0.1372941,-0.05407221,-0.47841504,0.5127599
70.19203796608407,faint,-0.143,-1.592,7,0.8615466952323914,train,-0.14329374,-0.7032617,-0.78344357,-0.10309155,-0.45863342,-0.44891635,0.3625005
286.0935382830782,bold,-2.775,1.039,28,0.9075217843055725,train,-2.774538,-2.552106,-2.4262042,0.2571292,0.40925127,-0.72742176,0.47463003
565.8363844460007,bold,-3.108,1.373,56,0.825110912322998,train,-3.108347,-2.4580622,-2.2996573,0.059774276,0.23623206,-0.013862401,0.6211214
211.12957974663797,faint,-1.39,-0.345,21,0.8447616696357727,unused,-1.3900995,-2.1242309,-2.265563,-0.31296256,-0.2526619,-0.16115923,0.6168419
44.38691818623822,bold,-2.153,0.417,4,0.7803162336349487,unused,-2.15271,-1.7093562,-2.4611049,0.20397557,-0.30050793,-1.8263667,0.5381511
112.78917064336639,bold,-2.301,0.566,11,0.8397762179374695,train,-2.30112,-3.0824974,-2.4145653,0.05312897,0.7703275,0.010337745,0.5883013
129.89071651302808,bold,-2.566,0.83,12,0.832511305809021,train,-2.5655363,-2.4631348,-2.4937415,0.14739935,0.29035026,-0.35804597,0.5269796
129.15810113442737,bold,-1.777,0.041,12,0.8783355355262756,train,-1.776829,-1.5909367,-1.883745,0.12750854,0.96540505,-0.4045223,0.42473927
51.85681535110622,bold,-5.102,3.367,5,0.8144327998161316,val,-5.102056,-3.2167678,-4.9391947,-0.09643041,1.8386124,-0.063737035,0.7335534
509.00004520155403,bold,-3.789,2.054,50,0.8591417074203491,train,-3.7890973,-2.6986742,-3.0727882,0.7084949,1.9198895,-0.513407,0.59118974
42.81061496485012,bold,-7.449,5.713,4,0.8557003736495972,train,-7.448598,-2.6778872,-2.508963,3.6588998,2.9066367,-7.058462,0.67440975
29.364195643808394,bold,-6.169,4.434,2,0.7518179416656494,train,-6.169126,-4.8964314,-4.9137807,2.6897116,3.81996,-2.7866137,0.95529747
94.59416444265531,bold,-4.178,2.442,9,0.7975829243659973,train,-4.1775312,-2.9785953,-4.370932,0.7719773,4.454831,-0.25364688,0.7256972
248.27336768876305,bold,-8.7,6.964,24,0.9257931709289551,train,-8.699697,-4.5180435,-4.000048,1.6126163,1.7058645,-0.8180077,0.8802719
66.62263809400412,faint,-1.72,-0.015,6,0.8652654886245728,unused,-1.7203476,-0.68886656,-1.0869343,0.9825125,-0.14625195,-0.7266699,0.46790484
83.75147958847944,faint,-1.477,-0.258,8,0.8739691972732544,unused,-1.4773381,-1.917286,-1.916014,1.0263808,0.21705799,-0.8876455,0.5623654
357.1237448902903,bold,-3.771,2.036,35,0.902543842792511,test,-3.7712076,-2.7109318,-2.800533,0.58726037,0.96274215,0.32403246,0.7379614
172.65718076882035,faint,-0.857,-0.878,17,0.8866869807243347,test,-0.8571146,-0.30236712,-0.33900458,-1.4304764,-1.1692156,-0.50571454,0.74719906
100.40013024848352,bold,-3.866,2.131,10,0.8607617616653442,train,-3.866317,-1.7196016,-1.8223544,1.4898392,1.0617347,-1.443732,0.6353211
67.81062338109132,faint,-0.676,-1.059,6,0.8903777599334717,train,-0.6759598,-0.092925705,-0.039515387,-0.23631571,-0.49236283,0.060755268,0.28560144
251.04595211875545,bold,-2.439,0.704,25,0.9375324249267578,train,-2.4389925,-1.3799926,-1.9672955,-0.05709516,-0.46042508,-0.14202303,0.57373834
132.95221968107177,bold,-7.422,5.687,13,0.9062533974647522,train,-7.421941,-3.1910782,-5.6080866,1.2663137,3.638882,-2.6039891,1.0081124
105.30056752729976,bold,-3.848,2.112,10,0.8655179142951965,train,-3.8475385,-1.5815699,-1.5431067,1.0372295,4.59282,-1.5502093,0.8934525
58.6603224311287,faint,-0.882,-0.854,5,0.9212719798088074,train,-0.88171697,-0.3349845,0.9970549,0.22435582,3.1287787,-2.5118418,0.44856668
335.64994131903234,bold,-1.834,0.098,33,0.9356052279472351,train,-1.8335565,-0.23007199,-0.091871515,0.029126495,0.51411694,-2.4018254,0.614137
136.1346731304099,bold,-2.316,0.581,13,0.8630106449127197,train,-2.3159204,-1.4366084,-1.5085092,0.15079965,-0.47280917,-1.1598978,0.46790582
103.11996584180241,bold,-2.892,1.157,10,0.9191080927848816,train,-2.8919652,-1.0796483,-1.2652037,0.39307094,-2.4689121,-1.3452355,0.651163
128.85593451963769,bold,-2.666,0.931,12,0.8134408593177795,train,-2.6660204,-1.3681601,-0.7723862,-0.9632742,-2.7914274,-0.40558508,0.45265007
198.9184675574539,bold,-2.957,1.222,19,0.9382345676422119,train,-2.95741,-1.8536474,-1.360085,-0.09667796,0.07995157,-0.38937038,0.5413477
107.96617998199906,bold,-4.689,2.954,10,0.9000230431556702,train,-4.688961,-3.1318774,-2.5735931,0.39412495,0.81903434,-0.66820633,0.49908793
457.5540863921981,faint,-0.832,-0.903,45,0.930121898651123,train,-0.83243227,0.2697015,0.98671204,0.3078276,1.4949787,-1.5421085,0.12602097
59.97669781361094,bold,-3.084,1.348,5,0.8171623349189758,train,-3.0835342,-2.05049,-2.5178514,0.32384643,0.8593979,0.0027315314,0.4110626
143.34131218214068,bold,-3.638,1.902,14,0.8566468954086304,train,-3.6377795,-2.7482061,-2.5673666,1.0928388,1.6912036,-0.8328195,0.40181953
67.58913148454317,bold,-5.957,4.222,6,0.839221179485321,train,-5.9570847,-3.3148637,-3.7244487,0.9447483,1.6929947,-0.95460075,0.4642669
41.94687063913994,faint,-1.268,-0.467,4,0.8935946226119995,train,-1.268092,-2.0270438,-3.7184234,0.6744809,1.8472607,0.81527233,0.5351925
41.93603022022962,bold,-3.358,1.622,4,0.8639024496078491,train,-3.3578506,-3.1578417,-3.258849,0.20417207,2.9780765,0.24832548,0.42608017
109.4418195637366,bold,-4.437,2.701,10,0.8750324845314026,val,-4.436716,-5.4745665,-4.103799,1.186305,1.448425,-0.4233263,0.8120726
72.13313154225384,faint,-0.693,-1.043,7,0.9014728665351868,train,-0.6925644,0.4264022,-0.25907966,-0.25133052,2.900568,-0.90012205,0.35950926
44.08647602754079,bold,-2.116,0.381,4,0.819122314453125,train,-2.1164327,-1.0076346,-2.1622596,-1.3710854,0.7436407,0.3870564,0.76890707
334.68857346440507,bold,-2.252,0.517,33,0.9064940214157104,train,-2.2524009,-2.6333401,-2.6900733,-0.16911685,0.3091284,0.3440164,0.6450694
63.28258602704447,faint,-1.513,-0.223,6,0.8451442718505859,train,-1.5126488,-1.435185,-3.1756017,-1.0800079,1.4551653,-1.0048327,0.6663524
102.17352633360198,bold,-3.609,1.874,10,0.9008774757385254,train,-3.6093307,-2.450311,-4.2047734,-0.7365996,0.086072594,0.2473893,0.88497794
45.162726685871505,bold,-2.585,0.85,4,0.8658233880996704,train,-2.585083,-2.1131394,-2.5650346,-0.35110596,3.461752,0.29009414,0.40472692
63.37837635666977,faint,-1.197,-0.539,6,0.8214349150657654,train,-1.1965626,-1.4400451,-0.8322586,-0.57012683,-0.56456774,0.17885458,0.341773
101.60246362826013,bold,-3.657,1.921,10,0.9077155590057373,train,-3.656877,-1.0807276,-1.2885003,1.9169574,1.5459659,-1.8448024,0.4511534
107.79469253809768,faint,-1.534,-0.202,10,0.8862212300300598,train,-1.5336353,-2.1638217,-2.3338685,-0.077480204,0.40228152,0.48355758,0.7277726
59.95731930550936,faint,-0.499,-1.236,5,0.8175355195999146,train,-0.4992299,-1.2631844,-2.3181655,-0.21680918,-0.055554688,0.21336347,0.3569358
216.18318218710598,bold,-2.088,0.352,21,0.9197184443473816,train,-2.0877588,-2.3840353,-2.8704047,0.21367039,1.834392,0.50040185,0.62694174
233.72289812003714,bold,-3.567,1.832,23,0.8917637467384338,train,-3.5669372,-2.423906,-3.0068774,-0.10994606,1.361696,0.2047295,0.6110738
237.865921169729,bold,-2.364,0.628,23,0.888003408908844,train,-2.3635259,-1.9710635,-1.8048296,0.045991346,0.37187243,-0.44681355,0.4573877
355.59050416931143,bold,-3.62,1.884,35,0.9161295890808105,train,-3.6195123,-2.4205,-2.0776744,0.5777515,0.061288714,-0.57657444,0.7105067
110.01573690978822,bold,-8.614,6.879,11,0.8567231297492981,train,-8.613916,-3.4886143,-3.7303813,1.049074,2.5826614,-1.99334,0.8172573
107.80612053387745,bold,-5.385,3.649,10,0.9250224232673645,train,-5.384679,-2.8074172,-2.4109898,0.5868121,0.26438886,-0.5519282,0.918666
177.30273880733668,bold,-3.04,1.305,17,0.922895610332489,train,-3.039934,-1.9221386,-2.2337503,0.05023094,0.05283628,-2.4217982,0.74325675
156.99058866754444,bold,-2.48,0.745,15,0.934145987033844,train,-2.4800084,-2.2426298,-2.3502436,-1.3005317,-0.2547625,-0.4409028,0.8389947
248.10094223819686,bold,-3.172,1.437,24,0.9143879413604736,train,-3.1720967,-2.1710124,-1.0636945,0.31609386,0.7515871,-0.58211255,0.62885535
209.91733015519998,faint,-1.186,-0.55,20,0.9094794392585754,train,-1.1856484,-0.902927,-0.96912366,0.27083033,1.1227597,-0.3605463,0.45860088
59.309911493407775,bold,-3.169,1.433,5,0.8541258573532104,train,-3.168575,-2.0948498,-2.6813605,-0.061685324,1.7891928,0.82778984,0.6262792
139.97659231784317,bold,-1.996,0.261,13,0.877569854259491,train,-1.9959754,-2.430812,-3.0319471,0.0111913765,-0.22111164,-0.30596527,0.6087849
203.34461212477834,bold,-6.109,4.374,20,0.9233667850494385,train,-6.108963,-3.9195023,-3.974027,0.9945222,0.7737543,-0.26354834,0.88815284
60.87327781105719,bold,-2.026,0.291,6,0.8230627775192261,train,-2.0264158,-2.343542,-2.8479738,-0.038945936,0.70777243,0.14786172,0.592289
65.17360108133094,faint,-1.666,-0.069,6,0.8873881101608276,train,-1.6661831,-1.1160179,-3.3189042,-0.19050041,2.4416175,0.4546438,0.7569641
67.35515486815217,bold,-3.379,1.643,6,0.9170486927032471,train,-3.3788254,-4.07489,-5.8595533,0.34775332,1.8347324,0.177879,0.7854394
74.06245320888027,faint,-0.36,-1.375,7,0.74895840883255,train,-0.360404,0.028385038,0.09431376,-0.061213363,0.6802145,-0.069128424,0.27794945
213.7221339243905,faint,-0.496,-1.239,21,0.8527224659919739,train,-0.49607503,-0.2871745,-0.17436577,-0.20966417,-0.5831725,0.029674513,0.38271165
96.70642906654864,bold,-8.378,6.643,9,0.9227487444877625,train,-8.378029,-2.3301451,-1.9952995,3.6333287,4.1467233,-2.0980914,0.693442
190.39637711359865,bold,-2.32,0.584,19,0.9115244746208191,train,-2.3196664,-1.3177083,-1.0204414,0.33307427,1.3780929,-0.43144947,0.36178565
140.41737066200886,bold,-2.041,0.306,14,0.8528645634651184,train,-2.0413427,-3.439865,-3.713962,-0.31299478,1.2320962,-0.16872926,0.61376226
710.5094192744621,faint,-1.555,-0.181,71,0.862228274345398,test,-1.5545735,-1.2081698,-1.276691,-0.30083182,0.29351768,-0.30404723,0.51073945
77.18833625923189,bold,-3.481,1.746,7,0.8886289000511169,val,-3.4809134,-1.7739373,-2.0071704,0.49700788,-0.2709785,-1.171455,0.5839157
29.825774874195304,bold,-3.232,1.497,2,0.7364771366119385,val,-3.2322333,-1.7765372,-2.6577563,-1.3699752,1.6542399,-1.1515431,0.65595585
121.39921843673442,bold,-4.34,2.604,12,0.7103331685066223,val,-4.339814,-2.6555204,-2.7083473,0.47138184,1.8140686,-1.5307963,0.7910569
48.78785978346148,bold,-2.615,0.88,4,0.7402496337890625,test,-2.6151597,-1.9488478,-1.1509243,-0.37859577,0.009574594,-0.5798772,0.44030654
40.827678636160954,faint,-0.895,-0.84,4,0.6642398834228516,test,-0.89547694,-0.7437265,-0.9859549,-0.26950103,1.1589832,-0.18192054,0.579553
88.64032582432256,faint,-0.996,-0.739,8,0.900572657585144,train,-0.9959621,-1.0460811,-0.08935355,0.2573368,-0.35631698,-0.09908782,0.38112053
98.63957398422794,bold,-1.789,0.053,9,0.8821867108345032,test,-1.7887112,-1.2345757,-0.96859807,-0.1375633,-0.15196232,0.0482486,0.81938046
87.61865813194386,bold,-2.045,0.309,8,0.9100692868232727,train,-2.0446732,-1.8603113,-2.8584023,-0.4598773,0.8554882,-0.007880298,0.6049353
90.31927227351952,faint,-0.732,-1.004,9,0.9119623899459839,train,-0.73179555,-0.20823205,-0.41582987,-1.2830076,-0.21862444,-0.5737832,0.5933813
89.28722684735845,bold,-2.161,0.426,8,0.942513108253479,train,-2.1614814,-0.7343738,-0.8369638,-0.6266014,2.7330241,-2.379781,1.5809693
303.98077741256776,bold,-2.57,0.835,30,0.910980224609375,test,-2.5701222,-1.8687896,-2.3909163,0.33745047,0.030549001,-0.6799974,0.80081564
113.22291690460611,faint,-0.652,-1.084,11,0.9137451648712158,val,-0.6515621,-0.8515186,-0.3586588,-0.7761018,0.11971481,-0.73809344,0.48128533
46.49687756143503,faint,-0.893,-0.842,4,0.7158162593841553,train,-0.89290977,-1.874111,-2.4372432,-0.49645144,1.0729406,0.8934533,0.32342476
799.0578424612103,faint,-1.301,-0.434,79,0.951062023639679,unused,-1.3009717,-0.906944,-1.376918,-0.7727495,-0.1867338,0.5964116,0.64472294
324.90006238086113,faint,-1.173,-0.563,32,0.8823978900909424,unused,-1.1728345,-0.7436546,-1.1756129,-0.7371532,0.5077999,0.9342507,0.5491035
116.308938104256,bold,-4.855,3.119,11,0.9261115193367004,train,-4.854537,-2.6867151,-2.492984,1.6371208,1.1809243,-0.5383413,0.91116136
113.49231920400308,bold,-4.899,3.164,11,0.8794393539428711,train,-4.8992558,-2.5759993,-2.5934823,0.3383955,0.5586154,-0.0177439,0.94224954
746.675709689779,bold,-3.331,1.596,74,0.9091380834579468,train,-3.3313546,-3.6564493,-3.9239075,0.51445746,1.1710994,-0.21515764,0.7506571
39.10499679419198,faint,-0.665,-1.07,3,0.8778043389320374,train,-0.66500515,-1.1305017,-1.179443,0.050669897,0.057727303,0.35922036,0.7912293
114.21638104126221,faint,-1.16,-0.575,11,0.8833596110343933,train,-1.1601267,-1.5028992,-0.95672977,-0.087183185,0.18140186,-0.262224,0.41169563
96.32345932280111,bold,-4.921,3.186,9,0.8953975439071655,train,-4.921314,-3.2167492,-3.373935,-0.0905296,-0.34598857,0.06146177,0.6466846
86.47068749195458,bold,-8.185,6.449,8,0.9015610814094543,train,-8.184723,-5.117399,-3.27422,1.4434168,1.296063,-2.1959677,0.7606583
262.80017395978257,bold,-8.688,6.953,26,0.9395365118980408,train,-8.688268,-4.797438,-5.3293056,2.5285053,2.6142507,-2.7965426,0.71424776
55.39887786681394,bold,-2.501,0.766,5,0.8368989825248718,train,-2.5009189,-3.9441671,-6.299445,-0.17487389,0.7546319,0.4474905,0.86485493
34.19123477815289,faint,0.55,-2.285,3,0.7505916953086853,train,0.5500983,-0.49869263,-0.60382086,-1.1244977,-3.3289886,0.57203746,0.4621582
55.7208535484816,bold,-4.88,3.145,5,0.8957162499427795,train,-4.8803587,-3.2129714,-3.1395874,-2.1001182,-3.5113313,-0.69923174,0.42605132
114.81704259789639,bold,-7.357,5.621,11,0.9075344204902649,train,-7.3565454,-6.8115654,-6.814407,-0.1956151,1.3135219,0.55855405,0.9492144
178.11142463426455,bold,-7.91,6.174,17,0.9090704321861267,train,-7.9096537,-3.613859,-3.4031126,0.5310278,0.3450229,-2.585164,0.7156067
66.92488344915247,bold,-8.767,7.032,6,0.9308595657348633,train,-8.767334,-6.4880733,-7.2580366,-0.50259924,0.32352763,0.6615211,0.88540196
25.21985542275248,faint,-0.717,-1.018,2,0.8789983987808228,train,-0.71727955,0.21378994,-0.6631556,-0.9434993,0.02873309,-0.6826098,0.6048503
51.38521167919757,faint,-1.153,-0.583,5,0.8849915862083435,train,-1.152751,-1.9457079,-2.8844733,-1.1213975,0.5358763,0.4184603,0.7739625
539.1928135911928,bold,-2.387,0.652,53,0.9500118494033813,train,-2.3874707,-2.776646,-3.3330233,-0.15470846,0.87199485,-0.23632136,0.657545
126.46076704069587,bold,-4.757,3.022,12,0.898196280002594,train,-4.7569942,-2.661456,-4.3946157,-0.48606575,1.800484,-0.37162352,0.9871559
80.94396552875718,bold,-6.379,4.644,8,0.8845570683479309,train,-6.3789616,-5.744581,-4.6789246,1.5990583,3.7712684,-1.5639055,1.0751424
56.67094333484741,faint,-0.658,-1.077,5,0.899937093257904,train,-0.65806854,-0.47321415,-0.64411724,-0.8274454,-0.06815528,0.28627214,0.48900744
47.50056917636021,bold,-2.339,0.603,4,0.8263477087020874,train,-2.338708,-1.2213091,-1.8973224,-0.79818463,0.62811345,0.019654632,0.74650794
230.8663227203821,faint,-1.714,-0.021,23,0.9226022958755493,train,-1.7143099,-1.4966471,-3.223119,-0.37646276,0.98765606,0.43462762,0.5331433
245.39895536079152,bold,-2.687,0.952,24,0.9341987371444702,train,-2.6869922,-2.1825657,-2.2019303,-0.24698198,1.1248934,-0.8140193,0.5652522
82.98940124355629,faint,-1.39,-0.345,8,0.9040862917900085,train,-1.3899553,-1.1809387,-1.6903442,-0.14854687,0.32890916,0.18866044,0.56884754
123.65146046887853,bold,-3.851,2.116,12,0.910495936870575,train,-3.8509178,-3.8149383,-3.3355503,1.3015399,1.0239656,-0.38109228,0.8007566
74.7076565347482,faint,-1.728,-0.007,7,0.9461552500724792,train,-1.727934,-1.1339988,-1.0090348,-0.45065972,2.3719163,-0.440154,0.6552239
198.32955650907928,faint,-0.35,-1.386,19,0.946773886680603,train,-0.3496054,-0.9233536,-0.982362,-1.4068967,-0.8838069,-0.34172738,0.55292374
42.03081397916287,bold,-2.251,0.516,4,0.8215562105178833,train,-2.2514112,-1.7551363,-3.1702652,-1.0894852,1.3435785,-0.061845757,0.5805807
165.15589122072922,bold,-5.74,4.004,16,0.9211829900741577,train,-5.7397103,-2.9593744,-2.5095525,1.4518547,1.3457431,-1.478993,0.6498155
49.20261670088754,bold,-2.258,0.523,4,0.9068036079406738,train,-2.2579668,-2.8676584,-2.7418504,0.28585768,0.64387226,-0.7761889,0.5753999
119.66024210471308,faint,-1.664,-0.072,11,0.8994425535202026,train,-1.6637836,-1.5330986,-0.6483023,-0.3364121,0.08240203,-0.17001234,1.025592
79.26600114814127,bold,-3.469,1.733,7,0.8615831136703491,train,-3.4686477,-2.6825004,-2.3946383,-0.23827195,-0.19628638,-0.031077398,0.90069056
398.75542098183183,bold,-3.196,1.461,39,0.9239099621772766,train,-3.1959152,-2.7510495,-2.8840418,0.024924774,0.21077959,-0.7172596,1.1518823
119.69126510355028,bold,-4.805,3.07,11,0.8815029859542847,train,-4.805072,-4.5412893,-3.477623,1.1288924,3.273427,-1.4606916,1.0197179
58.19744722175263,bold,-2.47,0.735,5,0.8684180378913879,train,-2.4702945,-1.8532332,-3.118099,-0.72838324,-0.12177052,0.79897004,1.0507246
199.7578322051573,bold,-4.544,2.808,19,0.9113262891769409,train,-4.5437512,-3.2809603,-2.5395193,-0.5707725,0.4598225,-0.6698772,0.658389
318.94406036960567,bold,-3.45,1.714,31,0.9094110131263733,train,-3.4497216,-2.4499886,-1.9898661,0.5266676,0.6129534,-0.78894013,0.91085464
120.08379962432306,bold,-4.089,2.354,12,0.8296348452568054,train,-4.0892963,-2.4357843,-2.0422492,-0.16711047,0.029115789,-0.5213169,0.82294124
72.53440067309919,faint,-1.699,-0.036,7,0.8901569843292236,unused,-1.6990981,-0.9370136,-0.7889011,-0.17569378,-1.1465385,0.51064205,0.69055057
101.25943552055907,bold,-2.301,0.566,10,0.9055271744728088,train,-2.301409,-1.7950375,-2.0579038,-0.060252637,0.0575874,-0.19107467,0.41936913
77.95840247622199,bold,-1.983,0.247,7,0.7982398271560669,unused,-1.9828795,-1.6986245,-1.5552783,-0.08190919,-0.558005,0.34984618,0.5542383
111.12990493499686,bold,-3.172,1.436,11,0.865842342376709,train,-3.1718416,-3.3774238,-2.6323748,0.4823889,-0.79201025,-0.16684885,1.1905882
244.57440081327843,bold,-2.722,0.987,24,0.8173102736473083,unused,-2.7223823,-2.2178426,-2.5919614,1.1355517,0.8468183,-0.62892616,0.49639717
56.15370593167161,faint,0.823,-2.559,5,0.3395434617996216,unused,0.82313937,0.17947283,-0.08864479,-0.58160603,-1.1710845,-0.3027029,0.16659236
237.9624644785524,bold,-2.753,1.018,23,0.8196617960929871,unused,-2.7529814,-2.4249752,-2.6021144,0.16746575,1.1527424,0.06731689,0.8632473
118.0816809223556,faint,-0.825,-0.911,11,0.7801700234413147,unused,-0.824586,-1.2870959,-1.3422366,-0.21494274,-0.15445116,-0.17896971,0.5598178
70.66007082739375,faint,-0.088,-1.648,7,0.8446723222732544,unused,-0.08765552,0.14290796,0.9284512,-0.748127,-1.0161282,-1.3372364,0.3916297
42.477939989404476,faint,-0.948,-0.788,4,0.860443651676178,unused,-0.9477165,-1.6884775,-1.255266,0.008114129,-0.50154114,0.6340901,0.5804828
335.64304032301254,faint,-1.169,-0.567,33,0.9208968281745911,unused,-1.1685176,-1.2039391,-0.8221905,-0.35383502,-0.754693,0.11383702,0.41675633
64.04580226485564,faint,0.53,-2.265,6,0.9201677441596985,train,0.52974325,-0.38641423,-0.7718643,-1.0027976,-1.9463882,0.7216883,0.3528724
50.38736737911945,faint,-0.593,-1.142,5,0.8526061177253723,train,-0.59291685,-0.69836456,-0.6655708,-1.2772883,-2.409385,0.62579083,0.47944272
32.2646826577493,bold,-2.525,0.79,3,0.7263339161872864,train,-2.5254354,-1.2950163,-0.07272059,0.4077231,0.88135856,-2.15621,0.94975376
202.58731911310932,bold,-2.317,0.582,20,0.7953194379806519,unused,-2.3169122,-2.537752,-2.5987618,-0.24823284,0.37444067,0.7689704,1.0433068
84.04784722839048,bold,-2.278,0.543,8,0.5243671536445618,unused,-2.2782912,-2.426816,-2.868307,-0.28992546,0.15636994,0.08991125,1.3169614
83.38753655414328,bold,-5.442,3.707,8,0.8359025120735168,val,-5.442458,-4.0531964,-3.3688693,-0.23820569,0.103973255,0.052689463,1.3675793
90.97380251536359,bold,-3.023,1.288,9,0.49661633372306824,val,-3.023029,-1.4971708,-1.6326144,-0.6642239,-0.22375369,-0.92328477,0.8027915
31.13656760934665,faint,-1.506,-0.229,3,0.7638484239578247,val,-1.5062511,-1.9561841,-1.0840548,-1.1383238,-0.32139817,0.5977266,1.1533308
94.91364963874707,bold,-2.398,0.663,9,0.7263573408126831,val,-2.3978975,-1.0482945,-1.5087295,-1.0177587,-0.04286716,-1.6922239,0.7963297
50.73654449107515,faint,-0.926,-0.809,5,0.8385244607925415,val,-0.9263841,-1.7474604,-1.4761457,-0.56619585,-0.111202344,0.66816425,0.8156575
107.1845204979041,bold,-6.392,4.657,10,0.8947253823280334,val,-6.3919697,-3.239028,-2.395173,0.90017235,1.4576123,-1.1418129,1.0442979
79.01697631812924,bold,-3.045,1.309,7,0.875335693359375,train,-3.0448627,-1.2211868,-2.9040086,-0.9552753,0.4933569,-0.35265127,1.034406
58.70465804908716,faint,-1.696,-0.04,5,0.905571460723877,train,-1.695689,-1.1516663,-1.798271,0.47848877,1.7333037,0.011799857,0.8400616
57.94329736950219,faint,-0.514,-1.222,5,0.9404210448265076,train,-0.5137876,-0.07369972,-0.29743746,-0.37378457,-0.10108768,0.023692658,0.4506508
271.5167376795016,bold,-5.847,4.112,27,0.9008949995040894,train,-5.847069,-4.2428737,-4.031384,0.8029805,0.9138813,-1.7394695,1.1378387
81.61756431714713,bold,-2.598,0.862,8,0.9003013968467712,train,-2.5977697,-2.35215,-1.8111855,-0.4792931,-0.46122766,0.36415467,0.944733
67.92687702533556,bold,-1.762,0.027,6,0.8924089074134827,train,-1.7620766,-1.2954512,0.0013514608,0.61167467,0.9019226,-2.935307,0.5974087
37.18648372066189,faint,-0.455,-1.281,3,0.8422883152961731,train,-0.45470944,-0.4585432,0.59305024,0.049436145,0.4110496,-3.4412615,0.61687684
310.0159302505329,faint,-0.795,-0.94,31,0.8715282678604126,train,-0.79505473,-0.8617768,-0.49096918,-0.32044777,0.10836651,0.29417926,0.4426334
88.34055315013994,faint,-0.417,-1.319,8,0.5730795860290527,unused,-0.41657835,0.5236823,-0.0010364205,-0.5080803,-0.0075571034,0.33516514,0.41711202
121.30250908662049,faint,-1.022,-0.714,12,0.8720102310180664,unused,-1.021531,-0.98644114,-1.0779101,0.12450615,-0.26987642,0.4386114,0.35327834
64.76742376264676,faint,-0.968,-0.768,6,0.9200814366340637,unused,-0.9676783,-0.4523586,-0.5562331,-0.5520916,0.17900461,0.22740304,0.47691905
30.943952542089797,faint,-0.109,-1.626,3,0.8368791341781616,train,-0.10948257,-0.4375241,-0.51187354,-0.58207566,-0.59156156,0.14931677,0.49584103
99.10603158839378,faint,-0.404,-1.331,9,0.8199173808097839,unused,-0.40420955,-0.3380843,-0.64653444,0.16341107,0.28972596,0.66277975,0.46308902
100.32412217443022,faint,0.044,-1.78,10,0.8079198002815247,unused,0.044435687,-0.19647886,-0.2613179,-0.29034168,-0.33192676,0.032322392,0.29479635
143.42560008924983,faint,-1.016,-0.719,14,0.8262609839439392,unused,-1.0161347,-1.0109782,-1.5477079,0.4226146,0.943781,0.46896464,0.89301026
149.8807591003693,faint,-1.168,-0.567,14,0.8501065969467163,unused,-1.1680427,-0.9592664,-1.0215163,0.15781969,1.3080757,-0.05838059,0.39239365
104.83133680446663,bold,-3.625,1.89,10,0.8316429257392883,unused,-3.6253014,-3.916049,-4.086049,0.012840182,0.9894843,0.23607469,0.6323768
131.97491525157392,bold,-2.532,0.796,13,0.6789557337760925,unused,-2.5316188,-3.6851633,-5.3931184,0.0036720515,1.4663237,0.69924355,0.83320165
69.39403999034411,faint,-0.789,-0.946,6,0.07337429374456406,unused,-0.78948486,-0.89588475,-1.1305624,-0.13796875,1.0154147,-0.16408813,0.26115486
26.78014637604298,faint,-0.867,-0.869,2,0.6117933988571167,unused,-0.86654603,-1.802323,-1.7442282,-0.3577733,0.5851686,0.21253476,0.39141494
132.74366217920817,faint,-0.706,-1.029,13,0.7843872308731079,unused,-0.7062303,-0.659788,-1.2019389,-0.51482666,-0.4036082,0.026005143,0.27286214
335.77869962905294,faint,-0.84,-0.895,33,0.7997607588768005,train,-0.8399808,-1.127322,-1.0218434,-0.15750165,0.29631332,0.29727107,0.4992677
32.69115376929349,faint,-0.845,-0.89,3,0.3626471161842346,val,-0.84535563,-0.22702372,-1.7040005,-0.5358545,-0.12052048,0.30392325,0.87123346
38.07957883909901,faint,-1.65,-0.085,3,0.7515857219696045,val,-1.6500083,-1.4875485,-2.4199717,-0.16351439,2.1614556,0.18683502,0.61441326
182.94628703546164,bold,-1.923,0.188,18,0.8825342655181885,train,-1.9233859,-1.0883148,-1.170399,0.63220036,0.23061685,-0.32113895,0.3122695
150.1472404538106,bold,-3.568,1.833,15,0.8891089558601379,train,-3.5679,-2.7370846,-2.4924843,0.27689356,2.3586915,0.32230458,0.4330389
556.8728914603128,bold,-3.984,2.249,55,0.9289990663528442,train,-3.9842257,-3.9006002,-4.025814,1.1075269,0.9713904,-0.4821822,1.032765
27.939029445378658,faint,0.079,-1.815,2,0.7170560956001282,train,0.07941295,-0.18862608,-1.2660518,-0.88747144,-0.3275824,0.53091604,0.40768617
221.08203913755557,bold,-3.534,1.799,22,0.9306013584136963,train,-3.5344324,-3.1945946,-3.8153987,0.13043848,0.8230764,0.09831109,0.7437695
54.89168019839558,bold,-4.606,2.871,5,0.8695550560951233,train,-4.606156,-1.6501591,-3.5918338,1.8491362,2.414449,-0.009201054,0.48413828
92.29631670243481,faint,-0.975,-0.76,9,0.8321357369422913,train,-0.97545695,-0.78701186,-1.2788299,0.41169438,-0.068058364,-0.11913414,0.33274716
104.59199077233613,faint,-0.972,-0.763,10,0.8821293115615845,train,-0.9719235,-1.3470755,-1.0907583,-1.2566644,-1.1667509,0.1327506,0.6007676
58.08035354832863,bold,-2.976,1.24,5,0.8590356707572937,train,-2.975775,-4.874394,-4.9312596,-0.40357575,1.5333229,0.1943933,1.3089445
40.87272586592495,bold,-3.066,1.33,4,0.8046461343765259,train,-3.065584,-2.448354,-4.0844135,-0.5723902,0.39796913,0.6030677,0.99346685
86.55847075582292,faint,-0.743,-0.992,8,0.8252720832824707,train,-0.74306893,-1.0525823,-1.3622435,-0.4677376,-1.0086675,0.45436406,0.42257747
50.89885981111812,faint,-0.741,-0.994,5,0.8537700176239014,train,-0.7411112,-0.77434903,-0.5710132,-0.18260556,0.4503402,0.48669738,0.32108647
42.139089695525804,faint,-1.646,-0.09,4,0.9002400636672974,train,-1.6457064,-1.157156,-1.533755,0.26444113,1.6344969,-0.3727886,0.3347473
65.03581730738532,faint,0.062,-1.798,6,0.8517605066299438,train,0.062165067,-0.10572586,-0.21844551,-0.24785708,-1.2760473,0.13661118,0.1899561
42.02933410188918,bold,-2.109,0.374,4,0.9167723655700684,train,-2.1091151,-2.4744568,-3.0397186,1.4610801,0.74685097,-0.86711514,0.5560001
29.899832356172553,faint,0.318,-2.054,2,0.8141175508499146,train,0.3181827,0.76919276,2.4704509,-0.020182874,3.1944573,-2.0565264,0.12300348
630.2032582236453,bold,-2.106,0.37,63,0.872358500957489,train,-2.1058533,-1.7109951,-1.9846936,0.38807118,0.4343124,-0.4082677,0.4933156
95.38981822783538,bold,-1.854,0.119,9,0.804412841796875,train,-1.8541776,-1.8558366,-2.2863271,-0.41424093,0.24752273,-0.526088,0.5433415
96.9289553605864,bold,-2.026,0.291,9,0.817313015460968,train,-2.0263438,-1.5746666,-1.4311799,0.8296635,0.6919345,-0.99733096,0.36560008
188.43001811497007,bold,-1.96,0.225,18,0.7429430484771729,train,-1.9604847,-1.3816849,-1.3127902,0.24120972,0.4201169,-0.4364459,0.5232741
105.00624742195062,bold,-2.182,0.447,10,0.5943348407745361,unused,-2.1822517,-1.92854,-1.253714,-0.42480925,0.24112241,-1.0394952,0.6592293
129.79389656905693,faint,-1.4,-0.335,12,0.6526967287063599,test,-1.4000285,-1.3788359,-1.5905514,-0.75736237,-0.5497068,-0.14851314,0.8059721
88.89234703696764,bold,-2.423,0.687,8,0.6350822448730469,test,-2.422707,-1.1461294,-1.0569981,1.3882817,0.5999831,-0.5532482,0.5840474
42.83948964124018,faint,-1.678,-0.057,4,0.719418466091156,test,-1.6779658,-0.43070614,-0.62680984,-0.27278027,0.89253354,-0.96111643,0.5368981
71.64673176134053,faint,-1.052,-0.683,7,0.680648922920227,test,-1.051967,-0.3796433,-0.89232165,0.8084894,1.5871313,-0.33870703,0.5281216
51.27369248137184,faint,-0.821,-0.914,5,0.6503810286521912,test,-0.8211689,-1.2229453,-1.4703474,1.5542086,1.5239614,1.0887631,0.46569633
59.43614799413638,faint,-1.638,-0.097,5,0.7974757552146912,test,-1.6381779,-0.22473118,0.28993294,1.0714395,-0.2709388,-0.44696912,0.35039788
88.83756324765649,bold,-2.066,0.33,8,0.8220217227935791,test,-2.0658422,-0.47677135,0.87721956,-0.2700985,0.4050799,-1.9834185,0.38367957
108.55645928117303,bold,-2.22,0.485,10,0.7355079054832458,test,-2.219923,-1.687715,-1.4676924,0.15402061,0.00086326525,-0.34026244,0.5128488
168.70968442098763,bold,-2.455,0.72,16,0.7636911273002625,test,-2.4549878,-1.4979235,-2.3869917,-0.6374968,-0.25764298,0.51666206,0.5054459
192.64017138636686,faint,-0.842,-0.893,19,0.6578243374824524,test,-0.8423008,-0.32502744,-0.089984566,0.13690925,0.24482733,-0.6839283,0.31076258
33.15331633974221,faint,-0.807,-0.928,3,0.7693008184432983,test,-0.8069971,-0.38829595,-0.8529998,0.5898941,1.8479166,-0.14520162,0.574
30.38198692024058,bold,-2.616,0.881,3,0.820929229259491,test,-2.6161845,-0.003502243,-0.007740448,-0.41843316,-1.119741,-0.25533172,0.2615509
38.28791184151882,faint,-0.389,-1.346,3,0.4278949797153473,test,-0.38911736,0.039888393,0.21043037,0.86044085,0.02425611,0.014227746,0.24159142
83.38047762455027,faint,0.001,-1.736,8,0.4113887548446655,test,0.0009832382,0.08246167,-0.24167939,-0.63755804,-0.27412242,-0.90242594,0.44045526
96.78244982160416,faint,-0.351,-1.385,9,0.40228891372680664,test,-0.35061103,-0.5355816,-0.13743803,0.55390924,0.21557218,-0.63533866,0.27056932
88.34269645845518,bold,-2.002,0.266,8,0.8514036536216736,test,-2.0017965,-0.5980426,-0.6803013,0.97266376,1.3642972,0.04463347,0.40944105
83.63628119656761,faint,0.161,-1.897,8,0.29959484934806824,test,0.1612411,-0.2482683,-0.55247074,-1.062671,-1.4000424,-0.14862217,0.16983628
44.862879638232975,faint,0.937,-2.673,4,0.097200907766819,test,0.93734187,0.395522,0.78928137,-2.586237,-5.9716644,-0.31474048,0.103844166
142.9777394269447,faint,-1.0,-0.736,14,0.7005792856216431,test,-0.9996518,-0.4021091,-0.71946824,-0.5706232,-0.115337424,-0.079578176,0.3291431
58.874254498413976,faint,-0.448,-1.287,5,0.6303632259368896,test,-0.44828632,-0.317094,-0.336254,0.8143947,0.74862814,0.594933,0.26666045
89.77097265535794,bold,-3.64,1.904,8,0.8812897801399231,train,-3.639813,-2.0902433,-2.7062235,0.6876802,3.3005805,-0.6838467,0.4874562
39.17243944034252,bold,-3.829,2.094,3,0.8488368988037109,train,-3.8293998,-0.33724537,-2.4406815,-0.82976824,3.7387486,-0.6176474,0.78801847
144.23743375525387,faint,-0.012,-1.723,14,0.8752886652946472,train,-0.011980869,-0.03171254,0.25670007,-0.015575009,-0.11616193,-0.81989115,0.19924517
58.33528153857234,faint,-0.868,-0.867,5,0.8763766884803772,train,-0.8678967,-1.2976602,-1.7520577,-0.1529016,-0.34353542,0.9607839,0.5339227
96.96923882105598,bold,-2.492,0.756,9,0.8088611364364624,test,-2.4917715,-1.7366319,-1.2250922,0.2894232,0.9237246,-0.02513765,0.71796393
57.6980352015025,faint,-1.014,-0.722,5,0.7863063216209412,test,-1.0135232,-1.2859485,-0.7390832,0.3456909,0.252742,0.22414838,0.5448829
697.9339480295242,bold,-2.63,0.895,69,0.8810465335845947,train,-2.6299567,-1.7404236,-1.6112574,0.53777117,1.1656827,-0.7911917,0.49485222
171.39987927976992,bold,-3.61,1.875,17,0.8584335446357727,train,-3.6100736,-2.1157908,-2.2141094,0.6904518,0.076245,-1.1278925,0.46145952
83.64743680317996,faint,-1.321,-0.415,8,0.8689278364181519,train,-1.320563,-0.9486273,-0.40179896,-0.13718835,-1.7626388,-0.75088096,0.32497665
40.313192632570114,faint,-1.611,-0.124,4,0.8566878437995911,train,-1.6113826,-0.93425065,-0.75136185,-0.24489722,0.117154635,-0.14861548,0.5628293
95.41419869356136,faint,-1.109,-0.627,9,0.8537692427635193,train,-1.1085546,-1.5780618,-2.35094,1.2002609,1.575544,-0.17697677,0.27179393
89.23684299523323,bold,-3.432,1.697,8,0.876457154750824,train,-3.432063,-2.707972,-4.0812044,1.5351436,1.5030797,-0.6655059,0.4705814
110.86020408508524,bold,-2.228,0.493,11,0.8679128885269165,train,-2.22829,-0.8013181,-0.6563879,0.39952588,2.141806,-0.5145226,0.33961678
50.82332954845533,bold,-4.142,2.406,5,0.8656177520751953,train,-4.141594,-2.9004729,-2.8649828,1.1038675,3.349641,-0.8132718,0.46271145
228.60404906750796,bold,-3.738,2.003,22,0.8986768126487732,val,-3.7381039,-2.3951857,-2.1720057,2.1341763,3.016286,-1.116266,0.5723572
40.07261918333536,bold,-2.234,0.498,4,0.5842223763465881,unused,-2.2335804,-1.8811914,-2.8329327,-0.20609,1.5604634,0.23426491,0.54839075
94.02834810053005,bold,-2.388,0.652,9,0.8277106285095215,unused,-2.3876612,-1.046042,-0.7605218,0.19562629,0.42986888,-0.60443205,0.3686519
50.08603948931312,bold,-2.354,0.619,5,0.8438610434532166,unused,-2.3541589,-2.2622118,-1.4590762,-0.24244453,0.28547695,-0.53015316,0.3702546
74.2842947782581,bold,-2.657,0.921,7,0.7729368209838867,unused,-2.65651,-1.9013225,-1.6682009,0.7375239,-0.17028724,-0.63205916,0.3226654
180.6534397595984,faint,-0.139,-1.597,18,0.8969078660011292,train,-0.13878709,-0.06739477,-0.025152192,-0.32745165,-0.9649509,-0.27412117,0.21073899
92.20653699322818,faint,-1.421,-0.314,9,0.8356263637542725,unused,-1.4209422,-1.3095437,-1.6613628,0.7954562,0.8947933,0.05506266,0.34872007
235.38949910610765,bold,-2.544,0.808,23,0.9232305884361267,train,-2.5437868,-1.3576156,-1.8759046,-0.049386986,0.39036465,-0.5116326,0.5061549
55.34471058626961,bold,-2.283,0.548,5,0.945694088935852,train,-2.2833376,-0.3781324,0.050742462,0.032651603,0.44059014,-0.3004736,0.4351195
76.55189522577132,bold,-2.138,0.403,7,0.8561014533042908,train,-2.138129,-2.116816,-2.4439893,-0.80762756,-0.61120456,0.64747113,0.66622907
298.4568871404141,faint,-1.527,-0.208,29,0.8414435386657715,unused,-1.5269755,-0.9343319,-1.1229398,0.24842378,0.043268844,-0.28422174,0.36413345
68.23566658438301,faint,-1.239,-0.496,6,0.8241856098175049,unused,-1.2393601,0.7717996,0.7974863,1.329048,0.12104634,-1.9411697,0.27452996
140.08196408414602,bold,-2.426,0.691,14,0.7543166875839233,val,-2.426496,-0.8781836,-1.0357428,1.3203301,2.0611746,-0.90619135,0.33170125
119.57756074114701,bold,-4.456,2.721,11,0.37075960636138916,unused,-4.456242,-2.1607769,-2.2711837,2.2052338,0.69832593,-1.7285361,0.6544293
51.09865132844436,bold,-2.554,0.818,5,0.7420125007629395,val,-2.5537128,-3.3501492,-4.148848,1.0607048,0.65898263,-1.0253841,0.6712722
40.37482493648371,faint,-1.197,-0.538,4,0.3418375253677368,test,-1.1974251,-0.30161983,-2.730206,-0.47183833,0.37669837,-0.7009183,0.7071122
149.1800567398822,faint,-1.648,-0.088,14,0.8542612195014954,train,-1.6478329,-1.002942,-1.0315375,0.7247538,0.6798886,-1.2041502,0.43935552
120.03374732266388,bold,-2.108,0.372,12,0.8354988098144531,train,-2.1077697,-1.2203581,-1.5522401,0.38533002,0.08270251,-0.29455024,0.36513382
164.91818354258533,bold,-1.896,0.161,16,0.9000853300094604,train,-1.8960539,-1.1709975,-1.3242977,0.23758532,-0.053469993,-0.47880635,0.20884763
58.02489547552362,bold,-8.502,6.767,5,0.8832821249961853,train,-8.501915,-3.0490534,-5.5008225,-0.90408456,4.572585,-0.6081043,2.3222136
318.05055756653576,bold,-1.94,0.205,31,0.8241864442825317,train,-1.9402839,-1.8994933,-2.1265595,0.5037626,0.23056187,-0.30008787,0.7866647
131.5058493582566,bold,-3.032,1.296,13,0.8728552460670471,train,-3.0315952,-2.77328,-0.99657595,0.8755291,0.3177069,-0.90419936,0.80819035
194.9081558389763,bold,-5.864,4.129,19,0.8313509225845337,unused,-5.864047,-3.5413136,-3.0346754,2.1692924,0.39321792,-1.080567,0.96041137
73.62098249734161,faint,-1.274,-0.461,7,0.5957531332969666,unused,-1.2744796,-0.39733115,0.0754288,-0.5664304,0.22818777,-0.14005026,0.6491973
104.16112485287569,faint,-1.392,-0.343,10,0.4405488073825836,unused,-1.3923911,-0.97700846,-1.1682475,-0.13374372,0.6401938,0.23200037,0.43534562
173.45922448804075,faint,-1.546,-0.189,17,0.7384947538375854,unused,-1.5460352,-1.8116465,-1.5845482,0.4320155,1.2292858,-0.33389837,0.3679469
141.88836614951438,faint,-1.381,-0.354,14,0.8428599834442139,unused,-1.3812314,-1.6020391,-1.504179,0.27791426,0.57333875,-1.2259519,0.3480334
40.766927069886336,faint,-0.211,-1.525,4,0.5895918607711792,unused,-0.21068224,0.38564548,-0.2638305,-0.056404263,4.9554873,-0.66414577,0.36723012
96.93652434349958,faint,-0.719,-1.017,9,0.8813314437866211,unused,-0.71867245,-0.94156086,-1.0154219,0.52574635,-0.3203432,-0.3583062,0.41215822
332.3295008066816,faint,-1.334,-0.402,33,0.803694486618042,train,-1.3336709,-1.1919177,-2.2551525,-0.097926654,0.5355825,0.25391644,0.40855408
90.15809213462714,faint,-1.315,-0.42,9,0.875146746635437,train,-1.3154514,-1.1980959,-0.06811202,-0.21627316,1.6826122,-1.98536,0.4064796
39.03725138065933,faint,0.955,-2.69,3,0.7435990571975708,train,0.95491624,0.027269179,-0.4661608,-0.46699712,0.3880028,0.4669092,0.2740047
101.89097790213147,bold,-1.856,0.12,10,0.8709689378738403,train,-1.8556302,-1.5222073,-1.4074129,0.5719955,0.38299692,-0.94070554,0.85246104
71.68017773150623,bold,-6.549,4.813,7,0.9015209078788757,train,-6.5488267,-2.7453413,-1.7212771,2.2366767,3.0321245,-1.7828104,0.50128174
122.67378033477141,faint,-1.255,-0.481,12,0.9053165316581726,train,-1.2546263,-1.2260944,-0.7998917,-0.12391273,-0.41864234,-0.24245936,0.5598075
35.51423001713259,bold,-1.869,0.134,3,0.9132217764854431,train,-1.8693547,-2.6668625,-2.044078,0.47087967,0.14380719,0.24986446,0.33393773
58.93070658583726,faint,-0.317,-1.419,5,0.8819402456283569,train,-0.31680337,-0.71568674,-0.89512235,0.118141554,-0.8060688,0.58541167,0.25669563
26.28802520660569,faint,-0.3,-1.436,2,0.8439487218856812,train,-0.29970214,-1.221786,-0.8665004,-0.35193315,-0.45664716,0.014067363,0.6812524
91.718148082734,bold,-4.038,2.303,9,0.8952262997627258,train,-4.0382457,-2.4454162,-2.4914017,1.0543275,1.4997033,-0.098842345,0.4123199
93.79660010838236,bold,-3.563,1.827,9,0.8807342052459717,train,-3.5627496,-2.673557,-3.0937085,0.18476515,5.0565853,0.02788502,0.53354955
59.50691742772005,faint,0.023,-1.759,5,0.8455207347869873,train,0.023257906,-0.42217466,-0.8375833,-0.5375909,-1.7688693,0.78657925,0.19940165
62.84315864268974,bold,-5.16,3.424,6,0.8311290740966797,train,-5.159691,-4.780812,-6.4082255,0.6973215,1.9650567,0.23888817,0.7036115
70.12177480021487,bold,-2.319,0.583,7,0.8491378426551819,train,-2.3187115,-1.9822663,-2.623646,0.7285576,1.8313073,-0.1573391,0.55536455
39.177703213688545,faint,0.434,-2.169,3,0.7155556082725525,train,0.43383384,-0.5464045,-1.0222719,-0.7892303,-1.8106579,0.6786553,0.2820071
73.21855878985738,bold,-2.555,0.82,7,0.8844966888427734,train,-2.555096,-1.6138839,-2.8531513,-0.86294615,0.36852247,-0.37484404,0.8096131
102.16400063654437,bold,-2.104,0.369,10,0.7753235697746277,unused,-2.1040487,-2.8146954,-2.844368,-0.17339016,-0.31911075,-0.31433466,0.619461
71.35558227784328,bold,-7.014,5.279,7,0.88874351978302,train,-7.014471,-3.672545,-2.981312,0.6775948,0.6285345,-1.7702622,0.6538118
58.464016374072486,faint,-0.62,-1.115,5,0.8114117383956909,train,-0.62041676,-0.8195426,-1.4797422,-0.25345346,-0.9470898,0.05743166,0.5219044
47.90268896320569,faint,-0.881,-0.855,4,0.71339350938797,train,-0.8805175,-0.92293906,-1.5762795,-0.77852726,0.7714315,0.5222191,0.45572218
332.060049825164,bold,-2.869,1.134,33,0.823275089263916,train,-2.869042,-2.1714203,-1.6563606,0.61248976,0.37808725,-1.1646439,0.6057508
66.05773136219804,bold,-3.279,1.543,6,0.7178567051887512,unused,-3.2788126,-2.8838,-3.852015,0.083860025,2.0113225,0.33681142,0.9247388
96.79187696235655,bold,-1.922,0.186,9,0.9101836085319519,train,-1.9216381,-2.014893,-1.30875,0.7223874,-0.026972806,-0.80135334,0.8731227
696.0510057059698,bold,-3.424,1.688,68,0.9104193449020386,val,-3.4238448,-2.092735,-1.6070617,0.22244436,0.17363548,-1.1035228,0.8784983
232.45476814629544,bold,-4.789,3.054,23,0.9476714730262756,train,-4.7892036,-3.6469228,-3.6021388,1.1959257,1.0162865,-0.0689807,1.4499557
201.53621511495754,bold,-6.421,4.685,20,0.9105281829833984,train,-6.420522,-4.739636,-4.5590267,1.7025187,1.277462,-1.1682808,1.1512766
178.02733539952712,bold,-3.719,1.983,17,0.8365582823753357,val,-3.7185204,-2.1687117,-2.6133032,-0.09203424,0.32274142,-1.0604285,0.898315
127.06382022348004,bold,-1.749,0.014,12,0.7991136908531189,train,-1.7492404,-1.7632656,-0.65228885,0.21050003,0.66866624,-1.1701822,0.77294683
51.41377288676138,faint,-0.233,-1.502,5,0.8143970370292664,train,-0.23331304,-0.36244074,-1.2529681,-1.1606975,-0.9444022,0.7868125,0.86433816
255.3460277334601,bold,-2.935,1.199,25,0.925208330154419,train,-2.934641,-2.6279025,-1.9591042,0.61726034,-0.115755394,-1.2352936,1.2067742
115.53153525132915,faint,-0.417,-1.319,11,0.8844236135482788,val,-0.41682276,-1.288738,-0.8569697,-0.3961955,-0.12227024,0.47564137,0.75647056
41.328614758764544,faint,-1.3,-0.435,4,0.8073621988296509,train,-1.2998931,-1.3152878,-2.376442,-0.97795665,-0.009796493,0.40220535,0.8626397
70.48159358359133,faint,-1.626,-0.109,7,0.8963497877120972,train,-1.6261606,-2.4637048,-0.6019642,-0.31855834,-0.09308886,0.27198458,0.8410077
39.389684718678836,faint,-1.05,-0.686,3,0.7886399626731873,train,-1.049815,-1.7375661,-1.0320936,-0.37192777,0.6125783,-1.2220052,0.6198441
498.8997910312755,faint,-0.384,-1.351,49,0.9060887694358826,unused,-0.38441202,-0.109077804,-0.006183339,-1.7223152,-1.0897293,-0.5078589,0.42573553
57.86013331489879,faint,-0.929,-0.806,5,0.8627724051475525,unused,-0.9294841,-0.8289043,-1.4269189,-1.441965,-0.4259205,0.057478063,0.6874501
185.18669186069314,bold,-2.966,1.231,18,0.7779814004898071,unused,-2.9660401,-1.3334424,-1.5699182,-0.40088257,-0.57056856,-0.5590683,0.8229076
632.3009825348904,bold,-1.894,0.159,63,0.8380005955696106,test,-1.8943437,-0.68527514,-0.7757477,-1.1770447,0.4334096,-0.6605102,0.9366982
419.34443991282967,bold,-2.394,0.658,41,0.8740022778511047,test,-2.3938015,-0.6711905,-0.8898927,0.91120374,2.1281452,-1.7981908,1.0808622
202.999035830167,bold,-2.123,0.388,20,0.8681406378746033,test,-2.1233552,-0.89856553,-0.7321056,-0.26694512,0.82956177,-1.278522,0.97323763
56.35009218384391,bold,-3.707,1.972,5,0.7770203351974487,unused,-3.7073228,-2.7259276,-2.316358,0.118995346,0.26774913,0.9258639,0.95703983
164.36974549776957,bold,-2.908,1.173,16,0.900299072265625,test,-2.9083757,-0.5381962,-0.41366,-0.07987699,-0.14172158,-1.0011342,0.68693995
91.33667587436689,bold,-2.112,0.377,9,0.685577929019928,test,-2.112345,-2.20305,-1.4423096,0.3890267,-1.1134654,-0.8744034,0.72402227
146.8334395020836,faint,-1.534,-0.202,14,0.7437354922294617,test,-1.53375,-1.4587979,-0.68875706,-1.0278054,-0.71890986,-1.0127252,0.8048513
191.77096043549275,faint,-0.499,-1.237,19,0.8206997513771057,test,-0.49863806,0.16616702,1.3444499,-0.44620425,-0.24858746,-2.8446126,0.60679674
402.25082963505366,faint,-1.229,-0.506,40,0.7560333013534546,test,-1.2294619,-1.3296078,-0.83052826,-1.7342097,-1.0491375,-0.22317241,1.0682628
44.88678600147654,faint,-0.647,-1.088,4,0.41697436571121216,test,-0.6470858,-1.1429241,-0.90582055,-1.9769475,-2.1261473,-0.23223436,0.9833742
34.2315938754395,bold,-2.921,1.186,3,0.5787224173545837,test,-2.9210887,-3.6414397,-4.3220105,-1.0815187,0.38213012,0.9313842,0.87373465
42.827542938405315,faint,-0.899,-0.837,4,0.6317213177680969,test,-0.89854276,-0.9058023,0.085587546,-1.4961874,-0.9469527,-0.2437376,0.73428077
36.80212834617604,bold,-2.155,0.419,3,0.18570466339588165,test,-2.1547596,-0.7497697,-0.79373395,-0.7982119,0.75810224,-0.36916295,1.2788191
825.060603467056,bold,-2.156,0.421,82,0.788262665271759,test,-2.1560373,-0.681516,-1.1071379,-1.785078,-0.780497,-0.6429821,1.2490568
227.1523802228206,faint,-0.814,-0.921,22,0.7465500831604004,unused,-0.8141192,-1.1018169,-1.2788062,-0.8600961,-0.32912287,-0.095147796,0.7900293
206.5211369247643,faint,-0.334,-1.402,20,0.8423619270324707,unused,-0.33377573,-0.20029294,-0.18524815,-0.2835039,-0.055503096,-0.0692798,0.3646869
141.60805959898175,faint,-1.11,-0.625,14,0.7727118134498596,unused,-1.1102414,0.24489564,0.11317894,0.24832308,1.0830868,-2.1620092,0.55293167
228.37894314681927,faint,-0.698,-1.037,22,0.9146413207054138,test,-0.6981976,0.0023267567,0.12847558,0.49363384,1.493484,-1.0405128,0.88255095
294.6270636903635,bold,-3.778,2.043,29,0.8929489850997925,unused,-3.7784443,-0.76645833,-1.4599525,-0.7655631,0.6278549,-1.7652727,1.5283062
183.85129628260526,faint,-1.484,-0.251,18,0.8714450001716614,train,-1.4842288,-0.98557734,-1.5899129,-1.4825082,-1.337769,-0.13109049,1.0609269
322.1345011412057,bold,-3.452,1.717,32,0.8996800780296326,unused,-3.4524803,-0.74002,-1.1714387,-1.4535975,0.009403452,-1.733393,1.459442
221.79821138372915,faint,-0.233,-1.502,22,0.8976296186447144,train,-0.23300606,-0.7025056,-0.3519112,-1.0615406,-0.3839646,-0.19541648,0.5498991
132.78425267425348,faint,-0.846,-0.889,13,0.9451385736465454,train,-0.846163,-1.4245065,-1.4425229,-0.31858075,-0.15144393,0.1727806,0.73512226
146.33507791038508,bold,-3.669,1.933,14,0.9131431579589844,train,-3.6685305,-2.5259714,-2.38173,0.33756518,0.6343139,0.6883186,0.8176485
47.673280721391464,bold,-2.298,0.563,4,0.8134756684303284,train,-2.2984245,-0.7300905,-1.9883026,-1.0778513,-0.30707163,-0.24362999,0.5592121
38.01893054126089,bold,-2.688,0.953,3,0.8320296406745911,train,-2.6883655,-2.6704633,-2.5957847,-1.560065,-1.4927511,0.807309,1.4680669
59.01165314416316,bold,-2.931,1.195,5,0.9187994599342346,train,-2.9306722,-1.2574577,-0.65531784,0.17321855,-0.07013796,-1.6959997,0.63598233
160.8862765613424,faint,-0.542,-1.194,16,0.6850817799568176,test,-0.5416827,-0.70363843,-0.62003917,-0.39039236,0.5890889,-0.94099975,1.4089847
79.76164988367374,faint,-1.01,-0.725,7,0.8580395579338074,test,-1.0104952,0.2231107,-0.26816088,0.3306967,0.36336944,-1.3409069,0.7362357
230.8333243192713,faint,-0.196,-1.54,23,0.723483681678772,unused,-0.19572195,-0.06980987,0.12988621,-0.28830907,-0.37643602,-0.46749946,0.58203316
56.4708349084651,faint,-1.05,-0.686,5,0.7280277013778687,unused,-1.0496142,-0.77405363,-0.6810497,-1.1168939,-0.60877013,-1.1615528,0.99668026
275.78145205371015,bold,-2.173,0.437,27,0.8020142912864685,unused,-2.1726265,-1.5017408,-1.043912,-2.3614237,-0.5706864,-1.4893607,0.77016217
157.07681686326188,bold,-2.909,1.173,15,0.7953035831451416,unused,-2.9086585,-0.13272882,0.9325411,-0.5735845,0.5313237,-3.0134556,0.88253355
68.55526006227618,bold,-1.81,0.075,6,0.8147544264793396,unused,-1.8102041,-1.8232539,-1.560615,-0.49434525,0.5837314,0.07290266,1.0915785
312.17449086473414,bold,-2.595,0.859,31,0.8781563639640808,train,-2.594868,-3.7083902,-3.5138695,-0.95389277,0.58180815,-1.3508744,2.0761034
169.4902089341736,bold,-2.079,0.343,16,0.8490974307060242,unused,-2.0786667,-0.27032644,-0.8064403,1.0420313,2.7683055,-0.98458135,0.8672515
254.21887593741405,bold,-4.962,3.226,25,0.9141386151313782,unused,-4.9616055,-3.9038308,-2.6191032,-0.08559745,0.016002158,-2.9446812,1.213885
32.03794857226681,bold,-3.33,1.595,3,0.8791044354438782,train,-3.3300016,-0.42279494,-0.6946462,-3.7613335,-0.45618868,-1.9951307,0.9962634
130.56317796686585,bold,-4.211,2.476,13,0.880027711391449,unused,-4.211243,-2.0883543,-3.0368037,-1.4916918,-0.3378375,-1.1865859,1.2272645
122.90838151598852,bold,-3.604,1.869,12,0.915782630443573,train,-3.604494,-1.0557269,-1.5064431,-1.7237552,-1.2285111,-0.5608094,0.70678616
157.08453579618228,bold,-5.056,3.321,15,0.8304552435874939,train,-5.056036,-1.834664,-1.5607471,-0.7054979,-0.42483357,-0.7299056,0.5971124
76.85262668524251,bold,-2.02,0.284,7,0.8779953122138977,train,-2.0196512,-0.9150558,-1.7167658,-2.06231,-1.4020721,0.05126349,0.4325498
86.84561524740515,bold,-2.343,0.608,8,0.888086199760437,train,-2.3430266,-1.7166393,-1.1571834,-0.5817096,-0.565429,-0.18805161,0.6337607
132.99409969528904,faint,-0.455,-1.28,13,0.9020189046859741,train,-0.4554959,-0.8102744,-1.1318074,-1.9660525,-2.712468,0.56197155,0.63777393
195.27540591552653,faint,0.049,-1.785,19,0.8518354892730713,unused,0.04943841,0.024592549,0.23708397,0.08885723,0.30120203,-0.8269707,0.5982883
89.25384937374484,faint,-0.83,-0.905,8,0.8854858875274658,train,-0.8303684,-0.26534024,-0.22387514,-0.5833435,-0.3974243,-0.6158477,0.58178544
158.00665866132488,faint,-1.274,-0.462,15,0.8973085880279541,train,-1.2735169,-0.24859719,0.083041474,0.7247662,1.7477844,-1.6977137,0.9722764
278.3804082706862,faint,-0.25,-1.485,27,0.7371587157249451,train,-0.2504896,-0.015563005,0.34965068,-0.6278711,0.0201433,-0.8086545,0.7267966
214.35180083993015,faint,-1.701,-0.034,21,0.8211910128593445,test,-1.7011068,-1.7701865,-1.4274937,-1.3510939,0.24100092,-1.1922046,1.2753575
175.56365195654126,faint,0.39,-2.125,17,0.8519451022148132,test,0.38992012,-0.07377993,0.017821584,-1.1851608,-0.98468083,0.4453685,0.7155299
38.21856713657823,faint,-0.896,-0.839,3,0.5787172913551331,test,-0.8959748,1.0815881,0.51619196,-1.1291933,0.9765063,-2.809588,0.29720807
219.64279997518526,faint,-1.264,-0.472,21,0.9743527173995972,train,-1.2637343,-1.2710524,-0.55468637,-0.44645512,0.18272685,-1.4540192,0.8672135
47.98685734282686,faint,0.332,-2.068,4,0.9602591395378113,train,0.33240134,-0.016714144,-0.18664157,-0.62026584,0.90687394,-1.2370304,1.3367643
50.172042499649734,bold,-3.118,1.382,5,0.9453366994857788,train,-3.117886,0.22785714,-0.34971067,0.69620264,-0.46607402,-0.59857035,0.5855322
262.8800769014754,faint,-0.979,-0.757,26,0.957548975944519,train,-0.97850806,-0.47981238,-0.895368,-0.82043636,-0.06887292,-0.04632444,0.7527066
154.03019172110797,bold,-1.899,0.163,15,0.8489960432052612,train,-1.8987479,0.13199544,-0.32962826,-1.6679155,1.2507807,-2.1149695,0.536474
154.5826398560257,bold,-3.115,1.38,15,0.9325398206710815,train,-3.1150136,-1.0710468,-1.6371691,0.89879876,0.9890715,-1.5974473,0.57924527
67.24713423293221,faint,-1.686,-0.049,6,0.9176655411720276,train,-1.686188,-0.9043693,-0.3885487,0.33890578,-0.10152644,-0.99665475,0.43423268
38.753565576754156,bold,-2.176,0.44,3,0.9158799648284912,train,-2.1758282,-1.0550102,-2.2272408,-1.0400342,0.014328452,0.9561414,0.9555254
47.89177648046409,faint,-0.489,-1.247,4,0.8688350915908813,train,-0.48880786,0.32640797,0.23687762,0.16663064,-0.84274757,-0.31363893,0.21323892
82.77390958341387,faint,-1.461,-0.274,8,0.9347438216209412,train,-1.4611949,-0.13707581,-1.6394019,-1.09217,0.06848417,0.48043054,0.72489154
275.1521005453313,bold,-3.427,1.692,27,0.9194833040237427,unused,-3.4270515,-2.5638409,-3.5509136,-0.24611372,-0.2454591,-0.53966945,0.8587179
77.5556752692801,bold,-4.002,2.267,7,0.7641007304191589,val,-4.002147,-3.2070575,-2.5859432,0.49161318,0.6588616,-0.83106977,0.70871145
68.4223399639913,bold,-2.97,1.235,6,0.7069216966629028,unused,-2.9702919,-2.408558,-2.8580527,0.5038257,2.2767735,0.46802855,0.86575705
47.56667663127378,bold,-1.859,0.124,4,0.8301644921302795,train,-1.8591331,-1.2618948,-1.6907417,-0.69633305,0.14554307,0.11394374,0.7565385
110.32427095680049,bold,-2.422,0.687,11,0.9262319207191467,train,-2.4221325,-1.55997,-1.8124565,0.3564714,2.9273243,-0.25934395,0.6478405
54.63457440987514,bold,-1.797,0.062,5,0.8879287242889404,train,-1.7971244,-0.7437897,-1.7392602,-1.5913814,-0.29125795,-0.02850277,0.63343716
52.62850949576034,bold,-2.999,1.263,5,0.9156060218811035,train,-2.9986455,-2.2403996,-1.8615335,-0.87512,1.0849394,-0.527713,1.1350703
406.3560161704429,faint,-1.646,-0.089,40,0.9087836742401123,train,-1.6464568,-1.422353,-1.543543,-0.22887242,0.14668338,-0.44284862,0.5986352
191.20370266319324,bold,-3.085,1.35,19,0.9070549011230469,train,-3.0850573,-2.9873745,-2.0112147,-0.5424323,-1.7609147,-0.37000275,0.6521342
91.44124652267216,bold,-3.724,1.988,9,0.8583759069442749,val,-3.723645,-1.5927709,-1.3461868,-0.5081545,0.8539419,-1.2999932,0.5954508
66.58482290590051,bold,-4.207,2.472,6,0.6568294167518616,val,-4.2070065,-1.1249478,-2.371671,-0.764704,-0.101079434,-2.3650513,0.5990513
552.7937314650342,bold,-3.51,1.775,54,0.8705592751502991,val,-3.5101569,-2.7405305,-3.0022416,0.8719833,0.04686694,-1.2060813,0.69563854
223.7240820066519,bold,-3.102,1.366,22,0.8655767440795898,train,-3.1018138,-2.7676418,-2.386218,-0.38937867,0.34330416,-0.30180538,1.0087588
134.9864099660377,faint,-1.519,-0.216,13,0.856386125087738,train,-1.5193377,-1.5345091,-1.1690326,1.0629842,0.12331599,0.026768304,0.80511373
43.186874097375274,bold,-3.405,1.67,4,0.8204275965690613,test,-3.4050713,-2.08214,-1.5795131,0.061551265,0.6420382,-0.39302197,0.65073895
249.30964536539622,bold,-4.975,3.239,24,0.8959221243858337,train,-4.9748173,-3.2304516,-3.033557,0.68506616,0.40647706,-0.7892777,0.58439016
504.8533430401469,bold,-3.329,1.594,50,0.8790315985679626,train,-3.3289785,-2.3462682,-1.6067941,0.36849767,0.15783039,-1.1490471,0.6832479
173.3175654954339,bold,-3.211,1.475,17,0.8431228399276733,train,-3.2107627,-2.3349717,-2.2197678,-0.10743224,-0.23736043,0.5695179,0.72834635
29.44807686056906,bold,-3.257,1.521,2,0.7593584060668945,train,-3.256769,-3.7121348,-4.1938953,-0.39365792,-0.20385292,2.0010483,0.2576276
180.24330900722404,bold,-3.08,1.344,18,0.8933852314949036,test,-3.0796204,-1.4449079,-0.9939306,-0.65842694,0.13425119,-1.745214,0.97323745
273.8318584054201,bold,-5.86,4.125,27,0.9000087976455688,train,-5.860304,-2.9629602,-2.3278632,0.8880913,0.69824696,-0.8524486,0.64967805
96.94961614512408,bold,-4.024,2.288,9,0.8210008144378662,train,-4.023764,-3.6174645,-2.0607996,0.24272045,1.2956647,-1.0363058,1.051952
421.9755060387595,bold,-4.718,2.982,42,0.9010016322135925,test,-4.7178535,-2.8683245,-2.3689184,0.8738309,-0.021184286,-0.24726093,0.7030647
401.2448664150275,bold,-4.579,2.843,40,0.8643169403076172,test,-4.5785637,-2.4527287,-2.8314528,-0.49722135,0.30520698,-1.3235555,0.85362065
118.25804895942677,bold,-2.429,0.693,11,0.7840031385421753,test,-2.4286435,-1.2535036,-0.01057157,-1.1938602,-0.58932734,-1.1615572,0.57832587
141.958464551081,bold,-2.994,1.258,14,0.6985985040664673,test,-2.993669,-2.3664231,-2.375976,-0.5938662,-2.2995424,-1.2253542,0.8850221
45.938858693312696,bold,-3.192,1.457,4,0.8702755570411682,test,-3.1923606,-3.4542623,-5.04882,1.3041697,3.5227823,-1.1077285,0.9280696
134.45136069889355,bold,-2.641,0.906,13,0.8355872631072998,test,-2.6411717,-3.3061373,-3.6785407,-0.004806442,-0.2453315,-0.41792187,0.95972276
208.9333588068672,bold,-4.412,2.676,20,0.8110417127609253,test,-4.4116325,-2.3426743,-2.7163482,1.1767855,0.57252055,-1.1833262,0.7785846
174.78237962922628,bold,-2.698,0.963,17,0.8918685913085938,train,-2.6982667,-2.3103588,-1.9249462,0.2985995,1.2040064,-0.85964304,0.5087911
172.2139280153814,bold,-2.709,0.974,17,0.8860712051391602,train,-2.7090888,-0.0021333392,-1.0668666,-1.6516069,2.04677,-2.722695,0.74215317
258.23891992276964,bold,-2.894,1.159,25,0.9194586873054504,train,-2.8939261,-1.4425844,-1.0737026,-0.9133787,-0.09234717,-1.6828238,0.5563146
121.14383290634647,bold,-3.053,1.318,12,0.8891592025756836,train,-3.0533419,-1.9982495,-1.8206258,0.6751612,0.6625094,-0.5607173,0.64827424
71.92521757237421,bold,-2.212,0.476,7,0.9343929886817932,train,-2.2115273,-1.9244027,-1.426214,0.13158385,0.6565658,-0.25032327,0.7410346
32.53001868671943,faint,-1.654,-0.082,3,0.8933283090591431,train,-1.6538827,-1.4541111,-2.1597238,-1.4797086,-1.30282,0.74777615,0.9850298
125.171799968093,bold,-3.77,2.034,12,0.9559400677680969,train,-3.769721,-2.018748,-1.4499674,0.4977863,1.2897179,-1.0335832,0.9799639
156.27222171597717,bold,-2.872,1.136,15,0.9690420627593994,train,-2.8718147,-0.8443588,-1.2301328,-0.59023184,-0.13707627,-1.5030065,0.6717633
60.12868910609847,bold,-5.246,3.51,6,0.8803312182426453,train,-5.245501,-3.3824131,-2.7062345,1.0722709,2.439619,-2.7993786,0.7716353
443.179047813126,bold,-3.723,1.987,44,0.7864200472831726,train,-3.722878,-1.9991479,-1.7907729,-0.22219145,1.890841,-2.0342996,0.8964056
122.51640247775497,bold,-2.688,0.953,12,0.8354310989379883,train,-2.6881685,-1.6859968,-1.0355814,-0.7789029,-0.23545682,-1.1594644,0.76323605
106.4228211541512,bold,-2.432,0.696,10,0.8824232816696167,train,-2.431705,-1.5139992,-0.7761762,-0.5661664,0.11303057,-1.8186303,0.5726967
73.41656347220035,faint,-0.987,-0.749,7,0.8620612025260925,train,-0.98677254,-0.5757141,-1.0384761,0.14686082,0.18127222,-0.31747934,0.45906705
73.49305487814885,bold,-7.215,5.479,7,0.9062004685401917,train,-7.2147245,-3.1172366,-2.8075852,-0.2812266,-0.9882197,-0.17727889,0.8361796
86.87827674394873,bold,-9.24,7.505,8,0.8882119059562683,train,-9.240023,-4.741529,-3.6419873,1.1196051,0.42705983,-1.0568408,1.1321752
330.1836543102822,bold,-4.412,2.677,33,0.9400288462638855,train,-4.412136,-1.0695243,-1.708584,-1.0800197,0.41480455,-1.4084665,0.73148334
93.3287631142748,bold,-4.556,2.821,9,0.9094656109809875,train,-4.5562816,-2.1863012,-0.30028617,-0.92036974,0.8532482,-0.99740314,0.60130525
70.16766030442415,bold,-4.514,2.779,7,0.9142873883247375,train,-4.5139923,-2.5909061,-2.362986,-2.175108,-0.1491604,-1.1637686,0.83456784
154.11406901709177,faint,-0.829,-0.906,15,0.9379590153694153,train,-0.8290907,-0.524634,-0.8021735,-1.1483122,-0.66361296,-0.37899268,0.6326245
327.2996877089455,faint,-1.588,-0.148,32,0.8717375993728638,train,-1.5876117,-0.7984805,-0.55714417,-1.1345015,0.37626517,-1.8282161,0.885269
117.62741937158299,bold,-4.208,2.473,11,0.8592802882194519,test,-4.208379,-2.676958,-3.80536,-1.2061363,4.469119,-0.28954756,1.6887927
109.9333478213368,bold,-1.856,0.121,10,0.738610565662384,test,-1.8562075,-2.1833048,-1.615281,-0.23925288,0.262927,-0.7700994,0.79168284
719.5743984554448,faint,-0.806,-0.929,71,0.9314978718757629,train,-0.8063719,0.19099739,0.08250897,-1.0200154,-0.2648957,-1.284331,0.85192347
177.2984340605484,bold,-1.911,0.175,17,0.8943482041358948,train,-1.9107256,-0.26631287,-1.6414804,-0.4416973,0.8948002,-2.3215504,0.6080582
196.20984282478324,faint,-0.523,-1.212,19,0.9485289454460144,train,-0.5231485,0.12511633,-0.008690647,-1.457461,-0.88536143,-0.6900038,0.6674496
133.08024910857264,faint,-1.512,-0.224,13,0.8906971216201782,train,-1.5115108,-0.44621274,-0.5431059,-0.4758332,-0.10689988,-1.3288937,0.568382
95.06092086833077,bold,-2.132,0.397,9,0.946292519569397,train,-2.1320133,-1.6603391,-1.7819963,0.49499607,1.2692708,0.47626084,0.7185712
96.40807818117253,faint,-1.358,-0.378,9,0.9363464713096619,train,-1.3576776,-0.8061282,-0.8011914,-1.6959915,1.0314969,-0.41659608,1.3851929
318.9903275728579,bold,-2.343,0.608,31,0.9600911140441895,train,-2.343256,-0.31434304,1.0171764,-0.9621434,0.7196255,-2.4823346,0.83443356
152.7070360653356,faint,-1.419,-0.317,15,0.9084526300430298,train,-1.418782,-0.3680999,-0.34155473,-0.6837622,0.18017346,-1.1575552,0.80035806
276.423460351645,faint,-1.226,-0.51,27,0.9445135593414307,test,-1.2255015,-0.57925653,-0.31331185,-1.4127817,-0.122282036,-1.6544833,0.8183006
695.9417296783504,faint,-0.671,-1.064,69,0.9211962223052979,test,-0.6712522,0.51341337,0.45887926,-1.1830883,-0.5010411,-1.5230265,0.72074246
144.9232588352891,faint,-0.42,-1.316,14,0.844639003276825,test,-0.41958553,-0.8541095,-1.2640243,-0.8752856,0.10136033,0.4624529,1.1669102
80.0061588327991,faint,-0.446,-1.289,8,0.24219253659248352,test,-0.446222,-0.06444346,-0.24940668,-1.0260582,-1.006542,-0.92386436,0.41471732
118.97315109232763,faint,-1.03,-0.705,11,0.8187892436981201,test,-1.0299996,0.33753967,-0.08610217,-0.8280987,-0.11965993,-1.4904779,0.7493807
344.2359076622128,faint,-1.427,-0.308,34,0.9354898929595947,train,-1.4274466,0.79480916,2.0045457,-1.3681517,-0.2904433,-4.224296,0.45384133
176.94760254109292,faint,0.673,-2.409,17,0.8420850038528442,train,0.67347986,-0.33006084,-0.9901678,-0.5282756,-0.41231632,1.1832125,0.2632439
239.0859364394241,faint,-0.267,-1.468,23,0.9050158858299255,unused,-0.26728705,-0.16053653,-0.12831876,-0.40144166,-0.33540988,-0.35128662,0.42670727
96.42745437198653,bold,-1.753,0.018,9,0.9156569242477417,train,-1.7530721,-2.0641522,-1.8749049,-0.28830752,-0.74962366,0.28997484,0.80204797
144.63826424758435,bold,-1.912,0.177,14,0.8615737557411194,train,-1.9124379,0.2790858,-0.14415109,-1.1388822,1.5028954,-1.2193086,1.1024919
263.7652983727621,faint,-0.874,-0.862,26,0.8790243864059448,train,-0.8737399,-0.83616173,-0.112969585,-1.838378,0.053855747,-2.0010545,0.7554135
211.64235267999254,faint,-0.554,-1.182,21,0.9302085638046265,train,-0.55359566,0.7692523,0.63988394,-1.3163987,-0.46049654,-2.091442,0.4221273
93.64223185000918,bold,-2.279,0.544,9,0.9187175035476685,test,-2.2791657,0.06782185,-0.3892271,0.35211676,0.62538,-1.5404019,0.75451624
36.659326375524124,bold,-1.926,0.191,3,0.8580697178840637,train,-1.926427,-1.1969928,-2.9580464,-0.5455642,0.18067725,0.5885289,1.0278251
93.4093624442188,faint,-0.648,-1.087,9,0.8650888800621033,train,-0.64828247,0.11303416,0.080858216,0.68463415,0.48866728,-0.9291016,0.52544266
65.9203792041588,bold,-1.765,0.029,6,0.8420850038528442,test,-1.7648782,-0.6630421,-1.2298104,-0.7073827,-0.29662925,-0.60007787,1.6957234
95.50003361628185,faint,-0.493,-1.243,9,0.7816656827926636,test,-0.49265015,-0.009834069,0.078364976,-1.1363444,-0.6290415,0.12016808,0.5629599
82.74147131640683,faint,-0.082,-1.653,8,0.45071643590927124,test,-0.08198834,-0.29429594,-0.09837466,-0.82005095,-1.3458796,-0.2872039,0.8920336
158.7849219073083,faint,-0.117,-1.619,15,0.7965893149375916,test,-0.116862535,-0.045057215,-0.13847591,0.0505635,-0.03852404,-0.10001495,0.26986957
251.8601790585016,faint,1.176,-2.911,25,0.9025978446006775,val,1.1759394,0.9272119,0.93610674,-0.7757184,-0.71834487,-0.7496425,0.18181872
166.9831851733892,faint,-0.724,-1.012,16,0.78502357006073,test,-0.72359705,0.6451763,-0.27200598,-0.963058,0.06223288,-1.1048003,0.8466048
78.65750445883639,faint,-0.665,-1.07,7,0.8213798999786377,test,-0.66515476,0.639997,0.041155368,-0.7943975,-0.34371707,-0.3071607,0.4251951
135.5467171291038,faint,-1.257,-0.478,13,0.7744893431663513,test,-1.25695,-0.10530587,-0.29744068,0.06699692,1.2426829,-0.8144745,0.68394166
178.05986575377082,faint,-1.308,-0.427,17,0.9041035175323486,test,-1.3083614,-0.8573112,-0.94068533,-1.3707188,-1.4186541,-0.1785208,0.74534446
83.1584869367264,faint,-1.399,-0.336,8,0.8890658617019653,test,-1.3991141,-0.60597193,-1.9619832,-0.95622486,-0.46097118,-0.110849135,0.9584506
99.69903841058748,faint,-0.719,-1.016,9,0.9532514214515686,test,-0.71933854,0.29981038,-0.17705269,-1.4130936,-0.14762229,-0.57028395,0.92035234
174.0500766381312,faint,-0.155,-1.58,17,0.7672895193099976,test,-0.15546799,-0.15992971,-0.8780816,-0.9755969,-0.93761235,-0.23781472,0.91007316
208.73524099008043,faint,-0.199,-1.536,20,0.5799641013145447,test,-0.1994569,-0.16494794,-0.6307557,-1.2188323,-0.59546185,-0.1402421,0.8479316
746.1169267028718,faint,-0.211,-1.524,74,0.9417903423309326,test,-0.211293,0.6440784,0.3231676,-1.4235055,-0.40667224,-0.572453,0.7095988
25.080731423219355,faint,-1.385,-0.35,2,0.8589571714401245,train,-1.3850555,0.50833976,-0.45918494,-1.252999,0.8812104,-0.44995648,0.9315349
69.88880908769343,faint,-1.071,-0.665,6,0.8768052458763123,train,-1.0706799,-2.581047,-1.9931719,-0.0039646477,0.29044032,0.38637847,0.9746878
87.29572887093889,bold,-3.491,1.755,8,0.8854673504829407,train,-3.4907994,-1.5432801,-1.2277656,-0.108828105,0.72011906,-1.0714782,1.361521
99.65184210313748,faint,-0.816,-0.919,9,0.8964129686355591,train,-0.8161372,-0.6321547,-0.09437897,-0.22217527,0.64301825,0.19608915,0.61456996
285.0545337326744,faint,0.624,-2.359,28,0.9479663968086243,train,0.6237585,0.059390616,0.20518403,-0.9266784,-1.1713262,0.20469765,0.48745066
135.68917699350106,faint,-0.9,-0.835,13,0.8659322261810303,train,-0.89996386,-1.2924042,-1.4296396,-0.48098817,-0.67974305,-0.18938418,0.78933877
173.2784935564092,faint,0.763,-2.499,17,0.8957382440567017,train,0.7631827,-0.07174204,0.09426959,-0.79284656,-1.4208449,0.5966495,0.28053162
260.5199569958343,faint,-0.926,-0.81,26,0.9253637790679932,train,-0.92554003,-0.014561693,-0.4204039,-0.4040383,-0.2832322,-1.2440176,0.810613
91.62351952921571,bold,-3.332,1.597,9,0.8584323525428772,test,-3.3319223,-3.2493618,-2.642569,-0.76309997,0.2505879,-1.4396205,1.1698794
41.002267124064986,bold,-5.504,3.769,4,0.2986019551753998,test,-5.504395,-0.97616637,-3.5022025,-2.053186,8.775907,-3.4073715,1.3609062
254.52307169805448,faint,-1.503,-0.232,25,0.5809075832366943,test,-1.5029936,-0.80164284,-1.1860851,-0.45621952,-0.31559527,-0.018212525,0.480628
122.29237357857224,faint,-1.522,-0.214,12,0.7566419243812561,test,-1.5218318,-1.140165,-0.88784814,0.1409511,0.845554,-0.2870563,0.5605477
142.18757218398724,bold,-6.531,4.796,14,0.9053804278373718,test,-6.530933,-3.8904536,-2.4246173,-1.4467491,-0.4779255,-0.4595253,0.93693495
42.30007501802362,faint,-1.492,-0.244,4,0.6716355085372925,test,-1.491698,-1.9750801,-2.344244,-1.7783581,-0.51549065,-0.022053555,0.94258755
464.07897459779616,bold,-5.561,3.825,46,0.9330962896347046,train,-5.5607452,-2.8333995,-2.163433,-0.864643,1.070076,-1.5679874,1.1315472
223.43223378895823,bold,-1.766,0.031,22,0.9116533398628235,train,-1.7663996,-2.0265734,-0.6943392,-1.7799064,-2.8873572,-0.92054194,0.64621615
137.41485355421105,faint,0.953,-2.688,13,0.9112219214439392,train,0.9529421,0.25451487,0.7783055,-1.0407376,-0.9239693,-0.27672684,0.7353893
119.38186989901372,faint,-1.016,-0.72,11,0.894275963306427,train,-1.0156392,-0.7137282,-1.0854473,-2.5631988,-2.3989527,0.4068187,0.75967026
325.1239273265113,bold,-2.94,1.204,32,0.9223061800003052,train,-2.9395938,-0.7194233,-1.961319,-0.16077225,2.374346,-1.8236306,0.93050116
59.26091862597516,faint,0.291,-2.026,5,0.9304602742195129,train,0.29099578,0.7810227,0.36768296,-0.21567222,0.38514328,0.013085044,0.32437482
58.60615309920389,faint,-1.05,-0.685,5,0.9083394408226013,train,-1.0500609,-1.8298295,-1.1695846,-0.46246728,-0.95360786,0.04901588,0.6086559
78.28542302853651,bold,-5.099,3.363,7,0.9083863496780396,train,-5.09859,-2.826711,-3.2614233,0.21965483,0.78503513,0.22608946,0.6386038
85.36166484019483,faint,-1.703,-0.032,8,0.9298247694969177,train,-1.7032597,-1.1392385,-1.2709439,-0.9528545,0.12642276,-1.1103337,0.8464626
202.15963683520445,bold,-6.039,4.303,20,0.9275557994842529,train,-6.038642,-3.3734875,-2.3624399,-0.025717368,0.1144284,-1.3120217,0.79723245
66.5181880006976,bold,-2.88,1.144,6,0.9030985236167908,train,-2.8798275,-2.7220225,-2.5546722,-0.6558756,-0.30871692,0.19905108,0.6913372
732.2405439974799,faint,-1.185,-0.55,73,0.9439876079559326,train,-1.1850481,-0.47451067,-0.700799,-0.3310814,0.01714325,-0.5917077,0.9398632
186.81662536271958,faint,0.185,-1.92,18,0.972890317440033,train,0.18472835,0.44414353,1.0603721,0.39800632,0.71401036,-2.4106727,0.3515678
182.98846935002118,bold,-4.974,3.238,18,0.8813049793243408,train,-4.973846,-2.6184597,-2.506106,0.04919363,-0.413748,-0.45017383,1.1376781
102.96348661064175,bold,-2.212,0.477,10,0.8988373279571533,train,-2.2123263,-1.7948266,-1.2267076,-0.8756917,-0.07028025,-0.606256,1.4994717
84.70403368442399,bold,-1.876,0.14,8,0.9650869369506836,train,-1.8757577,-0.25269946,-0.52134705,-1.921443,1.0961607,-0.8581135,1.4313574
109.99461221254815,faint,-0.639,-1.097,10,0.9491317272186279,train,-0.63858485,-0.09451972,-0.96167386,-0.56788534,-1.077593,-0.037635736,0.62530977
207.99366080332004,bold,-4.074,2.339,20,0.949528694152832,test,-4.0742416,-2.2936952,-0.83539736,-1.175122,-0.30960423,-2.2487874,1.0026832
50.2126782027153,bold,-2.384,0.648,5,0.918662428855896,test,-2.3836882,-1.8342137,-0.52770346,-2.4670718,-1.5183265,-1.8178765,0.9205306
81.42585027082148,bold,-3.189,1.453,8,0.9038643836975098,test,-3.1886935,-3.0756507,-2.8615165,-0.52472353,1.0053334,-1.2094667,0.9936043
202.88502285282303,faint,-1.465,-0.271,20,0.7871581315994263,test,-1.4647365,-1.3086143,-1.5921971,-1.459754,-0.46405447,-0.26469088,0.70059514
124.48173374110873,bold,-3.483,1.747,12,0.8259753584861755,test,-3.4825795,-2.42586,-0.98314345,-0.37512943,-0.07965304,-1.0725746,0.8529155
68.42537418210792,bold,-3.813,2.078,6,0.7387058734893799,test,-3.813484,-3.235529,-1.9658395,-0.34413823,0.039102204,-0.76277304,0.856784
108.89602135012416,bold,-2.478,0.743,10,0.8156177997589111,test,-2.4779086,-1.8499143,-1.670017,-0.8370793,-0.13759415,-0.23039028,0.85860837
72.8431208882941,bold,-2.554,0.818,7,0.8276942372322083,test,-2.5538774,-2.166566,-2.4640114,-1.0561817,0.15673353,-0.17251377,1.422821
174.39145967611708,faint,-1.325,-0.411,17,0.9381037950515747,test,-1.3245409,-0.16454406,-0.23986503,-0.04327729,0.6128654,-1.6385155,0.86902976
139.19174194749002,faint,-0.979,-0.756,13,0.794222891330719,test,-0.9792229,-0.62061065,0.12477632,-1.9521087,-0.59573865,-1.1011078,0.58889294
64.2590164462992,bold,-1.861,0.125,6,0.718821108341217,test,-1.8605673,-1.5933483,-1.3667669,-2.5001416,-1.785424,0.133017,0.7890845
79.610188146251,bold,-6.065,4.329,7,0.787286102771759,test,-6.064677,-1.6207144,-1.5583736,-0.45977598,-0.27686164,-2.1038356,0.9401704
441.8740767332319,faint,-1.368,-0.368,44,0.9151260256767273,train,-1.3676708,-1.0216446,-0.9332291,-0.8556479,0.11156845,-1.552006,1.044122
174.00245642068572,faint,-1.093,-0.643,17,0.9188475012779236,test,-1.0926192,0.51650465,0.6587662,-1.0740106,-0.57402974,-0.7767657,0.5365697
119.1577288832435,bold,-3.729,1.993,11,0.8750854134559631,test,-3.7287984,-2.6368172,-2.8408184,-0.22883824,-0.24376193,-0.7728085,0.5148924
63.261666201659494,bold,-6.461,4.726,6,0.8455337285995483,train,-6.4609427,-5.652173,-4.2898088,0.55274725,1.0120155,-3.140593,1.2340292
280.3090114325893,bold,-4.313,2.577,28,0.9604842662811279,train,-4.3128653,-2.6509635,-3.8209949,-0.9580947,0.69418716,0.18146014,1.9681919
28.716486790467542,faint,-1.273,-0.463,2,0.8299764394760132,train,-1.2725551,-1.2152443,-1.6058347,-1.1758319,-0.0014163107,-0.5010334,1.1131754
113.57763334572088,faint,-0.512,-1.223,11,0.9197643399238586,train,-0.5123783,0.43906155,-0.7381433,-0.85240483,-0.31442183,-0.6599981,1.1387088
272.608531077346,faint,-1.253,-0.482,27,0.9341878890991211,train,-1.2531585,-1.4474612,-0.7853294,-1.0206268,0.69094115,-1.4482694,1.0745155
39.173344607972695,bold,-4.316,2.58,3,0.9151932001113892,train,-4.315786,-3.4580543,-3.8313146,-0.9514781,-1.220781,0.11545215,1.0900667
193.51429089659794,faint,-0.226,-1.51,19,0.8805726766586304,train,-0.22576086,-0.41046095,-0.17733479,-0.54478985,-0.4776204,0.21900915,0.5236254
48.8102039791378,faint,-0.249,-1.486,4,0.9640042185783386,train,-0.24894547,0.25624362,1.333766,-0.81023556,0.74861103,-0.8006184,0.40462455
122.44844562085999,faint,-1.621,-0.115,12,0.9167364239692688,train,-1.6206288,-0.5958866,-0.3121043,-0.5028167,-0.8234967,-0.91917676,0.5386311
175.14952407924008,faint,-0.67,-1.065,17,0.9122822880744934,train,-0.6702347,-0.6889251,-0.45546293,-0.75889367,-0.6666626,-0.010550622,0.43764758
157.55170626141617,faint,0.267,-2.002,15,0.9470793604850769,train,0.2669714,0.09060719,0.54172015,-1.2848972,-2.12395,-0.22720116,0.2732447
95.06369857969212,bold,-5.752,4.017,9,0.9063543677330017,train,-5.7523685,-4.3384547,-2.152692,0.8444867,0.72812927,-0.6364793,0.9238968
90.10176680052672,faint,-0.834,-0.901,9,0.920558750629425,train,-0.8340677,-1.0888108,-0.5779927,0.16367151,-0.22650732,-0.11054186,0.34074032
200.43354115880305,bold,-2.615,0.879,20,0.9079198837280273,test,-2.6148503,-0.75807065,-1.6568377,-0.46849602,-0.26781464,-1.2044966,0.7629729
72.23522396217575,faint,-1.135,-0.6,7,0.9244982600212097,train,-1.1353854,-0.289951,-0.3125098,-0.3356437,-0.12540337,-1.2681253,0.49457672
301.73110285465174,faint,-1.67,-0.065,30,0.9146389961242676,test,-1.6699543,-0.08818843,0.39658123,-0.4144602,0.19091126,-2.6811981,0.7678671
276.02497071091875,faint,-1.43,-0.305,27,0.9117169380187988,train,-1.4302254,-1.7096444,-0.7591319,-0.49277183,-0.488264,-0.73296,0.3026886
228.76486319114358,bold,-2.595,0.859,22,0.927024245262146,train,-2.5945053,-1.5206162,-1.4126357,-0.27546462,0.34341225,-1.4366553,0.47005254
151.52332281864236,bold,-3.651,1.916,15,0.8906723856925964,train,-3.6510005,-2.6360965,-2.3183692,-0.6139219,0.49178988,-0.8009526,0.67675793
127.44635740878422,faint,-1.211,-0.524,12,0.894853949546814,train,-1.2110844,0.43803757,-0.21864104,0.016832775,0.13731778,-1.697768,0.5422225
141.68979788569567,faint,-1.543,-0.193,14,0.7921059727668762,test,-1.5425339,-1.7436255,-1.0961857,-0.9473522,-0.7592249,-0.720925,0.79641795
254.36768442488054,bold,-3.619,1.884,25,0.8511372804641724,test,-3.6189556,-2.5889132,-2.4622517,-0.046873387,0.30530807,-0.82747006,1.1542339
30.65684997328451,faint,-1.273,-0.462,3,0.9561793208122253,test,-1.2732818,-1.0785459,-0.75910443,-0.7538726,0.7805294,-0.11425799,1.5088594
119.44124006871222,bold,-2.251,0.516,11,0.8450006246566772,test,-2.250993,-1.8409939,-1.5252315,-0.9305752,-0.47278392,-0.74906427,0.6747515
51.57907307346773,faint,0.388,-2.123,5,0.8115405440330505,test,0.38800249,0.41724634,-0.019822711,-0.65149575,-0.7713917,0.31060657,0.27126932
141.1611965343373,bold,-6.146,4.411,14,0.9712264537811279,test,-6.146061,-3.1601362,-2.978054,2.36087,1.2570529,-1.768721,1.0147564
373.0127881849876,bold,-3.078,1.342,37,0.8963369727134705,train,-3.0775146,-2.5465963,-2.089666,0.10655308,0.0045079296,-0.97804826,0.6978049
64.0904724025127,faint,-1.276,-0.459,6,0.9564014673233032,train,-1.276129,-1.0399355,-1.395632,-1.4426265,-1.7482681,0.2853185,0.5142435
104.70622762180884,bold,-2.524,0.789,10,0.8400073051452637,train,-2.5244732,-0.9813923,-1.5025682,-0.48374933,-0.35051143,-2.1404305,0.42461962
119.70338303433866,faint,-0.826,-0.909,11,0.9304713010787964,train,-0.826367,-0.91249293,-0.70438665,-1.2644826,-1.8699486,-0.5968002,0.18237638
169.81566277475184,faint,-1.101,-0.634,16,0.8936731219291687,train,-1.101083,-0.8702349,-1.5196121,-1.4065013,-2.3935332,0.34608415,0.31215334
234.23220957422583,faint,-1.222,-0.514,23,0.9292376637458801,train,-1.2216789,-0.42819884,-0.12353552,-0.5360944,-0.025136119,-0.45022082,0.33641052
68.76463665497256,bold,-3.605,1.87,6,0.8394659161567688,train,-3.6052861,-1.4047669,-2.4456172,-1.6810403,0.19070533,-2.287942,0.6836785
513.5703558195635,faint,-1.659,-0.077,51,0.9230095148086548,train,-1.6587778,-1.3086784,-1.0464555,-1.6760014,-1.4911608,-0.43783507,1.0445685
61.62440850022711,bold,-3.917,2.182,6,0.8399982452392578,unused,-3.9170275,0.04760696,0.5823858,1.731735,1.5850939,-2.3952699,1.0641432
82.48028254062628,faint,-1.012,-0.723,8,0.8754323124885559,unused,-1.0121309,0.859084,3.3218071,-0.96371984,-0.43026537,-3.4273176,0.56699437
168.01248763197324,faint,-1.236,-0.5,16,0.933614194393158,train,-1.2355219,0.09164478,-0.035289768,-1.1141473,-1.754844,-0.80954576,0.81393135
258.5962677667795,faint,-1.434,-0.301,25,0.9626594185829163,train,-1.4342686,0.2895196,0.57708204,0.18861975,0.5145082,-1.804212,0.7264061
114.76095135624495,faint,-0.786,-0.949,11,0.9291826486587524,test,-0.7860003,0.28610796,-0.15272771,0.5058229,0.61362004,-1.2719147,0.88513803
226.4377634950465,bold,-4.749,3.014,22,0.9329518675804138,test,-4.749322,-2.427207,-1.6817019,-0.46273065,0.6219995,-1.7337046,1.505712
146.18627273832647,bold,-2.121,0.386,14,0.9468701481819153,test,-2.1210968,-0.23464929,-0.21307881,0.16370738,0.28725272,-1.8694019,0.7851906
86.63103956681684,faint,-0.46,-1.275,8,0.45793500542640686,test,-0.459981,-0.70813525,-0.4168276,-0.2558207,-0.011896413,0.16578722,0.628676
79.3760780149223,faint,-0.228,-1.507,7,0.9319210648536682,train,-0.22798815,0.26197326,0.7944607,-0.76804256,-0.08910204,-0.95881444,0.2538966
154.52824674716305,faint,0.527,-2.262,15,0.9448150396347046,train,0.52688056,0.5442837,1.6961244,-0.6608532,-0.9296949,-1.8429624,0.038760304
112.57732394694222,bold,-1.998,0.262,11,0.9305237531661987,train,-1.9978197,-0.78766036,-0.8144471,-0.6701166,-0.57203597,-0.9461343,0.48684633
85.44272839633892,faint,-0.686,-1.05,8,0.9115723371505737,train,-0.6856204,-0.4254555,0.07836587,-0.65583223,-0.16793188,-0.5623943,0.41291296
26.328810246823878,faint,-1.652,-0.083,2,0.8811161518096924,train,-1.6520429,-2.273193,-0.9291982,0.5761937,-0.6460152,-0.6626919,0.6429918
109.72197969001641,bold,-2.197,0.462,10,0.9460671544075012,unused,-2.197192,-1.2094812,-0.96444553,-1.2405188,-0.1055128,-3.639684,0.62625176
112.14375240642809,faint,-1.261,-0.475,11,0.9558539986610413,train,-1.2607224,-0.3417635,-1.1327655,-2.0061877,-2.4458327,-1.0927342,0.5441451
149.06451914133726,bold,-4.877,3.142,14,0.9085689187049866,train,-4.8769503,-1.5922182,-1.6698959,0.33235794,2.4571476,-1.3678927,0.9877587
599.053575404507,faint,-1.411,-0.324,59,0.852230429649353,unused,-1.4114187,-1.1905053,-0.71960795,-0.3616563,0.21412052,-0.68564886,0.46878624
130.05595183347393,bold,-2.111,0.375,13,0.8454142808914185,unused,-2.1107895,0.2683458,-0.7463285,-1.0460541,0.46402004,-0.85194916,0.4381718
107.22470351506516,faint,-1.061,-0.674,10,0.8081885576248169,unused,-1.0612338,-1.2810197,-1.2276928,-0.6053448,0.0989902,-0.23356217,0.5792167
108.5224130697204,bold,-4.369,2.634,10,0.7672512531280518,unused,-4.3689,-3.2122693,-3.351791,0.48581833,1.1426048,-0.33848083,0.56029576
124.3431372371528,bold,-4.444,2.709,12,0.8508020043373108,train,-4.444337,-3.365408,-1.8408216,-0.16696897,0.2108256,-0.6728836,0.6219702
47.32479758303257,faint,-0.448,-1.288,4,0.7851522564888,unused,-0.44766986,-0.1257917,-0.82829654,-0.66295475,0.06365837,-1.2555567,0.4632175
127.61546905880324,faint,-0.87,-0.866,12,0.8065892457962036,unused,-0.86980206,-1.2397825,-1.5790043,-0.3364221,-0.16698179,0.3343078,0.27240354
62.175633247067566,faint,-0.947,-0.789,6,0.6245805621147156,unused,-0.9467314,-0.12988202,-1.480276,-1.217025,-0.5526524,-0.2266007,0.9046062
57.00320237948564,faint,-1.175,-0.561,5,0.6239657402038574,unused,-1.1748229,-0.8080168,-0.320155,-0.9471535,0.031965464,-1.1503619,0.6615635
125.64782819432342,faint,-1.489,-0.246,12,0.9347119927406311,unused,-1.4892137,-1.4607668,-1.2550786,-0.79639584,-0.6072503,-0.089734085,0.47780406
137.6278049543621,bold,-2.362,0.627,13,0.6699008345603943,unused,-2.3622558,-2.1937263,-2.3914464,-0.90651625,-0.44764924,0.4348847,0.59428704
375.85324071147664,bold,-1.986,0.25,37,0.7768261432647705,unused,-1.985583,-2.0378554,-1.8074807,-0.5255518,0.046968374,-0.51106477,0.82704854
114.00004390101653,faint,-1.208,-0.528,11,0.6107386350631714,unused,-1.2077372,-0.47793704,-1.4904903,-1.8354787,0.3211861,-0.68705547,1.1110427
101.45395236049956,bold,-4.572,2.837,10,0.9498178958892822,val,-4.572057,-0.8053193,-0.8138269,0.27562627,0.7889577,-3.5573509,0.9496925
94.53252048932723,faint,-1.731,-0.004,9,0.9265692830085754,train,-1.7314175,0.08901668,0.66740227,-1.719264,-0.85622513,-0.6895887,0.7252419
228.58873356712348,faint,-1.572,-0.164,22,0.9595381021499634,train,-1.5716385,-0.32218078,-0.5607294,0.08389023,0.4410628,-1.7289335,1.174864
446.3586362202606,faint,-0.628,-1.107,44,0.9611426591873169,val,-0.628361,-0.6210705,-0.4797145,-0.5188138,0.79659176,-2.4314632,1.2545267
83.33329115405498,faint,0.091,-1.826,8,0.9497371315956116,train,0.090987206,-0.75203884,-0.5169013,-0.5727302,-0.24176106,-1.249809,0.63920456
87.95035077674642,faint,-0.737,-0.998,8,0.9434577226638794,train,-0.73704237,-0.947525,-1.2125582,-0.070684746,0.76410604,0.09236106,0.98625505
69.83925163111799,faint,-0.909,-0.826,6,0.9361305832862854,train,-0.9090414,-0.7145925,-1.0959647,-1.6436855,-0.5641039,-0.03595142,0.6747236
71.61741379093324,faint,-0.268,-1.467,7,0.9524673223495483,train,-0.26792932,-0.28607765,-0.14740331,-0.47686845,0.532801,-0.0897221,0.71460146
173.33161068944133,faint,-0.793,-0.942,17,0.8049323558807373,unused,-0.7933317,-1.044832,-1.2429647,-0.7587322,-0.22052175,0.09865147,0.7029104
378.95937056848487,bold,-1.763,0.028,37,0.7132524251937866,val,-1.7634487,-1.5259207,-1.2234739,-0.6306948,0.78932714,-0.74613804,0.8569902
43.44070770779052,faint,-1.313,-0.422,4,0.38323062658309937,unused,-1.3132352,-1.2594569,-2.2554278,-1.3543779,-0.7219429,-0.0032386798,0.902103
520.122189141929,faint,-0.568,-1.167,52,0.7754712700843811,val,-0.56821,-0.13813105,0.15958826,-1.1777248,0.02905534,-1.4074467,0.5111982
62.92152370010723,faint,1.043,-2.778,6,0.9495564699172974,train,1.0428258,0.27390915,0.76836646,-0.81771016,-0.44104907,0.07325849,0.3020182
345.70785395491623,bold,-2.996,1.261,34,0.7902068495750427,val,-2.9962578,-1.3238802,-1.020973,-0.5011555,-0.3781106,-0.30793247,0.74369204
116.92084539381973,bold,-4.227,2.491,11,0.9066359996795654,unused,-4.2265773,-0.3047423,-1.3349357,-1.4138229,1.6068363,-4.0149355,1.7571578
243.2276679789411,bold,-3.593,1.857,24,0.6806884407997131,unused,-3.592778,-1.7585862,-2.078797,-1.1544449,0.23176295,-2.594501,1.3245666
97.3290189151584,bold,-1.849,0.114,9,0.6287751793861389,unused,-1.8490651,-0.07986555,-0.57678556,-1.7741127,-0.822625,-1.4393156,0.94406885
62.03663469054002,bold,-1.78,0.044,6,0.6020801067352295,val,-1.7796504,-1.4556001,-1.6150978,-2.5941384,1.630985,-2.5104983,0.7219603
267.6612022324758,bold,-3.809,2.073,26,0.8340228796005249,unused,-3.8086386,-2.801913,-2.0604486,-2.3328204,1.8138046,-3.349198,1.2895255
287.7356824651605,bold,-2.679,0.944,28,0.9183365702629089,unused,-2.6792796,-1.5894735,-1.118648,-0.6388062,-0.23253757,-1.0754426,1.0472435
433.104116220577,bold,-4.393,2.657,43,0.7883227467536926,unused,-4.3925962,-3.5802524,-2.5289848,-0.71442944,-0.23068272,-0.42624232,0.8679204
212.6525350704217,bold,-5.797,4.061,21,0.8650880455970764,train,-5.796722,-4.264892,-2.3896506,-0.06911314,0.41952184,-2.3859217,1.0498857
599.0567264998557,bold,-4.403,2.668,59,0.8220892548561096,train,-4.403156,-3.3171787,-3.7005844,-0.059610877,2.8511856,-0.70078284,0.74732167
57.20057773468734,bold,-4.526,2.791,5,0.8428460955619812,train,-4.526365,-3.6246867,-2.2758176,0.016662402,-0.19818714,0.5942672,0.90847373
70.7485054964196,bold,-2.587,0.852,7,0.8576115369796753,train,-2.5872328,-2.017057,-2.2861037,-0.40373486,0.6922881,0.44500223,0.6392096
149.93570293572142,bold,-5.663,3.928,14,0.8856315016746521,train,-5.662985,-3.5361557,-2.1345327,-0.053543527,-0.25029042,0.20002258,0.88052106
745.7977963386588,bold,-6.227,4.491,74,0.8573815822601318,unused,-6.2266726,-3.7856777,-2.9299548,1.0490937,0.38747457,-0.94703174,0.5282347
816.8900794661429,bold,-1.923,0.188,81,0.8457690477371216,unused,-1.9234376,-2.3806818,-1.7965409,-0.2545232,0.23588239,-1.0901234,0.5807502
249.01227735183963,bold,-4.481,2.745,24,0.786273717880249,unused,-4.480788,-1.0757076,0.1278313,0.04835898,1.3972039,-3.7432327,1.036964
248.1863299295522,faint,-1.324,-0.411,24,0.6314867734909058,unused,-1.3243332,-0.62443984,-0.809392,-2.585995,-2.723973,-0.70663655,0.9999092
172.14788913522548,faint,-0.606,-1.129,17,0.6074640154838562,unused,-0.6060805,1.7840227,2.304733,-0.81204927,0.45075023,-2.325431,0.35752892
241.9237237319903,bold,-3.715,1.98,24,0.7764414548873901,unused,-3.7153301,-0.74473614,-0.7288405,-1.2216355,0.937956,-3.2981324,1.3131522
242.325472286113,bold,-2.006,0.271,24,0.8199639916419983,unused,-2.0063903,0.46752286,0.37049583,-3.8669872,-2.9473302,-1.9679782,1.1463865
240.23481652776317,bold,-5.486,3.751,24,0.8280172348022461,unused,-5.486187,0.9329685,0.1373678,-4.288375,1.8750536,-3.430953,1.4667344
31.012372711847867,faint,-1.177,-0.559,3,0.8486455678939819,unused,-1.1765434,0.42494783,1.9287405,-0.7441317,1.989254,-1.0858747,0.92625004
121.2036228845694,faint,-0.481,-1.255,12,0.4702223837375641,unused,-0.48075512,0.6022235,-0.16552639,-1.6136134,-2.817244,-1.7097603,0.5263728
668.9560821633431,bold,-2.323,0.587,66,0.7487398386001587,unused,-2.322781,-0.49626863,-0.64988244,-0.44252285,-0.01013888,-1.7138987,0.56504965
135.1380205109602,faint,0.497,-2.233,13,0.9213098287582397,train,0.49729523,0.29252777,0.17913751,-0.2756546,-0.46301925,-0.09783681,0.2711358
67.84164577702354,bold,-4.002,2.267,6,0.9101625084877014,train,-4.0022755,-3.2150736,-3.6299248,-1.0428722,0.050587416,0.45117962,1.198493
50.84630463044155,faint,-1.299,-0.436,5,0.8630616068840027,train,-1.2991767,-1.0018896,-1.5710181,-1.3835334,-2.5729194,0.85486364,0.8070547
257.9884643991284,faint,-0.759,-0.977,25,0.18080255389213562,test,-0.75851077,-0.9301632,-0.41787845,-0.19849147,-0.2411041,0.18280345,0.46358442
133.70247443731702,bold,-1.967,0.231,13,0.5858579874038696,test,-1.9667763,-1.1282506,-1.6432625,0.39197612,1.120752,0.22912864,0.6308783
212.50737635754774,faint,-1.179,-0.557,21,0.8939433097839355,train,-1.1786216,-0.35398588,-0.52808166,-0.23715997,-0.86396563,-0.3402962,0.39472947
34.786504888293756,bold,-2.85,1.115,3,0.7344740033149719,train,-2.850349,-1.7048686,-0.66923195,0.57237095,5.504999,-0.7180751,0.6492921
89.09822287841612,faint,-0.978,-0.757,8,0.8354182839393616,train,-0.9783689,-1.6528084,-1.4635664,-0.09769897,-0.21834266,0.22199771,0.384918
174.56915189089727,faint,-0.217,-1.519,17,0.9121029376983643,train,-0.21654592,0.22620818,0.063264266,1.6892858,3.0764575,-0.579125,0.33107758
198.56451216569383,bold,-3.291,1.556,19,0.8469141125679016,test,-3.2911396,0.6248502,-0.14930063,0.35774386,1.4231234,-2.7106714,0.5782498
49.24138771382266,bold,-2.234,0.499,4,0.8131310939788818,test,-2.234271,1.0731292,0.06506248,-0.46060872,0.76613975,-1.8590138,0.69431794
82.916911511026,faint,-0.716,-1.019,8,0.9001490473747253,test,-0.7159512,-0.1761926,-0.0888986,0.34028563,0.11690753,-2.1294162,0.29859304
104.83394777509665,faint,-0.366,-1.37,10,0.9373473525047302,test,-0.36571416,0.0632019,0.18208113,-1.064436,-1.6231544,-0.84988165,0.4702478
149.7623142182469,faint,0.079,-1.815,14,0.8849965929985046,test,0.07938188,0.098009706,0.73566675,0.18169162,0.26827475,-0.71524906,0.25212303
72.05430721288941,faint,-0.257,-1.478,7,0.869905412197113,test,-0.2570919,0.44614252,0.7526347,0.6516444,0.87672186,-0.752737,0.30520248
155.07917766571688,faint,-0.931,-0.805,15,0.8900021314620972,train,-0.9306198,-0.23252726,0.32351786,0.17115921,-0.24006085,-1.0060412,0.31283665
123.5127479703013,faint,-0.768,-0.967,12,0.9410944581031799,train,-0.76824135,5.6583434e-05,0.021259185,-0.035924498,-1.1187192,-0.5242516,0.19276911
94.15600127962507,faint,0.761,-2.497,9,0.8262017369270325,test,0.76148,-0.011245049,0.5381478,-0.12623937,-0.43333846,-0.6533425,0.25159395
75.70608170357764,faint,-0.456,-1.279,7,0.8127149939537048,test,-0.45644236,-0.27801025,-0.6190187,-0.54690653,-0.49692976,-0.6708346,0.41315174
132.35951779699306,faint,0.242,-1.977,13,0.8911676406860352,train,0.24168055,-0.24420789,0.28800392,-0.7351643,-0.9746044,0.3341105,0.27959567
90.8476142565818,faint,0.456,-2.191,9,0.8492479920387268,train,0.45606196,-0.26528254,-0.007821128,-0.12907232,0.07856158,0.3938428,0.3523233
123.3751113473961,faint,0.332,-2.068,12,0.5137628316879272,test,0.33237392,0.110518984,-0.05194771,-1.0309246,-1.5316314,0.248828,0.22893606
84.20337617351677,faint,0.28,-2.015,8,0.7091103196144104,test,0.28004485,-0.030410245,-0.053388167,-0.5083473,-0.37633586,-0.3845501,0.3467216
50.076545264122146,faint,0.565,-2.3,5,0.736563503742218,test,0.56458056,0.097650595,-0.09273765,-0.755195,-0.53999406,0.23778936,0.37602472
146.10522562094374,faint,-0.848,-0.887,14,0.9292305111885071,train,-0.84841526,-0.57244086,-0.55895436,-0.26648912,-0.45931977,0.01779895,0.49054047
151.61364016234356,bold,-3.108,1.373,15,0.9299749732017517,train,-3.1082485,-2.3058887,-2.1485667,0.10912923,0.14634259,-0.5212531,0.88200164
158.20788978740927,faint,-0.35,-1.386,15,0.8538283705711365,test,-0.34963867,-0.40726915,-0.23367238,-0.43190068,-0.77334744,0.31096902,0.25274566
68.90173233052504,faint,-1.291,-0.444,6,0.7990032434463501,val,-1.291143,-1.6946268,-1.5318635,-0.22960888,1.1335058,0.38820744,0.5574994
194.56736207194953,faint,-0.096,-1.639,19,0.8952721357345581,train,-0.096089676,-0.1564174,-0.41662648,0.2783082,-0.046777356,-0.38630632,0.14073181
61.77541485382732,faint,0.421,-2.157,6,0.8939913511276245,train,0.42144734,-0.07864647,-0.020177651,-0.12862465,-0.4291899,-0.09086604,0.31673437
199.73089146264107,faint,0.507,-2.242,19,0.8511855602264404,train,0.50702214,0.10891164,0.16873133,-0.43238956,-1.2487003,-0.2323703,0.23247808
150.81836156830622,faint,-0.244,-1.491,15,0.8981503248214722,train,-0.24391837,-0.021937901,-0.5932867,0.08889762,-0.084078826,-0.08556319,0.17097473
89.22539705363435,faint,0.149,-1.884,8,0.8897528052330017,train,0.14874268,-0.35179937,-0.4449969,0.0097843185,0.02194567,0.034328446,0.1312843
58.349745735513785,bold,-2.066,0.33,5,0.7749635577201843,train,-2.065589,-1.7052118,-1.9005061,-0.44181976,0.4595602,0.32467505,0.22712636
147.2894876690213,faint,-0.699,-1.036,14,0.8032889366149902,val,-0.69907874,-0.8084512,-1.3859377,-0.09479597,-0.3252672,-0.5299386,0.23331821
83.14681881305333,faint,-0.196,-1.539,8,0.8380348086357117,train,-0.1964829,-0.19358975,0.37400317,0.33227783,0.58888054,-0.5449122,0.14325875
57.61889036934687,faint,-0.603,-1.133,5,0.8855494260787964,unused,-0.60280025,-0.7185781,-0.74386114,0.14311934,0.6893991,0.48699284,0.19211403
72.83814436051354,faint,-0.266,-1.469,7,0.6989076733589172,unused,-0.2659847,0.037778854,-0.0041914666,0.12439589,-0.71239376,-0.37655336,0.13806838
72.3150901803579,faint,-0.528,-1.207,7,0.06543006002902985,val,-0.5282506,-0.7776844,-0.9823182,0.5494427,-0.4698543,0.037169386,0.26801288
55.7400388085854,faint,-1.531,-0.205,5,0.8646319508552551,train,-1.5308455,-0.77367544,-0.51786405,-0.8825848,-1.6551836,0.81538147,0.6105856
153.49074632039495,faint,0.33,-2.065,15,0.9450411796569824,train,0.33004302,-0.10984755,0.54555607,-0.05697604,-0.13157836,0.14431857,0.20208472
37.63572965521687,faint,0.456,-2.191,3,0.8608614802360535,train,0.45586056,0.44869712,0.4759408,-0.33419365,0.024535222,-0.7598478,0.18559861
42.01860882253925,bold,-1.808,0.073,4,0.8141239285469055,train,-1.8081102,-1.2653086,-0.6650068,-0.29414475,0.22859564,-0.02292801,0.5032917
299.30459419427336,faint,-0.681,-1.054,29,0.8891618251800537,train,-0.6814396,0.6683289,2.2024527,0.9680156,1.5046916,-2.3845007,0.22826129
116.64363708787147,bold,-2.051,0.316,11,0.8950490355491638,unused,-2.0514343,-0.35627195,-0.5173858,0.8844499,0.35561883,-1.2793766,0.25787765
110.17155165573278,faint,-0.412,-1.323,11,0.755442202091217,unused,-0.41236538,-0.24406706,-0.43540156,0.07770285,-0.570962,0.1661003,0.17866832
36.06637399341773,faint,-1.049,-0.686,3,0.854223906993866,unused,-1.0494128,-2.2969658,-1.4052721,-0.6317318,0.67317194,-0.29981765,0.33124077
130.68411084379096,faint,-1.384,-0.351,13,0.9184941053390503,unused,-1.3840089,-0.051156405,-0.1852778,0.99934566,0.34237942,-1.0884299,0.22008213
153.87467635406477,bold,-2.055,0.319,15,0.9320173263549805,train,-2.0546534,-1.9063963,-1.776734,0.70400953,0.2728821,0.23412892,0.27963924
122.89317998720131,faint,0.01,-1.746,12,0.8675562143325806,train,0.010285042,-0.5287235,-0.6344773,0.02804813,0.08847047,0.09756008,0.22700569
155.94814214575368,faint,-0.803,-0.932,15,0.8429844379425049,train,-0.80297637,-1.0054207,-1.1101311,0.781379,1.5130072,-0.6403513,0.31458405
196.9909662363403,faint,-1.634,-0.102,19,0.8475737571716309,train,-1.6336799,-1.3269123,-2.122513,1.0089183,0.8622651,-0.40823478,0.33055842
100.8008189439395,faint,-0.026,-1.709,10,0.9050248265266418,train,-0.02648287,-0.68630004,-0.40204555,-0.7304069,-1.3801968,0.57300746,0.14032689
86.26466968747376,bold,-3.413,1.678,8,0.8775717616081238,train,-3.4130206,-1.0603228,-0.23764206,0.046235427,-0.36426795,-1.7099295,0.48825386
61.01984950310926,faint,-1.278,-0.458,6,0.8875975608825684,train,-1.2778585,1.4112914,1.5465227,0.9345628,1.6303141,-2.0410209,0.37640032
43.23221406121652,faint,-1.695,-0.04,4,0.7846512794494629,train,-1.6954534,-0.15745422,-0.41593522,-0.61120105,2.5234466,-2.1618652,1.5499065
66.11812131043727,faint,-0.24,-1.495,6,0.861697793006897,train,-0.24025273,0.35159796,0.66991967,-0.30859017,0.14352529,-0.6873674,0.5366541
159.27959577951347,bold,-2.413,0.678,15,0.7729567885398865,test,-2.412936,-0.77633256,-0.6354217,1.2688464,1.9396303,-3.437295,0.98984337
185.780734366336,faint,-1.036,-0.7,18,0.26758477091789246,val,-1.0358438,-0.36025465,-0.09239143,-0.062406655,-0.6042254,-0.65582436,0.25874728
78.36989260063527,faint,0.03,-1.765,7,0.8491610288619995,unused,0.029886952,-0.4455896,-0.17648827,-0.74527067,-0.36726007,-0.018989388,0.36761522
67.87442227043373,bold,-8.326,6.591,6,0.8252959847450256,val,-8.326456,-4.951319,-4.114913,1.9227544,2.4419808,-1.6039385,0.6015183
105.714377150845,faint,-0.059,-1.677,10,0.892356812953949,train,-0.058662176,0.17472526,0.19914964,-0.5849404,-1.4074961,0.1050419,0.20515221
89.00507070631527,faint,-0.384,-1.351,8,0.8520717620849609,train,-0.38434547,-0.27461818,-0.4996694,-0.25979662,0.117978096,-0.2534564,0.35307616
208.25025253266077,faint,-1.36,-0.376,20,0.9267469644546509,train,-1.359732,-0.700724,-1.2722489,0.5792712,2.2737048,0.6348873,0.4114867
130.89325068892683,bold,-4.015,2.279,13,0.8935567736625671,train,-4.0145445,-0.33672252,-2.1205857,-1.2988578,-0.82032144,-0.5061255,0.38460708
78.34646481649088,faint,-0.95,-0.785,7,0.9121347665786743,train,-0.9501459,-0.3291524,-0.3541787,1.2790761,2.1284842,-1.2778795,0.58891106
119.98126236534536,faint,0.432,-2.167,11,0.8830448985099792,train,0.43172297,-0.083103925,-0.0066535,-0.5471634,-0.39909306,0.5702799,0.21727443
83.29461755241088,faint,0.514,-2.249,8,0.9594641327857971,train,0.5140882,0.38527036,0.7411418,-0.43528032,-0.45658654,-0.8300017,0.28883314
91.38575036688746,faint,0.635,-2.37,9,0.8795363306999207,train,0.6349226,0.028198479,-0.023166494,-0.1265725,-0.30063182,0.7767385,0.37588882
145.86418522683715,faint,-0.238,-1.498,14,0.8757905960083008,train,-0.23763338,-0.3788008,-0.08207242,-0.14613661,-1.4706383,0.2732762,0.18053913
94.2717584633107,faint,-0.381,-1.355,9,0.8583018779754639,train,-0.38085186,-0.905906,-0.42027116,0.32464588,-0.20108578,0.12290295,0.47938
50.30266895432469,faint,-0.033,-1.703,5,0.8465681076049805,train,-0.03287952,-0.08084906,0.07517616,-0.06244095,0.26907697,-0.78732705,0.39794943
129.04256359132432,faint,-1.118,-0.617,12,0.8923678994178772,train,-1.1184784,-0.53654563,-0.22591388,0.25398666,0.31673527,-0.30683577,0.21202768
61.542354527349936,faint,0.507,-2.243,6,0.8435155153274536,train,0.5073682,0.48688146,0.4463877,-0.3800551,-0.38687328,-0.30401662,0.2074835
72.950966788088,faint,-0.714,-1.021,7,0.8628025650978088,train,-0.71397233,0.24834682,0.5358172,0.3147768,0.17121156,-0.5624827,0.34451836
73.65158483640828,faint,0.066,-1.802,7,0.7861253619194031,train,0.06623535,0.14013326,-0.51653457,0.28355157,-0.9207717,-0.34234267,0.34140673
114.22592991967088,bold,-4.085,2.349,11,0.7221792936325073,test,-4.0847883,-1.2481453,-0.7841797,-0.14502737,0.89899457,-2.8050666,0.8587475
45.732349327373825,bold,-3.731,1.996,4,0.5681135654449463,unused,-3.7309992,-0.35693967,-0.7131499,-0.32263047,1.979584,-3.093294,1.0128047
79.16510177012637,faint,0.12,-1.855,7,0.8730295896530151,unused,0.12010372,-0.40159124,-0.3399413,0.1586533,-0.19416247,-0.02929737,0.42120087
66.17092859018615,faint,-0.712,-1.024,6,0.8204565644264221,unused,-0.71159816,-0.17997518,0.1745665,-0.30078733,-0.86821264,-0.030891072,0.46795464
131.54502201005812,faint,-0.142,-1.593,13,0.8942599892616272,unused,-0.14228986,-0.43239656,-0.14360225,0.014433841,-0.25593665,-0.08521293,0.4491303
53.49429233633441,faint,-0.624,-1.111,5,0.8617620468139648,train,-0.6244746,-0.30642527,-0.4016595,0.6043526,-0.2978609,0.65224296,0.54529417
158.77428201767358,faint,-0.272,-1.464,15,0.9070243835449219,test,-0.27158356,-0.29792368,-0.3268591,0.29947865,0.48832452,-0.30523038,0.57802814
100.27790629878257,faint,-1.108,-0.627,10,0.9376270174980164,train,-1.1082062,-0.77274764,-0.23411235,-0.23343396,2.7149513,-2.6132138,0.8296167
63.521362503853425,bold,-2.698,0.963,6,0.9116604328155518,test,-2.6982374,-0.48030156,-0.81563586,0.24371484,0.9270606,-1.253089,0.5214312
117.58513582102097,faint,-0.287,-1.449,11,0.828930675983429,train,-0.2865977,-0.35149398,-0.72088844,-0.027526548,0.070541866,-1.414819,0.5058694
53.257343337147326,faint,-1.019,-0.717,5,0.9006590843200684,train,-1.0186269,0.3016275,-0.8233989,-0.6582414,0.4312974,-1.6718873,0.9060041
203.05183090946915,faint,-0.646,-1.089,20,0.8867014050483704,train,-0.6461426,-0.7595347,-0.39686185,0.06559008,1.7085673,-0.75072086,0.56533325
139.16054992889855,faint,0.578,-2.313,13,0.8929856419563293,train,0.57762057,-0.014208604,0.055725295,0.12849481,-0.5348034,0.28337947,0.20789047
53.644390048279824,faint,-0.152,-1.583,5,0.9470846652984619,train,-0.15242971,-0.51197845,0.030876782,-0.5291029,-0.20483035,0.7089276,0.50345635
69.77723793684937,bold,-2.95,1.215,6,0.5404930114746094,test,-2.95025,-2.1582909,-2.1701832,-0.14742056,1.715251,-1.0958701,0.75960153
170.04837846134058,faint,0.111,-1.847,17,0.7208231687545776,test,0.111395754,0.1171395,0.22634938,-0.6102897,-1.0511384,-0.5366729,0.361207
42.66115694958758,faint,-1.05,-0.685,4,0.8793738484382629,train,-1.0499327,-1.4102212,-1.56231,-0.71846795,-0.26422033,1.2578349,0.83198524
29.698233597383563,bold,-2.351,0.615,2,0.8581398129463196,train,-2.3508348,-1.1438255,-3.1645582,-1.4258105,0.08665791,-1.4399085,0.37056214
110.76716845333327,faint,-0.995,-0.74,11,0.3081074059009552,test,-0.9950047,-0.47152272,-0.39314124,0.27916324,1.0269864,-1.195374,0.76338434
135.9539595600292,faint,0.591,-2.327,13,0.9668735861778259,train,0.5914816,0.2828836,0.5128728,0.30928463,0.19482668,-0.7159733,0.31082976
72.62029354158325,faint,0.135,-1.87,7,0.7888907790184021,unused,0.13506092,-0.50082916,0.33473843,-0.3593372,-1.2525568,0.24080108,0.5793963
33.866025323851815,faint,0.134,-1.869,3,0.8592444062232971,unused,0.13356233,-0.6151214,-0.54366165,-0.41185087,-0.96675944,0.8143855,0.49555832
202.9611697558874,faint,-0.25,-1.486,20,0.6364739537239075,unused,-0.24967304,0.040321473,0.038387235,-0.7703507,-1.1908424,-0.5024831,0.4134071
231.6038366290618,faint,-1.144,-0.591,23,0.7387163043022156,unused,-1.1443865,-0.38634723,-0.674214,-0.7483227,-0.68248063,-0.37019104,0.48382163
106.28791106557425,faint,-0.883,-0.852,10,0.17661400139331818,unused,-0.88345087,0.25874087,-0.13204297,0.93743813,1.4723816,-3.1542664,0.67946315
82.20558703351868,faint,-0.038,-1.698,8,0.6659132838249207,unused,-0.037780885,-0.47055888,-0.89749074,-1.5986922,-1.8426692,0.012365311,0.44880122
37.29199330404525,faint,-0.997,-0.738,3,0.7815356254577637,train,-0.9969445,-0.49730214,-1.0002284,0.07291307,-0.24006419,-1.0204293,0.12664953
