area,block,tile,angle,at_ground_returns,pct_called_ground
"PA WesternPA 2019 D20  (Venango, QL2)",Venango 2020-03,17TPF619593,0.5,108921,98.68895805216626
"PA WesternPA 2019 D20  (Venango, QL2)",Venango 2020-03,17TPF619593,1.5,109347,98.76539822766055
"PA WesternPA 2019 D20  (Venango, QL2)",Venango 2020-03,17TPF619593,2.5,109304,98.93965454146236
"PA WesternPA 2019 D20  (Venango, QL2)",Venango 2020-03,17TPF619593,3.5,110294,99.13413240974124
"PA WesternPA 2019 D20  (Venango, QL2)",Venango 2020-03,17TPF619593,4.5,110829,99.11034115619556
"PA WesternPA 2019 D20  (Venango, QL2)",Venango 2020-03,17TPF619593,5.5,123696,99.0363471737162
"PA WesternPA 2019 D20  (Venango, QL2)",Venango 2020-03,17TPF619593,6.5,153384,99.00511135450894
"PA WesternPA 2019 D20  (Venango, QL2)",Venango 2020-03,17TPF619593,7.5,118554,98.99455100629248
"PA WesternPA 2019 D20  (Venango, QL2)",Venango 2020-03,17TPF619593,8.5,107366,98.45947506659463
"PA WesternPA 2019 D20  (Venango, QL2)",Venango 2020-03,17TPF619593,9.5,107613,98.3440662373505
"PA WesternPA 2019 D20  (Venango, QL2)",Venango 2020-03,17TPF619593,10.5,107362,97.93595499338686
"PA WesternPA 2019 D20  (Venango, QL2)",Venango 2020-03,17TPF619593,11.5,106387,97.1293485106263
"PA WesternPA 2019 D20  (Venango, QL2)",Venango 2020-03,17TPF619593,12.5,106753,97.09610034378426
"PA WesternPA 2019 D20  (Venango, QL2)",Venango 2020-03,17TPF619593,13.5,107224,97.33361933895397
"PA WesternPA 2019 D20  (Venango, QL2)",Venango 2020-03,17TPF619593,14.5,107765,97.61796501647102
"PA WesternPA 2019 D20  (Venango, QL2)",Venango 2020-03,17TPF619593,15.5,111793,91.99681554301252
"PA WesternPA 2019 D20  (Venango, QL2)",Venango 2020-03,17TPF619593,16.5,118804,88.67378202754117
"PA WesternPA 2019 D20  (Venango, QL2)",Venango 2020-03,17TPF619593,17.5,136652,89.5186312677458
"PA WesternPA 2019 D20  (Venango, QL2)",Venango 2020-03,17TPF619593,18.5,197308,0.0
"PA WesternPA 2019 D20  (Venango, QL2)",Venango 2020-03,17TPF619593,19.5,175755,0.0
"PA WesternPA 2019 D20  (Venango, QL2)",Venango 2020-03,17TPF619594,0.5,110072,98.74354967657534
"PA WesternPA 2019 D20  (Venango, QL2)",Venango 2020-03,17TPF619594,1.5,111165,98.74240993118336
"PA WesternPA 2019 D20  (Venango, QL2)",Venango 2020-03,17TPF619594,2.5,110440,98.94603404563564
"PA WesternPA 2019 D20  (Venango, QL2)",Venango 2020-03,17TPF619594,3.5,111735,98.85711728643666
"PA WesternPA 2019 D20  (Venango, QL2)",Venango 2020-03,17TPF619594,4.5,127300,98.53967007069912
"PA WesternPA 2019 D20  (Venango, QL2)",Venango 2020-03,17TPF619594,5.5,166754,98.41922832435804
"PA WesternPA 2019 D20  (Venango, QL2)",Venango 2020-03,17TPF619594,6.5,146112,98.4771955759965
"PA WesternPA 2019 D20  (Venango, QL2)",Venango 2020-03,17TPF619594,7.5,113954,98.44761921477088
"PA WesternPA 2019 D20  (Venango, QL2)",Venango 2020-03,17TPF619594,8.5,113002,97.9717173147378
"PA WesternPA 2019 D20  (Venango, QL2)",Venango 2020-03,17TPF619594,9.5,113599,97.96653139552284
"PA WesternPA 2019 D20  (Venango, QL2)",Venango 2020-03,17TPF619594,10.5,114062,97.83626448773474
"PA WesternPA 2019 D20  (Venango, QL2)",Venango 2020-03,17TPF619594,11.5,113208,97.5991096035616
"PA WesternPA 2019 D20  (Venango, QL2)",Venango 2020-03,17TPF619594,12.5,114009,97.2844249138226
"PA WesternPA 2019 D20  (Venango, QL2)",Venango 2020-03,17TPF619594,13.5,114771,97.40613918150056
"PA WesternPA 2019 D20  (Venango, QL2)",Venango 2020-03,17TPF619594,14.5,115618,97.03333390994482
"PA WesternPA 2019 D20  (Venango, QL2)",Venango 2020-03,17TPF619594,15.5,119672,91.28868908349487
"PA WesternPA 2019 D20  (Venango, QL2)",Venango 2020-03,17TPF619594,16.5,128275,88.51841746248294
"PA WesternPA 2019 D20  (Venango, QL2)",Venango 2020-03,17TPF619594,17.5,146678,88.2756786975552
"PA WesternPA 2019 D20  (Venango, QL2)",Venango 2020-03,17TPF619594,18.5,208402,0.0
"PA WesternPA 2019 D20  (Venango, QL2)",Venango 2020-03,17TPF619594,19.5,208796,0.0
"PA WesternPA 2019 D20  (Venango, QL2)",Venango 2020-03,17TPF619596,0.5,107711,98.25737389867332
"PA WesternPA 2019 D20  (Venango, QL2)",Venango 2020-03,17TPF619596,1.5,107938,97.95252830328522
"PA WesternPA 2019 D20  (Venango, QL2)",Venango 2020-03,17TPF619596,2.5,107209,97.85279220960926
"PA WesternPA 2019 D20  (Venango, QL2)",Venango 2020-03,17TPF619596,3.5,109013,98.55154889783788
"PA WesternPA 2019 D20  (Venango, QL2)",Venango 2020-03,17TPF619596,4.5,147882,98.72398263480342
"PA WesternPA 2019 D20  (Venango, QL2)",Venango 2020-03,17TPF619596,5.5,161841,99.00210700625924
"PA WesternPA 2019 D20  (Venango, QL2)",Venango 2020-03,17TPF619596,6.5,114134,99.24825205460247
"PA WesternPA 2019 D20  (Venango, QL2)",Venango 2020-03,17TPF619596,7.5,110315,99.2666455151158
"PA WesternPA 2019 D20  (Venango, QL2)",Venango 2020-03,17TPF619596,8.5,109533,99.23036892991152
"PA WesternPA 2019 D20  (Venango, QL2)",Venango 2020-03,17TPF619596,9.5,110484,99.05416168857028
"PA WesternPA 2019 D20  (Venango, QL2)",Venango 2020-03,17TPF619596,10.5,110343,98.91973210806304
"PA WesternPA 2019 D20  (Venango, QL2)",Venango 2020-03,17TPF619596,11.5,109669,98.8620302911488
"PA WesternPA 2019 D20  (Venango, QL2)",Venango 2020-03,17TPF619596,12.5,110507,98.72406272905788
"PA WesternPA 2019 D20  (Venango, QL2)",Venango 2020-03,17TPF619596,13.5,110665,98.45841051823068
"PA WesternPA 2019 D20  (Venango, QL2)",Venango 2020-03,17TPF619596,14.5,111655,97.6919976713985
"PA WesternPA 2019 D20  (Venango, QL2)",Venango 2020-03,17TPF619596,15.5,115698,93.15027053190202
"PA WesternPA 2019 D20  (Venango, QL2)",Venango 2020-03,17TPF619596,16.5,123526,89.36823017016661
"PA WesternPA 2019 D20  (Venango, QL2)",Venango 2020-03,17TPF619596,17.5,141959,88.82423798420672
"PA WesternPA 2019 D20  (Venango, QL2)",Venango 2020-03,17TPF619596,18.5,204230,0.0
"PA WesternPA 2019 D20  (Venango, QL2)",Venango 2020-03,17TPF619596,19.5,195233,0.0
"PA WesternPA 2019 D20  (Venango, QL2)",Venango 2020-03,17TPF621594,0.5,111247,97.42195295154026
"PA WesternPA 2019 D20  (Venango, QL2)",Venango 2020-03,17TPF621594,1.5,111979,97.05212584502452
"PA WesternPA 2019 D20  (Venango, QL2)",Venango 2020-03,17TPF621594,2.5,113563,96.87838468515272
"PA WesternPA 2019 D20  (Venango, QL2)",Venango 2020-03,17TPF621594,3.5,148376,96.9179651695692
"PA WesternPA 2019 D20  (Venango, QL2)",Venango 2020-03,17TPF621594,4.5,149166,96.88333802609174
"PA WesternPA 2019 D20  (Venango, QL2)",Venango 2020-03,17TPF621594,5.5,110096,96.514859758756
"PA WesternPA 2019 D20  (Venango, QL2)",Venango 2020-03,17TPF621594,6.5,109494,96.9368184558058
"PA WesternPA 2019 D20  (Venango, QL2)",Venango 2020-03,17TPF621594,7.5,110451,97.19604168364252
"PA WesternPA 2019 D20  (Venango, QL2)",Venango 2020-03,17TPF621594,8.5,109833,97.39149435961868
"PA WesternPA 2019 D20  (Venango, QL2)",Venango 2020-03,17TPF621594,9.5,110470,97.329591744365
"PA WesternPA 2019 D20  (Venango, QL2)",Venango 2020-03,17TPF621594,10.5,110793,97.07472493749604
"PA WesternPA 2019 D20  (Venango, QL2)",Venango 2020-03,17TPF621594,11.5,109590,97.4249475317091
"PA WesternPA 2019 D20  (Venango, QL2)",Venango 2020-03,17TPF621594,12.5,110926,97.01602870382057
"PA WesternPA 2019 D20  (Venango, QL2)",Venango 2020-03,17TPF621594,13.5,111108,96.27929582028295
"PA WesternPA 2019 D20  (Venango, QL2)",Venango 2020-03,17TPF621594,14.5,111220,95.51339687106636
"PA WesternPA 2019 D20  (Venango, QL2)",Venango 2020-03,17TPF621594,15.5,115468,91.48335469567326
"PA WesternPA 2019 D20  (Venango, QL2)",Venango 2020-03,17TPF621594,16.5,122795,87.59884360112382
"PA WesternPA 2019 D20  (Venango, QL2)",Venango 2020-03,17TPF621594,17.5,139476,85.52008947775963
"PA WesternPA 2019 D20  (Venango, QL2)",Venango 2020-03,17TPF621594,18.5,195072,0.0
"PA WesternPA 2019 D20  (Venango, QL2)",Venango 2020-03,17TPF621594,19.5,191103,0.0
"PA WesternPA 2019 D20  (Venango, QL2)",Venango 2020-03,17TPF621596,0.5,113991,99.73594406575955
"PA WesternPA 2019 D20  (Venango, QL2)",Venango 2020-03,17TPF621596,1.5,114275,99.68147013782544
"PA WesternPA 2019 D20  (Venango, QL2)",Venango 2020-03,17TPF621596,2.5,130700,99.5646518745218
"PA WesternPA 2019 D20  (Venango, QL2)",Venango 2020-03,17TPF621596,3.5,165039,99.39771811511218
"PA WesternPA 2019 D20  (Venango, QL2)",Venango 2020-03,17TPF621596,4.5,130391,99.22080511691756
"PA WesternPA 2019 D20  (Venango, QL2)",Venango 2020-03,17TPF621596,5.5,111636,99.13737504030958
"PA WesternPA 2019 D20  (Venango, QL2)",Venango 2020-03,17TPF621596,6.5,112097,98.72877953914912
"PA WesternPA 2019 D20  (Venango, QL2)",Venango 2020-03,17TPF621596,7.5,111449,98.28082800204578
"PA WesternPA 2019 D20  (Venango, QL2)",Venango 2020-03,17TPF621596,8.5,110114,98.27542365185172
"PA WesternPA 2019 D20  (Venango, QL2)",Venango 2020-03,17TPF621596,9.5,111146,98.3058319687618
"PA WesternPA 2019 D20  (Venango, QL2)",Venango 2020-03,17TPF621596,10.5,111108,98.3817546891313
"PA WesternPA 2019 D20  (Venango, QL2)",Venango 2020-03,17TPF621596,11.5,110714,98.15831782791696
"PA WesternPA 2019 D20  (Venango, QL2)",Venango 2020-03,17TPF621596,12.5,112012,98.35106952826484
"PA WesternPA 2019 D20  (Venango, QL2)",Venango 2020-03,17TPF621596,13.5,112310,98.55133113703144
"PA WesternPA 2019 D20  (Venango, QL2)",Venango 2020-03,17TPF621596,14.5,112853,98.01688922757924
"PA WesternPA 2019 D20  (Venango, QL2)",Venango 2020-03,17TPF621596,15.5,116387,94.3576172596596
"PA WesternPA 2019 D20  (Venango, QL2)",Venango 2020-03,17TPF621596,16.5,123367,90.56068478604487
"PA WesternPA 2019 D20  (Venango, QL2)",Venango 2020-03,17TPF621596,17.5,137771,89.68796045611921
"PA WesternPA 2019 D20  (Venango, QL2)",Venango 2020-03,17TPF621596,18.5,178661,0.0
"PA WesternPA 2019 D20  (Venango, QL2)",Venango 2020-03,17TPF621596,19.5,270490,0.0
"PA WesternPA 2019 D20  (Venango, QL2)",Venango 2020-03,17TPF621593,0.5,106836,98.6100190946872
"PA WesternPA 2019 D20  (Venango, QL2)",Venango 2020-03,17TPF621593,1.5,106826,98.6913298260723
"PA WesternPA 2019 D20  (Venango, QL2)",Venango 2020-03,17TPF621593,2.5,105887,98.52106490881788
"PA WesternPA 2019 D20  (Venango, QL2)",Venango 2020-03,17TPF621593,3.5,109320,98.41017197219172
"PA WesternPA 2019 D20  (Venango, QL2)",Venango 2020-03,17TPF621593,4.5,149520,97.49933119315142
"PA WesternPA 2019 D20  (Venango, QL2)",Venango 2020-03,17TPF621593,5.5,148208,97.08922595271513
"PA WesternPA 2019 D20  (Venango, QL2)",Venango 2020-03,17TPF621593,6.5,119210,96.37446522942706
"PA WesternPA 2019 D20  (Venango, QL2)",Venango 2020-03,17TPF621593,7.5,111993,96.0738617592171
"PA WesternPA 2019 D20  (Venango, QL2)",Venango 2020-03,17TPF621593,8.5,111012,95.84999819839295
"PA WesternPA 2019 D20  (Venango, QL2)",Venango 2020-03,17TPF621593,9.5,111236,95.16523427667302
"PA WesternPA 2019 D20  (Venango, QL2)",Venango 2020-03,17TPF621593,10.5,110051,94.5116355144433
"PA WesternPA 2019 D20  (Venango, QL2)",Venango 2020-03,17TPF621593,11.5,110361,93.9199536067995
"PA WesternPA 2019 D20  (Venango, QL2)",Venango 2020-03,17TPF621593,12.5,109700,93.42206016408386
"PA WesternPA 2019 D20  (Venango, QL2)",Venango 2020-03,17TPF621593,13.5,109209,92.20027653398527
"PA WesternPA 2019 D20  (Venango, QL2)",Venango 2020-03,17TPF621593,14.5,108841,87.08023630800893
"PA WesternPA 2019 D20  (Venango, QL2)",Venango 2020-03,17TPF621593,15.5,108011,84.75803390395423
"PA WesternPA 2019 D20  (Venango, QL2)",Venango 2020-03,17TPF621593,16.5,116412,84.3461155207367
"PA WesternPA 2019 D20  (Venango, QL2)",Venango 2020-03,17TPF621593,17.5,141829,84.25427803904702
"PA WesternPA 2019 D20  (Venango, QL2)",Venango 2020-03,17TPF621593,18.5,204513,0.0
"PA WesternPA 2019 D20  (Venango, QL2)",Venango 2020-03,17TPF621593,19.5,147730,0.0
"PA WesternPA 2019 D20  (Venango, QL2)",Venango 2020-03,17TPF622596,0.5,115267,98.27704373324542
"PA WesternPA 2019 D20  (Venango, QL2)",Venango 2020-03,17TPF622596,1.5,153318,98.37853350552447
"PA WesternPA 2019 D20  (Venango, QL2)",Venango 2020-03,17TPF622596,2.5,143643,98.5352575482272
"PA WesternPA 2019 D20  (Venango, QL2)",Venango 2020-03,17TPF622596,3.5,110461,98.72805786657734
"PA WesternPA 2019 D20  (Venango, QL2)",Venango 2020-03,17TPF622596,4.5,106433,98.4046301429068
"PA WesternPA 2019 D20  (Venango, QL2)",Venango 2020-03,17TPF622596,5.5,104921,97.9022312025238
"PA WesternPA 2019 D20  (Venango, QL2)",Venango 2020-03,17TPF622596,6.5,105882,97.87404846905044
"PA WesternPA 2019 D20  (Venango, QL2)",Venango 2020-03,17TPF622596,7.5,103288,97.95523197273644
"PA WesternPA 2019 D20  (Venango, QL2)",Venango 2020-03,17TPF622596,8.5,99772,97.855109650002
"PA WesternPA 2019 D20  (Venango, QL2)",Venango 2020-03,17TPF622596,9.5,103418,97.92685992767215
"PA WesternPA 2019 D20  (Venango, QL2)",Venango 2020-03,17TPF622596,10.5,101351,97.65961855334432
"PA WesternPA 2019 D20  (Venango, QL2)",Venango 2020-03,17TPF622596,11.5,98118,97.2961128437188
"PA WesternPA 2019 D20  (Venango, QL2)",Venango 2020-03,17TPF622596,12.5,102100,96.7904015670911
"PA WesternPA 2019 D20  (Venango, QL2)",Venango 2020-03,17TPF622596,13.5,104774,97.08133697291312
"PA WesternPA 2019 D20  (Venango, QL2)",Venango 2020-03,17TPF622596,14.5,106652,94.30202902899148
"PA WesternPA 2019 D20  (Venango, QL2)",Venango 2020-03,17TPF622596,15.5,110912,91.19482111944605
"PA WesternPA 2019 D20  (Venango, QL2)",Venango 2020-03,17TPF622596,16.5,119332,89.65072235443972
"PA WesternPA 2019 D20  (Venango, QL2)",Venango 2020-03,17TPF622596,17.5,138070,87.33975519663939
"PA WesternPA 2019 D20  (Venango, QL2)",Venango 2020-03,17TPF622596,18.5,217746,0.0
"PA WesternPA 2019 D20  (Venango, QL2)",Venango 2020-03,17TPF622596,19.5,130475,0.0
"PA WesternPA 2019 D20  (Venango, QL2)",Venango 2020-03,17TPF622593,0.5,112692,97.10804671139034
"PA WesternPA 2019 D20  (Venango, QL2)",Venango 2020-03,17TPF622593,1.5,116294,97.11850998331816
"PA WesternPA 2019 D20  (Venango, QL2)",Venango 2020-03,17TPF622593,2.5,150677,96.75531102955328
"PA WesternPA 2019 D20  (Venango, QL2)",Venango 2020-03,17TPF622593,3.5,164406,96.87967592423634
"PA WesternPA 2019 D20  (Venango, QL2)",Venango 2020-03,17TPF622593,4.5,123123,97.1232020012508
"PA WesternPA 2019 D20  (Venango, QL2)",Venango 2020-03,17TPF622593,5.5,108644,97.43290011413424
"PA WesternPA 2019 D20  (Venango, QL2)",Venango 2020-03,17TPF622593,6.5,110163,97.86679738206114
"PA WesternPA 2019 D20  (Venango, QL2)",Venango 2020-03,17TPF622593,7.5,110798,97.98462066102276
"PA WesternPA 2019 D20  (Venango, QL2)",Venango 2020-03,17TPF622593,8.5,109980,97.8850700127296
"PA WesternPA 2019 D20  (Venango, QL2)",Venango 2020-03,17TPF622593,9.5,110454,97.85793180871674
"PA WesternPA 2019 D20  (Venango, QL2)",Venango 2020-03,17TPF622593,10.5,110209,97.63812392817285
"PA WesternPA 2019 D20  (Venango, QL2)",Venango 2020-03,17TPF622593,11.5,108847,97.30263580989828
"PA WesternPA 2019 D20  (Venango, QL2)",Venango 2020-03,17TPF622593,12.5,109311,96.71853701823238
"PA WesternPA 2019 D20  (Venango, QL2)",Venango 2020-03,17TPF622593,13.5,110164,95.74361860498892
"PA WesternPA 2019 D20  (Venango, QL2)",Venango 2020-03,17TPF622593,14.5,112039,92.77126714804666
"PA WesternPA 2019 D20  (Venango, QL2)",Venango 2020-03,17TPF622593,15.5,118782,87.97292519068546
"PA WesternPA 2019 D20  (Venango, QL2)",Venango 2020-03,17TPF622593,16.5,130311,86.2766765660612
"PA WesternPA 2019 D20  (Venango, QL2)",Venango 2020-03,17TPF622593,17.5,160727,86.50817846410372
"PA WesternPA 2019 D20  (Venango, QL2)",Venango 2020-03,17TPF622593,18.5,290007,0.0
"PA WesternPA 2019 D20  (Venango, QL2)",Venango 2020-03,17TPF622593,19.5,8293,0.0
"PA WesternPA 2019 D20  (Venango, QL2)",Venango 2020-03,17TPF622594,0.5,112072,95.84463559140552
"PA WesternPA 2019 D20  (Venango, QL2)",Venango 2020-03,17TPF622594,1.5,127668,96.6358053701789
"PA WesternPA 2019 D20  (Venango, QL2)",Venango 2020-03,17TPF622594,2.5,160593,97.05528883575248
"PA WesternPA 2019 D20  (Venango, QL2)",Venango 2020-03,17TPF622594,3.5,128206,97.74503533375972
"PA WesternPA 2019 D20  (Venango, QL2)",Venango 2020-03,17TPF622594,4.5,111047,97.80273217646582
"PA WesternPA 2019 D20  (Venango, QL2)",Venango 2020-03,17TPF622594,5.5,110085,97.8389426352364
"PA WesternPA 2019 D20  (Venango, QL2)",Venango 2020-03,17TPF622594,6.5,108805,97.78962363861956
"PA WesternPA 2019 D20  (Venango, QL2)",Venango 2020-03,17TPF622594,7.5,108961,97.09804425436624
"PA WesternPA 2019 D20  (Venango, QL2)",Venango 2020-03,17TPF622594,8.5,106566,96.17044836064036
"PA WesternPA 2019 D20  (Venango, QL2)",Venango 2020-03,17TPF622594,9.5,105259,95.67067899182018
"PA WesternPA 2019 D20  (Venango, QL2)",Venango 2020-03,17TPF622594,10.5,103651,95.3883705897676
"PA WesternPA 2019 D20  (Venango, QL2)",Venango 2020-03,17TPF622594,11.5,102524,95.74636182747454
"PA WesternPA 2019 D20  (Venango, QL2)",Venango 2020-03,17TPF622594,12.5,102760,95.3016738030362
"PA WesternPA 2019 D20  (Venango, QL2)",Venango 2020-03,17TPF622594,13.5,107181,94.79478638937871
"PA WesternPA 2019 D20  (Venango, QL2)",Venango 2020-03,17TPF622594,14.5,109045,89.31266908157183
"PA WesternPA 2019 D20  (Venango, QL2)",Venango 2020-03,17TPF622594,15.5,113083,85.4036415730039
"PA WesternPA 2019 D20  (Venango, QL2)",Venango 2020-03,17TPF622594,16.5,123939,85.7542823485747
"PA WesternPA 2019 D20  (Venango, QL2)",Venango 2020-03,17TPF622594,17.5,149569,85.01761728700467
"PA WesternPA 2019 D20  (Venango, QL2)",Venango 2020-03,17TPF622594,18.5,254198,0.0
"PA WesternPA 2019 D20  (Venango, QL2)",Venango 2020-03,17TPF622594,19.5,61321,0.0
"PA WesternPA 2019 D20  (Venango, QL2)",Venango 2011-09,008_002886,0.5,903492,99.81294798404411
"PA WesternPA 2019 D20  (Venango, QL2)",Venango 2020-03,17TPF604591,0.5,112456,99.84349434445473
"PA WesternPA 2019 D20  (Venango, QL2)",Venango 2020-03,17TPF604591,1.5,89148,99.73751514335711
"PA WesternPA 2019 D20  (Venango, QL2)",Venango 2020-03,17TPF604591,2.5,61092,99.76428992339422
"PA WesternPA 2019 D20  (Venango, QL2)",Venango 2020-03,17TPF604591,3.5,57176,99.77787883027844
"PA WesternPA 2019 D20  (Venango, QL2)",Venango 2020-03,17TPF604591,4.5,59062,99.73925705191157
"PA WesternPA 2019 D20  (Venango, QL2)",Venango 2020-03,17TPF604591,5.5,58859,99.19978253113374
"PA WesternPA 2019 D20  (Venango, QL2)",Venango 2020-03,17TPF604591,6.5,58286,99.03064200665683
"PA WesternPA 2019 D20  (Venango, QL2)",Venango 2020-03,17TPF604591,7.5,120832,99.16826668432203
"PA WesternPA 2019 D20  (Venango, QL2)",Venango 2020-03,17TPF604591,8.5,58801,99.1785853982075
"PA WesternPA 2019 D20  (Venango, QL2)",Venango 2020-03,17TPF604591,9.5,108910,99.44541364429344
"PA WesternPA 2019 D20  (Venango, QL2)",Venango 2020-03,17TPF604591,10.5,123433,99.56818678959436
"PA WesternPA 2019 D20  (Venango, QL2)",Venango 2020-03,17TPF604591,12.5,55377,99.29573649710169
"PA WesternPA 2019 D20  (Venango, QL2)",Venango 2020-03,17TPF604591,13.5,110315,99.3509495535512
"PA WesternPA 2019 D20  (Venango, QL2)",Venango 2020-03,17TPF604591,15.5,54809,99.246474119214
"PA WesternPA 2019 D20  (Venango, QL2)",Venango 2020-03,17TPF604591,16.5,201209,99.15461038025138
"PA WesternPA 2019 D20  (Venango, QL2)",Venango 2020-03,17TPF604591,18.5,110617,98.59696068416248
"PA WesternPA 2019 D20  (Venango, QL2)",Venango 2020-03,17TPF604591,19.5,218395,98.7719499072781
"PA WesternPA 2019 D20  (Venango, QL2)",Venango 2020-03,17TPF604591,21.5,111284,98.98368139175444
"PA WesternPA 2019 D20  (Venango, QL2)",Venango 2020-03,17TPF604591,22.5,214629,99.13105871061228
"PA WesternPA 2019 D20  (Venango, QL2)",Venango 2020-03,17TPF604591,24.5,101076,88.48292374055167
"PA WesternPA 2019 D20  (Venango, QL2)",Venango 2020-03,17TPF604591,25.5,207388,73.11657376511658
"PA WesternPA 2019 D20  (Venango, QL2)",Venango 2020-03,17TPF604591,27.5,109100,72.33730522456462
"PA WesternPA 2019 D20  (Venango, QL2)",Venango 2020-03,17TPF604591,28.5,177855,68.72508504118522
"PA WesternPA 2019 D20  (Venango, QL2)",Venango 2011-09,008_002887,0.5,844880,99.74233027175455
"PA WesternPA 2019 D20  (Venango, QL2)",Venango 2020-03,17TPF604593,0.5,88547,99.88254825121122
"PA WesternPA 2019 D20  (Venango, QL2)",Venango 2020-03,17TPF604593,1.5,50558,99.8378100399541
"PA WesternPA 2019 D20  (Venango, QL2)",Venango 2020-03,17TPF604593,2.5,51780,99.80494399382
"PA WesternPA 2019 D20  (Venango, QL2)",Venango 2020-03,17TPF604593,3.5,53212,99.79703826204616
"PA WesternPA 2019 D20  (Venango, QL2)",Venango 2020-03,17TPF604593,4.5,54371,99.55123135495026
"PA WesternPA 2019 D20  (Venango, QL2)",Venango 2020-03,17TPF604593,5.5,54166,99.63999556917624
"PA WesternPA 2019 D20  (Venango, QL2)",Venango 2020-03,17TPF604593,6.5,54500,99.80183486238532
"PA WesternPA 2019 D20  (Venango, QL2)",Venango 2020-03,17TPF604593,7.5,157581,99.5468996896834
"PA WesternPA 2019 D20  (Venango, QL2)",Venango 2020-03,17TPF604593,8.5,54092,99.69496413517712
"PA WesternPA 2019 D20  (Venango, QL2)",Venango 2020-03,17TPF604593,9.5,110541,99.4888774300938
"PA WesternPA 2019 D20  (Venango, QL2)",Venango 2020-03,17TPF604593,10.5,158054,99.34832399053488
"PA WesternPA 2019 D20  (Venango, QL2)",Venango 2020-03,17TPF604593,11.5,108,99.07407407407408
"PA WesternPA 2019 D20  (Venango, QL2)",Venango 2020-03,17TPF604593,12.5,55182,99.28599905766372
"PA WesternPA 2019 D20  (Venango, QL2)",Venango 2020-03,17TPF604593,13.5,110865,99.34605150408154
"PA WesternPA 2019 D20  (Venango, QL2)",Venango 2020-03,17TPF604593,15.5,55666,99.24549994610716
"PA WesternPA 2019 D20  (Venango, QL2)",Venango 2020-03,17TPF604593,16.5,161189,99.24622647947442
"PA WesternPA 2019 D20  (Venango, QL2)",Venango 2020-03,17TPF604593,18.5,110930,99.146308482827
"PA WesternPA 2019 D20  (Venango, QL2)",Venango 2020-03,17TPF604593,19.5,221261,99.1232074337547
"PA WesternPA 2019 D20  (Venango, QL2)",Venango 2020-03,17TPF604593,21.5,108007,99.15653615043468
"PA WesternPA 2019 D20  (Venango, QL2)",Venango 2020-03,17TPF604593,22.5,217036,99.23514992904404
"PA WesternPA 2019 D20  (Venango, QL2)",Venango 2020-03,17TPF604593,24.5,106488,93.09969198407332
"PA WesternPA 2019 D20  (Venango, QL2)",Venango 2020-03,17TPF604593,25.5,214017,74.70107514823589
"PA WesternPA 2019 D20  (Venango, QL2)",Venango 2020-03,17TPF604593,27.5,105601,73.40460791090993
"PA WesternPA 2019 D20  (Venango, QL2)",Venango 2020-03,17TPF604593,28.5,181316,71.9153301418518
"PA WesternPA 2019 D20  (Venango, QL2)",Venango 2011-09,008_003021,0.5,747626,99.79535222156532
"PA WesternPA 2019 D20  (Venango, QL2)",Venango 2011-09,008_002888,0.5,720002,99.574584515043
"PA WesternPA 2019 D20  (Venango, QL2)",Venango 2011-09,008_003022,0.5,660461,99.66069154726776
"PA WesternPA 2019 D20  (Venango, QL2)",Venango 2011-09,008_003023,0.5,709031,99.698461703367
"PA WesternPA 2019 D20  (Venango, QL2)",Venango 2020-03,17TPF604594,0.5,76293,99.51109538227622
"PA WesternPA 2019 D20  (Venango, QL2)",Venango 2020-03,17TPF604594,1.5,57429,99.4828396803009
"PA WesternPA 2019 D20  (Venango, QL2)",Venango 2020-03,17TPF604594,2.5,56732,99.50997673270815
"PA WesternPA 2019 D20  (Venango, QL2)",Venango 2020-03,17TPF604594,3.5,57225,99.33071210135432
"PA WesternPA 2019 D20  (Venango, QL2)",Venango 2020-03,17TPF604594,4.5,57215,99.23271869265052
"PA WesternPA 2019 D20  (Venango, QL2)",Venango 2020-03,17TPF604594,5.5,56794,99.30274324752617
"PA WesternPA 2019 D20  (Venango, QL2)",Venango 2020-03,17TPF604594,6.5,76173,99.25039055833432
"PA WesternPA 2019 D20  (Venango, QL2)",Venango 2020-03,17TPF604594,7.5,167341,98.64707393884343
"PA WesternPA 2019 D20  (Venango, QL2)",Venango 2020-03,17TPF604594,8.5,56130,99.01122394441477
"PA WesternPA 2019 D20  (Venango, QL2)",Venango 2020-03,17TPF604594,9.5,111360,98.62607758620688
"PA WesternPA 2019 D20  (Venango, QL2)",Venango 2020-03,17TPF604594,10.5,166154,98.6795382596868
"PA WesternPA 2019 D20  (Venango, QL2)",Venango 2020-03,17TPF604594,11.5,10580,99.15879017013232
"PA WesternPA 2019 D20  (Venango, QL2)",Venango 2020-03,17TPF604594,12.5,56034,98.9006674519042
"PA WesternPA 2019 D20  (Venango, QL2)",Venango 2020-03,17TPF604594,13.5,112138,99.0859476716189
"PA WesternPA 2019 D20  (Venango, QL2)",Venango 2020-03,17TPF604594,15.5,55753,98.93279285419618
"PA WesternPA 2019 D20  (Venango, QL2)",Venango 2020-03,17TPF604594,16.5,128916,99.0389090570604
"PA WesternPA 2019 D20  (Venango, QL2)",Venango 2020-03,17TPF604594,18.5,113097,99.01323642536936
"PA WesternPA 2019 D20  (Venango, QL2)",Venango 2020-03,17TPF604594,19.5,226396,99.07948903690875
"PA WesternPA 2019 D20  (Venango, QL2)",Venango 2020-03,17TPF604594,21.5,114388,99.4116515718432
"PA WesternPA 2019 D20  (Venango, QL2)",Venango 2020-03,17TPF604594,22.5,226662,99.36998702914472
"PA WesternPA 2019 D20  (Venango, QL2)",Venango 2020-03,17TPF604594,24.5,113667,95.65749074049636
"PA WesternPA 2019 D20  (Venango, QL2)",Venango 2020-03,17TPF604594,25.5,225071,77.36136596896091
"PA WesternPA 2019 D20  (Venango, QL2)",Venango 2020-03,17TPF604594,27.5,112619,77.01275983626209
"PA WesternPA 2019 D20  (Venango, QL2)",Venango 2020-03,17TPF604594,28.5,190042,74.20675429641868
"PA WesternPA 2019 D20  (Venango, QL2)",Venango 2019-11,17TNE562464,0.5,55606,98.2304067906341
"PA WesternPA 2019 D20  (Venango, QL2)",Venango 2019-11,17TNE562464,1.5,221740,98.1911247406873
"PA WesternPA 2019 D20  (Venango, QL2)",Venango 2019-11,17TNE562464,3.5,109264,98.07255820764388
"PA WesternPA 2019 D20  (Venango, QL2)",Venango 2019-11,17TNE562464,4.5,221660,98.10024361634936
"PA WesternPA 2019 D20  (Venango, QL2)",Venango 2019-11,17TNE562464,6.5,113440,98.4009167842031
"PA WesternPA 2019 D20  (Venango, QL2)",Venango 2019-11,17TNE562464,7.5,221753,98.54477729726318
"PA WesternPA 2019 D20  (Venango, QL2)",Venango 2019-11,17TNE562464,9.5,75824,98.87502637687275
"PA WesternPA 2019 D20  (Venango, QL2)",Venango 2019-11,17TNE562464,10.5,113660,98.91078655639627
"PA WesternPA 2019 D20  (Venango, QL2)",Venango 2019-11,17TNE562464,12.5,56137,98.81896075672016
"PA WesternPA 2019 D20  (Venango, QL2)",Venango 2019-11,17TNE562464,13.5,112032,98.80480576978006
"PA WesternPA 2019 D20  (Venango, QL2)",Venango 2019-11,17TNE562464,15.5,55073,98.52922484702124
"PA WesternPA 2019 D20  (Venango, QL2)",Venango 2019-11,17TNE562464,16.5,111305,98.3370019316293
"PA WesternPA 2019 D20  (Venango, QL2)",Venango 2019-11,17TNE562464,18.5,77577,98.2365907421014
"PA WesternPA 2019 D20  (Venango, QL2)",Venango 2019-11,17TNE562464,19.5,190548,98.26028087411046
"PA WesternPA 2019 D20  (Venango, QL2)",Venango 2019-11,17TNE562464,21.5,112447,98.39391001983157
"PA WesternPA 2019 D20  (Venango, QL2)",Venango 2019-11,17TNE562464,22.5,225217,94.26331049609932
"PA WesternPA 2019 D20  (Venango, QL2)",Venango 2019-11,17TNE562464,24.5,111886,83.15428203707344
"PA WesternPA 2019 D20  (Venango, QL2)",Venango 2019-11,17TNE562464,25.5,222399,70.6851199870503
"PA WesternPA 2019 D20  (Venango, QL2)",Venango 2019-11,17TNE562464,27.5,108344,56.459979325112606
"PA WesternPA 2019 D20  (Venango, QL2)",Venango 2019-11,17TNE562464,28.5,93335,56.352922269245184
"PA WesternPA 2019 D20  (Venango, QL2)",Venango 2020-03,17TPF604590,0.5,62873,98.0993431202583
"PA WesternPA 2019 D20  (Venango, QL2)",Venango 2020-03,17TPF604590,1.5,156691,95.39411963673729
"PA WesternPA 2019 D20  (Venango, QL2)",Venango 2020-03,17TPF604590,2.5,42498,99.89411266412536
"PA WesternPA 2019 D20  (Venango, QL2)",Venango 2020-03,17TPF604590,3.5,111029,95.941600843023
"PA WesternPA 2019 D20  (Venango, QL2)",Venango 2020-03,17TPF604590,4.5,186779,95.26659849340663
"PA WesternPA 2019 D20  (Venango, QL2)",Venango 2020-03,17TPF604590,5.5,44178,99.9004029154783
"PA WesternPA 2019 D20  (Venango, QL2)",Venango 2020-03,17TPF604590,6.5,121171,96.66339305609428
"PA WesternPA 2019 D20  (Venango, QL2)",Venango 2020-03,17TPF604590,7.5,209962,96.47221878244636
"PA WesternPA 2019 D20  (Venango, QL2)",Venango 2020-03,17TPF604590,8.5,51658,99.05726121801077
"PA WesternPA 2019 D20  (Venango, QL2)",Venango 2020-03,17TPF604590,9.5,133613,97.8811941951756
"PA WesternPA 2019 D20  (Venango, QL2)",Venango 2020-03,17TPF604590,10.5,198177,97.36700020688576
"PA WesternPA 2019 D20  (Venango, QL2)",Venango 2020-03,17TPF604590,12.5,98163,96.69427380988763
"PA WesternPA 2019 D20  (Venango, QL2)",Venango 2020-03,17TPF604590,13.5,196711,94.25807402738027
"PA WesternPA 2019 D20  (Venango, QL2)",Venango 2020-03,17TPF604590,15.5,122677,92.35879586230509
"PA WesternPA 2019 D20  (Venango, QL2)",Venango 2020-03,17TPF604590,16.5,305603,90.83189628374066
"PA WesternPA 2019 D20  (Venango, QL2)",Venango 2020-03,17TPF604590,18.5,150293,89.42266106871244
"PA WesternPA 2019 D20  (Venango, QL2)",Venango 2020-03,17TPF604590,19.5,300262,87.92088242934504
"PA WesternPA 2019 D20  (Venango, QL2)",Venango 2020-03,17TPF604590,21.5,149316,86.07449971871736
"PA WesternPA 2019 D20  (Venango, QL2)",Venango 2020-03,17TPF604590,22.5,294887,84.4370894613869
"PA WesternPA 2019 D20  (Venango, QL2)",Venango 2020-03,17TPF604590,24.5,145424,77.60961051820883
"PA WesternPA 2019 D20  (Venango, QL2)",Venango 2020-03,17TPF604590,25.5,287034,70.04745082464099
"PA WesternPA 2019 D20  (Venango, QL2)",Venango 2020-03,17TPF604590,27.5,142752,68.39553911678996
"PA WesternPA 2019 D20  (Venango, QL2)",Venango 2020-03,17TPF604590,28.5,237255,66.0588817938505
"PA WesternPA 2019 D20  (Venango, QL2)",Venango 2019-11,17TNE562465,0.5,56920,98.77723120168658
"PA WesternPA 2019 D20  (Venango, QL2)",Venango 2019-11,17TNE562465,1.5,225272,98.51646010156612
"PA WesternPA 2019 D20  (Venango, QL2)",Venango 2019-11,17TNE562465,3.5,112418,98.58919390133252
"PA WesternPA 2019 D20  (Venango, QL2)",Venango 2019-11,17TNE562465,4.5,226849,98.7216165819554
"PA WesternPA 2019 D20  (Venango, QL2)",Venango 2019-11,17TNE562465,6.5,112271,98.275601001149
"PA WesternPA 2019 D20  (Venango, QL2)",Venango 2019-11,17TNE562465,7.5,225953,98.10535819396068
"PA WesternPA 2019 D20  (Venango, QL2)",Venango 2019-11,17TNE562465,9.5,98819,98.25134842489804
"PA WesternPA 2019 D20  (Venango, QL2)",Venango 2019-11,17TNE562465,10.5,123739,98.29641422671914
"PA WesternPA 2019 D20  (Venango, QL2)",Venango 2019-11,17TNE562465,12.5,56225,98.20364606491772
"PA WesternPA 2019 D20  (Venango, QL2)",Venango 2019-11,17TNE562465,13.5,112927,98.45121184482012
"PA WesternPA 2019 D20  (Venango, QL2)",Venango 2019-11,17TNE562465,15.5,57585,98.93548667187636
"PA WesternPA 2019 D20  (Venango, QL2)",Venango 2019-11,17TNE562465,16.5,115045,98.88826111521578
"PA WesternPA 2019 D20  (Venango, QL2)",Venango 2019-11,17TNE562465,18.5,62226,98.64526082345002
"PA WesternPA 2019 D20  (Venango, QL2)",Venango 2019-11,17TNE562465,19.5,175911,98.6925206496467
"PA WesternPA 2019 D20  (Venango, QL2)",Venango 2019-11,17TNE562465,21.5,106874,98.46548271796696
"PA WesternPA 2019 D20  (Venango, QL2)",Venango 2019-11,17TNE562465,22.5,223147,94.92442201777304
"PA WesternPA 2019 D20  (Venango, QL2)",Venango 2019-11,17TNE562465,24.5,109824,85.41575611888112
"PA WesternPA 2019 D20  (Venango, QL2)",Venango 2019-11,17TNE562465,25.5,215727,72.48327747569844
"PA WesternPA 2019 D20  (Venango, QL2)",Venango 2019-11,17TNE562465,27.5,107547,61.88085209257348
"PA WesternPA 2019 D20  (Venango, QL2)",Venango 2019-11,17TNE562465,28.5,66384,63.232104121475054
"PA WesternPA 2019 D20  (Venango, QL2)",Venango 2019-11,17TNE562467,0.5,55086,98.59492430018516
"PA WesternPA 2019 D20  (Venango, QL2)",Venango 2019-11,17TNE562467,1.5,222509,98.6139886476502
"PA WesternPA 2019 D20  (Venango, QL2)",Venango 2019-11,17TNE562467,3.5,110710,98.22509258422907
"PA WesternPA 2019 D20  (Venango, QL2)",Venango 2019-11,17TNE562467,4.5,222627,98.21001046593628
"PA WesternPA 2019 D20  (Venango, QL2)",Venango 2019-11,17TNE562467,6.5,113098,98.36336628410758
"PA WesternPA 2019 D20  (Venango, QL2)",Venango 2019-11,17TNE562467,7.5,224985,98.33988932595508
"PA WesternPA 2019 D20  (Venango, QL2)",Venango 2019-11,17TNE562467,9.5,111788,98.15543707732492
"PA WesternPA 2019 D20  (Venango, QL2)",Venango 2019-11,17TNE562467,10.5,161624,98.07083106469337
"PA WesternPA 2019 D20  (Venango, QL2)",Venango 2019-11,17TNE562467,12.5,54963,97.8239906846424
"PA WesternPA 2019 D20  (Venango, QL2)",Venango 2019-11,17TNE562467,13.5,110316,97.49084448312122
"PA WesternPA 2019 D20  (Venango, QL2)",Venango 2019-11,17TNE562467,15.5,55719,97.36535113695508
"PA WesternPA 2019 D20  (Venango, QL2)",Venango 2019-11,17TNE562467,16.5,110004,97.19737464092216
"PA WesternPA 2019 D20  (Venango, QL2)",Venango 2019-11,17TNE562467,18.5,63919,97.0947605563291
"PA WesternPA 2019 D20  (Venango, QL2)",Venango 2019-11,17TNE562467,19.5,170758,97.3764040337788
"PA WesternPA 2019 D20  (Venango, QL2)",Venango 2019-11,17TNE562467,21.5,103613,97.1171571134896
"PA WesternPA 2019 D20  (Venango, QL2)",Venango 2019-11,17TNE562467,22.5,215089,89.41786888218365
"PA WesternPA 2019 D20  (Venango, QL2)",Venango 2019-11,17TNE562467,24.5,105170,74.57544927260625
"PA WesternPA 2019 D20  (Venango, QL2)",Venango 2019-11,17TNE562467,25.5,209647,64.47933907950029
"PA WesternPA 2019 D20  (Venango, QL2)",Venango 2019-11,17TNE562467,27.5,91046,55.55982690068757
"PA WesternPA 2019 D20  (Venango, QL2)",Venango 2019-11,17TNE562467,28.5,65152,56.87929764243614
"PA WesternPA 2019 D20  (Venango, QL2)",Venango 2019-11,17TNE564464,1.5,168,99.40476190476193
"PA WesternPA 2019 D20  (Venango, QL2)",Venango 2019-11,17TNE564464,3.5,29481,98.60248973915404
"PA WesternPA 2019 D20  (Venango, QL2)",Venango 2019-11,17TNE564464,4.5,111562,98.8329359459314
"PA WesternPA 2019 D20  (Venango, QL2)",Venango 2019-11,17TNE564464,6.5,55997,98.44813114988304
"PA WesternPA 2019 D20  (Venango, QL2)",Venango 2019-11,17TNE564464,7.5,115755,97.92665543605028
"PA WesternPA 2019 D20  (Venango, QL2)",Venango 2019-11,17TNE564464,9.5,93380,97.64189333904476
"PA WesternPA 2019 D20  (Venango, QL2)",Venango 2019-11,17TNE564464,10.5,219121,97.69716275482496
"PA WesternPA 2019 D20  (Venango, QL2)",Venango 2019-11,17TNE564464,12.5,106452,98.0582797880735
"PA WesternPA 2019 D20  (Venango, QL2)",Venango 2019-11,17TNE564464,13.5,222422,98.51318664520596
"PA WesternPA 2019 D20  (Venango, QL2)",Venango 2019-11,17TNE564464,15.5,111610,98.23940507123018
"PA WesternPA 2019 D20  (Venango, QL2)",Venango 2019-11,17TNE564464,16.5,220975,98.05226835614889
"PA WesternPA 2019 D20  (Venango, QL2)",Venango 2019-11,17TNE564464,18.5,110828,98.08983289421444
"PA WesternPA 2019 D20  (Venango, QL2)",Venango 2019-11,17TNE564464,19.5,220429,98.06559028077068
"PA WesternPA 2019 D20  (Venango, QL2)",Venango 2019-11,17TNE564464,21.5,110209,98.14080519739768
"PA WesternPA 2019 D20  (Venango, QL2)",Venango 2019-11,17TNE564464,22.5,220954,95.976085520063
"PA WesternPA 2019 D20  (Venango, QL2)",Venango 2019-11,17TNE564464,24.5,110617,87.56339441496334
"PA WesternPA 2019 D20  (Venango, QL2)",Venango 2019-11,17TNE564464,25.5,219220,73.81443298969073
"PA WesternPA 2019 D20  (Venango, QL2)",Venango 2019-11,17TNE564464,27.5,106276,57.50875079980429
"PA WesternPA 2019 D20  (Venango, QL2)",Venango 2019-11,17TNE564464,28.5,205319,52.60740603646033
"PA WesternPA 2019 D20  (Venango, QL2)",Venango 2019-11,17TNE564464,30.5,51585,53.290685276727736
"PA WesternPA 2019 D20  (Venango, QL2)",Venango 2019-11,17TNE564464,31.5,2723,47.741461623209695
"PA WesternPA 2019 D20  (Venango, QL2)",Venango 2019-11,17TNE562468,0.5,56711,98.3706864629437
"PA WesternPA 2019 D20  (Venango, QL2)",Venango 2019-11,17TNE562468,1.5,226700,98.35112483458316
"PA WesternPA 2019 D20  (Venango, QL2)",Venango 2019-11,17TNE562468,3.5,112462,98.02333232558551
"PA WesternPA 2019 D20  (Venango, QL2)",Venango 2019-11,17TNE562468,4.5,222793,97.8859299888237
"PA WesternPA 2019 D20  (Venango, QL2)",Venango 2019-11,17TNE562468,6.5,111702,97.9185690497932
"PA WesternPA 2019 D20  (Venango, QL2)",Venango 2019-11,17TNE562468,7.5,224346,97.8907580255498
"PA WesternPA 2019 D20  (Venango, QL2)",Venango 2019-11,17TNE562468,9.5,113006,97.9558607507566
"PA WesternPA 2019 D20  (Venango, QL2)",Venango 2019-11,17TNE562468,10.5,200767,97.78599072556744
"PA WesternPA 2019 D20  (Venango, QL2)",Venango 2019-11,17TNE562468,12.5,62754,96.9611498868598
"PA WesternPA 2019 D20  (Venango, QL2)",Venango 2019-11,17TNE562468,13.5,110749,97.41758390594948
"PA WesternPA 2019 D20  (Venango, QL2)",Venango 2019-11,17TNE562468,15.5,55732,97.60640206703508
"PA WesternPA 2019 D20  (Venango, QL2)",Venango 2019-11,17TNE562468,16.5,111858,97.21700727708344
"PA WesternPA 2019 D20  (Venango, QL2)",Venango 2019-11,17TNE562468,18.5,55329,96.580455095881
"PA WesternPA 2019 D20  (Venango, QL2)",Venango 2019-11,17TNE562468,19.5,147161,96.9013529399773
"PA WesternPA 2019 D20  (Venango, QL2)",Venango 2019-11,17TNE562468,21.5,93510,97.35108544540692
"PA WesternPA 2019 D20  (Venango, QL2)",Venango 2019-11,17TNE562468,22.5,211584,90.15473759830611
"PA WesternPA 2019 D20  (Venango, QL2)",Venango 2019-11,17TNE562468,24.5,105848,76.36988889728667
"PA WesternPA 2019 D20  (Venango, QL2)",Venango 2019-11,17TNE562468,25.5,206626,65.10361716337731
"PA WesternPA 2019 D20  (Venango, QL2)",Venango 2019-11,17TNE562468,27.5,71905,58.083582504693695
"PA WesternPA 2019 D20  (Venango, QL2)",Venango 2019-11,17TNE562468,28.5,78038,56.93892718931802
"PA WesternPA 2019 D20  (Venango, QL2)",Venango 2019-11,17TNE564465,1.5,25693,97.24438563032732
"PA WesternPA 2019 D20  (Venango, QL2)",Venango 2019-11,17TNE564465,3.5,53594,97.99977609433893
"PA WesternPA 2019 D20  (Venango, QL2)",Venango 2019-11,17TNE564465,4.5,110471,97.98680196612686
"PA WesternPA 2019 D20  (Venango, QL2)",Venango 2019-11,17TNE564465,6.5,53929,97.49485434552838
"PA WesternPA 2019 D20  (Venango, QL2)",Venango 2019-11,17TNE564465,7.5,108379,97.66190867234428
"PA WesternPA 2019 D20  (Venango, QL2)",Venango 2019-11,17TNE564465,9.5,68525,97.65049252097776
"PA WesternPA 2019 D20  (Venango, QL2)",Venango 2019-11,17TNE564465,10.5,210085,97.475307613585
"PA WesternPA 2019 D20  (Venango, QL2)",Venango 2019-11,17TNE564465,12.5,109688,97.3087302166144
"PA WesternPA 2019 D20  (Venango, QL2)",Venango 2019-11,17TNE564465,13.5,218108,96.95151026097165
"PA WesternPA 2019 D20  (Venango, QL2)",Venango 2019-11,17TNE564465,15.5,108996,97.04209328782709
"PA WesternPA 2019 D20  (Venango, QL2)",Venango 2019-11,17TNE564465,16.5,219431,97.59787814848404
"PA WesternPA 2019 D20  (Venango, QL2)",Venango 2019-11,17TNE564465,18.5,110988,97.79705914152882
"PA WesternPA 2019 D20  (Venango, QL2)",Venango 2019-11,17TNE564465,19.5,220049,97.87774541124932
"PA WesternPA 2019 D20  (Venango, QL2)",Venango 2019-11,17TNE564465,21.5,107865,97.99749687108886
"PA WesternPA 2019 D20  (Venango, QL2)",Venango 2019-11,17TNE564465,22.5,213815,95.24027781025652
"PA WesternPA 2019 D20  (Venango, QL2)",Venango 2019-11,17TNE564465,24.5,104548,86.93231816964456
"PA WesternPA 2019 D20  (Venango, QL2)",Venango 2019-11,17TNE564465,25.5,208876,73.92328462820046
"PA WesternPA 2019 D20  (Venango, QL2)",Venango 2019-11,17TNE564465,27.5,104835,61.56245528687938
"PA WesternPA 2019 D20  (Venango, QL2)",Venango 2019-11,17TNE564465,28.5,207112,55.35603924446676
"PA WesternPA 2019 D20  (Venango, QL2)",Venango 2019-11,17TNE564465,30.5,57078,54.938855601107264
"PA WesternPA 2019 D20  (Venango, QL2)",Venango 2019-11,17TNE564465,31.5,8497,46.43991997175474
"PA WesternPA 2019 D20  (Venango, QL2)",Venango 2019-11,17TNE565464,0.5,56716,98.61238451230692
"PA WesternPA 2019 D20  (Venango, QL2)",Venango 2019-11,17TNE565464,1.5,226714,98.75790643718516
"PA WesternPA 2019 D20  (Venango, QL2)",Venango 2019-11,17TNE565464,3.5,82066,98.94231472229669
"PA WesternPA 2019 D20  (Venango, QL2)",Venango 2019-11,17TNE565464,4.5,114492,98.33350801802746
"PA WesternPA 2019 D20  (Venango, QL2)",Venango 2019-11,17TNE565464,6.5,57418,98.19742937754712
"PA WesternPA 2019 D20  (Venango, QL2)",Venango 2019-11,17TNE565464,7.5,115264,97.86229872293173
"PA WesternPA 2019 D20  (Venango, QL2)",Venango 2019-11,17TNE565464,9.5,57430,98.15775726971964
"PA WesternPA 2019 D20  (Venango, QL2)",Venango 2019-11,17TNE565464,10.5,108530,97.89827697410854
"PA WesternPA 2019 D20  (Venango, QL2)",Venango 2019-11,17TNE565464,12.5,55766,97.54151274970413
"PA WesternPA 2019 D20  (Venango, QL2)",Venango 2019-11,17TNE565464,13.5,177568,97.77268426743558
"PA WesternPA 2019 D20  (Venango, QL2)",Venango 2019-11,17TNE565464,15.5,106837,98.18040566470415
"PA WesternPA 2019 D20  (Venango, QL2)",Venango 2019-11,17TNE565464,16.5,216315,97.92154959203016
"PA WesternPA 2019 D20  (Venango, QL2)",Venango 2019-11,17TNE565464,18.5,108843,97.808770430804
"PA WesternPA 2019 D20  (Venango, QL2)",Venango 2019-11,17TNE565464,19.5,219109,97.91610568255982
"PA WesternPA 2019 D20  (Venango, QL2)",Venango 2019-11,17TNE565464,21.5,109299,97.83163615403618
"PA WesternPA 2019 D20  (Venango, QL2)",Venango 2019-11,17TNE565464,22.5,219986,95.56653605229424
"PA WesternPA 2019 D20  (Venango, QL2)",Venango 2019-11,17TNE565464,24.5,109855,86.97919985435347
"PA WesternPA 2019 D20  (Venango, QL2)",Venango 2019-11,17TNE565464,25.5,216478,75.04873474440821
"PA WesternPA 2019 D20  (Venango, QL2)",Venango 2019-11,17TNE565464,27.5,106631,60.16636812934325
"PA WesternPA 2019 D20  (Venango, QL2)",Venango 2019-11,17TNE565464,28.5,142405,55.5591446929532
"PA WesternPA 2019 D20  (Venango, QL2)",Venango 2019-11,17TNE565464,30.5,6006,55.07825507825508
"PA WesternPA 2019 D20  (Venango, QL2)",Venango 2019-11,17TNE565464,31.5,678,52.50737463126843
"PA WesternPA 2019 D20  (Venango, QL2)",Venango 2019-11,17TNE564468,1.5,57517,97.84411565276352
"PA WesternPA 2019 D20  (Venango, QL2)",Venango 2019-11,17TNE564468,3.5,54898,98.2658748952603
"PA WesternPA 2019 D20  (Venango, QL2)",Venango 2019-11,17TNE564468,4.5,107209,98.12515740282998
"PA WesternPA 2019 D20  (Venango, QL2)",Venango 2019-11,17TNE564468,6.5,52705,98.3587894886633
"PA WesternPA 2019 D20  (Venango, QL2)",Venango 2019-11,17TNE564468,7.5,103358,98.46359256177558
"PA WesternPA 2019 D20  (Venango, QL2)",Venango 2019-11,17TNE564468,9.5,51559,98.74900599313408
"PA WesternPA 2019 D20  (Venango, QL2)",Venango 2019-11,17TNE564468,10.5,123104,98.45740187158825
"PA WesternPA 2019 D20  (Venango, QL2)",Venango 2019-11,17TNE564468,12.5,95091,97.943022999022
"PA WesternPA 2019 D20  (Venango, QL2)",Venango 2019-11,17TNE564468,13.5,204541,97.64154863817032
"PA WesternPA 2019 D20  (Venango, QL2)",Venango 2019-11,17TNE564468,15.5,102121,97.81044055581124
"PA WesternPA 2019 D20  (Venango, QL2)",Venango 2019-11,17TNE564468,16.5,203936,98.1695237721638
"PA WesternPA 2019 D20  (Venango, QL2)",Venango 2019-11,17TNE564468,18.5,98563,98.1646256708907
"PA WesternPA 2019 D20  (Venango, QL2)",Venango 2019-11,17TNE564468,19.5,195864,98.00780133153616
"PA WesternPA 2019 D20  (Venango, QL2)",Venango 2019-11,17TNE564468,21.5,94484,97.68955590364506
"PA WesternPA 2019 D20  (Venango, QL2)",Venango 2019-11,17TNE564468,22.5,193089,95.5155394662565
"PA WesternPA 2019 D20  (Venango, QL2)",Venango 2019-11,17TNE564468,24.5,95707,87.96117316392741
"PA WesternPA 2019 D20  (Venango, QL2)",Venango 2019-11,17TNE564468,25.5,191789,76.56382795676498
"PA WesternPA 2019 D20  (Venango, QL2)",Venango 2019-11,17TNE564468,27.5,92457,61.58322247098651
"PA WesternPA 2019 D20  (Venango, QL2)",Venango 2019-11,17TNE564468,28.5,160502,55.58186190826283
"PA WesternPA 2019 D20  (Venango, QL2)",Venango 2019-11,17TNE564468,30.5,29243,54.655815066853606
"PA WesternPA 2019 D20  (Venango, QL2)",Venango 2019-11,17TNE564468,31.5,1404,52.77777777777778
"PA WesternPA 2019 D20  (Venango, QL2)",Venango 2019-11,17TNE564467,1.5,53004,98.07561693457096
"PA WesternPA 2019 D20  (Venango, QL2)",Venango 2019-11,17TNE564467,3.5,54301,97.75694738586766
"PA WesternPA 2019 D20  (Venango, QL2)",Venango 2019-11,17TNE564467,4.5,108440,97.81630394688308
"PA WesternPA 2019 D20  (Venango, QL2)",Venango 2019-11,17TNE564467,6.5,54238,97.743279619455
"PA WesternPA 2019 D20  (Venango, QL2)",Venango 2019-11,17TNE564467,7.5,108415,97.50680256422082
"PA WesternPA 2019 D20  (Venango, QL2)",Venango 2019-11,17TNE564467,9.5,54747,97.97614481158786
"PA WesternPA 2019 D20  (Venango, QL2)",Venango 2019-11,17TNE564467,10.5,170471,98.70945791366272
"PA WesternPA 2019 D20  (Venango, QL2)",Venango 2019-11,17TNE564467,12.5,109782,98.78031006904592
"PA WesternPA 2019 D20  (Venango, QL2)",Venango 2019-11,17TNE564467,13.5,220771,98.75028876075208
"PA WesternPA 2019 D20  (Venango, QL2)",Venango 2019-11,17TNE564467,15.5,109729,98.4051618077263
"PA WesternPA 2019 D20  (Venango, QL2)",Venango 2019-11,17TNE564467,16.5,216918,97.82775057855964
"PA WesternPA 2019 D20  (Venango, QL2)",Venango 2019-11,17TNE564467,18.5,108738,97.56846732513011
"PA WesternPA 2019 D20  (Venango, QL2)",Venango 2019-11,17TNE564467,19.5,214532,97.48475751869184
"PA WesternPA 2019 D20  (Venango, QL2)",Venango 2019-11,17TNE564467,21.5,106961,97.68887725432634
"PA WesternPA 2019 D20  (Venango, QL2)",Venango 2019-11,17TNE564467,22.5,213556,97.2915769165933
"PA WesternPA 2019 D20  (Venango, QL2)",Venango 2019-11,17TNE564467,24.5,106280,89.47685359427926
"PA WesternPA 2019 D20  (Venango, QL2)",Venango 2019-11,17TNE564467,25.5,208860,80.093363975869
"PA WesternPA 2019 D20  (Venango, QL2)",Venango 2019-11,17TNE564467,27.5,102878,64.84282353856024
"PA WesternPA 2019 D20  (Venango, QL2)",Venango 2019-11,17TNE564467,28.5,185181,54.95434196812848
"PA WesternPA 2019 D20  (Venango, QL2)",Venango 2019-11,17TNE564467,30.5,42687,55.17839154777802
"PA WesternPA 2019 D20  (Venango, QL2)",Venango 2019-11,17TNE564467,31.5,14183,49.11513784107734
"PA WesternPA 2019 D20  (Venango, QL2)",Venango 2019-11,17TNE565467,0.5,54310,98.06481310992451
"PA WesternPA 2019 D20  (Venango, QL2)",Venango 2019-11,17TNE565467,1.5,165918,97.93030292071988
"PA WesternPA 2019 D20  (Venango, QL2)",Venango 2019-11,17TNE565467,3.5,54672,97.773997658765
"PA WesternPA 2019 D20  (Venango, QL2)",Venango 2019-11,17TNE565467,4.5,109750,97.6118451025057
"PA WesternPA 2019 D20  (Venango, QL2)",Venango 2019-11,17TNE565467,6.5,55170,97.70346202646364
"PA WesternPA 2019 D20  (Venango, QL2)",Venango 2019-11,17TNE565467,7.5,109951,97.53708470136698
"PA WesternPA 2019 D20  (Venango, QL2)",Venango 2019-11,17TNE565467,9.5,55470,97.3246800072111
"PA WesternPA 2019 D20  (Venango, QL2)",Venango 2019-11,17TNE565467,10.5,111547,98.05194223062924
"PA WesternPA 2019 D20  (Venango, QL2)",Venango 2019-11,17TNE565467,12.5,55009,98.22210910941844
"PA WesternPA 2019 D20  (Venango, QL2)",Venango 2019-11,17TNE565467,13.5,168571,98.21618190554722
"PA WesternPA 2019 D20  (Venango, QL2)",Venango 2019-11,17TNE565467,15.5,110074,98.24209168377637
"PA WesternPA 2019 D20  (Venango, QL2)",Venango 2019-11,17TNE565467,16.5,218337,98.10476465280736
"PA WesternPA 2019 D20  (Venango, QL2)",Venango 2019-11,17TNE565467,18.5,108366,98.31404684126016
"PA WesternPA 2019 D20  (Venango, QL2)",Venango 2019-11,17TNE565467,19.5,215598,97.89098229111588
"PA WesternPA 2019 D20  (Venango, QL2)",Venango 2019-11,17TNE565467,21.5,106432,97.61725796752856
"PA WesternPA 2019 D20  (Venango, QL2)",Venango 2019-11,17TNE565467,22.5,211136,96.60787359806002
"PA WesternPA 2019 D20  (Venango, QL2)",Venango 2019-11,17TNE565467,24.5,103560,88.3796832753959
"PA WesternPA 2019 D20  (Venango, QL2)",Venango 2019-11,17TNE565467,25.5,207405,73.25908247149297
"PA WesternPA 2019 D20  (Venango, QL2)",Venango 2019-11,17TNE565467,27.5,95171,64.77183175547174
"PA WesternPA 2019 D20  (Venango, QL2)",Venango 2019-11,17TNE565467,28.5,72769,57.51212741689456
"PA WesternPA 2019 D20  (Venango, QL2)",Venango 2019-11,17TNE565467,30.5,600,58.833333333333336
"PA WesternPA 2019 D20  (Venango, QL2)",Venango 2019-11,17TNE565465,0.5,53552,96.948760083657
"PA WesternPA 2019 D20  (Venango, QL2)",Venango 2019-11,17TNE565465,1.5,185919,96.51568693893576
"PA WesternPA 2019 D20  (Venango, QL2)",Venango 2019-11,17TNE565465,3.5,52277,95.87581536813514
"PA WesternPA 2019 D20  (Venango, QL2)",Venango 2019-11,17TNE565465,4.5,108859,97.0154052489918
"PA WesternPA 2019 D20  (Venango, QL2)",Venango 2019-11,17TNE565465,6.5,55233,97.84186989661976
"PA WesternPA 2019 D20  (Venango, QL2)",Venango 2019-11,17TNE565465,7.5,109861,97.7790116601888
"PA WesternPA 2019 D20  (Venango, QL2)",Venango 2019-11,17TNE565465,9.5,54957,97.84740797350656
"PA WesternPA 2019 D20  (Venango, QL2)",Venango 2019-11,17TNE565465,10.5,110593,98.11742153662529
"PA WesternPA 2019 D20  (Venango, QL2)",Venango 2019-11,17TNE565465,12.5,55455,98.2237850509422
"PA WesternPA 2019 D20  (Venango, QL2)",Venango 2019-11,17TNE565465,13.5,173058,98.26069872528286
"PA WesternPA 2019 D20  (Venango, QL2)",Venango 2019-11,17TNE565465,15.5,108488,97.99609173364796
"PA WesternPA 2019 D20  (Venango, QL2)",Venango 2019-11,17TNE565465,16.5,218488,97.91659038482663
"PA WesternPA 2019 D20  (Venango, QL2)",Venango 2019-11,17TNE565465,18.5,110353,98.03720786929216
"PA WesternPA 2019 D20  (Venango, QL2)",Venango 2019-11,17TNE565465,19.5,219099,98.15243337486706
"PA WesternPA 2019 D20  (Venango, QL2)",Venango 2019-11,17TNE565465,21.5,108650,98.15646571560056
"PA WesternPA 2019 D20  (Venango, QL2)",Venango 2019-11,17TNE565465,22.5,214799,96.4911382269005
"PA WesternPA 2019 D20  (Venango, QL2)",Venango 2019-11,17TNE565465,24.5,105726,88.87596239335642
"PA WesternPA 2019 D20  (Venango, QL2)",Venango 2019-11,17TNE565465,25.5,207013,74.23881591977315
"PA WesternPA 2019 D20  (Venango, QL2)",Venango 2019-11,17TNE565465,27.5,102052,63.16877670207345
"PA WesternPA 2019 D20  (Venango, QL2)",Venango 2019-11,17TNE565465,28.5,96283,59.05196140544021
"PA WesternPA 2019 D20  (Venango, QL2)",Venango 2019-11,17TNE565465,30.5,88,56.81818181818182
"PA WesternPA 2019 D20  (Venango, QL2)",Venango 2019-11,17TNE565468,0.5,55512,97.80587980977086
"PA WesternPA 2019 D20  (Venango, QL2)",Venango 2019-11,17TNE565468,1.5,164133,97.8170142506382
"PA WesternPA 2019 D20  (Venango, QL2)",Venango 2019-11,17TNE565468,3.5,56122,97.843982751862
"PA WesternPA 2019 D20  (Venango, QL2)",Venango 2019-11,17TNE565468,4.5,111526,97.7601635493069
"PA WesternPA 2019 D20  (Venango, QL2)",Venango 2019-11,17TNE565468,6.5,54486,97.61039533091068
"PA WesternPA 2019 D20  (Venango, QL2)",Venango 2019-11,17TNE565468,7.5,109990,97.30702791162832
"PA WesternPA 2019 D20  (Venango, QL2)",Venango 2019-11,17TNE565468,9.5,54517,97.38063356384248
"PA WesternPA 2019 D20  (Venango, QL2)",Venango 2019-11,17TNE565468,10.5,108726,97.5387671762044
"PA WesternPA 2019 D20  (Venango, QL2)",Venango 2019-11,17TNE565468,12.5,65338,97.93688205944471
"PA WesternPA 2019 D20  (Venango, QL2)",Venango 2019-11,17TNE565468,13.5,190056,98.01584796060108
"PA WesternPA 2019 D20  (Venango, QL2)",Venango 2019-11,17TNE565468,15.5,107760,97.9816258351893
"PA WesternPA 2019 D20  (Venango, QL2)",Venango 2019-11,17TNE565468,16.5,213390,97.81151881531468
"PA WesternPA 2019 D20  (Venango, QL2)",Venango 2019-11,17TNE565468,18.5,107001,97.72058205063504
"PA WesternPA 2019 D20  (Venango, QL2)",Venango 2019-11,17TNE565468,19.5,213121,97.72195137973264
"PA WesternPA 2019 D20  (Venango, QL2)",Venango 2019-11,17TNE565468,21.5,105068,97.50447329348611
"PA WesternPA 2019 D20  (Venango, QL2)",Venango 2019-11,17TNE565468,22.5,208355,94.62263924551849
"PA WesternPA 2019 D20  (Venango, QL2)",Venango 2019-11,17TNE565468,24.5,101725,86.00638977635782
"PA WesternPA 2019 D20  (Venango, QL2)",Venango 2019-11,17TNE565468,25.5,202522,73.14612733431429
"PA WesternPA 2019 D20  (Venango, QL2)",Venango 2019-11,17TNE565468,27.5,99459,61.14579877135302
"PA WesternPA 2019 D20  (Venango, QL2)",Venango 2019-11,17TNE565468,28.5,139401,54.99745338986091
"PA WesternPA 2019 D20  (Venango, QL2)",Venango 2019-11,17TNE565468,30.5,6007,52.55535208922923
"PA WesternPA 2019 D20  (Venango, QL2)",Venango 2019-11,17TNE565468,31.5,512,50.78125
"PA WesternPA 2019 D20  (Venango, QL2)",Venango 2019-11,17TNE567464,0.5,54958,97.93842570690346
"PA WesternPA 2019 D20  (Venango, QL2)",Venango 2019-11,17TNE567464,1.5,211033,98.38745599029536
"PA WesternPA 2019 D20  (Venango, QL2)",Venango 2019-11,17TNE567464,3.5,103655,98.25864647146784
"PA WesternPA 2019 D20  (Venango, QL2)",Venango 2019-11,17TNE567464,4.5,207300,98.2083936324168
"PA WesternPA 2019 D20  (Venango, QL2)",Venango 2019-11,17TNE567464,6.5,103710,98.55751615080511
"PA WesternPA 2019 D20  (Venango, QL2)",Venango 2019-11,17TNE567464,7.5,204550,98.38425812759716
"PA WesternPA 2019 D20  (Venango, QL2)",Venango 2019-11,17TNE567464,9.5,103928,98.27284273727966
"PA WesternPA 2019 D20  (Venango, QL2)",Venango 2019-11,17TNE567464,10.5,212759,98.36528654487002
"PA WesternPA 2019 D20  (Venango, QL2)",Venango 2019-11,17TNE567464,12.5,100917,98.27184716152878
"PA WesternPA 2019 D20  (Venango, QL2)",Venango 2019-11,17TNE567464,13.5,132408,97.99936559724487
"PA WesternPA 2019 D20  (Venango, QL2)",Venango 2019-11,17TNE567464,15.5,52619,97.61302951405386
"PA WesternPA 2019 D20  (Venango, QL2)",Venango 2019-11,17TNE567464,16.5,105374,97.67494827946172
"PA WesternPA 2019 D20  (Venango, QL2)",Venango 2019-11,17TNE567464,18.5,52211,97.6192756315719
"PA WesternPA 2019 D20  (Venango, QL2)",Venango 2019-11,17TNE567464,19.5,117504,97.58220996732028
"PA WesternPA 2019 D20  (Venango, QL2)",Venango 2019-11,17TNE567464,21.5,76127,97.44111813154336
"PA WesternPA 2019 D20  (Venango, QL2)",Venango 2019-11,17TNE567464,22.5,192089,84.7357214624471
"PA WesternPA 2019 D20  (Venango, QL2)",Venango 2019-11,17TNE567464,24.5,98298,70.86614173228347
"PA WesternPA 2019 D20  (Venango, QL2)",Venango 2019-11,17TNE567464,25.5,151661,60.00158247670792
"PA WesternPA 2019 D20  (Venango, QL2)",Venango 2019-11,17TNE567464,27.5,58622,55.902221009177445
"PA WesternPA 2019 D20  (Venango, QL2)",Venango 2019-11,17TNE567464,28.5,96583,51.47593261754139
"PA WesternPA 2019 D20  (Venango, QL2)",Venango 2019-11,17TNE567464,30.5,25356,48.63937529578798
"PA WesternPA 2019 D20  (Venango, QL2)",Venango 2019-11,17TNE567464,31.5,1285,41.16731517509727
"PA WesternPA 2019 D20  (Venango, QL2)",Venango 2019-11,17TNE567467,0.5,55027,98.93325094953389
"PA WesternPA 2019 D20  (Venango, QL2)",Venango 2019-11,17TNE567467,1.5,214280,98.5402277394064
"PA WesternPA 2019 D20  (Venango, QL2)",Venango 2019-11,17TNE567467,3.5,109005,98.67529012430624
"PA WesternPA 2019 D20  (Venango, QL2)",Venango 2019-11,17TNE567467,4.5,217793,98.61473968401188
"PA WesternPA 2019 D20  (Venango, QL2)",Venango 2019-11,17TNE567467,6.5,106882,98.432851181677
"PA WesternPA 2019 D20  (Venango, QL2)",Venango 2019-11,17TNE567467,7.5,214547,98.37424899905382
"PA WesternPA 2019 D20  (Venango, QL2)",Venango 2019-11,17TNE567467,9.5,108178,98.36473220063228
"PA WesternPA 2019 D20  (Venango, QL2)",Venango 2019-11,17TNE567467,10.5,216144,98.29650603301504
"PA WesternPA 2019 D20  (Venango, QL2)",Venango 2019-11,17TNE567467,12.5,107541,98.00541188941892
"PA WesternPA 2019 D20  (Venango, QL2)",Venango 2019-11,17TNE567467,13.5,157108,98.06056979911908
"PA WesternPA 2019 D20  (Venango, QL2)",Venango 2019-11,17TNE567467,15.5,53363,97.95926016153514
"PA WesternPA 2019 D20  (Venango, QL2)",Venango 2019-11,17TNE567467,16.5,105775,97.79815646419289
"PA WesternPA 2019 D20  (Venango, QL2)",Venango 2019-11,17TNE567467,18.5,52879,97.39215945838612
"PA WesternPA 2019 D20  (Venango, QL2)",Venango 2019-11,17TNE567467,19.5,124745,97.36662792095876
"PA WesternPA 2019 D20  (Venango, QL2)",Venango 2019-11,17TNE567467,21.5,81012,97.06833555522638
"PA WesternPA 2019 D20  (Venango, QL2)",Venango 2019-11,17TNE567467,22.5,207086,85.87736495948543
"PA WesternPA 2019 D20  (Venango, QL2)",Venango 2019-11,17TNE567467,24.5,106398,72.12823549314837
"PA WesternPA 2019 D20  (Venango, QL2)",Venango 2019-11,17TNE567467,25.5,164379,63.06097494205464
"PA WesternPA 2019 D20  (Venango, QL2)",Venango 2019-11,17TNE567467,27.5,64770,57.56214296742319
"PA WesternPA 2019 D20  (Venango, QL2)",Venango 2019-11,17TNE567467,28.5,104547,55.15892373764909
"PA WesternPA 2019 D20  (Venango, QL2)",Venango 2019-11,17TNE567467,30.5,23637,50.2644159580319
"PA WesternPA 2019 D20  (Venango, QL2)",Venango 2019-11,17TNE567467,31.5,625,47.36
"PA WesternPA 2019 D20  (Venango, QL2)",Venango 2019-11,17TNE567465,0.5,52042,96.8467776027055
"PA WesternPA 2019 D20  (Venango, QL2)",Venango 2019-11,17TNE567465,1.5,210375,96.89982174688056
"PA WesternPA 2019 D20  (Venango, QL2)",Venango 2019-11,17TNE567465,3.5,105120,96.8245814307458
"PA WesternPA 2019 D20  (Venango, QL2)",Venango 2019-11,17TNE567465,4.5,209116,97.19055452476138
"PA WesternPA 2019 D20  (Venango, QL2)",Venango 2019-11,17TNE567465,6.5,104853,97.44690185307049
"PA WesternPA 2019 D20  (Venango, QL2)",Venango 2019-11,17TNE567465,7.5,213930,97.90492217080352
"PA WesternPA 2019 D20  (Venango, QL2)",Venango 2019-11,17TNE567465,9.5,108332,98.05782225012
"PA WesternPA 2019 D20  (Venango, QL2)",Venango 2019-11,17TNE567465,10.5,214627,97.92337403961292
"PA WesternPA 2019 D20  (Venango, QL2)",Venango 2019-11,17TNE567465,12.5,105964,97.77188479106113
"PA WesternPA 2019 D20  (Venango, QL2)",Venango 2019-11,17TNE567465,13.5,150727,97.54257697691854
"PA WesternPA 2019 D20  (Venango, QL2)",Venango 2019-11,17TNE567465,15.5,53115,97.42822178292384
"PA WesternPA 2019 D20  (Venango, QL2)",Venango 2019-11,17TNE567465,16.5,106672,97.43981550922452
"PA WesternPA 2019 D20  (Venango, QL2)",Venango 2019-11,17TNE567465,18.5,52585,97.40610440239612
"PA WesternPA 2019 D20  (Venango, QL2)",Venango 2019-11,17TNE567465,19.5,119817,97.21575402488796
"PA WesternPA 2019 D20  (Venango, QL2)",Venango 2019-11,17TNE567465,21.5,79559,96.89161502784096
"PA WesternPA 2019 D20  (Venango, QL2)",Venango 2019-11,17TNE567465,22.5,198668,84.77963235146073
"PA WesternPA 2019 D20  (Venango, QL2)",Venango 2019-11,17TNE567465,24.5,104217,71.32137751038698
"PA WesternPA 2019 D20  (Venango, QL2)",Venango 2019-11,17TNE567465,25.5,156080,61.52934392619169
"PA WesternPA 2019 D20  (Venango, QL2)",Venango 2019-11,17TNE567465,27.5,59136,55.869521103896105
"PA WesternPA 2019 D20  (Venango, QL2)",Venango 2019-11,17TNE567465,28.5,94796,51.45153803957973
"PA WesternPA 2019 D20  (Venango, QL2)",Venango 2019-11,17TNE567465,30.5,19805,46.10451906084322
"PA WesternPA 2019 D20  (Venango, QL2)",Venango 2019-11,17TNE567465,31.5,3910,44.37340153452685
"PA WesternPA 2019 D20  (Venango, QL2)",Venango 2019-11,17TNE567468,0.5,54339,98.28852205598189
"PA WesternPA 2019 D20  (Venango, QL2)",Venango 2019-11,17TNE567468,1.5,216288,98.4506768752774
"PA WesternPA 2019 D20  (Venango, QL2)",Venango 2019-11,17TNE567468,3.5,107459,98.52501884439648
"PA WesternPA 2019 D20  (Venango, QL2)",Venango 2019-11,17TNE567468,4.5,216145,98.28726086654792
"PA WesternPA 2019 D20  (Venango, QL2)",Venango 2019-11,17TNE567468,6.5,108260,98.07408091631258
"PA WesternPA 2019 D20  (Venango, QL2)",Venango 2019-11,17TNE567468,7.5,218400,98.0837912087912
"PA WesternPA 2019 D20  (Venango, QL2)",Venango 2019-11,17TNE567468,9.5,108342,97.96754721160768
"PA WesternPA 2019 D20  (Venango, QL2)",Venango 2019-11,17TNE567468,10.5,215206,98.00005576052712
"PA WesternPA 2019 D20  (Venango, QL2)",Venango 2019-11,17TNE567468,12.5,95205,97.55580064072264
"PA WesternPA 2019 D20  (Venango, QL2)",Venango 2019-11,17TNE567468,13.5,128216,96.97151681537406
"PA WesternPA 2019 D20  (Venango, QL2)",Venango 2019-11,17TNE567468,15.5,50434,96.17321648094538
"PA WesternPA 2019 D20  (Venango, QL2)",Venango 2019-11,17TNE567468,16.5,99812,96.04256001282413
"PA WesternPA 2019 D20  (Venango, QL2)",Venango 2019-11,17TNE567468,18.5,49742,95.74805998954604
"PA WesternPA 2019 D20  (Venango, QL2)",Venango 2019-11,17TNE567468,19.5,122929,96.04243099675422
"PA WesternPA 2019 D20  (Venango, QL2)",Venango 2019-11,17TNE567468,21.5,78212,96.42254385516289
"PA WesternPA 2019 D20  (Venango, QL2)",Venango 2019-11,17TNE567468,22.5,205661,87.20953413627281
"PA WesternPA 2019 D20  (Venango, QL2)",Venango 2019-11,17TNE567468,24.5,106650,74.16596343178622
"PA WesternPA 2019 D20  (Venango, QL2)",Venango 2019-11,17TNE567468,25.5,178263,64.56022842653832
"PA WesternPA 2019 D20  (Venango, QL2)",Venango 2019-11,17TNE567468,27.5,74197,55.02783131393453
"PA WesternPA 2019 D20  (Venango, QL2)",Venango 2019-11,17TNE567468,28.5,108289,50.52406061557498
"PA WesternPA 2019 D20  (Venango, QL2)",Venango 2019-11,17TNE567468,30.5,27774,45.73341974508533
"PA WesternPA 2019 D20  (Venango, QL2)",Venango 2019-11,17TNE567468,31.5,1910,45.49738219895288
"PA WesternPA 2019 D20  (Venango, QL2)",Venango 2020-03,17TPF604596,0.5,37467,99.34342221154616
"PA WesternPA 2019 D20  (Venango, QL2)",Venango 2020-03,17TPF604596,1.5,59835,99.07746302331412
"PA WesternPA 2019 D20  (Venango, QL2)",Venango 2020-03,17TPF604596,2.5,59577,99.30677946187288
"PA WesternPA 2019 D20  (Venango, QL2)",Venango 2020-03,17TPF604596,3.5,59109,99.26745504068757
"PA WesternPA 2019 D20  (Venango, QL2)",Venango 2020-03,17TPF604596,4.5,70381,99.26258507267588
"PA WesternPA 2019 D20  (Venango, QL2)",Venango 2020-03,17TPF604596,5.5,59373,99.3549256396005
"PA WesternPA 2019 D20  (Venango, QL2)",Venango 2020-03,17TPF604596,6.5,114977,99.0572027448968
"PA WesternPA 2019 D20  (Venango, QL2)",Venango 2020-03,17TPF604596,7.5,169379,98.85700116307216
"PA WesternPA 2019 D20  (Venango, QL2)",Venango 2020-03,17TPF604596,8.5,58487,98.50394104672834
"PA WesternPA 2019 D20  (Venango, QL2)",Venango 2020-03,17TPF604596,9.5,113756,98.53722001476844
"PA WesternPA 2019 D20  (Venango, QL2)",Venango 2020-03,17TPF604596,10.5,168657,98.30365771951357
"PA WesternPA 2019 D20  (Venango, QL2)",Venango 2020-03,17TPF604596,11.5,44833,97.65128365266656
"PA WesternPA 2019 D20  (Venango, QL2)",Venango 2020-03,17TPF604596,12.5,59994,98.56985698569856
"PA WesternPA 2019 D20  (Venango, QL2)",Venango 2020-03,17TPF604596,13.5,109562,98.31784742885309
"PA WesternPA 2019 D20  (Venango, QL2)",Venango 2020-03,17TPF604596,15.5,54074,98.98102600140548
"PA WesternPA 2019 D20  (Venango, QL2)",Venango 2020-03,17TPF604596,16.5,106769,98.95662598694378
"PA WesternPA 2019 D20  (Venango, QL2)",Venango 2020-03,17TPF604596,18.5,99005,98.83339225291652
"PA WesternPA 2019 D20  (Venango, QL2)",Venango 2020-03,17TPF604596,19.5,221000,98.84886877828056
"PA WesternPA 2019 D20  (Venango, QL2)",Venango 2020-03,17TPF604596,21.5,110247,99.20269939318077
"PA WesternPA 2019 D20  (Venango, QL2)",Venango 2020-03,17TPF604596,22.5,219971,99.35082351764552
"PA WesternPA 2019 D20  (Venango, QL2)",Venango 2020-03,17TPF604596,24.5,109795,94.7310897581857
"PA WesternPA 2019 D20  (Venango, QL2)",Venango 2020-03,17TPF604596,25.5,218875,76.2754997144489
"PA WesternPA 2019 D20  (Venango, QL2)",Venango 2020-03,17TPF604596,27.5,109302,74.91903167371137
"PA WesternPA 2019 D20  (Venango, QL2)",Venango 2020-03,17TPF604596,28.5,182341,70.14549662445637
"PA WesternPA 2019 D20  (Venango, QL2)",Venango 2020-03,17TPF604597,0.5,12006,99.7168082625354
"PA WesternPA 2019 D20  (Venango, QL2)",Venango 2020-03,17TPF604597,1.5,54216,99.72332890659584
"PA WesternPA 2019 D20  (Venango, QL2)",Venango 2020-03,17TPF604597,2.5,56884,99.70290415582588
"PA WesternPA 2019 D20  (Venango, QL2)",Venango 2020-03,17TPF604597,3.5,58481,99.70417742514664
"PA WesternPA 2019 D20  (Venango, QL2)",Venango 2020-03,17TPF604597,4.5,86355,99.2970876034972
"PA WesternPA 2019 D20  (Venango, QL2)",Venango 2020-03,17TPF604597,5.5,58295,99.51796895102495
"PA WesternPA 2019 D20  (Venango, QL2)",Venango 2020-03,17TPF604597,6.5,113069,99.28362327428384
"PA WesternPA 2019 D20  (Venango, QL2)",Venango 2020-03,17TPF604597,7.5,167719,99.2159504886149
"PA WesternPA 2019 D20  (Venango, QL2)",Venango 2020-03,17TPF604597,8.5,58391,99.40915552054254
"PA WesternPA 2019 D20  (Venango, QL2)",Venango 2020-03,17TPF604597,9.5,114737,99.32018442176457
"PA WesternPA 2019 D20  (Venango, QL2)",Venango 2020-03,17TPF604597,10.5,170487,99.18410201364328
"PA WesternPA 2019 D20  (Venango, QL2)",Venango 2020-03,17TPF604597,11.5,57066,98.82241614972138
"PA WesternPA 2019 D20  (Venango, QL2)",Venango 2020-03,17TPF604597,12.5,64095,98.55995007410876
"PA WesternPA 2019 D20  (Venango, QL2)",Venango 2020-03,17TPF604597,13.5,110513,99.1801869463321
"PA WesternPA 2019 D20  (Venango, QL2)",Venango 2020-03,17TPF604597,15.5,56311,99.30386602972776
"PA WesternPA 2019 D20  (Venango, QL2)",Venango 2020-03,17TPF604597,16.5,110770,99.11799223616504
"PA WesternPA 2019 D20  (Venango, QL2)",Venango 2020-03,17TPF604597,18.5,67549,99.13248160594532
"PA WesternPA 2019 D20  (Venango, QL2)",Venango 2020-03,17TPF604597,19.5,221716,98.72810261776328
"PA WesternPA 2019 D20  (Venango, QL2)",Venango 2020-03,17TPF604597,21.5,110087,98.7337287781482
"PA WesternPA 2019 D20  (Venango, QL2)",Venango 2020-03,17TPF604597,22.5,221127,98.80475925599316
"PA WesternPA 2019 D20  (Venango, QL2)",Venango 2020-03,17TPF604597,24.5,110642,97.49281466350934
"PA WesternPA 2019 D20  (Venango, QL2)",Venango 2020-03,17TPF604597,25.5,219710,69.1861999908971
"PA WesternPA 2019 D20  (Venango, QL2)",Venango 2020-03,17TPF604597,27.5,109805,66.85032557715951
"PA WesternPA 2019 D20  (Venango, QL2)",Venango 2020-03,17TPF604597,28.5,183941,64.96376555525957
"PA WesternPA 2019 D20  (Venango, QL2)",Venango 2020-03,17TPF606590,0.5,103184,97.9270041866956
"PA WesternPA 2019 D20  (Venango, QL2)",Venango 2020-03,17TPF606590,1.5,106216,97.62182722000452
"PA WesternPA 2019 D20  (Venango, QL2)",Venango 2020-03,17TPF606590,2.5,102933,97.77233734565203
"PA WesternPA 2019 D20  (Venango, QL2)",Venango 2020-03,17TPF606590,3.5,103221,97.6041696941514
"PA WesternPA 2019 D20  (Venango, QL2)",Venango 2020-03,17TPF606590,4.5,104211,97.8610703284682
"PA WesternPA 2019 D20  (Venango, QL2)",Venango 2020-03,17TPF606590,5.5,102929,98.14629501889652
"PA WesternPA 2019 D20  (Venango, QL2)",Venango 2020-03,17TPF606590,6.5,104800,97.76431297709924
"PA WesternPA 2019 D20  (Venango, QL2)",Venango 2020-03,17TPF606590,7.5,103673,97.7033557435398
"PA WesternPA 2019 D20  (Venango, QL2)",Venango 2020-03,17TPF606590,8.5,102854,97.60923250432651
"PA WesternPA 2019 D20  (Venango, QL2)",Venango 2020-03,17TPF606590,9.5,122742,97.2910658128432
"PA WesternPA 2019 D20  (Venango, QL2)",Venango 2020-03,17TPF606590,10.5,157271,97.42291967368428
"PA WesternPA 2019 D20  (Venango, QL2)",Venango 2020-03,17TPF606590,11.5,149220,97.56466961533306
"PA WesternPA 2019 D20  (Venango, QL2)",Venango 2020-03,17TPF606590,12.5,111459,97.89608735050555
"PA WesternPA 2019 D20  (Venango, QL2)",Venango 2020-03,17TPF606590,13.5,108902,95.61807863951076
"PA WesternPA 2019 D20  (Venango, QL2)",Venango 2020-03,17TPF606590,14.5,109999,92.83720761097828
"PA WesternPA 2019 D20  (Venango, QL2)",Venango 2020-03,17TPF606590,15.5,114516,91.77232875755354
"PA WesternPA 2019 D20  (Venango, QL2)",Venango 2020-03,17TPF606590,16.5,123486,90.9487715206582
"PA WesternPA 2019 D20  (Venango, QL2)",Venango 2020-03,17TPF606590,17.5,142836,90.4932930073651
"PA WesternPA 2019 D20  (Venango, QL2)",Venango 2020-03,17TPF606590,18.5,209817,0.0
"PA WesternPA 2019 D20  (Venango, QL2)",Venango 2020-03,17TPF606590,19.5,178141,0.0
"PA WesternPA 2019 D20  (Venango, QL2)",Venango 2020-03,17TPF606591,0.5,106896,99.1936087412064
"PA WesternPA 2019 D20  (Venango, QL2)",Venango 2020-03,17TPF606591,1.5,108357,99.3742905396052
"PA WesternPA 2019 D20  (Venango, QL2)",Venango 2020-03,17TPF606591,2.5,108629,99.29668872952897
"PA WesternPA 2019 D20  (Venango, QL2)",Venango 2020-03,17TPF606591,3.5,109552,99.11275010953705
"PA WesternPA 2019 D20  (Venango, QL2)",Venango 2020-03,17TPF606591,4.5,109429,98.95731478858438
"PA WesternPA 2019 D20  (Venango, QL2)",Venango 2020-03,17TPF606591,5.5,108630,98.9358372456964
"PA WesternPA 2019 D20  (Venango, QL2)",Venango 2020-03,17TPF606591,6.5,109510,98.6129120628253
"PA WesternPA 2019 D20  (Venango, QL2)",Venango 2020-03,17TPF606591,7.5,109309,98.41001198437456
"PA WesternPA 2019 D20  (Venango, QL2)",Venango 2020-03,17TPF606591,8.5,108394,98.39843533774932
"PA WesternPA 2019 D20  (Venango, QL2)",Venango 2020-03,17TPF606591,9.5,114315,98.62485238157724
"PA WesternPA 2019 D20  (Venango, QL2)",Venango 2020-03,17TPF606591,10.5,155813,98.79855981208244
"PA WesternPA 2019 D20  (Venango, QL2)",Venango 2020-03,17TPF606591,11.5,167296,98.84276970160674
"PA WesternPA 2019 D20  (Venango, QL2)",Venango 2020-03,17TPF606591,12.5,139199,98.92527963562956
"PA WesternPA 2019 D20  (Venango, QL2)",Venango 2020-03,17TPF606591,13.5,112958,98.44189875883072
"PA WesternPA 2019 D20  (Venango, QL2)",Venango 2020-03,17TPF606591,14.5,111950,93.84814649397052
"PA WesternPA 2019 D20  (Venango, QL2)",Venango 2020-03,17TPF606591,15.5,115622,92.42531698119734
"PA WesternPA 2019 D20  (Venango, QL2)",Venango 2020-03,17TPF606591,16.5,123885,91.69633127497276
"PA WesternPA 2019 D20  (Venango, QL2)",Venango 2020-03,17TPF606591,17.5,141677,90.81008208813005
"PA WesternPA 2019 D20  (Venango, QL2)",Venango 2020-03,17TPF606591,18.5,208862,0.0
"PA WesternPA 2019 D20  (Venango, QL2)",Venango 2020-03,17TPF606591,19.5,192667,0.0
"PA WesternPA 2019 D20  (Venango, QL2)",Venango 2020-03,17TPF606593,0.5,106498,97.16614396514488
"PA WesternPA 2019 D20  (Venango, QL2)",Venango 2020-03,17TPF606593,1.5,106930,97.3262882259422
"PA WesternPA 2019 D20  (Venango, QL2)",Venango 2020-03,17TPF606593,2.5,106042,97.28881009411366
"PA WesternPA 2019 D20  (Venango, QL2)",Venango 2020-03,17TPF606593,3.5,106698,97.40951095615664
"PA WesternPA 2019 D20  (Venango, QL2)",Venango 2020-03,17TPF606593,4.5,106760,97.3267141251405
"PA WesternPA 2019 D20  (Venango, QL2)",Venango 2020-03,17TPF606593,5.5,105707,97.0153348406444
"PA WesternPA 2019 D20  (Venango, QL2)",Venango 2020-03,17TPF606593,6.5,106695,96.864895262196
"PA WesternPA 2019 D20  (Venango, QL2)",Venango 2020-03,17TPF606593,7.5,106546,97.60948322790156
"PA WesternPA 2019 D20  (Venango, QL2)",Venango 2020-03,17TPF606593,8.5,105570,97.74083546462064
"PA WesternPA 2019 D20  (Venango, QL2)",Venango 2020-03,17TPF606593,9.5,106763,97.83726571939717
"PA WesternPA 2019 D20  (Venango, QL2)",Venango 2020-03,17TPF606593,10.5,116351,97.96220058271952
"PA WesternPA 2019 D20  (Venango, QL2)",Venango 2020-03,17TPF606593,11.5,161024,98.24932929252782
"PA WesternPA 2019 D20  (Venango, QL2)",Venango 2020-03,17TPF606593,12.5,142125,98.18258575197888
"PA WesternPA 2019 D20  (Venango, QL2)",Venango 2020-03,17TPF606593,13.5,109974,97.99225271427792
"PA WesternPA 2019 D20  (Venango, QL2)",Venango 2020-03,17TPF606593,14.5,110783,93.8284754881164
"PA WesternPA 2019 D20  (Venango, QL2)",Venango 2020-03,17TPF606593,15.5,115269,92.4194709765852
"PA WesternPA 2019 D20  (Venango, QL2)",Venango 2020-03,17TPF606593,16.5,123743,92.06096506469052
"PA WesternPA 2019 D20  (Venango, QL2)",Venango 2020-03,17TPF606593,17.5,141978,91.50643057375086
"PA WesternPA 2019 D20  (Venango, QL2)",Venango 2020-03,17TPF606593,18.5,214446,0.0
"PA WesternPA 2019 D20  (Venango, QL2)",Venango 2020-03,17TPF606593,19.5,179133,0.0
"PA WesternPA 2019 D20  (Venango, QL2)",Venango 2020-03,17TPF606594,0.5,108572,98.37987694801606
"PA WesternPA 2019 D20  (Venango, QL2)",Venango 2020-03,17TPF606594,1.5,108093,98.50314081392877
"PA WesternPA 2019 D20  (Venango, QL2)",Venango 2020-03,17TPF606594,2.5,108909,98.43722741003955
"PA WesternPA 2019 D20  (Venango, QL2)",Venango 2020-03,17TPF606594,3.5,109431,98.3807147883141
"PA WesternPA 2019 D20  (Venango, QL2)",Venango 2020-03,17TPF606594,4.5,110794,98.31669584995578
"PA WesternPA 2019 D20  (Venango, QL2)",Venango 2020-03,17TPF606594,5.5,108878,98.06939877661236
"PA WesternPA 2019 D20  (Venango, QL2)",Venango 2020-03,17TPF606594,6.5,109716,98.08141018629917
"PA WesternPA 2019 D20  (Venango, QL2)",Venango 2020-03,17TPF606594,7.5,109128,98.15995894729126
"PA WesternPA 2019 D20  (Venango, QL2)",Venango 2020-03,17TPF606594,8.5,107979,98.1487141018161
"PA WesternPA 2019 D20  (Venango, QL2)",Venango 2020-03,17TPF606594,9.5,109504,98.09139392168322
"PA WesternPA 2019 D20  (Venango, QL2)",Venango 2020-03,17TPF606594,10.5,112486,98.04420105613144
"PA WesternPA 2019 D20  (Venango, QL2)",Venango 2020-03,17TPF606594,11.5,154934,98.14501658770833
"PA WesternPA 2019 D20  (Venango, QL2)",Venango 2020-03,17TPF606594,12.5,166448,98.21565894453524
"PA WesternPA 2019 D20  (Venango, QL2)",Venango 2020-03,17TPF606594,13.5,133004,97.21286577847282
"PA WesternPA 2019 D20  (Venango, QL2)",Venango 2020-03,17TPF606594,14.5,112278,93.1215376119988
"PA WesternPA 2019 D20  (Venango, QL2)",Venango 2020-03,17TPF606594,15.5,115913,92.7756161949048
"PA WesternPA 2019 D20  (Venango, QL2)",Venango 2020-03,17TPF606594,16.5,124620,92.62237201091318
"PA WesternPA 2019 D20  (Venango, QL2)",Venango 2020-03,17TPF606594,17.5,144804,92.57617192895223
"PA WesternPA 2019 D20  (Venango, QL2)",Venango 2020-03,17TPF606594,18.5,230810,0.0
"PA WesternPA 2019 D20  (Venango, QL2)",Venango 2020-03,17TPF606594,19.5,152539,0.0
"PA WesternPA 2019 D20  (Venango, QL2)",Venango 2020-03,17TPF604599,0.5,17873,99.75381860907514
"PA WesternPA 2019 D20  (Venango, QL2)",Venango 2020-03,17TPF604599,1.5,52104,99.74282204821128
"PA WesternPA 2019 D20  (Venango, QL2)",Venango 2020-03,17TPF604599,2.5,56872,99.78548319032213
"PA WesternPA 2019 D20  (Venango, QL2)",Venango 2020-03,17TPF604599,3.5,55961,99.75339968906918
"PA WesternPA 2019 D20  (Venango, QL2)",Venango 2020-03,17TPF604599,4.5,77704,99.62421496962833
"PA WesternPA 2019 D20  (Venango, QL2)",Venango 2020-03,17TPF604599,5.5,53328,99.50307530753076
"PA WesternPA 2019 D20  (Venango, QL2)",Venango 2020-03,17TPF604599,6.5,101305,99.4008193080302
"PA WesternPA 2019 D20  (Venango, QL2)",Venango 2020-03,17TPF604599,7.5,150952,99.23485611320156
"PA WesternPA 2019 D20  (Venango, QL2)",Venango 2020-03,17TPF604599,8.5,55982,99.43374656139471
"PA WesternPA 2019 D20  (Venango, QL2)",Venango 2020-03,17TPF604599,9.5,106978,99.17553141767466
"PA WesternPA 2019 D20  (Venango, QL2)",Venango 2020-03,17TPF604599,10.5,163037,98.77205787643295
"PA WesternPA 2019 D20  (Venango, QL2)",Venango 2020-03,17TPF604599,11.5,57070,98.95041177501314
"PA WesternPA 2019 D20  (Venango, QL2)",Venango 2020-03,17TPF604599,12.5,92932,98.80773038350624
"PA WesternPA 2019 D20  (Venango, QL2)",Venango 2020-03,17TPF604599,13.5,106076,98.38983370413663
"PA WesternPA 2019 D20  (Venango, QL2)",Venango 2020-03,17TPF604599,15.5,52361,98.28689291648364
"PA WesternPA 2019 D20  (Venango, QL2)",Venango 2020-03,17TPF604599,16.5,106902,98.03277768423416
"PA WesternPA 2019 D20  (Venango, QL2)",Venango 2020-03,17TPF604599,18.5,55251,97.84619282908906
"PA WesternPA 2019 D20  (Venango, QL2)",Venango 2020-03,17TPF604599,19.5,197283,98.27709432642447
"PA WesternPA 2019 D20  (Venango, QL2)",Venango 2020-03,17TPF604599,21.5,107911,98.4413081150207
"PA WesternPA 2019 D20  (Venango, QL2)",Venango 2020-03,17TPF604599,22.5,217393,98.4682119479468
"PA WesternPA 2019 D20  (Venango, QL2)",Venango 2020-03,17TPF604599,24.5,108001,94.9444912547106
"PA WesternPA 2019 D20  (Venango, QL2)",Venango 2020-03,17TPF604599,25.5,214984,66.82915937930265
"PA WesternPA 2019 D20  (Venango, QL2)",Venango 2020-03,17TPF604599,27.5,107078,65.9323110256075
"PA WesternPA 2019 D20  (Venango, QL2)",Venango 2020-03,17TPF604599,28.5,177562,63.92358725402958
"PA WesternPA 2019 D20  (Venango, QL2)",Venango 2020-03,17TPF606596,0.5,105718,99.4173177699162
"PA WesternPA 2019 D20  (Venango, QL2)",Venango 2020-03,17TPF606596,1.5,106057,99.4078655817155
"PA WesternPA 2019 D20  (Venango, QL2)",Venango 2020-03,17TPF606596,2.5,105214,99.17026251259338
"PA WesternPA 2019 D20  (Venango, QL2)",Venango 2020-03,17TPF606596,3.5,106098,99.15361269769458
"PA WesternPA 2019 D20  (Venango, QL2)",Venango 2020-03,17TPF606596,4.5,106573,99.35255646364465
"PA WesternPA 2019 D20  (Venango, QL2)",Venango 2020-03,17TPF606596,5.5,105900,99.3257790368272
"PA WesternPA 2019 D20  (Venango, QL2)",Venango 2020-03,17TPF606596,6.5,106670,99.1319021280585
"PA WesternPA 2019 D20  (Venango, QL2)",Venango 2020-03,17TPF606596,7.5,106051,99.06365805131492
"PA WesternPA 2019 D20  (Venango, QL2)",Venango 2020-03,17TPF606596,8.5,106268,98.9215944592916
"PA WesternPA 2019 D20  (Venango, QL2)",Venango 2020-03,17TPF606596,9.5,106836,98.8580628252649
"PA WesternPA 2019 D20  (Venango, QL2)",Venango 2020-03,17TPF606596,10.5,106287,98.70633285350044
"PA WesternPA 2019 D20  (Venango, QL2)",Venango 2020-03,17TPF606596,11.5,120351,98.76610913079244
"PA WesternPA 2019 D20  (Venango, QL2)",Venango 2020-03,17TPF606596,12.5,160456,98.79717804257864
"PA WesternPA 2019 D20  (Venango, QL2)",Venango 2020-03,17TPF606596,13.5,159124,98.41255875920666
"PA WesternPA 2019 D20  (Venango, QL2)",Venango 2020-03,17TPF606596,14.5,116845,93.43917155205614
"PA WesternPA 2019 D20  (Venango, QL2)",Venango 2020-03,17TPF606596,15.5,115037,92.13035805871156
"PA WesternPA 2019 D20  (Venango, QL2)",Venango 2020-03,17TPF606596,16.5,123545,92.06119227811728
"PA WesternPA 2019 D20  (Venango, QL2)",Venango 2020-03,17TPF606596,17.5,141687,91.80235307402936
"PA WesternPA 2019 D20  (Venango, QL2)",Venango 2020-03,17TPF606596,18.5,220467,0.0
"PA WesternPA 2019 D20  (Venango, QL2)",Venango 2020-03,17TPF606596,19.5,185199,0.0
"PA WesternPA 2019 D20  (Venango, QL2)",Venango 2020-03,17TPF606597,0.5,104343,98.76656795376786
"PA WesternPA 2019 D20  (Venango, QL2)",Venango 2020-03,17TPF606597,1.5,103993,98.71433654188264
"PA WesternPA 2019 D20  (Venango, QL2)",Venango 2020-03,17TPF606597,2.5,104548,99.10089145655584
"PA WesternPA 2019 D20  (Venango, QL2)",Venango 2020-03,17TPF606597,3.5,105834,99.11654099816694
"PA WesternPA 2019 D20  (Venango, QL2)",Venango 2020-03,17TPF606597,4.5,104348,99.03879326867788
"PA WesternPA 2019 D20  (Venango, QL2)",Venango 2020-03,17TPF606597,5.5,103441,98.87858779400818
"PA WesternPA 2019 D20  (Venango, QL2)",Venango 2020-03,17TPF606597,6.5,105371,98.96366172855907
"PA WesternPA 2019 D20  (Venango, QL2)",Venango 2020-03,17TPF606597,7.5,104696,98.87961335676626
"PA WesternPA 2019 D20  (Venango, QL2)",Venango 2020-03,17TPF606597,8.5,103688,98.85618393642466
"PA WesternPA 2019 D20  (Venango, QL2)",Venango 2020-03,17TPF606597,9.5,103197,98.9776834597905
"PA WesternPA 2019 D20  (Venango, QL2)",Venango 2020-03,17TPF606597,10.5,102099,98.92555264987904
"PA WesternPA 2019 D20  (Venango, QL2)",Venango 2020-03,17TPF606597,11.5,104874,98.7480214352461
"PA WesternPA 2019 D20  (Venango, QL2)",Venango 2020-03,17TPF606597,12.5,156654,98.16283018627038
"PA WesternPA 2019 D20  (Venango, QL2)",Venango 2020-03,17TPF606597,13.5,165467,97.01148869563116
"PA WesternPA 2019 D20  (Venango, QL2)",Venango 2020-03,17TPF606597,14.5,127361,92.82747465864747
"PA WesternPA 2019 D20  (Venango, QL2)",Venango 2020-03,17TPF606597,15.5,121763,91.90312328047108
"PA WesternPA 2019 D20  (Venango, QL2)",Venango 2020-03,17TPF606597,16.5,130735,90.81118292729568
"PA WesternPA 2019 D20  (Venango, QL2)",Venango 2020-03,17TPF606597,17.5,155489,88.33165047045128
"PA WesternPA 2019 D20  (Venango, QL2)",Venango 2020-03,17TPF606597,18.5,333218,0.0
"PA WesternPA 2019 D20  (Venango, QL2)",Venango 2020-03,17TPF606597,19.5,230159,0.0
"PA WesternPA 2019 D20  (Venango, QL2)",Venango 2020-03,17TPF606599,0.5,108957,99.6356360766174
"PA WesternPA 2019 D20  (Venango, QL2)",Venango 2020-03,17TPF606599,1.5,110076,99.1560376467168
"PA WesternPA 2019 D20  (Venango, QL2)",Venango 2020-03,17TPF606599,2.5,110069,98.61632248862078
"PA WesternPA 2019 D20  (Venango, QL2)",Venango 2020-03,17TPF606599,3.5,108307,98.8061713462657
"PA WesternPA 2019 D20  (Venango, QL2)",Venango 2020-03,17TPF606599,4.5,108029,99.1965120476909
"PA WesternPA 2019 D20  (Venango, QL2)",Venango 2020-03,17TPF606599,5.5,108314,99.11276473955353
"PA WesternPA 2019 D20  (Venango, QL2)",Venango 2020-03,17TPF606599,6.5,108350,99.24042455006922
"PA WesternPA 2019 D20  (Venango, QL2)",Venango 2020-03,17TPF606599,7.5,108412,99.19842821827842
"PA WesternPA 2019 D20  (Venango, QL2)",Venango 2020-03,17TPF606599,8.5,108914,99.33892796151092
"PA WesternPA 2019 D20  (Venango, QL2)",Venango 2020-03,17TPF606599,9.5,109306,99.34221360218103
"PA WesternPA 2019 D20  (Venango, QL2)",Venango 2020-03,17TPF606599,10.5,110271,99.26544603748944
"PA WesternPA 2019 D20  (Venango, QL2)",Venango 2020-03,17TPF606599,11.5,109028,99.0919763730418
"PA WesternPA 2019 D20  (Venango, QL2)",Venango 2020-03,17TPF606599,12.5,125448,99.15104266309548
"PA WesternPA 2019 D20  (Venango, QL2)",Venango 2020-03,17TPF606599,13.5,161566,99.04249656487131
"PA WesternPA 2019 D20  (Venango, QL2)",Venango 2020-03,17TPF606599,14.5,146367,95.01185376485137
"PA WesternPA 2019 D20  (Venango, QL2)",Venango 2020-03,17TPF606599,15.5,119459,92.4116223976427
"PA WesternPA 2019 D20  (Venango, QL2)",Venango 2020-03,17TPF606599,16.5,128703,92.20919481286371
"PA WesternPA 2019 D20  (Venango, QL2)",Venango 2020-03,17TPF606599,17.5,173898,92.1074422937584
"PA WesternPA 2019 D20  (Venango, QL2)",Venango 2020-03,17TPF606599,18.5,340264,0.0
"PA WesternPA 2019 D20  (Venango, QL2)",Venango 2020-03,17TPF606599,19.5,231741,0.0
"PA WesternPA 2019 D20  (Venango, QL2)",Venango 2020-03,17TPF607590,0.5,112275,98.75217100868404
"PA WesternPA 2019 D20  (Venango, QL2)",Venango 2020-03,17TPF607590,1.5,112499,98.6755437826114
"PA WesternPA 2019 D20  (Venango, QL2)",Venango 2020-03,17TPF607590,2.5,111837,98.424492788612
"PA WesternPA 2019 D20  (Venango, QL2)",Venango 2020-03,17TPF607590,3.5,112329,98.65840522037942
"PA WesternPA 2019 D20  (Venango, QL2)",Venango 2020-03,17TPF607590,4.5,111970,98.18433508975616
"PA WesternPA 2019 D20  (Venango, QL2)",Venango 2020-03,17TPF607590,5.5,110788,97.97721774921472
"PA WesternPA 2019 D20  (Venango, QL2)",Venango 2020-03,17TPF607590,6.5,111017,97.549924786294
"PA WesternPA 2019 D20  (Venango, QL2)",Venango 2020-03,17TPF607590,7.5,110827,97.23803766230252
"PA WesternPA 2019 D20  (Venango, QL2)",Venango 2020-03,17TPF607590,8.5,109977,96.76750593305871
"PA WesternPA 2019 D20  (Venango, QL2)",Venango 2020-03,17TPF607590,9.5,111266,96.32502291805224
"PA WesternPA 2019 D20  (Venango, QL2)",Venango 2020-03,17TPF607590,10.5,110973,96.19456985032396
"PA WesternPA 2019 D20  (Venango, QL2)",Venango 2020-03,17TPF607590,11.5,118608,96.67644678267908
"PA WesternPA 2019 D20  (Venango, QL2)",Venango 2020-03,17TPF607590,12.5,148376,96.52032673747776
"PA WesternPA 2019 D20  (Venango, QL2)",Venango 2020-03,17TPF607590,13.5,106738,96.93642376660608
"PA WesternPA 2019 D20  (Venango, QL2)",Venango 2020-03,17TPF607590,14.5,107526,95.62524412700184
"PA WesternPA 2019 D20  (Venango, QL2)",Venango 2020-03,17TPF607590,15.5,112482,90.68384274817303
"PA WesternPA 2019 D20  (Venango, QL2)",Venango 2020-03,17TPF607590,16.5,119235,89.25231685327294
"PA WesternPA 2019 D20  (Venango, QL2)",Venango 2020-03,17TPF607590,17.5,143371,89.34303310990369
"PA WesternPA 2019 D20  (Venango, QL2)",Venango 2020-03,17TPF607590,18.5,268330,0.0
"PA WesternPA 2019 D20  (Venango, QL2)",Venango 2020-03,17TPF607590,19.5,92713,0.0
"PA WesternPA 2019 D20  (Venango, QL2)",Venango 2020-03,17TPF607593,0.5,98086,97.5847725465408
"PA WesternPA 2019 D20  (Venango, QL2)",Venango 2020-03,17TPF607593,1.5,100668,97.56625740056424
"PA WesternPA 2019 D20  (Venango, QL2)",Venango 2020-03,17TPF607593,2.5,99878,97.33875327900036
"PA WesternPA 2019 D20  (Venango, QL2)",Venango 2020-03,17TPF607593,3.5,97952,97.35074322116957
"PA WesternPA 2019 D20  (Venango, QL2)",Venango 2020-03,17TPF607593,4.5,103010,97.6458596252791
"PA WesternPA 2019 D20  (Venango, QL2)",Venango 2020-03,17TPF607593,5.5,103701,97.9141956201001
"PA WesternPA 2019 D20  (Venango, QL2)",Venango 2020-03,17TPF607593,6.5,103969,97.61082630399446
"PA WesternPA 2019 D20  (Venango, QL2)",Venango 2020-03,17TPF607593,7.5,102366,97.41515737647266
"PA WesternPA 2019 D20  (Venango, QL2)",Venango 2020-03,17TPF607593,8.5,101665,97.13273988098166
"PA WesternPA 2019 D20  (Venango, QL2)",Venango 2020-03,17TPF607593,9.5,103736,97.46857407264596
"PA WesternPA 2019 D20  (Venango, QL2)",Venango 2020-03,17TPF607593,10.5,104518,97.78602728716584
"PA WesternPA 2019 D20  (Venango, QL2)",Venango 2020-03,17TPF607593,11.5,100683,97.86061201990404
"PA WesternPA 2019 D20  (Venango, QL2)",Venango 2020-03,17TPF607593,12.5,121345,97.71478017223616
"PA WesternPA 2019 D20  (Venango, QL2)",Venango 2020-03,17TPF607593,13.5,145335,96.85141225444664
"PA WesternPA 2019 D20  (Venango, QL2)",Venango 2020-03,17TPF607593,14.5,110836,94.9637301959652
"PA WesternPA 2019 D20  (Venango, QL2)",Venango 2020-03,17TPF607593,15.5,113014,92.58764400870687
"PA WesternPA 2019 D20  (Venango, QL2)",Venango 2020-03,17TPF607593,16.5,123553,91.97591317086594
"PA WesternPA 2019 D20  (Venango, QL2)",Venango 2020-03,17TPF607593,17.5,172176,91.0620527831986
"PA WesternPA 2019 D20  (Venango, QL2)",Venango 2020-03,17TPF607593,18.5,380595,0.0
"PA WesternPA 2019 D20  (Venango, QL2)",Venango 2020-03,17TPF607593,19.5,49175,0.0
"PA WesternPA 2019 D20  (Venango, QL2)",Venango 2020-03,17TPF607591,0.5,113524,97.99954194707728
"PA WesternPA 2019 D20  (Venango, QL2)",Venango 2020-03,17TPF607591,1.5,113924,98.04343246374776
"PA WesternPA 2019 D20  (Venango, QL2)",Venango 2020-03,17TPF607591,2.5,113188,98.16234936565714
"PA WesternPA 2019 D20  (Venango, QL2)",Venango 2020-03,17TPF607591,3.5,113481,97.51324010186728
"PA WesternPA 2019 D20  (Venango, QL2)",Venango 2020-03,17TPF607591,4.5,112749,97.26205997392438
"PA WesternPA 2019 D20  (Venango, QL2)",Venango 2020-03,17TPF607591,5.5,111676,97.1990400802321
"PA WesternPA 2019 D20  (Venango, QL2)",Venango 2020-03,17TPF607591,6.5,111183,97.21000512668304
"PA WesternPA 2019 D20  (Venango, QL2)",Venango 2020-03,17TPF607591,7.5,110691,97.2301271106052
"PA WesternPA 2019 D20  (Venango, QL2)",Venango 2020-03,17TPF607591,8.5,109479,97.37757926177622
"PA WesternPA 2019 D20  (Venango, QL2)",Venango 2020-03,17TPF607591,9.5,110623,98.15047503683682
"PA WesternPA 2019 D20  (Venango, QL2)",Venango 2020-03,17TPF607591,10.5,110600,98.8254972875226
"PA WesternPA 2019 D20  (Venango, QL2)",Venango 2020-03,17TPF607591,11.5,94765,98.54693188413444
"PA WesternPA 2019 D20  (Venango, QL2)",Venango 2020-03,17TPF607591,12.5,115854,98.26851036649576
"PA WesternPA 2019 D20  (Venango, QL2)",Venango 2020-03,17TPF607591,13.5,114371,98.28540451687928
"PA WesternPA 2019 D20  (Venango, QL2)",Venango 2020-03,17TPF607591,14.5,112506,96.87127797628573
"PA WesternPA 2019 D20  (Venango, QL2)",Venango 2020-03,17TPF607591,15.5,117076,91.50039290717142
"PA WesternPA 2019 D20  (Venango, QL2)",Venango 2020-03,17TPF607591,16.5,126781,91.11223290556156
"PA WesternPA 2019 D20  (Venango, QL2)",Venango 2020-03,17TPF607591,17.5,160429,90.9212174856167
"PA WesternPA 2019 D20  (Venango, QL2)",Venango 2020-03,17TPF607591,18.5,351947,0.0
"PA WesternPA 2019 D20  (Venango, QL2)",Venango 2020-03,17TPF607591,19.5,118875,0.0
"PA WesternPA 2019 D20  (Venango, QL2)",Venango 2020-03,17TPF607594,0.5,110725,98.20907654097992
"PA WesternPA 2019 D20  (Venango, QL2)",Venango 2020-03,17TPF607594,1.5,120984,98.45682073662633
"PA WesternPA 2019 D20  (Venango, QL2)",Venango 2020-03,17TPF607594,2.5,120900,98.55004135649295
"PA WesternPA 2019 D20  (Venango, QL2)",Venango 2020-03,17TPF607594,3.5,115589,98.27405721997768
"PA WesternPA 2019 D20  (Venango, QL2)",Venango 2020-03,17TPF607594,4.5,111327,97.83251143029096
"PA WesternPA 2019 D20  (Venango, QL2)",Venango 2020-03,17TPF607594,5.5,121857,97.69319776459292
"PA WesternPA 2019 D20  (Venango, QL2)",Venango 2020-03,17TPF607594,6.5,124304,97.70964731625692
"PA WesternPA 2019 D20  (Venango, QL2)",Venango 2020-03,17TPF607594,7.5,124794,97.68658749619372
"PA WesternPA 2019 D20  (Venango, QL2)",Venango 2020-03,17TPF607594,8.5,123876,97.98346733830606
"PA WesternPA 2019 D20  (Venango, QL2)",Venango 2020-03,17TPF607594,9.5,124533,97.91380597913806
"PA WesternPA 2019 D20  (Venango, QL2)",Venango 2020-03,17TPF607594,10.5,124198,97.590943493454
"PA WesternPA 2019 D20  (Venango, QL2)",Venango 2020-03,17TPF607594,11.5,123806,97.72951230150396
"PA WesternPA 2019 D20  (Venango, QL2)",Venango 2020-03,17TPF607594,12.5,124824,97.76084727296032
"PA WesternPA 2019 D20  (Venango, QL2)",Venango 2020-03,17TPF607594,13.5,160302,97.4772616686005
"PA WesternPA 2019 D20  (Venango, QL2)",Venango 2020-03,17TPF607594,14.5,154097,95.39705510165676
"PA WesternPA 2019 D20  (Venango, QL2)",Venango 2020-03,17TPF607594,15.5,126961,91.3367096982538
"PA WesternPA 2019 D20  (Venango, QL2)",Venango 2020-03,17TPF607594,16.5,139116,89.93717473187843
"PA WesternPA 2019 D20  (Venango, QL2)",Venango 2020-03,17TPF607594,17.5,201672,88.0171764052521
"PA WesternPA 2019 D20  (Venango, QL2)",Venango 2020-03,17TPF607594,18.5,447636,0.0
"PA WesternPA 2019 D20  (Venango, QL2)",Venango 2020-03,17TPF607594,19.5,50834,0.0
"PA WesternPA 2019 D20  (Venango, QL2)",Venango 2020-03,17TPF607597,0.5,113618,99.35485574468834
"PA WesternPA 2019 D20  (Venango, QL2)",Venango 2020-03,17TPF607597,1.5,113345,99.38329877806696
"PA WesternPA 2019 D20  (Venango, QL2)",Venango 2020-03,17TPF607597,2.5,111057,99.43452461348676
"PA WesternPA 2019 D20  (Venango, QL2)",Venango 2020-03,17TPF607597,3.5,112408,99.25628069176572
"PA WesternPA 2019 D20  (Venango, QL2)",Venango 2020-03,17TPF607597,4.5,112200,99.27183600713012
"PA WesternPA 2019 D20  (Venango, QL2)",Venango 2020-03,17TPF607597,5.5,112864,98.93322937340515
"PA WesternPA 2019 D20  (Venango, QL2)",Venango 2020-03,17TPF607597,6.5,113366,98.5471834588854
"PA WesternPA 2019 D20  (Venango, QL2)",Venango 2020-03,17TPF607597,7.5,112861,98.65055244947324
"PA WesternPA 2019 D20  (Venango, QL2)",Venango 2020-03,17TPF607597,8.5,112406,98.24564525025356
"PA WesternPA 2019 D20  (Venango, QL2)",Venango 2020-03,17TPF607597,9.5,113016,98.6258582855525
"PA WesternPA 2019 D20  (Venango, QL2)",Venango 2020-03,17TPF607597,10.5,113178,98.55979077205818
"PA WesternPA 2019 D20  (Venango, QL2)",Venango 2020-03,17TPF607597,11.5,112432,98.521773160666
"PA WesternPA 2019 D20  (Venango, QL2)",Venango 2020-03,17TPF607597,12.5,110358,98.66978379455954
"PA WesternPA 2019 D20  (Venango, QL2)",Venango 2020-03,17TPF607597,13.5,112994,98.74595111244844
"PA WesternPA 2019 D20  (Venango, QL2)",Venango 2020-03,17TPF607597,14.5,152425,94.99097917008363
"PA WesternPA 2019 D20  (Venango, QL2)",Venango 2020-03,17TPF607597,15.5,157040,91.77215995924604
"PA WesternPA 2019 D20  (Venango, QL2)",Venango 2020-03,17TPF607597,16.5,127398,90.70393569757766
"PA WesternPA 2019 D20  (Venango, QL2)",Venango 2020-03,17TPF607597,17.5,205543,90.46330938051892
"PA WesternPA 2019 D20  (Venango, QL2)",Venango 2020-03,17TPF607597,18.5,262899,0.0
"PA WesternPA 2019 D20  (Venango, QL2)",Venango 2020-03,17TPF607597,19.5,85457,0.0
"PA WesternPA 2019 D20  (Venango, QL2)",Venango 2020-03,17TPF607599,0.5,114492,99.44974321349964
"PA WesternPA 2019 D20  (Venango, QL2)",Venango 2020-03,17TPF607599,1.5,114827,99.38342027571912
"PA WesternPA 2019 D20  (Venango, QL2)",Venango 2020-03,17TPF607599,2.5,114063,99.3950711448936
"PA WesternPA 2019 D20  (Venango, QL2)",Venango 2020-03,17TPF607599,3.5,114523,99.63850056320564
"PA WesternPA 2019 D20  (Venango, QL2)",Venango 2020-03,17TPF607599,4.5,114535,99.66123892260008
"PA WesternPA 2019 D20  (Venango, QL2)",Venango 2020-03,17TPF607599,5.5,114299,99.52405532856804
"PA WesternPA 2019 D20  (Venango, QL2)",Venango 2020-03,17TPF607599,6.5,115019,99.52355697754284
"PA WesternPA 2019 D20  (Venango, QL2)",Venango 2020-03,17TPF607599,7.5,115075,99.63502063871388
"PA WesternPA 2019 D20  (Venango, QL2)",Venango 2020-03,17TPF607599,8.5,114393,99.59525495441154
"PA WesternPA 2019 D20  (Venango, QL2)",Venango 2020-03,17TPF607599,9.5,115193,99.53903448994296
"PA WesternPA 2019 D20  (Venango, QL2)",Venango 2020-03,17TPF607599,10.5,114324,99.61512893180785
"PA WesternPA 2019 D20  (Venango, QL2)",Venango 2020-03,17TPF607599,11.5,113375,99.57750826901876
"PA WesternPA 2019 D20  (Venango, QL2)",Venango 2020-03,17TPF607599,12.5,112581,99.51768060329896
"PA WesternPA 2019 D20  (Venango, QL2)",Venango 2020-03,17TPF607599,13.5,115584,99.5907738095238
"PA WesternPA 2019 D20  (Venango, QL2)",Venango 2020-03,17TPF607599,14.5,141008,96.32786792238738
"PA WesternPA 2019 D20  (Venango, QL2)",Venango 2020-03,17TPF607599,15.5,179081,94.00550588839688
"PA WesternPA 2019 D20  (Venango, QL2)",Venango 2020-03,17TPF607599,16.5,203163,92.913571861018
"PA WesternPA 2019 D20  (Venango, QL2)",Venango 2020-03,17TPF607599,17.5,198009,92.26600811074243
"PA WesternPA 2019 D20  (Venango, QL2)",Venango 2020-03,17TPF607599,18.5,248850,0.0
"PA WesternPA 2019 D20  (Venango, QL2)",Venango 2020-03,17TPF607599,19.5,111504,0.0
"PA WesternPA 2019 D20  (Venango, QL2)",Venango 2020-03,17TPF607596,0.5,102566,97.89111401439074
"PA WesternPA 2019 D20  (Venango, QL2)",Venango 2020-03,17TPF607596,1.5,103627,97.93683113474287
"PA WesternPA 2019 D20  (Venango, QL2)",Venango 2020-03,17TPF607596,2.5,106131,97.98268178006428
"PA WesternPA 2019 D20  (Venango, QL2)",Venango 2020-03,17TPF607596,3.5,105532,97.7182276465906
"PA WesternPA 2019 D20  (Venango, QL2)",Venango 2020-03,17TPF607596,4.5,104254,97.96842327392714
"PA WesternPA 2019 D20  (Venango, QL2)",Venango 2020-03,17TPF607596,5.5,105058,98.20480115745588
"PA WesternPA 2019 D20  (Venango, QL2)",Venango 2020-03,17TPF607596,6.5,106774,98.41066177159232
"PA WesternPA 2019 D20  (Venango, QL2)",Venango 2020-03,17TPF607596,7.5,107023,98.02378927894004
"PA WesternPA 2019 D20  (Venango, QL2)",Venango 2020-03,17TPF607596,8.5,106215,97.89860189238809
"PA WesternPA 2019 D20  (Venango, QL2)",Venango 2020-03,17TPF607596,9.5,107278,98.12729543802084
"PA WesternPA 2019 D20  (Venango, QL2)",Venango 2020-03,17TPF607596,10.5,106871,98.34847620027884
"PA WesternPA 2019 D20  (Venango, QL2)",Venango 2020-03,17TPF607596,11.5,105799,98.05385684174708
"PA WesternPA 2019 D20  (Venango, QL2)",Venango 2020-03,17TPF607596,12.5,107041,98.25580852196822
"PA WesternPA 2019 D20  (Venango, QL2)",Venango 2020-03,17TPF607596,13.5,115190,98.57452903897908
"PA WesternPA 2019 D20  (Venango, QL2)",Venango 2020-03,17TPF607596,14.5,155914,97.16125556396476
"PA WesternPA 2019 D20  (Venango, QL2)",Venango 2020-03,17TPF607596,15.5,121649,91.8273064307968
"PA WesternPA 2019 D20  (Venango, QL2)",Venango 2020-03,17TPF607596,16.5,125566,91.1847156077282
"PA WesternPA 2019 D20  (Venango, QL2)",Venango 2020-03,17TPF607596,17.5,209634,90.72669509716935
"PA WesternPA 2019 D20  (Venango, QL2)",Venango 2020-03,17TPF607596,18.5,396393,0.0
"PA WesternPA 2019 D20  (Venango, QL2)",Venango 2020-03,17TPF607596,19.5,91839,0.0
"PA WesternPA 2019 D20  (Venango, QL2)",Venango 2020-03,17TPF609591,0.5,109899,96.97358483698667
"PA WesternPA 2019 D20  (Venango, QL2)",Venango 2020-03,17TPF609591,1.5,110071,97.16183190849542
"PA WesternPA 2019 D20  (Venango, QL2)",Venango 2020-03,17TPF609591,2.5,109255,97.3108782206764
"PA WesternPA 2019 D20  (Venango, QL2)",Venango 2020-03,17TPF609591,3.5,110794,97.74807300034298
"PA WesternPA 2019 D20  (Venango, QL2)",Venango 2020-03,17TPF609591,4.5,110580,97.85675529028758
"PA WesternPA 2019 D20  (Venango, QL2)",Venango 2020-03,17TPF609591,5.5,109907,97.26496037559028
"PA WesternPA 2019 D20  (Venango, QL2)",Venango 2020-03,17TPF609591,6.5,109823,97.03887163890988
"PA WesternPA 2019 D20  (Venango, QL2)",Venango 2020-03,17TPF609591,7.5,108291,96.71717871291244
"PA WesternPA 2019 D20  (Venango, QL2)",Venango 2020-03,17TPF609591,8.5,106830,96.318449873631
"PA WesternPA 2019 D20  (Venango, QL2)",Venango 2020-03,17TPF609591,9.5,108427,96.53315133684414
"PA WesternPA 2019 D20  (Venango, QL2)",Venango 2020-03,17TPF609591,10.5,107917,96.62796408350862
"PA WesternPA 2019 D20  (Venango, QL2)",Venango 2020-03,17TPF609591,11.5,107558,96.29781141337696
"PA WesternPA 2019 D20  (Venango, QL2)",Venango 2020-03,17TPF609591,12.5,111686,95.54823344018052
"PA WesternPA 2019 D20  (Venango, QL2)",Venango 2020-03,17TPF609591,13.5,150888,92.61306399448598
"PA WesternPA 2019 D20  (Venango, QL2)",Venango 2020-03,17TPF609591,14.5,151894,92.8943868750576
"PA WesternPA 2019 D20  (Venango, QL2)",Venango 2020-03,17TPF609591,15.5,108993,92.05270063215067
"PA WesternPA 2019 D20  (Venango, QL2)",Venango 2020-03,17TPF609591,16.5,110135,90.56249148771964
"PA WesternPA 2019 D20  (Venango, QL2)",Venango 2020-03,17TPF609591,17.5,167153,89.54191668710703
"PA WesternPA 2019 D20  (Venango, QL2)",Venango 2020-03,17TPF609591,18.5,212973,0.0
"PA WesternPA 2019 D20  (Venango, QL2)",Venango 2020-03,17TPF609591,19.5,131517,0.0
"PA WesternPA 2019 D20  (Venango, QL2)",Venango 2020-03,17TPF609590,0.5,130874,93.26527805370053
"PA WesternPA 2019 D20  (Venango, QL2)",Venango 2020-03,17TPF609590,1.5,131427,93.33926818690225
"PA WesternPA 2019 D20  (Venango, QL2)",Venango 2020-03,17TPF609590,2.5,130417,93.1527331559536
"PA WesternPA 2019 D20  (Venango, QL2)",Venango 2020-03,17TPF609590,3.5,131218,94.04273803898856
"PA WesternPA 2019 D20  (Venango, QL2)",Venango 2020-03,17TPF609590,4.5,129973,93.8810368307264
"PA WesternPA 2019 D20  (Venango, QL2)",Venango 2020-03,17TPF609590,5.5,121390,94.56133124639592
"PA WesternPA 2019 D20  (Venango, QL2)",Venango 2020-03,17TPF609590,6.5,114326,95.4577261515316
"PA WesternPA 2019 D20  (Venango, QL2)",Venango 2020-03,17TPF609590,7.5,105419,94.73150001422891
"PA WesternPA 2019 D20  (Venango, QL2)",Venango 2020-03,17TPF609590,8.5,111364,95.89903379907332
"PA WesternPA 2019 D20  (Venango, QL2)",Venango 2020-03,17TPF609590,9.5,121139,95.30621847629584
"PA WesternPA 2019 D20  (Venango, QL2)",Venango 2020-03,17TPF609590,10.5,115184,94.86994721489096
"PA WesternPA 2019 D20  (Venango, QL2)",Venango 2020-03,17TPF609590,11.5,122348,94.0554810867362
"PA WesternPA 2019 D20  (Venango, QL2)",Venango 2020-03,17TPF609590,12.5,132870,92.06216602694364
"PA WesternPA 2019 D20  (Venango, QL2)",Venango 2020-03,17TPF609590,13.5,175631,89.6954410098445
"PA WesternPA 2019 D20  (Venango, QL2)",Venango 2020-03,17TPF609590,14.5,172649,87.79604863045833
"PA WesternPA 2019 D20  (Venango, QL2)",Venango 2020-03,17TPF609590,15.5,120518,85.2229542474983
"PA WesternPA 2019 D20  (Venango, QL2)",Venango 2020-03,17TPF609590,16.5,124858,84.83477230133431
"PA WesternPA 2019 D20  (Venango, QL2)",Venango 2020-03,17TPF609590,17.5,165461,85.902418092481
"PA WesternPA 2019 D20  (Venango, QL2)",Venango 2020-03,17TPF609590,18.5,306762,0.0
"PA WesternPA 2019 D20  (Venango, QL2)",Venango 2020-03,17TPF609590,19.5,157912,0.0
"PA WesternPA 2019 D20  (Venango, QL2)",Venango 2020-03,17TPF609593,0.5,77420,98.3802634978042
"PA WesternPA 2019 D20  (Venango, QL2)",Venango 2020-03,17TPF609593,1.5,89305,97.75152567045518
"PA WesternPA 2019 D20  (Venango, QL2)",Venango 2020-03,17TPF609593,2.5,100012,97.48530176378834
"PA WesternPA 2019 D20  (Venango, QL2)",Venango 2020-03,17TPF609593,3.5,101330,97.21109247014704
"PA WesternPA 2019 D20  (Venango, QL2)",Venango 2020-03,17TPF609593,4.5,100517,97.18555070286618
"PA WesternPA 2019 D20  (Venango, QL2)",Venango 2020-03,17TPF609593,5.5,99987,97.40966325622333
"PA WesternPA 2019 D20  (Venango, QL2)",Venango 2020-03,17TPF609593,6.5,100683,97.66395518607908
"PA WesternPA 2019 D20  (Venango, QL2)",Venango 2020-03,17TPF609593,7.5,100890,97.86401030825652
"PA WesternPA 2019 D20  (Venango, QL2)",Venango 2020-03,17TPF609593,8.5,99685,97.77800070221195
"PA WesternPA 2019 D20  (Venango, QL2)",Venango 2020-03,17TPF609593,9.5,100001,97.6890231097689
"PA WesternPA 2019 D20  (Venango, QL2)",Venango 2020-03,17TPF609593,10.5,100343,97.52249783243477
"PA WesternPA 2019 D20  (Venango, QL2)",Venango 2020-03,17TPF609593,11.5,100634,97.33390305463362
"PA WesternPA 2019 D20  (Venango, QL2)",Venango 2020-03,17TPF609593,12.5,102048,96.51438538726872
"PA WesternPA 2019 D20  (Venango, QL2)",Venango 2020-03,17TPF609593,13.5,113243,94.3184126171154
"PA WesternPA 2019 D20  (Venango, QL2)",Venango 2020-03,17TPF609593,14.5,153730,92.62733363689586
"PA WesternPA 2019 D20  (Venango, QL2)",Venango 2020-03,17TPF609593,15.5,156074,91.50659302638492
"PA WesternPA 2019 D20  (Venango, QL2)",Venango 2020-03,17TPF609593,16.5,126392,90.6655484524337
"PA WesternPA 2019 D20  (Venango, QL2)",Venango 2020-03,17TPF609593,17.5,185386,90.34986460682036
"PA WesternPA 2019 D20  (Venango, QL2)",Venango 2020-03,17TPF609593,18.5,247335,0.0
"PA WesternPA 2019 D20  (Venango, QL2)",Venango 2020-03,17TPF609593,19.5,81620,0.0
"PA WesternPA 2019 D20  (Venango, QL2)",Venango 2020-03,17TPF609597,0.5,106274,97.3540094472778
"PA WesternPA 2019 D20  (Venango, QL2)",Venango 2020-03,17TPF609597,1.5,107188,97.07709818263238
"PA WesternPA 2019 D20  (Venango, QL2)",Venango 2020-03,17TPF609597,2.5,106856,97.54903795762522
"PA WesternPA 2019 D20  (Venango, QL2)",Venango 2020-03,17TPF609597,3.5,107333,97.74533461284042
"PA WesternPA 2019 D20  (Venango, QL2)",Venango 2020-03,17TPF609597,4.5,106530,97.68328170468412
"PA WesternPA 2019 D20  (Venango, QL2)",Venango 2020-03,17TPF609597,5.5,106268,97.65686754243988
"PA WesternPA 2019 D20  (Venango, QL2)",Venango 2020-03,17TPF609597,6.5,105905,97.36650771918228
"PA WesternPA 2019 D20  (Venango, QL2)",Venango 2020-03,17TPF609597,7.5,106177,97.98449758422258
"PA WesternPA 2019 D20  (Venango, QL2)",Venango 2020-03,17TPF609597,8.5,105519,98.51875017769312
"PA WesternPA 2019 D20  (Venango, QL2)",Venango 2020-03,17TPF609597,9.5,106190,98.29174121857048
"PA WesternPA 2019 D20  (Venango, QL2)",Venango 2020-03,17TPF609597,10.5,107437,98.22500628275176
"PA WesternPA 2019 D20  (Venango, QL2)",Venango 2020-03,17TPF609597,11.5,105781,98.4212665790643
"PA WesternPA 2019 D20  (Venango, QL2)",Venango 2020-03,17TPF609597,12.5,100024,98.45337119091418
"PA WesternPA 2019 D20  (Venango, QL2)",Venango 2020-03,17TPF609597,13.5,83522,98.29625727353272
"PA WesternPA 2019 D20  (Venango, QL2)",Venango 2020-03,17TPF609597,14.5,98192,94.21541469773504
"PA WesternPA 2019 D20  (Venango, QL2)",Venango 2020-03,17TPF609597,15.5,172195,91.78954092743692
"PA WesternPA 2019 D20  (Venango, QL2)",Venango 2020-03,17TPF609597,16.5,205500,92.2102189781022
"PA WesternPA 2019 D20  (Venango, QL2)",Venango 2020-03,17TPF609597,17.5,133644,91.9734518571728
"PA WesternPA 2019 D20  (Venango, QL2)",Venango 2020-03,17TPF609597,18.5,216604,1.5202858672970028
"PA WesternPA 2019 D20  (Venango, QL2)",Venango 2020-03,17TPF609597,19.5,90541,0.1270142808230525
"PA WesternPA 2019 D20  (Venango, QL2)",Venango 2020-03,17TPF609596,0.5,102809,97.85524613603867
"PA WesternPA 2019 D20  (Venango, QL2)",Venango 2020-03,17TPF609596,1.5,97713,97.80991270352972
"PA WesternPA 2019 D20  (Venango, QL2)",Venango 2020-03,17TPF609596,2.5,96292,98.16184106675529
"PA WesternPA 2019 D20  (Venango, QL2)",Venango 2020-03,17TPF609596,3.5,98938,97.80165356081586
"PA WesternPA 2019 D20  (Venango, QL2)",Venango 2020-03,17TPF609596,4.5,100153,97.90021267460784
"PA WesternPA 2019 D20  (Venango, QL2)",Venango 2020-03,17TPF609596,5.5,100822,97.97167284917975
"PA WesternPA 2019 D20  (Venango, QL2)",Venango 2020-03,17TPF609596,6.5,100462,98.04105034739504
"PA WesternPA 2019 D20  (Venango, QL2)",Venango 2020-03,17TPF609596,7.5,98864,98.5272697847548
"PA WesternPA 2019 D20  (Venango, QL2)",Venango 2020-03,17TPF609596,8.5,96740,98.27062228654124
"PA WesternPA 2019 D20  (Venango, QL2)",Venango 2020-03,17TPF609596,9.5,96875,97.61032258064516
"PA WesternPA 2019 D20  (Venango, QL2)",Venango 2020-03,17TPF609596,10.5,95359,97.45907570339452
"PA WesternPA 2019 D20  (Venango, QL2)",Venango 2020-03,17TPF609596,11.5,95121,97.3360246422977
"PA WesternPA 2019 D20  (Venango, QL2)",Venango 2020-03,17TPF609596,12.5,99317,97.72244429453166
"PA WesternPA 2019 D20  (Venango, QL2)",Venango 2020-03,17TPF609596,13.5,99131,96.97471023191534
"PA WesternPA 2019 D20  (Venango, QL2)",Venango 2020-03,17TPF609596,14.5,96347,93.55247179465889
"PA WesternPA 2019 D20  (Venango, QL2)",Venango 2020-03,17TPF609596,15.5,176132,92.08093929552837
"PA WesternPA 2019 D20  (Venango, QL2)",Venango 2020-03,17TPF609596,16.5,203393,90.39298304268092
"PA WesternPA 2019 D20  (Venango, QL2)",Venango 2020-03,17TPF609596,17.5,141695,87.42510321465119
"PA WesternPA 2019 D20  (Venango, QL2)",Venango 2020-03,17TPF609596,18.5,210785,0.0
"PA WesternPA 2019 D20  (Venango, QL2)",Venango 2020-03,17TPF609596,19.5,99921,0.0
"PA WesternPA 2019 D20  (Venango, QL2)",Venango 2020-03,17TPF609594,0.5,106553,97.66219627790863
"PA WesternPA 2019 D20  (Venango, QL2)",Venango 2020-03,17TPF609594,1.5,104965,97.70399657028534
"PA WesternPA 2019 D20  (Venango, QL2)",Venango 2020-03,17TPF609594,2.5,100284,97.65466076343183
"PA WesternPA 2019 D20  (Venango, QL2)",Venango 2020-03,17TPF609594,3.5,105855,97.51641396249586
"PA WesternPA 2019 D20  (Venango, QL2)",Venango 2020-03,17TPF609594,4.5,108191,97.07923949311864
"PA WesternPA 2019 D20  (Venango, QL2)",Venango 2020-03,17TPF609594,5.5,111085,97.25075392717288
"PA WesternPA 2019 D20  (Venango, QL2)",Venango 2020-03,17TPF609594,6.5,112927,97.65689339130589
"PA WesternPA 2019 D20  (Venango, QL2)",Venango 2020-03,17TPF609594,7.5,112585,97.53874850113247
"PA WesternPA 2019 D20  (Venango, QL2)",Venango 2020-03,17TPF609594,8.5,107117,97.85654938058384
"PA WesternPA 2019 D20  (Venango, QL2)",Venango 2020-03,17TPF609594,9.5,110259,98.34752718598936
"PA WesternPA 2019 D20  (Venango, QL2)",Venango 2020-03,17TPF609594,10.5,110707,98.53306475651948
"PA WesternPA 2019 D20  (Venango, QL2)",Venango 2020-03,17TPF609594,11.5,107876,98.61600355964256
"PA WesternPA 2019 D20  (Venango, QL2)",Venango 2020-03,17TPF609594,12.5,104155,98.7576208535356
"PA WesternPA 2019 D20  (Venango, QL2)",Venango 2020-03,17TPF609594,13.5,106447,98.22822625344068
"PA WesternPA 2019 D20  (Venango, QL2)",Venango 2020-03,17TPF609594,14.5,139232,94.03944495518272
"PA WesternPA 2019 D20  (Venango, QL2)",Venango 2020-03,17TPF609594,15.5,190885,92.21835136338632
"PA WesternPA 2019 D20  (Venango, QL2)",Venango 2020-03,17TPF609594,16.5,191134,89.43777663837935
"PA WesternPA 2019 D20  (Venango, QL2)",Venango 2020-03,17TPF609594,17.5,196469,88.00574136377749
"PA WesternPA 2019 D20  (Venango, QL2)",Venango 2020-03,17TPF609594,18.5,244600,0.0
"PA WesternPA 2019 D20  (Venango, QL2)",Venango 2020-03,17TPF609594,19.5,92469,0.0
"PA WesternPA 2019 D20  (Venango, QL2)",Venango 2020-03,17TPF609599,0.5,105039,98.8242462323518
"PA WesternPA 2019 D20  (Venango, QL2)",Venango 2020-03,17TPF609599,1.5,105329,98.48569719640363
"PA WesternPA 2019 D20  (Venango, QL2)",Venango 2020-03,17TPF609599,2.5,104860,97.8237650200267
"PA WesternPA 2019 D20  (Venango, QL2)",Venango 2020-03,17TPF609599,3.5,105668,97.814854071242
"PA WesternPA 2019 D20  (Venango, QL2)",Venango 2020-03,17TPF609599,4.5,104492,97.44478046166212
"PA WesternPA 2019 D20  (Venango, QL2)",Venango 2020-03,17TPF609599,5.5,103630,97.13017465984754
"PA WesternPA 2019 D20  (Venango, QL2)",Venango 2020-03,17TPF609599,6.5,104004,97.8231606476674
"PA WesternPA 2019 D20  (Venango, QL2)",Venango 2020-03,17TPF609599,7.5,104369,98.38266151826691
"PA WesternPA 2019 D20  (Venango, QL2)",Venango 2020-03,17TPF609599,8.5,104438,98.23435914130872
"PA WesternPA 2019 D20  (Venango, QL2)",Venango 2020-03,17TPF609599,9.5,105857,98.32698829553075
"PA WesternPA 2019 D20  (Venango, QL2)",Venango 2020-03,17TPF609599,10.5,105000,98.36571428571428
"PA WesternPA 2019 D20  (Venango, QL2)",Venango 2020-03,17TPF609599,11.5,103128,98.5358001706617
"PA WesternPA 2019 D20  (Venango, QL2)",Venango 2020-03,17TPF609599,12.5,105710,98.61413300539212
"PA WesternPA 2019 D20  (Venango, QL2)",Venango 2020-03,17TPF609599,13.5,106705,98.5755119254018
"PA WesternPA 2019 D20  (Venango, QL2)",Venango 2020-03,17TPF609599,14.5,124972,95.93829017699966
"PA WesternPA 2019 D20  (Venango, QL2)",Venango 2020-03,17TPF609599,15.5,166790,93.21362191977936
"PA WesternPA 2019 D20  (Venango, QL2)",Venango 2020-03,17TPF609599,16.5,170640,93.15518049695264
"PA WesternPA 2019 D20  (Venango, QL2)",Venango 2020-03,17TPF609599,17.5,210868,91.71235085456304
"PA WesternPA 2019 D20  (Venango, QL2)",Venango 2020-03,17TPF609599,18.5,235211,0.0
"PA WesternPA 2019 D20  (Venango, QL2)",Venango 2020-03,17TPF609599,19.5,174329,0.0
"PA WesternPA 2019 D20  (Venango, QL2)",Venango 2020-03,17TPF610590,0.5,106768,98.70092162445675
"PA WesternPA 2019 D20  (Venango, QL2)",Venango 2020-03,17TPF610590,1.5,105067,99.14625905374666
"PA WesternPA 2019 D20  (Venango, QL2)",Venango 2020-03,17TPF610590,2.5,101647,99.40283530256671
"PA WesternPA 2019 D20  (Venango, QL2)",Venango 2020-03,17TPF610590,3.5,101509,99.4798490774217
"PA WesternPA 2019 D20  (Venango, QL2)",Venango 2020-03,17TPF610590,4.5,101646,99.4736634988096
"PA WesternPA 2019 D20  (Venango, QL2)",Venango 2020-03,17TPF610590,5.5,105219,99.61603892833044
"PA WesternPA 2019 D20  (Venango, QL2)",Venango 2020-03,17TPF610590,6.5,106347,99.69345632692976
"PA WesternPA 2019 D20  (Venango, QL2)",Venango 2020-03,17TPF610590,7.5,106486,99.63657194372968
"PA WesternPA 2019 D20  (Venango, QL2)",Venango 2020-03,17TPF610590,8.5,107943,99.6173906598853
"PA WesternPA 2019 D20  (Venango, QL2)",Venango 2020-03,17TPF610590,9.5,107211,99.57467050955592
"PA WesternPA 2019 D20  (Venango, QL2)",Venango 2020-03,17TPF610590,10.5,108929,99.48314957449348
"PA WesternPA 2019 D20  (Venango, QL2)",Venango 2020-03,17TPF610590,11.5,108592,99.23567113599528
"PA WesternPA 2019 D20  (Venango, QL2)",Venango 2020-03,17TPF610590,12.5,109302,98.97257140765952
"PA WesternPA 2019 D20  (Venango, QL2)",Venango 2020-03,17TPF610590,13.5,109870,98.80495130608902
"PA WesternPA 2019 D20  (Venango, QL2)",Venango 2020-03,17TPF610590,14.5,114247,97.2883314222693
"PA WesternPA 2019 D20  (Venango, QL2)",Venango 2020-03,17TPF610590,15.5,180989,91.47462000453066
"PA WesternPA 2019 D20  (Venango, QL2)",Venango 2020-03,17TPF610590,16.5,226680,91.0658196576672
"PA WesternPA 2019 D20  (Venango, QL2)",Venango 2020-03,17TPF610590,17.5,243286,89.62291295019031
"PA WesternPA 2019 D20  (Venango, QL2)",Venango 2020-03,17TPF610590,18.5,326209,0.0
"PA WesternPA 2019 D20  (Venango, QL2)",Venango 2020-03,17TPF610590,19.5,2905,0.0
"PA WesternPA 2019 D20  (Venango, QL2)",Venango 2020-03,17TPF610591,0.5,104954,98.22017264706444
"PA WesternPA 2019 D20  (Venango, QL2)",Venango 2020-03,17TPF610591,1.5,105310,98.14167695375558
"PA WesternPA 2019 D20  (Venango, QL2)",Venango 2020-03,17TPF610591,2.5,105458,98.05420167270384
"PA WesternPA 2019 D20  (Venango, QL2)",Venango 2020-03,17TPF610591,3.5,105488,97.88885939632944
"PA WesternPA 2019 D20  (Venango, QL2)",Venango 2020-03,17TPF610591,4.5,105701,97.75877238625937
"PA WesternPA 2019 D20  (Venango, QL2)",Venango 2020-03,17TPF610591,5.5,105121,97.81489902112804
"PA WesternPA 2019 D20  (Venango, QL2)",Venango 2020-03,17TPF610591,6.5,105155,97.8526936427179
"PA WesternPA 2019 D20  (Venango, QL2)",Venango 2020-03,17TPF610591,7.5,105872,97.81528638355748
"PA WesternPA 2019 D20  (Venango, QL2)",Venango 2020-03,17TPF610591,8.5,105470,97.8486773490092
"PA WesternPA 2019 D20  (Venango, QL2)",Venango 2020-03,17TPF610591,9.5,105507,97.83900594273366
"PA WesternPA 2019 D20  (Venango, QL2)",Venango 2020-03,17TPF610591,10.5,105080,97.8911305671869
"PA WesternPA 2019 D20  (Venango, QL2)",Venango 2020-03,17TPF610591,11.5,104419,97.60675739089628
"PA WesternPA 2019 D20  (Venango, QL2)",Venango 2020-03,17TPF610591,12.5,106668,97.72284096448794
"PA WesternPA 2019 D20  (Venango, QL2)",Venango 2020-03,17TPF610591,13.5,106875,97.57847953216374
"PA WesternPA 2019 D20  (Venango, QL2)",Venango 2020-03,17TPF610591,14.5,106945,94.19982233858526
"PA WesternPA 2019 D20  (Venango, QL2)",Venango 2020-03,17TPF610591,15.5,167714,90.44027332244178
"PA WesternPA 2019 D20  (Venango, QL2)",Venango 2020-03,17TPF610591,16.5,236182,90.28122380198322
"PA WesternPA 2019 D20  (Venango, QL2)",Venango 2020-03,17TPF610591,17.5,174835,90.13527039780364
"PA WesternPA 2019 D20  (Venango, QL2)",Venango 2020-03,17TPF610591,18.5,284998,0.0
"PA WesternPA 2019 D20  (Venango, QL2)",Venango 2020-03,17TPF610591,19.5,49685,0.0
"PA WesternPA 2019 D20  (Venango, QL2)",Venango 2020-03,17TPF610593,0.5,108370,99.05047522377042
"PA WesternPA 2019 D20  (Venango, QL2)",Venango 2020-03,17TPF610593,1.5,107005,98.76080556983318
"PA WesternPA 2019 D20  (Venango, QL2)",Venango 2020-03,17TPF610593,2.5,108528,98.35710600029486
"PA WesternPA 2019 D20  (Venango, QL2)",Venango 2020-03,17TPF610593,3.5,109332,98.26034463834924
"PA WesternPA 2019 D20  (Venango, QL2)",Venango 2020-03,17TPF610593,4.5,109181,97.94744506828113
"PA WesternPA 2019 D20  (Venango, QL2)",Venango 2020-03,17TPF610593,5.5,108051,98.11570462096604
"PA WesternPA 2019 D20  (Venango, QL2)",Venango 2020-03,17TPF610593,6.5,108218,98.1740560720028
"PA WesternPA 2019 D20  (Venango, QL2)",Venango 2020-03,17TPF610593,7.5,107342,97.84986305453596
"PA WesternPA 2019 D20  (Venango, QL2)",Venango 2020-03,17TPF610593,8.5,106237,98.30661633894027
"PA WesternPA 2019 D20  (Venango, QL2)",Venango 2020-03,17TPF610593,9.5,107759,98.58944496515372
"PA WesternPA 2019 D20  (Venango, QL2)",Venango 2020-03,17TPF610593,10.5,107248,97.95334178725945
"PA WesternPA 2019 D20  (Venango, QL2)",Venango 2020-03,17TPF610593,11.5,107238,97.3404949737966
"PA WesternPA 2019 D20  (Venango, QL2)",Venango 2020-03,17TPF610593,12.5,108006,97.54550673110754
"PA WesternPA 2019 D20  (Venango, QL2)",Venango 2020-03,17TPF610593,13.5,107337,96.23335848775352
"PA WesternPA 2019 D20  (Venango, QL2)",Venango 2020-03,17TPF610593,14.5,114848,94.73652131512956
"PA WesternPA 2019 D20  (Venango, QL2)",Venango 2020-03,17TPF610593,15.5,180276,91.1446892542546
"PA WesternPA 2019 D20  (Venango, QL2)",Venango 2020-03,17TPF610593,16.5,225400,90.38464951197872
"PA WesternPA 2019 D20  (Venango, QL2)",Venango 2020-03,17TPF610593,17.5,176986,89.8003231894048
"PA WesternPA 2019 D20  (Venango, QL2)",Venango 2020-03,17TPF610593,18.5,268504,0.0
"PA WesternPA 2019 D20  (Venango, QL2)",Venango 2020-03,17TPF610593,19.5,40071,0.0
"PA WesternPA 2019 D20  (Venango, QL2)",Venango 2020-03,17TPF610594,0.5,112383,99.13599031882046
"PA WesternPA 2019 D20  (Venango, QL2)",Venango 2020-03,17TPF610594,1.5,112598,99.04616423027052
"PA WesternPA 2019 D20  (Venango, QL2)",Venango 2020-03,17TPF610594,2.5,112301,98.96795219989136
"PA WesternPA 2019 D20  (Venango, QL2)",Venango 2020-03,17TPF610594,3.5,112840,98.99680964197093
"PA WesternPA 2019 D20  (Venango, QL2)",Venango 2020-03,17TPF610594,4.5,112684,98.96968513719784
"PA WesternPA 2019 D20  (Venango, QL2)",Venango 2020-03,17TPF610594,5.5,111314,99.06840109959214
"PA WesternPA 2019 D20  (Venango, QL2)",Venango 2020-03,17TPF610594,6.5,112034,99.20113536961996
"PA WesternPA 2019 D20  (Venango, QL2)",Venango 2020-03,17TPF610594,7.5,111420,99.057619816909
"PA WesternPA 2019 D20  (Venango, QL2)",Venango 2020-03,17TPF610594,8.5,110946,98.8958592468408
"PA WesternPA 2019 D20  (Venango, QL2)",Venango 2020-03,17TPF610594,9.5,110501,98.69322449570592
"PA WesternPA 2019 D20  (Venango, QL2)",Venango 2020-03,17TPF610594,10.5,109729,98.74782418503769
"PA WesternPA 2019 D20  (Venango, QL2)",Venango 2020-03,17TPF610594,11.5,107729,98.56027624873526
"PA WesternPA 2019 D20  (Venango, QL2)",Venango 2020-03,17TPF610594,12.5,105522,98.32925835370824
"PA WesternPA 2019 D20  (Venango, QL2)",Venango 2020-03,17TPF610594,13.5,103797,97.65696503752515
"PA WesternPA 2019 D20  (Venango, QL2)",Venango 2020-03,17TPF610594,14.5,126786,94.42761819128296
"PA WesternPA 2019 D20  (Venango, QL2)",Venango 2020-03,17TPF610594,15.5,161737,91.89672122025264
"PA WesternPA 2019 D20  (Venango, QL2)",Venango 2020-03,17TPF610594,16.5,194434,92.36861865723073
"PA WesternPA 2019 D20  (Venango, QL2)",Venango 2020-03,17TPF610594,17.5,212614,92.19759752415176
"PA WesternPA 2019 D20  (Venango, QL2)",Venango 2020-03,17TPF610594,18.5,284449,0.0
"PA WesternPA 2019 D20  (Venango, QL2)",Venango 2020-03,17TPF610594,19.5,56677,0.0
"PA WesternPA 2019 D20  (Venango, QL2)",Venango 2020-03,17TPF610596,0.5,105375,98.78623962040332
"PA WesternPA 2019 D20  (Venango, QL2)",Venango 2020-03,17TPF610596,1.5,105677,98.98558816014838
"PA WesternPA 2019 D20  (Venango, QL2)",Venango 2020-03,17TPF610596,2.5,104724,98.91333409724608
"PA WesternPA 2019 D20  (Venango, QL2)",Venango 2020-03,17TPF610596,3.5,104680,99.04279709591135
"PA WesternPA 2019 D20  (Venango, QL2)",Venango 2020-03,17TPF610596,4.5,103250,99.00532687651332
"PA WesternPA 2019 D20  (Venango, QL2)",Venango 2020-03,17TPF610596,5.5,102723,98.97686009949086
"PA WesternPA 2019 D20  (Venango, QL2)",Venango 2020-03,17TPF610596,6.5,103860,99.03235124205662
"PA WesternPA 2019 D20  (Venango, QL2)",Venango 2020-03,17TPF610596,7.5,103354,99.0189058962401
"PA WesternPA 2019 D20  (Venango, QL2)",Venango 2020-03,17TPF610596,8.5,101985,98.93121537481002
"PA WesternPA 2019 D20  (Venango, QL2)",Venango 2020-03,17TPF610596,9.5,101988,98.74396987880928
"PA WesternPA 2019 D20  (Venango, QL2)",Venango 2020-03,17TPF610596,10.5,100073,98.38817663105934
"PA WesternPA 2019 D20  (Venango, QL2)",Venango 2020-03,17TPF610596,11.5,99057,98.25050223608628
"PA WesternPA 2019 D20  (Venango, QL2)",Venango 2020-03,17TPF610596,12.5,99313,98.19459688056952
"PA WesternPA 2019 D20  (Venango, QL2)",Venango 2020-03,17TPF610596,13.5,97560,97.93665436654366
"PA WesternPA 2019 D20  (Venango, QL2)",Venango 2020-03,17TPF610596,14.5,149630,95.65929292254228
"PA WesternPA 2019 D20  (Venango, QL2)",Venango 2020-03,17TPF610596,15.5,143923,93.07685359532528
"PA WesternPA 2019 D20  (Venango, QL2)",Venango 2020-03,17TPF610596,16.5,141305,93.02713987473904
"PA WesternPA 2019 D20  (Venango, QL2)",Venango 2020-03,17TPF610596,17.5,199248,91.97081024652697
"PA WesternPA 2019 D20  (Venango, QL2)",Venango 2020-03,17TPF610596,18.5,240826,0.0
"PA WesternPA 2019 D20  (Venango, QL2)",Venango 2020-03,17TPF610596,19.5,141337,0.0
"PA WesternPA 2019 D20  (Venango, QL2)",Venango 2020-03,17TPF610599,0.5,106794,97.93527726276756
"PA WesternPA 2019 D20  (Venango, QL2)",Venango 2020-03,17TPF610599,1.5,108080,97.86547002220576
"PA WesternPA 2019 D20  (Venango, QL2)",Venango 2020-03,17TPF610599,2.5,107723,98.02920453385072
"PA WesternPA 2019 D20  (Venango, QL2)",Venango 2020-03,17TPF610599,3.5,108524,98.04375069109138
"PA WesternPA 2019 D20  (Venango, QL2)",Venango 2020-03,17TPF610599,4.5,109253,98.22430505340814
"PA WesternPA 2019 D20  (Venango, QL2)",Venango 2020-03,17TPF610599,5.5,108541,98.3259782017855
"PA WesternPA 2019 D20  (Venango, QL2)",Venango 2020-03,17TPF610599,6.5,109592,98.6969851814001
"PA WesternPA 2019 D20  (Venango, QL2)",Venango 2020-03,17TPF610599,7.5,109144,98.85930513816608
"PA WesternPA 2019 D20  (Venango, QL2)",Venango 2020-03,17TPF610599,8.5,108721,99.01398993754655
"PA WesternPA 2019 D20  (Venango, QL2)",Venango 2020-03,17TPF610599,9.5,109492,99.03463266722684
"PA WesternPA 2019 D20  (Venango, QL2)",Venango 2020-03,17TPF610599,10.5,109527,98.9618998055274
"PA WesternPA 2019 D20  (Venango, QL2)",Venango 2020-03,17TPF610599,11.5,108702,98.6081212857169
"PA WesternPA 2019 D20  (Venango, QL2)",Venango 2020-03,17TPF610599,12.5,125726,98.26368452030606
"PA WesternPA 2019 D20  (Venango, QL2)",Venango 2020-03,17TPF610599,13.5,156351,97.40135976105046
"PA WesternPA 2019 D20  (Venango, QL2)",Venango 2020-03,17TPF610599,14.5,137338,94.2018960520759
"PA WesternPA 2019 D20  (Venango, QL2)",Venango 2020-03,17TPF610599,15.5,105852,91.81498696292935
"PA WesternPA 2019 D20  (Venango, QL2)",Venango 2020-03,17TPF610599,16.5,113052,87.75165410607508
"PA WesternPA 2019 D20  (Venango, QL2)",Venango 2020-03,17TPF610599,17.5,140928,85.28326521344233
"PA WesternPA 2019 D20  (Venango, QL2)",Venango 2020-03,17TPF610599,18.5,314289,0.0
"PA WesternPA 2019 D20  (Venango, QL2)",Venango 2020-03,17TPF610599,19.5,118501,0.0
"PA WesternPA 2019 D20  (Venango, QL2)",Venango 2020-03,17TPF612590,0.5,49774,96.8296701088922
"PA WesternPA 2019 D20  (Venango, QL2)",Venango 2020-03,17TPF612590,1.5,57848,96.7120730189462
"PA WesternPA 2019 D20  (Venango, QL2)",Venango 2020-03,17TPF612590,2.5,68790,97.44294228812326
"PA WesternPA 2019 D20  (Venango, QL2)",Venango 2020-03,17TPF612590,3.5,95250,96.66456692913384
"PA WesternPA 2019 D20  (Venango, QL2)",Venango 2020-03,17TPF612590,4.5,102490,96.08839886818224
"PA WesternPA 2019 D20  (Venango, QL2)",Venango 2020-03,17TPF612590,5.5,103997,95.609488735252
"PA WesternPA 2019 D20  (Venango, QL2)",Venango 2020-03,17TPF612590,6.5,104751,95.95612452387088
"PA WesternPA 2019 D20  (Venango, QL2)",Venango 2020-03,17TPF612590,7.5,105162,96.65658698008788
"PA WesternPA 2019 D20  (Venango, QL2)",Venango 2020-03,17TPF612590,8.5,105966,97.14059226544364
"PA WesternPA 2019 D20  (Venango, QL2)",Venango 2020-03,17TPF612590,9.5,107655,97.92485253820074
"PA WesternPA 2019 D20  (Venango, QL2)",Venango 2020-03,17TPF612590,10.5,109506,98.01654703851844
"PA WesternPA 2019 D20  (Venango, QL2)",Venango 2020-03,17TPF612590,11.5,109965,98.176692584004
"PA WesternPA 2019 D20  (Venango, QL2)",Venango 2020-03,17TPF612590,12.5,111117,98.1208995923216
"PA WesternPA 2019 D20  (Venango, QL2)",Venango 2020-03,17TPF612590,13.5,112250,97.90022271714922
"PA WesternPA 2019 D20  (Venango, QL2)",Venango 2020-03,17TPF612590,14.5,119133,95.1298128981894
"PA WesternPA 2019 D20  (Venango, QL2)",Venango 2020-03,17TPF612590,15.5,163302,91.47469106318354
"PA WesternPA 2019 D20  (Venango, QL2)",Venango 2020-03,17TPF612590,16.5,162599,90.59219306391796
"PA WesternPA 2019 D20  (Venango, QL2)",Venango 2020-03,17TPF612590,17.5,173960,90.13336399172223
"PA WesternPA 2019 D20  (Venango, QL2)",Venango 2020-03,17TPF612590,18.5,224258,0.0
"PA WesternPA 2019 D20  (Venango, QL2)",Venango 2020-03,17TPF612590,19.5,112585,0.0
"PA WesternPA 2019 D20  (Venango, QL2)",Venango 2020-03,17TPF610597,0.5,104296,98.15620925059446
"PA WesternPA 2019 D20  (Venango, QL2)",Venango 2020-03,17TPF610597,1.5,103884,98.20184051441991
"PA WesternPA 2019 D20  (Venango, QL2)",Venango 2020-03,17TPF610597,2.5,103443,98.302446758118
"PA WesternPA 2019 D20  (Venango, QL2)",Venango 2020-03,17TPF610597,3.5,105308,98.25369392638736
"PA WesternPA 2019 D20  (Venango, QL2)",Venango 2020-03,17TPF610597,4.5,103982,97.85828316439384
"PA WesternPA 2019 D20  (Venango, QL2)",Venango 2020-03,17TPF610597,5.5,103858,97.6438983997381
"PA WesternPA 2019 D20  (Venango, QL2)",Venango 2020-03,17TPF610597,6.5,102510,97.33977172958735
"PA WesternPA 2019 D20  (Venango, QL2)",Venango 2020-03,17TPF610597,7.5,101379,97.43536629874036
"PA WesternPA 2019 D20  (Venango, QL2)",Venango 2020-03,17TPF610597,8.5,99533,97.36167904112204
"PA WesternPA 2019 D20  (Venango, QL2)",Venango 2020-03,17TPF610597,9.5,97406,97.30304088043856
"PA WesternPA 2019 D20  (Venango, QL2)",Venango 2020-03,17TPF610597,10.5,97178,97.2318837596987
"PA WesternPA 2019 D20  (Venango, QL2)",Venango 2020-03,17TPF610597,11.5,95344,97.27303238798456
"PA WesternPA 2019 D20  (Venango, QL2)",Venango 2020-03,17TPF610597,12.5,92823,97.30993396033313
"PA WesternPA 2019 D20  (Venango, QL2)",Venango 2020-03,17TPF610597,13.5,109990,94.77952541140104
"PA WesternPA 2019 D20  (Venango, QL2)",Venango 2020-03,17TPF610597,14.5,120088,92.09996002931184
"PA WesternPA 2019 D20  (Venango, QL2)",Venango 2020-03,17TPF610597,15.5,81185,90.84806306583728
"PA WesternPA 2019 D20  (Venango, QL2)",Venango 2020-03,17TPF610597,16.5,104767,90.05889259022402
"PA WesternPA 2019 D20  (Venango, QL2)",Venango 2020-03,17TPF610597,17.5,163821,89.19918691742816
"PA WesternPA 2019 D20  (Venango, QL2)",Venango 2020-03,17TPF610597,18.5,235116,0.1008013065890879
"PA WesternPA 2019 D20  (Venango, QL2)",Venango 2020-03,17TPF610597,19.5,95924,0.0
"PA WesternPA 2019 D20  (Venango, QL2)",Venango 2020-03,17TPF612591,0.5,116782,98.12471099998288
"PA WesternPA 2019 D20  (Venango, QL2)",Venango 2020-03,17TPF612591,1.5,117083,98.1543007951624
"PA WesternPA 2019 D20  (Venango, QL2)",Venango 2020-03,17TPF612591,2.5,116754,98.3538037240694
"PA WesternPA 2019 D20  (Venango, QL2)",Venango 2020-03,17TPF612591,3.5,116983,97.9834676833386
"PA WesternPA 2019 D20  (Venango, QL2)",Venango 2020-03,17TPF612591,4.5,116890,97.71751219094875
"PA WesternPA 2019 D20  (Venango, QL2)",Venango 2020-03,17TPF612591,5.5,116031,97.92641621635596
"PA WesternPA 2019 D20  (Venango, QL2)",Venango 2020-03,17TPF612591,6.5,114895,97.67265764393576
"PA WesternPA 2019 D20  (Venango, QL2)",Venango 2020-03,17TPF612591,7.5,113460,97.8785475057289
"PA WesternPA 2019 D20  (Venango, QL2)",Venango 2020-03,17TPF612591,8.5,111913,98.09048099863288
"PA WesternPA 2019 D20  (Venango, QL2)",Venango 2020-03,17TPF612591,9.5,112283,97.8874807406286
"PA WesternPA 2019 D20  (Venango, QL2)",Venango 2020-03,17TPF612591,10.5,112672,98.08825617722238
"PA WesternPA 2019 D20  (Venango, QL2)",Venango 2020-03,17TPF612591,11.5,112225,98.3969703720205
"PA WesternPA 2019 D20  (Venango, QL2)",Venango 2020-03,17TPF612591,12.5,113054,98.51840713287456
"PA WesternPA 2019 D20  (Venango, QL2)",Venango 2020-03,17TPF612591,13.5,113618,98.39726099737716
"PA WesternPA 2019 D20  (Venango, QL2)",Venango 2020-03,17TPF612591,14.5,128301,96.251003499583
"PA WesternPA 2019 D20  (Venango, QL2)",Venango 2020-03,17TPF612591,15.5,157904,92.54357077718107
"PA WesternPA 2019 D20  (Venango, QL2)",Venango 2020-03,17TPF612591,16.5,134833,91.01555257244146
"PA WesternPA 2019 D20  (Venango, QL2)",Venango 2020-03,17TPF612591,17.5,214507,90.40917079629102
"PA WesternPA 2019 D20  (Venango, QL2)",Venango 2020-03,17TPF612591,18.5,282415,0.0
"PA WesternPA 2019 D20  (Venango, QL2)",Venango 2020-03,17TPF612591,19.5,114829,0.0
"PA WesternPA 2019 D20  (Venango, QL2)",Venango 2020-03,17TPF612593,0.5,103967,98.39660661556071
"PA WesternPA 2019 D20  (Venango, QL2)",Venango 2020-03,17TPF612593,1.5,102788,98.45701832898784
"PA WesternPA 2019 D20  (Venango, QL2)",Venango 2020-03,17TPF612593,2.5,102679,98.31708528520925
"PA WesternPA 2019 D20  (Venango, QL2)",Venango 2020-03,17TPF612593,3.5,103742,98.50880067860656
"PA WesternPA 2019 D20  (Venango, QL2)",Venango 2020-03,17TPF612593,4.5,104667,98.6547813541995
"PA WesternPA 2019 D20  (Venango, QL2)",Venango 2020-03,17TPF612593,5.5,103414,98.51374088614692
"PA WesternPA 2019 D20  (Venango, QL2)",Venango 2020-03,17TPF612593,6.5,105320,98.40865932396508
"PA WesternPA 2019 D20  (Venango, QL2)",Venango 2020-03,17TPF612593,7.5,106422,98.4288962808442
"PA WesternPA 2019 D20  (Venango, QL2)",Venango 2020-03,17TPF612593,8.5,105420,98.10282678808576
"PA WesternPA 2019 D20  (Venango, QL2)",Venango 2020-03,17TPF612593,9.5,106621,98.0294688663584
"PA WesternPA 2019 D20  (Venango, QL2)",Venango 2020-03,17TPF612593,10.5,106178,98.09941795852248
"PA WesternPA 2019 D20  (Venango, QL2)",Venango 2020-03,17TPF612593,11.5,104386,98.26317705439426
"PA WesternPA 2019 D20  (Venango, QL2)",Venango 2020-03,17TPF612593,12.5,104628,98.01487173605535
"PA WesternPA 2019 D20  (Venango, QL2)",Venango 2020-03,17TPF612593,13.5,118659,97.35207611727724
"PA WesternPA 2019 D20  (Venango, QL2)",Venango 2020-03,17TPF612593,14.5,146405,96.472115023394
"PA WesternPA 2019 D20  (Venango, QL2)",Venango 2020-03,17TPF612593,15.5,118115,93.25995851500656
"PA WesternPA 2019 D20  (Venango, QL2)",Venango 2020-03,17TPF612593,16.5,142245,89.9180990544483
"PA WesternPA 2019 D20  (Venango, QL2)",Venango 2020-03,17TPF612593,17.5,205188,89.5632298185079
"PA WesternPA 2019 D20  (Venango, QL2)",Venango 2020-03,17TPF612593,18.5,337390,0.0
"PA WesternPA 2019 D20  (Venango, QL2)",Venango 2020-03,17TPF612593,19.5,163071,0.0
"PA WesternPA 2019 D20  (Venango, QL2)",Venango 2020-03,17TPF612594,0.5,115772,98.9634799433369
"PA WesternPA 2019 D20  (Venango, QL2)",Venango 2020-03,17TPF612594,1.5,115083,98.91556528766196
"PA WesternPA 2019 D20  (Venango, QL2)",Venango 2020-03,17TPF612594,2.5,114673,98.72681450733826
"PA WesternPA 2019 D20  (Venango, QL2)",Venango 2020-03,17TPF612594,3.5,115319,98.45818989065116
"PA WesternPA 2019 D20  (Venango, QL2)",Venango 2020-03,17TPF612594,4.5,114424,98.5955743550304
"PA WesternPA 2019 D20  (Venango, QL2)",Venango 2020-03,17TPF612594,5.5,113856,98.3856801573918
"PA WesternPA 2019 D20  (Venango, QL2)",Venango 2020-03,17TPF612594,6.5,113409,98.4983555097038
"PA WesternPA 2019 D20  (Venango, QL2)",Venango 2020-03,17TPF612594,7.5,114915,98.79302092851238
"PA WesternPA 2019 D20  (Venango, QL2)",Venango 2020-03,17TPF612594,8.5,113145,98.81479517433382
"PA WesternPA 2019 D20  (Venango, QL2)",Venango 2020-03,17TPF612594,9.5,112132,98.65248100453036
"PA WesternPA 2019 D20  (Venango, QL2)",Venango 2020-03,17TPF612594,10.5,114070,98.77882002279304
"PA WesternPA 2019 D20  (Venango, QL2)",Venango 2020-03,17TPF612594,11.5,112421,98.92635717526085
"PA WesternPA 2019 D20  (Venango, QL2)",Venango 2020-03,17TPF612594,12.5,114448,98.969837830281
"PA WesternPA 2019 D20  (Venango, QL2)",Venango 2020-03,17TPF612594,13.5,152101,98.8330122747385
"PA WesternPA 2019 D20  (Venango, QL2)",Venango 2020-03,17TPF612594,14.5,145198,96.26303392608712
"PA WesternPA 2019 D20  (Venango, QL2)",Venango 2020-03,17TPF612594,15.5,114315,91.40182828150286
"PA WesternPA 2019 D20  (Venango, QL2)",Venango 2020-03,17TPF612594,16.5,124567,90.00457585074699
"PA WesternPA 2019 D20  (Venango, QL2)",Venango 2020-03,17TPF612594,17.5,153076,89.57837936711176
"PA WesternPA 2019 D20  (Venango, QL2)",Venango 2020-03,17TPF612594,18.5,327009,0.0
"PA WesternPA 2019 D20  (Venango, QL2)",Venango 2020-03,17TPF612594,19.5,205529,0.0
"PA WesternPA 2019 D20  (Venango, QL2)",Venango 2020-03,17TPF612596,0.5,113735,99.5480722732668
"PA WesternPA 2019 D20  (Venango, QL2)",Venango 2020-03,17TPF612596,1.5,114279,99.514346467855
"PA WesternPA 2019 D20  (Venango, QL2)",Venango 2020-03,17TPF612596,2.5,113686,99.56459018700632
"PA WesternPA 2019 D20  (Venango, QL2)",Venango 2020-03,17TPF612596,3.5,114109,99.23056025379242
"PA WesternPA 2019 D20  (Venango, QL2)",Venango 2020-03,17TPF612596,4.5,114243,99.28923435133882
"PA WesternPA 2019 D20  (Venango, QL2)",Venango 2020-03,17TPF612596,5.5,113241,98.84405824745454
"PA WesternPA 2019 D20  (Venango, QL2)",Venango 2020-03,17TPF612596,6.5,114221,98.9529070836361
"PA WesternPA 2019 D20  (Venango, QL2)",Venango 2020-03,17TPF612596,7.5,113839,99.05919763877054
"PA WesternPA 2019 D20  (Venango, QL2)",Venango 2020-03,17TPF612596,8.5,113355,99.18133298045962
"PA WesternPA 2019 D20  (Venango, QL2)",Venango 2020-03,17TPF612596,9.5,114007,99.5965160034033
"PA WesternPA 2019 D20  (Venango, QL2)",Venango 2020-03,17TPF612596,10.5,114240,99.6341036414566
"PA WesternPA 2019 D20  (Venango, QL2)",Venango 2020-03,17TPF612596,11.5,113951,99.55156163614186
"PA WesternPA 2019 D20  (Venango, QL2)",Venango 2020-03,17TPF612596,12.5,117346,99.23900260767304
"PA WesternPA 2019 D20  (Venango, QL2)",Venango 2020-03,17TPF612596,13.5,152523,98.6323374179632
"PA WesternPA 2019 D20  (Venango, QL2)",Venango 2020-03,17TPF612596,14.5,119332,98.58126906445882
"PA WesternPA 2019 D20  (Venango, QL2)",Venango 2020-03,17TPF612596,15.5,117278,96.854482511639
"PA WesternPA 2019 D20  (Venango, QL2)",Venango 2020-03,17TPF612596,16.5,124665,90.8474712228773
"PA WesternPA 2019 D20  (Venango, QL2)",Venango 2020-03,17TPF612596,17.5,143967,90.9097223669313
"PA WesternPA 2019 D20  (Venango, QL2)",Venango 2020-03,17TPF612596,18.5,277940,0.0
"PA WesternPA 2019 D20  (Venango, QL2)",Venango 2020-03,17TPF612596,19.5,275805,0.0
"PA WesternPA 2019 D20  (Venango, QL2)",Venango 2020-03,17TPF612597,0.5,100705,98.66938086490244
"PA WesternPA 2019 D20  (Venango, QL2)",Venango 2020-03,17TPF612597,1.5,101296,98.98021639551416
"PA WesternPA 2019 D20  (Venango, QL2)",Venango 2020-03,17TPF612597,2.5,101949,98.98282474570618
"PA WesternPA 2019 D20  (Venango, QL2)",Venango 2020-03,17TPF612597,3.5,102248,98.91244816524528
"PA WesternPA 2019 D20  (Venango, QL2)",Venango 2020-03,17TPF612597,4.5,102757,98.90129139620656
"PA WesternPA 2019 D20  (Venango, QL2)",Venango 2020-03,17TPF612597,5.5,102235,98.81743042989191
"PA WesternPA 2019 D20  (Venango, QL2)",Venango 2020-03,17TPF612597,6.5,100259,98.62256755004536
"PA WesternPA 2019 D20  (Venango, QL2)",Venango 2020-03,17TPF612597,7.5,97588,98.40656638111244
"PA WesternPA 2019 D20  (Venango, QL2)",Venango 2020-03,17TPF612597,8.5,94905,97.91370317686106
"PA WesternPA 2019 D20  (Venango, QL2)",Venango 2020-03,17TPF612597,9.5,92623,97.7802489662395
"PA WesternPA 2019 D20  (Venango, QL2)",Venango 2020-03,17TPF612597,10.5,91832,97.79161947904868
"PA WesternPA 2019 D20  (Venango, QL2)",Venango 2020-03,17TPF612597,11.5,91476,97.88687743233196
"PA WesternPA 2019 D20  (Venango, QL2)",Venango 2020-03,17TPF612597,12.5,128116,98.1953854319523
"PA WesternPA 2019 D20  (Venango, QL2)",Venango 2020-03,17TPF612597,13.5,131274,98.27231591937476
"PA WesternPA 2019 D20  (Venango, QL2)",Venango 2020-03,17TPF612597,14.5,109081,97.43401692320386
"PA WesternPA 2019 D20  (Venango, QL2)",Venango 2020-03,17TPF612597,15.5,113961,91.68750712963208
"PA WesternPA 2019 D20  (Venango, QL2)",Venango 2020-03,17TPF612597,16.5,123061,91.07190742802352
"PA WesternPA 2019 D20  (Venango, QL2)",Venango 2020-03,17TPF612597,17.5,140780,91.6642989060946
"PA WesternPA 2019 D20  (Venango, QL2)",Venango 2020-03,17TPF612597,18.5,245398,0.1458854595391975
"PA WesternPA 2019 D20  (Venango, QL2)",Venango 2020-03,17TPF612597,19.5,187945,0.0
"PA WesternPA 2019 D20  (Venango, QL2)",Venango 2020-03,17TPF613590,0.5,81260,97.408318976126
"PA WesternPA 2019 D20  (Venango, QL2)",Venango 2020-03,17TPF613590,1.5,79385,97.27026516344398
"PA WesternPA 2019 D20  (Venango, QL2)",Venango 2020-03,17TPF613590,2.5,79105,97.45401681309652
"PA WesternPA 2019 D20  (Venango, QL2)",Venango 2020-03,17TPF613590,3.5,78639,97.78862905174276
"PA WesternPA 2019 D20  (Venango, QL2)",Venango 2020-03,17TPF613590,4.5,74984,98.00224047796864
"PA WesternPA 2019 D20  (Venango, QL2)",Venango 2020-03,17TPF613590,5.5,73075,98.02394799863154
"PA WesternPA 2019 D20  (Venango, QL2)",Venango 2020-03,17TPF613590,6.5,72298,97.6555368059974
"PA WesternPA 2019 D20  (Venango, QL2)",Venango 2020-03,17TPF613590,7.5,71799,97.6838117522528
"PA WesternPA 2019 D20  (Venango, QL2)",Venango 2020-03,17TPF613590,8.5,72548,97.2239069305839
"PA WesternPA 2019 D20  (Venango, QL2)",Venango 2020-03,17TPF613590,9.5,74578,97.17879267344256
"PA WesternPA 2019 D20  (Venango, QL2)",Venango 2020-03,17TPF613590,10.5,76384,97.2284771679933
"PA WesternPA 2019 D20  (Venango, QL2)",Venango 2020-03,17TPF613590,11.5,78457,97.12963789081918
"PA WesternPA 2019 D20  (Venango, QL2)",Venango 2020-03,17TPF613590,12.5,82475,97.27311306456502
"PA WesternPA 2019 D20  (Venango, QL2)",Venango 2020-03,17TPF613590,13.5,87628,97.19039576391108
"PA WesternPA 2019 D20  (Venango, QL2)",Venango 2020-03,17TPF613590,14.5,129540,93.58113324069784
"PA WesternPA 2019 D20  (Venango, QL2)",Venango 2020-03,17TPF613590,15.5,102020,88.09351107625956
"PA WesternPA 2019 D20  (Venango, QL2)",Venango 2020-03,17TPF613590,16.5,109334,88.01013408454827
"PA WesternPA 2019 D20  (Venango, QL2)",Venango 2020-03,17TPF613590,17.5,178002,87.16924528937878
"PA WesternPA 2019 D20  (Venango, QL2)",Venango 2020-03,17TPF613590,18.5,301511,0.0
"PA WesternPA 2019 D20  (Venango, QL2)",Venango 2020-03,17TPF613590,19.5,9176,0.0
"PA WesternPA 2019 D20  (Venango, QL2)",Venango 2020-03,17TPF613591,0.5,107642,99.19548131770128
"PA WesternPA 2019 D20  (Venango, QL2)",Venango 2020-03,17TPF613591,1.5,105797,98.90356059245536
"PA WesternPA 2019 D20  (Venango, QL2)",Venango 2020-03,17TPF613591,2.5,106338,98.08252929338524
"PA WesternPA 2019 D20  (Venango, QL2)",Venango 2020-03,17TPF613591,3.5,107501,98.5041999609306
"PA WesternPA 2019 D20  (Venango, QL2)",Venango 2020-03,17TPF613591,4.5,107642,98.5488935545605
"PA WesternPA 2019 D20  (Venango, QL2)",Venango 2020-03,17TPF613591,5.5,105851,97.66936542876309
"PA WesternPA 2019 D20  (Venango, QL2)",Venango 2020-03,17TPF613591,6.5,106764,97.23783297740812
"PA WesternPA 2019 D20  (Venango, QL2)",Venango 2020-03,17TPF613591,7.5,107132,97.67483104954636
"PA WesternPA 2019 D20  (Venango, QL2)",Venango 2020-03,17TPF613591,8.5,106721,98.01163782198444
"PA WesternPA 2019 D20  (Venango, QL2)",Venango 2020-03,17TPF613591,9.5,106210,98.03784954335752
"PA WesternPA 2019 D20  (Venango, QL2)",Venango 2020-03,17TPF613591,10.5,104463,98.20319156064828
"PA WesternPA 2019 D20  (Venango, QL2)",Venango 2020-03,17TPF613591,11.5,102005,98.4128229008382
"PA WesternPA 2019 D20  (Venango, QL2)",Venango 2020-03,17TPF613591,12.5,100018,98.23731728288908
"PA WesternPA 2019 D20  (Venango, QL2)",Venango 2020-03,17TPF613591,13.5,127393,98.50855227524276
"PA WesternPA 2019 D20  (Venango, QL2)",Venango 2020-03,17TPF613591,14.5,147002,97.83472333709746
"PA WesternPA 2019 D20  (Venango, QL2)",Venango 2020-03,17TPF613591,15.5,117628,91.77151698575167
"PA WesternPA 2019 D20  (Venango, QL2)",Venango 2020-03,17TPF613591,16.5,129302,90.35127066866715
"PA WesternPA 2019 D20  (Venango, QL2)",Venango 2020-03,17TPF613591,17.5,156259,88.85248209703121
"PA WesternPA 2019 D20  (Venango, QL2)",Venango 2020-03,17TPF613591,18.5,332376,0.0
"PA WesternPA 2019 D20  (Venango, QL2)",Venango 2020-03,17TPF613591,19.5,110311,0.0
"PA WesternPA 2019 D20  (Venango, QL2)",Venango 2020-03,17TPF613593,0.5,111749,99.03444326123724
"PA WesternPA 2019 D20  (Venango, QL2)",Venango 2020-03,17TPF613593,1.5,112381,98.99360212135502
"PA WesternPA 2019 D20  (Venango, QL2)",Venango 2020-03,17TPF613593,2.5,111487,99.07791939867428
"PA WesternPA 2019 D20  (Venango, QL2)",Venango 2020-03,17TPF613593,3.5,111131,99.13165543367737
"PA WesternPA 2019 D20  (Venango, QL2)",Venango 2020-03,17TPF613593,4.5,112230,99.2925242804954
"PA WesternPA 2019 D20  (Venango, QL2)",Venango 2020-03,17TPF613593,5.5,111899,99.33243371254434
"PA WesternPA 2019 D20  (Venango, QL2)",Venango 2020-03,17TPF613593,6.5,112393,99.25707116991272
"PA WesternPA 2019 D20  (Venango, QL2)",Venango 2020-03,17TPF613593,7.5,111725,99.21593197583351
"PA WesternPA 2019 D20  (Venango, QL2)",Venango 2020-03,17TPF613593,8.5,111506,99.23412193065845
"PA WesternPA 2019 D20  (Venango, QL2)",Venango 2020-03,17TPF613593,9.5,112520,99.16192676857447
"PA WesternPA 2019 D20  (Venango, QL2)",Venango 2020-03,17TPF613593,10.5,112925,99.17113128182422
"PA WesternPA 2019 D20  (Venango, QL2)",Venango 2020-03,17TPF613593,11.5,111460,99.16472277050062
"PA WesternPA 2019 D20  (Venango, QL2)",Venango 2020-03,17TPF613593,12.5,111731,99.31173980363552
"PA WesternPA 2019 D20  (Venango, QL2)",Venango 2020-03,17TPF613593,13.5,130551,99.39410651775934
"PA WesternPA 2019 D20  (Venango, QL2)",Venango 2020-03,17TPF613593,14.5,131456,99.54433422590068
"PA WesternPA 2019 D20  (Venango, QL2)",Venango 2020-03,17TPF613593,15.5,122585,98.67765224130196
"PA WesternPA 2019 D20  (Venango, QL2)",Venango 2020-03,17TPF613593,16.5,132822,95.18076824622426
"PA WesternPA 2019 D20  (Venango, QL2)",Venango 2020-03,17TPF613593,17.5,155112,91.23407602248696
"PA WesternPA 2019 D20  (Venango, QL2)",Venango 2020-03,17TPF613593,18.5,248160,0.0
"PA WesternPA 2019 D20  (Venango, QL2)",Venango 2020-03,17TPF613593,19.5,185687,0.0
"PA WesternPA 2019 D20  (Venango, QL2)",Venango 2020-03,17TPF612599,0.5,88494,96.98284629466404
"PA WesternPA 2019 D20  (Venango, QL2)",Venango 2020-03,17TPF612599,1.5,83406,97.0349854926504
"PA WesternPA 2019 D20  (Venango, QL2)",Venango 2020-03,17TPF612599,2.5,83109,97.08214513470264
"PA WesternPA 2019 D20  (Venango, QL2)",Venango 2020-03,17TPF612599,3.5,81053,96.74040442673314
"PA WesternPA 2019 D20  (Venango, QL2)",Venango 2020-03,17TPF612599,4.5,83319,97.25152726268918
"PA WesternPA 2019 D20  (Venango, QL2)",Venango 2020-03,17TPF612599,5.5,87256,97.79384798753097
"PA WesternPA 2019 D20  (Venango, QL2)",Venango 2020-03,17TPF612599,6.5,90830,98.35186612352746
"PA WesternPA 2019 D20  (Venango, QL2)",Venango 2020-03,17TPF612599,7.5,92457,98.29758698638284
"PA WesternPA 2019 D20  (Venango, QL2)",Venango 2020-03,17TPF612599,8.5,93042,98.24057952322607
"PA WesternPA 2019 D20  (Venango, QL2)",Venango 2020-03,17TPF612599,9.5,91039,98.25239732422368
"PA WesternPA 2019 D20  (Venango, QL2)",Venango 2020-03,17TPF612599,10.5,91931,98.0789940281298
"PA WesternPA 2019 D20  (Venango, QL2)",Venango 2020-03,17TPF612599,11.5,94991,97.77136781379288
"PA WesternPA 2019 D20  (Venango, QL2)",Venango 2020-03,17TPF612599,12.5,121397,98.16634677957444
"PA WesternPA 2019 D20  (Venango, QL2)",Venango 2020-03,17TPF612599,13.5,94041,98.2507629650897
"PA WesternPA 2019 D20  (Venango, QL2)",Venango 2020-03,17TPF612599,14.5,95970,97.98791288944462
"PA WesternPA 2019 D20  (Venango, QL2)",Venango 2020-03,17TPF612599,15.5,100224,93.81385696040869
"PA WesternPA 2019 D20  (Venango, QL2)",Venango 2020-03,17TPF612599,16.5,106975,90.48469268520682
"PA WesternPA 2019 D20  (Venango, QL2)",Venango 2020-03,17TPF612599,17.5,124616,90.7403543686204
"PA WesternPA 2019 D20  (Venango, QL2)",Venango 2020-03,17TPF612599,18.5,212958,0.0
"PA WesternPA 2019 D20  (Venango, QL2)",Venango 2020-03,17TPF612599,19.5,144399,0.0
"PA WesternPA 2019 D20  (Venango, QL2)",Venango 2020-03,17TPF613594,0.5,105639,98.8186181239883
"PA WesternPA 2019 D20  (Venango, QL2)",Venango 2020-03,17TPF613594,1.5,105338,98.68993145873284
"PA WesternPA 2019 D20  (Venango, QL2)",Venango 2020-03,17TPF613594,2.5,104129,98.89175926014848
"PA WesternPA 2019 D20  (Venango, QL2)",Venango 2020-03,17TPF613594,3.5,104983,98.93887581798958
"PA WesternPA 2019 D20  (Venango, QL2)",Venango 2020-03,17TPF613594,4.5,105957,98.87973423181104
"PA WesternPA 2019 D20  (Venango, QL2)",Venango 2020-03,17TPF613594,5.5,105033,98.89463311530662
"PA WesternPA 2019 D20  (Venango, QL2)",Venango 2020-03,17TPF613594,6.5,105436,98.92256914146972
"PA WesternPA 2019 D20  (Venango, QL2)",Venango 2020-03,17TPF613594,7.5,103965,98.88712547491944
"PA WesternPA 2019 D20  (Venango, QL2)",Venango 2020-03,17TPF613594,8.5,103425,98.7710901619531
"PA WesternPA 2019 D20  (Venango, QL2)",Venango 2020-03,17TPF613594,9.5,105199,98.56842745653476
"PA WesternPA 2019 D20  (Venango, QL2)",Venango 2020-03,17TPF613594,10.5,105585,98.48936875503148
"PA WesternPA 2019 D20  (Venango, QL2)",Venango 2020-03,17TPF613594,11.5,105719,98.44398830862949
"PA WesternPA 2019 D20  (Venango, QL2)",Venango 2020-03,17TPF613594,12.5,126474,98.30004585922798
"PA WesternPA 2019 D20  (Venango, QL2)",Venango 2020-03,17TPF613594,13.5,115265,98.15468702554982
"PA WesternPA 2019 D20  (Venango, QL2)",Venango 2020-03,17TPF613594,14.5,110649,98.2214028143047
"PA WesternPA 2019 D20  (Venango, QL2)",Venango 2020-03,17TPF613594,15.5,115421,94.96365479418824
"PA WesternPA 2019 D20  (Venango, QL2)",Venango 2020-03,17TPF613594,16.5,124440,92.2380263580842
"PA WesternPA 2019 D20  (Venango, QL2)",Venango 2020-03,17TPF613594,17.5,145236,89.978380015974
"PA WesternPA 2019 D20  (Venango, QL2)",Venango 2020-03,17TPF613594,18.5,235820,0.0
"PA WesternPA 2019 D20  (Venango, QL2)",Venango 2020-03,17TPF613594,19.5,130527,0.0
"PA WesternPA 2019 D20  (Venango, QL2)",Venango 2020-03,17TPF613596,0.5,106053,99.1504247876062
"PA WesternPA 2019 D20  (Venango, QL2)",Venango 2020-03,17TPF613596,1.5,106796,99.0449080489906
"PA WesternPA 2019 D20  (Venango, QL2)",Venango 2020-03,17TPF613596,2.5,107970,98.94044642030192
"PA WesternPA 2019 D20  (Venango, QL2)",Venango 2020-03,17TPF613596,3.5,108502,98.91154080109122
"PA WesternPA 2019 D20  (Venango, QL2)",Venango 2020-03,17TPF613596,4.5,108752,98.96277769604237
"PA WesternPA 2019 D20  (Venango, QL2)",Venango 2020-03,17TPF613596,5.5,108343,99.02993271369633
"PA WesternPA 2019 D20  (Venango, QL2)",Venango 2020-03,17TPF613596,6.5,108668,98.7834505098097
"PA WesternPA 2019 D20  (Venango, QL2)",Venango 2020-03,17TPF613596,7.5,108369,98.83638309848756
"PA WesternPA 2019 D20  (Venango, QL2)",Venango 2020-03,17TPF613596,8.5,107688,98.63958844068048
"PA WesternPA 2019 D20  (Venango, QL2)",Venango 2020-03,17TPF613596,9.5,109132,98.37994355459443
"PA WesternPA 2019 D20  (Venango, QL2)",Venango 2020-03,17TPF613596,10.5,109607,98.29207988540878
"PA WesternPA 2019 D20  (Venango, QL2)",Venango 2020-03,17TPF613596,11.5,117803,98.34554298277634
"PA WesternPA 2019 D20  (Venango, QL2)",Venango 2020-03,17TPF613596,12.5,163051,98.31954419169462
"PA WesternPA 2019 D20  (Venango, QL2)",Venango 2020-03,17TPF613596,13.5,130099,98.8846955011184
"PA WesternPA 2019 D20  (Venango, QL2)",Venango 2020-03,17TPF613596,14.5,113615,98.9323592835453
"PA WesternPA 2019 D20  (Venango, QL2)",Venango 2020-03,17TPF613596,15.5,117802,93.49416818050628
"PA WesternPA 2019 D20  (Venango, QL2)",Venango 2020-03,17TPF613596,16.5,126428,89.58854051317746
"PA WesternPA 2019 D20  (Venango, QL2)",Venango 2020-03,17TPF613596,17.5,146115,89.43982479553776
"PA WesternPA 2019 D20  (Venango, QL2)",Venango 2020-03,17TPF613596,18.5,221039,0.0
"PA WesternPA 2019 D20  (Venango, QL2)",Venango 2020-03,17TPF613596,19.5,162374,0.0
"PA WesternPA 2019 D20  (Venango, QL2)",Venango 2020-03,17TPF613597,0.5,109433,99.1063024864529
"PA WesternPA 2019 D20  (Venango, QL2)",Venango 2020-03,17TPF613597,1.5,109058,98.8849969740872
"PA WesternPA 2019 D20  (Venango, QL2)",Venango 2020-03,17TPF613597,2.5,109904,98.97910904061726
"PA WesternPA 2019 D20  (Venango, QL2)",Venango 2020-03,17TPF613597,3.5,111507,98.98571390136942
"PA WesternPA 2019 D20  (Venango, QL2)",Venango 2020-03,17TPF613597,4.5,111280,98.90546369518331
"PA WesternPA 2019 D20  (Venango, QL2)",Venango 2020-03,17TPF613597,5.5,109109,98.8222786387924
"PA WesternPA 2019 D20  (Venango, QL2)",Venango 2020-03,17TPF613597,6.5,110953,98.39842095301614
"PA WesternPA 2019 D20  (Venango, QL2)",Venango 2020-03,17TPF613597,7.5,110580,98.63356845722554
"PA WesternPA 2019 D20  (Venango, QL2)",Venango 2020-03,17TPF613597,8.5,110161,98.83534100089868
"PA WesternPA 2019 D20  (Venango, QL2)",Venango 2020-03,17TPF613597,9.5,110333,99.09002746231862
"PA WesternPA 2019 D20  (Venango, QL2)",Venango 2020-03,17TPF613597,10.5,111085,99.07008146914524
"PA WesternPA 2019 D20  (Venango, QL2)",Venango 2020-03,17TPF613597,11.5,150317,99.0327108710259
"PA WesternPA 2019 D20  (Venango, QL2)",Venango 2020-03,17TPF613597,12.5,132833,98.94303373408717
"PA WesternPA 2019 D20  (Venango, QL2)",Venango 2020-03,17TPF613597,13.5,111953,98.78788420140594
"PA WesternPA 2019 D20  (Venango, QL2)",Venango 2020-03,17TPF613597,14.5,111981,98.69174234914853
"PA WesternPA 2019 D20  (Venango, QL2)",Venango 2020-03,17TPF613597,15.5,117203,94.66566555463596
"PA WesternPA 2019 D20  (Venango, QL2)",Venango 2020-03,17TPF613597,16.5,127163,91.14129109882592
"PA WesternPA 2019 D20  (Venango, QL2)",Venango 2020-03,17TPF613597,17.5,147923,91.00207540409538
"PA WesternPA 2019 D20  (Venango, QL2)",Venango 2020-03,17TPF613597,18.5,231100,0.0
"PA WesternPA 2019 D20  (Venango, QL2)",Venango 2020-03,17TPF613597,19.5,139815,0.0
"PA WesternPA 2019 D20  (Venango, QL2)",Venango 2020-03,17TPF613599,0.5,104360,99.71349175929475
"PA WesternPA 2019 D20  (Venango, QL2)",Venango 2020-03,17TPF613599,1.5,104179,99.6074064830724
"PA WesternPA 2019 D20  (Venango, QL2)",Venango 2020-03,17TPF613599,2.5,103891,99.45904842575392
"PA WesternPA 2019 D20  (Venango, QL2)",Venango 2020-03,17TPF613599,3.5,104027,99.55684581887397
"PA WesternPA 2019 D20  (Venango, QL2)",Venango 2020-03,17TPF613599,4.5,104316,99.54561141148052
"PA WesternPA 2019 D20  (Venango, QL2)",Venango 2020-03,17TPF613599,5.5,103525,99.46486355952668
"PA WesternPA 2019 D20  (Venango, QL2)",Venango 2020-03,17TPF613599,6.5,104172,99.45282801520564
"PA WesternPA 2019 D20  (Venango, QL2)",Venango 2020-03,17TPF613599,7.5,104094,99.39477779699118
"PA WesternPA 2019 D20  (Venango, QL2)",Venango 2020-03,17TPF613599,8.5,102494,99.30727652350382
"PA WesternPA 2019 D20  (Venango, QL2)",Venango 2020-03,17TPF613599,9.5,102384,99.1824894514768
"PA WesternPA 2019 D20  (Venango, QL2)",Venango 2020-03,17TPF613599,10.5,114014,98.9141684354553
"PA WesternPA 2019 D20  (Venango, QL2)",Venango 2020-03,17TPF613599,11.5,146506,98.85601954868744
"PA WesternPA 2019 D20  (Venango, QL2)",Venango 2020-03,17TPF613599,12.5,112078,98.53673334641944
"PA WesternPA 2019 D20  (Venango, QL2)",Venango 2020-03,17TPF613599,13.5,109765,98.3546667881383
"PA WesternPA 2019 D20  (Venango, QL2)",Venango 2020-03,17TPF613599,14.5,110350,98.11871318531944
"PA WesternPA 2019 D20  (Venango, QL2)",Venango 2020-03,17TPF613599,15.5,114581,95.61358340388024
"PA WesternPA 2019 D20  (Venango, QL2)",Venango 2020-03,17TPF613599,16.5,122787,90.65943463070197
"PA WesternPA 2019 D20  (Venango, QL2)",Venango 2020-03,17TPF613599,17.5,140936,89.4533689050349
"PA WesternPA 2019 D20  (Venango, QL2)",Venango 2020-03,17TPF613599,18.5,208713,0.0
"PA WesternPA 2019 D20  (Venango, QL2)",Venango 2020-03,17TPF613599,19.5,176308,0.0
"PA WesternPA 2019 D20  (Venango, QL2)",Venango 2020-03,17TPF615590,0.5,114314,96.61546267298844
"PA WesternPA 2019 D20  (Venango, QL2)",Venango 2020-03,17TPF615590,1.5,113804,97.03437489016204
"PA WesternPA 2019 D20  (Venango, QL2)",Venango 2020-03,17TPF615590,2.5,110599,96.307380717728
"PA WesternPA 2019 D20  (Venango, QL2)",Venango 2020-03,17TPF615590,3.5,102552,96.9917700288634
"PA WesternPA 2019 D20  (Venango, QL2)",Venango 2020-03,17TPF615590,4.5,101327,97.92848895161212
"PA WesternPA 2019 D20  (Venango, QL2)",Venango 2020-03,17TPF615590,5.5,102735,97.6940672604273
"PA WesternPA 2019 D20  (Venango, QL2)",Venango 2020-03,17TPF615590,6.5,107018,97.20514306004596
"PA WesternPA 2019 D20  (Venango, QL2)",Venango 2020-03,17TPF615590,7.5,105535,97.36769792012127
"PA WesternPA 2019 D20  (Venango, QL2)",Venango 2020-03,17TPF615590,8.5,102793,97.14863852596966
"PA WesternPA 2019 D20  (Venango, QL2)",Venango 2020-03,17TPF615590,9.5,98185,97.24397820441004
"PA WesternPA 2019 D20  (Venango, QL2)",Venango 2020-03,17TPF615590,10.5,99024,97.07242688641138
"PA WesternPA 2019 D20  (Venango, QL2)",Venango 2020-03,17TPF615590,11.5,126821,97.00995891847565
"PA WesternPA 2019 D20  (Venango, QL2)",Venango 2020-03,17TPF615590,12.5,132936,96.0447132454715
"PA WesternPA 2019 D20  (Venango, QL2)",Venango 2020-03,17TPF615590,13.5,132922,92.06301439942222
"PA WesternPA 2019 D20  (Venango, QL2)",Venango 2020-03,17TPF615590,14.5,94461,84.70585744381279
"PA WesternPA 2019 D20  (Venango, QL2)",Venango 2020-03,17TPF615590,15.5,95500,84.14764397905759
"PA WesternPA 2019 D20  (Venango, QL2)",Venango 2020-03,17TPF615590,16.5,104481,84.38663489055426
"PA WesternPA 2019 D20  (Venango, QL2)",Venango 2020-03,17TPF615590,17.5,121941,84.55974610672374
"PA WesternPA 2019 D20  (Venango, QL2)",Venango 2020-03,17TPF615590,18.5,211217,0.0
"PA WesternPA 2019 D20  (Venango, QL2)",Venango 2020-03,17TPF615590,19.5,1698,0.0
"PA WesternPA 2019 D20  (Venango, QL2)",Venango 2020-03,17TPF615591,0.5,106973,96.42059211202827
"PA WesternPA 2019 D20  (Venango, QL2)",Venango 2020-03,17TPF615591,1.5,102749,96.34643646166872
"PA WesternPA 2019 D20  (Venango, QL2)",Venango 2020-03,17TPF615591,2.5,104536,96.53899135226143
"PA WesternPA 2019 D20  (Venango, QL2)",Venango 2020-03,17TPF615591,3.5,107023,96.93617259841344
"PA WesternPA 2019 D20  (Venango, QL2)",Venango 2020-03,17TPF615591,4.5,101050,97.18258287976248
"PA WesternPA 2019 D20  (Venango, QL2)",Venango 2020-03,17TPF615591,5.5,95752,97.58438466037262
"PA WesternPA 2019 D20  (Venango, QL2)",Venango 2020-03,17TPF615591,6.5,108275,97.49988455322097
"PA WesternPA 2019 D20  (Venango, QL2)",Venango 2020-03,17TPF615591,7.5,111084,97.4514781606712
"PA WesternPA 2019 D20  (Venango, QL2)",Venango 2020-03,17TPF615591,8.5,111799,98.00624334743604
"PA WesternPA 2019 D20  (Venango, QL2)",Venango 2020-03,17TPF615591,9.5,112835,98.3630965569194
"PA WesternPA 2019 D20  (Venango, QL2)",Venango 2020-03,17TPF615591,10.5,124040,98.2070299903257
"PA WesternPA 2019 D20  (Venango, QL2)",Venango 2020-03,17TPF615591,11.5,154952,98.17750012907224
"PA WesternPA 2019 D20  (Venango, QL2)",Venango 2020-03,17TPF615591,12.5,165094,97.70736671229724
"PA WesternPA 2019 D20  (Venango, QL2)",Venango 2020-03,17TPF615591,13.5,139247,95.003842093546
"PA WesternPA 2019 D20  (Venango, QL2)",Venango 2020-03,17TPF615591,14.5,107679,87.58160829873978
"PA WesternPA 2019 D20  (Venango, QL2)",Venango 2020-03,17TPF615591,15.5,109760,85.27332361516035
"PA WesternPA 2019 D20  (Venango, QL2)",Venango 2020-03,17TPF615591,16.5,123671,85.14445585464661
"PA WesternPA 2019 D20  (Venango, QL2)",Venango 2020-03,17TPF615591,17.5,153776,84.17958589116637
"PA WesternPA 2019 D20  (Venango, QL2)",Venango 2020-03,17TPF615591,18.5,276037,0.0
"PA WesternPA 2019 D20  (Venango, QL2)",Venango 2020-03,17TPF615591,19.5,24064,0.0
"PA WesternPA 2019 D20  (Venango, QL2)",Venango 2020-03,17TPF615593,0.5,109797,98.94077251655328
"PA WesternPA 2019 D20  (Venango, QL2)",Venango 2020-03,17TPF615593,1.5,111078,98.9178775275032
"PA WesternPA 2019 D20  (Venango, QL2)",Venango 2020-03,17TPF615593,2.5,110173,98.74923983190074
"PA WesternPA 2019 D20  (Venango, QL2)",Venango 2020-03,17TPF615593,3.5,110154,98.20523993681572
"PA WesternPA 2019 D20  (Venango, QL2)",Venango 2020-03,17TPF615593,4.5,109630,98.1109185441941
"PA WesternPA 2019 D20  (Venango, QL2)",Venango 2020-03,17TPF615593,5.5,109707,98.23347644179496
"PA WesternPA 2019 D20  (Venango, QL2)",Venango 2020-03,17TPF615593,6.5,111205,98.01807472685582
"PA WesternPA 2019 D20  (Venango, QL2)",Venango 2020-03,17TPF615593,7.5,111525,98.14839722035418
"PA WesternPA 2019 D20  (Venango, QL2)",Venango 2020-03,17TPF615593,8.5,111096,98.48779434003023
"PA WesternPA 2019 D20  (Venango, QL2)",Venango 2020-03,17TPF615593,9.5,113867,98.39461828273336
"PA WesternPA 2019 D20  (Venango, QL2)",Venango 2020-03,17TPF615593,10.5,144851,98.26235234827512
"PA WesternPA 2019 D20  (Venango, QL2)",Venango 2020-03,17TPF615593,11.5,151009,98.3544027177188
"PA WesternPA 2019 D20  (Venango, QL2)",Venango 2020-03,17TPF615593,12.5,148858,98.3111421623292
"PA WesternPA 2019 D20  (Venango, QL2)",Venango 2020-03,17TPF615593,13.5,125163,97.19405894713294
"PA WesternPA 2019 D20  (Venango, QL2)",Venango 2020-03,17TPF615593,14.5,95475,87.42498036135113
"PA WesternPA 2019 D20  (Venango, QL2)",Venango 2020-03,17TPF615593,15.5,101768,86.16067919188744
"PA WesternPA 2019 D20  (Venango, QL2)",Venango 2020-03,17TPF615593,16.5,111264,86.08714408973253
"PA WesternPA 2019 D20  (Venango, QL2)",Venango 2020-03,17TPF615593,17.5,126184,85.7763266341216
"PA WesternPA 2019 D20  (Venango, QL2)",Venango 2020-03,17TPF615593,18.5,201738,0.0
"PA WesternPA 2019 D20  (Venango, QL2)",Venango 2020-03,17TPF615593,19.5,61698,0.0
"PA WesternPA 2019 D20  (Venango, QL2)",Venango 2020-03,17TPF615594,0.5,119729,99.44207334897978
"PA WesternPA 2019 D20  (Venango, QL2)",Venango 2020-03,17TPF615594,1.5,119882,99.36270666155052
"PA WesternPA 2019 D20  (Venango, QL2)",Venango 2020-03,17TPF615594,2.5,119077,99.40626653341955
"PA WesternPA 2019 D20  (Venango, QL2)",Venango 2020-03,17TPF615594,3.5,119806,99.51671869522394
"PA WesternPA 2019 D20  (Venango, QL2)",Venango 2020-03,17TPF615594,4.5,119718,99.53473997226816
"PA WesternPA 2019 D20  (Venango, QL2)",Venango 2020-03,17TPF615594,5.5,118843,99.5304729769528
"PA WesternPA 2019 D20  (Venango, QL2)",Venango 2020-03,17TPF615594,6.5,119482,99.4384091327564
"PA WesternPA 2019 D20  (Venango, QL2)",Venango 2020-03,17TPF615594,7.5,119040,99.34307795698923
"PA WesternPA 2019 D20  (Venango, QL2)",Venango 2020-03,17TPF615594,8.5,118244,99.26085044484286
"PA WesternPA 2019 D20  (Venango, QL2)",Venango 2020-03,17TPF615594,9.5,123572,99.05803903796976
"PA WesternPA 2019 D20  (Venango, QL2)",Venango 2020-03,17TPF615594,10.5,164273,98.43431361209691
"PA WesternPA 2019 D20  (Venango, QL2)",Venango 2020-03,17TPF615594,11.5,168703,97.99055144247582
"PA WesternPA 2019 D20  (Venango, QL2)",Venango 2020-03,17TPF615594,12.5,147720,97.84660167885188
"PA WesternPA 2019 D20  (Venango, QL2)",Venango 2020-03,17TPF615594,13.5,123524,97.773711991192
"PA WesternPA 2019 D20  (Venango, QL2)",Venango 2020-03,17TPF615594,14.5,115467,91.3092052274676
"PA WesternPA 2019 D20  (Venango, QL2)",Venango 2020-03,17TPF615594,15.5,119856,87.48414764383926
"PA WesternPA 2019 D20  (Venango, QL2)",Venango 2020-03,17TPF615594,16.5,128807,87.03641882816927
"PA WesternPA 2019 D20  (Venango, QL2)",Venango 2020-03,17TPF615594,17.5,151199,86.14739515472985
"PA WesternPA 2019 D20  (Venango, QL2)",Venango 2020-03,17TPF615594,18.5,237382,0.0
"PA WesternPA 2019 D20  (Venango, QL2)",Venango 2020-03,17TPF615594,19.5,139301,0.0
"PA WesternPA 2019 D20  (Venango, QL2)",Venango 2020-03,17TPF615597,0.5,111562,99.22285365984833
"PA WesternPA 2019 D20  (Venango, QL2)",Venango 2020-03,17TPF615597,1.5,112365,99.15632091843544
"PA WesternPA 2019 D20  (Venango, QL2)",Venango 2020-03,17TPF615597,2.5,111752,99.11142529887609
"PA WesternPA 2019 D20  (Venango, QL2)",Venango 2020-03,17TPF615597,3.5,112371,99.22310916517608
"PA WesternPA 2019 D20  (Venango, QL2)",Venango 2020-03,17TPF615597,4.5,112244,99.21421189551334
"PA WesternPA 2019 D20  (Venango, QL2)",Venango 2020-03,17TPF615597,5.5,111610,99.28142639548427
"PA WesternPA 2019 D20  (Venango, QL2)",Venango 2020-03,17TPF615597,6.5,111646,99.1034161546316
"PA WesternPA 2019 D20  (Venango, QL2)",Venango 2020-03,17TPF615597,7.5,112054,99.14059292840952
"PA WesternPA 2019 D20  (Venango, QL2)",Venango 2020-03,17TPF615597,8.5,122734,99.15589812114004
"PA WesternPA 2019 D20  (Venango, QL2)",Venango 2020-03,17TPF615597,9.5,163005,98.8785620073004
"PA WesternPA 2019 D20  (Venango, QL2)",Venango 2020-03,17TPF615597,10.5,163659,98.614191703481
"PA WesternPA 2019 D20  (Venango, QL2)",Venango 2020-03,17TPF615597,11.5,122038,98.62092135236566
"PA WesternPA 2019 D20  (Venango, QL2)",Venango 2020-03,17TPF615597,12.5,107028,98.9217774787906
"PA WesternPA 2019 D20  (Venango, QL2)",Venango 2020-03,17TPF615597,13.5,106641,98.57840792940802
"PA WesternPA 2019 D20  (Venango, QL2)",Venango 2020-03,17TPF615597,14.5,108367,95.884355938616
"PA WesternPA 2019 D20  (Venango, QL2)",Venango 2020-03,17TPF615597,15.5,112908,90.13533142027136
"PA WesternPA 2019 D20  (Venango, QL2)",Venango 2020-03,17TPF615597,16.5,121779,89.89645176918845
"PA WesternPA 2019 D20  (Venango, QL2)",Venango 2020-03,17TPF615597,17.5,139920,89.12021154945683
"PA WesternPA 2019 D20  (Venango, QL2)",Venango 2020-03,17TPF615597,18.5,201644,0.0
"PA WesternPA 2019 D20  (Venango, QL2)",Venango 2020-03,17TPF615597,19.5,181321,0.0
"PA WesternPA 2019 D20  (Venango, QL2)",Venango 2020-03,17TPF615596,0.5,113415,99.46215227262708
"PA WesternPA 2019 D20  (Venango, QL2)",Venango 2020-03,17TPF615596,1.5,113823,99.48516556407756
"PA WesternPA 2019 D20  (Venango, QL2)",Venango 2020-03,17TPF615596,2.5,112985,99.2565384785591
"PA WesternPA 2019 D20  (Venango, QL2)",Venango 2020-03,17TPF615596,3.5,114102,99.149883437626
"PA WesternPA 2019 D20  (Venango, QL2)",Venango 2020-03,17TPF615596,4.5,114264,99.1659665336414
"PA WesternPA 2019 D20  (Venango, QL2)",Venango 2020-03,17TPF615596,5.5,113465,99.40334023707751
"PA WesternPA 2019 D20  (Venango, QL2)",Venango 2020-03,17TPF615596,6.5,114194,99.3300873951346
"PA WesternPA 2019 D20  (Venango, QL2)",Venango 2020-03,17TPF615596,7.5,114070,99.30568948891032
"PA WesternPA 2019 D20  (Venango, QL2)",Venango 2020-03,17TPF615596,8.5,115954,99.22210531762596
"PA WesternPA 2019 D20  (Venango, QL2)",Venango 2020-03,17TPF615596,9.5,162027,98.87796478364716
"PA WesternPA 2019 D20  (Venango, QL2)",Venango 2020-03,17TPF615596,10.5,171038,98.8943977361756
"PA WesternPA 2019 D20  (Venango, QL2)",Venango 2020-03,17TPF615596,11.5,160036,98.8308880501887
"PA WesternPA 2019 D20  (Venango, QL2)",Venango 2020-03,17TPF615596,12.5,112779,98.5875029925784
"PA WesternPA 2019 D20  (Venango, QL2)",Venango 2020-03,17TPF615596,13.5,114212,98.53167793226632
"PA WesternPA 2019 D20  (Venango, QL2)",Venango 2020-03,17TPF615596,14.5,114930,94.48011833289829
"PA WesternPA 2019 D20  (Venango, QL2)",Venango 2020-03,17TPF615596,15.5,119888,89.35589883891633
"PA WesternPA 2019 D20  (Venango, QL2)",Venango 2020-03,17TPF615596,16.5,128083,88.6971729269302
"PA WesternPA 2019 D20  (Venango, QL2)",Venango 2020-03,17TPF615596,17.5,147113,87.28052585427528
"PA WesternPA 2019 D20  (Venango, QL2)",Venango 2020-03,17TPF615596,18.5,214224,0.0
"PA WesternPA 2019 D20  (Venango, QL2)",Venango 2020-03,17TPF615596,19.5,182719,0.0
"PA WesternPA 2019 D20  (Venango, QL2)",Venango 2020-03,17TPF615599,0.5,115101,98.61252291465756
"PA WesternPA 2019 D20  (Venango, QL2)",Venango 2020-03,17TPF615599,1.5,114953,98.83256635320522
"PA WesternPA 2019 D20  (Venango, QL2)",Venango 2020-03,17TPF615599,2.5,114909,98.68678693574915
"PA WesternPA 2019 D20  (Venango, QL2)",Venango 2020-03,17TPF615599,3.5,115525,98.7734256654404
"PA WesternPA 2019 D20  (Venango, QL2)",Venango 2020-03,17TPF615599,4.5,116815,99.04806745709028
"PA WesternPA 2019 D20  (Venango, QL2)",Venango 2020-03,17TPF615599,5.5,115343,98.97349644104972
"PA WesternPA 2019 D20  (Venango, QL2)",Venango 2020-03,17TPF615599,6.5,116149,98.99783898268603
"PA WesternPA 2019 D20  (Venango, QL2)",Venango 2020-03,17TPF615599,7.5,119227,99.10255227423318
"PA WesternPA 2019 D20  (Venango, QL2)",Venango 2020-03,17TPF615599,8.5,150917,99.08360224494258
"PA WesternPA 2019 D20  (Venango, QL2)",Venango 2020-03,17TPF615599,9.5,171342,99.09771101072708
"PA WesternPA 2019 D20  (Venango, QL2)",Venango 2020-03,17TPF615599,10.5,157361,99.0702906056774
"PA WesternPA 2019 D20  (Venango, QL2)",Venango 2020-03,17TPF615599,11.5,119331,98.85444687465956
"PA WesternPA 2019 D20  (Venango, QL2)",Venango 2020-03,17TPF615599,12.5,114539,98.76112066632328
"PA WesternPA 2019 D20  (Venango, QL2)",Venango 2020-03,17TPF615599,13.5,114270,98.69169510807735
"PA WesternPA 2019 D20  (Venango, QL2)",Venango 2020-03,17TPF615599,14.5,114199,95.13568420038705
"PA WesternPA 2019 D20  (Venango, QL2)",Venango 2020-03,17TPF615599,15.5,118383,90.5231325443687
"PA WesternPA 2019 D20  (Venango, QL2)",Venango 2020-03,17TPF615599,16.5,127429,89.55025936011425
"PA WesternPA 2019 D20  (Venango, QL2)",Venango 2020-03,17TPF615599,17.5,147700,88.385240352065
"PA WesternPA 2019 D20  (Venango, QL2)",Venango 2020-03,17TPF615599,18.5,226837,0.0
"PA WesternPA 2019 D20  (Venango, QL2)",Venango 2020-03,17TPF615599,19.5,163630,0.0
"PA WesternPA 2019 D20  (Venango, QL2)",Venango 2020-03,17TPF616590,0.5,96266,98.3368998400266
"PA WesternPA 2019 D20  (Venango, QL2)",Venango 2020-03,17TPF616590,1.5,94974,98.1394908080106
"PA WesternPA 2019 D20  (Venango, QL2)",Venango 2020-03,17TPF616590,2.5,93633,97.97400489143784
"PA WesternPA 2019 D20  (Venango, QL2)",Venango 2020-03,17TPF616590,3.5,92253,97.86782001669322
"PA WesternPA 2019 D20  (Venango, QL2)",Venango 2020-03,17TPF616590,4.5,92248,97.85144393374382
"PA WesternPA 2019 D20  (Venango, QL2)",Venango 2020-03,17TPF616590,5.5,92676,97.79122966032196
"PA WesternPA 2019 D20  (Venango, QL2)",Venango 2020-03,17TPF616590,6.5,88864,97.6030788620814
"PA WesternPA 2019 D20  (Venango, QL2)",Venango 2020-03,17TPF616590,7.5,83922,97.2915326136174
"PA WesternPA 2019 D20  (Venango, QL2)",Venango 2020-03,17TPF616590,8.5,80901,97.11252024078811
"PA WesternPA 2019 D20  (Venango, QL2)",Venango 2020-03,17TPF616590,9.5,80489,96.80950191951696
"PA WesternPA 2019 D20  (Venango, QL2)",Venango 2020-03,17TPF616590,10.5,95567,97.19359193026882
"PA WesternPA 2019 D20  (Venango, QL2)",Venango 2020-03,17TPF616590,11.5,78049,97.49003830926726
"PA WesternPA 2019 D20  (Venango, QL2)",Venango 2020-03,17TPF616590,12.5,73764,97.47980044466136
"PA WesternPA 2019 D20  (Venango, QL2)",Venango 2020-03,17TPF616590,13.5,72445,97.23790461729588
"PA WesternPA 2019 D20  (Venango, QL2)",Venango 2020-03,17TPF616590,14.5,71531,96.69653716570436
"PA WesternPA 2019 D20  (Venango, QL2)",Venango 2020-03,17TPF616590,15.5,75201,95.10511828300156
"PA WesternPA 2019 D20  (Venango, QL2)",Venango 2020-03,17TPF616590,16.5,79790,88.92969043739816
"PA WesternPA 2019 D20  (Venango, QL2)",Venango 2020-03,17TPF616590,17.5,100278,87.80789405452842
"PA WesternPA 2019 D20  (Venango, QL2)",Venango 2020-03,17TPF616590,18.5,159399,0.0
"PA WesternPA 2019 D20  (Venango, QL2)",Venango 2020-03,17TPF616590,19.5,1684,0.0
"PA WesternPA 2019 D20  (Venango, QL2)",Venango 2020-03,17TPF616591,0.5,103006,98.1418558142244
"PA WesternPA 2019 D20  (Venango, QL2)",Venango 2020-03,17TPF616591,1.5,103696,98.07707143959266
"PA WesternPA 2019 D20  (Venango, QL2)",Venango 2020-03,17TPF616591,2.5,103006,98.06030716657284
"PA WesternPA 2019 D20  (Venango, QL2)",Venango 2020-03,17TPF616591,3.5,102854,98.199389425788
"PA WesternPA 2019 D20  (Venango, QL2)",Venango 2020-03,17TPF616591,4.5,102597,98.2377652368003
"PA WesternPA 2019 D20  (Venango, QL2)",Venango 2020-03,17TPF616591,5.5,102793,98.19734806844824
"PA WesternPA 2019 D20  (Venango, QL2)",Venango 2020-03,17TPF616591,6.5,103474,98.1647563639175
"PA WesternPA 2019 D20  (Venango, QL2)",Venango 2020-03,17TPF616591,7.5,103937,98.23258319943812
"PA WesternPA 2019 D20  (Venango, QL2)",Venango 2020-03,17TPF616591,8.5,103425,97.94827169446458
"PA WesternPA 2019 D20  (Venango, QL2)",Venango 2020-03,17TPF616591,9.5,111569,97.66243311314076
"PA WesternPA 2019 D20  (Venango, QL2)",Venango 2020-03,17TPF616591,10.5,141989,97.78081400671884
"PA WesternPA 2019 D20  (Venango, QL2)",Venango 2020-03,17TPF616591,11.5,111487,97.60958676796398
"PA WesternPA 2019 D20  (Venango, QL2)",Venango 2020-03,17TPF616591,12.5,107243,97.1914250813573
"PA WesternPA 2019 D20  (Venango, QL2)",Venango 2020-03,17TPF616591,13.5,109571,96.63962179773846
"PA WesternPA 2019 D20  (Venango, QL2)",Venango 2020-03,17TPF616591,14.5,112417,93.13804851579388
"PA WesternPA 2019 D20  (Venango, QL2)",Venango 2020-03,17TPF616591,15.5,118263,90.48476700235916
"PA WesternPA 2019 D20  (Venango, QL2)",Venango 2020-03,17TPF616591,16.5,131277,88.43894970177564
"PA WesternPA 2019 D20  (Venango, QL2)",Venango 2020-03,17TPF616591,17.5,158375,88.87198105761641
"PA WesternPA 2019 D20  (Venango, QL2)",Venango 2020-03,17TPF616591,18.5,278420,0.0
"PA WesternPA 2019 D20  (Venango, QL2)",Venango 2020-03,17TPF616591,19.5,56048,0.0
"PA WesternPA 2019 D20  (Venango, QL2)",Venango 2020-03,17TPF616593,0.5,101726,98.0899671667027
"PA WesternPA 2019 D20  (Venango, QL2)",Venango 2020-03,17TPF616593,1.5,101095,97.7862406647213
"PA WesternPA 2019 D20  (Venango, QL2)",Venango 2020-03,17TPF616593,2.5,101210,97.59213516450944
"PA WesternPA 2019 D20  (Venango, QL2)",Venango 2020-03,17TPF616593,3.5,101118,96.8986728376748
"PA WesternPA 2019 D20  (Venango, QL2)",Venango 2020-03,17TPF616593,4.5,94669,97.18492854049371
"PA WesternPA 2019 D20  (Venango, QL2)",Venango 2020-03,17TPF616593,5.5,83622,96.74846332304897
"PA WesternPA 2019 D20  (Venango, QL2)",Venango 2020-03,17TPF616593,6.5,90421,97.39883434157994
"PA WesternPA 2019 D20  (Venango, QL2)",Venango 2020-03,17TPF616593,7.5,100681,97.70562469582146
"PA WesternPA 2019 D20  (Venango, QL2)",Venango 2020-03,17TPF616593,8.5,95419,97.58433854892633
"PA WesternPA 2019 D20  (Venango, QL2)",Venango 2020-03,17TPF616593,9.5,121167,98.01596144164664
"PA WesternPA 2019 D20  (Venango, QL2)",Venango 2020-03,17TPF616593,10.5,114821,98.14493864362792
"PA WesternPA 2019 D20  (Venango, QL2)",Venango 2020-03,17TPF616593,11.5,103791,98.08846624466476
"PA WesternPA 2019 D20  (Venango, QL2)",Venango 2020-03,17TPF616593,12.5,106386,98.3108679713496
"PA WesternPA 2019 D20  (Venango, QL2)",Venango 2020-03,17TPF616593,13.5,108075,98.37797825584084
"PA WesternPA 2019 D20  (Venango, QL2)",Venango 2020-03,17TPF616593,14.5,108356,97.98349883716638
"PA WesternPA 2019 D20  (Venango, QL2)",Venango 2020-03,17TPF616593,15.5,111954,94.0153991818068
"PA WesternPA 2019 D20  (Venango, QL2)",Venango 2020-03,17TPF616593,16.5,120836,89.52961038101228
"PA WesternPA 2019 D20  (Venango, QL2)",Venango 2020-03,17TPF616593,17.5,139715,87.94760762981785
"PA WesternPA 2019 D20  (Venango, QL2)",Venango 2020-03,17TPF616593,18.5,216000,0.0
"PA WesternPA 2019 D20  (Venango, QL2)",Venango 2020-03,17TPF616593,19.5,144460,0.0
"PA WesternPA 2019 D20  (Venango, QL2)",Venango 2020-03,17TPF616596,0.5,114780,98.170412963931
"PA WesternPA 2019 D20  (Venango, QL2)",Venango 2020-03,17TPF616596,1.5,114626,98.35028702039676
"PA WesternPA 2019 D20  (Venango, QL2)",Venango 2020-03,17TPF616596,2.5,112349,98.4147611460716
"PA WesternPA 2019 D20  (Venango, QL2)",Venango 2020-03,17TPF616596,3.5,113784,98.4092666807284
"PA WesternPA 2019 D20  (Venango, QL2)",Venango 2020-03,17TPF616596,4.5,113939,98.27714829865104
"PA WesternPA 2019 D20  (Venango, QL2)",Venango 2020-03,17TPF616596,5.5,111613,97.9939612769122
"PA WesternPA 2019 D20  (Venango, QL2)",Venango 2020-03,17TPF616596,6.5,107099,97.85805656448706
"PA WesternPA 2019 D20  (Venango, QL2)",Venango 2020-03,17TPF616596,7.5,107173,98.2374292032508
"PA WesternPA 2019 D20  (Venango, QL2)",Venango 2020-03,17TPF616596,8.5,134224,98.03984384312793
"PA WesternPA 2019 D20  (Venango, QL2)",Venango 2020-03,17TPF616596,9.5,103998,98.02111579068828
"PA WesternPA 2019 D20  (Venango, QL2)",Venango 2020-03,17TPF616596,10.5,100769,97.767170459169
"PA WesternPA 2019 D20  (Venango, QL2)",Venango 2020-03,17TPF616596,11.5,107180,98.4558686322075
"PA WesternPA 2019 D20  (Venango, QL2)",Venango 2020-03,17TPF616596,12.5,107955,98.52994303181882
"PA WesternPA 2019 D20  (Venango, QL2)",Venango 2020-03,17TPF616596,13.5,103443,98.01533211527122
"PA WesternPA 2019 D20  (Venango, QL2)",Venango 2020-03,17TPF616596,14.5,97503,97.79288842394594
"PA WesternPA 2019 D20  (Venango, QL2)",Venango 2020-03,17TPF616596,15.5,99577,95.0982656637577
"PA WesternPA 2019 D20  (Venango, QL2)",Venango 2020-03,17TPF616596,16.5,113133,86.58304827061953
"PA WesternPA 2019 D20  (Venango, QL2)",Venango 2020-03,17TPF616596,17.5,128962,85.52984600114762
"PA WesternPA 2019 D20  (Venango, QL2)",Venango 2020-03,17TPF616596,18.5,181545,0.0
"PA WesternPA 2019 D20  (Venango, QL2)",Venango 2020-03,17TPF616596,19.5,135987,0.0
"PA WesternPA 2019 D20  (Venango, QL2)",Venango 2020-03,17TPF616594,0.5,89267,96.74795837207478
"PA WesternPA 2019 D20  (Venango, QL2)",Venango 2020-03,17TPF616594,1.5,94449,96.99943885059662
"PA WesternPA 2019 D20  (Venango, QL2)",Venango 2020-03,17TPF616594,2.5,92352,97.37525987525989
"PA WesternPA 2019 D20  (Venango, QL2)",Venango 2020-03,17TPF616594,3.5,87360,97.34546703296704
"PA WesternPA 2019 D20  (Venango, QL2)",Venango 2020-03,17TPF616594,4.5,85059,97.18313170857876
"PA WesternPA 2019 D20  (Venango, QL2)",Venango 2020-03,17TPF616594,5.5,88794,97.01105930580896
"PA WesternPA 2019 D20  (Venango, QL2)",Venango 2020-03,17TPF616594,6.5,94661,96.81389378941697
"PA WesternPA 2019 D20  (Venango, QL2)",Venango 2020-03,17TPF616594,7.5,97289,97.33371706976122
"PA WesternPA 2019 D20  (Venango, QL2)",Venango 2020-03,17TPF616594,8.5,101095,97.23329541520351
"PA WesternPA 2019 D20  (Venango, QL2)",Venango 2020-03,17TPF616594,9.5,137151,97.83085795947532
"PA WesternPA 2019 D20  (Venango, QL2)",Venango 2020-03,17TPF616594,10.5,99320,97.89267015706808
"PA WesternPA 2019 D20  (Venango, QL2)",Venango 2020-03,17TPF616594,11.5,95058,97.65090786677608
"PA WesternPA 2019 D20  (Venango, QL2)",Venango 2020-03,17TPF616594,12.5,100069,97.79751971139912
"PA WesternPA 2019 D20  (Venango, QL2)",Venango 2020-03,17TPF616594,13.5,101510,97.84060683676483
"PA WesternPA 2019 D20  (Venango, QL2)",Venango 2020-03,17TPF616594,14.5,99044,97.79189047292112
"PA WesternPA 2019 D20  (Venango, QL2)",Venango 2020-03,17TPF616594,15.5,99544,93.76557100377724
"PA WesternPA 2019 D20  (Venango, QL2)",Venango 2020-03,17TPF616594,16.5,102298,89.74955522102094
"PA WesternPA 2019 D20  (Venango, QL2)",Venango 2020-03,17TPF616594,17.5,122102,88.81099408691094
"PA WesternPA 2019 D20  (Venango, QL2)",Venango 2020-03,17TPF616594,18.5,185730,0.0
"PA WesternPA 2019 D20  (Venango, QL2)",Venango 2020-03,17TPF616594,19.5,149261,0.0
"PA WesternPA 2019 D20  (Venango, QL2)",Venango 2020-03,17TPF616597,0.5,104152,99.63034795299178
"PA WesternPA 2019 D20  (Venango, QL2)",Venango 2020-03,17TPF616597,1.5,104502,99.58469694359916
"PA WesternPA 2019 D20  (Venango, QL2)",Venango 2020-03,17TPF616597,2.5,103883,99.3791091901466
"PA WesternPA 2019 D20  (Venango, QL2)",Venango 2020-03,17TPF616597,3.5,104345,99.2582299103934
"PA WesternPA 2019 D20  (Venango, QL2)",Venango 2020-03,17TPF616597,4.5,104413,99.29223372568548
"PA WesternPA 2019 D20  (Venango, QL2)",Venango 2020-03,17TPF616597,5.5,103796,99.01152260202706
"PA WesternPA 2019 D20  (Venango, QL2)",Venango 2020-03,17TPF616597,6.5,104571,98.82089680695412
"PA WesternPA 2019 D20  (Venango, QL2)",Venango 2020-03,17TPF616597,7.5,110431,98.76846175439869
"PA WesternPA 2019 D20  (Venango, QL2)",Venango 2020-03,17TPF616597,8.5,140272,98.3745865176229
"PA WesternPA 2019 D20  (Venango, QL2)",Venango 2020-03,17TPF616597,9.5,107541,98.0565551743056
"PA WesternPA 2019 D20  (Venango, QL2)",Venango 2020-03,17TPF616597,10.5,103885,97.87842325648552
"PA WesternPA 2019 D20  (Venango, QL2)",Venango 2020-03,17TPF616597,11.5,99875,97.28961201501878
"PA WesternPA 2019 D20  (Venango, QL2)",Venango 2020-03,17TPF616597,12.5,99758,96.89749193047174
"PA WesternPA 2019 D20  (Venango, QL2)",Venango 2020-03,17TPF616597,13.5,98584,96.74085044226244
"PA WesternPA 2019 D20  (Venango, QL2)",Venango 2020-03,17TPF616597,14.5,100357,96.71971063304004
"PA WesternPA 2019 D20  (Venango, QL2)",Venango 2020-03,17TPF616597,15.5,102421,93.75811601136486
"PA WesternPA 2019 D20  (Venango, QL2)",Venango 2020-03,17TPF616597,16.5,112549,87.75466685621373
"PA WesternPA 2019 D20  (Venango, QL2)",Venango 2020-03,17TPF616597,17.5,128462,87.42741044044153
"PA WesternPA 2019 D20  (Venango, QL2)",Venango 2020-03,17TPF616597,18.5,174767,0.0
"PA WesternPA 2019 D20  (Venango, QL2)",Venango 2020-03,17TPF616597,19.5,168314,0.0
"PA WesternPA 2019 D20  (Venango, QL2)",Venango 2020-03,17TPF616599,0.5,107312,99.2004622036678
"PA WesternPA 2019 D20  (Venango, QL2)",Venango 2020-03,17TPF616599,1.5,107856,99.35933095979826
"PA WesternPA 2019 D20  (Venango, QL2)",Venango 2020-03,17TPF616599,2.5,106881,99.35067972792172
"PA WesternPA 2019 D20  (Venango, QL2)",Venango 2020-03,17TPF616599,3.5,107338,99.31338389014142
"PA WesternPA 2019 D20  (Venango, QL2)",Venango 2020-03,17TPF616599,4.5,107490,99.19713461717367
"PA WesternPA 2019 D20  (Venango, QL2)",Venango 2020-03,17TPF616599,5.5,106041,99.33516281438312
"PA WesternPA 2019 D20  (Venango, QL2)",Venango 2020-03,17TPF616599,6.5,109395,99.21385803738744
"PA WesternPA 2019 D20  (Venango, QL2)",Venango 2020-03,17TPF616599,7.5,151981,99.33544324619524
"PA WesternPA 2019 D20  (Venango, QL2)",Venango 2020-03,17TPF616599,8.5,129449,99.1486994878292
"PA WesternPA 2019 D20  (Venango, QL2)",Venango 2020-03,17TPF616599,9.5,111073,99.13930478154008
"PA WesternPA 2019 D20  (Venango, QL2)",Venango 2020-03,17TPF616599,10.5,111110,99.17469174691746
"PA WesternPA 2019 D20  (Venango, QL2)",Venango 2020-03,17TPF616599,11.5,108791,99.10654373983142
"PA WesternPA 2019 D20  (Venango, QL2)",Venango 2020-03,17TPF616599,12.5,108452,99.1277247077048
"PA WesternPA 2019 D20  (Venango, QL2)",Venango 2020-03,17TPF616599,13.5,110845,99.11137173530604
"PA WesternPA 2019 D20  (Venango, QL2)",Venango 2020-03,17TPF616599,14.5,112273,99.11822076545565
"PA WesternPA 2019 D20  (Venango, QL2)",Venango 2020-03,17TPF616599,15.5,116134,97.27383884133846
"PA WesternPA 2019 D20  (Venango, QL2)",Venango 2020-03,17TPF616599,16.5,123049,90.77196889044204
"PA WesternPA 2019 D20  (Venango, QL2)",Venango 2020-03,17TPF616599,17.5,138998,90.04158333213428
"PA WesternPA 2019 D20  (Venango, QL2)",Venango 2020-03,17TPF616599,18.5,189042,0.0
"PA WesternPA 2019 D20  (Venango, QL2)",Venango 2020-03,17TPF616599,19.5,236016,0.0
"PA WesternPA 2019 D20  (Venango, QL2)",Venango 2020-03,17TPF618591,0.5,115090,98.14319228429925
"PA WesternPA 2019 D20  (Venango, QL2)",Venango 2020-03,17TPF618591,1.5,114957,97.5721356681194
"PA WesternPA 2019 D20  (Venango, QL2)",Venango 2020-03,17TPF618591,2.5,114909,97.53718159587152
"PA WesternPA 2019 D20  (Venango, QL2)",Venango 2020-03,17TPF618591,3.5,115586,98.06291419376048
"PA WesternPA 2019 D20  (Venango, QL2)",Venango 2020-03,17TPF618591,4.5,115630,98.03078785782236
"PA WesternPA 2019 D20  (Venango, QL2)",Venango 2020-03,17TPF618591,5.5,114160,97.78468815697266
"PA WesternPA 2019 D20  (Venango, QL2)",Venango 2020-03,17TPF618591,6.5,114758,97.83980201815994
"PA WesternPA 2019 D20  (Venango, QL2)",Venango 2020-03,17TPF618591,7.5,123977,97.60116795857296
"PA WesternPA 2019 D20  (Venango, QL2)",Venango 2020-03,17TPF618591,8.5,162653,97.6022575667218
"PA WesternPA 2019 D20  (Venango, QL2)",Venango 2020-03,17TPF618591,9.5,162119,97.35256200692083
"PA WesternPA 2019 D20  (Venango, QL2)",Venango 2020-03,17TPF618591,10.5,116646,97.33552800781852
"PA WesternPA 2019 D20  (Venango, QL2)",Venango 2020-03,17TPF618591,11.5,113304,96.82182447221632
"PA WesternPA 2019 D20  (Venango, QL2)",Venango 2020-03,17TPF618591,12.5,114111,96.4657219724654
"PA WesternPA 2019 D20  (Venango, QL2)",Venango 2020-03,17TPF618591,13.5,114405,96.3690398146934
"PA WesternPA 2019 D20  (Venango, QL2)",Venango 2020-03,17TPF618591,14.5,115817,89.88145090962468
"PA WesternPA 2019 D20  (Venango, QL2)",Venango 2020-03,17TPF618591,15.5,120168,85.94301311497237
"PA WesternPA 2019 D20  (Venango, QL2)",Venango 2020-03,17TPF618591,16.5,132286,85.88512767790998
"PA WesternPA 2019 D20  (Venango, QL2)",Venango 2020-03,17TPF618591,17.5,159709,87.32757703072464
"PA WesternPA 2019 D20  (Venango, QL2)",Venango 2020-03,17TPF618591,18.5,264728,0.0
"PA WesternPA 2019 D20  (Venango, QL2)",Venango 2020-03,17TPF618591,19.5,72892,0.0
"PA WesternPA 2019 D20  (Venango, QL2)",Venango 2020-03,17TPF618593,0.5,104889,98.52510749458952
"PA WesternPA 2019 D20  (Venango, QL2)",Venango 2020-03,17TPF618593,1.5,105704,98.32645879058502
"PA WesternPA 2019 D20  (Venango, QL2)",Venango 2020-03,17TPF618593,2.5,104917,98.47498498813349
"PA WesternPA 2019 D20  (Venango, QL2)",Venango 2020-03,17TPF618593,3.5,106285,98.7128945759044
"PA WesternPA 2019 D20  (Venango, QL2)",Venango 2020-03,17TPF618593,4.5,106164,98.71142760257716
"PA WesternPA 2019 D20  (Venango, QL2)",Venango 2020-03,17TPF618593,5.5,105423,98.67865646016524
"PA WesternPA 2019 D20  (Venango, QL2)",Venango 2020-03,17TPF618593,6.5,107481,98.34854532428989
"PA WesternPA 2019 D20  (Venango, QL2)",Venango 2020-03,17TPF618593,7.5,149896,98.11402572450233
"PA WesternPA 2019 D20  (Venango, QL2)",Venango 2020-03,17TPF618593,8.5,158511,97.86134716202662
"PA WesternPA 2019 D20  (Venango, QL2)",Venango 2020-03,17TPF618593,9.5,130891,97.5491057444744
"PA WesternPA 2019 D20  (Venango, QL2)",Venango 2020-03,17TPF618593,10.5,108475,97.20396404701545
"PA WesternPA 2019 D20  (Venango, QL2)",Venango 2020-03,17TPF618593,11.5,108041,96.8752603178423
"PA WesternPA 2019 D20  (Venango, QL2)",Venango 2020-03,17TPF618593,12.5,108767,97.28042512894535
"PA WesternPA 2019 D20  (Venango, QL2)",Venango 2020-03,17TPF618593,13.5,109212,97.24023001135409
"PA WesternPA 2019 D20  (Venango, QL2)",Venango 2020-03,17TPF618593,14.5,110078,93.96427987427096
"PA WesternPA 2019 D20  (Venango, QL2)",Venango 2020-03,17TPF618593,15.5,114012,90.01420903062835
"PA WesternPA 2019 D20  (Venango, QL2)",Venango 2020-03,17TPF618593,16.5,121593,89.54051631261667
"PA WesternPA 2019 D20  (Venango, QL2)",Venango 2020-03,17TPF618593,17.5,139974,87.53697115178534
"PA WesternPA 2019 D20  (Venango, QL2)",Venango 2020-03,17TPF618593,18.5,202476,0.0
"PA WesternPA 2019 D20  (Venango, QL2)",Venango 2020-03,17TPF618593,19.5,183297,0.0
"PA WesternPA 2019 D20  (Venango, QL2)",Venango 2020-03,17TPF618594,0.5,109388,98.88196145829524
"PA WesternPA 2019 D20  (Venango, QL2)",Venango 2020-03,17TPF618594,1.5,109671,98.91311285572304
"PA WesternPA 2019 D20  (Venango, QL2)",Venango 2020-03,17TPF618594,2.5,108927,98.94424706454782
"PA WesternPA 2019 D20  (Venango, QL2)",Venango 2020-03,17TPF618594,3.5,109573,99.01983152783988
"PA WesternPA 2019 D20  (Venango, QL2)",Venango 2020-03,17TPF618594,4.5,109787,98.93430005374042
"PA WesternPA 2019 D20  (Venango, QL2)",Venango 2020-03,17TPF618594,5.5,109262,98.8733502956197
"PA WesternPA 2019 D20  (Venango, QL2)",Venango 2020-03,17TPF618594,6.5,132707,98.55471075376582
"PA WesternPA 2019 D20  (Venango, QL2)",Venango 2020-03,17TPF618594,7.5,165029,98.55540541359396
"PA WesternPA 2019 D20  (Venango, QL2)",Venango 2020-03,17TPF618594,8.5,159356,98.58367428901327
"PA WesternPA 2019 D20  (Venango, QL2)",Venango 2020-03,17TPF618594,9.5,118003,98.88562155199445
"PA WesternPA 2019 D20  (Venango, QL2)",Venango 2020-03,17TPF618594,10.5,110974,99.0565357651342
"PA WesternPA 2019 D20  (Venango, QL2)",Venango 2020-03,17TPF618594,11.5,110492,98.59627846359918
"PA WesternPA 2019 D20  (Venango, QL2)",Venango 2020-03,17TPF618594,12.5,111566,98.0809565638277
"PA WesternPA 2019 D20  (Venango, QL2)",Venango 2020-03,17TPF618594,13.5,111654,97.63376144159636
"PA WesternPA 2019 D20  (Venango, QL2)",Venango 2020-03,17TPF618594,14.5,112362,97.06217404460584
"PA WesternPA 2019 D20  (Venango, QL2)",Venango 2020-03,17TPF618594,15.5,115233,93.18597971067317
"PA WesternPA 2019 D20  (Venango, QL2)",Venango 2020-03,17TPF618594,16.5,121994,90.8233191796318
"PA WesternPA 2019 D20  (Venango, QL2)",Venango 2020-03,17TPF618594,17.5,137696,89.36425168487102
"PA WesternPA 2019 D20  (Venango, QL2)",Venango 2020-03,17TPF618594,18.5,182638,0.0
"PA WesternPA 2019 D20  (Venango, QL2)",Venango 2020-03,17TPF618594,19.5,241600,0.0
"PA WesternPA 2019 D20  (Venango, QL2)",Venango 2020-03,17TPF619591,0.5,113036,98.25542305106336
"PA WesternPA 2019 D20  (Venango, QL2)",Venango 2020-03,17TPF619591,1.5,113504,98.30490555398929
"PA WesternPA 2019 D20  (Venango, QL2)",Venango 2020-03,17TPF619591,2.5,112798,97.79871983545809
"PA WesternPA 2019 D20  (Venango, QL2)",Venango 2020-03,17TPF619591,3.5,113888,98.43091458274796
"PA WesternPA 2019 D20  (Venango, QL2)",Venango 2020-03,17TPF619591,4.5,113591,98.2868361049731
"PA WesternPA 2019 D20  (Venango, QL2)",Venango 2020-03,17TPF619591,5.5,112898,98.09119736399228
"PA WesternPA 2019 D20  (Venango, QL2)",Venango 2020-03,17TPF619591,6.5,131715,97.51584861253464
"PA WesternPA 2019 D20  (Venango, QL2)",Venango 2020-03,17TPF619591,7.5,146513,97.28146990369456
"PA WesternPA 2019 D20  (Venango, QL2)",Venango 2020-03,17TPF619591,8.5,103697,97.67881423763464
"PA WesternPA 2019 D20  (Venango, QL2)",Venango 2020-03,17TPF619591,9.5,95929,97.48876773447029
"PA WesternPA 2019 D20  (Venango, QL2)",Venango 2020-03,17TPF619591,10.5,94565,97.44514355205416
"PA WesternPA 2019 D20  (Venango, QL2)",Venango 2020-03,17TPF619591,11.5,94761,97.47575479363874
"PA WesternPA 2019 D20  (Venango, QL2)",Venango 2020-03,17TPF619591,12.5,97089,96.97597050129264
"PA WesternPA 2019 D20  (Venango, QL2)",Venango 2020-03,17TPF619591,13.5,97465,96.22223362232596
"PA WesternPA 2019 D20  (Venango, QL2)",Venango 2020-03,17TPF619591,14.5,98075,94.42773387713484
"PA WesternPA 2019 D20  (Venango, QL2)",Venango 2020-03,17TPF619591,15.5,103192,91.79878285138383
"PA WesternPA 2019 D20  (Venango, QL2)",Venango 2020-03,17TPF619591,16.5,113006,87.325451745925
"PA WesternPA 2019 D20  (Venango, QL2)",Venango 2020-03,17TPF619591,17.5,140706,87.42626469375861
"PA WesternPA 2019 D20  (Venango, QL2)",Venango 2020-03,17TPF619591,18.5,228298,0.0
"PA WesternPA 2019 D20  (Venango, QL2)",Venango 2020-03,17TPF619591,19.5,48305,0.0
"PA WesternPA 2019 D20  (Venango, QL2)",Venango 2020-03,17TPF618596,0.5,104589,98.61170868829416
"PA WesternPA 2019 D20  (Venango, QL2)",Venango 2020-03,17TPF618596,1.5,103315,98.52586749261964
"PA WesternPA 2019 D20  (Venango, QL2)",Venango 2020-03,17TPF618596,2.5,102094,98.14092894783238
"PA WesternPA 2019 D20  (Venango, QL2)",Venango 2020-03,17TPF618596,3.5,102925,97.84794753461256
"PA WesternPA 2019 D20  (Venango, QL2)",Venango 2020-03,17TPF618596,4.5,98102,98.11930439746386
"PA WesternPA 2019 D20  (Venango, QL2)",Venango 2020-03,17TPF618596,5.5,97802,98.64317703114456
"PA WesternPA 2019 D20  (Venango, QL2)",Venango 2020-03,17TPF618596,6.5,146047,98.52650174258972
"PA WesternPA 2019 D20  (Venango, QL2)",Venango 2020-03,17TPF618596,7.5,148388,98.34218400409736
"PA WesternPA 2019 D20  (Venango, QL2)",Venango 2020-03,17TPF618596,8.5,115977,98.15394431654552
"PA WesternPA 2019 D20  (Venango, QL2)",Venango 2020-03,17TPF618596,9.5,105723,98.39959138503448
"PA WesternPA 2019 D20  (Venango, QL2)",Venango 2020-03,17TPF618596,10.5,107334,98.1282724952019
"PA WesternPA 2019 D20  (Venango, QL2)",Venango 2020-03,17TPF618596,11.5,107280,98.16181953765847
"PA WesternPA 2019 D20  (Venango, QL2)",Venango 2020-03,17TPF618596,12.5,107462,98.00394558076344
"PA WesternPA 2019 D20  (Venango, QL2)",Venango 2020-03,17TPF618596,13.5,107052,97.8916788102978
"PA WesternPA 2019 D20  (Venango, QL2)",Venango 2020-03,17TPF618596,14.5,107209,95.5544777024317
"PA WesternPA 2019 D20  (Venango, QL2)",Venango 2020-03,17TPF618596,15.5,112559,88.58998391954441
"PA WesternPA 2019 D20  (Venango, QL2)",Venango 2020-03,17TPF618596,16.5,120652,87.01886417133574
"PA WesternPA 2019 D20  (Venango, QL2)",Venango 2020-03,17TPF618596,17.5,137580,85.05524058729466
"PA WesternPA 2019 D20  (Venango, QL2)",Venango 2020-03,17TPF618596,18.5,201460,0.0
"PA WesternPA 2019 D20  (Venango, QL2)",Venango 2020-03,17TPF618596,19.5,189316,0.0
"PA WesternPA 2019 D20  (Venango, QL2)",Venango 2020-03,17TPF618597,0.5,111625,98.85240761478164
"PA WesternPA 2019 D20  (Venango, QL2)",Venango 2020-03,17TPF618597,1.5,111036,99.03184552757664
"PA WesternPA 2019 D20  (Venango, QL2)",Venango 2020-03,17TPF618597,2.5,110978,99.19533601254302
"PA WesternPA 2019 D20  (Venango, QL2)",Venango 2020-03,17TPF618597,3.5,111713,99.0484545218551
"PA WesternPA 2019 D20  (Venango, QL2)",Venango 2020-03,17TPF618597,4.5,112052,98.97904544318708
"PA WesternPA 2019 D20  (Venango, QL2)",Venango 2020-03,17TPF618597,5.5,143343,98.58242118554796
"PA WesternPA 2019 D20  (Venango, QL2)",Venango 2020-03,17TPF618597,6.5,165168,98.54632858665116
"PA WesternPA 2019 D20  (Venango, QL2)",Venango 2020-03,17TPF618597,7.5,157915,98.32061552100814
"PA WesternPA 2019 D20  (Venango, QL2)",Venango 2020-03,17TPF618597,8.5,115098,98.33967575457436
"PA WesternPA 2019 D20  (Venango, QL2)",Venango 2020-03,17TPF618597,9.5,109045,98.11270576367556
"PA WesternPA 2019 D20  (Venango, QL2)",Venango 2020-03,17TPF618597,10.5,110325,97.90527985497394
"PA WesternPA 2019 D20  (Venango, QL2)",Venango 2020-03,17TPF618597,11.5,109476,98.02879169863714
"PA WesternPA 2019 D20  (Venango, QL2)",Venango 2020-03,17TPF618597,12.5,110632,98.10995010485212
"PA WesternPA 2019 D20  (Venango, QL2)",Venango 2020-03,17TPF618597,13.5,110105,97.45697288951456
"PA WesternPA 2019 D20  (Venango, QL2)",Venango 2020-03,17TPF618597,14.5,109522,91.559686638301
"PA WesternPA 2019 D20  (Venango, QL2)",Venango 2020-03,17TPF618597,15.5,113480,88.48960169192809
"PA WesternPA 2019 D20  (Venango, QL2)",Venango 2020-03,17TPF618597,16.5,124068,87.29245252603411
"PA WesternPA 2019 D20  (Venango, QL2)",Venango 2020-03,17TPF618597,17.5,142966,85.8092133794049
"PA WesternPA 2019 D20  (Venango, QL2)",Venango 2020-03,17TPF618597,18.5,223639,0.0
"PA WesternPA 2019 D20  (Venango, QL2)",Venango 2020-03,17TPF618597,19.5,149973,0.0
"PA WesternPA 2019 D20  (Venango, QL2)",Venango 2020-03,17TPF618599,0.5,116056,98.95481491693666
"PA WesternPA 2019 D20  (Venango, QL2)",Venango 2020-03,17TPF618599,1.5,115763,98.88738197869785
"PA WesternPA 2019 D20  (Venango, QL2)",Venango 2020-03,17TPF618599,2.5,115562,99.17879579792664
"PA WesternPA 2019 D20  (Venango, QL2)",Venango 2020-03,17TPF618599,3.5,114709,99.12299819543368
"PA WesternPA 2019 D20  (Venango, QL2)",Venango 2020-03,17TPF618599,4.5,131505,98.81525417284512
"PA WesternPA 2019 D20  (Venango, QL2)",Venango 2020-03,17TPF618599,5.5,173130,98.81476347253508
"PA WesternPA 2019 D20  (Venango, QL2)",Venango 2020-03,17TPF618599,6.5,173789,98.79336436713486
"PA WesternPA 2019 D20  (Venango, QL2)",Venango 2020-03,17TPF618599,7.5,128464,98.6922406277245
"PA WesternPA 2019 D20  (Venango, QL2)",Venango 2020-03,17TPF618599,8.5,115921,98.67409701434596
"PA WesternPA 2019 D20  (Venango, QL2)",Venango 2020-03,17TPF618599,9.5,116321,98.63395259669365
"PA WesternPA 2019 D20  (Venango, QL2)",Venango 2020-03,17TPF618599,10.5,117093,98.57207518809837
"PA WesternPA 2019 D20  (Venango, QL2)",Venango 2020-03,17TPF618599,11.5,116845,98.7966964782404
"PA WesternPA 2019 D20  (Venango, QL2)",Venango 2020-03,17TPF618599,12.5,118056,98.77092227417496
"PA WesternPA 2019 D20  (Venango, QL2)",Venango 2020-03,17TPF618599,13.5,118199,98.87816309782654
"PA WesternPA 2019 D20  (Venango, QL2)",Venango 2020-03,17TPF618599,14.5,118380,98.70586247676972
"PA WesternPA 2019 D20  (Venango, QL2)",Venango 2020-03,17TPF618599,15.5,122870,91.73516724993895
"PA WesternPA 2019 D20  (Venango, QL2)",Venango 2020-03,17TPF618599,16.5,131519,88.34236878321762
"PA WesternPA 2019 D20  (Venango, QL2)",Venango 2020-03,17TPF618599,17.5,149683,87.38467294215107
"PA WesternPA 2019 D20  (Venango, QL2)",Venango 2020-03,17TPF618599,18.5,211694,0.0
"PA WesternPA 2019 D20  (Venango, QL2)",Venango 2020-03,17TPF618599,19.5,208049,0.0
"PA WesternPA 2019 D20  (Venango, QL2)",Venango 2020-03,17TPF619597,0.5,105367,98.27839836001785
"PA WesternPA 2019 D20  (Venango, QL2)",Venango 2020-03,17TPF619597,1.5,106269,98.16409300925012
"PA WesternPA 2019 D20  (Venango, QL2)",Venango 2020-03,17TPF619597,2.5,106852,98.25085164526637
"PA WesternPA 2019 D20  (Venango, QL2)",Venango 2020-03,17TPF619597,3.5,142494,98.40765225202465
"PA WesternPA 2019 D20  (Venango, QL2)",Venango 2020-03,17TPF619597,4.5,161905,98.56459034619068
"PA WesternPA 2019 D20  (Venango, QL2)",Venango 2020-03,17TPF619597,5.5,127575,98.86968449931412
"PA WesternPA 2019 D20  (Venango, QL2)",Venango 2020-03,17TPF619597,6.5,107660,99.0655768159019
"PA WesternPA 2019 D20  (Venango, QL2)",Venango 2020-03,17TPF619597,7.5,107619,98.79017645583028
"PA WesternPA 2019 D20  (Venango, QL2)",Venango 2020-03,17TPF619597,8.5,106906,98.6006398144164
"PA WesternPA 2019 D20  (Venango, QL2)",Venango 2020-03,17TPF619597,9.5,107666,98.5993721323352
"PA WesternPA 2019 D20  (Venango, QL2)",Venango 2020-03,17TPF619597,10.5,107691,98.60248303015108
"PA WesternPA 2019 D20  (Venango, QL2)",Venango 2020-03,17TPF619597,11.5,106702,98.446139716219
"PA WesternPA 2019 D20  (Venango, QL2)",Venango 2020-03,17TPF619597,12.5,107718,98.38467108561242
"PA WesternPA 2019 D20  (Venango, QL2)",Venango 2020-03,17TPF619597,13.5,108339,98.2582449533409
"PA WesternPA 2019 D20  (Venango, QL2)",Venango 2020-03,17TPF619597,14.5,108909,96.75784370437704
"PA WesternPA 2019 D20  (Venango, QL2)",Venango 2020-03,17TPF619597,15.5,113696,90.69096538136786
"PA WesternPA 2019 D20  (Venango, QL2)",Venango 2020-03,17TPF619597,16.5,121755,89.88871093589586
"PA WesternPA 2019 D20  (Venango, QL2)",Venango 2020-03,17TPF619597,17.5,140613,89.49385903152624
"PA WesternPA 2019 D20  (Venango, QL2)",Venango 2020-03,17TPF619597,18.5,213354,0.0
"PA WesternPA 2019 D20  (Venango, QL2)",Venango 2020-03,17TPF619597,19.5,166420,0.0
"PA WesternPA 2019 D20  (Venango, QL2)",Venango 2020-03,17TPF619599,0.5,115256,97.84653293537863
"PA WesternPA 2019 D20  (Venango, QL2)",Venango 2020-03,17TPF619599,1.5,115608,98.14372707771088
"PA WesternPA 2019 D20  (Venango, QL2)",Venango 2020-03,17TPF619599,2.5,134040,98.3542226201134
"PA WesternPA 2019 D20  (Venango, QL2)",Venango 2020-03,17TPF619599,3.5,169491,98.45419520800516
"PA WesternPA 2019 D20  (Venango, QL2)",Venango 2020-03,17TPF619599,4.5,153669,98.3230189563282
"PA WesternPA 2019 D20  (Venango, QL2)",Venango 2020-03,17TPF619599,5.5,110830,98.2585942434359
"PA WesternPA 2019 D20  (Venango, QL2)",Venango 2020-03,17TPF619599,6.5,112705,98.21392129896634
"PA WesternPA 2019 D20  (Venango, QL2)",Venango 2020-03,17TPF619599,7.5,113568,98.1667371090448
"PA WesternPA 2019 D20  (Venango, QL2)",Venango 2020-03,17TPF619599,8.5,113249,98.04060080000706
"PA WesternPA 2019 D20  (Venango, QL2)",Venango 2020-03,17TPF619599,9.5,114127,97.8427541247908
"PA WesternPA 2019 D20  (Venango, QL2)",Venango 2020-03,17TPF619599,10.5,113802,97.74432786770004
"PA WesternPA 2019 D20  (Venango, QL2)",Venango 2020-03,17TPF619599,11.5,111832,97.5847700121611
"PA WesternPA 2019 D20  (Venango, QL2)",Venango 2020-03,17TPF619599,12.5,113021,97.57213261252332
"PA WesternPA 2019 D20  (Venango, QL2)",Venango 2020-03,17TPF619599,13.5,114104,97.01412746266564
"PA WesternPA 2019 D20  (Venango, QL2)",Venango 2020-03,17TPF619599,14.5,114940,93.2834522359492
"PA WesternPA 2019 D20  (Venango, QL2)",Venango 2020-03,17TPF619599,15.5,119447,88.77661222131992
"PA WesternPA 2019 D20  (Venango, QL2)",Venango 2020-03,17TPF619599,16.5,129897,88.0258974418193
"PA WesternPA 2019 D20  (Venango, QL2)",Venango 2020-03,17TPF619599,17.5,153247,87.80400268847025
"PA WesternPA 2019 D20  (Venango, QL2)",Venango 2020-03,17TPF619599,18.5,264160,0.0
"PA WesternPA 2019 D20  (Venango, QL2)",Venango 2020-03,17TPF619599,19.5,100427,0.0
"PA WesternPA 2019 D20  (Venango, QL2)",Venango 2020-03,17TPF621597,0.5,105843,99.53516056801112
"PA WesternPA 2019 D20  (Venango, QL2)",Venango 2020-03,17TPF621597,1.5,107540,99.47182443741865
"PA WesternPA 2019 D20  (Venango, QL2)",Venango 2020-03,17TPF621597,2.5,150354,99.51115367732152
"PA WesternPA 2019 D20  (Venango, QL2)",Venango 2020-03,17TPF621597,3.5,126120,99.50126863304789
"PA WesternPA 2019 D20  (Venango, QL2)",Venango 2020-03,17TPF621597,4.5,106694,99.37016139614224
"PA WesternPA 2019 D20  (Venango, QL2)",Venango 2020-03,17TPF621597,5.5,106034,99.33323273666936
"PA WesternPA 2019 D20  (Venango, QL2)",Venango 2020-03,17TPF621597,6.5,106488,99.2252648185711
"PA WesternPA 2019 D20  (Venango, QL2)",Venango 2020-03,17TPF621597,7.5,106605,99.1782749401998
"PA WesternPA 2019 D20  (Venango, QL2)",Venango 2020-03,17TPF621597,8.5,105850,99.14974019839396
"PA WesternPA 2019 D20  (Venango, QL2)",Venango 2020-03,17TPF621597,9.5,106706,99.01036492793284
"PA WesternPA 2019 D20  (Venango, QL2)",Venango 2020-03,17TPF621597,10.5,106439,99.1196835746296
"PA WesternPA 2019 D20  (Venango, QL2)",Venango 2020-03,17TPF621597,11.5,106164,99.17862929053165
"PA WesternPA 2019 D20  (Venango, QL2)",Venango 2020-03,17TPF621597,12.5,107058,99.28356591754005
"PA WesternPA 2019 D20  (Venango, QL2)",Venango 2020-03,17TPF621597,13.5,107242,99.19061561701572
"PA WesternPA 2019 D20  (Venango, QL2)",Venango 2020-03,17TPF621597,14.5,107496,99.19903996427772
"PA WesternPA 2019 D20  (Venango, QL2)",Venango 2020-03,17TPF621597,15.5,110623,98.81127794400804
"PA WesternPA 2019 D20  (Venango, QL2)",Venango 2020-03,17TPF621597,16.5,116985,91.67243663717572
"PA WesternPA 2019 D20  (Venango, QL2)",Venango 2020-03,17TPF621597,17.5,129714,90.53070601477096
"PA WesternPA 2019 D20  (Venango, QL2)",Venango 2020-03,17TPF621597,18.5,162773,0.0
"PA WesternPA 2019 D20  (Venango, QL2)",Venango 2020-03,17TPF621597,19.5,284310,0.0
"PA WesternPA 2019 D20  (Venango, QL2)",Venango 2020-03,17TPF621597,20.5,1515,0.0
"PA WesternPA 2019 D20  (Venango, QL2)",Venango 2020-03,17TPF621591,0.5,88603,98.21337877949956
"PA WesternPA 2019 D20  (Venango, QL2)",Venango 2020-03,17TPF621591,1.5,88837,97.9963303578464
"PA WesternPA 2019 D20  (Venango, QL2)",Venango 2020-03,17TPF621591,2.5,87903,97.82487514646829
"PA WesternPA 2019 D20  (Venango, QL2)",Venango 2020-03,17TPF621591,3.5,90084,97.93748057368678
"PA WesternPA 2019 D20  (Venango, QL2)",Venango 2020-03,17TPF621591,4.5,103332,97.80126195176712
"PA WesternPA 2019 D20  (Venango, QL2)",Venango 2020-03,17TPF621591,5.5,129002,97.60391311762608
"PA WesternPA 2019 D20  (Venango, QL2)",Venango 2020-03,17TPF621591,6.5,111111,97.49259749259748
"PA WesternPA 2019 D20  (Venango, QL2)",Venango 2020-03,17TPF621591,7.5,82874,97.42500663658085
"PA WesternPA 2019 D20  (Venango, QL2)",Venango 2020-03,17TPF621591,8.5,84806,97.07685776949744
"PA WesternPA 2019 D20  (Venango, QL2)",Venango 2020-03,17TPF621591,9.5,81197,96.57253346798528
"PA WesternPA 2019 D20  (Venango, QL2)",Venango 2020-03,17TPF621591,10.5,80512,96.44525039745628
"PA WesternPA 2019 D20  (Venango, QL2)",Venango 2020-03,17TPF621591,11.5,77906,96.06577157086744
"PA WesternPA 2019 D20  (Venango, QL2)",Venango 2020-03,17TPF621591,12.5,75861,95.61698369386114
"PA WesternPA 2019 D20  (Venango, QL2)",Venango 2020-03,17TPF621591,13.5,75610,92.37666975267824
"PA WesternPA 2019 D20  (Venango, QL2)",Venango 2020-03,17TPF621591,14.5,75375,85.75920398009951
"PA WesternPA 2019 D20  (Venango, QL2)",Venango 2020-03,17TPF621591,15.5,79643,85.86190876787666
"PA WesternPA 2019 D20  (Venango, QL2)",Venango 2020-03,17TPF621591,16.5,86416,85.94704684317719
"PA WesternPA 2019 D20  (Venango, QL2)",Venango 2020-03,17TPF621591,17.5,104998,84.97876150021905
"PA WesternPA 2019 D20  (Venango, QL2)",Venango 2020-03,17TPF621591,18.5,183566,0.0
"PA WesternPA 2019 D20  (Venango, QL2)",Venango 2020-03,17TPF621591,19.5,13324,0.0
"PA WesternPA 2019 D20  (Venango, QL2)",Venango 2020-03,17TPF622591,0.5,77015,97.99779263779784
"PA WesternPA 2019 D20  (Venango, QL2)",Venango 2020-03,17TPF622591,1.5,75834,97.52485692433474
"PA WesternPA 2019 D20  (Venango, QL2)",Venango 2020-03,17TPF622591,2.5,100163,97.5779479448499
"PA WesternPA 2019 D20  (Venango, QL2)",Venango 2020-03,17TPF622591,3.5,121772,97.54130670433268
"PA WesternPA 2019 D20  (Venango, QL2)",Venango 2020-03,17TPF622591,4.5,108484,97.3986947383946
"PA WesternPA 2019 D20  (Venango, QL2)",Venango 2020-03,17TPF622591,5.5,81718,97.30291979735188
"PA WesternPA 2019 D20  (Venango, QL2)",Venango 2020-03,17TPF622591,6.5,82975,97.26544139801146
"PA WesternPA 2019 D20  (Venango, QL2)",Venango 2020-03,17TPF622591,7.5,83539,97.3629083422114
"PA WesternPA 2019 D20  (Venango, QL2)",Venango 2020-03,17TPF622591,8.5,84411,97.25865112366871
"PA WesternPA 2019 D20  (Venango, QL2)",Venango 2020-03,17TPF622591,9.5,83646,97.21684240728786
"PA WesternPA 2019 D20  (Venango, QL2)",Venango 2020-03,17TPF622591,10.5,83685,97.27310748640735
"PA WesternPA 2019 D20  (Venango, QL2)",Venango 2020-03,17TPF622591,11.5,85202,97.0611018520692
"PA WesternPA 2019 D20  (Venango, QL2)",Venango 2020-03,17TPF622591,12.5,84217,96.06611491741572
"PA WesternPA 2019 D20  (Venango, QL2)",Venango 2020-03,17TPF622591,13.5,84855,92.11124860055388
"PA WesternPA 2019 D20  (Venango, QL2)",Venango 2020-03,17TPF622591,14.5,84911,89.07444265171767
"PA WesternPA 2019 D20  (Venango, QL2)",Venango 2020-03,17TPF622591,15.5,88900,87.76940382452193
"PA WesternPA 2019 D20  (Venango, QL2)",Venango 2020-03,17TPF622591,16.5,98806,86.35103131388782
"PA WesternPA 2019 D20  (Venango, QL2)",Venango 2020-03,17TPF622591,17.5,130503,85.53289962682851
"PA WesternPA 2019 D20  (Venango, QL2)",Venango 2020-03,17TPF622591,18.5,191293,0.0
"PA WesternPA 2019 D20  (Venango, QL2)",Venango 2020-03,17TPF621599,0.5,117509,99.03411653575472
"PA WesternPA 2019 D20  (Venango, QL2)",Venango 2020-03,17TPF621599,1.5,153179,98.80336077399645
"PA WesternPA 2019 D20  (Venango, QL2)",Venango 2020-03,17TPF621599,2.5,149717,98.77034672081328
"PA WesternPA 2019 D20  (Venango, QL2)",Venango 2020-03,17TPF621599,3.5,117543,98.8285138204742
"PA WesternPA 2019 D20  (Venango, QL2)",Venango 2020-03,17TPF621599,4.5,112040,98.871831488754
"PA WesternPA 2019 D20  (Venango, QL2)",Venango 2020-03,17TPF621599,5.5,111536,98.82011189212452
"PA WesternPA 2019 D20  (Venango, QL2)",Venango 2020-03,17TPF621599,6.5,112507,98.58853226910324
"PA WesternPA 2019 D20  (Venango, QL2)",Venango 2020-03,17TPF621599,7.5,113046,98.27326928860818
"PA WesternPA 2019 D20  (Venango, QL2)",Venango 2020-03,17TPF621599,8.5,112799,97.99998226934636
"PA WesternPA 2019 D20  (Venango, QL2)",Venango 2020-03,17TPF621599,9.5,113642,97.53876207740096
"PA WesternPA 2019 D20  (Venango, QL2)",Venango 2020-03,17TPF621599,10.5,113758,97.28546563758154
"PA WesternPA 2019 D20  (Venango, QL2)",Venango 2020-03,17TPF621599,11.5,113523,97.396122371678
"PA WesternPA 2019 D20  (Venango, QL2)",Venango 2020-03,17TPF621599,12.5,114291,97.34099797884348
"PA WesternPA 2019 D20  (Venango, QL2)",Venango 2020-03,17TPF621599,13.5,115014,97.33858486792911
"PA WesternPA 2019 D20  (Venango, QL2)",Venango 2020-03,17TPF621599,14.5,115224,96.75067694230368
"PA WesternPA 2019 D20  (Venango, QL2)",Venango 2020-03,17TPF621599,15.5,119648,91.48669430328964
"PA WesternPA 2019 D20  (Venango, QL2)",Venango 2020-03,17TPF621599,16.5,127046,88.6663098405302
"PA WesternPA 2019 D20  (Venango, QL2)",Venango 2020-03,17TPF621599,17.5,142038,87.5244652839381
"PA WesternPA 2019 D20  (Venango, QL2)",Venango 2020-03,17TPF621599,18.5,183820,0.0
"PA WesternPA 2019 D20  (Venango, QL2)",Venango 2020-03,17TPF621599,19.5,272998,0.0
"PA WesternPA 2019 D20  (Venango, QL2)",Venango 2020-03,17TPF622597,0.5,150051,99.0090036054408
"PA WesternPA 2019 D20  (Venango, QL2)",Venango 2020-03,17TPF622597,1.5,161562,98.98738564761516
"PA WesternPA 2019 D20  (Venango, QL2)",Venango 2020-03,17TPF622597,2.5,117599,99.1581561067696
"PA WesternPA 2019 D20  (Venango, QL2)",Venango 2020-03,17TPF622597,3.5,109893,98.73422328992748
"PA WesternPA 2019 D20  (Venango, QL2)",Venango 2020-03,17TPF622597,4.5,109935,98.51457679537909
"PA WesternPA 2019 D20  (Venango, QL2)",Venango 2020-03,17TPF622597,5.5,109013,98.55888747213636
"PA WesternPA 2019 D20  (Venango, QL2)",Venango 2020-03,17TPF622597,6.5,109632,98.16568155283127
"PA WesternPA 2019 D20  (Venango, QL2)",Venango 2020-03,17TPF622597,7.5,109579,98.50610062146944
"PA WesternPA 2019 D20  (Venango, QL2)",Venango 2020-03,17TPF622597,8.5,108741,98.11110804572331
"PA WesternPA 2019 D20  (Venango, QL2)",Venango 2020-03,17TPF622597,9.5,109023,97.67755427753777
"PA WesternPA 2019 D20  (Venango, QL2)",Venango 2020-03,17TPF622597,10.5,109085,97.7182930742082
"PA WesternPA 2019 D20  (Venango, QL2)",Venango 2020-03,17TPF622597,11.5,108223,97.70104321632186
"PA WesternPA 2019 D20  (Venango, QL2)",Venango 2020-03,17TPF622597,12.5,108573,96.86570325955807
"PA WesternPA 2019 D20  (Venango, QL2)",Venango 2020-03,17TPF622597,13.5,109301,96.91219659472466
"PA WesternPA 2019 D20  (Venango, QL2)",Venango 2020-03,17TPF622597,14.5,108839,93.20280414189769
"PA WesternPA 2019 D20  (Venango, QL2)",Venango 2020-03,17TPF622597,15.5,113580,90.9878499735869
"PA WesternPA 2019 D20  (Venango, QL2)",Venango 2020-03,17TPF622597,16.5,122350,89.56272987331427
"PA WesternPA 2019 D20  (Venango, QL2)",Venango 2020-03,17TPF622597,17.5,140793,88.99732231005802
"PA WesternPA 2019 D20  (Venango, QL2)",Venango 2020-03,17TPF622597,18.5,217221,0.0
"PA WesternPA 2019 D20  (Venango, QL2)",Venango 2020-03,17TPF622597,19.5,166794,0.0
"PA WesternPA 2019 D20  (Venango, QL2)",Venango 2020-03,17TPF622599,0.5,197143,99.20514550351776
"PA WesternPA 2019 D20  (Venango, QL2)",Venango 2020-03,17TPF622599,1.5,129244,99.1442542787286
"PA WesternPA 2019 D20  (Venango, QL2)",Venango 2020-03,17TPF622599,2.5,110438,99.10538039442946
"PA WesternPA 2019 D20  (Venango, QL2)",Venango 2020-03,17TPF622599,3.5,111080,99.05383507382068
"PA WesternPA 2019 D20  (Venango, QL2)",Venango 2020-03,17TPF622599,4.5,110208,99.06994047619048
"PA WesternPA 2019 D20  (Venango, QL2)",Venango 2020-03,17TPF622599,5.5,109331,99.04601622595604
"PA WesternPA 2019 D20  (Venango, QL2)",Venango 2020-03,17TPF622599,6.5,110359,99.03224929548112
"PA WesternPA 2019 D20  (Venango, QL2)",Venango 2020-03,17TPF622599,7.5,110416,99.03274887697437
"PA WesternPA 2019 D20  (Venango, QL2)",Venango 2020-03,17TPF622599,8.5,110454,99.028554873522
"PA WesternPA 2019 D20  (Venango, QL2)",Venango 2020-03,17TPF622599,9.5,111242,99.032739432948
"PA WesternPA 2019 D20  (Venango, QL2)",Venango 2020-03,17TPF622599,10.5,111476,98.66249237504036
"PA WesternPA 2019 D20  (Venango, QL2)",Venango 2020-03,17TPF622599,11.5,110898,98.48509441108044
"PA WesternPA 2019 D20  (Venango, QL2)",Venango 2020-03,17TPF622599,12.5,111130,98.60253756861331
"PA WesternPA 2019 D20  (Venango, QL2)",Venango 2020-03,17TPF622599,13.5,112316,98.49620712988354
"PA WesternPA 2019 D20  (Venango, QL2)",Venango 2020-03,17TPF622599,14.5,113755,97.8699837369786
"PA WesternPA 2019 D20  (Venango, QL2)",Venango 2020-03,17TPF622599,15.5,118175,93.00105775333192
"PA WesternPA 2019 D20  (Venango, QL2)",Venango 2020-03,17TPF622599,16.5,125984,89.21370967741935
"PA WesternPA 2019 D20  (Venango, QL2)",Venango 2020-03,17TPF622599,17.5,144122,87.54319257295901
"PA WesternPA 2019 D20  (Venango, QL2)",Venango 2020-03,17TPF622599,18.5,200063,0.0
"PA WesternPA 2019 D20  (Venango, QL2)",Venango 2020-03,17TPF622599,19.5,221277,0.0
"PA WesternPA 2019 D20  (Venango, QL2)",Venango 2020-03,17TPF624593,0.5,136247,96.25973415928424
"PA WesternPA 2019 D20  (Venango, QL2)",Venango 2020-03,17TPF624593,1.5,159585,96.56797318043677
"PA WesternPA 2019 D20  (Venango, QL2)",Venango 2020-03,17TPF624593,2.5,122969,96.47960054973204
"PA WesternPA 2019 D20  (Venango, QL2)",Venango 2020-03,17TPF624593,3.5,107310,96.73748951635449
"PA WesternPA 2019 D20  (Venango, QL2)",Venango 2020-03,17TPF624593,4.5,106036,96.44648987136443
"PA WesternPA 2019 D20  (Venango, QL2)",Venango 2020-03,17TPF624593,5.5,104847,95.64985168865108
"PA WesternPA 2019 D20  (Venango, QL2)",Venango 2020-03,17TPF624593,6.5,106518,95.94998028502224
"PA WesternPA 2019 D20  (Venango, QL2)",Venango 2020-03,17TPF624593,7.5,107812,96.08948911067414
"PA WesternPA 2019 D20  (Venango, QL2)",Venango 2020-03,17TPF624593,8.5,107132,96.37829966769966
"PA WesternPA 2019 D20  (Venango, QL2)",Venango 2020-03,17TPF624593,9.5,107449,96.55185250677066
"PA WesternPA 2019 D20  (Venango, QL2)",Venango 2020-03,17TPF624593,10.5,107777,96.46399510099558
"PA WesternPA 2019 D20  (Venango, QL2)",Venango 2020-03,17TPF624593,11.5,107109,96.9190264123463
"PA WesternPA 2019 D20  (Venango, QL2)",Venango 2020-03,17TPF624593,12.5,107559,96.85010087486867
"PA WesternPA 2019 D20  (Venango, QL2)",Venango 2020-03,17TPF624593,13.5,107592,94.25793739311472
"PA WesternPA 2019 D20  (Venango, QL2)",Venango 2020-03,17TPF624593,14.5,107943,91.23982101664768
"PA WesternPA 2019 D20  (Venango, QL2)",Venango 2020-03,17TPF624593,15.5,112051,86.45884463324735
"PA WesternPA 2019 D20  (Venango, QL2)",Venango 2020-03,17TPF624593,16.5,119506,85.21915217645976
"PA WesternPA 2019 D20  (Venango, QL2)",Venango 2020-03,17TPF624593,17.5,138410,84.51845964886931
"PA WesternPA 2019 D20  (Venango, QL2)",Venango 2020-03,17TPF624593,18.5,226822,0.0
"PA WesternPA 2019 D20  (Venango, QL2)",Venango 2020-03,17TPF624593,19.5,99704,0.0
"PA WesternPA 2019 D20  (Venango, QL2)",Venango 2020-03,17TPF624591,0.5,101108,97.62036634094235
"PA WesternPA 2019 D20  (Venango, QL2)",Venango 2020-03,17TPF624591,1.5,132607,97.5363291530613
"PA WesternPA 2019 D20  (Venango, QL2)",Venango 2020-03,17TPF624591,2.5,109675,97.72236152268064
"PA WesternPA 2019 D20  (Venango, QL2)",Venango 2020-03,17TPF624591,3.5,91167,98.13967773426788
"PA WesternPA 2019 D20  (Venango, QL2)",Venango 2020-03,17TPF624591,4.5,90257,98.13754057857008
"PA WesternPA 2019 D20  (Venango, QL2)",Venango 2020-03,17TPF624591,5.5,86851,98.1911549665519
"PA WesternPA 2019 D20  (Venango, QL2)",Venango 2020-03,17TPF624591,6.5,86251,97.7890111418998
"PA WesternPA 2019 D20  (Venango, QL2)",Venango 2020-03,17TPF624591,7.5,86134,97.65946084008638
"PA WesternPA 2019 D20  (Venango, QL2)",Venango 2020-03,17TPF624591,8.5,86503,97.6682889610765
"PA WesternPA 2019 D20  (Venango, QL2)",Venango 2020-03,17TPF624591,9.5,88278,97.24166836584428
"PA WesternPA 2019 D20  (Venango, QL2)",Venango 2020-03,17TPF624591,10.5,88036,96.63319551092737
"PA WesternPA 2019 D20  (Venango, QL2)",Venango 2020-03,17TPF624591,11.5,87834,96.21672700776465
"PA WesternPA 2019 D20  (Venango, QL2)",Venango 2020-03,17TPF624591,12.5,88809,96.50936278980734
"PA WesternPA 2019 D20  (Venango, QL2)",Venango 2020-03,17TPF624591,13.5,87039,93.06977332000598
"PA WesternPA 2019 D20  (Venango, QL2)",Venango 2020-03,17TPF624591,14.5,87945,89.50252999033486
"PA WesternPA 2019 D20  (Venango, QL2)",Venango 2020-03,17TPF624591,15.5,93419,87.77978783759193
"PA WesternPA 2019 D20  (Venango, QL2)",Venango 2020-03,17TPF624591,16.5,104148,86.84564273917886
"PA WesternPA 2019 D20  (Venango, QL2)",Venango 2020-03,17TPF624591,17.5,130786,87.43214105485296
"PA WesternPA 2019 D20  (Venango, QL2)",Venango 2020-03,17TPF624591,18.5,200174,0.0
"PA WesternPA 2019 D20  (Venango, QL2)",Venango 2020-03,17TPF624591,19.5,23608,0.0
"PA WesternPA 2019 D20  (Venango, QL2)",Venango 2020-03,17TPF624596,0.5,209884,98.90606239637133
"PA WesternPA 2019 D20  (Venango, QL2)",Venango 2020-03,17TPF624596,1.5,141426,99.05109385827215
"PA WesternPA 2019 D20  (Venango, QL2)",Venango 2020-03,17TPF624596,2.5,107916,98.86763779235702
"PA WesternPA 2019 D20  (Venango, QL2)",Venango 2020-03,17TPF624596,3.5,108521,98.61685756673825
"PA WesternPA 2019 D20  (Venango, QL2)",Venango 2020-03,17TPF624596,4.5,109187,98.86891296582928
"PA WesternPA 2019 D20  (Venango, QL2)",Venango 2020-03,17TPF624596,5.5,108841,98.86256098345292
"PA WesternPA 2019 D20  (Venango, QL2)",Venango 2020-03,17TPF624596,6.5,109509,98.85123597147266
"PA WesternPA 2019 D20  (Venango, QL2)",Venango 2020-03,17TPF624596,7.5,109553,98.65818371016768
"PA WesternPA 2019 D20  (Venango, QL2)",Venango 2020-03,17TPF624596,8.5,108664,98.57450489582568
"PA WesternPA 2019 D20  (Venango, QL2)",Venango 2020-03,17TPF624596,9.5,109130,98.88756528910474
"PA WesternPA 2019 D20  (Venango, QL2)",Venango 2020-03,17TPF624596,10.5,108194,98.9075179769673
"PA WesternPA 2019 D20  (Venango, QL2)",Venango 2020-03,17TPF624596,11.5,106961,98.80704181898076
"PA WesternPA 2019 D20  (Venango, QL2)",Venango 2020-03,17TPF624596,12.5,107884,99.039709317415
"PA WesternPA 2019 D20  (Venango, QL2)",Venango 2020-03,17TPF624596,13.5,109829,98.77172695736098
"PA WesternPA 2019 D20  (Venango, QL2)",Venango 2020-03,17TPF624596,14.5,111040,93.95082853025936
"PA WesternPA 2019 D20  (Venango, QL2)",Venango 2020-03,17TPF624596,15.5,114972,90.36461051386424
"PA WesternPA 2019 D20  (Venango, QL2)",Venango 2020-03,17TPF624596,16.5,122649,90.91472413146458
"PA WesternPA 2019 D20  (Venango, QL2)",Venango 2020-03,17TPF624596,17.5,139541,90.6393103102314
"PA WesternPA 2019 D20  (Venango, QL2)",Venango 2020-03,17TPF624596,18.5,194630,0.0
"PA WesternPA 2019 D20  (Venango, QL2)",Venango 2020-03,17TPF624596,19.5,209444,0.0
"PA WesternPA 2019 D20  (Venango, QL2)",Venango 2020-03,17TPF624594,0.5,199622,98.758152908998
"PA WesternPA 2019 D20  (Venango, QL2)",Venango 2020-03,17TPF624594,1.5,147177,98.45016544704676
"PA WesternPA 2019 D20  (Venango, QL2)",Venango 2020-03,17TPF624594,2.5,106435,98.59820547752147
"PA WesternPA 2019 D20  (Venango, QL2)",Venango 2020-03,17TPF624594,3.5,106028,98.45889764967744
"PA WesternPA 2019 D20  (Venango, QL2)",Venango 2020-03,17TPF624594,4.5,105154,98.46225535880708
"PA WesternPA 2019 D20  (Venango, QL2)",Venango 2020-03,17TPF624594,5.5,103119,98.63846623803568
"PA WesternPA 2019 D20  (Venango, QL2)",Venango 2020-03,17TPF624594,6.5,104437,98.25732259639784
"PA WesternPA 2019 D20  (Venango, QL2)",Venango 2020-03,17TPF624594,7.5,104830,98.24763903462748
"PA WesternPA 2019 D20  (Venango, QL2)",Venango 2020-03,17TPF624594,8.5,104478,97.95267903290646
"PA WesternPA 2019 D20  (Venango, QL2)",Venango 2020-03,17TPF624594,9.5,105957,97.59713846182886
"PA WesternPA 2019 D20  (Venango, QL2)",Venango 2020-03,17TPF624594,10.5,105535,97.65764912114464
"PA WesternPA 2019 D20  (Venango, QL2)",Venango 2020-03,17TPF624594,11.5,104372,97.72831793967732
"PA WesternPA 2019 D20  (Venango, QL2)",Venango 2020-03,17TPF624594,12.5,105770,97.97768743500048
"PA WesternPA 2019 D20  (Venango, QL2)",Venango 2020-03,17TPF624594,13.5,106138,97.201756204187
"PA WesternPA 2019 D20  (Venango, QL2)",Venango 2020-03,17TPF624594,14.5,106351,91.3428176509859
"PA WesternPA 2019 D20  (Venango, QL2)",Venango 2020-03,17TPF624594,15.5,110581,89.95487470722819
"PA WesternPA 2019 D20  (Venango, QL2)",Venango 2020-03,17TPF624594,16.5,119320,89.6371102916527
"PA WesternPA 2019 D20  (Venango, QL2)",Venango 2020-03,17TPF624594,17.5,138189,88.96728393721642
"PA WesternPA 2019 D20  (Venango, QL2)",Venango 2020-03,17TPF624594,18.5,208605,0.0
"PA WesternPA 2019 D20  (Venango, QL2)",Venango 2020-03,17TPF624594,19.5,172370,0.0
"PA WesternPA 2019 D20  (Venango, QL2)",Venango 2020-03,17TPF624597,0.5,178177,98.96956397290336
"PA WesternPA 2019 D20  (Venango, QL2)",Venango 2020-03,17TPF624597,1.5,150835,98.84708456260152
"PA WesternPA 2019 D20  (Venango, QL2)",Venango 2020-03,17TPF624597,2.5,110438,99.11443524873684
"PA WesternPA 2019 D20  (Venango, QL2)",Venango 2020-03,17TPF624597,3.5,111486,99.0725292861884
"PA WesternPA 2019 D20  (Venango, QL2)",Venango 2020-03,17TPF624597,4.5,111667,98.99522687991976
"PA WesternPA 2019 D20  (Venango, QL2)",Venango 2020-03,17TPF624597,5.5,110778,98.8887685280471
"PA WesternPA 2019 D20  (Venango, QL2)",Venango 2020-03,17TPF624597,6.5,111555,98.75397785845549
"PA WesternPA 2019 D20  (Venango, QL2)",Venango 2020-03,17TPF624597,7.5,111364,98.2435975719263
"PA WesternPA 2019 D20  (Venango, QL2)",Venango 2020-03,17TPF624597,8.5,109939,98.07438670535478
"PA WesternPA 2019 D20  (Venango, QL2)",Venango 2020-03,17TPF624597,9.5,110653,97.51656078009634
"PA WesternPA 2019 D20  (Venango, QL2)",Venango 2020-03,17TPF624597,10.5,108788,97.198220391955
"PA WesternPA 2019 D20  (Venango, QL2)",Venango 2020-03,17TPF624597,11.5,107837,97.2031862904198
"PA WesternPA 2019 D20  (Venango, QL2)",Venango 2020-03,17TPF624597,12.5,107017,97.49385611631796
"PA WesternPA 2019 D20  (Venango, QL2)",Venango 2020-03,17TPF624597,13.5,106858,97.85509741900464
"PA WesternPA 2019 D20  (Venango, QL2)",Venango 2020-03,17TPF624597,14.5,106006,93.25509876799426
"PA WesternPA 2019 D20  (Venango, QL2)",Venango 2020-03,17TPF624597,15.5,110360,91.21602029720913
"PA WesternPA 2019 D20  (Venango, QL2)",Venango 2020-03,17TPF624597,16.5,117739,90.83566193020155
"PA WesternPA 2019 D20  (Venango, QL2)",Venango 2020-03,17TPF624597,17.5,132038,90.03923113043216
"PA WesternPA 2019 D20  (Venango, QL2)",Venango 2020-03,17TPF624597,18.5,191530,0.0
"PA WesternPA 2019 D20  (Venango, QL2)",Venango 2020-03,17TPF624597,19.5,187790,0.0
"PA WesternPA 2019 D20  (Venango, QL2)",Venango 2020-03,17TPF624599,0.5,126762,99.44699515627713
"PA WesternPA 2019 D20  (Venango, QL2)",Venango 2020-03,17TPF624599,1.5,159344,99.22745757606184
"PA WesternPA 2019 D20  (Venango, QL2)",Venango 2020-03,17TPF624599,2.5,128979,99.2595693872646
"PA WesternPA 2019 D20  (Venango, QL2)",Venango 2020-03,17TPF624599,3.5,105681,99.29694079352012
"PA WesternPA 2019 D20  (Venango, QL2)",Venango 2020-03,17TPF624599,4.5,105000,99.0447619047619
"PA WesternPA 2019 D20  (Venango, QL2)",Venango 2020-03,17TPF624599,5.5,104211,98.85520722380556
"PA WesternPA 2019 D20  (Venango, QL2)",Venango 2020-03,17TPF624599,6.5,104874,98.50868661441348
"PA WesternPA 2019 D20  (Venango, QL2)",Venango 2020-03,17TPF624599,7.5,104832,98.94784035409036
"PA WesternPA 2019 D20  (Venango, QL2)",Venango 2020-03,17TPF624599,8.5,102450,98.39043435822352
"PA WesternPA 2019 D20  (Venango, QL2)",Venango 2020-03,17TPF624599,9.5,101587,98.43582348135097
"PA WesternPA 2019 D20  (Venango, QL2)",Venango 2020-03,17TPF624599,10.5,102246,98.69139135027288
"PA WesternPA 2019 D20  (Venango, QL2)",Venango 2020-03,17TPF624599,11.5,99988,98.7258471016522
"PA WesternPA 2019 D20  (Venango, QL2)",Venango 2020-03,17TPF624599,12.5,99191,98.51397808268896
"PA WesternPA 2019 D20  (Venango, QL2)",Venango 2020-03,17TPF624599,13.5,102585,98.71716137836916
"PA WesternPA 2019 D20  (Venango, QL2)",Venango 2020-03,17TPF624599,14.5,101799,94.86635428638787
"PA WesternPA 2019 D20  (Venango, QL2)",Venango 2020-03,17TPF624599,15.5,103541,90.02037840082673
"PA WesternPA 2019 D20  (Venango, QL2)",Venango 2020-03,17TPF624599,16.5,114132,91.3906704517576
"PA WesternPA 2019 D20  (Venango, QL2)",Venango 2020-03,17TPF624599,17.5,124419,91.12595343154985
"PA WesternPA 2019 D20  (Venango, QL2)",Venango 2020-03,17TPF624599,18.5,169194,0.0
"PA WesternPA 2019 D20  (Venango, QL2)",Venango 2020-03,17TPF624599,19.5,217421,0.0
"PA WesternPA 2019 D20  (Venango, QL2)",Venango 2020-03,17TPG604602,0.5,70028,99.42308790769408
"PA WesternPA 2019 D20  (Venango, QL2)",Venango 2020-03,17TPG604602,1.5,56930,99.5819427366942
"PA WesternPA 2019 D20  (Venango, QL2)",Venango 2020-03,17TPG604602,2.5,56538,99.6144186211044
"PA WesternPA 2019 D20  (Venango, QL2)",Venango 2020-03,17TPG604602,3.5,57489,99.47642157630156
"PA WesternPA 2019 D20  (Venango, QL2)",Venango 2020-03,17TPG604602,4.5,57584,99.33662128368992
"PA WesternPA 2019 D20  (Venango, QL2)",Venango 2020-03,17TPG604602,5.5,57180,99.48583420776497
"PA WesternPA 2019 D20  (Venango, QL2)",Venango 2020-03,17TPG604602,6.5,85317,99.31314978257558
"PA WesternPA 2019 D20  (Venango, QL2)",Venango 2020-03,17TPG604602,7.5,167996,98.95414176528011
"PA WesternPA 2019 D20  (Venango, QL2)",Venango 2020-03,17TPG604602,8.5,56723,99.71263861220316
"PA WesternPA 2019 D20  (Venango, QL2)",Venango 2020-03,17TPG604602,9.5,112429,99.18793193926834
"PA WesternPA 2019 D20  (Venango, QL2)",Venango 2020-03,17TPG604602,10.5,167292,98.96886880424648
"PA WesternPA 2019 D20  (Venango, QL2)",Venango 2020-03,17TPG604602,11.5,56514,99.84428637151856
"PA WesternPA 2019 D20  (Venango, QL2)",Venango 2020-03,17TPG604602,12.5,110731,99.06169004163242
"PA WesternPA 2019 D20  (Venango, QL2)",Venango 2020-03,17TPG604602,13.5,164434,99.2683994794264
"PA WesternPA 2019 D20  (Venango, QL2)",Venango 2020-03,17TPG604602,14.5,8566,99.77819285547514
"PA WesternPA 2019 D20  (Venango, QL2)",Venango 2020-03,17TPG604602,15.5,55402,99.0650157034042
"PA WesternPA 2019 D20  (Venango, QL2)",Venango 2020-03,17TPG604602,16.5,110423,99.06903453084956
"PA WesternPA 2019 D20  (Venango, QL2)",Venango 2020-03,17TPG604602,18.5,81927,66.7252554103043
"PA WesternPA 2019 D20  (Venango, QL2)",Venango 2020-03,17TPG604602,19.5,259116,53.03995121875917
"PA WesternPA 2019 D20  (Venango, QL2)",Venango 2020-03,17TPG604602,21.5,102959,98.81409104595032
"PA WesternPA 2019 D20  (Venango, QL2)",Venango 2020-03,17TPG604602,22.5,205722,98.74782473435025
"PA WesternPA 2019 D20  (Venango, QL2)",Venango 2020-03,17TPG604602,24.5,102445,81.82634584411147
"PA WesternPA 2019 D20  (Venango, QL2)",Venango 2020-03,17TPG604602,25.5,202427,66.58844916933018
"PA WesternPA 2019 D20  (Venango, QL2)",Venango 2020-03,17TPG604602,27.5,99433,68.96704313457303
"PA WesternPA 2019 D20  (Venango, QL2)",Venango 2020-03,17TPG604602,28.5,86528,67.84277921597634
"PA WesternPA 2019 D20  (Venango, QL2)",Venango 2020-03,17TPG604600,0.5,72987,99.29302478523572
"PA WesternPA 2019 D20  (Venango, QL2)",Venango 2020-03,17TPG604600,1.5,52821,99.30141421025728
"PA WesternPA 2019 D20  (Venango, QL2)",Venango 2020-03,17TPG604600,2.5,52724,99.06494196191488
"PA WesternPA 2019 D20  (Venango, QL2)",Venango 2020-03,17TPG604600,3.5,52584,98.98067853339418
"PA WesternPA 2019 D20  (Venango, QL2)",Venango 2020-03,17TPG604600,4.5,52853,99.18074659905776
"PA WesternPA 2019 D20  (Venango, QL2)",Venango 2020-03,17TPG604600,5.5,52714,99.315172439959
"PA WesternPA 2019 D20  (Venango, QL2)",Venango 2020-03,17TPG604600,6.5,71667,99.08465542020734
"PA WesternPA 2019 D20  (Venango, QL2)",Venango 2020-03,17TPG604600,7.5,162994,98.62019460839048
"PA WesternPA 2019 D20  (Venango, QL2)",Venango 2020-03,17TPG604600,8.5,53113,99.58955434639354
"PA WesternPA 2019 D20  (Venango, QL2)",Venango 2020-03,17TPG604600,9.5,108264,98.73365107514964
"PA WesternPA 2019 D20  (Venango, QL2)",Venango 2020-03,17TPG604600,10.5,162552,98.52662532604953
"PA WesternPA 2019 D20  (Venango, QL2)",Venango 2020-03,17TPG604600,11.5,53313,98.96835668598654
"PA WesternPA 2019 D20  (Venango, QL2)",Venango 2020-03,17TPG604600,12.5,108546,98.66416081661232
"PA WesternPA 2019 D20  (Venango, QL2)",Venango 2020-03,17TPG604600,13.5,150702,98.65230720229329
"PA WesternPA 2019 D20  (Venango, QL2)",Venango 2020-03,17TPG604600,14.5,91,97.8021978021978
"PA WesternPA 2019 D20  (Venango, QL2)",Venango 2020-03,17TPG604600,15.5,54351,98.51336681937777
"PA WesternPA 2019 D20  (Venango, QL2)",Venango 2020-03,17TPG604600,16.5,109379,98.49056948774444
"PA WesternPA 2019 D20  (Venango, QL2)",Venango 2020-03,17TPG604600,18.5,54935,98.08500955674889
"PA WesternPA 2019 D20  (Venango, QL2)",Venango 2020-03,17TPG604600,19.5,225332,76.26568796265066
"PA WesternPA 2019 D20  (Venango, QL2)",Venango 2020-03,17TPG604600,21.5,103910,98.69117505533634
"PA WesternPA 2019 D20  (Venango, QL2)",Venango 2020-03,17TPG604600,22.5,208045,98.87860799346296
"PA WesternPA 2019 D20  (Venango, QL2)",Venango 2020-03,17TPG604600,24.5,103167,78.74029486172904
"PA WesternPA 2019 D20  (Venango, QL2)",Venango 2020-03,17TPG604600,25.5,204582,68.02553499330341
"PA WesternPA 2019 D20  (Venango, QL2)",Venango 2020-03,17TPG604600,27.5,101094,66.44113399410449
"PA WesternPA 2019 D20  (Venango, QL2)",Venango 2020-03,17TPG604600,28.5,116343,64.43275487137173
"PA WesternPA 2019 D20  (Venango, QL2)",Venango 2020-03,17TPG604606,0.5,146706,99.83436260275651
"PA WesternPA 2019 D20  (Venango, QL2)",Venango 2020-03,17TPG604606,1.5,136510,99.87180426342393
"PA WesternPA 2019 D20  (Venango, QL2)",Venango 2020-03,17TPG604606,2.5,116981,99.85382241560596
"PA WesternPA 2019 D20  (Venango, QL2)",Venango 2020-03,17TPG604606,3.5,114985,99.82084619733008
"PA WesternPA 2019 D20  (Venango, QL2)",Venango 2020-03,17TPG604606,4.5,112704,99.78084185122088
"PA WesternPA 2019 D20  (Venango, QL2)",Venango 2020-03,17TPG604606,5.5,98412,99.73174003170344
"PA WesternPA 2019 D20  (Venango, QL2)",Venango 2020-03,17TPG604606,6.5,91999,99.6641267839868
"PA WesternPA 2019 D20  (Venango, QL2)",Venango 2020-03,17TPG604606,7.5,106833,99.45709659000497
"PA WesternPA 2019 D20  (Venango, QL2)",Venango 2020-03,17TPG604606,8.5,82092,99.79656970228524
"PA WesternPA 2019 D20  (Venango, QL2)",Venango 2020-03,17TPG604606,9.5,97302,99.48408049166513
"PA WesternPA 2019 D20  (Venango, QL2)",Venango 2020-03,17TPG604606,10.5,119915,99.45127798857524
"PA WesternPA 2019 D20  (Venango, QL2)",Venango 2020-03,17TPG604606,11.5,80314,99.6812510894738
"PA WesternPA 2019 D20  (Venango, QL2)",Venango 2020-03,17TPG604606,12.5,90623,99.59833596327644
"PA WesternPA 2019 D20  (Venango, QL2)",Venango 2020-03,17TPG604606,13.5,107821,99.26081190120662
"PA WesternPA 2019 D20  (Venango, QL2)",Venango 2020-03,17TPG604606,14.5,57143,97.05125737185656
"PA WesternPA 2019 D20  (Venango, QL2)",Venango 2020-03,17TPG604606,15.5,58323,95.55749875692266
"PA WesternPA 2019 D20  (Venango, QL2)",Venango 2020-03,17TPG604606,16.5,56644,99.82169338323564
"PA WesternPA 2019 D20  (Venango, QL2)",Venango 2020-03,17TPG604606,17.5,55279,93.48939018433762
"PA WesternPA 2019 D20  (Venango, QL2)",Venango 2020-03,17TPG604606,18.5,114890,25.329445556619373
"PA WesternPA 2019 D20  (Venango, QL2)",Venango 2020-03,17TPG604606,19.5,191310,31.85039987454916
"PA WesternPA 2019 D20  (Venango, QL2)",Venango 2020-03,17TPG604606,21.5,43573,98.91217038074038
"PA WesternPA 2019 D20  (Venango, QL2)",Venango 2020-03,17TPG604606,22.5,113599,99.369712761556
"PA WesternPA 2019 D20  (Venango, QL2)",Venango 2020-03,17TPG604606,24.5,56746,86.81140520917774
"PA WesternPA 2019 D20  (Venango, QL2)",Venango 2020-03,17TPG604606,25.5,113038,71.24152939719386
"PA WesternPA 2019 D20  (Venango, QL2)",Venango 2020-03,17TPG604606,27.5,36424,70.72534592576322
"PA WesternPA 2019 D20  (Venango, QL2)",Venango 2020-03,17TPG604606,28.5,34494,77.04818229257262
"PA WesternPA 2019 D20  (Venango, QL2)",Venango 2020-03,17TPG604606,30.5,259,67.18146718146718
"PA WesternPA 2019 D20  (Venango, QL2)",Venango 2020-03,17TPG604605,0.5,8661,99.65361967440248
"PA WesternPA 2019 D20  (Venango, QL2)",Venango 2020-03,17TPG604605,1.5,53252,99.57748065800344
"PA WesternPA 2019 D20  (Venango, QL2)",Venango 2020-03,17TPG604605,2.5,55527,99.7316620743062
"PA WesternPA 2019 D20  (Venango, QL2)",Venango 2020-03,17TPG604605,3.5,55403,99.61193437178493
"PA WesternPA 2019 D20  (Venango, QL2)",Venango 2020-03,17TPG604605,4.5,82902,99.41859062507538
"PA WesternPA 2019 D20  (Venango, QL2)",Venango 2020-03,17TPG604605,5.5,55370,99.79411233519956
"PA WesternPA 2019 D20  (Venango, QL2)",Venango 2020-03,17TPG604605,6.5,110483,99.13923409031251
"PA WesternPA 2019 D20  (Venango, QL2)",Venango 2020-03,17TPG604605,7.5,166212,99.0512117055327
"PA WesternPA 2019 D20  (Venango, QL2)",Venango 2020-03,17TPG604605,8.5,55542,99.5624932483526
"PA WesternPA 2019 D20  (Venango, QL2)",Venango 2020-03,17TPG604605,9.5,111080,99.20957868203097
"PA WesternPA 2019 D20  (Venango, QL2)",Venango 2020-03,17TPG604605,10.5,163822,98.99097801272111
"PA WesternPA 2019 D20  (Venango, QL2)",Venango 2020-03,17TPG604605,11.5,55432,99.62656949054698
"PA WesternPA 2019 D20  (Venango, QL2)",Venango 2020-03,17TPG604605,12.5,110348,99.40189219559936
"PA WesternPA 2019 D20  (Venango, QL2)",Venango 2020-03,17TPG604605,13.5,166768,99.30382327544854
"PA WesternPA 2019 D20  (Venango, QL2)",Venango 2020-03,17TPG604605,14.5,52008,95.41993539455468
"PA WesternPA 2019 D20  (Venango, QL2)",Venango 2020-03,17TPG604605,15.5,65337,97.91848416670491
"PA WesternPA 2019 D20  (Venango, QL2)",Venango 2020-03,17TPG604605,16.5,110589,99.284738988507
"PA WesternPA 2019 D20  (Venango, QL2)",Venango 2020-03,17TPG604605,17.5,42770,93.5796118774842
"PA WesternPA 2019 D20  (Venango, QL2)",Venango 2020-03,17TPG604605,18.5,146669,37.47076751051688
"PA WesternPA 2019 D20  (Venango, QL2)",Venango 2020-03,17TPG604605,19.5,228807,47.33028272736411
"PA WesternPA 2019 D20  (Venango, QL2)",Venango 2020-03,17TPG604605,21.5,93017,99.33130503026328
"PA WesternPA 2019 D20  (Venango, QL2)",Venango 2020-03,17TPG604605,22.5,199257,99.5924860858088
"PA WesternPA 2019 D20  (Venango, QL2)",Venango 2020-03,17TPG604605,24.5,98779,85.98285060589802
"PA WesternPA 2019 D20  (Venango, QL2)",Venango 2020-03,17TPG604605,25.5,198332,74.82705766089184
"PA WesternPA 2019 D20  (Venango, QL2)",Venango 2020-03,17TPG604605,27.5,70514,73.46058938650481
"PA WesternPA 2019 D20  (Venango, QL2)",Venango 2020-03,17TPG604605,28.5,67428,70.42030017203535
"PA WesternPA 2019 D20  (Venango, QL2)",Venango 2020-03,17TPG604608,0.5,221648,99.6656861329676
"PA WesternPA 2019 D20  (Venango, QL2)",Venango 2020-03,17TPG604608,1.5,220913,99.62609715136728
"PA WesternPA 2019 D20  (Venango, QL2)",Venango 2020-03,17TPG604608,2.5,204950,99.4720663576482
"PA WesternPA 2019 D20  (Venango, QL2)",Venango 2020-03,17TPG604608,3.5,192149,99.47436624702704
"PA WesternPA 2019 D20  (Venango, QL2)",Venango 2020-03,17TPG604608,4.5,176978,99.5055882652081
"PA WesternPA 2019 D20  (Venango, QL2)",Venango 2020-03,17TPG604608,5.5,129218,99.27641659830674
"PA WesternPA 2019 D20  (Venango, QL2)",Venango 2020-03,17TPG604608,6.5,113987,98.9612850588225
"PA WesternPA 2019 D20  (Venango, QL2)",Venango 2020-03,17TPG604608,7.5,113971,98.91288134700932
"PA WesternPA 2019 D20  (Venango, QL2)",Venango 2020-03,17TPG604608,8.5,111100,98.71557155715573
"PA WesternPA 2019 D20  (Venango, QL2)",Venango 2020-03,17TPG604608,9.5,95531,98.77945378986924
"PA WesternPA 2019 D20  (Venango, QL2)",Venango 2020-03,17TPG604608,10.5,78100,98.83994878361077
"PA WesternPA 2019 D20  (Venango, QL2)",Venango 2020-03,17TPG604608,11.5,60799,98.61017450944917
"PA WesternPA 2019 D20  (Venango, QL2)",Venango 2020-03,17TPG604608,12.5,45210,98.11767308117672
"PA WesternPA 2019 D20  (Venango, QL2)",Venango 2020-03,17TPG604608,13.5,46468,97.1249031591633
"PA WesternPA 2019 D20  (Venango, QL2)",Venango 2020-03,17TPG604608,14.5,49132,89.25954571358788
"PA WesternPA 2019 D20  (Venango, QL2)",Venango 2020-03,17TPG604608,15.5,35566,88.59866164314234
"PA WesternPA 2019 D20  (Venango, QL2)",Venango 2020-03,17TPG604608,16.5,39420,88.61491628614915
"PA WesternPA 2019 D20  (Venango, QL2)",Venango 2020-03,17TPG604608,17.5,61092,88.3585412165259
"PA WesternPA 2019 D20  (Venango, QL2)",Venango 2020-03,17TPG604608,18.5,77797,0.0
"PA WesternPA 2019 D20  (Venango, QL2)",Venango 2020-03,17TPG604608,19.5,80317,0.0
"PA WesternPA 2019 D20  (Venango, QL2)",Venango 2020-03,17TPG604603,0.5,32286,99.2194759338413
"PA WesternPA 2019 D20  (Venango, QL2)",Venango 2020-03,17TPG604603,1.5,57039,99.43547397394764
"PA WesternPA 2019 D20  (Venango, QL2)",Venango 2020-03,17TPG604603,2.5,56476,99.5112968340534
"PA WesternPA 2019 D20  (Venango, QL2)",Venango 2020-03,17TPG604603,3.5,56056,99.54688168973884
"PA WesternPA 2019 D20  (Venango, QL2)",Venango 2020-03,17TPG604603,4.5,58735,99.39899548820976
"PA WesternPA 2019 D20  (Venango, QL2)",Venango 2020-03,17TPG604603,5.5,56030,99.34142423701589
"PA WesternPA 2019 D20  (Venango, QL2)",Venango 2020-03,17TPG604603,6.5,96640,98.8959023178808
"PA WesternPA 2019 D20  (Venango, QL2)",Venango 2020-03,17TPG604603,7.5,162959,98.68617259556083
"PA WesternPA 2019 D20  (Venango, QL2)",Venango 2020-03,17TPG604603,8.5,56685,99.21319573079298
"PA WesternPA 2019 D20  (Venango, QL2)",Venango 2020-03,17TPG604603,9.5,106994,98.98592444436136
"PA WesternPA 2019 D20  (Venango, QL2)",Venango 2020-03,17TPG604603,10.5,158522,98.75474697518328
"PA WesternPA 2019 D20  (Venango, QL2)",Venango 2020-03,17TPG604603,11.5,56988,99.12788657261176
"PA WesternPA 2019 D20  (Venango, QL2)",Venango 2020-03,17TPG604603,12.5,107439,98.85423356509276
"PA WesternPA 2019 D20  (Venango, QL2)",Venango 2020-03,17TPG604603,13.5,162443,98.69985164026768
"PA WesternPA 2019 D20  (Venango, QL2)",Venango 2020-03,17TPG604603,14.5,30561,97.09433591832727
"PA WesternPA 2019 D20  (Venango, QL2)",Venango 2020-03,17TPG604603,15.5,53178,98.3094512768438
"PA WesternPA 2019 D20  (Venango, QL2)",Venango 2020-03,17TPG604603,16.5,109174,98.35491966951838
"PA WesternPA 2019 D20  (Venango, QL2)",Venango 2020-03,17TPG604603,17.5,10059,92.61357987871558
"PA WesternPA 2019 D20  (Venango, QL2)",Venango 2020-03,17TPG604603,18.5,152813,35.22933258296088
"PA WesternPA 2019 D20  (Venango, QL2)",Venango 2020-03,17TPG604603,19.5,224941,52.09943940855602
"PA WesternPA 2019 D20  (Venango, QL2)",Venango 2020-03,17TPG604603,21.5,94459,98.51681681999598
"PA WesternPA 2019 D20  (Venango, QL2)",Venango 2020-03,17TPG604603,22.5,181902,98.49589339314576
"PA WesternPA 2019 D20  (Venango, QL2)",Venango 2020-03,17TPG604603,24.5,89678,76.44349784785565
"PA WesternPA 2019 D20  (Venango, QL2)",Venango 2020-03,17TPG604603,25.5,180328,62.79390887715718
"PA WesternPA 2019 D20  (Venango, QL2)",Venango 2020-03,17TPG604603,27.5,82092,63.52628757978853
"PA WesternPA 2019 D20  (Venango, QL2)",Venango 2020-03,17TPG604603,28.5,77393,65.145426588968
"PA WesternPA 2019 D20  (Venango, QL2)",Venango 2020-03,17TPG606600,0.5,106699,99.51545937637654
"PA WesternPA 2019 D20  (Venango, QL2)",Venango 2020-03,17TPG606600,1.5,107110,99.5649332461955
"PA WesternPA 2019 D20  (Venango, QL2)",Venango 2020-03,17TPG606600,2.5,106491,99.5849414504512
"PA WesternPA 2019 D20  (Venango, QL2)",Venango 2020-03,17TPG606600,3.5,107410,99.6713527604506
"PA WesternPA 2019 D20  (Venango, QL2)",Venango 2020-03,17TPG606600,4.5,107642,99.60703071291876
"PA WesternPA 2019 D20  (Venango, QL2)",Venango 2020-03,17TPG606600,5.5,106873,99.62853106023036
"PA WesternPA 2019 D20  (Venango, QL2)",Venango 2020-03,17TPG606600,6.5,107491,99.5199598105888
"PA WesternPA 2019 D20  (Venango, QL2)",Venango 2020-03,17TPG606600,7.5,107647,99.3608739676907
"PA WesternPA 2019 D20  (Venango, QL2)",Venango 2020-03,17TPG606600,8.5,106683,99.30166943186823
"PA WesternPA 2019 D20  (Venango, QL2)",Venango 2020-03,17TPG606600,9.5,107477,99.486401741768
"PA WesternPA 2019 D20  (Venango, QL2)",Venango 2020-03,17TPG606600,10.5,107350,99.39636702375408
"PA WesternPA 2019 D20  (Venango, QL2)",Venango 2020-03,17TPG606600,11.5,106428,99.09986093885068
"PA WesternPA 2019 D20  (Venango, QL2)",Venango 2020-03,17TPG606600,12.5,106457,99.01086823788008
"PA WesternPA 2019 D20  (Venango, QL2)",Venango 2020-03,17TPG606600,13.5,120617,98.95868741553844
"PA WesternPA 2019 D20  (Venango, QL2)",Venango 2020-03,17TPG606600,14.5,159111,98.17108810830176
"PA WesternPA 2019 D20  (Venango, QL2)",Venango 2020-03,17TPG606600,15.5,122276,93.11475677974418
"PA WesternPA 2019 D20  (Venango, QL2)",Venango 2020-03,17TPG606600,16.5,119019,91.8508809517808
"PA WesternPA 2019 D20  (Venango, QL2)",Venango 2020-03,17TPG606600,17.5,173293,91.81963495351802
"PA WesternPA 2019 D20  (Venango, QL2)",Venango 2020-03,17TPG606600,18.5,287282,0.0
"PA WesternPA 2019 D20  (Venango, QL2)",Venango 2020-03,17TPG606600,19.5,264537,0.0
"PA WesternPA 2019 D20  (Venango, QL2)",Venango 2020-03,17TPG606603,0.5,111751,99.58747572728656
"PA WesternPA 2019 D20  (Venango, QL2)",Venango 2020-03,17TPG606603,1.5,111788,99.55630300211114
"PA WesternPA 2019 D20  (Venango, QL2)",Venango 2020-03,17TPG606603,2.5,111300,99.55345911949684
"PA WesternPA 2019 D20  (Venango, QL2)",Venango 2020-03,17TPG606603,3.5,112225,99.61595010024504
"PA WesternPA 2019 D20  (Venango, QL2)",Venango 2020-03,17TPG606603,4.5,111858,99.67726939512596
"PA WesternPA 2019 D20  (Venango, QL2)",Venango 2020-03,17TPG606603,5.5,111099,99.5139470202252
"PA WesternPA 2019 D20  (Venango, QL2)",Venango 2020-03,17TPG606603,6.5,111978,99.52847880833735
"PA WesternPA 2019 D20  (Venango, QL2)",Venango 2020-03,17TPG606603,7.5,112139,99.49883626570596
"PA WesternPA 2019 D20  (Venango, QL2)",Venango 2020-03,17TPG606603,8.5,111438,99.44094474057324
"PA WesternPA 2019 D20  (Venango, QL2)",Venango 2020-03,17TPG606603,9.5,112169,99.34830479009352
"PA WesternPA 2019 D20  (Venango, QL2)",Venango 2020-03,17TPG606603,10.5,112468,99.34381335135328
"PA WesternPA 2019 D20  (Venango, QL2)",Venango 2020-03,17TPG606603,11.5,111544,99.35272179588324
"PA WesternPA 2019 D20  (Venango, QL2)",Venango 2020-03,17TPG606603,12.5,111309,99.2570232416067
"PA WesternPA 2019 D20  (Venango, QL2)",Venango 2020-03,17TPG606603,13.5,113440,99.36618476727786
"PA WesternPA 2019 D20  (Venango, QL2)",Venango 2020-03,17TPG606603,14.5,141498,95.87697352612756
"PA WesternPA 2019 D20  (Venango, QL2)",Venango 2020-03,17TPG606603,15.5,177936,92.1376225159608
"PA WesternPA 2019 D20  (Venango, QL2)",Venango 2020-03,17TPG606603,16.5,201526,91.99458134434266
"PA WesternPA 2019 D20  (Venango, QL2)",Venango 2020-03,17TPG606603,17.5,211161,92.6198493092948
"PA WesternPA 2019 D20  (Venango, QL2)",Venango 2020-03,17TPG606603,18.5,232499,0.0
"PA WesternPA 2019 D20  (Venango, QL2)",Venango 2020-03,17TPG606603,19.5,171716,0.0
"PA WesternPA 2019 D20  (Venango, QL2)",Venango 2020-03,17TPG606602,0.5,108117,99.27948426241942
"PA WesternPA 2019 D20  (Venango, QL2)",Venango 2020-03,17TPG606602,1.5,108566,99.39575926164729
"PA WesternPA 2019 D20  (Venango, QL2)",Venango 2020-03,17TPG606602,2.5,108582,99.60030207585052
"PA WesternPA 2019 D20  (Venango, QL2)",Venango 2020-03,17TPG606602,3.5,109307,99.61576111319496
"PA WesternPA 2019 D20  (Venango, QL2)",Venango 2020-03,17TPG606602,4.5,109274,99.59185167560445
"PA WesternPA 2019 D20  (Venango, QL2)",Venango 2020-03,17TPG606602,5.5,108520,99.6286398820494
"PA WesternPA 2019 D20  (Venango, QL2)",Venango 2020-03,17TPG606602,6.5,109304,99.65143087169729
"PA WesternPA 2019 D20  (Venango, QL2)",Venango 2020-03,17TPG606602,7.5,109353,99.61409380629703
"PA WesternPA 2019 D20  (Venango, QL2)",Venango 2020-03,17TPG606602,8.5,108136,99.55703928386475
"PA WesternPA 2019 D20  (Venango, QL2)",Venango 2020-03,17TPG606602,9.5,109179,99.56585057566016
"PA WesternPA 2019 D20  (Venango, QL2)",Venango 2020-03,17TPG606602,10.5,109547,99.63759847371448
"PA WesternPA 2019 D20  (Venango, QL2)",Venango 2020-03,17TPG606602,11.5,108832,99.68667303734196
"PA WesternPA 2019 D20  (Venango, QL2)",Venango 2020-03,17TPG606602,12.5,109969,99.6744537096818
"PA WesternPA 2019 D20  (Venango, QL2)",Venango 2020-03,17TPG606602,13.5,111441,99.62670830304825
"PA WesternPA 2019 D20  (Venango, QL2)",Venango 2020-03,17TPG606602,14.5,157604,97.88139894926525
"PA WesternPA 2019 D20  (Venango, QL2)",Venango 2020-03,17TPG606602,15.5,160014,93.36370567575337
"PA WesternPA 2019 D20  (Venango, QL2)",Venango 2020-03,17TPG606602,16.5,145897,93.99850579518429
"PA WesternPA 2019 D20  (Venango, QL2)",Venango 2020-03,17TPG606602,17.5,211198,93.86783965757252
"PA WesternPA 2019 D20  (Venango, QL2)",Venango 2020-03,17TPG606602,18.5,278403,0.0
"PA WesternPA 2019 D20  (Venango, QL2)",Venango 2020-03,17TPG606602,19.5,191904,0.0
"PA WesternPA 2019 D20  (Venango, QL2)",Venango 2020-03,17TPG606606,0.5,107242,99.73797579306614
"PA WesternPA 2019 D20  (Venango, QL2)",Venango 2020-03,17TPG606606,1.5,107143,99.7237337016884
"PA WesternPA 2019 D20  (Venango, QL2)",Venango 2020-03,17TPG606606,2.5,107417,99.81474068350448
"PA WesternPA 2019 D20  (Venango, QL2)",Venango 2020-03,17TPG606606,3.5,108200,99.818853974122
"PA WesternPA 2019 D20  (Venango, QL2)",Venango 2020-03,17TPG606606,4.5,108101,99.76873479431272
"PA WesternPA 2019 D20  (Venango, QL2)",Venango 2020-03,17TPG606606,5.5,107538,99.81959865349924
"PA WesternPA 2019 D20  (Venango, QL2)",Venango 2020-03,17TPG606606,6.5,107694,99.67686222073652
"PA WesternPA 2019 D20  (Venango, QL2)",Venango 2020-03,17TPG606606,7.5,106797,99.55804001985076
"PA WesternPA 2019 D20  (Venango, QL2)",Venango 2020-03,17TPG606606,8.5,106604,99.57693895163408
"PA WesternPA 2019 D20  (Venango, QL2)",Venango 2020-03,17TPG606606,9.5,106500,99.65633802816902
"PA WesternPA 2019 D20  (Venango, QL2)",Venango 2020-03,17TPG606606,10.5,105650,99.60530052058684
"PA WesternPA 2019 D20  (Venango, QL2)",Venango 2020-03,17TPG606606,11.5,104790,99.52667239240384
"PA WesternPA 2019 D20  (Venango, QL2)",Venango 2020-03,17TPG606606,12.5,106965,99.38297573972795
"PA WesternPA 2019 D20  (Venango, QL2)",Venango 2020-03,17TPG606606,13.5,107896,99.404055757396
"PA WesternPA 2019 D20  (Venango, QL2)",Venango 2020-03,17TPG606606,14.5,107960,98.14097814005189
"PA WesternPA 2019 D20  (Venango, QL2)",Venango 2020-03,17TPG606606,15.5,176727,93.9765853548128
"PA WesternPA 2019 D20  (Venango, QL2)",Venango 2020-03,17TPG606606,16.5,241726,93.39955155837602
"PA WesternPA 2019 D20  (Venango, QL2)",Venango 2020-03,17TPG606606,17.5,194069,93.15398131592372
"PA WesternPA 2019 D20  (Venango, QL2)",Venango 2020-03,17TPG606606,18.5,197722,0.0
"PA WesternPA 2019 D20  (Venango, QL2)",Venango 2020-03,17TPG606606,19.5,221136,0.0
"PA WesternPA 2019 D20  (Venango, QL2)",Venango 2020-03,17TPG606605,0.5,108037,99.78988679804142
"PA WesternPA 2019 D20  (Venango, QL2)",Venango 2020-03,17TPG606605,1.5,107945,99.77488535828432
"PA WesternPA 2019 D20  (Venango, QL2)",Venango 2020-03,17TPG606605,2.5,107492,99.72742157555912
"PA WesternPA 2019 D20  (Venango, QL2)",Venango 2020-03,17TPG606605,3.5,108536,99.74017837399572
"PA WesternPA 2019 D20  (Venango, QL2)",Venango 2020-03,17TPG606605,4.5,108053,99.73809149213812
"PA WesternPA 2019 D20  (Venango, QL2)",Venango 2020-03,17TPG606605,5.5,107527,99.71542031303764
"PA WesternPA 2019 D20  (Venango, QL2)",Venango 2020-03,17TPG606605,6.5,108375,99.71672433679352
"PA WesternPA 2019 D20  (Venango, QL2)",Venango 2020-03,17TPG606605,7.5,108076,99.72149228320812
"PA WesternPA 2019 D20  (Venango, QL2)",Venango 2020-03,17TPG606605,8.5,107910,99.74793809656197
"PA WesternPA 2019 D20  (Venango, QL2)",Venango 2020-03,17TPG606605,9.5,108561,99.72826337266606
"PA WesternPA 2019 D20  (Venango, QL2)",Venango 2020-03,17TPG606605,10.5,108880,99.62252020573108
"PA WesternPA 2019 D20  (Venango, QL2)",Venango 2020-03,17TPG606605,11.5,107805,99.57794165391216
"PA WesternPA 2019 D20  (Venango, QL2)",Venango 2020-03,17TPG606605,12.5,108673,99.58683389618398
"PA WesternPA 2019 D20  (Venango, QL2)",Venango 2020-03,17TPG606605,13.5,108848,99.39824342201968
"PA WesternPA 2019 D20  (Venango, QL2)",Venango 2020-03,17TPG606605,14.5,114173,96.27144771530922
"PA WesternPA 2019 D20  (Venango, QL2)",Venango 2020-03,17TPG606605,15.5,178625,92.6667599720084
"PA WesternPA 2019 D20  (Venango, QL2)",Venango 2020-03,17TPG606605,16.5,239116,92.56386021847138
"PA WesternPA 2019 D20  (Venango, QL2)",Venango 2020-03,17TPG606605,17.5,183224,92.25483561105531
"PA WesternPA 2019 D20  (Venango, QL2)",Venango 2020-03,17TPG606605,18.5,214169,0.0
"PA WesternPA 2019 D20  (Venango, QL2)",Venango 2020-03,17TPG606605,19.5,179716,0.0
"PA WesternPA 2019 D20  (Venango, QL2)",Venango 2020-03,17TPG606608,0.5,103029,99.86120412699336
"PA WesternPA 2019 D20  (Venango, QL2)",Venango 2020-03,17TPG606608,1.5,102760,99.83651226158038
"PA WesternPA 2019 D20  (Venango, QL2)",Venango 2020-03,17TPG606608,2.5,105802,99.80435152454584
"PA WesternPA 2019 D20  (Venango, QL2)",Venango 2020-03,17TPG606608,3.5,109384,99.85738316389966
"PA WesternPA 2019 D20  (Venango, QL2)",Venango 2020-03,17TPG606608,4.5,110081,99.80559769624186
"PA WesternPA 2019 D20  (Venango, QL2)",Venango 2020-03,17TPG606608,5.5,107652,99.7668413034593
"PA WesternPA 2019 D20  (Venango, QL2)",Venango 2020-03,17TPG606608,6.5,108063,99.7279364814969
"PA WesternPA 2019 D20  (Venango, QL2)",Venango 2020-03,17TPG606608,7.5,108280,99.63705208718136
"PA WesternPA 2019 D20  (Venango, QL2)",Venango 2020-03,17TPG606608,8.5,107999,99.55925517828868
"PA WesternPA 2019 D20  (Venango, QL2)",Venango 2020-03,17TPG606608,9.5,109655,99.3844329943915
"PA WesternPA 2019 D20  (Venango, QL2)",Venango 2020-03,17TPG606608,10.5,109871,99.32375240054245
"PA WesternPA 2019 D20  (Venango, QL2)",Venango 2020-03,17TPG606608,11.5,109445,99.15482662524556
"PA WesternPA 2019 D20  (Venango, QL2)",Venango 2020-03,17TPG606608,12.5,109850,98.99408284023669
"PA WesternPA 2019 D20  (Venango, QL2)",Venango 2020-03,17TPG606608,13.5,109398,98.60509332894569
"PA WesternPA 2019 D20  (Venango, QL2)",Venango 2020-03,17TPG606608,14.5,139272,94.2766672410822
"PA WesternPA 2019 D20  (Venango, QL2)",Venango 2020-03,17TPG606608,15.5,186291,92.0613448851528
"PA WesternPA 2019 D20  (Venango, QL2)",Venango 2020-03,17TPG606608,16.5,198367,91.2742542862472
"PA WesternPA 2019 D20  (Venango, QL2)",Venango 2020-03,17TPG606608,17.5,206120,90.23627013390258
"PA WesternPA 2019 D20  (Venango, QL2)",Venango 2020-03,17TPG606608,18.5,241908,0.0
"PA WesternPA 2019 D20  (Venango, QL2)",Venango 2020-03,17TPG606608,19.5,115831,0.0
"PA WesternPA 2019 D20  (Venango, QL2)",Venango 2020-03,17TPG607603,0.5,111185,99.60786077258624
"PA WesternPA 2019 D20  (Venango, QL2)",Venango 2020-03,17TPG607603,1.5,111629,99.58433740336292
"PA WesternPA 2019 D20  (Venango, QL2)",Venango 2020-03,17TPG607603,2.5,110935,99.47446703024292
"PA WesternPA 2019 D20  (Venango, QL2)",Venango 2020-03,17TPG607603,3.5,110345,99.33209479360188
"PA WesternPA 2019 D20  (Venango, QL2)",Venango 2020-03,17TPG607603,4.5,112984,99.56188486865398
"PA WesternPA 2019 D20  (Venango, QL2)",Venango 2020-03,17TPG607603,5.5,112704,99.69832481544576
"PA WesternPA 2019 D20  (Venango, QL2)",Venango 2020-03,17TPG607603,6.5,113089,99.79396758305406
"PA WesternPA 2019 D20  (Venango, QL2)",Venango 2020-03,17TPG607603,7.5,113010,99.75400407043624
"PA WesternPA 2019 D20  (Venango, QL2)",Venango 2020-03,17TPG607603,8.5,111310,99.72329530141047
"PA WesternPA 2019 D20  (Venango, QL2)",Venango 2020-03,17TPG607603,9.5,112132,99.77080583597905
"PA WesternPA 2019 D20  (Venango, QL2)",Venango 2020-03,17TPG607603,10.5,112295,99.77202903067813
"PA WesternPA 2019 D20  (Venango, QL2)",Venango 2020-03,17TPG607603,11.5,109963,99.76810381673836
"PA WesternPA 2019 D20  (Venango, QL2)",Venango 2020-03,17TPG607603,12.5,112183,99.73525400461746
"PA WesternPA 2019 D20  (Venango, QL2)",Venango 2020-03,17TPG607603,13.5,113551,99.71202367218255
"PA WesternPA 2019 D20  (Venango, QL2)",Venango 2020-03,17TPG607603,14.5,126624,98.5223970179429
"PA WesternPA 2019 D20  (Venango, QL2)",Venango 2020-03,17TPG607603,15.5,173214,94.8964864271941
"PA WesternPA 2019 D20  (Venango, QL2)",Venango 2020-03,17TPG607603,16.5,175951,94.3222829083097
"PA WesternPA 2019 D20  (Venango, QL2)",Venango 2020-03,17TPG607603,17.5,205246,93.57600148114943
"PA WesternPA 2019 D20  (Venango, QL2)",Venango 2020-03,17TPG607603,18.5,199632,0.0
"PA WesternPA 2019 D20  (Venango, QL2)",Venango 2020-03,17TPG607603,19.5,220782,0.0
"PA WesternPA 2019 D20  (Venango, QL2)",Venango 2020-03,17TPG607600,0.5,109114,99.3043972359184
"PA WesternPA 2019 D20  (Venango, QL2)",Venango 2020-03,17TPG607600,1.5,109690,99.44662229920684
"PA WesternPA 2019 D20  (Venango, QL2)",Venango 2020-03,17TPG607600,2.5,109886,99.50676155288208
"PA WesternPA 2019 D20  (Venango, QL2)",Venango 2020-03,17TPG607600,3.5,110581,99.62109223103428
"PA WesternPA 2019 D20  (Venango, QL2)",Venango 2020-03,17TPG607600,4.5,110575,99.604793126837
"PA WesternPA 2019 D20  (Venango, QL2)",Venango 2020-03,17TPG607600,5.5,109512,99.6347432244868
"PA WesternPA 2019 D20  (Venango, QL2)",Venango 2020-03,17TPG607600,6.5,108983,99.51001532349082
"PA WesternPA 2019 D20  (Venango, QL2)",Venango 2020-03,17TPG607600,7.5,107695,99.4307999442871
"PA WesternPA 2019 D20  (Venango, QL2)",Venango 2020-03,17TPG607600,8.5,105994,99.50563239428648
"PA WesternPA 2019 D20  (Venango, QL2)",Venango 2020-03,17TPG607600,9.5,108774,99.41897880008092
"PA WesternPA 2019 D20  (Venango, QL2)",Venango 2020-03,17TPG607600,10.5,108904,99.33703077940204
"PA WesternPA 2019 D20  (Venango, QL2)",Venango 2020-03,17TPG607600,11.5,109276,99.30542845638568
"PA WesternPA 2019 D20  (Venango, QL2)",Venango 2020-03,17TPG607600,12.5,106675,99.29130536676824
"PA WesternPA 2019 D20  (Venango, QL2)",Venango 2020-03,17TPG607600,13.5,109487,99.25013928594262
"PA WesternPA 2019 D20  (Venango, QL2)",Venango 2020-03,17TPG607600,14.5,113670,97.1786751121668
"PA WesternPA 2019 D20  (Venango, QL2)",Venango 2020-03,17TPG607600,15.5,175581,94.05972172387672
"PA WesternPA 2019 D20  (Venango, QL2)",Venango 2020-03,17TPG607600,16.5,228010,93.14196745756766
"PA WesternPA 2019 D20  (Venango, QL2)",Venango 2020-03,17TPG607600,17.5,170937,91.22132715561874
"PA WesternPA 2019 D20  (Venango, QL2)",Venango 2020-03,17TPG607600,18.5,197424,0.0
"PA WesternPA 2019 D20  (Venango, QL2)",Venango 2020-03,17TPG607600,19.5,189934,0.0
"PA WesternPA 2019 D20  (Venango, QL2)",Venango 2020-03,17TPG607602,0.5,108041,99.3150748327024
"PA WesternPA 2019 D20  (Venango, QL2)",Venango 2020-03,17TPG607602,1.5,104853,99.57464259487092
"PA WesternPA 2019 D20  (Venango, QL2)",Venango 2020-03,17TPG607602,2.5,108682,99.61355146206364
"PA WesternPA 2019 D20  (Venango, QL2)",Venango 2020-03,17TPG607602,3.5,109434,99.40968985872765
"PA WesternPA 2019 D20  (Venango, QL2)",Venango 2020-03,17TPG607602,4.5,109263,99.70712867118787
"PA WesternPA 2019 D20  (Venango, QL2)",Venango 2020-03,17TPG607602,5.5,108192,99.80774918663118
"PA WesternPA 2019 D20  (Venango, QL2)",Venango 2020-03,17TPG607602,6.5,109226,99.72808671927928
"PA WesternPA 2019 D20  (Venango, QL2)",Venango 2020-03,17TPG607602,7.5,108147,99.74109314174224
"PA WesternPA 2019 D20  (Venango, QL2)",Venango 2020-03,17TPG607602,8.5,108929,99.79711555233224
"PA WesternPA 2019 D20  (Venango, QL2)",Venango 2020-03,17TPG607602,9.5,110947,99.80441111521718
"PA WesternPA 2019 D20  (Venango, QL2)",Venango 2020-03,17TPG607602,10.5,109940,99.80080043660178
"PA WesternPA 2019 D20  (Venango, QL2)",Venango 2020-03,17TPG607602,11.5,109928,99.73710064769668
"PA WesternPA 2019 D20  (Venango, QL2)",Venango 2020-03,17TPG607602,12.5,112272,99.70250819438506
"PA WesternPA 2019 D20  (Venango, QL2)",Venango 2020-03,17TPG607602,13.5,111841,99.648608292129
"PA WesternPA 2019 D20  (Venango, QL2)",Venango 2020-03,17TPG607602,14.5,109133,98.05924880650215
"PA WesternPA 2019 D20  (Venango, QL2)",Venango 2020-03,17TPG607602,15.5,161537,94.08494648284912
"PA WesternPA 2019 D20  (Venango, QL2)",Venango 2020-03,17TPG607602,16.5,220800,93.23596014492752
"PA WesternPA 2019 D20  (Venango, QL2)",Venango 2020-03,17TPG607602,17.5,167203,92.04619534338498
"PA WesternPA 2019 D20  (Venango, QL2)",Venango 2020-03,17TPG607602,18.5,177202,0.0
"PA WesternPA 2019 D20  (Venango, QL2)",Venango 2020-03,17TPG607602,19.5,241372,0.0
"PA WesternPA 2019 D20  (Venango, QL2)",Venango 2020-03,17TPG607605,0.5,107905,99.56721189935593
"PA WesternPA 2019 D20  (Venango, QL2)",Venango 2020-03,17TPG607605,1.5,107946,99.731347155059
"PA WesternPA 2019 D20  (Venango, QL2)",Venango 2020-03,17TPG607605,2.5,108153,99.7706952188104
"PA WesternPA 2019 D20  (Venango, QL2)",Venango 2020-03,17TPG607605,3.5,108109,99.76967690016558
"PA WesternPA 2019 D20  (Venango, QL2)",Venango 2020-03,17TPG607605,4.5,109082,99.7506463027814
"PA WesternPA 2019 D20  (Venango, QL2)",Venango 2020-03,17TPG607605,5.5,107877,99.72097852183506
"PA WesternPA 2019 D20  (Venango, QL2)",Venango 2020-03,17TPG607605,6.5,108440,99.65234230911103
"PA WesternPA 2019 D20  (Venango, QL2)",Venango 2020-03,17TPG607605,7.5,108568,99.7632819983789
"PA WesternPA 2019 D20  (Venango, QL2)",Venango 2020-03,17TPG607605,8.5,109122,99.68933853851652
"PA WesternPA 2019 D20  (Venango, QL2)",Venango 2020-03,17TPG607605,9.5,109170,99.5667307868462
"PA WesternPA 2019 D20  (Venango, QL2)",Venango 2020-03,17TPG607605,10.5,108251,99.33765046050382
"PA WesternPA 2019 D20  (Venango, QL2)",Venango 2020-03,17TPG607605,11.5,107194,99.38242812097693
"PA WesternPA 2019 D20  (Venango, QL2)",Venango 2020-03,17TPG607605,12.5,107676,99.56257661874513
"PA WesternPA 2019 D20  (Venango, QL2)",Venango 2020-03,17TPG607605,13.5,110558,99.56402974004594
"PA WesternPA 2019 D20  (Venango, QL2)",Venango 2020-03,17TPG607605,14.5,149068,98.4751925295838
"PA WesternPA 2019 D20  (Venango, QL2)",Venango 2020-03,17TPG607605,15.5,151270,94.55080319957692
"PA WesternPA 2019 D20  (Venango, QL2)",Venango 2020-03,17TPG607605,16.5,122430,93.63636363636364
"PA WesternPA 2019 D20  (Venango, QL2)",Venango 2020-03,17TPG607605,17.5,187550,93.23060517195417
"PA WesternPA 2019 D20  (Venango, QL2)",Venango 2020-03,17TPG607605,18.5,233573,0.0
"PA WesternPA 2019 D20  (Venango, QL2)",Venango 2020-03,17TPG607605,19.5,221338,0.0
"PA WesternPA 2019 D20  (Venango, QL2)",Venango 2020-03,17TPG607606,0.5,106815,99.74535411693114
"PA WesternPA 2019 D20  (Venango, QL2)",Venango 2020-03,17TPG607606,1.5,106951,99.80084337687352
"PA WesternPA 2019 D20  (Venango, QL2)",Venango 2020-03,17TPG607606,2.5,106854,99.7651000430494
"PA WesternPA 2019 D20  (Venango, QL2)",Venango 2020-03,17TPG607606,3.5,107654,99.82443754992848
"PA WesternPA 2019 D20  (Venango, QL2)",Venango 2020-03,17TPG607606,4.5,107354,99.86213834603276
"PA WesternPA 2019 D20  (Venango, QL2)",Venango 2020-03,17TPG607606,5.5,105637,99.7680736863031
"PA WesternPA 2019 D20  (Venango, QL2)",Venango 2020-03,17TPG607606,6.5,107380,99.82585211398772
"PA WesternPA 2019 D20  (Venango, QL2)",Venango 2020-03,17TPG607606,7.5,106877,99.70620432834004
"PA WesternPA 2019 D20  (Venango, QL2)",Venango 2020-03,17TPG607606,8.5,105599,99.54639721967064
"PA WesternPA 2019 D20  (Venango, QL2)",Venango 2020-03,17TPG607606,9.5,107339,99.62828049450806
"PA WesternPA 2019 D20  (Venango, QL2)",Venango 2020-03,17TPG607606,10.5,107217,99.55790592909707
"PA WesternPA 2019 D20  (Venango, QL2)",Venango 2020-03,17TPG607606,11.5,106374,99.32972342865736
"PA WesternPA 2019 D20  (Venango, QL2)",Venango 2020-03,17TPG607606,12.5,106771,99.28913281696342
"PA WesternPA 2019 D20  (Venango, QL2)",Venango 2020-03,17TPG607606,13.5,130724,99.42015238211806
"PA WesternPA 2019 D20  (Venango, QL2)",Venango 2020-03,17TPG607606,14.5,162922,97.73388492652926
"PA WesternPA 2019 D20  (Venango, QL2)",Venango 2020-03,17TPG607606,15.5,132587,94.54395981506482
"PA WesternPA 2019 D20  (Venango, QL2)",Venango 2020-03,17TPG607606,16.5,119379,93.79120280786402
"PA WesternPA 2019 D20  (Venango, QL2)",Venango 2020-03,17TPG607606,17.5,163251,93.3709441289793
"PA WesternPA 2019 D20  (Venango, QL2)",Venango 2020-03,17TPG607606,18.5,274670,0.0
"PA WesternPA 2019 D20  (Venango, QL2)",Venango 2020-03,17TPG607606,19.5,226049,0.0
"PA WesternPA 2019 D20  (Venango, QL2)",Venango 2020-03,17TPG607608,0.5,106759,99.07642447006808
"PA WesternPA 2019 D20  (Venango, QL2)",Venango 2020-03,17TPG607608,1.5,107524,98.7742271492876
"PA WesternPA 2019 D20  (Venango, QL2)",Venango 2020-03,17TPG607608,2.5,108269,98.39473902963914
"PA WesternPA 2019 D20  (Venango, QL2)",Venango 2020-03,17TPG607608,3.5,109027,98.42699514799088
"PA WesternPA 2019 D20  (Venango, QL2)",Venango 2020-03,17TPG607608,4.5,109234,98.89411721625136
"PA WesternPA 2019 D20  (Venango, QL2)",Venango 2020-03,17TPG607608,5.5,108585,98.54491872726436
"PA WesternPA 2019 D20  (Venango, QL2)",Venango 2020-03,17TPG607608,6.5,107846,98.3856610351798
"PA WesternPA 2019 D20  (Venango, QL2)",Venango 2020-03,17TPG607608,7.5,108484,97.98403451200176
"PA WesternPA 2019 D20  (Venango, QL2)",Venango 2020-03,17TPG607608,8.5,108749,97.16779004864412
"PA WesternPA 2019 D20  (Venango, QL2)",Venango 2020-03,17TPG607608,9.5,107791,96.8476032321808
"PA WesternPA 2019 D20  (Venango, QL2)",Venango 2020-03,17TPG607608,10.5,107354,97.27257484583714
"PA WesternPA 2019 D20  (Venango, QL2)",Venango 2020-03,17TPG607608,11.5,107675,97.73485024378918
"PA WesternPA 2019 D20  (Venango, QL2)",Venango 2020-03,17TPG607608,12.5,116982,98.12278812124944
"PA WesternPA 2019 D20  (Venango, QL2)",Venango 2020-03,17TPG607608,13.5,152309,98.10057186377692
"PA WesternPA 2019 D20  (Venango, QL2)",Venango 2020-03,17TPG607608,14.5,135346,94.93224772065668
"PA WesternPA 2019 D20  (Venango, QL2)",Venango 2020-03,17TPG607608,15.5,114422,91.93948716155984
"PA WesternPA 2019 D20  (Venango, QL2)",Venango 2020-03,17TPG607608,16.5,124404,92.0613485096942
"PA WesternPA 2019 D20  (Venango, QL2)",Venango 2020-03,17TPG607608,17.5,155230,91.20401984152548
"PA WesternPA 2019 D20  (Venango, QL2)",Venango 2020-03,17TPG607608,18.5,352442,0.0
"PA WesternPA 2019 D20  (Venango, QL2)",Venango 2020-03,17TPG607608,19.5,163590,0.0
"PA WesternPA 2019 D20  (Venango, QL2)",Venango 2020-03,17TPG609602,0.5,106434,99.7886013867749
"PA WesternPA 2019 D20  (Venango, QL2)",Venango 2020-03,17TPG609602,1.5,107186,99.70891720933705
"PA WesternPA 2019 D20  (Venango, QL2)",Venango 2020-03,17TPG609602,2.5,106332,99.76206598201858
"PA WesternPA 2019 D20  (Venango, QL2)",Venango 2020-03,17TPG609602,3.5,107103,99.73670205316375
"PA WesternPA 2019 D20  (Venango, QL2)",Venango 2020-03,17TPG609602,4.5,107329,99.75402733650738
"PA WesternPA 2019 D20  (Venango, QL2)",Venango 2020-03,17TPG609602,5.5,106472,99.85160417762415
"PA WesternPA 2019 D20  (Venango, QL2)",Venango 2020-03,17TPG609602,6.5,106503,99.83850220181591
"PA WesternPA 2019 D20  (Venango, QL2)",Venango 2020-03,17TPG609602,7.5,105459,99.80561165950748
"PA WesternPA 2019 D20  (Venango, QL2)",Venango 2020-03,17TPG609602,8.5,106569,99.79449933845676
"PA WesternPA 2019 D20  (Venango, QL2)",Venango 2020-03,17TPG609602,9.5,105917,99.71864762030648
"PA WesternPA 2019 D20  (Venango, QL2)",Venango 2020-03,17TPG609602,10.5,107083,99.72731432627027
"PA WesternPA 2019 D20  (Venango, QL2)",Venango 2020-03,17TPG609602,11.5,106117,99.6419046901062
"PA WesternPA 2019 D20  (Venango, QL2)",Venango 2020-03,17TPG609602,12.5,107249,99.66526494419529
"PA WesternPA 2019 D20  (Venango, QL2)",Venango 2020-03,17TPG609602,13.5,110848,99.62922199769054
"PA WesternPA 2019 D20  (Venango, QL2)",Venango 2020-03,17TPG609602,14.5,159383,99.09400626164648
"PA WesternPA 2019 D20  (Venango, QL2)",Venango 2020-03,17TPG609602,15.5,133165,95.13686028611122
"PA WesternPA 2019 D20  (Venango, QL2)",Venango 2020-03,17TPG609602,16.5,116673,93.118373574006
"PA WesternPA 2019 D20  (Venango, QL2)",Venango 2020-03,17TPG609602,17.5,170192,93.4485757262386
"PA WesternPA 2019 D20  (Venango, QL2)",Venango 2020-03,17TPG609602,18.5,292811,0.0
"PA WesternPA 2019 D20  (Venango, QL2)",Venango 2020-03,17TPG609602,19.5,221139,0.0
"PA WesternPA 2019 D20  (Venango, QL2)",Venango 2020-03,17TPG609603,0.5,97783,99.50195841812996
"PA WesternPA 2019 D20  (Venango, QL2)",Venango 2020-03,17TPG609603,1.5,101252,99.61284715363648
"PA WesternPA 2019 D20  (Venango, QL2)",Venango 2020-03,17TPG609603,2.5,102893,99.72787264439758
"PA WesternPA 2019 D20  (Venango, QL2)",Venango 2020-03,17TPG609603,3.5,104631,99.81840945800002
"PA WesternPA 2019 D20  (Venango, QL2)",Venango 2020-03,17TPG609603,4.5,104611,99.804035904446
"PA WesternPA 2019 D20  (Venango, QL2)",Venango 2020-03,17TPG609603,5.5,100970,99.77121917401207
"PA WesternPA 2019 D20  (Venango, QL2)",Venango 2020-03,17TPG609603,6.5,101192,99.84979049727252
"PA WesternPA 2019 D20  (Venango, QL2)",Venango 2020-03,17TPG609603,7.5,101396,99.7652767367549
"PA WesternPA 2019 D20  (Venango, QL2)",Venango 2020-03,17TPG609603,8.5,104507,99.6631804568115
"PA WesternPA 2019 D20  (Venango, QL2)",Venango 2020-03,17TPG609603,9.5,105646,99.7917573784147
"PA WesternPA 2019 D20  (Venango, QL2)",Venango 2020-03,17TPG609603,10.5,105796,99.78354569170858
"PA WesternPA 2019 D20  (Venango, QL2)",Venango 2020-03,17TPG609603,11.5,105446,99.78567228723708
"PA WesternPA 2019 D20  (Venango, QL2)",Venango 2020-03,17TPG609603,12.5,107882,99.7970004263918
"PA WesternPA 2019 D20  (Venango, QL2)",Venango 2020-03,17TPG609603,13.5,150685,99.58788200550818
"PA WesternPA 2019 D20  (Venango, QL2)",Venango 2020-03,17TPG609603,14.5,149949,99.22240228344305
"PA WesternPA 2019 D20  (Venango, QL2)",Venango 2020-03,17TPG609603,15.5,113025,95.08427339084274
"PA WesternPA 2019 D20  (Venango, QL2)",Venango 2020-03,17TPG609603,16.5,120062,94.30460928520264
"PA WesternPA 2019 D20  (Venango, QL2)",Venango 2020-03,17TPG609603,17.5,139500,92.9899641577061
"PA WesternPA 2019 D20  (Venango, QL2)",Venango 2020-03,17TPG609603,18.5,273686,0.0
"PA WesternPA 2019 D20  (Venango, QL2)",Venango 2020-03,17TPG609603,19.5,353727,0.0
"PA WesternPA 2019 D20  (Venango, QL2)",Venango 2020-03,17TPG609600,0.5,112608,99.12528417163968
"PA WesternPA 2019 D20  (Venango, QL2)",Venango 2020-03,17TPG609600,1.5,113039,99.03573103088314
"PA WesternPA 2019 D20  (Venango, QL2)",Venango 2020-03,17TPG609600,2.5,112451,98.8030342104561
"PA WesternPA 2019 D20  (Venango, QL2)",Venango 2020-03,17TPG609600,3.5,113292,98.90901387564875
"PA WesternPA 2019 D20  (Venango, QL2)",Venango 2020-03,17TPG609600,4.5,112949,99.01725557552524
"PA WesternPA 2019 D20  (Venango, QL2)",Venango 2020-03,17TPG609600,5.5,111996,98.9910353941212
"PA WesternPA 2019 D20  (Venango, QL2)",Venango 2020-03,17TPG609600,6.5,110795,98.73640507243108
"PA WesternPA 2019 D20  (Venango, QL2)",Venango 2020-03,17TPG609600,7.5,113004,99.10534140384412
"PA WesternPA 2019 D20  (Venango, QL2)",Venango 2020-03,17TPG609600,8.5,112233,98.9441608083184
"PA WesternPA 2019 D20  (Venango, QL2)",Venango 2020-03,17TPG609600,9.5,113121,98.98162144959822
"PA WesternPA 2019 D20  (Venango, QL2)",Venango 2020-03,17TPG609600,10.5,112529,98.8065298722996
"PA WesternPA 2019 D20  (Venango, QL2)",Venango 2020-03,17TPG609600,11.5,111838,99.18989967631752
"PA WesternPA 2019 D20  (Venango, QL2)",Venango 2020-03,17TPG609600,12.5,112142,99.26700076688483
"PA WesternPA 2019 D20  (Venango, QL2)",Venango 2020-03,17TPG609600,13.5,110402,99.40399630441478
"PA WesternPA 2019 D20  (Venango, QL2)",Venango 2020-03,17TPG609600,14.5,133568,97.65587565884044
"PA WesternPA 2019 D20  (Venango, QL2)",Venango 2020-03,17TPG609600,15.5,161282,94.2020808273707
"PA WesternPA 2019 D20  (Venango, QL2)",Venango 2020-03,17TPG609600,16.5,141907,92.47464888976585
"PA WesternPA 2019 D20  (Venango, QL2)",Venango 2020-03,17TPG609600,17.5,213306,92.7371944530393
"PA WesternPA 2019 D20  (Venango, QL2)",Venango 2020-03,17TPG609600,18.5,274781,0.0
"PA WesternPA 2019 D20  (Venango, QL2)",Venango 2020-03,17TPG609600,19.5,208948,0.0
"PA WesternPA 2019 D20  (Venango, QL2)",Venango 2020-03,17TPG609605,0.5,96110,99.76277182395172
"PA WesternPA 2019 D20  (Venango, QL2)",Venango 2020-03,17TPG609605,1.5,97048,99.6867529469953
"PA WesternPA 2019 D20  (Venango, QL2)",Venango 2020-03,17TPG609605,2.5,97641,99.70606609928208
"PA WesternPA 2019 D20  (Venango, QL2)",Venango 2020-03,17TPG609605,3.5,98098,99.63709759628128
"PA WesternPA 2019 D20  (Venango, QL2)",Venango 2020-03,17TPG609605,4.5,98475,99.7075399847677
"PA WesternPA 2019 D20  (Venango, QL2)",Venango 2020-03,17TPG609605,5.5,97376,99.71553565560302
"PA WesternPA 2019 D20  (Venango, QL2)",Venango 2020-03,17TPG609605,6.5,99045,99.81220657276997
"PA WesternPA 2019 D20  (Venango, QL2)",Venango 2020-03,17TPG609605,7.5,98868,99.84727110895336
"PA WesternPA 2019 D20  (Venango, QL2)",Venango 2020-03,17TPG609605,8.5,99875,99.80675844806008
"PA WesternPA 2019 D20  (Venango, QL2)",Venango 2020-03,17TPG609605,9.5,100706,99.779556332294
"PA WesternPA 2019 D20  (Venango, QL2)",Venango 2020-03,17TPG609605,10.5,100319,99.6999571367338
"PA WesternPA 2019 D20  (Venango, QL2)",Venango 2020-03,17TPG609605,11.5,99283,99.49638910991813
"PA WesternPA 2019 D20  (Venango, QL2)",Venango 2020-03,17TPG609605,12.5,120605,99.43534679325067
"PA WesternPA 2019 D20  (Venango, QL2)",Venango 2020-03,17TPG609605,13.5,151458,99.17666943971268
"PA WesternPA 2019 D20  (Venango, QL2)",Venango 2020-03,17TPG609605,14.5,115694,98.85128010095598
"PA WesternPA 2019 D20  (Venango, QL2)",Venango 2020-03,17TPG609605,15.5,107773,95.6872314958292
"PA WesternPA 2019 D20  (Venango, QL2)",Venango 2020-03,17TPG609605,16.5,114501,94.18433026785792
"PA WesternPA 2019 D20  (Venango, QL2)",Venango 2020-03,17TPG609605,17.5,126587,93.3136893993854
"PA WesternPA 2019 D20  (Venango, QL2)",Venango 2020-03,17TPG609605,18.5,206760,0.0
"PA WesternPA 2019 D20  (Venango, QL2)",Venango 2020-03,17TPG609605,19.5,344939,0.0
"PA WesternPA 2019 D20  (Venango, QL2)",Venango 2020-03,17TPG609606,0.5,107714,99.06975880572628
"PA WesternPA 2019 D20  (Venango, QL2)",Venango 2020-03,17TPG609606,1.5,108162,99.0024222924872
"PA WesternPA 2019 D20  (Venango, QL2)",Venango 2020-03,17TPG609606,2.5,107078,98.91667756215097
"PA WesternPA 2019 D20  (Venango, QL2)",Venango 2020-03,17TPG609606,3.5,106724,98.84562047899254
"PA WesternPA 2019 D20  (Venango, QL2)",Venango 2020-03,17TPG609606,4.5,107630,98.77636346743472
"PA WesternPA 2019 D20  (Venango, QL2)",Venango 2020-03,17TPG609606,5.5,107388,98.90583677878348
"PA WesternPA 2019 D20  (Venango, QL2)",Venango 2020-03,17TPG609606,6.5,108404,98.89210730231358
"PA WesternPA 2019 D20  (Venango, QL2)",Venango 2020-03,17TPG609606,7.5,106981,98.93719445509016
"PA WesternPA 2019 D20  (Venango, QL2)",Venango 2020-03,17TPG609606,8.5,103502,99.02030878630364
"PA WesternPA 2019 D20  (Venango, QL2)",Venango 2020-03,17TPG609606,9.5,104716,99.15103709079796
"PA WesternPA 2019 D20  (Venango, QL2)",Venango 2020-03,17TPG609606,10.5,103206,99.1076100226731
"PA WesternPA 2019 D20  (Venango, QL2)",Venango 2020-03,17TPG609606,11.5,109759,99.0060040634481
"PA WesternPA 2019 D20  (Venango, QL2)",Venango 2020-03,17TPG609606,12.5,148486,98.78911143138072
"PA WesternPA 2019 D20  (Venango, QL2)",Venango 2020-03,17TPG609606,13.5,131704,98.7342829374962
"PA WesternPA 2019 D20  (Venango, QL2)",Venango 2020-03,17TPG609606,14.5,104732,97.12886223885728
"PA WesternPA 2019 D20  (Venango, QL2)",Venango 2020-03,17TPG609606,15.5,109610,91.947814980385
"PA WesternPA 2019 D20  (Venango, QL2)",Venango 2020-03,17TPG609606,16.5,113989,90.8552579634877
"PA WesternPA 2019 D20  (Venango, QL2)",Venango 2020-03,17TPG609606,17.5,132429,89.94631085336293
"PA WesternPA 2019 D20  (Venango, QL2)",Venango 2020-03,17TPG609606,18.5,197511,0.0
"PA WesternPA 2019 D20  (Venango, QL2)",Venango 2020-03,17TPG609606,19.5,253712,0.0
"PA WesternPA 2019 D20  (Venango, QL2)",Venango 2020-03,17TPG609608,0.5,105255,98.4513799819486
"PA WesternPA 2019 D20  (Venango, QL2)",Venango 2020-03,17TPG609608,1.5,105675,98.5114738585285
"PA WesternPA 2019 D20  (Venango, QL2)",Venango 2020-03,17TPG609608,2.5,103725,98.57025789346832
"PA WesternPA 2019 D20  (Venango, QL2)",Venango 2020-03,17TPG609608,3.5,104039,98.53035880775478
"PA WesternPA 2019 D20  (Venango, QL2)",Venango 2020-03,17TPG609608,4.5,105923,98.5961500335149
"PA WesternPA 2019 D20  (Venango, QL2)",Venango 2020-03,17TPG609608,5.5,104706,98.51679941932647
"PA WesternPA 2019 D20  (Venango, QL2)",Venango 2020-03,17TPG609608,6.5,106549,98.53776196867167
"PA WesternPA 2019 D20  (Venango, QL2)",Venango 2020-03,17TPG609608,7.5,104496,98.62865564232123
"PA WesternPA 2019 D20  (Venango, QL2)",Venango 2020-03,17TPG609608,8.5,103173,98.57327013850524
"PA WesternPA 2019 D20  (Venango, QL2)",Venango 2020-03,17TPG609608,9.5,102642,98.66428947214592
"PA WesternPA 2019 D20  (Venango, QL2)",Venango 2020-03,17TPG609608,10.5,106824,98.59769340223173
"PA WesternPA 2019 D20  (Venango, QL2)",Venango 2020-03,17TPG609608,11.5,129339,98.603669426855
"PA WesternPA 2019 D20  (Venango, QL2)",Venango 2020-03,17TPG609608,12.5,134816,98.22943864229764
"PA WesternPA 2019 D20  (Venango, QL2)",Venango 2020-03,17TPG609608,13.5,99866,96.39917489435844
"PA WesternPA 2019 D20  (Venango, QL2)",Venango 2020-03,17TPG609608,14.5,89017,92.81260882752731
"PA WesternPA 2019 D20  (Venango, QL2)",Venango 2020-03,17TPG609608,15.5,85966,90.49740595119
"PA WesternPA 2019 D20  (Venango, QL2)",Venango 2020-03,17TPG609608,16.5,98643,91.60406719179262
"PA WesternPA 2019 D20  (Venango, QL2)",Venango 2020-03,17TPG609608,17.5,120769,90.9463521267875
"PA WesternPA 2019 D20  (Venango, QL2)",Venango 2020-03,17TPG609608,18.5,214407,0.0
"PA WesternPA 2019 D20  (Venango, QL2)",Venango 2020-03,17TPG609608,19.5,57287,0.0
"PA WesternPA 2019 D20  (Venango, QL2)",Venango 2020-03,17TPG610605,0.5,103207,99.72773164610928
"PA WesternPA 2019 D20  (Venango, QL2)",Venango 2020-03,17TPG610605,1.5,104183,99.70820575333788
"PA WesternPA 2019 D20  (Venango, QL2)",Venango 2020-03,17TPG610605,2.5,103349,99.50168845368606
"PA WesternPA 2019 D20  (Venango, QL2)",Venango 2020-03,17TPG610605,3.5,103782,99.13665182786995
"PA WesternPA 2019 D20  (Venango, QL2)",Venango 2020-03,17TPG610605,4.5,103213,98.99334386172283
"PA WesternPA 2019 D20  (Venango, QL2)",Venango 2020-03,17TPG610605,5.5,102893,99.17778663271554
"PA WesternPA 2019 D20  (Venango, QL2)",Venango 2020-03,17TPG610605,6.5,103883,99.20583733623404
"PA WesternPA 2019 D20  (Venango, QL2)",Venango 2020-03,17TPG610605,7.5,103795,99.14446745989692
"PA WesternPA 2019 D20  (Venango, QL2)",Venango 2020-03,17TPG610605,8.5,103289,98.97181694081657
"PA WesternPA 2019 D20  (Venango, QL2)",Venango 2020-03,17TPG610605,9.5,104503,99.04308967206684
"PA WesternPA 2019 D20  (Venango, QL2)",Venango 2020-03,17TPG610605,10.5,115151,98.89015292963153
"PA WesternPA 2019 D20  (Venango, QL2)",Venango 2020-03,17TPG610605,11.5,154611,98.59906474959736
"PA WesternPA 2019 D20  (Venango, QL2)",Venango 2020-03,17TPG610605,12.5,136447,98.68666954934882
"PA WesternPA 2019 D20  (Venango, QL2)",Venango 2020-03,17TPG610605,13.5,105683,98.48887711363228
"PA WesternPA 2019 D20  (Venango, QL2)",Venango 2020-03,17TPG610605,14.5,106468,97.71856332419132
"PA WesternPA 2019 D20  (Venango, QL2)",Venango 2020-03,17TPG610605,15.5,110586,92.07132910133288
"PA WesternPA 2019 D20  (Venango, QL2)",Venango 2020-03,17TPG610605,16.5,118453,92.19099558474667
"PA WesternPA 2019 D20  (Venango, QL2)",Venango 2020-03,17TPG610605,17.5,136228,91.82253281263765
"PA WesternPA 2019 D20  (Venango, QL2)",Venango 2020-03,17TPG610605,18.5,197434,0.0
"PA WesternPA 2019 D20  (Venango, QL2)",Venango 2020-03,17TPG610605,19.5,183491,0.0
"PA WesternPA 2019 D20  (Venango, QL2)",Venango 2020-03,17TPG610600,0.5,112080,99.67523197715916
"PA WesternPA 2019 D20  (Venango, QL2)",Venango 2020-03,17TPG610600,1.5,112386,99.44210132934708
"PA WesternPA 2019 D20  (Venango, QL2)",Venango 2020-03,17TPG610600,2.5,111712,99.32415496992266
"PA WesternPA 2019 D20  (Venango, QL2)",Venango 2020-03,17TPG610600,3.5,111737,99.27150362010794
"PA WesternPA 2019 D20  (Venango, QL2)",Venango 2020-03,17TPG610600,4.5,110619,99.23340474963614
"PA WesternPA 2019 D20  (Venango, QL2)",Venango 2020-03,17TPG610600,5.5,109846,99.22072719989804
"PA WesternPA 2019 D20  (Venango, QL2)",Venango 2020-03,17TPG610600,6.5,110751,99.03025706314163
"PA WesternPA 2019 D20  (Venango, QL2)",Venango 2020-03,17TPG610600,7.5,109193,98.85981702123765
"PA WesternPA 2019 D20  (Venango, QL2)",Venango 2020-03,17TPG610600,8.5,108568,98.40468646378308
"PA WesternPA 2019 D20  (Venango, QL2)",Venango 2020-03,17TPG610600,9.5,109843,98.30485329060568
"PA WesternPA 2019 D20  (Venango, QL2)",Venango 2020-03,17TPG610600,10.5,110438,98.2542240895344
"PA WesternPA 2019 D20  (Venango, QL2)",Venango 2020-03,17TPG610600,11.5,113082,97.89267964839674
"PA WesternPA 2019 D20  (Venango, QL2)",Venango 2020-03,17TPG610600,12.5,152810,97.32740003926445
"PA WesternPA 2019 D20  (Venango, QL2)",Venango 2020-03,17TPG610600,13.5,157008,94.33850504432894
"PA WesternPA 2019 D20  (Venango, QL2)",Venango 2020-03,17TPG610600,14.5,131598,89.10773719965349
"PA WesternPA 2019 D20  (Venango, QL2)",Venango 2020-03,17TPG610600,15.5,101798,85.71190003732883
"PA WesternPA 2019 D20  (Venango, QL2)",Venango 2020-03,17TPG610600,16.5,113313,86.33078287575124
"PA WesternPA 2019 D20  (Venango, QL2)",Venango 2020-03,17TPG610600,17.5,134068,87.01703613091864
"PA WesternPA 2019 D20  (Venango, QL2)",Venango 2020-03,17TPG610600,18.5,223680,0.0
"PA WesternPA 2019 D20  (Venango, QL2)",Venango 2020-03,17TPG610600,19.5,163013,0.0
"PA WesternPA 2019 D20  (Venango, QL2)",Venango 2020-03,17TPG610602,0.5,103155,98.74654645921188
"PA WesternPA 2019 D20  (Venango, QL2)",Venango 2020-03,17TPG610602,1.5,105156,98.64772338240329
"PA WesternPA 2019 D20  (Venango, QL2)",Venango 2020-03,17TPG610602,2.5,104450,98.6242221158449
"PA WesternPA 2019 D20  (Venango, QL2)",Venango 2020-03,17TPG610602,3.5,102490,98.57059225290271
"PA WesternPA 2019 D20  (Venango, QL2)",Venango 2020-03,17TPG610602,4.5,101642,98.20841778005156
"PA WesternPA 2019 D20  (Venango, QL2)",Venango 2020-03,17TPG610602,5.5,99652,98.05322522377875
"PA WesternPA 2019 D20  (Venango, QL2)",Venango 2020-03,17TPG610602,6.5,98786,98.2558257242929
"PA WesternPA 2019 D20  (Venango, QL2)",Venango 2020-03,17TPG610602,7.5,96786,98.0772012481144
"PA WesternPA 2019 D20  (Venango, QL2)",Venango 2020-03,17TPG610602,8.5,98284,98.20621871311708
"PA WesternPA 2019 D20  (Venango, QL2)",Venango 2020-03,17TPG610602,9.5,100981,98.4086115209792
"PA WesternPA 2019 D20  (Venango, QL2)",Venango 2020-03,17TPG610602,10.5,99751,98.2295916832914
"PA WesternPA 2019 D20  (Venango, QL2)",Venango 2020-03,17TPG610602,11.5,117486,98.07381305006554
"PA WesternPA 2019 D20  (Venango, QL2)",Venango 2020-03,17TPG610602,12.5,149551,98.05751883972692
"PA WesternPA 2019 D20  (Venango, QL2)",Venango 2020-03,17TPG610602,13.5,146973,96.11221108639002
"PA WesternPA 2019 D20  (Venango, QL2)",Venango 2020-03,17TPG610602,14.5,100088,91.658340660219
"PA WesternPA 2019 D20  (Venango, QL2)",Venango 2020-03,17TPG610602,15.5,97334,89.74048122958061
"PA WesternPA 2019 D20  (Venango, QL2)",Venango 2020-03,17TPG610602,16.5,112044,88.06004783834922
"PA WesternPA 2019 D20  (Venango, QL2)",Venango 2020-03,17TPG610602,17.5,131646,85.98742081035505
"PA WesternPA 2019 D20  (Venango, QL2)",Venango 2020-03,17TPG610602,18.5,194489,0.0
"PA WesternPA 2019 D20  (Venango, QL2)",Venango 2020-03,17TPG610602,19.5,185157,0.0
"PA WesternPA 2019 D20  (Venango, QL2)",Venango 2020-03,17TPG610603,0.5,102352,98.5295841800844
"PA WesternPA 2019 D20  (Venango, QL2)",Venango 2020-03,17TPG610603,1.5,99715,98.30617259188688
"PA WesternPA 2019 D20  (Venango, QL2)",Venango 2020-03,17TPG610603,2.5,101046,98.4967242641965
"PA WesternPA 2019 D20  (Venango, QL2)",Venango 2020-03,17TPG610603,3.5,100211,98.40736046940954
"PA WesternPA 2019 D20  (Venango, QL2)",Venango 2020-03,17TPG610603,4.5,99138,98.6927313441869
"PA WesternPA 2019 D20  (Venango, QL2)",Venango 2020-03,17TPG610603,5.5,100160,98.58626198083068
"PA WesternPA 2019 D20  (Venango, QL2)",Venango 2020-03,17TPG610603,6.5,102130,98.9111916185254
"PA WesternPA 2019 D20  (Venango, QL2)",Venango 2020-03,17TPG610603,7.5,102117,98.85523468178656
"PA WesternPA 2019 D20  (Venango, QL2)",Venango 2020-03,17TPG610603,8.5,105323,98.88818206849406
"PA WesternPA 2019 D20  (Venango, QL2)",Venango 2020-03,17TPG610603,9.5,109390,98.95511472712316
"PA WesternPA 2019 D20  (Venango, QL2)",Venango 2020-03,17TPG610603,10.5,109528,98.89617266817618
"PA WesternPA 2019 D20  (Venango, QL2)",Venango 2020-03,17TPG610603,11.5,146534,98.60032483928644
"PA WesternPA 2019 D20  (Venango, QL2)",Venango 2020-03,17TPG610603,12.5,160685,98.56178236923174
"PA WesternPA 2019 D20  (Venango, QL2)",Venango 2020-03,17TPG610603,13.5,116671,98.05607220303246
"PA WesternPA 2019 D20  (Venango, QL2)",Venango 2020-03,17TPG610603,14.5,103012,95.42286335572555
"PA WesternPA 2019 D20  (Venango, QL2)",Venango 2020-03,17TPG610603,15.5,107541,91.79196771463909
"PA WesternPA 2019 D20  (Venango, QL2)",Venango 2020-03,17TPG610603,16.5,115640,90.22915946039431
"PA WesternPA 2019 D20  (Venango, QL2)",Venango 2020-03,17TPG610603,17.5,133608,89.63909346745704
"PA WesternPA 2019 D20  (Venango, QL2)",Venango 2020-03,17TPG610603,18.5,209606,0.0
"PA WesternPA 2019 D20  (Venango, QL2)",Venango 2020-03,17TPG610603,19.5,152250,0.0
"PA WesternPA 2019 D20  (Venango, QL2)",Venango 2020-03,17TPG610606,0.5,107162,98.0254194583901
"PA WesternPA 2019 D20  (Venango, QL2)",Venango 2020-03,17TPG610606,1.5,108137,97.923929829753
"PA WesternPA 2019 D20  (Venango, QL2)",Venango 2020-03,17TPG610606,2.5,107056,97.6834553878344
"PA WesternPA 2019 D20  (Venango, QL2)",Venango 2020-03,17TPG610606,3.5,108081,98.3974981726668
"PA WesternPA 2019 D20  (Venango, QL2)",Venango 2020-03,17TPG610606,4.5,110323,98.63038532309672
"PA WesternPA 2019 D20  (Venango, QL2)",Venango 2020-03,17TPG610606,5.5,106677,98.5695135783721
"PA WesternPA 2019 D20  (Venango, QL2)",Venango 2020-03,17TPG610606,6.5,105433,98.70533893562737
"PA WesternPA 2019 D20  (Venango, QL2)",Venango 2020-03,17TPG610606,7.5,106205,98.3503601525352
"PA WesternPA 2019 D20  (Venango, QL2)",Venango 2020-03,17TPG610606,8.5,102434,97.570142726048
"PA WesternPA 2019 D20  (Venango, QL2)",Venango 2020-03,17TPG610606,9.5,106225,96.61379148034833
"PA WesternPA 2019 D20  (Venango, QL2)",Venango 2020-03,17TPG610606,10.5,143113,96.36231509366723
"PA WesternPA 2019 D20  (Venango, QL2)",Venango 2020-03,17TPG610606,11.5,142071,96.9156266936954
"PA WesternPA 2019 D20  (Venango, QL2)",Venango 2020-03,17TPG610606,12.5,100078,96.69957433202102
"PA WesternPA 2019 D20  (Venango, QL2)",Venango 2020-03,17TPG610606,13.5,102090,94.41473209912822
"PA WesternPA 2019 D20  (Venango, QL2)",Venango 2020-03,17TPG610606,14.5,102176,92.1742875039148
"PA WesternPA 2019 D20  (Venango, QL2)",Venango 2020-03,17TPG610606,15.5,101592,90.06122529333018
"PA WesternPA 2019 D20  (Venango, QL2)",Venango 2020-03,17TPG610606,16.5,114680,89.79856993372863
"PA WesternPA 2019 D20  (Venango, QL2)",Venango 2020-03,17TPG610606,17.5,138127,88.99056665242856
"PA WesternPA 2019 D20  (Venango, QL2)",Venango 2020-03,17TPG610606,18.5,231487,0.0
"PA WesternPA 2019 D20  (Venango, QL2)",Venango 2020-03,17TPG610606,19.5,75178,0.0
"PA WesternPA 2019 D20  (Venango, QL2)",Venango 2020-03,17TPG610608,0.5,102131,98.62823236823296
"PA WesternPA 2019 D20  (Venango, QL2)",Venango 2020-03,17TPG610608,1.5,101088,98.42711301044636
"PA WesternPA 2019 D20  (Venango, QL2)",Venango 2020-03,17TPG610608,2.5,99454,98.60940736420858
"PA WesternPA 2019 D20  (Venango, QL2)",Venango 2020-03,17TPG610608,3.5,101242,98.64581892890304
"PA WesternPA 2019 D20  (Venango, QL2)",Venango 2020-03,17TPG610608,4.5,97634,98.61830919556712
"PA WesternPA 2019 D20  (Venango, QL2)",Venango 2020-03,17TPG610608,5.5,96566,98.67448170163412
"PA WesternPA 2019 D20  (Venango, QL2)",Venango 2020-03,17TPG610608,6.5,99290,98.85688387551616
"PA WesternPA 2019 D20  (Venango, QL2)",Venango 2020-03,17TPG610608,7.5,99530,98.64965337084296
"PA WesternPA 2019 D20  (Venango, QL2)",Venango 2020-03,17TPG610608,8.5,93103,97.7455076635554
"PA WesternPA 2019 D20  (Venango, QL2)",Venango 2020-03,17TPG610608,9.5,133385,98.3154027814222
"PA WesternPA 2019 D20  (Venango, QL2)",Venango 2020-03,17TPG610608,10.5,131960,98.55713852682632
"PA WesternPA 2019 D20  (Venango, QL2)",Venango 2020-03,17TPG610608,11.5,108363,98.86861751704916
"PA WesternPA 2019 D20  (Venango, QL2)",Venango 2020-03,17TPG610608,12.5,99821,99.24364612656656
"PA WesternPA 2019 D20  (Venango, QL2)",Venango 2020-03,17TPG610608,13.5,98647,94.59892343406288
"PA WesternPA 2019 D20  (Venango, QL2)",Venango 2020-03,17TPG610608,14.5,101513,94.224385054131
"PA WesternPA 2019 D20  (Venango, QL2)",Venango 2020-03,17TPG610608,15.5,106509,93.6165018918589
"PA WesternPA 2019 D20  (Venango, QL2)",Venango 2020-03,17TPG610608,16.5,120500,92.62406639004148
"PA WesternPA 2019 D20  (Venango, QL2)",Venango 2020-03,17TPG610608,17.5,145187,91.98481957751038
"PA WesternPA 2019 D20  (Venango, QL2)",Venango 2020-03,17TPG610608,18.5,255658,0.0
"PA WesternPA 2019 D20  (Venango, QL2)",Venango 2020-03,17TPG610608,19.5,4703,0.0
"PA WesternPA 2019 D20  (Venango, QL2)",Venango 2020-03,17TPG612600,0.5,73866,95.58389516150868
"PA WesternPA 2019 D20  (Venango, QL2)",Venango 2020-03,17TPG612600,1.5,77247,96.5875697438088
"PA WesternPA 2019 D20  (Venango, QL2)",Venango 2020-03,17TPG612600,2.5,79878,97.41856330904628
"PA WesternPA 2019 D20  (Venango, QL2)",Venango 2020-03,17TPG612600,3.5,89464,97.95783778950192
"PA WesternPA 2019 D20  (Venango, QL2)",Venango 2020-03,17TPG612600,4.5,90865,98.03004457161724
"PA WesternPA 2019 D20  (Venango, QL2)",Venango 2020-03,17TPG612600,5.5,90780,98.40934126459572
"PA WesternPA 2019 D20  (Venango, QL2)",Venango 2020-03,17TPG612600,6.5,90426,98.3069028819145
"PA WesternPA 2019 D20  (Venango, QL2)",Venango 2020-03,17TPG612600,7.5,90878,98.39455093642026
"PA WesternPA 2019 D20  (Venango, QL2)",Venango 2020-03,17TPG612600,8.5,92893,98.3561732315675
"PA WesternPA 2019 D20  (Venango, QL2)",Venango 2020-03,17TPG612600,9.5,94456,98.59087829253832
"PA WesternPA 2019 D20  (Venango, QL2)",Venango 2020-03,17TPG612600,10.5,99284,98.64932919705087
"PA WesternPA 2019 D20  (Venango, QL2)",Venango 2020-03,17TPG612600,11.5,135223,98.458842060892
"PA WesternPA 2019 D20  (Venango, QL2)",Venango 2020-03,17TPG612600,12.5,103525,98.57232552523544
"PA WesternPA 2019 D20  (Venango, QL2)",Venango 2020-03,17TPG612600,13.5,101809,98.60719582748088
"PA WesternPA 2019 D20  (Venango, QL2)",Venango 2020-03,17TPG612600,14.5,104625,98.40860215053765
"PA WesternPA 2019 D20  (Venango, QL2)",Venango 2020-03,17TPG612600,15.5,109663,92.83076333859186
"PA WesternPA 2019 D20  (Venango, QL2)",Venango 2020-03,17TPG612600,16.5,117100,91.62425277540564
"PA WesternPA 2019 D20  (Venango, QL2)",Venango 2020-03,17TPG612600,17.5,137829,91.39078133048923
"PA WesternPA 2019 D20  (Venango, QL2)",Venango 2020-03,17TPG612600,18.5,230912,0.0
"PA WesternPA 2019 D20  (Venango, QL2)",Venango 2020-03,17TPG612600,19.5,188528,0.0
"PA WesternPA 2019 D20  (Venango, QL2)",Venango 2020-03,17TPG612605,0.5,105447,96.51957855605184
"PA WesternPA 2019 D20  (Venango, QL2)",Venango 2020-03,17TPG612605,1.5,105843,96.455126933288
"PA WesternPA 2019 D20  (Venango, QL2)",Venango 2020-03,17TPG612605,2.5,105443,96.37908633100348
"PA WesternPA 2019 D20  (Venango, QL2)",Venango 2020-03,17TPG612605,3.5,106432,96.34132591701744
"PA WesternPA 2019 D20  (Venango, QL2)",Venango 2020-03,17TPG612605,4.5,106870,96.7923645550669
"PA WesternPA 2019 D20  (Venango, QL2)",Venango 2020-03,17TPG612605,5.5,106571,97.1877902994248
"PA WesternPA 2019 D20  (Venango, QL2)",Venango 2020-03,17TPG612605,6.5,107316,97.27720004472772
"PA WesternPA 2019 D20  (Venango, QL2)",Venango 2020-03,17TPG612605,7.5,106635,97.61522952126413
"PA WesternPA 2019 D20  (Venango, QL2)",Venango 2020-03,17TPG612605,8.5,102567,98.13585266216228
"PA WesternPA 2019 D20  (Venango, QL2)",Venango 2020-03,17TPG612605,9.5,136878,98.56733733689856
"PA WesternPA 2019 D20  (Venango, QL2)",Venango 2020-03,17TPG612605,10.5,140867,98.69167370640392
"PA WesternPA 2019 D20  (Venango, QL2)",Venango 2020-03,17TPG612605,11.5,88571,97.81531200957424
"PA WesternPA 2019 D20  (Venango, QL2)",Venango 2020-03,17TPG612605,12.5,90855,96.75416873039458
"PA WesternPA 2019 D20  (Venango, QL2)",Venango 2020-03,17TPG612605,13.5,102054,95.55921374958356
"PA WesternPA 2019 D20  (Venango, QL2)",Venango 2020-03,17TPG612605,14.5,103411,90.63252458635928
"PA WesternPA 2019 D20  (Venango, QL2)",Venango 2020-03,17TPG612605,15.5,109725,84.66712235133288
"PA WesternPA 2019 D20  (Venango, QL2)",Venango 2020-03,17TPG612605,16.5,116528,84.12055471646299
"PA WesternPA 2019 D20  (Venango, QL2)",Venango 2020-03,17TPG612605,17.5,133247,85.41130381922295
"PA WesternPA 2019 D20  (Venango, QL2)",Venango 2020-03,17TPG612605,18.5,185500,0.0
"PA WesternPA 2019 D20  (Venango, QL2)",Venango 2020-03,17TPG612605,19.5,127944,0.0
"PA WesternPA 2019 D20  (Venango, QL2)",Venango 2020-03,17TPG612602,0.5,97533,96.90258681676973
"PA WesternPA 2019 D20  (Venango, QL2)",Venango 2020-03,17TPG612602,1.5,95057,97.16485897934923
"PA WesternPA 2019 D20  (Venango, QL2)",Venango 2020-03,17TPG612602,2.5,93253,96.9598833281503
"PA WesternPA 2019 D20  (Venango, QL2)",Venango 2020-03,17TPG612602,3.5,94407,97.26503331320772
"PA WesternPA 2019 D20  (Venango, QL2)",Venango 2020-03,17TPG612602,4.5,94513,97.9822881508364
"PA WesternPA 2019 D20  (Venango, QL2)",Venango 2020-03,17TPG612602,5.5,93471,98.2839597308256
"PA WesternPA 2019 D20  (Venango, QL2)",Venango 2020-03,17TPG612602,6.5,86622,98.16212971300592
"PA WesternPA 2019 D20  (Venango, QL2)",Venango 2020-03,17TPG612602,7.5,93942,98.21911392135571
"PA WesternPA 2019 D20  (Venango, QL2)",Venango 2020-03,17TPG612602,8.5,94246,98.21106466056916
"PA WesternPA 2019 D20  (Venango, QL2)",Venango 2020-03,17TPG612602,9.5,95153,98.17662081069436
"PA WesternPA 2019 D20  (Venango, QL2)",Venango 2020-03,17TPG612602,10.5,115250,98.1648590021692
"PA WesternPA 2019 D20  (Venango, QL2)",Venango 2020-03,17TPG612602,11.5,128893,98.4219468861769
"PA WesternPA 2019 D20  (Venango, QL2)",Venango 2020-03,17TPG612602,12.5,97640,98.38385907414994
"PA WesternPA 2019 D20  (Venango, QL2)",Venango 2020-03,17TPG612602,13.5,98157,98.03172468596227
"PA WesternPA 2019 D20  (Venango, QL2)",Venango 2020-03,17TPG612602,14.5,94743,97.23567968082074
"PA WesternPA 2019 D20  (Venango, QL2)",Venango 2020-03,17TPG612602,15.5,93803,91.9096404166178
"PA WesternPA 2019 D20  (Venango, QL2)",Venango 2020-03,17TPG612602,16.5,98764,90.64740188732736
"PA WesternPA 2019 D20  (Venango, QL2)",Venango 2020-03,17TPG612602,17.5,118582,90.6604712350947
"PA WesternPA 2019 D20  (Venango, QL2)",Venango 2020-03,17TPG612602,18.5,205819,0.0
"PA WesternPA 2019 D20  (Venango, QL2)",Venango 2020-03,17TPG612602,19.5,107652,0.0
"PA WesternPA 2019 D20  (Venango, QL2)",Venango 2020-03,17TPG612606,0.5,106698,97.32516073403438
"PA WesternPA 2019 D20  (Venango, QL2)",Venango 2020-03,17TPG612606,1.5,107009,97.3880701623228
"PA WesternPA 2019 D20  (Venango, QL2)",Venango 2020-03,17TPG612606,2.5,107035,97.43168122576728
"PA WesternPA 2019 D20  (Venango, QL2)",Venango 2020-03,17TPG612606,3.5,107750,97.35127610208816
"PA WesternPA 2019 D20  (Venango, QL2)",Venango 2020-03,17TPG612606,4.5,107360,97.23453800298064
"PA WesternPA 2019 D20  (Venango, QL2)",Venango 2020-03,17TPG612606,5.5,106721,97.2770120220013
"PA WesternPA 2019 D20  (Venango, QL2)",Venango 2020-03,17TPG612606,6.5,106908,97.3126426460134
"PA WesternPA 2019 D20  (Venango, QL2)",Venango 2020-03,17TPG612606,7.5,106845,97.08736955402686
"PA WesternPA 2019 D20  (Venango, QL2)",Venango 2020-03,17TPG612606,8.5,133150,97.16034547502817
"PA WesternPA 2019 D20  (Venango, QL2)",Venango 2020-03,17TPG612606,9.5,152849,97.6650157999071
"PA WesternPA 2019 D20  (Venango, QL2)",Venango 2020-03,17TPG612606,10.5,112518,98.58778151051388
"PA WesternPA 2019 D20  (Venango, QL2)",Venango 2020-03,17TPG612606,11.5,108560,98.78868828297716
"PA WesternPA 2019 D20  (Venango, QL2)",Venango 2020-03,17TPG612606,12.5,109731,98.54188880079468
"PA WesternPA 2019 D20  (Venango, QL2)",Venango 2020-03,17TPG612606,13.5,109861,98.40798827609434
"PA WesternPA 2019 D20  (Venango, QL2)",Venango 2020-03,17TPG612606,14.5,110849,96.97967505345107
"PA WesternPA 2019 D20  (Venango, QL2)",Venango 2020-03,17TPG612606,15.5,115872,92.99744545705606
"PA WesternPA 2019 D20  (Venango, QL2)",Venango 2020-03,17TPG612606,16.5,125650,92.11221647433348
"PA WesternPA 2019 D20  (Venango, QL2)",Venango 2020-03,17TPG612606,17.5,146789,91.70033176872926
"PA WesternPA 2019 D20  (Venango, QL2)",Venango 2020-03,17TPG612606,18.5,244058,0.0
"PA WesternPA 2019 D20  (Venango, QL2)",Venango 2020-03,17TPG612606,19.5,120897,0.0
"PA WesternPA 2019 D20  (Venango, QL2)",Venango 2020-03,17TPG612603,0.5,93632,96.77033492822966
"PA WesternPA 2019 D20  (Venango, QL2)",Venango 2020-03,17TPG612603,1.5,96384,96.78266102257636
"PA WesternPA 2019 D20  (Venango, QL2)",Venango 2020-03,17TPG612603,2.5,97547,96.77591314955868
"PA WesternPA 2019 D20  (Venango, QL2)",Venango 2020-03,17TPG612603,3.5,101497,97.21863700404938
"PA WesternPA 2019 D20  (Venango, QL2)",Venango 2020-03,17TPG612603,4.5,103237,97.479585807414
"PA WesternPA 2019 D20  (Venango, QL2)",Venango 2020-03,17TPG612603,5.5,102023,96.93598502298502
"PA WesternPA 2019 D20  (Venango, QL2)",Venango 2020-03,17TPG612603,6.5,98651,96.8910604048616
"PA WesternPA 2019 D20  (Venango, QL2)",Venango 2020-03,17TPG612603,7.5,99614,97.14397574638105
"PA WesternPA 2019 D20  (Venango, QL2)",Venango 2020-03,17TPG612603,8.5,98728,97.5133700672555
"PA WesternPA 2019 D20  (Venango, QL2)",Venango 2020-03,17TPG612603,9.5,104702,97.7545796641898
"PA WesternPA 2019 D20  (Venango, QL2)",Venango 2020-03,17TPG612603,10.5,143424,96.93426483712628
"PA WesternPA 2019 D20  (Venango, QL2)",Venango 2020-03,17TPG612603,11.5,109825,96.22399271568403
"PA WesternPA 2019 D20  (Venango, QL2)",Venango 2020-03,17TPG612603,12.5,87063,96.40719938435386
"PA WesternPA 2019 D20  (Venango, QL2)",Venango 2020-03,17TPG612603,13.5,86334,96.20080153821206
"PA WesternPA 2019 D20  (Venango, QL2)",Venango 2020-03,17TPG612603,14.5,86983,91.34083671522022
"PA WesternPA 2019 D20  (Venango, QL2)",Venango 2020-03,17TPG612603,15.5,89663,89.45830498644925
"PA WesternPA 2019 D20  (Venango, QL2)",Venango 2020-03,17TPG612603,16.5,97971,90.38695124067328
"PA WesternPA 2019 D20  (Venango, QL2)",Venango 2020-03,17TPG612603,17.5,116104,90.28801763935782
"PA WesternPA 2019 D20  (Venango, QL2)",Venango 2020-03,17TPG612603,18.5,169032,0.0
"PA WesternPA 2019 D20  (Venango, QL2)",Venango 2020-03,17TPG612603,19.5,94373,0.0
"PA WesternPA 2019 D20  (Venango, QL2)",Venango 2020-03,17TPG612608,0.5,110043,98.76230200921458
"PA WesternPA 2019 D20  (Venango, QL2)",Venango 2020-03,17TPG612608,1.5,107516,98.62532088247332
"PA WesternPA 2019 D20  (Venango, QL2)",Venango 2020-03,17TPG612608,2.5,102830,98.50335505202762
"PA WesternPA 2019 D20  (Venango, QL2)",Venango 2020-03,17TPG612608,3.5,102313,98.39903042624104
"PA WesternPA 2019 D20  (Venango, QL2)",Venango 2020-03,17TPG612608,4.5,104310,98.7211197392388
"PA WesternPA 2019 D20  (Venango, QL2)",Venango 2020-03,17TPG612608,5.5,99470,98.6749773801146
"PA WesternPA 2019 D20  (Venango, QL2)",Venango 2020-03,17TPG612608,6.5,102734,98.71804855257268
"PA WesternPA 2019 D20  (Venango, QL2)",Venango 2020-03,17TPG612608,7.5,109547,98.60060065542643
"PA WesternPA 2019 D20  (Venango, QL2)",Venango 2020-03,17TPG612608,8.5,144038,98.42263847040364
"PA WesternPA 2019 D20  (Venango, QL2)",Venango 2020-03,17TPG612608,9.5,108884,98.27982072664489
"PA WesternPA 2019 D20  (Venango, QL2)",Venango 2020-03,17TPG612608,10.5,101312,98.4078885028427
"PA WesternPA 2019 D20  (Venango, QL2)",Venango 2020-03,17TPG612608,11.5,102409,98.33901317267038
"PA WesternPA 2019 D20  (Venango, QL2)",Venango 2020-03,17TPG612608,12.5,104198,97.873279717461
"PA WesternPA 2019 D20  (Venango, QL2)",Venango 2020-03,17TPG612608,13.5,103837,97.24953532941052
"PA WesternPA 2019 D20  (Venango, QL2)",Venango 2020-03,17TPG612608,14.5,104659,92.52238221270986
"PA WesternPA 2019 D20  (Venango, QL2)",Venango 2020-03,17TPG612608,15.5,110975,89.66884433430953
"PA WesternPA 2019 D20  (Venango, QL2)",Venango 2020-03,17TPG612608,16.5,121104,89.15064737746069
"PA WesternPA 2019 D20  (Venango, QL2)",Venango 2020-03,17TPG612608,17.5,143294,89.24379248258825
"PA WesternPA 2019 D20  (Venango, QL2)",Venango 2020-03,17TPG612608,18.5,260419,0.0
"PA WesternPA 2019 D20  (Venango, QL2)",Venango 2020-03,17TPG612608,19.5,11977,0.0
"PA WesternPA 2019 D20  (Venango, QL2)",Venango 2020-03,17TPG613600,0.5,109087,99.76257482559792
"PA WesternPA 2019 D20  (Venango, QL2)",Venango 2020-03,17TPG613600,1.5,108812,99.75646068448332
"PA WesternPA 2019 D20  (Venango, QL2)",Venango 2020-03,17TPG613600,2.5,108304,99.75347170926284
"PA WesternPA 2019 D20  (Venango, QL2)",Venango 2020-03,17TPG613600,3.5,110283,99.675380611699
"PA WesternPA 2019 D20  (Venango, QL2)",Venango 2020-03,17TPG613600,4.5,110582,99.68891863051851
"PA WesternPA 2019 D20  (Venango, QL2)",Venango 2020-03,17TPG613600,5.5,109535,99.72520199023144
"PA WesternPA 2019 D20  (Venango, QL2)",Venango 2020-03,17TPG613600,6.5,110103,99.57403522156524
"PA WesternPA 2019 D20  (Venango, QL2)",Venango 2020-03,17TPG613600,7.5,110422,99.424027820543
"PA WesternPA 2019 D20  (Venango, QL2)",Venango 2020-03,17TPG613600,8.5,108638,99.39247777020933
"PA WesternPA 2019 D20  (Venango, QL2)",Venango 2020-03,17TPG613600,9.5,111971,99.2667744326656
"PA WesternPA 2019 D20  (Venango, QL2)",Venango 2020-03,17TPG613600,10.5,155784,99.15845016176245
"PA WesternPA 2019 D20  (Venango, QL2)",Venango 2020-03,17TPG613600,11.5,121116,99.35351233528188
"PA WesternPA 2019 D20  (Venango, QL2)",Venango 2020-03,17TPG613600,12.5,112741,99.26646029394809
"PA WesternPA 2019 D20  (Venango, QL2)",Venango 2020-03,17TPG613600,13.5,112701,98.90063087284052
"PA WesternPA 2019 D20  (Venango, QL2)",Venango 2020-03,17TPG613600,14.5,111282,98.3582250498733
"PA WesternPA 2019 D20  (Venango, QL2)",Venango 2020-03,17TPG613600,15.5,113625,96.48580858085808
"PA WesternPA 2019 D20  (Venango, QL2)",Venango 2020-03,17TPG613600,16.5,125238,90.59151375780516
"PA WesternPA 2019 D20  (Venango, QL2)",Venango 2020-03,17TPG613600,17.5,142662,89.87677167010136
"PA WesternPA 2019 D20  (Venango, QL2)",Venango 2020-03,17TPG613600,18.5,192835,0.0
"PA WesternPA 2019 D20  (Venango, QL2)",Venango 2020-03,17TPG613600,19.5,209860,0.0
"PA WesternPA 2019 D20  (Venango, QL2)",Venango 2020-03,17TPG613608,0.5,99664,98.15179001444857
"PA WesternPA 2019 D20  (Venango, QL2)",Venango 2020-03,17TPG613608,1.5,102877,98.0063571060587
"PA WesternPA 2019 D20  (Venango, QL2)",Venango 2020-03,17TPG613608,2.5,100611,97.92766198527
"PA WesternPA 2019 D20  (Venango, QL2)",Venango 2020-03,17TPG613608,3.5,100747,97.4758553604574
"PA WesternPA 2019 D20  (Venango, QL2)",Venango 2020-03,17TPG613608,4.5,100731,97.62238039928124
"PA WesternPA 2019 D20  (Venango, QL2)",Venango 2020-03,17TPG613608,5.5,99146,97.55713795816273
"PA WesternPA 2019 D20  (Venango, QL2)",Venango 2020-03,17TPG613608,6.5,110662,97.80231696517323
"PA WesternPA 2019 D20  (Venango, QL2)",Venango 2020-03,17TPG613608,7.5,145696,98.29027564243356
"PA WesternPA 2019 D20  (Venango, QL2)",Venango 2020-03,17TPG613608,8.5,114172,98.40065865536208
"PA WesternPA 2019 D20  (Venango, QL2)",Venango 2020-03,17TPG613608,9.5,107908,98.39956259035476
"PA WesternPA 2019 D20  (Venango, QL2)",Venango 2020-03,17TPG613608,10.5,106012,98.2181262498585
"PA WesternPA 2019 D20  (Venango, QL2)",Venango 2020-03,17TPG613608,11.5,102413,98.51190766797184
"PA WesternPA 2019 D20  (Venango, QL2)",Venango 2020-03,17TPG613608,12.5,101859,98.83073660648544
"PA WesternPA 2019 D20  (Venango, QL2)",Venango 2020-03,17TPG613608,13.5,102535,98.28058711659432
"PA WesternPA 2019 D20  (Venango, QL2)",Venango 2020-03,17TPG613608,14.5,108344,96.0228531344606
"PA WesternPA 2019 D20  (Venango, QL2)",Venango 2020-03,17TPG613608,15.5,115403,92.1752467440188
"PA WesternPA 2019 D20  (Venango, QL2)",Venango 2020-03,17TPG613608,16.5,129082,91.38996916688616
"PA WesternPA 2019 D20  (Venango, QL2)",Venango 2020-03,17TPG613608,17.5,153139,89.5395686271949
"PA WesternPA 2019 D20  (Venango, QL2)",Venango 2020-03,17TPG613608,18.5,255891,0.0
"PA WesternPA 2019 D20  (Venango, QL2)",Venango 2020-03,17TPG613608,19.5,27956,0.0
"PA WesternPA 2019 D20  (Venango, QL2)",Venango 2020-03,17TPG613605,0.5,88148,98.6794935789808
"PA WesternPA 2019 D20  (Venango, QL2)",Venango 2020-03,17TPG613605,1.5,88867,98.5303881080716
"PA WesternPA 2019 D20  (Venango, QL2)",Venango 2020-03,17TPG613605,2.5,88048,98.6916227512266
"PA WesternPA 2019 D20  (Venango, QL2)",Venango 2020-03,17TPG613605,3.5,91774,98.83627171094209
"PA WesternPA 2019 D20  (Venango, QL2)",Venango 2020-03,17TPG613605,4.5,93879,99.0114935182522
"PA WesternPA 2019 D20  (Venango, QL2)",Venango 2020-03,17TPG613605,5.5,99755,99.11884116084408
"PA WesternPA 2019 D20  (Venango, QL2)",Venango 2020-03,17TPG613605,6.5,103561,99.21881789476733
"PA WesternPA 2019 D20  (Venango, QL2)",Venango 2020-03,17TPG613605,7.5,105909,99.18137268787356
"PA WesternPA 2019 D20  (Venango, QL2)",Venango 2020-03,17TPG613605,8.5,125927,99.26306510915056
"PA WesternPA 2019 D20  (Venango, QL2)",Venango 2020-03,17TPG613605,9.5,122692,99.36589182668796
"PA WesternPA 2019 D20  (Venango, QL2)",Venango 2020-03,17TPG613605,10.5,111097,99.5877476439508
"PA WesternPA 2019 D20  (Venango, QL2)",Venango 2020-03,17TPG613605,11.5,111560,99.5903549659376
"PA WesternPA 2019 D20  (Venango, QL2)",Venango 2020-03,17TPG613605,12.5,111268,99.63241902433764
"PA WesternPA 2019 D20  (Venango, QL2)",Venango 2020-03,17TPG613605,13.5,112411,99.71533035023263
"PA WesternPA 2019 D20  (Venango, QL2)",Venango 2020-03,17TPG613605,14.5,113713,99.73969554932154
"PA WesternPA 2019 D20  (Venango, QL2)",Venango 2020-03,17TPG613605,15.5,118200,99.79357021996616
"PA WesternPA 2019 D20  (Venango, QL2)",Venango 2020-03,17TPG613605,16.5,126847,96.35229843827602
"PA WesternPA 2019 D20  (Venango, QL2)",Venango 2020-03,17TPG613605,17.5,144919,92.62139540018909
"PA WesternPA 2019 D20  (Venango, QL2)",Venango 2020-03,17TPG613605,18.5,203561,0.0
"PA WesternPA 2019 D20  (Venango, QL2)",Venango 2020-03,17TPG613605,19.5,220266,0.0
"PA WesternPA 2019 D20  (Venango, QL2)",Venango 2020-03,17TPG613602,0.5,91811,98.703859014715
"PA WesternPA 2019 D20  (Venango, QL2)",Venango 2020-03,17TPG613602,1.5,94359,98.8480166173868
"PA WesternPA 2019 D20  (Venango, QL2)",Venango 2020-03,17TPG613602,2.5,95736,98.83951700509736
"PA WesternPA 2019 D20  (Venango, QL2)",Venango 2020-03,17TPG613602,3.5,96207,98.94706206409096
"PA WesternPA 2019 D20  (Venango, QL2)",Venango 2020-03,17TPG613602,4.5,97714,98.91110792721616
"PA WesternPA 2019 D20  (Venango, QL2)",Venango 2020-03,17TPG613602,5.5,98412,98.73999105800104
"PA WesternPA 2019 D20  (Venango, QL2)",Venango 2020-03,17TPG613602,6.5,99889,98.8056742984713
"PA WesternPA 2019 D20  (Venango, QL2)",Venango 2020-03,17TPG613602,7.5,101573,98.88356157640318
"PA WesternPA 2019 D20  (Venango, QL2)",Venango 2020-03,17TPG613602,8.5,99414,98.88043937473596
"PA WesternPA 2019 D20  (Venango, QL2)",Venango 2020-03,17TPG613602,9.5,113537,99.15798374098313
"PA WesternPA 2019 D20  (Venango, QL2)",Venango 2020-03,17TPG613602,10.5,141059,99.4286078874797
"PA WesternPA 2019 D20  (Venango, QL2)",Venango 2020-03,17TPG613602,11.5,107322,99.45118428653956
"PA WesternPA 2019 D20  (Venango, QL2)",Venango 2020-03,17TPG613602,12.5,108569,99.30458970792768
"PA WesternPA 2019 D20  (Venango, QL2)",Venango 2020-03,17TPG613602,13.5,109118,99.22011033926574
"PA WesternPA 2019 D20  (Venango, QL2)",Venango 2020-03,17TPG613602,14.5,109689,99.18405674224398
"PA WesternPA 2019 D20  (Venango, QL2)",Venango 2020-03,17TPG613602,15.5,112834,98.64579825229984
"PA WesternPA 2019 D20  (Venango, QL2)",Venango 2020-03,17TPG613602,16.5,121231,92.62152419760622
"PA WesternPA 2019 D20  (Venango, QL2)",Venango 2020-03,17TPG613602,17.5,138846,91.76497702490528
"PA WesternPA 2019 D20  (Venango, QL2)",Venango 2020-03,17TPG613602,18.5,196400,0.0
"PA WesternPA 2019 D20  (Venango, QL2)",Venango 2020-03,17TPG613602,19.5,200074,0.0
"PA WesternPA 2019 D20  (Venango, QL2)",Venango 2020-03,17TPG613603,0.5,103703,98.8187419843206
"PA WesternPA 2019 D20  (Venango, QL2)",Venango 2020-03,17TPG613603,1.5,102111,98.8630020272057
"PA WesternPA 2019 D20  (Venango, QL2)",Venango 2020-03,17TPG613603,2.5,100765,98.7594899022478
"PA WesternPA 2019 D20  (Venango, QL2)",Venango 2020-03,17TPG613603,3.5,98551,98.47490132012868
"PA WesternPA 2019 D20  (Venango, QL2)",Venango 2020-03,17TPG613603,4.5,95964,98.20557709140928
"PA WesternPA 2019 D20  (Venango, QL2)",Venango 2020-03,17TPG613603,5.5,89493,98.21885510598597
"PA WesternPA 2019 D20  (Venango, QL2)",Venango 2020-03,17TPG613603,6.5,85830,98.2302225329139
"PA WesternPA 2019 D20  (Venango, QL2)",Venango 2020-03,17TPG613603,7.5,88183,98.15610718619236
"PA WesternPA 2019 D20  (Venango, QL2)",Venango 2020-03,17TPG613603,8.5,91772,97.94926557119818
"PA WesternPA 2019 D20  (Venango, QL2)",Venango 2020-03,17TPG613603,9.5,127435,98.05704869148978
"PA WesternPA 2019 D20  (Venango, QL2)",Venango 2020-03,17TPG613603,10.5,108119,99.0760180911773
"PA WesternPA 2019 D20  (Venango, QL2)",Venango 2020-03,17TPG613603,11.5,101369,99.24631790784166
"PA WesternPA 2019 D20  (Venango, QL2)",Venango 2020-03,17TPG613603,12.5,102152,99.2452423838985
"PA WesternPA 2019 D20  (Venango, QL2)",Venango 2020-03,17TPG613603,13.5,102981,99.161981336363
"PA WesternPA 2019 D20  (Venango, QL2)",Venango 2020-03,17TPG613603,14.5,105240,99.12770809578107
"PA WesternPA 2019 D20  (Venango, QL2)",Venango 2020-03,17TPG613603,15.5,107320,98.39172568020872
"PA WesternPA 2019 D20  (Venango, QL2)",Venango 2020-03,17TPG613603,16.5,115852,93.06011117632842
"PA WesternPA 2019 D20  (Venango, QL2)",Venango 2020-03,17TPG613603,17.5,132940,91.89032646306605
"PA WesternPA 2019 D20  (Venango, QL2)",Venango 2020-03,17TPG613603,18.5,187238,0.0
"PA WesternPA 2019 D20  (Venango, QL2)",Venango 2020-03,17TPG613603,19.5,181460,0.0
"PA WesternPA 2019 D20  (Venango, QL2)",Venango 2020-03,17TPG613606,0.5,102496,98.66824071183264
"PA WesternPA 2019 D20  (Venango, QL2)",Venango 2020-03,17TPG613606,1.5,101072,98.9077093557068
"PA WesternPA 2019 D20  (Venango, QL2)",Venango 2020-03,17TPG613606,2.5,100880,98.97601110229976
"PA WesternPA 2019 D20  (Venango, QL2)",Venango 2020-03,17TPG613606,3.5,98935,98.95284782938292
"PA WesternPA 2019 D20  (Venango, QL2)",Venango 2020-03,17TPG613606,4.5,99230,98.73123047465484
"PA WesternPA 2019 D20  (Venango, QL2)",Venango 2020-03,17TPG613606,5.5,98740,98.70771723718858
"PA WesternPA 2019 D20  (Venango, QL2)",Venango 2020-03,17TPG613606,6.5,101360,98.62273086029992
"PA WesternPA 2019 D20  (Venango, QL2)",Venango 2020-03,17TPG613606,7.5,112508,98.48899633803818
"PA WesternPA 2019 D20  (Venango, QL2)",Venango 2020-03,17TPG613606,8.5,121734,98.86884518704716
"PA WesternPA 2019 D20  (Venango, QL2)",Venango 2020-03,17TPG613606,9.5,98838,98.67257532527977
"PA WesternPA 2019 D20  (Venango, QL2)",Venango 2020-03,17TPG613606,10.5,92959,98.42618788928452
"PA WesternPA 2019 D20  (Venango, QL2)",Venango 2020-03,17TPG613606,11.5,91065,98.53511228243562
"PA WesternPA 2019 D20  (Venango, QL2)",Venango 2020-03,17TPG613606,12.5,92076,98.3643946305226
"PA WesternPA 2019 D20  (Venango, QL2)",Venango 2020-03,17TPG613606,13.5,96632,98.32560642437288
"PA WesternPA 2019 D20  (Venango, QL2)",Venango 2020-03,17TPG613606,14.5,99093,97.91912647714771
"PA WesternPA 2019 D20  (Venango, QL2)",Venango 2020-03,17TPG613606,15.5,104881,95.97067152296412
"PA WesternPA 2019 D20  (Venango, QL2)",Venango 2020-03,17TPG613606,16.5,116928,89.72957717569786
"PA WesternPA 2019 D20  (Venango, QL2)",Venango 2020-03,17TPG613606,17.5,136670,88.77515182556523
"PA WesternPA 2019 D20  (Venango, QL2)",Venango 2020-03,17TPG613606,18.5,203519,0.0
"PA WesternPA 2019 D20  (Venango, QL2)",Venango 2020-03,17TPG613606,19.5,108069,0.0
"PA WesternPA 2019 D20  (Venango, QL2)",Venango 2020-03,17TPG615600,0.5,114732,99.25565666073982
"PA WesternPA 2019 D20  (Venango, QL2)",Venango 2020-03,17TPG615600,1.5,114849,99.07356616078503
"PA WesternPA 2019 D20  (Venango, QL2)",Venango 2020-03,17TPG615600,2.5,113667,98.87214406995874
"PA WesternPA 2019 D20  (Venango, QL2)",Venango 2020-03,17TPG615600,3.5,114398,98.99736009370793
"PA WesternPA 2019 D20  (Venango, QL2)",Venango 2020-03,17TPG615600,4.5,114399,99.01834806248306
"PA WesternPA 2019 D20  (Venango, QL2)",Venango 2020-03,17TPG615600,5.5,112955,99.10760922491258
"PA WesternPA 2019 D20  (Venango, QL2)",Venango 2020-03,17TPG615600,6.5,113624,99.55379145251004
"PA WesternPA 2019 D20  (Venango, QL2)",Venango 2020-03,17TPG615600,7.5,132070,99.49193609449534
"PA WesternPA 2019 D20  (Venango, QL2)",Venango 2020-03,17TPG615600,8.5,165328,99.34372882996226
"PA WesternPA 2019 D20  (Venango, QL2)",Venango 2020-03,17TPG615600,9.5,165153,99.36725339533643
"PA WesternPA 2019 D20  (Venango, QL2)",Venango 2020-03,17TPG615600,10.5,115740,99.45999654397788
"PA WesternPA 2019 D20  (Venango, QL2)",Venango 2020-03,17TPG615600,11.5,111285,99.52374533854518
"PA WesternPA 2019 D20  (Venango, QL2)",Venango 2020-03,17TPG615600,12.5,111805,99.40879209337686
"PA WesternPA 2019 D20  (Venango, QL2)",Venango 2020-03,17TPG615600,13.5,111984,99.31329475639376
"PA WesternPA 2019 D20  (Venango, QL2)",Venango 2020-03,17TPG615600,14.5,112256,98.65664196123149
"PA WesternPA 2019 D20  (Venango, QL2)",Venango 2020-03,17TPG615600,15.5,117029,92.16604431380256
"PA WesternPA 2019 D20  (Venango, QL2)",Venango 2020-03,17TPG615600,16.5,124563,90.69787978773792
"PA WesternPA 2019 D20  (Venango, QL2)",Venango 2020-03,17TPG615600,17.5,143126,89.53998574682448
"PA WesternPA 2019 D20  (Venango, QL2)",Venango 2020-03,17TPG615600,18.5,204103,0.0
"PA WesternPA 2019 D20  (Venango, QL2)",Venango 2020-03,17TPG615600,19.5,197200,0.0
"PA WesternPA 2019 D20  (Venango, QL2)",Venango 2020-03,17TPG615602,0.5,102882,99.710347777065
"PA WesternPA 2019 D20  (Venango, QL2)",Venango 2020-03,17TPG615602,1.5,105290,99.6248456643556
"PA WesternPA 2019 D20  (Venango, QL2)",Venango 2020-03,17TPG615602,2.5,105939,99.657349984425
"PA WesternPA 2019 D20  (Venango, QL2)",Venango 2020-03,17TPG615602,3.5,106591,99.62191929900273
"PA WesternPA 2019 D20  (Venango, QL2)",Venango 2020-03,17TPG615602,4.5,106915,99.44161249590796
"PA WesternPA 2019 D20  (Venango, QL2)",Venango 2020-03,17TPG615602,5.5,105982,99.34705893453604
"PA WesternPA 2019 D20  (Venango, QL2)",Venango 2020-03,17TPG615602,6.5,106457,99.51905464178024
"PA WesternPA 2019 D20  (Venango, QL2)",Venango 2020-03,17TPG615602,7.5,147984,99.59657800843334
"PA WesternPA 2019 D20  (Venango, QL2)",Venango 2020-03,17TPG615602,8.5,157277,99.60769851917318
"PA WesternPA 2019 D20  (Venango, QL2)",Venango 2020-03,17TPG615602,9.5,145995,99.5801226069386
"PA WesternPA 2019 D20  (Venango, QL2)",Venango 2020-03,17TPG615602,10.5,104671,99.68377105406464
"PA WesternPA 2019 D20  (Venango, QL2)",Venango 2020-03,17TPG615602,11.5,103350,99.60716013546202
"PA WesternPA 2019 D20  (Venango, QL2)",Venango 2020-03,17TPG615602,12.5,104902,99.58151417513488
"PA WesternPA 2019 D20  (Venango, QL2)",Venango 2020-03,17TPG615602,13.5,105147,99.65857323556546
"PA WesternPA 2019 D20  (Venango, QL2)",Venango 2020-03,17TPG615602,14.5,105726,99.16955148213306
"PA WesternPA 2019 D20  (Venango, QL2)",Venango 2020-03,17TPG615602,15.5,109512,93.94769522974651
"PA WesternPA 2019 D20  (Venango, QL2)",Venango 2020-03,17TPG615602,16.5,116788,92.32883515429668
"PA WesternPA 2019 D20  (Venango, QL2)",Venango 2020-03,17TPG615602,17.5,131237,90.88290649740546
"PA WesternPA 2019 D20  (Venango, QL2)",Venango 2020-03,17TPG615602,18.5,176165,0.0
"PA WesternPA 2019 D20  (Venango, QL2)",Venango 2020-03,17TPG615602,19.5,228799,0.0
"PA WesternPA 2019 D20  (Venango, QL2)",Venango 2020-03,17TPG615605,0.5,112593,99.62697503397192
"PA WesternPA 2019 D20  (Venango, QL2)",Venango 2020-03,17TPG615605,1.5,111503,99.79731487045191
"PA WesternPA 2019 D20  (Venango, QL2)",Venango 2020-03,17TPG615605,2.5,112122,99.842136244448
"PA WesternPA 2019 D20  (Venango, QL2)",Venango 2020-03,17TPG615605,3.5,113178,99.76320486313594
"PA WesternPA 2019 D20  (Venango, QL2)",Venango 2020-03,17TPG615605,4.5,114520,99.80265455815578
"PA WesternPA 2019 D20  (Venango, QL2)",Venango 2020-03,17TPG615605,5.5,122459,99.80238283833772
"PA WesternPA 2019 D20  (Venango, QL2)",Venango 2020-03,17TPG615605,6.5,165359,99.74358819296198
"PA WesternPA 2019 D20  (Venango, QL2)",Venango 2020-03,17TPG615605,7.5,164710,99.67154392568756
"PA WesternPA 2019 D20  (Venango, QL2)",Venango 2020-03,17TPG615605,8.5,143935,99.7728141174836
"PA WesternPA 2019 D20  (Venango, QL2)",Venango 2020-03,17TPG615605,9.5,108854,99.7822771786062
"PA WesternPA 2019 D20  (Venango, QL2)",Venango 2020-03,17TPG615605,10.5,108576,99.76053639846744
"PA WesternPA 2019 D20  (Venango, QL2)",Venango 2020-03,17TPG615605,11.5,108672,99.80215694935218
"PA WesternPA 2019 D20  (Venango, QL2)",Venango 2020-03,17TPG615605,12.5,105092,99.63746051079056
"PA WesternPA 2019 D20  (Venango, QL2)",Venango 2020-03,17TPG615605,13.5,107004,99.4831968898359
"PA WesternPA 2019 D20  (Venango, QL2)",Venango 2020-03,17TPG615605,14.5,109345,98.69678540399651
"PA WesternPA 2019 D20  (Venango, QL2)",Venango 2020-03,17TPG615605,15.5,113740,94.4759978899244
"PA WesternPA 2019 D20  (Venango, QL2)",Venango 2020-03,17TPG615605,16.5,120942,92.5137669296026
"PA WesternPA 2019 D20  (Venango, QL2)",Venango 2020-03,17TPG615605,17.5,135074,90.23572264092276
"PA WesternPA 2019 D20  (Venango, QL2)",Venango 2020-03,17TPG615605,18.5,177391,0.0
"PA WesternPA 2019 D20  (Venango, QL2)",Venango 2020-03,17TPG615605,19.5,248700,0.0
"PA WesternPA 2019 D20  (Venango, QL2)",Venango 2020-03,17TPG615603,0.5,109362,99.84089537499314
"PA WesternPA 2019 D20  (Venango, QL2)",Venango 2020-03,17TPG615603,1.5,110087,99.88372832396196
"PA WesternPA 2019 D20  (Venango, QL2)",Venango 2020-03,17TPG615603,2.5,109709,99.82225706186368
"PA WesternPA 2019 D20  (Venango, QL2)",Venango 2020-03,17TPG615603,3.5,109958,99.6753305807672
"PA WesternPA 2019 D20  (Venango, QL2)",Venango 2020-03,17TPG615603,4.5,110212,99.65611730120132
"PA WesternPA 2019 D20  (Venango, QL2)",Venango 2020-03,17TPG615603,5.5,109248,99.64118336262447
"PA WesternPA 2019 D20  (Venango, QL2)",Venango 2020-03,17TPG615603,6.5,142019,99.6261063660496
"PA WesternPA 2019 D20  (Venango, QL2)",Venango 2020-03,17TPG615603,7.5,163773,99.55975649221789
"PA WesternPA 2019 D20  (Venango, QL2)",Venango 2020-03,17TPG615603,8.5,162423,99.49514539197035
"PA WesternPA 2019 D20  (Venango, QL2)",Venango 2020-03,17TPG615603,9.5,126367,99.61857130421708
"PA WesternPA 2019 D20  (Venango, QL2)",Venango 2020-03,17TPG615603,10.5,108346,99.66403928156092
"PA WesternPA 2019 D20  (Venango, QL2)",Venango 2020-03,17TPG615603,11.5,106527,99.70148413078374
"PA WesternPA 2019 D20  (Venango, QL2)",Venango 2020-03,17TPG615603,12.5,108430,99.6421654523656
"PA WesternPA 2019 D20  (Venango, QL2)",Venango 2020-03,17TPG615603,13.5,108442,99.66157024031278
"PA WesternPA 2019 D20  (Venango, QL2)",Venango 2020-03,17TPG615603,14.5,108729,97.5057252434953
"PA WesternPA 2019 D20  (Venango, QL2)",Venango 2020-03,17TPG615603,15.5,114358,93.06913377288863
"PA WesternPA 2019 D20  (Venango, QL2)",Venango 2020-03,17TPG615603,16.5,120510,91.90025724006308
"PA WesternPA 2019 D20  (Venango, QL2)",Venango 2020-03,17TPG615603,17.5,137092,90.24742508680302
"PA WesternPA 2019 D20  (Venango, QL2)",Venango 2020-03,17TPG615603,18.5,185996,0.0
"PA WesternPA 2019 D20  (Venango, QL2)",Venango 2020-03,17TPG615603,19.5,235211,0.0
"PA WesternPA 2019 D20  (Venango, QL2)",Venango 2020-03,17TPG615606,0.5,108654,98.63511697682551
"PA WesternPA 2019 D20  (Venango, QL2)",Venango 2020-03,17TPG615606,1.5,107462,98.77165881893134
"PA WesternPA 2019 D20  (Venango, QL2)",Venango 2020-03,17TPG615606,2.5,106657,98.71269583806033
"PA WesternPA 2019 D20  (Venango, QL2)",Venango 2020-03,17TPG615606,3.5,104537,98.76790036063788
"PA WesternPA 2019 D20  (Venango, QL2)",Venango 2020-03,17TPG615606,4.5,102386,98.81429101634988
"PA WesternPA 2019 D20  (Venango, QL2)",Venango 2020-03,17TPG615606,5.5,136285,99.01456506585464
"PA WesternPA 2019 D20  (Venango, QL2)",Venango 2020-03,17TPG615606,6.5,154975,99.0153250524278
"PA WesternPA 2019 D20  (Venango, QL2)",Venango 2020-03,17TPG615606,7.5,143506,99.1401056401823
"PA WesternPA 2019 D20  (Venango, QL2)",Venango 2020-03,17TPG615606,8.5,111072,99.29415154134256
"PA WesternPA 2019 D20  (Venango, QL2)",Venango 2020-03,17TPG615606,9.5,105710,99.16942578753194
"PA WesternPA 2019 D20  (Venango, QL2)",Venango 2020-03,17TPG615606,10.5,104735,98.93158924905714
"PA WesternPA 2019 D20  (Venango, QL2)",Venango 2020-03,17TPG615606,11.5,104079,99.00075903880706
"PA WesternPA 2019 D20  (Venango, QL2)",Venango 2020-03,17TPG615606,12.5,106448,98.98448068540507
"PA WesternPA 2019 D20  (Venango, QL2)",Venango 2020-03,17TPG615606,13.5,108834,98.9865299446864
"PA WesternPA 2019 D20  (Venango, QL2)",Venango 2020-03,17TPG615606,14.5,108252,96.9968222296124
"PA WesternPA 2019 D20  (Venango, QL2)",Venango 2020-03,17TPG615606,15.5,112208,92.02463282475402
"PA WesternPA 2019 D20  (Venango, QL2)",Venango 2020-03,17TPG615606,16.5,120604,90.81290836124838
"PA WesternPA 2019 D20  (Venango, QL2)",Venango 2020-03,17TPG615606,17.5,136244,89.19952438272512
"PA WesternPA 2019 D20  (Venango, QL2)",Venango 2020-03,17TPG615606,18.5,188050,0.0
"PA WesternPA 2019 D20  (Venango, QL2)",Venango 2020-03,17TPG615606,19.5,206558,0.0
"PA WesternPA 2019 D20  (Venango, QL2)",Venango 2020-03,17TPG615608,0.5,106265,97.72455653319533
"PA WesternPA 2019 D20  (Venango, QL2)",Venango 2020-03,17TPG615608,1.5,106945,97.52583103464396
"PA WesternPA 2019 D20  (Venango, QL2)",Venango 2020-03,17TPG615608,2.5,106717,97.58707609846604
"PA WesternPA 2019 D20  (Venango, QL2)",Venango 2020-03,17TPG615608,3.5,106977,98.19680865980538
"PA WesternPA 2019 D20  (Venango, QL2)",Venango 2020-03,17TPG615608,4.5,138365,98.58273407292306
"PA WesternPA 2019 D20  (Venango, QL2)",Venango 2020-03,17TPG615608,5.5,157517,98.7169638832634
"PA WesternPA 2019 D20  (Venango, QL2)",Venango 2020-03,17TPG615608,6.5,148366,98.6418721270372
"PA WesternPA 2019 D20  (Venango, QL2)",Venango 2020-03,17TPG615608,7.5,110140,98.78155075358634
"PA WesternPA 2019 D20  (Venango, QL2)",Venango 2020-03,17TPG615608,8.5,103379,98.56740730709332
"PA WesternPA 2019 D20  (Venango, QL2)",Venango 2020-03,17TPG615608,9.5,102170,98.55241264559068
"PA WesternPA 2019 D20  (Venango, QL2)",Venango 2020-03,17TPG615608,10.5,103034,98.28017935827008
"PA WesternPA 2019 D20  (Venango, QL2)",Venango 2020-03,17TPG615608,11.5,103684,98.2340573280352
"PA WesternPA 2019 D20  (Venango, QL2)",Venango 2020-03,17TPG615608,12.5,105399,97.92977162971188
"PA WesternPA 2019 D20  (Venango, QL2)",Venango 2020-03,17TPG615608,13.5,106915,97.66824112612824
"PA WesternPA 2019 D20  (Venango, QL2)",Venango 2020-03,17TPG615608,14.5,108158,93.90336359769968
"PA WesternPA 2019 D20  (Venango, QL2)",Venango 2020-03,17TPG615608,15.5,113615,90.0048409100911
"PA WesternPA 2019 D20  (Venango, QL2)",Venango 2020-03,17TPG615608,16.5,122805,89.0949065591792
"PA WesternPA 2019 D20  (Venango, QL2)",Venango 2020-03,17TPG615608,17.5,142008,87.66337107768575
"PA WesternPA 2019 D20  (Venango, QL2)",Venango 2020-03,17TPG615608,18.5,225437,0.0
"PA WesternPA 2019 D20  (Venango, QL2)",Venango 2020-03,17TPG615608,19.5,134421,0.0
"PA WesternPA 2019 D20  (Venango, QL2)",Venango 2020-03,17TPG616600,0.5,108046,99.28178738685376
"PA WesternPA 2019 D20  (Venango, QL2)",Venango 2020-03,17TPG616600,1.5,108737,99.22013666001452
"PA WesternPA 2019 D20  (Venango, QL2)",Venango 2020-03,17TPG616600,2.5,108524,99.23703512587078
"PA WesternPA 2019 D20  (Venango, QL2)",Venango 2020-03,17TPG616600,3.5,108540,99.22793440206377
"PA WesternPA 2019 D20  (Venango, QL2)",Venango 2020-03,17TPG616600,4.5,109307,99.1006980339777
"PA WesternPA 2019 D20  (Venango, QL2)",Venango 2020-03,17TPG616600,5.5,108688,99.20598410128072
"PA WesternPA 2019 D20  (Venango, QL2)",Venango 2020-03,17TPG616600,6.5,124097,99.09022780566816
"PA WesternPA 2019 D20  (Venango, QL2)",Venango 2020-03,17TPG616600,7.5,139126,99.02893779739227
"PA WesternPA 2019 D20  (Venango, QL2)",Venango 2020-03,17TPG616600,8.5,109310,98.70643125057175
"PA WesternPA 2019 D20  (Venango, QL2)",Venango 2020-03,17TPG616600,9.5,110231,99.08192795130226
"PA WesternPA 2019 D20  (Venango, QL2)",Venango 2020-03,17TPG616600,10.5,110103,99.23526152784213
"PA WesternPA 2019 D20  (Venango, QL2)",Venango 2020-03,17TPG616600,11.5,109555,98.9977636803432
"PA WesternPA 2019 D20  (Venango, QL2)",Venango 2020-03,17TPG616600,12.5,110576,99.06399218636956
"PA WesternPA 2019 D20  (Venango, QL2)",Venango 2020-03,17TPG616600,13.5,110250,98.96689342403629
"PA WesternPA 2019 D20  (Venango, QL2)",Venango 2020-03,17TPG616600,14.5,110561,99.08376371414876
"PA WesternPA 2019 D20  (Venango, QL2)",Venango 2020-03,17TPG616600,15.5,114184,97.61087367757304
"PA WesternPA 2019 D20  (Venango, QL2)",Venango 2020-03,17TPG616600,16.5,121731,92.47849767109446
"PA WesternPA 2019 D20  (Venango, QL2)",Venango 2020-03,17TPG616600,17.5,137063,89.98635663891787
"PA WesternPA 2019 D20  (Venango, QL2)",Venango 2020-03,17TPG616600,18.5,182211,0.0
"PA WesternPA 2019 D20  (Venango, QL2)",Venango 2020-03,17TPG616600,19.5,244885,0.0
"PA WesternPA 2019 D20  (Venango, QL2)",Venango 2020-03,17TPG616603,0.5,107643,99.52806963759836
"PA WesternPA 2019 D20  (Venango, QL2)",Venango 2020-03,17TPG616603,1.5,108050,99.5428042572883
"PA WesternPA 2019 D20  (Venango, QL2)",Venango 2020-03,17TPG616603,2.5,107909,99.57000806234883
"PA WesternPA 2019 D20  (Venango, QL2)",Venango 2020-03,17TPG616603,3.5,108154,99.53122399541394
"PA WesternPA 2019 D20  (Venango, QL2)",Venango 2020-03,17TPG616603,4.5,110025,99.47012042717564
"PA WesternPA 2019 D20  (Venango, QL2)",Venango 2020-03,17TPG616603,5.5,152827,99.45951958750744
"PA WesternPA 2019 D20  (Venango, QL2)",Venango 2020-03,17TPG616603,6.5,130435,99.5653007244988
"PA WesternPA 2019 D20  (Venango, QL2)",Venango 2020-03,17TPG616603,7.5,107629,99.4638991349915
"PA WesternPA 2019 D20  (Venango, QL2)",Venango 2020-03,17TPG616603,8.5,106499,99.36525225588971
"PA WesternPA 2019 D20  (Venango, QL2)",Venango 2020-03,17TPG616603,9.5,107322,99.2946460185237
"PA WesternPA 2019 D20  (Venango, QL2)",Venango 2020-03,17TPG616603,10.5,107247,99.3883278786353
"PA WesternPA 2019 D20  (Venango, QL2)",Venango 2020-03,17TPG616603,11.5,106732,99.36007945133606
"PA WesternPA 2019 D20  (Venango, QL2)",Venango 2020-03,17TPG616603,12.5,107577,99.20707958020768
"PA WesternPA 2019 D20  (Venango, QL2)",Venango 2020-03,17TPG616603,13.5,109266,99.17174601431368
"PA WesternPA 2019 D20  (Venango, QL2)",Venango 2020-03,17TPG616603,14.5,109838,99.24889382545204
"PA WesternPA 2019 D20  (Venango, QL2)",Venango 2020-03,17TPG616603,15.5,113332,97.3987929269756
"PA WesternPA 2019 D20  (Venango, QL2)",Venango 2020-03,17TPG616603,16.5,120254,90.30718312904352
"PA WesternPA 2019 D20  (Venango, QL2)",Venango 2020-03,17TPG616603,17.5,134984,89.36985124162864
"PA WesternPA 2019 D20  (Venango, QL2)",Venango 2020-03,17TPG616603,18.5,176897,0.0
"PA WesternPA 2019 D20  (Venango, QL2)",Venango 2020-03,17TPG616603,19.5,262181,0.0
"PA WesternPA 2019 D20  (Venango, QL2)",Venango 2020-03,17TPG616605,0.5,103316,99.61670989972512
"PA WesternPA 2019 D20  (Venango, QL2)",Venango 2020-03,17TPG616605,1.5,103193,99.7654879691452
"PA WesternPA 2019 D20  (Venango, QL2)",Venango 2020-03,17TPG616605,2.5,104309,99.83031186187192
"PA WesternPA 2019 D20  (Venango, QL2)",Venango 2020-03,17TPG616605,3.5,105527,99.7526699328134
"PA WesternPA 2019 D20  (Venango, QL2)",Venango 2020-03,17TPG616605,4.5,124312,99.7602805843362
"PA WesternPA 2019 D20  (Venango, QL2)",Venango 2020-03,17TPG616605,5.5,144206,99.6830922430412
"PA WesternPA 2019 D20  (Venango, QL2)",Venango 2020-03,17TPG616605,6.5,105428,99.68509314413627
"PA WesternPA 2019 D20  (Venango, QL2)",Venango 2020-03,17TPG616605,7.5,105744,99.71913300045394
"PA WesternPA 2019 D20  (Venango, QL2)",Venango 2020-03,17TPG616605,8.5,104642,99.673171384339
"PA WesternPA 2019 D20  (Venango, QL2)",Venango 2020-03,17TPG616605,9.5,102749,99.72846451060352
"PA WesternPA 2019 D20  (Venango, QL2)",Venango 2020-03,17TPG616605,10.5,105050,99.58495954307472
"PA WesternPA 2019 D20  (Venango, QL2)",Venango 2020-03,17TPG616605,11.5,105116,99.75550820046423
"PA WesternPA 2019 D20  (Venango, QL2)",Venango 2020-03,17TPG616605,12.5,104369,99.7269304103709
"PA WesternPA 2019 D20  (Venango, QL2)",Venango 2020-03,17TPG616605,13.5,105771,99.7362225940948
"PA WesternPA 2019 D20  (Venango, QL2)",Venango 2020-03,17TPG616605,14.5,105735,99.71627181160449
"PA WesternPA 2019 D20  (Venango, QL2)",Venango 2020-03,17TPG616605,15.5,108484,99.63957818664504
"PA WesternPA 2019 D20  (Venango, QL2)",Venango 2020-03,17TPG616605,16.5,112597,93.31065658942956
"PA WesternPA 2019 D20  (Venango, QL2)",Venango 2020-03,17TPG616605,17.5,120834,90.91977423572835
"PA WesternPA 2019 D20  (Venango, QL2)",Venango 2020-03,17TPG616605,18.5,163558,0.0
"PA WesternPA 2019 D20  (Venango, QL2)",Venango 2020-03,17TPG616605,19.5,264273,0.0
"PA WesternPA 2019 D20  (Venango, QL2)",Venango 2020-03,17TPG616602,0.5,102443,99.31669318547875
"PA WesternPA 2019 D20  (Venango, QL2)",Venango 2020-03,17TPG616602,1.5,102943,99.31904063413734
"PA WesternPA 2019 D20  (Venango, QL2)",Venango 2020-03,17TPG616602,2.5,102102,99.43487884664354
"PA WesternPA 2019 D20  (Venango, QL2)",Venango 2020-03,17TPG616602,3.5,102687,99.54132460778872
"PA WesternPA 2019 D20  (Venango, QL2)",Venango 2020-03,17TPG616602,4.5,102940,99.530794637653
"PA WesternPA 2019 D20  (Venango, QL2)",Venango 2020-03,17TPG616602,5.5,117271,99.56255169649786
"PA WesternPA 2019 D20  (Venango, QL2)",Venango 2020-03,17TPG616602,6.5,154352,99.56787084067584
"PA WesternPA 2019 D20  (Venango, QL2)",Venango 2020-03,17TPG616602,7.5,114478,99.39464351229056
"PA WesternPA 2019 D20  (Venango, QL2)",Venango 2020-03,17TPG616602,8.5,103485,99.47142097888585
"PA WesternPA 2019 D20  (Venango, QL2)",Venango 2020-03,17TPG616602,9.5,102921,99.434517736905
"PA WesternPA 2019 D20  (Venango, QL2)",Venango 2020-03,17TPG616602,10.5,102557,99.42861043127238
"PA WesternPA 2019 D20  (Venango, QL2)",Venango 2020-03,17TPG616602,11.5,102863,99.45072572256302
"PA WesternPA 2019 D20  (Venango, QL2)",Venango 2020-03,17TPG616602,12.5,101573,99.36794226812243
"PA WesternPA 2019 D20  (Venango, QL2)",Venango 2020-03,17TPG616602,13.5,100501,99.29353936776748
"PA WesternPA 2019 D20  (Venango, QL2)",Venango 2020-03,17TPG616602,14.5,99210,99.05957060780165
"PA WesternPA 2019 D20  (Venango, QL2)",Venango 2020-03,17TPG616602,15.5,103191,95.56744289715188
"PA WesternPA 2019 D20  (Venango, QL2)",Venango 2020-03,17TPG616602,16.5,108537,90.54423837032532
"PA WesternPA 2019 D20  (Venango, QL2)",Venango 2020-03,17TPG616602,17.5,120284,90.04688902929733
"PA WesternPA 2019 D20  (Venango, QL2)",Venango 2020-03,17TPG616602,18.5,153999,0.0
"PA WesternPA 2019 D20  (Venango, QL2)",Venango 2020-03,17TPG616602,19.5,239245,0.0
"PA WesternPA 2019 D20  (Venango, QL2)",Venango 2020-03,17TPG616606,0.5,110607,99.79838527398807
"PA WesternPA 2019 D20  (Venango, QL2)",Venango 2020-03,17TPG616606,1.5,111698,99.7860301885441
"PA WesternPA 2019 D20  (Venango, QL2)",Venango 2020-03,17TPG616606,2.5,110759,99.72553020522037
"PA WesternPA 2019 D20  (Venango, QL2)",Venango 2020-03,17TPG616606,3.5,117420,99.61676034747062
"PA WesternPA 2019 D20  (Venango, QL2)",Venango 2020-03,17TPG616606,4.5,165760,99.7043918918919
"PA WesternPA 2019 D20  (Venango, QL2)",Venango 2020-03,17TPG616606,5.5,131492,99.80607185227998
"PA WesternPA 2019 D20  (Venango, QL2)",Venango 2020-03,17TPG616606,6.5,113567,99.78426831738092
"PA WesternPA 2019 D20  (Venango, QL2)",Venango 2020-03,17TPG616606,7.5,113343,99.7626673019066
"PA WesternPA 2019 D20  (Venango, QL2)",Venango 2020-03,17TPG616606,8.5,113413,99.71520019750822
"PA WesternPA 2019 D20  (Venango, QL2)",Venango 2020-03,17TPG616606,9.5,113578,99.65046047650074
"PA WesternPA 2019 D20  (Venango, QL2)",Venango 2020-03,17TPG616606,10.5,113433,99.60064531485546
"PA WesternPA 2019 D20  (Venango, QL2)",Venango 2020-03,17TPG616606,11.5,112195,99.45897767280182
"PA WesternPA 2019 D20  (Venango, QL2)",Venango 2020-03,17TPG616606,12.5,112140,99.4159086855716
"PA WesternPA 2019 D20  (Venango, QL2)",Venango 2020-03,17TPG616606,13.5,112057,99.4092292315518
"PA WesternPA 2019 D20  (Venango, QL2)",Venango 2020-03,17TPG616606,14.5,112538,99.322006788818
"PA WesternPA 2019 D20  (Venango, QL2)",Venango 2020-03,17TPG616606,15.5,117742,98.51200081534202
"PA WesternPA 2019 D20  (Venango, QL2)",Venango 2020-03,17TPG616606,16.5,126090,90.25299389325086
"PA WesternPA 2019 D20  (Venango, QL2)",Venango 2020-03,17TPG616606,17.5,141822,89.9127074783884
"PA WesternPA 2019 D20  (Venango, QL2)",Venango 2020-03,17TPG616606,18.5,186205,0.0
"PA WesternPA 2019 D20  (Venango, QL2)",Venango 2020-03,17TPG616606,19.5,249492,0.0
"PA WesternPA 2019 D20  (Venango, QL2)",Venango 2020-03,17TPG616608,0.5,100088,99.34557589321396
"PA WesternPA 2019 D20  (Venango, QL2)",Venango 2020-03,17TPG616608,1.5,101924,99.27887445547664
"PA WesternPA 2019 D20  (Venango, QL2)",Venango 2020-03,17TPG616608,2.5,104856,99.13118944075686
"PA WesternPA 2019 D20  (Venango, QL2)",Venango 2020-03,17TPG616608,3.5,138383,98.90665760967748
"PA WesternPA 2019 D20  (Venango, QL2)",Venango 2020-03,17TPG616608,4.5,122396,98.94114186738128
"PA WesternPA 2019 D20  (Venango, QL2)",Venango 2020-03,17TPG616608,5.5,99247,98.85336584481142
"PA WesternPA 2019 D20  (Venango, QL2)",Venango 2020-03,17TPG616608,6.5,97978,98.59152054542857
"PA WesternPA 2019 D20  (Venango, QL2)",Venango 2020-03,17TPG616608,7.5,98657,98.20590530829034
"PA WesternPA 2019 D20  (Venango, QL2)",Venango 2020-03,17TPG616608,8.5,99272,97.84430655169636
"PA WesternPA 2019 D20  (Venango, QL2)",Venango 2020-03,17TPG616608,9.5,101986,97.73792481320966
"PA WesternPA 2019 D20  (Venango, QL2)",Venango 2020-03,17TPG616608,10.5,101061,97.88543552903693
"PA WesternPA 2019 D20  (Venango, QL2)",Venango 2020-03,17TPG616608,11.5,102779,98.40142441549344
"PA WesternPA 2019 D20  (Venango, QL2)",Venango 2020-03,17TPG616608,12.5,103146,98.39063075640354
"PA WesternPA 2019 D20  (Venango, QL2)",Venango 2020-03,17TPG616608,13.5,103391,98.42829646681048
"PA WesternPA 2019 D20  (Venango, QL2)",Venango 2020-03,17TPG616608,14.5,108772,97.99213032765786
"PA WesternPA 2019 D20  (Venango, QL2)",Venango 2020-03,17TPG616608,15.5,111293,95.91169255928044
"PA WesternPA 2019 D20  (Venango, QL2)",Venango 2020-03,17TPG616608,16.5,118469,91.85947378639138
"PA WesternPA 2019 D20  (Venango, QL2)",Venango 2020-03,17TPG616608,17.5,142175,91.0525760506418
"PA WesternPA 2019 D20  (Venango, QL2)",Venango 2020-03,17TPG616608,18.5,231539,0.0
"PA WesternPA 2019 D20  (Venango, QL2)",Venango 2020-03,17TPG616608,19.5,115988,0.0
"PA WesternPA 2019 D20  (Venango, QL2)",Venango 2020-03,17TPG618600,0.5,108153,99.5395412055144
"PA WesternPA 2019 D20  (Venango, QL2)",Venango 2020-03,17TPG618600,1.5,108433,99.42084051903018
"PA WesternPA 2019 D20  (Venango, QL2)",Venango 2020-03,17TPG618600,2.5,107975,99.47210002315352
"PA WesternPA 2019 D20  (Venango, QL2)",Venango 2020-03,17TPG618600,3.5,110619,99.63749446297652
"PA WesternPA 2019 D20  (Venango, QL2)",Venango 2020-03,17TPG618600,4.5,144599,99.54978941763083
"PA WesternPA 2019 D20  (Venango, QL2)",Venango 2020-03,17TPG618600,5.5,159080,99.4908222278099
"PA WesternPA 2019 D20  (Venango, QL2)",Venango 2020-03,17TPG618600,6.5,145494,99.50719617303804
"PA WesternPA 2019 D20  (Venango, QL2)",Venango 2020-03,17TPG618600,7.5,110679,99.45337417215552
"PA WesternPA 2019 D20  (Venango, QL2)",Venango 2020-03,17TPG618600,8.5,104018,99.3443442481109
"PA WesternPA 2019 D20  (Venango, QL2)",Venango 2020-03,17TPG618600,9.5,104844,99.29132806836824
"PA WesternPA 2019 D20  (Venango, QL2)",Venango 2020-03,17TPG618600,10.5,105204,99.28139614463328
"PA WesternPA 2019 D20  (Venango, QL2)",Venango 2020-03,17TPG618600,11.5,104622,99.41312534648544
"PA WesternPA 2019 D20  (Venango, QL2)",Venango 2020-03,17TPG618600,12.5,105183,99.39819172299708
"PA WesternPA 2019 D20  (Venango, QL2)",Venango 2020-03,17TPG618600,13.5,105133,99.19054911397944
"PA WesternPA 2019 D20  (Venango, QL2)",Venango 2020-03,17TPG618600,14.5,105142,98.74075060394514
"PA WesternPA 2019 D20  (Venango, QL2)",Venango 2020-03,17TPG618600,15.5,108499,93.28104406492226
"PA WesternPA 2019 D20  (Venango, QL2)",Venango 2020-03,17TPG618600,16.5,114453,90.7245769005618
"PA WesternPA 2019 D20  (Venango, QL2)",Venango 2020-03,17TPG618600,17.5,126995,88.1782747352258
"PA WesternPA 2019 D20  (Venango, QL2)",Venango 2020-03,17TPG618600,18.5,161219,0.0
"PA WesternPA 2019 D20  (Venango, QL2)",Venango 2020-03,17TPG618600,19.5,265490,0.0
"PA WesternPA 2019 D20  (Venango, QL2)",Venango 2020-03,17TPG618600,20.5,192,0.0
"PA WesternPA 2019 D20  (Venango, QL2)",Venango 2020-03,17TPG618603,0.5,101718,99.85056725456654
"PA WesternPA 2019 D20  (Venango, QL2)",Venango 2020-03,17TPG618603,1.5,102427,99.81059681529284
"PA WesternPA 2019 D20  (Venango, QL2)",Venango 2020-03,17TPG618603,2.5,108100,99.7890841813136
"PA WesternPA 2019 D20  (Venango, QL2)",Venango 2020-03,17TPG618603,3.5,151725,99.70670621189652
"PA WesternPA 2019 D20  (Venango, QL2)",Venango 2020-03,17TPG618603,4.5,160238,99.735393602017
"PA WesternPA 2019 D20  (Venango, QL2)",Venango 2020-03,17TPG618603,5.5,115810,99.77463086089284
"PA WesternPA 2019 D20  (Venango, QL2)",Venango 2020-03,17TPG618603,6.5,107734,99.78465479792824
"PA WesternPA 2019 D20  (Venango, QL2)",Venango 2020-03,17TPG618603,7.5,109000,99.7697247706422
"PA WesternPA 2019 D20  (Venango, QL2)",Venango 2020-03,17TPG618603,8.5,108709,99.76818846645632
"PA WesternPA 2019 D20  (Venango, QL2)",Venango 2020-03,17TPG618603,9.5,108379,99.73887930318604
"PA WesternPA 2019 D20  (Venango, QL2)",Venango 2020-03,17TPG618603,10.5,107148,99.72001343935491
"PA WesternPA 2019 D20  (Venango, QL2)",Venango 2020-03,17TPG618603,11.5,107913,99.62933103518576
"PA WesternPA 2019 D20  (Venango, QL2)",Venango 2020-03,17TPG618603,12.5,108368,99.72039716521482
"PA WesternPA 2019 D20  (Venango, QL2)",Venango 2020-03,17TPG618603,13.5,108603,99.6022209331234
"PA WesternPA 2019 D20  (Venango, QL2)",Venango 2020-03,17TPG618603,14.5,108119,99.55511982167796
"PA WesternPA 2019 D20  (Venango, QL2)",Venango 2020-03,17TPG618603,15.5,112542,97.48360612038172
"PA WesternPA 2019 D20  (Venango, QL2)",Venango 2020-03,17TPG618603,16.5,119172,90.81663477998188
"PA WesternPA 2019 D20  (Venango, QL2)",Venango 2020-03,17TPG618603,17.5,132189,89.63151245565062
"PA WesternPA 2019 D20  (Venango, QL2)",Venango 2020-03,17TPG618603,18.5,167198,0.0
"PA WesternPA 2019 D20  (Venango, QL2)",Venango 2020-03,17TPG618603,19.5,284521,0.0
"PA WesternPA 2019 D20  (Venango, QL2)",Venango 2020-03,17TPG618603,20.5,96,0.0
"PA WesternPA 2019 D20  (Venango, QL2)",Venango 2020-03,17TPG618602,0.5,108436,99.740860968682
"PA WesternPA 2019 D20  (Venango, QL2)",Venango 2020-03,17TPG618602,1.5,108577,99.70435727640292
"PA WesternPA 2019 D20  (Venango, QL2)",Venango 2020-03,17TPG618602,2.5,107923,99.71183158362908
"PA WesternPA 2019 D20  (Venango, QL2)",Venango 2020-03,17TPG618602,3.5,138693,99.6575169619231
"PA WesternPA 2019 D20  (Venango, QL2)",Venango 2020-03,17TPG618602,4.5,164093,99.56792794330045
"PA WesternPA 2019 D20  (Venango, QL2)",Venango 2020-03,17TPG618602,5.5,149482,99.54910959179033
"PA WesternPA 2019 D20  (Venango, QL2)",Venango 2020-03,17TPG618602,6.5,113114,99.64991070954966
"PA WesternPA 2019 D20  (Venango, QL2)",Venango 2020-03,17TPG618602,7.5,111616,99.6702981651376
"PA WesternPA 2019 D20  (Venango, QL2)",Venango 2020-03,17TPG618602,8.5,110660,99.71534429784928
"PA WesternPA 2019 D20  (Venango, QL2)",Venango 2020-03,17TPG618602,9.5,111649,99.7787709697355
"PA WesternPA 2019 D20  (Venango, QL2)",Venango 2020-03,17TPG618602,10.5,111093,99.785765079708
"PA WesternPA 2019 D20  (Venango, QL2)",Venango 2020-03,17TPG618602,11.5,110376,99.71823584837284
"PA WesternPA 2019 D20  (Venango, QL2)",Venango 2020-03,17TPG618602,12.5,111408,99.64454976303315
"PA WesternPA 2019 D20  (Venango, QL2)",Venango 2020-03,17TPG618602,13.5,111636,99.63631803360924
"PA WesternPA 2019 D20  (Venango, QL2)",Venango 2020-03,17TPG618602,14.5,112004,99.56162279918574
"PA WesternPA 2019 D20  (Venango, QL2)",Venango 2020-03,17TPG618602,15.5,115131,95.43302846322884
"PA WesternPA 2019 D20  (Venango, QL2)",Venango 2020-03,17TPG618602,16.5,121709,91.03928222235002
"PA WesternPA 2019 D20  (Venango, QL2)",Venango 2020-03,17TPG618602,17.5,135040,89.09286137440759
"PA WesternPA 2019 D20  (Venango, QL2)",Venango 2020-03,17TPG618602,18.5,175964,0.0
"PA WesternPA 2019 D20  (Venango, QL2)",Venango 2020-03,17TPG618602,19.5,280126,0.0
"PA WesternPA 2019 D20  (Venango, QL2)",Venango 2020-03,17TPG618605,0.5,99647,99.56245546780134
"PA WesternPA 2019 D20  (Venango, QL2)",Venango 2020-03,17TPG618605,1.5,101146,99.67967097067604
"PA WesternPA 2019 D20  (Venango, QL2)",Venango 2020-03,17TPG618605,2.5,136196,99.71144527005198
"PA WesternPA 2019 D20  (Venango, QL2)",Venango 2020-03,17TPG618605,3.5,146602,99.61869551575012
"PA WesternPA 2019 D20  (Venango, QL2)",Venango 2020-03,17TPG618605,4.5,128620,99.5786036386254
"PA WesternPA 2019 D20  (Venango, QL2)",Venango 2020-03,17TPG618605,5.5,99551,99.64641239163846
"PA WesternPA 2019 D20  (Venango, QL2)",Venango 2020-03,17TPG618605,6.5,100701,99.65640857588306
"PA WesternPA 2019 D20  (Venango, QL2)",Venango 2020-03,17TPG618605,7.5,100330,99.69500647862056
"PA WesternPA 2019 D20  (Venango, QL2)",Venango 2020-03,17TPG618605,8.5,100788,99.6755566138826
"PA WesternPA 2019 D20  (Venango, QL2)",Venango 2020-03,17TPG618605,9.5,100864,99.55286326142132
"PA WesternPA 2019 D20  (Venango, QL2)",Venango 2020-03,17TPG618605,10.5,101064,99.50922187920526
"PA WesternPA 2019 D20  (Venango, QL2)",Venango 2020-03,17TPG618605,11.5,100695,99.50047172153532
"PA WesternPA 2019 D20  (Venango, QL2)",Venango 2020-03,17TPG618605,12.5,100546,99.42812245141526
"PA WesternPA 2019 D20  (Venango, QL2)",Venango 2020-03,17TPG618605,13.5,99954,99.52678231986714
"PA WesternPA 2019 D20  (Venango, QL2)",Venango 2020-03,17TPG618605,14.5,99015,99.34050396404584
"PA WesternPA 2019 D20  (Venango, QL2)",Venango 2020-03,17TPG618605,15.5,104324,95.960661017599
"PA WesternPA 2019 D20  (Venango, QL2)",Venango 2020-03,17TPG618605,16.5,110286,91.09950492356236
"PA WesternPA 2019 D20  (Venango, QL2)",Venango 2020-03,17TPG618605,17.5,122492,89.7078992913823
"PA WesternPA 2019 D20  (Venango, QL2)",Venango 2020-03,17TPG618605,18.5,150138,0.0
"PA WesternPA 2019 D20  (Venango, QL2)",Venango 2020-03,17TPG618605,19.5,268822,0.0
"PA WesternPA 2019 D20  (Venango, QL2)",Venango 2020-03,17TPG618605,20.5,4835,0.0
"PA WesternPA 2019 D20  (Venango, QL2)",Venango 2020-03,17TPG618606,0.5,111416,98.92295541035398
"PA WesternPA 2019 D20  (Venango, QL2)",Venango 2020-03,17TPG618606,1.5,135648,99.27606746874262
"PA WesternPA 2019 D20  (Venango, QL2)",Venango 2020-03,17TPG618606,2.5,165239,99.34821682532574
"PA WesternPA 2019 D20  (Venango, QL2)",Venango 2020-03,17TPG618606,3.5,161609,99.14546838356776
"PA WesternPA 2019 D20  (Venango, QL2)",Venango 2020-03,17TPG618606,4.5,113186,98.86205007686463
"PA WesternPA 2019 D20  (Venango, QL2)",Venango 2020-03,17TPG618606,5.5,110104,98.81384872484198
"PA WesternPA 2019 D20  (Venango, QL2)",Venango 2020-03,17TPG618606,6.5,110962,98.56347217966513
"PA WesternPA 2019 D20  (Venango, QL2)",Venango 2020-03,17TPG618606,7.5,110000,98.4418181818182
"PA WesternPA 2019 D20  (Venango, QL2)",Venango 2020-03,17TPG618606,8.5,109293,98.2286148243712
"PA WesternPA 2019 D20  (Venango, QL2)",Venango 2020-03,17TPG618606,9.5,108582,98.09268571218068
"PA WesternPA 2019 D20  (Venango, QL2)",Venango 2020-03,17TPG618606,10.5,107379,98.22125369020011
"PA WesternPA 2019 D20  (Venango, QL2)",Venango 2020-03,17TPG618606,11.5,103716,98.46503914535847
"PA WesternPA 2019 D20  (Venango, QL2)",Venango 2020-03,17TPG618606,12.5,103633,98.35959588162072
"PA WesternPA 2019 D20  (Venango, QL2)",Venango 2020-03,17TPG618606,13.5,106065,98.1473624664121
"PA WesternPA 2019 D20  (Venango, QL2)",Venango 2020-03,17TPG618606,14.5,105965,96.0553012787241
"PA WesternPA 2019 D20  (Venango, QL2)",Venango 2020-03,17TPG618606,15.5,110292,90.62216661226562
"PA WesternPA 2019 D20  (Venango, QL2)",Venango 2020-03,17TPG618606,16.5,116687,88.10921525105626
"PA WesternPA 2019 D20  (Venango, QL2)",Venango 2020-03,17TPG618606,17.5,129435,86.55309614864603
"PA WesternPA 2019 D20  (Venango, QL2)",Venango 2020-03,17TPG618606,18.5,166553,0.0
"PA WesternPA 2019 D20  (Venango, QL2)",Venango 2020-03,17TPG618606,19.5,228385,0.0
"PA WesternPA 2019 D20  (Venango, QL2)",Venango 2020-03,17TPG618608,0.5,101041,98.56889777417088
"PA WesternPA 2019 D20  (Venango, QL2)",Venango 2020-03,17TPG618608,1.5,142942,98.61762113304697
"PA WesternPA 2019 D20  (Venango, QL2)",Venango 2020-03,17TPG618608,2.5,144923,98.65238781973876
"PA WesternPA 2019 D20  (Venango, QL2)",Venango 2020-03,17TPG618608,3.5,117418,98.69185303786472
"PA WesternPA 2019 D20  (Venango, QL2)",Venango 2020-03,17TPG618608,4.5,104026,98.5407494280276
"PA WesternPA 2019 D20  (Venango, QL2)",Venango 2020-03,17TPG618608,5.5,100974,98.47782597500348
"PA WesternPA 2019 D20  (Venango, QL2)",Venango 2020-03,17TPG618608,6.5,97149,98.26040412150408
"PA WesternPA 2019 D20  (Venango, QL2)",Venango 2020-03,17TPG618608,7.5,100717,97.99040876912537
"PA WesternPA 2019 D20  (Venango, QL2)",Venango 2020-03,17TPG618608,8.5,97883,97.36930825577475
"PA WesternPA 2019 D20  (Venango, QL2)",Venango 2020-03,17TPG618608,9.5,97221,96.86693204143135
"PA WesternPA 2019 D20  (Venango, QL2)",Venango 2020-03,17TPG618608,10.5,97001,96.50622158534448
"PA WesternPA 2019 D20  (Venango, QL2)",Venango 2020-03,17TPG618608,11.5,98740,96.01579906826008
"PA WesternPA 2019 D20  (Venango, QL2)",Venango 2020-03,17TPG618608,12.5,101086,95.98163939615772
"PA WesternPA 2019 D20  (Venango, QL2)",Venango 2020-03,17TPG618608,13.5,103778,97.4406907051591
"PA WesternPA 2019 D20  (Venango, QL2)",Venango 2020-03,17TPG618608,14.5,102887,90.9191637427469
"PA WesternPA 2019 D20  (Venango, QL2)",Venango 2020-03,17TPG618608,15.5,107050,88.7407753386268
"PA WesternPA 2019 D20  (Venango, QL2)",Venango 2020-03,17TPG618608,16.5,114839,87.42239134788704
"PA WesternPA 2019 D20  (Venango, QL2)",Venango 2020-03,17TPG618608,17.5,134561,87.15303839894175
"PA WesternPA 2019 D20  (Venango, QL2)",Venango 2020-03,17TPG618608,18.5,209294,0.0
"PA WesternPA 2019 D20  (Venango, QL2)",Venango 2020-03,17TPG618608,19.5,131613,0.0
"PA WesternPA 2019 D20  (Venango, QL2)",Venango 2020-03,17TPG619602,0.5,110096,99.382357215521
"PA WesternPA 2019 D20  (Venango, QL2)",Venango 2020-03,17TPG619602,1.5,114814,99.47567369832947
"PA WesternPA 2019 D20  (Venango, QL2)",Venango 2020-03,17TPG619602,2.5,163288,99.4114693057665
"PA WesternPA 2019 D20  (Venango, QL2)",Venango 2020-03,17TPG619602,3.5,136664,99.38462213896857
"PA WesternPA 2019 D20  (Venango, QL2)",Venango 2020-03,17TPG619602,4.5,111554,99.21741936640552
"PA WesternPA 2019 D20  (Venango, QL2)",Venango 2020-03,17TPG619602,5.5,110981,99.17283138555248
"PA WesternPA 2019 D20  (Venango, QL2)",Venango 2020-03,17TPG619602,6.5,111390,99.03312685160247
"PA WesternPA 2019 D20  (Venango, QL2)",Venango 2020-03,17TPG619602,7.5,110833,99.20059909954615
"PA WesternPA 2019 D20  (Venango, QL2)",Venango 2020-03,17TPG619602,8.5,109695,99.14490177309814
"PA WesternPA 2019 D20  (Venango, QL2)",Venango 2020-03,17TPG619602,9.5,110053,98.84510190544556
"PA WesternPA 2019 D20  (Venango, QL2)",Venango 2020-03,17TPG619602,10.5,110063,98.99421240562224
"PA WesternPA 2019 D20  (Venango, QL2)",Venango 2020-03,17TPG619602,11.5,108944,98.7534880305478
"PA WesternPA 2019 D20  (Venango, QL2)",Venango 2020-03,17TPG619602,12.5,109419,98.63277858507206
"PA WesternPA 2019 D20  (Venango, QL2)",Venango 2020-03,17TPG619602,13.5,109706,98.12954624177348
"PA WesternPA 2019 D20  (Venango, QL2)",Venango 2020-03,17TPG619602,14.5,110140,98.10423097875432
"PA WesternPA 2019 D20  (Venango, QL2)",Venango 2020-03,17TPG619602,15.5,113951,92.43885529745242
"PA WesternPA 2019 D20  (Venango, QL2)",Venango 2020-03,17TPG619602,16.5,122753,88.8100494488933
"PA WesternPA 2019 D20  (Venango, QL2)",Venango 2020-03,17TPG619602,17.5,139082,88.85980932111993
"PA WesternPA 2019 D20  (Venango, QL2)",Venango 2020-03,17TPG619602,18.5,195956,0.0
"PA WesternPA 2019 D20  (Venango, QL2)",Venango 2020-03,17TPG619602,19.5,206041,0.0
"PA WesternPA 2019 D20  (Venango, QL2)",Venango 2020-03,17TPG619600,0.5,102116,99.0853539112382
"PA WesternPA 2019 D20  (Venango, QL2)",Venango 2020-03,17TPG619600,1.5,110581,98.98445483401308
"PA WesternPA 2019 D20  (Venango, QL2)",Venango 2020-03,17TPG619600,2.5,155637,98.85374300455548
"PA WesternPA 2019 D20  (Venango, QL2)",Venango 2020-03,17TPG619600,3.5,155559,98.6609582216394
"PA WesternPA 2019 D20  (Venango, QL2)",Venango 2020-03,17TPG619600,4.5,121901,98.20838221179484
"PA WesternPA 2019 D20  (Venango, QL2)",Venango 2020-03,17TPG619600,5.5,103282,97.93090761216862
"PA WesternPA 2019 D20  (Venango, QL2)",Venango 2020-03,17TPG619600,6.5,106628,97.76418951870052
"PA WesternPA 2019 D20  (Venango, QL2)",Venango 2020-03,17TPG619600,7.5,106124,98.02872111869134
"PA WesternPA 2019 D20  (Venango, QL2)",Venango 2020-03,17TPG619600,8.5,105103,98.05238670637377
"PA WesternPA 2019 D20  (Venango, QL2)",Venango 2020-03,17TPG619600,9.5,106628,98.02021982968826
"PA WesternPA 2019 D20  (Venango, QL2)",Venango 2020-03,17TPG619600,10.5,107198,98.03634396164108
"PA WesternPA 2019 D20  (Venango, QL2)",Venango 2020-03,17TPG619600,11.5,105262,97.80262582888412
"PA WesternPA 2019 D20  (Venango, QL2)",Venango 2020-03,17TPG619600,12.5,102846,97.52348171051864
"PA WesternPA 2019 D20  (Venango, QL2)",Venango 2020-03,17TPG619600,13.5,103805,97.2486874428014
"PA WesternPA 2019 D20  (Venango, QL2)",Venango 2020-03,17TPG619600,14.5,106856,93.09163734371492
"PA WesternPA 2019 D20  (Venango, QL2)",Venango 2020-03,17TPG619600,15.5,113770,88.95666695965545
"PA WesternPA 2019 D20  (Venango, QL2)",Venango 2020-03,17TPG619600,16.5,122130,88.57938262507164
"PA WesternPA 2019 D20  (Venango, QL2)",Venango 2020-03,17TPG619600,17.5,140336,87.56840725116862
"PA WesternPA 2019 D20  (Venango, QL2)",Venango 2020-03,17TPG619600,18.5,212255,0.0
"PA WesternPA 2019 D20  (Venango, QL2)",Venango 2020-03,17TPG619600,19.5,139351,0.0
"PA WesternPA 2019 D20  (Venango, QL2)",Venango 2020-03,17TPG619603,0.5,117278,99.5531983833285
"PA WesternPA 2019 D20  (Venango, QL2)",Venango 2020-03,17TPG619603,1.5,155268,99.58780946492516
"PA WesternPA 2019 D20  (Venango, QL2)",Venango 2020-03,17TPG619603,2.5,158398,99.56123183373528
"PA WesternPA 2019 D20  (Venango, QL2)",Venango 2020-03,17TPG619603,3.5,116844,99.4428468727534
"PA WesternPA 2019 D20  (Venango, QL2)",Venango 2020-03,17TPG619603,4.5,107866,99.26668273598725
"PA WesternPA 2019 D20  (Venango, QL2)",Venango 2020-03,17TPG619603,5.5,107159,99.34303231646432
"PA WesternPA 2019 D20  (Venango, QL2)",Venango 2020-03,17TPG619603,6.5,107290,99.27859073539004
"PA WesternPA 2019 D20  (Venango, QL2)",Venango 2020-03,17TPG619603,7.5,106759,99.26563568411096
"PA WesternPA 2019 D20  (Venango, QL2)",Venango 2020-03,17TPG619603,8.5,105525,99.16038853352286
"PA WesternPA 2019 D20  (Venango, QL2)",Venango 2020-03,17TPG619603,9.5,105532,98.8657468824622
"PA WesternPA 2019 D20  (Venango, QL2)",Venango 2020-03,17TPG619603,10.5,105704,98.73987739347612
"PA WesternPA 2019 D20  (Venango, QL2)",Venango 2020-03,17TPG619603,11.5,104797,98.90454879433572
"PA WesternPA 2019 D20  (Venango, QL2)",Venango 2020-03,17TPG619603,12.5,104535,98.7506576744631
"PA WesternPA 2019 D20  (Venango, QL2)",Venango 2020-03,17TPG619603,13.5,105812,99.03224587003363
"PA WesternPA 2019 D20  (Venango, QL2)",Venango 2020-03,17TPG619603,14.5,105812,98.26012172532415
"PA WesternPA 2019 D20  (Venango, QL2)",Venango 2020-03,17TPG619603,15.5,108325,90.7842141703208
"PA WesternPA 2019 D20  (Venango, QL2)",Venango 2020-03,17TPG619603,16.5,113222,89.35454240341983
"PA WesternPA 2019 D20  (Venango, QL2)",Venango 2020-03,17TPG619603,17.5,130443,88.6417822343859
"PA WesternPA 2019 D20  (Venango, QL2)",Venango 2020-03,17TPG619603,18.5,177917,0.0
"PA WesternPA 2019 D20  (Venango, QL2)",Venango 2020-03,17TPG619603,19.5,228561,0.0
"PA WesternPA 2019 D20  (Venango, QL2)",Venango 2020-03,17TPG619605,0.5,114675,99.7401351645956
"PA WesternPA 2019 D20  (Venango, QL2)",Venango 2020-03,17TPG619605,1.5,154839,99.6570631430066
"PA WesternPA 2019 D20  (Venango, QL2)",Venango 2020-03,17TPG619605,2.5,119868,99.68381886742084
"PA WesternPA 2019 D20  (Venango, QL2)",Venango 2020-03,17TPG619605,3.5,106645,99.64367762201697
"PA WesternPA 2019 D20  (Venango, QL2)",Venango 2020-03,17TPG619605,4.5,106876,99.63789812492982
"PA WesternPA 2019 D20  (Venango, QL2)",Venango 2020-03,17TPG619605,5.5,106473,99.64498041757064
"PA WesternPA 2019 D20  (Venango, QL2)",Venango 2020-03,17TPG619605,6.5,107302,99.63374401222718
"PA WesternPA 2019 D20  (Venango, QL2)",Venango 2020-03,17TPG619605,7.5,107437,99.5923192196357
"PA WesternPA 2019 D20  (Venango, QL2)",Venango 2020-03,17TPG619605,8.5,106857,99.6780744359284
"PA WesternPA 2019 D20  (Venango, QL2)",Venango 2020-03,17TPG619605,9.5,108101,99.6438515832416
"PA WesternPA 2019 D20  (Venango, QL2)",Venango 2020-03,17TPG619605,10.5,108274,99.55668027411936
"PA WesternPA 2019 D20  (Venango, QL2)",Venango 2020-03,17TPG619605,11.5,107517,99.46985127933256
"PA WesternPA 2019 D20  (Venango, QL2)",Venango 2020-03,17TPG619605,12.5,108458,99.55927640192516
"PA WesternPA 2019 D20  (Venango, QL2)",Venango 2020-03,17TPG619605,13.5,108992,99.52381826189078
"PA WesternPA 2019 D20  (Venango, QL2)",Venango 2020-03,17TPG619605,14.5,109195,99.43861898438573
"PA WesternPA 2019 D20  (Venango, QL2)",Venango 2020-03,17TPG619605,15.5,110927,96.32100390346804
"PA WesternPA 2019 D20  (Venango, QL2)",Venango 2020-03,17TPG619605,16.5,115500,90.73506493506494
"PA WesternPA 2019 D20  (Venango, QL2)",Venango 2020-03,17TPG619605,17.5,131450,90.70140737923164
"PA WesternPA 2019 D20  (Venango, QL2)",Venango 2020-03,17TPG619605,18.5,182721,0.0
"PA WesternPA 2019 D20  (Venango, QL2)",Venango 2020-03,17TPG619605,19.5,233438,0.0
"PA WesternPA 2019 D20  (Venango, QL2)",Venango 2020-03,17TPG619606,0.5,176910,99.27646826069753
"PA WesternPA 2019 D20  (Venango, QL2)",Venango 2020-03,17TPG619606,1.5,141154,99.30359748926703
"PA WesternPA 2019 D20  (Venango, QL2)",Venango 2020-03,17TPG619606,2.5,110019,99.22558830747415
"PA WesternPA 2019 D20  (Venango, QL2)",Venango 2020-03,17TPG619606,3.5,108538,99.25003224677072
"PA WesternPA 2019 D20  (Venango, QL2)",Venango 2020-03,17TPG619606,4.5,108602,99.1952266072448
"PA WesternPA 2019 D20  (Venango, QL2)",Venango 2020-03,17TPG619606,5.5,107199,99.23879886939244
"PA WesternPA 2019 D20  (Venango, QL2)",Venango 2020-03,17TPG619606,6.5,109086,99.25379975432227
"PA WesternPA 2019 D20  (Venango, QL2)",Venango 2020-03,17TPG619606,7.5,108577,99.0025511848734
"PA WesternPA 2019 D20  (Venango, QL2)",Venango 2020-03,17TPG619606,8.5,108229,99.01967125262176
"PA WesternPA 2019 D20  (Venango, QL2)",Venango 2020-03,17TPG619606,9.5,108322,98.94388951459536
"PA WesternPA 2019 D20  (Venango, QL2)",Venango 2020-03,17TPG619606,10.5,107688,98.77330807518015
"PA WesternPA 2019 D20  (Venango, QL2)",Venango 2020-03,17TPG619606,11.5,107290,98.58607512349708
"PA WesternPA 2019 D20  (Venango, QL2)",Venango 2020-03,17TPG619606,12.5,108040,98.50981118104406
"PA WesternPA 2019 D20  (Venango, QL2)",Venango 2020-03,17TPG619606,13.5,108485,98.53343780246117
"PA WesternPA 2019 D20  (Venango, QL2)",Venango 2020-03,17TPG619606,14.5,108550,98.28466144633808
"PA WesternPA 2019 D20  (Venango, QL2)",Venango 2020-03,17TPG619606,15.5,112158,92.45974428930616
"PA WesternPA 2019 D20  (Venango, QL2)",Venango 2020-03,17TPG619606,16.5,119959,90.41255762385482
"PA WesternPA 2019 D20  (Venango, QL2)",Venango 2020-03,17TPG619606,17.5,136338,88.91064853525796
"PA WesternPA 2019 D20  (Venango, QL2)",Venango 2020-03,17TPG619606,18.5,188479,0.0
"PA WesternPA 2019 D20  (Venango, QL2)",Venango 2020-03,17TPG619606,19.5,203724,0.0
"PA WesternPA 2019 D20  (Venango, QL2)",Venango 2020-03,17TPG621603,0.5,186804,99.22057343525834
"PA WesternPA 2019 D20  (Venango, QL2)",Venango 2020-03,17TPG621603,1.5,113940,99.22327540810952
"PA WesternPA 2019 D20  (Venango, QL2)",Venango 2020-03,17TPG621603,2.5,104574,99.19387228182912
"PA WesternPA 2019 D20  (Venango, QL2)",Venango 2020-03,17TPG621603,3.5,106190,99.24569168471608
"PA WesternPA 2019 D20  (Venango, QL2)",Venango 2020-03,17TPG621603,4.5,106236,99.42015889152454
"PA WesternPA 2019 D20  (Venango, QL2)",Venango 2020-03,17TPG621603,5.5,105323,99.43032386088508
"PA WesternPA 2019 D20  (Venango, QL2)",Venango 2020-03,17TPG621603,6.5,105955,99.37331886178094
"PA WesternPA 2019 D20  (Venango, QL2)",Venango 2020-03,17TPG621603,7.5,105676,99.3357053635641
"PA WesternPA 2019 D20  (Venango, QL2)",Venango 2020-03,17TPG621603,8.5,104983,99.30560185934866
"PA WesternPA 2019 D20  (Venango, QL2)",Venango 2020-03,17TPG621603,9.5,105192,99.3069815195072
"PA WesternPA 2019 D20  (Venango, QL2)",Venango 2020-03,17TPG621603,10.5,106499,99.2413074301167
"PA WesternPA 2019 D20  (Venango, QL2)",Venango 2020-03,17TPG621603,11.5,106783,99.18432709326392
"PA WesternPA 2019 D20  (Venango, QL2)",Venango 2020-03,17TPG621603,12.5,107741,98.98831456919837
"PA WesternPA 2019 D20  (Venango, QL2)",Venango 2020-03,17TPG621603,13.5,105787,99.00082240729012
"PA WesternPA 2019 D20  (Venango, QL2)",Venango 2020-03,17TPG621603,14.5,108439,98.53466003928476
"PA WesternPA 2019 D20  (Venango, QL2)",Venango 2020-03,17TPG621603,15.5,113021,92.87212111023617
"PA WesternPA 2019 D20  (Venango, QL2)",Venango 2020-03,17TPG621603,16.5,120061,91.23445581829236
"PA WesternPA 2019 D20  (Venango, QL2)",Venango 2020-03,17TPG621603,17.5,134262,89.08105048338324
"PA WesternPA 2019 D20  (Venango, QL2)",Venango 2020-03,17TPG621603,18.5,177235,0.0
"PA WesternPA 2019 D20  (Venango, QL2)",Venango 2020-03,17TPG621603,19.5,244946,0.0
"PA WesternPA 2019 D20  (Venango, QL2)",Venango 2020-03,17TPG621600,0.5,132087,98.64331841892088
"PA WesternPA 2019 D20  (Venango, QL2)",Venango 2020-03,17TPG621600,1.5,153376,98.7051429167536
"PA WesternPA 2019 D20  (Venango, QL2)",Venango 2020-03,17TPG621600,2.5,107008,98.85055322966508
"PA WesternPA 2019 D20  (Venango, QL2)",Venango 2020-03,17TPG621600,3.5,105384,98.75218249449632
"PA WesternPA 2019 D20  (Venango, QL2)",Venango 2020-03,17TPG621600,4.5,103892,98.64089631540446
"PA WesternPA 2019 D20  (Venango, QL2)",Venango 2020-03,17TPG621600,5.5,103855,98.41702373501516
"PA WesternPA 2019 D20  (Venango, QL2)",Venango 2020-03,17TPG621600,6.5,107048,98.3680218219864
"PA WesternPA 2019 D20  (Venango, QL2)",Venango 2020-03,17TPG621600,7.5,107834,98.42628484522508
"PA WesternPA 2019 D20  (Venango, QL2)",Venango 2020-03,17TPG621600,8.5,107256,97.86865070485568
"PA WesternPA 2019 D20  (Venango, QL2)",Venango 2020-03,17TPG621600,9.5,106436,97.52715246721034
"PA WesternPA 2019 D20  (Venango, QL2)",Venango 2020-03,17TPG621600,10.5,105351,97.76746305208304
"PA WesternPA 2019 D20  (Venango, QL2)",Venango 2020-03,17TPG621600,11.5,104394,97.63779527559056
"PA WesternPA 2019 D20  (Venango, QL2)",Venango 2020-03,17TPG621600,12.5,104546,97.548447573317
"PA WesternPA 2019 D20  (Venango, QL2)",Venango 2020-03,17TPG621600,13.5,103476,97.2979241563261
"PA WesternPA 2019 D20  (Venango, QL2)",Venango 2020-03,17TPG621600,14.5,106355,96.66776362183252
"PA WesternPA 2019 D20  (Venango, QL2)",Venango 2020-03,17TPG621600,15.5,109422,89.40889400668969
"PA WesternPA 2019 D20  (Venango, QL2)",Venango 2020-03,17TPG621600,16.5,113177,87.70156480557003
"PA WesternPA 2019 D20  (Venango, QL2)",Venango 2020-03,17TPG621600,17.5,130849,86.53027535556251
"PA WesternPA 2019 D20  (Venango, QL2)",Venango 2020-03,17TPG621600,18.5,177326,0.0
"PA WesternPA 2019 D20  (Venango, QL2)",Venango 2020-03,17TPG621600,19.5,193828,0.0
"PA WesternPA 2019 D20  (Venango, QL2)",Venango 2020-03,17TPG621602,0.5,184121,99.04845183330528
"PA WesternPA 2019 D20  (Venango, QL2)",Venango 2020-03,17TPG621602,1.5,163820,98.9152728604566
"PA WesternPA 2019 D20  (Venango, QL2)",Venango 2020-03,17TPG621602,2.5,114906,98.47092405966616
"PA WesternPA 2019 D20  (Venango, QL2)",Venango 2020-03,17TPG621602,3.5,113291,98.79602086661782
"PA WesternPA 2019 D20  (Venango, QL2)",Venango 2020-03,17TPG621602,4.5,113861,98.54559506767023
"PA WesternPA 2019 D20  (Venango, QL2)",Venango 2020-03,17TPG621602,5.5,113270,98.4214708219299
"PA WesternPA 2019 D20  (Venango, QL2)",Venango 2020-03,17TPG621602,6.5,113557,98.23172503676568
"PA WesternPA 2019 D20  (Venango, QL2)",Venango 2020-03,17TPG621602,7.5,113983,98.17779844362757
"PA WesternPA 2019 D20  (Venango, QL2)",Venango 2020-03,17TPG621602,8.5,113737,98.3646482674943
"PA WesternPA 2019 D20  (Venango, QL2)",Venango 2020-03,17TPG621602,9.5,114157,98.74821517734348
"PA WesternPA 2019 D20  (Venango, QL2)",Venango 2020-03,17TPG621602,10.5,113283,98.58584253594978
"PA WesternPA 2019 D20  (Venango, QL2)",Venango 2020-03,17TPG621602,11.5,112143,98.67668958383491
"PA WesternPA 2019 D20  (Venango, QL2)",Venango 2020-03,17TPG621602,12.5,111898,98.29398201933904
"PA WesternPA 2019 D20  (Venango, QL2)",Venango 2020-03,17TPG621602,13.5,113712,98.18840579710144
"PA WesternPA 2019 D20  (Venango, QL2)",Venango 2020-03,17TPG621602,14.5,114792,93.44379399261273
"PA WesternPA 2019 D20  (Venango, QL2)",Venango 2020-03,17TPG621602,15.5,116721,89.92126523933139
"PA WesternPA 2019 D20  (Venango, QL2)",Venango 2020-03,17TPG621602,16.5,124161,87.69420349385074
"PA WesternPA 2019 D20  (Venango, QL2)",Venango 2020-03,17TPG621602,17.5,141225,87.70189414055585
"PA WesternPA 2019 D20  (Venango, QL2)",Venango 2020-03,17TPG621602,18.5,195205,0.0
"PA WesternPA 2019 D20  (Venango, QL2)",Venango 2020-03,17TPG621602,19.5,225114,0.0
"PA WesternPA 2019 D20  (Venango, QL2)",Venango 2020-03,17TPG619608,0.5,195223,99.03290083647931
"PA WesternPA 2019 D20  (Venango, QL2)",Venango 2020-03,17TPG619608,1.5,108484,98.97772943475536
"PA WesternPA 2019 D20  (Venango, QL2)",Venango 2020-03,17TPG619608,2.5,101624,98.93037077855624
"PA WesternPA 2019 D20  (Venango, QL2)",Venango 2020-03,17TPG619608,3.5,101778,98.7875572324078
"PA WesternPA 2019 D20  (Venango, QL2)",Venango 2020-03,17TPG619608,4.5,101204,98.63641753290383
"PA WesternPA 2019 D20  (Venango, QL2)",Venango 2020-03,17TPG619608,5.5,100902,98.57386374898417
"PA WesternPA 2019 D20  (Venango, QL2)",Venango 2020-03,17TPG619608,6.5,101496,98.25805943091352
"PA WesternPA 2019 D20  (Venango, QL2)",Venango 2020-03,17TPG619608,7.5,99929,97.5242422119705
"PA WesternPA 2019 D20  (Venango, QL2)",Venango 2020-03,17TPG619608,8.5,97189,97.24763090473202
"PA WesternPA 2019 D20  (Venango, QL2)",Venango 2020-03,17TPG619608,9.5,99834,96.9168820241601
"PA WesternPA 2019 D20  (Venango, QL2)",Venango 2020-03,17TPG619608,10.5,97521,96.06341198306004
"PA WesternPA 2019 D20  (Venango, QL2)",Venango 2020-03,17TPG619608,11.5,94542,95.52897125087264
"PA WesternPA 2019 D20  (Venango, QL2)",Venango 2020-03,17TPG619608,12.5,85545,95.61166637442282
"PA WesternPA 2019 D20  (Venango, QL2)",Venango 2020-03,17TPG619608,13.5,75351,96.00270732969702
"PA WesternPA 2019 D20  (Venango, QL2)",Venango 2020-03,17TPG619608,14.5,75099,91.07311681913208
"PA WesternPA 2019 D20  (Venango, QL2)",Venango 2020-03,17TPG619608,15.5,72394,86.82625631958449
"PA WesternPA 2019 D20  (Venango, QL2)",Venango 2020-03,17TPG619608,16.5,76723,87.4092514630554
"PA WesternPA 2019 D20  (Venango, QL2)",Venango 2020-03,17TPG619608,17.5,96376,87.2987050718021
"PA WesternPA 2019 D20  (Venango, QL2)",Venango 2020-03,17TPG619608,18.5,148728,0.0
"PA WesternPA 2019 D20  (Venango, QL2)",Venango 2020-03,17TPG619608,19.5,62174,0.0
"PA WesternPA 2019 D20  (Venango, QL2)",Venango 2020-03,17TPG621605,0.5,209332,98.9490378919611
"PA WesternPA 2019 D20  (Venango, QL2)",Venango 2020-03,17TPG621605,1.5,121292,98.74847475513636
"PA WesternPA 2019 D20  (Venango, QL2)",Venango 2020-03,17TPG621605,2.5,112154,98.85068744761666
"PA WesternPA 2019 D20  (Venango, QL2)",Venango 2020-03,17TPG621605,3.5,111607,99.06009479692132
"PA WesternPA 2019 D20  (Venango, QL2)",Venango 2020-03,17TPG621605,4.5,111299,99.34590607283084
"PA WesternPA 2019 D20  (Venango, QL2)",Venango 2020-03,17TPG621605,5.5,112111,99.4987110988217
"PA WesternPA 2019 D20  (Venango, QL2)",Venango 2020-03,17TPG621605,6.5,111371,99.41367142254268
"PA WesternPA 2019 D20  (Venango, QL2)",Venango 2020-03,17TPG621605,7.5,111225,99.49022252191504
"PA WesternPA 2019 D20  (Venango, QL2)",Venango 2020-03,17TPG621605,8.5,111817,99.58414194621568
"PA WesternPA 2019 D20  (Venango, QL2)",Venango 2020-03,17TPG621605,9.5,109224,99.36643961034206
"PA WesternPA 2019 D20  (Venango, QL2)",Venango 2020-03,17TPG621605,10.5,109902,99.37762734072172
"PA WesternPA 2019 D20  (Venango, QL2)",Venango 2020-03,17TPG621605,11.5,109891,99.3338853955283
"PA WesternPA 2019 D20  (Venango, QL2)",Venango 2020-03,17TPG621605,12.5,109956,99.16239222961912
"PA WesternPA 2019 D20  (Venango, QL2)",Venango 2020-03,17TPG621605,13.5,109196,99.12176270193046
"PA WesternPA 2019 D20  (Venango, QL2)",Venango 2020-03,17TPG621605,14.5,109727,98.43156196742824
"PA WesternPA 2019 D20  (Venango, QL2)",Venango 2020-03,17TPG621605,15.5,110633,92.4715048855224
"PA WesternPA 2019 D20  (Venango, QL2)",Venango 2020-03,17TPG621605,16.5,112727,90.4725575948974
"PA WesternPA 2019 D20  (Venango, QL2)",Venango 2020-03,17TPG621605,17.5,126484,89.14012839568642
"PA WesternPA 2019 D20  (Venango, QL2)",Venango 2020-03,17TPG621605,18.5,171782,0.0
"PA WesternPA 2019 D20  (Venango, QL2)",Venango 2020-03,17TPG621605,19.5,252820,0.0
"PA WesternPA 2019 D20  (Venango, QL2)",Venango 2020-03,17TPG621606,0.5,154750,98.918901453958
"PA WesternPA 2019 D20  (Venango, QL2)",Venango 2020-03,17TPG621606,1.5,155213,99.14697866802396
"PA WesternPA 2019 D20  (Venango, QL2)",Venango 2020-03,17TPG621606,2.5,116616,99.28740481580571
"PA WesternPA 2019 D20  (Venango, QL2)",Venango 2020-03,17TPG621606,3.5,108512,99.37610586847538
"PA WesternPA 2019 D20  (Venango, QL2)",Venango 2020-03,17TPG621606,4.5,107497,99.23532749751156
"PA WesternPA 2019 D20  (Venango, QL2)",Venango 2020-03,17TPG621606,5.5,107783,99.06571537255412
"PA WesternPA 2019 D20  (Venango, QL2)",Venango 2020-03,17TPG621606,6.5,108876,98.91987214813182
"PA WesternPA 2019 D20  (Venango, QL2)",Venango 2020-03,17TPG621606,7.5,110754,98.98604113621178
"PA WesternPA 2019 D20  (Venango, QL2)",Venango 2020-03,17TPG621606,8.5,109430,98.9710317097688
"PA WesternPA 2019 D20  (Venango, QL2)",Venango 2020-03,17TPG621606,9.5,111380,99.03393787035374
"PA WesternPA 2019 D20  (Venango, QL2)",Venango 2020-03,17TPG621606,10.5,112141,99.0520862128927
"PA WesternPA 2019 D20  (Venango, QL2)",Venango 2020-03,17TPG621606,11.5,110697,98.92409008374212
"PA WesternPA 2019 D20  (Venango, QL2)",Venango 2020-03,17TPG621606,12.5,112136,98.79342940714848
"PA WesternPA 2019 D20  (Venango, QL2)",Venango 2020-03,17TPG621606,13.5,112979,98.5687605661229
"PA WesternPA 2019 D20  (Venango, QL2)",Venango 2020-03,17TPG621606,14.5,113840,98.52248770203796
"PA WesternPA 2019 D20  (Venango, QL2)",Venango 2020-03,17TPG621606,15.5,116522,94.59157927258372
"PA WesternPA 2019 D20  (Venango, QL2)",Venango 2020-03,17TPG621606,16.5,122299,89.56083042379741
"PA WesternPA 2019 D20  (Venango, QL2)",Venango 2020-03,17TPG621606,17.5,135520,88.3323494687131
"PA WesternPA 2019 D20  (Venango, QL2)",Venango 2020-03,17TPG621606,18.5,174535,0.0
"PA WesternPA 2019 D20  (Venango, QL2)",Venango 2020-03,17TPG621606,19.5,286749,0.0
"PA WesternPA 2019 D20  (Venango, QL2)",Venango 2020-03,17TPG622600,0.5,184283,99.06502498874016
"PA WesternPA 2019 D20  (Venango, QL2)",Venango 2020-03,17TPG622600,1.5,118830,99.19633089287215
"PA WesternPA 2019 D20  (Venango, QL2)",Venango 2020-03,17TPG622600,2.5,106044,99.30029044547544
"PA WesternPA 2019 D20  (Venango, QL2)",Venango 2020-03,17TPG622600,3.5,105863,99.22446936134438
"PA WesternPA 2019 D20  (Venango, QL2)",Venango 2020-03,17TPG622600,4.5,106977,99.13252381353
"PA WesternPA 2019 D20  (Venango, QL2)",Venango 2020-03,17TPG622600,5.5,105979,99.15360590305626
"PA WesternPA 2019 D20  (Venango, QL2)",Venango 2020-03,17TPG622600,6.5,106552,98.95074705308208
"PA WesternPA 2019 D20  (Venango, QL2)",Venango 2020-03,17TPG622600,7.5,106326,99.09429490435076
"PA WesternPA 2019 D20  (Venango, QL2)",Venango 2020-03,17TPG622600,8.5,106209,99.15167264544436
"PA WesternPA 2019 D20  (Venango, QL2)",Venango 2020-03,17TPG622600,9.5,106804,99.248155499794
"PA WesternPA 2019 D20  (Venango, QL2)",Venango 2020-03,17TPG622600,10.5,106654,99.23772197948506
"PA WesternPA 2019 D20  (Venango, QL2)",Venango 2020-03,17TPG622600,11.5,105861,99.28868988579364
"PA WesternPA 2019 D20  (Venango, QL2)",Venango 2020-03,17TPG622600,12.5,106460,99.17151981965058
"PA WesternPA 2019 D20  (Venango, QL2)",Venango 2020-03,17TPG622600,13.5,106709,99.01788977499557
"PA WesternPA 2019 D20  (Venango, QL2)",Venango 2020-03,17TPG622600,14.5,108123,98.5017063899448
"PA WesternPA 2019 D20  (Venango, QL2)",Venango 2020-03,17TPG622600,15.5,111561,94.48283898494994
"PA WesternPA 2019 D20  (Venango, QL2)",Venango 2020-03,17TPG622600,16.5,118996,91.98208343137586
"PA WesternPA 2019 D20  (Venango, QL2)",Venango 2020-03,17TPG622600,17.5,136085,90.30899805268766
"PA WesternPA 2019 D20  (Venango, QL2)",Venango 2020-03,17TPG622600,18.5,198093,0.0
"PA WesternPA 2019 D20  (Venango, QL2)",Venango 2020-03,17TPG622600,19.5,182853,0.0
"PA WesternPA 2019 D20  (Venango, QL2)",Venango 2020-03,17TPG621608,0.5,108620,99.24231264960412
"PA WesternPA 2019 D20  (Venango, QL2)",Venango 2020-03,17TPG621608,1.5,146107,99.03358497539476
"PA WesternPA 2019 D20  (Venango, QL2)",Venango 2020-03,17TPG621608,2.5,114294,99.00694699634278
"PA WesternPA 2019 D20  (Venango, QL2)",Venango 2020-03,17TPG621608,3.5,99132,98.93878868579267
"PA WesternPA 2019 D20  (Venango, QL2)",Venango 2020-03,17TPG621608,4.5,100346,98.98052737528153
"PA WesternPA 2019 D20  (Venango, QL2)",Venango 2020-03,17TPG621608,5.5,100549,99.1536464808203
"PA WesternPA 2019 D20  (Venango, QL2)",Venango 2020-03,17TPG621608,6.5,100088,99.2526576612581
"PA WesternPA 2019 D20  (Venango, QL2)",Venango 2020-03,17TPG621608,7.5,99689,98.80528443459158
"PA WesternPA 2019 D20  (Venango, QL2)",Venango 2020-03,17TPG621608,8.5,98625,98.8167300380228
"PA WesternPA 2019 D20  (Venango, QL2)",Venango 2020-03,17TPG621608,9.5,98593,98.92183015021352
"PA WesternPA 2019 D20  (Venango, QL2)",Venango 2020-03,17TPG621608,10.5,100317,99.09985346451748
"PA WesternPA 2019 D20  (Venango, QL2)",Venango 2020-03,17TPG621608,11.5,100025,99.16320919770058
"PA WesternPA 2019 D20  (Venango, QL2)",Venango 2020-03,17TPG621608,12.5,101251,99.25432835231256
"PA WesternPA 2019 D20  (Venango, QL2)",Venango 2020-03,17TPG621608,13.5,101471,98.9760621261247
"PA WesternPA 2019 D20  (Venango, QL2)",Venango 2020-03,17TPG621608,14.5,100399,98.81672128208449
"PA WesternPA 2019 D20  (Venango, QL2)",Venango 2020-03,17TPG621608,15.5,103125,95.43854545454543
"PA WesternPA 2019 D20  (Venango, QL2)",Venango 2020-03,17TPG621608,16.5,108351,90.67382857564766
"PA WesternPA 2019 D20  (Venango, QL2)",Venango 2020-03,17TPG621608,17.5,119875,89.22877997914495
"PA WesternPA 2019 D20  (Venango, QL2)",Venango 2020-03,17TPG621608,18.5,154039,0.0
"PA WesternPA 2019 D20  (Venango, QL2)",Venango 2020-03,17TPG621608,19.5,255723,0.0
"PA WesternPA 2019 D20  (Venango, QL2)",Venango 2020-03,17TPG621608,20.5,2041,0.0
"PA WesternPA 2019 D20  (Venango, QL2)",Venango 2020-03,17TPG622602,0.5,153249,99.1875966564219
"PA WesternPA 2019 D20  (Venango, QL2)",Venango 2020-03,17TPG622602,1.5,149416,99.0897895807678
"PA WesternPA 2019 D20  (Venango, QL2)",Venango 2020-03,17TPG622602,2.5,114045,99.01267043710816
"PA WesternPA 2019 D20  (Venango, QL2)",Venango 2020-03,17TPG622602,3.5,113838,99.04162054849874
"PA WesternPA 2019 D20  (Venango, QL2)",Venango 2020-03,17TPG622602,4.5,114169,99.18454221373578
"PA WesternPA 2019 D20  (Venango, QL2)",Venango 2020-03,17TPG622602,5.5,113275,99.140145663209
"PA WesternPA 2019 D20  (Venango, QL2)",Venango 2020-03,17TPG622602,6.5,113810,99.09674018100344
"PA WesternPA 2019 D20  (Venango, QL2)",Venango 2020-03,17TPG622602,7.5,113524,99.11472463972376
"PA WesternPA 2019 D20  (Venango, QL2)",Venango 2020-03,17TPG622602,8.5,112552,99.06087852725852
"PA WesternPA 2019 D20  (Venango, QL2)",Venango 2020-03,17TPG622602,9.5,112956,99.00138106873472
"PA WesternPA 2019 D20  (Venango, QL2)",Venango 2020-03,17TPG622602,10.5,111304,99.0764033637605
"PA WesternPA 2019 D20  (Venango, QL2)",Venango 2020-03,17TPG622602,11.5,111190,99.1599964025542
"PA WesternPA 2019 D20  (Venango, QL2)",Venango 2020-03,17TPG622602,12.5,112321,99.12393942361624
"PA WesternPA 2019 D20  (Venango, QL2)",Venango 2020-03,17TPG622602,13.5,112501,99.12000782215269
"PA WesternPA 2019 D20  (Venango, QL2)",Venango 2020-03,17TPG622602,14.5,113784,98.68259157702312
"PA WesternPA 2019 D20  (Venango, QL2)",Venango 2020-03,17TPG622602,15.5,117963,94.02694065088204
"PA WesternPA 2019 D20  (Venango, QL2)",Venango 2020-03,17TPG622602,16.5,127401,89.359581164983
"PA WesternPA 2019 D20  (Venango, QL2)",Venango 2020-03,17TPG622602,17.5,146451,88.0492451400127
"PA WesternPA 2019 D20  (Venango, QL2)",Venango 2020-03,17TPG622602,18.5,223012,0.0
"PA WesternPA 2019 D20  (Venango, QL2)",Venango 2020-03,17TPG622602,19.5,172177,0.0
"PA WesternPA 2019 D20  (Venango, QL2)",Venango 2020-03,17TPG622603,0.5,120309,98.91196834817012
"PA WesternPA 2019 D20  (Venango, QL2)",Venango 2020-03,17TPG622603,1.5,159222,98.87641155116756
"PA WesternPA 2019 D20  (Venango, QL2)",Venango 2020-03,17TPG622603,2.5,133236,98.68729172295777
"PA WesternPA 2019 D20  (Venango, QL2)",Venango 2020-03,17TPG622603,3.5,105514,98.7404515040658
"PA WesternPA 2019 D20  (Venango, QL2)",Venango 2020-03,17TPG622603,4.5,105335,98.92248540371196
"PA WesternPA 2019 D20  (Venango, QL2)",Venango 2020-03,17TPG622603,5.5,104435,98.80499832431656
"PA WesternPA 2019 D20  (Venango, QL2)",Venango 2020-03,17TPG622603,6.5,104820,98.7807670291929
"PA WesternPA 2019 D20  (Venango, QL2)",Venango 2020-03,17TPG622603,7.5,105240,98.77137970353478
"PA WesternPA 2019 D20  (Venango, QL2)",Venango 2020-03,17TPG622603,8.5,104497,98.85834043082576
"PA WesternPA 2019 D20  (Venango, QL2)",Venango 2020-03,17TPG622603,9.5,104570,98.99684421918332
"PA WesternPA 2019 D20  (Venango, QL2)",Venango 2020-03,17TPG622603,10.5,104430,98.97347505506082
"PA WesternPA 2019 D20  (Venango, QL2)",Venango 2020-03,17TPG622603,11.5,102774,98.92190631871874
"PA WesternPA 2019 D20  (Venango, QL2)",Venango 2020-03,17TPG622603,12.5,103496,98.65888536755044
"PA WesternPA 2019 D20  (Venango, QL2)",Venango 2020-03,17TPG622603,13.5,103652,98.54320225369506
"PA WesternPA 2019 D20  (Venango, QL2)",Venango 2020-03,17TPG622603,14.5,104602,97.17691822336091
"PA WesternPA 2019 D20  (Venango, QL2)",Venango 2020-03,17TPG622603,15.5,108731,92.02895218474951
"PA WesternPA 2019 D20  (Venango, QL2)",Venango 2020-03,17TPG622603,16.5,116535,90.47153215772086
"PA WesternPA 2019 D20  (Venango, QL2)",Venango 2020-03,17TPG622603,17.5,133987,88.72577190324435
"PA WesternPA 2019 D20  (Venango, QL2)",Venango 2020-03,17TPG622603,18.5,194609,0.0
"PA WesternPA 2019 D20  (Venango, QL2)",Venango 2020-03,17TPG622603,19.5,158683,0.0
"PA WesternPA 2019 D20  (Venango, QL2)",Venango 2020-03,17TPG622605,0.5,108833,99.2474708957761
"PA WesternPA 2019 D20  (Venango, QL2)",Venango 2020-03,17TPG622605,1.5,156197,98.85465149778804
"PA WesternPA 2019 D20  (Venango, QL2)",Venango 2020-03,17TPG622605,2.5,158709,98.81103151050034
"PA WesternPA 2019 D20  (Venango, QL2)",Venango 2020-03,17TPG622605,3.5,117533,98.76119898241345
"PA WesternPA 2019 D20  (Venango, QL2)",Venango 2020-03,17TPG622605,4.5,110391,99.19558659673343
"PA WesternPA 2019 D20  (Venango, QL2)",Venango 2020-03,17TPG622605,5.5,108268,99.19274393172498
"PA WesternPA 2019 D20  (Venango, QL2)",Venango 2020-03,17TPG622605,6.5,107122,99.27092474001606
"PA WesternPA 2019 D20  (Venango, QL2)",Venango 2020-03,17TPG622605,7.5,108943,99.02242457064705
"PA WesternPA 2019 D20  (Venango, QL2)",Venango 2020-03,17TPG622605,8.5,106637,98.7133921621951
"PA WesternPA 2019 D20  (Venango, QL2)",Venango 2020-03,17TPG622605,9.5,104571,98.56939304396056
"PA WesternPA 2019 D20  (Venango, QL2)",Venango 2020-03,17TPG622605,10.5,105952,98.78152370884928
"PA WesternPA 2019 D20  (Venango, QL2)",Venango 2020-03,17TPG622605,11.5,106982,98.84466545774056
"PA WesternPA 2019 D20  (Venango, QL2)",Venango 2020-03,17TPG622605,12.5,106377,98.56829953843406
"PA WesternPA 2019 D20  (Venango, QL2)",Venango 2020-03,17TPG622605,13.5,102165,98.45250330347966
"PA WesternPA 2019 D20  (Venango, QL2)",Venango 2020-03,17TPG622605,14.5,112326,95.8771789256272
"PA WesternPA 2019 D20  (Venango, QL2)",Venango 2020-03,17TPG622605,15.5,105955,90.05709971214195
"PA WesternPA 2019 D20  (Venango, QL2)",Venango 2020-03,17TPG622605,16.5,109982,88.06804749868161
"PA WesternPA 2019 D20  (Venango, QL2)",Venango 2020-03,17TPG622605,17.5,134646,86.4214310116899
"PA WesternPA 2019 D20  (Venango, QL2)",Venango 2020-03,17TPG622605,18.5,219125,0.0
"PA WesternPA 2019 D20  (Venango, QL2)",Venango 2020-03,17TPG622605,19.5,140980,0.0
"PA WesternPA 2019 D20  (Venango, QL2)",Venango 2020-03,17TPG624600,0.5,106768,99.26195114641092
"PA WesternPA 2019 D20  (Venango, QL2)",Venango 2020-03,17TPG624600,1.5,143927,99.52614867259096
"PA WesternPA 2019 D20  (Venango, QL2)",Venango 2020-03,17TPG624600,2.5,151284,99.55381930673435
"PA WesternPA 2019 D20  (Venango, QL2)",Venango 2020-03,17TPG624600,3.5,108978,99.53752133458129
"PA WesternPA 2019 D20  (Venango, QL2)",Venango 2020-03,17TPG624600,4.5,107131,99.45207269604502
"PA WesternPA 2019 D20  (Venango, QL2)",Venango 2020-03,17TPG624600,5.5,106754,99.47636622515316
"PA WesternPA 2019 D20  (Venango, QL2)",Venango 2020-03,17TPG624600,6.5,107528,99.40015623837512
"PA WesternPA 2019 D20  (Venango, QL2)",Venango 2020-03,17TPG624600,7.5,107969,99.39241819411129
"PA WesternPA 2019 D20  (Venango, QL2)",Venango 2020-03,17TPG624600,8.5,107055,99.1481014431834
"PA WesternPA 2019 D20  (Venango, QL2)",Venango 2020-03,17TPG624600,9.5,107440,99.29169769173492
"PA WesternPA 2019 D20  (Venango, QL2)",Venango 2020-03,17TPG624600,10.5,108364,99.37248532723044
"PA WesternPA 2019 D20  (Venango, QL2)",Venango 2020-03,17TPG624600,11.5,107130,99.2215065807897
"PA WesternPA 2019 D20  (Venango, QL2)",Venango 2020-03,17TPG624600,12.5,107821,99.24040771278322
"PA WesternPA 2019 D20  (Venango, QL2)",Venango 2020-03,17TPG624600,13.5,108775,99.35922776373248
"PA WesternPA 2019 D20  (Venango, QL2)",Venango 2020-03,17TPG624600,14.5,109081,99.12817080884848
"PA WesternPA 2019 D20  (Venango, QL2)",Venango 2020-03,17TPG624600,15.5,112198,94.06673915756076
"PA WesternPA 2019 D20  (Venango, QL2)",Venango 2020-03,17TPG624600,16.5,119400,91.11474036850922
"PA WesternPA 2019 D20  (Venango, QL2)",Venango 2020-03,17TPG624600,17.5,133865,90.97897135173496
"PA WesternPA 2019 D20  (Venango, QL2)",Venango 2020-03,17TPG624600,18.5,181993,0.0
"PA WesternPA 2019 D20  (Venango, QL2)",Venango 2020-03,17TPG624600,19.5,236242,0.0
"PA WesternPA 2019 D20  (Venango, QL2)",Venango 2020-03,17TPG622608,0.5,104758,99.44061551385096
"PA WesternPA 2019 D20  (Venango, QL2)",Venango 2020-03,17TPG622608,1.5,105645,99.53334279899664
"PA WesternPA 2019 D20  (Venango, QL2)",Venango 2020-03,17TPG622608,2.5,135325,99.42804359874376
"PA WesternPA 2019 D20  (Venango, QL2)",Venango 2020-03,17TPG622608,3.5,153165,99.41174550321549
"PA WesternPA 2019 D20  (Venango, QL2)",Venango 2020-03,17TPG622608,4.5,120486,99.41320983350764
"PA WesternPA 2019 D20  (Venango, QL2)",Venango 2020-03,17TPG622608,5.5,100111,99.48357323371056
"PA WesternPA 2019 D20  (Venango, QL2)",Venango 2020-03,17TPG622608,6.5,102266,99.53356931922632
"PA WesternPA 2019 D20  (Venango, QL2)",Venango 2020-03,17TPG622608,7.5,102316,99.51131787794677
"PA WesternPA 2019 D20  (Venango, QL2)",Venango 2020-03,17TPG622608,8.5,100393,99.53084378392916
"PA WesternPA 2019 D20  (Venango, QL2)",Venango 2020-03,17TPG622608,9.5,100940,99.52645135724192
"PA WesternPA 2019 D20  (Venango, QL2)",Venango 2020-03,17TPG622608,10.5,99474,99.43603353640148
"PA WesternPA 2019 D20  (Venango, QL2)",Venango 2020-03,17TPG622608,11.5,97720,99.3941874744167
"PA WesternPA 2019 D20  (Venango, QL2)",Venango 2020-03,17TPG622608,12.5,95602,99.21654358695426
"PA WesternPA 2019 D20  (Venango, QL2)",Venango 2020-03,17TPG622608,13.5,96914,99.14872980167983
"PA WesternPA 2019 D20  (Venango, QL2)",Venango 2020-03,17TPG622608,14.5,96639,99.02420347892674
"PA WesternPA 2019 D20  (Venango, QL2)",Venango 2020-03,17TPG622608,15.5,98142,93.4676285382405
"PA WesternPA 2019 D20  (Venango, QL2)",Venango 2020-03,17TPG622608,16.5,105435,91.00109071940058
"PA WesternPA 2019 D20  (Venango, QL2)",Venango 2020-03,17TPG622608,17.5,117518,89.00253578175258
"PA WesternPA 2019 D20  (Venango, QL2)",Venango 2020-03,17TPG622608,18.5,159607,0.0
"PA WesternPA 2019 D20  (Venango, QL2)",Venango 2020-03,17TPG622608,19.5,210685,0.0
"PA WesternPA 2019 D20  (Venango, QL2)",Venango 2020-03,17TPG624602,0.5,104762,99.16190985280925
"PA WesternPA 2019 D20  (Venango, QL2)",Venango 2020-03,17TPG624602,1.5,125405,99.51756309557037
"PA WesternPA 2019 D20  (Venango, QL2)",Venango 2020-03,17TPG624602,2.5,158788,99.561049953397
"PA WesternPA 2019 D20  (Venango, QL2)",Venango 2020-03,17TPG624602,3.5,153068,99.52047456032614
"PA WesternPA 2019 D20  (Venango, QL2)",Venango 2020-03,17TPG624602,4.5,121511,99.39840837455046
"PA WesternPA 2019 D20  (Venango, QL2)",Venango 2020-03,17TPG624602,5.5,106523,99.39731325629208
"PA WesternPA 2019 D20  (Venango, QL2)",Venango 2020-03,17TPG624602,6.5,106467,99.39887476870769
"PA WesternPA 2019 D20  (Venango, QL2)",Venango 2020-03,17TPG624602,7.5,107056,99.45635928859662
"PA WesternPA 2019 D20  (Venango, QL2)",Venango 2020-03,17TPG624602,8.5,106453,99.54533925770058
"PA WesternPA 2019 D20  (Venango, QL2)",Venango 2020-03,17TPG624602,9.5,107307,99.60487200275844
"PA WesternPA 2019 D20  (Venango, QL2)",Venango 2020-03,17TPG624602,10.5,106781,99.59637014075535
"PA WesternPA 2019 D20  (Venango, QL2)",Venango 2020-03,17TPG624602,11.5,106164,99.48758524546928
"PA WesternPA 2019 D20  (Venango, QL2)",Venango 2020-03,17TPG624602,12.5,106864,99.59761940410242
"PA WesternPA 2019 D20  (Venango, QL2)",Venango 2020-03,17TPG624602,13.5,106459,99.46740059553444
"PA WesternPA 2019 D20  (Venango, QL2)",Venango 2020-03,17TPG624602,14.5,107069,97.79114402861704
"PA WesternPA 2019 D20  (Venango, QL2)",Venango 2020-03,17TPG624602,15.5,109380,91.375022856098
"PA WesternPA 2019 D20  (Venango, QL2)",Venango 2020-03,17TPG624602,16.5,116137,91.58321637376548
"PA WesternPA 2019 D20  (Venango, QL2)",Venango 2020-03,17TPG624602,17.5,128194,91.65873597828292
"PA WesternPA 2019 D20  (Venango, QL2)",Venango 2020-03,17TPG624602,18.5,167981,0.0
"PA WesternPA 2019 D20  (Venango, QL2)",Venango 2020-03,17TPG624602,19.5,265198,0.0
"PA WesternPA 2019 D20  (Venango, QL2)",Venango 2020-03,17TPG624602,20.5,90,0.0
"PA WesternPA 2019 D20  (Venango, QL2)",Venango 2020-03,17TPG622606,0.5,103527,99.6184570208738
"PA WesternPA 2019 D20  (Venango, QL2)",Venango 2020-03,17TPG622606,1.5,112730,99.5218664064579
"PA WesternPA 2019 D20  (Venango, QL2)",Venango 2020-03,17TPG622606,2.5,150783,99.27047478827188
"PA WesternPA 2019 D20  (Venango, QL2)",Venango 2020-03,17TPG622606,3.5,143057,99.11573708381974
"PA WesternPA 2019 D20  (Venango, QL2)",Venango 2020-03,17TPG622606,4.5,105141,98.78544050370456
"PA WesternPA 2019 D20  (Venango, QL2)",Venango 2020-03,17TPG622606,5.5,105686,99.00459852771417
"PA WesternPA 2019 D20  (Venango, QL2)",Venango 2020-03,17TPG622606,6.5,107799,98.8729023460329
"PA WesternPA 2019 D20  (Venango, QL2)",Venango 2020-03,17TPG622606,7.5,108667,98.69233529958495
"PA WesternPA 2019 D20  (Venango, QL2)",Venango 2020-03,17TPG622606,8.5,105672,98.6997501703384
"PA WesternPA 2019 D20  (Venango, QL2)",Venango 2020-03,17TPG622606,9.5,106830,98.70822802583544
"PA WesternPA 2019 D20  (Venango, QL2)",Venango 2020-03,17TPG622606,10.5,106545,98.77891970528884
"PA WesternPA 2019 D20  (Venango, QL2)",Venango 2020-03,17TPG622606,11.5,106838,98.84217226080608
"PA WesternPA 2019 D20  (Venango, QL2)",Venango 2020-03,17TPG622606,12.5,108889,98.64449117909064
"PA WesternPA 2019 D20  (Venango, QL2)",Venango 2020-03,17TPG622606,13.5,108019,98.59746896379342
"PA WesternPA 2019 D20  (Venango, QL2)",Venango 2020-03,17TPG622606,14.5,109218,98.2502884139977
"PA WesternPA 2019 D20  (Venango, QL2)",Venango 2020-03,17TPG622606,15.5,108733,92.74277358299688
"PA WesternPA 2019 D20  (Venango, QL2)",Venango 2020-03,17TPG622606,16.5,109237,88.17250565284657
"PA WesternPA 2019 D20  (Venango, QL2)",Venango 2020-03,17TPG622606,17.5,129856,87.03178905864958
"PA WesternPA 2019 D20  (Venango, QL2)",Venango 2020-03,17TPG622606,18.5,196167,0.0
"PA WesternPA 2019 D20  (Venango, QL2)",Venango 2020-03,17TPG622606,19.5,198642,0.0
"PA WesternPA 2019 D20  (Venango, QL2)",Venango 2020-03,17TPG624603,0.5,105839,98.71597426279538
"PA WesternPA 2019 D20  (Venango, QL2)",Venango 2020-03,17TPG624603,1.5,106393,98.87586589343285
"PA WesternPA 2019 D20  (Venango, QL2)",Venango 2020-03,17TPG624603,2.5,130382,99.11874338482306
"PA WesternPA 2019 D20  (Venango, QL2)",Venango 2020-03,17TPG624603,3.5,160750,99.2864696734059
"PA WesternPA 2019 D20  (Venango, QL2)",Venango 2020-03,17TPG624603,4.5,119017,99.18835124393996
"PA WesternPA 2019 D20  (Venango, QL2)",Venango 2020-03,17TPG624603,5.5,106218,99.0961983844546
"PA WesternPA 2019 D20  (Venango, QL2)",Venango 2020-03,17TPG624603,6.5,106714,99.00200536012144
"PA WesternPA 2019 D20  (Venango, QL2)",Venango 2020-03,17TPG624603,7.5,106375,98.79200940070506
"PA WesternPA 2019 D20  (Venango, QL2)",Venango 2020-03,17TPG624603,8.5,105780,98.81735677821897
"PA WesternPA 2019 D20  (Venango, QL2)",Venango 2020-03,17TPG624603,9.5,106408,98.98033982407338
"PA WesternPA 2019 D20  (Venango, QL2)",Venango 2020-03,17TPG624603,10.5,104981,98.9026585763138
"PA WesternPA 2019 D20  (Venango, QL2)",Venango 2020-03,17TPG624603,11.5,104306,98.86871320921136
"PA WesternPA 2019 D20  (Venango, QL2)",Venango 2020-03,17TPG624603,12.5,105834,99.0305572878281
"PA WesternPA 2019 D20  (Venango, QL2)",Venango 2020-03,17TPG624603,13.5,103415,98.98854131412271
"PA WesternPA 2019 D20  (Venango, QL2)",Venango 2020-03,17TPG624603,14.5,106909,98.34064484748713
"PA WesternPA 2019 D20  (Venango, QL2)",Venango 2020-03,17TPG624603,15.5,111914,92.42364672873812
"PA WesternPA 2019 D20  (Venango, QL2)",Venango 2020-03,17TPG624603,16.5,119570,91.35652755707952
"PA WesternPA 2019 D20  (Venango, QL2)",Venango 2020-03,17TPG624603,17.5,134497,91.21467393324758
"PA WesternPA 2019 D20  (Venango, QL2)",Venango 2020-03,17TPG624603,18.5,177871,0.0
"PA WesternPA 2019 D20  (Venango, QL2)",Venango 2020-03,17TPG624603,19.5,217462,0.0
"PA WesternPA 2019 D20  (Venango, QL2)",Venango 2020-03,17TPG624605,0.5,108604,99.29744760782292
"PA WesternPA 2019 D20  (Venango, QL2)",Venango 2020-03,17TPG624605,1.5,108832,99.31453984122317
"PA WesternPA 2019 D20  (Venango, QL2)",Venango 2020-03,17TPG624605,2.5,111195,99.16093349521113
"PA WesternPA 2019 D20  (Venango, QL2)",Venango 2020-03,17TPG624605,3.5,151989,99.199284158722
"PA WesternPA 2019 D20  (Venango, QL2)",Venango 2020-03,17TPG624605,4.5,156294,99.31347332591145
"PA WesternPA 2019 D20  (Venango, QL2)",Venango 2020-03,17TPG624605,5.5,116997,99.48887578313976
"PA WesternPA 2019 D20  (Venango, QL2)",Venango 2020-03,17TPG624605,6.5,108912,99.43991479359482
"PA WesternPA 2019 D20  (Venango, QL2)",Venango 2020-03,17TPG624605,7.5,109422,99.49644495622452
"PA WesternPA 2019 D20  (Venango, QL2)",Venango 2020-03,17TPG624605,8.5,106665,99.40842825669152
"PA WesternPA 2019 D20  (Venango, QL2)",Venango 2020-03,17TPG624605,9.5,107304,99.50607619473644
"PA WesternPA 2019 D20  (Venango, QL2)",Venango 2020-03,17TPG624605,10.5,107461,99.41653250946857
"PA WesternPA 2019 D20  (Venango, QL2)",Venango 2020-03,17TPG624605,11.5,106829,99.30730419642606
"PA WesternPA 2019 D20  (Venango, QL2)",Venango 2020-03,17TPG624605,12.5,105661,99.13686222920472
"PA WesternPA 2019 D20  (Venango, QL2)",Venango 2020-03,17TPG624605,13.5,104289,98.98071704590129
"PA WesternPA 2019 D20  (Venango, QL2)",Venango 2020-03,17TPG624605,14.5,106794,96.71517126430324
"PA WesternPA 2019 D20  (Venango, QL2)",Venango 2020-03,17TPG624605,15.5,108833,90.863065430522
"PA WesternPA 2019 D20  (Venango, QL2)",Venango 2020-03,17TPG624605,16.5,113687,91.1185975529304
"PA WesternPA 2019 D20  (Venango, QL2)",Venango 2020-03,17TPG624605,17.5,132598,91.74723600657629
"PA WesternPA 2019 D20  (Venango, QL2)",Venango 2020-03,17TPG624605,18.5,191865,0.0
"PA WesternPA 2019 D20  (Venango, QL2)",Venango 2020-03,17TPG624605,19.5,187178,0.0
"PA Northcentral 2019 B19  (McKean, QL1)",McKean 2019-04,e1423n2236,0.5,31245,97.81084973595776
"PA Northcentral 2019 B19  (McKean, QL1)",McKean 2019-04,e1423n2236,1.5,128889,97.9773293298885
"PA Northcentral 2019 B19  (McKean, QL1)",McKean 2019-04,e1423n2236,3.5,64501,97.81398738004064
"PA Northcentral 2019 B19  (McKean, QL1)",McKean 2019-04,e1423n2236,4.5,128984,97.9423804502884
"PA Northcentral 2019 B19  (McKean, QL1)",McKean 2019-04,e1423n2236,6.5,62127,98.01213643021552
"PA Northcentral 2019 B19  (McKean, QL1)",McKean 2019-04,e1423n2236,7.5,109527,98.0214924173948
"PA Northcentral 2019 B19  (McKean, QL1)",McKean 2019-04,e1423n2236,9.5,46799,98.4679159811107
"PA Northcentral 2019 B19  (McKean, QL1)",McKean 2019-04,e1423n2236,10.5,78322,98.61469318965295
"PA Northcentral 2019 B19  (McKean, QL1)",McKean 2019-04,e1423n2236,12.5,33061,98.87178246272045
"PA Northcentral 2019 B19  (McKean, QL1)",McKean 2019-04,e1423n2236,13.5,64996,98.49836913040802
"PA Northcentral 2019 B19  (McKean, QL1)",McKean 2019-04,e1423n2236,15.5,32877,98.46397177358033
"PA Northcentral 2019 B19  (McKean, QL1)",McKean 2019-04,e1423n2236,16.5,64320,83.42972636815921
"PA Northcentral 2019 B19  (McKean, QL1)",McKean 2019-04,e1423n2236,18.5,28368,82.27227862380147
"PA Northcentral 2019 B19  (McKean, QL1)",McKean 2019-04,e1423n2236,19.5,34361,79.58732283693722
"PA Northcentral 2019 B19  (McKean, QL1)",McKean 2019-04,e1423n2236,21.5,13319,78.83474735340491
"PA Northcentral 2019 B19  (McKean, QL1)",McKean 2019-04,e1423n2236,22.5,31967,80.60499890512091
"PA Northcentral 2019 B19  (McKean, QL1)",McKean 2019-04,e1423n2236,24.5,24064,84.99833776595744
"PA Northcentral 2019 B19  (McKean, QL1)",McKean 2019-04,e1423n2236,25.5,62703,84.43136692024305
"PA Northcentral 2019 B19  (McKean, QL1)",McKean 2019-04,e1423n2236,27.5,34731,99.12758054763756
"PA Northcentral 2019 B19  (McKean, QL1)",McKean 2019-04,e1423n2236,28.5,63738,99.15435062286234
"PA Northcentral 2019 B19  (McKean, QL1)",McKean 2019-04,e1423n2235,0.5,31070,97.17734148696492
"PA Northcentral 2019 B19  (McKean, QL1)",McKean 2019-04,e1423n2235,1.5,126921,97.6032335074574
"PA Northcentral 2019 B19  (McKean, QL1)",McKean 2019-04,e1423n2235,3.5,63477,97.91893126644295
"PA Northcentral 2019 B19  (McKean, QL1)",McKean 2019-04,e1423n2235,4.5,131046,98.04190894800298
"PA Northcentral 2019 B19  (McKean, QL1)",McKean 2019-04,e1423n2235,6.5,66898,98.1090615563993
"PA Northcentral 2019 B19  (McKean, QL1)",McKean 2019-04,e1423n2235,7.5,133400,98.19340329835084
"PA Northcentral 2019 B19  (McKean, QL1)",McKean 2019-04,e1423n2235,9.5,66475,97.99623918766454
"PA Northcentral 2019 B19  (McKean, QL1)",McKean 2019-04,e1423n2235,10.5,132526,97.73252041108914
"PA Northcentral 2019 B19  (McKean, QL1)",McKean 2019-04,e1423n2235,12.5,63625,97.45540275049116
"PA Northcentral 2019 B19  (McKean, QL1)",McKean 2019-04,e1423n2235,13.5,103377,97.34853981059617
"PA Northcentral 2019 B19  (McKean, QL1)",McKean 2019-04,e1423n2235,15.5,34488,96.84237995824635
"PA Northcentral 2019 B19  (McKean, QL1)",McKean 2019-04,e1423n2235,16.5,24641,95.17065054177996
"PA Northcentral 2019 B19  (McKean, QL1)",McKean 2019-04,e1423n2235,18.5,72,77.77777777777779
"PA Northcentral 2019 B19  (McKean, QL1)",McKean 2019-04,e1423n2235,25.5,1986,83.53474320241692
"PA Northcentral 2019 B19  (McKean, QL1)",McKean 2019-04,e1423n2235,27.5,7954,98.11415639929596
"PA Northcentral 2019 B19  (McKean, QL1)",McKean 2019-04,e1423n2235,28.5,30793,98.45094664371771
"PA WesternPA 2019 D20  (Venango, QL2)",Venango 2020-03,17TPG624608,0.5,102841,99.42824359934266
"PA WesternPA 2019 D20  (Venango, QL2)",Venango 2020-03,17TPG624608,1.5,103735,99.57391430086278
"PA WesternPA 2019 D20  (Venango, QL2)",Venango 2020-03,17TPG624608,2.5,103825,99.58295208283168
"PA WesternPA 2019 D20  (Venango, QL2)",Venango 2020-03,17TPG624608,3.5,104634,99.49920675879731
"PA WesternPA 2019 D20  (Venango, QL2)",Venango 2020-03,17TPG624608,4.5,136840,99.51841566793335
"PA WesternPA 2019 D20  (Venango, QL2)",Venango 2020-03,17TPG624608,5.5,156654,99.51549274196636
"PA WesternPA 2019 D20  (Venango, QL2)",Venango 2020-03,17TPG624608,6.5,135872,99.44285798398492
"PA WesternPA 2019 D20  (Venango, QL2)",Venango 2020-03,17TPG624608,7.5,106902,99.47522029522366
"PA WesternPA 2019 D20  (Venango, QL2)",Venango 2020-03,17TPG624608,8.5,103881,99.3165256399149
"PA WesternPA 2019 D20  (Venango, QL2)",Venango 2020-03,17TPG624608,9.5,104884,99.1752793562412
"PA WesternPA 2019 D20  (Venango, QL2)",Venango 2020-03,17TPG624608,10.5,105503,99.30618086689478
"PA WesternPA 2019 D20  (Venango, QL2)",Venango 2020-03,17TPG624608,11.5,105049,99.24987386838524
"PA WesternPA 2019 D20  (Venango, QL2)",Venango 2020-03,17TPG624608,12.5,105438,98.9140537567101
"PA WesternPA 2019 D20  (Venango, QL2)",Venango 2020-03,17TPG624608,13.5,103178,98.97846440132588
"PA WesternPA 2019 D20  (Venango, QL2)",Venango 2020-03,17TPG624608,14.5,102409,95.85876241345976
"PA WesternPA 2019 D20  (Venango, QL2)",Venango 2020-03,17TPG624608,15.5,105200,92.29467680608366
"PA WesternPA 2019 D20  (Venango, QL2)",Venango 2020-03,17TPG624608,16.5,111781,92.4325243109294
"PA WesternPA 2019 D20  (Venango, QL2)",Venango 2020-03,17TPG624608,17.5,125221,92.63462198832464
"PA WesternPA 2019 D20  (Venango, QL2)",Venango 2020-03,17TPG624608,18.5,161122,0.0
"PA WesternPA 2019 D20  (Venango, QL2)",Venango 2020-03,17TPG624608,19.5,259180,0.0
"PA WesternPA 2019 D20  (Venango, QL2)",Venango 2020-03,17TPG624608,20.5,228,0.0
"PA WesternPA 2019 D20  (Venango, QL2)",Venango 2020-03,17TPG624606,0.5,100396,99.63145942069404
"PA WesternPA 2019 D20  (Venango, QL2)",Venango 2020-03,17TPG624606,1.5,101492,99.68273361447208
"PA WesternPA 2019 D20  (Venango, QL2)",Venango 2020-03,17TPG624606,2.5,101436,99.61354943018256
"PA WesternPA 2019 D20  (Venango, QL2)",Venango 2020-03,17TPG624606,3.5,116029,99.37515621094728
"PA WesternPA 2019 D20  (Venango, QL2)",Venango 2020-03,17TPG624606,4.5,150110,99.45773099726868
"PA WesternPA 2019 D20  (Venango, QL2)",Venango 2020-03,17TPG624606,5.5,142233,99.40590439630746
"PA WesternPA 2019 D20  (Venango, QL2)",Venango 2020-03,17TPG624606,6.5,104360,99.42123418934456
"PA WesternPA 2019 D20  (Venango, QL2)",Venango 2020-03,17TPG624606,7.5,102194,99.40211754114723
"PA WesternPA 2019 D20  (Venango, QL2)",Venango 2020-03,17TPG624606,8.5,100980,99.5444642503466
"PA WesternPA 2019 D20  (Venango, QL2)",Venango 2020-03,17TPG624606,9.5,102944,99.4783571650606
"PA WesternPA 2019 D20  (Venango, QL2)",Venango 2020-03,17TPG624606,10.5,103007,99.4971215548458
"PA WesternPA 2019 D20  (Venango, QL2)",Venango 2020-03,17TPG624606,11.5,96761,99.39851799795372
"PA WesternPA 2019 D20  (Venango, QL2)",Venango 2020-03,17TPG624606,12.5,99347,99.3366684449455
"PA WesternPA 2019 D20  (Venango, QL2)",Venango 2020-03,17TPG624606,13.5,99989,99.09089999899987
"PA WesternPA 2019 D20  (Venango, QL2)",Venango 2020-03,17TPG624606,14.5,99890,96.61828010811892
"PA WesternPA 2019 D20  (Venango, QL2)",Venango 2020-03,17TPG624606,15.5,106880,91.59524700598804
"PA WesternPA 2019 D20  (Venango, QL2)",Venango 2020-03,17TPG624606,16.5,114959,92.76698649083586
"PA WesternPA 2019 D20  (Venango, QL2)",Venango 2020-03,17TPG624606,17.5,127226,92.4944586798296
"PA WesternPA 2019 D20  (Venango, QL2)",Venango 2020-03,17TPG624606,18.5,163208,0.0
"PA WesternPA 2019 D20  (Venango, QL2)",Venango 2020-03,17TPG624606,19.5,207912,0.0
"PA Northcentral 2019 B19  (McKean, QL1)",McKean 2019-04,e1423n2237,0.5,32566,96.85868697414482
"PA Northcentral 2019 B19  (McKean, QL1)",McKean 2019-04,e1423n2237,1.5,111578,96.70633995949022
"PA Northcentral 2019 B19  (McKean, QL1)",McKean 2019-04,e1423n2237,3.5,47731,97.17374452661792
"PA Northcentral 2019 B19  (McKean, QL1)",McKean 2019-04,e1423n2237,4.5,73826,97.2394549345759
"PA Northcentral 2019 B19  (McKean, QL1)",McKean 2019-04,e1423n2237,6.5,30361,97.11471954151708
"PA Northcentral 2019 B19  (McKean, QL1)",McKean 2019-04,e1423n2237,7.5,59744,97.27504017139796
"PA Northcentral 2019 B19  (McKean, QL1)",McKean 2019-04,e1423n2237,9.5,31087,97.32685688551484
"PA Northcentral 2019 B19  (McKean, QL1)",McKean 2019-04,e1423n2237,10.5,63625,97.43654223968564
"PA Northcentral 2019 B19  (McKean, QL1)",McKean 2019-04,e1423n2237,12.5,32663,97.3792976762698
"PA Northcentral 2019 B19  (McKean, QL1)",McKean 2019-04,e1423n2237,13.5,65733,97.50353703619189
"PA Northcentral 2019 B19  (McKean, QL1)",McKean 2019-04,e1423n2237,15.5,31872,97.00363955823292
"PA Northcentral 2019 B19  (McKean, QL1)",McKean 2019-04,e1423n2237,16.5,65170,94.5450360595366
"PA Northcentral 2019 B19  (McKean, QL1)",McKean 2019-04,e1423n2237,18.5,35210,89.72166998011929
"PA Northcentral 2019 B19  (McKean, QL1)",McKean 2019-04,e1423n2237,19.5,113785,85.94190798435646
"PA Northcentral 2019 B19  (McKean, QL1)",McKean 2019-04,e1423n2237,21.5,65800,82.06534954407296
"PA Northcentral 2019 B19  (McKean, QL1)",McKean 2019-04,e1423n2237,22.5,129245,80.9454911215134
"PA Northcentral 2019 B19  (McKean, QL1)",McKean 2019-04,e1423n2237,24.5,56860,80.87583538515652
"PA Northcentral 2019 B19  (McKean, QL1)",McKean 2019-04,e1423n2237,25.5,96413,79.42186219700663
"PA Northcentral 2019 B19  (McKean, QL1)",McKean 2019-04,e1423n2237,27.5,40521,98.24782211692704
"PA Northcentral 2019 B19  (McKean, QL1)",McKean 2019-04,e1423n2237,28.5,64849,98.329966537649
"PA Northcentral 2019 B19  (McKean, QL1)",McKean 2019-04,e1423n2237,30.5,140,99.28571428571428
"PA Northcentral 2019 B19  (McKean, QL1)",McKean 2019-04,e1423n2238,0.5,681,97.94419970631424
"PA Northcentral 2019 B19  (McKean, QL1)",McKean 2019-04,e1423n2238,1.5,18513,97.22357262464216
"PA Northcentral 2019 B19  (McKean, QL1)",McKean 2019-04,e1423n2238,3.5,18957,97.51015456032071
"PA Northcentral 2019 B19  (McKean, QL1)",McKean 2019-04,e1423n2238,4.5,53574,97.77504013140702
"PA Northcentral 2019 B19  (McKean, QL1)",McKean 2019-04,e1423n2238,6.5,32027,97.43029319012084
"PA Northcentral 2019 B19  (McKean, QL1)",McKean 2019-04,e1423n2238,7.5,66062,97.82022948139624
"PA Northcentral 2019 B19  (McKean, QL1)",McKean 2019-04,e1423n2238,9.5,33135,97.86932246868872
"PA Northcentral 2019 B19  (McKean, QL1)",McKean 2019-04,e1423n2238,10.5,65016,97.56367663344408
"PA Northcentral 2019 B19  (McKean, QL1)",McKean 2019-04,e1423n2238,12.5,35566,97.87437440251928
"PA Northcentral 2019 B19  (McKean, QL1)",McKean 2019-04,e1423n2238,13.5,91847,97.7669384955415
"PA Northcentral 2019 B19  (McKean, QL1)",McKean 2019-04,e1423n2238,15.5,53664,97.67441860465117
"PA Northcentral 2019 B19  (McKean, QL1)",McKean 2019-04,e1423n2238,16.5,122479,94.76481682574156
"PA Northcentral 2019 B19  (McKean, QL1)",McKean 2019-04,e1423n2238,18.5,69130,87.56545638651816
"PA Northcentral 2019 B19  (McKean, QL1)",McKean 2019-04,e1423n2238,19.5,135749,82.59434691968265
"PA Northcentral 2019 B19  (McKean, QL1)",McKean 2019-04,e1423n2238,21.5,66782,80.04851606720374
"PA Northcentral 2019 B19  (McKean, QL1)",McKean 2019-04,e1423n2238,22.5,138449,78.81097010451502
"PA Northcentral 2019 B19  (McKean, QL1)",McKean 2019-04,e1423n2238,24.5,67868,79.23469087051335
"PA Northcentral 2019 B19  (McKean, QL1)",McKean 2019-04,e1423n2238,25.5,135218,77.74260823263175
"PA Northcentral 2019 B19  (McKean, QL1)",McKean 2019-04,e1423n2238,27.5,67509,98.27726673480574
"PA Northcentral 2019 B19  (McKean, QL1)",McKean 2019-04,e1423n2238,28.5,111177,98.45291741996996
"PA Northcentral 2019 B19  (McKean, QL1)",McKean 2019-04,e1423n2238,30.5,190,98.94736842105264
"PA Northcentral 2019 B19  (McKean, QL1)",McKean 2019-04,e1424n2235,0.5,9737,96.78545753312108
"PA Northcentral 2019 B19  (McKean, QL1)",McKean 2019-04,e1424n2235,1.5,43382,96.27034253837998
"PA Northcentral 2019 B19  (McKean, QL1)",McKean 2019-04,e1424n2235,3.5,26948,97.13522339320173
"PA Northcentral 2019 B19  (McKean, QL1)",McKean 2019-04,e1424n2235,4.5,72069,97.67167575517908
"PA Northcentral 2019 B19  (McKean, QL1)",McKean 2019-04,e1424n2235,6.5,38558,98.347943358058
"PA Northcentral 2019 B19  (McKean, QL1)",McKean 2019-04,e1424n2235,7.5,77855,98.52803288163896
"PA Northcentral 2019 B19  (McKean, QL1)",McKean 2019-04,e1424n2235,9.5,39076,98.30586549288566
"PA Northcentral 2019 B19  (McKean, QL1)",McKean 2019-04,e1424n2235,10.5,78361,98.28486109161445
"PA Northcentral 2019 B19  (McKean, QL1)",McKean 2019-04,e1424n2235,12.5,39429,97.72248852367548
"PA Northcentral 2019 B19  (McKean, QL1)",McKean 2019-04,e1424n2235,13.5,80736,98.02937970669838
"PA Northcentral 2019 B19  (McKean, QL1)",McKean 2019-04,e1424n2235,15.5,48898,97.754509386887
"PA Northcentral 2019 B19  (McKean, QL1)",McKean 2019-04,e1424n2235,16.5,125534,95.561361862125
"PA Northcentral 2019 B19  (McKean, QL1)",McKean 2019-04,e1424n2235,18.5,70218,88.03298299581303
"PA Northcentral 2019 B19  (McKean, QL1)",McKean 2019-04,e1424n2235,19.5,138614,83.35593807263335
"PA Northcentral 2019 B19  (McKean, QL1)",McKean 2019-04,e1424n2235,21.5,67566,81.66385460142675
"PA Northcentral 2019 B19  (McKean, QL1)",McKean 2019-04,e1424n2235,22.5,134278,80.47632523570502
"PA Northcentral 2019 B19  (McKean, QL1)",McKean 2019-04,e1424n2235,24.5,68374,79.16459472899055
"PA Northcentral 2019 B19  (McKean, QL1)",McKean 2019-04,e1424n2235,25.5,135775,78.733198306021
"PA Northcentral 2019 B19  (McKean, QL1)",McKean 2019-04,e1424n2235,27.5,62426,98.64960112773524
"PA Northcentral 2019 B19  (McKean, QL1)",McKean 2019-04,e1424n2235,28.5,104467,98.80344989326773
"PA Northcentral 2019 B19  (McKean, QL1)",McKean 2019-04,e1423n2239,6.5,3487,99.13966160022942
"PA Northcentral 2019 B19  (McKean, QL1)",McKean 2019-04,e1423n2239,7.5,28997,97.87219367520775
"PA Northcentral 2019 B19  (McKean, QL1)",McKean 2019-04,e1423n2239,9.5,32557,97.61955954172682
"PA Northcentral 2019 B19  (McKean, QL1)",McKean 2019-04,e1423n2239,10.5,102869,97.41029853503
"PA Northcentral 2019 B19  (McKean, QL1)",McKean 2019-04,e1423n2239,12.5,63802,97.58314786370332
"PA Northcentral 2019 B19  (McKean, QL1)",McKean 2019-04,e1423n2239,13.5,132763,97.53169181172466
"PA Northcentral 2019 B19  (McKean, QL1)",McKean 2019-04,e1423n2239,15.5,65150,97.05141980046048
"PA Northcentral 2019 B19  (McKean, QL1)",McKean 2019-04,e1423n2239,16.5,130173,97.04623846727048
"PA Northcentral 2019 B19  (McKean, QL1)",McKean 2019-04,e1423n2239,18.5,62268,94.40804265433287
"PA Northcentral 2019 B19  (McKean, QL1)",McKean 2019-04,e1423n2239,19.5,120069,90.81611406774438
"PA Northcentral 2019 B19  (McKean, QL1)",McKean 2019-04,e1423n2239,21.5,60100,83.88352745424292
"PA Northcentral 2019 B19  (McKean, QL1)",McKean 2019-04,e1423n2239,22.5,114026,82.53468507182572
"PA Northcentral 2019 B19  (McKean, QL1)",McKean 2019-04,e1423n2239,24.5,56273,80.82561796954134
"PA Northcentral 2019 B19  (McKean, QL1)",McKean 2019-04,e1423n2239,25.5,110091,79.61595407435667
"PA Northcentral 2019 B19  (McKean, QL1)",McKean 2019-04,e1423n2239,27.5,57459,96.896917802259
"PA Northcentral 2019 B19  (McKean, QL1)",McKean 2019-04,e1423n2239,28.5,118949,97.4274689152494
"PA Northcentral 2019 B19  (McKean, QL1)",McKean 2019-04,e1423n2239,30.5,85,97.6470588235294
"PA Northcentral 2019 B19  (McKean, QL1)",McKean 2019-04,e1424n2234,4.5,1775,98.53521126760565
"PA Northcentral 2019 B19  (McKean, QL1)",McKean 2019-04,e1424n2234,6.5,8402,97.08402761247322
"PA Northcentral 2019 B19  (McKean, QL1)",McKean 2019-04,e1424n2234,7.5,39504,96.89398541919806
"PA Northcentral 2019 B19  (McKean, QL1)",McKean 2019-04,e1424n2234,9.5,37471,96.6694243548344
"PA Northcentral 2019 B19  (McKean, QL1)",McKean 2019-04,e1424n2234,10.5,107809,97.01694663710822
"PA Northcentral 2019 B19  (McKean, QL1)",McKean 2019-04,e1424n2234,12.5,63111,97.01636798656337
"PA Northcentral 2019 B19  (McKean, QL1)",McKean 2019-04,e1424n2234,13.5,139959,97.37780349959633
"PA Northcentral 2019 B19  (McKean, QL1)",McKean 2019-04,e1424n2234,15.5,70912,97.41792644404332
"PA Northcentral 2019 B19  (McKean, QL1)",McKean 2019-04,e1424n2234,16.5,141859,97.29943112527228
"PA Northcentral 2019 B19  (McKean, QL1)",McKean 2019-04,e1424n2234,18.5,70837,96.64158561203892
"PA Northcentral 2019 B19  (McKean, QL1)",McKean 2019-04,e1424n2234,19.5,140952,88.45351609058403
"PA Northcentral 2019 B19  (McKean, QL1)",McKean 2019-04,e1424n2234,21.5,70301,81.81391445356397
"PA Northcentral 2019 B19  (McKean, QL1)",McKean 2019-04,e1424n2234,22.5,141636,82.44090485469796
"PA Northcentral 2019 B19  (McKean, QL1)",McKean 2019-04,e1424n2234,24.5,70445,80.32649584782455
"PA Northcentral 2019 B19  (McKean, QL1)",McKean 2019-04,e1424n2234,25.5,140429,82.05854916007378
"PA Northcentral 2019 B19  (McKean, QL1)",McKean 2019-04,e1424n2234,27.5,70989,98.31664060629112
"PA Northcentral 2019 B19  (McKean, QL1)",McKean 2019-04,e1424n2234,28.5,135620,98.62704615838372
"PA Northcentral 2019 B19  (McKean, QL1)",McKean 2019-04,e1423n2240,0.5,307,97.3941368078176
"PA Northcentral 2019 B19  (McKean, QL1)",McKean 2019-04,e1423n2240,1.5,12187,96.38139000574382
"PA Northcentral 2019 B19  (McKean, QL1)",McKean 2019-04,e1423n2240,3.5,11253,96.76530702923664
"PA Northcentral 2019 B19  (McKean, QL1)",McKean 2019-04,e1423n2240,4.5,31142,96.43889281356368
"PA Northcentral 2019 B19  (McKean, QL1)",McKean 2019-04,e1423n2240,6.5,23698,96.56511097982953
"PA Northcentral 2019 B19  (McKean, QL1)",McKean 2019-04,e1423n2240,7.5,59199,96.46615652291425
"PA Northcentral 2019 B19  (McKean, QL1)",McKean 2019-04,e1423n2240,9.5,31362,96.55315349786363
"PA Northcentral 2019 B19  (McKean, QL1)",McKean 2019-04,e1423n2240,10.5,62404,96.54669572463304
"PA Northcentral 2019 B19  (McKean, QL1)",McKean 2019-04,e1423n2240,12.5,38681,97.09935110260852
"PA Northcentral 2019 B19  (McKean, QL1)",McKean 2019-04,e1423n2240,13.5,96259,96.95612877756884
"PA Northcentral 2019 B19  (McKean, QL1)",McKean 2019-04,e1423n2240,15.5,55730,97.01417548896464
"PA Northcentral 2019 B19  (McKean, QL1)",McKean 2019-04,e1423n2240,16.5,120272,96.39317546893707
"PA Northcentral 2019 B19  (McKean, QL1)",McKean 2019-04,e1423n2240,18.5,60702,91.8454087179994
"PA Northcentral 2019 B19  (McKean, QL1)",McKean 2019-04,e1423n2240,19.5,125392,85.43607247671304
"PA Northcentral 2019 B19  (McKean, QL1)",McKean 2019-04,e1423n2240,21.5,63100,82.51188589540412
"PA Northcentral 2019 B19  (McKean, QL1)",McKean 2019-04,e1423n2240,22.5,122004,82.14894593619881
"PA Northcentral 2019 B19  (McKean, QL1)",McKean 2019-04,e1423n2240,24.5,59193,80.97241227847888
"PA Northcentral 2019 B19  (McKean, QL1)",McKean 2019-04,e1423n2240,25.5,110781,80.51290383730063
"PA Northcentral 2019 B19  (McKean, QL1)",McKean 2019-04,e1423n2240,27.5,53892,96.06991761300378
"PA Northcentral 2019 B19  (McKean, QL1)",McKean 2019-04,e1423n2240,28.5,97279,96.35275856042928
"PA Northcentral 2019 B19  (McKean, QL1)",McKean 2019-04,e1423n2240,30.5,130,96.15384615384616
"PA Northcentral 2019 B19  (McKean, QL1)",McKean 2019-04,e1423n2241,0.5,29225,95.80838323353294
"PA Northcentral 2019 B19  (McKean, QL1)",McKean 2019-04,e1423n2241,1.5,95565,95.6867053837702
"PA Northcentral 2019 B19  (McKean, QL1)",McKean 2019-04,e1423n2241,3.5,40301,95.85121957271532
"PA Northcentral 2019 B19  (McKean, QL1)",McKean 2019-04,e1423n2241,4.5,66196,95.92422502870264
"PA Northcentral 2019 B19  (McKean, QL1)",McKean 2019-04,e1423n2241,6.5,26739,96.09933056584016
"PA Northcentral 2019 B19  (McKean, QL1)",McKean 2019-04,e1423n2241,7.5,52032,95.8909901599016
"PA Northcentral 2019 B19  (McKean, QL1)",McKean 2019-04,e1423n2241,9.5,27281,96.16949525310656
"PA Northcentral 2019 B19  (McKean, QL1)",McKean 2019-04,e1423n2241,10.5,60352,96.06806733828208
"PA Northcentral 2019 B19  (McKean, QL1)",McKean 2019-04,e1423n2241,12.5,31561,96.3467570736035
"PA Northcentral 2019 B19  (McKean, QL1)",McKean 2019-04,e1423n2241,13.5,60973,96.3065619208502
"PA Northcentral 2019 B19  (McKean, QL1)",McKean 2019-04,e1423n2241,15.5,27954,96.633755455391
"PA Northcentral 2019 B19  (McKean, QL1)",McKean 2019-04,e1423n2241,16.5,60567,93.79199894331896
"PA Northcentral 2019 B19  (McKean, QL1)",McKean 2019-04,e1423n2241,18.5,39721,86.31454394400947
"PA Northcentral 2019 B19  (McKean, QL1)",McKean 2019-04,e1423n2241,19.5,90041,82.93333037171955
"PA Northcentral 2019 B19  (McKean, QL1)",McKean 2019-04,e1423n2241,21.5,51594,82.75574679226267
"PA Northcentral 2019 B19  (McKean, QL1)",McKean 2019-04,e1423n2241,22.5,92717,82.68818016113549
"PA Northcentral 2019 B19  (McKean, QL1)",McKean 2019-04,e1423n2241,24.5,40142,83.08006576652882
"PA Northcentral 2019 B19  (McKean, QL1)",McKean 2019-04,e1423n2241,25.5,66872,83.69272640267975
"PA Northcentral 2019 B19  (McKean, QL1)",McKean 2019-04,e1423n2241,27.5,28164,94.75571651754012
"PA Northcentral 2019 B19  (McKean, QL1)",McKean 2019-04,e1423n2241,28.5,41939,94.6946756002766
"PA Northcentral 2019 B19  (McKean, QL1)",McKean 2019-04,e1423n2241,30.5,132,98.48484848484848
"PA Northcentral 2019 B19  (McKean, QL1)",McKean 2019-04,e1424n2236,0.5,37217,96.30813875379532
"PA Northcentral 2019 B19  (McKean, QL1)",McKean 2019-04,e1424n2236,1.5,148508,96.30861637083524
"PA Northcentral 2019 B19  (McKean, QL1)",McKean 2019-04,e1424n2236,3.5,69084,96.5505761102426
"PA Northcentral 2019 B19  (McKean, QL1)",McKean 2019-04,e1424n2236,4.5,120131,97.0282441667846
"PA Northcentral 2019 B19  (McKean, QL1)",McKean 2019-04,e1424n2236,6.5,50463,97.22569010958524
"PA Northcentral 2019 B19  (McKean, QL1)",McKean 2019-04,e1424n2236,7.5,80273,97.4798500118346
"PA Northcentral 2019 B19  (McKean, QL1)",McKean 2019-04,e1424n2236,9.5,35567,96.9381730255574
"PA Northcentral 2019 B19  (McKean, QL1)",McKean 2019-04,e1424n2236,10.5,69656,96.67508900884346
"PA Northcentral 2019 B19  (McKean, QL1)",McKean 2019-04,e1424n2236,12.5,32752,97.01697606253052
"PA Northcentral 2019 B19  (McKean, QL1)",McKean 2019-04,e1424n2236,13.5,61901,96.93058270464128
"PA Northcentral 2019 B19  (McKean, QL1)",McKean 2019-04,e1424n2236,15.5,28628,97.4325834847003
"PA Northcentral 2019 B19  (McKean, QL1)",McKean 2019-04,e1424n2236,16.5,59110,86.5572661140247
"PA Northcentral 2019 B19  (McKean, QL1)",McKean 2019-04,e1424n2236,18.5,34463,84.94617415779243
"PA Northcentral 2019 B19  (McKean, QL1)",McKean 2019-04,e1424n2236,19.5,88294,83.73162389290326
"PA Northcentral 2019 B19  (McKean, QL1)",McKean 2019-04,e1424n2236,21.5,47332,79.84872813318685
"PA Northcentral 2019 B19  (McKean, QL1)",McKean 2019-04,e1424n2236,22.5,90646,80.60697659025219
"PA Northcentral 2019 B19  (McKean, QL1)",McKean 2019-04,e1424n2236,24.5,37072,82.57444971946482
"PA Northcentral 2019 B19  (McKean, QL1)",McKean 2019-04,e1424n2236,25.5,56630,80.68161751721702
"PA Northcentral 2019 B19  (McKean, QL1)",McKean 2019-04,e1424n2236,27.5,24949,95.69521824522025
"PA Northcentral 2019 B19  (McKean, QL1)",McKean 2019-04,e1424n2236,28.5,49988,96.78922941505962
"PA Northcentral 2019 B19  (McKean, QL1)",McKean 2019-04,e1424n2238,0.5,33415,95.53793206643722
"PA Northcentral 2019 B19  (McKean, QL1)",McKean 2019-04,e1424n2238,1.5,139837,96.20629733189357
"PA Northcentral 2019 B19  (McKean, QL1)",McKean 2019-04,e1424n2238,3.5,71637,95.74521546128398
"PA Northcentral 2019 B19  (McKean, QL1)",McKean 2019-04,e1424n2238,4.5,143208,95.75163398692813
"PA Northcentral 2019 B19  (McKean, QL1)",McKean 2019-04,e1424n2238,6.5,72026,95.86677033293532
"PA Northcentral 2019 B19  (McKean, QL1)",McKean 2019-04,e1424n2238,7.5,141139,95.99614564365623
"PA Northcentral 2019 B19  (McKean, QL1)",McKean 2019-04,e1424n2238,9.5,71477,95.59158890272396
"PA Northcentral 2019 B19  (McKean, QL1)",McKean 2019-04,e1424n2238,10.5,140843,95.4708434213983
"PA Northcentral 2019 B19  (McKean, QL1)",McKean 2019-04,e1424n2238,12.5,67620,95.2558414670216
"PA Northcentral 2019 B19  (McKean, QL1)",McKean 2019-04,e1424n2238,13.5,98581,95.44232661466204
"PA Northcentral 2019 B19  (McKean, QL1)",McKean 2019-04,e1424n2238,15.5,27274,94.66158245948525
"PA Northcentral 2019 B19  (McKean, QL1)",McKean 2019-04,e1424n2238,16.5,18644,91.8847886719588
"PA Northcentral 2019 B19  (McKean, QL1)",McKean 2019-04,e1424n2238,25.5,487,88.29568788501027
"PA Northcentral 2019 B19  (McKean, QL1)",McKean 2019-04,e1424n2238,27.5,5550,97.13513513513512
"PA Northcentral 2019 B19  (McKean, QL1)",McKean 2019-04,e1424n2238,28.5,38261,98.16784715506653
"PA Northcentral 2019 B19  (McKean, QL1)",McKean 2019-04,e1424n2237,0.5,29499,95.56595138818264
"PA Northcentral 2019 B19  (McKean, QL1)",McKean 2019-04,e1424n2237,1.5,121587,94.8333292210516
"PA Northcentral 2019 B19  (McKean, QL1)",McKean 2019-04,e1424n2237,3.5,58379,94.525428664417
"PA Northcentral 2019 B19  (McKean, QL1)",McKean 2019-04,e1424n2237,4.5,119422,94.77064527474
"PA Northcentral 2019 B19  (McKean, QL1)",McKean 2019-04,e1424n2237,6.5,57265,94.815332227364
"PA Northcentral 2019 B19  (McKean, QL1)",McKean 2019-04,e1424n2237,7.5,116910,95.15439226755625
"PA Northcentral 2019 B19  (McKean, QL1)",McKean 2019-04,e1424n2237,9.5,55162,95.25035350422392
"PA Northcentral 2019 B19  (McKean, QL1)",McKean 2019-04,e1424n2237,10.5,97377,94.94849913223862
"PA Northcentral 2019 B19  (McKean, QL1)",McKean 2019-04,e1424n2237,12.5,39509,94.5404844465818
"PA Northcentral 2019 B19  (McKean, QL1)",McKean 2019-04,e1424n2237,13.5,61503,94.2962131928524
"PA Northcentral 2019 B19  (McKean, QL1)",McKean 2019-04,e1424n2237,15.5,31339,94.2531669804397
"PA Northcentral 2019 B19  (McKean, QL1)",McKean 2019-04,e1424n2237,16.5,66158,92.1853744067233
"PA Northcentral 2019 B19  (McKean, QL1)",McKean 2019-04,e1424n2237,18.5,30976,90.86712293388427
"PA Northcentral 2019 B19  (McKean, QL1)",McKean 2019-04,e1424n2237,19.5,18240,89.03508771929825
"PA Northcentral 2019 B19  (McKean, QL1)",McKean 2019-04,e1424n2237,22.5,3131,76.01405301820505
"PA Northcentral 2019 B19  (McKean, QL1)",McKean 2019-04,e1424n2237,24.5,9498,77.46894082964835
"PA Northcentral 2019 B19  (McKean, QL1)",McKean 2019-04,e1424n2237,25.5,33762,76.51501688288609
"PA Northcentral 2019 B19  (McKean, QL1)",McKean 2019-04,e1424n2237,27.5,21761,96.19962317908184
"PA Northcentral 2019 B19  (McKean, QL1)",McKean 2019-04,e1424n2237,28.5,49938,95.64860426929393
"PA Northcentral 2019 B19  (McKean, QL1)",McKean 2019-04,e1424n2239,0.5,37890,96.18105040907892
"PA Northcentral 2019 B19  (McKean, QL1)",McKean 2019-04,e1424n2239,1.5,152573,96.3283149705387
"PA Northcentral 2019 B19  (McKean, QL1)",McKean 2019-04,e1424n2239,3.5,76739,96.34605611227668
"PA Northcentral 2019 B19  (McKean, QL1)",McKean 2019-04,e1424n2239,4.5,151239,96.5240447239138
"PA Northcentral 2019 B19  (McKean, QL1)",McKean 2019-04,e1424n2239,6.5,75381,96.71402608084266
"PA Northcentral 2019 B19  (McKean, QL1)",McKean 2019-04,e1424n2239,7.5,143185,96.94311554981316
"PA Northcentral 2019 B19  (McKean, QL1)",McKean 2019-04,e1424n2239,9.5,59765,96.78407094453276
"PA Northcentral 2019 B19  (McKean, QL1)",McKean 2019-04,e1424n2239,10.5,88961,97.01891840244602
"PA Northcentral 2019 B19  (McKean, QL1)",McKean 2019-04,e1424n2239,12.5,33741,96.66577754067752
"PA Northcentral 2019 B19  (McKean, QL1)",McKean 2019-04,e1424n2239,13.5,65393,96.75653357392991
"PA Northcentral 2019 B19  (McKean, QL1)",McKean 2019-04,e1424n2239,15.5,32511,95.93675986589156
"PA Northcentral 2019 B19  (McKean, QL1)",McKean 2019-04,e1424n2239,16.5,65147,89.2136245721215
"PA Northcentral 2019 B19  (McKean, QL1)",McKean 2019-04,e1424n2239,18.5,26682,81.74049921295256
"PA Northcentral 2019 B19  (McKean, QL1)",McKean 2019-04,e1424n2239,19.5,33458,82.93083866339889
"PA Northcentral 2019 B19  (McKean, QL1)",McKean 2019-04,e1424n2239,21.5,5970,79.68174204355108
"PA Northcentral 2019 B19  (McKean, QL1)",McKean 2019-04,e1424n2239,22.5,14177,79.72772801015729
"PA Northcentral 2019 B19  (McKean, QL1)",McKean 2019-04,e1424n2239,24.5,16562,76.81439439681198
"PA Northcentral 2019 B19  (McKean, QL1)",McKean 2019-04,e1424n2239,25.5,53560,82.00149365197909
"PA Northcentral 2019 B19  (McKean, QL1)",McKean 2019-04,e1424n2239,27.5,29288,96.65050532641357
"PA Northcentral 2019 B19  (McKean, QL1)",McKean 2019-04,e1424n2239,28.5,48631,96.44054204108492
"PA Northcentral 2019 B19  (McKean, QL1)",McKean 2019-04,e1425n2234,0.5,37317,96.41450277353484
"PA Northcentral 2019 B19  (McKean, QL1)",McKean 2019-04,e1425n2234,1.5,148430,96.99386916391563
"PA Northcentral 2019 B19  (McKean, QL1)",McKean 2019-04,e1425n2234,3.5,74409,97.3954763536669
"PA Northcentral 2019 B19  (McKean, QL1)",McKean 2019-04,e1425n2234,4.5,144713,97.54963272131737
"PA Northcentral 2019 B19  (McKean, QL1)",McKean 2019-04,e1425n2234,6.5,65862,97.6921441802557
"PA Northcentral 2019 B19  (McKean, QL1)",McKean 2019-04,e1425n2234,7.5,111447,97.65269590029342
"PA Northcentral 2019 B19  (McKean, QL1)",McKean 2019-04,e1425n2234,9.5,42985,96.76864022333372
"PA Northcentral 2019 B19  (McKean, QL1)",McKean 2019-04,e1425n2234,10.5,71133,96.07917562875178
"PA Northcentral 2019 B19  (McKean, QL1)",McKean 2019-04,e1425n2234,12.5,35414,96.23877562545886
"PA Northcentral 2019 B19  (McKean, QL1)",McKean 2019-04,e1425n2234,13.5,70736,95.72777652114908
"PA Northcentral 2019 B19  (McKean, QL1)",McKean 2019-04,e1425n2234,15.5,34991,95.33594352833586
"PA Northcentral 2019 B19  (McKean, QL1)",McKean 2019-04,e1425n2234,16.5,68430,87.23074674850211
"PA Northcentral 2019 B19  (McKean, QL1)",McKean 2019-04,e1425n2234,18.5,34727,82.67342413683878
"PA Northcentral 2019 B19  (McKean, QL1)",McKean 2019-04,e1425n2234,19.5,69448,82.41994009906692
"PA Northcentral 2019 B19  (McKean, QL1)",McKean 2019-04,e1425n2234,21.5,27769,80.37739925816558
"PA Northcentral 2019 B19  (McKean, QL1)",McKean 2019-04,e1425n2234,22.5,45428,81.32429338733822
"PA Northcentral 2019 B19  (McKean, QL1)",McKean 2019-04,e1425n2234,24.5,26299,81.25784250351724
"PA Northcentral 2019 B19  (McKean, QL1)",McKean 2019-04,e1425n2234,25.5,59451,81.19796134631882
"PA Northcentral 2019 B19  (McKean, QL1)",McKean 2019-04,e1425n2234,27.5,31251,98.88643563405972
"PA Northcentral 2019 B19  (McKean, QL1)",McKean 2019-04,e1425n2234,28.5,52056,98.58613800522514
"PA Northcentral 2019 B19  (McKean, QL1)",McKean 2019-04,e1424n2240,0.5,33785,96.22317596566523
"PA Northcentral 2019 B19  (McKean, QL1)",McKean 2019-04,e1424n2240,1.5,118254,96.10583997158658
"PA Northcentral 2019 B19  (McKean, QL1)",McKean 2019-04,e1424n2240,3.5,51739,96.13057848044994
"PA Northcentral 2019 B19  (McKean, QL1)",McKean 2019-04,e1424n2240,4.5,88786,96.38231252674971
"PA Northcentral 2019 B19  (McKean, QL1)",McKean 2019-04,e1424n2240,6.5,33891,96.5359534979788
"PA Northcentral 2019 B19  (McKean, QL1)",McKean 2019-04,e1424n2240,7.5,53866,96.41889132291242
"PA Northcentral 2019 B19  (McKean, QL1)",McKean 2019-04,e1424n2240,9.5,26094,96.66590020694412
"PA Northcentral 2019 B19  (McKean, QL1)",McKean 2019-04,e1424n2240,10.5,54403,96.86230538757052
"PA Northcentral 2019 B19  (McKean, QL1)",McKean 2019-04,e1424n2240,12.5,26410,96.82317304051496
"PA Northcentral 2019 B19  (McKean, QL1)",McKean 2019-04,e1424n2240,13.5,58105,96.55795542552276
"PA Northcentral 2019 B19  (McKean, QL1)",McKean 2019-04,e1424n2240,15.5,31365,96.70014347202296
"PA Northcentral 2019 B19  (McKean, QL1)",McKean 2019-04,e1424n2240,16.5,69974,96.13570754851804
"PA Northcentral 2019 B19  (McKean, QL1)",McKean 2019-04,e1424n2240,18.5,42036,94.03130649919116
"PA Northcentral 2019 B19  (McKean, QL1)",McKean 2019-04,e1424n2240,19.5,102514,87.92262520241138
"PA Northcentral 2019 B19  (McKean, QL1)",McKean 2019-04,e1424n2240,21.5,63517,82.9163845899523
"PA Northcentral 2019 B19  (McKean, QL1)",McKean 2019-04,e1424n2240,22.5,135213,81.01292035529129
"PA Northcentral 2019 B19  (McKean, QL1)",McKean 2019-04,e1424n2240,24.5,59575,80.34074695761645
"PA Northcentral 2019 B19  (McKean, QL1)",McKean 2019-04,e1424n2240,25.5,94300,80.2152704135737
"PA Northcentral 2019 B19  (McKean, QL1)",McKean 2019-04,e1424n2240,27.5,40689,98.33370198333702
"PA Northcentral 2019 B19  (McKean, QL1)",McKean 2019-04,e1424n2240,28.5,58163,98.36150129807608
"PA Northcentral 2019 B19  (McKean, QL1)",McKean 2019-04,e1424n2241,0.5,1191,95.71788413098236
"PA Northcentral 2019 B19  (McKean, QL1)",McKean 2019-04,e1424n2241,1.5,16694,96.1423265844016
"PA Northcentral 2019 B19  (McKean, QL1)",McKean 2019-04,e1424n2241,3.5,14237,96.24920980543654
"PA Northcentral 2019 B19  (McKean, QL1)",McKean 2019-04,e1424n2241,4.5,42296,95.93815017968602
"PA Northcentral 2019 B19  (McKean, QL1)",McKean 2019-04,e1424n2241,6.5,28690,95.98117811084002
"PA Northcentral 2019 B19  (McKean, QL1)",McKean 2019-04,e1424n2241,7.5,54947,95.95064334722552
"PA Northcentral 2019 B19  (McKean, QL1)",McKean 2019-04,e1424n2241,9.5,29684,96.2707182320442
"PA Northcentral 2019 B19  (McKean, QL1)",McKean 2019-04,e1424n2241,10.5,61761,95.86632340797593
"PA Northcentral 2019 B19  (McKean, QL1)",McKean 2019-04,e1424n2241,12.5,30479,96.1941008563273
"PA Northcentral 2019 B19  (McKean, QL1)",McKean 2019-04,e1424n2241,13.5,74888,96.2076701207136
"PA Northcentral 2019 B19  (McKean, QL1)",McKean 2019-04,e1424n2241,15.5,46888,96.34661320593754
"PA Northcentral 2019 B19  (McKean, QL1)",McKean 2019-04,e1424n2241,16.5,116063,96.00992564383137
"PA Northcentral 2019 B19  (McKean, QL1)",McKean 2019-04,e1424n2241,18.5,62217,95.88536895060837
"PA Northcentral 2019 B19  (McKean, QL1)",McKean 2019-04,e1424n2241,19.5,125892,93.71127633209416
"PA Northcentral 2019 B19  (McKean, QL1)",McKean 2019-04,e1424n2241,21.5,63863,85.99971814665768
"PA Northcentral 2019 B19  (McKean, QL1)",McKean 2019-04,e1424n2241,22.5,126424,79.89464025817882
"PA Northcentral 2019 B19  (McKean, QL1)",McKean 2019-04,e1424n2241,24.5,63399,79.80094323254309
"PA Northcentral 2019 B19  (McKean, QL1)",McKean 2019-04,e1424n2241,25.5,123693,78.51131430234533
"PA Northcentral 2019 B19  (McKean, QL1)",McKean 2019-04,e1424n2241,27.5,62077,97.19864039821512
"PA Northcentral 2019 B19  (McKean, QL1)",McKean 2019-04,e1424n2241,28.5,100230,96.36535967275267
"PA Northcentral 2019 B19  (McKean, QL1)",McKean 2019-04,e1424n2241,30.5,698,97.85100286532952
"PA Northcentral 2019 B19  (McKean, QL1)",McKean 2019-04,e1425n2235,0.5,26966,97.36705480976045
"PA Northcentral 2019 B19  (McKean, QL1)",McKean 2019-04,e1425n2235,1.5,105562,97.59004187112788
"PA Northcentral 2019 B19  (McKean, QL1)",McKean 2019-04,e1425n2235,3.5,46929,98.09925632338214
"PA Northcentral 2019 B19  (McKean, QL1)",McKean 2019-04,e1425n2235,4.5,79666,98.0142093239274
"PA Northcentral 2019 B19  (McKean, QL1)",McKean 2019-04,e1425n2235,6.5,37150,97.9057873485868
"PA Northcentral 2019 B19  (McKean, QL1)",McKean 2019-04,e1425n2235,7.5,74611,97.7496615780515
"PA Northcentral 2019 B19  (McKean, QL1)",McKean 2019-04,e1425n2235,9.5,36988,96.97199091597275
"PA Northcentral 2019 B19  (McKean, QL1)",McKean 2019-04,e1425n2235,10.5,74949,97.10603210182924
"PA Northcentral 2019 B19  (McKean, QL1)",McKean 2019-04,e1425n2235,12.5,37360,97.03693790149892
"PA Northcentral 2019 B19  (McKean, QL1)",McKean 2019-04,e1425n2235,13.5,75252,97.1681815765694
"PA Northcentral 2019 B19  (McKean, QL1)",McKean 2019-04,e1425n2235,15.5,40006,96.75548667699844
"PA Northcentral 2019 B19  (McKean, QL1)",McKean 2019-04,e1425n2235,16.5,96718,90.325482330073
"PA Northcentral 2019 B19  (McKean, QL1)",McKean 2019-04,e1425n2235,18.5,61163,82.59241698412438
"PA Northcentral 2019 B19  (McKean, QL1)",McKean 2019-04,e1425n2235,19.5,133604,82.84781892757702
"PA Northcentral 2019 B19  (McKean, QL1)",McKean 2019-04,e1425n2235,21.5,67882,82.50346188974986
"PA Northcentral 2019 B19  (McKean, QL1)",McKean 2019-04,e1425n2235,22.5,132545,82.04836093402241
"PA Northcentral 2019 B19  (McKean, QL1)",McKean 2019-04,e1425n2235,24.5,62913,81.21691860187879
"PA Northcentral 2019 B19  (McKean, QL1)",McKean 2019-04,e1425n2235,25.5,106800,82.85486891385769
"PA Northcentral 2019 B19  (McKean, QL1)",McKean 2019-04,e1425n2235,27.5,48347,99.23263077336752
"PA Northcentral 2019 B19  (McKean, QL1)",McKean 2019-04,e1425n2235,28.5,66509,99.18958336465742
"PA Northcentral 2019 B19  (McKean, QL1)",McKean 2019-04,e1425n2236,1.5,919,97.2796517954298
"PA Northcentral 2019 B19  (McKean, QL1)",McKean 2019-04,e1425n2236,3.5,5641,95.3377060804822
"PA Northcentral 2019 B19  (McKean, QL1)",McKean 2019-04,e1425n2236,4.5,27880,94.8816355810617
"PA Northcentral 2019 B19  (McKean, QL1)",McKean 2019-04,e1425n2236,6.5,23131,95.00237776144569
"PA Northcentral 2019 B19  (McKean, QL1)",McKean 2019-04,e1425n2236,7.5,65893,95.50179837008484
"PA Northcentral 2019 B19  (McKean, QL1)",McKean 2019-04,e1425n2236,9.5,37306,96.12394789041976
"PA Northcentral 2019 B19  (McKean, QL1)",McKean 2019-04,e1425n2236,10.5,84835,96.2256144280073
"PA Northcentral 2019 B19  (McKean, QL1)",McKean 2019-04,e1425n2236,12.5,51706,96.80501295787724
"PA Northcentral 2019 B19  (McKean, QL1)",McKean 2019-04,e1425n2236,13.5,125349,96.85837142697588
"PA Northcentral 2019 B19  (McKean, QL1)",McKean 2019-04,e1425n2236,15.5,68857,96.71493094384012
"PA Northcentral 2019 B19  (McKean, QL1)",McKean 2019-04,e1425n2236,16.5,137689,96.44488666487518
"PA Northcentral 2019 B19  (McKean, QL1)",McKean 2019-04,e1425n2236,18.5,67234,92.36993187970371
"PA Northcentral 2019 B19  (McKean, QL1)",McKean 2019-04,e1425n2236,19.5,136357,81.8982523816159
"PA Northcentral 2019 B19  (McKean, QL1)",McKean 2019-04,e1425n2236,21.5,69117,82.1404285486928
"PA Northcentral 2019 B19  (McKean, QL1)",McKean 2019-04,e1425n2236,22.5,138495,81.90692804794398
"PA Northcentral 2019 B19  (McKean, QL1)",McKean 2019-04,e1425n2236,24.5,66493,79.3466981486773
"PA Northcentral 2019 B19  (McKean, QL1)",McKean 2019-04,e1425n2236,25.5,131865,79.34705949266295
"PA Northcentral 2019 B19  (McKean, QL1)",McKean 2019-04,e1425n2236,27.5,66704,98.47385464140082
"PA Northcentral 2019 B19  (McKean, QL1)",McKean 2019-04,e1425n2236,28.5,111432,98.15672338287028
"PA Northcentral 2019 B19  (McKean, QL1)",McKean 2019-04,e1425n2238,0.5,6399,97.78090326613534
"PA Northcentral 2019 B19  (McKean, QL1)",McKean 2019-04,e1425n2238,1.5,31080,97.51930501930502
"PA Northcentral 2019 B19  (McKean, QL1)",McKean 2019-04,e1425n2238,3.5,24046,97.55052815437078
"PA Northcentral 2019 B19  (McKean, QL1)",McKean 2019-04,e1425n2238,4.5,62857,97.35113034347803
"PA Northcentral 2019 B19  (McKean, QL1)",McKean 2019-04,e1425n2238,6.5,30766,97.17220308132354
"PA Northcentral 2019 B19  (McKean, QL1)",McKean 2019-04,e1425n2238,7.5,64954,97.50438772054068
"PA Northcentral 2019 B19  (McKean, QL1)",McKean 2019-04,e1425n2238,9.5,32562,97.42951907131012
"PA Northcentral 2019 B19  (McKean, QL1)",McKean 2019-04,e1425n2238,10.5,63596,97.2938549594314
"PA Northcentral 2019 B19  (McKean, QL1)",McKean 2019-04,e1425n2238,12.5,30995,97.5673495725117
"PA Northcentral 2019 B19  (McKean, QL1)",McKean 2019-04,e1425n2238,13.5,82110,96.9431250761174
"PA Northcentral 2019 B19  (McKean, QL1)",McKean 2019-04,e1425n2238,15.5,52109,96.33652536030245
"PA Northcentral 2019 B19  (McKean, QL1)",McKean 2019-04,e1425n2238,16.5,114122,91.63351501025218
"PA Northcentral 2019 B19  (McKean, QL1)",McKean 2019-04,e1425n2238,18.5,57456,80.79747981063771
"PA Northcentral 2019 B19  (McKean, QL1)",McKean 2019-04,e1425n2238,19.5,114678,81.87882592999529
"PA Northcentral 2019 B19  (McKean, QL1)",McKean 2019-04,e1425n2238,21.5,55608,77.05725794849661
"PA Northcentral 2019 B19  (McKean, QL1)",McKean 2019-04,e1425n2238,22.5,111089,78.49472044936942
"PA Northcentral 2019 B19  (McKean, QL1)",McKean 2019-04,e1425n2238,24.5,56457,78.40303239633704
"PA Northcentral 2019 B19  (McKean, QL1)",McKean 2019-04,e1425n2238,25.5,112943,82.33091028217774
"PA Northcentral 2019 B19  (McKean, QL1)",McKean 2019-04,e1425n2238,27.5,50265,96.39709539440965
"PA Northcentral 2019 B19  (McKean, QL1)",McKean 2019-04,e1425n2238,28.5,78881,97.349171536872
"PA Northcentral 2019 B19  (McKean, QL1)",McKean 2019-04,e1425n2238,30.5,649,95.83975346687212
"PA Northcentral 2019 B19  (McKean, QL1)",McKean 2019-04,e1425n2237,4.5,2363,96.31823952602625
"PA Northcentral 2019 B19  (McKean, QL1)",McKean 2019-04,e1425n2237,6.5,8649,96.91293791189732
"PA Northcentral 2019 B19  (McKean, QL1)",McKean 2019-04,e1425n2237,7.5,37917,97.10156394229502
"PA Northcentral 2019 B19  (McKean, QL1)",McKean 2019-04,e1425n2237,9.5,30109,96.6654488691089
"PA Northcentral 2019 B19  (McKean, QL1)",McKean 2019-04,e1425n2237,10.5,80515,96.87014841954915
"PA Northcentral 2019 B19  (McKean, QL1)",McKean 2019-04,e1425n2237,12.5,51595,96.8078302161062
"PA Northcentral 2019 B19  (McKean, QL1)",McKean 2019-04,e1425n2237,13.5,124596,96.75591511766028
"PA Northcentral 2019 B19  (McKean, QL1)",McKean 2019-04,e1425n2237,15.5,65757,96.91591769697524
"PA Northcentral 2019 B19  (McKean, QL1)",McKean 2019-04,e1425n2237,16.5,131649,96.60308851567424
"PA Northcentral 2019 B19  (McKean, QL1)",McKean 2019-04,e1425n2237,18.5,62179,96.44896186815484
"PA Northcentral 2019 B19  (McKean, QL1)",McKean 2019-04,e1425n2237,19.5,128134,89.03101440679289
"PA Northcentral 2019 B19  (McKean, QL1)",McKean 2019-04,e1425n2237,21.5,65911,83.51868428638619
"PA Northcentral 2019 B19  (McKean, QL1)",McKean 2019-04,e1425n2237,22.5,131460,81.34337441046706
"PA Northcentral 2019 B19  (McKean, QL1)",McKean 2019-04,e1425n2237,24.5,63494,80.0768576558415
"PA Northcentral 2019 B19  (McKean, QL1)",McKean 2019-04,e1425n2237,25.5,125473,79.10944984179864
"PA Northcentral 2019 B19  (McKean, QL1)",McKean 2019-04,e1425n2237,27.5,60888,97.04211010379714
"PA Northcentral 2019 B19  (McKean, QL1)",McKean 2019-04,e1425n2237,28.5,102009,97.30513974257174
"PA Northcentral 2019 B19  (McKean, QL1)",McKean 2019-04,e1426n2234,0.5,31713,97.7485573739476
"PA Northcentral 2019 B19  (McKean, QL1)",McKean 2019-04,e1426n2234,1.5,123738,97.69108923693612
"PA Northcentral 2019 B19  (McKean, QL1)",McKean 2019-04,e1426n2234,3.5,61628,97.68936197832154
"PA Northcentral 2019 B19  (McKean, QL1)",McKean 2019-04,e1426n2234,4.5,112950,97.73085436033642
"PA Northcentral 2019 B19  (McKean, QL1)",McKean 2019-04,e1426n2234,6.5,50049,97.95400507502649
"PA Northcentral 2019 B19  (McKean, QL1)",McKean 2019-04,e1426n2234,7.5,83386,97.85695440481616
"PA Northcentral 2019 B19  (McKean, QL1)",McKean 2019-04,e1426n2234,9.5,33431,97.98390715204452
"PA Northcentral 2019 B19  (McKean, QL1)",McKean 2019-04,e1426n2234,10.5,59522,98.30146836463828
"PA Northcentral 2019 B19  (McKean, QL1)",McKean 2019-04,e1426n2234,12.5,31854,98.75368870471526
"PA Northcentral 2019 B19  (McKean, QL1)",McKean 2019-04,e1426n2234,13.5,63293,98.68073878627968
"PA Northcentral 2019 B19  (McKean, QL1)",McKean 2019-04,e1426n2234,15.5,30996,98.47077042198994
"PA Northcentral 2019 B19  (McKean, QL1)",McKean 2019-04,e1426n2234,16.5,62805,85.23047528063053
"PA Northcentral 2019 B19  (McKean, QL1)",McKean 2019-04,e1426n2234,18.5,31338,80.44546556895781
"PA Northcentral 2019 B19  (McKean, QL1)",McKean 2019-04,e1426n2234,19.5,57631,82.1051170377054
"PA Northcentral 2019 B19  (McKean, QL1)",McKean 2019-04,e1426n2234,21.5,33125,81.68150943396226
"PA Northcentral 2019 B19  (McKean, QL1)",McKean 2019-04,e1426n2234,22.5,76827,82.69228266104365
"PA Northcentral 2019 B19  (McKean, QL1)",McKean 2019-04,e1426n2234,24.5,37840,84.0274841437632
"PA Northcentral 2019 B19  (McKean, QL1)",McKean 2019-04,e1426n2234,25.5,68953,87.33050048583819
"PA Northcentral 2019 B19  (McKean, QL1)",McKean 2019-04,e1426n2234,27.5,33597,99.05348691847486
"PA Northcentral 2019 B19  (McKean, QL1)",McKean 2019-04,e1426n2234,28.5,56639,99.2743515951906
"PA Northcentral 2019 B19  (McKean, QL1)",McKean 2019-04,e1425n2241,0.5,27698,96.53765614845835
"PA Northcentral 2019 B19  (McKean, QL1)",McKean 2019-04,e1425n2241,1.5,111519,96.59788914893426
"PA Northcentral 2019 B19  (McKean, QL1)",McKean 2019-04,e1425n2241,3.5,58756,96.7611818367486
"PA Northcentral 2019 B19  (McKean, QL1)",McKean 2019-04,e1425n2241,4.5,120660,96.66749544173712
"PA Northcentral 2019 B19  (McKean, QL1)",McKean 2019-04,e1425n2241,6.5,60347,96.88136941355825
"PA Northcentral 2019 B19  (McKean, QL1)",McKean 2019-04,e1425n2241,7.5,122431,96.81779941354722
"PA Northcentral 2019 B19  (McKean, QL1)",McKean 2019-04,e1425n2241,9.5,62559,96.77104813056476
"PA Northcentral 2019 B19  (McKean, QL1)",McKean 2019-04,e1425n2241,10.5,122297,96.87645649525336
"PA Northcentral 2019 B19  (McKean, QL1)",McKean 2019-04,e1425n2241,12.5,59814,96.72651887517972
"PA Northcentral 2019 B19  (McKean, QL1)",McKean 2019-04,e1425n2241,13.5,103566,96.75376088677751
"PA Northcentral 2019 B19  (McKean, QL1)",McKean 2019-04,e1425n2241,15.5,32387,96.31951091487323
"PA Northcentral 2019 B19  (McKean, QL1)",McKean 2019-04,e1425n2241,16.5,25386,96.08445599936974
"PA Northcentral 2019 B19  (McKean, QL1)",McKean 2019-04,e1425n2241,18.5,1578,96.5145754119138
"PA Northcentral 2019 B19  (McKean, QL1)",McKean 2019-04,e1425n2241,28.5,12613,95.5680646951558
"PA Northcentral 2019 B19  (McKean, QL1)",McKean 2019-04,e1425n2241,30.5,1012,93.47826086956522
"PA Northcentral 2019 B19  (McKean, QL1)",McKean 2019-04,e1425n2240,0.5,32653,96.91299421186416
"PA Northcentral 2019 B19  (McKean, QL1)",McKean 2019-04,e1425n2240,1.5,126308,96.9138930234031
"PA Northcentral 2019 B19  (McKean, QL1)",McKean 2019-04,e1425n2240,3.5,66535,97.2600886751334
"PA Northcentral 2019 B19  (McKean, QL1)",McKean 2019-04,e1425n2240,4.5,130701,97.07729856695818
"PA Northcentral 2019 B19  (McKean, QL1)",McKean 2019-04,e1425n2240,6.5,67192,97.17674723181332
"PA Northcentral 2019 B19  (McKean, QL1)",McKean 2019-04,e1425n2240,7.5,128758,96.72641699933207
"PA Northcentral 2019 B19  (McKean, QL1)",McKean 2019-04,e1425n2240,9.5,57809,96.73753221816672
"PA Northcentral 2019 B19  (McKean, QL1)",McKean 2019-04,e1425n2240,10.5,94734,97.0137437456457
"PA Northcentral 2019 B19  (McKean, QL1)",McKean 2019-04,e1425n2240,12.5,36731,97.04881435299882
"PA Northcentral 2019 B19  (McKean, QL1)",McKean 2019-04,e1425n2240,13.5,58894,97.11006214554963
"PA Northcentral 2019 B19  (McKean, QL1)",McKean 2019-04,e1425n2240,15.5,28768,97.21565628476084
"PA Northcentral 2019 B19  (McKean, QL1)",McKean 2019-04,e1425n2240,16.5,61356,93.97124975552514
"PA Northcentral 2019 B19  (McKean, QL1)",McKean 2019-04,e1425n2240,18.5,26249,84.18225456207855
"PA Northcentral 2019 B19  (McKean, QL1)",McKean 2019-04,e1425n2240,19.5,36171,80.96264963644909
"PA Northcentral 2019 B19  (McKean, QL1)",McKean 2019-04,e1425n2240,21.5,6703,79.36744741160673
"PA Northcentral 2019 B19  (McKean, QL1)",McKean 2019-04,e1425n2240,22.5,5677,82.2617579707592
"PA Northcentral 2019 B19  (McKean, QL1)",McKean 2019-04,e1425n2240,24.5,10154,81.49497734882804
"PA Northcentral 2019 B19  (McKean, QL1)",McKean 2019-04,e1425n2240,25.5,38496,80.75384455527848
"PA Northcentral 2019 B19  (McKean, QL1)",McKean 2019-04,e1425n2240,27.5,25329,97.64301788463816
"PA Northcentral 2019 B19  (McKean, QL1)",McKean 2019-04,e1425n2240,28.5,45730,96.49026897004156
"PA Northcentral 2019 B19  (McKean, QL1)",McKean 2019-04,e1425n2239,0.5,36067,97.94271771979926
"PA Northcentral 2019 B19  (McKean, QL1)",McKean 2019-04,e1425n2239,1.5,138749,97.66917239043164
"PA Northcentral 2019 B19  (McKean, QL1)",McKean 2019-04,e1425n2239,3.5,59099,97.77999627743276
"PA Northcentral 2019 B19  (McKean, QL1)",McKean 2019-04,e1425n2239,4.5,103076,97.5503511971749
"PA Northcentral 2019 B19  (McKean, QL1)",McKean 2019-04,e1425n2239,6.5,43000,96.52093023255814
"PA Northcentral 2019 B19  (McKean, QL1)",McKean 2019-04,e1425n2239,7.5,71747,96.41518112255564
"PA Northcentral 2019 B19  (McKean, QL1)",McKean 2019-04,e1425n2239,9.5,34260,96.79509632224168
"PA Northcentral 2019 B19  (McKean, QL1)",McKean 2019-04,e1425n2239,10.5,68468,96.62324005374774
"PA Northcentral 2019 B19  (McKean, QL1)",McKean 2019-04,e1425n2239,12.5,33953,96.67776043354048
"PA Northcentral 2019 B19  (McKean, QL1)",McKean 2019-04,e1425n2239,13.5,64658,96.39178446595936
"PA Northcentral 2019 B19  (McKean, QL1)",McKean 2019-04,e1425n2239,15.5,28676,95.27828148974751
"PA Northcentral 2019 B19  (McKean, QL1)",McKean 2019-04,e1425n2239,16.5,55963,91.1548701820846
"PA Northcentral 2019 B19  (McKean, QL1)",McKean 2019-04,e1425n2239,18.5,32733,78.70039409769957
"PA Northcentral 2019 B19  (McKean, QL1)",McKean 2019-04,e1425n2239,19.5,80909,83.03278992448307
"PA Northcentral 2019 B19  (McKean, QL1)",McKean 2019-04,e1425n2239,21.5,50289,76.98502654656087
"PA Northcentral 2019 B19  (McKean, QL1)",McKean 2019-04,e1425n2239,22.5,95947,78.26925281665919
"PA Northcentral 2019 B19  (McKean, QL1)",McKean 2019-04,e1425n2239,24.5,37373,78.25970620501431
"PA Northcentral 2019 B19  (McKean, QL1)",McKean 2019-04,e1425n2239,25.5,57880,80.7308223911541
"PA Northcentral 2019 B19  (McKean, QL1)",McKean 2019-04,e1425n2239,27.5,28209,94.78180722464462
"PA Northcentral 2019 B19  (McKean, QL1)",McKean 2019-04,e1425n2239,28.5,50580,96.08145512060102
"PA Northcentral 2019 B19  (McKean, QL1)",McKean 2019-04,e1426n2235,0.5,32459,97.6986352013309
"PA Northcentral 2019 B19  (McKean, QL1)",McKean 2019-04,e1426n2235,1.5,128948,97.05772869683904
"PA Northcentral 2019 B19  (McKean, QL1)",McKean 2019-04,e1426n2235,3.5,66005,97.0684039087948
"PA Northcentral 2019 B19  (McKean, QL1)",McKean 2019-04,e1426n2235,4.5,131463,96.93754136144771
"PA Northcentral 2019 B19  (McKean, QL1)",McKean 2019-04,e1426n2235,6.5,65791,97.24430393214878
"PA Northcentral 2019 B19  (McKean, QL1)",McKean 2019-04,e1426n2235,7.5,131477,97.28013264677472
"PA Northcentral 2019 B19  (McKean, QL1)",McKean 2019-04,e1426n2235,9.5,66219,97.2304021504402
"PA Northcentral 2019 B19  (McKean, QL1)",McKean 2019-04,e1426n2235,10.5,119672,97.57838090781468
"PA Northcentral 2019 B19  (McKean, QL1)",McKean 2019-04,e1426n2235,12.5,53007,97.7606731186447
"PA Northcentral 2019 B19  (McKean, QL1)",McKean 2019-04,e1426n2235,13.5,88678,97.6104558064007
"PA Northcentral 2019 B19  (McKean, QL1)",McKean 2019-04,e1426n2235,15.5,32593,97.79400484766668
"PA Northcentral 2019 B19  (McKean, QL1)",McKean 2019-04,e1426n2235,16.5,40638,90.84600620109258
"PA Northcentral 2019 B19  (McKean, QL1)",McKean 2019-04,e1426n2235,18.5,6934,81.39601961349871
"PA Northcentral 2019 B19  (McKean, QL1)",McKean 2019-04,e1426n2235,19.5,1128,78.10283687943263
"PA Northcentral 2019 B19  (McKean, QL1)",McKean 2019-04,e1426n2235,24.5,2535,82.05128205128204
"PA Northcentral 2019 B19  (McKean, QL1)",McKean 2019-04,e1426n2235,25.5,23413,81.86050484773416
"PA Northcentral 2019 B19  (McKean, QL1)",McKean 2019-04,e1426n2235,27.5,18971,98.56096146750303
"PA Northcentral 2019 B19  (McKean, QL1)",McKean 2019-04,e1426n2235,28.5,44012,98.7298918476779
"PA Northcentral 2019 B19  (McKean, QL1)",McKean 2019-04,e1426n2236,0.5,33409,97.3270675566464
"PA Northcentral 2019 B19  (McKean, QL1)",McKean 2019-04,e1426n2236,1.5,134240,97.30333730631703
"PA Northcentral 2019 B19  (McKean, QL1)",McKean 2019-04,e1426n2236,3.5,67065,97.11772161336016
"PA Northcentral 2019 B19  (McKean, QL1)",McKean 2019-04,e1426n2236,4.5,131574,97.14609269308528
"PA Northcentral 2019 B19  (McKean, QL1)",McKean 2019-04,e1426n2236,6.5,66696,97.48410699292312
"PA Northcentral 2019 B19  (McKean, QL1)",McKean 2019-04,e1426n2236,7.5,133324,97.44007080495636
"PA Northcentral 2019 B19  (McKean, QL1)",McKean 2019-04,e1426n2236,9.5,66687,97.59623314888958
"PA Northcentral 2019 B19  (McKean, QL1)",McKean 2019-04,e1426n2236,10.5,123465,97.52723443890982
"PA Northcentral 2019 B19  (McKean, QL1)",McKean 2019-04,e1426n2236,12.5,51516,97.46098299557418
"PA Northcentral 2019 B19  (McKean, QL1)",McKean 2019-04,e1426n2236,13.5,79722,97.34452221469608
"PA Northcentral 2019 B19  (McKean, QL1)",McKean 2019-04,e1426n2236,15.5,33964,97.3236367918973
"PA Northcentral 2019 B19  (McKean, QL1)",McKean 2019-04,e1426n2236,16.5,60103,97.268023226794
"PA Northcentral 2019 B19  (McKean, QL1)",McKean 2019-04,e1426n2236,18.5,23027,97.42476223563644
"PA Northcentral 2019 B19  (McKean, QL1)",McKean 2019-04,e1426n2236,19.5,27436,97.51057005394372
"PA Northcentral 2019 B19  (McKean, QL1)",McKean 2019-04,e1426n2236,21.5,4410,96.5986394557823
"PA Northcentral 2019 B19  (McKean, QL1)",McKean 2019-04,e1426n2236,28.5,17535,99.21300256629598
"PA Northcentral 2019 B19  (McKean, QL1)",McKean 2019-04,e1426n2238,0.5,28530,97.5639677532422
"PA Northcentral 2019 B19  (McKean, QL1)",McKean 2019-04,e1426n2238,1.5,108237,97.84731653685893
"PA Northcentral 2019 B19  (McKean, QL1)",McKean 2019-04,e1426n2238,3.5,45413,98.00277453592584
"PA Northcentral 2019 B19  (McKean, QL1)",McKean 2019-04,e1426n2238,4.5,73646,98.0908671210928
"PA Northcentral 2019 B19  (McKean, QL1)",McKean 2019-04,e1426n2238,6.5,34369,98.20768715994063
"PA Northcentral 2019 B19  (McKean, QL1)",McKean 2019-04,e1426n2238,7.5,67856,97.95449186512614
"PA Northcentral 2019 B19  (McKean, QL1)",McKean 2019-04,e1426n2238,9.5,33975,98.10154525386314
"PA Northcentral 2019 B19  (McKean, QL1)",McKean 2019-04,e1426n2238,10.5,68206,98.03536345776033
"PA Northcentral 2019 B19  (McKean, QL1)",McKean 2019-04,e1426n2238,12.5,32526,98.07846030867614
"PA Northcentral 2019 B19  (McKean, QL1)",McKean 2019-04,e1426n2238,13.5,67171,97.86663887689627
"PA Northcentral 2019 B19  (McKean, QL1)",McKean 2019-04,e1426n2238,15.5,37670,97.64268648792142
"PA Northcentral 2019 B19  (McKean, QL1)",McKean 2019-04,e1426n2238,16.5,88619,88.468612825692
"PA Northcentral 2019 B19  (McKean, QL1)",McKean 2019-04,e1426n2238,18.5,51568,81.41483090288551
"PA Northcentral 2019 B19  (McKean, QL1)",McKean 2019-04,e1426n2238,19.5,106663,81.52311485707321
"PA Northcentral 2019 B19  (McKean, QL1)",McKean 2019-04,e1426n2238,21.5,57085,80.23123412455111
"PA Northcentral 2019 B19  (McKean, QL1)",McKean 2019-04,e1426n2238,22.5,112274,82.37793255784955
"PA Northcentral 2019 B19  (McKean, QL1)",McKean 2019-04,e1426n2238,24.5,58035,82.46230722839665
"PA Northcentral 2019 B19  (McKean, QL1)",McKean 2019-04,e1426n2238,25.5,107953,83.7929469306087
"PA Northcentral 2019 B19  (McKean, QL1)",McKean 2019-04,e1426n2238,27.5,39924,98.19907824867248
"PA Northcentral 2019 B19  (McKean, QL1)",McKean 2019-04,e1426n2238,28.5,62282,98.3590764586879
"PA Northcentral 2019 B19  (McKean, QL1)",McKean 2019-04,e1426n2237,0.5,34263,97.50459679537694
"PA Northcentral 2019 B19  (McKean, QL1)",McKean 2019-04,e1426n2237,1.5,133766,97.59131617899914
"PA Northcentral 2019 B19  (McKean, QL1)",McKean 2019-04,e1426n2237,3.5,67455,97.67993477132904
"PA Northcentral 2019 B19  (McKean, QL1)",McKean 2019-04,e1426n2237,4.5,132308,97.55419173443782
"PA Northcentral 2019 B19  (McKean, QL1)",McKean 2019-04,e1426n2237,6.5,56900,97.5219683655536
"PA Northcentral 2019 B19  (McKean, QL1)",McKean 2019-04,e1426n2237,7.5,93715,97.5382809582244
"PA Northcentral 2019 B19  (McKean, QL1)",McKean 2019-04,e1426n2237,9.5,37574,97.5355298876883
"PA Northcentral 2019 B19  (McKean, QL1)",McKean 2019-04,e1426n2237,10.5,66420,97.48870822041552
"PA Northcentral 2019 B19  (McKean, QL1)",McKean 2019-04,e1426n2237,12.5,31428,97.54677357770142
"PA Northcentral 2019 B19  (McKean, QL1)",McKean 2019-04,e1426n2237,13.5,64528,97.60569055293826
"PA Northcentral 2019 B19  (McKean, QL1)",McKean 2019-04,e1426n2237,15.5,33500,97.87462686567164
"PA Northcentral 2019 B19  (McKean, QL1)",McKean 2019-04,e1426n2237,16.5,67414,97.61770552110838
"PA Northcentral 2019 B19  (McKean, QL1)",McKean 2019-04,e1426n2237,18.5,34334,97.15442418593814
"PA Northcentral 2019 B19  (McKean, QL1)",McKean 2019-04,e1426n2237,19.5,68056,94.5530151639826
"PA Northcentral 2019 B19  (McKean, QL1)",McKean 2019-04,e1426n2237,21.5,35158,88.40093293133853
"PA Northcentral 2019 B19  (McKean, QL1)",McKean 2019-04,e1426n2237,22.5,60828,83.01440126257644
"PA Northcentral 2019 B19  (McKean, QL1)",McKean 2019-04,e1426n2237,24.5,27840,81.69899425287356
"PA Northcentral 2019 B19  (McKean, QL1)",McKean 2019-04,e1426n2237,25.5,50622,79.38643277626328
"PA Northcentral 2019 B19  (McKean, QL1)",McKean 2019-04,e1426n2237,27.5,33730,98.68959383338274
"PA Northcentral 2019 B19  (McKean, QL1)",McKean 2019-04,e1426n2237,28.5,66584,98.91415355040247
"PA Northcentral 2019 B19  (McKean, QL1)",McKean 2019-04,e1426n2239,1.5,5368,98.47242921013412
"PA Northcentral 2019 B19  (McKean, QL1)",McKean 2019-04,e1426n2239,3.5,11008,97.57449127906976
"PA Northcentral 2019 B19  (McKean, QL1)",McKean 2019-04,e1426n2239,4.5,39737,97.49100334700655
"PA Northcentral 2019 B19  (McKean, QL1)",McKean 2019-04,e1426n2239,6.5,28914,97.32655461022344
"PA Northcentral 2019 B19  (McKean, QL1)",McKean 2019-04,e1426n2239,7.5,71029,97.1617226766532
"PA Northcentral 2019 B19  (McKean, QL1)",McKean 2019-04,e1426n2239,9.5,36386,97.01533556862528
"PA Northcentral 2019 B19  (McKean, QL1)",McKean 2019-04,e1426n2239,10.5,93026,96.88796680497926
"PA Northcentral 2019 B19  (McKean, QL1)",McKean 2019-04,e1426n2239,12.5,56863,96.6463253785414
"PA Northcentral 2019 B19  (McKean, QL1)",McKean 2019-04,e1426n2239,13.5,128929,96.92621520371677
"PA Northcentral 2019 B19  (McKean, QL1)",McKean 2019-04,e1426n2239,15.5,67310,97.15941167731393
"PA Northcentral 2019 B19  (McKean, QL1)",McKean 2019-04,e1426n2239,16.5,138422,92.04028261403532
"PA Northcentral 2019 B19  (McKean, QL1)",McKean 2019-04,e1426n2239,18.5,69778,85.36788099400957
"PA Northcentral 2019 B19  (McKean, QL1)",McKean 2019-04,e1426n2239,19.5,139705,82.4222468773487
"PA Northcentral 2019 B19  (McKean, QL1)",McKean 2019-04,e1426n2239,21.5,68731,80.74231423957167
"PA Northcentral 2019 B19  (McKean, QL1)",McKean 2019-04,e1426n2239,22.5,136987,82.67280836867732
"PA Northcentral 2019 B19  (McKean, QL1)",McKean 2019-04,e1426n2239,24.5,67144,81.22989395925175
"PA Northcentral 2019 B19  (McKean, QL1)",McKean 2019-04,e1426n2239,25.5,132952,82.42674047776642
"PA Northcentral 2019 B19  (McKean, QL1)",McKean 2019-04,e1426n2239,27.5,65793,98.77950541850956
"PA Northcentral 2019 B19  (McKean, QL1)",McKean 2019-04,e1426n2239,28.5,117249,98.26608329282126
"PA Northcentral 2019 B19  (McKean, QL1)",McKean 2019-04,e1426n2240,6.5,2758,97.35315445975344
"PA Northcentral 2019 B19  (McKean, QL1)",McKean 2019-04,e1426n2240,7.5,37834,96.91547285510389
"PA Northcentral 2019 B19  (McKean, QL1)",McKean 2019-04,e1426n2240,9.5,39357,96.46822674492466
"PA Northcentral 2019 B19  (McKean, QL1)",McKean 2019-04,e1426n2240,10.5,99074,96.6691563881543
"PA Northcentral 2019 B19  (McKean, QL1)",McKean 2019-04,e1426n2240,12.5,57444,97.05626349140032
"PA Northcentral 2019 B19  (McKean, QL1)",McKean 2019-04,e1426n2240,13.5,125044,97.25536611112888
"PA Northcentral 2019 B19  (McKean, QL1)",McKean 2019-04,e1426n2240,15.5,62189,97.22619755905384
"PA Northcentral 2019 B19  (McKean, QL1)",McKean 2019-04,e1426n2240,16.5,130255,96.82929638017734
"PA Northcentral 2019 B19  (McKean, QL1)",McKean 2019-04,e1426n2240,18.5,64311,94.57324563449488
"PA Northcentral 2019 B19  (McKean, QL1)",McKean 2019-04,e1426n2240,19.5,129588,89.6394727906905
"PA Northcentral 2019 B19  (McKean, QL1)",McKean 2019-04,e1426n2240,21.5,68699,82.76248562570052
"PA Northcentral 2019 B19  (McKean, QL1)",McKean 2019-04,e1426n2240,22.5,132073,80.9287288090677
"PA Northcentral 2019 B19  (McKean, QL1)",McKean 2019-04,e1426n2240,24.5,67358,80.03800587903442
"PA Northcentral 2019 B19  (McKean, QL1)",McKean 2019-04,e1426n2240,25.5,131431,81.35523582716407
"PA Northcentral 2019 B19  (McKean, QL1)",McKean 2019-04,e1426n2240,27.5,64205,96.990888560081
"PA Northcentral 2019 B19  (McKean, QL1)",McKean 2019-04,e1426n2240,28.5,116041,96.88816883687662
"PA Northcentral 2019 B19  (McKean, QL1)",McKean 2019-04,e1426n2240,30.5,74,98.64864864864865
"PA Northcentral 2019 B19  (McKean, QL1)",McKean 2019-04,e1426n2241,1.5,12511,95.29214291423548
"PA Northcentral 2019 B19  (McKean, QL1)",McKean 2019-04,e1426n2241,3.5,16656,95.7732949087416
"PA Northcentral 2019 B19  (McKean, QL1)",McKean 2019-04,e1426n2241,4.5,54128,95.81547443097844
"PA Northcentral 2019 B19  (McKean, QL1)",McKean 2019-04,e1426n2241,6.5,35979,96.05603268573334
"PA Northcentral 2019 B19  (McKean, QL1)",McKean 2019-04,e1426n2241,7.5,72323,95.83396706441934
"PA Northcentral 2019 B19  (McKean, QL1)",McKean 2019-04,e1426n2241,9.5,35217,96.00193088565182
"PA Northcentral 2019 B19  (McKean, QL1)",McKean 2019-04,e1426n2241,10.5,71091,96.05857281512428
"PA Northcentral 2019 B19  (McKean, QL1)",McKean 2019-04,e1426n2241,12.5,36720,95.92592592592592
"PA Northcentral 2019 B19  (McKean, QL1)",McKean 2019-04,e1426n2241,13.5,75608,96.53079039255104
"PA Northcentral 2019 B19  (McKean, QL1)",McKean 2019-04,e1426n2241,15.5,45719,96.47848815590892
"PA Northcentral 2019 B19  (McKean, QL1)",McKean 2019-04,e1426n2241,16.5,113508,96.83987031751066
"PA Northcentral 2019 B19  (McKean, QL1)",McKean 2019-04,e1426n2241,18.5,65107,96.47349747338995
"PA Northcentral 2019 B19  (McKean, QL1)",McKean 2019-04,e1426n2241,19.5,136810,95.08442365324171
"PA Northcentral 2019 B19  (McKean, QL1)",McKean 2019-04,e1426n2241,21.5,69513,88.62514925265778
"PA Northcentral 2019 B19  (McKean, QL1)",McKean 2019-04,e1426n2241,22.5,141656,83.70983226972383
"PA Northcentral 2019 B19  (McKean, QL1)",McKean 2019-04,e1426n2241,24.5,70249,80.21324146962947
"PA Northcentral 2019 B19  (McKean, QL1)",McKean 2019-04,e1426n2241,25.5,137823,80.72672921065424
"PA Northcentral 2019 B19  (McKean, QL1)",McKean 2019-04,e1426n2241,27.5,68619,98.09090776607064
"PA Northcentral 2019 B19  (McKean, QL1)",McKean 2019-04,e1426n2241,28.5,112685,97.62435106713404
"PA Northcentral 2019 B19  (McKean, QL1)",McKean 2019-04,e1426n2241,30.5,411,95.1338199513382
"PA Northcentral 2019 B19  (McKean, QL1)",McKean 2019-04,e1427n2234,4.5,7822,98.24852978777804
"PA Northcentral 2019 B19  (McKean, QL1)",McKean 2019-04,e1427n2234,6.5,11320,97.75618374558304
"PA Northcentral 2019 B19  (McKean, QL1)",McKean 2019-04,e1427n2234,7.5,43898,97.69465579297464
"PA Northcentral 2019 B19  (McKean, QL1)",McKean 2019-04,e1427n2234,9.5,40476,97.72704812728531
"PA Northcentral 2019 B19  (McKean, QL1)",McKean 2019-04,e1427n2234,10.5,103165,97.9663645616246
"PA Northcentral 2019 B19  (McKean, QL1)",McKean 2019-04,e1427n2234,12.5,58669,97.8932656087542
"PA Northcentral 2019 B19  (McKean, QL1)",McKean 2019-04,e1427n2234,13.5,125049,97.2530767938968
"PA Northcentral 2019 B19  (McKean, QL1)",McKean 2019-04,e1427n2234,15.5,64782,97.69226019573338
"PA Northcentral 2019 B19  (McKean, QL1)",McKean 2019-04,e1427n2234,16.5,131972,96.20904434273938
"PA Northcentral 2019 B19  (McKean, QL1)",McKean 2019-04,e1427n2234,18.5,65576,88.42259363181651
"PA Northcentral 2019 B19  (McKean, QL1)",McKean 2019-04,e1427n2234,19.5,128757,83.78495926435068
"PA Northcentral 2019 B19  (McKean, QL1)",McKean 2019-04,e1427n2234,21.5,64417,81.70669233276931
"PA Northcentral 2019 B19  (McKean, QL1)",McKean 2019-04,e1427n2234,22.5,128538,82.52890195895377
"PA Northcentral 2019 B19  (McKean, QL1)",McKean 2019-04,e1427n2234,24.5,62968,83.0977639435904
"PA Northcentral 2019 B19  (McKean, QL1)",McKean 2019-04,e1427n2234,25.5,127862,82.20659773818649
"PA Northcentral 2019 B19  (McKean, QL1)",McKean 2019-04,e1427n2234,27.5,63405,99.02058197303052
"PA Northcentral 2019 B19  (McKean, QL1)",McKean 2019-04,e1427n2234,28.5,118077,98.65511488266132
"PA Northcentral 2019 B19  (McKean, QL1)",McKean 2019-04,e1427n2235,1.5,467,97.21627408993577
"PA Northcentral 2019 B19  (McKean, QL1)",McKean 2019-04,e1427n2235,3.5,6815,96.1995597945708
"PA Northcentral 2019 B19  (McKean, QL1)",McKean 2019-04,e1427n2235,4.5,35829,97.70018699935808
"PA Northcentral 2019 B19  (McKean, QL1)",McKean 2019-04,e1427n2235,6.5,26354,97.79919556803522
"PA Northcentral 2019 B19  (McKean, QL1)",McKean 2019-04,e1427n2235,7.5,64724,97.73345281502998
"PA Northcentral 2019 B19  (McKean, QL1)",McKean 2019-04,e1427n2235,9.5,32603,97.61985093396314
"PA Northcentral 2019 B19  (McKean, QL1)",McKean 2019-04,e1427n2235,10.5,73950,97.97565922920892
"PA Northcentral 2019 B19  (McKean, QL1)",McKean 2019-04,e1427n2235,12.5,45851,98.20723648339184
"PA Northcentral 2019 B19  (McKean, QL1)",McKean 2019-04,e1427n2235,13.5,109354,98.16833403442033
"PA Northcentral 2019 B19  (McKean, QL1)",McKean 2019-04,e1427n2235,15.5,62612,97.8215038650738
"PA Northcentral 2019 B19  (McKean, QL1)",McKean 2019-04,e1427n2235,16.5,125299,96.94810014445446
"PA Northcentral 2019 B19  (McKean, QL1)",McKean 2019-04,e1427n2235,18.5,59789,89.21038987104652
"PA Northcentral 2019 B19  (McKean, QL1)",McKean 2019-04,e1427n2235,19.5,123682,83.91277631344902
"PA Northcentral 2019 B19  (McKean, QL1)",McKean 2019-04,e1427n2235,21.5,62577,81.70414049890536
"PA Northcentral 2019 B19  (McKean, QL1)",McKean 2019-04,e1427n2235,22.5,122505,82.52724378596793
"PA Northcentral 2019 B19  (McKean, QL1)",McKean 2019-04,e1427n2235,24.5,59802,82.74639644159059
"PA Northcentral 2019 B19  (McKean, QL1)",McKean 2019-04,e1427n2235,25.5,119076,83.62390406127179
"PA Northcentral 2019 B19  (McKean, QL1)",McKean 2019-04,e1427n2235,27.5,58488,97.90213377102997
"PA Northcentral 2019 B19  (McKean, QL1)",McKean 2019-04,e1427n2235,28.5,115249,98.67591042004705
"PA Northcentral 2019 B19  (McKean, QL1)",McKean 2019-04,e1427n2238,0.5,36505,97.93452951650458
"PA Northcentral 2019 B19  (McKean, QL1)",McKean 2019-04,e1427n2238,1.5,143975,97.86004514672686
"PA Northcentral 2019 B19  (McKean, QL1)",McKean 2019-04,e1427n2238,3.5,71009,97.98757903927672
"PA Northcentral 2019 B19  (McKean, QL1)",McKean 2019-04,e1427n2238,4.5,142409,97.94324796887835
"PA Northcentral 2019 B19  (McKean, QL1)",McKean 2019-04,e1427n2238,6.5,69367,97.96877477763202
"PA Northcentral 2019 B19  (McKean, QL1)",McKean 2019-04,e1427n2238,7.5,139740,97.90825819378848
"PA Northcentral 2019 B19  (McKean, QL1)",McKean 2019-04,e1427n2238,9.5,66519,97.8141583607691
"PA Northcentral 2019 B19  (McKean, QL1)",McKean 2019-04,e1427n2238,10.5,115361,97.77827862102444
"PA Northcentral 2019 B19  (McKean, QL1)",McKean 2019-04,e1427n2238,12.5,49888,97.72089480436176
"PA Northcentral 2019 B19  (McKean, QL1)",McKean 2019-04,e1427n2238,13.5,82260,97.34743496231462
"PA Northcentral 2019 B19  (McKean, QL1)",McKean 2019-04,e1427n2238,15.5,29874,97.44593961304145
"PA Northcentral 2019 B19  (McKean, QL1)",McKean 2019-04,e1427n2238,16.5,37830,97.21385144065556
"PA Northcentral 2019 B19  (McKean, QL1)",McKean 2019-04,e1427n2238,18.5,11271,95.18232632419485
"PA Northcentral 2019 B19  (McKean, QL1)",McKean 2019-04,e1427n2238,19.5,11896,82.19569603227976
"PA Northcentral 2019 B19  (McKean, QL1)",McKean 2019-04,e1427n2238,21.5,124,66.12903225806451
"PA Northcentral 2019 B19  (McKean, QL1)",McKean 2019-04,e1427n2238,25.5,12130,85.14427040395714
"PA Northcentral 2019 B19  (McKean, QL1)",McKean 2019-04,e1427n2238,27.5,20459,96.32924385356075
"PA Northcentral 2019 B19  (McKean, QL1)",McKean 2019-04,e1427n2238,28.5,51914,97.1510575182032
"PA Northcentral 2019 B19  (McKean, QL1)",McKean 2019-04,e1427n2236,0.5,17109,96.06055292536092
"PA Northcentral 2019 B19  (McKean, QL1)",McKean 2019-04,e1427n2236,1.5,69116,96.1210139475664
"PA Northcentral 2019 B19  (McKean, QL1)",McKean 2019-04,e1427n2236,3.5,34050,97.19236417033774
"PA Northcentral 2019 B19  (McKean, QL1)",McKean 2019-04,e1427n2236,4.5,68211,97.37725586782192
"PA Northcentral 2019 B19  (McKean, QL1)",McKean 2019-04,e1427n2236,6.5,34468,97.63258674712776
"PA Northcentral 2019 B19  (McKean, QL1)",McKean 2019-04,e1427n2236,7.5,66832,97.737610725401
"PA Northcentral 2019 B19  (McKean, QL1)",McKean 2019-04,e1427n2236,9.5,32038,97.53729945689491
"PA Northcentral 2019 B19  (McKean, QL1)",McKean 2019-04,e1427n2236,10.5,62759,97.58919039500311
"PA Northcentral 2019 B19  (McKean, QL1)",McKean 2019-04,e1427n2236,12.5,32585,97.83029001074114
"PA Northcentral 2019 B19  (McKean, QL1)",McKean 2019-04,e1427n2236,13.5,65956,97.63327066529202
"PA Northcentral 2019 B19  (McKean, QL1)",McKean 2019-04,e1427n2236,15.5,33644,97.41410058257044
"PA Northcentral 2019 B19  (McKean, QL1)",McKean 2019-04,e1427n2236,16.5,75425,97.5419290686112
"PA Northcentral 2019 B19  (McKean, QL1)",McKean 2019-04,e1427n2236,18.5,45149,97.23581917650446
"PA Northcentral 2019 B19  (McKean, QL1)",McKean 2019-04,e1427n2236,19.5,110245,96.20390947435256
"PA Northcentral 2019 B19  (McKean, QL1)",McKean 2019-04,e1427n2236,21.5,64028,92.52983069906917
"PA Northcentral 2019 B19  (McKean, QL1)",McKean 2019-04,e1427n2236,22.5,136739,85.60030422922502
"PA Northcentral 2019 B19  (McKean, QL1)",McKean 2019-04,e1427n2236,24.5,68582,81.83488378874924
"PA Northcentral 2019 B19  (McKean, QL1)",McKean 2019-04,e1427n2236,25.5,136668,81.93798109286739
"PA Northcentral 2019 B19  (McKean, QL1)",McKean 2019-04,e1427n2236,27.5,68469,99.04336268968436
"PA Northcentral 2019 B19  (McKean, QL1)",McKean 2019-04,e1427n2236,28.5,111126,99.0542267336177
"PA Northcentral 2019 B19  (McKean, QL1)",McKean 2019-04,e1427n2237,0.5,35530,97.08978328173374
"PA Northcentral 2019 B19  (McKean, QL1)",McKean 2019-04,e1427n2237,1.5,141449,96.97983018614484
"PA Northcentral 2019 B19  (McKean, QL1)",McKean 2019-04,e1427n2237,3.5,67104,96.8586075345732
"PA Northcentral 2019 B19  (McKean, QL1)",McKean 2019-04,e1427n2237,4.5,118410,96.93606958871716
"PA Northcentral 2019 B19  (McKean, QL1)",McKean 2019-04,e1427n2237,6.5,50890,97.11338180389076
"PA Northcentral 2019 B19  (McKean, QL1)",McKean 2019-04,e1427n2237,7.5,83169,96.83054984429296
"PA Northcentral 2019 B19  (McKean, QL1)",McKean 2019-04,e1427n2237,9.5,35485,96.3928420459349
"PA Northcentral 2019 B19  (McKean, QL1)",McKean 2019-04,e1427n2237,10.5,71555,96.27838725455943
"PA Northcentral 2019 B19  (McKean, QL1)",McKean 2019-04,e1427n2237,12.5,36019,96.88497737305312
"PA Northcentral 2019 B19  (McKean, QL1)",McKean 2019-04,e1427n2237,13.5,71206,96.9932309075078
"PA Northcentral 2019 B19  (McKean, QL1)",McKean 2019-04,e1427n2237,15.5,34431,96.7703522988005
"PA Northcentral 2019 B19  (McKean, QL1)",McKean 2019-04,e1427n2237,16.5,65549,96.97630780027156
"PA Northcentral 2019 B19  (McKean, QL1)",McKean 2019-04,e1427n2237,18.5,31948,97.18918242143482
"PA Northcentral 2019 B19  (McKean, QL1)",McKean 2019-04,e1427n2237,19.5,70098,95.758794830095
"PA Northcentral 2019 B19  (McKean, QL1)",McKean 2019-04,e1427n2237,21.5,34153,92.3286387725822
"PA Northcentral 2019 B19  (McKean, QL1)",McKean 2019-04,e1427n2237,22.5,77046,84.04200088258962
"PA Northcentral 2019 B19  (McKean, QL1)",McKean 2019-04,e1427n2237,24.5,40991,80.98850967285502
"PA Northcentral 2019 B19  (McKean, QL1)",McKean 2019-04,e1427n2237,25.5,86404,82.18948196842739
"PA Northcentral 2019 B19  (McKean, QL1)",McKean 2019-04,e1427n2237,27.5,35387,98.5503150874615
"PA Northcentral 2019 B19  (McKean, QL1)",McKean 2019-04,e1427n2237,28.5,60456,97.77027921132724
"PA Northcentral 2019 B19  (McKean, QL1)",McKean 2019-04,e1427n2239,0.5,34959,97.51709144998428
"PA Northcentral 2019 B19  (McKean, QL1)",McKean 2019-04,e1427n2239,1.5,135549,97.49241971537968
"PA Northcentral 2019 B19  (McKean, QL1)",McKean 2019-04,e1427n2239,3.5,68405,97.2604341787881
"PA Northcentral 2019 B19  (McKean, QL1)",McKean 2019-04,e1427n2239,4.5,139771,97.31274727947856
"PA Northcentral 2019 B19  (McKean, QL1)",McKean 2019-04,e1427n2239,6.5,70366,97.13355882102152
"PA Northcentral 2019 B19  (McKean, QL1)",McKean 2019-04,e1427n2239,7.5,137702,97.30650244731378
"PA Northcentral 2019 B19  (McKean, QL1)",McKean 2019-04,e1427n2239,9.5,67704,97.3517074323526
"PA Northcentral 2019 B19  (McKean, QL1)",McKean 2019-04,e1427n2239,10.5,112584,97.31400554252824
"PA Northcentral 2019 B19  (McKean, QL1)",McKean 2019-04,e1427n2239,12.5,45969,97.53094476712567
"PA Northcentral 2019 B19  (McKean, QL1)",McKean 2019-04,e1427n2239,13.5,79140,97.59034622188528
"PA Northcentral 2019 B19  (McKean, QL1)",McKean 2019-04,e1427n2239,15.5,36647,97.49774879253418
"PA Northcentral 2019 B19  (McKean, QL1)",McKean 2019-04,e1427n2239,16.5,59998,97.34824494149804
"PA Northcentral 2019 B19  (McKean, QL1)",McKean 2019-04,e1427n2239,18.5,22992,97.39474599860822
"PA Northcentral 2019 B19  (McKean, QL1)",McKean 2019-04,e1427n2239,19.5,21573,95.32285727529782
"PA Northcentral 2019 B19  (McKean, QL1)",McKean 2019-04,e1427n2239,25.5,1617,81.57081014223871
"PA Northcentral 2019 B19  (McKean, QL1)",McKean 2019-04,e1427n2239,27.5,6380,99.01253918495296
"PA Northcentral 2019 B19  (McKean, QL1)",McKean 2019-04,e1427n2239,28.5,26954,98.33419900571344
"PA Northcentral 2019 B19  (McKean, QL1)",McKean 2019-04,e1427n2240,0.5,33590,96.32628758559096
"PA Northcentral 2019 B19  (McKean, QL1)",McKean 2019-04,e1427n2240,1.5,124805,96.43363647289772
"PA Northcentral 2019 B19  (McKean, QL1)",McKean 2019-04,e1427n2240,3.5,62546,96.66325584369903
"PA Northcentral 2019 B19  (McKean, QL1)",McKean 2019-04,e1427n2240,4.5,132117,96.72033122156876
"PA Northcentral 2019 B19  (McKean, QL1)",McKean 2019-04,e1427n2240,6.5,66718,96.79246979825534
"PA Northcentral 2019 B19  (McKean, QL1)",McKean 2019-04,e1427n2240,7.5,107045,96.54724648512308
"PA Northcentral 2019 B19  (McKean, QL1)",McKean 2019-04,e1427n2240,9.5,40068,96.6082659478886
"PA Northcentral 2019 B19  (McKean, QL1)",McKean 2019-04,e1427n2240,10.5,70975,96.7354702359986
"PA Northcentral 2019 B19  (McKean, QL1)",McKean 2019-04,e1427n2240,12.5,34654,96.77959254342932
"PA Northcentral 2019 B19  (McKean, QL1)",McKean 2019-04,e1427n2240,13.5,68708,96.86353845258196
"PA Northcentral 2019 B19  (McKean, QL1)",McKean 2019-04,e1427n2240,15.5,33805,96.96790415618992
"PA Northcentral 2019 B19  (McKean, QL1)",McKean 2019-04,e1427n2240,16.5,64653,96.3899587026124
"PA Northcentral 2019 B19  (McKean, QL1)",McKean 2019-04,e1427n2240,18.5,30151,90.8692912341216
"PA Northcentral 2019 B19  (McKean, QL1)",McKean 2019-04,e1427n2240,19.5,63282,85.22486647071837
"PA Northcentral 2019 B19  (McKean, QL1)",McKean 2019-04,e1427n2240,21.5,18642,84.1165111039588
"PA Northcentral 2019 B19  (McKean, QL1)",McKean 2019-04,e1427n2240,22.5,28057,80.69287521830559
"PA Northcentral 2019 B19  (McKean, QL1)",McKean 2019-04,e1427n2240,24.5,19655,77.71050623251081
"PA Northcentral 2019 B19  (McKean, QL1)",McKean 2019-04,e1427n2240,25.5,51649,80.06350558578094
"PA Northcentral 2019 B19  (McKean, QL1)",McKean 2019-04,e1427n2240,27.5,26040,96.8548387096774
"PA Northcentral 2019 B19  (McKean, QL1)",McKean 2019-04,e1427n2240,28.5,47303,97.8859691774306
"PA Northcentral 2019 B19  (McKean, QL1)",McKean 2019-04,e1428n2235,0.5,33695,97.03220062323788
"PA Northcentral 2019 B19  (McKean, QL1)",McKean 2019-04,e1428n2235,1.5,135449,96.93168646501636
"PA Northcentral 2019 B19  (McKean, QL1)",McKean 2019-04,e1428n2235,3.5,60282,97.5050595534322
"PA Northcentral 2019 B19  (McKean, QL1)",McKean 2019-04,e1428n2235,4.5,99871,97.692022709295
"PA Northcentral 2019 B19  (McKean, QL1)",McKean 2019-04,e1428n2235,6.5,39618,97.20076732798223
"PA Northcentral 2019 B19  (McKean, QL1)",McKean 2019-04,e1428n2235,7.5,67273,96.976498743924
"PA Northcentral 2019 B19  (McKean, QL1)",McKean 2019-04,e1428n2235,9.5,33953,96.87509203899508
"PA Northcentral 2019 B19  (McKean, QL1)",McKean 2019-04,e1428n2235,10.5,67631,96.37887950791796
"PA Northcentral 2019 B19  (McKean, QL1)",McKean 2019-04,e1428n2235,12.5,34450,97.5500725689405
"PA Northcentral 2019 B19  (McKean, QL1)",McKean 2019-04,e1428n2235,13.5,69639,97.31041514094116
"PA Northcentral 2019 B19  (McKean, QL1)",McKean 2019-04,e1428n2235,15.5,34581,97.63164743645352
"PA Northcentral 2019 B19  (McKean, QL1)",McKean 2019-04,e1428n2235,16.5,68701,97.39887337884456
"PA Northcentral 2019 B19  (McKean, QL1)",McKean 2019-04,e1428n2235,18.5,34848,97.49196510560148
"PA Northcentral 2019 B19  (McKean, QL1)",McKean 2019-04,e1428n2235,19.5,70620,93.4409515717927
"PA Northcentral 2019 B19  (McKean, QL1)",McKean 2019-04,e1428n2235,21.5,42161,84.17257655178958
"PA Northcentral 2019 B19  (McKean, QL1)",McKean 2019-04,e1428n2235,22.5,89041,83.61765928055614
"PA Northcentral 2019 B19  (McKean, QL1)",McKean 2019-04,e1428n2235,24.5,47826,80.66323756952285
"PA Northcentral 2019 B19  (McKean, QL1)",McKean 2019-04,e1428n2235,25.5,73100,79.61149110807114
"PA Northcentral 2019 B19  (McKean, QL1)",McKean 2019-04,e1428n2235,27.5,29778,99.13358855530927
"PA Northcentral 2019 B19  (McKean, QL1)",McKean 2019-04,e1428n2235,28.5,50195,99.05568283693596
"PA Northcentral 2019 B19  (McKean, QL1)",McKean 2019-04,e1427n2241,0.5,34879,95.95745290862698
"PA Northcentral 2019 B19  (McKean, QL1)",McKean 2019-04,e1427n2241,1.5,130375,95.84046021093002
"PA Northcentral 2019 B19  (McKean, QL1)",McKean 2019-04,e1427n2241,3.5,55917,96.10851798200903
"PA Northcentral 2019 B19  (McKean, QL1)",McKean 2019-04,e1427n2241,4.5,88528,96.00578348093258
"PA Northcentral 2019 B19  (McKean, QL1)",McKean 2019-04,e1427n2241,6.5,35592,96.31096875702406
"PA Northcentral 2019 B19  (McKean, QL1)",McKean 2019-04,e1427n2241,7.5,70368,96.3776148249204
"PA Northcentral 2019 B19  (McKean, QL1)",McKean 2019-04,e1427n2241,9.5,34425,96.20624546114742
"PA Northcentral 2019 B19  (McKean, QL1)",McKean 2019-04,e1427n2241,10.5,67692,95.764639839272
"PA Northcentral 2019 B19  (McKean, QL1)",McKean 2019-04,e1427n2241,12.5,33619,95.5709568993724
"PA Northcentral 2019 B19  (McKean, QL1)",McKean 2019-04,e1427n2241,13.5,69613,95.64592820306552
"PA Northcentral 2019 B19  (McKean, QL1)",McKean 2019-04,e1427n2241,15.5,34923,95.64756750565527
"PA Northcentral 2019 B19  (McKean, QL1)",McKean 2019-04,e1427n2241,16.5,67987,95.52561519113948
"PA Northcentral 2019 B19  (McKean, QL1)",McKean 2019-04,e1427n2241,18.5,37700,95.87798408488064
"PA Northcentral 2019 B19  (McKean, QL1)",McKean 2019-04,e1427n2241,19.5,91247,93.49238879086435
"PA Northcentral 2019 B19  (McKean, QL1)",McKean 2019-04,e1427n2241,21.5,52844,82.70569979562485
"PA Northcentral 2019 B19  (McKean, QL1)",McKean 2019-04,e1427n2241,22.5,113610,81.07296892879148
"PA Northcentral 2019 B19  (McKean, QL1)",McKean 2019-04,e1427n2241,24.5,55031,81.91019607130526
"PA Northcentral 2019 B19  (McKean, QL1)",McKean 2019-04,e1427n2241,25.5,90633,79.59793894056249
"PA Northcentral 2019 B19  (McKean, QL1)",McKean 2019-04,e1427n2241,27.5,42070,97.93439505585928
"PA Northcentral 2019 B19  (McKean, QL1)",McKean 2019-04,e1427n2241,28.5,56718,98.09584258965408
"PA Northcentral 2019 B19  (McKean, QL1)",McKean 2019-04,e1427n2242,0.5,789,97.46514575411916
"PA Northcentral 2019 B19  (McKean, QL1)",McKean 2019-04,e1427n2242,1.5,14097,96.78655032985742
"PA Northcentral 2019 B19  (McKean, QL1)",McKean 2019-04,e1427n2242,3.5,13923,96.1502549737844
"PA Northcentral 2019 B19  (McKean, QL1)",McKean 2019-04,e1427n2242,4.5,41464,96.27628786417132
"PA Northcentral 2019 B19  (McKean, QL1)",McKean 2019-04,e1427n2242,6.5,28215,96.2112351586036
"PA Northcentral 2019 B19  (McKean, QL1)",McKean 2019-04,e1427n2242,7.5,65474,96.28096649051533
"PA Northcentral 2019 B19  (McKean, QL1)",McKean 2019-04,e1427n2242,9.5,33029,96.3638015077659
"PA Northcentral 2019 B19  (McKean, QL1)",McKean 2019-04,e1427n2242,10.5,67612,96.29207832929066
"PA Northcentral 2019 B19  (McKean, QL1)",McKean 2019-04,e1427n2242,12.5,34523,96.53853952437504
"PA Northcentral 2019 B19  (McKean, QL1)",McKean 2019-04,e1427n2242,13.5,81854,96.15901483128498
"PA Northcentral 2019 B19  (McKean, QL1)",McKean 2019-04,e1427n2242,15.5,46950,96.29605963791266
"PA Northcentral 2019 B19  (McKean, QL1)",McKean 2019-04,e1427n2242,16.5,111074,96.13680969443794
"PA Northcentral 2019 B19  (McKean, QL1)",McKean 2019-04,e1427n2242,18.5,59605,95.74196795570842
"PA Northcentral 2019 B19  (McKean, QL1)",McKean 2019-04,e1427n2242,19.5,119749,95.02375802720692
"PA Northcentral 2019 B19  (McKean, QL1)",McKean 2019-04,e1427n2242,21.5,57098,84.89439209779677
"PA Northcentral 2019 B19  (McKean, QL1)",McKean 2019-04,e1427n2242,22.5,118312,80.7458245993644
"PA Northcentral 2019 B19  (McKean, QL1)",McKean 2019-04,e1427n2242,24.5,58098,80.05439085682812
"PA Northcentral 2019 B19  (McKean, QL1)",McKean 2019-04,e1427n2242,25.5,114493,79.63805647506834
"PA Northcentral 2019 B19  (McKean, QL1)",McKean 2019-04,e1427n2242,27.5,56918,96.09613830422713
"PA Northcentral 2019 B19  (McKean, QL1)",McKean 2019-04,e1427n2242,28.5,88057,96.5533688406373
"PA Northcentral 2019 B19  (McKean, QL1)",McKean 2019-04,e1428n2236,0.5,16301,96.03705294153733
"PA Northcentral 2019 B19  (McKean, QL1)",McKean 2019-04,e1428n2236,1.5,63694,95.84105253242063
"PA Northcentral 2019 B19  (McKean, QL1)",McKean 2019-04,e1428n2236,3.5,33245,96.49571364114904
"PA Northcentral 2019 B19  (McKean, QL1)",McKean 2019-04,e1428n2236,4.5,65141,96.52446232019771
"PA Northcentral 2019 B19  (McKean, QL1)",McKean 2019-04,e1428n2236,6.5,31718,97.13727221136264
"PA Northcentral 2019 B19  (McKean, QL1)",McKean 2019-04,e1428n2236,7.5,63084,97.4098028026124
"PA Northcentral 2019 B19  (McKean, QL1)",McKean 2019-04,e1428n2236,9.5,32267,96.99693184987758
"PA Northcentral 2019 B19  (McKean, QL1)",McKean 2019-04,e1428n2236,10.5,65627,97.353223520807
"PA Northcentral 2019 B19  (McKean, QL1)",McKean 2019-04,e1428n2236,12.5,32314,97.17150461100452
"PA Northcentral 2019 B19  (McKean, QL1)",McKean 2019-04,e1428n2236,13.5,66806,97.3819716791905
"PA Northcentral 2019 B19  (McKean, QL1)",McKean 2019-04,e1428n2236,15.5,35856,97.3198348951361
"PA Northcentral 2019 B19  (McKean, QL1)",McKean 2019-04,e1428n2236,16.5,87372,96.70260495353202
"PA Northcentral 2019 B19  (McKean, QL1)",McKean 2019-04,e1428n2236,18.5,49700,96.2072434607646
"PA Northcentral 2019 B19  (McKean, QL1)",McKean 2019-04,e1428n2236,19.5,116168,88.15594656015426
"PA Northcentral 2019 B19  (McKean, QL1)",McKean 2019-04,e1428n2236,21.5,63334,85.33173335017527
"PA Northcentral 2019 B19  (McKean, QL1)",McKean 2019-04,e1428n2236,22.5,127650,82.94477085781433
"PA Northcentral 2019 B19  (McKean, QL1)",McKean 2019-04,e1428n2236,24.5,63437,81.12142755804972
"PA Northcentral 2019 B19  (McKean, QL1)",McKean 2019-04,e1428n2236,25.5,124280,79.96218216929513
"PA Northcentral 2019 B19  (McKean, QL1)",McKean 2019-04,e1428n2236,27.5,61287,98.10237081273353
"PA Northcentral 2019 B19  (McKean, QL1)",McKean 2019-04,e1428n2236,28.5,91121,98.41309906607697
"PA Northcentral 2019 B19  (McKean, QL1)",McKean 2019-04,e1428n2238,3.5,2175,98.11494252873564
"PA Northcentral 2019 B19  (McKean, QL1)",McKean 2019-04,e1428n2238,4.5,22395,98.0665327081938
"PA Northcentral 2019 B19  (McKean, QL1)",McKean 2019-04,e1428n2238,6.5,20331,98.26865377994196
"PA Northcentral 2019 B19  (McKean, QL1)",McKean 2019-04,e1428n2238,7.5,56595,98.18888594398798
"PA Northcentral 2019 B19  (McKean, QL1)",McKean 2019-04,e1428n2238,9.5,35918,97.99264992482878
"PA Northcentral 2019 B19  (McKean, QL1)",McKean 2019-04,e1428n2238,10.5,89962,98.12587536960052
"PA Northcentral 2019 B19  (McKean, QL1)",McKean 2019-04,e1428n2238,12.5,53328,98.1060606060606
"PA Northcentral 2019 B19  (McKean, QL1)",McKean 2019-04,e1428n2238,13.5,122556,98.08658898789126
"PA Northcentral 2019 B19  (McKean, QL1)",McKean 2019-04,e1428n2238,15.5,67103,97.96283325633726
"PA Northcentral 2019 B19  (McKean, QL1)",McKean 2019-04,e1428n2238,16.5,133526,97.5195842008298
"PA Northcentral 2019 B19  (McKean, QL1)",McKean 2019-04,e1428n2238,18.5,65827,89.35391252829386
"PA Northcentral 2019 B19  (McKean, QL1)",McKean 2019-04,e1428n2238,19.5,129511,82.90801553535994
"PA Northcentral 2019 B19  (McKean, QL1)",McKean 2019-04,e1428n2238,21.5,65480,82.77183872938302
"PA Northcentral 2019 B19  (McKean, QL1)",McKean 2019-04,e1428n2238,22.5,130007,82.14788434468913
"PA Northcentral 2019 B19  (McKean, QL1)",McKean 2019-04,e1428n2238,24.5,64313,79.78791224169296
"PA Northcentral 2019 B19  (McKean, QL1)",McKean 2019-04,e1428n2238,25.5,126297,81.0367625517629
"PA Northcentral 2019 B19  (McKean, QL1)",McKean 2019-04,e1428n2238,27.5,63231,98.77117236798406
"PA Northcentral 2019 B19  (McKean, QL1)",McKean 2019-04,e1428n2238,28.5,107536,99.15098199672668
"PA Northcentral 2019 B19  (McKean, QL1)",McKean 2019-04,e1428n2237,3.5,3226,95.66026038437694
"PA Northcentral 2019 B19  (McKean, QL1)",McKean 2019-04,e1428n2237,4.5,22856,96.67045852292615
"PA Northcentral 2019 B19  (McKean, QL1)",McKean 2019-04,e1428n2237,6.5,19409,96.8674326343449
"PA Northcentral 2019 B19  (McKean, QL1)",McKean 2019-04,e1428n2237,7.5,56835,96.9578604732999
"PA Northcentral 2019 B19  (McKean, QL1)",McKean 2019-04,e1428n2237,9.5,36830,97.08661417322834
"PA Northcentral 2019 B19  (McKean, QL1)",McKean 2019-04,e1428n2237,10.5,86277,96.77782027655113
"PA Northcentral 2019 B19  (McKean, QL1)",McKean 2019-04,e1428n2237,12.5,50688,96.52383207070709
"PA Northcentral 2019 B19  (McKean, QL1)",McKean 2019-04,e1428n2237,13.5,118816,96.89940748720711
"PA Northcentral 2019 B19  (McKean, QL1)",McKean 2019-04,e1428n2237,15.5,66013,97.13389786860164
"PA Northcentral 2019 B19  (McKean, QL1)",McKean 2019-04,e1428n2237,16.5,131976,97.0509789658726
"PA Northcentral 2019 B19  (McKean, QL1)",McKean 2019-04,e1428n2237,18.5,65454,96.46010938980048
"PA Northcentral 2019 B19  (McKean, QL1)",McKean 2019-04,e1428n2237,19.5,129707,86.40705590291967
"PA Northcentral 2019 B19  (McKean, QL1)",McKean 2019-04,e1428n2237,21.5,63856,81.7119769481333
"PA Northcentral 2019 B19  (McKean, QL1)",McKean 2019-04,e1428n2237,22.5,125851,80.50631302095334
"PA Northcentral 2019 B19  (McKean, QL1)",McKean 2019-04,e1428n2237,24.5,62918,79.53367875647669
"PA Northcentral 2019 B19  (McKean, QL1)",McKean 2019-04,e1428n2237,25.5,126527,79.25423032238179
"PA Northcentral 2019 B19  (McKean, QL1)",McKean 2019-04,e1428n2237,27.5,63970,98.28513365640144
"PA Northcentral 2019 B19  (McKean, QL1)",McKean 2019-04,e1428n2237,28.5,104691,98.47646884641468
"PA Northcentral 2019 B19  (McKean, QL1)",McKean 2019-04,e1428n2240,0.5,31743,96.20703777210724
"PA Northcentral 2019 B19  (McKean, QL1)",McKean 2019-04,e1428n2240,1.5,126688,96.34850972467794
"PA Northcentral 2019 B19  (McKean, QL1)",McKean 2019-04,e1428n2240,3.5,63367,96.35930373853898
"PA Northcentral 2019 B19  (McKean, QL1)",McKean 2019-04,e1428n2240,4.5,108141,95.91366826642994
"PA Northcentral 2019 B19  (McKean, QL1)",McKean 2019-04,e1428n2240,6.5,44230,95.84671037757178
"PA Northcentral 2019 B19  (McKean, QL1)",McKean 2019-04,e1428n2240,7.5,71519,96.94766425705058
"PA Northcentral 2019 B19  (McKean, QL1)",McKean 2019-04,e1428n2240,9.5,30841,97.25365584773516
"PA Northcentral 2019 B19  (McKean, QL1)",McKean 2019-04,e1428n2240,10.5,58871,97.29578230368094
"PA Northcentral 2019 B19  (McKean, QL1)",McKean 2019-04,e1428n2240,12.5,29287,97.48693959777376
"PA Northcentral 2019 B19  (McKean, QL1)",McKean 2019-04,e1428n2240,13.5,54975,97.2587539790814
"PA Northcentral 2019 B19  (McKean, QL1)",McKean 2019-04,e1428n2240,15.5,25242,97.22288249742492
"PA Northcentral 2019 B19  (McKean, QL1)",McKean 2019-04,e1428n2240,16.5,57603,97.13382983525165
"PA Northcentral 2019 B19  (McKean, QL1)",McKean 2019-04,e1428n2240,18.5,29237,91.26791394465916
"PA Northcentral 2019 B19  (McKean, QL1)",McKean 2019-04,e1428n2240,19.5,61112,81.94462625998167
"PA Northcentral 2019 B19  (McKean, QL1)",McKean 2019-04,e1428n2240,21.5,42091,81.98189636739446
"PA Northcentral 2019 B19  (McKean, QL1)",McKean 2019-04,e1428n2240,22.5,88261,80.70608762647149
"PA Northcentral 2019 B19  (McKean, QL1)",McKean 2019-04,e1428n2240,24.5,39646,79.11769157039802
"PA Northcentral 2019 B19  (McKean, QL1)",McKean 2019-04,e1428n2240,25.5,68568,80.68195076420488
"PA Northcentral 2019 B19  (McKean, QL1)",McKean 2019-04,e1428n2240,27.5,32170,97.44482437053156
"PA Northcentral 2019 B19  (McKean, QL1)",McKean 2019-04,e1428n2240,28.5,48937,96.2216727629401
"PA Northcentral 2019 B19  (McKean, QL1)",McKean 2019-04,e1428n2241,0.5,28149,96.67838999609224
"PA Northcentral 2019 B19  (McKean, QL1)",McKean 2019-04,e1428n2241,1.5,104849,96.11727341224044
"PA Northcentral 2019 B19  (McKean, QL1)",McKean 2019-04,e1428n2241,3.5,49194,96.22311664024068
"PA Northcentral 2019 B19  (McKean, QL1)",McKean 2019-04,e1428n2241,4.5,91823,95.58934036134735
"PA Northcentral 2019 B19  (McKean, QL1)",McKean 2019-04,e1428n2241,6.5,46948,95.67393712192212
"PA Northcentral 2019 B19  (McKean, QL1)",McKean 2019-04,e1428n2241,7.5,96217,95.9279545194716
"PA Northcentral 2019 B19  (McKean, QL1)",McKean 2019-04,e1428n2241,9.5,50618,96.29183294480224
"PA Northcentral 2019 B19  (McKean, QL1)",McKean 2019-04,e1428n2241,10.5,86509,95.929903247061
"PA Northcentral 2019 B19  (McKean, QL1)",McKean 2019-04,e1428n2241,12.5,35983,95.59514215045996
"PA Northcentral 2019 B19  (McKean, QL1)",McKean 2019-04,e1428n2241,13.5,64568,96.2179407756164
"PA Northcentral 2019 B19  (McKean, QL1)",McKean 2019-04,e1428n2241,15.5,29740,96.60053799596504
"PA Northcentral 2019 B19  (McKean, QL1)",McKean 2019-04,e1428n2241,16.5,56335,96.07703914085384
"PA Northcentral 2019 B19  (McKean, QL1)",McKean 2019-04,e1428n2241,18.5,24371,93.46354273521808
"PA Northcentral 2019 B19  (McKean, QL1)",McKean 2019-04,e1428n2241,19.5,27658,85.07484272181647
"PA Northcentral 2019 B19  (McKean, QL1)",McKean 2019-04,e1428n2241,21.5,2557,81.54086820492765
"PA Northcentral 2019 B19  (McKean, QL1)",McKean 2019-04,e1428n2241,24.5,1186,81.87183811129847
"PA Northcentral 2019 B19  (McKean, QL1)",McKean 2019-04,e1428n2241,25.5,19126,81.52253476942381
"PA Northcentral 2019 B19  (McKean, QL1)",McKean 2019-04,e1428n2241,27.5,13792,94.75783062645012
"PA Northcentral 2019 B19  (McKean, QL1)",McKean 2019-04,e1428n2241,28.5,40151,96.6451645039974
"PA Northcentral 2019 B19  (McKean, QL1)",McKean 2019-04,e1428n2239,0.5,16933,97.02356345597354
"PA Northcentral 2019 B19  (McKean, QL1)",McKean 2019-04,e1428n2239,1.5,67095,97.3306505700872
"PA Northcentral 2019 B19  (McKean, QL1)",McKean 2019-04,e1428n2239,3.5,31358,97.54448625550098
"PA Northcentral 2019 B19  (McKean, QL1)",McKean 2019-04,e1428n2239,4.5,60292,97.37278577589066
"PA Northcentral 2019 B19  (McKean, QL1)",McKean 2019-04,e1428n2239,6.5,30449,97.17888929028868
"PA Northcentral 2019 B19  (McKean, QL1)",McKean 2019-04,e1428n2239,7.5,57667,97.31388835902682
"PA Northcentral 2019 B19  (McKean, QL1)",McKean 2019-04,e1428n2239,9.5,29035,97.22748407094886
"PA Northcentral 2019 B19  (McKean, QL1)",McKean 2019-04,e1428n2239,10.5,57983,97.36819412586448
"PA Northcentral 2019 B19  (McKean, QL1)",McKean 2019-04,e1428n2239,12.5,28490,97.4166374166374
"PA Northcentral 2019 B19  (McKean, QL1)",McKean 2019-04,e1428n2239,13.5,59364,97.43278754800887
"PA Northcentral 2019 B19  (McKean, QL1)",McKean 2019-04,e1428n2239,15.5,30517,97.55218402857425
"PA Northcentral 2019 B19  (McKean, QL1)",McKean 2019-04,e1428n2239,16.5,73177,97.70829632261504
"PA Northcentral 2019 B19  (McKean, QL1)",McKean 2019-04,e1428n2239,18.5,42786,96.9312391903894
"PA Northcentral 2019 B19  (McKean, QL1)",McKean 2019-04,e1428n2239,19.5,109456,92.6509282268674
"PA Northcentral 2019 B19  (McKean, QL1)",McKean 2019-04,e1428n2239,21.5,66312,86.24834117505127
"PA Northcentral 2019 B19  (McKean, QL1)",McKean 2019-04,e1428n2239,22.5,127493,81.99901171044685
"PA Northcentral 2019 B19  (McKean, QL1)",McKean 2019-04,e1428n2239,24.5,64395,81.40383570152963
"PA Northcentral 2019 B19  (McKean, QL1)",McKean 2019-04,e1428n2239,25.5,126044,81.19704230268795
"PA Northcentral 2019 B19  (McKean, QL1)",McKean 2019-04,e1428n2239,27.5,57245,98.15879116080008
"PA Northcentral 2019 B19  (McKean, QL1)",McKean 2019-04,e1428n2239,28.5,83801,98.24823092803187
"PA Northcentral 2019 B19  (McKean, QL1)",McKean 2019-04,e1428n2242,0.5,25549,94.71603585267523
"PA Northcentral 2019 B19  (McKean, QL1)",McKean 2019-04,e1428n2242,1.5,97455,94.01569955364016
"PA Northcentral 2019 B19  (McKean, QL1)",McKean 2019-04,e1428n2242,3.5,50023,93.6169362093437
"PA Northcentral 2019 B19  (McKean, QL1)",McKean 2019-04,e1428n2242,4.5,104320,93.76533742331289
"PA Northcentral 2019 B19  (McKean, QL1)",McKean 2019-04,e1428n2242,6.5,52588,94.01004031337948
"PA Northcentral 2019 B19  (McKean, QL1)",McKean 2019-04,e1428n2242,7.5,103723,94.22500313334554
"PA Northcentral 2019 B19  (McKean, QL1)",McKean 2019-04,e1428n2242,9.5,52731,93.88974227683904
"PA Northcentral 2019 B19  (McKean, QL1)",McKean 2019-04,e1428n2242,10.5,108323,94.56440460474693
"PA Northcentral 2019 B19  (McKean, QL1)",McKean 2019-04,e1428n2242,12.5,54389,94.2727389729541
"PA Northcentral 2019 B19  (McKean, QL1)",McKean 2019-04,e1428n2242,13.5,97178,94.38864763629628
"PA Northcentral 2019 B19  (McKean, QL1)",McKean 2019-04,e1428n2242,15.5,36461,93.7385151257508
"PA Northcentral 2019 B19  (McKean, QL1)",McKean 2019-04,e1428n2242,16.5,41265,93.27032594208168
"PA Northcentral 2019 B19  (McKean, QL1)",McKean 2019-04,e1428n2242,18.5,7757,92.62601521206652
"PA Northcentral 2019 B19  (McKean, QL1)",McKean 2019-04,e1428n2242,19.5,3092,92.27037516170763
"PA Northcentral 2019 B19  (McKean, QL1)",McKean 2019-04,e1428n2242,28.5,6308,96.0843373493976
"PA Northcentral 2019 B19  (McKean, QL1)",McKean 2019-04,e1429n2236,0.5,32093,98.00579565637366
"PA Northcentral 2019 B19  (McKean, QL1)",McKean 2019-04,e1429n2236,1.5,127678,97.80228387036138
"PA Northcentral 2019 B19  (McKean, QL1)",McKean 2019-04,e1429n2236,3.5,64145,97.91565983319045
"PA Northcentral 2019 B19  (McKean, QL1)",McKean 2019-04,e1429n2236,4.5,129406,98.00704758666522
"PA Northcentral 2019 B19  (McKean, QL1)",McKean 2019-04,e1429n2236,6.5,64520,97.82393056416616
"PA Northcentral 2019 B19  (McKean, QL1)",McKean 2019-04,e1429n2236,7.5,127878,97.94022427626332
"PA Northcentral 2019 B19  (McKean, QL1)",McKean 2019-04,e1429n2236,9.5,64399,98.03723660305285
"PA Northcentral 2019 B19  (McKean, QL1)",McKean 2019-04,e1429n2236,10.5,120905,98.04640006616764
"PA Northcentral 2019 B19  (McKean, QL1)",McKean 2019-04,e1429n2236,12.5,53342,97.96033144614
"PA Northcentral 2019 B19  (McKean, QL1)",McKean 2019-04,e1429n2236,13.5,91206,97.42451154529309
"PA Northcentral 2019 B19  (McKean, QL1)",McKean 2019-04,e1429n2236,15.5,35453,96.46856401432883
"PA Northcentral 2019 B19  (McKean, QL1)",McKean 2019-04,e1429n2236,16.5,43512,96.22862658576943
"PA Northcentral 2019 B19  (McKean, QL1)",McKean 2019-04,e1429n2236,18.5,14434,96.2865456560898
"PA Northcentral 2019 B19  (McKean, QL1)",McKean 2019-04,e1429n2236,19.5,10865,96.31845375057524
"PA Northcentral 2019 B19  (McKean, QL1)",McKean 2019-04,e1429n2236,27.5,2448,97.7124183006536
"PA Northcentral 2019 B19  (McKean, QL1)",McKean 2019-04,e1429n2236,28.5,14951,98.1071500234098
"PA Northcentral 2019 B19  (McKean, QL1)",McKean 2019-04,e1429n2235,0.5,30803,98.44495666006556
"PA Northcentral 2019 B19  (McKean, QL1)",McKean 2019-04,e1429n2235,1.5,125834,97.74623710602856
"PA Northcentral 2019 B19  (McKean, QL1)",McKean 2019-04,e1429n2235,3.5,63066,97.66752291250435
"PA Northcentral 2019 B19  (McKean, QL1)",McKean 2019-04,e1429n2235,4.5,119802,97.20956244470042
"PA Northcentral 2019 B19  (McKean, QL1)",McKean 2019-04,e1429n2235,6.5,52541,96.67878418758684
"PA Northcentral 2019 B19  (McKean, QL1)",McKean 2019-04,e1429n2235,7.5,87717,96.80449627780249
"PA Northcentral 2019 B19  (McKean, QL1)",McKean 2019-04,e1429n2235,9.5,35821,97.30046620697355
"PA Northcentral 2019 B19  (McKean, QL1)",McKean 2019-04,e1429n2235,10.5,62374,97.1574694584282
"PA Northcentral 2019 B19  (McKean, QL1)",McKean 2019-04,e1429n2235,12.5,31132,96.93241680585892
"PA Northcentral 2019 B19  (McKean, QL1)",McKean 2019-04,e1429n2235,13.5,62239,97.66063079419656
"PA Northcentral 2019 B19  (McKean, QL1)",McKean 2019-04,e1429n2235,15.5,31072,97.8211894953656
"PA Northcentral 2019 B19  (McKean, QL1)",McKean 2019-04,e1429n2235,16.5,62410,98.00833199807724
"PA Northcentral 2019 B19  (McKean, QL1)",McKean 2019-04,e1429n2235,18.5,31064,97.88823074942054
"PA Northcentral 2019 B19  (McKean, QL1)",McKean 2019-04,e1429n2235,19.5,59006,95.21574077212487
"PA Northcentral 2019 B19  (McKean, QL1)",McKean 2019-04,e1429n2235,21.5,22857,84.63927899549371
"PA Northcentral 2019 B19  (McKean, QL1)",McKean 2019-04,e1429n2235,22.5,38414,80.6945384495236
"PA Northcentral 2019 B19  (McKean, QL1)",McKean 2019-04,e1429n2235,24.5,15679,80.89163849735314
"PA Northcentral 2019 B19  (McKean, QL1)",McKean 2019-04,e1429n2235,25.5,52132,80.02954039745262
"PA Northcentral 2019 B19  (McKean, QL1)",McKean 2019-04,e1429n2235,27.5,34118,98.37915469839967
"PA Northcentral 2019 B19  (McKean, QL1)",McKean 2019-04,e1429n2235,28.5,57194,98.48760359478268
"PA Northcentral 2019 B19  (McKean, QL1)",McKean 2019-04,e1429n2237,0.5,33009,97.24317610348692
"PA Northcentral 2019 B19  (McKean, QL1)",McKean 2019-04,e1429n2237,1.5,131282,97.24943251930958
"PA Northcentral 2019 B19  (McKean, QL1)",McKean 2019-04,e1429n2237,3.5,65641,97.1237488764644
"PA Northcentral 2019 B19  (McKean, QL1)",McKean 2019-04,e1429n2237,4.5,131758,97.062796945916
"PA Northcentral 2019 B19  (McKean, QL1)",McKean 2019-04,e1429n2237,6.5,65518,96.7398272230532
"PA Northcentral 2019 B19  (McKean, QL1)",McKean 2019-04,e1429n2237,7.5,130984,96.90572894399315
"PA Northcentral 2019 B19  (McKean, QL1)",McKean 2019-04,e1429n2237,9.5,63198,97.33535871388337
"PA Northcentral 2019 B19  (McKean, QL1)",McKean 2019-04,e1429n2237,10.5,113161,97.4779296754182
"PA Northcentral 2019 B19  (McKean, QL1)",McKean 2019-04,e1429n2237,12.5,48465,97.42081914783864
"PA Northcentral 2019 B19  (McKean, QL1)",McKean 2019-04,e1429n2237,13.5,78664,97.47660937658904
"PA Northcentral 2019 B19  (McKean, QL1)",McKean 2019-04,e1429n2237,15.5,32108,96.61455089074374
"PA Northcentral 2019 B19  (McKean, QL1)",McKean 2019-04,e1429n2237,16.5,58294,95.982433869695
"PA Northcentral 2019 B19  (McKean, QL1)",McKean 2019-04,e1429n2237,18.5,20650,96.32929782082324
"PA Northcentral 2019 B19  (McKean, QL1)",McKean 2019-04,e1429n2237,19.5,27931,91.42887830725716
"PA Northcentral 2019 B19  (McKean, QL1)",McKean 2019-04,e1429n2237,21.5,2682,82.51304996271439
"PA Northcentral 2019 B19  (McKean, QL1)",McKean 2019-04,e1429n2237,24.5,1577,78.82054533925175
"PA Northcentral 2019 B19  (McKean, QL1)",McKean 2019-04,e1429n2237,25.5,15012,78.63709032773781
"PA Northcentral 2019 B19  (McKean, QL1)",McKean 2019-04,e1429n2237,27.5,15566,98.76011820634716
"PA Northcentral 2019 B19  (McKean, QL1)",McKean 2019-04,e1429n2237,28.5,54882,98.07587187055866
"PA Northcentral 2019 B19  (McKean, QL1)",McKean 2019-04,e1429n2238,0.5,32769,97.95233299765022
"PA Northcentral 2019 B19  (McKean, QL1)",McKean 2019-04,e1429n2238,1.5,131287,97.90535239589602
"PA Northcentral 2019 B19  (McKean, QL1)",McKean 2019-04,e1429n2238,3.5,62651,97.67441860465117
"PA Northcentral 2019 B19  (McKean, QL1)",McKean 2019-04,e1429n2238,4.5,107509,97.67182282413566
"PA Northcentral 2019 B19  (McKean, QL1)",McKean 2019-04,e1429n2238,6.5,44411,97.61545563036184
"PA Northcentral 2019 B19  (McKean, QL1)",McKean 2019-04,e1429n2238,7.5,74388,97.57891057697478
"PA Northcentral 2019 B19  (McKean, QL1)",McKean 2019-04,e1429n2238,9.5,32713,97.8357228013328
"PA Northcentral 2019 B19  (McKean, QL1)",McKean 2019-04,e1429n2238,10.5,64876,97.51680128244652
"PA Northcentral 2019 B19  (McKean, QL1)",McKean 2019-04,e1429n2238,12.5,32784,97.88311371400684
"PA Northcentral 2019 B19  (McKean, QL1)",McKean 2019-04,e1429n2238,13.5,66377,97.8998749566868
"PA Northcentral 2019 B19  (McKean, QL1)",McKean 2019-04,e1429n2238,15.5,32769,97.80890475754524
"PA Northcentral 2019 B19  (McKean, QL1)",McKean 2019-04,e1429n2238,16.5,65887,97.55642235949428
"PA Northcentral 2019 B19  (McKean, QL1)",McKean 2019-04,e1429n2238,18.5,33761,96.26492106276471
"PA Northcentral 2019 B19  (McKean, QL1)",McKean 2019-04,e1429n2238,19.5,85113,85.35828839307744
"PA Northcentral 2019 B19  (McKean, QL1)",McKean 2019-04,e1429n2238,21.5,50052,83.37329177655238
"PA Northcentral 2019 B19  (McKean, QL1)",McKean 2019-04,e1429n2238,22.5,103954,82.86068838139946
"PA Northcentral 2019 B19  (McKean, QL1)",McKean 2019-04,e1429n2238,24.5,50268,82.1516670645341
"PA Northcentral 2019 B19  (McKean, QL1)",McKean 2019-04,e1429n2238,25.5,75933,81.36383390620678
"PA Northcentral 2019 B19  (McKean, QL1)",McKean 2019-04,e1429n2238,27.5,34179,98.4083794142602
"PA Northcentral 2019 B19  (McKean, QL1)",McKean 2019-04,e1429n2238,28.5,63679,98.75940262881012
"PA Northcentral 2019 B19  (McKean, QL1)",McKean 2019-04,e1429n2238,30.5,61,96.72131147540983
"PA Northcentral 2019 B19  (McKean, QL1)",McKean 2019-04,e1429n2239,0.5,14635,97.53331055688416
"PA Northcentral 2019 B19  (McKean, QL1)",McKean 2019-04,e1429n2239,1.5,58938,97.1733007567274
"PA Northcentral 2019 B19  (McKean, QL1)",McKean 2019-04,e1429n2239,3.5,30368,97.28661749209697
"PA Northcentral 2019 B19  (McKean, QL1)",McKean 2019-04,e1429n2239,4.5,63940,97.48201438848922
"PA Northcentral 2019 B19  (McKean, QL1)",McKean 2019-04,e1429n2239,6.5,32231,97.40622382178648
"PA Northcentral 2019 B19  (McKean, QL1)",McKean 2019-04,e1429n2239,7.5,63764,97.5409321874412
"PA Northcentral 2019 B19  (McKean, QL1)",McKean 2019-04,e1429n2239,9.5,32208,97.61549925484351
"PA Northcentral 2019 B19  (McKean, QL1)",McKean 2019-04,e1429n2239,10.5,65172,97.61707481740623
"PA Northcentral 2019 B19  (McKean, QL1)",McKean 2019-04,e1429n2239,12.5,32756,97.69507876419588
"PA Northcentral 2019 B19  (McKean, QL1)",McKean 2019-04,e1429n2239,13.5,65255,98.04919163282509
"PA Northcentral 2019 B19  (McKean, QL1)",McKean 2019-04,e1429n2239,15.5,35118,98.08360384987756
"PA Northcentral 2019 B19  (McKean, QL1)",McKean 2019-04,e1429n2239,16.5,87732,97.76136415447044
"PA Northcentral 2019 B19  (McKean, QL1)",McKean 2019-04,e1429n2239,18.5,62699,96.86119395843636
"PA Northcentral 2019 B19  (McKean, QL1)",McKean 2019-04,e1429n2239,19.5,130945,91.35133071136735
"PA Northcentral 2019 B19  (McKean, QL1)",McKean 2019-04,e1429n2239,21.5,65753,84.37789910726507
"PA Northcentral 2019 B19  (McKean, QL1)",McKean 2019-04,e1429n2239,22.5,131639,83.81330760640844
"PA Northcentral 2019 B19  (McKean, QL1)",McKean 2019-04,e1429n2239,24.5,65682,83.02274595779666
"PA Northcentral 2019 B19  (McKean, QL1)",McKean 2019-04,e1429n2239,25.5,130797,82.73125530402073
"PA Northcentral 2019 B19  (McKean, QL1)",McKean 2019-04,e1429n2239,27.5,62319,98.7323288242751
"PA Northcentral 2019 B19  (McKean, QL1)",McKean 2019-04,e1429n2239,28.5,101311,98.43353633860094
"PA Northcentral 2019 B19  (McKean, QL1)",McKean 2019-04,e1429n2239,30.5,329,100.0
"PA Northcentral 2019 B19  (McKean, QL1)",McKean 2019-04,e1429n2240,3.5,380,97.89473684210527
"PA Northcentral 2019 B19  (McKean, QL1)",McKean 2019-04,e1429n2240,4.5,17344,97.3939114391144
"PA Northcentral 2019 B19  (McKean, QL1)",McKean 2019-04,e1429n2240,6.5,17346,96.80041508128674
"PA Northcentral 2019 B19  (McKean, QL1)",McKean 2019-04,e1429n2240,7.5,53122,96.540039908136
"PA Northcentral 2019 B19  (McKean, QL1)",McKean 2019-04,e1429n2240,9.5,32418,96.30452217903634
"PA Northcentral 2019 B19  (McKean, QL1)",McKean 2019-04,e1429n2240,10.5,72167,96.06191195421732
"PA Northcentral 2019 B19  (McKean, QL1)",McKean 2019-04,e1429n2240,12.5,40802,96.67663349835792
"PA Northcentral 2019 B19  (McKean, QL1)",McKean 2019-04,e1429n2240,13.5,104476,97.1189555495999
"PA Northcentral 2019 B19  (McKean, QL1)",McKean 2019-04,e1429n2240,15.5,60138,97.0251754298447
"PA Northcentral 2019 B19  (McKean, QL1)",McKean 2019-04,e1429n2240,16.5,120300,97.36907730673316
"PA Northcentral 2019 B19  (McKean, QL1)",McKean 2019-04,e1429n2240,18.5,65544,97.24459904796775
"PA Northcentral 2019 B19  (McKean, QL1)",McKean 2019-04,e1429n2240,19.5,137275,93.36368603168822
"PA Northcentral 2019 B19  (McKean, QL1)",McKean 2019-04,e1429n2240,21.5,69305,84.0704133900873
"PA Northcentral 2019 B19  (McKean, QL1)",McKean 2019-04,e1429n2240,22.5,139289,81.98493779121108
"PA Northcentral 2019 B19  (McKean, QL1)",McKean 2019-04,e1429n2240,24.5,69711,81.47064308358796
"PA Northcentral 2019 B19  (McKean, QL1)",McKean 2019-04,e1429n2240,25.5,138703,82.02922791864631
"PA Northcentral 2019 B19  (McKean, QL1)",McKean 2019-04,e1429n2240,27.5,67988,98.69829969994704
"PA Northcentral 2019 B19  (McKean, QL1)",McKean 2019-04,e1429n2240,28.5,118855,97.9041689453536
"PA Northcentral 2019 B19  (McKean, QL1)",McKean 2019-04,e1429n2240,30.5,1788,98.48993288590604
"PA Northcentral 2019 B19  (McKean, QL1)",McKean 2019-04,e1429n2242,0.5,14869,97.41744569238011
"PA Northcentral 2019 B19  (McKean, QL1)",McKean 2019-04,e1429n2242,1.5,59592,96.7126459927507
"PA Northcentral 2019 B19  (McKean, QL1)",McKean 2019-04,e1429n2242,3.5,32759,96.86193107237706
"PA Northcentral 2019 B19  (McKean, QL1)",McKean 2019-04,e1429n2242,4.5,67595,96.53524668984392
"PA Northcentral 2019 B19  (McKean, QL1)",McKean 2019-04,e1429n2242,6.5,34434,95.8064703490736
"PA Northcentral 2019 B19  (McKean, QL1)",McKean 2019-04,e1429n2242,7.5,62961,96.72336843442766
"PA Northcentral 2019 B19  (McKean, QL1)",McKean 2019-04,e1429n2242,9.5,29901,97.13053075147988
"PA Northcentral 2019 B19  (McKean, QL1)",McKean 2019-04,e1429n2242,10.5,57587,96.44016878809454
"PA Northcentral 2019 B19  (McKean, QL1)",McKean 2019-04,e1429n2242,12.5,26118,95.05704877862011
"PA Northcentral 2019 B19  (McKean, QL1)",McKean 2019-04,e1429n2242,13.5,54342,94.49965036251886
"PA Northcentral 2019 B19  (McKean, QL1)",McKean 2019-04,e1429n2242,15.5,33876,94.09021135907427
"PA Northcentral 2019 B19  (McKean, QL1)",McKean 2019-04,e1429n2242,16.5,80589,93.86516770278824
"PA Northcentral 2019 B19  (McKean, QL1)",McKean 2019-04,e1429n2242,18.5,50909,93.6278457640103
"PA Northcentral 2019 B19  (McKean, QL1)",McKean 2019-04,e1429n2242,19.5,112114,90.73086322849956
"PA Northcentral 2019 B19  (McKean, QL1)",McKean 2019-04,e1429n2242,21.5,56780,86.88974991194083
"PA Northcentral 2019 B19  (McKean, QL1)",McKean 2019-04,e1429n2242,22.5,115278,78.85979978833775
"PA Northcentral 2019 B19  (McKean, QL1)",McKean 2019-04,e1429n2242,24.5,56549,78.1587649648977
"PA Northcentral 2019 B19  (McKean, QL1)",McKean 2019-04,e1429n2242,25.5,111672,76.12024500322373
"PA Northcentral 2019 B19  (McKean, QL1)",McKean 2019-04,e1429n2242,27.5,54554,95.34039667118816
"PA Northcentral 2019 B19  (McKean, QL1)",McKean 2019-04,e1429n2242,28.5,95520,94.7675879396985
"PA Northcentral 2019 B19  (McKean, QL1)",McKean 2019-04,e1429n2241,3.5,81,97.53086419753086
"PA Northcentral 2019 B19  (McKean, QL1)",McKean 2019-04,e1429n2241,4.5,13232,97.73276904474002
"PA Northcentral 2019 B19  (McKean, QL1)",McKean 2019-04,e1429n2241,6.5,14613,97.56381304318072
"PA Northcentral 2019 B19  (McKean, QL1)",McKean 2019-04,e1429n2241,7.5,42759,97.54203793353446
"PA Northcentral 2019 B19  (McKean, QL1)",McKean 2019-04,e1429n2241,9.5,30715,96.87774702913886
"PA Northcentral 2019 B19  (McKean, QL1)",McKean 2019-04,e1429n2241,10.5,82072,96.75894336679988
"PA Northcentral 2019 B19  (McKean, QL1)",McKean 2019-04,e1429n2241,12.5,51579,96.39194245720158
"PA Northcentral 2019 B19  (McKean, QL1)",McKean 2019-04,e1429n2241,13.5,114731,96.20765094002492
"PA Northcentral 2019 B19  (McKean, QL1)",McKean 2019-04,e1429n2241,15.5,58195,96.00309304923104
"PA Northcentral 2019 B19  (McKean, QL1)",McKean 2019-04,e1429n2241,16.5,118803,96.68358543134433
"PA Northcentral 2019 B19  (McKean, QL1)",McKean 2019-04,e1429n2241,18.5,59479,96.61056843591857
"PA Northcentral 2019 B19  (McKean, QL1)",McKean 2019-04,e1429n2241,19.5,115471,92.85708099869233
"PA Northcentral 2019 B19  (McKean, QL1)",McKean 2019-04,e1429n2241,21.5,55825,84.14509628302731
"PA Northcentral 2019 B19  (McKean, QL1)",McKean 2019-04,e1429n2241,22.5,119297,81.65419080110983
"PA Northcentral 2019 B19  (McKean, QL1)",McKean 2019-04,e1429n2241,24.5,58672,81.79710935369512
"PA Northcentral 2019 B19  (McKean, QL1)",McKean 2019-04,e1429n2241,25.5,111884,81.57019770476565
"PA Northcentral 2019 B19  (McKean, QL1)",McKean 2019-04,e1429n2241,27.5,55296,96.62905092592592
"PA Northcentral 2019 B19  (McKean, QL1)",McKean 2019-04,e1429n2241,28.5,103883,96.9167236217668
"PA Northcentral 2019 B19  (McKean, QL1)",McKean 2019-04,e1429n2241,30.5,106,94.33962264150944
"PA Northcentral 2019 B19  (McKean, QL1)",McKean 2019-04,e1430n2235,4.5,5387,97.84666790421385
"PA Northcentral 2019 B19  (McKean, QL1)",McKean 2019-04,e1430n2235,6.5,10058,98.01153310797376
"PA Northcentral 2019 B19  (McKean, QL1)",McKean 2019-04,e1430n2235,7.5,45808,97.0005239259518
"PA Northcentral 2019 B19  (McKean, QL1)",McKean 2019-04,e1430n2235,9.5,40756,96.97467857493376
"PA Northcentral 2019 B19  (McKean, QL1)",McKean 2019-04,e1430n2235,10.5,106710,97.27673132789803
"PA Northcentral 2019 B19  (McKean, QL1)",McKean 2019-04,e1430n2235,12.5,60754,97.22158211804984
"PA Northcentral 2019 B19  (McKean, QL1)",McKean 2019-04,e1430n2235,13.5,136151,96.97321356435134
"PA Northcentral 2019 B19  (McKean, QL1)",McKean 2019-04,e1430n2235,15.5,70036,96.86018618995944
"PA Northcentral 2019 B19  (McKean, QL1)",McKean 2019-04,e1430n2235,16.5,140227,96.68394816975334
"PA Northcentral 2019 B19  (McKean, QL1)",McKean 2019-04,e1430n2235,18.5,70035,94.58842007567644
"PA Northcentral 2019 B19  (McKean, QL1)",McKean 2019-04,e1430n2235,19.5,137976,87.2767727720763
"PA Northcentral 2019 B19  (McKean, QL1)",McKean 2019-04,e1430n2235,21.5,70021,82.76517044886535
"PA Northcentral 2019 B19  (McKean, QL1)",McKean 2019-04,e1430n2235,22.5,140423,81.1847062090968
"PA Northcentral 2019 B19  (McKean, QL1)",McKean 2019-04,e1430n2235,24.5,69593,80.99665196212263
"PA Northcentral 2019 B19  (McKean, QL1)",McKean 2019-04,e1430n2235,25.5,137004,80.84654462643427
"PA Northcentral 2019 B19  (McKean, QL1)",McKean 2019-04,e1430n2235,27.5,69322,98.56034159429908
"PA Northcentral 2019 B19  (McKean, QL1)",McKean 2019-04,e1430n2235,28.5,131459,98.80799336675314
"PA Northcentral 2019 B19  (McKean, QL1)",McKean 2019-04,e1430n2236,1.5,13617,97.00374531835206
"PA Northcentral 2019 B19  (McKean, QL1)",McKean 2019-04,e1430n2236,3.5,17068,96.47879071947504
"PA Northcentral 2019 B19  (McKean, QL1)",McKean 2019-04,e1430n2236,4.5,52952,96.68190058921289
"PA Northcentral 2019 B19  (McKean, QL1)",McKean 2019-04,e1430n2236,6.5,35066,96.88302058974504
"PA Northcentral 2019 B19  (McKean, QL1)",McKean 2019-04,e1430n2236,7.5,76709,97.33799163070826
"PA Northcentral 2019 B19  (McKean, QL1)",McKean 2019-04,e1430n2236,9.5,38429,97.22605324104192
"PA Northcentral 2019 B19  (McKean, QL1)",McKean 2019-04,e1430n2236,10.5,81404,97.4202741880006
"PA Northcentral 2019 B19  (McKean, QL1)",McKean 2019-04,e1430n2236,12.5,48564,97.6875875133844
"PA Northcentral 2019 B19  (McKean, QL1)",McKean 2019-04,e1430n2236,13.5,111522,97.86051182726278
"PA Northcentral 2019 B19  (McKean, QL1)",McKean 2019-04,e1430n2236,15.5,62615,98.08033218877266
"PA Northcentral 2019 B19  (McKean, QL1)",McKean 2019-04,e1430n2236,16.5,135379,97.03277465485785
"PA Northcentral 2019 B19  (McKean, QL1)",McKean 2019-04,e1430n2236,18.5,68956,94.57770172283774
"PA Northcentral 2019 B19  (McKean, QL1)",McKean 2019-04,e1430n2236,19.5,135947,86.8684119546588
"PA Northcentral 2019 B19  (McKean, QL1)",McKean 2019-04,e1430n2236,21.5,67712,83.42834357277883
"PA Northcentral 2019 B19  (McKean, QL1)",McKean 2019-04,e1430n2236,22.5,134196,81.78261647142985
"PA Northcentral 2019 B19  (McKean, QL1)",McKean 2019-04,e1430n2236,24.5,66822,81.42228607344887
"PA Northcentral 2019 B19  (McKean, QL1)",McKean 2019-04,e1430n2236,25.5,133709,80.0043377783096
"PA Northcentral 2019 B19  (McKean, QL1)",McKean 2019-04,e1430n2236,27.5,67092,98.83294580575924
"PA Northcentral 2019 B19  (McKean, QL1)",McKean 2019-04,e1430n2236,28.5,126922,99.00490064764186
"PA Northcentral 2019 B19  (McKean, QL1)",McKean 2019-04,e1430n2237,0.5,33497,97.07137952652477
"PA Northcentral 2019 B19  (McKean, QL1)",McKean 2019-04,e1430n2237,1.5,120984,97.01282814256432
"PA Northcentral 2019 B19  (McKean, QL1)",McKean 2019-04,e1430n2237,3.5,50944,96.64926193467338
"PA Northcentral 2019 B19  (McKean, QL1)",McKean 2019-04,e1430n2237,4.5,85243,96.68711800382437
"PA Northcentral 2019 B19  (McKean, QL1)",McKean 2019-04,e1430n2237,6.5,37152,96.30437123169682
"PA Northcentral 2019 B19  (McKean, QL1)",McKean 2019-04,e1430n2237,7.5,72885,96.26534952322152
"PA Northcentral 2019 B19  (McKean, QL1)",McKean 2019-04,e1430n2237,9.5,37775,95.867637326274
"PA Northcentral 2019 B19  (McKean, QL1)",McKean 2019-04,e1430n2237,10.5,75897,95.91815223263109
"PA Northcentral 2019 B19  (McKean, QL1)",McKean 2019-04,e1430n2237,12.5,37731,95.83101428533568
"PA Northcentral 2019 B19  (McKean, QL1)",McKean 2019-04,e1430n2237,13.5,75360,95.6528662420382
"PA Northcentral 2019 B19  (McKean, QL1)",McKean 2019-04,e1430n2237,15.5,38013,96.56170257543472
"PA Northcentral 2019 B19  (McKean, QL1)",McKean 2019-04,e1430n2237,16.5,81704,96.59502594732204
"PA Northcentral 2019 B19  (McKean, QL1)",McKean 2019-04,e1430n2237,18.5,49670,95.7781356955909
"PA Northcentral 2019 B19  (McKean, QL1)",McKean 2019-04,e1430n2237,19.5,112414,87.8511573291583
"PA Northcentral 2019 B19  (McKean, QL1)",McKean 2019-04,e1430n2237,21.5,66538,82.44912681475247
"PA Northcentral 2019 B19  (McKean, QL1)",McKean 2019-04,e1430n2237,22.5,137554,80.99510010614014
"PA Northcentral 2019 B19  (McKean, QL1)",McKean 2019-04,e1430n2237,24.5,67173,81.01915948372114
"PA Northcentral 2019 B19  (McKean, QL1)",McKean 2019-04,e1430n2237,25.5,123458,80.352022550179
"PA Northcentral 2019 B19  (McKean, QL1)",McKean 2019-04,e1430n2237,27.5,55136,98.87188044109112
"PA Northcentral 2019 B19  (McKean, QL1)",McKean 2019-04,e1430n2237,28.5,77468,98.7659420664016
