x,y,kind
697765.7797451533,4646093.790383616,road
697761.7116874269,4646118.504386575,road
697754.8818037212,4646142.633137922,road
697742.7476042813,4646164.3624212565,road
697725.9270310514,4646182.903249228,road
697706.0151042507,4646197.166560466,road
697656.9249234486,4646238.2515555965,road
697678.2071014981,4646229.026638572,road
697696.6592645035,4646214.446007293,road
697707.6637474888,4646193.826446941,road
697719.8856432568,4646174.243441059,road
697719.3053500367,4646150.806011235,road
697714.4518711183,4646127.752184868,road
697712.2581449619,4646104.273676927,road
697754.1683088351,4646233.851007744,road
697729.9148493384,4646246.585634182,road
697703.8076103791,4646254.801061048,road
697676.1627440986,4646253.511679617,road
697648.9298952699,4646249.634777627,road
697656.9249234486,4646238.2515555965,road
697758.7882105464,4646242.720161107,road
697754.9333631098,4646267.078054793,road
697755.957754095,4646291.695927049,road
697761.0197699622,4646315.825265588,road
697761.2208987644,4646340.151208643,road
697755.6219387249,4646364.130939226,road
697752.1277405812,4646388.539785107,road
697754.7875945457,4646412.502234289,road
697760.2988516198,4646436.515245727,road
697597.9562210236,4647001.964700637,road
697575.9808371385,4646991.835478024,road
697553.2430337747,4646983.553884959,road
697530.8109637403,4646974.5087380195,road
697506.7093813892,4646973.009573649,road
697483.2017048427,4646977.70349615,road
697459.4885045295,4646982.3673631335,road
697423.9947193846,4646978.9641638845,road
697450.2109444262,4646979.097373053,road
697474.7092153941,4646988.593207353,road
697494.3805581584,4647005.797495011,road
697508.3879938055,4647027.934982871,road
697518.9167372175,4647052.047502564,road
697441.5123202665,4647058.1495712,road
697464.6925132105,4647055.829459912,road
697487.8981796048,4647053.832674927,road
697511.1557084532,4647052.4941633735,road
697534.4187709959,4647052.837351497,road
697552.527562931,4647064.592470899,road
697572.6182842015,4647076.1699444195,road
697587.1082147558,4647092.9261999475,road
697597.1349070001,4647113.937812284,road
697596.9756361956,4647133.7453131275,road
697576.3712072942,4647130.320718279,road
697554.2307015542,4647124.031475961,road
697532.3586339072,4647130.019155123,road
697597.9562210236,4647001.964700637,road
697613.1989415905,4647017.795740252,road
697628.4754763447,4647033.594059027,road
697643.7971471428,4647049.348701185,road
697657.4891881174,4647066.422632374,road
697668.9375341923,4647085.12392306,road
697678.2636237846,4647105.023330048,road
697686.0758734242,4647125.562787381,road
697695.0247779457,4647145.6299531525,road
697704.277346189,4647165.562602747,road
697713.7362001052,4647185.399246318,road
697724.0587172887,4647204.798621597,road
697731.7140549188,4647225.301813863,road
697738.1292376559,4647246.321037827,road
697730.9710399733,4647247.359179538,road
697712.9364326217,4647234.913740943,road
697693.3216623758,4647225.049204316,road
697671.9574846029,4647221.40846858,road
697519.314397447,4647126.354209246,road
697534.7206122485,4647148.011014759,road
697545.7547724426,4647172.203411058,road
697547.7627359935,4647190.109439222,road
697526.4118575448,4647174.299967907,road
697506.9789579322,4647156.279629946,road
697683.4102495542,4647198.773740194,road
697698.4198453211,4647171.098647265,road
697720.3051387517,4647149.919979544,road
697746.0698449056,4647166.230960061,road
697658.0678253964,4647160.514853377,road
697678.5286543174,4647191.274323027,road
697693.0611715936,4647224.929489511,road
697454.3349758838,4647167.3634092165,road
697470.5121571503,4647182.19085487,road
697483.8247813147,4647199.728025402,road
697495.316356687,4647218.481482611,road
697506.5404208053,4647237.385004426,road
697522.6367934019,4647251.626556296,road
697543.9136672462,4647248.17424565,road
697564.4392865347,4647240.285310797,road
697585.0024214119,4647232.460623643,road
697606.7166612705,4647229.337207364,road
697628.6458412288,4647227.435865635,road
697650.6370714487,4647226.391981728,road
697671.9574846029,4647221.40846858,road
697483.2805307943,4647199.011058768,road
697506.2293092172,4647198.394380245,road
697529.1591053992,4647198.996043703,road
697552.0816229455,4647200.252208232,road
697575.0213679931,4647200.928531367,road
697597.9194260009,4647202.175897944,road
697620.744749045,4647204.623745031,road
697643.63728958,4647205.943479763,road
697666.4963609849,4647207.712497295,road
697675.632665556,4647221.640589579,road
697720.330311226,4647149.918091593,road
697740.9585763583,4647140.181744864,road
697763.0466891048,4647144.075034968,road
697778.7500321801,4647161.213078371,road
697788.9198028614,4647181.898746652,road
697795.5013068987,4647204.302538926,road
697802.0643080648,4647226.671112299,road
697809.1491695744,4647248.790611403,road
697818.4741974181,4647270.210013625,road
697826.7148249589,4647292.052153122,road
697838.9062425955,4647311.911865531,road
697481.5518444461,4647196.69352657,road
697488.7891005033,4647221.690567321,road
697493.9622500822,4647247.119328356,road
697495.6054347331,4647272.977748466,road
697496.5758996869,4647298.673580752,road
697489.8893580106,4647323.797545141,road
697483.4128989093,4647348.863073364,road
697483.4128989093,4647348.863073364,road
697501.857085745,4647335.207863108,road
697520.5358987822,4647321.95241321,road
697542.1581478496,4647318.419301266,road
697564.6852474128,4647322.757527843,road
697587.369476683,4647326.135860638,road
697603.7390140097,4647316.398791231,road
697603.9855823455,4647293.511745456,road
697597.5896739824,4647272.003476097,road
697589.6442459197,4647251.06773624,road
697572.3347549092,4647237.157693425,road
697740.8534233851,4647255.246780445,road
697755.5868066828,4647271.859946869,road
697772.7138698297,4647285.769078422,road
697791.7897980245,4647297.12843455,road
697810.705243342,4647308.718492009,road
697832.2004404179,4647311.72499617,road
697854.3683823444,4647311.722165204,road
697876.1605966949,4647307.643716845,road
697898.3126473438,4647306.138374781,road
697920.234290559,4647309.1781149795,road
697941.7113833313,4647314.47960926,road
697961.1417672032,4647324.9904169645,road
697980.0141401086,4647336.684499327,road
697998.5539280355,4647348.89870133,road
698018.1261899075,4647359.284814311,road
697780.1792127233,4647443.932785868,road
697799.8988263974,4647430.904964628,road
697818.9950165704,4647416.9134631995,road
697835.7149265214,4647400.387205248,road
697850.1268686386,4647381.723618796,road
697855.0448638751,4647358.586124627,road
697856.7869781718,4647334.966940686,road
697857.6044346725,4647311.332285747,road
697593.5731502871,4647441.457538602,road
697614.0018227764,4647433.131457068,road
697635.4735368858,4647427.833734926,road
697656.1275894052,4647420.127132172,road
697676.697072852,4647412.015594726,road
697683.2770097228,4647401.404716316,road
697665.9492005995,4647387.829410044,road
697656.0572809634,4647368.115383426,road
697648.6739887209,4647347.327383841,road
697641.2463353223,4647326.584786408,road
697621.8264656621,4647320.078274336,road
697600.0450509748,4647324.0294495085,road
697689.6236552908,4647406.034132128,road
697713.185828115,4647411.988262236,road
697735.240676302,4647421.769391957,road
697757.0064659228,4647432.548269752,road
697778.8412343548,4647443.1876297,road
697762.9770404166,4647458.853226834,road
697744.2291313984,4647471.875689756,road
697720.5678378849,4647469.212651291,road
697792.9742473557,4648457.141870382,road
697816.3318494925,4648458.248170369,road
697839.473245568,4648455.439965394,road
697860.826521637,4648447.43825691,road
697881.0654669453,4648435.966625955,road
697899.2279730595,4648421.415932169,road
697918.9881583443,4648409.0456888825,road
697937.7987632537,4648398.289656102,road
697792.0134272177,4648560.360999577,road
697810.7279892035,4648541.1450374555,road
697829.063873792,4648522.335835745,road
697845.8490566334,4648501.511861324,road
697853.9729346612,4648476.53045495,road
697876.0190086107,4648489.370531235,road
697875.1711279772,4648519.396686535,road
697860.0854770303,4648544.098378685,road
697837.4193408334,4648562.003221508,road
697793.9302806556,4648560.240605106,road
697769.5720865703,4648561.780758603,road
697745.4530494815,4648565.404759418,road
697721.106647835,4648565.510678995,road
697696.9579509919,4648562.230760375,road
697673.8429158735,4648565.699951415,road
697837.1745198993,4648590.363390606,road
697876.9546087072,4648567.714983048,road
697859.8527811592,4648601.815929931,road
697876.6509945903,4648567.768120518,road
697841.0113682699,4648562.209234841,road
697817.3561474299,4648587.134807632,road
697792.6858179925,4648611.804686665,road
697836.4466387705,4648591.2839904735,road
697837.1745198993,4648590.363390606,road
699875.4999655217,4646144.14465645,road
699887.5496462065,4646126.035355982,road
699900.3272598248,4646108.553964337,road
699908.1471723499,4646088.282315511,road
699918.5082265795,4646069.159465112,road
699930.5781770851,4646051.15912651,road
699944.0275330605,4646034.070740705,road
699954.1737905918,4646015.00993496,road
699960.1154821726,4645994.140265663,road
699967.0092170057,4645973.565262642,road
699974.193999774,4645953.111078807,road
699982.5665800626,4645933.329687395,road
700000.0484638123,4645933.347143774,road
700002.6652109904,4645954.813933296,road
699998.5413811015,4645976.058514534,road
699992.8246496329,4645996.929243548,road
699987.8934939902,4646018.076011643,road
699985.7173937877,4646039.629984193,road
699984.842416736,4646061.361323236,road
699985.8330618328,4646083.022213146,road
699988.2870938859,4646104.581671879,road
699996.7466253678,4646124.154856024,road
699997.4443358927,4646171.52517294,road
699976.5826712338,4646191.994065253,road
699906.1869128598,4646216.034326545,road
699926.5763342704,4646190.520158661,road
699956.8374591623,4646179.101534224,road
699968.1937422352,4646203.2092336025,road
699839.515949772,4646375.80461495,road
699851.590389147,4646356.208235866,road
699863.9280936426,4646336.782784128,road
699877.3713146988,4646318.123006286,road
699891.8528225108,4646300.268874133,road
699904.667485037,4646281.497764865,road
699919.4268395117,4646263.925688226,road
699934.051507825,4646246.212087648,road
699948.4522421592,4646228.3133016685,road
699962.3442167618,4646210.024253774,road
699976.5826712338,4646191.994065253,road
699906.1869128598,4646216.034326545,road
699889.1296079629,4646231.677591475,road
699872.6427274133,4646247.895951194,road
699856.8608948204,4646264.8251315635,road
699842.4640870062,4646282.934451958,road
699827.8930366482,4646300.89166589,road
699811.9158027322,4646317.636557182,road
699796.9174482105,4646335.232551605,road
699782.3319311487,4646353.187623565,road
699766.3657196952,4646369.943025077,road
699750.0814027184,4646386.349892567,road
699731.2889439968,4646399.600076865,road
699711.5503828955,4646411.117749652,road
699993.8672626019,4646211.971852102,road
699982.3977824925,4646231.166922402,road
699970.9043145166,4646250.347597055,road
699959.3614547773,4646269.498630626,road
699947.2835617027,4646288.284910861,road
699932.8207009955,4646305.245736601,road
699917.3102683957,4646321.2227105005,road
699904.0888956237,4646339.254221922,road
699892.9360840191,4646358.341692134,road
699893.7120543551,4646380.496884811,road
699895.5359767643,4646402.75011863,road
699899.7147459673,4646424.303824641,road
699713.5004628729,4646421.241392647,road
699735.0601844062,4646422.589556702,road
699756.6415324124,4646423.355377538,road
699778.241863011,4646423.610047797,road
699799.4544367767,4646427.675262513,road
699820.9550307048,4646428.859914767,road
699842.5557939651,4646429.071681884,road
699864.1561426223,4646429.324815838,road
699885.3948001079,4646426.953752349,road
699905.9460324303,4646420.343401784,road
699926.1582234686,4646412.720641632,road
699945.9476068756,4646404.087461475,road
699965.5651332292,4646395.043579638,road
699985.2073191581,4646386.0535042975,road
700001.674769355,4646372.448659951,road
700016.5847248093,4646356.819099953,road
700033.3710715738,4646343.256345296,road
700051.5796454588,4646331.730241935,road
700070.6007633745,4646321.49519625,road
700090.5414731671,4646313.960548784,road
700111.901981465,4646310.7406382,road
700133.4569384746,4646310.120027594,road
700155.0587694887,4646310.12600689,road
699901.8424587827,4646421.891002686,road
699925.1539498928,4646422.768011429,road
699948.4748907139,4646422.854919517,road
699971.7937877731,4646422.925604664,road
699995.0970849396,4646423.818281705,road
700018.4000363022,4646424.219736451,road
700041.6797404495,4646425.719782094,road
700064.9082054821,4646427.798756703,road
700088.0894884412,4646430.410821496,road
699839.515949772,4646375.80461495,road
699828.1741102797,4646394.312200765,road
699812.8828015655,4646410.317223198,road
699804.7341443346,4646430.70420888,road
699814.0336333944,4646449.392943034,road
699830.1112663234,4646464.705921648,road
699849.702992452,4646474.624744985,road
699871.9328423169,4646475.7708062045,road
699894.1882032987,4646476.397250667,road
699916.4055187664,4646477.827980034,road
699938.6272704613,4646479.199736598,road
699960.8654587197,4646478.439268651,road
699983.0287349381,4646476.519908896,road
700005.2322061352,4646475.169875972,road
700027.4608601402,4646476.340245316,road
699991.106168807,4646475.694757666,road
699993.1800519169,4646423.942045293,road
700261.9126209846,4646166.459879899,road
700238.6719767039,4646168.431045329,road
700217.983052998,4646179.495304313,road
700208.3569434469,4646199.973197704,road
700217.0307297907,4646220.823469542,road
700227.4389193942,4646241.880720444,road
700234.9790622769,4646264.211823268,road
700136.5971922664,4646258.71725704,road
700114.2863477715,4646246.618096628,road
700090.2940027752,4646238.576840486,road
700065.6786195876,4646232.406250828,road
700040.890381647,4646227.125477739,road
700015.7527425828,4646224.053189562,road
699992.5623661953,4646214.1556879515,road
700136.5971922664,4646258.71725704,road
700150.7601755938,4646241.045794965,road
700165.4358710172,4646223.796086809,road
700181.9265368624,4646208.518163233,road
700203.6719772066,4646205.603513012,road
700209.8168304983,4646225.136521508,road
700200.2280452033,4646245.18578225,road
700183.4083994869,4646260.230722352,road
700165.530730827,4646274.129904986,road
700147.7285905672,4646288.124122484,road
700129.4992522362,4646301.513872902,road
700232.7306493223,4646264.692689946,road
700199.7523792448,4646267.608345147,road
700167.0720232896,4646272.982316022,road
700232.7306493223,4646264.692689946,road
700247.4568436942,4646304.823124861,road
700155.0587694887,4646310.12600689,road
700180.9141030663,4646314.575778074,road
700206.8612146355,4646311.20795771,road
700232.5968978541,4646305.605712529,road
700259.0401266741,4646304.349273387,road
700158.3608648231,4646279.468303003,road
700177.8446390585,4646292.592387609,road
700196.1149906613,4646307.295655767,road
700214.1674080128,4646322.309071335,road
700231.6892748083,4646337.954852365,road
700248.7589110538,4646354.089389435,road
700263.2918992589,4646372.360899713,road
700275.6239718939,4646392.338717359,road
700286.4464200685,4646413.158206371,road
700100.9041067741,4646312.3984516375,road
700096.3119788001,4646338.929052068,road
700093.1307567591,4646365.645364609,road
700091.2792893846,4646392.516195744,road
700088.4935517798,4646419.27947772,road
700082.4815970929,4646520.886945858,road
700084.4528836774,4646495.512957172,road
700086.2575263301,4646470.127031976,road
700087.5703178657,4646444.713174105,road
700088.4935517798,4646419.27947772,road
700082.5123300499,4646520.491356811,road
700057.2636665091,4646521.809221744,road
699878.9013600235,4646427.527782226,road
699873.9166601893,4646448.398830484,road
699898.0813856224,4646456.136232908,road
699920.7853006216,4646467.4384709,road
699943.239924711,4646479.257761781,road
699841.7701327739,4646472.213858581,road
699854.854790484,4646489.202805823,road
699869.5424506317,4646504.749200096,road
699886.0527528132,4646518.103487247,road
699905.6662245351,4646526.490137225,road
699926.4370062232,4646525.57252909,road
699947.4356176382,4646522.735005665,road
699968.8210071251,4646524.295934917,road
699990.1378380174,4646525.3277742965,road
700011.3893183739,4646523.232623058,road
700032.7568970971,4646521.531142527,road
700054.1413867647,4646521.619080677,road
700049.5831114252,4646505.862520799,road
700039.7367273977,4646487.259845821,road
700026.0555739003,4646476.241721384,road
699611.2437168651,4646797.142227158,road
699627.5109437132,4646783.870036087,road
699646.6705523008,4646777.987488906,road
699667.6250765149,4646776.690708228,road
699688.5549719377,4646777.209857543,road
699709.4666195587,4646779.074453728,road
699730.2705053263,4646778.582176682,road
699751.0098272142,4646775.5274579,road
699771.967724338,4646774.478881204,road
699792.9056435259,4646776.020719473,road
699813.4478495298,4646780.265708146,road
699834.2050515065,4646783.326022096,road
699855.1913526087,4646783.916692234,road
699876.1361201509,4646782.7174156625,road
699897.1128392627,4646782.895377172,road
699918.065341439,4646784.160283599,road
699939.0234726837,4646784.352593691,road
699959.9885577533,4646784.43565604,road
699980.9436646426,4646785.722986774,road
700001.8948074726,4646787.062956387,road
700022.7934819496,4646789.05424417,road
700043.682554395,4646790.287094676,road
700060.1911324316,4646779.233092216,road
699541.8510197478,4646759.143991523,road
699559.4753013854,4646771.146339831,road
699577.4315869543,4646782.63864008,road
699596.2162518029,4646792.42396463,road
699616.7620230634,4646797.915797355,road
699637.8424579885,4646801.06812708,road
699658.5924072686,4646805.9784501875,road
699679.2793397078,4646811.123513978,road
699699.6987202774,4646817.265221012,road
699720.093509919,4646823.467064517,road
699738.9656892578,4646833.39241162,road
699758.5473269456,4646841.624061726,road
699778.8592798834,4646848.112222944,road
699799.2344742205,4646854.377726987,road
699819.9243463269,4646859.535329178,road
699840.6142184332,4646864.69293137,road
699860.7602058991,4646871.603535138,road
699880.7359622393,4646879.062813038,road
699900.7117185795,4646886.522090937,road
700074.9889754133,4646844.5913678445,road
700053.5391535045,4646843.987094052,road
700032.0893315958,4646843.382820261,road
700010.6395096871,4646842.778546468,road
699989.1896877784,4646842.174272677,road
699967.7540130077,4646841.243606418,road
699946.3323504403,4646839.989660814,road
699924.9106878729,4646838.73571521,road
699903.4890253054,4646837.481769606,road
699882.067362738,4646836.227824002,road
699860.6355384034,4646835.191774121,road
699839.1901499563,4646834.446575434,road
699817.7447615091,4646833.701376746,road
699796.299373062,4646832.95617806,road
699774.8632328715,4646831.999957061,road
699753.4348745822,4646830.866172357,road
699732.0065162929,4646829.732387653,road
700031.6438875595,4646895.653361777,road
700004.7005376895,4646892.1343872845,road
699977.6654105086,4646890.176338288,road
699950.5010116508,4646890.756462217,road
699923.3449173887,4646891.691249963,road
699610.3152247361,4646906.623043828,road
699618.3163233665,4646887.1745904405,road
699637.3587556756,4646878.750359456,road
699658.2775151703,4646877.516810442,road
699679.2470367374,4646878.646332345,road
699700.133846217,4646881.077884391,road
699721.0312602215,4646883.273334667,road
699742.0600777826,4646883.4941296615,road
699763.0702215375,4646882.823588247,road
699784.0725547634,4646881.793773292,road
699805.0989609199,4646882.181281475,road
699826.1253670763,4646882.568789659,road
699847.1500944699,4646883.028383622,road
699868.1717447657,4646883.620107622,road
699889.1254811044,4646885.129275928,road
699909.9729741118,4646887.796692979,road
699930.164012146,4646893.677330831,road
699950.2854862799,4646899.786931935,road
699970.3353214106,4646906.132326303,road
699988.9606045937,4646915.875535021,road
700006.8814994129,4646926.820115485,road
700024.2699635258,4646938.6481007,road
699673.5358753912,4646978.032069989,road
699675.8508166721,4646947.4186599925,road
699675.527679414,4646916.658153671,road
699674.894718865,4646885.886935104,road
699648.7825681798,4646962.431002741,road
699675.299592404,4646929.926187882,road
699766.5306367355,4647031.280066891,road
699767.7954536979,4647006.377276286,road
699769.0602706602,4646981.4744856795,road
699771.7343677188,4646956.692546528,road
699774.4059024816,4646931.910661972,road
699775.628588699,4646907.005767267,road
699776.8512749164,4646882.100872561,road
700127.4756159434,4646774.245878241,road
700150.2822972826,4646777.358275096,road
700172.6504008305,4646783.938991971,road
700194.4332566739,4646791.9586935025,road
700215.3600003596,4646802.244306435,road
700236.325364517,4646812.448629607,road
700258.6361733122,4646818.967562817,road
700281.773545516,4646821.562179786,road
700090.1740716528,4646881.617569822,road
700111.6900987485,4646872.649737635,road
700131.6243751199,4646860.652622485,road
700152.0066997906,4646849.345398217,road
700172.9108534218,4646839.034738672,road
700163.3908705576,4646819.641622419,road
700150.0284944274,4646800.544521907,road
700135.3753792912,4646782.421481767,road
700117.9135372313,4646767.355896328,road
700096.5411634328,4646758.052255333,road
700078.0429589222,4646764.312989542,road
700060.1911324316,4646779.233092216,road
700413.9472974768,4646956.825770658,road
700420.5795732759,4646937.035312225,road
700406.6258643344,4646919.098064816,road
700390.736657315,4646902.8072604695,road
700374.2000398629,4646887.268390239,road
700354.2245812021,4646876.770626661,road
700333.1203112538,4646868.760846017,road
700317.7103700074,4646852.132233897,road
700304.6491690343,4646834.269965753,road
700297.015762649,4646812.991024747,road
700091.5644020513,4646883.307801546,road
700112.9089713485,4646907.724463542,road
700132.9302330303,4646933.778587582,road
700302.6569804985,4646939.729216796,road
700328.4746488959,4646943.056771311,road
700354.0705485506,4646947.4213653365,road
700379.2322846671,4646954.544509498,road
700403.3592781242,4646963.99824803,road
700159.9607487568,4646971.090318778,road
700127.8495715528,4646957.912596336,road
700095.7114708436,4646947.540491231,road
700041.9143872734,4646954.004655649,road
700062.1475317498,4646949.190373989,road
700082.730663435,4646947.4507517535,road
700103.2072781028,4646945.323113441,road
700122.3771202925,4646937.501518385,road
700142.0792458209,4646930.961663377,road
700162.0432193895,4646925.237136804,road
700182.4640919196,4646921.3676537685,road
700203.003401546,4646923.620463909,road
700223.2424207262,4646928.352314957,road
700243.2462793643,4646933.982906363,road
700258.7235058083,4646947.418118464,road
700271.9190727448,4646963.476342972,road
700285.6834111114,4646978.966239057,road
700299.1880322569,4646994.772371693,road
700298.3384283492,4647005.141074372,road
700277.699244148,4647007.690051901,road
700257.1591184353,4647010.955121428,road
700236.6500098226,4647014.409635665,road
700215.9197434274,4647015.1883102795,road
700195.287840721,4647016.643525076,road
700174.9341711705,4647012.6937848,road
700154.7043902978,4647008.37767777,road
700133.9280448805,4647007.505148386,road
700113.13828671,4647006.919146239,road
700094.1074806111,4646999.0960418675,road
700078.013026372,4646985.950508318,road
700066.3374264507,4646969.571468898,road
700061.4815693492,4646949.348820546,road
700306.9318206096,4647004.128614008,road
700335.3715244957,4646996.501000056,road
700363.0259838474,4646986.300470472,road
700389.3948836823,4646973.114860376,road
700413.9472974768,4646956.825770658,road
700306.9318206096,4647004.128614008,road
700284.938090243,4647017.977634183,road
700261.7094237313,4647029.28671936,road
700237.3043300302,4647038.1863538,road
700214.6186851154,4647050.870243189,road
700191.9400206298,4647063.566122147,road
700169.7099667955,4647077.032533761,road
700491.102278877,4647034.459233721,road
700464.2624506726,4647039.257307884,road
700437.0182370744,4647040.87114373,road
700409.6756270714,4647040.2177329445,road
700427.4570693901,4647058.65389902,road
699577.9948803267,4646910.7454819465,road
699580.2344358694,4646886.293639135,road
699581.1589411368,4646861.41771453,road
699583.5709801936,4646836.621549686,road
699584.2718911571,4646811.68609425,road
699587.1812388564,4646786.962300533,road
699588.8551317004,4646762.102834594,road
699592.5653587193,4646737.532326214,road
699478.6292881807,4647024.1321319295,road
699492.9781245738,4647009.187042175,road
699511.9068950542,4647000.507806149,road
699526.1859964818,4646986.018283691,road
699535.2906192363,4646967.371336073,road
699541.3227538973,4646947.602754047,road
699540.1693516675,4646926.841101495,road
699534.1655803698,4646906.989520493,road
699533.2739125107,4646886.273196904,road
699536.0171075226,4646865.635016516,road
699538.894338339,4646845.010689299,road
699541.2197680556,4646824.322824366,road
699539.5484451279,4646803.565945747,road
699538.2712681823,4646782.782420078,road
699541.2569820621,4646762.288341102,road
699529.3887716312,4646762.057093909,road
699516.7818125344,4646778.629126476,road
699504.5011762183,4646795.438172539,road
699491.280899966,4646811.512974944,road
699479.9774889995,4646828.956353204,road
699473.4718856924,4646848.487285049,road
699474.5039218882,4646869.21391379,road
699477.2741528442,4646889.819546285,road
699482.5491322306,4646909.93991979,road
699484.42290339,4646930.603477024,road
699483.771384567,4646951.417339076,road
699532.5611977906,4646898.032311229,road
699528.1085937091,4646925.291553295,road
699528.1072641064,4646952.956463147,road
699529.270899547,4646980.592555181,road
699533.4012512616,4646884.385780331,road
699550.845325226,4646896.24376622,road
699569.6631820236,4646905.873918896,road
699581.6837302231,4646920.177127328,road
699582.2157301293,4646941.309295961,road
699581.3970539315,4646962.427188484,road
699581.6460699233,4646983.557125658,road
699580.1756333355,4647004.606191393,road
699574.3667441834,4647024.81868721,road
699574.0259645887,4647031.912545651,road
699586.3529394096,4647014.739972554,road
699601.9577831134,4647000.836646296,road
699620.6347788902,4646992.069081075,road
699624.1006368004,4646972.446298531,road
699624.4540789282,4646951.34490933,road
699626.1941273203,4646930.278921693,road
699620.8042107401,4646911.811974054,road
699601.6350735207,4646906.919323118,road
699581.4956091412,4646912.704557539,road
699420.1085842366,4647061.12590759,road
699424.2839419405,4647035.441607187,road
699431.323616905,4647010.4491340555,road
699443.1405862754,4646987.407792738,road
699460.9927902705,4646968.419315531,road
699519.5768783584,4647076.618973162,road
699521.9607940982,4647045.592271476,road
699526.2117834355,4647014.731426617,road
699527.5436687695,4646983.61649976,road
699487.1047756376,4647084.512071715,road
699502.7053473748,4647064.765244866,road
699512.6481146686,4647041.681487477,road
699518.4281909792,4647017.206177555,road
699521.5385020965,4646992.1957251355,road
699626.4051727226,4646922.772652756,road
699636.0765356829,4646942.625200236,road
699647.2386093459,4646961.234883953,road
699665.4041544042,4646973.765841365,road
699675.1572083781,4646990.81415986,road
699675.897337105,4647012.882533684,road
699676.9067098335,4647034.9122980535,road
699679.4852888952,4647056.832426649,road
699681.3375860334,4647078.835574728,road
699684.5358863687,4647100.650194879,road
699677.249976329,4647120.930964804,road
699669.2432334145,4647141.511325809,road
699650.2943930222,4647150.300538821,road
699630.8744856579,4647160.249269089,road
699613.8289186845,4647174.161458849,road
699597.3798419284,4647188.8953335965,road
699479.2921344138,4647017.75743136,road
699476.7743982956,4647041.970953156,road
699474.7911980577,4647066.2274156995,road
699474.4183269981,4647090.567712045,road
699471.7821824538,4647114.672384388,road
699463.226488046,4647137.400810181,road
699442.2028146128,4647146.933355197,road
699419.8845844751,4647156.621245374,road
699487.1047756376,4647084.512071715,road
699469.2741509635,4647123.665746985,road
699673.5358753912,4646978.032069989,road
699707.6621746386,4646974.54979071,road
699740.9471001109,4646978.416157048,road
700029.6297570848,4646996.31068607,road
700007.859642703,4646996.074642657,road
699986.0895283212,4646995.838599244,road
699964.3731118006,4646994.404430403,road
699942.6691645297,4646992.692043313,road
699920.9652172587,4646990.979656222,road
699899.2800835816,4646989.052844801,road
699877.6095567303,4646986.959554884,road
699855.9390298789,4646984.866264967,road
699834.2661107364,4646982.797994744,road
699812.5915600816,4646980.746787637,road
699790.9087243114,4646978.786064255,road
699769.2219073961,4646976.87720024,road
699747.4826908591,4646978.060441993,road
699726.5247693537,4646982.646011531,road
699706.447223996,4646991.065380219,road
699706.447223996,4646991.065380219,road
699713.218913404,4647018.299665508,road
699742.1844584112,4647032.711132474,road
699766.5306367355,4647031.280066891,road
699675.191336591,4646933.775581932,road
699693.3999001931,4646923.925924951,road
699713.3937663677,4646925.40137251,road
699733.686546414,4646929.488955496,road
699753.941899035,4646933.765428492,road
699774.4651695903,4646936.475876064,road
699795.0640584517,4646938.248488557,road
699815.7577377086,4646938.830871505,road
699836.4514169655,4646939.413254453,road
699857.143177323,4646940.05413532,road
699877.830537082,4646940.829169053,road
699898.517896841,4646941.6042027855,road
699919.2097942614,4646941.8430516925,road
699939.9073080462,4646941.41825267,road
699960.6059251283,4646941.125470242,road
699981.3076477455,4646941.204285024,road
700001.9995395951,4646941.097310716,road
700022.5773450657,4646938.834247947,road
700038.6012887965,4646951.121150949,road
700029.4081553876,4646964.4736731965,road
700013.4019706744,4646977.573567487,road
699995.4941621997,4646987.959997418,road
699977.9795939095,4646998.927903494,road
699961.6720457936,4647011.680605385,road
699945.5171303194,4647024.62054084,road
699929.7396760285,4647038.023505705,road
699913.0416016593,4647050.0389318345,road
699894.4752098399,4647059.142309607,road
699874.452771855,4647064.402490995,road
699854.0090215069,4647067.328662271,road
699833.4366046852,4647069.5634027235,road
699813.1928775241,4647073.894573663,road
699793.17019853,4647078.9920893,road
699773.7296149756,4647086.107652676,road
699754.0062828743,4647092.368842291,road
699737.3228250141,4647104.038831912,road
699720.2976905092,4647115.694088859,road
699704.8066655742,4647129.134283391,road
699688.1939610282,4647139.949256003,road
699668.028839087,4647144.632779055,road
699764.230520467,4647040.020932237,road
699789.6288381977,4647038.083239435,road
699814.9609477015,4647040.601242892,road
699840.3574011066,4647041.101456731,road
699865.8212301189,4647040.820272029,road
699890.9712903795,4647044.372495552,road
699916.1051078845,4647048.492783245,road
700061.7268328181,4647052.800421754,road
700038.0140214685,4647050.832727621,road
700014.3275396877,4647048.604614906,road
699990.655925082,4647046.395327524,road
699966.9042068876,4647046.868403982,road
699943.1272276503,4647047.077840206,road
699919.3338842978,4647046.863237286,road
699775.9864524052,4647085.281597832,road
699797.2613598076,4647091.399241156,road
699818.5037911996,4647103.610633689,road
699841.657793195,4647112.702451176,road
699865.1649089038,4647120.3645658465,road
699887.1478599302,4647131.6862093145,road
699908.6861888606,4647143.50780699,road
699929.1558600139,4647156.721740381,road
699949.8296415152,4647169.945951747,road
699944.1311163688,4647116.816599674,road
699961.0796895932,4647141.7347432645,road
699772.8853652888,4647151.948186281,road
699802.65815621,4647157.983530838,road
699832.8224366347,4647158.805457159,road
699947.2594984046,4647103.770529184,road
699942.4808686655,4647128.953188375,road
699949.8103448624,4647153.734799767,road
699964.6581804387,4647174.719796679,road
699982.4715316267,4647193.515334921,road
700002.3633465067,4647209.491163444,road
699263.8139156268,4647293.139136901,road
699274.7201016883,4647275.141769952,road
699286.0535578406,4647257.4399842,road
699295.0423858342,4647238.416609741,road
699303.3268554268,4647219.075703993,road
699309.9512284659,4647199.113215462,road
699316.1902578066,4647179.031149874,road
699317.7424374819,4647158.116666533,road
699321.264044066,4647137.919300749,road
699332.9161183583,4647120.553883072,road
699346.8669655134,4647104.848661311,road
699354.6850341058,4647086.068371265,road
699356.4890597455,4647065.164550744,road
699357.1958974277,4647044.131670928,road
699358.824842186,4647023.157070749,road
699363.7073254602,4647002.710022524,road
699375.2160813612,4646985.358303763,road
699385.2152835743,4646966.840427377,road
699395.7508915575,4646948.62216984,road
699405.9909561252,4646930.281160398,road
699416.4597209891,4646928.855545727,road
699431.6943216785,4646943.266018828,road
699447.7054031282,4646956.915427137,road
699464.2572983403,4646967.298386939,road
699479.9077178559,4646954.077261948,road
699485.6391669125,4646967.648343553,road
699485.6601269839,4646988.687981374,road
699483.1788752117,4647009.389298594,road
699469.574795931,4647024.173302676,road
699452.0122191317,4647035.7689846065,road
699435.529121755,4647048.789944533,road
699419.6402282644,4647062.329880195,road
699415.0629796702,4647082.645817488,road
699413.9350814992,4647103.65980473,road
699412.7734592566,4647124.673002231,road
699414.2228150996,4647145.641832976,road
699481.5562565696,4647099.215557918,road
699506.0299221221,4647082.429201454,road
699518.4833751603,4647091.227014536,road
699518.396257978,4647120.79746895,road
699516.2745478116,4647150.2727721725,road
699624.5807299949,4646987.662437216,road
699622.4405458868,4647009.629699281,road
699620.3003617786,4647031.596961347,road
699621.7801569446,4647053.611325598,road
699621.5035521577,4647075.594909,road
699617.4530369006,4647097.096631381,road
699608.0883273648,4647117.013465023,road
699595.6450639437,4647135.228010703,road
699581.2716613292,4647151.977526754,road
699568.0497567133,4647169.647658227,road
699549.1632137811,4647180.909952408,road
699532.5331575099,4647194.545056106,road
699527.5271060499,4647215.0356203355,road
699514.4708870328,4647231.293205817,road
699500.1812224754,4647247.754887317,road
699495.3839975612,4647269.298508735,road
699622.3800194794,4647010.250916513,road
699606.4249871402,4647024.512047442,road
699590.3178327086,4647038.119160969,road
699580.9884680419,4647057.350364165,road
699569.6721398863,4647075.5090518715,road
699558.7304704747,4647093.897384982,road
699548.6340026504,4647112.743243902,road
699538.3649706614,4647131.242025069,road
699522.2887338238,4647145.309334108,road
699505.8424758718,4647158.999809317,road
699489.263732079,4647172.527522463,road
699474.0691283372,4647187.4929803265,road
699462.0097643177,4647204.97738353,road
699453.562462618,4647223.94339765,road
699438.2160565321,4647238.850185878,road
699424.8286132065,4647255.545073523,road
699511.4132103862,4647207.185380991,road
699515.2413401849,4647177.074591375,road
699536.7335282527,4647156.085207048,road
699551.8607533947,4647179.486790704,road
699461.403171982,4647141.321771659,road
699452.907945763,4647160.852817804,road
699445.9200277167,4647180.89631669,road
699439.1451098153,4647201.004097188,road
699430.4793314661,4647220.460070044,road
699423.682908794,4647240.498667105,road
699426.7796108519,4647261.257373756,road
699438.0245586934,4647279.039594571,road
699459.1782889112,4647280.050183369,road
699479.464809322,4647273.598993045,road
699499.8273432811,4647267.462270391,road
699518.6910134049,4647257.700344984,road
699537.473750874,4647247.658626857,road
699555.3735892172,4647236.145358278,road
699570.1417558817,4647221.053584258,road
699581.6726708094,4647203.146792321,road
699597.3798419284,4647188.8953335965,road
699365.176819247,4647308.105411346,road
699361.3989625697,4647283.268757986,road
699360.0027428837,4647258.285595927,road
699362.20782063,4647233.390386255,road
699367.5029755996,4647208.873695064,road
699372.2076800348,4647184.206635883,road
699380.0039956993,4647160.478406695,road
699601.4874321504,4647240.480240713,road
699575.5782552838,4647256.570723087,road
699545.2488277401,4647264.2499364335,road
699508.1750491124,4647264.012532626,road
699535.6480831704,4647263.739338828,road
699563.096109052,4647265.465710133,road
699590.5642033254,4647266.833803527,road
699617.4756738999,4647271.776211289,road
699483.7531678219,4647282.84485526,road
699505.5111910779,4647288.209442464,road
699527.8528702644,4647290.354752709,road
699550.0950222128,4647287.39437805,road
699572.0840700935,4647282.8826893475,road
699593.5187306316,4647276.166589472,road
699615.55709387,4647272.156282727,road
699637.8482337326,4647269.975743538,road
699660.2742759957,4647271.054649036,road
699682.7094202876,4647272.146492775,road
699705.1384177912,4647271.9241375225,road
699726.9564901753,4647276.998148368,road
700405.0517010348,4647061.920178523,road
700435.1963734285,4647058.8723824555,road
700465.4409343593,4647062.585358826,road
700495.2865116012,4647068.36653028,road
700383.3844562043,4647080.282499587,road
700416.6702424646,4647079.922448079,road
700269.476041999,4647026.511826269,road
700290.7580808684,4647029.84429455,road
700313.1941509703,4647032.978609578,road
700335.609193451,4647036.308022384,road
700357.2515650997,4647043.000067927,road
700377.421231461,4647053.218764465,road
700398.521115662,4647061.216012232,road
700392.7798454019,4647071.6807542695,road
700377.0128453193,4647087.923798494,road
700372.4562442182,4647110.003971097,road
700366.5206394307,4647130.678158917,road
700348.5414718315,4647144.492970173,road
700340.9999871799,4647154.202135471,road
700362.2269530154,4647160.8921726905,road
700376.6887104444,4647178.219531226,road
699882.4944565322,4647062.289811175,road
699897.3901747897,4647077.81830987,road
699917.1094817092,4647086.532892439,road
699936.1623854337,4647096.595406365,road
699954.097862262,4647108.5245191725,road
699970.6346671334,4647122.3291851645,road
699988.8338319706,4647133.5316825975,road
700009.958195568,4647137.818375452,road
700031.0300210039,4647142.25971165,road
700052.0603578375,4647145.971284639,road
700073.2818634801,4647148.077604035,road
700093.8797542928,4647154.383616066,road
700114.7436216453,4647159.289223015,road
700135.9957234097,4647156.925966059,road
700156.3017511741,4647149.800266609,road
700177.8250059789,4647148.602396713,road
700199.344146837,4647147.657290871,road
700220.720167988,4647144.85359073,road
700242.2408062515,4647145.457648947,road
700263.786918608,4647146.088526201,road
700285.3162459688,4647145.759563575,road
700306.7089456022,4647143.086098198,road
700372.338874985,4647121.037517926,road
700398.053329069,4647118.644298758,road
700423.9806788326,4647117.31105912,road
700448.9303072274,4647122.791241666,road
700474.6117506364,4647120.285833885,road
700473.0607788715,4647120.242039248,road
700503.207792992,4647121.093358272,road
700334.7445034671,4647153.765701678,road
700310.7332716801,4647147.858795362,road
700289.7681933839,4647137.788063071,road
700264.7643644504,4647135.416668261,road
700242.4185308076,4647145.465740782,road
700300.3104026578,4647198.279447491,road
700278.1380739252,4647192.786999057,road
700255.5427872884,4647189.774900434,road
700232.5208815107,4647189.349484585,road
700209.683508279,4647187.20517374,road
700189.0760982608,4647177.343521159,road
700169.401086614,4647165.63865852,road
700152.1334263578,4647151.270596205,road
700407.2893696685,4647196.85524202,road
700428.1658164081,4647178.978790921,road
700455.717098818,4647175.6343576955,road
700482.8635713588,4647169.561333016,road
700510.7175950763,4647171.209420871,road
700074.7024765022,4647262.065639522,road
700054.9285077911,4647245.789378336,road
700051.4618520226,4647220.617094534,road
700051.5823885294,4647195.188292356,road
700057.2292323218,4647170.273985635,road
700064.247112503,4647145.605484709,road
699761.1052619036,4647166.3117529405,road
699735.7357519887,4647173.016548894,road
699761.1052619036,4647166.3117529405,road
699786.9665942005,4647168.930279614,road
699812.5892141657,4647167.221655955,road
699834.9825877203,4647162.189133255,road
699844.3047843779,4647186.34462744,road
699738.0618834028,4647185.264722732,road
699763.631256702,4647180.918529085,road
699789.2486109659,4647187.412743877,road
699815.606947513,4647188.815665647,road
699841.7988338558,4647185.157085771,road
699738.0618834028,4647185.264722732,road
699736.7994345024,4647186.329903044,road
699698.5751587035,4647135.839794818,road
699720.2321126423,4647137.445525807,road
699741.8128702736,4647135.929141658,road
699763.6488895807,4647137.362807998,road
699785.3681917423,4647140.045495082,road
699807.1260557565,4647142.298669004,road
699828.9803648464,4647142.057278821,road
699850.7326000619,4647140.260469382,road
699871.9872884102,4647144.912190646,road
699892.7586961612,4647151.718662707,road
699912.5433889049,4647160.945849522,road
699929.0755630449,4647175.167512362,road
699941.0213656708,4647193.390903857,road
699950.0010443082,4647213.278463119,road
699961.0378141371,4647232.033636675,road
699972.7521421546,4647250.208471015,road
699644.9418385611,4647227.903900971,road
699654.078311341,4647204.127625253,road
699672.0330010826,4647186.855211791,road
699695.8236434875,4647178.019727682,road
699720.5373002288,4647172.086534708,road
699745.359975485,4647174.846806982,road
699767.5707294613,4647179.370460457,road
699736.7994345024,4647186.329903044,road
699707.953126572,4647192.490091267,road
699681.172198371,4647204.974356333,road
699655.7385625088,4647220.097649622,road
699841.7988338558,4647185.157085771,road
699866.3358773445,4647199.386672631,road
699887.2372314188,4647218.662885535,road
699905.211648671,4647240.706581898,road
699920.4920848734,4647264.696773575,road
699560.8991408299,4647231.85253746,road
699583.1040679283,4647238.561853606,road
699606.084694738,4647240.665551104,road
699628.8498370488,4647238.176552495,road
699650.3706648763,4647230.731738315,road
699673.5103853034,4647231.561056174,road
699696.6042613565,4647233.739725366,road
699719.6561252463,4647236.321463897,road
699742.7371749711,4647235.167781425,road
699765.8917269777,4647235.824614069,road
699787.3547336094,4647243.888010155,road
699885.3658033871,4647271.576932886,road
699860.6255666915,4647264.996357804,road
699836.2495786329,4647257.593646617,road
699812.5552381126,4647248.441257568,road
699787.3547336094,4647243.888010155,road
699911.0814542454,4647248.746803513,road
699932.8662664641,4647251.059550999,road
699954.7727527674,4647249.723441169,road
699976.7108955486,4647250.319987398,road
699998.0453882986,4647255.015123526,road
700018.7965625235,4647262.12247827,road
700040.5900919993,4647263.876275387,road
700062.4820865699,4647262.659871268,road
700084.4079276288,4647261.7978599025,road
700104.942107892,4647267.607112015,road
700126.4661299661,4647269.545977847,road
700146.7503108785,4647261.165563993,road
699723.0058219976,4647275.835928641,road
699755.9586937433,4647261.215492792,road
699787.3547336094,4647243.888010155,road
699925.0309073472,4647278.5833374355,road
699920.4920848734,4647264.696773575,road
699920.4920848734,4647264.696773575,road
699945.9235428141,4647276.624607753,road
699974.4169221277,4647280.894317389,road
700003.1918954329,4647282.160740104,road
699879.0891429248,4647287.77486762,road
699855.8869654496,4647264.249128242,road
699925.0309073472,4647278.5833374355,road
699933.1441068529,4647289.54364268,road
700003.1918954329,4647282.160740104,road
700033.8377865308,4647283.258564812,road
700064.3710173491,4647286.152791723,road
699609.49556364,4647334.232899188,road
699632.5724746659,4647325.8897378445,road
699654.9999009685,4647316.05038041,road
699677.2361272812,4647306.005358092,road
699701.1081336732,4647300.3236959465,road
699721.7806910862,4647287.617733778,road
699726.9564901753,4647276.998148368,road
699866.8318452926,4647303.719838317,road
699889.9715913106,4647333.217175242,road
699956.7516412149,4647326.531631264,road
699980.0093662267,4647331.82305022,road
699998.8556629166,4647346.992670768,road
700022.5414704877,4647348.631076875,road
700046.9331266921,4647347.81104105,road
700071.1747932559,4647345.208591989,road
700095.3193888268,4647341.718069791,road
700119.402187558,4647344.758586191,road
700143.2029628144,4647350.173944712,road
698296.3899810952,4646125.185663648,road
698296.6837589086,4646102.303394344,road
698293.8453330057,4646079.318805101,road
698293.6469770852,4646056.135533622,road
698293.9704528331,4646032.946259658,road
698306.2403308186,4646022.786279031,road
698320.2335799631,4646040.608411566,road
698325.1569620557,4646063.228962843,road
698325.0136303881,4646086.020854127,road
698313.8383032577,4646106.197069229,road
698296.9019085608,4646121.501598152,road
698132.0216753241,4646162.511032964,road
698146.8786844166,4646140.926577985,road
698158.0280686356,4646116.907728656,road
698161.9882429283,4646090.448691979,road
698166.0098267745,4646064.073989021,road
698161.6975862817,4646037.802170535,road
698396.9322134908,4645995.1959943725,road
698404.522598473,4646016.8183822455,road
698415.1294769881,4646037.152862127,road
698426.4560598456,4646057.008306328,road
698431.5878409509,4646079.283538734,road
698437.3023349871,4646101.469413352,road
698440.7425935064,4646124.145828153,road
698448.0720841403,4646145.635872956,road
698455.9415984642,4646167.062752852,road
698456.0970428487,4646190.00338693,road
698456.2692419877,4646212.922294607,road
698437.7049268391,4646212.901154929,road
698429.846267691,4646191.827705869,road
698415.8769260256,4646174.202191291,road
698406.1447813353,4646154.029907985,road
698400.9751915933,4646132.244065116,road
698397.3874417362,4646110.07559379,road
698398.4144709898,4646087.593797613,road
698397.9770034134,4646065.141100647,road
698393.5284010604,4646043.1459227195,road
698392.9700834089,4646020.6624465175,road
698390.7506737385,4645998.288834295,road
698241.3463146804,4646030.037610377,road
698233.4872666316,4646050.933013768,road
698225.6282185827,4646071.82841716,road
698217.7840197235,4646092.72936592,road
698210.022816203,4646113.66130895,road
698202.342569834,4646134.622877851,road
698193.5888455089,4646155.084358181,road
698181.8507080835,4646174.025792315,road
698167.9015982213,4646191.298296565,road
698161.486206721,4646212.582387437,road
698241.6234846124,4646235.643663693,road
698236.9320946282,4646214.003236247,road
698235.2222489954,4646191.939799368,road
698233.8890427292,4646169.853425791,road
698232.778072147,4646147.755797306,road
698238.1477392198,4646126.398177157,road
698247.4445982539,4646106.301436507,road
698251.0667175942,4646084.725254393,road
698250.1853840216,4646062.5909871105,road
698246.8010195127,4646040.848078598,road
698244.6571459798,4646020.605615752,road
698011.1194809958,4646086.364142102,road
698010.982510213,4646110.660927481,road
698007.1531754343,4646134.387551461,road
697997.9003894958,4646156.69584394,road
697980.1700621097,4646172.843247266,road
697960.956239141,4646187.370336596,road
698405.6774994022,4646256.681694271,road
698399.1046623446,4646234.241200577,road
698392.1316526193,4646211.905526633,road
698380.1088748376,4646192.055533592,road
698370.8514495868,4646170.672771823,road
698365.0883429007,4646147.997678446,road
698355.3151974982,4646126.912821586,road
698353.6026577641,4646104.509325738,road
698357.2347870558,4646087.570773648,road
698372.9689686556,4646104.923100574,road
698385.9450419047,4646124.288424456,road
698401.9168820987,4646140.077511814,road
698173.7044067481,4646182.445222372,road
698148.1928516073,4646174.213343682,road
698126.3435388035,4646166.194265647,road
698105.1276084777,4646181.9810898695,road
698088.7049774971,4646203.683108001,road
698085.8125019821,4646230.608540813,road
698204.0985816596,4646129.760217102,road
698204.0537969338,4646152.187522813,road
698206.004010403,4646174.495892086,road
698205.7072106003,4646196.819134746,road
698198.8523992199,4646218.038068427,road
698188.9768104396,4646238.136051226,road
698175.1167226083,4646255.3362960555,road
698164.4816860697,4646274.605532141,road
698142.5696720567,4646269.82539731,road
698120.5309036297,4646265.740092169,road
698552.3731686976,4645972.871463199,road
698565.3152370666,4646001.7130531855,road
698576.3296863369,4646031.6401400715,road
698586.241623791,4646062.259602078,road
698435.848484744,4645997.7983531775,road
698435.0410959247,4646032.666735608,road
698452.7795900444,4646061.52240217,road
698472.5675280513,4646103.940995605,road
698503.7345061783,4646111.292186474,road
698498.8830861226,4646016.035874679,road
698493.7840653743,4646039.9107664395,road
698494.1249484934,4646064.533904692,road
698500.2224781301,4646088.319113844,road
698504.1340231278,4646112.601430955,road
698511.5206767716,4646136.010703374,road
698512.8983261676,4646160.568759828,road
698511.1364128683,4646185.059144334,road
698504.5166228595,4646208.511796775,road
698507.915367354,4646240.489896663,road
698505.5004251841,4646218.2852695,road
698503.350293716,4646196.0538477115,road
698498.3447143898,4646174.427548881,road
698488.3141603213,4646154.82257211,road
698483.660250811,4646132.978450676,road
698476.3606540095,4646111.96408885,road
698466.7071561671,4646091.828030273,road
698456.4532983447,4646071.986075214,road
698450.3048179628,4646050.604679866,road
698445.9814717496,4646028.698759181,road
698438.1663091597,4646007.848939756,road
698434.1692911655,4645985.895490843,road
698450.6934044545,4646150.721617724,road
698453.2662817354,4646120.822901948,road
698468.4994612671,4646095.161124267,road
698595.1531924504,4646273.951415995,road
698591.8528022585,4646252.571438604,road
698590.1466763257,4646231.038367591,road
698586.73577682,4646209.8295146795,road
698580.8517362862,4646189.011876109,road
698575.3812843213,4646168.082365597,road
698571.8600454144,4646146.7839616835,road
698571.526338941,4646125.165923306,road
698564.7785084158,4646104.945087545,road
698551.3800621665,4646088.066443092,road
698538.6038936883,4646070.648579043,road
698532.8290752403,4646050.0992526775,road
698519.5060861354,4646033.337881006,road
698503.139118445,4646019.236083272,road
698491.8470305463,4646001.407025799,road
698483.8717405781,4645981.297556423,road
698563.7633978901,4646270.352401214,road
698564.1356709051,4646236.611455381,road
698553.4836643005,4646202.033265889,road
698704.7738388153,4646146.396740668,road
698717.0862473828,4646166.79532959,road
698732.5362340847,4646184.706470676,road
698740.4697724676,4646206.854114025,road
698749.5191720969,4646228.800548953,road
698758.50890495,4646250.849474807,road
698768.3070815912,4646272.5309745995,road
698779.5602002519,4646293.508056539,road
698786.0407042566,4646316.39793318,road
698790.3785751066,4646339.8258749945,road
698630.4532618311,4646181.326966823,road
698641.5149228951,4646206.611107677,road
698647.8789864626,4646233.473884201,road
698651.3186211054,4646260.841538188,road
698652.9919376549,4646288.4100195635,road
698651.4779641331,4646315.801575893,road
698352.9176937084,4646123.498718896,road
698348.9222318913,4646146.398613648,road
698348.251842653,4646169.396910732,road
698347.4598741478,4646192.098260008,road
698354.3689905225,4646214.155123086,road
698352.2995665882,4646237.264199172,road
698351.3353348842,4646260.40501518,road
698353.5022810159,4646283.572273648,road
698369.1811570198,4646298.758511492,road
698389.7316349632,4646291.901216814,road
698400.9484642276,4646271.824684115,road
698403.74028363,4646248.828144067,road
698216.2612950173,4646349.700723646,road
698223.358204291,4646329.093304351,road
698224.2684593769,4646307.048116272,road
698225.9498230485,4646285.055575187,road
698231.6523613537,4646263.767013236,road
698238.8708466303,4646242.924523461,road
698246.4607789457,4646222.207228508,road
698253.9445833312,4646201.450459801,road
698262.346364141,4646181.072366946,road
698271.060359032,4646160.850584441,road
698282.7218192667,4646142.294773913,road
698296.3899810952,4646125.185663648,road
698250.7139898902,4646314.075145987,road
698255.5778420417,4646291.691135104,road
698258.1702094044,4646268.844234263,road
698263.7007545336,4646246.577475376,road
698265.08972876,4646223.784167875,road
698272.6351660321,4646202.028379462,road
698283.0903778141,4646181.6444644835,road
698292.1396639397,4646160.987646744,road
698405.6774994022,4646256.681694271,road
698407.8193987235,4646260.007053666,road
698437.5926053359,4646212.400402378,road
698442.4588199252,4646234.095097395,road
698447.7692919113,4646255.683625743,road
698453.3756592167,4646277.1983923605,road
698457.9975770484,4646298.921834176,road
698460.5860930172,4646321.003100253,road
698459.2552990232,4646342.976375174,road
698446.7026014789,4646359.481943193,road
698425.9173191059,4646352.640108097,road
698405.3565973566,4646344.295869093,road
698383.980854186,4646344.567296711,road
698361.9153489727,4646346.89367823,road
698256.8868914181,4646346.681978204,road
698272.4116292759,4646326.08641614,road
698280.11457557,4646301.562918267,road
698274.9487020338,4646276.470744282,road
698269.4422769524,4646251.258365241,road
698264.3926536264,4646226.2851969,road
698085.8125019821,4646230.608540813,road
698084.0367083248,4646257.010349982,road
698082.6248097273,4646283.433592654,road
698081.7495453965,4646309.876045198,road
698079.9932668429,4646336.25938889,road
698078.8783640363,4646362.668250966,road
698407.8193987235,4646260.007053666,road
698414.307063235,4646284.562000405,road
698425.9201643148,4646306.465506283,road
698431.2206324004,4646330.917610821,road
698434.0596518898,4646356.17926337,road
698270.8062306449,4646328.603176499,road
698255.2459462321,4646297.763875933,road
698026.8708141388,4646399.043258436,road
698040.4146718296,4646379.819560393,road
698053.7825176637,4646360.476545294,road
698066.624421907,4646340.776998522,road
698079.9149645829,4646321.387351757,road
698093.7935848046,4646302.4039235,road
698107.69408043,4646283.436520099,road
698121.490809561,4646264.394164388,road
698135.9741015233,4646245.886291385,road
698438.2015638399,4646215.115266732,road
698459.4308324759,4646223.692120756,road
698480.6601011119,4646232.268974779,road
698501.6133927633,4646241.496011926,road
698522.3232146112,4646251.198035044,road
698541.7360421676,4646263.338315025,road
698562.5999543417,4646272.413579246,road
698584.153509571,4646280.061796423,road
698604.3814486302,4646290.7890865365,road
698623.8952952801,4646302.583445031,road
698641.5261200881,4646317.191603311,road
698659.1569448959,4646331.799761592,road
698478.9462796894,4646237.503186368,road
698478.8367558138,4646262.990444299,road
698482.9711254818,4646288.7577856295,road
698486.2725767193,4646314.458713662,road
698495.2015383332,4646339.188663196,road
698662.8896933479,4646332.720565887,road
698695.7169757639,4646318.205039028,road
698716.5505354143,4646288.23242085,road
698619.262042389,4646345.378695523,road
698659.1569448959,4646331.799761592,road
698729.0120675087,4646470.906460002,road
698726.2975164313,4646432.606897544,road
698725.879930139,4646394.078886991,road
698624.5386454575,4646385.528962149,road
698627.5224209189,4646411.04772835,road
698631.6003578575,4646435.967500374,road
698641.6909234168,4646459.642313347,road
698643.6932626442,4646485.228435397,road
698644.1895328437,4646510.985004872,road
698678.7478292855,4646386.773278699,road
698679.0050400161,4646412.619658835,road
698683.2968870526,4646438.116970346,road
698690.8186387514,4646462.843104511,road
698693.9887352523,4646488.196556823,road
698695.5177421162,4646513.509554228,road
698453.9853714812,4646410.966683552,road
698478.9347797384,4646420.134020449,road
698497.3783470885,4646438.850048923,road
698509.9688747912,4646462.321363937,road
698526.7245027645,4646483.424789536,road
698539.2004481582,4646507.0892416835,road
698729.0120675087,4646470.906460002,road
698720.012492724,4646493.280902726,road
698716.7700661324,4646516.525332068,road
698720.7737521557,4646540.420071205,road
698726.2274587026,4646563.9438436525,road
698736.3565703023,4646585.949785724,road
698347.7543566243,4646561.260250122,road
698366.6667986488,4646548.50094984,road
698388.0196284624,4646541.1406701505,road
698410.4720266344,4646537.971311717,road
698432.7235189457,4646542.725615116,road
698454.5971835544,4646549.007412988,road
698477.2444220503,4646551.221260458,road
698499.9555118186,4646549.189914081,road
698522.7425702997,4646548.612970137,road
698541.4805185831,4646560.583363874,road
698558.4730908296,4646575.803068452,road
698241.672853353,4646235.509261638,road
698244.8652587748,4646258.562420163,road
698245.2689676711,4646281.971366295,road
698248.6129499485,4646304.855940997,road
698252.4209641233,4646327.998801065,road
698252.6974270823,4646351.047749705,road
698243.0511206863,4646372.384238694,road
698233.1357321371,4646393.683995147,road
698224.1464532589,4646415.386520326,road
698218.1717806861,4646438.124122277,road
698111.3149702584,4646320.478842187,road
698109.2464156522,4646352.894354835,road
698106.7790806318,4646385.693616951,road
698103.6005221271,4646418.469166084,road
697995.6050826398,4646478.448509392,road
697996.3983890865,4646454.87970919,road
697998.1026187235,4646431.292768986,road
697999.5196352961,4646407.680754372,road
698003.4969574456,4646384.435157407,road
698009.4560125029,4646361.543430327,road
698015.7885409811,4646338.753139572,road
698021.5505471709,4646315.828619099,road
698024.2557458204,4646292.561228661,road
698021.3524684269,4646269.085443558,road
698241.4660612979,4646375.096851018,road
698256.00602498,4646407.341534074,road
698317.3710975772,4646414.225417682,road
698339.7903344412,4646402.5033856975,road
698361.8734371656,4646390.582375379,road
698386.105428298,4646384.75777766,road
698411.1962088895,4646386.450243491,road
698432.2074674539,4646399.330304507,road
698453.9853714812,4646410.966683552,road
698065.6708343702,4646413.731635667,road
698091.4139498877,4646415.81392307,road
698116.2990832655,4646422.300043806,road
698141.869858082,4646425.739023278,road
698166.9036268524,4646431.998804334,road
698192.4615085723,4646435.6918753935,road
698218.1717806861,4646438.124122277,road
698216.6012408397,4646348.822910177,road
698208.3123440201,4646370.226693315,road
698204.6323028493,4646392.852394499,road
698199.8959860556,4646415.307386493,road
698195.221759987,4646437.774899972,road
698191.9585703542,4646460.488961231,road
698190.9038573169,4646483.400296682,road
698191.0196406684,4646506.348025667,road
698188.6056693796,4646529.138024341,road
698185.2176312517,4646551.837413905,road
698180.2429686021,4646574.217059971,road
698103.6005221271,4646418.469166084,road
698103.0309412527,4646443.538278316,road
698107.2476145907,4646468.158959856,road
698116.9669795186,4646491.235854041,road
698124.3561808367,4646515.303331352,road
698131.0083843924,4646539.613198282,road
698440.3594037695,4646469.637393584,road
698417.4196110975,4646468.523013712,road
698394.6868216032,4646465.36782809,road
698371.7759785105,4646463.969417575,road
698348.8094198757,4646463.879881872,road
698325.9736222753,4646465.500562472,road
698304.2584789556,4646472.464045803,road
698286.6757785777,4646487.23807095,road
698269.2800455899,4646502.022788268,road
698255.6899329982,4646520.537235871,road
698032.8039792714,4646426.69341052,road
698042.524617525,4646446.2833501715,road
698052.355027633,4646465.817676433,road
698062.4005797784,4646485.243005921,road
698071.2070746075,4646505.249057577,road
698080.0343157145,4646525.255998799,road
698088.5733416665,4646545.3861543,road
698096.929550706,4646565.595782864,road
698102.4827480413,4646586.655487198,road
698102.9544971267,4646608.38824425,road
698105.0050008254,4646629.35692029,road
698121.7140985023,4646635.937963577,road
698136.9997705332,4646621.068676464,road
698147.0815020845,4646601.670207251,road
698162.1487327431,4646586.291537324,road
698180.2429686021,4646574.217059971,road
699251.8834165246,4646031.376038799,road
699232.937552114,4646045.126561827,road
699211.407844176,4646053.643642665,road
699187.8361043062,4646054.2401458165,road
699166.1488182985,4646061.229209849,road
699152.6937252623,4646080.626940293,road
699137.558827112,4646098.618790958,road
699124.0113818636,4646117.750259345,road
699111.0075771167,4646137.454405365,road
699098.4085007294,4646157.421278608,road
699315.9075536135,4646124.607754053,road
699306.3691563683,4646147.271101627,road
699293.3098133099,4646168.077959542,road
699275.8438311917,4646185.367434308,road
699256.1662526124,4646200.1552724475,road
699234.0995342167,4646211.074572826,road
699211.8110208607,4646221.4430427,road
699190.067945465,4646232.991966425,road
699168.6836182224,4646245.112193971,road
699142.1860379882,4646190.215583017,road
699126.3674207097,4646206.405943194,road
699110.3731882075,4646222.386647028,road
699091.1983309773,4646233.482596574,road
699069.5401614138,4646240.0660819085,road
699047.2012416137,4646239.851732178,road
699025.2897380395,4646234.475085044,road
699004.9747275914,4646224.87324243,road
698991.1487184807,4646207.290631769,road
698976.3444506705,4646191.065557289,road
698964.7317231423,4646171.635375211,road
699098.4085007294,4646157.421278608,road
699099.084246742,4646180.438849238,road
699097.3913757537,4646203.136037962,road
699096.0044548019,4646226.05844192,road
699090.6749989789,4646248.2645274615,road
699085.586510112,4646270.545116771,road
699078.7651919276,4646292.307511159,road
699060.0619877201,4646296.749680404,road
699043.2251289111,4646281.044091659,road
699025.885463277,4646265.872442287,road
699078.4942852783,4646292.750037622,road
699109.4520348958,4646288.896676152,road
699123.0991425819,4646287.646550449,road
699099.4465806955,4646304.334103632,road
699073.1160411481,4646317.398168729,road
699044.0775325277,4646322.215820278,road
699014.665295267,4646321.888494905,road
698871.8535463612,4646840.100949358,road
698860.1156075274,4646845.759005701,road
698721.5079751671,4646971.360741959,road
698742.8820205813,4646967.409058541,road
698761.4523560988,4646953.330708936,road
698779.6000124103,4646938.837702305,road
698795.1429370914,4646921.465766958,road
698808.8657557351,4646902.680248334,road
698822.4025556123,4646883.707770516,road
698837.2376792494,4646865.756507514,road
698854.9046140827,4646850.642971014,road
698864.3334910889,4646830.150599579,road
698871.5342942752,4646807.980913524,road
699223.7898726844,4647186.399673915,road
699235.1494448209,4647162.359633367,road
699249.0215178246,4647139.843387484,road
699255.2713945775,4647114.001096875,road
699262.4604437499,4647088.42213753,road
699265.7017597994,4647062.091008525,road
699185.5547733584,4647138.610893009,road
699226.7340654397,4647180.168918321,road
698325.9095371396,4646554.9847081825,road
698348.7109797787,4646561.535088435,road
698370.9207259178,4646569.721272667,road
698392.7633999822,4646578.878253902,road
698415.8825236037,4646582.910354481,road
698437.8722199249,4646574.080577851,road
698461.454544076,4646572.588483046,road
698484.8807221347,4646575.717188324,road
698508.4278030811,4646578.448090401,road
698530.8848498055,4646585.804413868,road
698554.2131814575,4646590.10668502,road
698594.0339871226,4646521.01147012,road
698596.8826439984,4646547.126446876,road
698592.4134774541,4646573.317240367,road
698582.1729248031,4646597.918819443,road
698578.6523855752,4646624.261730746,road
698578.6523855752,4646624.261730746,road
698597.9021282449,4646634.068754089,road
698621.954945466,4646631.109321926,road
698643.577946243,4646623.176168948,road
698639.6456469236,4646599.560103986,road
698633.3644644328,4646576.135823541,road
698632.2035947769,4646551.904578531,road
698638.8027782915,4646528.573191487,road
698459.6434555091,4646611.95436911,road
698489.1072373051,4646617.433054613,road
698518.9991079747,4646619.935648894,road
698548.9445506453,4646621.674095205,road
698578.6523855752,4646624.261730746,road
698250.8417945234,4646599.590634274,road
698271.0338625704,4646594.697585057,road
698288.6420540609,4646584.38656225,road
698304.9371486864,4646571.5108725885,road
698321.5102495746,4646559.0197633505,road
698337.485403535,4646545.798049193,road
698354.072299426,4646533.308081673,road
698371.6268079093,4646522.243756614,road
698390.3409630018,4646513.4926695945,road
698410.5748370253,4646509.005882716,road
698431.3214931681,4646509.040929947,road
698452.0786132368,4646509.937316648,road
698472.8034428221,4646508.655907653,road
698493.4835362548,4646510.231785366,road
698514.1201491794,4646512.631199796,road
698534.7808588393,4646514.762266179,road
698555.4611529722,4646516.521861522,road
698575.8656893792,4646520.099787376,road
698596.6179353996,4646521.083736721,road
698617.2214604428,4646523.6328521585,road
698637.4230219877,4646528.116525007,road
698655.3012005464,4646537.217380725,road
698667.8014739652,4646553.812702569,road
698680.1324842162,4646570.531292314,road
698692.0910119457,4646587.521146851,road
698704.3895336763,4646604.264392704,road
698713.1915081576,4646622.795920694,road
698719.0147068957,4646642.682983868,road
698721.5067318388,4646663.309456042,road
698725.5629207363,4646683.660360602,road
698726.5441250461,4646704.271485725,road
698721.214544543,4646724.044592507,road
698705.2334996607,4646734.9979465185,road
698684.983740538,4646737.7076039985,road
698664.230065166,4646737.053439934,road
698643.5068882137,4646735.612609888,road
698622.7520107819,4646734.665717366,road
698602.017428635,4646735.730963908,road
698581.2887698989,4646735.0023449985,road
698560.5387533545,4646734.278767398,road
698539.7625172592,4646734.376524093,road
698519.0085749414,4646734.691796824,road
698498.6444682443,4646738.810619604,road
698478.5234183492,4646743.866073598,road
698458.7261342099,4646750.16917469,road
698578.6523855752,4646624.261730746,road
698559.1548684622,4646635.847449172,road
698536.5869727732,4646636.820060948,road
698513.9261685321,4646633.946090643,road
698491.1393838457,4646632.86226576,road
698468.4155590615,4646631.2028999375,road
698446.3212216758,4646625.493520533,road
698423.6512440839,4646622.966154253,road
698400.8959062054,4646621.8324516015,road
698381.3067924188,4646628.770964596,road
698392.0276772677,4646646.196315377,road
698412.4340728527,4646656.4685185375,road
698433.1738475768,4646665.886630938,road
698455.2614932177,4646670.611294633,road
698723.7806472414,4646556.208063709,road
698745.2668135818,4646561.794411139,road
698765.4769058976,4646569.71743398,road
698778.8612342237,4646586.835258909,road
698787.0557398183,4646607.462689482,road
698788.0882306931,4646628.07129709,road
698779.9413228983,4646648.073718268,road
698779.9955448518,4646670.232349224,road
698779.1028548728,4646692.410497225,road
698778.4650124318,4646714.603119605,road
698777.4381577844,4646736.769865456,road
698736.3565703023,4646585.949785724,road
698738.1047261206,4646611.432911827,road
698739.2683614168,4646636.948174035,road
698739.9948978829,4646662.4768034285,road
698741.4526854876,4646687.938327982,road
698739.2907118385,4646713.387581657,road
698531.7274568506,4646693.158366141,road
698560.1721874699,4646678.116737507,road
698588.63575485,4646663.182985461,road
698455.2614932177,4646670.611294633,road
698477.8654669569,4646668.347805828,road
698500.486940525,4646667.988702487,road
698523.0791709798,4646665.61243675,road
698545.3318275769,4646661.111442112,road
698567.8939153779,4646659.609520274,road
698590.2280002923,4646663.605372671,road
698611.3638066953,4646671.612280781,road
698631.2109448692,4646682.664407875,road
698651.3455094339,4646693.147444216,road
698672.1557483386,4646702.256517788,road
697995.9132725052,4646511.112181933,road
697990.2283675508,4646548.5651706485,road
697988.9336426717,4646586.568510988,road
698250.8417945234,4646599.590634274,road
698235.9416671204,4646615.823163487,road
698220.3883280682,4646631.412711763,road
698202.1208231119,4646643.686378483,road
698198.8609180532,4646634.7154952,road
698203.4559097708,4646613.1651545055,road
698204.9606729876,4646591.178783683,road
698208.6327189102,4646569.458629764,road
698217.490222118,4646549.329513189,road
698227.7207206826,4646567.299743132,road
698235.1737713063,4646588.059567497,road
698250.8417945234,4646599.590634274,road
698180.2429686021,4646574.217059971,road
698177.5610861346,4646595.745788447,road
698174.0946364357,4646617.158822763,road
698170.9188085496,4646638.6018238785,road
698168.90460195,4646660.197965628,road
698169.6630449581,4646681.827145029,road
698179.2167036725,4646701.029277347,road
698184.7772375373,4646721.982353095,road
698193.7287236835,4646741.662285431,road
698209.4916261352,4646756.565159733,road
698224.060325507,4646772.438789194,road
698235.2980251461,4646790.926671702,road
698247.0835528567,4646809.028347891,road
698265.5687687906,4646820.24499887,road
698332.7014728612,4646789.099656045,road
698350.5683217961,4646767.294039658,road
698364.544561579,4646742.936267232,road
698378.3424949956,4646718.200371261,road
698391.85264434,4646693.330779707,road
698058.1704430175,4646844.963372311,road
698056.406715952,4646822.63505177,road
698047.592891045,4646801.816063283,road
698035.9052134737,4646782.380048849,road
698021.3916527266,4646765.132437736,road
698006.8011701122,4646747.774318568,road
697991.1049192232,4646731.405619344,road
697978.3132564214,4646716.179543348,road
697982.373948444,4646693.863805762,road
697982.9999094403,4646671.459379308,road
697980.4910565583,4646648.922024016,road
698037.2520029829,4646784.390776194,road
698060.8591170341,4646802.433040329,road
698081.0478062693,4646798.298316067,road
698071.7791254168,4646770.114800121,road
697955.3105428105,4646655.839508969,road
697954.7049686352,4646677.56152506,road
697952.0357744303,4646698.914472953,road
697951.7638522269,4646720.575256885,road
697958.339683734,4646741.208708174,road
697967.7114934649,4646760.805702114,road
697977.4680948582,4646780.222738215,road
697987.0558848535,4646799.719640413,road
697997.5752059759,4646818.463461442,road
698013.6583268535,4646832.922525909,road
698033.807395705,4646838.580633901,road
698054.6831005057,4646844.113578684,road
698062.6449872053,4646861.367728845,road
698065.9705345543,4646882.841854568,road
698076.3709864552,4646895.611317524,road
698083.1144342334,4646916.2512581665,road
698093.1270220447,4646935.537543149,road
698101.9090615234,4646955.411308606,road
698112.6039534344,4646974.259845633,road
698107.8941027084,4646884.598925779,road
698130.1964819066,4646885.449543583,road
698152.5049452833,4646886.115919568,road
698174.698988252,4646888.35689783,road
698196.9698713545,4646889.437966356,road
698219.1350956128,4646891.615765744,road
698239.1757406152,4646882.880142866,road
698257.0309721639,4646870.105216514,road
698264.7922706014,4646849.849091593,road
698266.1147393228,4646827.616471521,road
698263.7961965029,4646805.530556149,road
698265.3304366898,4646783.282698977,road
698261.5490038836,4646761.804781566,road
698261.5490038836,4646761.804781566,road
698283.6248713959,4646771.146978097,road
698306.9604658692,4646776.5541614825,road
698328.8931654884,4646786.309738022,road
698345.1450368988,4646803.37441083,road
698359.9865333186,4646822.241024015,road
698374.0779166718,4646841.6739499075,road
698388.157908438,4646861.115476104,road
698405.4194775524,4646877.771829088,road
698423.8515889287,4646893.14961759,road
698061.7650266191,4646851.653646406,road
698099.6273319469,4646885.458687751,road
698975.1991748064,4647358.255773743,road
698987.3424933885,4647340.389204626,road
698999.4858119704,4647322.52263551,road
699013.1053204868,4647305.871512612,road
699028.3088637211,4647290.52463178,road
699043.5124069554,4647275.177750947,road
699058.7159501896,4647259.830870114,road
699074.738961254,4647245.352095977,road
699090.936024432,4647231.057704679,road
699106.8587634175,4647216.472541804,road
699122.0710054298,4647201.134283392,road
699137.2832474423,4647185.796024979,road
699152.6236082701,4647170.587249034,road
699168.1220592067,4647155.538245853,road
699183.6205101433,4647140.489242672,road
699199.11896108,4647125.440239492,road
699214.689106607,4647110.465950913,road
699230.364416472,4647095.60125654,road
699246.0397263371,4647080.736562166,road
699261.715036202,4647065.871867794,road
699277.390346067,4647051.00717342,road
699293.0656559321,4647036.142479047,road
699223.7898726844,4647186.399673915,road
699223.3939413304,4647215.686693071,road
699229.4003533813,4647244.66781735,road
699244.7399874096,4647270.262460462,road
699263.8139156268,4647293.139136901,road
699033.7151338074,4647362.645554396,road
699046.7835900397,4647343.776932567,road
699059.4046478698,4647324.672471949,road
699072.2133058265,4647305.559476201,road
699090.8086506341,4647292.8931038445,road
699112.0189679345,4647284.3481203085,road
699125.0019085268,4647265.5287557375,road
699135.3796506034,4647245.094518018,road
699154.8915073819,4647233.536686798,road
699175.4198044327,4647223.556821046,road
699191.8339950724,4647207.46289871,road
699205.0504697937,4647188.62068755,road
699223.4231270377,4647176.663753025,road
699169.4622199453,4647371.049554648,road
699184.5862860088,4647351.020427032,road
699199.7509114486,4647331.030405426,road
699213.1183322691,4647309.78930835,road
699228.7088882433,4647290.371420019,road
699245.9654593365,4647272.17357693,road
699263.8139156268,4647293.139136901,road
699264.3935279575,4647316.523670903,road
699264.6406175105,4647339.913299085,road
699261.5092746813,4647363.002055137,road
699254.3215021713,4647385.196746104,road
699246.4316468758,4647407.216400062,road
699251.6360654848,4647416.087850758,road
698975.1383937385,4647358.251214289,road
698996.7936123274,4647359.875792759,road
699018.4488309164,4647361.500371227,road
699040.1040495053,4647363.1249496965,road
699061.7662114197,4647364.639473218,road
699083.4539002911,4647365.749382562,road
699105.1415891625,4647366.859291907,road
699126.8292780339,4647367.969201252,road
699148.5169669053,4647369.079110597,road
699170.1327599211,4647371.119049969,road
699191.7333588963,4647373.355536332,road
699213.3339578714,4647375.592022696,road
699234.9629744699,4647377.500046346,road
699256.6267195984,4647379.0066631995,road
699029.5341927645,4647432.834421742,road
699044.3367221123,4647409.680264732,road
699059.8572284076,4647387.134265339,road
699082.6751540762,4647372.327697561,road
699102.0828976195,4647354.359405247,road
699118.6168096339,4647332.555397944,road
698975.1383937385,4647358.251214289,road
698958.8344730369,4647378.89333201,road
698942.437323382,4647399.461275491,road
698925.987374017,4647419.987210795,road
698909.5627200855,4647440.533381572,road
698893.1492487425,4647461.088498033,road
698876.7357773995,4647481.643614493,road
699051.491364243,4647433.587641515,road
699026.255906636,4647432.66921759,road
699001.0040040538,4647431.39668707,road
698975.8208518522,4647429.1614640895,road
698950.6443821312,4647426.832668193,road
698925.382353639,4647425.92514458,road
699061.4352506819,4647489.176233907,road
699078.5152898851,4647473.52779991,road
699097.3764266354,4647460.180457937,road
699114.5217152671,4647444.603542212,road
699131.6670038986,4647429.026626488,road
699143.838018273,4647409.534925914,road
699155.7425640294,4647389.714287898,road
699169.4622199453,4647371.049554648,road
698476.2085983292,4646668.513706073,road
698498.1502947833,4646677.511165518,road
698519.2764888274,4646688.198650208,road
698539.5189357527,4646700.546045411,road
698560.1910705807,4646712.141224862,road
698581.4671649919,4646722.6141683925,road
698600.9637885079,4646735.80034915,road
698640.1788803847,4646959.338631541,road
698660.9297256068,4646962.845117321,road
698681.6805708288,4646966.351603103,road
698702.3286199698,4646970.417977891,road
698722.3771370238,4646970.86430302,road
698737.7713593256,4646957.173553896,road
698748.4708218034,4646939.222450885,road
698756.6953054207,4646919.851057306,road
698765.7848720803,4646900.9683339065,road
698778.1097326922,4646883.910028345,road
698790.2740256834,4646866.736706127,road
698800.6043516083,4646848.46756229,road
698809.9639962193,4646829.61842245,road
698819.231413141,4646810.724551345,road
698828.2386693059,4646791.704499916,road
698836.1524665566,4646772.339286742,road
698839.6972554191,4646751.594950361,road
698843.2173793662,4646730.848564327,road
698843.1452739375,4646709.803664213,road
698843.0731685087,4646688.7587641,road
698842.0030826622,4646667.760421675,road
698840.1155697703,4646646.800213779,road
698837.1990371193,4646625.994897954,road
698831.0912271142,4646605.934517918,road
698823.316281961,4646586.378361654,road
698815.4468380604,4646566.862040753,road
698806.8757103143,4646547.641510346,road
698798.3045825682,4646528.420979939,road
698790.033639231,4646509.070506476,road
698782.8696960572,4646489.469006651,road
698782.8839965123,4646468.42398787,road
698782.8982969674,4646447.37896909,road
698720.3315358971,4646839.646566943,road
698697.5918924193,4646836.774256531,road
698674.8115204687,4646834.42767709,road
698651.9646317471,4646835.622043049,road
698629.1625228404,4646837.545014708,road
698606.65749396,4646833.4561709985,road
698583.9314564104,4646830.809860895,road
698561.069217789,4646831.6751494715,road
698720.1139328824,4646839.662294322,road
698748.2436508192,4646836.53555196,road
698776.3811216581,4646837.608507601,road
698804.5640945104,4646840.493067947,road
698623.667738958,4646917.785478192,road
698647.0911376686,4646916.268229777,road
698669.8917632265,4646922.67666014,road
698693.4831328342,4646920.102163754,road
698716.98293543,4646916.045791748,road
698740.1028695734,4646910.335437513,road
698763.1933547748,4646904.545990461,road
698423.8515889287,4646893.14961759,road
698442.5192243845,4646916.189889011,road
698456.3103140318,4646942.541034021,road
698474.5353464077,4646965.863503162,road
698473.4251069983,4646964.725763632,road
698500.7275491531,4646989.364055826,road
698523.352457972,4647018.116090468,road
698488.3517078217,4646983.938000595,road
698483.7503730973,4647007.113963565,road
698481.4199219138,4647030.643409692,road
698480.9556375024,4647054.280405012,road
698477.8893342743,4647077.652870247,road
698470.0519472458,4647099.752369017,road
698454.1912159021,4647116.924318862,road
698434.0573827659,4647129.18039867,road
698412.9993448157,4647138.918382126,road
698390.0137558866,4647144.465654347,road
698406.5057938127,4647252.144557317,road
698424.7501823165,4647238.861030489,road
698442.9945708202,4647225.577503661,road
698460.745791699,4647211.644193168,road
698477.6121381874,4647196.725025067,road
698494.1928726344,4647181.530548808,road
698511.22880124,4647166.839694595,road
698525.2470200224,4647149.187911279,road
698536.2858345853,4647129.505650978,road
698819.2353380101,4648433.511166269,road
698819.3263592679,4648456.191581604,road
698818.340320244,4648478.823055005,road
698815.6417834178,4648501.341283243,road
698812.684257569,4648523.8214656,road
698806.3126746197,4648545.584583876,road
698794.4358049522,4648563.622721428,road
698774.6601557685,4648574.345407144,road
698752.9622937281,4648580.787386698,road
700376.6887104444,4647178.219531226,road
700396.3124229852,4647189.655954663,road
700415.656828629,4647201.498929914,road
700437.1818184908,4647207.965034743,road
700459.8729234268,4647209.064618608,road
700480.9825454149,4647216.1458616555,road
700495.81032263,4647233.328996143,road
700505.6918142182,4647253.4511519205,road
700516.5708308263,4647272.977111525,road
700376.6887104444,4647178.219531226,road
700353.8752842698,4647192.980494531,road
700352.8788901438,4647218.299485407,road
700361.308317506,4647244.322360048,road
700365.8209049541,4647271.328759481,road
700371.6787102543,4647297.504527688,road
700319.3792568166,4647234.166058806,road
700341.1676049782,4647254.580805253,road
700365.775857997,4647271.083871142,road
700168.0731179194,4647274.343993201,road
700124.9278543208,4647270.181516771,road
700071.2816670238,4647262.160028391,road
700069.8235721224,4647287.330120047,road
700080.5285490772,4647305.654582769,road
700104.5965786756,4647312.166859355,road
700128.0189013418,4647305.271559225,road
700148.493977706,4647290.946422099,road
700106.4196515682,4647321.943138807,road
700131.7732674556,4647316.613070579,road
700154.3133899121,4647303.177139087,road
700178.7307055318,4647294.602558056,road
700204.9823283097,4647294.452690249,road
700231.2336350331,4647295.103790721,road
700369.7463463952,4647340.073746233,road
700347.9061928749,4647328.372402553,road
700325.1788870658,4647317.728962531,road
700302.5342964109,4647306.923320686,road
700286.1196593567,4647290.203421702,road
700017.8837702146,4647416.8601642605,road
700039.277343577,4647412.611995158,road
700060.3431569152,4647407.388085728,road
700079.9629842736,4647397.859481614,road
700098.2604552982,4647386.133851919,road
700115.7239238482,4647373.071290221,road
700132.8545523728,4647359.570420313,road
700148.3503447889,4647344.341181994,road
700162.7824324137,4647327.987382169,road
700180.3482137424,4647315.645495061,road
700199.8460055101,4647305.90853174,road
700220.2672118107,4647298.2465310125,road
700241.4076457731,4647293.131616897,road
700262.9543094756,4647290.335450421,road
700284.7652349515,4647290.211145072,road
700306.469117422,4647292.18226554,road
700328.1718161135,4647294.329964732,road
700349.9252631839,4647295.917246209,road
700371.6787102543,4647297.504527688,road
700374.142022072,4647431.894384923,road
700382.0053461272,4647405.413706192,road
700387.1547285067,4647378.405062731,road
700387.1135088295,4647350.75691338,road
700380.7696776032,4647323.891022355,road
700371.6258523398,4647297.771969293,road
700459.7328091052,4647437.280584259,road
700469.8058435324,4647412.231282139,road
700475.7210006695,4647385.940323478,road
700478.4686267969,4647359.166107295,road
700468.1787756869,4647334.7822966175,road
700457.4836787883,4647310.142733763,road
699408.1525946737,4647281.798406409,road
699440.2869632082,4647279.379841407,road
699505.1683047694,4647265.255084373,road
699487.3058261658,4647280.3860352775,road
699467.1146358408,4647292.160919782,road
699446.2991099622,4647302.817862644,road
699424.6415873388,4647311.68203887,road
699403.9404059674,4647322.464099352,road
699382.0289514082,4647330.464232591,road
699365.2166815228,4647321.314864474,road
699556.2122156256,4647323.514789142,road
699585.2807086401,4647309.703796929,road
699614.3512614433,4647295.799834752,road
699427.8014169824,4647272.440712674,road
699407.0009662614,4647282.346891383,road
699388.8246687829,4647295.745612457,road
699374.0588888259,4647313.219890623,road
699357.1263799857,4647328.840037698,road
699337.3563294873,4647340.66784328,road
699317.9203882288,4647352.861080579,road
699302.7975820358,4647370.240848135,road
699287.3577793268,4647387.34009606,road
699269.7025043827,4647402.044996984,road
699251.6360654848,4647416.087850758,road
699373.3074827633,4647333.09937317,road
699349.879843401,4647351.231602421,road
699330.03172796,4647373.042608195,road
699307.2398907485,4647391.863435216,road
699278.9359782557,4647394.965087738,road
699644.6302805345,4647370.068432755,road
699617.0311075876,4647369.292331649,road
699589.4319316307,4647368.516337594,road
699561.8966098182,4647367.222417298,road
699536.3539421195,4647362.251937293,road
699419.8696870836,4647313.493967835,road
699440.9229894234,4647315.573937799,road
699462.0293938335,4647316.652523812,road
699483.1668141288,4647317.21292334,road
699504.2533782496,4647318.9230777295,road
699525.3875424992,4647319.760873748,road
699546.3860314051,4647322.009471196,road
699567.2906320917,4647325.259560099,road
699588.0441718469,4647329.30871469,road
699608.6640751144,4647334.039645932,road
699590.9219100437,4647342.4302518265,road
699571.1456367981,4647349.891231887,road
699551.4275834203,4647357.510558231,road
699531.1879636223,4647362.911255023,road
699510.1560052731,4647365.089748851,road
699489.0321808333,4647366.069106183,road
699467.8847290167,4647365.474887265,road
699446.7307872702,4647365.330599884,road
699426.8716309916,4647371.936077751,road
699407.3044791174,4647379.97346554,road
699388.5813128173,4647389.822874567,road
699369.8581465172,4647399.672283593,road
699351.0655613672,4647409.377425588,road
699331.6858813205,4647417.862460399,road
699312.5875138601,4647426.945753053,road
699293.6912369949,4647436.458824853,road
699275.2158285431,4647446.754271605,road
699256.8635349065,4647457.278583114,road
699341.8335862935,4647358.667393615,road
699363.945171213,4647378.799655186,road
699344.0069555828,4647412.467887708,road
699194.1543879765,4647452.838436758,road
699215.5423983444,4647457.427969454,road
699237.3464577652,4647457.9171463465,road
699259.1995855059,4647457.133083406,road
699281.0275622756,4647456.129957164,road
699302.8178464763,4647458.05201656,road
699324.4876744167,4647461.007738711,road
699346.1607220626,4647463.770427757,road
699368.0336674154,4647463.4787782105,road
699389.902438565,4647463.0270362245,road
699411.7599555228,4647462.469195015,road
699433.6126602078,4647463.454129439,road
699455.4773159042,4647464.073154076,road
699477.3477171721,4647464.516263823,road
699499.21811844,4647464.95937357,road
699521.0904094313,4647465.132917989,road
699542.9648735421,4647464.996471175,road
699114.9181383614,4647517.4381474545,road
699136.295931586,4647522.255448749,road
699157.7994848664,4647523.385648418,road
699179.466945244,4647520.123083967,road
699201.3016372843,4647518.3039136175,road
699222.7068126464,4647514.175891719,road
699244.4439848003,4647511.421641702,road
699265.9747024174,4647507.402109316,road
699287.7682001641,4647505.189389912,road
699309.6253632649,4647503.853139865,road
699331.2503246532,4647500.859529202,road
699352.797938487,4647496.869946143,road
699374.3455523208,4647492.880363083,road
699395.8667271145,4647488.750691012,road
699417.3862380879,4647484.612203077,road
699439.0426697138,4647481.492166918,road
699460.8911002357,4647479.800268976,road
700107.9038019241,4647379.080603822,road
700067.9782903899,4647379.867525386,road
700028.0258055128,4647379.28595543,road
700371.3613154353,4647297.529966448,road
700388.73388682,4647313.422772134,road
700402.8423546645,4647331.921867498,road
700413.0376770279,4647353.052379104,road
700421.0009286868,4647375.210315201,road
700423.0524059323,4647398.54451724,road
700424.1774048455,4647422.063060701,road
700424.2857294404,4647445.591554048,road
700422.6867573771,4647469.01280911,road
700417.6346357382,4647492.00984318,road
700090.4725644268,4647391.829982091,road
700121.2081220219,4647392.915646817,road
700151.8733009935,4647391.972379137,road
700181.405579936,4647400.481455188,road
700465.0260168364,4647454.289080296,road
700480.7962644192,4647436.073358477,road
700494.7053108265,4647416.56920375,road
700501.6784158023,4647393.593379812,road
700507.7329700951,4647370.311835633,road
700506.7832455741,4647346.482345108,road
700423.2852922556,4647403.412896481,road
700448.1361923363,4647422.392144875,road
700465.08553717,4647448.599092784,road
700530.3367625658,4647341.644089929,road
700534.3635816502,4647364.807039053,road
700533.7554898894,4647388.095634881,road
700527.1855901269,4647410.609604185,road
700521.6355874023,4647433.448402001,road
700513.6441674168,4647455.552449862,road
700504.1841977644,4647477.041644327,road
700491.9704690505,4647496.962926156,road
700486.7752100669,4647519.614802267,road
700488.0874038207,4647542.98064538,road
700357.4112041023,4647491.033587413,road
700372.1597001108,4647463.527992216,road
700374.142022072,4647431.894384923,road
700314.4600313427,4647589.0898302635,road
700300.7028580444,4647569.691600629,road
700284.8815303387,4647551.847182206,road
700273.7147791634,4647530.804610448,road
700268.9379488735,4647507.654983061,road
700270.2467286777,4647483.817622338,road
700273.6440800738,4647460.156578782,road
700277.3943881228,4647436.547572236,road
700279.8058506954,4647412.775862891,road
700280.6702005542,4647388.90903368,road
700465.08553717,4647448.599092784,road
700464.5552087943,4647477.453368094,road
700464.9355066996,4647506.266449305,road
700475.0241199713,4647533.083731543,road
700533.2205224709,4647548.517849392,road
700522.0249661674,4647519.619683085,road
700533.6681603909,4647490.475826289,road
700547.3358658617,4647461.530991717,road
700106.4196515682,4647321.943138807,road
700084.3103513856,4647320.099936269,road
700062.2452163697,4647317.811088763,road
700040.1700657537,4647315.623972009,road
700018.0429909251,4647315.7108607795,road
699995.8669733697,4647316.013142687,road
699974.4774381669,4647310.843544992,road
699955.1540854622,4647299.992663795,road
699935.1381900879,4647290.45423027,road
699943.9009152176,4647306.397275037,road
699955.8371153683,4647325.098763644,road
699968.6763335132,4647343.189490936,road
699981.6313121687,4647361.199706966,road
699994.8928042734,4647378.985976314,road
700006.9681457293,4647397.545203938,road
700017.8837702146,4647416.8601642605,road
700087.7254333142,4647393.839268696,road
700061.647404492,4647393.155768379,road
700035.5857981044,4647392.017002377,road
700010.2393075293,4647387.113113296,road
699989.3239122063,4647371.51695848,road
700017.8837702146,4647416.8601642605,road
699995.896812683,4647420.2591424305,road
699975.7346191154,4647431.967500499,road
699956.6721629668,4647446.037316057,road
699935.7377688886,4647457.008673883,road
699918.8287993578,4647473.9795938125,road
699904.1656430725,4647492.774320534,road
699518.7630211583,4647675.649947722,road
699540.5071741783,4647670.608679831,road
699562.2513271981,4647665.56741194,road
699583.9391410953,4647660.293206213,road
699605.6043576255,4647654.928857918,road
699627.4310914915,4647650.258069842,road
699649.2650735414,4647645.6268613655,road
699671.3305399846,4647642.259701857,road
699693.3960064277,4647638.892542349,road
699715.4466784054,4647635.437376132,road
699737.4002614587,4647631.404664436,road
699759.353844512,4647627.37195274,road
699781.3852502406,4647623.898074693,road
699803.6053523084,4647621.779198433,road
699825.8312580208,4647619.737701082,road
699848.1188287303,4647618.518371604,road
699870.4063994399,4647617.299042128,road
699747.3543805258,4647690.884330863,road
699769.1635316041,4647685.39055433,road
699790.8209337381,4647679.347337791,road
699812.3582498833,4647672.86932385,road
699834.3121358958,4647668.352629571,road
699856.62318926,4647665.517572406,road
699878.6056187161,4647660.785219651,road
699900.9728003341,4647658.800213118,road
699923.4526262662,4647658.57896082,road
699945.924547276,4647659.371023528,road
699967.8817681001,4647656.493540942,road
699989.907578683,4647652.294098167,road
700012.1711229244,4647652.31146132,road
700032.868465147,4647660.385735389,road
700051.5312939268,4647672.758880336,road
700067.3103346156,4647688.43795648,road
700080.8984691828,4647706.331871901,road
699583.0871504236,4647674.431305379,road
699606.9257815038,4647678.611915614,road
699630.9429303827,4647681.573410518,road
699655.0293952113,4647683.893836351,road
699679.1645410961,4647685.3885485595,road
699702.8795291313,4647690.092432032,road
699726.8647149294,4647693.2241209885,road
699750.565458401,4647690.075445607,road
699897.8145694026,4647743.352642216,road
699924.2201381456,4647728.682710469,road
699939.6726124341,4647703.178098357,road
699892.9510685711,4647700.481365573,road
699914.7176877056,4647729.046592729,road
699944.3595015747,4647749.221949895,road
700077.2852180994,4647701.905048838,road
700055.3862183054,4647704.092257647,road
700033.3848355,4647704.404356914,road
700011.382696437,4647704.097615194,road
699989.3834718576,4647703.477782749,road
699967.3849228269,4647703.5881324615,road
699945.3860384093,4647703.339031445,road
699923.3868082258,4647702.719397938,road
699901.4252593765,4647701.335423732,road
699879.4829421889,4647699.831954804,road
699857.5116344509,4647698.676481121,road
699838.6941635793,4647708.886733109,road
699822.2607257053,4647723.282656847,road
699802.143105078,4647732.075340215,road
699781.347336438,4647739.259307127,road
699760.4546062945,4647746.140307378,road
699745.5684235217,4647761.35135607,road
699735.8850129979,4647780.956494076,road
700034.527973685,4647751.942401986,road
700026.7343479395,4647753.089148865,road
700331.3679275864,4647426.662738283,road
700341.1255977259,4647449.408864772,road
700350.0500140375,4647472.489585196,road
700359.033717363,4647495.538426128,road
700364.9344309731,4647519.566860579,road
700369.6487810035,4647543.863631183,road
700371.0121416961,4647568.1293440685,road
700360.6918031349,4647590.275636588,road
700360.0380405326,4647614.918802805,road
700447.267863614,4647524.469948077,road
700472.1342996571,4647531.917588249,road
700495.1108218641,4647543.9116302915,road
700520.673977062,4647548.407092975,road
700546.6399348595,4647549.038144138,road
700572.577650433,4647550.310092084,road
700446.5765183212,4647523.619871468,road
700463.8212530317,4647547.609629483,road
700483.7743205575,4647569.105035984,road
700510.7179157351,4647578.86448393,road
700539.0345765825,4647587.188812331,road
700380.3765751551,4647534.848661908,road
700395.0056244902,4647552.943804919,road
700409.8111279387,4647570.894769843,road
700427.4847526746,4647585.837019645,road
700445.2988051989,4647600.795701683,road
700463.1181564031,4647615.756251018,road
700481.3636414383,4647630.148197998,road
700501.4293881982,4647641.653649233,road
700522.8152327375,4647650.793374021,road
700544.8615673058,4647657.682303124,road
700567.9839911668,4647660.043712301,road
700590.2318592238,4647653.597907961,road
700319.3894606194,4647591.5775603475,road
700335.2605535851,4647618.479713217,road
700348.8340048428,4647646.409499051,road
700350.161207444,4647677.50019076,road
700585.0847400471,4647617.679485238,road
700556.5270963013,4647636.982621879,road
700525.5398745484,4647652.1426441595,road
700314.4600313427,4647589.0898302635,road
700334.8569727443,4647599.3835915765,road
700354.4581526036,4647611.0065979455,road
700373.1490079105,4647624.145174545,road
700391.2748661418,4647638.0538051,road
700409.4007243732,4647651.962435653,road
700425.4563959418,4647668.148484702,road
700440.6760595266,4647685.145451588,road
700453.3802005579,4647704.130349999,road
700468.022351762,4647721.668997286,road
700484.1887623487,4647737.781339662,road
700502.1222756705,4647751.788881573,road
700364.9946622311,4647618.394047158,road
700365.547359067,4647643.421142964,road
700368.0744397708,4647668.281508188,road
700374.0798923627,4647692.416696861,road
700385.0304984115,4647714.7336469535,road
700402.9127977277,4647731.928720718,road
700402.9127977277,4647731.928720718,road
700425.3136302806,4647710.831045513,road
700453.9810848357,4647704.850095693,road
700116.3045337372,4647750.9452848565,road
700080.8984691828,4647706.331871901,road
699641.3131072137,4647724.318614501,road
699668.6695821247,4647730.749659349,road
699692.3768979928,4647745.847904169,road
699714.5613649715,4647763.124845744,road
699736.4300221256,4647780.805802983,road
699894.6063280161,4647786.387625969,road
699918.8215739375,4647768.570005845,road
699940.857554282,4647748.615386336,road
699894.6063280161,4647786.387625969,road
699919.01553701,4647786.722556403,road
699943.4212568682,4647786.156215818,road
699967.7735411876,4647787.463378293,road
699991.6345605846,4647792.147661013,road
700015.7999598547,4647789.408690042,road
700039.8998471686,4647785.603873614,road
700064.291918165,4647785.02962638,road
699773.8327464527,4647772.824970337,road
699798.6553356884,4647783.66984016,road
699824.3261393051,4647792.340158195,road
699844.7077269723,4647807.929308703,road
699857.4767604948,4647831.8273495445,road
699840.0220501852,4647799.159773011,road
699869.1928836625,4647810.957121083,road
699893.5689161693,4647830.118936086,road
699881.3249566007,4647817.741219688,road
699921.1845604505,4647819.711328325,road
699960.3634529709,4647827.049185486,road
699742.1319868315,4647814.428427634,road
699763.4143872883,4647842.92661596,road
699757.6488969552,4647879.552462757,road
699871.697619713,4647877.736531327,road
699881.9014936201,4647829.094759167,road
700063.8477114744,4647848.529807503,road
700042.3069644567,4647841.707514668,road
700020.3165537316,4647836.504629281,road
699998.3579767657,4647831.247322908,road
699975.8428039772,4647829.696515607,road
699954.129179645,4647829.262316985,road
699932.3179530241,4647834.7897610795,road
699909.8236267153,4647833.879963116,road
699887.7963799962,4647829.260764521,road
699865.3417453541,4647829.846227759,road
699843.1523284898,4647833.7827385,road
699821.3070717041,4647839.168127526,road
699800.821702981,4647848.705628889,road
699780.7063253355,4647858.951996628,road
699764.4730211167,4647874.669266243,road
699745.2433068043,4647886.336606377,road
700007.9467310662,4647878.874774077,road
699988.1764236309,4647857.29239348,road
699962.355980865,4647843.284756348,road
699934.3250543003,4647834.474475012,road
699518.7630211583,4647675.649947722,road
699550.9627315373,4647677.97918664,road
699583.0871504236,4647674.431305379,road
699518.7630211583,4647675.649947722,road
699495.966677341,4647680.290239047,road
699473.5952168502,4647686.594034775,road
699452.0727371078,4647692.989969312,road
699463.5389083879,4647713.117861674,road
699473.3463208851,4647734.145459328,road
699485.767867867,4647753.722047388,road
699496.4528431442,4647773.913012808,road
699544.9047944646,4647728.438915318,road
699577.4615489955,4647728.214360674,road
699609.8683690181,4647726.582411224,road
699642.1130991307,4647724.369001649,road
699844.1799713895,4647759.441439772,road
699823.0049574424,4647761.921510489,road
699802.2163446011,4647766.393167598,road
699781.5839744036,4647771.694192432,road
699760.4875305196,4647774.771857434,road
699739.8159725034,4647779.869618271,road
699718.644615044,4647780.779460056,road
699697.3533311655,4647781.295921897,road
699676.1098448689,4647783.097658942,road
699654.8219870881,4647781.990661342,road
699633.5023828631,4647781.910398626,road
699612.2035194902,4647780.980902282,road
699590.8959095689,4647780.406158578,road
699569.5952495339,4647779.8069661055,road
699548.3276293593,4647778.316899488,road
699527.0600056335,4647776.826883556,road
699505.9178597096,4647774.468938596,road
699484.9714265317,4647775.945019058,road
699463.9288451938,4647779.358522473,road
699442.7521349095,4647776.996080025,road
699422.2797603966,4647772.138928445,road
699401.0035197185,4647773.023862563,road
699379.7443406777,4647774.62987406,road
699358.4756740436,4647776.0459404085,road
699337.1622722354,4647776.566391921,road
699315.8484134987,4647777.066149627,road
699294.533354365,4647777.3566449545,road
699273.2219964392,4647776.75832249,road
699251.9317237654,4647775.648484598,road
699230.9416559156,4647772.201418777,road
699210.4864182725,4647766.191824832,road
699697.6260514238,4647830.374584591,road
699675.9113963842,4647833.276738722,road
699654.1807141892,4647836.055395455,road
699632.3206708512,4647836.24248864,road
699610.4703403017,4647834.898758922,road
699588.6686528134,4647832.867543024,road
699566.7619098047,4647832.659329598,road
699544.8543926466,4647832.610628009,road
699523.0862774329,4647830.290540658,road
699501.3121307899,4647831.604995096,road
699479.563350367,4647834.236947529,road
699457.7879105802,4647836.638301423,road
699443.2482959618,4647852.49675094,road
699424.5009755534,4647862.592075645,road
699405.4026197484,4647873.083900815,road
699386.974872067,4647884.931552797,road
699745.2433068043,4647886.336606377,road
699724.481717884,4647888.394632842,road
699704.2027135628,4647892.223357112,road
699684.0558861417,4647886.71119716,road
699664.4651661117,4647879.512979494,road
699643.6201761926,4647878.719942349,road
699622.8218303205,4647880.64353745,road
699601.9902304919,4647882.167680174,road
699581.2288883994,4647880.716041648,road
699560.450749776,4647880.7848886745,road
699539.6176782855,4647882.269863374,road
699518.824773455,4647884.065739762,road
699498.196196439,4647887.342990556,road
699477.5652735013,4647890.605123243,road
699456.9042036214,4647893.41824923,road
699436.102984945,4647891.524083438,road
699415.4911484891,4647888.218015636,road
699394.7804526894,4647885.587580498,road
699376.3434734285,4647892.506843521,road
699356.8282321614,4647897.965019447,road
699336.1206785064,4647896.8010259215,road
699315.4567384438,4647893.754693117,road
699294.7584923715,4647891.048783362,road
699273.9022257465,4647889.910932346,road
699253.0459591215,4647888.7730813315,road
699232.1985104159,4647887.510134385,road
699211.3888581747,4647885.710985679,road
699190.5792059334,4647883.911836974,road
699169.7077539715,4647883.155529982,road
699148.8312590381,4647882.484320805,road
699127.9547641046,4647881.813111628,road
699107.0782691711,4647881.141902451,road
699303.0583630856,4647964.510977817,road
699323.2300542614,4647942.51837792,road
699342.5448179616,4647919.862032136,road
699361.7855491411,4647897.467436046,road
699403.3898450845,4647944.004744293,road
699421.3910897603,4647929.678008618,road
699443.1196364698,4647926.142612825,road
699464.7209140103,4647934.142715267,road
699484.7974917248,4647943.913339869,road
699506.5695722266,4647936.589271809,road
699529.3596177542,4647935.112419901,road
699550.8356616995,4647943.22904976,road
699573.7028311478,4647943.994995952,road
699595.9356910544,4647938.01945127,road
699617.7795992668,4647930.768732249,road
699469.8674219373,4647990.313278932,road
699477.4428983091,4647963.6874735765,road
699484.9321154958,4647937.043084709,road
699491.6349129033,4647910.354137515,road
699505.1771177084,4647886.2339002695,road
699351.9640901074,4648006.339883329,road
699370.2247623503,4647996.118040224,road
699390.5145527623,4647991.096576464,road
699410.7345582027,4647986.528305024,road
699431.6035584986,4647987.162148908,road
699452.4463651651,4647989.015996493,road
699473.2961195736,4647990.159761531,road
699493.4469962644,4647985.066389693,road
699514.1849022007,4647982.756382135,road
699535.0256237119,4647984.654421685,road
699555.6383014949,4647988.142708263,road
699576.5432850901,4647988.275818088,road
699597.4332064488,4647987.031063947,road
699618.273498754,4647985.799362607,road
699638.0025644234,4647978.820666809,road
699657.6446103165,4647971.602892731,road
699677.7356291866,4647966.078737979,road
699698.3998127584,4647962.920530531,road
699719.3054594221,4647961.975985763,road
699740.2080743277,4647960.967344056,road
699760.889658523,4647958.45045708,road
699781.1915630664,4647953.374552268,road
699801.0239728872,4647946.695199908,road
699820.856382708,4647940.015847548,road
699840.5738714039,4647933.01315535,road
699860.5540530079,4647928.506300613,road
699881.1823722288,4647931.717887292,road
700034.527973685,4647751.942401986,road
700083.9393868543,4647747.831509816,road
700502.1222756705,4647751.788881573,road
700527.1971412885,4647760.920149919,road
700550.8729884047,4647760.235805349,road
700573.608367108,4647746.186450795,road
700600.1764012121,4647740.61525504,road
700083.9393868543,4647747.831509816,road
700110.5202920004,4647750.388796495,road
700137.0185372632,4647753.671905621,road
700163.457840595,4647751.525851652,road
700174.0479400664,4647770.090600779,road
700179.7295124071,4647796.182821253,road
700063.8477114744,4647848.529807503,road
700097.6948659121,4647849.483893518,road
700131.553735689,4647849.822397793,road
700179.7295124071,4647796.182821253,road
700189.1114053518,4647821.586392494,road
700196.3108280281,4647847.64378784,road
700200.9578824879,4647874.3097052835,road
700206.1672706131,4647900.875172917,road
700212.1456258481,4647927.226402681,road
700335.6777655388,4647885.284200409,road
700309.8821368106,4647892.243580983,road
700283.2480379888,4647894.824762245,road
700257.9739691095,4647901.62126648,road
700236.8349906467,4647917.834483787,road
700222.9141530015,4647940.596716304,road
700016.6790896169,4647889.650174797,road
700036.3714359114,4647878.231464007,road
700058.7434541802,4647879.2327979095,road
700079.726905371,4647888.1355845835,road
700094.5353268962,4647905.015220542,road
700103.488000879,4647925.939272158,road
700108.6459751636,4647948.196630835,road
700114.0763681245,4647970.388289424,road
700120.7884212865,4647992.248854444,road
700292.8763580818,4647830.895162814,road
700306.2411389265,4647849.262131999,road
700319.896952996,4647867.409410866,road
700334.8564927916,4647884.452643802,road
700348.0216922817,4647902.428521993,road
700355.3967426973,4647923.818039219,road
700364.3726605633,4647944.644065676,road
700375.7123980969,4647964.320546023,road
700388.0820962794,4647983.365432273,road
700400.7501494994,4648002.213375719,road
700414.4000412889,4648020.343729361,road
700431.8395698131,4648034.801849521,road
700448.2129123849,4648050.278673514,road
700066.5415732921,4647946.287374661,road
700081.5391432999,4647973.16312587,road
700089.2129560059,4648003.599228869,road
700090.0673381555,4648035.349850075,road
699746.2370615985,4648021.737006009,road
699766.8381912608,4648023.508611978,road
699787.4393209232,4648025.280217948,road
699808.0404505855,4648027.051823918,road
699828.6615332605,4648028.473571926,road
699849.3305025275,4648029.055672017,road
699869.9994717946,4648029.637772108,road
699890.6684410616,4648030.2198722,road
699911.3374103286,4648030.8019722905,road
699932.0063795956,4648031.384072382,road
699952.6753488627,4648031.966172473,road
699973.3456197352,4648032.4987728195,road
699994.0166178775,4648033.003715267,road
700014.6876160199,4648033.508657714,road
700035.3586141622,4648034.013600162,road
700056.0296123046,4648034.51854261,road
700076.700610447,4648035.023485057,road
700097.3716085893,4648035.528427505,road
700117.9283371161,4648037.389395161,road
700138.3923323455,4648040.350818861,road
700158.858922418,4648043.2837037975,road
700179.5214473724,4648044.061645687,road
700200.1839723269,4648044.839587576,road
700220.8465704437,4648045.61557348,road
700241.5094743925,4648046.383383013,road
700262.1723783413,4648047.151192547,road
700282.8352822902,4648047.919002079,road
700303.498186239,4648048.686811613,road
700324.1610901878,4648049.4546211455,road
700344.8273375022,4648050.052436678,road
700365.5044524787,4648050.097684045,road
700386.1815674553,4648050.142931412,road
700406.8586824319,4648050.18817878,road
700427.5357974083,4648050.233426146,road
700448.2129123849,4648050.278673514,road
700010.3475240411,4647881.143827945,road
700007.9467310662,4647878.874774077,road
699816.7201430026,4647911.875870097,road
699838.5279066156,4647904.942394396,road
699856.1576551364,4647889.688299024,road
699874.1874188735,4647877.411003084,road
699897.4583322324,4647875.424537204,road
699920.8063965837,4647874.544706337,road
699944.1679066314,4647874.738913673,road
699967.0369771235,4647878.929736236,road
699989.9764100098,4647883.348750155,road
700013.2663127976,4647885.0651658345,road
700010.3475240411,4647881.143827945,road
700034.2219020205,4647913.10641879,road
700060.5779467269,4647943.028669157,road
699617.7795992668,4647930.768732249,road
699651.028279202,4647941.757977244,road
699688.4213071247,4647938.534452065,road
699816.7201430026,4647911.875870097,road
699799.9491018356,4647935.051795801,road
699783.3919811366,4647958.377846146,road
699767.299925833,4647982.03026907,road
699800.7355600533,4648026.423550549,road
699820.402058215,4648015.401554479,road
699837.06299395,4648000.260681803,road
699855.7302184426,4647987.62132731,road
699873.0972991365,4647973.305150276,road
699889.5866022697,4647957.966906377,road
699907.4797826641,4647944.57537047,road
699928.8751082768,4647937.976635695,road
699950.5170231574,4647931.921360093,road
699971.393071962,4647923.419247368,road
699993.1770353846,4647917.639471888,road
699757.635631967,4648064.564356216,road
699705.8546544424,4648057.125704187,road
699775.1391715629,4648066.468366785,road
699802.5273809164,4648064.060888364,road
699830.1388583627,4648063.657981668,road
699855.9399861704,4648054.887659911,road
699882.539293721,4648060.859071451,road
699906.5201561106,4648074.418860088,road
700016.2371873531,4648096.391222806,road
700017.5635807808,4648065.908641232,road
699631.2021044204,4648152.745434428,road
699647.9610403465,4648137.925791589,road
699666.4210752244,4648125.438231109,road
699682.7447169508,4648110.443977823,road
699701.0408112274,4648097.971047713,road
699721.3992505223,4648088.806114984,road
699740.9393297293,4648078.019770809,road
699758.3771817925,4648063.987227142,road
699775.6136064949,4648049.686515174,road
699793.5425135377,4648036.40689593,road
700430.4395282919,4648033.854305473,road
700456.2311447156,4648026.096056107,road
700482.32411036,4648035.40352594,road
700504.0965940288,4648054.532332165,road
700530.4338972033,4648066.6598318415,road
700264.8419242062,4648088.235115175,road
700294.5526682538,4648076.538260349,road
700324.207522573,4648064.765685426,road
700352.5547521927,4648050.069261642,road
700131.4735424601,4648170.8784626275,road
700123.5571029445,4648149.020485572,road
700113.0968330893,4648128.060832855,road
700105.2185840699,4648105.8899131585,road
700099.164107918,4648083.138547904,road
700084.4471960767,4648065.035870433,road
700073.8359557185,4648044.323644133,road
700448.2129123849,4648050.278673514,road
700470.3395269191,4648051.952420932,road
700491.2419210359,4648057.315348988,road
700509.979478621,4648069.201998513,road
700528.0517109747,4648082.044880373,road
700545.7104901038,4648095.481993934,road
700563.6383904852,4648108.54350374,road
700582.0400487352,4648120.94380514,road
700600.4417069854,4648133.34410654,road
700618.1400286481,4648146.684521603,road
700635.2305568679,4648160.8373427475,road
700652.3210850876,4648174.990163892,road
700194.8278132575,4648116.52929881,road
700216.1879325324,4648118.329253095,road
700237.3673373993,4648114.7195395855,road
700257.9656589594,4648108.561629431,road
700278.8196521103,4648103.273675702,road
700300.0173028146,4648100.094100581,road
700321.4924941651,4648100.90598958,road
700342.925039946,4648102.786311145,road
700363.5910973577,4648107.813281348,road
700367.1979100942,4648120.651680502,road
700348.7324797396,4648131.693382065,road
700330.5227525096,4648143.15170761,road
700311.6284298366,4648153.434165626,road
700293.525299537,4648164.821999869,road
700272.9603839142,4648171.107270944,road
700251.6700064741,4648171.083610917,road
700231.4594943714,4648163.77996518,road
700210.6229047267,4648158.962684338,road
700448.2129123849,4648050.278673514,road
700467.0248568828,4648064.792317271,road
700487.7168477635,4648076.490680534,road
700508.0134703084,4648088.776588343,road
700523.3067791803,4648106.766870181,road
700533.8874763346,4648128.029247923,road
700544.4129342238,4648149.280701322,road
700562.3550323503,4648164.788913308,road
700576.827208117,4648183.349569859,road
700590.0856643291,4648202.956718911,road
700590.3868506027,4648226.211045581,road
700158.7377397988,4648048.918840698,road
700168.9937604101,4648068.516432163,road
700177.7147908045,4648088.779426749,road
700185.2089358096,4648109.587150758,road
700193.821348306,4648129.935007673,road
700204.2210145445,4648149.454740017,road
700217.9185453352,4648166.612430865,road
700234.1543769466,4648181.622260598,road
700248.9751584552,4648198.027258508,road
700262.716439004,4648215.301742974,road
700273.8641769168,4648234.333107179,road
700194.8278132575,4648116.52929881,road
700168.4385455594,4648140.400112991,road
700144.8052836745,4648171.529580342,road
700361.948814797,4648179.903732696,road
700336.7609315991,4648169.18980114,road
700309.0298823422,4648170.174278394,road
700283.032947821,4648168.301705927,road
700590.3868506027,4648226.211045581,road
700614.4814132059,4648209.38331624,road
700625.7089698018,4648182.767014363,road
700625.8113514023,4648153.0371369375,road
698121.8407327255,4646985.402635868,road
698120.847203841,4646959.401860034,road
698118.4021121407,4646933.509929995,road
698112.7245163423,4646908.2187334765,road
698099.8432985459,4646885.924796032,road
698075.0946464229,4646891.575493227,road
697967.2360940762,4646876.593822949,road
697973.0011167573,4646902.017075224,road
697978.1063441063,4646927.573930044,road
697982.7361988273,4646953.225896873,road
697989.6033908505,4646978.373837474,road
697992.1208137751,4647004.098357616,road
698205.0727775267,4646900.100989778,road
698194.7820149283,4646924.609065302,road
698174.4651684305,4646938.432814263,road
698148.2053287781,4646939.893428504,road
698131.9330782472,4646960.506554643,road
698121.8407327255,4646985.402635868,road
698362.9354322657,4646905.805614325,road
698368.8792286064,4646929.1820063805,road
698371.6949481973,4646953.403970465,road
698375.1930530578,4646977.489135876,road
698379.2839333287,4647001.595584005,road
698381.311439573,4647025.878345585,road
698245.9792479798,4647035.673523953,road
698248.2498232562,4647063.497328594,road
698250.950016998,4647091.281056778,road
698253.2435143379,4647119.097618666,road
698255.0602579358,4647146.954737316,road
698278.8744252648,4647101.630380161,road
698306.9327062657,4647117.821258828,road
698331.6693963304,4647138.753629796,road
698249.4916759784,4647193.60501313,road
698266.1315310708,4647210.05532937,road
698288.2284949159,4647218.953257988,road
698311.8333691489,4647222.973948662,road
698335.7184703656,4647224.788532113,road
698359.5666493437,4647223.495382583,road
698382.3167984678,4647216.364210727,road
697937.8979877471,4647411.165890494,road
697921.30937381,4647392.8323145155,road
697901.325151213,4647378.458828858,road
697877.9295987494,4647370.184098555,road
697854.2893296013,4647364.904443417,road
698156.3377549311,4648264.968741128,road
698122.9019112478,4648278.548823235,road
698085.8418677021,4648272.9270688165,road
698056.314521508,4648286.686843984,road
698085.8418677021,4648272.9270688165,road
699047.3556616325,4647434.572371464,road
699047.8880433924,4647433.899366606,road
699051.491364243,4647433.587641515,road
699076.7278446062,4647435.003835188,road
699101.9643249694,4647436.420028863,road
699127.2008053326,4647437.836222536,road
699152.4158481215,4647439.477823236,road
699177.4668472505,4647442.844273634,road
699202.5178463794,4647446.210724033,road
698961.59014377,4647563.150340749,road
698974.6058254906,4647544.516160698,road
698988.782627555,4647526.765947957,road
699001.7533687272,4647508.196157142,road
699013.013160877,4647488.453015902,road
699024.2182597347,4647468.686588379,road
699035.892721368,4647449.193229324,road
699049.3757818786,4647438.113616785,road
699057.2098943243,4647459.01280191,road
699058.5991655695,4647481.644846532,road
699051.9502432618,4647502.785398005,road
699041.5893387815,4647523.016371663,road
698876.3206124726,4647571.492652712,road
698895.7111615441,4647558.3831417775,road
698914.0516065093,4647543.944486327,road
698930.902254836,4647527.708567488,road
698944.0484726732,4647508.4948478155,road
698957.129409933,4647489.138248976,road
698975.8793732761,4647475.3576743845,road
698995.9861975972,4647463.998827002,road
699010.594972055,4647445.711225215,road
699029.5341927645,4647432.834421742,road
699090.9336952186,4647535.957371564,road
699115.2656486213,4647538.236180531,road
699139.6164028137,4647540.280834956,road
699164.0092077563,4647541.44082894,road
699188.4172649155,4647540.325734251,road
699212.8321190104,4647540.340285662,road
699236.787704521,4647544.810913345,road
699242.0868064451,4647419.672260709,road
699223.6787100441,4647431.598056645,road
699205.5638121846,4647443.945949624,road
699188.4955920472,4647457.699836957,road
699170.2626766029,4647469.836636764,road
699154.538678326,4647484.72560394,road
699139.6036776949,4647500.702795212,road
699121.6472877279,4647513.269305912,road
699103.7074311565,4647525.817308707,road
699086.2875848248,4647539.127191984,road
699068.4986882793,4647551.940124779,road
699051.2017785005,4647565.427138307,road
699033.1120563475,4647577.785144975,road
699015.3114616248,4647590.492126053,road
698995.0884853052,4647598.846704339,road
698975.2703660568,4647608.118741689,road
698957.379032717,4647620.7806648705,road
698940.7029858194,4647634.974834961,road
698922.6075229342,4647647.349304652,road
698904.451788324,4647659.638106911,road
698885.2163608528,4647670.173094659,road
698885.2163608528,4647670.173094659,road
698867.3632749271,4647654.701526756,road
698864.5605947607,4647631.4798495155,road
698862.7350464835,4647607.936068721,road
698862.0565016187,4647584.321631033,road
698861.874243347,4647560.705233709,road
698862.3662821224,4647537.086173858,road
698862.4463444598,4647513.468690552,road
698861.8877665456,4647489.858154537,road
698864.238193472,4647466.351185705,road
698888.430319684,4647668.423824706,road
698909.7244718008,4647671.885176288,road
698931.2288808628,4647672.635796005,road
698952.6576261912,4647671.2512639165,road
698973.8100386081,4647667.246279195,road
698995.3256260381,4647665.664708238,road
699016.2784404196,4647660.906794227,road
699036.5845490774,4647653.67417528,road
699056.7153607411,4647645.91709523,road
699076.0313594763,4647636.511306239,road
699094.4209934591,4647625.231092096,road
699110.8652772622,4647611.427018166,road
699126.336119148,4647596.392909962,road
699141.6012673826,4647581.14833327,road
699158.4058889544,4647567.634844899,road
699179.131343778,4647562.098538677,road
699199.8768523583,4647556.288143907,road
699220.1915230622,4647549.026186639,road
699241.1095387095,4647544.13711342,road
699262.4863871553,4647541.269541125,road
699283.9290777089,4647538.8961699,road
698961.59014377,4647563.150340749,road
698946.8538458388,4647582.919088955,road
698932.1134207197,4647602.665081673,road
698916.6462316829,4647621.882454733,road
698903.9643519764,4647642.934082263,road
698893.8786324054,4647665.458462234,road
699075.409410255,4647810.773453279,road
699095.4266168296,4647803.239625715,road
699115.443823404,4647795.70579815,road
699135.5361538891,4647788.377033687,road
699155.6829577995,4647781.196963422,road
699175.8297617099,4647774.016893157,road
699196.6431821634,4647769.2946666,road
699217.3064834531,4647764.120144738,road
699237.1286051768,4647756.087050241,road
699256.9507269006,4647748.053955745,road
699277.0093737529,4647740.64270986,road
699297.1595216814,4647733.472029608,road
699317.3096696099,4647726.301349355,road
699312.464357001,4647718.559011166,road
699292.6630996497,4647710.474623488,road
699272.8618422985,4647702.39023581,road
699252.5185760829,4647695.835422731,road
699232.0450110683,4647689.648319013,road
699211.5509805653,4647683.534019954,road
699190.8523523663,4647678.147564022,road
699170.2065919132,4647672.570922962,road
699149.6975503685,4647666.502452666,road
699129.1885088237,4647660.4339823695,road
698979.8979820868,4647712.39441947,road
698996.0956977708,4647728.613929954,road
699012.2862340241,4647744.840589106,road
699028.4360402534,4647761.107803757,road
699044.3812071214,4647777.554602931,road
699058.4133586473,4647795.680199123,road
699072.4455101732,4647813.805795315,road
699082.6376716894,4647834.278511286,road
699092.3698460716,4647855.032385516,road
699103.4480877137,4647875.070554913,road
699115.2113968892,4647894.744473459,road
699115.0144360979,4647916.434468872,road
699110.3505377016,4647938.877431366,road
699106.0104508834,4647961.385248751,road
699112.1371935442,4647955.511896944,road
699109.9213994307,4647974.321055219,road
699116.5281762731,4647995.297416317,road
699124.6280295656,4648015.753487526,road
699130.4718196358,4648036.942861542,road
699133.1038451324,4648058.602639281,road
699124.5156151365,4648077.807253566,road
699111.4331388307,4648095.496395723,road
699093.2036826682,4648107.520161506,road
699071.5029859546,4648109.680000547,road
699049.6885273214,4648108.456005692,road
699028.5302994276,4648108.553946896,road
699008.5303381921,4648117.722372238,road
698988.5655728562,4648126.966797863,road
698968.6369958528,4648136.2893667845,road
698949.2380312545,4648146.604884672,road
698930.3947319053,4648157.962196955,road
698916.0501714639,4648174.510115178,road
698912.725091841,4648196.151630074,road
698819.2353380101,4648433.511166269,road
698837.4185015878,4648422.631103213,road
698855.4603719147,4648411.536465192,road
698871.3780553737,4648398.224893363,road
698877.5437050874,4648377.960893378,road
698880.7474018664,4648357.014783076,road
698885.9850475444,4648336.512125429,road
698893.8224550922,4648316.88038957,road
698900.6726435592,4648296.9907332845,road
698902.4440767167,4648276.046308895,road
698900.6626931789,4648254.931624846,road
698902.0565988895,4648233.793699255,road
698904.6152571412,4648212.759049798,road
698914.4765249318,4648194.328946788,road
698934.2531676514,4648188.781318139,road
698955.3158666788,4648191.097763579,road
698976.3855537745,4648193.349366427,road
698997.4581654737,4648195.57383175,road
699018.5929793612,4648196.996332937,road
699039.7565711248,4648198.04780498,road
699060.9274779628,4648198.809829313,road
699082.1171653721,4648198.828731558,road
699103.3068527813,4648198.847633803,road
699124.4831754647,4648199.341343769,road
699145.6403759351,4648200.5144073,road
699166.7975764056,4648201.687470833,road
699187.9602138046,4648202.753811334,road
699209.1270915043,4648203.736917761,road
699230.2939692038,4648204.720024189,road
699251.471443288,4648205.418723401,road
699272.6527923412,4648206.0134183485,road
699293.8341413945,4648206.608113297,road
699018.3759465239,4648196.985513151,road
699032.1195226052,4648213.998187595,road
699047.0979553523,4648229.885702831,road
699062.937463079,4648244.963389211,road
699080.3073554009,4648258.001106504,road
699098.8778260914,4648269.502327212,road
699111.9868014674,4648286.476837527,road
699112.7323517528,4648308.239753299,road
699113.107516103,4648330.106994254,road
699111.3942992545,4648351.797565245,road
699107.3509674737,4648373.2910164185,road
699102.9008411261,4648394.700806345,road
699098.1340970047,4648416.045480757,road
699093.3673528833,4648437.390155168,road
699112.7969920086,4648312.007066188,road
699132.232807487,4648334.3387996955,road
699160.4819227624,4648340.17035658,road
699187.6419008932,4648347.995433309,road
699208.2123916973,4648369.371054069,road
699144.7975061125,4648339.581884811,road
699130.4994666274,4648359.383866265,road
699136.5819226346,4648383.857664456,road
699142.9562576539,4648408.166054937,road
699142.4354952158,4648433.465962495,road
699142.5881894085,4648457.981566163,road
699144.0933259929,4648482.954382354,road
698819.2353380101,4648433.511166269,road
698837.1152816847,4648449.284011679,road
698852.9246614187,4648467.038243586,road
698872.8722730714,4648479.759889952,road
698895.2824874884,4648487.034851137,road
698918.8357723786,4648490.553797054,road
698942.6255170553,4648491.680297245,road
698966.2170005644,4648489.787543145,road
699124.828987259,4648518.062761638,road
699144.0933259929,4648482.954382354,road
699144.0933259929,4648482.954382354,road
699163.6284828922,4648498.388486192,road
699176.4839102468,4648518.359346951,road
699170.1682992928,4648542.184235633,road
699162.8886045313,4648565.812077186,road
699155.721453839,4648589.683310269,road
699124.828987259,4648518.062761638,road
699135.5422866587,4648553.534399226,road
699154.4000210899,4648585.171408585,road
698097.514239587,4648297.630758097,road
698132.3835203043,4648296.877312201,road
698160.9739142983,4648319.765047197,road
698125.117924374,4648249.560163848,road
698146.3757152425,4648261.378910434,road
698169.3900347564,4648269.932369763,road
698187.6700304497,4648285.65773048,road
698202.4999685328,4648305.031085337,road
698214.9267545863,4648326.151824688,road
698216.9760191834,4648350.133164947,road
698210.8341237204,4648373.799434982,road
698094.610498782,4648298.65039137,road
698060.1151757427,4648315.437247059,road
698026.2711783549,4648333.616106032,road
697977.0193078417,4648347.514229255,road
697995.4198732366,4648325.731705837,road
698017.5821150937,4648308.247214568,road
698042.0574924627,4648294.286582883,road
698415.6948931179,4648280.259450578,road
698422.3657391969,4648309.7082517315,road
698427.551505639,4648339.397498217,road
698427.5957275394,4648369.506908417,road
697889.0227033866,4648379.868825747,road
697903.8579185208,4648361.106580517,road
697923.8530671918,4648348.472254103,road
697942.0170167949,4648332.977316536,road
697959.1199688476,4648316.295886836,road
697977.5916360248,4648301.112229604,road
697993.9657869539,4648284.284699107,road
698056.314521508,4648286.686843984,road
698036.981275593,4648301.781798696,road
698017.648029678,4648316.876753408,road
697998.3147837631,4648331.971708122,road
697978.9815378482,4648347.066662834,road
697958.4786476952,4648360.356665267,road
697937.0083454318,4648371.421874426,road
697913.3355320486,4648377.366449829,road
697889.0227033866,4648379.868825747,road
698335.0422600142,4648263.891632443,road
698350.251060544,4648285.245519357,road
698354.2810594789,4648310.97044799,road
698354.9303077325,4648337.1952299895,road
698349.5942674142,4648362.719516756,road
698346.3049366531,4648388.516742161,road
698355.0992694716,4648413.113748564,road
698354.7145310449,4648341.00075008,road
698382.1535797316,4648335.398993393,road
698406.6291541795,4648349.973339181,road
698427.5957275394,4648369.506908417,road
697889.0227033866,4648379.868825747,road
697914.0387065033,4648393.32922651,road
697941.5705760401,4648396.987204317,road
697967.0916602702,4648384.650862038,road
697989.9921355009,4648367.825766472,road
698307.1173668378,4648429.375463093,road
698286.1234032852,4648420.208239227,road
698264.0185842403,4648415.772111684,road
698243.8566350458,4648422.410797153,road
698225.1004483255,4648434.85782779,road
698203.435687045,4648442.302464633,road
698181.4425903526,4648448.7037613485,road
698161.9465411078,4648459.641701977,road
698146.8618658999,4648476.882266728,road
698307.1173668378,4648429.375463093,road
698330.4473350553,4648437.680741907,road
698353.8600069341,4648445.738777247,road
698377.491620497,4648453.142284094,road
698401.2879689411,4648459.98843228,road
698425.315362533,4648465.892915329,road
698449.6693689323,4648470.381505923,road
698131.7859364344,4648545.003260446,road
698135.6917799745,4648510.201067898,road
698146.8618658999,4648476.882266728,road
698419.9339297672,4648581.045698836,road
698402.2510029234,4648561.684867521,road
698394.9443535187,4648537.65562325,road
698411.7848858997,4648517.840663261,road
698429.8477642661,4648498.629963337,road
698442.7313979529,4648476.238492851,road
697982.8168955033,4648665.498069948,road
697982.0033521807,4648645.09445963,road
697982.7142134779,4648624.740794198,road
697984.8615672857,4648604.43419334,road
697987.0369232048,4648584.130577251,road
697989.2181788319,4648563.827590017,road
697988.0133716038,4648543.586236783,road
697988.8994354992,4648523.37077221,road
697992.0585404101,4648503.21146592,road
697997.1352129121,4648483.4327763,road
698010.9447663733,4648468.950642951,road
698028.3317582762,4648460.048437188,road
698048.5656654579,4648457.299225135,road
698068.9274871168,4648457.391726471,road
698089.2112679997,4648459.117922088,road
698109.0502209911,4648463.953737527,road
698128.8891739825,4648468.789552966,road
698146.9590885388,4648476.969983093,road
698162.1216300722,4648490.647208726,road
698178.137059964,4648503.309460453,road
698194.5365122701,4648515.461967426,road
698211.3624851926,4648527.028105386,road
698228.7531208765,4648537.730205987,road
698246.2107954256,4648548.30370287,road
698264.9431657373,4648556.4318926595,road
698284.1387270053,4648560.38436843,road
698304.204113279,4648556.60502564,road
698324.4850852347,4648554.227770231,road
698343.9681735621,4648548.658714348,road
698362.9821492204,4648541.2130514225,road
698380.3696644554,4648531.07178449,road
698395.8211474963,4648517.721846716,road
698410.9575264504,4648504.0191788245,road
698426.0764815059,4648490.298536833,road
698441.6797489942,4648477.126323259,road
698457.457471585,4648464.170712521,road
698474.5117407292,4648453.976251948,road
698494.8711735663,4648452.406965071,road
698515.2468120025,4648453.088715841,road
698535.5993140616,4648454.656972122,road
698555.8610148072,4648457.193238995,road
698576.1227155529,4648459.729505867,road
698596.085172852,4648463.898553686,road
698615.5451865597,4648469.868393188,road
698634.3219346498,4648477.893534801,road
698652.3752666712,4648487.430123348,road
698671.1456514591,4648492.241843538,road
698690.055589191,4648485.172790122,road
698708.1106263564,4648475.634194853,road
698725.9213759217,4648465.647384222,road
698742.5774522828,4648453.941039172,road
698759.8068613015,4648443.308157445,road
698778.9569591382,4648436.482332262,road
698798.9132137859,4648432.156009668,road
698819.2353380101,4648433.511166269,road
697987.0156200366,4648536.677404393,road
697958.6402731409,4648541.53425946,road
697930.3723545298,4648546.942641966,road
697902.6855094634,4648554.829847128,road
697876.9546087072,4648567.714983048,road
698131.7859364344,4648545.003260446,road
698122.4066586139,4648569.229237043,road
698112.846542952,4648593.384251124,road
698103.7726402194,4648617.723370131,road
698099.1328387667,4648643.198699623,road
698095.4676113527,4648668.917076372,road
698255.5821826864,4648634.95469332,road
698279.4776838392,4648638.578250792,road
698303.6897038086,4648638.884208133,road
698327.9213677335,4648638.420369139,road
698352.158468449,4648637.385307814,road
698376.3395014215,4648636.468380613,road
698393.7342690977,4648621.9901857255,road
698404.5505759483,4648600.315963982,road
698423.3432307909,4648584.9676992595,road
698242.2462589853,4648663.660200163,road
698255.8581648674,4648634.345552907,road
698268.3645697598,4648604.598155765,road
698277.5101522389,4648573.598016968,road
698106.6679542806,4648609.723246015,road
698132.8057596099,4648608.417239795,road
698158.9593409103,4648607.937726242,road
698184.5354534318,4648611.972456563,road
698207.5163971849,4648624.272670865,road
698229.2316954923,4648638.4642769145,road
698254.8724623071,4648636.521196276,road
698636.5869082343,4648532.136875839,road
698623.200738934,4648513.069436744,road
698604.4644097374,4648500.013479642,road
698582.2731011484,4648492.872294971,road
698559.083563174,4648491.518009516,road
698564.8133435164,4648506.351406395,road
698581.7499325214,4648522.245063587,road
698598.3315905671,4648538.239244676,road
698613.9996001208,4648555.451953118,road
698563.7084172862,4648555.848121202,road
698532.0466737624,4648546.803499082,road
698500.0752282761,4648547.864920059,road
698500.0752282761,4648547.864920059,road
698470.3009554241,4648548.816539515,road
698447.2571570076,4648569.209086152,road
698423.3432307909,4648584.9676992595,road
698484.4464316315,4648482.449640149,road
698489.6169280643,4648506.934000527,road
698495.1384624259,4648531.369997704,road
698501.6050292883,4648555.574345794,road
698510.0154428134,4648579.241892091,road
698516.1664091389,4648603.5272908155,road
698517.8437983078,4648628.5936992755,road
698516.8103628956,4648653.69197641,road
698696.3830384872,4648565.377755787,road
698734.9116321516,4648569.177931201,road
698773.1263866334,4648574.905667104,road
698563.7084172862,4648555.848121202,road
698581.4313211798,4648576.124425769,road
698596.4004711393,4648598.638039003,road
698610.415280302,4648621.752261526,road
698623.3463644936,4648645.491113842,road
698419.9339297672,4648581.045698836,road
698435.6891549312,4648598.786578412,road
698451.2703263743,4648616.607080282,road
698464.306293982,4648636.43823765,road
698485.4911288784,4648642.539277546,road
698508.1533331918,4648649.460433097,road
698511.2399344477,4648666.6451196,road
698623.3463644936,4648645.491113842,road
698644.3634428807,4648653.472032854,road
698666.1413688419,4648659.055331861,road
698688.2205158785,4648663.227290327,road
698710.3429153424,4648667.23313832,road
698732.6848111573,4648669.123069261,road
698754.6803135503,4648665.331832264,road
698773.8330233347,4648654.087967256,road
698791.1089373379,4648639.734048765,road
698809.0302431954,4648626.1591423815,road
698608.8819982844,4648687.103605142,road
698594.0147692371,4648664.639939585,road
698571.491925205,4648649.350139711,road
698544.6841752311,4648644.760724782,road
698517.5454465036,4648644.521292657,road
698594.9628182439,4648706.2075110385,road
698570.8652862338,4648690.391119566,road
698552.850918682,4648668.015497908,road
698537.4951950691,4648645.599240149,road
698859.123537022,4648654.3661638005,road
698859.4187965601,4648629.288175797,road
698861.610940601,4648604.466199311,road
698869.5113720632,4648580.783396441,road
698869.4834618298,4648555.723799103,road
698870.0031588974,4648530.620570028,road
698871.4529501167,4648505.555788412,road
698875.1770099464,4648480.731591809,road
698816.2466589756,4648520.806569511,road
698837.8658068497,4648527.6292288015,road
698859.5221486908,4648534.33255883,road
698881.65282088,4648538.048979364,road
698904.2888467312,4648538.78876653,road
698921.525578854,4648552.948376143,road
698935.9261224342,4648570.335650376,road
698945.3756654935,4648590.873749065,road
698956.6449109596,4648610.48316777,road
698972.9721643422,4648625.961236419,road
698994.075018306,4648633.357759259,road
699015.3950236327,4648640.633063781,road
699037.2826754572,4648645.877487409,road
699058.8305238736,4648640.748118514,road
699078.9209964084,4648630.535073757,road
698881.1015729776,4648580.960528768,road
698851.3638785606,4648590.268151153,road
698827.9268543908,4648610.533572518,road
698807.8726892284,4648634.525836877,road
698824.7088316365,4648614.6024490595,road
698846.5002327522,4648612.557986902,road
698868.324295851,4648612.588901092,road
698889.6956024728,4648616.743903706,road
698909.8279827279,4648625.207868224,road
698925.9497710202,4648639.752634531,road
698938.048282869,4648657.878439651,road
698954.6742978302,4648671.851149,road
698975.8994739492,4648671.8566845115,road
698997.6951490492,4648672.055209238,road
699019.4927606735,4648673.99657406,road
699033.8502529466,4648687.657200554,road
699050.1927778847,4648701.644802294,road
699069.9306666891,4648710.959160565,road
699090.5431610512,4648714.457821565,road
699108.9546663035,4648716.1853931565,road
699118.3635605825,4648735.1800286,road
699133.595944263,4648750.895511849,road
699148.3301094213,4648767.010263665,road
699161.8477229488,4648783.852819564,road
698859.123537022,4648654.3661638005,road
698860.3008659444,4648680.3642259855,road
698859.5447539561,4648706.376348493,road
698861.4075146862,4648732.311423227,road
698862.6570623971,4648755.453712081,road
698803.330116425,4648712.983385613,road
698803.2936741572,4648705.942820372,road
699107.8699890517,4648645.779187656,road
699117.4058119161,4648668.664950575,road
699125.1495929165,4648692.083165427,road
699136.3251770274,4648714.161079632,road
699145.2040392567,4648737.287693592,road
699155.5900073968,4648759.7365866,road
699164.4137735935,4648782.856014031,road
698787.095277732,4648714.674731661,road
698805.9862035852,4648704.683092484,road
698823.3768943748,4648692.754958372,road
698841.1978062509,4648681.329830442,road
698861.0992635293,4648674.29520573,road
698880.9346402423,4648677.565172415,road
698896.8304377977,4648691.084480328,road
698908.5864549591,4648708.94292733,road
698920.5238926114,4648726.672866738,road
698932.2217400328,4648744.55161003,road
698948.2896762432,4648757.938186756,road
698969.1230017724,4648761.2389154,road
698990.4577649302,4648760.932065353,road
699011.7577114919,4648762.829928149,road
699032.7659327298,4648766.534331748,road
699053.8099326834,4648770.175386222,road
699075.0893615008,4648771.970420618,road
699095.3017813974,4648778.8920463165,road
699114.6340999658,4648787.989125082,road
699133.5877334776,4648797.891113944,road
699214.2742445222,4648745.208127517,road
699245.4188421468,4648746.819221633,road
699276.711509647,4648742.52377636,road
699307.8921213213,4648737.251797002,road
698803.330116425,4648712.983385613,road
698803.5156513435,4648749.518830271,road
698809.0201688211,4648785.592138265,road
697982.3451124611,4648667.686274903,road
697982.8168955033,4648665.498069948,road
697876.8341029579,4648729.427545056,road
697896.2823973362,4648714.410791573,road
697916.0195858174,4648699.74135692,road
697937.8690998968,4648688.460810506,road
697959.7397012878,4648677.191530378,road
697982.3451124611,4648667.686274903,road
698124.2189671295,4648698.33756626,road
698143.1398982281,4648687.177699447,road
698163.3328149593,4648678.956420863,road
698184.6142161418,4648673.563111654,road
698206.1057823842,4648669.0350128,road
698227.7580328156,4648665.330378919,road
698247.2345888052,4648669.0975772645,road
698262.6124093933,4648684.738871971,road
698279.8583359387,4648698.24109525,road
698299.1155404608,4648708.737739955,road
698319.4992597748,4648716.908488994,road
698340.0801373388,4648724.587779113,road
698360.6348309416,4648732.3365758415,road
698381.1688890199,4648740.140210878,road
698402.4642171289,4648744.930882872,road
698424.2406046147,4648747.817612685,road
698445.9138709084,4648751.39150088,road
698467.5783564112,4648755.023900754,road
698489.4551155091,4648753.672637267,road
698282.0614273339,4648749.112728661,road
698259.9431633723,4648745.814079647,road
698238.5741230753,4648736.792291766,road
698216.2182655598,4648731.448259125,road
698196.120498776,4648719.958970545,road
698202.4917732549,4648710.797934989,road
698225.3043783783,4648714.5808320325,road
698248.3202605811,4648717.5220581,road
698271.2998991881,4648717.161464404,road
698289.8766736003,4648704.157069143,road
697899.8613690666,4648812.326675247,road
697915.5298012398,4648794.816442563,road
697933.7767788203,4648780.344900024,road
697953.600886045,4648767.730909495,road
697973.7953705712,4648755.759749777,road
697982.6115258976,4648738.061428228,road
697981.1354137736,4648714.611382835,road
697981.1745151111,4648691.154076616,road
697982.3451124611,4648667.686274903,road
697926.3546541897,4648694.46696727,road
697921.3007556924,4648717.649503655,road
697911.7413918913,4648739.5633041905,road
697903.6320986272,4648762.10356782,road
697892.1366210942,4648783.052046972,road
697877.3075963196,4648800.472824908,road
697857.1919576108,4648789.698356639,road
697854.2831430833,4648771.313179112,road
697867.4881404121,4648751.516805604,road
697876.8341029579,4648729.427545056,road
698124.2189671295,4648698.33756626,road
698135.2387137156,4648721.652732911,road
698154.3143222552,4648739.477350676,road
698167.9579336721,4648761.771292068,road
698178.1017698246,4648785.8042610455,road
698189.2018496018,4648809.432109148,road
698207.2521429744,4648828.335941152,road
698277.0661207025,4648780.893066494,road
698254.9946014689,4648771.7814128855,road
698231.7441326695,4648765.205672724,road
698208.8127582889,4648757.437886837,road
698185.9874749448,4648749.637053115,road
698162.4497129957,4648752.770715536,road
698352.0353792281,4648729.054588046,road
698345.298706991,4648750.794413399,road
698338.6121733955,4648772.476140959,road
698332.408391228,4648794.357182733,road
698323.0083472554,4648813.996962273,road
698300.9204296725,4648811.2912774235,road
698278.4215412176,4648808.024903438,road
698255.6466238813,4648807.811757506,road
698232.8751911457,4648807.175571018,road
698210.1729471857,4648805.635575466,road
698187.3950166058,4648805.9653641535,road
698035.5990651657,4648786.807901011,road
698053.579934459,4648770.667745806,road
698076.8820499801,4648766.048491564,road
698100.4967040707,4648769.984282731,road
698123.4903130595,4648778.055881451,road
698146.0323585863,4648786.266908419,road
698164.4282618033,4648802.2022222625,road
698187.3950166058,4648805.9653641535,road
698758.6359197138,4648663.603212655,road
698746.9543889455,4648681.752611032,road
698733.4614405504,4648698.35584592,road
698717.3878081567,4648712.760356429,road
698702.2351599527,4648728.011206438,road
698685.8714397479,4648740.312495477,road
698664.8620696465,4648744.897534746,road
698643.4107344296,4648746.868313862,road
698621.8392073442,4648746.753019189,road
698600.2901765245,4648745.563050376,road
698579.2773143568,4648741.832131883,road
698561.4492451511,4648730.45982168,road
698547.4557109831,4648714.03409281,road
698533.9202032769,4648697.221993652,road
698520.1793217676,4648680.59344454,road
698508.0146960015,4648662.8346257545,road
698787.095277732,4648714.674731661,road
698763.2075190686,4648741.497783583,road
698802.6418385216,4648556.410021185,road
698807.3384917555,4648576.7761651,road
698809.7268500888,4648597.4843678055,road
698809.4485923852,4648618.381712192,road
698806.8647316366,4648639.051604467,road
698799.2888739463,4648658.44375817,road
698788.6535103708,4648676.418347987,road
698781.011267585,4648695.856557975,road
698773.3647325158,4648715.294900814,road
698766.1253939873,4648734.867931416,road
698755.2263899851,4648752.580152402,road
698742.074466305,4648768.810053805,road
698733.0027101411,4648787.417564307,road
698720.5658214217,4648804.210191898,road
698706.730580025,4648819.755410034,road
698690.5494635591,4648832.962357301,road
698676.3074805269,4648848.259556027,road
698659.4842217129,4648859.663975713,road
698640.0109000588,4648867.242518224,road
698619.543284407,4648868.965793125,road
698598.6586388537,4648869.072820217,road
698577.8166293805,4648867.843158125,road
698556.9338487483,4648867.605735834,road
698536.3519488602,4648870.726829903,road
698516.6145653408,4648877.460536469,road
698498.4214273185,4648887.592020468,road
698482.7307860048,4648900.550496881,road
698463.165788137,4648907.892070512,road
698444.017182811,4648916.2687813,road
698424.5277805085,4648923.730557342,road
698404.4899033371,4648929.666246101,road
698384.2736011165,4648934.944599273,road
698363.7902773737,4648939.051327769,road
698343.1207050219,4648942.150867789,road
698548.8447171269,4648773.793868373,road
698501.8351529388,4648783.135091992,road
698489.4551155091,4648753.672637267,road
698501.8697664383,4648780.757608287,road
698503.1314323826,4648811.703794373,road
698862.6570623971,4648755.453712081,road
698847.4572576745,4648772.196865885,road
698833.7589070424,4648789.869411527,road
698815.4749163392,4648803.879909621,road
698799.0074530091,4648819.920554099,road
698777.941018633,4648829.066746451,road
698755.9765277376,4648832.73907709,road
698739.2616090316,4648816.943886221,road
698723.2754400655,4648800.832195007,road
698579.0667585747,4648828.137417371,road
698605.4106481215,4648832.440742824,road
698632.2207144462,4648828.823994026,road
698659.3794834974,4648828.863162081,road
698683.3615697102,4648840.682789373,road
698586.3513461173,4648868.514507156,road
698579.0667585747,4648828.137417371,road
698579.0667585747,4648828.137417371,road
698554.686761309,4648820.590505363,road
698529.6834321703,4648815.656922621,road
698504.4468769982,4648811.880269683,road
698500.7419401346,4648835.779645196,road
698499.4969707713,4648861.248050452,road
698499.151102642,4648886.767073215,road
698665.4583646482,4648878.248799231,road
698689.0951725683,4648891.7683369145,road
698714.387457771,4648902.113910572,road
698736.3368686562,4648917.399158009,road
698083.9774136617,4648800.819036437,road
698074.0797993746,4648801.098903433,road
698083.879122112,4648800.813361134,road
698111.4363266297,4648801.820287193,road
698138.9834605032,4648803.035733003,road
698166.5370162062,4648804.262968965,road
698330.3734476601,4648813.098856136,road
698326.8477240066,4648810.661351852,road
698330.3734476601,4648813.098856136,road
698355.1996655999,4648812.581702584,road
698380.0009875371,4648811.204983884,road
698404.8167373596,4648810.267247042,road
698429.530181106,4648812.520085085,road
698454.081685497,4648816.0142187895,road
698478.8890908569,4648816.807518936,road
698503.1314323826,4648811.703794373,road
698035.5990651657,4648786.807901011,road
698017.3256620963,4648811.218840657,road
698000.945546673,4648837.0598664135,road
697983.4141571672,4648862.135457824,road
697970.6061830766,4648919.140224592,road
697979.4702156022,4648896.4841504255,road
697982.8670527891,4648872.156437868,road
697986.2469700099,4648847.913768388,road
697990.1588446448,4648823.788546792,road
697990.301358867,4648799.218115103,road
697988.462760881,4648774.713541894,road
697983.3116433744,4648750.814875933,road
698311.418530844,4648863.063120528,road
698339.6422033646,4648852.56119009,road
698358.5887169112,4648830.150501358,road
698380.4876339207,4648811.450871689,road
698321.6375764069,4648814.606475088,road
698316.117513399,4648842.071852132,road
698309.9344821885,4648869.396601251,road
698298.9406297918,4648893.11543853,road
698270.9394196513,4648894.019789697,road
698063.7353406779,4648953.052622199,road
698072.1863173739,4648930.219364434,road
698079.0688984494,4648907.088245899,road
698077.7522130187,4648883.001960143,road
698074.092176934,4648858.947112113,road
698069.905994161,4648835.02075526,road
698071.4571389753,4648810.826743611,road
698080.7939581572,4648788.549729047,road
698091.5635955697,4648766.754556409,road
698207.2521429744,4648828.335941152,road
698221.7751749827,4648843.603653242,road
698236.2108983401,4648858.952840952,road
698250.4395765469,4648874.49524127,road
698266.7035056938,4648887.876669082,road
698271.5763241085,4648906.976938865,road
698263.1611299312,4648926.272017224,road
698248.5572776621,4648934.340773892,road
698227.9718877542,4648930.082521314,road
698207.9091947793,4648923.639708126,road
698187.4009438006,4648919.039365482,road
698166.9821334472,4648921.688069482,road
698146.8170109722,4648927.798309554,road
698126.7390975092,4648934.19353294,road
698106.669626911,4648940.615138001,road
698086.6092841179,4648947.0652649915,road
698066.2754557605,4648952.498997645,road
698046.0944030373,4648958.109642278,road
698026.4562059656,4648963.263887249,road
698006.581983582,4648959.475029944,road
697995.270632977,4648942.032283241,road
697986.9862178644,4648922.659012906,road
697978.4383111579,4648903.398826456,road
699235.6436465194,4648006.796063369,road
699260.7497784368,4648007.078102628,road
699285.8559103543,4648007.360141887,road
699310.9598895612,4648007.198712009,road
699336.0621002027,4648006.67294884,road
699360.92974556,4648008.413097331,road
699356.7698504888,4648008.344461443,road
699378.9518076223,4648008.710664705,road
699401.133764756,4648009.076867969,road
699423.3157218896,4648009.443071231,road
699445.4976790233,4648009.809274494,road
699467.6796361569,4648010.175477756,road
699489.8615932906,4648010.54168102,road
699512.0161994739,4648011.588142226,road
699534.1559546228,4648013.003970271,road
699556.2957097718,4648014.419798315,road
699578.4354649208,4648015.835626358,road
699600.5752200698,4648017.251454402,road
699622.7149752189,4648018.667282446,road
699644.8547303679,4648020.08311049,road
699666.9944855169,4648021.4989385335,road
699689.1342406659,4648022.914766577,road
699711.3056917519,4648023.098871272,road
699733.4889637617,4648022.823607684,road
699755.6722357717,4648022.548344096,road
699511.6706177933,4648037.579909255,road
699540.2844085845,4648040.8897932945,road
699569.1510079864,4648040.846944805,road
699596.2745797919,4648048.928936478,road
699418.6769814296,4648103.825059321,road
699461.3613573931,4648132.201723223,road
699671.0288424303,4648055.917484694,road
699649.8483446083,4648048.894889181,road
699627.8137519769,4648045.213920042,road
699605.9314771638,4648045.685679648,road
699585.1669070367,4648053.786985906,road
699567.7207010018,4648067.642986188,road
699553.3707409978,4648084.7358548865,road
699537.1805015455,4648100.040704388,road
699518.681605811,4648112.571379573,road
699502.5862157841,4648127.474977741,road
699497.0030332119,4648148.797372109,road
699498.7643548782,4648170.999575157,road
699501.3731030797,4648193.199797177,road
699547.0589572386,4648091.925444162,road
699553.1801543878,4648123.9927617395,road
699554.7215187637,4648156.5929162,road
699359.1487379244,4648093.587871994,road
699350.7259849589,4648127.339058806,road
699353.3861566158,4648162.300632575,road
699634.8574469237,4648098.945711456,road
699630.5529252519,4648129.094860074,road
699626.2484035799,4648159.244008692,road
699293.8341413945,4648206.608113297,road
699307.2502084073,4648182.240377842,road
699311.0262946327,4648150.011146207,road
699311.8722424842,4648117.558143614,road
699422.8053010326,4648057.0964272935,road
699421.1613169435,4648081.279524994,road
699418.3275765913,4648105.280705727,road
699414.3761651112,4648129.098734349,road
699413.2641640326,4648153.302751885,road
699414.5169955122,4648177.509265706,road
699414.66133632,4648201.741408754,road
699414.2197480167,4648225.971740061,road
699411.3258533407,4648249.955645237,road
699401.3146970727,4648271.869026819,road
699754.0412146141,4648091.031594839,road
699703.3415832713,4648097.145782428,road
699988.5667587323,4648116.465792795,road
699976.9096093656,4648093.953021377,road
699972.5549615881,4648069.640942311,road
699995.5626180875,4648068.027544669,road
700011.4300493586,4648087.133766102,road
700022.2619697358,4648110.004683804,road
700034.8476696225,4648131.920852265,road
699724.3186202554,4648137.958396123,road
699743.5691716222,4648115.988980652,road
699763.9026014211,4648094.996071081,road
699775.3408539887,4648070.158283751,road
699750.2220238288,4648071.062494063,road
700016.4070492154,4648063.343191584,road
700026.1377247231,4648084.928112033,road
700039.8770868004,4648104.191870752,road
700054.6498744274,4648122.475571771,road
700066.2603058062,4648143.107954765,road
700075.794684995,4648164.768332216,road
700085.7712075075,4648186.224194753,road
700097.5651884505,4648206.750336235,road
699705.6324585238,4648129.176434883,road
699674.9394856751,4648142.864973395,road
699648.2451467073,4648162.390531485,road
699672.802766154,4648171.792903812,road
699696.2433268111,4648151.85145851,road
699724.3186202554,4648137.958396123,road
699717.2235264763,4648202.438151364,road
699711.4650190192,4648170.916255362,road
699724.3186202554,4648137.958396123,road
699359.7139751054,4648617.330775112,road
699377.2415560238,4648607.044262884,road
699394.8660063655,4648596.924756933,road
699413.1666021692,4648588.121320166,road
699432.3841596572,4648581.562788014,road
699451.7462750226,4648575.533382766,road
699469.4294544465,4648565.803201529,road
699485.8134985284,4648554.185089578,road
699497.2149017917,4648537.456935734,road
699507.1581767229,4648519.732385299,road
699515.2174914444,4648501.180389635,road
699520.5229363716,4648481.562013536,road
699525.34728628,4648461.851783155,road
699527.6429343637,4648441.658753999,road
699530.1662175282,4648421.494042607,road
699532.9946995124,4648401.3727199845,road
699537.2824485465,4648381.507080431,road
699537.9647239483,4648361.255295438,road
699537.9811795234,4648340.932201287,road
699541.4899133304,4648320.931834878,road
699545.0562105313,4648300.934019975,road
699545.8570849167,4648280.626705361,road
699545.7790419431,4648260.321200127,road
699545.4937877314,4648240.0193093745,road
699546.5106841428,4648219.721665463,road
699547.5275805544,4648199.424021552,road
699550.8351092213,4648179.378207065,road
699554.252201081,4648159.344437826,road
699560.4457393188,4648140.021894682,road
699568.972931512,4648121.58134695,road
699579.9730434417,4648104.499372046,road
699592.3620510824,4648088.579097674,road
699608.6541228954,4648076.612847978,road
699627.235096504,4648068.58982099,road
699647.0205077262,4648064.2355207335,road
699666.2214779472,4648058.20790046,road
699684.5686734164,4648049.466685151,road
699702.9654889259,4648040.830735639,road
699722.1025600494,4648034.355916961,road
699740.4156770192,4648026.991086595,road
699755.8738325533,4648013.853636847,road
699772.8285251452,4648002.647976412,road
699789.444012469,4647990.9919577725,road
699804.9790928055,4647977.890488491,road
699820.8625413927,4647965.221257584,road
699837.3577975832,4647953.349700723,road
699854.4014031227,4647942.303502458,road
699873.2001176213,4647934.616520853,road
699892.3027179331,4647927.679728511,road
699911.5083590747,4647921.103654361,road
699931.4530290079,4647917.5662002405,road
699951.7747329714,4647917.804474625,road
699972.0922040094,4647917.462123262,road
699992.3870111275,4647917.565869158,road
700012.4983153817,4647920.127093869,road
700031.5640508673,4647926.810086185,road
700049.2586262552,4647936.806607005,road
700067.0771607303,4647946.580040391,road
700082.027479812,4647960.215864031,road
700097.2413961636,4647973.690459858,road
700112.4880082405,4647987.1280655535,road
700129.790332176,4647997.787159446,road
700147.0998372008,4648008.436547337,road
700166.9852090753,4648012.525200617,road
700186.8427590827,4648011.696300522,road
700206.5765391366,4648006.88560004,road
700226.5401449808,4648003.085333507,road
700245.8840273361,4647997.077116079,road
700245.8036870088,4647982.153853918,road
700234.6023680075,4647965.196292794,road
700225.6616400951,4647947.021523989,road
700215.4067162557,4647930.002779913,road
700199.7894566875,4647917.000492924,road
700184.3208134084,4647903.831865829,road
700169.2599522364,4647890.186394514,road
700157.1905849491,4647873.938196134,road
700141.9614577981,4647860.543505932,road
700128.1297202529,4647845.784911838,road
700112.2393342991,4647833.283939266,road
700097.6146944864,4647819.619517319,road
700083.8908325579,4647804.646932149,road
700069.33687351,4647790.478189106,road
700055.2834945682,4647775.80909549,road
700040.4014386035,4647761.970642085,road
700023.2371164949,4647752.016210941,road
700003.2754577248,4647749.138406583,road
699982.960764303,4647749.510891566,road
699962.6396911767,4647749.732760632,road
699942.4283755596,4647748.912772624,road
699922.3363512848,4647745.860916889,road
699902.1438951023,4647743.671591389,road
699882.116773038,4647745.183171596,road
699862.7661895306,4647751.233582065,road
699844.1799713895,4647759.441439772,road
699645.0860514949,4648261.365793422,road
699637.6948603505,4648235.068956886,road
699635.2173513056,4648207.845063668,road
699648.4799444214,4648184.271152506,road
699672.6135229338,4648173.112869107,road
699773.3262699388,4648256.824546409,road
699795.3479989202,4648250.937129859,road
699815.9712673095,4648241.40498275,road
699838.0302541034,4648237.829640278,road
699860.3169504714,4648235.338353571,road
699881.9823970668,4648228.356924434,road
699904.2400019984,4648223.480784708,road
699926.9585625494,4648222.712603034,road
699949.7391571274,4648221.972319972,road
699972.5156024548,4648221.049677341,road
699995.005443865,4648217.665223261,road
700015.4165329825,4648208.170144888,road
700032.2380295739,4648192.786534343,road
700092.9395130363,4648209.147452755,road
700131.4735424601,4648170.8784626275,road
700508.3352009839,4648175.323767981,road
700520.4193464597,4648213.291559631,road
700473.0910444951,4648197.855779294,road
700496.9264885332,4648207.136974165,road
700521.6803364701,4648213.706115851,road
700543.4617487396,4648226.989513306,road
700563.8419239194,4648242.521825213,road
700092.7782668732,4648209.8280899925,road
700115.4007230714,4648215.638348275,road
700138.205284841,4648220.665655088,road
700161.3514205595,4648223.347631902,road
700184.5952722545,4648225.560553444,road
700207.5162158535,4648229.934263545,road
700227.9974557279,4648241.139929253,road
700250.2471711126,4648247.092009106,road
700273.5701544831,4648248.20415092,road
700272.9111704046,4648232.247848594,road
700419.6156373223,4648215.0575039815,road
700450.2855931278,4648231.329296313,road
700466.258733652,4648264.463149773,road
700559.7516669902,4648256.440264106,road
700590.3868506027,4648226.211045581,road
700419.6156373223,4648215.0575039815,road
700423.6771406046,4648243.081729005,road
700432.6470142811,4648270.111542784,road
700437.4133161709,4648297.562771486,road
700616.2405028527,4648307.018346561,road
700632.8888973016,4648290.699243471,road
700649.0013039035,4648273.947584492,road
700667.4639929319,4648259.840427331,road
700656.502739662,4648251.125288566,road
700633.2370153368,4648248.701509585,road
700609.9844169071,4648246.171400624,road
700586.6872041728,4648243.953413982,road
700567.3872292528,4648241.848465563,road
700147.2272612802,4648282.540252051,road
700103.1653807309,4648276.12278055,road
700034.6888176526,4648288.776516923,road
700062.1197526141,4648283.347376837,road
700088.8686535367,4648275.93588381,road
700116.1603997534,4648279.618044874,road
700138.4090611355,4648296.405234301,road
699673.0055977135,4648171.536520334,road
699671.2811772345,4648195.308399848,road
699680.804820807,4648217.734181216,road
699681.8363435648,4648242.193764941,road
699679.6700103487,4648266.477056925,road
699677.2144794598,4648290.889436867,road
699773.5500612098,4648256.76471629,road
699726.905410952,4648255.578193697,road
699607.5883817647,4648486.6911131395,road
699598.6124056332,4648467.892273158,road
699591.400891864,4648448.374938355,road
699584.8273226905,4648428.607472142,road
699582.1292620393,4648407.971124935,road
699582.3519670252,4648387.164238267,road
699583.4005475659,4648366.377380011,road
699586.1052089507,4648345.721888272,road
699586.3935164196,4648324.914113833,road
699586.7420914461,4648304.087711432,road
699587.0578792157,4648283.260826004,road
699587.303780993,4648262.442945969,road
699589.1633283034,4648241.694292616,road
699591.0946501399,4648220.952605661,road
699593.2599295917,4648200.23362651,road
699586.7728740439,4648180.56701331,road
699581.145784098,4648160.829436119,road
699586.4700076944,4648140.965348639,road
699598.1707736653,4648123.868520312,road
699614.160416517,4648110.693518001,road
699632.2202108174,4648100.3532825485,road
699650.5983298606,4648090.544649994,road
699668.9983912364,4648080.777405441,road
699687.4305233508,4648071.070653261,road
699704.0387948366,4648058.576625588,road
699720.036582763,4648045.245206077,road
699735.57007881,4648031.364462843,road
699768.9701785706,4648257.656271936,road
699794.4254464278,4648263.986555899,road
699820.8798588944,4648262.231161808,road
699847.4621342325,4648261.2992155515,road
699874.0326114767,4648260.693034942,road
699900.5513076578,4648263.007131699,road
699927.1131879168,4648264.678702982,road
699634.4390576775,4648283.081640022,road
699650.9778602314,4648271.303417901,road
699677.497172373,4648292.842656343,road
699804.44270265,4648297.815640271,road
699832.3989056735,4648290.824027679,road
699860.0867947182,4648283.650994203,road
699888.7959014633,4648281.843233097,road
699917.5432929433,4648284.064318641,road
699947.4146371686,4648288.714304894,road
699970.217672517,4648287.479708245,road
699993.0167807153,4648287.528150011,road
700015.8035331523,4648288.485764017,road
700038.486768512,4648289.8377356995,road
700060.1508467762,4648296.98111487,road
700081.7717753566,4648304.256384361,road
700103.2344189723,4648312.054961177,road
700125.5724416465,4648315.802375352,road
699959.623212388,4648300.045179316,road
699923.121827106,4648316.36649683,road
699677.1682364645,4648290.5699287485,road
699694.214131528,4648344.310423338,road
699807.091257158,4648353.403781059,road
699830.2805493813,4648340.733737875,road
699851.3980153488,4648324.948196088,road
699869.193817455,4648305.831975688,road
699893.0686605981,4648294.674399774,road
699917.3196318854,4648284.150645816,road
699941.3034448505,4648295.034110713,road
699621.7440425793,4648201.876988128,road
699641.6676522291,4648170.302062978,road
699651.4630249548,4648134.977439903,road
699621.7440425793,4648201.876988128,road
699612.7417247696,4648222.323726974,road
699501.3731030797,4648193.199797177,road
699513.5476350243,4648251.407794925,road
699631.2021044204,4648152.745434428,road
699618.8827500915,4648172.1835056,road
699612.0914843366,4648194.304373135,road
699612.0281091519,4648217.348033061,road
699618.7146471962,4648239.248772569,road
699628.1916347585,4648260.387624328,road
699634.3585081833,4648282.661727956,road
699638.1469230413,4648305.540290253,road
699641.3567623267,4648328.5101344725,road
699413.3101489148,4648341.166288988,road
699431.0756843177,4648321.899653041,road
699440.8188919151,4648298.4509852035,road
699451.2510702324,4648274.273656147,road
699464.0584174306,4648251.455450252,road
699466.3961155794,4648225.334769978,road
699473.8507529713,4648200.135726298,road
699467.1117491586,4648073.75121332,road
699463.800055339,4648095.391115038,road
699461.7844180504,4648117.147947863,road
699461.8948704386,4648138.990925979,road
699464.9252751522,4648160.672007815,road
699469.4310398243,4648182.062637734,road
699474.616358301,4648203.331034089,road
699480.358946568,4648224.45275787,road
699487.4423066844,4648245.141784234,road
699497.1074749234,4648264.686922074,road
699499.3494938499,4648286.217563464,road
699499.5120064239,4648308.10880034,road
699499.1129914499,4648329.987553225,road
699497.8858469039,4648351.844972528,road
699495.2100022581,4648373.486531143,road
699490.0116717793,4648394.752231756,road
699486.7892592998,4648416.359497302,road
699479.2104485997,4648436.82693616,road
699471.6235346809,4648457.357384996,road
699464.8544050554,4648478.170023274,road
699460.0745512686,4648499.523317492,road
699112.1371935442,4647955.511896944,road
699132.5572175864,4647952.511622145,road
699153.0209643847,4647949.826778052,road
699173.6068008473,4647948.381014452,road
699193.740878021,4647950.832775917,road
699209.5584267849,4647963.042762808,road
699220.9728876392,4647980.157694691,road
699230.9293001001,4647998.235263486,road
699241.0715250062,4648016.208722225,road
699252.5427545704,4648033.347217628,road
699264.1080138428,4648050.438349671,road
699275.4158139672,4648067.704289759,road
699287.2405177015,4648084.619269711,road
699299.1166857715,4648101.499307115,road
699311.8970532978,4648117.580667084,road
699326.7696145937,4648131.826719345,road
699339.2153101441,4648148.291338775,road
699353.8885824987,4648162.789342289,road
699369.6665064838,4648176.070140203,road
699382.6515553499,4648192.100417791,road
699393.5804133007,4648209.5717302505,road
699400.5126885275,4648228.848426111,road
699402.549133003,4648249.326794694,road
699401.5423781659,4648269.89201953,road
699400.7886663157,4648290.464442673,road
699401.6961379037,4648311.046963855,road
699407.4965048787,4648330.851393405,road
699417.0224978721,4648348.952731542,road
699414.5620895029,4648369.444813462,road
699417.219955318,4648389.690390871,road
699421.4899052132,4648409.882292699,road
699425.5425465669,4648430.119761138,road
699425.4901666262,4648450.7060614405,road
699419.7862645676,4648470.36106074,road
699412.7405052726,4648489.760450079,road
699403.5113084922,4648508.193545495,road
699392.5605468166,4648525.671842028,road
699377.8030497598,4648539.867428053,road
699361.849151917,4648552.959383722,road
699349.6160081723,4648569.019852914,road
699341.1853047408,4648587.813133371,road
699333.7938841922,4648607.076064945,road
699327.5083209773,4648626.684289934,road
699321.6509441509,4648646.4492464075,road
699315.7971116318,4648666.151378183,road
699314.4900670976,4648686.688247416,road
699317.8727924401,4648706.956499257,road
699322.7837372015,4648727.000480895,road
699328.6910711199,4648746.774605544,road
699531.8587726277,4648408.969821624,road
699520.1128308019,4648385.5520549165,road
699511.0571402961,4648361.268760424,road
699521.3783135212,4648338.163482542,road
699537.9675663207,4648357.747773378,road
699486.5928913386,4648418.266706141,road
699496.4354889987,4648455.984063573,road
699525.7488158663,4648458.319824865,road
699555.9787033501,4648443.897997491,road
699584.2417952716,4648425.4819862535,road
699804.44270265,4648297.815640271,road
699778.8473466788,4648307.4996921485,road
699754.3796407932,4648319.721006567,road
699730.9867846131,4648333.667528836,road
699708.5419635569,4648349.218547766,road
699959.623212388,4648300.045179316,road
699983.950454985,4648298.17580844,road
700008.1016501628,4648300.05321135,road
700031.4091987001,4648307.230098163,road
700053.8403370795,4648316.837816144,road
700076.7206558016,4648325.303540766,road
700098.6117860052,4648336.002089819,road
700121.3796065445,4648344.771753637,road
700144.6439500387,4648352.040478483,road
700080.4617810887,4648326.565609149,road
700057.3999105038,4648335.643246396,road
700032.9327672829,4648342.330623684,road
700007.540275218,4648342.892444328,road
699982.7085657188,4648337.503498232,road
699957.6824906428,4648333.921689156,road
699932.8044757661,4648338.388955938,road
699907.7208682178,4648341.238658878,road
699769.913068109,4648378.08069179,road
699774.4779766861,4648351.459456408,road
699777.0795885744,4648324.639914235,road
699792.3158248247,4648302.403851849,road
699570.2093656369,4648542.329459629,road
699579.5661047186,4648524.200410739,road
699590.9769151851,4648507.3883617055,road
699604.4193432216,4648492.113423384,road
699611.5348184902,4648473.140578027,road
699618.6605356459,4648454.061617059,road
699630.1322333833,4648437.267305243,road
699644.8285012576,4648423.297442287,road
699655.6365242033,4648405.994167651,road
699669.0562766324,4648390.713878568,road
699684.4937007052,4648377.516846159,road
699694.0067462539,4648360.3963024225,road
699694.1279747566,4648339.999868865,road
699696.1234738489,4648319.796473937,road
699702.6546247549,4648300.490247656,road
699711.0892744266,4648281.957059272,road
699721.5955642725,4648264.46754226,road
699732.0582358565,4648246.951802944,road
699746.0485255474,4648232.487724998,road
699758.9679264884,4648216.908758384,road
699772.0104013938,4648201.238693496,road
699786.3703244971,4648186.873526034,road
699803.7235536482,4648176.245069475,road
699822.8273095937,4648169.693905479,road
699843.1414792567,4648168.236616079,road
699863.5400809144,4648168.481329531,road
699883.8932584096,4648169.721432805,road
699903.7775340417,4648174.155810792,road
699923.5942227322,4648179.010444641,road
699943.8770331218,4648180.469203216,road
699963.9849820439,4648183.800513341,road
699984.2246068863,4648186.363093516,road
700004.5618712252,4648187.9868885735,road
700024.7896559427,4648190.52256429,road
700044.3651930192,4648196.254275127,road
700064.1943014627,4648201.050680783,road
700083.7925918248,4648206.710680486,road
700089.0184571069,4648218.798292328,road
700071.7664771379,4648229.659254689,road
700052.8604360155,4648237.32934136,road
700033.3638124468,4648243.331029877,road
700014.3739480232,4648250.74907929,road
699995.2870268939,4648257.946576131,road
699978.0796540795,4648268.823186853,road
699960.6858928023,4648279.45838125,road
699944.6106075026,4648291.614074057,road
699930.4278616754,4648306.280987204,road
699918.5004024287,4648322.8274122095,road
699908.1084841326,4648340.367971292,road
699897.500305572,4648357.778762225,road
699889.9151323966,4648376.561000361,road
699885.329365797,4648396.358998895,road
699885.5469252118,4648416.707701904,road
699889.9410570206,4648436.410224211,road
699897.7228136967,4648455.237463174,road
699908.100926884,4648472.803435597,road
699927.2855273414,4648289.121203575,road
699908.5026106192,4648302.826921844,road
699890.8150462491,4648317.900578465,road
699875.1917084386,4648335.025437632,road
699859.9399563256,4648352.569977618,road
699850.1323596908,4648373.183662455,road
699848.625236022,4648396.24291519,road
699849.7078632074,4648419.406042617,road
699855.4034113254,4648441.851779049,road
699814.4031932782,4648517.059206886,road
699811.0727299091,4648492.732707357,road
699806.7756377498,4648468.553832769,road
699800.6814255904,4648444.7944543455,road
699790.1094023742,4648422.710078071,road
699779.2079646871,4648400.704497326,road
699769.913068109,4648378.08069179,road
699772.0205664928,4648426.7482092595,road
699781.3815545797,4648449.594554631,road
699792.0111042253,4648471.887948597,road
699801.9227161872,4648494.500664244,road
699813.7033517574,4648516.104755005,road
699819.8357980056,4648536.76927934,road
699829.8564221653,4648542.197820561,road
699835.2019698842,4648512.495181093,road
699839.4634923006,4648482.7873860905,road
699834.1385690058,4648453.0854980275,road
699855.4034113254,4648441.851779049,road
699861.4385655925,4648467.749618695,road
699871.4708728695,4648492.443813017,road
699881.6102245133,4648517.093572184,road
699890.3073030048,4648542.297405129,road
699898.739906715,4648567.591795686,road
699899.3119915186,4648593.710923172,road
700559.7516669902,4648256.440264106,road
700570.6143180332,4648278.404030695,road
700593.471582103,4648288.243671602,road
700613.2498013884,4648303.223020397,road
700601.5089513522,4648321.041906171,road
700581.6551615456,4648336.5124109,road
700562.6109745298,4648352.804991732,road
700545.2245507679,4648370.778560104,road
700277.6011104168,4648248.0412556315,road
700300.1447678695,4648251.101758783,road
700322.4404712447,4648255.492278349,road
700344.5725195914,4648260.760637377,road
700365.5759269188,4648269.407516527,road
700384.6154036558,4648281.277427168,road
700396.9487622178,4648300.392428834,road
700409.6646011675,4648319.255050514,road
700422.866280119,4648337.752291294,road
700436.8340079155,4648355.671896451,road
700448.9665983138,4648374.913504632,road
700463.3361145909,4648392.419631295,road
700483.8748345039,4648400.844351586,road
700506.6180424631,4648401.161650555,road
700529.3424344561,4648402.250310019,road
700112.8776521289,4648233.094219633,road
700134.0633624989,4648239.451062597,road
700154.370542275,4648233.504046069,road
700168.1543241261,4648250.9010012755,road
700174.8298421955,4648271.873078825,road
700185.0183899229,4648291.258264735,road
700200.9047246663,4648306.7422002815,road
700220.1891138663,4648317.833150075,road
700240.4446007957,4648327.124632743,road
700260.1387035433,4648337.483306384,road
700277.7387021711,4648351.134526873,road
700294.4308903458,4648365.88496126,road
700309.9567748691,4648381.8431887645,road
700324.3479602868,4648398.74116168,road
700336.0540677786,4648417.704777207,road
700281.1914471883,4648377.760099308,road
700224.4152116214,4648382.396040464,road
700144.6439500387,4648352.040478483,road
700167.046074746,4648357.483530294,road
700189.4021394097,4648363.987784235,road
700210.8053954022,4648372.854347622,road
700221.1178051454,4648386.181233672,road
700219.0395893576,4648399.17881487,road
700231.4904870739,4648418.606284256,road
700545.2245507679,4648370.778560104,road
700530.2954019274,4648402.742270097,road
700231.4904870739,4648418.606284256,road
700242.3050182259,4648440.139343001,road
700253.0459666884,4648461.70917961,road
700269.0601182546,4648479.646896876,road
700289.0902741577,4648492.7948544985,road
700310.4782449371,4648503.8354253275,road
700331.6698544917,4648515.300314278,road
700352.97325239,4648526.559714712,road
700374.3591031227,4648537.662511269,road
700530.0757493356,4648594.344608515,road
700518.6088372021,4648575.252336986,road
700516.0630183893,4648553.181276381,road
700517.1425098354,4648530.980927629,road
700518.2597716068,4648508.756129448,road
700517.9827378783,4648486.492015032,road
700520.0748051136,4648464.322386401,road
700521.8549501513,4648442.124091247,road
700525.0060003696,4648420.095534822,road
700532.8058846416,4648404.038287702,road
700553.4442679476,4648411.60878552,road
700575.6005499946,4648413.463920923,road
700597.8628271652,4648414.093143593,road
700617.055781866,4648422.056590264,road
700628.4937708024,4648441.049185856,road
700643.4693595099,4648457.266185504,road
700663.272221318,4648463.6052298285,road
700683.5438079394,4648454.489988644,road
700400.5241920329,4648460.359230074,road
700424.565542639,4648463.758629655,road
700443.7576523216,4648477.993434567,road
700455.9123870161,4648499.109183922,road
700470.7291413376,4648518.210018803,road
700487.2884312142,4648535.9351091925,road
700499.1012012766,4648557.228550544,road
700517.854249919,4648570.39851902,road
700313.5553312573,4648385.145341821,road
700313.6626628564,4648407.452552256,road
700324.6096415806,4648426.6291575795,road
700341.8276620053,4648440.365329905,road
700354.9003668557,4648457.973840124,road
700362.0071288171,4648479.010216491,road
700367.1626548865,4648500.71311514,road
700372.1526332007,4648522.449252747,road
700376.61873169,4648544.305078555,road
700380.1256656202,4648566.329747624,road
700383.391394585,4648588.396876385,road
700388.930411221,4648609.807734886,road
700398.5779102845,4648629.86965837,road
700410.6670436183,4648648.617124135,road
700422.4987074719,4648667.528361215,road
699961.9257103296,4648603.106862028,road
699963.3963283998,4648579.765093715,road
699964.8691837138,4648556.42484735,road
699968.1243484421,4648533.26652323,road
699971.5053602282,4648510.132520462,road
699975.0349270527,4648487.014859295,road
699980.1563585044,4648464.215653111,road
699962.6437853059,4648591.709508261,road
699950.9875123702,4648564.338115606,road
699941.4057826501,4648536.037301998,road
699925.7058027764,4648510.763893033,road
699702.2222038028,4648436.54509062,road
699714.8972017838,4648454.563824329,road
699724.2980062078,4648474.0929628145,road
699733.8325699492,4648493.72059428,road
699744.3002976123,4648513.089542714,road
699748.5594568531,4648534.607812957,road
699755.3636604827,4648555.547468494,road
699760.0881314285,4648576.955932736,road
699757.7874499073,4648598.796763866,road
699751.5290074558,4648619.870895073,road
699741.1204615665,4648639.155523957,road
699726.8960540624,4648655.779892885,road
699709.0323456461,4648668.6704614395,road
699749.5385488765,4648538.126370262,road
699739.3857163091,4648559.604956711,road
699723.9606237013,4648577.489620239,road
699701.7708027019,4648584.02666717,road
699681.8325588211,4648572.046286629,road
699668.8556331849,4648552.444712617,road
699662.1363321103,4648529.696003929,road
699909.2759156891,4648474.718352612,road
699919.2517972267,4648493.921699057,road
699926.8889234434,4648514.136666419,road
699934.8306874024,4648534.265209236,road
699939.5386062855,4648555.340845166,road
699942.6872969469,4648576.714165636,road
699942.8849052417,4648598.353196994,road
699943.7837692864,4648619.97233654,road
699945.3904176364,4648641.546378239,road
699948.4967555477,4648662.737601966,road
699962.664490214,4648678.569250918,road
699982.4716971251,4648687.1118738055,road
700002.5439078145,4648695.098118491,road
700023.7256312971,4648699.527641967,road
699819.8357980056,4648536.76927934,road
699810.5475761049,4648558.990729201,road
699806.3273284086,4648582.732386246,road
699796.743642444,4648604.104693288,road
699776.7938150134,4648617.6748033045,road
699756.4409983574,4648630.627037404,road
699737.0854806751,4648644.996407222,road
699839.9135480473,4648557.17452563,road
699863.0535653139,4648565.296595349,road
699881.3439227036,4648580.880639479,road
699901.2826647852,4648594.998932722,road
699918.0721888694,4648612.673951166,road
699931.43581567,4648633.225485311,road
699823.4898139369,4648531.697170967,road
699836.241488431,4648552.158279076,road
699845.119021395,4648573.887740919,road
699842.9461203854,4648597.409062557,road
699829.4958689966,4648617.18221639,road
699812.4875835855,4648634.085167379,road
699800.6703192643,4648655.010640856,road
699785.2329353268,4648673.219401623,road
699766.2543773443,4648688.036967867,road
699751.3183801194,4648706.908904197,road
699838.7412770784,4648653.989949223,road
699861.7110387454,4648636.385597782,road
699883.8817849883,4648617.8796331035,road
699899.3119915186,4648593.710923172,road
699961.9257103296,4648603.106862028,road
699947.2245124779,4648660.676189446,road
699444.0123776076,4648543.921246333,road
699414.5414669967,4648545.46693079,road
699385.9586872612,4648552.686494541,road
699377.5550502937,4648540.074926247,road
699409.6364108181,4648547.96198621,road
699436.1406753145,4648568.916943863,road
699283.1859033855,4648541.790735684,road
699306.572659048,4648567.254601923,road
699315.0445363809,4648600.876775966,road
699268.2494642378,4648629.816286247,road
699289.647510624,4648605.9283455005,road
699312.7423784409,4648583.31491274,road
699512.4051191603,4648609.00304905,road
699535.920134599,4648617.217062183,road
699557.4971014841,4648629.611642322,road
699579.0762833405,4648642.0852906685,road
699602.0998233221,4648644.373847322,road
699250.4913446195,4648693.299122798,road
699263.7502819784,4648672.145153586,road
699273.1726244276,4648648.952324675,road
699286.2356275554,4648627.70684608,road
699303.5044780966,4648609.691456116,road
699323.0843899178,4648594.091199152,road
699343.9038062164,4648580.191349813,road
699570.2093656369,4648542.329459629,road
699560.3195167473,4648561.577031269,road
699547.1442022232,4648578.5652121045,road
699532.5723505853,4648594.563151388,road
699514.9967198303,4648607.144698093,road
699497.1894493393,4648619.362351746,road
699483.444602934,4648635.89380895,road
699472.9638361299,4648654.823702648,road
699460.725582351,4648672.572339671,road
699446.0316574023,4648688.249514375,road
699428.7920698461,4648701.329068877,road
699410.9147109663,4648713.472753446,road
699391.9130906259,4648723.820681267,road
699372.5796115784,4648733.480060369,road
699351.5789721924,4648737.745343854,road
699331.4857681736,4648730.261002684,road
699319.1168469737,4648712.633101836,road
699484.0969027814,4648670.476831893,road
699487.9060162683,4648628.982069743,road
699359.7139751054,4648617.330775112,road
699340.4204522945,4648635.585306642,road
699327.3892482161,4648659.114174131,road
699314.5272348722,4648682.533718281,road
699544.3855140385,4648658.246435636,road
699514.1237343288,4648663.974107879,road
699484.0969027814,4648670.476831893,road
699962.321692755,4648596.821790357,road
699977.8971797989,4648623.460962944,road
699981.7597776266,4648653.623324046,road
699971.9195500552,4648682.875027396,road
700040.798095027,4648607.682045404,road
700027.2056089942,4648636.433760207,road
700024.00167346,4648667.935927637,road
700013.2536185835,4648697.3506480865,road
699944.064492319,4648625.867261592,road
699925.8836557769,4648636.802201592,road
699909.46917974,4648650.186150308,road
699889.3514405849,4648656.970983219,road
699869.4015011735,4648663.798790201,road
699851.6013061887,4648675.234032662,road
699832.6377085622,4648684.19647476,road
699812.045937166,4648689.376688875,road
699791.7386651341,4648695.251306636,road
699770.9357733038,4648698.860614015,road
699751.4116819955,4648706.858763155,road
699730.3127796422,4648708.199459802,road
699710.4087915665,4648701.399958873,road
699691.0266503505,4648692.835624156,road
699672.7622509346,4648682.07121285,road
699655.1716122077,4648670.181082975,road
699636.7324328917,4648659.654152632,road
699618.2271036586,4648649.29062091,road
699606.1800985297,4648642.96162401,road
699625.3333689232,4648634.043030883,road
699644.4047287764,4648625.804862327,road
699823.6452138415,4648729.783983863,road
699836.4098348944,4648707.387267132,road
699851.1082059371,4648685.802374997,road
699871.1776816298,4648669.942312928,road
699891.093739337,4648656.048124651,road
699756.0689884305,4648704.355894615,road
699778.2842388545,4648708.188823877,road
699798.359689007,4648718.3332884,road
699818.3584728418,4648728.634865439,road
699839.2284126492,4648732.831900395,road
699860.0736068435,4648724.2366396235,road
699881.6199965694,4648717.205962597,road
699902.702005568,4648708.849817451,road
699922.9122983937,4648698.480874235,road
699938.4603943586,4648682.3513224,road
699951.3214132751,4648663.627856904,road
699809.4371170136,4648690.136638121,road
699795.2157863625,4648716.16263527,road
699753.6714496851,4648721.592500965,road
699730.3090875022,4648730.442499248,road
699705.527486649,4648725.148888419,road
699680.0679653978,4648722.929235722,road
699654.6725688796,4648722.642185769,road
699630.1919425427,4648716.46949031,road
699605.7287905796,4648709.7245980585,road
699920.3810898801,4648778.47450584,road
699937.4660096567,4648756.477741956,road
699953.3490734136,4648733.654355398,road
699965.4959817838,4648708.605651484,road
699967.9371244757,4648681.3046053825,road
699795.2157863625,4648716.16263527,road
699771.937353725,4648746.849183464,road
699749.8202609045,4648776.190929149,road
699649.2806864239,4648767.635849575,road
699705.5092989983,4648783.424009065,road
697873.4913907645,4648568.321104038,road
697850.843973952,4648562.658941536,road
697826.9952494953,4648561.467243233,road
697803.1380975827,4648560.497261576,road
697780.646151974,4648566.457994005,road
697761.1348678443,4648580.101070248,road
697743.2700125268,4648595.944986161,road
697727.5863949381,4648613.9156161975,road
697708.9744181657,4648628.870125131,road
697688.9817034451,4648641.518304728,road
697836.4466387705,4648591.2839904735,road
697817.550333821,4648606.857317443,road
697799.5413855412,4648623.441385704,road
697784.7516957984,4648642.924508154,road
697774.1932762386,4648664.818162763,road
697760.2872537607,4648684.661685885,road
697859.8527811592,4648601.815929931,road
697867.2259443764,4648627.279468753,road
697875.2941371505,4648652.496122822,road
697884.2333233431,4648677.457175295,road
697881.307259015,4648703.312678308,road
697876.8341029579,4648729.427545056,road
697760.2872537607,4648684.661685885,road
697736.8146236613,4648691.863136419,road
697725.9203794728,4648698.999660086,road
697747.0750508342,4648711.613225549,road
697766.4572241894,4648726.763867216,road
697786.7404742414,4648740.663208938,road
697810.5292712002,4648739.118872782,road
697834.7943812001,4648743.341027539,road
697859.1785255389,4648746.802222036,road
697773.4615761535,4648746.133668289,road
697725.9696274151,4648747.904668823,road
697859.1785255389,4648746.802222036,road
697869.0994273284,4648748.148922678,road
697711.9889269072,4648800.072656424,road
697736.3299124233,4648778.240599989,road
697759.7526818403,4648755.487335182,road
697788.8625122764,4648742.3654026585,road
697848.2649010854,4648777.317039883,road
697830.1140342745,4648793.0971915815,road
697811.6159950779,4648808.459796769,road
697793.0037853827,4648823.510638641,road
697773.4794860892,4648837.33818434,road
697754.2868134959,4648851.408354619,road
697740.0477162661,4648870.724464304,road
697726.6140770034,4648890.598485496,road
697770.9798866162,4648838.726996749,road
697803.6795706472,4648840.231156281,road
697836.2652567087,4648843.710510816,road
697869.1587133065,4648843.402855644,road
697827.1551881419,4648889.961220005,road
697840.8785964522,4648866.767952093,road
697861.1534018662,4648849.576412808,road
697880.0692740773,4648830.708987798,road
697899.8613690666,4648812.326675247,road
697729.4470255723,4648887.015221598,road
697748.6974265601,4648895.365053597,road
697771.0366560678,4648895.763741332,road
697793.2985046441,4648893.931410078,road
697815.4995034924,4648891.26974863,road
697837.7670669584,4648889.318908384,road
697860.0957897449,4648888.324134533,road
697882.4549175155,4648888.480485493,road
697904.7319054824,4648887.185309413,road
697925.1279689973,4648878.030740701,road
697945.2455782238,4648868.33837123,road
697966.5153459088,4648861.462752756,road
697865.1436857248,4648937.937058583,road
697839.1407166888,4648941.939101375,road
697812.7472575535,4648938.621651555,road
697786.4781531148,4648934.285006624,road
697761.7482205019,4648933.888805767,road
697739.4748845907,4648948.47142066,road
697865.1436857248,4648937.937058583,road
697885.3826795187,4648931.595900128,road
697905.2273006837,4648924.186028716,road
697925.9969703862,4648919.963843207,road
697947.0968398852,4648918.176300523,road
697968.2569432602,4648918.951763827,road
697956.6440484779,4648931.80788425,road
697941.7581622434,4648946.90409113,road
697924.7785027131,4648959.56351323,road
697905.1568542672,4648964.989874455,road
697884.1338015969,4648962.308142835,road
697863.0932089875,4648959.893548017,road
697842.0645158421,4648961.189884987,road
697825.7989545135,4648974.731756056,road
697806.208753832,4648980.688794187,road
697785.0412059996,4648979.405407685,road
697764.4127648586,4648975.194908512,road
697743.5120949828,4648976.922581467,road
699250.4913446195,4648693.299122798,road
699238.6001888034,4648713.119714013,road
699226.1435035797,4648732.469089388,road
699210.5153846896,4648749.456824671,road
699193.2739011754,4648764.682747777,road
699173.9778745892,4648777.3928043,road
699153.1229053276,4648787.242063864,road
699132.8688071624,4648798.344077261,road
699112.1140370457,4648808.481409839,road
699091.000850893,4648817.903789073,road
699070.4578313814,4648828.515084498,road
699048.5088178649,4648835.370120787,road
699025.8767739434,4648840.127662884,road
699227.9765247573,4648748.812242798,road
699247.5943063304,4648774.520271446,road
699274.336923059,4648790.3482699795,road
699305.5011313816,4648796.392988409,road
699161.8477229488,4648783.852819564,road
699176.6266158095,4648803.015329298,road
699199.2052166451,4648809.995876221,road
699221.6783094,4648818.8278630795,road
699239.4470906465,4648835.211030653,road
699256.1872432537,4648852.773184015,road
699265.7507304106,4648875.086914693,road
699091.8816374225,4648827.372678988,road
699112.0212521415,4648841.759659119,road
699135.7087689275,4648839.996007222,road
699160.0278315732,4648833.047817532,road
699185.9424122989,4648831.113108968,road
699211.9729194659,4648830.192813023,road
699237.686693462,4648833.798320858,road
698866.877515298,4648927.280051609,road
698845.1556744031,4648923.573106759,road
698824.4477942693,4648916.548251603,road
698828.0461158435,4648900.377466054,road
698848.5224044134,4648894.585287746,road
698870.5586687969,4648894.511523695,road
698892.5457863718,4648893.3276634645,road
698914.5738774947,4648893.9451478245,road
698936.550548083,4648892.771364333,road
698958.5020881221,4648893.293167665,road
698980.085047821,4648897.637895346,road
699000.5836528105,4648905.454916205,road
699021.0359295462,4648913.145705532,road
699036.0711958259,4648898.467241516,road
699049.7414278128,4648881.18306254,road
699064.2407469745,4648864.589288028,road
699078.7646220959,4648848.015961961,road
699096.1819913409,4648834.593908828,road
699113.818322249,4648821.384030885,road
699021.3863425318,4648913.200446429,road
699021.5318941028,4648934.610235463,road
699027.1292082726,4648954.362072416,road
699026.0816667727,4648975.95978786,road
699029.5778471645,4648997.301943353,road
699038.9806463151,4649016.393313433,road
699058.7114950384,4649014.659965101,road
699079.1859717827,4649008.090809625,road
699098.3615992233,4648998.088906867,road
699118.4644353389,4648992.040703142,road
699139.1187778905,4648986.327718012,road
699156.1033493953,4648972.946067733,road
699173.5995314418,4648960.199966965,road
699193.3717267986,4648952.017689763,road
699224.6319412378,4649856.023882441,road
699236.3145669416,4649885.412165793,road
699261.062014213,4649905.376861497,road
699279.9209323919,4649929.0142191425,road
699226.1406480649,4649844.293430086,road
699221.4985575342,4649867.760472443,road
699207.493675113,4649887.334985946,road
699188.3937466592,4649901.88417323,road
699170.1515725069,4649917.618175144,road
699149.9073386085,4649930.672820457,road
699137.5100447688,4649948.748875316,road
699101.4580227737,4649927.527638268,road
699069.3851754918,4649924.51255487,road
699038.9831523842,4649916.844686977,road
699082.2442152516,4649924.873443071,road
699055.9638780011,4649936.590419527,road
698727.3486638281,4648908.490309655,road
698754.5209565583,4648917.020898296,road
698779.8073004138,4648930.102181658,road
698801.6500049889,4648948.396686649,road
698726.2150325833,4650040.139822732,road
698689.7071051983,4650032.993104631,road
698662.1721926193,4650059.641806567,road
698611.3836893396,4650070.762094503,road
698662.6275336817,4650056.687811498,road
698726.2150325833,4650040.139822732,road
698747.273715057,4650059.02429401,road
698763.8756936422,4650082.307707862,road
698783.1663943356,4650103.475341895,road
698804.9296648973,4650122.007283007,road
698611.3836893396,4650070.762094503,road
698586.5307273729,4650074.089434403,road
698561.4748487071,4650077.988014628,road
698536.7763342655,4650083.639303444,road
698512.2588350892,4650090.180518757,road
698487.8591996519,4650096.92698662,road
698463.4257385397,4650103.648264303,road
698440.4374206634,4650114.150373175,road
698662.1721926193,4650059.641806567,road
698652.7579185594,4650083.708665898,road
698635.0174130426,4650103.561932208,road
698615.4645909742,4650121.102492947,road
698590.0910519416,4650129.060239854,road
698662.1064285315,4650061.989864203,road
698671.2416411941,4650083.730680029,road
698679.9297009872,4650106.074715648,road
698694.1334423336,4650125.446596746,road
698707.226890396,4650145.581519149,road
698723.085685999,4650163.568819841,road
698607.7495962185,4650124.619884142,road
698655.4490001268,4650130.655464071,road
698510.3002642354,4650185.809091396,road
698534.6889439516,4650187.416393537,road
698557.1223848874,4650196.77272924,road
698581.187582034,4650197.003343946,road
698605.4607708268,4650193.971302376,road
698629.9635115735,4650193.724436511,road
698654.4893644962,4650194.0758825345,road
698678.330018593,4650189.084442146,road
698702.7787251532,4650187.438870568,road
698510.3002642354,4650185.809091396,road
698485.7094555219,4650195.340580311,road
698462.595682818,4650208.863435005,road
698437.2305681065,4650201.209373078,road
698413.0070667269,4650188.777820498,road
698385.7592373973,4650184.439489124,road
698271.984444136,4648897.3082367955,road
698292.0791593202,4648908.297280341,road
698311.4428172278,4648920.291266902,road
698331.0028947088,4648932.278649938,road
698346.9824940613,4648916.841636032,road
698365.0186740649,4648902.52859448,road
698370.6253079305,4648894.537665719,road
698347.7048999663,4648895.300103637,road
698324.9745281605,4648898.245607951,road
698303.3783085388,4648891.427813809,road
698343.1207050219,4648942.150867789,road
698314.8497267694,4648941.911496008,road
698286.4936754577,4648941.197878303,road
698258.8704279059,4648935.994264949,road
698392.7555994816,4650132.555646145,road
698440.4374206634,4650114.150373175,road
698392.7555994816,4650132.555646145,road
698370.8313969362,4650143.114127421,road
698349.0218388406,4650154.124657616,road
698326.6701516453,4650163.924961664,road
698308.747657381,4650180.034795274,road
698297.1813636421,4650201.46652954,road
698293.1444713436,4650225.502643718,road
698290.585843802,4650249.77814221,road
698385.7592373973,4650184.439489124,road
698378.7086604596,4650214.717131151,road
698372.6635628246,4650245.170464987,road
698385.7592373973,4650184.439489124,road
698362.8036672274,4650191.3832127405,road
698350.441743933,4650210.010204379,road
698351.6228036904,4650232.898705709,road
698372.8188860732,4650245.216789407,road
698397.2586743648,4650245.858401232,road
698421.78572548,4650244.194623433,road
698357.2807467246,4650237.220583276,road
698367.582952973,4650263.827523083,road
698372.6635628246,4650245.170464987,road
698364.3549864908,4650272.66684184,road
698367.582952973,4650263.827523083,road
698390.6397433685,4650298.310902968,road
698390.6397433685,4650298.310902968,road
698411.3820059195,4650308.017917103,road
698428.1730786042,4650323.279411724,road
698438.6654684177,4650342.777485644,road
698434.1946119909,4650365.265028641,road
698420.9583693047,4650383.628712731,road
698399.2909352486,4650381.38670684,road
698378.1318122168,4650372.851494836,road
698359.7486124688,4650359.094339656,road
698349.5041992227,4650339.739898191,road
698353.5008892291,4650317.242713122,road
698359.4609483163,4650295.078915595,road
698364.3549864908,4650272.66684184,road
699250.003273481,4649932.8736056965,road
699276.6268302675,4649934.029646649,road
699244.5820831928,4649938.596106575,road
699101.4580227737,4649927.527638268,road
699136.7592419897,4649944.262970573,road
699134.964823857,4649951.967294016,road
699152.1790690357,4649938.142557253,road
699173.8238617692,4649932.462204813,road
699195.6048860897,4649927.611150658,road
699217.9749369958,4649926.889138365,road
699239.8968360635,4649930.7573771095,road
699241.8135256778,4649941.055358866,road
699222.7778559343,4649952.593108068,road
699204.7749038762,4649965.7400356475,road
699184.6298882377,4649975.173245416,road
699165.5029229566,4649986.689928565,road
699147.9871747929,4650000.271037562,road
699134.964823857,4649951.967294016,road
699121.0111189847,4649985.42649039,road
699119.3474176576,4650021.086172659,road
699107.747991797,4650028.280271394,road
699147.9871747929,4650000.271037562,road
699158.8512917545,4650056.738905872,road
699187.8400670702,4650042.649706197,road
699217.379203754,4650030.578499957,road
699248.9598132095,4650023.080890528,road
699107.747991797,4650028.280271394,road
699094.4498071577,4650050.315070518,road
699073.0960064398,4650066.097682778,road
699048.1711223791,4650075.274497276,road
699023.3896992052,4650085.130461997,road
699158.8512917545,4650056.738905872,road
699133.6206647079,4650067.488957126,road
699109.6676905699,4650080.487754765,road
699083.2704977549,4650088.174255421,road
699057.6781210805,4650097.927029441,road
699045.5606291112,4650076.117969372,road
699023.3896992052,4650085.130461997,road
698994.9166151948,4650104.996801828,road
698975.2813439423,4650134.233692529,road
699158.8512917545,4650056.738905872,road
699165.9130276637,4650078.974337263,road
699177.1910352659,4650099.252769822,road
699192.9649625773,4650116.2464338,road
699209.8028101635,4650132.30296163,road
699219.9338710875,4650150.637836775,road
699206.2045025749,4650168.910918067,road
699188.934673441,4650184.629059469,road
699170.4622820832,4650198.999511575,road
698723.085685999,4650163.568819841,road
698735.0315336727,4650184.990653654,road
698746.3506879603,4650206.8933674665,road
698753.6530162815,4650230.385891916,road
698756.8288129289,4650254.805874443,road
698755.1717343004,4650279.3780745305,road
698555.7512077433,4650254.141514202,road
698526.484748374,4650293.534895903,road
698445.6471191077,4650249.914477116,road
698455.7406638963,4650276.453391118,road
698463.9841710846,4650303.714198619,road
698489.0114352368,4650310.580293516,road
698584.2625224588,4650240.16474575,road
698607.7516733018,4650244.238856305,road
698631.6705300066,4650242.667206392,road
698655.3873686066,4650244.872309633,road
698676.411026978,4650255.885180954,road
698687.9389019383,4650275.112718212,road
698697.3391253379,4650297.038349263,road
698714.1118180666,4650314.172086281,road
698728.5670097129,4650333.12484915,road
698747.9647379504,4650323.824261853,road
698755.1717343004,4650279.3780745305,road
698747.4169441314,4650330.858618788,road
698639.127905246,4650334.639652311,road
698622.6926065858,4650317.771862548,road
698599.5848200303,4650313.675627929,road
698575.8127305361,4650311.487225834,road
698552.8706143353,4650305.714238487,road
698531.2104149985,4650295.827986963,road
698509.4491649661,4650298.993320628,road
698489.0114352368,4650310.580293516,road
698639.127905246,4650334.639652311,road
698654.912692915,4650359.520721654,road
698639.127905246,4650334.639652311,road
698607.1772939011,4650357.485935176,road
698569.7504846118,4650363.95059038,road
698747.4169441314,4650330.858618788,road
698762.5893313623,4650353.643708727,road
698761.5455611214,4650370.271467143,road
698734.4548424629,4650376.489304952,road
698706.690900783,4650378.868068875,road
698678.9143587325,4650378.992246436,road
698504.5216132586,4650342.943604728,road
698549.23207127,4650374.273809645,road
698976.1185490019,4650141.171326011,road
698985.0086348845,4650160.799201885,road
699004.2142966822,4650164.000873888,road
699027.600043284,4650164.14232585,road
699049.7230119772,4650172.693308678,road
699069.5163370024,4650185.175236538,road
699080.9613850261,4650206.007071585,road
699102.7212153699,4650213.546983273,road
699126.3324397334,4650213.521487349,road
699149.8469632063,4650210.211953654,road
699170.4622820832,4650198.999511575,road
699228.1752381263,4650151.272220774,road
699228.1281276069,4650177.9194318475,road
699232.8333346928,4650204.05076435,road
699247.2840572016,4650226.301199772,road
698806.1749107706,4650123.716491305,road
698825.2826076164,4650133.947995988,road
698845.8385661225,4650128.820233248,road
698864.7666895317,4650118.087971408,road
698884.7691331009,4650110.498896209,road
698905.8008483446,4650104.956773973,road
698927.5114041188,4650103.149402925,road
698948.2461803713,4650109.367415281,road
698966.8751379094,4650120.384054015,road
698975.9002719782,4650139.362537797,road
698974.0096226522,4650160.929407857,road
698971.7989798572,4650182.643655122,road
698969.6153553388,4650204.379992214,road
698967.7733794443,4650226.138665688,road
698967.70501232,4650247.97850322,road
698968.0975540305,4650269.80250871,road
698971.2020310978,4650291.427427981,road
699154.2230540946,4650221.572642674,road
699178.1938461086,4650192.166891219,road
699154.2230540946,4650221.572642674,road
699133.8641150139,4650252.069010576,road
699114.4308211606,4650283.668014736,road
698806.1749107706,4650123.716491305,road
698813.6628552059,4650143.805703241,road
698823.1390000889,4650163.560431743,road
698833.5928145256,4650182.874376232,road
698843.1684338533,4650202.58425925,road
698854.4868278933,4650221.311728993,road
698863.6965744199,4650241.217652572,road
698873.9274994484,4650260.601019045,road
698884.1148593625,4650280.066199962,road
698896.6152029317,4650298.010334141,road
698909.2307663208,4650315.905743687,road
698919.7059467228,4650335.207549173,road
698929.6627098124,4650354.746520398,road
698941.0849986318,4650373.449782025,road
698951.8162449389,4650392.60520408,road
699114.4308211606,4650283.668014736,road
699128.3828268435,4650305.152177218,road
699149.6066591829,4650319.199300012,road
699175.5133860386,4650321.592457943,road
699200.6626584554,4650328.622777203,road
698971.2020310978,4650291.427427981,road
698976.5699878208,4650317.225228878,road
698981.5823085128,4650343.105204692,road
698987.1814567181,4650368.864991548,road
698988.983419533,4650395.096692165,road
698984.5758069564,4650421.037449536,road
698978.7678863946,4650446.733569538,road
698772.171067226,4650367.270855217,road
698806.0202910178,4650384.93738765,road
698824.9219453778,4650418.2149382215,road
698951.8162449389,4650392.60520408,road
698965.2379657496,4650423.503683642,road
698978.7678863946,4650446.733569538,road
698654.912692915,4650359.520721654,road
698678.9143587325,4650378.992246436,road
698512.640277442,4650405.356600954,road
698543.1368160058,4650377.533682728,road
698569.6321528744,4650368.1770954775,road
698601.0199783774,4650391.956076185,road
698622.7620169292,4650424.417474734,road
698651.2498520117,4650428.475836506,road
698675.3125556156,4650431.446024999,road
698699.3239139719,4650434.766226788,road
698720.9795099264,4650437.602443355,road
698708.0085170945,4650417.341990623,road
698692.168964968,4650398.894237069,road
698678.9143587325,4650378.992246436,road
698512.640277442,4650405.356600954,road
698480.2484301768,4650444.278592122,road
698420.1252360672,4650385.024413916,road
698420.5767909818,4650413.195739451,road
698428.7641669965,4650439.457360659,road
698434.4747960952,4650465.832769266,road
698618.2195672571,4650442.619484294,road
698640.6908216238,4650441.60389811,road
698434.4747960952,4650465.832769266,road
698452.6494650042,4650451.293125512,road
698475.5730327858,4650445.39262402,road
698498.1138714849,4650438.440450159,road
698520.3654979251,4650431.135593808,road
698543.1343612784,4650426.390006025,road
698557.9550479652,4650442.180553044,road
698561.2806827951,4650465.416906009,road
698580.2386169772,4650476.136851791,road
698602.3552076047,4650484.33919649,road
698618.2195672571,4650442.619484294,road
698574.1154145714,4650473.775314155,road
698602.3552076047,4650484.33919649,road
698638.0867805529,4650495.960849872,road
698824.9219453778,4650418.2149382215,road
698856.2893024874,4650450.113107123,road
699262.9102842405,4650415.908189129,road
699251.5037532789,4650445.06893872,road
699242.6256695909,4650474.980215773,road
699231.4105680836,4650504.239647572,road
699049.0672731453,4650479.108181725,road
699028.427769922,4650521.062294547,road
699028.427769922,4650521.062294547,road
699010.8586291713,4650541.4388285335,road
699012.0614459821,4650568.051837544,road
699006.9652160286,4650591.574126471,road
699107.6795805178,4650663.2663448155,road
699122.3081374025,4650646.066967032,road
699137.1515940554,4650629.057938873,road
699152.7316473663,4650612.767381422,road
699166.9301097156,4650595.503226993,road
699180.599648336,4650577.699512919,road
699195.2675092518,4650560.692030269,road
699209.6979031657,4650543.467455252,road
699222.4289031369,4650524.809484223,road
699231.4105680836,4650504.239647572,road
698663.6237148287,4650608.063554154,road
698685.4538557741,4650605.801460932,road
698707.5244429137,4650603.960539801,road
698729.4798241225,4650605.395659016,road
698750.6487498272,4650611.543020435,road
698771.7076098123,4650617.950033274,road
698793.7664059215,4650619.145113601,road
698815.8050384155,4650620.957339803,road
698837.7856925626,4650623.461131728,road
698859.7860964825,4650625.537786393,road
698881.8183349663,4650626.924370902,road
698903.5703913122,4650623.520534737,road
698923.9368670528,4650615.099701426,road
698942.3373383614,4650602.921674254,road
698958.3531455758,4650587.691736481,road
698971.132208684,4650569.840086619,road
698975.9410444148,4650548.313916055,road
698959.413519153,4650586.616870994,road
698999.022790465,4650589.810145947,road
699038.4868977462,4650592.928713185,road
699040.0396124008,4650592.267318339,road
699041.138802192,4650591.860793846,road
699062.2022691927,4650610.04371005,road
699040.0396124008,4650592.267318339,road
698964.2031791196,4650640.8973291,road
698970.2338346234,4650588.428579509,road
698349.4102800976,4650343.098195947,road
698342.1762218722,4650368.391648961,road
698335.7231089748,4650393.832103754,road
698331.6069712084,4650419.800150533,road
698325.8170838668,4650445.459394475,road
698321.0376268905,4650471.284580976,road
698192.2793219769,4650370.047239939,road
698196.7162662048,4650394.628312136,road
698202.6387426388,4650418.976664172,road
698210.070321209,4650442.908830988,road
698214.0055891889,4650467.530180781,road
698215.803649827,4650492.538011025,road
698215.5087206812,4650517.564657843,road
697971.2246427716,4650409.343756926,road
697994.5203804536,4650414.245872055,road
698018.1069440413,4650416.527285012,road
698041.1186479628,4650422.168138036,road
698058.0057976949,4650438.774170728,road
698070.8953849629,4650458.841363826,road
698077.1913373101,4650481.7460926995,road
698079.7166637431,4650505.543324109,road
698084.3027848802,4650529.0555901,road
698135.6811729837,4650462.931451298,road
698158.2014497354,4650474.5392309185,road
698180.0795885923,4650487.026437866,road
698200.2664797489,4650502.33949984,road
698215.5087206812,4650517.564657843,road
698213.8597794343,4650520.103453309,road
698206.5343193586,4650545.886585786,road
697992.4066498873,4650523.442987292,road
698012.4636711404,4650528.251322337,road
698032.5824137012,4650534.123530147,road
698051.7397112784,4650542.735812705,road
698070.6440228131,4650551.117809793,road
698091.2912441331,4650555.411813519,road
698112.8193457266,4650557.075256608,road
698133.8206078591,4650554.475678923,road
698154.4621857821,4650550.5625448935,road
698175.3835618049,4650547.671285142,road
698196.6779019849,4650546.142172211,road
698218.41182446,4650546.218547717,road
698084.3027848802,4650529.0555901,road
698102.4187334041,4650556.784724718,road
698219.8702392946,4650664.151617001,road
698239.4976401707,4650648.2808856275,road
698261.9694483704,4650635.590035364,road
698289.4598217183,4650631.046252907,road
698006.0976481022,4650643.310437776,road
698026.3911013808,4650650.087815897,road
698047.2797593615,4650656.143390146,road
698069.6513116397,4650656.237138518,road
698091.4663562314,4650653.129137278,road
698113.7210151922,4650651.626620704,road
698134.1823258848,4650658.122344515,road
698152.8131515549,4650667.588091713,road
698174.9212937641,4650665.550628542,road
698197.469029454,4650665.118658107,road
698219.8702392946,4650664.151617001,road
698306.2226386756,4650731.473620176,road
698339.3050599995,4650766.000167392,road
698574.1154145714,4650473.775314155,road
698560.6650986137,4650504.964529026,road
698535.6913285665,4650530.267011449,road
698681.2054631438,4650497.491466042,road
698706.0119980467,4650497.378263008,road
698729.4892713069,4650490.384623194,road
698754.2864291633,4650489.669569627,road
698779.0004158872,4650491.485604801,road
698800.8583897243,4650502.349797665,road
698809.4440713965,4650525.570868297,road
698821.7976125395,4650546.945531518,road
698838.1553191768,4650565.337503546,road
698495.8817960377,4650522.780115659,road
698534.0052596161,4650529.30141454,road
698568.2590218679,4650546.977470453,road
698623.7674987105,4650538.768295868,road
698656.5385789227,4650539.686181054,road
698688.7928094923,4650538.803007629,road
698608.1288540994,4650509.858427722,road
698626.4876043707,4650497.35395907,road
698647.9086199318,4650499.44036412,road
698665.495534067,4650513.64475687,road
698680.4210582421,4650530.342150968,road
698696.838791715,4650545.827491871,road
698712.7455973262,4650562.010322732,road
698728.1388096076,4650578.738600598,road
698743.8151322863,4650594.955891638,road
698755.386595239,4650613.820987799,road
698370.9815137263,4650549.787304433,road
698393.8809892919,4650560.9118242245,road
698419.170974074,4650562.652205302,road
698444.7174546705,4650565.386552781,road
698469.7469513875,4650562.459390535,road
698495.2784850061,4650564.645633771,road
698520.7154080686,4650568.546490243,road
698570.0237549411,4650544.471812853,road
698584.7187348307,4650564.276004071,road
698597.500408,4650586.292419118,road
698573.605435207,4650581.4543194,road
698551.2425260623,4650592.900078982,road
698597.7039571106,4650586.681327893,road
698631.3142517406,4650607.361781506,road
698764.8141729491,4650616.740455283,road
698711.886057691,4650630.25935034,road
698294.9979415792,4650598.808956425,road
698304.5584081901,4650617.15485252,road
698314.9033251315,4650635.294444045,road
698321.1029815085,4650655.366854835,road
698329.2029344301,4650674.707184505,road
698338.5789790864,4650693.496651385,road
698350.2235176323,4650710.95077873,road
698365.53131211,4650725.181798026,road
698383.6177070959,4650735.551435973,road
698403.6869147669,4650741.087597067,road
698424.4158487841,4650744.218446874,road
698445.3716170402,4650745.335876381,road
698466.1729824034,4650744.02315217,road
698481.5536786672,4650731.2592611285,road
698482.0884673577,4650710.480957833,road
698480.5684280202,4650689.537043816,road
698477.2992663367,4650668.970004766,road
698471.1111454454,4650648.893673393,road
698468.1165506961,4650628.243354539,road
698476.327614526,4650609.875886378,road
698491.136674643,4650595.191546384,road
698509.6751455653,4650585.588843394,road
698528.0933908867,4650575.579437897,road
698543.8973789851,4650561.943583211,road
698562.6645550249,4650552.818804009,road
698576.4620568204,4650537.063308419,road
698592.2485180564,4650523.211770661,road
698608.1288540994,4650509.858427722,road
699406.418576007,4648623.347543771,road
699384.5198717786,4648634.177760305,road
699364.725539972,4648648.399444973,road
699351.771607383,4648668.85526757,road
699350.7334082741,4648693.288684215,road
699359.949303944,4648712.975923004,road
699383.1903256789,4648712.345776342,road
699406.2383488782,4648704.730788262,road
699607.1601207681,4648673.44177358,road
699655.440778277,4648670.337999078,road
699484.0969027814,4648670.476831893,road
699451.7658881734,4648683.899004301,road
699356.0640840795,4648628.519096204,road
699342.0231228418,4648653.88535058,road
699346.6625543633,4648683.078154174,road
699344.7954281786,4648712.655849066,road
699359.9190049528,4648736.95216319,road
699307.8921213213,4648737.251797002,road
699315.9423926546,4648698.148096174,road
699441.7049443428,4648719.085091947,road
699392.2256405354,4648723.639326605,road
699403.7614954404,4648769.610986132,road
699428.8779823385,4648757.541956488,road
699453.1163627424,4648743.9197936375,road
699478.1545503023,4648731.685317593,road
699503.1522794005,4648719.378174992,road
699527.7754524043,4648706.328402336,road
699394.2677842077,4648768.37597982,road
699416.5965182378,4648770.574200279,road
699438.9629345044,4648768.325775306,road
699461.4556923772,4648769.2464383505,road
699481.8469507417,4648761.790285656,road
699503.1929643644,4648754.693615163,road
699524.5592901771,4648747.607634242,road
699545.7470452378,4648740.467725799,road
699567.7580840116,4648735.935393585,road
699590.0274958079,4648736.84204855,road
699610.7580297729,4648744.717507677,road
699629.6822656876,4648756.623830908,road
699649.2806864239,4648767.635849575,road
699328.6910711199,4648746.774605544,road
699359.1692186908,4648763.879901512,road
699394.2677842077,4648768.37597982,road
699490.6307306134,4648796.578822178,road
699522.2117933423,4648748.495000799,road
700525.6549728699,4648416.455321016,road
700536.4732871726,4648435.96324251,road
700544.0404704275,4648457.040683731,road
700552.0271810548,4648477.954572942,road
700565.8690843162,4648494.52494095,road
700574.4986421426,4648515.190012165,road
700583.2668867387,4648535.796850048,road
700593.5303970268,4648555.692610031,road
700604.6588918677,4648575.120943704,road
700616.0671364708,4648594.39163308,road
700629.7888044651,4648611.968117865,road
700645.5300711521,4648627.0792380795,road
700643.6498408393,4648648.66766755,road
700629.917052144,4648665.960962309,road
700040.9679959948,4648605.581302293,road
700042.0638846015,4648583.755873338,road
700043.3650404329,4648562.069029504,road
700055.6368032193,4648544.205276078,road
700075.2029431007,4648540.353698487,road
700091.041348256,4648555.263273857,road
700110.6961433536,4648564.17027707,road
700130.7854982407,4648572.616152766,road
700145.0128837816,4648588.804924305,road
700152.2893135654,4648609.406385874,road
700159.1870172818,4648630.164116918,road
700164.7951422195,4648651.306018146,road
700170.7108616204,4648672.3706732625,road
700175.5874107556,4648693.6934844535,road
700179.7008544054,4648715.177682094,road
700181.434399626,4648736.948946364,road
702873.4367140892,4649582.907292432,road
702881.5859668438,4649562.54342276,road
702897.6111767336,4649548.028450548,road
702915.9332275209,4649536.502520091,road
702936.5149370029,4649530.980464214,road
702934.3743711326,4649509.151229546,road
702931.1834099786,4649487.480691557,road
702926.7795923084,4649465.993395348,road
702916.9154423686,4649446.8620053725,road
702904.2956946443,4649428.922197175,road
702891.4830856405,4649411.119541223,road
702879.9438558616,4649392.582669648,road
702870.9554761501,4649372.575007651,road
702675.4383136705,4649487.949264981,road
702697.4432182857,4649485.75071945,road
702719.4889118414,4649485.110819376,road
702739.7634308593,4649493.942201384,road
702758.1425007574,4649506.131849145,road
702775.9311089627,4649519.171910187,road
702794.389495384,4649531.320571222,road
702812.3963899838,4649544.157933502,road
702830.1374589095,4649557.358254572,road
702845.9750550194,4649572.363181994,road
702857.2016243411,4649591.416097017,road
702863.5725546799,4649612.410466229,road
702873.7487565761,4649632.0444761235,road
702873.4367140892,4649582.907292432,road
702875.5240120401,4649639.890540207,road
703283.2267912846,4649643.023060601,road
703279.0887400921,4649622.897375022,road
703274.2082810971,4649602.946622328,road
703268.9254947081,4649583.090669677,road
703266.0243483343,4649562.769736235,road
703263.4506953664,4649542.384864439,road
703260.5023977817,4649522.051807204,road
703258.522747275,4649501.661905045,road
703262.2104268417,4649482.26988716,road
703277.13755181,4649468.9223201405,road
703297.0884194616,4649464.362038556,road
703317.5642930667,4649462.869014029,road
703338.1038872752,4649462.373105949,road
703358.0261287667,4649464.462796887,road
703373.3133274611,4649477.590239221,road
703385.2216536719,4649494.290018012,road
703396.0620117651,4649511.740423244,road
703408.0436797496,4649528.41940496,road
703416.688040527,4649547.0442988705,road
703426.3158325561,4649565.190360248,road
703436.768631511,4649582.878916547,road
703446.9685891975,4649600.715047038,road
703452.9496121322,4649620.282599835,road
703452.6617392803,4649640.20762793,road
703443.66503673,4649658.679932359,road
703434.7420399602,4649677.187159734,road
703426.1442544598,4649695.84847727,road
703416.4697043068,4649713.974944643,road
703406.8810710039,4649732.146467295,road
703397.550587675,4649750.44728767,road
703390.3798729047,4649769.701457776,road
703383.1186393552,4649788.836928893,road
703383.6022075528,4649809.285972084,road
703387.3599604073,4649829.11714665,road
703370.3633275602,4649817.572400677,road
703354.3590741779,4649804.732461368,road
703340.2530924381,4649789.793141576,road
703326.8243296704,4649774.251258514,road
703315.5334663428,4649757.084922474,road
702877.9105075517,4649630.708710204,road
702897.5835617668,4649639.88909771,road
702917.948238004,4649646.396685705,road
702939.6050067125,4649647.910933382,road
702961.2111637986,4649650.00266996,road
702982.8051047836,4649652.227581076,road
703004.4891075608,4649653.282379862,road
703026.1397325353,4649654.785680598,road
703047.7410003955,4649656.952199407,road
703069.4022106009,4649657.715416559,road
703091.109115376,4649657.380490507,road
703112.8074942267,4649656.681253657,road
703134.5068948289,4649656.551696187,road
703156.1772925538,4649657.582862672,road
703177.7327968809,4649660.165266614,road
703199.3871095459,4649661.563385074,road
703221.072526668,4649662.588695349,road
703193.7929413579,4649706.634716765,road
703172.7727686005,4649703.053095133,road
703151.5834316039,4649701.756304267,road
703130.2642276861,4649702.155149024,road
703108.9423387455,4649702.384775398,road
703087.6207799457,4649702.344637038,road
703066.2995169105,4649702.062823532,road
703044.978064931,4649701.796479101,road
703023.6562794764,4649701.557436643,road
703002.4285113733,4649700.088441532,road
702981.3181143531,4649697.083975869,road
702960.1847576038,4649694.248061652,road
702939.0278106759,4649691.594699819,road
702918.3483912552,4649687.596571577,road
702899.5986724142,4649677.5217601275,road
702879.4863631534,4649670.441568988,road
702875.6162798646,4649651.726401139,road
702877.9105075517,4649630.708710204,road
702875.7514867894,4649669.0703709135,road
702877.3121965512,4649690.12925901,road
702880.607932772,4649710.92073853,road
702892.8433977963,4649726.000930985,road
702911.0935120991,4649736.623826577,road
702929.615192968,4649746.759840229,road
702949.9655265566,4649751.235297968,road
702971.0202851498,4649752.5558982445,road
702992.1282883065,4649753.159873041,road
703013.2017922634,4649754.340731543,road
703034.2498539714,4649756.007893032,road
703055.3383152988,4649756.965445414,road
703076.4488879504,4649756.6886714725,road
703097.5347097492,4649755.552667413,road
703118.597153648,4649754.104826088,road
703139.5995268414,4649751.922751091,road
703160.6041024625,4649750.274639707,road
703181.6831413225,4649751.510789403,road
703202.5057820203,4649754.961856409,road
703223.0672825354,4649759.771979005,road
700432.2296767219,4649749.210870186,road
700417.8699374738,4649806.43901368,road
699394.2677842077,4648768.37597982,road
699372.2004734037,4648780.523686443,road
699348.7431047667,4648789.099936872,road
699323.9041174313,4648785.485427284,road
699304.4111211656,4648769.395300792,road
699349.5563144207,4648789.106268464,road
699372.6333325405,4648793.524620782,road
699396.0598134148,4648794.942836313,road
699419.4616000864,4648795.381008621,road
699442.7885036097,4648795.40025402,road
699465.8062545116,4648790.832695909,road
699487.3777577237,4648798.059600745,road
699597.0812139731,4648768.919134611,road
699576.1248583801,4648771.405116639,road
699555.3088398711,4648774.589364457,road
699535.0390731652,4648780.457751568,road
699514.979005519,4648787.010731519,road
699495.2683960447,4648794.467734923,road
699475.999739134,4648803.070224242,road
699456.7211608501,4648811.63037802,road
699438.0272438723,4648821.414401019,road
699419.5005539551,4648831.514645458,road
699400.1907536043,4648839.596096154,road
699379.3397036472,4648842.633830241,road
699358.2840480021,4648844.034035962,road
699337.3196388435,4648843.678651503,road
699316.5656825377,4648839.854747211,road
699295.9896336864,4648835.170165507,road
699275.438335059,4648830.37543235,road
699254.8973779492,4648825.5362147065,road
699234.4504667815,4648820.324649307,road
699214.07519994,4648814.829428881,road
699278.1269886347,4649855.378728102,road
699296.7472437851,4649836.925983143,road
699321.4670978681,4649829.183767912,road
699346.9598987175,4649824.912385468,road
699371.1091043454,4649818.0111103,road
699395.2074337616,4649826.272867339,road
699378.6515222045,4649887.618106103,road
699358.1394169906,4649879.334237394,road
699337.6129949637,4649871.085918609,road
699316.9889774187,4649863.086772348,road
699296.0985369155,4649856.316207592,road
699274.0161406001,4649855.083242637,road
699252.0222131201,4649852.738164492,road
699230.8177151537,4649846.465648189,road
699210.9605938807,4649836.741304523,road
699192.3271331668,4649824.85044304,road
699173.9558686026,4649813.246974753,road
699160.4367602824,4649795.896853305,road
699458.3543725745,4649894.839447215,road
699479.2326875986,4649884.616385979,road
699497.1724829052,4649870.137577453,road
699515.6145779033,4649856.18948254,road
699535.9740379768,4649845.095932173,road
699557.4673939518,4649836.242092475,road
699578.5450443224,4649826.4366004355,road
699599.5288421169,4649816.434792433,road
699620.3955209146,4649806.188000972,road
699378.6515222045,4649887.618106103,road
699405.0249049341,4649892.046347279,road
699431.610529881,4649894.77678103,road
699458.3543725745,4649894.839447215,road
699378.6515222045,4649887.618106103,road
699390.4627433773,4649907.3305395115,road
699358.1550271832,4649910.325750856,road
699326.5188252154,4649905.649398274,road
699435.3613109486,4649894.785562389,road
699406.6039922386,4649919.884814869,road
699278.1490400498,4649929.669413803,road
699302.680788351,4649918.82256526,road
699326.334761089,4649905.778562926,road
699350.6962380979,4649894.0141084995,road
699375.9174407483,4649886.513934831,road
703278.294014436,4649759.575446589,road
703281.8806544502,4649738.187352922,road
703283.600389475,4649716.635513345,road
703282.9961174045,4649694.959294685,road
703283.4217383359,4649673.279689595,road
703283.4074241208,4649651.598614265,road
703288.7272517378,4649654.922566883,road
703297.5728610471,4649674.714355958,road
703303.6706998018,4649695.453863273,road
703307.5742265034,4649716.726107541,road
703312.3588665111,4649737.8135969,road
703315.2570170399,4649759.1984551735,road
703311.20991689,4649780.441342285,road
703305.2265763362,4649801.2724017445,road
703302.0546868958,4649822.676452175,road
703312.1811334481,4649840.402576753,road
703328.6568150682,4649854.419607271,road
703344.0958265598,4649869.568609881,road
703364.3434042617,4649875.889416898,road
703385.5554825597,4649878.285090915,road
703399.8905430101,4649894.380301839,road
703407.1163722513,4649914.827845877,road
703707.6687837471,4649950.8472620435,road
703694.0624571352,4649934.010946737,road
703677.6088026584,4649920.063032736,road
703659.1011367055,4649908.852225248,road
703640.4979546247,4649897.783566553,road
703621.9107170892,4649886.688529371,road
703603.4563812377,4649875.373445401,road
703585.0020453864,4649864.058361431,road
703566.3092618801,4649853.145260825,road
703548.6126922177,4649840.92753938,road
703532.9536055247,4649825.981414769,road
703518.8687823376,4649809.71294507,road
703506.8503578069,4649791.708748094,road
703497.2490182597,4649772.363011806,road
703488.327826439,4649752.63977745,road
703481.3247081665,4649732.15797049,road
703474.4556146051,4649711.629899479,road
703468.7680479945,4649690.820153471,road
703465.7846061678,4649669.37970777,road
703461.8915749583,4649648.1554577695,road
703454.9088127351,4649627.665590305,road
703193.7929413579,4649706.634716765,road
703213.6369767947,4649717.466297922,road
703230.9066831465,4649731.757050483,road
703244.8926159113,4649749.25123546,road
703261.5228011141,4649764.55804095,road
703270.5662655825,4649784.707140164,road
703267.8547218286,4649807.149247183,road
703262.175150056,4649829.018823219,road
703261.3946970882,4649851.407955861,road
703268.089524592,4649872.991402848,road
703272.821827792,4649894.9509611875,road
703272.1742465923,4649917.549402093,road
703271.1193720858,4649940.131101001,road
703271.236279909,4649962.7033194015,road
703266.5304417419,4649984.798860603,road
703580.159424073,4649861.08915857,road
703604.8723917721,4649861.272660464,road
703629.0197163728,4649857.121506905,road
703653.0144034091,4649851.221653308,road
703677.4671790105,4649850.166461938,road
703700.2225128144,4649858.843459953,road
703387.5355234351,4649829.2363955965,road
703399.4229040985,4649862.893959029,road
703401.3667690116,4649898.557691632,road
703399.7214995298,4649987.549497916,road
703404.8874004731,4649951.35714052,road
703407.1163722513,4649914.827845877,road
703310.4079234799,4649917.391992662,road
703327.5922345453,4649941.184902016,road
703346.3334052484,4649963.550079489,road
703373.0186453692,4649975.40974548,road
703399.7214995298,4649987.549497916,road
703404.2710051218,4649958.506473967,road
703432.1747900096,4649961.331193073,road
703458.8933707022,4649968.841338241,road
703486.4580828896,4649971.800679015,road
703514.2320517532,4649975.179897493,road
700816.0541420641,4649985.621581795,road
700792.5905696519,4649978.777754327,road
700769.0458695637,4649972.221732539,road
700744.7195335757,4649971.851331752,road
700720.2855382466,4649972.398397297,road
700695.8533786975,4649972.100057248,road
700672.6911054639,4649976.583613091,road
703463.3835918809,4649970.875007459,road
703478.0040553593,4649989.608901705,road
699517.2828787147,4649932.784381183,road
699486.0552252899,4649917.666864859,road
699458.3543725745,4649894.839447215,road
699517.2828787147,4649932.784381183,road
699565.7331131063,4649952.617721684,road
699580.0995366769,4649954.608119017,road
699565.0843333991,4649952.305729085,road
699278.0830748645,4649932.017472343,road
699279.8312492637,4649963.414011885,road
699284.5271720367,4649994.308102074,road
699292.1353741612,4650024.763815187,road
699580.0995366769,4649954.608119017,road
699604.4353548817,4649960.686449081,road
699605.7640487972,4649977.872524992,road
699592.7033860629,4649999.3574878555,road
699572.8433556487,4650013.197082832,road
699549.4795759912,4650022.41672473,road
699526.0313738779,4650031.574281881,road
699374.313247577,4650001.929105987,road
699415.5773335015,4649984.289745254,road
699468.4349422422,4649959.6918804245,road
699480.2786325163,4649983.8098080205,road
699499.5554556544,4650007.110235254,road
699520.6725794758,4650028.838635744,road
699475.4697420428,4649958.94974012,road
699491.0734970485,4649978.944316727,road
699510.8754049455,4649995.07608001,road
699520.8942484438,4650018.331907684,road
699519.7308567854,4650043.6166248275,road
699468.4349422422,4649959.6918804245,road
699492.2660764346,4649957.64604844,road
699515.5723068425,4649952.144031385,road
699539.5036113347,4649951.116100729,road
699563.4764650924,4649952.044029709,road
699557.9690862724,4649972.9465238415,road
699546.6122113462,4649994.052471928,road
699535.0064793191,4650015.012978378,road
699522.9491131965,4650035.617034131,road
699511.1328504906,4650056.299324557,road
699613.5053722182,4649970.11760965,road
699633.8677936516,4649969.945590591,road
699652.1451361832,4649980.370308608,road
699669.1180766918,4649992.917105874,road
699685.743255279,4650005.868184117,road
699701.9739810341,4650019.376335362,road
699718.9438023265,4650032.02267328,road
699734.8312187338,4650045.921707304,road
699721.480343653,4650052.911682974,road
699700.3313758635,4650053.3987979535,road
699679.1950221019,4650054.2137073595,road
699658.3846664204,4650057.438449492,road
699637.7155512532,4650061.043768515,road
699617.7768529197,4650055.188326812,road
699597.8143713754,4650048.402011368,road
699576.85522893,4650045.69366411,road
699555.7007751837,4650046.038448297,road
699534.6798206274,4650048.266984738,road
703546.481685143,4649985.182143365,road
703523.1870555725,4649993.422810667,road
703498.718777077,4649994.232065275,road
703474.782355416,4649988.459113945,road
703451.142445339,4649981.226563561,road
703426.6040457654,4649978.544757647,road
703402.8226108969,4649971.98435899,road
703514.2320517532,4649975.179897493,road
703535.6568562201,4649981.705407366,road
703556.9449445057,4649988.660251114,road
703577.891330547,4649996.553098894,road
703598.5801617734,4650005.127329961,road
703619.0319947582,4650014.255695266,road
703639.9454238182,4650022.247850287,road
703661.4318234277,4650028.435197672,road
703683.0699193631,4650034.187750642,road
703704.642099202,4650040.204987162,road
703726.2730979125,4650046.009911504,road
703747.1773897234,4650053.989353151,road
703407.1163722513,4649914.827845877,road
703427.297678062,4649920.722273261,road
703447.8408269046,4649924.618232759,road
703468.807673571,4649926.174098846,road
703489.7882312123,4649927.530457173,road
703510.7144683518,4649929.560722573,road
703531.6204795233,4649931.781902085,road
703552.5075929584,4649934.181458454,road
703573.3890647439,4649936.629215351,road
703594.2657439964,4649939.117918187,road
703615.142423249,4649941.606621022,road
703636.1526060592,4649941.752797931,road
703657.1768595517,4649941.652083009,road
703677.9582085778,4649944.6367131965,road
703698.5883005947,4649948.6098866,road
703715.6176658553,4649959.394835353,road
703729.935263814,4649974.790801289,road
703743.9390771954,4649990.448596213,road
703756.522444914,4650007.291643303,road
703767.7903686131,4650024.588452287,road
703765.85613207,4650044.186850262,road
703747.2395264878,4650053.9567722175,road
703729.2266515291,4650064.680164103,road
703712.4342214143,4650077.331000805,road
703695.3976440133,4650089.643698537,road
703678.6332608961,4650102.3034124775,road
703664.6534502766,4650117.537905141,road
703073.5468093541,4650475.575078456,road
703053.1210325988,4650473.427652302,road
703033.890807318,4650467.773889284,road
703016.4078758366,4650456.995628665,road
702998.4079257832,4650447.131783931,road
702979.6460577224,4650438.982847117,road
702959.9578230896,4650433.135008868,road
702940.7435898626,4650426.022209912,road
702923.0254233733,4650416.21062181,road
702909.667233929,4650400.609898432,road
702903.2899610689,4650381.105062932,road
702897.3154136433,4650361.4552165745,road
702891.3748743089,4650341.794754028,road
702888.2623575821,4650321.599011018,road
702886.8737631713,4650301.109583509,road
702885.779645261,4650280.600397734,road
702883.4318673215,4650260.210471693,road
702880.6393086136,4650239.862857312,road
702876.439268589,4650219.790710139,road
702868.8407733826,4650201.2105447715,road
702855.3582942211,4650185.7171090385,road
702841.8758150595,4650170.2236733055,road
702829.6560349483,4650153.725100201,road
702816.6937909838,4650137.82006419,road
702803.1575950814,4650122.373537214,road
702790.1109482277,4650106.517682175,road
702777.305539174,4650090.460120277,road
702764.5001301202,4650074.402558379,road
702751.6692379831,4650058.365396033,road
702738.8042417531,4650042.355534473,road
702726.4925910018,4650025.979204643,road
702716.7723281302,4650007.886656871,road
702711.6876022005,4649988.729321736,road
702715.4959199281,4649968.844854044,road
702723.1590448555,4649949.789662848,road
702734.803356275,4649933.307195708,road
702749.027889473,4649918.4921206,road
702759.8314536227,4649901.630735855,road
702765.594038223,4649881.993626519,road
702766.1808731329,4649861.463662566,road
702766.2360052385,4649840.933135362,road
702765.692667695,4649820.401974181,road
702765.1493301514,4649799.870812999,road
702766.334587335,4649779.376020513,road
702767.7409907826,4649758.885880823,road
702769.1473942301,4649738.395741134,road
702769.9355413114,4649717.872756272,road
702770.7080244919,4649697.348939256,road
702771.5446705006,4649676.828388253,road
702772.8601847615,4649656.332212577,road
702774.1756990222,4649635.8360369,road
702775.5762118933,4649615.345506041,road
702782.2657799118,4649595.954639225,road
700816.0541420641,4649985.621581795,road
700838.5329173808,4649994.132414108,road
700860.4836380103,4650003.874386817,road
700879.601823108,4650018.343505227,road
700900.2763634528,4650030.572251512,road
700920.2293877528,4650043.97121252,road
700939.920876495,4650057.704439615,road
700958.5796982766,4650072.854579873,road
700976.937571317,4650088.36967265,road
703677.8369781447,4650102.954812786,road
703699.9407966296,4650102.933785027,road
703721.9498081554,4650101.585476953,road
703743.9941907483,4650103.205486175,road
703765.7068064788,4650100.092182745,road
703787.7147026672,4650098.974999176,road
703809.8061273559,4650098.399251731,road
703831.8899916341,4650097.587227344,road
703853.3182266036,4650092.541956837,road
703874.3815053047,4650085.84310717,road
703893.9439332195,4650075.6219234625,road
703912.0283745008,4650063.047761719,road
703929.6369498372,4650049.689505399,road
703950.5719539815,4650042.783407084,road
703971.1660012313,4650034.760383515,road
703991.4392656509,4650025.960717752,road
704009.5742414871,4650013.601701307,road
703155.0698320195,4649974.1344940765,road
703149.6808131377,4649994.627207886,road
703144.7364178281,4650015.229247318,road
703140.394563724,4650035.967029983,road
703137.1848612791,4650056.8768125335,road
703137.3730264528,4650077.914537903,road
703150.061902183,4650093.044685837,road
703169.8900543232,4650099.245828753,road
703189.4926216198,4650106.045110764,road
703210.6520153262,4650106.0491253855,road
703231.7684221844,4650104.323133913,road
703252.9259078713,4650103.341908018,road
703274.1106139611,4650102.999916475,road
703295.294366399,4650102.595231358,road
703314.0934596577,4650110.118760154,road
703329.043448638,4650124.836364622,road
703339.6668990573,4650143.167690243,road
703346.1327840121,4650158.401135408,road
703325.0149028951,4650156.66103744,road
703303.8805575442,4650155.217641632,road
703282.7530577407,4650155.804067341,road
703261.7099214131,4650158.27521622,road
703240.5533487158,4650157.095268971,road
703219.3782694932,4650156.3538232,road
703198.1930848003,4650155.960108238,road
703177.009364858,4650155.495816469,road
703156.2281785887,4650151.780193678,road
703141.2313445967,4650138.060451371,road
703135.5983056992,4650117.736645459,road
703133.9332505629,4650096.687774791,road
703137.0010699396,4650075.795500759,road
702877.7194271816,4650064.3897934845,road
702895.5918714593,4650075.209892792,road
702913.265903113,4650086.344457915,road
702930.7262787557,4650097.817648225,road
702949.3776093381,4650106.992649269,road
702964.3826046082,4650121.206331054,road
702974.2702045975,4650139.360695819,road
702978.4185087999,4650159.772317375,road
702979.5817343256,4650180.630849686,road
702980.3988590522,4650201.507418386,road
702982.8473995583,4650222.25017135,road
702990.0661988384,4650241.754176062,road
703001.9642600922,4650258.808958914,road
703020.6997019788,4650267.198623143,road
703041.4158406206,4650268.854601028,road
703062.1494306329,4650266.615638539,road
703082.9213763239,4650265.36463961,road
703103.684956393,4650267.677996473,road
703124.5478174669,4650268.552303701,road
703145.4031948459,4650267.73702387,road
703166.237757782,4650266.183618018,road
703187.0697912205,4650264.604839395,road
703207.9521156186,4650263.951125995,road
703228.8349897324,4650263.712677077,road
703249.7189716758,4650264.311101396,road
703270.5617907709,4650263.507829367,road
703291.3848597475,4650261.81244995,road
703312.2150213461,4650260.232439041,road
703332.8901381944,4650257.2260530405,road
703353.5490877947,4650254.110817295,road
703374.414016,4650253.350234296,road
703395.2593246597,4650254.2522174325,road
703664.6534502766,4650117.537905141,road
703674.7454579371,4650136.624005964,road
703688.1189267931,4650153.521637923,road
703702.0198984522,4650170.0187366605,road
703716.2737455347,4650186.201353254,road
703729.3522659763,4650203.376854942,road
703742.759572124,4650220.2991571305,road
703757.4344730059,4650236.048713144,road
703768.2264626229,4650254.507471337,road
703764.6212352387,4650273.324026922,road
703746.0921883326,4650281.658678261,road
703724.7162714907,4650283.630973484,road
703703.1351769832,4650283.011116136,road
703681.5562479676,4650283.658614066,road
703659.967577937,4650283.748917423,road
703638.4659588826,4650285.440695154,road
703616.9104775325,4650286.428934478,road
703595.5610342661,4650289.094485521,road
703574.6096468326,4650294.1794378515,road
703555.165207527,4650303.250799086,road
703536.9789400187,4650314.818382896,road
703519.921364539,4650328.053449274,road
703502.4634456511,4650340.734655955,road
703485.4818943288,4650353.579231805,road
703476.3944630811,4650373.163573934,road
703474.5908964055,4650394.568160316,road
699292.1353741612,4650024.763815187,road
699322.4575266815,4650031.490603369,road
699352.6541716225,4650023.856497439,road
699374.313247577,4650001.929105987,road
699536.5730686141,4650012.1315136235,road
699549.6114717711,4650022.367958659,road
699290.7883290508,4650025.90092452,road
699292.1353741612,4650024.763815187,road
699248.9598132095,4650023.080890528,road
699290.7883290508,4650025.90092452,road
699346.2548272095,4650026.989552825,road
699365.5896003654,4650031.31537491,road
699387.5408399861,4650031.529575834,road
699409.9156355688,4650033.811329803,road
699432.4946042526,4650035.0535532925,road
699454.3649002966,4650030.467492039,road
699476.3898759475,4650026.603904369,road
699499.0101714316,4650026.819386854,road
699520.3652765373,4650033.5298261335,road
699455.1862998467,4650075.405172601,road
699484.3060260686,4650057.916745593,road
699515.7243820456,4650048.908739115,road
699511.1328504906,4650056.299324557,road
699493.4665326495,4650079.021687667,road
699470.010931933,4650081.591980287,road
699455.1862998467,4650075.405172601,road
699487.9966139958,4650087.137482719,road
699474.6471364099,4650114.862627382,road
699460.1309232515,4650142.751821074,road
699458.4060503165,4650073.145795766,road
699438.7324693617,4650077.492221126,road
699416.6378790621,4650081.552337593,road
699395.8133635673,4650089.55054093,road
699382.7050398568,4650107.543281895,road
699376.9391453491,4650128.5929082045,road
699386.1840582635,4650148.83119041,road
699398.5231326086,4650167.566108352,road
699414.8173536812,4650182.836215736,road
699217.3906917844,4650157.54906013,road
699237.7885758636,4650146.485772483,road
699260.6341187215,4650142.784364635,road
699283.8202943151,4650141.238977528,road
699306.9747743648,4650139.386533896,road
699322.7562560893,4650151.315425836,road
699306.8030099238,4650167.798977823,road
699291.9477672362,4650185.638028111,road
699277.0807158917,4650203.473879425,road
699261.6393489753,4650220.8048956385,road
699240.1770027059,4650229.626421876,road
699920.3810898801,4648778.47450584,road
699911.5322072838,4648797.138596347,road
699902.6833246873,4648815.802686854,road
699893.8344420909,4648834.466777361,road
699882.5526978627,4648851.74048294,road
699870.963486596,4648868.838470537,road
699858.6566200311,4648885.416503459,road
699846.0200142177,4648901.755634133,road
699833.014521163,4648917.797587059,road
699819.7395959083,4648933.6224838095,road
699806.420819005,4648949.409935358,road
699792.8705518628,4648964.9997159215,road
699778.4252315266,4648979.736994976,road
699763.8825261449,4648994.353024996,road
699755.1775623338,4649012.7181429155,road
699748.6423752413,4649032.306072577,road
699733.4930598257,4649044.881950255,road
699716.4073550084,4649056.415698228,road
699700.7444499625,4649069.816028104,road
699683.9135473461,4649081.578698427,road
699663.3445528732,4649083.059244508,road
699642.9991248955,4649080.408272028,road
699622.5121782182,4649078.416258856,road
699602.0319682532,4649076.337085519,road
699596.5328755958,4649060.284997032,road
699607.9115458477,4649043.764327193,road
699625.7315814848,4649033.516385922,road
699645.1726378382,4649027.906208834,road
699665.740364442,4649029.655546889,road
699686.2866016082,4649027.550303445,road
699706.7922295729,4649025.070890581,road
699727.2459539658,4649022.195492039,road
699750.6892204606,4651156.93131022,road
699733.8711712849,4651174.7134551965,road
699716.6669877442,4651192.1158711,road
699699.5285646169,4651209.582378751,road
699689.3543635076,4651231.267249628,road
699686.8985190095,4651255.629022854,road
699686.8322416003,4651280.0919877095,road
699688.6791384155,4651304.454143871,road
699676.193214149,4651324.4977043085,road
699676.193214149,4651324.4977043085,road
699680.6386304451,4651346.824460848,road
699686.4229799239,4651368.9365505455,road
699691.1279224169,4651391.277074026,road
699694.0934953439,4651413.908598991,road
699695.1221788183,4651436.7184337815,road
699691.0094403115,4651459.022993533,road
699684.6405730303,4651480.9871383095,road
699680.5287101527,4651503.48733807,road
699679.0028861087,4651526.242751504,road
699686.1349942385,4651547.649061718,road
699703.1971867969,4651562.532758565,road
699725.4867071997,4651566.988639203,road
699745.3863597076,4651556.739590927,road
699414.8173536812,4650182.836215736,road
699409.4688571815,4650210.588229795,road
699391.0104166103,4650233.966630412,road
699370.2874097831,4650255.4248961145,road
699350.6082780503,4650277.612755223,road
699436.6698154405,4650309.876132033,road
699459.2346530483,4650306.543017745,road
699482.4189770308,4650304.439809304,road
699505.2584504562,4650298.355887756,road
699526.603390302,4650306.995918939,road
699549.3591977047,4650312.575780238,road
699572.8621211166,4650310.503401814,road
699595.9753754748,4650315.506932986,road
699619.5030460178,4650318.309504734,road
699643.2504978239,4650318.977917429,road
699666.9798376318,4650319.175915455,road
699350.6082780503,4650277.612755223,road
699332.5717437714,4650299.838444782,road
699314.2420386126,4650321.861383505,road
699296.9971630396,4650344.723603161,road
699441.7520081415,4650347.38271861,road
699472.017232592,4650342.278330541,road
699493.5200913278,4650319.447350478,road
699520.1412971611,4650303.294085488,road
699420.8632990792,4650326.030826649,road
699421.7403823896,4650326.375741849,road
699436.6698154405,4650309.876132033,road
699412.2405184216,4650334.802513452,road
699385.5397368227,4650357.316825632,road
699533.3520731621,4650357.243876028,road
699572.8903128579,4650316.762748728,road
699441.7520081415,4650347.38271861,road
699422.5155807644,4650326.867521618,road
699593.461509599,4650314.756708423,road
699589.5197936046,4650335.972395023,road
699585.7846084294,4650360.612893495,road
699579.5255714558,4650384.6926896665,road
699575.3547013305,4650409.401624461,road
699561.4647487534,4650429.942372044,road
699296.9971630396,4650344.723603161,road
699278.3462950377,4650379.415496519,road
699262.9102842405,4650415.908189129,road
699533.3520731621,4650357.243876028,road
699513.4619185019,4650374.605109074,road
699491.2326069024,4650388.5493234275,road
699476.4044457873,4650410.439787381,road
699454.3095239385,4650424.578147029,road
699282.0486936857,4650396.236662112,road
699271.15998302,4650396.870682943,road
699380.1075919925,4650479.210559893,road
699386.899040973,4650458.650283588,road
699388.2819967257,4650437.153021725,road
699398.6404440994,4650417.827785861,road
699398.7360534375,4650395.902797856,road
699393.7133130976,4650374.480709799,road
699382.5125635001,4650357.231725216,road
699364.463064633,4650369.573821145,road
699345.4828484866,4650380.233428086,road
699325.1255586041,4650388.672511891,road
699303.890948373,4650394.399966669,road
699282.0486936857,4650396.236662112,road
699454.3095239385,4650424.578147029,road
699425.5878260555,4650450.6589154955,road
699390.4531478265,4650463.2011802755,road
699380.1075919925,4650479.210559893,road
699373.8201508595,4650506.067633737,road
699365.8133396433,4650532.564330556,road
699348.9041865778,4650553.211693193,road
699326.6777219842,4650498.154183716,road
699332.4149482534,4650528.49445639,road
699348.9041865778,4650553.211693193,road
699238.4231476698,4650593.122187019,road
699250.3252451944,4650573.20944569,road
699264.5866951928,4650554.778559805,road
699280.0547758754,4650537.406480442,road
699295.4045958696,4650519.80994322,road
699313.1072118373,4650504.869347167,road
699326.6777219842,4650498.154183716,road
699348.9041865778,4650553.211693193,road
699362.8940478049,4650598.213293953,road
699297.309162865,4650647.881910045,road
699317.3393643736,4650638.417964518,road
699332.8203445291,4650622.2824719,road
699349.8872955661,4650608.070844805,road
699368.0679789785,4650595.100823745,road
699387.4076091406,4650583.972451923,road
699406.4520689994,4650572.11650007,road
699425.8148550292,4650561.597824336,road
699447.1389577435,4650554.748874563,road
699469.0068934329,4650550.2793403715,road
699491.2578074512,4650548.186651302,road
699512.2352068917,4650540.427958225,road
699533.5100864243,4650533.443716899,road
699357.9657343354,4651001.35881936,road
699350.0461178529,4651022.454327281,road
699337.0734913435,4651040.682363408,road
699316.7493769644,4651046.258549701,road
699295.1540631015,4651049.636821319,road
699287.3129737363,4651069.90398307,road
699288.9866043037,4651092.3553496385,road
699298.3698169156,4651096.978878742,road
699320.216354809,4651092.03314375,road
699342.7497469892,4651092.3428539755,road
699364.550357114,4651097.655603083,road
699005.2264570341,4650591.055353324,road
698983.4433173665,4650614.784271367,road
698964.2031791196,4650640.8973291,road
698967.4951815762,4650604.801101588,road
698970.6708921088,4650629.094254631,road
699062.2022691927,4650610.04371005,road
699036.2536371339,4650636.017440913,road
699010.7566811261,4650662.647777491,road
699062.2022691927,4650610.04371005,road
699065.3065367126,4650641.140517781,road
699067.125821239,4650672.777649831,road
698964.2031791196,4650640.8973291,road
698986.1011090792,4650658.795752818,road
699015.6286068591,4650666.421745298,road
699040.3163434459,4650683.921568595,road
699010.7566811261,4650662.647777491,road
699010.5734044899,4650664.91346017,road
699161.6834861275,4650602.649813444,road
699172.5815322172,4650623.7488174215,road
699170.3129616863,4650648.091829512,road
699174.6570577557,4650672.253486924,road
699181.4163617811,4650695.787293854,road
699190.6687981164,4650718.494062705,road
699192.6136027307,4650742.848133999,road
699188.7661841282,4650766.97414682,road
699297.309162865,4650647.881910045,road
699281.21912799,4650664.610911175,road
699261.2923005443,4650677.96809269,road
699243.5650427096,4650694.093826076,road
699228.434579234,4650712.715637109,road
699213.9060841593,4650731.7954800585,road
699194.2837326082,4650725.707140794,road
699040.3163434459,4650683.921568595,road
699066.3145192859,4650714.172050852,road
699066.3145192859,4650714.172050852,road
699066.5458141972,4650716.820606487,road
698674.392109673,4650656.823398799,road
698699.8070237162,4650661.785456276,road
698725.1791542626,4650666.846552118,road
698750.5047229343,4650672.268594385,road
698775.4145411063,4650671.470090685,road
698477.2861595361,4650668.927480369,road
698501.7002241783,4650681.060463702,road
698525.5798755888,4650694.404572425,road
698551.0704380476,4650704.482749703,road
698577.1166822441,4650712.881087291,road
698600.537569944,4650722.090245971,road
698663.6237148287,4650608.063554154,road
698643.0901926474,4650614.632490718,road
698623.2139176386,4650622.754168438,road
698606.3359844609,4650635.990604802,road
698592.6076268825,4650652.489463683,road
698590.5018929698,4650673.76897407,road
698595.766709112,4650694.688599953,road
698599.9281113427,4650715.742495623,road
698601.286039971,4650737.314239804,road
698598.6847723079,4650758.656542634,road
698592.3375259436,4650779.272179645,road
698582.613040718,4650798.5600604275,road
698566.6806875137,4650813.167839391,road
698549.358726254,4650825.779577469,road
698711.886057691,4650630.25935034,road
698691.9426555252,4650639.248406569,road
698676.0384205877,4650653.838312078,road
698667.7693683107,4650674.027496777,road
698664.1897007005,4650695.707885407,road
698664.1466832878,4650717.665221603,road
698670.2220299985,4650738.853594641,road
698669.5916725382,4650760.69769815,road
698665.4428476064,4650782.220010544,road
698660.4343828057,4650803.654276162,road
698653.8435634256,4650824.590164329,road
698479.3888854936,4650735.135872383,road
698499.5179648311,4650760.924048962,road
698672.7490016151,4650658.901561903,road
698683.1653531295,4650677.572639799,road
698697.462342656,4650693.484358382,road
698715.5469887468,4650704.414967435,road
698734.7315720168,4650714.026223453,road
698751.9545688237,4650726.814631231,road
698762.5939267327,4650745.251566018,road
698774.8488539068,4650762.674853081,road
698788.084071636,4650779.512777638,road
698803.8085721472,4650791.707583402,road
698825.1332592812,4650790.092991672,road
698845.9449359365,4650793.7913773265,road
698863.3343742505,4650806.387431018,road
698878.1796968727,4650821.853804875,road
698888.3456713264,4650840.722155031,road
698749.7508028666,4650724.785036955,road
698729.388539771,4650734.245345647,road
698717.4257493968,4650755.282661489,road
698715.700469711,4650780.624161788,road
698710.6810373337,4650805.350678122,road
698689.7792652545,4650818.94842015,road
698668.5833577297,4650821.737509867,road
698661.6982035458,4650798.788818571,road
698345.1308161076,4650883.524544468,road
698366.2190452429,4650877.741854933,road
698385.0597091747,4650870.60449295,road
698394.512773972,4650850.747926289,road
698405.584752952,4650832.809960927,road
698423.887395404,4650823.714273843,road
698437.0760403585,4650808.792486503,road
698452.1690314324,4650794.198123304,road
698466.6185441097,4650779.366782526,road
698482.2639161058,4650767.4371746015,road
698501.7330939246,4650760.049045786,road
698522.0544343885,4650751.464994616,road
698535.8625211482,4650736.451161842,road
698653.8435634256,4650824.590164329,road
698631.6586899523,4650851.71330514,road
698615.6276237152,4650873.438266823,road
698685.9863881096,4650935.948833112,road
698702.8732757567,4650919.035372555,road
698713.9511876988,4650897.850705084,road
698727.0650675411,4650878.343526593,road
698748.4711941227,4650867.614800126,road
698767.5473892092,4650853.264053738,road
698784.7042295806,4650836.585277683,road
698790.8520309277,4650813.355956973,road
698799.7701744433,4650792.037171517,road
698705.9720003258,4650632.748885042,road
698723.5025148229,4650645.5119105205,road
698743.3071248443,4650655.470844948,road
698763.2724530987,4650665.054895283,road
698782.9449957863,4650675.32184214,road
698802.4008739376,4650685.848255301,road
698821.4783438911,4650697.106212715,road
698840.3473297488,4650708.660749269,road
698858.8328811919,4650720.760720304,road
698875.1954998997,4650735.670098238,road
698892.1245708249,4650749.649279234,road
698910.1062742658,4650762.6348229125,road
698928.8362323428,4650774.387156031,road
698946.2416816197,4650787.934386609,road
698955.5145360148,4650805.034541941,road
698963.551715462,4650801.011635209,road
698984.5022410656,4650792.617902072,road
699004.5892464404,4650782.354483278,road
699022.2111624698,4650768.282302481,road
699036.7735819077,4650751.121640923,road
699052.841021947,4650735.175867115,road
699066.3745363292,4650717.0372113455,road
699080.6404890625,4650699.466473934,road
699093.4063136484,4650680.898266081,road
699107.6795805178,4650663.2663448155,road
698997.6353818165,4650786.567541846,road
698997.9257940799,4650758.284403691,road
699012.0060130971,4650736.790679768,road
699038.6763816389,4650727.357143349,road
699064.0744618234,4650720.457772284,road
698754.1250340741,4650913.297308345,road
698773.1587804938,4650902.592250467,road
698792.5554176689,4650892.3596006995,road
698812.1764345147,4650882.671296587,road
698831.30292803,4650872.210201363,road
698850.292067131,4650861.737915602,road
698868.79156875,4650850.50066566,road
698886.8797458542,4650838.4344075285,road
698905.4257970256,4650830.249160671,road
698925.4356533214,4650821.944237752,road
698944.2324968615,4650811.000999469,road
698963.551715462,4650801.011635209,road
698888.3456713264,4650840.722155031,road
698895.0886830823,4650862.493047684,road
698873.8786827491,4650869.186991526,road
698852.5378874921,4650876.607663534,road
698843.7545797898,4650893.306402302,road
698861.0181116945,4650906.466623184,road
698869.0034972661,4650928.32309657,road
698953.5052426321,4650806.040270001,road
698951.4241622105,4650829.423793828,road
698944.4862983917,4650852.6435337905,road
698937.5484717046,4650875.863284931,road
698928.9708044275,4650898.478983502,road
698922.0235290905,4650921.649549989,road
698916.6802040288,4650945.286851165,road
698911.4894533325,4650968.95702408,road
698909.6146542954,4650993.099245684,road
698906.3812311392,4651017.005546228,road
698758.3983724964,4650911.027362769,road
698779.3181644044,4650923.94903145,road
698802.3026344338,4650932.049109392,road
698826.3631827056,4650937.378579295,road
698850.7861889006,4650940.501720057,road
698875.000657558,4650939.535853711,road
698869.0034972661,4650928.32309657,road
698883.7006718155,4650973.148549463,road
698875.86476834,4650989.066059037,road
698915.2370963828,4650950.980307459,road
698690.1365869489,4650948.677531084,road
698709.8789115192,4650949.894543236,road
698731.7621359206,4650950.507798751,road
698753.4842353852,4650952.126076395,road
698774.9535889692,4650955.320803077,road
698796.4229325152,4650958.515596981,road
698817.0924666376,4650965.1103237,road
698838.3992138234,4650968.6844216995,road
698857.5810801956,4650979.132434258,road
698876.8566104945,4650989.361982954,road
698894.3033637328,4651002.039787907,road
698908.3160361729,4651018.652969327,road
698339.3050599995,4650766.000167392,road
698364.7594967925,4650773.806418251,road
698388.6448489925,4650784.443962416,road
698411.3653468569,4650798.210552208,road
698434.717968653,4650811.153184683,road
698278.6561234049,4650810.511111401,road
698259.70469876,4650786.012323504,road
698345.7237688779,4650777.33168332,road
698366.3434065456,4650795.60934479,road
698384.4417091889,4650816.923737826,road
698406.8068444054,4650831.614118286,road
698133.3880286191,4650748.96661345,road
698152.7426397629,4650763.198853864,road
698171.9772331725,4650777.671857164,road
698184.5113873899,4650798.689291185,road
698190.0163326483,4650822.092962068,road
698189.9181424872,4650846.6488472335,road
698188.9693649034,4650871.186748006,road
698230.6763325849,4650867.579002316,road
698237.3865796982,4650839.01782972,road
698236.746952321,4650809.247443802,road
698264.5597517724,4650810.116984516,road
698290.643499156,4650820.715853458,road
698143.8343273585,4650855.121120651,road
698118.1780073327,4650850.218689869,road
698091.7671249902,4650850.376610648,road
698065.4560998474,4650848.487715522,road
698039.0419294115,4650847.024044588,road
698230.6763325849,4650867.579002316,road
698246.1315837175,4650881.653470777,road
698257.8257576593,4650890.9707050435,road
698234.8988247488,4650884.746349089,road
698211.735442324,4650878.687005171,road
698188.9989572065,4650871.195573838,road
698166.6999947415,4650862.414141299,road
698143.8343273585,4650855.121120651,road
698345.9226126005,4650883.546691427,road
698322.7920423328,4650887.14813131,road
698298.9065873061,4650889.796435903,road
698275.7904571366,4650884.572838129,road
698253.2167437827,4650875.799962256,road
698230.6763325849,4650867.579002316,road
698353.9511810355,4650927.497367852,road
698343.4878554747,4650885.602779379,road
698263.2945767462,4650890.418637126,road
698294.6380236954,4650899.9967832705,road
698325.9116544708,4650910.515700605,road
698353.9511810355,4650927.497367852,road
698758.5975792041,4650861.51260732,road
698754.6747272698,4650888.384213294,road
698755.317463421,4650902.380088694,road
698770.3796527005,4650879.367476739,road
698435.4450758954,4650909.803254126,road
698451.2654831819,4650892.773240015,road
698474.6811863509,4650887.298877717,road
698496.2389350758,4650896.258197252,road
698520.1843298156,4650897.439366348,road
698543.2682252972,4650891.8259869525,road
698548.0660500181,4650869.952486398,road
698430.0642424864,4650963.30088568,road
698451.7993221368,4650959.491957886,road
698473.4320285913,4650955.401763563,road
698494.372062718,4650948.082256611,road
698515.1359442264,4650940.278724885,road
698535.422994293,4650931.4482819075,road
698555.4508848467,4650922.189005825,road
698573.1342814764,4650909.122380567,road
698589.5844171478,4650894.428175805,road
698606.6990258651,4650880.5274664555,road
698624.7956806691,4650867.802336517,road
698641.3617932542,4650853.440335333,road
698662.7059946842,4650847.673531933,road
698754.1250340741,4650913.297308345,road
698730.3286063406,4650926.706059089,road
698705.8588901869,4650939.1706291195,road
698681.90762781,4650952.605364665,road
698659.8646699964,4650968.5402908735,road
698632.109985238,4650958.430056094,road
698607.5811618792,4650977.256007332,road
698616.9574482952,4650998.658939852,road
698640.5590105798,4650992.95874943,road
698631.4237504561,4650993.7649461115,road
698462.4764708898,4650999.655404549,road
698484.8864160177,4651002.9505488435,road
698509.1250766292,4651007.538345693,road
698533.8925300185,4651008.7872708645,road
698558.1995777291,4651004.496079737,road
698582.0171235712,4650998.620315614,road
698606.3054133531,4651002.3593279235,road
698629.8038442748,4650996.065052848,road
698632.6654468507,4651006.0138492305,road
698624.4408965858,4651002.5971751325,road
698385.5249342797,4650960.328771534,road
698406.133023786,4650971.634136234,road
698428.6850961497,4650979.363470871,road
698450.1585824342,4650989.01766901,road
698467.6215635772,4651005.108105413,road
698482.4440308707,4651023.80633155,road
698497.2044210843,4651042.45996352,road
698514.0850336934,4651059.210719638,road
698532.420401401,4651074.370776413,road
698551.5353352199,4651087.647338614,road
698550.728702361,4651088.155800281,road
698568.0867593834,4651072.807273405,road
698582.0719977538,4651054.23792687,road
698597.3394294104,4651036.684240412,road
698612.7000269685,4651019.268143966,road
698626.3126636832,4651000.489875031,road
698642.0438362637,4650983.466145749,road
698659.8646699964,4650968.5402908735,road
698435.4450758954,4650909.803254126,road
698415.2228944789,4650942.281553089,road
698381.3864687219,4650958.895434386,road
698353.9511810355,4650927.497367852,road
698385.5249342797,4650960.328771534,road
698430.0642424864,4650963.30088568,road
698394.8630837403,4650966.431553048,road
698358.2717868981,4650948.532309117,road
698364.0267295351,4650976.399820771,road
698370.8347620032,4651004.316657941,road
698376.0860152591,4651032.452012485,road
698376.0860152591,4651032.452012485,road
698378.2703043444,4651035.534565057,road
698212.7605039964,4651054.935986086,road
698270.8421223192,4651046.469903595,road
698389.0433679833,4651131.955595415,road
698388.4704904748,4651099.951241231,road
698382.665426201,4651067.774911319,road
698378.2703043444,4651035.534565057,road
698350.6521647093,4651059.72119145,road
698359.9983203271,4651086.279463726,road
698373.5276656594,4651110.778754471,road
698389.0433679833,4651131.955595415,road
698399.2621276331,4651134.896750771,road
698373.7225945351,4651128.787920294,road
698347.2377197163,4651127.599760224,road
698320.7154578491,4651126.8579048915,road
698294.6198989477,4651122.4107503835,road
698314.9413200449,4651203.341610906,road
698342.2644612192,4651213.149049486,road
698370.4945971248,4651219.216118275,road
698398.4354363078,4651226.826444161,road
698908.3160361729,4651018.652969327,road
698909.7891648886,4651041.741035179,road
698913.3684468907,4651064.599777797,road
698924.9862841035,4651084.308815646,road
698937.3205903016,4651103.839017974,road
698923.7144018924,4651115.265483685,road
698900.6594149454,4651113.556727042,road
698879.0825938077,4651114.4840921275,road
698897.6152657771,4651094.691251005,road
698899.0202021839,4651101.103260755,road
699075.2980216674,4651152.18342737,road
699030.0898190674,4651148.211919026,road
698938.3781557044,4651111.4470390165,road
698946.560757159,4651137.815001012,road
698955.6551901974,4651163.843575588,road
698966.529894023,4651189.078996004,road
699178.865611317,4651153.799468787,road
699152.9941948008,4651154.2477358915,road
699127.065763716,4651154.811991487,road
699101.0993916538,4651154.787797745,road
699075.2980216674,4651152.18342737,road
699030.0898190674,4651148.211919026,road
698979.2569561077,4651172.869266458,road
698965.2955830148,4651190.718708561,road
698966.529894023,4651189.078996004,road
698990.7007501828,4651221.128604436,road
699002.9420999482,4651195.547242335,road
698985.9658948269,4651175.758040471,road
698964.6056441444,4651182.680241731,road
699004.1439266618,4651191.897007197,road
699028.4720809627,4651193.710487314,road
699052.8742700982,4651198.1752474345,road
699077.4298836187,4651201.699306682,road
699101.7347747945,4651206.597929627,road
699126.1940387777,4651210.814125462,road
699150.7797502278,4651214.343349891,road
699085.0106073361,4651240.22537822,road
699054.9546860738,4651230.642368635,road
699030.4649117548,4651210.2735269815,road
699003.3773106707,4651194.2254027845,road
698640.5590105798,4650992.95874943,road
698662.7036185722,4650993.048073573,road
698683.9373320563,4650996.829286932,road
698704.7888826176,4650993.696218219,road
698727.0799838451,4650994.320897334,road
698748.6661385859,4650997.050085186,road
698770.0760440294,4651000.3054484995,road
698789.8987257276,4651008.299007897,road
698807.661456557,4651019.314933459,road
698827.4520013789,4651027.404391995,road
698847.221006579,4651035.558123468,road
698865.0365468176,4651045.800052018,road
698878.5859963866,4651060.312822459,road
698889.8274232948,4651076.474396999,road
698897.9813845444,4651095.763620847,road
698632.6654468507,4651006.0138492305,road
698652.4537723345,4651015.06497022,road
698673.034807605,4651021.74955225,road
698695.0857660467,4651022.100970687,road
698716.9763305332,4651020.1136970455,road
698738.9207759144,4651022.62827278,road
698759.357464697,4651029.743763006,road
698780.4610957291,4651034.868291059,road
698800.3812911524,4651042.277873349,road
698819.271929613,4651052.42241715,road
698837.4439731357,4651063.509619805,road
698853.5536145753,4651076.055598673,road
698872.3265315219,4651085.772039617,road
698891.1638974703,4651095.318847027,road
698904.7203506964,4651109.759956481,road
698693.6813987691,4651057.243619047,road
698670.2648527558,4651058.658883858,road
698647.0160357902,4651063.0386802405,road
698624.5957334937,4651070.489111619,road
698601.8841074622,4651076.954857196,road
698579.437280461,4651084.148226287,road
698555.9792474267,4651084.585484826,road
698382.3669743645,4651061.888422338,road
698406.6907872445,4651065.534846898,road
698431.0630671686,4651069.80392178,road
698455.1206631302,4651074.844589514,road
698479.1414907435,4651080.511821052,road
698502.7924604161,4651087.727511832,road
698527.2587326932,4651091.013007743,road
698551.5353352199,4651087.647338614,road
698740.3359853196,4651150.820908976,road
698760.9322557885,4651147.282588647,road
698782.2730716432,4651147.880833672,road
698803.1900483492,4651151.122508026,road
698824.5308606231,4651151.720880773,road
698845.8519700357,4651152.128576933,road
698866.9924433071,4651150.787447859,road
698888.0267240733,4651150.065836267,road
698885.0362518593,4651129.165627347,road
698875.0565772543,4651111.677654933,road
698855.1072354834,4651104.783829732,road
698834.9610233858,4651098.323551117,road
698815.3408817966,4651090.265549172,road
698795.6720999579,4651082.320995859,road
698775.620798918,4651075.268582626,road
698755.1695818207,4651069.916163889,road
698734.921744068,4651064.0894201845,road
698714.8274191889,4651057.305136756,road
698693.6813987691,4651057.243619047,road
698398.4852062073,4651134.343964537,road
698418.8765150281,4651139.941351823,road
698437.886378477,4651149.033317441,road
698453.2995439408,4651163.571126628,road
698469.7629194035,4651176.511144613,road
698490.7873440828,4651179.411056511,road
698511.2650501493,4651174.189413381,road
698532.282587033,4651171.163639292,road
698552.7782551402,4651165.79139521,road
698572.426492381,4651157.82635293,road
698592.3513034835,4651150.879760476,road
698613.4612538437,4651148.979752678,road
698634.5624739586,4651147.325974801,road
698655.7899982742,4651146.8585673645,road
698677.0175237318,4651146.391223892,road
698698.2676364771,4651146.741924083,road
698719.5165994036,4651147.051107635,road
698740.3359853196,4651150.820908976,road
698427.2714423164,4651232.995053067,road
698452.0954336873,4651206.712433782,road
698472.955443477,4651177.318754884,road
698426.4796845408,4651232.97289567,road
698448.0688976964,4651234.062393501,road
698469.0502984931,4651238.943796738,road
698490.1013536853,4651243.390625938,road
698510.7599014402,4651248.697236427,road
698532.1017662196,4651251.329925389,road
698553.5854111344,4651252.86332039,road
698574.8244169427,4651250.473048522,road
698596.088796908,4651247.268447041,road
698617.1849255604,4651243.601568348,road
698637.8156710439,4651237.828191611,road
698659.0804097836,4651235.7687065,road
698680.7470440776,4651236.375791557,road
698702.3586549388,4651236.450351643,road
698723.8052043024,4651234.927203195,road
698745.2517576253,4651233.40411899,road
698766.7533328466,4651232.413690868,road
698787.6998124542,4651236.718261622,road
698426.4796845408,4651232.97289567,road
698419.5627751166,4651253.623386285,road
698429.8326255755,4651272.499730177,road
698441.526570817,4651290.780488622,road
698457.6967675041,4651304.981683108,road
698478.5773869946,4651311.223372706,road
698500.0755100861,4651314.426191443,road
698521.0755434224,4651319.941788419,road
698542.4617703671,4651323.842622089,road
698564.0359568236,4651326.570973817,road
698585.8643955269,4651327.713366736,road
698607.7775862678,4651328.327152274,road
698628.9286846989,4651332.105950094,road
698715.62002545,4651235.759901041,road
698725.9008032123,4651263.16672844,road
698737.7729301131,4651290.011045067,road
698748.7052585698,4651317.218238339,road
698768.3357542795,4651333.888532383,road
698276.1121183361,4651294.136661453,road
698300.369848618,4651295.250869488,road
698324.6655787914,4651295.964574092,road
698348.9463415735,4651296.173798673,road
698373.2089097744,4651295.9126174655,road
698388.847414594,4651282.059948524,road
698401.7195275673,4651261.722806779,road
698420.4918992722,4651248.73676923,road
698349.0575943264,4651387.587964891,road
698310.3570573321,4651387.915343785,road
698271.6375038846,4651385.187535053,road
698349.0575943264,4651387.587964891,road
698374.2476404747,4651388.527703007,road
698399.4421535733,4651389.832356957,road
698424.6335841576,4651391.347572104,road
698449.8549539644,4651392.288456263,road
698475.1298929864,4651392.995939709,road
698966.529894023,4651189.078996004,road
698981.0654435996,4651206.673117749,road
698994.1945634083,4651225.679753153,road
699012.0559656582,4651240.32930612,road
699029.6947582478,4651255.278493078,road
699043.7456093337,4651273.600847312,road
699058.5979429147,4651291.03897504,road
699076.9138946821,4651304.739304889,road
699088.2493714255,4651324.678214308,road
699150.7797502278,4651214.343349891,road
699174.0502981957,4651222.3267395655,road
699197.7259903755,4651229.275082334,road
699221.4609379257,4651235.825998951,road
699242.6778671164,4651248.199867725,road
699260.1341675931,4651265.479596738,road
699278.3596806907,4651282.176594169,road
699298.0346511113,4651297.086965759,road
699316.4012943944,4651313.66941928,road
698787.6998124542,4651236.718261622,road
698810.2313497349,4651254.408601722,road
698825.4203796661,4651279.0504639475,road
698848.0127624811,4651297.145607002,road
698869.8491737691,4651316.555190348,road
698819.8079714777,4651278.509356475,road
698824.9543738593,4651278.653667873,road
699020.8268872873,4651247.11819972,road
699040.499475205,4651247.985428656,road
699054.9554186717,4651263.393816465,road
699071.9417835627,4651276.861242103,road
699093.2557866082,4651277.864746082,road
699114.8097542942,4651275.370883136,road
699135.1866571514,4651281.986836565,road
699153.0835710308,4651294.485401048,road
699150.5099530047,4651311.084582232,road
699129.4553849497,4651316.355421227,road
699108.7691056267,4651323.037304495,road
699090.0034589197,4651334.009627316,road
698965.2955830148,4651190.718708561,road
698958.24882274,4651213.317882694,road
698956.1705292421,4651236.696578893,road
698965.2689539827,4651258.264785628,road
698971.0680549312,4651281.141103899,road
698976.7747952708,4651304.034303148,road
698978.0918887025,4651327.689383577,road
698975.4719482394,4651351.2355941,road
698974.7354487077,4651374.923319385,road
698990.1491891302,4651392.153318153,road
699088.2493714255,4651324.678214308,road
699090.3614084816,4651360.560475065,road
699106.6937908261,4651392.051202628,road
698981.2329854637,4651385.104162556,road
698971.2140986341,4651415.740004237,road
698991.706244187,4651438.28867233,road
699106.6937908261,4651392.051202628,road
699121.7891629318,4651414.78418649,road
699140.542394429,4651434.800244338,road
699153.7867029503,4651458.443504466,road
699156.394416982,4651485.681274713,road
698991.706244187,4651438.28867233,road
699015.9560181315,4651458.121109411,road
699178.865611317,4651153.799468787,road
699198.9563050681,4651162.695293357,road
699220.6810245612,4651162.848221372,road
699242.2317023348,4651157.715224247,road
699263.9561890663,4651154.750880984,road
699285.9895821206,4651157.095628628,road
699307.9491758881,4651160.217175829,road
699330.1491832739,4651161.452436916,road
699352.3759535967,4651162.406057608,road
699374.633873629,4651163.031871325,road
699374.633873629,4651163.031871325,road
699366.6615886043,4651184.882321709,road
699357.4858655717,4651206.782233088,road
699348.2366326519,4651228.616266752,road
699341.7013375746,4651251.442099307,road
699333.361678605,4651273.725938617,road
699324.9899260713,4651295.963025308,road
699316.4012943944,4651313.66941928,road
699318.9761296833,4651315.621736156,road
699318.1366157904,4651351.7796033425,road
699315.1517332922,4651389.301671044,road
698768.3357542795,4651333.888532383,road
698795.4957455347,4651307.724602716,road
698819.8079714777,4651278.509356475,road
698628.9286846989,4651332.105950094,road
698628.2764251668,4651353.556687639,road
698617.3983749845,4651373.286056573,road
698606.7409143673,4651393.154974655,road
698585.6170081404,4651397.570924241,road
698563.1334466275,4651398.307268144,road
698540.5745472722,4651397.883126592,road
698518.3215973147,4651394.910119877,road
698495.8660623871,4651393.942240863,road
698473.3781588692,4651392.946903131,road
698763.6852257325,4651334.787430803,road
698753.7629037272,4651355.6575096445,road
698741.3997572252,4651375.307656083,road
698721.87644665,4651387.999980904,road
698699.3119679462,4651393.544692026,road
698676.0499810112,4651394.831114029,road
698652.7756483952,4651396.587140006,road
698629.4344415339,4651396.612140726,road
698606.6020429113,4651393.387631773,road
698972.4111571558,4651423.060204198,road
698972.2255397569,4651451.188041216,road
698972.1239384888,4651479.560197102,road
698963.2518227557,4651506.308771062,road
698963.3220186869,4651534.543443564,road
698963.3220186869,4651534.543443564,road
698962.5730090595,4651586.220491661,road
698789.5800999473,4651701.418756085,road
698808.7419952273,4651713.576468141,road
698831.3734711325,4651714.9713476375,road
698853.5347158897,4651717.173743698,road
698872.1541417683,4651730.37577194,road
698891.0390452631,4651742.773769623,road
698913.5136211355,4651744.474310406,road
698936.1632895856,4651744.234028725,road
698957.4162484317,4651738.946272752,road
698973.4166843087,4651723.377524774,road
698988.7720362343,4651706.500510737,road
699005.0869961778,4651690.387073923,road
699021.7353429361,4651674.563494636,road
702789.5,4646094.5,not_road
702877.5,4648385.5,not_road
703624.5,4647151.5,not_road
700441.5,4646789.5,not_road
703224.5,4650592.5,not_road
702047.5,4651652.5,not_road
699039.5,4650218.5,not_road
698051.5,4646540.5,not_road
701560.5,4646296.5,not_road
703554.5,4651967.5,not_road
703369.5,4648876.5,not_road
701150.5,4651255.5,not_road
698317.5,4649075.5,not_road
699347.5,4646897.5,not_road
700115.5,4650106.5,not_road
701852.5,4649864.5,not_road
703544.5,4650259.5,not_road
703652.5,4650407.5,not_road
697536.5,4645809.5,not_road
698548.5,4649218.5,not_road
697896.5,4649011.5,not_road
701761.5,4648846.5,not_road
699752.5,4648815.5,not_road
700790.5,4645778.5,not_road
702769.5,4647045.5,not_road
703633.5,4647623.5,not_road
698256.5,4649868.5,not_road
701379.5,4645818.5,not_road
701948.5,4649086.5,not_road
697706.5,4646718.5,not_road
699184.5,4650998.5,not_road
702086.5,4646640.5,not_road
701748.5,4648171.5,not_road
698132.5,4651283.5,not_road
699591.5,4651725.5,not_road
701518.5,4649220.5,not_road
698742.5,4651776.5,not_road
699032.5,4651115.5,not_road
699308.5,4645935.5,not_road
702611.5,4649086.5,not_road
704079.5,4646947.5,not_road
702434.5,4646853.5,not_road
701467.5,4648067.5,not_road
702704.5,4649241.5,not_road
704172.5,4650335.5,not_road
701628.5,4648894.5,not_road
697235.5,4649628.5,not_road
697500.5,4650453.5,not_road
703953.5,4645792.5,not_road
697603.5,4651926.5,not_road
699831.5,4651392.5,not_road
698741.5,4650797.5,not_road
702730.5,4645943.5,not_road
702806.5,4647674.5,not_road
703883.5,4646488.5,not_road
701996.5,4647493.5,not_road
700179.5,4649690.5,not_road
701952.5,4648943.5,not_road
704253.5,4651976.5,not_road
698630.5,4648140.5,not_road
700224.5,4648663.5,not_road
697748.5,4645969.5,not_road
700977.5,4646497.5,not_road
701421.5,4650836.5,not_road
703569.5,4648813.5,not_road
702837.5,4646126.5,not_road
697423.5,4646705.5,not_road
703263.5,4647575.5,not_road
700973.5,4648001.5,not_road
699087.5,4651736.5,not_road
697325.5,4647363.5,not_road
704093.5,4649040.5,not_road
704241.5,4651428.5,not_road
700800.5,4650471.5,not_road
700442.5,4648617.5,not_road
702417.5,4647457.5,not_road
702002.5,4648826.5,not_road
698607.5,4648169.5,not_road
699031.5,4646554.5,not_road
700274.5,4647712.5,not_road
700565.5,4649742.5,not_road
697690.5,4647979.5,not_road
703047.5,4648261.5,not_road
698037.5,4651629.5,not_road
703392.5,4647874.5,not_road
698725.5,4649577.5,not_road
699355.5,4649981.5,not_road
698328.5,4650589.5,not_road
703035.5,4651061.5,not_road
700609.5,4649615.5,not_road
703589.5,4646897.5,not_road
703937.5,4649493.5,not_road
702524.5,4649628.5,not_road
702645.5,4648403.5,not_road
698941.5,4645882.5,not_road
699470.5,4649548.5,not_road
704163.5,4649253.5,not_road
702421.5,4648218.5,not_road
699494.5,4649214.5,not_road
700357.5,4648012.5,not_road
703882.5,4648580.5,not_road
702043.5,4646020.5,not_road
704274.5,4651057.5,not_road
703970.5,4648489.5,not_road
699020.5,4649248.5,not_road
701955.5,4649762.5,not_road
702733.5,4650502.5,not_road
701374.5,4651673.5,not_road
698452.5,4649484.5,not_road
703676.5,4651395.5,not_road
701176.5,4649461.5,not_road
699223.5,4645951.5,not_road
697922.5,4646053.5,not_road
703741.5,4650656.5,not_road
697883.5,4651952.5,not_road
702243.5,4647801.5,not_road
698388.5,4651910.5,not_road
703406.5,4650122.5,not_road
700875.5,4648893.5,not_road
701718.5,4646537.5,not_road
697939.5,4651419.5,not_road
697932.5,4647861.5,not_road
697538.5,4648668.5,not_road
700020.5,4651177.5,not_road
699810.5,4646714.5,not_road
704153.5,4646718.5,not_road
701018.5,4648983.5,not_road
698081.5,4646094.5,not_road
700979.5,4646350.5,not_road
702350.5,4645996.5,not_road
700902.5,4648439.5,not_road
701262.5,4650244.5,not_road
700299.5,4651090.5,not_road
702446.5,4648482.5,not_road
699192.5,4650797.5,not_road
697280.5,4647311.5,not_road
699390.5,4646200.5,not_road
703275.5,4650465.5,not_road
699258.5,4651692.5,not_road
699062.5,4650871.5,not_road
701777.5,4649642.5,not_road
697464.5,4646474.5,not_road
701767.5,4645940.5,not_road
702519.5,4647990.5,not_road
703542.5,4648439.5,not_road
701661.5,4651621.5,not_road
698764.5,4649648.5,not_road
700545.5,4645854.5,not_road
697608.5,4649431.5,not_road
703416.5,4650666.5,not_road
699927.5,4650503.5,not_road
704287.5,4647541.5,not_road
697966.5,4651762.5,not_road
703714.5,4645941.5,not_road
700224.5,4646523.5,not_road
703593.5,4648452.5,not_road
699010.5,4649076.5,not_road
700455.5,4647241.5,not_road
701293.5,4648577.5,not_road
700626.5,4649017.5,not_road
702466.5,4649986.5,not_road
698342.5,4649207.5,not_road
703421.5,4647304.5,not_road
697426.5,4651655.5,not_road
702286.5,4651842.5,not_road
702311.5,4646976.5,not_road
704264.5,4651810.5,not_road
699740.5,4646329.5,not_road
700048.5,4651231.5,not_road
702094.5,4649401.5,not_road
698311.5,4645955.5,not_road
698407.5,4647888.5,not_road
698821.5,4647450.5,not_road
700501.5,4649323.5,not_road
702102.5,4651506.5,not_road
702129.5,4648726.5,not_road
698074.5,4649291.5,not_road
703102.5,4646544.5,not_road
698727.5,4647735.5,not_road
698380.5,4649848.5,not_road
700945.5,4651637.5,not_road
700918.5,4648310.5,not_road
704183.5,4650252.5,not_road
697743.5,4647726.5,not_road
697221.5,4646601.5,not_road
701266.5,4649778.5,not_road
702489.5,4646353.5,not_road
703342.5,4648755.5,not_road
703120.5,4647067.5,not_road
702012.5,4646317.5,not_road
698285.5,4645755.5,not_road
701692.5,4651055.5,not_road
699523.5,4649421.5,not_road
701914.5,4646166.5,not_road
697571.5,4650077.5,not_road
698496.5,4651967.5,not_road
698672.5,4648399.5,not_road
700818.5,4647293.5,not_road
700210.5,4647355.5,not_road
697590.5,4646934.5,not_road
700127.5,4651145.5,not_road
702000.5,4646705.5,not_road
697579.5,4649381.5,not_road
697453.5,4646703.5,not_road
704053.5,4646904.5,not_road
699491.5,4645934.5,not_road
699655.5,4651910.5,not_road
699985.5,4646586.5,not_road
698959.5,4648072.5,not_road
698935.5,4648966.5,not_road
703609.5,4647043.5,not_road
697622.5,4646048.5,not_road
700268.5,4648793.5,not_road
697683.5,4651453.5,not_road
700831.5,4647463.5,not_road
701806.5,4650558.5,not_road
703361.5,4650584.5,not_road
700911.5,4650759.5,not_road
701607.5,4646312.5,not_road
699986.5,4649730.5,not_road
698313.5,4651336.5,not_road
702437.5,4650878.5,not_road
698052.5,4649532.5,not_road
703621.5,4650061.5,not_road
701248.5,4646583.5,not_road
702296.5,4648416.5,not_road
703540.5,4645834.5,not_road
700731.5,4649874.5,not_road
700595.5,4651140.5,not_road
704281.5,4650302.5,not_road
701076.5,4646049.5,not_road
700112.5,4650631.5,not_road
703564.5,4649222.5,not_road
700268.5,4650736.5,not_road
697504.5,4645872.5,not_road
697364.5,4648777.5,not_road
699295.5,4646059.5,not_road
701971.5,4646381.5,not_road
703125.5,4646396.5,not_road
702646.5,4647200.5,not_road
700574.5,4647357.5,not_road
703833.5,4648396.5,not_road
701527.5,4648370.5,not_road
699776.5,4649333.5,not_road
701333.5,4646088.5,not_road
699652.5,4646511.5,not_road
699548.5,4649660.5,not_road
699546.5,4649427.5,not_road
698680.5,4647535.5,not_road
701757.5,4651396.5,not_road
697456.5,4651570.5,not_road
703179.5,4650449.5,not_road
702003.5,4649312.5,not_road
701723.5,4650982.5,not_road
703722.5,4646056.5,not_road
698666.5,4647338.5,not_road
701388.5,4650431.5,not_road
697434.5,4647084.5,not_road
698304.5,4646962.5,not_road
698340.5,4647751.5,not_road
697312.5,4650062.5,not_road
698490.5,4647518.5,not_road
700741.5,4651157.5,not_road
702557.5,4648064.5,not_road
698996.5,4645927.5,not_road
701166.5,4649920.5,not_road
702485.5,4648131.5,not_road
700277.5,4649510.5,not_road
701377.5,4647430.5,not_road
699811.5,4650731.5,not_road
701285.5,4650943.5,not_road
703351.5,4651683.5,not_road
697696.5,4649065.5,not_road
700836.5,4650669.5,not_road
700667.5,4650127.5,not_road
699402.5,4646278.5,not_road
698410.5,4646748.5,not_road
698616.5,4648292.5,not_road
697902.5,4647333.5,not_road
698544.5,4648226.5,not_road
704126.5,4646320.5,not_road
701914.5,4649005.5,not_road
703816.5,4650917.5,not_road
702478.5,4648283.5,not_road
697907.5,4649149.5,not_road
701436.5,4647879.5,not_road
702252.5,4650083.5,not_road
702513.5,4645991.5,not_road
701271.5,4649088.5,not_road
698539.5,4648074.5,not_road
701712.5,4649424.5,not_road
701746.5,4648029.5,not_road
697671.5,4651435.5,not_road
697370.5,4650850.5,not_road
703080.5,4647406.5,not_road
700582.5,4651613.5,not_road
701757.5,4647764.5,not_road
698341.5,4649428.5,not_road
699022.5,4651979.5,not_road
702148.5,4647224.5,not_road
700847.5,4647626.5,not_road
701941.5,4646904.5,not_road
699111.5,4646403.5,not_road
699552.5,4647437.5,not_road
699850.5,4646743.5,not_road
701350.5,4651292.5,not_road
702250.5,4646291.5,not_road
703237.5,4647661.5,not_road
700829.5,4646987.5,not_road
702486.5,4647366.5,not_road
699008.5,4646514.5,not_road
700919.5,4646441.5,not_road
704074.5,4646897.5,not_road
703386.5,4646277.5,not_road
700666.5,4650142.5,not_road
697825.5,4651708.5,not_road
698110.5,4650936.5,not_road
698609.5,4651810.5,not_road
702288.5,4649284.5,not_road
702738.5,4651873.5,not_road
702504.5,4650381.5,not_road
697553.5,4650420.5,not_road
702405.5,4647583.5,not_road
700175.5,4646063.5,not_road
699839.5,4650828.5,not_road
702100.5,4645926.5,not_road
698272.5,4648455.5,not_road
701375.5,4650475.5,not_road
697489.5,4651756.5,not_road
700705.5,4650088.5,not_road
702704.5,4648310.5,not_road
699008.5,4651318.5,not_road
702481.5,4651282.5,not_road
703687.5,4647763.5,not_road
697509.5,4651449.5,not_road
697550.5,4651868.5,not_road
702306.5,4649151.5,not_road
703602.5,4648437.5,not_road
701253.5,4646135.5,not_road
697750.5,4646640.5,not_road
697908.5,4648635.5,not_road
702476.5,4647982.5,not_road
700596.5,4646927.5,not_road
703007.5,4649266.5,not_road
700656.5,4647887.5,not_road
702248.5,4650647.5,not_road
701460.5,4648182.5,not_road
698989.5,4650518.5,not_road
703775.5,4650804.5,not_road
700100.5,4648410.5,not_road
703652.5,4651751.5,not_road
697589.5,4649074.5,not_road
701840.5,4645999.5,not_road
701266.5,4646371.5,not_road
700242.5,4646662.5,not_road
700660.5,4651900.5,not_road
702709.5,4651683.5,not_road
700896.5,4649883.5,not_road
702730.5,4646738.5,not_road
703261.5,4650012.5,not_road
702507.5,4651042.5,not_road
701144.5,4651211.5,not_road
701065.5,4647015.5,not_road
702868.5,4650108.5,not_road
701706.5,4650039.5,not_road
701663.5,4647857.5,not_road
699891.5,4646607.5,not_road
700464.5,4649277.5,not_road
702903.5,4647017.5,not_road
697392.5,4650093.5,not_road
699886.5,4651192.5,not_road
702160.5,4646821.5,not_road
703828.5,4647207.5,not_road
697423.5,4647308.5,not_road
703809.5,4646483.5,not_road
700096.5,4648886.5,not_road
697503.5,4650766.5,not_road
701753.5,4648414.5,not_road
701459.5,4649587.5,not_road
703308.5,4648007.5,not_road
704292.5,4650355.5,not_road
697558.5,4648191.5,not_road
702100.5,4647038.5,not_road
702442.5,4651398.5,not_road
701205.5,4649164.5,not_road
701337.5,4647867.5,not_road
701248.5,4651679.5,not_road
700872.5,4648050.5,not_road
697497.5,4646296.5,not_road
699143.5,4646850.5,not_road
702785.5,4647715.5,not_road
702416.5,4646978.5,not_road
702113.5,4649739.5,not_road
698764.5,4649955.5,not_road
698161.5,4651477.5,not_road
698495.5,4647487.5,not_road
700360.5,4650034.5,not_road
699684.5,4646579.5,not_road
702439.5,4649087.5,not_road
704237.5,4646419.5,not_road
704093.5,4651136.5,not_road
700081.5,4650990.5,not_road
701719.5,4649831.5,not_road
698215.5,4651833.5,not_road
701004.5,4648925.5,not_road
698572.5,4647864.5,not_road
702635.5,4650658.5,not_road
697203.5,4650973.5,not_road
701631.5,4648476.5,not_road
702392.5,4648043.5,not_road
702297.5,4646094.5,not_road
702214.5,4646401.5,not_road
703065.5,4649629.5,not_road
702073.5,4646490.5,not_road
699665.5,4649146.5,not_road
702498.5,4645794.5,not_road
703287.5,4647892.5,not_road
702969.5,4648280.5,not_road
699914.5,4651368.5,not_road
701055.5,4648307.5,not_road
700838.5,4649621.5,not_road
701315.5,4646726.5,not_road
703115.5,4651164.5,not_road
703934.5,4650800.5,not_road
701668.5,4647859.5,not_road
703683.5,4646809.5,not_road
697407.5,4648720.5,not_road
697304.5,4649644.5,not_road
700519.5,4650087.5,not_road
701600.5,4649676.5,not_road
701283.5,4647856.5,not_road
700822.5,4648627.5,not_road
701578.5,4650150.5,not_road
700116.5,4650655.5,not_road
702780.5,4647557.5,not_road
699302.5,4650453.5,not_road
697435.5,4650694.5,not_road
699873.5,4649938.5,not_road
703536.5,4646664.5,not_road
703005.5,4649141.5,not_road
702485.5,4648283.5,not_road
700582.5,4651490.5,not_road
697884.5,4649846.5,not_road
698761.5,4647295.5,not_road
701337.5,4647169.5,not_road
702125.5,4648380.5,not_road
700260.5,4646523.5,not_road
703018.5,4650126.5,not_road
701166.5,4650972.5,not_road
700084.5,4651515.5,not_road
698125.5,4647230.5,not_road
702485.5,4651180.5,not_road
703725.5,4648863.5,not_road
702105.5,4651167.5,not_road
700329.5,4646720.5,not_road
702124.5,4651183.5,not_road
699945.5,4647996.5,not_road
697301.5,4651492.5,not_road
698150.5,4647386.5,not_road
700629.5,4647427.5,not_road
704064.5,4650317.5,not_road
699847.5,4646738.5,not_road
701134.5,4650084.5,not_road
699046.5,4646795.5,not_road
703998.5,4648966.5,not_road
697552.5,4648125.5,not_road
697752.5,4646655.5,not_road
700577.5,4650830.5,not_road
702587.5,4651877.5,not_road
699500.5,4649282.5,not_road
700554.5,4650866.5,not_road
699963.5,4646582.5,not_road
701727.5,4649653.5,not_road
702824.5,4650070.5,not_road
698476.5,4647556.5,not_road
698401.5,4649166.5,not_road
703926.5,4651394.5,not_road
702311.5,4647859.5,not_road
702900.5,4651561.5,not_road
703511.5,4647147.5,not_road
697474.5,4648663.5,not_road
699266.5,4646687.5,not_road
700532.5,4649916.5,not_road
702584.5,4649682.5,not_road
701648.5,4647473.5,not_road
700789.5,4651598.5,not_road
700860.5,4650556.5,not_road
703166.5,4647265.5,not_road
701248.5,4646902.5,not_road
701108.5,4650807.5,not_road
701263.5,4650247.5,not_road
701238.5,4650336.5,not_road
703582.5,4650680.5,not_road
703059.5,4647322.5,not_road
702984.5,4648011.5,not_road
701563.5,4646396.5,not_road
704271.5,4648508.5,not_road
697722.5,4651214.5,not_road
703482.5,4650848.5,not_road
699181.5,4651656.5,not_road
701218.5,4647002.5,not_road
704193.5,4649183.5,not_road
703314.5,4651189.5,not_road
697493.5,4647493.5,not_road
703415.5,4649466.5,not_road
697496.5,4645770.5,not_road
701538.5,4648025.5,not_road
698068.5,4646130.5,not_road
697387.5,4647044.5,not_road
699024.5,4646731.5,not_road
703047.5,4651450.5,not_road
700949.5,4647143.5,not_road
704224.5,4648229.5,not_road
698802.5,4649531.5,not_road
697533.5,4650047.5,not_road
702797.5,4647992.5,not_road
703632.5,4650763.5,not_road
700938.5,4650847.5,not_road
703240.5,4646537.5,not_road
700241.5,4647253.5,not_road
701547.5,4648306.5,not_road
700247.5,4647264.5,not_road
703873.5,4649984.5,not_road
698908.5,4647491.5,not_road
697449.5,4650714.5,not_road
701019.5,4649220.5,not_road
697527.5,4651080.5,not_road
698853.5,4649636.5,not_road
702932.5,4649872.5,not_road
699493.5,4649376.5,not_road
701448.5,4649022.5,not_road
700823.5,4651791.5,not_road
697539.5,4649860.5,not_road
701707.5,4646722.5,not_road
698231.5,4649292.5,not_road
697933.5,4651357.5,not_road
702320.5,4649578.5,not_road
702250.5,4645938.5,not_road
703711.5,4651873.5,not_road
703697.5,4647489.5,not_road
703683.5,4647188.5,not_road
698257.5,4649615.5,not_road
703745.5,4651800.5,not_road
701302.5,4646808.5,not_road
702648.5,4650422.5,not_road
699718.5,4646253.5,not_road
703683.5,4649728.5,not_road
700429.5,4649578.5,not_road
701464.5,4647040.5,not_road
698021.5,4651138.5,not_road
699911.5,4651815.5,not_road
700576.5,4646213.5,not_road
698539.5,4645794.5,not_road
701908.5,4651195.5,not_road
702001.5,4651075.5,not_road
700866.5,4649883.5,not_road
702705.5,4647545.5,not_road
703861.5,4646298.5,not_road
702779.5,4646841.5,not_road
698725.5,4649659.5,not_road
703677.5,4646246.5,not_road
702360.5,4650397.5,not_road
699917.5,4651228.5,not_road
702445.5,4649282.5,not_road
701742.5,4651426.5,not_road
697658.5,4647758.5,not_road
703988.5,4645825.5,not_road
703853.5,4651329.5,not_road
700747.5,4651270.5,not_road
703449.5,4650884.5,not_road
700891.5,4650894.5,not_road
701855.5,4648406.5,not_road
698792.5,4646058.5,not_road
697415.5,4649210.5,not_road
697372.5,4646207.5,not_road
703229.5,4647310.5,not_road
702663.5,4646657.5,not_road
700154.5,4650809.5,not_road
699290.5,4649160.5,not_road
702561.5,4646284.5,not_road
701656.5,4647303.5,not_road
698284.5,4646713.5,not_road
700695.5,4647193.5,not_road
697414.5,4651084.5,not_road
701239.5,4651577.5,not_road
704288.5,4650382.5,not_road
702687.5,4649041.5,not_road
701437.5,4651796.5,not_road
700094.5,4651311.5,not_road
701617.5,4650038.5,not_road
701345.5,4649563.5,not_road
703281.5,4649204.5,not_road
704000.5,4650451.5,not_road
700385.5,4649156.5,not_road
703453.5,4651645.5,not_road
699671.5,4646126.5,not_road
700440.5,4645778.5,not_road
704076.5,4650186.5,not_road
701402.5,4646445.5,not_road
700789.5,4646272.5,not_road
700412.5,4647874.5,not_road
704114.5,4650458.5,not_road
699150.5,4651612.5,not_road
702021.5,4649536.5,not_road
702295.5,4647347.5,not_road
702688.5,4650580.5,not_road
697427.5,4651219.5,not_road
700153.5,4649344.5,not_road
700002.5,4651793.5,not_road
702449.5,4645834.5,not_road
702506.5,4648854.5,not_road
699793.5,4646737.5,not_road
701795.5,4650950.5,not_road
702735.5,4650898.5,not_road
703740.5,4646622.5,not_road
702604.5,4648973.5,not_road
700962.5,4646112.5,not_road
702333.5,4650851.5,not_road
697975.5,4650970.5,not_road
699153.5,4647813.5,not_road
697519.5,4646660.5,not_road
698059.5,4650338.5,not_road
703013.5,4650369.5,not_road
703863.5,4648706.5,not_road
702687.5,4647136.5,not_road
700194.5,4650231.5,not_road
701249.5,4646849.5,not_road
703600.5,4648773.5,not_road
703159.5,4647593.5,not_road
701938.5,4648071.5,not_road
701484.5,4648995.5,not_road
703812.5,4648648.5,not_road
701225.5,4645782.5,not_road
697380.5,4649527.5,not_road
700982.5,4646094.5,not_road
702877.5,4647057.5,not_road
703340.5,4650860.5,not_road
702447.5,4646541.5,not_road
704028.5,4649606.5,not_road
701198.5,4650878.5,not_road
701846.5,4650419.5,not_road
701112.5,4649878.5,not_road
698644.5,4651292.5,not_road
703797.5,4645877.5,not_road
700227.5,4645973.5,not_road
702542.5,4650558.5,not_road
703829.5,4647761.5,not_road
704129.5,4645938.5,not_road
700746.5,4646837.5,not_road
703689.5,4647397.5,not_road
697674.5,4648834.5,not_road
703539.5,4649235.5,not_road
697451.5,4648891.5,not_road
702186.5,4648590.5,not_road
703054.5,4651746.5,not_road
702876.5,4650029.5,not_road
703929.5,4649888.5,not_road
701392.5,4648250.5,not_road
699867.5,4645848.5,not_road
697220.5,4651585.5,not_road
697617.5,4648788.5,not_road
698949.5,4650521.5,not_road
697661.5,4646289.5,not_road
698254.5,4649093.5,not_road
697836.5,4651374.5,not_road
698142.5,4647244.5,not_road
697444.5,4646818.5,not_road
697876.5,4645827.5,not_road
700777.5,4647243.5,not_road
702263.5,4646790.5,not_road
699624.5,4647576.5,not_road
699703.5,4646689.5,not_road
698560.5,4647622.5,not_road
699158.5,4647740.5,not_road
698401.5,4645917.5,not_road
702816.5,4647401.5,not_road
698342.5,4649881.5,not_road
699259.5,4650114.5,not_road
702921.5,4649950.5,not_road
698315.5,4650952.5,not_road
698109.5,4651492.5,not_road
699204.5,4647271.5,not_road
702383.5,4647103.5,not_road
698968.5,4650963.5,not_road
702171.5,4649536.5,not_road
699661.5,4646253.5,not_road
700532.5,4646767.5,not_road
698332.5,4645929.5,not_road
698815.5,4649941.5,not_road
702350.5,4646724.5,not_road
701660.5,4646145.5,not_road
698590.5,4648296.5,not_road
698301.5,4651030.5,not_road
703995.5,4650162.5,not_road
703654.5,4648784.5,not_road
698202.5,4650254.5,not_road
703470.5,4651427.5,not_road
699681.5,4650934.5,not_road
700703.5,4645966.5,not_road
698375.5,4649611.5,not_road
702386.5,4648403.5,not_road
702857.5,4649257.5,not_road
702108.5,4651368.5,not_road
702538.5,4648346.5,not_road
703649.5,4646988.5,not_road
701724.5,4649115.5,not_road
702081.5,4646995.5,not_road
702458.5,4647976.5,not_road
698688.5,4646878.5,not_road
702967.5,4646058.5,not_road
702182.5,4649290.5,not_road
700415.5,4649405.5,not_road
701609.5,4651985.5,not_road
703817.5,4650527.5,not_road
697626.5,4646780.5,not_road
703570.5,4647506.5,not_road
703338.5,4649905.5,not_road
697921.5,4649163.5,not_road
702118.5,4647814.5,not_road
703893.5,4649394.5,not_road
697645.5,4650693.5,not_road
702133.5,4651730.5,not_road
703121.5,4648551.5,not_road
703850.5,4648673.5,not_road
703751.5,4651188.5,not_road
703242.5,4651591.5,not_road
698262.5,4647450.5,not_road
702836.5,4647008.5,not_road
697357.5,4651903.5,not_road
703296.5,4646010.5,not_road
703514.5,4649070.5,not_road
703023.5,4649029.5,not_road
700701.5,4649443.5,not_road
701021.5,4651656.5,not_road
703683.5,4647497.5,not_road
698840.5,4646172.5,not_road
698265.5,4647432.5,not_road
701268.5,4646005.5,not_road
704093.5,4651470.5,not_road
701702.5,4646051.5,not_road
703870.5,4648482.5,not_road
700086.5,4649485.5,not_road
702132.5,4648511.5,not_road
703349.5,4651770.5,not_road
699577.5,4646174.5,not_road
702393.5,4648063.5,not_road
702269.5,4651752.5,not_road
697202.5,4649169.5,not_road
697441.5,4651257.5,not_road
703893.5,4651569.5,not_road
703250.5,4648557.5,not_road
704259.5,4647242.5,not_road
698822.5,4651536.5,not_road
701894.5,4647056.5,not_road
703301.5,4649973.5,not_road
700687.5,4650611.5,not_road
704002.5,4651928.5,not_road
701983.5,4650777.5,not_road
701588.5,4650222.5,not_road
699406.5,4646508.5,not_road
703033.5,4648789.5,not_road
703006.5,4650763.5,not_road
703654.5,4647355.5,not_road
703640.5,4649160.5,not_road
700895.5,4646780.5,not_road
698738.5,4647310.5,not_road
700390.5,4646167.5,not_road
699932.5,4647579.5,not_road
702286.5,4651320.5,not_road
703130.5,4648540.5,not_road
698148.5,4649345.5,not_road
700768.5,4646955.5,not_road
698025.5,4651037.5,not_road
702502.5,4649088.5,not_road
700467.5,4646839.5,not_road
701938.5,4651762.5,not_road
703007.5,4646881.5,not_road
703127.5,4647761.5,not_road
703149.5,4647916.5,not_road
702703.5,4647988.5,not_road
699463.5,4649392.5,not_road
703441.5,4649461.5,not_road
700551.5,4651371.5,not_road
698928.5,4650181.5,not_road
700866.5,4649524.5,not_road
700603.5,4650954.5,not_road
702929.5,4647348.5,not_road
700366.5,4646232.5,not_road
702331.5,4649622.5,not_road
702696.5,4649351.5,not_road
701010.5,4649083.5,not_road
702546.5,4651549.5,not_road
697450.5,4647278.5,not_road
699429.5,4646494.5,not_road
697944.5,4651613.5,not_road
700422.5,4649887.5,not_road
704235.5,4651015.5,not_road
702545.5,4646832.5,not_road
700575.5,4646999.5,not_road
703622.5,4649618.5,not_road
698688.5,4649647.5,not_road
704204.5,4646720.5,not_road
700051.5,4651444.5,not_road
697543.5,4645985.5,not_road
704059.5,4649204.5,not_road
701091.5,4647285.5,not_road
699910.5,4647544.5,not_road
701037.5,4646396.5,not_road
698490.5,4651785.5,not_road
703624.5,4647590.5,not_road
703793.5,4649563.5,not_road
703468.5,4646629.5,not_road
697950.5,4646622.5,not_road
701640.5,4650211.5,not_road
700583.5,4648377.5,not_road
699736.5,4648914.5,not_road
702704.5,4648513.5,not_road
703546.5,4646800.5,not_road
701649.5,4647845.5,not_road
701510.5,4647272.5,not_road
703240.5,4647764.5,not_road
702159.5,4650436.5,not_road
700968.5,4648352.5,not_road
701169.5,4649630.5,not_road
700360.5,4649371.5,not_road
702955.5,4651301.5,not_road
699599.5,4650853.5,not_road
701626.5,4650170.5,not_road
702838.5,4648022.5,not_road
701208.5,4650169.5,not_road
703353.5,4650451.5,not_road
700811.5,4649307.5,not_road
702878.5,4648448.5,not_road
702026.5,4645755.5,not_road
702420.5,4648811.5,not_road
700793.5,4649796.5,not_road
702125.5,4649203.5,not_road
700749.5,4649677.5,not_road
703337.5,4650459.5,not_road
702705.5,4648366.5,not_road
703099.5,4647165.5,not_road
698644.5,4646075.5,not_road
699570.5,4650242.5,not_road
699534.5,4646653.5,not_road
699369.5,4649642.5,not_road
698358.5,4649905.5,not_road
703438.5,4650331.5,not_road
701324.5,4646472.5,not_road
702084.5,4650057.5,not_road
703883.5,4648913.5,not_road
702669.5,4646157.5,not_road
701158.5,4647715.5,not_road
703354.5,4651183.5,not_road
703845.5,4651541.5,not_road
702178.5,4650603.5,not_road
702448.5,4646584.5,not_road
703857.5,4650581.5,not_road
703547.5,4650043.5,not_road
704058.5,4648624.5,not_road
699319.5,4648909.5,not_road
699870.5,4651528.5,not_road
704267.5,4650762.5,not_road
699647.5,4645785.5,not_road
699331.5,4649373.5,not_road
701911.5,4650263.5,not_road
702516.5,4646824.5,not_road
701601.5,4646827.5,not_road
698257.5,4651005.5,not_road
703085.5,4646936.5,not_road
697937.5,4647200.5,not_road
700471.5,4647769.5,not_road
697520.5,4649137.5,not_road
697275.5,4649666.5,not_road
700436.5,4647875.5,not_road
701113.5,4648588.5,not_road
701695.5,4650115.5,not_road
701184.5,4650741.5,not_road
702533.5,4648676.5,not_road
697971.5,4650021.5,not_road
697471.5,4647584.5,not_road
703345.5,4646986.5,not_road
697338.5,4647184.5,not_road
697601.5,4648810.5,not_road
701314.5,4651645.5,not_road
697533.5,4650872.5,not_road
702553.5,4647419.5,not_road
702045.5,4648279.5,not_road
703579.5,4646891.5,not_road
701991.5,4648933.5,not_road
700529.5,4649217.5,not_road
702784.5,4650469.5,not_road
702471.5,4651609.5,not_road
697943.5,4651102.5,not_road
698887.5,4647731.5,not_road
701300.5,4648377.5,not_road
697547.5,4650461.5,not_road
702556.5,4649732.5,not_road
701288.5,4647979.5,not_road
702579.5,4649610.5,not_road
699511.5,4649646.5,not_road
701024.5,4646435.5,not_road
698014.5,4650386.5,not_road
700614.5,4650179.5,not_road
702109.5,4649021.5,not_road
701595.5,4650809.5,not_road
703470.5,4648720.5,not_road
702472.5,4648056.5,not_road
703248.5,4650972.5,not_road
698165.5,4650730.5,not_road
699129.5,4645987.5,not_road
702483.5,4649836.5,not_road
701642.5,4646631.5,not_road
704233.5,4650087.5,not_road
702848.5,4650545.5,not_road
699962.5,4650398.5,not_road
698398.5,4649522.5,not_road
698244.5,4651578.5,not_road
704138.5,4647993.5,not_road
702977.5,4649356.5,not_road
702494.5,4645933.5,not_road
698708.5,4647176.5,not_road
703635.5,4649597.5,not_road
697758.5,4647565.5,not_road
699838.5,4650777.5,not_road
700881.5,4651001.5,not_road
697461.5,4651144.5,not_road
701176.5,4651716.5,not_road
700455.5,4649991.5,not_road
701073.5,4647038.5,not_road
704201.5,4649637.5,not_road
699417.5,4648949.5,not_road
704156.5,4647204.5,not_road
701150.5,4646230.5,not_road
703556.5,4650240.5,not_road
702795.5,4647897.5,not_road
697708.5,4648288.5,not_road
700443.5,4649527.5,not_road
701721.5,4647310.5,not_road
704001.5,4651657.5,not_road
700183.5,4649851.5,not_road
702605.5,4650639.5,not_road
699040.5,4650393.5,not_road
701108.5,4646363.5,not_road
703914.5,4649264.5,not_road
697775.5,4651543.5,not_road
698688.5,4648942.5,not_road
703268.5,4651567.5,not_road
700033.5,4651114.5,not_road
701664.5,4649603.5,not_road
699271.5,4649241.5,not_road
702943.5,4648001.5,not_road
701916.5,4651151.5,not_road
698603.5,4646861.5,not_road
703655.5,4651137.5,not_road
697706.5,4649753.5,not_road
699119.5,4650914.5,not_road
703056.5,4650229.5,not_road
701959.5,4646580.5,not_road
701942.5,4645989.5,not_road
700218.5,4650630.5,not_road
697999.5,4651838.5,not_road
698756.5,4651915.5,not_road
698978.5,4650851.5,not_road
703827.5,4649496.5,not_road
703157.5,4650968.5,not_road
702214.5,4646019.5,not_road
700288.5,4649035.5,not_road
699797.5,4646700.5,not_road
698346.5,4651905.5,not_road
698202.5,4651171.5,not_road
698123.5,4649136.5,not_road
702197.5,4650983.5,not_road
699270.5,4650981.5,not_road
698531.5,4651849.5,not_road
701796.5,4650314.5,not_road
698966.5,4647229.5,not_road
698156.5,4647047.5,not_road
703600.5,4648819.5,not_road
698310.5,4650849.5,not_road
697261.5,4649188.5,not_road
703265.5,4648142.5,not_road
702690.5,4651080.5,not_road
699071.5,4649460.5,not_road
703610.5,4646856.5,not_road
702037.5,4649390.5,not_road
703268.5,4649058.5,not_road
703115.5,4646894.5,not_road
701359.5,4647804.5,not_road
702509.5,4650994.5,not_road
702969.5,4648189.5,not_road
701654.5,4646226.5,not_road
699536.5,4650675.5,not_road
700393.5,4646415.5,not_road
702880.5,4648334.5,not_road
702201.5,4647822.5,not_road
697366.5,4649930.5,not_road
699796.5,4651690.5,not_road
700069.5,4651833.5,not_road
702620.5,4647854.5,not_road
701852.5,4645857.5,not_road
702156.5,4648247.5,not_road
703549.5,4649763.5,not_road
698008.5,4647173.5,not_road
702016.5,4646090.5,not_road
697249.5,4650663.5,not_road
698100.5,4651351.5,not_road
701913.5,4646041.5,not_road
700379.5,4651717.5,not_road
700584.5,4646461.5,not_road
704140.5,4651099.5,not_road
701514.5,4651285.5,not_road
702690.5,4650271.5,not_road
701922.5,4650029.5,not_road
700929.5,4649933.5,not_road
700526.5,4651797.5,not_road
699512.5,4646662.5,not_road
698135.5,4646806.5,not_road
697870.5,4647748.5,not_road
701318.5,4646280.5,not_road
699794.5,4646139.5,not_road
699256.5,4645813.5,not_road
703672.5,4649652.5,not_road
700754.5,4648175.5,not_road
697402.5,4647837.5,not_road
702225.5,4647054.5,not_road
704013.5,4647759.5,not_road
699076.5,4649580.5,not_road
704248.5,4646047.5,not_road
701391.5,4646404.5,not_road
702829.5,4648200.5,not_road
699937.5,4649901.5,not_road
699584.5,4649615.5,not_road
701215.5,4648794.5,not_road
698753.5,4651883.5,not_road
699349.5,4649528.5,not_road
697291.5,4647474.5,not_road
700287.5,4650370.5,not_road
700706.5,4647662.5,not_road
697697.5,4649368.5,not_road
701860.5,4647465.5,not_road
702639.5,4646052.5,not_road
697663.5,4647277.5,not_road
698253.5,4651428.5,not_road
701123.5,4649895.5,not_road
702525.5,4648699.5,not_road
701935.5,4651515.5,not_road
700786.5,4649386.5,not_road
704023.5,4651173.5,not_road
702442.5,4650305.5,not_road
700995.5,4645917.5,not_road
701375.5,4649203.5,not_road
703034.5,4648526.5,not_road
697294.5,4646200.5,not_road
698094.5,4651913.5,not_road
699793.5,4650259.5,not_road
697858.5,4649346.5,not_road
704156.5,4646383.5,not_road
703807.5,4647483.5,not_road
702393.5,4647747.5,not_road
703778.5,4649635.5,not_road
701953.5,4646665.5,not_road
697244.5,4650837.5,not_road
702170.5,4649479.5,not_road
698252.5,4649771.5,not_road
703999.5,4651979.5,not_road
701707.5,4651428.5,not_road
701022.5,4647081.5,not_road
697375.5,4646099.5,not_road
700737.5,4651516.5,not_road
697558.5,4651109.5,not_road
701471.5,4651634.5,not_road
701233.5,4647003.5,not_road
700899.5,4651696.5,not_road
698459.5,4647710.5,not_road
701064.5,4647040.5,not_road
703841.5,4650672.5,not_road
701552.5,4650568.5,not_road
704133.5,4650327.5,not_road
700685.5,4647255.5,not_road
701208.5,4646129.5,not_road
701538.5,4650321.5,not_road
698724.5,4647521.5,not_road
698123.5,4647609.5,not_road
703887.5,4649355.5,not_road
702959.5,4651190.5,not_road
702254.5,4650033.5,not_road
698397.5,4648774.5,not_road
702555.5,4651265.5,not_road
700926.5,4646285.5,not_road
700241.5,4648774.5,not_road
701329.5,4649818.5,not_road
702895.5,4651779.5,not_road
698063.5,4648562.5,not_road
703767.5,4651055.5,not_road
704117.5,4646708.5,not_road
702061.5,4651472.5,not_road
698883.5,4650779.5,not_road
699649.5,4650285.5,not_road
703866.5,4647313.5,not_road
700118.5,4647220.5,not_road
699405.5,4646866.5,not_road
698725.5,4648199.5,not_road
700622.5,4646314.5,not_road
700819.5,4650045.5,not_road
703553.5,4648069.5,not_road
700585.5,4649158.5,not_road
702802.5,4647590.5,not_road
699559.5,4646610.5,not_road
700484.5,4650169.5,not_road
700814.5,4647515.5,not_road
701476.5,4646141.5,not_road
699368.5,4650742.5,not_road
700869.5,4647372.5,not_road
703478.5,4650933.5,not_road
702306.5,4649635.5,not_road
701387.5,4648942.5,not_road
702291.5,4647469.5,not_road
700959.5,4650950.5,not_road
697399.5,4647634.5,not_road
703876.5,4649578.5,not_road
699705.5,4651834.5,not_road
699852.5,4649963.5,not_road
700324.5,4645981.5,not_road
703552.5,4648493.5,not_road
700865.5,4647539.5,not_road
698299.5,4650569.5,not_road
703643.5,4650720.5,not_road
699993.5,4646339.5,not_road
697491.5,4647432.5,not_road
704044.5,4648945.5,not_road
701801.5,4646612.5,not_road
702010.5,4649066.5,not_road
700974.5,4651670.5,not_road
701004.5,4646625.5,not_road
703789.5,4649389.5,not_road
700062.5,4649199.5,not_road
697669.5,4649613.5,not_road
701005.5,4650199.5,not_road
698465.5,4648244.5,not_road
702175.5,4650090.5,not_road
703757.5,4648817.5,not_road
700404.5,4651518.5,not_road
701420.5,4646790.5,not_road
703775.5,4650628.5,not_road
698856.5,4648217.5,not_road
701234.5,4650305.5,not_road
699825.5,4650843.5,not_road
700453.5,4650918.5,not_road
699456.5,4647584.5,not_road
703647.5,4651605.5,not_road
697396.5,4649088.5,not_road
701749.5,4649161.5,not_road
703600.5,4650660.5,not_road
700569.5,4649768.5,not_road
700658.5,4647382.5,not_road
702352.5,4646433.5,not_road
698561.5,4648117.5,not_road
702135.5,4650293.5,not_road
700670.5,4651518.5,not_road
698988.5,4648423.5,not_road
700658.5,4648549.5,not_road
700602.5,4648832.5,not_road
701017.5,4651530.5,not_road
700727.5,4649540.5,not_road
704085.5,4651219.5,not_road
699759.5,4646655.5,not_road
702039.5,4646470.5,not_road
702539.5,4646852.5,not_road
700416.5,4649036.5,not_road
701819.5,4646971.5,not_road
698316.5,4649823.5,not_road
701850.5,4651583.5,not_road
700367.5,4646728.5,not_road
698259.5,4648282.5,not_road
700248.5,4649196.5,not_road
699919.5,4646591.5,not_road
702608.5,4646057.5,not_road
698414.5,4651922.5,not_road
698038.5,4651964.5,not_road
703118.5,4648944.5,not_road
698319.5,4650538.5,not_road
697471.5,4649693.5,not_road
701787.5,4648463.5,not_road
698523.5,4647249.5,not_road
702144.5,4647268.5,not_road
698512.5,4651542.5,not_road
700787.5,4649605.5,not_road
701053.5,4650344.5,not_road
703252.5,4650193.5,not_road
699567.5,4649318.5,not_road
697977.5,4649065.5,not_road
698281.5,4645882.5,not_road
704262.5,4649167.5,not_road
701999.5,4647302.5,not_road
702537.5,4645946.5,not_road
701683.5,4645898.5,not_road
702065.5,4650000.5,not_road
698748.5,4649477.5,not_road
701785.5,4651739.5,not_road
701078.5,4647323.5,not_road
702378.5,4649548.5,not_road
697607.5,4651921.5,not_road
700075.5,4650888.5,not_road
702380.5,4651488.5,not_road
698386.5,4651561.5,not_road
698864.5,4650538.5,not_road
698641.5,4646040.5,not_road
703072.5,4648426.5,not_road
699280.5,4648378.5,not_road
701814.5,4648725.5,not_road
703085.5,4647955.5,not_road
700129.5,4649977.5,not_road
703427.5,4648430.5,not_road
704266.5,4647298.5,not_road
703878.5,4648316.5,not_road
699642.5,4651554.5,not_road
700618.5,4646982.5,not_road
698139.5,4645947.5,not_road
701219.5,4648559.5,not_road
697301.5,4649250.5,not_road
701493.5,4650761.5,not_road
697706.5,4649131.5,not_road
697852.5,4648357.5,not_road
701275.5,4647155.5,not_road
702586.5,4648931.5,not_road
699648.5,4650865.5,not_road
702910.5,4650962.5,not_road
701226.5,4648660.5,not_road
698635.5,4648130.5,not_road
701712.5,4651155.5,not_road
703746.5,4646838.5,not_road
703987.5,4648594.5,not_road
699226.5,4646730.5,not_road
699756.5,4647414.5,not_road
701717.5,4650021.5,not_road
703448.5,4649481.5,not_road
697633.5,4649424.5,not_road
697696.5,4650312.5,not_road
698638.5,4647190.5,not_road
701104.5,4649673.5,not_road
703021.5,4647643.5,not_road
700468.5,4649445.5,not_road
703331.5,4647708.5,not_road
699009.5,4650908.5,not_road
699092.5,4651082.5,not_road
697880.5,4651331.5,not_road
702137.5,4646814.5,not_road
703177.5,4647783.5,not_road
702581.5,4646225.5,not_road
701702.5,4648209.5,not_road
702425.5,4651366.5,not_road
703415.5,4649599.5,not_road
699640.5,4650440.5,not_road
704008.5,4647490.5,not_road
702378.5,4650914.5,not_road
698266.5,4646692.5,not_road
700397.5,4646310.5,not_road
697797.5,4647600.5,not_road
703426.5,4651723.5,not_road
704178.5,4648665.5,not_road
698366.5,4649922.5,not_road
703253.5,4647630.5,not_road
699281.5,4648924.5,not_road
699765.5,4649065.5,not_road
701962.5,4648885.5,not_road
698722.5,4646240.5,not_road
697466.5,4646110.5,not_road
700979.5,4651561.5,not_road
702932.5,4647083.5,not_road
700192.5,4650929.5,not_road
701044.5,4651019.5,not_road
701433.5,4648956.5,not_road
701543.5,4645902.5,not_road
697346.5,4648724.5,not_road
701556.5,4648336.5,not_road
702987.5,4647340.5,not_road
700692.5,4649016.5,not_road
700022.5,4649264.5,not_road
698775.5,4647647.5,not_road
697688.5,4651117.5,not_road
704028.5,4646499.5,not_road
701608.5,4649789.5,not_road
702608.5,4648321.5,not_road
698449.5,4645861.5,not_road
701863.5,4647234.5,not_road
698733.5,4647307.5,not_road
702820.5,4646902.5,not_road
702575.5,4651272.5,not_road
698829.5,4649247.5,not_road
697716.5,4646948.5,not_road
700077.5,4650366.5,not_road
703455.5,4646514.5,not_road
698949.5,4647116.5,not_road
701520.5,4650435.5,not_road
701509.5,4651920.5,not_road
698052.5,4646554.5,not_road
700299.5,4648582.5,not_road
704298.5,4650985.5,not_road
702062.5,4648985.5,not_road
703972.5,4649151.5,not_road
701860.5,4647864.5,not_road
701921.5,4648934.5,not_road
699777.5,4650966.5,not_road
702247.5,4648881.5,not_road
701329.5,4651130.5,not_road
703723.5,4645931.5,not_road
701371.5,4651672.5,not_road
703639.5,4650646.5,not_road
699482.5,4646076.5,not_road
698246.5,4651186.5,not_road
699137.5,4649095.5,not_road
697691.5,4650587.5,not_road
704034.5,4649771.5,not_road
702526.5,4649458.5,not_road
703312.5,4648332.5,not_road
697443.5,4650244.5,not_road
700717.5,4649614.5,not_road
697907.5,4651788.5,not_road
701641.5,4650379.5,not_road
701788.5,4649930.5,not_road
703131.5,4647280.5,not_road
698114.5,4647173.5,not_road
704149.5,4650401.5,not_road
698123.5,4649471.5,not_road
699942.5,4649328.5,not_road
700574.5,4647281.5,not_road
699877.5,4646589.5,not_road
700845.5,4649458.5,not_road
702618.5,4650654.5,not_road
703257.5,4646455.5,not_road
704286.5,4648646.5,not_road
700655.5,4646262.5,not_road
697476.5,4650059.5,not_road
700294.5,4651623.5,not_road
701820.5,4648902.5,not_road
700753.5,4650418.5,not_road
704166.5,4649208.5,not_road
698157.5,4651127.5,not_road
699285.5,4645929.5,not_road
700838.5,4649263.5,not_road
700056.5,4650123.5,not_road
701377.5,4648234.5,not_road
698093.5,4647033.5,not_road
700800.5,4646152.5,not_road
698478.5,4647738.5,not_road
701308.5,4651088.5,not_road
699703.5,4649385.5,not_road
697311.5,4647547.5,not_road
702138.5,4649028.5,not_road
702065.5,4646676.5,not_road
697462.5,4651176.5,not_road
697696.5,4649852.5,not_road
700763.5,4645920.5,not_road
698274.5,4647651.5,not_road
703594.5,4650679.5,not_road
700065.5,4651194.5,not_road
699745.5,4651003.5,not_road
702938.5,4646339.5,not_road
700332.5,4645872.5,not_road
703168.5,4651355.5,not_road
700690.5,4647573.5,not_road
703483.5,4651420.5,not_road
701650.5,4646878.5,not_road
702126.5,4649927.5,not_road
701498.5,4651705.5,not_road
700992.5,4646137.5,not_road
700829.5,4646249.5,not_road
702896.5,4651793.5,not_road
702955.5,4649563.5,not_road
697263.5,4649809.5,not_road
697424.5,4648177.5,not_road
702884.5,4646564.5,not_road
703464.5,4651580.5,not_road
703035.5,4648927.5,not_road
702328.5,4648446.5,not_road
701293.5,4646223.5,not_road
700248.5,4649132.5,not_road
700868.5,4646766.5,not_road
699011.5,4648475.5,not_road
700364.5,4649296.5,not_road
704100.5,4647392.5,not_road
698722.5,4647758.5,not_road
697495.5,4648131.5,not_road
698997.5,4645767.5,not_road
703901.5,4651020.5,not_road
700844.5,4646253.5,not_road
702594.5,4646919.5,not_road
702393.5,4649686.5,not_road
703237.5,4649430.5,not_road
700466.5,4647841.5,not_road
703865.5,4647104.5,not_road
702174.5,4647603.5,not_road
703999.5,4646426.5,not_road
703554.5,4651559.5,not_road
699987.5,4645800.5,not_road
701958.5,4648952.5,not_road
701190.5,4649169.5,not_road
701250.5,4648890.5,not_road
699589.5,4646089.5,not_road
702011.5,4647794.5,not_road
701307.5,4649669.5,not_road
700654.5,4649499.5,not_road
703548.5,4646123.5,not_road
700975.5,4647887.5,not_road
701084.5,4649463.5,not_road
700815.5,4647322.5,not_road
699607.5,4649657.5,not_road
703907.5,4650640.5,not_road
698543.5,4647271.5,not_road
703112.5,4649054.5,not_road
702614.5,4649427.5,not_road
701724.5,4649198.5,not_road
701797.5,4650669.5,not_road
698741.5,4649586.5,not_road
702126.5,4651229.5,not_road
702963.5,4649294.5,not_road
698600.5,4647396.5,not_road
697768.5,4651126.5,not_road
701367.5,4651057.5,not_road
697825.5,4651618.5,not_road
702146.5,4651726.5,not_road
702767.5,4648471.5,not_road
701688.5,4649070.5,not_road
700930.5,4647800.5,not_road
701682.5,4649661.5,not_road
702110.5,4646985.5,not_road
702207.5,4648830.5,not_road
703636.5,4650561.5,not_road
704205.5,4650538.5,not_road
697502.5,4648860.5,not_road
698167.5,4649292.5,not_road
700311.5,4650100.5,not_road
697446.5,4648730.5,not_road
701069.5,4647245.5,not_road
700697.5,4647698.5,not_road
697211.5,4649661.5,not_road
702800.5,4648881.5,not_road
697757.5,4649980.5,not_road
703282.5,4647106.5,not_road
699517.5,4650833.5,not_road
703081.5,4650402.5,not_road
700913.5,4651334.5,not_road
701045.5,4645800.5,not_road
697240.5,4647642.5,not_road
703262.5,4651010.5,not_road
703937.5,4647272.5,not_road
700018.5,4650087.5,not_road
700620.5,4650147.5,not_road
700372.5,4648946.5,not_road
698357.5,4648024.5,not_road
701389.5,4647883.5,not_road
701741.5,4651787.5,not_road
703558.5,4647367.5,not_road
701296.5,4649473.5,not_road
702223.5,4648387.5,not_road
697486.5,4646149.5,not_road
704223.5,4650416.5,not_road
698241.5,4647853.5,not_road
700323.5,4649823.5,not_road
697843.5,4646632.5,not_road
697200.5,4648190.5,not_road
698624.5,4648313.5,not_road
703697.5,4647227.5,not_road
700096.5,4651036.5,not_road
699957.5,4650572.5,not_road
701720.5,4650848.5,not_road
700658.5,4651499.5,not_road
700798.5,4648507.5,not_road
701685.5,4645939.5,not_road
702104.5,4650061.5,not_road
700919.5,4650735.5,not_road
702106.5,4647466.5,not_road
697579.5,4650415.5,not_road
697378.5,4650748.5,not_road
697208.5,4650818.5,not_road
697397.5,4645803.5,not_road
702131.5,4648258.5,not_road
702062.5,4650208.5,not_road
703426.5,4649181.5,not_road
698118.5,4651711.5,not_road
701113.5,4645808.5,not_road
701035.5,4649007.5,not_road
700037.5,4646062.5,not_road
702256.5,4647058.5,not_road
702103.5,4651735.5,not_road
701372.5,4646996.5,not_road
704233.5,4648742.5,not_road
700243.5,4646487.5,not_road
701553.5,4648241.5,not_road
697442.5,4650256.5,not_road
698659.5,4647610.5,not_road
699785.5,4650213.5,not_road
702354.5,4649900.5,not_road
699374.5,4648321.5,not_road
698717.5,4649950.5,not_road
704084.5,4646159.5,not_road
702087.5,4651973.5,not_road
697416.5,4649596.5,not_road
701275.5,4651779.5,not_road
699844.5,4647503.5,not_road
697281.5,4648562.5,not_road
698177.5,4651070.5,not_road
698538.5,4651525.5,not_road
698810.5,4650734.5,not_road
703275.5,4646737.5,not_road
699881.5,4649917.5,not_road
703477.5,4651559.5,not_road
699754.5,4648826.5,not_road
702242.5,4651807.5,not_road
701701.5,4650604.5,not_road
700606.5,4646206.5,not_road
699121.5,4645890.5,not_road
700080.5,4649279.5,not_road
697610.5,4646323.5,not_road
697412.5,4650719.5,not_road
700454.5,4648331.5,not_road
698745.5,4647572.5,not_road
704067.5,4646436.5,not_road
703446.5,4651940.5,not_road
702387.5,4648282.5,not_road
699880.5,4650468.5,not_road
698854.5,4649581.5,not_road
699146.5,4645995.5,not_road
701358.5,4647916.5,not_road
703877.5,4646389.5,not_road
700178.5,4650809.5,not_road
698776.5,4648025.5,not_road
699049.5,4646210.5,not_road
702883.5,4651417.5,not_road
704193.5,4646542.5,not_road
699908.5,4650012.5,not_road
697452.5,4649367.5,not_road
699792.5,4651825.5,not_road
702992.5,4646760.5,not_road
699571.5,4650630.5,not_road
698464.5,4645803.5,not_road
699117.5,4651841.5,not_road
699453.5,4651316.5,not_road
701639.5,4647759.5,not_road
699200.5,4648042.5,not_road
697396.5,4650718.5,not_road
700500.5,4651372.5,not_road
703723.5,4650362.5,not_road
700347.5,4651026.5,not_road
703345.5,4647524.5,not_road
697336.5,4646357.5,not_road
699909.5,4649322.5,not_road
699999.5,4649903.5,not_road
700771.5,4648729.5,not_road
703018.5,4649918.5,not_road
703153.5,4650866.5,not_road
702545.5,4651459.5,not_road
698216.5,4647929.5,not_road
698098.5,4647025.5,not_road
703507.5,4648750.5,not_road
698672.5,4647772.5,not_road
701830.5,4651273.5,not_road
701667.5,4648580.5,not_road
703223.5,4647799.5,not_road
701663.5,4648138.5,not_road
698044.5,4651845.5,not_road
697556.5,4651372.5,not_road
700364.5,4645841.5,not_road
698776.5,4650552.5,not_road
700827.5,4648352.5,not_road
698874.5,4647417.5,not_road
702040.5,4646048.5,not_road
699839.5,4647352.5,not_road
701193.5,4646892.5,not_road
699543.5,4646267.5,not_road
701766.5,4647995.5,not_road
698852.5,4648216.5,not_road
703494.5,4648757.5,not_road
700448.5,4650716.5,not_road
703420.5,4651905.5,not_road
703364.5,4651582.5,not_road
702600.5,4651126.5,not_road
698700.5,4651193.5,not_road
702053.5,4649656.5,not_road
697224.5,4647668.5,not_road
698271.5,4646963.5,not_road
702745.5,4646924.5,not_road
702129.5,4646009.5,not_road
703637.5,4647084.5,not_road
701752.5,4650349.5,not_road
697935.5,4649172.5,not_road
698307.5,4647952.5,not_road
702542.5,4650893.5,not_road
701716.5,4647706.5,not_road
697773.5,4651779.5,not_road
704224.5,4650594.5,not_road
703697.5,4646678.5,not_road
704071.5,4650007.5,not_road
700492.5,4645889.5,not_road
703940.5,4646753.5,not_road
700661.5,4650474.5,not_road
703663.5,4646587.5,not_road
701945.5,4645856.5,not_road
699358.5,4649484.5,not_road
702758.5,4646328.5,not_road
701038.5,4650054.5,not_road
698911.5,4649775.5,not_road
697916.5,4648842.5,not_road
700619.5,4649740.5,not_road
698456.5,4651948.5,not_road
700996.5,4649233.5,not_road
703351.5,4650752.5,not_road
700527.5,4650582.5,not_road
699834.5,4647547.5,not_road
701761.5,4647634.5,not_road
697239.5,4648858.5,not_road
701576.5,4648238.5,not_road
698851.5,4646569.5,not_road
699833.5,4646505.5,not_road
700731.5,4646395.5,not_road
700353.5,4645796.5,not_road
697653.5,4650020.5,not_road
703787.5,4647018.5,not_road
698219.5,4650247.5,not_road
699065.5,4646573.5,not_road
698796.5,4646130.5,not_road
700472.5,4649253.5,not_road
703183.5,4648850.5,not_road
702737.5,4651264.5,not_road
700230.5,4651396.5,not_road
700790.5,4650763.5,not_road
698186.5,4651713.5,not_road
701718.5,4649501.5,not_road
701016.5,4645809.5,not_road
699419.5,4647580.5,not_road
701282.5,4648380.5,not_road
703289.5,4647441.5,not_road
701579.5,4651659.5,not_road
697708.5,4647901.5,not_road
702445.5,4648804.5,not_road
704050.5,4651285.5,not_road
701225.5,4648849.5,not_road
697569.5,4649278.5,not_road
701329.5,4646236.5,not_road
701420.5,4646054.5,not_road
700970.5,4649741.5,not_road
701500.5,4646070.5,not_road
703498.5,4650481.5,not_road
700769.5,4651218.5,not_road
700528.5,4647945.5,not_road
698161.5,4650001.5,not_road
698662.5,4649453.5,not_road
701651.5,4646787.5,not_road
697950.5,4646419.5,not_road
702670.5,4648101.5,not_road
704137.5,4645976.5,not_road
703576.5,4646538.5,not_road
702602.5,4648399.5,not_road
703588.5,4651263.5,not_road
700402.5,4650687.5,not_road
703913.5,4649415.5,not_road
701662.5,4646888.5,not_road
702778.5,4651912.5,not_road
700141.5,4649295.5,not_road
697796.5,4647634.5,not_road
700109.5,4645809.5,not_road
702377.5,4650785.5,not_road
701285.5,4650062.5,not_road
702478.5,4649055.5,not_road
697471.5,4648946.5,not_road
700522.5,4645905.5,not_road
703305.5,4649506.5,not_road
700724.5,4650428.5,not_road
701279.5,4651644.5,not_road
700145.5,4649546.5,not_road
701367.5,4649320.5,not_road
697713.5,4650920.5,not_road
700355.5,4649933.5,not_road
700933.5,4651645.5,not_road
702431.5,4650420.5,not_road
702844.5,4647452.5,not_road
702826.5,4651885.5,not_road
701314.5,4647195.5,not_road
703907.5,4648624.5,not_road
699865.5,4647434.5,not_road
704112.5,4649615.5,not_road
697391.5,4646486.5,not_road
697367.5,4648851.5,not_road
704197.5,4645765.5,not_road
703624.5,4650151.5,not_road
703059.5,4646647.5,not_road
703461.5,4647894.5,not_road
699753.5,4646215.5,not_road
704281.5,4650918.5,not_road
701953.5,4648791.5,not_road
702824.5,4646333.5,not_road
699774.5,4650471.5,not_road
703923.5,4645999.5,not_road
702420.5,4645954.5,not_road
704166.5,4648918.5,not_road
704106.5,4647447.5,not_road
698152.5,4649091.5,not_road
703079.5,4647892.5,not_road
698054.5,4646627.5,not_road
702754.5,4647370.5,not_road
701185.5,4650188.5,not_road
702997.5,4648377.5,not_road
703702.5,4646980.5,not_road
698561.5,4648364.5,not_road
700975.5,4650204.5,not_road
700799.5,4647500.5,not_road
702241.5,4648031.5,not_road
701351.5,4648233.5,not_road
703627.5,4650663.5,not_road
703053.5,4646213.5,not_road
698584.5,4648287.5,not_road
701486.5,4651660.5,not_road
701221.5,4650310.5,not_road
700875.5,4646954.5,not_road
697479.5,4647667.5,not_road
700735.5,4648613.5,not_road
702841.5,4649630.5,not_road
697465.5,4646110.5,not_road
698074.5,4649810.5,not_road
704058.5,4646805.5,not_road
699606.5,4651566.5,not_road
703898.5,4648664.5,not_road
697890.5,4650385.5,not_road
702665.5,4649360.5,not_road
701877.5,4648105.5,not_road
703949.5,4651578.5,not_road
700075.5,4651390.5,not_road
703268.5,4648376.5,not_road
703553.5,4647816.5,not_road
700474.5,4651614.5,not_road
699621.5,4645985.5,not_road
702404.5,4649263.5,not_road
703715.5,4645870.5,not_road
702734.5,4651147.5,not_road
699412.5,4646442.5,not_road
698128.5,4647971.5,not_road
703898.5,4646958.5,not_road
704122.5,4646949.5,not_road
703578.5,4650887.5,not_road
703983.5,4650949.5,not_road
699252.5,4645936.5,not_road
700020.5,4649295.5,not_road
700976.5,4650732.5,not_road
699313.5,4648056.5,not_road
697728.5,4646568.5,not_road
700348.5,4650289.5,not_road
701609.5,4646513.5,not_road
698107.5,4651597.5,not_road
702019.5,4648113.5,not_road
700285.5,4649652.5,not_road
700469.5,4648741.5,not_road
703628.5,4648212.5,not_road
700263.5,4650747.5,not_road
698467.5,4651690.5,not_road
700707.5,4648753.5,not_road
698893.5,4646041.5,not_road
702799.5,4650183.5,not_road
700139.5,4648502.5,not_road
698618.5,4651213.5,not_road
699733.5,4649848.5,not_road
703129.5,4651198.5,not_road
701120.5,4651296.5,not_road
702290.5,4646992.5,not_road
701434.5,4646352.5,not_road
698412.5,4647440.5,not_road
704115.5,4651113.5,not_road
697984.5,4646215.5,not_road
701341.5,4651917.5,not_road
698839.5,4650313.5,not_road
700822.5,4650352.5,not_road
703734.5,4647349.5,not_road
700962.5,4651159.5,not_road
702740.5,4645949.5,not_road
699631.5,4650821.5,not_road
698675.5,4646611.5,not_road
700946.5,4648354.5,not_road
700673.5,4650437.5,not_road
697864.5,4649360.5,not_road
701503.5,4649317.5,not_road
701581.5,4647672.5,not_road
699614.5,4650714.5,not_road
701889.5,4647846.5,not_road
698922.5,4649701.5,not_road
701487.5,4650190.5,not_road
704246.5,4649505.5,not_road
703367.5,4646110.5,not_road
702441.5,4649103.5,not_road
703005.5,4647622.5,not_road
697256.5,4646347.5,not_road
703983.5,4646060.5,not_road
700715.5,4649293.5,not_road
700716.5,4647508.5,not_road
701918.5,4649434.5,not_road
701034.5,4650066.5,not_road
699380.5,4648126.5,not_road
700581.5,4646409.5,not_road
700118.5,4649092.5,not_road
702400.5,4649537.5,not_road
702452.5,4647238.5,not_road
703831.5,4648842.5,not_road
701582.5,4650061.5,not_road
697640.5,4646517.5,not_road
703706.5,4648191.5,not_road
701651.5,4647795.5,not_road
702784.5,4646917.5,not_road
699249.5,4651410.5,not_road
701895.5,4646680.5,not_road
699973.5,4651144.5,not_road
702929.5,4651928.5,not_road
703978.5,4645807.5,not_road
703993.5,4650260.5,not_road
697676.5,4651818.5,not_road
697455.5,4647611.5,not_road
702361.5,4649391.5,not_road
700777.5,4646006.5,not_road
701042.5,4648436.5,not_road
702509.5,4651905.5,not_road
701047.5,4647762.5,not_road
703956.5,4650991.5,not_road
702435.5,4649987.5,not_road
704107.5,4650666.5,not_road
703788.5,4651460.5,not_road
701545.5,4648620.5,not_road
702722.5,4649050.5,not_road
701810.5,4651358.5,not_road
703204.5,4648456.5,not_road
703325.5,4651320.5,not_road
697885.5,4646937.5,not_road
702509.5,4646931.5,not_road
701541.5,4648697.5,not_road
702243.5,4646972.5,not_road
703566.5,4649318.5,not_road
702676.5,4648486.5,not_road
698294.5,4649088.5,not_road
703707.5,4651139.5,not_road
700536.5,4650902.5,not_road
701078.5,4648613.5,not_road
697578.5,4651513.5,not_road
699012.5,4648065.5,not_road
700256.5,4649989.5,not_road
697283.5,4649323.5,not_road
698904.5,4646600.5,not_road
702855.5,4649067.5,not_road
701859.5,4649562.5,not_road
702469.5,4646918.5,not_road
699818.5,4648806.5,not_road
701771.5,4647394.5,not_road
698596.5,4651286.5,not_road
702266.5,4647553.5,not_road
697445.5,4647209.5,not_road
702485.5,4648645.5,not_road
701252.5,4647429.5,not_road
697854.5,4646822.5,not_road
701869.5,4650393.5,not_road
701279.5,4646937.5,not_road
703974.5,4645800.5,not_road
702751.5,4647500.5,not_road
703263.5,4647178.5,not_road
698308.5,4649351.5,not_road
701204.5,4646967.5,not_road
698660.5,4649406.5,not_road
703733.5,4646468.5,not_road
704062.5,4647129.5,not_road
702281.5,4648634.5,not_road
699262.5,4650901.5,not_road
700926.5,4646827.5,not_road
701036.5,4648002.5,not_road
702908.5,4647507.5,not_road
700266.5,4645786.5,not_road
701740.5,4648772.5,not_road
698421.5,4649588.5,not_road
697478.5,4646542.5,not_road
701446.5,4647942.5,not_road
700552.5,4649071.5,not_road
703911.5,4650863.5,not_road
700981.5,4649094.5,not_road
703294.5,4646147.5,not_road
701013.5,4650220.5,not_road
699087.5,4646004.5,not_road
697992.5,4646253.5,not_road
702295.5,4646712.5,not_road
704041.5,4650023.5,not_road
700778.5,4647034.5,not_road
700750.5,4647654.5,not_road
697311.5,4646389.5,not_road
701973.5,4649441.5,not_road
702385.5,4648132.5,not_road
702641.5,4646153.5,not_road
703185.5,4646290.5,not_road
698992.5,4646075.5,not_road
700105.5,4651365.5,not_road
697386.5,4651812.5,not_road
703629.5,4651408.5,not_road
701569.5,4645784.5,not_road
703113.5,4649397.5,not_road
703661.5,4648219.5,not_road
702616.5,4649395.5,not_road
703514.5,4651538.5,not_road
697702.5,4646304.5,not_road
703430.5,4648893.5,not_road
700850.5,4650095.5,not_road
698645.5,4651690.5,not_road
700897.5,4651273.5,not_road
703473.5,4648569.5,not_road
698596.5,4647198.5,not_road
697740.5,4650840.5,not_road
702533.5,4648685.5,not_road
699222.5,4649700.5,not_road
697357.5,4647915.5,not_road
703060.5,4650095.5,not_road
699370.5,4646473.5,not_road
697861.5,4648236.5,not_road
703211.5,4650900.5,not_road
702743.5,4646860.5,not_road
704068.5,4647971.5,not_road
702848.5,4646146.5,not_road
702000.5,4646233.5,not_road
697601.5,4647672.5,not_road
703280.5,4648439.5,not_road
702135.5,4649286.5,not_road
702294.5,4651963.5,not_road
703305.5,4646914.5,not_road
698387.5,4649673.5,not_road
702776.5,4651571.5,not_road
698026.5,4645995.5,not_road
700556.5,4649497.5,not_road
697767.5,4651257.5,not_road
700388.5,4649270.5,not_road
699409.5,4646563.5,not_road
700936.5,4647316.5,not_road
698499.5,4650141.5,not_road
704236.5,4650163.5,not_road
699864.5,4650359.5,not_road
703263.5,4647136.5,not_road
697684.5,4646968.5,not_road
697864.5,4650191.5,not_road
697964.5,4650117.5,not_road
700542.5,4646407.5,not_road
700904.5,4645908.5,not_road
702889.5,4651482.5,not_road
701654.5,4650398.5,not_road
699982.5,4651256.5,not_road
701563.5,4649760.5,not_road
700905.5,4647312.5,not_road
697230.5,4648332.5,not_road
703423.5,4649192.5,not_road
701923.5,4650702.5,not_road
703708.5,4651078.5,not_road
701146.5,4647247.5,not_road
697529.5,4651871.5,not_road
703026.5,4650143.5,not_road
703583.5,4647443.5,not_road
697360.5,4647351.5,not_road
702747.5,4651304.5,not_road
699351.5,4646644.5,not_road
703515.5,4651631.5,not_road
703544.5,4646021.5,not_road
698505.5,4648297.5,not_road
698378.5,4650510.5,not_road
698372.5,4645852.5,not_road
702418.5,4651789.5,not_road
703992.5,4649126.5,not_road
701855.5,4651750.5,not_road
703681.5,4651392.5,not_road
699194.5,4646540.5,not_road
701040.5,4650361.5,not_road
697635.5,4648362.5,not_road
703700.5,4646448.5,not_road
701578.5,4647343.5,not_road
698409.5,4651438.5,not_road
703875.5,4646567.5,not_road
698686.5,4649165.5,not_road
701975.5,4651641.5,not_road
701481.5,4651402.5,not_road
703127.5,4647527.5,not_road
701720.5,4646444.5,not_road
699474.5,4650768.5,not_road
700005.5,4650163.5,not_road
702260.5,4650338.5,not_road
701261.5,4646428.5,not_road
702992.5,4649970.5,not_road
702021.5,4648304.5,not_road
701837.5,4649438.5,not_road
703761.5,4648075.5,not_road
701057.5,4650711.5,not_road
703632.5,4646178.5,not_road
703202.5,4646276.5,not_road
701226.5,4651920.5,not_road
703144.5,4648983.5,not_road
703892.5,4650791.5,not_road
701956.5,4649195.5,not_road
702267.5,4649737.5,not_road
703384.5,4646533.5,not_road
703664.5,4646887.5,not_road
699531.5,4650203.5,not_road
698214.5,4648563.5,not_road
702062.5,4649550.5,not_road
702079.5,4646348.5,not_road
698269.5,4647248.5,not_road
703872.5,4651671.5,not_road
697370.5,4647905.5,not_road
702452.5,4647181.5,not_road
701851.5,4650188.5,not_road
697519.5,4647373.5,not_road
704092.5,4651455.5,not_road
702317.5,4651414.5,not_road
701667.5,4649110.5,not_road
702830.5,4649418.5,not_road
704116.5,4646498.5,not_road
698921.5,4646841.5,not_road
703033.5,4648261.5,not_road
698559.5,4648603.5,not_road
701593.5,4651666.5,not_road
701982.5,4650816.5,not_road
700035.5,4649249.5,not_road
700083.5,4649344.5,not_road
698604.5,4649596.5,not_road
701962.5,4648874.5,not_road
703996.5,4648359.5,not_road
703965.5,4649560.5,not_road
703882.5,4648330.5,not_road
701159.5,4651328.5,not_road
703582.5,4646054.5,not_road
702674.5,4648760.5,not_road
699569.5,4649886.5,not_road
698683.5,4649227.5,not_road
702519.5,4649449.5,not_road
701001.5,4648165.5,not_road
701885.5,4646454.5,not_road
703045.5,4646460.5,not_road
700092.5,4650957.5,not_road
701224.5,4647586.5,not_road
702712.5,4647286.5,not_road
697282.5,4649056.5,not_road
704185.5,4647698.5,not_road
699170.5,4646908.5,not_road
697353.5,4651345.5,not_road
700620.5,4651802.5,not_road
699532.5,4645977.5,not_road
699647.5,4650234.5,not_road
700603.5,4651601.5,not_road
697327.5,4651203.5,not_road
699087.5,4650239.5,not_road
700830.5,4646810.5,not_road
699009.5,4645862.5,not_road
703877.5,4650141.5,not_road
704078.5,4649875.5,not_road
701579.5,4646703.5,not_road
703448.5,4651370.5,not_road
698712.5,4648191.5,not_road
703860.5,4648251.5,not_road
704096.5,4648819.5,not_road
703422.5,4651456.5,not_road
702102.5,4650220.5,not_road
703468.5,4647085.5,not_road
698029.5,4651587.5,not_road
703754.5,4649141.5,not_road
702199.5,4645967.5,not_road
700601.5,4647060.5,not_road
699535.5,4646518.5,not_road
701456.5,4650218.5,not_road
702858.5,4650106.5,not_road
702925.5,4651033.5,not_road
699860.5,4651200.5,not_road
702179.5,4650259.5,not_road
698945.5,4646464.5,not_road
700672.5,4647777.5,not_road
704077.5,4649000.5,not_road
700289.5,4649055.5,not_road
703266.5,4651219.5,not_road
699596.5,4648936.5,not_road
701803.5,4648884.5,not_road
698973.5,4647214.5,not_road
700614.5,4650457.5,not_road
701219.5,4649451.5,not_road
702788.5,4651629.5,not_road
701879.5,4647998.5,not_road
701196.5,4648217.5,not_road
701750.5,4648548.5,not_road
702867.5,4650502.5,not_road
699085.5,4650993.5,not_road
700639.5,4647979.5,not_road
701638.5,4649016.5,not_road
703045.5,4647048.5,not_road
699229.5,4648925.5,not_road
704099.5,4647023.5,not_road
700163.5,4645815.5,not_road
700580.5,4645947.5,not_road
699245.5,4651456.5,not_road
700450.5,4645938.5,not_road
703688.5,4648807.5,not_road
699811.5,4649661.5,not_road
700884.5,4646285.5,not_road
703890.5,4650943.5,not_road
698265.5,4649507.5,not_road
698060.5,4650364.5,not_road
702678.5,4648525.5,not_road
700360.5,4648798.5,not_road
703853.5,4649999.5,not_road
699873.5,4651212.5,not_road
698797.5,4646205.5,not_road
700245.5,4651975.5,not_road
701251.5,4651470.5,not_road
704112.5,4651531.5,not_road
700656.5,4650708.5,not_road
701164.5,4647409.5,not_road
700314.5,4651475.5,not_road
701088.5,4651074.5,not_road
702157.5,4647550.5,not_road
703335.5,4651789.5,not_road
702907.5,4650167.5,not_road
703016.5,4646373.5,not_road
703457.5,4648901.5,not_road
698769.5,4646414.5,not_road
703535.5,4646448.5,not_road
701479.5,4646147.5,not_road
700402.5,4650454.5,not_road
698304.5,4650399.5,not_road
700384.5,4647876.5,not_road
698525.5,4651995.5,not_road
697788.5,4650342.5,not_road
699656.5,4649577.5,not_road
702071.5,4646441.5,not_road
701263.5,4645983.5,not_road
699708.5,4649862.5,not_road
700695.5,4647226.5,not_road
703088.5,4648595.5,not_road
697534.5,4651627.5,not_road
699758.5,4649512.5,not_road
700690.5,4647608.5,not_road
701725.5,4647588.5,not_road
698419.5,4645951.5,not_road
700282.5,4649172.5,not_road
703328.5,4647525.5,not_road
703245.5,4648129.5,not_road
701798.5,4646606.5,not_road
698953.5,4646739.5,not_road
702682.5,4649760.5,not_road
703441.5,4645793.5,not_road
704170.5,4651380.5,not_road
704019.5,4649703.5,not_road
703259.5,4647453.5,not_road
702130.5,4648127.5,not_road
698253.5,4651144.5,not_road
698059.5,4647746.5,not_road
701885.5,4649598.5,not_road
703414.5,4647027.5,not_road
700110.5,4645776.5,not_road
697659.5,4650735.5,not_road
703391.5,4651825.5,not_road
703610.5,4646737.5,not_road
698089.5,4646075.5,not_road
698005.5,4647049.5,not_road
704115.5,4650224.5,not_road
700693.5,4649652.5,not_road
700444.5,4645753.5,not_road
703945.5,4650460.5,not_road
700496.5,4649725.5,not_road
701125.5,4646844.5,not_road
700440.5,4649954.5,not_road
698414.5,4647284.5,not_road
702397.5,4651608.5,not_road
702455.5,4646277.5,not_road
701642.5,4650838.5,not_road
701870.5,4650407.5,not_road
702318.5,4651943.5,not_road
701895.5,4647248.5,not_road
703160.5,4646437.5,not_road
697935.5,4651894.5,not_road
703437.5,4648261.5,not_road
701552.5,4649720.5,not_road
704298.5,4647800.5,not_road
701796.5,4647619.5,not_road
702200.5,4647417.5,not_road
700326.5,4651713.5,not_road
704168.5,4651733.5,not_road
703203.5,4646092.5,not_road
704212.5,4651425.5,not_road
699006.5,4649631.5,not_road
699974.5,4651685.5,not_road
701547.5,4650954.5,not_road
700615.5,4648847.5,not_road
700048.5,4651313.5,not_road
704183.5,4646624.5,not_road
697889.5,4647891.5,not_road
702970.5,4646814.5,not_road
699987.5,4648145.5,not_road
702369.5,4647671.5,not_road
702806.5,4651709.5,not_road
700919.5,4648591.5,not_road
700817.5,4650520.5,not_road
702865.5,4650841.5,not_road
701931.5,4646390.5,not_road
703673.5,4646831.5,not_road
702123.5,4651229.5,not_road
697624.5,4645834.5,not_road
701649.5,4648667.5,not_road
697292.5,4651687.5,not_road
701856.5,4646476.5,not_road
700823.5,4647203.5,not_road
702505.5,4650927.5,not_road
704269.5,4648711.5,not_road
699801.5,4649437.5,not_road
699832.5,4649549.5,not_road
704078.5,4648582.5,not_road
704012.5,4647508.5,not_road
702086.5,4650488.5,not_road
700838.5,4646140.5,not_road
704059.5,4649266.5,not_road
704163.5,4647397.5,not_road
703869.5,4646580.5,not_road
698678.5,4649828.5,not_road
704260.5,4646640.5,not_road
700612.5,4651529.5,not_road
697754.5,4650134.5,not_road
703773.5,4647578.5,not_road
702706.5,4647283.5,not_road
697836.5,4645921.5,not_road
697344.5,4649363.5,not_road
700832.5,4651893.5,not_road
704275.5,4649224.5,not_road
703431.5,4651277.5,not_road
699963.5,4650899.5,not_road
703615.5,4649417.5,not_road
700277.5,4649125.5,not_road
703016.5,4649265.5,not_road
701474.5,4648733.5,not_road
701299.5,4648168.5,not_road
703761.5,4648159.5,not_road
703568.5,4649430.5,not_road
697565.5,4645815.5,not_road
698230.5,4647703.5,not_road
702076.5,4649547.5,not_road
698520.5,4647994.5,not_road
701033.5,4647531.5,not_road
703646.5,4648991.5,not_road
702327.5,4649082.5,not_road
702673.5,4648265.5,not_road
703202.5,4649418.5,not_road
703019.5,4647265.5,not_road
700505.5,4651411.5,not_road
699470.5,4648916.5,not_road
701036.5,4646360.5,not_road
701632.5,4650057.5,not_road
701606.5,4650486.5,not_road
697588.5,4651072.5,not_road
700358.5,4649232.5,not_road
701418.5,4649248.5,not_road
701601.5,4650167.5,not_road
700642.5,4646769.5,not_road
703245.5,4649275.5,not_road
703261.5,4646700.5,not_road
697676.5,4649850.5,not_road
703835.5,4646465.5,not_road
697337.5,4648130.5,not_road
699520.5,4650930.5,not_road
703818.5,4646360.5,not_road
702771.5,4646515.5,not_road
699737.5,4650829.5,not_road
697461.5,4648533.5,not_road
699084.5,4648337.5,not_road
702313.5,4649227.5,not_road
698143.5,4647547.5,not_road
701366.5,4647935.5,not_road
698866.5,4647090.5,not_road
698211.5,4646001.5,not_road
699815.5,4647295.5,not_road
700137.5,4651133.5,not_road
697625.5,4651952.5,not_road
701438.5,4645966.5,not_road
701511.5,4647839.5,not_road
699977.5,4650419.5,not_road
698630.5,4647025.5,not_road
700627.5,4651318.5,not_road
697282.5,4648030.5,not_road
697832.5,4649646.5,not_road
697650.5,4646560.5,not_road
701445.5,4647738.5,not_road
698911.5,4649961.5,not_road
703364.5,4647059.5,not_road
699421.5,4647574.5,not_road
702279.5,4650426.5,not_road
699350.5,4649583.5,not_road
699626.5,4648820.5,not_road
697292.5,4650270.5,not_road
697921.5,4647740.5,not_road
699993.5,4650742.5,not_road
700272.5,4647608.5,not_road
699578.5,4651617.5,not_road
697510.5,4646192.5,not_road
699327.5,4647056.5,not_road
697572.5,4651433.5,not_road
700458.5,4649922.5,not_road
703326.5,4647839.5,not_road
697633.5,4650525.5,not_road
702801.5,4649991.5,not_road
698552.5,4651907.5,not_road
698110.5,4647886.5,not_road
703723.5,4648315.5,not_road
697902.5,4651475.5,not_road
701193.5,4647859.5,not_road
697820.5,4648398.5,not_road
700660.5,4650972.5,not_road
702964.5,4648142.5,not_road
699842.5,4649206.5,not_road
703369.5,4649005.5,not_road
704166.5,4650592.5,not_road
701420.5,4646913.5,not_road
699811.5,4647463.5,not_road
700396.5,4651314.5,not_road
701037.5,4649099.5,not_road
703330.5,4651284.5,not_road
699837.5,4649593.5,not_road
698422.5,4649723.5,not_road
701003.5,4650460.5,not_road
698487.5,4651451.5,not_road
700394.5,4651160.5,not_road
703875.5,4648609.5,not_road
698157.5,4647465.5,not_road
704259.5,4648107.5,not_road
697301.5,4650587.5,not_road
701728.5,4646238.5,not_road
702969.5,4647930.5,not_road
701655.5,4646451.5,not_road
702885.5,4651970.5,not_road
702614.5,4651642.5,not_road
699283.5,4651626.5,not_road
699475.5,4649708.5,not_road
703831.5,4650366.5,not_road
702922.5,4648278.5,not_road
697262.5,4649201.5,not_road
703674.5,4649628.5,not_road
697578.5,4649575.5,not_road
697340.5,4649987.5,not_road
699484.5,4649625.5,not_road
701377.5,4648948.5,not_road
701574.5,4648684.5,not_road
702808.5,4647953.5,not_road
702585.5,4647659.5,not_road
699425.5,4651942.5,not_road
698488.5,4648013.5,not_road
697741.5,4650018.5,not_road
699377.5,4645993.5,not_road
703737.5,4649599.5,not_road
702436.5,4651299.5,not_road
698600.5,4647766.5,not_road
699939.5,4649931.5,not_road
703080.5,4648148.5,not_road
701296.5,4648202.5,not_road
698319.5,4651836.5,not_road
704214.5,4649127.5,not_road
697539.5,4649635.5,not_road
698423.5,4651890.5,not_road
697437.5,4651614.5,not_road
700624.5,4646749.5,not_road
704211.5,4650625.5,not_road
697717.5,4651272.5,not_road
699009.5,4649588.5,not_road
702477.5,4651538.5,not_road
697581.5,4646201.5,not_road
697708.5,4647894.5,not_road
701461.5,4647042.5,not_road
700241.5,4646415.5,not_road
699165.5,4648035.5,not_road
701347.5,4649783.5,not_road
702341.5,4651996.5,not_road
702417.5,4651343.5,not_road
701089.5,4650035.5,not_road
701703.5,4648123.5,not_road
702639.5,4647878.5,not_road
700199.5,4651206.5,not_road
699192.5,4650373.5,not_road
698375.5,4646427.5,not_road
703488.5,4650170.5,not_road
700143.5,4651234.5,not_road
699779.5,4650465.5,not_road
700495.5,4649738.5,not_road
699547.5,4648896.5,not_road
699444.5,4648908.5,not_road
697507.5,4651335.5,not_road
698225.5,4651263.5,not_road
703999.5,4650713.5,not_road
700867.5,4645960.5,not_road
698574.5,4650279.5,not_road
697844.5,4649788.5,not_road
699881.5,4647541.5,not_road
700478.5,4645835.5,not_road
703781.5,4648952.5,not_road
698375.5,4649732.5,not_road
701444.5,4647178.5,not_road
702751.5,4647058.5,not_road
701743.5,4647862.5,not_road
700317.5,4650161.5,not_road
703107.5,4648375.5,not_road
700437.5,4649688.5,not_road
697386.5,4649295.5,not_road
701627.5,4650227.5,not_road
697368.5,4650198.5,not_road
699598.5,4648982.5,not_road
700871.5,4646864.5,not_road
701000.5,4647334.5,not_road
702829.5,4645864.5,not_road
700456.5,4651162.5,not_road
699572.5,4646218.5,not_road
701581.5,4651394.5,not_road
702527.5,4646878.5,not_road
699162.5,4651951.5,not_road
703054.5,4645797.5,not_road
699538.5,4650706.5,not_road
702730.5,4648177.5,not_road
703025.5,4646551.5,not_road
700191.5,4647585.5,not_road
702929.5,4645848.5,not_road
701718.5,4647064.5,not_road
703514.5,4647371.5,not_road
703304.5,4646100.5,not_road
702575.5,4647970.5,not_road
701020.5,4650673.5,not_road
703041.5,4647902.5,not_road
700848.5,4649684.5,not_road
701149.5,4647262.5,not_road
702190.5,4648102.5,not_road
697299.5,4651759.5,not_road
700813.5,4646209.5,not_road
698605.5,4645919.5,not_road
700805.5,4650113.5,not_road
703124.5,4650227.5,not_road
699478.5,4649529.5,not_road
699160.5,4646927.5,not_road
698416.5,4651861.5,not_road
697762.5,4650879.5,not_road
703606.5,4647645.5,not_road
697672.5,4649393.5,not_road
699790.5,4649227.5,not_road
699645.5,4646141.5,not_road
697379.5,4647014.5,not_road
702340.5,4651302.5,not_road
699744.5,4650539.5,not_road
699098.5,4650368.5,not_road
704293.5,4647877.5,not_road
702036.5,4649315.5,not_road
697334.5,4647793.5,not_road
700876.5,4650595.5,not_road
704217.5,4649097.5,not_road
702005.5,4649716.5,not_road
701879.5,4650724.5,not_road
697443.5,4649481.5,not_road
704256.5,4647343.5,not_road
701678.5,4647163.5,not_road
699047.5,4650817.5,not_road
697315.5,4648384.5,not_road
704109.5,4651437.5,not_road
697439.5,4651172.5,not_road
699036.5,4649107.5,not_road
702693.5,4647632.5,not_road
699712.5,4650534.5,not_road
704169.5,4646996.5,not_road
698969.5,4648253.5,not_road
699030.5,4646892.5,not_road
704294.5,4651452.5,not_road
703022.5,4646091.5,not_road
701618.5,4646953.5,not_road
703148.5,4646751.5,not_road
703398.5,4651360.5,not_road
700024.5,4647953.5,not_road
701609.5,4648618.5,not_road
702395.5,4646277.5,not_road
702932.5,4646856.5,not_road
704289.5,4646819.5,not_road
698315.5,4647449.5,not_road
699818.5,4647332.5,not_road
698945.5,4649116.5,not_road
698630.5,4647641.5,not_road
703583.5,4646812.5,not_road
697571.5,4648757.5,not_road
700275.5,4647862.5,not_road
701097.5,4647797.5,not_road
699898.5,4650181.5,not_road
701974.5,4648766.5,not_road
697997.5,4647842.5,not_road
699068.5,4649888.5,not_road
703107.5,4650934.5,not_road
701240.5,4649957.5,not_road
704046.5,4646782.5,not_road
702298.5,4651028.5,not_road
701819.5,4649540.5,not_road
704187.5,4648927.5,not_road
701715.5,4647034.5,not_road
700261.5,4649695.5,not_road
697415.5,4645785.5,not_road
699640.5,4649365.5,not_road
699380.5,4649109.5,not_road
699679.5,4646677.5,not_road
702060.5,4649183.5,not_road
701168.5,4647740.5,not_road
703721.5,4649797.5,not_road
702472.5,4648269.5,not_road
700102.5,4645849.5,not_road
700086.5,4649508.5,not_road
701742.5,4650638.5,not_road
701465.5,4651128.5,not_road
702431.5,4648825.5,not_road
702318.5,4648870.5,not_road
702334.5,4651421.5,not_road
703746.5,4651927.5,not_road
701864.5,4649545.5,not_road
699656.5,4651780.5,not_road
698200.5,4646060.5,not_road
702037.5,4647060.5,not_road
701988.5,4651462.5,not_road
704219.5,4647134.5,not_road
698731.5,4647264.5,not_road
698770.5,4647465.5,not_road
703221.5,4646591.5,not_road
703184.5,4647582.5,not_road
703572.5,4648819.5,not_road
699159.5,4647014.5,not_road
700511.5,4648352.5,not_road
703973.5,4649243.5,not_road
701690.5,4649791.5,not_road
699410.5,4649470.5,not_road
702401.5,4648839.5,not_road
698597.5,4647318.5,not_road
702361.5,4650782.5,not_road
698824.5,4649298.5,not_road
701930.5,4650078.5,not_road
697680.5,4651032.5,not_road
698174.5,4650091.5,not_road
701380.5,4645822.5,not_road
699700.5,4649577.5,not_road
704129.5,4649905.5,not_road
701472.5,4649529.5,not_road
703057.5,4650569.5,not_road
703073.5,4646293.5,not_road
700403.5,4646126.5,not_road
702249.5,4649546.5,not_road
704172.5,4651133.5,not_road
700567.5,4651881.5,not_road
703593.5,4645963.5,not_road
700351.5,4646666.5,not_road
703230.5,4647955.5,not_road
702924.5,4647202.5,not_road
699086.5,4649326.5,not_road
702946.5,4646837.5,not_road
698236.5,4650767.5,not_road
698356.5,4649218.5,not_road
700755.5,4651336.5,not_road
701540.5,4647158.5,not_road
702953.5,4651352.5,not_road
700704.5,4648858.5,not_road
702158.5,4649817.5,not_road
704089.5,4645786.5,not_road
699398.5,4649455.5,not_road
702719.5,4651115.5,not_road
700700.5,4646226.5,not_road
701745.5,4648550.5,not_road
702666.5,4648648.5,not_road
702448.5,4648038.5,not_road
702380.5,4645808.5,not_road
703729.5,4651838.5,not_road
703944.5,4647494.5,not_road
700430.5,4649158.5,not_road
698258.5,4651085.5,not_road
702440.5,4648540.5,not_road
699176.5,4646287.5,not_road
701930.5,4651003.5,not_road
698114.5,4647779.5,not_road
699207.5,4651754.5,not_road
698930.5,4645842.5,not_road
703999.5,4646101.5,not_road
697633.5,4646475.5,not_road
700711.5,4649888.5,not_road
701935.5,4647642.5,not_road
701735.5,4650815.5,not_road
704251.5,4651363.5,not_road
701018.5,4647924.5,not_road
703546.5,4650158.5,not_road
701921.5,4649117.5,not_road
699112.5,4649031.5,not_road
701329.5,4651927.5,not_road
703718.5,4651671.5,not_road
703160.5,4647530.5,not_road
701184.5,4647708.5,not_road
701978.5,4650395.5,not_road
697585.5,4649208.5,not_road
702769.5,4647755.5,not_road
697597.5,4648946.5,not_road
700795.5,4646598.5,not_road
703601.5,4648652.5,not_road
699510.5,4651966.5,not_road
702557.5,4649142.5,not_road
701503.5,4650481.5,not_road
698097.5,4647775.5,not_road
703584.5,4651344.5,not_road
703371.5,4645812.5,not_road
698565.5,4648202.5,not_road
701898.5,4647013.5,not_road
701240.5,4649122.5,not_road
701510.5,4651568.5,not_road
704114.5,4649275.5,not_road
702542.5,4648907.5,not_road
698584.5,4649382.5,not_road
703790.5,4650535.5,not_road
698215.5,4650703.5,not_road
699345.5,4651360.5,not_road
698759.5,4648889.5,not_road
697597.5,4650780.5,not_road
698857.5,4648087.5,not_road
702011.5,4650449.5,not_road
699603.5,4649280.5,not_road
699414.5,4646001.5,not_road
702308.5,4647344.5,not_road
700316.5,4647738.5,not_road
702052.5,4646668.5,not_road
697803.5,4651650.5,not_road
701995.5,4647632.5,not_road
703750.5,4650512.5,not_road
702970.5,4650027.5,not_road
703725.5,4646339.5,not_road
698319.5,4649555.5,not_road
699996.5,4648778.5,not_road
698483.5,4649245.5,not_road
700970.5,4651329.5,not_road
700893.5,4650166.5,not_road
699571.5,4651056.5,not_road
698387.5,4649365.5,not_road
704197.5,4651984.5,not_road
700777.5,4647180.5,not_road
699101.5,4651526.5,not_road
702798.5,4645804.5,not_road
704198.5,4650271.5,not_road
697944.5,4649823.5,not_road
703147.5,4649006.5,not_road
702800.5,4647773.5,not_road
702644.5,4648675.5,not_road
703362.5,4647962.5,not_road
704269.5,4650062.5,not_road
698937.5,4647468.5,not_road
697746.5,4646670.5,not_road
700969.5,4651342.5,not_road
701570.5,4650870.5,not_road
697554.5,4650068.5,not_road
701677.5,4647126.5,not_road
702285.5,4646455.5,not_road
703051.5,4647277.5,not_road
704158.5,4646125.5,not_road
699026.5,4645791.5,not_road
699263.5,4651556.5,not_road
703630.5,4647730.5,not_road
702254.5,4646581.5,not_road
700541.5,4651793.5,not_road
697765.5,4650971.5,not_road
700750.5,4650140.5,not_road
700526.5,4650709.5,not_road
698074.5,4646981.5,not_road
699993.5,4651167.5,not_road
703254.5,4646222.5,not_road
701510.5,4649764.5,not_road
698823.5,4649447.5,not_road
698775.5,4649819.5,not_road
699160.5,4646594.5,not_road
698401.5,4649780.5,not_road
701153.5,4645885.5,not_road
698371.5,4648041.5,not_road
701996.5,4649752.5,not_road
702709.5,4646598.5,not_road
701542.5,4650264.5,not_road
699802.5,4649869.5,not_road
703966.5,4646444.5,not_road
701406.5,4650808.5,not_road
698225.5,4646478.5,not_road
699663.5,4651982.5,not_road
701119.5,4651943.5,not_road
703775.5,4651140.5,not_road
700853.5,4648155.5,not_road
700855.5,4646680.5,not_road
698073.5,4646713.5,not_road
698697.5,4647994.5,not_road
703901.5,4645808.5,not_road
702982.5,4651565.5,not_road
703764.5,4648495.5,not_road
704162.5,4649712.5,not_road
700413.5,4651159.5,not_road
702644.5,4647026.5,not_road
702168.5,4648610.5,not_road
698825.5,4647867.5,not_road
702386.5,4648773.5,not_road
700478.5,4651583.5,not_road
702897.5,4646583.5,not_road
702810.5,4649491.5,not_road
701502.5,4650627.5,not_road
698838.5,4648014.5,not_road
702097.5,4648807.5,not_road
698111.5,4649176.5,not_road
700769.5,4651375.5,not_road
700345.5,4650823.5,not_road
703237.5,4646596.5,not_road
701146.5,4645962.5,not_road
698443.5,4649084.5,not_road
701268.5,4650877.5,not_road
701445.5,4647516.5,not_road
702259.5,4647950.5,not_road
701395.5,4650322.5,not_road
700713.5,4651495.5,not_road
697634.5,4645941.5,not_road
702118.5,4650520.5,not_road
698446.5,4647917.5,not_road
702383.5,4651606.5,not_road
697336.5,4647731.5,not_road
700273.5,4650807.5,not_road
701281.5,4647629.5,not_road
700723.5,4648903.5,not_road
704134.5,4649407.5,not_road
701882.5,4648797.5,not_road
701059.5,4649989.5,not_road
698602.5,4649888.5,not_road
700657.5,4649734.5,not_road
697302.5,4648017.5,not_road
697472.5,4646894.5,not_road
698397.5,4649712.5,not_road
702584.5,4651866.5,not_road
702680.5,4650783.5,not_road
702786.5,4651353.5,not_road
697869.5,4648071.5,not_road
702308.5,4646951.5,not_road
697336.5,4650673.5,not_road
702005.5,4649015.5,not_road
700492.5,4649256.5,not_road
699568.5,4646467.5,not_road
703041.5,4650329.5,not_road
703821.5,4648610.5,not_road
703881.5,4646528.5,not_road
701414.5,4650615.5,not_road
701325.5,4646164.5,not_road
701741.5,4646635.5,not_road
699496.5,4649197.5,not_road
703154.5,4646849.5,not_road
698449.5,4651846.5,not_road
700984.5,4651127.5,not_road
702538.5,4646452.5,not_road
701573.5,4650133.5,not_road
701577.5,4645839.5,not_road
700138.5,4650482.5,not_road
703174.5,4646636.5,not_road
701381.5,4645801.5,not_road
702555.5,4647010.5,not_road
702632.5,4648094.5,not_road
697434.5,4646609.5,not_road
699265.5,4646963.5,not_road
700793.5,4648942.5,not_road
700461.5,4647260.5,not_road
702195.5,4646735.5,not_road
697681.5,4651793.5,not_road
703636.5,4649117.5,not_road
703950.5,4646149.5,not_road
702234.5,4650351.5,not_road
698878.5,4648993.5,not_road
698271.5,4649903.5,not_road
704043.5,4647205.5,not_road
702300.5,4647386.5,not_road
703302.5,4646801.5,not_road
701056.5,4650419.5,not_road
700209.5,4651117.5,not_road
700075.5,4648612.5,not_road
700122.5,4650972.5,not_road
702639.5,4649602.5,not_road
702414.5,4647509.5,not_road
701773.5,4649104.5,not_road
701758.5,4648487.5,not_road
699069.5,4646022.5,not_road
700648.5,4646114.5,not_road
699496.5,4650482.5,not_road
704144.5,4645955.5,not_road
701992.5,4650657.5,not_road
697657.5,4651712.5,not_road
697346.5,4647767.5,not_road
697666.5,4646495.5,not_road
697947.5,4650310.5,not_road
697975.5,4651017.5,not_road
698282.5,4649670.5,not_road
704034.5,4651582.5,not_road
701835.5,4651983.5,not_road
701761.5,4649328.5,not_road
701882.5,4650274.5,not_road
701351.5,4650595.5,not_road
699231.5,4651504.5,not_road
702561.5,4649535.5,not_road
702822.5,4650027.5,not_road
703171.5,4649193.5,not_road
697407.5,4648307.5,not_road
703843.5,4647475.5,not_road
697304.5,4651925.5,not_road
702632.5,4651964.5,not_road
698252.5,4650270.5,not_road
700598.5,4650562.5,not_road
702473.5,4651447.5,not_road
704105.5,4646397.5,not_road
699400.5,4651448.5,not_road
699492.5,4646657.5,not_road
702687.5,4651588.5,not_road
699764.5,4649612.5,not_road
703606.5,4648738.5,not_road
697428.5,4650608.5,not_road
698860.5,4651364.5,not_road
699404.5,4646530.5,not_road
701669.5,4648137.5,not_road
700734.5,4646681.5,not_road
698043.5,4650993.5,not_road
698357.5,4648208.5,not_road
699838.5,4650651.5,not_road
701092.5,4647929.5,not_road
701149.5,4649629.5,not_road
701233.5,4649330.5,not_road
701221.5,4649930.5,not_road
700825.5,4648272.5,not_road
701716.5,4651618.5,not_road
703188.5,4647176.5,not_road
698530.5,4649460.5,not_road
700983.5,4645870.5,not_road
699256.5,4649195.5,not_road
698913.5,4651233.5,not_road
698098.5,4650205.5,not_road
701724.5,4649126.5,not_road
703628.5,4649598.5,not_road
699896.5,4650345.5,not_road
698315.5,4649922.5,not_road
703946.5,4647419.5,not_road
701686.5,4649644.5,not_road
703389.5,4651028.5,not_road
700715.5,4648131.5,not_road
701458.5,4647378.5,not_road
703391.5,4647472.5,not_road
703096.5,4650765.5,not_road
700050.5,4651094.5,not_road
700798.5,4647029.5,not_road
697292.5,4647068.5,not_road
701178.5,4648792.5,not_road
701776.5,4648965.5,not_road
702528.5,4649135.5,not_road
699633.5,4650622.5,not_road
699370.5,4647541.5,not_road
700049.5,4649614.5,not_road
704066.5,4649237.5,not_road
698218.5,4646693.5,not_road
704147.5,4646705.5,not_road
703433.5,4646929.5,not_road
703672.5,4650320.5,not_road
702553.5,4647290.5,not_road
703226.5,4647492.5,not_road
699301.5,4646504.5,not_road
703250.5,4651017.5,not_road
701680.5,4647895.5,not_road
700081.5,4647629.5,not_road
702281.5,4649766.5,not_road
701435.5,4650409.5,not_road
699102.5,4648466.5,not_road
698884.5,4650388.5,not_road
699208.5,4648324.5,not_road
700615.5,4651249.5,not_road
704244.5,4649529.5,not_road
699437.5,4649519.5,not_road
697324.5,4647416.5,not_road
703801.5,4651875.5,not_road
699279.5,4649728.5,not_road
701954.5,4647893.5,not_road
703526.5,4648894.5,not_road
703575.5,4647324.5,not_road
699324.5,4646568.5,not_road
698966.5,4647152.5,not_road
700911.5,4649910.5,not_road
698668.5,4651194.5,not_road
697666.5,4651454.5,not_road
697213.5,4647993.5,not_road
703183.5,4651212.5,not_road
701365.5,4646760.5,not_road
702041.5,4648381.5,not_road
699286.5,4651775.5,not_road
703185.5,4647053.5,not_road
699150.5,4650791.5,not_road
702129.5,4645797.5,not_road
700403.5,4650326.5,not_road
699641.5,4648561.5,not_road
701232.5,4649112.5,not_road
698474.5,4649800.5,not_road
702533.5,4650923.5,not_road
702922.5,4651617.5,not_road
703488.5,4648632.5,not_road
701686.5,4645854.5,not_road
698579.5,4649850.5,not_road
704192.5,4650124.5,not_road
700702.5,4647905.5,not_road
699876.5,4645756.5,not_road
703727.5,4648679.5,not_road
698804.5,4645947.5,not_road
701317.5,4647016.5,not_road
701136.5,4650460.5,not_road
699236.5,4648551.5,not_road
702516.5,4647408.5,not_road
702951.5,4649582.5,not_road
702371.5,4647487.5,not_road
702505.5,4649160.5,not_road
700032.5,4651572.5,not_road
697935.5,4651393.5,not_road
699085.5,4646086.5,not_road
697329.5,4648019.5,not_road
701673.5,4648394.5,not_road
697911.5,4647182.5,not_road
703833.5,4650298.5,not_road
698942.5,4649715.5,not_road
700051.5,4649286.5,not_road
699801.5,4647888.5,not_road
700747.5,4648764.5,not_road
701488.5,4650298.5,not_road
703498.5,4650450.5,not_road
697492.5,4650801.5,not_road
697585.5,4650343.5,not_road
701027.5,4648632.5,not_road
699905.5,4649727.5,not_road
699588.5,4649357.5,not_road
697838.5,4647119.5,not_road
698063.5,4647657.5,not_road
700333.5,4649265.5,not_road
698529.5,4648406.5,not_road
701459.5,4651758.5,not_road
698486.5,4649444.5,not_road
697978.5,4649173.5,not_road
701791.5,4650142.5,not_road
701932.5,4650741.5,not_road
698390.5,4647371.5,not_road
699087.5,4651922.5,not_road
699816.5,4645894.5,not_road
698696.5,4645893.5,not_road
700757.5,4648093.5,not_road
699599.5,4650164.5,not_road
702039.5,4650163.5,not_road
703796.5,4648640.5,not_road
701991.5,4647818.5,not_road
703462.5,4649761.5,not_road
704063.5,4649247.5,not_road
699341.5,4651666.5,not_road
697421.5,4646369.5,not_road
701597.5,4650360.5,not_road
697896.5,4646152.5,not_road
703247.5,4646699.5,not_road
700414.5,4650834.5,not_road
701378.5,4651043.5,not_road
697381.5,4649387.5,not_road
698776.5,4647676.5,not_road
702084.5,4649664.5,not_road
699657.5,4647421.5,not_road
701451.5,4650954.5,not_road
697820.5,4646211.5,not_road
701899.5,4650435.5,not_road
703076.5,4649437.5,not_road
703984.5,4647251.5,not_road
704130.5,4647607.5,not_road
699601.5,4651243.5,not_road
698950.5,4651890.5,not_road
701080.5,4647626.5,not_road
704193.5,4650565.5,not_road
703033.5,4651581.5,not_road
702529.5,4648783.5,not_road
701048.5,4647607.5,not_road
700431.5,4650120.5,not_road
699689.5,4649584.5,not_road
702474.5,4647636.5,not_road
702939.5,4649192.5,not_road
697249.5,4648508.5,not_road
702184.5,4646745.5,not_road
702563.5,4651645.5,not_road
703479.5,4651852.5,not_road
702289.5,4646435.5,not_road
704138.5,4650321.5,not_road
701318.5,4650187.5,not_road
701054.5,4646705.5,not_road
703072.5,4645795.5,not_road
703684.5,4650577.5,not_road
703568.5,4648765.5,not_road
698657.5,4651705.5,not_road
701657.5,4649397.5,not_road
697657.5,4651774.5,not_road
703225.5,4647940.5,not_road
697446.5,4650795.5,not_road
702876.5,4651041.5,not_road
702454.5,4646751.5,not_road
704178.5,4645768.5,not_road
700462.5,4650772.5,not_road
700660.5,4647146.5,not_road
703341.5,4647598.5,not_road
703999.5,4646917.5,not_road
700685.5,4650988.5,not_road
703471.5,4649006.5,not_road
699288.5,4646489.5,not_road
700172.5,4648412.5,not_road
700354.5,4650741.5,not_road
700193.5,4651996.5,not_road
703054.5,4647429.5,not_road
699442.5,4651574.5,not_road
697760.5,4646758.5,not_road
697406.5,4647887.5,not_road
697286.5,4650406.5,not_road
703032.5,4650674.5,not_road
697649.5,4651419.5,not_road
702101.5,4649884.5,not_road
697732.5,4650083.5,not_road
703271.5,4648071.5,not_road
698173.5,4649004.5,not_road
703521.5,4650438.5,not_road
697330.5,4647116.5,not_road
697672.5,4647512.5,not_road
699114.5,4649105.5,not_road
699131.5,4650872.5,not_road
701487.5,4648893.5,not_road
698658.5,4649747.5,not_road
702478.5,4648954.5,not_road
698097.5,4651216.5,not_road
700559.5,4649158.5,not_road
700243.5,4651681.5,not_road
703779.5,4649464.5,not_road
697507.5,4650994.5,not_road
701328.5,4651201.5,not_road
703447.5,4650154.5,not_road
697541.5,4650344.5,not_road
702843.5,4646114.5,not_road
701459.5,4650448.5,not_road
701374.5,4651642.5,not_road
698654.5,4647107.5,not_road
698248.5,4651256.5,not_road
702293.5,4651287.5,not_road
697393.5,4648662.5,not_road
702505.5,4650716.5,not_road
703184.5,4648222.5,not_road
702981.5,4648709.5,not_road
699019.5,4650252.5,not_road
698321.5,4650498.5,not_road
702597.5,4649666.5,not_road
699065.5,4646673.5,not_road
702077.5,4648862.5,not_road
697954.5,4647038.5,not_road
700427.5,4647785.5,not_road
703020.5,4647669.5,not_road
700268.5,4645923.5,not_road
699786.5,4649168.5,not_road
700759.5,4646671.5,not_road
703981.5,4649312.5,not_road
703577.5,4647650.5,not_road
698098.5,4649177.5,not_road
703362.5,4647834.5,not_road
701428.5,4649401.5,not_road
701473.5,4648918.5,not_road
703293.5,4650506.5,not_road
697922.5,4646051.5,not_road
703981.5,4649787.5,not_road
702475.5,4651570.5,not_road
697799.5,4647575.5,not_road
703014.5,4650719.5,not_road
704229.5,4647650.5,not_road
698964.5,4647862.5,not_road
698733.5,4646069.5,not_road
703983.5,4651247.5,not_road
700236.5,4650258.5,not_road
704224.5,4646144.5,not_road
702941.5,4646624.5,not_road
703645.5,4649440.5,not_road
698931.5,4646517.5,not_road
703792.5,4648273.5,not_road
703338.5,4650034.5,not_road
699802.5,4651431.5,not_road
699229.5,4646289.5,not_road
703480.5,4646431.5,not_road
699723.5,4647333.5,not_road
700721.5,4651356.5,not_road
701442.5,4649537.5,not_road
703516.5,4647732.5,not_road
701880.5,4646465.5,not_road
702434.5,4646093.5,not_road
699578.5,4646350.5,not_road
700199.5,4646542.5,not_road
701310.5,4646049.5,not_road
703376.5,4651800.5,not_road
700592.5,4647268.5,not_road
700415.5,4649176.5,not_road
704016.5,4651605.5,not_road
699946.5,4650347.5,not_road
699078.5,4645996.5,not_road
703087.5,4651557.5,not_road
701659.5,4651948.5,not_road
702798.5,4650429.5,not_road
704278.5,4649965.5,not_road
700261.5,4650760.5,not_road
702161.5,4650729.5,not_road
703557.5,4651914.5,not_road
700073.5,4645866.5,not_road
703822.5,4648880.5,not_road
699587.5,4649704.5,not_road
700994.5,4651524.5,not_road
702617.5,4650780.5,not_road
698493.5,4646375.5,not_road
698993.5,4649903.5,not_road
701666.5,4647702.5,not_road
701094.5,4650977.5,not_road
701831.5,4649687.5,not_road
699397.5,4649961.5,not_road
699482.5,4646740.5,not_road
703801.5,4649505.5,not_road
701619.5,4646238.5,not_road
699672.5,4649959.5,not_road
697969.5,4650681.5,not_road
702738.5,4646704.5,not_road
701925.5,4646204.5,not_road
699459.5,4646191.5,not_road
702493.5,4651174.5,not_road
702845.5,4648125.5,not_road
699555.5,4651271.5,not_road
699774.5,4649801.5,not_road
700075.5,4649456.5,not_road
702899.5,4646371.5,not_road
703209.5,4647417.5,not_road
701525.5,4646107.5,not_road
703563.5,4646781.5,not_road
703874.5,4649829.5,not_road
703963.5,4646593.5,not_road
698806.5,4651460.5,not_road
699671.5,4650741.5,not_road
702670.5,4646576.5,not_road
701660.5,4651657.5,not_road
700385.5,4647845.5,not_road
698425.5,4646428.5,not_road
702052.5,4647641.5,not_road
703763.5,4647614.5,not_road
698952.5,4650073.5,not_road
699735.5,4651275.5,not_road
702022.5,4646255.5,not_road
700451.5,4651351.5,not_road
703233.5,4649861.5,not_road
701664.5,4651992.5,not_road
699356.5,4650773.5,not_road
700709.5,4647926.5,not_road
699611.5,4651729.5,not_road
698068.5,4649859.5,not_road
700275.5,4649926.5,not_road
700958.5,4645815.5,not_road
701089.5,4650834.5,not_road
701458.5,4647259.5,not_road
699429.5,4649137.5,not_road
702429.5,4648888.5,not_road
703633.5,4645924.5,not_road
703431.5,4650715.5,not_road
700878.5,4651958.5,not_road
701487.5,4646498.5,not_road
703335.5,4649998.5,not_road
702552.5,4646867.5,not_road
703851.5,4648096.5,not_road
697206.5,4651401.5,not_road
701421.5,4646418.5,not_road
702445.5,4646198.5,not_road
699030.5,4651946.5,not_road
702927.5,4646784.5,not_road
697447.5,4650898.5,not_road
700656.5,4651105.5,not_road
700100.5,4647220.5,not_road
698709.5,4648297.5,not_road
701279.5,4649269.5,not_road
702229.5,4650746.5,not_road
703591.5,4647664.5,not_road
697991.5,4649775.5,not_road
702284.5,4650082.5,not_road
699262.5,4648505.5,not_road
704113.5,4649599.5,not_road
700527.5,4651597.5,not_road
697500.5,4645879.5,not_road
700182.5,4650175.5,not_road
701645.5,4649527.5,not_road
702752.5,4650901.5,not_road
697237.5,4651673.5,not_road
701361.5,4646347.5,not_road
701582.5,4648287.5,not_road
700633.5,4646453.5,not_road
699402.5,4646805.5,not_road
698142.5,4649749.5,not_road
701547.5,4648994.5,not_road
703892.5,4647667.5,not_road
703917.5,4647144.5,not_road
698706.5,4648935.5,not_road
700304.5,4651765.5,not_road
702311.5,4650245.5,not_road
701649.5,4650054.5,not_road
701487.5,4649814.5,not_road
703204.5,4648318.5,not_road
702754.5,4645967.5,not_road
699162.5,4651077.5,not_road
702672.5,4649865.5,not_road
701019.5,4646093.5,not_road
703709.5,4648828.5,not_road
697754.5,4650140.5,not_road
700752.5,4650638.5,not_road
702533.5,4646944.5,not_road
697652.5,4651714.5,not_road
699201.5,4651286.5,not_road
702268.5,4651616.5,not_road
698043.5,4647416.5,not_road
700546.5,4646669.5,not_road
699276.5,4646765.5,not_road
699770.5,4651969.5,not_road
698128.5,4645905.5,not_road
702435.5,4648267.5,not_road
698399.5,4647556.5,not_road
697212.5,4651391.5,not_road
700066.5,4645892.5,not_road
701548.5,4649551.5,not_road
699659.5,4650260.5,not_road
702694.5,4646684.5,not_road
697614.5,4651172.5,not_road
700860.5,4649727.5,not_road
701533.5,4651477.5,not_road
698913.5,4648832.5,not_road
701029.5,4649256.5,not_road
699976.5,4647501.5,not_road
702987.5,4651156.5,not_road
698577.5,4647134.5,not_road
701955.5,4646863.5,not_road
702770.5,4651893.5,not_road
703743.5,4647246.5,not_road
697921.5,4646111.5,not_road
701425.5,4649546.5,not_road
699914.5,4650454.5,not_road
701722.5,4650687.5,not_road
702352.5,4646797.5,not_road
703664.5,4648243.5,not_road
701000.5,4646411.5,not_road
701511.5,4647521.5,not_road
703662.5,4647397.5,not_road
701933.5,4649919.5,not_road
701776.5,4649107.5,not_road
699256.5,4645922.5,not_road
697761.5,4646783.5,not_road
703769.5,4647480.5,not_road
697282.5,4649766.5,not_road
703864.5,4650685.5,not_road
701748.5,4646966.5,not_road
702071.5,4649250.5,not_road
702770.5,4647112.5,not_road
703488.5,4650680.5,not_road
703319.5,4649070.5,not_road
702681.5,4647013.5,not_road
704221.5,4646396.5,not_road
698412.5,4651725.5,not_road
702817.5,4650333.5,not_road
701123.5,4647313.5,not_road
703389.5,4647127.5,not_road
702079.5,4648001.5,not_road
701651.5,4647343.5,not_road
699711.5,4649929.5,not_road
697674.5,4651636.5,not_road
704143.5,4648676.5,not_road
698404.5,4651864.5,not_road
704119.5,4648212.5,not_road
698176.5,4648211.5,not_road
702223.5,4648644.5,not_road
703040.5,4646712.5,not_road
701859.5,4649461.5,not_road
701193.5,4645803.5,not_road
700942.5,4650406.5,not_road
702058.5,4645958.5,not_road
700656.5,4651982.5,not_road
702974.5,4651765.5,not_road
703318.5,4650671.5,not_road
701775.5,4646098.5,not_road
699256.5,4647978.5,not_road
702871.5,4648678.5,not_road
702708.5,4651214.5,not_road
704161.5,4646642.5,not_road
701837.5,4646871.5,not_road
698990.5,4651626.5,not_road
698022.5,4649293.5,not_road
702435.5,4647542.5,not_road
701974.5,4651944.5,not_road
700530.5,4646829.5,not_road
702870.5,4648637.5,not_road
702451.5,4649750.5,not_road
697971.5,4651689.5,not_road
702780.5,4646180.5,not_road
700676.5,4646859.5,not_road
697331.5,4646820.5,not_road
699453.5,4647662.5,not_road
702021.5,4648958.5,not_road
700627.5,4646311.5,not_road
704172.5,4650311.5,not_road
697666.5,4649199.5,not_road
702666.5,4647092.5,not_road
700733.5,4649910.5,not_road
703453.5,4646543.5,not_road
698511.5,4650027.5,not_road
703150.5,4649780.5,not_road
703897.5,4649993.5,not_road
697639.5,4649436.5,not_road
700503.5,4646907.5,not_road
702320.5,4649912.5,not_road
702481.5,4651964.5,not_road
701174.5,4648539.5,not_road
702578.5,4650552.5,not_road
702369.5,4648926.5,not_road
698993.5,4649927.5,not_road
699854.5,4651322.5,not_road
698124.5,4649124.5,not_road
701798.5,4647215.5,not_road
697945.5,4648190.5,not_road
699130.5,4649331.5,not_road
703582.5,4646711.5,not_road
700791.5,4648448.5,not_road
702014.5,4648164.5,not_road
700125.5,4650221.5,not_road
704014.5,4647714.5,not_road
697737.5,4649747.5,not_road
701783.5,4650782.5,not_road
697711.5,4647291.5,not_road
699282.5,4648392.5,not_road
698659.5,4649063.5,not_road
697888.5,4647540.5,not_road
702317.5,4647254.5,not_road
703698.5,4649358.5,not_road
702562.5,4645752.5,not_road
702615.5,4648518.5,not_road
700058.5,4649062.5,not_road
699382.5,4646391.5,not_road
697754.5,4645755.5,not_road
702778.5,4650328.5,not_road
698766.5,4650547.5,not_road
702940.5,4648755.5,not_road
698289.5,4651552.5,not_road
703788.5,4647704.5,not_road
702285.5,4647761.5,not_road
702183.5,4651457.5,not_road
700836.5,4650319.5,not_road
701582.5,4645987.5,not_road
701034.5,4650872.5,not_road
701960.5,4648882.5,not_road
702702.5,4647749.5,not_road
697732.5,4650466.5,not_road
698359.5,4649884.5,not_road
701426.5,4647247.5,not_road
700580.5,4649344.5,not_road
697499.5,4646902.5,not_road
701492.5,4651628.5,not_road
701700.5,4648058.5,not_road
697625.5,4649869.5,not_road
701932.5,4646273.5,not_road
700750.5,4649254.5,not_road
699881.5,4651444.5,not_road
701720.5,4646771.5,not_road
698433.5,4648702.5,not_road
701639.5,4651625.5,not_road
700859.5,4647356.5,not_road
701069.5,4648351.5,not_road
698311.5,4646269.5,not_road
703995.5,4647609.5,not_road
699908.5,4647990.5,not_road
700504.5,4650615.5,not_road
702211.5,4648235.5,not_road
697546.5,4650937.5,not_road
697427.5,4649573.5,not_road
703107.5,4649296.5,not_road
703842.5,4648427.5,not_road
704256.5,4650690.5,not_road
703495.5,4648532.5,not_road
702320.5,4649970.5,not_road
699983.5,4645807.5,not_road
703041.5,4646830.5,not_road
702998.5,4647392.5,not_road
700555.5,4645862.5,not_road
702240.5,4646226.5,not_road
698271.5,4646544.5,not_road
700175.5,4651586.5,not_road
704209.5,4651060.5,not_road
701665.5,4650083.5,not_road
698643.5,4649102.5,not_road
700853.5,4648979.5,not_road
702897.5,4647301.5,not_road
703688.5,4647365.5,not_road
701969.5,4650148.5,not_road
702584.5,4647054.5,not_road
704070.5,4649079.5,not_road
698816.5,4648351.5,not_road
701592.5,4646846.5,not_road
699650.5,4650220.5,not_road
697229.5,4651780.5,not_road
701938.5,4650375.5,not_road
697517.5,4648947.5,not_road
703250.5,4646518.5,not_road
699260.5,4646678.5,not_road
704003.5,4647435.5,not_road
701275.5,4650312.5,not_road
703387.5,4646094.5,not_road
701117.5,4646855.5,not_road
700806.5,4651767.5,not_road
701500.5,4650471.5,not_road
699809.5,4650105.5,not_road
702859.5,4647768.5,not_road
703689.5,4648538.5,not_road
703893.5,4651090.5,not_road
702566.5,4648282.5,not_road
698877.5,4646499.5,not_road
703333.5,4650055.5,not_road
700131.5,4646503.5,not_road
703948.5,4647895.5,not_road
699935.5,4650436.5,not_road
702106.5,4649979.5,not_road
698477.5,4647339.5,not_road
703670.5,4647674.5,not_road
701270.5,4648031.5,not_road
699249.5,4649479.5,not_road
700948.5,4649586.5,not_road
700921.5,4648506.5,not_road
697305.5,4647149.5,not_road
698122.5,4650416.5,not_road
699325.5,4646390.5,not_road
698030.5,4649005.5,not_road
702270.5,4650066.5,not_road
699607.5,4646274.5,not_road
702797.5,4650902.5,not_road
702490.5,4647727.5,not_road
697681.5,4650961.5,not_road
700650.5,4645820.5,not_road
699840.5,4647223.5,not_road
697491.5,4650090.5,not_road
703180.5,4647333.5,not_road
697676.5,4648341.5,not_road
699306.5,4649352.5,not_road
702342.5,4648893.5,not_road
703454.5,4651895.5,not_road
702634.5,4647286.5,not_road
698789.5,4647556.5,not_road
701240.5,4651092.5,not_road
697782.5,4649968.5,not_road
703128.5,4650376.5,not_road
698592.5,4651284.5,not_road
697949.5,4646996.5,not_road
699375.5,4649673.5,not_road
697367.5,4646298.5,not_road
704191.5,4646722.5,not_road
699710.5,4646561.5,not_road
702106.5,4647374.5,not_road
703968.5,4648863.5,not_road
698636.5,4649341.5,not_road
699748.5,4649703.5,not_road
700105.5,4649217.5,not_road
700707.5,4646634.5,not_road
701512.5,4650897.5,not_road
697843.5,4649715.5,not_road
697209.5,4648900.5,not_road
701494.5,4650241.5,not_road
701407.5,4650556.5,not_road
699302.5,4648490.5,not_road
701863.5,4650987.5,not_road
703653.5,4649621.5,not_road
701982.5,4647311.5,not_road
701780.5,4651600.5,not_road
701932.5,4649060.5,not_road
697251.5,4646679.5,not_road
697866.5,4647649.5,not_road
697837.5,4646975.5,not_road
704052.5,4651317.5,not_road
698694.5,4645904.5,not_road
702483.5,4649549.5,not_road
699364.5,4646463.5,not_road
697730.5,4648039.5,not_road
701510.5,4650864.5,not_road
698509.5,4647055.5,not_road
698264.5,4649222.5,not_road
699386.5,4649380.5,not_road
698941.5,4650967.5,not_road
697437.5,4650222.5,not_road
698212.5,4651120.5,not_road
704121.5,4648708.5,not_road
697434.5,4649671.5,not_road
700109.5,4645875.5,not_road
699094.5,4646415.5,not_road
701578.5,4647216.5,not_road
702081.5,4648832.5,not_road
697477.5,4649340.5,not_road
702527.5,4647079.5,not_road
702019.5,4650047.5,not_road
702473.5,4651115.5,not_road
699442.5,4646805.5,not_road
702292.5,4647046.5,not_road
701066.5,4651884.5,not_road
703254.5,4646731.5,not_road
700253.5,4650510.5,not_road
700353.5,4646451.5,not_road
702560.5,4650892.5,not_road
697222.5,4651008.5,not_road
699984.5,4650391.5,not_road
702002.5,4646162.5,not_road
703755.5,4646090.5,not_road
703734.5,4647870.5,not_road
700132.5,4651850.5,not_road
701798.5,4648141.5,not_road
698759.5,4650132.5,not_road
703426.5,4647436.5,not_road
703367.5,4648410.5,not_road
697679.5,4647605.5,not_road
702196.5,4650034.5,not_road
704255.5,4647163.5,not_road
704227.5,4649604.5,not_road
700693.5,4650623.5,not_road
697454.5,4649483.5,not_road
699457.5,4646672.5,not_road
702121.5,4649219.5,not_road
698002.5,4651236.5,not_road
701248.5,4647307.5,not_road
700393.5,4651593.5,not_road
700739.5,4648487.5,not_road
702306.5,4650552.5,not_road
702618.5,4646347.5,not_road
698662.5,4648921.5,not_road
700844.5,4649415.5,not_road
702075.5,4646111.5,not_road
702419.5,4649138.5,not_road
702608.5,4649273.5,not_road
701046.5,4648475.5,not_road
700745.5,4648890.5,not_road
702833.5,4648742.5,not_road
697951.5,4649273.5,not_road
700640.5,4647666.5,not_road
699307.5,4649029.5,not_road
701874.5,4648084.5,not_road
702180.5,4647464.5,not_road
699666.5,4649898.5,not_road
702808.5,4650937.5,not_road
701333.5,4651420.5,not_road
703694.5,4648258.5,not_road
702972.5,4650744.5,not_road
702896.5,4649762.5,not_road
703458.5,4647108.5,not_road
700706.5,4649115.5,not_road
703942.5,4648034.5,not_road
699235.5,4647017.5,not_road
702869.5,4648286.5,not_road
697923.5,4651721.5,not_road
700968.5,4649063.5,not_road
697400.5,4646369.5,not_road
701455.5,4649047.5,not_road
698295.5,4649610.5,not_road
697460.5,4651824.5,not_road
702293.5,4646211.5,not_road
702154.5,4650594.5,not_road
698539.5,4648284.5,not_road
700283.5,4649333.5,not_road
702639.5,4648579.5,not_road
703627.5,4651245.5,not_road
697583.5,4646887.5,not_road
702771.5,4648091.5,not_road
701212.5,4650401.5,not_road
700160.5,4651411.5,not_road
698325.5,4651014.5,not_road
701419.5,4648222.5,not_road
698927.5,4646921.5,not_road
702555.5,4649771.5,not_road
701273.5,4647231.5,not_road
697605.5,4651527.5,not_road
698762.5,4647517.5,not_road
700130.5,4651167.5,not_road
703308.5,4647977.5,not_road
697874.5,4649001.5,not_road
698892.5,4648051.5,not_road
703968.5,4650359.5,not_road
699800.5,4651343.5,not_road
700248.5,4647216.5,not_road
698628.5,4649118.5,not_road
700528.5,4651235.5,not_road
700946.5,4649381.5,not_road
701442.5,4651913.5,not_road
703270.5,4646505.5,not_road
703015.5,4645768.5,not_road
700608.5,4649494.5,not_road
703861.5,4650043.5,not_road
700058.5,4648813.5,not_road
699312.5,4647268.5,not_road
700192.5,4650687.5,not_road
703250.5,4649627.5,not_road
703134.5,4650695.5,not_road
703517.5,4646068.5,not_road
702436.5,4649485.5,not_road
703643.5,4647989.5,not_road
702036.5,4647063.5,not_road
698460.5,4648133.5,not_road
702907.5,4651756.5,not_road
700753.5,4645823.5,not_road
703809.5,4646766.5,not_road
700385.5,4650083.5,not_road
697570.5,4645810.5,not_road
704233.5,4646430.5,not_road
701242.5,4648505.5,not_road
699333.5,4649293.5,not_road
699074.5,4649749.5,not_road
700691.5,4650400.5,not_road
703725.5,4650537.5,not_road
702716.5,4651233.5,not_road
697352.5,4650856.5,not_road
704166.5,4645876.5,not_road
700039.5,4649979.5,not_road
700361.5,4650665.5,not_road
700535.5,4646677.5,not_road
704222.5,4648279.5,not_road
697767.5,4651979.5,not_road
701437.5,4650426.5,not_road
700555.5,4650281.5,not_road
703953.5,4648374.5,not_road
697924.5,4651881.5,not_road
702655.5,4651565.5,not_road
698586.5,4646859.5,not_road
699703.5,4647405.5,not_road
698849.5,4651192.5,not_road
700483.5,4647792.5,not_road
701841.5,4651010.5,not_road
702902.5,4650040.5,not_road
703681.5,4646616.5,not_road
699604.5,4651867.5,not_road
702546.5,4649331.5,not_road
697920.5,4648454.5,not_road
703497.5,4647854.5,not_road
703954.5,4647964.5,not_road
697751.5,4651014.5,not_road
703755.5,4651456.5,not_road
700939.5,4650771.5,not_road
700720.5,4650878.5,not_road
699509.5,4650875.5,not_road
697853.5,4647210.5,not_road
703255.5,4648873.5,not_road
702267.5,4647158.5,not_road
702057.5,4647863.5,not_road
701776.5,4649373.5,not_road
702824.5,4647412.5,not_road
701955.5,4651877.5,not_road
700846.5,4648209.5,not_road
698636.5,4649819.5,not_road
704031.5,4650764.5,not_road
700323.5,4650886.5,not_road
702869.5,4645983.5,not_road
702665.5,4651275.5,not_road
703400.5,4650107.5,not_road
697901.5,4650313.5,not_road
701055.5,4648934.5,not_road
703734.5,4649199.5,not_road
703405.5,4647784.5,not_road
699584.5,4651284.5,not_road
701018.5,4648843.5,not_road
698188.5,4651337.5,not_road
702575.5,4646982.5,not_road
699066.5,4646493.5,not_road
698129.5,4647362.5,not_road
701371.5,4647720.5,not_road
701283.5,4649683.5,not_road
697437.5,4646724.5,not_road
701704.5,4649563.5,not_road
698898.5,4650702.5,not_road
700615.5,4648787.5,not_road
697618.5,4650420.5,not_road
703214.5,4648372.5,not_road
703926.5,4650711.5,not_road
702026.5,4646164.5,not_road
703602.5,4651795.5,not_road
701601.5,4651746.5,not_road
702952.5,4649949.5,not_road
704021.5,4646320.5,not_road
697969.5,4645808.5,not_road
703536.5,4649899.5,not_road
700944.5,4649835.5,not_road
703217.5,4651338.5,not_road
697568.5,4647463.5,not_road
701698.5,4646580.5,not_road
703358.5,4646844.5,not_road
702700.5,4651075.5,not_road
703187.5,4647930.5,not_road
701253.5,4649191.5,not_road
700006.5,4650194.5,not_road
701387.5,4648106.5,not_road
701905.5,4646605.5,not_road
702460.5,4646519.5,not_road
703538.5,4646646.5,not_road
701806.5,4651330.5,not_road
697708.5,4648128.5,not_road
702146.5,4649000.5,not_road
702544.5,4650904.5,not_road
699081.5,4651858.5,not_road
697326.5,4650726.5,not_road
702349.5,4646718.5,not_road
701104.5,4647720.5,not_road
702490.5,4647134.5,not_road
697249.5,4646374.5,not_road
700653.5,4651712.5,not_road
700209.5,4649456.5,not_road
701051.5,4647338.5,not_road
703772.5,4647399.5,not_road
701297.5,4651126.5,not_road
701535.5,4651210.5,not_road
698945.5,4649318.5,not_road
703668.5,4648717.5,not_road
701808.5,4650012.5,not_road
697450.5,4647691.5,not_road
700280.5,4650611.5,not_road
702651.5,4649903.5,not_road
699454.5,4651368.5,not_road
702376.5,4648850.5,not_road
700446.5,4647363.5,not_road
700277.5,4645900.5,not_road
699763.5,4650496.5,not_road
698687.5,4648026.5,not_road
701904.5,4651683.5,not_road
701647.5,4648862.5,not_road
701677.5,4646469.5,not_road
702619.5,4651587.5,not_road
700979.5,4649613.5,not_road
698287.5,4651242.5,not_road
701203.5,4646682.5,not_road
697202.5,4649075.5,not_road
702486.5,4647358.5,not_road
697592.5,4650097.5,not_road
699092.5,4646780.5,not_road
702852.5,4650522.5,not_road
703060.5,4648386.5,not_road
700547.5,4649773.5,not_road
701074.5,4648399.5,not_road
698219.5,4650307.5,not_road
699383.5,4650314.5,not_road
703115.5,4647405.5,not_road
701594.5,4650578.5,not_road
697437.5,4649936.5,not_road
700802.5,4651904.5,not_road
703054.5,4648895.5,not_road
702246.5,4651986.5,not_road
701117.5,4649063.5,not_road
697422.5,4646638.5,not_road
697241.5,4647864.5,not_road
701244.5,4646556.5,not_road
698102.5,4651843.5,not_road
702798.5,4650788.5,not_road
701794.5,4651446.5,not_road
702649.5,4649780.5,not_road
702644.5,4650879.5,not_road
699492.5,4651048.5,not_road
699781.5,4646642.5,not_road
697923.5,4648608.5,not_road
701776.5,4647519.5,not_road
701530.5,4648705.5,not_road
701182.5,4647312.5,not_road
698590.5,4647267.5,not_road
703289.5,4649223.5,not_road
699968.5,4646730.5,not_road
698909.5,4651357.5,not_road
702752.5,4646124.5,not_road
698099.5,4649092.5,not_road
702126.5,4651027.5,not_road
700106.5,4646606.5,not_road
698053.5,4647817.5,not_road
703129.5,4648817.5,not_road
700067.5,4650309.5,not_road
699023.5,4648051.5,not_road
703897.5,4651057.5,not_road
697832.5,4651061.5,not_road
701490.5,4647042.5,not_road
703296.5,4648083.5,not_road
701278.5,4650425.5,not_road
700371.5,4648968.5,not_road
701597.5,4650952.5,not_road
703095.5,4649839.5,not_road
700871.5,4646960.5,not_road
700505.5,4650384.5,not_road
703520.5,4645984.5,not_road
700940.5,4647650.5,not_road
701098.5,4651648.5,not_road
702139.5,4650013.5,not_road
701275.5,4650058.5,not_road
698384.5,4648400.5,not_road
703314.5,4645760.5,not_road
697379.5,4650376.5,not_road
698965.5,4648102.5,not_road
698149.5,4649656.5,not_road
703550.5,4647635.5,not_road
698818.5,4649009.5,not_road
703335.5,4646463.5,not_road
698034.5,4647510.5,not_road
697583.5,4648853.5,not_road
703223.5,4647397.5,not_road
700856.5,4649699.5,not_road
701612.5,4649879.5,not_road
698346.5,4651879.5,not_road
699709.5,4646747.5,not_road
702777.5,4648766.5,not_road
703514.5,4649589.5,not_road
697269.5,4645823.5,not_road
702312.5,4646807.5,not_road
703678.5,4646400.5,not_road
698322.5,4649655.5,not_road
702871.5,4647880.5,not_road
700530.5,4646803.5,not_road
701712.5,4647433.5,not_road
703848.5,4648599.5,not_road
701563.5,4648995.5,not_road
699666.5,4647418.5,not_road
703430.5,4648870.5,not_road
698191.5,4651220.5,not_road
700103.5,4651667.5,not_road
697918.5,4645821.5,not_road
697424.5,4650384.5,not_road
702388.5,4646998.5,not_road
700104.5,4651290.5,not_road
703667.5,4651820.5,not_road
699091.5,4650483.5,not_road
702039.5,4645879.5,not_road
702916.5,4648406.5,not_road
703044.5,4651939.5,not_road
703384.5,4647232.5,not_road
702186.5,4646166.5,not_road
699929.5,4651069.5,not_road
699645.5,4645996.5,not_road
702339.5,4649937.5,not_road
700855.5,4649837.5,not_road
700060.5,4645781.5,not_road
701866.5,4646206.5,not_road
703447.5,4647296.5,not_road
703268.5,4650231.5,not_road
700972.5,4648965.5,not_road
699479.5,4650925.5,not_road
699088.5,4649733.5,not_road
699693.5,4646017.5,not_road
697240.5,4651396.5,not_road
701877.5,4651202.5,not_road
703914.5,4651450.5,not_road
697632.5,4650754.5,not_road
699245.5,4649659.5,not_road
703888.5,4647165.5,not_road
703496.5,4646327.5,not_road
700227.5,4649718.5,not_road
703944.5,4651778.5,not_road
698828.5,4646139.5,not_road
702358.5,4646786.5,not_road
702332.5,4650144.5,not_road
700595.5,4650542.5,not_road
697873.5,4646125.5,not_road
701791.5,4650026.5,not_road
697404.5,4651031.5,not_road
701228.5,4646620.5,not_road
702564.5,4651343.5,not_road
702742.5,4647601.5,not_road
701665.5,4651777.5,not_road
701796.5,4647609.5,not_road
698037.5,4646505.5,not_road
703782.5,4646747.5,not_road
698590.5,4648188.5,not_road
702989.5,4651182.5,not_road
702404.5,4648832.5,not_road
703561.5,4646196.5,not_road
702187.5,4649706.5,not_road
702956.5,4650255.5,not_road
702318.5,4646592.5,not_road
702467.5,4648658.5,not_road
700845.5,4646368.5,not_road
700207.5,4651736.5,not_road
698161.5,4650996.5,not_road
698984.5,4647772.5,not_road
697387.5,4645909.5,not_road
698924.5,4650278.5,not_road
703544.5,4650384.5,not_road
704002.5,4650850.5,not_road
698880.5,4647352.5,not_road
702704.5,4650767.5,not_road
697304.5,4646365.5,not_road
703685.5,4648416.5,not_road
702714.5,4647788.5,not_road
701292.5,4650251.5,not_road
702033.5,4647448.5,not_road
697612.5,4650485.5,not_road
698111.5,4650913.5,not_road
702498.5,4651384.5,not_road
699115.5,4651051.5,not_road
699772.5,4649970.5,not_road
700592.5,4651346.5,not_road
701830.5,4647161.5,not_road
703947.5,4649811.5,not_road
700308.5,4651865.5,not_road
697322.5,4646408.5,not_road
701235.5,4648983.5,not_road
697792.5,4647920.5,not_road
698344.5,4648232.5,not_road
702985.5,4647029.5,not_road
703582.5,4651689.5,not_road
698074.5,4649761.5,not_road
699435.5,4650162.5,not_road
703315.5,4646334.5,not_road
702713.5,4651927.5,not_road
703641.5,4645785.5,not_road
698646.5,4649038.5,not_road
701254.5,4646685.5,not_road
701646.5,4646043.5,not_road
698292.5,4650571.5,not_road
702372.5,4649383.5,not_road
700801.5,4649182.5,not_road
699989.5,4650058.5,not_road
699262.5,4650933.5,not_road
697721.5,4646747.5,not_road
701741.5,4651946.5,not_road
703956.5,4646231.5,not_road
702426.5,4651247.5,not_road
701492.5,4646517.5,not_road
703000.5,4647576.5,not_road
700835.5,4649552.5,not_road
698651.5,4649531.5,not_road
697915.5,4651604.5,not_road
701160.5,4649538.5,not_road
700900.5,4646371.5,not_road
702870.5,4646493.5,not_road
702934.5,4645835.5,not_road
703994.5,4647831.5,not_road
701440.5,4646967.5,not_road
703699.5,4650592.5,not_road
697433.5,4646374.5,not_road
698639.5,4648601.5,not_road
702876.5,4649194.5,not_road
698137.5,4647648.5,not_road
702651.5,4648986.5,not_road
698921.5,4646373.5,not_road
698522.5,4649796.5,not_road
701666.5,4646708.5,not_road
703483.5,4650451.5,not_road
700357.5,4649441.5,not_road
699075.5,4650144.5,not_road
699737.5,4650849.5,not_road
697813.5,4651688.5,not_road
701597.5,4650405.5,not_road
698660.5,4645780.5,not_road
697334.5,4646042.5,not_road
701085.5,4649987.5,not_road
697977.5,4651949.5,not_road
702649.5,4647339.5,not_road
701357.5,4647453.5,not_road
703618.5,4649771.5,not_road
702471.5,4647069.5,not_road
704014.5,4651267.5,not_road
700779.5,4649470.5,not_road
697650.5,4650700.5,not_road
703106.5,4648279.5,not_road
703604.5,4651572.5,not_road
698401.5,4650619.5,not_road
704019.5,4651006.5,not_road
702889.5,4647824.5,not_road
698664.5,4649431.5,not_road
699307.5,4651196.5,not_road
703287.5,4647408.5,not_road
702008.5,4648386.5,not_road
703701.5,4649596.5,not_road
701024.5,4645934.5,not_road
701454.5,4648034.5,not_road
697863.5,4646585.5,not_road
700819.5,4650421.5,not_road
698403.5,4648422.5,not_road
703636.5,4647646.5,not_road
701549.5,4649257.5,not_road
701124.5,4650282.5,not_road
697337.5,4649942.5,not_road
701193.5,4646102.5,not_road
698925.5,4647967.5,not_road
698886.5,4647701.5,not_road
699361.5,4646406.5,not_road
700029.5,4649431.5,not_road
704066.5,4650196.5,not_road
699560.5,4651545.5,not_road
697393.5,4645860.5,not_road
697797.5,4649268.5,not_road
700029.5,4651340.5,not_road
700729.5,4651628.5,not_road
703213.5,4648685.5,not_road
698969.5,4649078.5,not_road
702051.5,4651309.5,not_road
700955.5,4646465.5,not_road
701299.5,4650813.5,not_road
698443.5,4649638.5,not_road
703572.5,4649255.5,not_road
698999.5,4651586.5,not_road
700590.5,4647819.5,not_road
704256.5,4649608.5,not_road
703097.5,4647411.5,not_road
701227.5,4650802.5,not_road
697851.5,4648224.5,not_road
699253.5,4646685.5,not_road
699146.5,4650558.5,not_road
703799.5,4651485.5,not_road
700677.5,4648997.5,not_road
703002.5,4649896.5,not_road
701648.5,4648118.5,not_road
702569.5,4646648.5,not_road
701011.5,4646216.5,not_road
698849.5,4647706.5,not_road
699791.5,4646164.5,not_road
700070.5,4647604.5,not_road
701456.5,4646146.5,not_road
703191.5,4645805.5,not_road
702491.5,4650854.5,not_road
699208.5,4651853.5,not_road
701172.5,4651970.5,not_road
704044.5,4647844.5,not_road
698194.5,4649738.5,not_road
701253.5,4646593.5,not_road
700785.5,4647323.5,not_road
704096.5,4649475.5,not_road
702637.5,4647537.5,not_road
702402.5,4647671.5,not_road
697894.5,4651548.5,not_road
703399.5,4651714.5,not_road
701614.5,4651475.5,not_road
701472.5,4647169.5,not_road
698390.5,4648176.5,not_road
697894.5,4646063.5,not_road
702205.5,4650486.5,not_road
697405.5,4651941.5,not_road
704060.5,4647157.5,not_road
701758.5,4651434.5,not_road
704067.5,4646795.5,not_road
697722.5,4647322.5,not_road
700715.5,4651207.5,not_road
700863.5,4649870.5,not_road
704158.5,4646882.5,not_road
703027.5,4651402.5,not_road
700788.5,4651588.5,not_road
697698.5,4648912.5,not_road
703490.5,4650573.5,not_road
697238.5,4651376.5,not_road
701503.5,4649176.5,not_road
701930.5,4647122.5,not_road
701972.5,4648177.5,not_road
703664.5,4650533.5,not_road
703208.5,4647901.5,not_road
697652.5,4651432.5,not_road
702810.5,4647737.5,not_road
698948.5,4649403.5,not_road
700601.5,4649897.5,not_road
703104.5,4651068.5,not_road
700674.5,4646654.5,not_road
699695.5,4649264.5,not_road
699961.5,4649625.5,not_road
703874.5,4645928.5,not_road
702162.5,4646109.5,not_road
700711.5,4651393.5,not_road
697431.5,4650143.5,not_road
698289.5,4650156.5,not_road
702963.5,4645847.5,not_road
702317.5,4651835.5,not_road
701891.5,4651609.5,not_road
702801.5,4646741.5,not_road
702398.5,4647408.5,not_road
702939.5,4649374.5,not_road
697934.5,4650178.5,not_road
702240.5,4651987.5,not_road
702290.5,4649350.5,not_road
701457.5,4648546.5,not_road
700859.5,4648023.5,not_road
700357.5,4649877.5,not_road
702292.5,4651713.5,not_road
702403.5,4650377.5,not_road
700928.5,4650602.5,not_road
697740.5,4645962.5,not_road
703521.5,4651349.5,not_road
702953.5,4647377.5,not_road
700145.5,4649059.5,not_road
701251.5,4650617.5,not_road
704035.5,4651382.5,not_road
704209.5,4648885.5,not_road
704148.5,4647111.5,not_road
700891.5,4649946.5,not_road
698769.5,4647113.5,not_road
699656.5,4650524.5,not_road
698160.5,4650138.5,not_road
703328.5,4646155.5,not_road
702652.5,4647934.5,not_road
701991.5,4648447.5,not_road
701093.5,4647597.5,not_road
702616.5,4650535.5,not_road
704180.5,4646867.5,not_road
701146.5,4651941.5,not_road
697545.5,4650354.5,not_road
704176.5,4650043.5,not_road
699300.5,4651508.5,not_road
703237.5,4646922.5,not_road
703759.5,4649079.5,not_road
700037.5,4647504.5,not_road
701327.5,4650937.5,not_road
697830.5,4645795.5,not_road
698700.5,4651872.5,not_road
698734.5,4647988.5,not_road
702190.5,4646251.5,not_road
697443.5,4646548.5,not_road
700704.5,4648083.5,not_road
703652.5,4645882.5,not_road
701257.5,4649410.5,not_road
699362.5,4649781.5,not_road
698215.5,4647658.5,not_road
697416.5,4647242.5,not_road
704003.5,4651634.5,not_road
703632.5,4648668.5,not_road
701997.5,4648123.5,not_road
701923.5,4650910.5,not_road
701134.5,4648820.5,not_road
704082.5,4645860.5,not_road
703640.5,4647026.5,not_road
700730.5,4646057.5,not_road
701611.5,4648700.5,not_road
699279.5,4645973.5,not_road
697559.5,4646833.5,not_road
702786.5,4649250.5,not_road
701154.5,4648677.5,not_road
698354.5,4649108.5,not_road
702734.5,4650122.5,not_road
701809.5,4648442.5,not_road
703778.5,4647926.5,not_road
702332.5,4646789.5,not_road
699884.5,4651054.5,not_road
699119.5,4648144.5,not_road
698890.5,4651587.5,not_road
698162.5,4647404.5,not_road
703849.5,4651915.5,not_road
701868.5,4647982.5,not_road
702016.5,4647528.5,not_road
700983.5,4649858.5,not_road
703731.5,4647642.5,not_road
699798.5,4650680.5,not_road
702496.5,4647125.5,not_road
702562.5,4650146.5,not_road
700990.5,4646779.5,not_road
702686.5,4648151.5,not_road
703026.5,4651882.5,not_road
701923.5,4646707.5,not_road
697946.5,4647272.5,not_road
702532.5,4647882.5,not_road
703839.5,4646361.5,not_road
699578.5,4646204.5,not_road
700651.5,4649201.5,not_road
702198.5,4646394.5,not_road
698349.5,4651729.5,not_road
702621.5,4648772.5,not_road
697517.5,4650327.5,not_road
699606.5,4647405.5,not_road
700755.5,4649569.5,not_road
702618.5,4650423.5,not_road
701856.5,4646727.5,not_road
702943.5,4650720.5,not_road
703508.5,4646540.5,not_road
697356.5,4647408.5,not_road
700515.5,4651843.5,not_road
699576.5,4649201.5,not_road
701919.5,4650863.5,not_road
700385.5,4646463.5,not_road
703373.5,4647248.5,not_road
702869.5,4650604.5,not_road
701829.5,4650385.5,not_road
699174.5,4645953.5,not_road
701661.5,4647028.5,not_road
697211.5,4651026.5,not_road
701256.5,4649195.5,not_road
700411.5,4648424.5,not_road
701396.5,4651148.5,not_road
700847.5,4648055.5,not_road
701451.5,4650318.5,not_road
701943.5,4645786.5,not_road
700017.5,4645867.5,not_road
700943.5,4646025.5,not_road
703777.5,4651563.5,not_road
703827.5,4650783.5,not_road
702008.5,4647582.5,not_road
699935.5,4650808.5,not_road
702105.5,4649649.5,not_road
698872.5,4646436.5,not_road
697371.5,4647500.5,not_road
700982.5,4649174.5,not_road
700968.5,4650153.5,not_road
700850.5,4649386.5,not_road
700979.5,4651186.5,not_road
702433.5,4646717.5,not_road
697736.5,4651876.5,not_road
700501.5,4651184.5,not_road
702052.5,4649524.5,not_road
698315.5,4646622.5,not_road
700560.5,4647334.5,not_road
701590.5,4646429.5,not_road
702835.5,4647702.5,not_road
703386.5,4647730.5,not_road
702727.5,4650649.5,not_road
701678.5,4647325.5,not_road
698271.5,4649316.5,not_road
699515.5,4650783.5,not_road
697265.5,4646730.5,not_road
703212.5,4649785.5,not_road
699689.5,4645937.5,not_road
701105.5,4646379.5,not_road
703083.5,4646871.5,not_road
703032.5,4645835.5,not_road
701332.5,4649230.5,not_road
699794.5,4650783.5,not_road
702285.5,4649533.5,not_road
702235.5,4651022.5,not_road
699093.5,4645768.5,not_road
701813.5,4650802.5,not_road
699427.5,4650151.5,not_road
701512.5,4646003.5,not_road
697595.5,4647912.5,not_road
700109.5,4649066.5,not_road
702676.5,4649562.5,not_road
699835.5,4650236.5,not_road
701201.5,4649093.5,not_road
700140.5,4650643.5,not_road
699470.5,4649113.5,not_road
702140.5,4648446.5,not_road
702270.5,4650259.5,not_road
704238.5,4649771.5,not_road
700551.5,4651880.5,not_road
701405.5,4646451.5,not_road
701815.5,4645834.5,not_road
702905.5,4647650.5,not_road
698135.5,4645754.5,not_road
702941.5,4646746.5,not_road
701432.5,4650840.5,not_road
701131.5,4651041.5,not_road
701655.5,4647898.5,not_road
701787.5,4650518.5,not_road
704039.5,4647331.5,not_road
701181.5,4648274.5,not_road
701618.5,4645860.5,not_road
699253.5,4646146.5,not_road
699028.5,4646803.5,not_road
697599.5,4649051.5,not_road
702557.5,4647669.5,not_road
701803.5,4650744.5,not_road
697405.5,4646258.5,not_road
699201.5,4648283.5,not_road
697804.5,4648165.5,not_road
702471.5,4646015.5,not_road
698042.5,4649144.5,not_road
699386.5,4646574.5,not_road
698375.5,4647363.5,not_road
702299.5,4651125.5,not_road
703617.5,4649434.5,not_road
698400.5,4648233.5,not_road
697990.5,4650360.5,not_road
701245.5,4649698.5,not_road
699081.5,4646558.5,not_road
700668.5,4646507.5,not_road
702115.5,4647074.5,not_road
700185.5,4650541.5,not_road
700231.5,4646678.5,not_road
697646.5,4651457.5,not_road
703361.5,4649554.5,not_road
698077.5,4650211.5,not_road
697322.5,4650498.5,not_road
698723.5,4648949.5,not_road
702875.5,4646558.5,not_road
702143.5,4650321.5,not_road
698311.5,4646253.5,not_road
697615.5,4648397.5,not_road
699216.5,4649705.5,not_road
697658.5,4649959.5,not_road
700287.5,4649616.5,not_road
703906.5,4651511.5,not_road
703636.5,4649200.5,not_road
698489.5,4649933.5,not_road
702341.5,4650616.5,not_road
698382.5,4649883.5,not_road
698308.5,4650328.5,not_road
698492.5,4651475.5,not_road
701002.5,4650333.5,not_road
698314.5,4647745.5,not_road
700270.5,4649405.5,not_road
700127.5,4651938.5,not_road
699384.5,4651371.5,not_road
701952.5,4651693.5,not_road
701491.5,4650166.5,not_road
702295.5,4650907.5,not_road
702744.5,4650945.5,not_road
697922.5,4649225.5,not_road
704099.5,4651343.5,not_road
699061.5,4647988.5,not_road
698295.5,4647589.5,not_road
704090.5,4651137.5,not_road
697621.5,4645839.5,not_road
699761.5,4649442.5,not_road
699024.5,4646780.5,not_road
697347.5,4648480.5,not_road
700548.5,4646550.5,not_road
703375.5,4648560.5,not_road
700052.5,4650010.5,not_road
697244.5,4646421.5,not_road
701349.5,4646386.5,not_road
700822.5,4647804.5,not_road
702259.5,4651244.5,not_road
702665.5,4647220.5,not_road
703884.5,4646792.5,not_road
700303.5,4647947.5,not_road
703532.5,4648563.5,not_road
701979.5,4647875.5,not_road
703846.5,4647761.5,not_road
700180.5,4651307.5,not_road
701410.5,4651000.5,not_road
703918.5,4650256.5,not_road
704066.5,4649050.5,not_road
700898.5,4649562.5,not_road
702873.5,4648190.5,not_road
703741.5,4650679.5,not_road
701837.5,4646963.5,not_road
701654.5,4650642.5,not_road
703025.5,4646795.5,not_road
701301.5,4651345.5,not_road
701893.5,4646051.5,not_road
701646.5,4646677.5,not_road
699336.5,4648273.5,not_road
697817.5,4649465.5,not_road
702907.5,4646282.5,not_road
700782.5,4646252.5,not_road
698711.5,4646219.5,not_road
703430.5,4646492.5,not_road
697343.5,4650372.5,not_road
697375.5,4646951.5,not_road
699235.5,4649996.5,not_road
703129.5,4649625.5,not_road
698467.5,4648378.5,not_road
702304.5,4648698.5,not_road
701091.5,4646489.5,not_road
700249.5,4650918.5,not_road
704186.5,4648259.5,not_road
698741.5,4647253.5,not_road
703709.5,4649255.5,not_road
702757.5,4646431.5,not_road
699726.5,4650994.5,not_road
702250.5,4651052.5,not_road
701660.5,4647345.5,not_road
701933.5,4649643.5,not_road
698111.5,4647661.5,not_road
701828.5,4647243.5,not_road
702606.5,4651771.5,not_road
704204.5,4647583.5,not_road
703713.5,4646269.5,not_road
698966.5,4646836.5,not_road
703735.5,4649005.5,not_road
703912.5,4649027.5,not_road
704163.5,4650317.5,not_road
697644.5,4651811.5,not_road
701804.5,4650796.5,not_road
702962.5,4647113.5,not_road
698924.5,4649888.5,not_road
697880.5,4647635.5,not_road
702506.5,4649215.5,not_road
702841.5,4650782.5,not_road
697921.5,4649873.5,not_road
703555.5,4648206.5,not_road
700949.5,4648160.5,not_road
697681.5,4649517.5,not_road
703232.5,4647749.5,not_road
698362.5,4651418.5,not_road
700568.5,4647835.5,not_road
697864.5,4647517.5,not_road
703350.5,4647489.5,not_road
701883.5,4650212.5,not_road
700484.5,4650430.5,not_road
700386.5,4649263.5,not_road
697535.5,4651600.5,not_road
704095.5,4650095.5,not_road
702392.5,4646500.5,not_road
701541.5,4646782.5,not_road
703970.5,4646152.5,not_road
701237.5,4651825.5,not_road
698330.5,4647978.5,not_road
700697.5,4651650.5,not_road
703051.5,4646238.5,not_road
703992.5,4647585.5,not_road
700159.5,4650543.5,not_road
700558.5,4646725.5,not_road
703118.5,4649380.5,not_road
701280.5,4647048.5,not_road
701705.5,4649777.5,not_road
702509.5,4650587.5,not_road
704151.5,4648939.5,not_road
704016.5,4647730.5,not_road
701971.5,4650609.5,not_road
700409.5,4648737.5,not_road
699262.5,4649327.5,not_road
702219.5,4648827.5,not_road
698910.5,4651900.5,not_road
699567.5,4651804.5,not_road
700546.5,4648826.5,not_road
699709.5,4649540.5,not_road
700491.5,4651568.5,not_road
697227.5,4650222.5,not_road
698138.5,4649854.5,not_road
697770.5,4648036.5,not_road
702793.5,4650698.5,not_road
698516.5,4646926.5,not_road
697608.5,4647694.5,not_road
701946.5,4648159.5,not_road
699402.5,4647557.5,not_road
700880.5,4647850.5,not_road
702134.5,4650728.5,not_road
701534.5,4650398.5,not_road
699459.5,4649648.5,not_road
702918.5,4647093.5,not_road
699533.5,4646723.5,not_road
702130.5,4650442.5,not_road
701530.5,4646087.5,not_road
700479.5,4649213.5,not_road
702513.5,4650867.5,not_road
698144.5,4650224.5,not_road
702446.5,4651933.5,not_road
700668.5,4650928.5,not_road
701126.5,4645990.5,not_road
699863.5,4651072.5,not_road
704150.5,4646627.5,not_road
698969.5,4647880.5,not_road
704232.5,4648202.5,not_road
702280.5,4646489.5,not_road
703801.5,4646894.5,not_road
702044.5,4648763.5,not_road
699299.5,4648285.5,not_road
700254.5,4645816.5,not_road
702470.5,4646344.5,not_road
699946.5,4649900.5,not_road
697967.5,4650479.5,not_road
700864.5,4651772.5,not_road
704240.5,4649224.5,not_road
700473.5,4648117.5,not_road
701251.5,4647808.5,not_road
704260.5,4645768.5,not_road
697696.5,4650652.5,not_road
699373.5,4648889.5,not_road
698103.5,4647532.5,not_road
700291.5,4651419.5,not_road
701791.5,4650360.5,not_road
699948.5,4647398.5,not_road
702037.5,4647562.5,not_road
702096.5,4650738.5,not_road
700367.5,4649348.5,not_road
702012.5,4649941.5,not_road
702951.5,4645811.5,not_road
700342.5,4650357.5,not_road
702757.5,4648053.5,not_road
702568.5,4647271.5,not_road
703122.5,4648115.5,not_road
699884.5,4651871.5,not_road
702753.5,4651665.5,not_road
702606.5,4645812.5,not_road
701875.5,4647553.5,not_road
700492.5,4649963.5,not_road
697877.5,4646105.5,not_road
700220.5,4650113.5,not_road
702001.5,4648073.5,not_road
702085.5,4646294.5,not_road
701833.5,4648987.5,not_road
702646.5,4651630.5,not_road
700233.5,4649519.5,not_road
698946.5,4646427.5,not_road
702088.5,4649534.5,not_road
699631.5,4646516.5,not_road
701234.5,4651812.5,not_road
698920.5,4648069.5,not_road
704217.5,4651068.5,not_road
700326.5,4649315.5,not_road
703274.5,4648637.5,not_road
701723.5,4647594.5,not_road
703397.5,4647454.5,not_road
700432.5,4650475.5,not_road
699415.5,4647633.5,not_road
703446.5,4647827.5,not_road
699379.5,4651903.5,not_road
701356.5,4647660.5,not_road
702844.5,4648625.5,not_road
701046.5,4650793.5,not_road
704028.5,4650374.5,not_road
702852.5,4651986.5,not_road
702309.5,4650948.5,not_road
703278.5,4650521.5,not_road
698903.5,4651235.5,not_road
697537.5,4650673.5,not_road
697366.5,4646468.5,not_road
700064.5,4651535.5,not_road
701159.5,4650141.5,not_road
700353.5,4650458.5,not_road
700900.5,4647028.5,not_road
703869.5,4646342.5,not_road
704077.5,4646202.5,not_road
703032.5,4646657.5,not_road
697324.5,4646601.5,not_road
697353.5,4648202.5,not_road
697339.5,4646473.5,not_road
702934.5,4649980.5,not_road
700358.5,4649185.5,not_road
702588.5,4649920.5,not_road
699804.5,4651113.5,not_road
702065.5,4651626.5,not_road
700259.5,4647762.5,not_road
702175.5,4650570.5,not_road
704084.5,4649899.5,not_road
700146.5,4648111.5,not_road
702743.5,4650347.5,not_road
701504.5,4651436.5,not_road
701558.5,4646894.5,not_road
699315.5,4649588.5,not_road
703986.5,4650745.5,not_road
699593.5,4649370.5,not_road
698592.5,4647688.5,not_road
697473.5,4650626.5,not_road
700038.5,4650741.5,not_road
702895.5,4651998.5,not_road
702572.5,4648128.5,not_road
699312.5,4651903.5,not_road
698582.5,4648057.5,not_road
702234.5,4650320.5,not_road
701411.5,4650034.5,not_road
699188.5,4648872.5,not_road
698006.5,4650896.5,not_road
698430.5,4647428.5,not_road
703273.5,4646641.5,not_road
704201.5,4649332.5,not_road
702020.5,4647201.5,not_road
702946.5,4647228.5,not_road
703515.5,4645767.5,not_road
697837.5,4650547.5,not_road
702195.5,4648502.5,not_road
699416.5,4646056.5,not_road
701477.5,4650884.5,not_road
697365.5,4649835.5,not_road
703628.5,4648190.5,not_road
702883.5,4651461.5,not_road
702932.5,4650204.5,not_road
697258.5,4648794.5,not_road
703951.5,4648553.5,not_road
703660.5,4649129.5,not_road
697601.5,4646906.5,not_road
702365.5,4646241.5,not_road
704026.5,4648453.5,not_road
699335.5,4646936.5,not_road
699885.5,4649089.5,not_road
699304.5,4649405.5,not_road
698292.5,4651717.5,not_road
700204.5,4646891.5,not_road
700066.5,4651457.5,not_road
697249.5,4646621.5,not_road
702263.5,4651015.5,not_road
703195.5,4647162.5,not_road
703301.5,4645871.5,not_road
699092.5,4648553.5,not_road
698868.5,4647212.5,not_road
701715.5,4646379.5,not_road
697657.5,4646287.5,not_road
697891.5,4651337.5,not_road
699346.5,4651380.5,not_road
697330.5,4650299.5,not_road
703292.5,4645779.5,not_road
700653.5,4647890.5,not_road
700180.5,4650828.5,not_road
700159.5,4649630.5,not_road
701449.5,4651924.5,not_road
702312.5,4649357.5,not_road
698461.5,4648244.5,not_road
700267.5,4649486.5,not_road
700802.5,4650799.5,not_road
703409.5,4651564.5,not_road
701238.5,4651415.5,not_road
697306.5,4647754.5,not_road
698231.5,4651693.5,not_road
698663.5,4647037.5,not_road
703118.5,4649974.5,not_road
701077.5,4648929.5,not_road
704216.5,4649144.5,not_road
700659.5,4646155.5,not_road
697527.5,4646783.5,not_road
699319.5,4647314.5,not_road
703260.5,4646933.5,not_road
703573.5,4646656.5,not_road
701086.5,4647235.5,not_road
697961.5,4647512.5,not_road
697493.5,4646039.5,not_road
697990.5,4649716.5,not_road
698346.5,4651582.5,not_road
699158.5,4648888.5,not_road
701748.5,4649599.5,not_road
702177.5,4651745.5,not_road
698074.5,4646064.5,not_road
703205.5,4645891.5,not_road
700954.5,4649097.5,not_road
700656.5,4647428.5,not_road
704062.5,4646076.5,not_road
700787.5,4649026.5,not_road
700880.5,4650844.5,not_road
697946.5,4651289.5,not_road
700425.5,4651623.5,not_road
702255.5,4651588.5,not_road
702888.5,4646403.5,not_road
703527.5,4647602.5,not_road
700922.5,4649429.5,not_road
701165.5,4645995.5,not_road
703146.5,4648823.5,not_road
697285.5,4646148.5,not_road
700628.5,4647478.5,not_road
703187.5,4650628.5,not_road
697946.5,4647638.5,not_road
698377.5,4645948.5,not_road
698844.5,4649550.5,not_road
698751.5,4649521.5,not_road
701229.5,4650453.5,not_road
700150.5,4646136.5,not_road
702052.5,4650539.5,not_road
701405.5,4646959.5,not_road
701167.5,4647885.5,not_road
702840.5,4649081.5,not_road
701039.5,4647689.5,not_road
700614.5,4646461.5,not_road
702531.5,4651682.5,not_road
699740.5,4651725.5,not_road
702627.5,4648497.5,not_road
699738.5,4651045.5,not_road
704163.5,4646853.5,not_road
700991.5,4648214.5,not_road
702301.5,4647976.5,not_road
701883.5,4647116.5,not_road
700031.5,4650462.5,not_road
702662.5,4649000.5,not_road
698812.5,4649457.5,not_road
701593.5,4647984.5,not_road
704188.5,4648209.5,not_road
699021.5,4651879.5,not_road
697898.5,4650726.5,not_road
702188.5,4650460.5,not_road
703516.5,4649616.5,not_road
700064.5,4645764.5,not_road
698697.5,4649049.5,not_road
703779.5,4649932.5,not_road
697309.5,4646700.5,not_road
702382.5,4646083.5,not_road
698035.5,4650164.5,not_road
700759.5,4651159.5,not_road
701736.5,4650609.5,not_road
703693.5,4648674.5,not_road
699900.5,4651984.5,not_road
697367.5,4647495.5,not_road
699502.5,4650640.5,not_road
702073.5,4648807.5,not_road
698690.5,4649990.5,not_road
697350.5,4650483.5,not_road
702180.5,4649254.5,not_road
697837.5,4647735.5,not_road
703258.5,4649205.5,not_road
698244.5,4647616.5,not_road
700573.5,4647305.5,not_road
700734.5,4649036.5,not_road
701495.5,4648251.5,not_road
699566.5,4651794.5,not_road
697470.5,4650913.5,not_road
702961.5,4650331.5,not_road
702106.5,4648403.5,not_road
704201.5,4645987.5,not_road
702571.5,4651198.5,not_road
700407.5,4651828.5,not_road
698539.5,4647970.5,not_road
701057.5,4646490.5,not_road
698548.5,4649022.5,not_road
701197.5,4647159.5,not_road
699226.5,4647581.5,not_road
702574.5,4651823.5,not_road
699989.5,4649921.5,not_road
702312.5,4647542.5,not_road
700138.5,4649686.5,not_road
703006.5,4648330.5,not_road
698385.5,4648770.5,not_road
703789.5,4647939.5,not_road
699750.5,4646314.5,not_road
700022.5,4646599.5,not_road
697628.5,4649947.5,not_road
702263.5,4649181.5,not_road
699200.5,4651463.5,not_road
698917.5,4646984.5,not_road
701856.5,4651760.5,not_road
699196.5,4649201.5,not_road
703643.5,4646490.5,not_road
697247.5,4646197.5,not_road
700656.5,4646016.5,not_road
702168.5,4651252.5,not_road
697471.5,4647509.5,not_road
698834.5,4648272.5,not_road
704112.5,4646964.5,not_road
703940.5,4646719.5,not_road
700479.5,4649271.5,not_road
698964.5,4648252.5,not_road
702604.5,4647379.5,not_road
697552.5,4651051.5,not_road
701453.5,4648171.5,not_road
703944.5,4649464.5,not_road
699976.5,4649711.5,not_road
702930.5,4649083.5,not_road
698673.5,4651896.5,not_road
701938.5,4648184.5,not_road
700429.5,4645964.5,not_road
701364.5,4649018.5,not_road
703195.5,4649129.5,not_road
701779.5,4649115.5,not_road
699995.5,4651157.5,not_road
702135.5,4648623.5,not_road
700455.5,4646469.5,not_road
701732.5,4646516.5,not_road
701826.5,4645842.5,not_road
698954.5,4650954.5,not_road
697362.5,4646899.5,not_road
702146.5,4648861.5,not_road
703641.5,4650414.5,not_road
702259.5,4650809.5,not_road
699958.5,4649113.5,not_road
701397.5,4648718.5,not_road
701542.5,4648531.5,not_road
700254.5,4651405.5,not_road
704087.5,4646509.5,not_road
702801.5,4650804.5,not_road
697728.5,4645954.5,not_road
699276.5,4646005.5,not_road
697237.5,4646310.5,not_road
700054.5,4650143.5,not_road
701417.5,4649862.5,not_road
703042.5,4647133.5,not_road
702003.5,4648340.5,not_road
700503.5,4645862.5,not_road
698271.5,4651225.5,not_road
701710.5,4648297.5,not_road
703197.5,4648757.5,not_road
700300.5,4651557.5,not_road
699874.5,4649304.5,not_road
699583.5,4651304.5,not_road
697938.5,4647262.5,not_road
702279.5,4651237.5,not_road
698404.5,4645908.5,not_road
700094.5,4650116.5,not_road
704094.5,4649259.5,not_road
698357.5,4650064.5,not_road
700643.5,4649893.5,not_road
700252.5,4647593.5,not_road
697475.5,4651524.5,not_road
701015.5,4651059.5,not_road
699395.5,4651305.5,not_road
702233.5,4645842.5,not_road
701348.5,4647897.5,not_road
699924.5,4646124.5,not_road
697771.5,4647795.5,not_road
702143.5,4647678.5,not_road
697226.5,4646461.5,not_road
700617.5,4647499.5,not_road
700449.5,4649146.5,not_road
697452.5,4647856.5,not_road
701681.5,4649537.5,not_road
697799.5,4651130.5,not_road
697526.5,4647366.5,not_road
702636.5,4651807.5,not_road
700894.5,4651490.5,not_road
704116.5,4650461.5,not_road
701746.5,4650676.5,not_road
702290.5,4647249.5,not_road
697219.5,4647365.5,not_road
697483.5,4650552.5,not_road
701230.5,4650796.5,not_road
699145.5,4649838.5,not_road
703325.5,4648682.5,not_road
697535.5,4647536.5,not_road
697514.5,4650373.5,not_road
697482.5,4647645.5,not_road
701412.5,4649304.5,not_road
702950.5,4651514.5,not_road
699476.5,4646786.5,not_road
698217.5,4647870.5,not_road
697947.5,4650234.5,not_road
703372.5,4649217.5,not_road
703603.5,4647930.5,not_road
699410.5,4650290.5,not_road
703226.5,4651518.5,not_road
703213.5,4646968.5,not_road
698607.5,4651477.5,not_road
703603.5,4647893.5,not_road
702386.5,4648259.5,not_road
698975.5,4649250.5,not_road
700991.5,4650951.5,not_road
703396.5,4646567.5,not_road
702502.5,4649574.5,not_road
703658.5,4647672.5,not_road
699726.5,4646726.5,not_road
697215.5,4645871.5,not_road
703473.5,4647847.5,not_road
700652.5,4645918.5,not_road
701713.5,4646375.5,not_road
701365.5,4651795.5,not_road
697228.5,4648559.5,not_road
697509.5,4650039.5,not_road
700947.5,4647562.5,not_road
700501.5,4651217.5,not_road
703275.5,4646734.5,not_road
701345.5,4645945.5,not_road
703237.5,4651434.5,not_road
702726.5,4647292.5,not_road
703514.5,4649036.5,not_road
697978.5,4645807.5,not_road
700861.5,4648214.5,not_road
701245.5,4646065.5,not_road
697934.5,4651638.5,not_road
700320.5,4648220.5,not_road
702804.5,4651650.5,not_road
702836.5,4646733.5,not_road
701628.5,4646148.5,not_road
701159.5,4648602.5,not_road
699097.5,4649674.5,not_road
697412.5,4646721.5,not_road
701157.5,4649067.5,not_road
699251.5,4649991.5,not_road
699392.5,4646300.5,not_road
699102.5,4647126.5,not_road
700502.5,4649428.5,not_road
697856.5,4651734.5,not_road
701750.5,4646785.5,not_road
699566.5,4650615.5,not_road
702997.5,4649366.5,not_road
700450.5,4651717.5,not_road
697491.5,4649889.5,not_road
700408.5,4650267.5,not_road
702281.5,4651561.5,not_road
699507.5,4650665.5,not_road
698887.5,4650896.5,not_road
701670.5,4649303.5,not_road
701841.5,4651032.5,not_road
702305.5,4650990.5,not_road
702754.5,4650391.5,not_road
702260.5,4646825.5,not_road
698311.5,4645909.5,not_road
704128.5,4649649.5,not_road
703338.5,4651657.5,not_road
703209.5,4650867.5,not_road
699415.5,4651976.5,not_road
701329.5,4649738.5,not_road
702146.5,4646174.5,not_road
703448.5,4645901.5,not_road
697321.5,4651538.5,not_road
703330.5,4649998.5,not_road
701438.5,4647748.5,not_road
702963.5,4647314.5,not_road
703294.5,4648946.5,not_road
701943.5,4650761.5,not_road
702118.5,4648688.5,not_road
697784.5,4650460.5,not_road
702628.5,4650918.5,not_road
703471.5,4647689.5,not_road
703459.5,4651046.5,not_road
702079.5,4651887.5,not_road
703653.5,4649066.5,not_road
701624.5,4646594.5,not_road
702385.5,4649710.5,not_road
700468.5,4650826.5,not_road
702842.5,4650527.5,not_road
700298.5,4650959.5,not_road
700312.5,4650697.5,not_road
703014.5,4648206.5,not_road
701738.5,4647907.5,not_road
698864.5,4649995.5,not_road
701152.5,4649570.5,not_road
697293.5,4650011.5,not_road
700256.5,4650983.5,not_road
700471.5,4649912.5,not_road
702905.5,4650005.5,not_road
702896.5,4649103.5,not_road
704092.5,4646749.5,not_road
701753.5,4646309.5,not_road
700015.5,4650512.5,not_road
697826.5,4648635.5,not_road
700378.5,4651251.5,not_road
697433.5,4646749.5,not_road
697570.5,4649901.5,not_road
698437.5,4647994.5,not_road
701450.5,4646373.5,not_road
701646.5,4648486.5,not_road
700717.5,4646315.5,not_road
699371.5,4648939.5,not_road
698592.5,4646090.5,not_road
698946.5,4647746.5,not_road
698156.5,4648078.5,not_road
703394.5,4648927.5,not_road
701488.5,4645905.5,not_road
697279.5,4647462.5,not_road
702224.5,4648375.5,not_road
703029.5,4650862.5,not_road
702241.5,4651423.5,not_road
702942.5,4646542.5,not_road
702189.5,4647709.5,not_road
699258.5,4649529.5,not_road
700873.5,4646730.5,not_road
700305.5,4650263.5,not_road
703547.5,4651289.5,not_road
699171.5,4648384.5,not_road
700302.5,4647515.5,not_road
701786.5,4651363.5,not_road
701043.5,4650220.5,not_road
702017.5,4647269.5,not_road
698405.5,4647838.5,not_road
702460.5,4647828.5,not_road
701740.5,4650182.5,not_road
697784.5,4651823.5,not_road
704145.5,4646606.5,not_road
700308.5,4651239.5,not_road
701494.5,4648982.5,not_road
699187.5,4651643.5,not_road
701076.5,4647530.5,not_road
702040.5,4651575.5,not_road
697733.5,4651270.5,not_road
701356.5,4650572.5,not_road
697280.5,4649745.5,not_road
701877.5,4648188.5,not_road
703141.5,4646905.5,not_road
702267.5,4651510.5,not_road
703839.5,4651380.5,not_road
700101.5,4650528.5,not_road
698286.5,4651860.5,not_road
701353.5,4650380.5,not_road
698942.5,4648109.5,not_road
703954.5,4647788.5,not_road
698138.5,4649440.5,not_road
701592.5,4650019.5,not_road
704272.5,4649239.5,not_road
704181.5,4646870.5,not_road
702550.5,4646256.5,not_road
703818.5,4649585.5,not_road
701630.5,4645954.5,not_road
700823.5,4650071.5,not_road
699188.5,4649099.5,not_road
699361.5,4651979.5,not_road
697890.5,4651780.5,not_road
698135.5,4651059.5,not_road
702952.5,4648278.5,not_road
699410.5,4650971.5,not_road
697885.5,4646029.5,not_road
698592.5,4649939.5,not_road
697339.5,4651490.5,not_road
697611.5,4648781.5,not_road
700341.5,4649522.5,not_road
698350.5,4649457.5,not_road
697611.5,4650321.5,not_road
698040.5,4649526.5,not_road
702549.5,4650307.5,not_road
701760.5,4650799.5,not_road
702621.5,4650510.5,not_road
703700.5,4651257.5,not_road
703900.5,4651355.5,not_road
701610.5,4650200.5,not_road
702901.5,4648537.5,not_road
703060.5,4651503.5,not_road
703934.5,4649212.5,not_road
697295.5,4647866.5,not_road
701835.5,4647544.5,not_road
700195.5,4649061.5,not_road
700964.5,4648000.5,not_road
703810.5,4648504.5,not_road
700141.5,4646045.5,not_road
701853.5,4646694.5,not_road
699568.5,4649877.5,not_road
702997.5,4651673.5,not_road
697314.5,4646484.5,not_road
700125.5,4651998.5,not_road
702241.5,4649595.5,not_road
702770.5,4650497.5,not_road
703610.5,4651876.5,not_road
702401.5,4646968.5,not_road
703867.5,4648140.5,not_road
703889.5,4649520.5,not_road
697924.5,4651998.5,not_road
702814.5,4649211.5,not_road
702681.5,4648535.5,not_road
700801.5,4648054.5,not_road
703221.5,4649597.5,not_road
701159.5,4651307.5,not_road
703494.5,4648676.5,not_road
698900.5,4651406.5,not_road
701375.5,4650594.5,not_road
698706.5,4649533.5,not_road
701435.5,4648105.5,not_road
700285.5,4650963.5,not_road
701484.5,4645923.5,not_road
701358.5,4651185.5,not_road
699259.5,4645753.5,not_road
701005.5,4649721.5,not_road
700446.5,4650370.5,not_road
702348.5,4647573.5,not_road
700790.5,4651085.5,not_road
698405.5,4648102.5,not_road
702825.5,4648758.5,not_road
702944.5,4646791.5,not_road
704050.5,4649241.5,not_road
698325.5,4650539.5,not_road
697574.5,4649628.5,not_road
703079.5,4651271.5,not_road
702859.5,4647197.5,not_road
697323.5,4651107.5,not_road
700651.5,4647564.5,not_road
699946.5,4649609.5,not_road
701779.5,4648488.5,not_road
703541.5,4649466.5,not_road
701044.5,4648115.5,not_road
704224.5,4647254.5,not_road
702911.5,4648363.5,not_road
701066.5,4648649.5,not_road
697331.5,4649151.5,not_road
700651.5,4651386.5,not_road
701107.5,4646083.5,not_road
700630.5,4650480.5,not_road
704080.5,4645878.5,not_road
701817.5,4648270.5,not_road
700197.5,4646626.5,not_road
703278.5,4651787.5,not_road
700213.5,4651345.5,not_road
698147.5,4651201.5,not_road
700797.5,4649177.5,not_road
699311.5,4651849.5,not_road
704274.5,4647115.5,not_road
703887.5,4646420.5,not_road
702673.5,4650273.5,not_road
701456.5,4648207.5,not_road
703066.5,4646575.5,not_road
701529.5,4651654.5,not_road
703440.5,4648789.5,not_road
703517.5,4650727.5,not_road
699655.5,4648894.5,not_road
699671.5,4649498.5,not_road
698296.5,4649532.5,not_road
701573.5,4651561.5,not_road
703403.5,4646399.5,not_road
698995.5,4649347.5,not_road
701369.5,4646359.5,not_road
699959.5,4650561.5,not_road
701209.5,4646716.5,not_road
697735.5,4646613.5,not_road
700627.5,4647154.5,not_road
699186.5,4650007.5,not_road
699962.5,4649620.5,not_road
699358.5,4645947.5,not_road
699318.5,4646987.5,not_road
699214.5,4649421.5,not_road
700138.5,4648502.5,not_road
699250.5,4651686.5,not_road
698131.5,4650696.5,not_road
702157.5,4651859.5,not_road
700824.5,4647727.5,not_road
701964.5,4650753.5,not_road
701483.5,4647346.5,not_road
701622.5,4650448.5,not_road
704289.5,4646488.5,not_road
704155.5,4648106.5,not_road
701783.5,4649040.5,not_road
700011.5,4650863.5,not_road
702926.5,4650318.5,not_road
700020.5,4649952.5,not_road
697769.5,4648505.5,not_road
704053.5,4649022.5,not_road
698812.5,4648039.5,not_road
702854.5,4647060.5,not_road
697324.5,4651753.5,not_road
704043.5,4646825.5,not_road
700747.5,4650288.5,not_road
702519.5,4651286.5,not_road
697289.5,4650076.5,not_road
702054.5,4647206.5,not_road
697665.5,4646507.5,not_road
698018.5,4647266.5,not_road
701788.5,4651679.5,not_road
699413.5,4651359.5,not_road
701809.5,4649830.5,not_road
700593.5,4651934.5,not_road
697876.5,4650784.5,not_road
699848.5,4650385.5,not_road
701608.5,4647655.5,not_road
701303.5,4651826.5,not_road
703366.5,4651641.5,not_road
703457.5,4647484.5,not_road
701293.5,4646604.5,not_road
701495.5,4647995.5,not_road
700931.5,4647650.5,not_road
698036.5,4645931.5,not_road
704239.5,4650643.5,not_road
700702.5,4647384.5,not_road
699161.5,4646276.5,not_road
700422.5,4650168.5,not_road
702817.5,4651785.5,not_road
702690.5,4647072.5,not_road
700256.5,4651163.5,not_road
702340.5,4651531.5,not_road
703296.5,4648317.5,not_road
697494.5,4649149.5,not_road
701231.5,4647444.5,not_road
697287.5,4648839.5,not_road
700708.5,4650833.5,not_road
699182.5,4646396.5,not_road
699594.5,4649255.5,not_road
704096.5,4646771.5,not_road
699053.5,4648003.5,not_road
703931.5,4650300.5,not_road
697349.5,4651677.5,not_road
699575.5,4651601.5,not_road
703738.5,4649312.5,not_road
697762.5,4649048.5,not_road
698200.5,4649654.5,not_road
701012.5,4646689.5,not_road
699447.5,4645778.5,not_road
699861.5,4651437.5,not_road
703322.5,4647745.5,not_road
699624.5,4647418.5,not_road
700027.5,4649468.5,not_road
698882.5,4649565.5,not_road
697519.5,4649719.5,not_road
701126.5,4649464.5,not_road
700155.5,4647202.5,not_road
697580.5,4646401.5,not_road
702378.5,4651401.5,not_road
701640.5,4651141.5,not_road
698330.5,4646893.5,not_road
700671.5,4651187.5,not_road
703468.5,4651586.5,not_road
699575.5,4649279.5,not_road
703585.5,4651766.5,not_road
697281.5,4647560.5,not_road
701055.5,4648483.5,not_road
702083.5,4649513.5,not_road
697856.5,4651105.5,not_road
697735.5,4648027.5,not_road
698734.5,4649394.5,not_road
698365.5,4649377.5,not_road
700369.5,4651678.5,not_road
702586.5,4651455.5,not_road
702562.5,4650065.5,not_road
697790.5,4649256.5,not_road
704067.5,4646843.5,not_road
699926.5,4651375.5,not_road
700795.5,4650727.5,not_road
698855.5,4649657.5,not_road
698388.5,4648869.5,not_road
698625.5,4651176.5,not_road
698464.5,4645881.5,not_road
700726.5,4650220.5,not_road
701019.5,4646828.5,not_road
701175.5,4647172.5,not_road
697842.5,4646362.5,not_road
703162.5,4646362.5,not_road
698358.5,4647781.5,not_road
703981.5,4648318.5,not_road
703410.5,4648363.5,not_road
701914.5,4650687.5,not_road
701572.5,4648242.5,not_road
702511.5,4649093.5,not_road
703381.5,4647152.5,not_road
697985.5,4649746.5,not_road
699082.5,4648679.5,not_road
699156.5,4650508.5,not_road
699235.5,4649736.5,not_road
697313.5,4651591.5,not_road
701327.5,4649692.5,not_road
704233.5,4647763.5,not_road
697234.5,4647188.5,not_road
698265.5,4648388.5,not_road
702338.5,4646979.5,not_road
704272.5,4650975.5,not_road
699417.5,4651421.5,not_road
697837.5,4646911.5,not_road
703210.5,4646513.5,not_road
704191.5,4651740.5,not_road
701030.5,4646180.5,not_road
699411.5,4649194.5,not_road
700664.5,4647926.5,not_road
700043.5,4649693.5,not_road
702972.5,4649900.5,not_road
699998.5,4649421.5,not_road
698723.5,4647028.5,not_road
699684.5,4646843.5,not_road
700680.5,4650651.5,not_road
702140.5,4651957.5,not_road
704173.5,4651900.5,not_road
697594.5,4648726.5,not_road
697382.5,4650143.5,not_road
697469.5,4651180.5,not_road
704051.5,4649490.5,not_road
699280.5,4645933.5,not_road
700987.5,4649191.5,not_road
700115.5,4651726.5,not_road
702591.5,4645855.5,not_road
703368.5,4651671.5,not_road
701754.5,4647764.5,not_road
702403.5,4647188.5,not_road
701027.5,4651381.5,not_road
698063.5,4649722.5,not_road
698197.5,4647383.5,not_road
702131.5,4646582.5,not_road
702870.5,4648669.5,not_road
699349.5,4650156.5,not_road
698937.5,4647706.5,not_road
701845.5,4649900.5,not_road
701513.5,4647389.5,not_road
702520.5,4651908.5,not_road
698539.5,4645803.5,not_road
699109.5,4650342.5,not_road
698846.5,4651259.5,not_road
701638.5,4645773.5,not_road
703094.5,4646155.5,not_road
702490.5,4649019.5,not_road
702013.5,4647208.5,not_road
704099.5,4650744.5,not_road
702414.5,4646168.5,not_road
702049.5,4649664.5,not_road
703184.5,4648286.5,not_road
701722.5,4649723.5,not_road
699562.5,4651347.5,not_road
701459.5,4646404.5,not_road
698876.5,4645755.5,not_road
703696.5,4651583.5,not_road
697466.5,4649316.5,not_road
701328.5,4647532.5,not_road
698959.5,4649853.5,not_road
697582.5,4648888.5,not_road
700050.5,4650889.5,not_road
700583.5,4646908.5,not_road
699617.5,4651709.5,not_road
701349.5,4650921.5,not_road
702105.5,4646419.5,not_road
700813.5,4648753.5,not_road
702934.5,4651948.5,not_road
697729.5,4646986.5,not_road
703570.5,4649019.5,not_road
700876.5,4651304.5,not_road
703400.5,4651240.5,not_road
702844.5,4651531.5,not_road
704201.5,4648691.5,not_road
697844.5,4647761.5,not_road
698557.5,4651442.5,not_road
699725.5,4648397.5,not_road
701249.5,4646455.5,not_road
701378.5,4646332.5,not_road
700093.5,4650852.5,not_road
703875.5,4650324.5,not_road
702358.5,4647823.5,not_road
697379.5,4647253.5,not_road
702099.5,4647915.5,not_road
697728.5,4649994.5,not_road
704188.5,4646208.5,not_road
698981.5,4647925.5,not_road
697297.5,4647999.5,not_road
697708.5,4651751.5,not_road
699131.5,4650411.5,not_road
704010.5,4646146.5,not_road
700610.5,4649958.5,not_road
703072.5,4650553.5,not_road
697627.5,4649209.5,not_road
698267.5,4649692.5,not_road
702469.5,4651152.5,not_road
702893.5,4651303.5,not_road
702066.5,4650150.5,not_road
697662.5,4648435.5,not_road
701444.5,4651850.5,not_road
698932.5,4647474.5,not_road
703585.5,4650391.5,not_road
702054.5,4647595.5,not_road
698218.5,4647902.5,not_road
700076.5,4648940.5,not_road
701782.5,4650082.5,not_road
702477.5,4650794.5,not_road
697757.5,4651935.5,not_road
701304.5,4648556.5,not_road
703851.5,4648670.5,not_road
700836.5,4651265.5,not_road
704158.5,4650548.5,not_road
703068.5,4649242.5,not_road
702690.5,4649056.5,not_road
700162.5,4646004.5,not_road
701779.5,4648121.5,not_road
703099.5,4650736.5,not_road
700619.5,4650049.5,not_road
697421.5,4646911.5,not_road
700338.5,4651213.5,not_road
697793.5,4649462.5,not_road
704245.5,4646379.5,not_road
699762.5,4649441.5,not_road
701608.5,4650966.5,not_road
703255.5,4650520.5,not_road
699620.5,4649256.5,not_road
700624.5,4649479.5,not_road
701929.5,4645865.5,not_road
699674.5,4646044.5,not_road
702351.5,4646874.5,not_road
704186.5,4648279.5,not_road
697782.5,4649663.5,not_road
700517.5,4648356.5,not_road
697839.5,4646855.5,not_road
698195.5,4651557.5,not_road
702601.5,4648270.5,not_road
704067.5,4647257.5,not_road
700995.5,4649573.5,not_road
700005.5,4651417.5,not_road
700434.5,4645916.5,not_road
700483.5,4649660.5,not_road
697874.5,4648013.5,not_road
702363.5,4649567.5,not_road
702387.5,4647468.5,not_road
703062.5,4647260.5,not_road
703775.5,4650920.5,not_road
698734.5,4651179.5,not_road
702005.5,4650098.5,not_road
698066.5,4651462.5,not_road
703822.5,4646515.5,not_road
702458.5,4646039.5,not_road
700515.5,4651248.5,not_road
702355.5,4650179.5,not_road
698645.5,4646043.5,not_road
702755.5,4648264.5,not_road
699566.5,4649328.5,not_road
700295.5,4651001.5,not_road
702696.5,4649853.5,not_road
703842.5,4648783.5,not_road
701739.5,4647935.5,not_road
699101.5,4649229.5,not_road
703071.5,4650674.5,not_road
703041.5,4649059.5,not_road
702793.5,4648254.5,not_road
702596.5,4649350.5,not_road
697229.5,4646606.5,not_road
698800.5,4647613.5,not_road
697782.5,4646402.5,not_road
697841.5,4649016.5,not_road
700190.5,4650959.5,not_road
703603.5,4646165.5,not_road
698228.5,4649284.5,not_road
700619.5,4646859.5,not_road
701189.5,4651448.5,not_road
698051.5,4647536.5,not_road
698998.5,4649203.5,not_road
698266.5,4646448.5,not_road
701024.5,4648910.5,not_road
700765.5,4651180.5,not_road
703977.5,4647097.5,not_road
698222.5,4647597.5,not_road
700159.5,4651119.5,not_road
701119.5,4649519.5,not_road
700842.5,4647121.5,not_road
703808.5,4651810.5,not_road
698403.5,4649885.5,not_road
702473.5,4646162.5,not_road
701525.5,4646773.5,not_road
702827.5,4651661.5,not_road
703952.5,4646782.5,not_road
703639.5,4651739.5,not_road
697226.5,4649608.5,not_road
700960.5,4647210.5,not_road
702617.5,4648464.5,not_road
703589.5,4651252.5,not_road
698217.5,4647794.5,not_road
699648.5,4648996.5,not_road
698828.5,4645812.5,not_road
697983.5,4651538.5,not_road
700940.5,4647779.5,not_road
701538.5,4648777.5,not_road
701355.5,4648587.5,not_road
701373.5,4645790.5,not_road
702160.5,4649531.5,not_road
702514.5,4649311.5,not_road
699792.5,4649843.5,not_road
700653.5,4651934.5,not_road
704119.5,4650297.5,not_road
703304.5,4648683.5,not_road
701390.5,4645864.5,not_road
700483.5,4646073.5,not_road
701732.5,4647583.5,not_road
702817.5,4648205.5,not_road
700497.5,4650154.5,not_road
700117.5,4650226.5,not_road
701247.5,4648897.5,not_road
702753.5,4645792.5,not_road
702856.5,4647307.5,not_road
701027.5,4649499.5,not_road
700763.5,4648401.5,not_road
698034.5,4650576.5,not_road
702228.5,4651413.5,not_road
703621.5,4648544.5,not_road
702323.5,4646727.5,not_road
698098.5,4651302.5,not_road
702050.5,4648162.5,not_road
699545.5,4647545.5,not_road
701883.5,4649218.5,not_road
701225.5,4647678.5,not_road
699437.5,4651394.5,not_road
697948.5,4645923.5,not_road
702733.5,4646265.5,not_road
700065.5,4651144.5,not_road
703104.5,4648359.5,not_road
697669.5,4646309.5,not_road
701104.5,4651267.5,not_road
700973.5,4647017.5,not_road
698881.5,4649128.5,not_road
700627.5,4650418.5,not_road
701641.5,4645844.5,not_road
703791.5,4649004.5,not_road
702912.5,4648061.5,not_road
701557.5,4648329.5,not_road
697922.5,4647443.5,not_road
702034.5,4651327.5,not_road
702748.5,4648214.5,not_road
703997.5,4646768.5,not_road
701525.5,4647251.5,not_road
698110.5,4650970.5,not_road
700977.5,4648933.5,not_road
701161.5,4651387.5,not_road
698225.5,4649264.5,not_road
703938.5,4650258.5,not_road
699000.5,4646356.5,not_road
697326.5,4649708.5,not_road
700707.5,4648506.5,not_road
701223.5,4648017.5,not_road
697267.5,4649347.5,not_road
704266.5,4651201.5,not_road
700616.5,4645894.5,not_road
699167.5,4650390.5,not_road
699302.5,4649796.5,not_road
697647.5,4647459.5,not_road
697212.5,4651520.5,not_road
700973.5,4650537.5,not_road
702096.5,4646319.5,not_road
698623.5,4647267.5,not_road
702044.5,4648419.5,not_road
698623.5,4647304.5,not_road
702366.5,4649867.5,not_road
703883.5,4646824.5,not_road
703918.5,4646977.5,not_road
700298.5,4648970.5,not_road
697642.5,4647548.5,not_road
701081.5,4650611.5,not_road
697653.5,4650292.5,not_road
697928.5,4648050.5,not_road
700088.5,4651739.5,not_road
703956.5,4646311.5,not_road
701365.5,4650063.5,not_road
697283.5,4650338.5,not_road
699292.5,4651873.5,not_road
703679.5,4649796.5,not_road
701907.5,4650843.5,not_road
703788.5,4646455.5,not_road
701772.5,4646169.5,not_road
702605.5,4650688.5,not_road
700647.5,4651962.5,not_road
700902.5,4650586.5,not_road
700227.5,4651663.5,not_road
699462.5,4647566.5,not_road
697871.5,4651385.5,not_road
699213.5,4650681.5,not_road
702596.5,4646425.5,not_road
701053.5,4647371.5,not_road
697475.5,4649604.5,not_road
699576.5,4651135.5,not_road
697654.5,4647677.5,not_road
703367.5,4650105.5,not_road
701636.5,4647588.5,not_road
703689.5,4646861.5,not_road
703401.5,4649287.5,not_road
703244.5,4651136.5,not_road
703585.5,4647422.5,not_road
702258.5,4646615.5,not_road
698766.5,4649117.5,not_road
700704.5,4649435.5,not_road
702986.5,4648613.5,not_road
697290.5,4646495.5,not_road
703807.5,4650007.5,not_road
698562.5,4651987.5,not_road
700524.5,4651814.5,not_road
700481.5,4648291.5,not_road
698962.5,4645962.5,not_road
701281.5,4650339.5,not_road
697639.5,4650318.5,not_road
700969.5,4650280.5,not_road
704251.5,4650066.5,not_road
703695.5,4646507.5,not_road
700638.5,4646184.5,not_road
700733.5,4649738.5,not_road
698966.5,4649082.5,not_road
699769.5,4651360.5,not_road
701017.5,4650702.5,not_road
701125.5,4651764.5,not_road
702179.5,4648696.5,not_road
702319.5,4651640.5,not_road
701551.5,4648991.5,not_road
698455.5,4649819.5,not_road
701691.5,4651180.5,not_road
702258.5,4646608.5,not_road
697852.5,4650251.5,not_road
700632.5,4648493.5,not_road
702322.5,4645836.5,not_road
702689.5,4649677.5,not_road
702776.5,4648848.5,not_road
700877.5,4651662.5,not_road
702878.5,4651892.5,not_road
700664.5,4651782.5,not_road
699931.5,4651724.5,not_road
703402.5,4650596.5,not_road
701759.5,4646400.5,not_road
702380.5,4646282.5,not_road
700693.5,4649922.5,not_road
697894.5,4650936.5,not_road
702301.5,4647949.5,not_road
701437.5,4648436.5,not_road
700123.5,4648886.5,not_road
704153.5,4647436.5,not_road
697252.5,4646853.5,not_road
702189.5,4651713.5,not_road
703151.5,4649398.5,not_road
702039.5,4651770.5,not_road
703966.5,4651120.5,not_road
704141.5,4649455.5,not_road
697607.5,4649217.5,not_road
700089.5,4651898.5,not_road
703477.5,4651492.5,not_road
697837.5,4651474.5,not_road
697901.5,4647983.5,not_road
698609.5,4649979.5,not_road
703658.5,4649259.5,not_road
700919.5,4649100.5,not_road
698724.5,4651465.5,not_road
701346.5,4646522.5,not_road
701463.5,4650870.5,not_road
701724.5,4649696.5,not_road
701271.5,4649099.5,not_road
703594.5,4646480.5,not_road
703041.5,4646077.5,not_road
697714.5,4647594.5,not_road
702207.5,4648770.5,not_road
703641.5,4649349.5,not_road
697452.5,4649776.5,not_road
701556.5,4647800.5,not_road
702610.5,4650535.5,not_road
704243.5,4650477.5,not_road
702056.5,4648077.5,not_road
702726.5,4650391.5,not_road
697623.5,4649116.5,not_road
701913.5,4646531.5,not_road
697410.5,4651085.5,not_road
700560.5,4650726.5,not_road
697625.5,4645929.5,not_road
697208.5,4649587.5,not_road
701653.5,4649008.5,not_road
703035.5,4647345.5,not_road
701380.5,4645835.5,not_road
699736.5,4649937.5,not_road
701253.5,4648893.5,not_road
697606.5,4649712.5,not_road
700656.5,4646548.5,not_road
702448.5,4646317.5,not_road
698780.5,4651600.5,not_road
704197.5,4650709.5,not_road
698513.5,4648070.5,not_road
702425.5,4650492.5,not_road
700071.5,4651073.5,not_road
699641.5,4650279.5,not_road
703003.5,4648153.5,not_road
699624.5,4649933.5,not_road
701787.5,4651032.5,not_road
699358.5,4646487.5,not_road
700652.5,4651966.5,not_road
702048.5,4649992.5,not_road
702580.5,4651677.5,not_road
702327.5,4645768.5,not_road
701076.5,4648690.5,not_road
699178.5,4646866.5,not_road
698208.5,4649426.5,not_road
699974.5,4646708.5,not_road
702662.5,4648409.5,not_road
699480.5,4650589.5,not_road
699930.5,4651919.5,not_road
698444.5,4645810.5,not_road
701859.5,4647296.5,not_road
702596.5,4646465.5,not_road
702888.5,4646832.5,not_road
698247.5,4648114.5,not_road
702279.5,4650596.5,not_road
698240.5,4649496.5,not_road
704030.5,4650712.5,not_road
704140.5,4646406.5,not_road
703884.5,4650477.5,not_road
701823.5,4646996.5,not_road
704038.5,4651139.5,not_road
701450.5,4649538.5,not_road
702757.5,4649367.5,not_road
699809.5,4647431.5,not_road
699821.5,4648856.5,not_road
702170.5,4646800.5,not_road
702496.5,4648073.5,not_road
701868.5,4651987.5,not_road
704069.5,4651654.5,not_road
699960.5,4649363.5,not_road
699151.5,4650798.5,not_road
700087.5,4645924.5,not_road
697367.5,4650312.5,not_road
703639.5,4650838.5,not_road
702853.5,4646148.5,not_road
704071.5,4648972.5,not_road
698068.5,4649666.5,not_road
702712.5,4650767.5,not_road
700357.5,4651131.5,not_road
699660.5,4651659.5,not_road
699262.5,4647834.5,not_road
701431.5,4651373.5,not_road
699668.5,4645919.5,not_road
700445.5,4650187.5,not_road
701013.5,4650053.5,not_road
703888.5,4647948.5,not_road
698050.5,4648062.5,not_road
699417.5,4649636.5,not_road
699936.5,4650716.5,not_road
701294.5,4649479.5,not_road
702486.5,4650111.5,not_road
697660.5,4650567.5,not_road
702224.5,4646961.5,not_road
701466.5,4649774.5,not_road
700539.5,4648026.5,not_road
699660.5,4648941.5,not_road
697299.5,4647491.5,not_road
703077.5,4646612.5,not_road
700315.5,4651082.5,not_road
698440.5,4647923.5,not_road
701477.5,4650338.5,not_road
701810.5,4648882.5,not_road
702795.5,4650320.5,not_road
698758.5,4649712.5,not_road
703519.5,4647719.5,not_road
700671.5,4650576.5,not_road
703956.5,4646296.5,not_road
700393.5,4650700.5,not_road
697888.5,4646998.5,not_road
702725.5,4648956.5,not_road
699229.5,4646379.5,not_road
697383.5,4646857.5,not_road
698164.5,4646347.5,not_road
697611.5,4646969.5,not_road
700710.5,4649491.5,not_road
702913.5,4649274.5,not_road
701415.5,4650093.5,not_road
700967.5,4647214.5,not_road
703380.5,4651534.5,not_road
701571.5,4650958.5,not_road
699376.5,4650961.5,not_road
699056.5,4647901.5,not_road
704216.5,4649173.5,not_road
702206.5,4651732.5,not_road
703030.5,4649482.5,not_road
698228.5,4645963.5,not_road
700098.5,4649909.5,not_road
697482.5,4649733.5,not_road
697639.5,4650969.5,not_road
703736.5,4651697.5,not_road
703917.5,4647195.5,not_road
699550.5,4648992.5,not_road
699257.5,4651737.5,not_road
698545.5,4648328.5,not_road
700198.5,4648461.5,not_road
700017.5,4651093.5,not_road
698852.5,4649374.5,not_road
699062.5,4649610.5,not_road
703667.5,4648132.5,not_road
698611.5,4647842.5,not_road
699191.5,4646460.5,not_road
700720.5,4651635.5,not_road
697522.5,4647481.5,not_road
697711.5,4650556.5,not_road
703173.5,4650680.5,not_road
698315.5,4649814.5,not_road
702360.5,4648533.5,not_road
700619.5,4651882.5,not_road
702445.5,4646880.5,not_road
699867.5,4651928.5,not_road
702723.5,4646536.5,not_road
698329.5,4651175.5,not_road
697367.5,4646794.5,not_road
703587.5,4649753.5,not_road
703718.5,4649732.5,not_road
703681.5,4650887.5,not_road
697580.5,4650517.5,not_road
702651.5,4650763.5,not_road
698745.5,4647774.5,not_road
701502.5,4647450.5,not_road
700118.5,4645991.5,not_road
701598.5,4649137.5,not_road
703094.5,4647962.5,not_road
702861.5,4646262.5,not_road
703576.5,4647241.5,not_road
703822.5,4647794.5,not_road
697429.5,4646199.5,not_road
701281.5,4647893.5,not_road
700496.5,4648603.5,not_road
702469.5,4651992.5,not_road
703809.5,4650212.5,not_road
703546.5,4646563.5,not_road
700879.5,4647851.5,not_road
702464.5,4650992.5,not_road
702189.5,4651687.5,not_road
700495.5,4650871.5,not_road
700949.5,4650778.5,not_road
703076.5,4648813.5,not_road
702147.5,4650342.5,not_road
701659.5,4648332.5,not_road
697288.5,4647421.5,not_road
697410.5,4650169.5,not_road
703313.5,4646159.5,not_road
702622.5,4646092.5,not_road
702114.5,4651502.5,not_road
697343.5,4648073.5,not_road
703434.5,4649389.5,not_road
702804.5,4646724.5,not_road
704163.5,4647773.5,not_road
702739.5,4649018.5,not_road
700590.5,4649787.5,not_road
698565.5,4651555.5,not_road
704167.5,4649800.5,not_road
703278.5,4651924.5,not_road
699784.5,4645992.5,not_road
701155.5,4647998.5,not_road
698035.5,4648611.5,not_road
703964.5,4649336.5,not_road
697637.5,4647955.5,not_road
703826.5,4649247.5,not_road
700491.5,4646304.5,not_road
697365.5,4649962.5,not_road
700689.5,4649231.5,not_road
702982.5,4649039.5,not_road
699443.5,4650252.5,not_road
700943.5,4650407.5,not_road
697469.5,4646667.5,not_road
704037.5,4650714.5,not_road
700832.5,4650882.5,not_road
699670.5,4645952.5,not_road
699936.5,4646623.5,not_road
700518.5,4647211.5,not_road
697982.5,4649602.5,not_road
700905.5,4650224.5,not_road
701509.5,4647169.5,not_road
700921.5,4648425.5,not_road
703083.5,4648370.5,not_road
703819.5,4651702.5,not_road
699938.5,4649087.5,not_road
701478.5,4647164.5,not_road
703621.5,4646807.5,not_road
701679.5,4650740.5,not_road
703133.5,4647514.5,not_road
704126.5,4646337.5,not_road
699964.5,4649012.5,not_road
703186.5,4651799.5,not_road
703998.5,4645871.5,not_road
698703.5,4651965.5,not_road
700422.5,4651452.5,not_road
702172.5,4648977.5,not_road
700469.5,4649946.5,not_road
698309.5,4650116.5,not_road
704156.5,4646152.5,not_road
698367.5,4649358.5,not_road
699367.5,4651517.5,not_road
701728.5,4649006.5,not_road
697410.5,4649072.5,not_road
702257.5,4646779.5,not_road
698835.5,4646325.5,not_road
702205.5,4647551.5,not_road
704081.5,4646261.5,not_road
701295.5,4650605.5,not_road
702653.5,4647060.5,not_road
702294.5,4650202.5,not_road
701388.5,4648404.5,not_road
702228.5,4647912.5,not_road
699887.5,4650053.5,not_road
701039.5,4650759.5,not_road
701995.5,4651997.5,not_road
703167.5,4649497.5,not_road
703378.5,4649432.5,not_road
698638.5,4647512.5,not_road
698187.5,4651964.5,not_road
704163.5,4648993.5,not_road
702833.5,4647176.5,not_road
703310.5,4645949.5,not_road
699646.5,4647413.5,not_road
704036.5,4650183.5,not_road
698623.5,4649579.5,not_road
700873.5,4650451.5,not_road
700197.5,4651966.5,not_road
702090.5,4648624.5,not_road
700517.5,4650309.5,not_road
700929.5,4650152.5,not_road
701393.5,4649703.5,not_road
702943.5,4646868.5,not_road
700766.5,4647465.5,not_road
702304.5,4647435.5,not_road
702219.5,4649609.5,not_road
703722.5,4646951.5,not_road
701362.5,4648100.5,not_road
701339.5,4648202.5,not_road
701625.5,4650737.5,not_road
701982.5,4651175.5,not_road
697333.5,4650600.5,not_road
701253.5,4649412.5,not_road
701388.5,4650330.5,not_road
699325.5,4648939.5,not_road
697372.5,4650314.5,not_road
698962.5,4646095.5,not_road
702052.5,4645943.5,not_road
702323.5,4649995.5,not_road
698216.5,4647346.5,not_road
698237.5,4649196.5,not_road
703502.5,4647015.5,not_road
700077.5,4645895.5,not_road
702941.5,4646824.5,not_road
699845.5,4649336.5,not_road
703480.5,4648905.5,not_road
703525.5,4646830.5,not_road
699006.5,4649684.5,not_road
701008.5,4651393.5,not_road
699914.5,4649627.5,not_road
699090.5,4649538.5,not_road
700304.5,4650851.5,not_road
700877.5,4649517.5,not_road
697628.5,4646475.5,not_road
701478.5,4649462.5,not_road
699121.5,4650117.5,not_road
702046.5,4650634.5,not_road
702278.5,4650922.5,not_road
698942.5,4651423.5,not_road
697946.5,4651555.5,not_road
699328.5,4649369.5,not_road
702112.5,4648451.5,not_road
703681.5,4651397.5,not_road
702898.5,4646525.5,not_road
701284.5,4647445.5,not_road
698704.5,4649387.5,not_road
704239.5,4650060.5,not_road
702788.5,4650301.5,not_road
697833.5,4650953.5,not_road
702847.5,4648863.5,not_road
700104.5,4649740.5,not_road
703962.5,4648909.5,not_road
702887.5,4650961.5,not_road
702295.5,4647744.5,not_road
702641.5,4646726.5,not_road
700153.5,4648511.5,not_road
701611.5,4651399.5,not_road
701990.5,4651023.5,not_road
702248.5,4647369.5,not_road
703110.5,4650053.5,not_road
698223.5,4649913.5,not_road
699278.5,4645983.5,not_road
698016.5,4649273.5,not_road
698082.5,4647181.5,not_road
701782.5,4650260.5,not_road
703585.5,4651155.5,not_road
698425.5,4649071.5,not_road
698466.5,4647271.5,not_road
702415.5,4650241.5,not_road
702106.5,4646089.5,not_road
700117.5,4650095.5,not_road
697753.5,4648455.5,not_road
699623.5,4650838.5,not_road
703509.5,4647969.5,not_road
703599.5,4650831.5,not_road
702668.5,4649983.5,not_road
702081.5,4651612.5,not_road
703192.5,4650909.5,not_road
701654.5,4651259.5,not_road
704144.5,4647347.5,not_road
704030.5,4647477.5,not_road
701808.5,4646872.5,not_road
703477.5,4650711.5,not_road
700492.5,4650761.5,not_road
704278.5,4651290.5,not_road
699522.5,4651455.5,not_road
697851.5,4649798.5,not_road
703465.5,4651142.5,not_road
697532.5,4648086.5,not_road
700764.5,4648337.5,not_road
702476.5,4649718.5,not_road
699503.5,4651266.5,not_road
701355.5,4645974.5,not_road
701573.5,4650617.5,not_road
698937.5,4647053.5,not_road
703402.5,4646335.5,not_road
702005.5,4646273.5,not_road
701236.5,4648254.5,not_road
701881.5,4648252.5,not_road
702705.5,4646874.5,not_road
701726.5,4647826.5,not_road
697564.5,4646056.5,not_road
700095.5,4650529.5,not_road
704201.5,4651777.5,not_road
698675.5,4648527.5,not_road
701050.5,4648406.5,not_road
702038.5,4646677.5,not_road
697885.5,4650830.5,not_road
698032.5,4651403.5,not_road
702865.5,4647030.5,not_road
698940.5,4646134.5,not_road
703424.5,4650546.5,not_road
698112.5,4650446.5,not_road
699851.5,4647364.5,not_road
701836.5,4648080.5,not_road
702844.5,4649921.5,not_road
697898.5,4648145.5,not_road
697680.5,4647927.5,not_road
700093.5,4651463.5,not_road
702175.5,4647756.5,not_road
697551.5,4648099.5,not_road
704127.5,4646319.5,not_road
702109.5,4650779.5,not_road
702516.5,4646547.5,not_road
698434.5,4647557.5,not_road
699107.5,4649263.5,not_road
701109.5,4651914.5,not_road
700216.5,4645796.5,not_road
701961.5,4650860.5,not_road
702557.5,4651126.5,not_road
700302.5,4651387.5,not_road
701956.5,4650629.5,not_road
704256.5,4647537.5,not_road
699650.5,4650637.5,not_road
702760.5,4646332.5,not_road
703455.5,4646525.5,not_road
700272.5,4647333.5,not_road
702391.5,4651898.5,not_road
702192.5,4648770.5,not_road
699561.5,4650744.5,not_road
697695.5,4648065.5,not_road
698941.5,4647840.5,not_road
699566.5,4647437.5,not_road
702600.5,4647770.5,not_road
697477.5,4648441.5,not_road
697402.5,4646954.5,not_road
699620.5,4649730.5,not_road
703923.5,4646525.5,not_road
702837.5,4651503.5,not_road
700652.5,4649692.5,not_road
698650.5,4648262.5,not_road
699544.5,4646351.5,not_road
703525.5,4645859.5,not_road
697597.5,4651439.5,not_road
698333.5,4647043.5,not_road
698573.5,4651637.5,not_road
703010.5,4647422.5,not_road
701469.5,4645832.5,not_road
699284.5,4646751.5,not_road
699084.5,4645813.5,not_road
699332.5,4647837.5,not_road
700047.5,4648866.5,not_road
700596.5,4650456.5,not_road
703915.5,4649642.5,not_road
701125.5,4651745.5,not_road
703168.5,4648895.5,not_road
700625.5,4645950.5,not_road
703473.5,4645939.5,not_road
700730.5,4648061.5,not_road
697256.5,4646200.5,not_road
703771.5,4651839.5,not_road
699759.5,4649210.5,not_road
698386.5,4651759.5,not_road
703902.5,4651097.5,not_road
700515.5,4649098.5,not_road
700815.5,4647050.5,not_road
702952.5,4647076.5,not_road
698785.5,4647516.5,not_road
700969.5,4646453.5,not_road
699695.5,4645850.5,not_road
699572.5,4649656.5,not_road
699875.5,4648767.5,not_road
700688.5,4646118.5,not_road
698590.5,4648793.5,not_road
698425.5,4645920.5,not_road
701958.5,4651408.5,not_road
698298.5,4649038.5,not_road
703193.5,4651994.5,not_road
701794.5,4647641.5,not_road
702367.5,4648727.5,not_road
698474.5,4650383.5,not_road
697552.5,4648848.5,not_road
702777.5,4646602.5,not_road
697787.5,4645795.5,not_road
702505.5,4650864.5,not_road
697962.5,4651688.5,not_road
699887.5,4646671.5,not_road
699660.5,4648463.5,not_road
699218.5,4650304.5,not_road
702055.5,4647952.5,not_road
704024.5,4648629.5,not_road
703664.5,4647708.5,not_road
698185.5,4647581.5,not_road
700974.5,4646529.5,not_road
702810.5,4651092.5,not_road
701895.5,4646636.5,not_road
701016.5,4649194.5,not_road
701058.5,4646013.5,not_road
698441.5,4648091.5,not_road
702187.5,4645937.5,not_road
700951.5,4648649.5,not_road
703697.5,4651985.5,not_road
703599.5,4650950.5,not_road
702688.5,4647978.5,not_road
701649.5,4646118.5,not_road
697770.5,4647805.5,not_road
698150.5,4647779.5,not_road
703352.5,4646500.5,not_road
702246.5,4650122.5,not_road
704102.5,4650740.5,not_road
700502.5,4646472.5,not_road
697461.5,4651224.5,not_road
697295.5,4650046.5,not_road
699303.5,4646941.5,not_road
703177.5,4650423.5,not_road
702547.5,4646444.5,not_road
700973.5,4651587.5,not_road
702713.5,4647699.5,not_road
697263.5,4651425.5,not_road
703636.5,4651259.5,not_road
702654.5,4647967.5,not_road
704206.5,4648650.5,not_road
701550.5,4650384.5,not_road
698257.5,4647325.5,not_road
699851.5,4651059.5,not_road
703354.5,4646955.5,not_road
701203.5,4648469.5,not_road
701604.5,4651983.5,not_road
701530.5,4646169.5,not_road
699758.5,4648925.5,not_road
697531.5,4646502.5,not_road
701264.5,4651780.5,not_road
704105.5,4646168.5,not_road
699304.5,4650439.5,not_road
704286.5,4647195.5,not_road
702784.5,4651631.5,not_road
698119.5,4649601.5,not_road
699786.5,4646039.5,not_road
699685.5,4646297.5,not_road
697806.5,4649791.5,not_road
697407.5,4649373.5,not_road
700604.5,4645795.5,not_road
700902.5,4648950.5,not_road
701891.5,4646236.5,not_road
703183.5,4647634.5,not_road
699933.5,4649014.5,not_road
701333.5,4647697.5,not_road
697602.5,4647666.5,not_road
698946.5,4649646.5,not_road
703329.5,4648102.5,not_road
701856.5,4648174.5,not_road
700250.5,4648821.5,not_road
703005.5,4648674.5,not_road
701172.5,4647206.5,not_road
699718.5,4650702.5,not_road
700087.5,4649526.5,not_road
702730.5,4648141.5,not_road
704056.5,4650360.5,not_road
701037.5,4646318.5,not_road
703326.5,4648839.5,not_road
703003.5,4646712.5,not_road
700160.5,4651724.5,not_road
703929.5,4647512.5,not_road
699584.5,4649204.5,not_road
701416.5,4650948.5,not_road
703232.5,4651714.5,not_road
700436.5,4645758.5,not_road
698693.5,4646234.5,not_road
703181.5,4647297.5,not_road
699413.5,4647578.5,not_road
702456.5,4650297.5,not_road
701983.5,4646596.5,not_road
702004.5,4648065.5,not_road
699157.5,4647999.5,not_road
703973.5,4651885.5,not_road
702100.5,4649564.5,not_road
699747.5,4649539.5,not_road
702684.5,4650058.5,not_road
698480.5,4647600.5,not_road
698809.5,4645816.5,not_road
700168.5,4649743.5,not_road
697333.5,4650285.5,not_road
703528.5,4646955.5,not_road
704251.5,4649645.5,not_road
701083.5,4646295.5,not_road
699427.5,4651142.5,not_road
701669.5,4649787.5,not_road
700752.5,4647698.5,not_road
704194.5,4651891.5,not_road
702392.5,4649649.5,not_road
703416.5,4651153.5,not_road
697947.5,4650910.5,not_road
703162.5,4646688.5,not_road
702180.5,4649817.5,not_road
703896.5,4647026.5,not_road
700298.5,4648988.5,not_road
699750.5,4646573.5,not_road
703427.5,4646400.5,not_road
701045.5,4647359.5,not_road
702908.5,4647216.5,not_road
699516.5,4651174.5,not_road
702651.5,4651967.5,not_road
701071.5,4646530.5,not_road
697540.5,4651647.5,not_road
703529.5,4651763.5,not_road
700998.5,4645788.5,not_road
700472.5,4650995.5,not_road
697584.5,4648521.5,not_road
698284.5,4651761.5,not_road
702611.5,4650374.5,not_road
698418.5,4649795.5,not_road
702855.5,4651778.5,not_road
700683.5,4646803.5,not_road
703143.5,4645842.5,not_road
698723.5,4648518.5,not_road
701373.5,4650726.5,not_road
703573.5,4650889.5,not_road
702536.5,4650440.5,not_road
702264.5,4647193.5,not_road
702696.5,4647145.5,not_road
697972.5,4651094.5,not_road
702558.5,4650661.5,not_road
702394.5,4651142.5,not_road
698380.5,4649296.5,not_road
699329.5,4651786.5,not_road
697475.5,4646797.5,not_road
698007.5,4647522.5,not_road
697634.5,4650168.5,not_road
697933.5,4645754.5,not_road
701315.5,4650111.5,not_road
703216.5,4647173.5,not_road
704051.5,4651066.5,not_road
702950.5,4647225.5,not_road
700832.5,4648230.5,not_road
702919.5,4646926.5,not_road
703265.5,4647972.5,not_road
703312.5,4651214.5,not_road
699674.5,4649136.5,not_road
700151.5,4646141.5,not_road
703950.5,4651332.5,not_road
704174.5,4649886.5,not_road
697214.5,4648685.5,not_road
704275.5,4646785.5,not_road
700984.5,4650300.5,not_road
697798.5,4649230.5,not_road
697606.5,4646602.5,not_road
698962.5,4645840.5,not_road
702664.5,4646709.5,not_road
703875.5,4651435.5,not_road
698536.5,4647650.5,not_road
701976.5,4649853.5,not_road
703385.5,4648636.5,not_road
701096.5,4648133.5,not_road
697958.5,4649469.5,not_road
703775.5,4651888.5,not_road
704208.5,4648325.5,not_road
700294.5,4646585.5,not_road
703664.5,4646392.5,not_road
697914.5,4650504.5,not_road
700254.5,4651319.5,not_road
701086.5,4649424.5,not_road
697796.5,4646321.5,not_road
698452.5,4647552.5,not_road
703250.5,4645940.5,not_road
697943.5,4648839.5,not_road
700083.5,4646282.5,not_road
699421.5,4647595.5,not_road
699266.5,4649431.5,not_road
697595.5,4651826.5,not_road
702806.5,4651481.5,not_road
703930.5,4650194.5,not_road
701029.5,4648047.5,not_road
701478.5,4645940.5,not_road
698113.5,4647613.5,not_road
697822.5,4650106.5,not_road
701078.5,4647889.5,not_road
703420.5,4650506.5,not_road
702441.5,4650656.5,not_road
701585.5,4648672.5,not_road
701033.5,4651142.5,not_road
699634.5,4650164.5,not_road
700249.5,4646111.5,not_road
699656.5,4651198.5,not_road
701235.5,4650044.5,not_road
698990.5,4646296.5,not_road
697813.5,4645888.5,not_road
700168.5,4650964.5,not_road
704211.5,4649942.5,not_road
699321.5,4651129.5,not_road
701104.5,4650678.5,not_road
702321.5,4648708.5,not_road
699270.5,4645825.5,not_road
704287.5,4646003.5,not_road
703336.5,4649703.5,not_road
700358.5,4646617.5,not_road
701102.5,4646071.5,not_road
700409.5,4650122.5,not_road
702348.5,4650460.5,not_road
699662.5,4646048.5,not_road
699194.5,4649615.5,not_road
701102.5,4647310.5,not_road
702461.5,4650351.5,not_road
697410.5,4646428.5,not_road
702176.5,4648812.5,not_road
702359.5,4650993.5,not_road
700916.5,4649455.5,not_road
703943.5,4648854.5,not_road
703099.5,4651835.5,not_road
697564.5,4650085.5,not_road
697789.5,4647739.5,not_road
701314.5,4648291.5,not_road
702188.5,4646475.5,not_road
703110.5,4650301.5,not_road
703665.5,4651690.5,not_road
702410.5,4651916.5,not_road
700952.5,4646386.5,not_road
703995.5,4646131.5,not_road
703921.5,4648685.5,not_road
698204.5,4651219.5,not_road
703594.5,4651566.5,not_road
701880.5,4649951.5,not_road
700956.5,4651319.5,not_road
702794.5,4651841.5,not_road
698313.5,4650303.5,not_road
700050.5,4649604.5,not_road
701704.5,4646818.5,not_road
698982.5,4649489.5,not_road
703836.5,4647523.5,not_road
700349.5,4648665.5,not_road
702062.5,4646781.5,not_road
703050.5,4649977.5,not_road
699897.5,4645919.5,not_road
698794.5,4650439.5,not_road
698669.5,4651279.5,not_road
702777.5,4647088.5,not_road
700185.5,4648559.5,not_road
702502.5,4650256.5,not_road
697680.5,4650960.5,not_road
701100.5,4649924.5,not_road
700868.5,4648930.5,not_road
703060.5,4651282.5,not_road
703909.5,4650288.5,not_road
700440.5,4648788.5,not_road
698138.5,4647458.5,not_road
697657.5,4651475.5,not_road
697500.5,4651143.5,not_road
700898.5,4649980.5,not_road
703359.5,4647607.5,not_road
697798.5,4649369.5,not_road
700994.5,4651247.5,not_road
699018.5,4650387.5,not_road
698558.5,4648330.5,not_road
698139.5,4646750.5,not_road
703603.5,4650535.5,not_road
703918.5,4649786.5,not_road
700886.5,4650553.5,not_road
700795.5,4649370.5,not_road
699227.5,4649132.5,not_road
699038.5,4649069.5,not_road
703878.5,4651032.5,not_road
697767.5,4648486.5,not_road
698511.5,4650633.5,not_road
703278.5,4649399.5,not_road
703167.5,4650337.5,not_road
701296.5,4651100.5,not_road
701173.5,4650941.5,not_road
702331.5,4648654.5,not_road
697960.5,4647070.5,not_road
701809.5,4647800.5,not_road
703240.5,4650044.5,not_road
697776.5,4650226.5,not_road
700403.5,4650578.5,not_road
702941.5,4650240.5,not_road
697434.5,4651512.5,not_road
700918.5,4650944.5,not_road
702580.5,4648163.5,not_road
701896.5,4646144.5,not_road
700763.5,4646492.5,not_road
703275.5,4646727.5,not_road
700056.5,4650267.5,not_road
702380.5,4649258.5,not_road
697544.5,4648076.5,not_road
704120.5,4645897.5,not_road
697645.5,4650224.5,not_road
700753.5,4647872.5,not_road
701361.5,4646779.5,not_road
703565.5,4646023.5,not_road
702218.5,4649801.5,not_road
701092.5,4647698.5,not_road
703656.5,4648753.5,not_road
704059.5,4649866.5,not_road
702270.5,4647618.5,not_road
698148.5,4646457.5,not_road
702784.5,4651214.5,not_road
703280.5,4646480.5,not_road
698093.5,4650421.5,not_road
700514.5,4651794.5,not_road
698725.5,4651588.5,not_road
698026.5,4646171.5,not_road
699124.5,4650951.5,not_road
697464.5,4645784.5,not_road
703225.5,4651504.5,not_road
698281.5,4648239.5,not_road
700694.5,4651025.5,not_road
697497.5,4646615.5,not_road
701315.5,4651222.5,not_road
703041.5,4651053.5,not_road
700718.5,4649211.5,not_road
701207.5,4649741.5,not_road
703070.5,4649557.5,not_road
698225.5,4649697.5,not_road
702771.5,4648217.5,not_road
703988.5,4651442.5,not_road
703619.5,4648399.5,not_road
702576.5,4647953.5,not_road
697230.5,4649391.5,not_road
697606.5,4651605.5,not_road
701543.5,4649508.5,not_road
697974.5,4650065.5,not_road
701559.5,4650122.5,not_road
702594.5,4647092.5,not_road
701207.5,4648611.5,not_road
700564.5,4650623.5,not_road
699003.5,4649475.5,not_road
701990.5,4649434.5,not_road
704252.5,4651265.5,not_road
699610.5,4646587.5,not_road
701550.5,4646489.5,not_road
700068.5,4650078.5,not_road
702395.5,4650103.5,not_road
698862.5,4647207.5,not_road
699178.5,4646515.5,not_road
697695.5,4646737.5,not_road
703045.5,4647970.5,not_road
701555.5,4646516.5,not_road
699912.5,4651598.5,not_road
697801.5,4650941.5,not_road
702208.5,4650028.5,not_road
701237.5,4650769.5,not_road
700607.5,4647495.5,not_road
701946.5,4649108.5,not_road
697202.5,4650654.5,not_road
698261.5,4645952.5,not_road
701089.5,4650369.5,not_road
702663.5,4648122.5,not_road
702085.5,4648298.5,not_road
702326.5,4646690.5,not_road
701670.5,4649958.5,not_road
701726.5,4649217.5,not_road
700873.5,4645809.5,not_road
702999.5,4648798.5,not_road
702266.5,4650858.5,not_road
703153.5,4651653.5,not_road
700699.5,4648504.5,not_road
699148.5,4651022.5,not_road
700905.5,4647781.5,not_road
702762.5,4648900.5,not_road
700540.5,4646937.5,not_road
702565.5,4651600.5,not_road
698322.5,4646915.5,not_road
700398.5,4646697.5,not_road
701674.5,4649584.5,not_road
704231.5,4648271.5,not_road
697370.5,4650306.5,not_road
704093.5,4648486.5,not_road
700164.5,4645876.5,not_road
698552.5,4651739.5,not_road
702724.5,4648544.5,not_road
699337.5,4648058.5,not_road
699894.5,4650944.5,not_road
703194.5,4651135.5,not_road
704017.5,4651324.5,not_road
702465.5,4646980.5,not_road
703726.5,4648614.5,not_road
704080.5,4646696.5,not_road
698454.5,4649237.5,not_road
704222.5,4648438.5,not_road
701902.5,4646103.5,not_road
700059.5,4649600.5,not_road
697330.5,4648848.5,not_road
701990.5,4647876.5,not_road
700655.5,4647983.5,not_road
698312.5,4645874.5,not_road
699715.5,4646851.5,not_road
701673.5,4648385.5,not_road
700405.5,4647285.5,not_road
703407.5,4646487.5,not_road
701887.5,4645780.5,not_road
698156.5,4647269.5,not_road
699446.5,4651008.5,not_road
697650.5,4651666.5,not_road
701780.5,4650885.5,not_road
699531.5,4650790.5,not_road
701170.5,4647646.5,not_road
701287.5,4649687.5,not_road
701611.5,4646803.5,not_road
702551.5,4648090.5,not_road
701418.5,4645982.5,not_road
699332.5,4651830.5,not_road
697529.5,4651048.5,not_road
704296.5,4646901.5,not_road
701448.5,4651289.5,not_road
701201.5,4650228.5,not_road
698170.5,4649330.5,not_road
700782.5,4651258.5,not_road
703064.5,4651522.5,not_road
701458.5,4646472.5,not_road
702414.5,4648162.5,not_road
702613.5,4651091.5,not_road
701848.5,4650335.5,not_road
697912.5,4650861.5,not_road
700139.5,4645754.5,not_road
698328.5,4649741.5,not_road
703316.5,4645753.5,not_road
697201.5,4651487.5,not_road
703552.5,4646676.5,not_road
703379.5,4647108.5,not_road
702165.5,4651352.5,not_road
700535.5,4650120.5,not_road
702449.5,4646385.5,not_road
700637.5,4649380.5,not_road
698748.5,4647389.5,not_road
697864.5,4647145.5,not_road
700164.5,4649932.5,not_road
701470.5,4650447.5,not_road
701643.5,4651166.5,not_road
698398.5,4647077.5,not_road
700337.5,4650391.5,not_road
701725.5,4648276.5,not_road
703022.5,4648382.5,not_road
697848.5,4649632.5,not_road
697658.5,4651907.5,not_road
698071.5,4647828.5,not_road
697398.5,4648907.5,not_road
703256.5,4646367.5,not_road
700472.5,4650733.5,not_road
698603.5,4648397.5,not_road
699634.5,4651722.5,not_road
699387.5,4651820.5,not_road
704224.5,4649123.5,not_road
702444.5,4646001.5,not_road
703730.5,4647824.5,not_road
697404.5,4650763.5,not_road
700886.5,4649836.5,not_road
697214.5,4649683.5,not_road
701163.5,4646411.5,not_road
703857.5,4648132.5,not_road
703650.5,4649724.5,not_road
700939.5,4649861.5,not_road
700328.5,4651036.5,not_road
700851.5,4649247.5,not_road
701186.5,4645903.5,not_road
701775.5,4648082.5,not_road
700603.5,4649525.5,not_road
702882.5,4649142.5,not_road
703064.5,4650811.5,not_road
700752.5,4648369.5,not_road
697374.5,4649432.5,not_road
697327.5,4651846.5,not_road
701383.5,4649595.5,not_road
704160.5,4648675.5,not_road
700373.5,4650175.5,not_road
697505.5,4648833.5,not_road
698702.5,4648245.5,not_road
702306.5,4648798.5,not_road
702522.5,4649986.5,not_road
702414.5,4649427.5,not_road
700662.5,4648803.5,not_road
704155.5,4647566.5,not_road
700130.5,4651549.5,not_road
703920.5,4646921.5,not_road
698869.5,4647944.5,not_road
702388.5,4650807.5,not_road
699932.5,4649867.5,not_road
702501.5,4646145.5,not_road
697653.5,4645887.5,not_road
697330.5,4651348.5,not_road
703706.5,4647732.5,not_road
703042.5,4646965.5,not_road
702476.5,4647328.5,not_road
701856.5,4649367.5,not_road
702085.5,4647543.5,not_road
699386.5,4649520.5,not_road
697463.5,4651137.5,not_road
703436.5,4646730.5,not_road
704194.5,4651107.5,not_road
700509.5,4647904.5,not_road
701616.5,4649632.5,not_road
698886.5,4645913.5,not_road
701448.5,4649749.5,not_road
702963.5,4646512.5,not_road
702898.5,4650145.5,not_road
703703.5,4651273.5,not_road
699811.5,4649556.5,not_road
700011.5,4645751.5,not_road
703915.5,4647202.5,not_road
701425.5,4649383.5,not_road
698394.5,4651484.5,not_road
698830.5,4649650.5,not_road
702074.5,4648609.5,not_road
702404.5,4649077.5,not_road
700689.5,4645795.5,not_road
699847.5,4650176.5,not_road
703386.5,4650506.5,not_road
701069.5,4650196.5,not_road
704237.5,4651270.5,not_road
703974.5,4651220.5,not_road
697920.5,4650191.5,not_road
703246.5,4650637.5,not_road
700432.5,4649847.5,not_road
703180.5,4647297.5,not_road
703340.5,4650213.5,not_road
700076.5,4649299.5,not_road
699398.5,4651076.5,not_road
698420.5,4646791.5,not_road
701342.5,4650525.5,not_road
700632.5,4648766.5,not_road
700209.5,4651980.5,not_road
697511.5,4648317.5,not_road
702480.5,4649233.5,not_road
703256.5,4651594.5,not_road
703128.5,4646056.5,not_road
698237.5,4647739.5,not_road
702920.5,4649830.5,not_road
697625.5,4646079.5,not_road
703582.5,4648613.5,not_road
701831.5,4649902.5,not_road
700970.5,4651040.5,not_road
697493.5,4646025.5,not_road
701936.5,4647865.5,not_road
699611.5,4646276.5,not_road
699616.5,4651437.5,not_road
703745.5,4651256.5,not_road
699299.5,4651556.5,not_road
700421.5,4646342.5,not_road
