id,n_core,n_ring,n_decoys,hh_leafoff_fall_feature,hh_leafoff_fall_decoy_median,hh_winter_feature,hh_winter_decoy_median,hh_leafon_feature,hh_leafon_decoy_median,hh_change_leafon_vs_fall_feature,hh_change_leafon_vs_fall_decoy_median,hv_leafoff_fall_feature,hv_leafoff_fall_decoy_median,hv_winter_feature,hv_winter_decoy_median,hv_leafon_feature,hv_leafon_decoy_median,hv_change_leafon_vs_fall_feature,hv_change_leafon_vs_fall_decoy_median
0,8,142,5,1.548553,-0.6437245011329651,0.6108186,-0.634196937084198,-0.2851521,-0.027696052566170692,-1.8337051,0.5113773941993713,-1.05382,-0.4883638918399811,0.6889064,0.2439085692167282,-0.4598128,0.8639104962348938,0.5940072,1.146478295326233
1,8,138,5,0.7581927,0.023031076416373253,0.49232945,0.06500736624002457,-0.43186235,-0.3813670575618744,-1.190055,-0.404398113489151,2.08682,0.8955138325691223,0.21317609,0.7119471430778503,-0.46353564,0.37139925360679626,-2.5503554,-0.5119657516479492
2,6,126,5,-0.40593305,-0.7726041674613953,1.0945394,0.07293716818094254,-0.4944036,-1.1681684255599976,-0.08847054,-0.2850593030452728,-0.07085737,-0.5258808135986328,-0.83934814,-0.4569489061832428,-1.5630602,-0.20158672332763672,-1.4922028,-0.17799217998981476
3,6,123,5,-2.2648346,-1.3827815055847168,-0.6311677,-0.38816380500793457,-0.33826748,-0.5603111386299133,1.9265671,0.8224703669548035,0.03557682,-1.4140205383300781,0.57743007,0.11829694360494614,-1.076539,0.1285816878080368,-1.1121159,1.5426021814346313
4,6,135,5,0.7592581,-0.5519900321960449,0.21672058,0.9881909489631653,-0.9101656,-0.31895241141319275,-1.6694237,-0.1273815631866455,-0.49099,0.9601386189460754,0.60437775,1.3695977926254272,-0.06725788,-0.20442581176757812,0.42373213,-0.7378581166267395
5,10,149,5,-1.1906738,-0.45978817343711853,0.23097484,0.8057477474212646,-0.31482092,0.3368116319179535,0.8758529,0.9430885910987854,-0.69792813,0.17645709216594696,0.37673602,-1.1896448135375977,-0.27867827,0.1955931931734085,0.41924986,0.019136110320687294
6,8,124,5,0.18577068,-0.3658820688724518,0.18114169,-0.5538477897644043,-1.3897734,-0.17287032306194305,-1.5755442,-0.7371454238891602,-1.8670835,0.052410125732421875,-1.1116673,-0.0695892944931984,-0.6938925,-0.47587522864341736,1.1731911,-0.1530253142118454
7,9,134,5,0.4868803,-0.3022317886352539,0.07428352,-0.718970000743866,-0.0054491363,-0.831885039806366,-0.49232945,-0.3075098991394043,0.24413426,-1.2176700830459595,-0.7965304,-0.6210820078849792,-0.95188266,0.15309078991413116,-1.1960169,1.3707609176635742
8,10,143,5,-2.7988713,-0.6660060882568359,-4.043293,0.44515261054039,-2.9521554,0.38588055968284607,-0.15328391,1.0518866777420044,-3.8856678,0.719996452331543,-2.614364,0.06032880023121834,-2.3965628,-0.045990943908691406,1.4891049,-0.7673298716545105
9,9,126,5,-0.5569994,-0.3081420660018921,-1.3585204,-0.4057236611843109,0.08585596,0.15674638748168945,0.64285535,0.2796814739704132,-1.6710863,-0.6214691996574402,-0.3179051,-0.06745878607034683,-0.1192503,-0.667933464050293,1.551836,0.6266148686408997
10,14,156,5,0.4446486,-1.719862937927246,-1.6746651,-1.205991506576538,-1.2247462,-0.1396452635526657,-1.6693949,0.5953708291053772,-2.8631458,-0.6788330078125,-0.81770164,-0.515040397644043,-1.1297306,-0.277636855840683,1.7334152,0.3804067075252533
11,14,152,5,-2.8566988,0.6711400151252747,-2.9817588,-0.32700660824775696,-2.9881127,0.1932452917098999,-0.13141425,-0.42340293526649475,-3.06926,-0.14091873168945312,-2.5247247,0.4748525619506836,-2.7080564,0.12334092706441879,0.36120352,0.11309560388326645
12,9,103,5,-5.161981,-0.3583599627017975,-2.304294,-1.0008264780044556,-2.2296317,0.3002997934818268,2.9323494,0.03845024108886719,-2.2560024,-1.00619637966156,-2.799161,-0.7568066716194153,-2.338526,-0.07221444696187973,-0.08252367,0.2930946350097656
13,9,119,5,-0.46107617,-1.244311809539795,0.19910605,-0.04957811161875725,0.13663673,0.3300316333770752,0.59771293,1.787706732749939,-0.0015385946,-0.4221433103084564,0.16120815,0.4722067415714264,-0.42876467,0.3121790885925293,-0.42722607,0.6813812255859375
14,10,142,5,0.5049717,-0.21559269726276398,0.34697255,-1.4199872016906738,-0.50814295,0.2240736484527588,-1.0131146,-0.7446016669273376,-1.6341614,0.1828358918428421,-0.86684704,-0.1386607438325882,0.6222779,-0.3606039583683014,2.2564392,-0.006290435791015625
15,11,141,5,-0.8417301,-0.6137260794639587,-0.6400413,-0.9650940895080566,-0.16888101,-0.30462947487831116,0.6728491,0.7687537670135498,-0.6918195,0.5704014897346497,0.5381991,-0.4017362594604492,0.024270216,-0.21579043567180634,0.7160897,-0.3707062304019928
16,6,117,5,-1.3154575,-1.8680009841918945,-0.5341788,-0.6252983212471008,-0.83351237,-1.033137321472168,0.48194516,-0.6941962242126465,-0.8593559,0.42909368872642517,-0.6714411,-0.18566322326660156,-1.6100203,-0.8913981318473816,-0.7506644,-0.23822562396526337
17,10,139,5,2.3313196,-0.15482266247272491,1.002288,-0.08237290382385254,0.47162294,0.5531659126281738,-1.8596969,0.7473726868629456,-1.6283216,-0.25143909454345703,-0.32703304,-0.15462684631347656,0.13133653,-0.5296300053596497,1.7596582,-0.3987617492675781
18,6,136,5,-0.0814391,-1.1563702821731567,-0.83344954,-0.6658511161804199,-1.2493583,-0.0936119556427002,-1.1679192,0.6753487586975098,-2.0891736,-0.4277992248535156,-0.7311799,-0.5705000758171082,-1.9997911,-0.7494084239006042,0.08938249,0.031598884612321854
19,7,128,5,0.93299454,0.3686695098876953,-1.0640031,-1.3122491836547852,0.04458491,-0.5219586491584778,-0.8884096,-1.5891013145446777,1.1285728,-0.2201894074678421,-1.5715586,-1.4547630548477173,0.5589256,-1.1369644403457642,-0.56964713,0.05216677859425545
20,9,129,5,-0.04345266,-0.05657355114817619,0.45131063,0.6729599833488464,-1.1127933,0.2023780345916748,-1.0693406,0.07471680641174316,-0.1961387,0.3619000017642975,0.047546387,0.09371057897806168,-0.5530183,0.15571530163288116,-0.35687956,-0.2912408411502838
21,5,115,5,-0.40716234,0.11052989959716797,0.8517439,0.24907176196575165,-1.3685617,-0.2656000554561615,-0.9613994,-0.37612995505332947,-1.2213074,0.3518088757991791,-1.7648169,0.19962723553180695,-0.55960494,-0.6336714625358582,0.66170245,-1.015982985496521
22,8,132,5,-0.1804959,-0.7021721005439758,1.467495,-0.28793665766716003,-0.1161019,0.11286505311727524,0.064394,0.44824323058128357,-0.43866125,-1.4034032821655273,0.9174016,-0.5781380534172058,0.10073948,-0.11882209777832031,0.53940076,0.4011634290218353
23,7,97,5,-1.0046697,-0.3333449363708496,-1.801648,-0.6770041584968567,-2.808215,0.30148109793663025,-1.803545,0.7180851101875305,0.019379934,-0.8872073292732239,-0.12721474,-0.08859284967184067,-2.8757331,0.12515704333782196,-2.895113,1.1406129598617554
24,9,106,5,-4.2501445,0.09238895028829575,-2.768668,-0.9682212471961975,-3.9295883,-0.35358962416648865,0.320556,-0.17801983654499054,-4.11016,-0.27044677734375,-4.3371882,-0.2518911361694336,-3.73727,-0.8837013244628906,0.37288985,-0.3666931688785553
25,11,135,5,1.2219931,0.09885597229003906,-0.1737644,-0.04199337959289551,1.0179597,0.1137380599975586,-0.20403337,0.05604489520192146,0.009973208,-0.7035900950431824,-1.0248909,-0.33532047271728516,0.07873249,-0.2287171632051468,0.068759285,0.39125919342041016
26,8,125,5,-1.3313888,-1.3452130556106567,-1.3237301,0.5399400591850281,-1.1395645,-0.3162752687931061,0.19182427,1.0767666101455688,0.12608528,-0.5106255412101746,-0.47747102,-0.31677818298339844,-0.3159739,-0.3753318786621094,-0.4420592,0.135293647646904
27,7,142,5,-0.018423319,-0.36280378699302673,-0.62898844,-0.39128056168556213,-0.21817367,-0.028469005599617958,-0.19975035,0.33433476090431213,0.3524084,0.3137906491756439,-0.8853855,0.48907026648521423,-1.9365059,-0.19823074340820312,-2.2889144,1.0119901895523071
28,6,103,5,2.1460993,-0.4769074022769928,1.4940051,-0.33621612191200256,-0.5454281,-0.5457344055175781,-2.6915276,1.6519198417663574,-0.37317944,-0.898890495300293,-0.5593395,-1.1574811935424805,-0.51457626,-0.07618331909179688,-0.14139684,1.0419200658798218
29,4,114,5,-0.58956796,-0.058695632964372635,-0.5468626,-0.4170722961425781,-0.155466,0.3737925589084625,0.43410206,0.05602328106760979,-2.3404505,-0.5297698974609375,-0.3819723,-1.943992018699646,-0.30628553,-0.403167724609375,2.0341651,1.1102066040039062
30,10,113,5,-0.91977406,-0.4899124205112457,-2.4864757,-0.5876460075378418,0.07704481,-0.402646541595459,0.99681884,-0.2837589681148529,0.026981035,-0.5401773452758789,-2.3001626,-0.7289628982543945,-1.1635681,-0.13176918029785156,-1.1905493,0.30987548828125
31,10,147,5,-3.1159706,-0.19950945675373077,-1.3374763,-0.1503143310546875,-0.5272153,-0.2633213996887207,2.5887554,0.21677811443805695,0.0062421164,-0.230245903134346,-1.1676884,-0.5639244914054871,-0.21178119,-0.37185001373291016,-0.2180233,-0.5943816304206848
32,6,137,5,-0.62321615,-0.3331095278263092,-1.5551949,0.19313843548297882,-0.91215485,-0.0559687614440918,-0.28893867,0.7309260368347168,-0.07611879,-1.042510986328125,-2.7615554,0.38611873984336853,-0.8822482,0.7517051696777344,-0.80612946,1.3166112899780273
33,10,141,5,-1.3952985,0.9448171257972717,-0.851005,-0.32515764236450195,-0.46354166,-0.12812228500843048,0.93175673,-1.1041651964187622,0.20873706,0.6470317840576172,-1.1988617,0.03164100646972656,-0.7479488,-0.7847884297370911,-0.95668584,-1.386074185371399
34,7,95,5,-0.4817307,-1.993322491645813,-0.26640734,-2.295062780380249,-0.81133324,-0.3751274347305298,-0.32960257,1.6948491334915161,0.7228327,-1.0180584192276,-2.0374432,-2.1253840923309326,-0.38488993,-1.1079548597335815,-1.1077226,0.8337332606315613
35,6,132,5,0.806732,-0.2469371110200882,0.12704499,0.03339608386158943,-0.48725477,0.8196790814399719,-1.2939868,-0.3708212375640869,-0.23911667,0.15060298144817352,-0.61696434,-0.8487250208854675,-0.41663742,-0.41488900780677795,-0.17752075,-0.8769688606262207
36,8,135,5,0.76922303,0.12741200625896454,0.22771724,-1.5542362928390503,0.97369784,-0.6515216827392578,0.2044748,-0.28505611419677734,1.93895,-1.4255943298339844,-1.2104126,-0.7897656559944153,0.5906019,-0.744439423084259,-1.348348,-0.08510939031839371
37,7,139,5,-0.6127338,-0.43324708938598633,-0.8022612,-0.19794400036334991,-0.41658744,0.5856915712356567,0.19614632,0.8875414729118347,-0.5290963,-0.07417169958353043,0.71052045,-0.24113209545612335,-0.64104205,-0.14841429889202118,-0.111945786,-0.5519874691963196
38,8,122,5,-0.78798294,0.12754185497760773,-0.6324776,1.0375783443450928,0.013104121,0.4301598072052002,0.8010871,0.3945135176181793,-1.9371563,-0.27975210547447205,-1.296161,-0.8426472544670105,-0.9113452,0.5052092671394348,1.0258112,-0.4164401590824127
39,7,132,5,-0.021872044,0.15664108097553253,0.19905369,-1.024673342704773,-1.1303041,-0.21419358253479004,-1.1084322,-0.3611905574798584,0.5874284,-0.5859088897705078,0.47279897,-0.27374616265296936,-0.113918625,0.471972793340683,-0.70134705,0.5653581619262695
40,8,121,5,1.2797136,-0.09138075262308121,-0.9895566,-0.6894845962524414,-1.2833441,-0.2559066712856293,-2.5630577,-0.12869811058044434,-0.35386372,-0.5835590362548828,-1.0028111,-0.47179827094078064,-0.04148547,-0.059266090393066406,0.31237826,0.26927056908607483
41,7,135,5,-0.40717474,-0.9220167994499207,-1.1472067,0.04051550105214119,0.5966225,-0.44260844588279724,1.0037974,0.596134603023529,-2.2423325,-1.14792001247406,-0.34720993,0.0925079956650734,-0.46064886,0.29228463768959045,1.7816836,1.3401209115982056
42,7,123,5,-3.7429085,0.1239672526717186,-4.122173,0.48528847098350525,-1.4840665,0.6682834029197693,2.258842,-0.2529716491699219,-3.050149,0.2639258801937103,-2.1322975,-0.8439435958862305,-2.5960329,-0.21014530956745148,0.4541162,-0.3532390594482422
43,6,115,5,1.0776372,-0.21403996646404266,1.1735692,0.24434487521648407,0.09246135,-0.21140551567077637,-0.98517585,0.41212978959083557,-0.75482494,0.23105335235595703,-1.4886478,-0.2975616455078125,0.62114364,-0.0773371085524559,1.3759686,-0.38976606726646423
44,10,122,5,-0.60715896,0.05435578152537346,0.3247091,0.2823580205440521,-2.044823,-0.11244042962789536,-1.437664,0.2263243943452835,-0.3942194,0.3027874529361725,0.2607924,-0.4028676450252533,-1.5323931,0.1814330369234085,-1.1381737,-0.34002208709716797
45,8,119,5,-1.6120199,-0.7369628548622131,-1.2275702,0.24154989421367645,0.1594727,-0.6112555861473083,1.7714924,0.5977587699890137,-2.8622897,-0.45095571875572205,-0.61549824,-0.6453955769538879,-0.6005516,-0.09551271051168442,2.261738,-0.5356228947639465
46,7,114,5,-0.46794018,-0.29662880301475525,-1.5014035,-0.4302474558353424,-1.1917175,0.0007517337799072266,-0.72377735,0.06245827674865723,-1.7812843,-0.6623525619506836,-1.0145429,-0.3949422836303711,-0.81509477,-0.21157042682170868,0.96618956,-0.4126761853694916
47,7,93,5,-1.4978342,-0.5235074162483215,-0.06189688,-0.8815304636955261,0.7147271,-0.4532126486301422,2.2125614,0.34758806228637695,-0.68107766,0.46359410881996155,-0.44381332,-0.07770347595214844,0.240297,-0.2080748826265335,0.9213746,-0.70697021484375
48,5,132,5,-0.17535369,-0.31818994879722595,-2.3704946,1.1927659511566162,-0.37015334,-0.8083745837211609,-0.19479966,-0.4892193377017975,-1.3697964,-1.5719341039657593,-0.21409576,-0.9646756052970886,-0.8812701,-0.11775270849466324,0.48852634,1.3829902410507202
49,6,116,5,0.42015266,-0.6332246661186218,1.0097889,-0.6031339764595032,-0.6068093,-0.16702254116535187,-1.0269619,0.46620211005210876,-1.1649418,-0.11442947387695312,-1.2988018,-0.5325498580932617,-1.2149328,0.42077669501304626,-0.04999097,0.836043655872345
50,5,92,5,-0.77649575,-0.6650450825691223,-2.5361824,0.16139642894268036,-0.3498346,-0.22046422958374023,0.42666116,0.6466501355171204,-0.99569386,-0.3110116422176361,-2.4612656,0.1384725570678711,-0.7908729,-0.33902454376220703,0.20482095,0.24014408886432648
51,5,117,5,-0.74618053,-0.3152296543121338,-1.7662992,-0.7978346943855286,1.0626591,-0.42753520607948303,1.8088397,-0.020334800705313683,0.11982441,-0.20065657794475555,-0.9840844,-0.1949809342622757,-0.5847495,-0.1692800521850586,-0.7045739,-0.08660888671875
52,5,124,5,-0.8656578,-0.2748795449733734,-1.087026,-0.03644990921020508,-1.4190742,-0.5315806269645691,-0.55341643,0.12034177780151367,-2.920168,-0.6020768284797668,-0.9401805,-0.36569085717201233,-1.6783081,-0.11622333526611328,1.2418598,0.13388855755329132
53,8,140,5,-1.4526926,-0.3059311807155609,1.9200717,0.23704743385314941,0.014821132,-0.3187654912471771,1.4675137,0.08712538331747055,-2.0040138,0.42495885491371155,-0.34487215,0.05859915539622307,0.59641045,-0.2947031557559967,2.600424,-0.8940938115119934
54,5,135,5,0.4871776,-1.586126446723938,1.59548,0.8595487475395203,-0.3767433,0.4352092742919922,-0.86392087,2.3509342670440674,-0.18832684,-0.9675995707511902,0.34942278,-0.11723867803812027,-0.62906647,0.17923450469970703,-0.44073963,0.31773853302001953
55,6,115,5,-0.70717317,-0.052163202315568924,1.2211705,0.6459338068962097,1.7553519,0.33133235573768616,2.4625251,-0.5425732731819153,-0.44081083,-0.37012800574302673,2.3370187,0.5353727340698242,0.950202,0.43034109473228455,1.3910128,1.203782081604004
56,6,126,5,-1.4912286,-1.3847651481628418,-0.7434554,-0.6224600672721863,-0.1594367,-0.061121147125959396,1.3317919,1.6652559041976929,0.9439106,-0.06924089044332504,0.6430009,-0.2882121503353119,0.51611394,-0.09241708368062973,-0.4277967,0.44269657135009766
57,6,133,5,-0.21154809,0.6537184715270996,1.6019988,-0.42087921500205994,-0.48892555,0.09194723516702652,-0.27737746,-0.5617712140083313,-0.75992775,-0.204986572265625,-0.20170943,-0.2628936767578125,0.4192009,-0.35413455963134766,1.1791286,0.37419891357421875
58,6,88,5,0.69977254,-0.11687556654214859,0.7047305,-1.4390983581542969,-0.45912203,-0.1534063071012497,-1.1588945,0.48436594009399414,-3.2011337,-0.3348671495914459,-1.1989921,0.4883575439453125,-1.1241382,-0.09213670343160629,2.0769956,-0.047611236572265625
59,6,121,5,0.21368234,0.7294335961341858,-0.27715778,-0.04757833480834961,-0.20449774,0.11450910568237305,-0.41818008,-1.1700865030288696,-0.49331537,-0.7085393071174622,0.8043378,-0.041703224182128906,0.8571536,-0.13563983142375946,1.350469,0.06645425409078598
60,7,102,5,-1.2344216,-0.09750127792358398,1.6643686,0.5599260330200195,-1.3879695,0.7718696594238281,-0.15354808,0.8693709373474121,-0.7559614,-0.47654375433921814,-0.3590304,-0.071319580078125,-0.49791875,0.05744902417063713,0.25804266,0.5339927673339844
61,6,119,5,0.3982536,0.5466458201408386,-0.21689558,0.6863324046134949,0.19819236,-0.054809171706438065,-0.20006125,-0.8631035685539246,-1.7868099,0.03243573382496834,0.36909232,0.039032936096191406,-0.58376884,-0.2479899674654007,1.2030411,-0.4914582669734955
62,9,144,5,2.1648138,1.1565828323364258,-1.1962,1.14434015750885,-0.5439122,0.17077398300170898,-2.708726,-0.8808973431587219,-0.7861449,-0.21980921924114227,0.31504345,-0.5786972045898438,-0.5317939,-0.22327835857868195,0.254351,-0.20997746288776398
63,8,129,5,-1.0950094,0.4304445683956146,-1.9394635,-0.33595767617225647,-0.55344844,-0.0002524852752685547,0.54156107,-0.3169943392276764,-1.925897,0.4672791063785553,-2.1764915,-0.0347544364631176,-0.5042613,0.448718398809433,1.4216356,-0.1315603256225586
64,5,121,5,-4.064135,-0.6359074711799622,-7.0993333,-1.233924388885498,-3.3110306,-1.4839019775390625,0.7531042,-0.5204921364784241,-1.3140907,0.09956201165914536,-3.0713243,-2.0441951751708984,-3.8680422,-0.4244791567325592,-2.5539515,-0.5240411758422852
65,10,128,5,-1.6550018,-1.1534942388534546,-1.6751614,0.13647031784057617,-1.2867423,-0.23912413418293,0.36825943,0.5991110801696777,-1.6621075,-1.179252028465271,-1.7313677,0.19066207110881805,-1.003892,-0.3060394823551178,0.6582155,1.0506938695907593
66,10,141,5,0.1732974,-0.8335447311401367,-1.3284866,-0.5626166462898254,-0.6294976,0.0049044289626181126,-0.802795,0.19372160732746124,-1.2097832,-0.767562210559845,-1.6233267,-0.8117685317993164,-1.4610285,-0.04669952392578125,-0.25124517,0.04969819262623787
67,9,130,5,-0.73310965,-0.6554000973701477,-0.24471824,-0.4304891526699066,-2.7028484,0.2861820161342621,-1.9697388,0.9415820240974426,-2.0479,-0.11512915045022964,-1.9149891,-0.07506116479635239,-3.0185013,-0.42922401428222656,-0.9706014,-0.4359229505062103
68,11,141,5,0.01312987,-0.6928815841674805,1.2313118,-0.2173641473054886,-1.0230436,-0.1530953198671341,-1.0361735,0.4971827566623688,0.8931348,-0.4468240737915039,-0.15834777,-0.1621897965669632,-0.505723,-0.11207994073629379,-1.3988577,0.6201432347297668
69,8,128,5,-1.0551152,0.6554058194160461,-0.76329327,-0.11346737295389175,-0.91214544,0.11688363552093506,0.14296977,-0.23926961421966553,-3.5739462,-0.5184717178344727,-1.9368654,0.3934348523616791,-0.7832934,-0.2905546724796295,2.790653,0.22791703045368195
70,9,104,5,-1.8936323,-0.0764303207397461,1.3449601,0.2767259180545807,-0.31726956,-0.05521821975708008,1.5763626,-0.6027728915214539,-1.2992849,0.2371409684419632,-0.45425224,-0.03983752056956291,-0.34602198,0.0741891860961914,0.953263,-0.133279487490654
71,8,136,5,-1.6825074,0.024154027923941612,-1.6851997,0.13368017971515656,0.7670336,-0.4552581310272217,2.4495409,-0.4953857362270355,-1.4885855,-0.14489586651325226,-0.7747733,-0.43330827355384827,-1.1491817,-0.17347843945026398,0.33940378,0.04368813708424568
72,8,135,5,1.5161004,-0.5573635101318359,1.0669764,0.8927462697029114,-0.5424184,-0.2057381421327591,-2.058519,0.5567522048950195,1.2522154,-0.47021961212158203,1.7589058,-0.9849030375480652,0.5182953,-0.1799805909395218,-0.7339201,0.29023900628089905
73,12,125,5,-0.038796585,-0.46468910574913025,-0.24113972,-0.3508070409297943,-0.30376133,-0.25948214530944824,-0.26496473,2.6305517167202197e-05,-0.74824935,-0.07590421289205551,-0.5488653,-0.48970094323158264,-0.024879297,0.0067812600173056126,0.7233701,0.509924590587616
74,9,117,5,-2.4135299,-1.6859130859375,-2.70131,-0.7244254946708679,-3.7884643,-0.18574397265911102,-1.3749346,1.5646233558654785,0.27837053,-0.05249055102467537,-3.3684208,-0.43725714087486267,-3.2272594,-0.5703957676887512,-3.5056298,-0.31088384985923767
75,9,126,5,0.54914457,-0.08846601098775864,-0.53770065,-0.8637270927429199,-0.51243085,0.1244502067565918,-1.0615754,0.38883495330810547,-1.9222959,-0.08624140173196793,-1.0847288,-0.048359233886003494,-0.09924793,-0.1807277947664261,1.823048,-0.09448639303445816
76,8,131,5,-1.8367056,-0.23613953590393066,-2.2757204,-1.1297893524169922,-0.5078371,-0.6165779829025269,1.3288684,-1.1154690980911255,0.5573034,0.0860910415649414,-0.07046255,0.3794501721858978,-0.18400764,0.3212836682796478,-0.7413111,0.2786342203617096
77,10,145,5,-0.3855796,-0.6402948498725891,-0.84751767,-0.40688252449035645,-0.20603926,0.07266553491353989,0.17954032,0.549602210521698,0.48496342,-0.3110694885253906,-2.6594589,-0.14321072399616241,0.45714697,-0.6667483448982239,-0.027816454,0.23824374377727509
78,11,145,5,-2.960307,0.4423915445804596,-2.2358642,0.037726402282714844,-3.2736359,-0.08805307000875473,-0.31332874,-0.5304446220397949,-2.643483,-0.8692572712898254,-2.7769308,-0.2601254880428314,-2.26957,0.11783250421285629,0.3739128,-0.28727564215660095
79,9,145,5,-1.9058743,-1.2166880369186401,-1.860588,-0.8824785351753235,-1.3827935,-1.192570686340332,0.52308065,-0.16247494518756866,-0.2253135,-0.19034671783447266,-0.90824413,-0.2580893933773041,-1.7194872,-0.4832814633846283,-1.4941736,-0.14708106219768524
80,8,75,5,0.71450907,-0.6831042170524597,1.4084663,0.1642693728208542,0.44875804,0.09910837560892105,-0.26575103,0.19038327038288116,-0.7503459,0.21691067516803741,0.5467186,0.15817038714885712,1.0162349,0.055744487792253494,1.7665807,-0.143502876162529
81,13,138,5,-0.64430237,-0.10305198282003403,-1.7061919,-0.26025786995887756,-1.4415398,-0.6997731328010559,-0.7972374,-0.26435136795043945,-2.1004622,-0.7612860798835754,-0.9973612,-1.051374077796936,-1.64186,-1.140722632408142,0.45860228,-0.023985544219613075
82,7,139,5,2.6201222,-0.3462270200252533,1.9312674,-0.20668761432170868,1.2805662,-0.5540708303451538,-1.3395561,-0.6578419804573059,0.0013618469,-0.4830970764160156,0.8693072,0.19466431438922882,0.9513054,0.011565208435058594,0.94994354,0.32470211386680603
83,4,112,5,2.8500774,-0.7604274749755859,0.36902204,-0.7226462960243225,0.6119198,-1.4997177124023438,-2.2381573,-1.2111592292785645,0.89354295,-1.644616723060608,2.5962207,-1.7151514291763306,0.17341392,-1.9242525100708008,-0.720129,1.146893858909607
84,4,98,5,-3.211134,-1.6577645540237427,-3.5306776,-2.2605464458465576,-5.003408,-1.2012200355529785,-1.792274,0.45654454827308655,-7.55004,-0.7225494384765625,-4.0663486,-1.2538223266601562,-4.6304297,-1.0741866827011108,2.9196098,0.15534162521362305
85,10,122,5,-0.5779287,-0.45071491599082947,-0.90844566,0.2751893997192383,0.108561836,0.9245734214782715,0.68649054,0.955772876739502,-1.8555418,0.5463574528694153,0.20805772,-0.0166905727237463,0.47497907,0.2438996583223343,2.3305209,0.11373361200094223
86,10,133,5,-1.6338286,0.07072146981954575,-0.6876433,-0.4055212438106537,0.28314638,-0.39198145270347595,1.916975,0.09848364442586899,-1.0766563,-0.7042989730834961,-1.2595263,0.062018394470214844,-0.6515543,-0.29839515686035156,0.42510208,0.12175115197896957
87,14,158,5,-0.47353235,-0.047711532562971115,-0.65304536,-0.09527190774679184,-0.6747839,-0.7540127635002136,-0.2012515,-0.43353334069252014,-0.123602234,-0.7529020309448242,0.04133765,-0.3145112991333008,0.3711319,0.3307110369205475,0.49473414,0.8504645228385925
88,8,97,5,-2.1068356,-0.09128507226705551,-1.9355239,-0.7845794558525085,-0.8801262,-0.4454744756221771,1.2267095,-0.6335193514823914,-1.6922251,-1.3278661966323853,-2.6646128,-0.7316004633903503,-0.34840026,-1.0058599710464478,1.3438249,0.3220062255859375
89,8,142,5,-0.8819936,-1.5518351793289185,-1.3292466,-1.160887598991394,-0.767121,-0.6958075165748596,0.11487261,0.4575772285461426,-2.0488508,-0.7372357249259949,-1.7918619,-0.8490152359008789,-1.5465689,-0.5122855305671692,0.50228184,0.24917888641357422
90,4,119,5,-0.033840418,-2.0406055450439453,0.90021604,-0.9459697604179382,-1.5207801,-1.0434097051620483,-1.4869398,0.9002580642700195,-0.9430297,-1.2779607772827148,-2.044614,-2.302946090698242,-0.4887031,-1.5165399312973022,0.45432663,-0.3384300768375397
91,7,128,5,-2.1092246,-0.557586133480072,-0.7025499,-0.0037208397407084703,0.3637645,0.2752976417541504,2.472989,0.8328837752342224,-0.28021654,0.842376708984375,0.33318934,0.5803282856941223,0.92310685,-0.1510060578584671,1.2033234,-0.7091347575187683
92,6,133,5,-2.7188103,0.742120087146759,-0.5668703,1.1710222959518433,-1.1590964,0.6508974432945251,1.559714,0.15339262783527374,-1.4270893,0.37931475043296814,0.5020297,-0.7340485453605652,-0.8795147,1.2867242097854614,0.5475747,0.23450851440429688
93,13,99,5,-0.56926125,-1.4815030097961426,-0.8035326,0.030107975006103516,-0.9183426,-0.031984489411115646,-0.34908137,1.2497066259384155,-1.191754,-0.006781896110624075,-1.1611763,-0.1363382339477539,-1.4729913,-0.04806772992014885,-0.28123727,0.4871133267879486
94,8,114,5,-1.3465778,-0.7470448613166809,-0.6659003,-0.49836692214012146,-0.7583596,-0.166762113571167,0.5882182,0.49504590034484863,-0.093818665,0.25739192962646484,-0.6134446,0.2110780030488968,-0.25497246,0.32231903076171875,-0.1611538,0.2169392853975296
95,8,141,5,1.9648298,-0.42215028405189514,1.1986446,-0.3678855895996094,0.63951236,-0.07300877571105957,-1.3253175,0.34914150834083557,0.17872603,-0.020925840362906456,2.9457715,0.525843620300293,0.013261636,-0.34008312225341797,-0.1654644,1.2184737920761108
96,7,100,5,-0.14215748,0.567416250705719,0.46183887,0.43805932998657227,0.10716685,0.021990617737174034,0.24932432,-0.8044894337654114,-1.5738319,-0.5773983001708984,0.17922752,-0.4940052032470703,0.03883775,-0.011439005844295025,1.6126696,0.5291687846183777
97,9,142,5,-1.0899806,0.4309227466583252,-0.44098186,0.5448247790336609,-0.08563153,0.04079747200012207,1.0043491,-0.29638853669166565,-0.9093978,0.2841978073120117,-0.8002669,0.13838768005371094,-1.6063906,-0.1254781037569046,-0.6969929,-0.11920229345560074
98,6,143,5,-1.6999493,-0.8438644409179688,-1.3172573,-1.6556106805801392,-1.5299845,-0.5584105849266052,0.16996479,-0.5512018203735352,-2.3541567,-0.6865946650505066,-2.558876,-1.1559816598892212,-2.6430023,-0.8566834330558777,-0.2888454,0.6036469340324402
99,8,130,5,-2.2875218,-2.0183351039886475,-2.7011986,-0.5713219046592712,-2.3108041,-0.41910886764526367,-0.02328221,0.9459307193756104,-1.6326643,-0.11937697976827621,-3.2369406,-0.7476291656494141,-0.91749287,-0.9403737187385559,0.7151715,-0.6481170654296875
100,8,141,5,0.13366635,-0.041338760405778885,0.28016362,-0.3112330436706543,0.99641275,0.10191583633422852,0.8627464,0.2695145606994629,-0.55662185,-1.5367097854614258,-0.6802438,-0.1635538786649704,0.5762604,-0.13397884368896484,1.1328822,1.4502350091934204
101,13,156,5,-4.171042,0.07947269827127457,-1.7711592,-0.8116026520729065,-2.9681044,-0.045060236006975174,1.2029377,-0.12453293800354004,-2.457863,-0.19873587787151337,-3.416375,-0.8439731597900391,-2.5498188,0.27929940819740295,-0.091955505,0.4780353009700775
102,9,132,5,1.9768349,-1.1611384153366089,-0.6338244,-0.6393623352050781,-0.8633725,0.4967409372329712,-2.8402073,1.117472767829895,-0.745444,-0.18604183197021484,0.24635346,0.0776723250746727,-2.0657043,-0.24718506634235382,-1.3202604,-0.0017077127704396844
103,8,125,5,-1.9591298,-0.1394767016172409,-2.568418,0.2525801658630371,-0.31680563,0.4277432858943939,1.6423241,0.839063823223114,-0.8045775,-0.4082867205142975,-0.65745926,0.8635657429695129,0.007247289,-0.4330892562866211,0.8118248,-0.35813045501708984
104,5,106,5,-0.65057325,-0.7709668278694153,-0.2227941,-1.360923171043396,-0.2759098,-0.5002930760383606,0.37466344,0.6690619587898254,0.24144697,-1.006207823753357,-1.291489,-0.19607417285442352,0.038648922,-0.330218642950058,-0.20279805,0.6231568455696106
105,8,126,5,-1.1350259,-0.16954629123210907,-0.60752946,-1.0805546045303345,-0.9177659,-0.45440998673439026,0.21725988,-0.2848637104034424,-0.17391331,-0.10281118005514145,-1.7427454,-0.04348309710621834,-0.20534325,-0.02306111715734005,-0.031429928,0.2240651398897171
106,13,112,5,0.82065517,-0.15501578152179718,-0.5607788,-0.258544921875,-0.8825982,0.31487593054771423,-1.7032534,-0.018490513786673546,0.97193366,-0.7145910263061523,-1.2006687,0.20637671649456024,-0.25913525,-0.11549314111471176,-1.231069,0.5990979075431824
107,8,112,5,1.4119135,0.4717777669429779,0.11754545,-1.700759768486023,0.068016686,0.7314786911010742,-1.3438969,0.2597009241580963,0.8051627,-0.679642379283905,-0.74015075,0.7403271794319153,1.0387732,0.14591534435749054,0.23361047,0.7961416244506836
108,7,108,5,-0.4790295,-0.29649654030799866,-1.2137284,0.2164202481508255,0.27091298,0.4019629955291748,0.7499425,0.5230399966239929,-0.16276805,1.3238979578018188,-0.6174275,0.7613700032234192,-1.5040411,0.3365507125854492,-1.341273,-0.9873473048210144
109,5,126,5,-1.9768295,0.2586136758327484,-3.4939213,-0.1466829776763916,-2.9989834,0.1540694236755371,-1.022154,0.41637611389160156,-0.031350136,-0.3680442273616791,-3.4124424,0.19877593219280243,-0.18539906,-0.3209972381591797,-0.15404892,-0.14584796130657196
110,9,123,5,-2.5871527,-0.8208572268486023,-3.4242656,-1.1899603605270386,-3.547311,-0.30343952775001526,-0.96015835,-0.003062089206650853,-3.3642366,-0.6228275299072266,-2.6976864,-0.45240721106529236,-3.5557153,-0.9119243621826172,-0.19147873,0.02083619497716427
292,9,144,5,-0.31776252,-0.3981590270996094,0.5976555,-0.9035336375236511,-1.5127057,-0.9501816630363464,-1.1949431,-0.2394723892211914,1.3210646,-0.8469597697257996,-1.0878357,-0.7116918563842773,-1.9765908,-0.08832677453756332,-3.2976553,0.10678418725728989
293,7,116,5,-1.9962373,-0.3268856108188629,-1.0486649,-0.8788909912109375,-1.1651312,-0.27449092268943787,0.831106,0.14623355865478516,1.2126449,-0.3883320391178131,0.63515884,0.3212858736515045,0.036204975,-0.05492909625172615,-1.1764399,-0.41911473870277405
294,7,131,5,0.5226337,-0.4186840057373047,0.63845676,-0.17320744693279266,-1.2462208,0.7812727093696594,-1.7688545,1.1999567747116089,-2.1494734,-0.8402185440063477,-1.4304953,-0.5563201904296875,-0.7803054,0.15937964618206024,1.3691682,0.7458521723747253
295,8,131,5,0.72904927,-1.4460463523864746,0.18206184,-0.51915043592453,-0.9621585,0.2799220085144043,-1.6912079,0.7808465361595154,-0.3300756,-0.35971975326538086,-1.4146715,0.16560395061969757,-0.22084904,0.17192618548870087,0.10922655,0.5523036122322083
296,10,144,5,-1.7794021,-0.028874874114990234,-1.3302287,-0.9179776310920715,-0.37727848,-0.041422128677368164,1.4021238,-0.23370330035686493,-0.08366283,-0.2250804901123047,-0.698692,-0.22841262817382812,-0.21815412,0.2287149429321289,-0.13449128,-0.2002909928560257
297,10,140,5,0.17652003,-0.5265412330627441,-0.9232847,-0.04660288617014885,-0.4701101,0.15222804248332977,-0.6466301,0.6787692904472351,-2.3211644,0.015346527099609375,-0.9464658,0.7979106903076172,-0.03321616,-0.4655326306819916,2.2879484,0.037822723388671875
298,10,113,5,0.66852266,0.14112789928913116,-0.84109944,0.21679098904132843,-1.3086985,0.06972455978393555,-1.9772211,0.5029730796813965,-0.10288366,-0.5051224827766418,-0.097841896,-0.3668693006038666,-0.32157263,-0.13085715472698212,-0.21868896,0.11761856079101562
299,8,133,5,2.6995385,-0.004192034248262644,0.7566287,0.11450815200805664,0.85655975,0.23080666363239288,-1.8429786,0.9193107485771179,-0.08607292,0.49152055382728577,0.7851642,-0.9684066772460938,-0.47665882,0.02803007699549198,-0.3905859,-0.10886764526367188
300,7,130,5,-1.0280843,0.026676973327994347,-3.2252357,-0.03946828842163086,-2.4542649,-0.3921149671077728,-1.4261807,-0.5861825346946716,-0.96266174,-0.36186981201171875,0.71530026,-0.2395648956298828,-2.7631853,-0.1281299591064453,-1.8005234,0.07131925970315933
301,6,128,5,0.31646934,-1.0706506967544556,-0.5543936,-0.8680610656738281,-1.3657602,0.6644819378852844,-1.6822294,0.13840501010417938,0.9981108,-0.8348477482795715,-1.6946608,-1.2962557077407837,-0.988054,0.5719366073608398,-1.9861647,0.02273527719080448
302,8,135,5,0.6489703,0.05340719223022461,0.15756448,-0.487985759973526,1.7121283,-0.28001293540000916,1.0631579,-0.05088670924305916,-0.6618888,-0.7896397709846497,1.9116331,-1.45379638671875,0.10567411,-0.9282112121582031,0.76756287,0.829971969127655
303,4,110,5,0.16522057,0.5160954594612122,0.54094046,-0.07348593324422836,0.02511414,-0.2242615967988968,-0.14010644,-0.34987005591392517,-5.2269115,0.18626117706298828,-3.3510952,0.11267439275979996,-1.229194,-0.38026776909828186,3.9977176,-0.12620989978313446
304,5,99,5,0.16832907,-0.5267831683158875,0.99712104,0.41916313767433167,0.21930234,0.21295149624347687,0.050973255,0.09512019157409668,0.46546617,-0.4935035705566406,0.81104726,0.6134510040283203,0.9415204,-0.13001346588134766,0.4760542,0.07159646600484848
305,5,124,5,-0.58018357,0.4182932376861572,-0.2903382,-0.08632691949605942,-0.044335444,-1.1793794631958008,0.53584814,-1.6259336471557617,-1.6201845,-0.6863816380500793,-0.60920686,-0.19327609241008759,-0.49549198,0.19882901012897491,1.1246926,0.19127528369426727
306,6,125,5,0.065844215,0.11385583877563477,1.7735726,-0.5026798248291016,-0.8627588,-0.17520761489868164,-0.928603,-0.2890634536743164,-1.0616465,-0.42173829674720764,-0.5887082,-1.3678182363510132,-0.5725282,-0.19751007854938507,0.48911825,0.18832015991210938
307,6,122,5,-1.815982,-0.5738760828971863,-0.08695936,-1.1922430992126465,-0.3148583,-0.22985689342021942,1.5011238,0.6600534915924072,-0.11567243,0.4131202697753906,-0.94734126,0.24840641021728516,-0.8897727,-0.8695729374885559,-0.7741003,0.0844125747680664
308,11,120,5,0.50235075,-0.1130431517958641,0.5351248,-0.7713096141815186,1.8713365,0.48950639367103577,1.3689858,0.8069007992744446,-0.5330613,-0.011365572921931744,-0.21058242,0.10298442840576172,0.30891833,0.15387217700481415,0.8419797,0.6991100311279297
309,6,130,5,-1.8492628,-0.4927699565887451,0.3339111,-0.7464367747306824,-0.46145067,-0.056605417281389236,1.3878121,-0.2683703899383545,-0.028564453,-1.2363182306289673,0.038716633,0.4292259216308594,0.07695516,-0.21770446002483368,0.105519615,0.9721670150756836
310,3,111,5,-1.619212,-0.17324955761432648,-3.5286036,-1.0437196493148804,-1.8890153,-0.173720121383667,-0.26980338,-0.5949470400810242,-0.926589,-1.350998878479004,0.042354584,-1.4266055822372437,-1.3507544,-0.028056779876351357,-0.4241654,0.7339229583740234
311,4,95,5,-0.89751244,0.9757335782051086,-1.697043,0.4100324213504791,-2.416258,0.6321216225624084,-1.5187458,-0.3436119556427002,-2.0211363,0.4086538851261139,-2.675297,-0.06744702905416489,-2.849501,1.3579212427139282,-0.8283647,0.4601777493953705
312,4,123,5,2.8594196,0.09497912973165512,0.23648691,-0.10066858679056168,0.8824571,0.1334400177001953,-1.9769624,0.12126175314188004,1.9434538,-0.5649681091308594,0.8566554,-0.7456271052360535,0.591403,-0.4029487073421478,-1.3520508,0.34681224822998047
313,6,101,5,-1.5227904,-0.22897553443908691,-1.9733739,-0.38162580132484436,-2.334413,-0.05142533779144287,-0.8116226,1.1272976398468018,-0.21392727,-1.074536919593811,-1.2890253,0.049327533692121506,-2.7213345,-0.0695856437087059,-2.5074072,0.4791634976863861
314,7,115,5,-1.0351294,-0.038197994232177734,-1.0918794,-0.20926904678344727,-0.31498113,0.042305707931518555,0.72014827,0.3205035626888275,-1.2492892,-0.03283659741282463,-1.3447918,-0.20532958209514618,-0.24437363,0.23129653930664062,1.0049156,-0.3210426867008209
315,10,127,5,0.22718327,-0.10147110372781754,0.16188018,0.226959228515625,-1.5208788,-0.5580430626869202,-1.7480621,-0.6271796822547913,0.36873403,0.21905040740966797,0.67293614,-0.5376434326171875,-1.0611916,-0.3475170135498047,-1.4299256,0.27306175231933594
316,6,128,5,2.426741,-0.7703943252563477,1.135015,-0.4602440893650055,0.06817762,-0.3844752311706543,-2.3585634,1.2253892421722412,1.2207142,-0.029252687469124794,2.421406,0.49257755279541016,0.7087644,-0.06014760211110115,-0.51194984,-0.030894914641976357
317,7,128,5,1.1381707,-0.0125579833984375,0.7635228,0.06671762466430664,1.3286129,-0.4348595142364502,0.19044209,-0.17188572883605957,-0.88586426,-1.0226396322250366,-0.20846748,-0.5314976572990417,-0.5431614,-0.6206843256950378,0.34270287,0.37220415472984314
318,9,110,5,1.335653,0.208273246884346,0.332242,0.19181840121746063,1.0349928,0.4318273961544037,-0.30066016,-0.06120443344116211,1.1649942,-0.6823660731315613,0.17326196,-0.1718893051147461,-0.013257027,-0.32196393609046936,-1.1782513,0.4123104512691498
319,8,120,5,1.7498035,-0.4645250737667084,0.15999818,-0.30247607827186584,0.2794497,-0.4615457057952881,-1.4703537,-0.6147415637969971,-1.014767,-0.18841171264648438,-0.20797189,0.3394508361816406,-0.002969106,0.0750824585556984,1.0117979,-0.06738821417093277
320,9,130,5,1.0672315,-1.0654990673065186,0.80615044,0.5779067873954773,-0.07945045,-0.257661372423172,-1.1466819,0.38188543915748596,0.9279545,-0.05207665637135506,0.9371214,-0.04224173352122307,-0.7515057,-0.6629009246826172,-1.6794602,-0.5432186126708984
321,9,124,5,0.6952111,-1.3489433526992798,-1.3556491,-0.7014350891113281,0.7693693,-0.6677940487861633,0.07415819,0.27321505546569824,0.9097236,-0.31772708892822266,-0.57760364,-0.03683916851878166,1.0451046,-0.3016144335269928,0.13538106,0.9982986450195312
322,9,122,5,-0.82128984,-0.49111127853393555,0.26436782,0.055620353668928146,-1.0009439,0.14331333339214325,-0.17965405,0.3744681775569916,1.0129789,-1.1439300775527954,-0.023374876,0.37186112999916077,-0.008091609,-0.26943492889404297,-1.0210705,-0.0070896148681640625
323,11,149,5,-2.0589159,-0.5974113345146179,-1.4269757,-0.9744160771369934,-1.7568299,-0.1252439022064209,0.30208597,0.22835461795330048,-1.3533672,-0.18503792583942413,-0.919645,0.015252749435603619,-2.3056917,0.20546849071979523,-0.95232457,0.11022377014160156
324,9,145,5,-2.2840002,-0.7337577939033508,-1.696208,-0.895207405090332,-1.42659,0.25468000769615173,0.8574102,0.988437831401825,-0.93412685,-1.3947257995605469,-0.17488861,-0.6356296539306641,-1.214695,-0.3993968963623047,-0.28056812,0.19413025677204132
325,8,133,5,-1.3219223,-0.8493911623954773,0.48969302,-1.0032655000686646,-0.56751996,-0.19150014221668243,0.75440234,-0.10688900947570801,-0.12062963,-0.4844226837158203,-1.0360285,-0.27669715881347656,0.25500455,-0.17295582592487335,0.3756342,-0.3704643249511719
326,9,123,5,1.8955822,0.35271644592285156,1.0949249,0.20996935665607452,0.77011186,-0.28119778633117676,-1.1254703,-0.029756149277091026,1.3365866,-1.0208336114883423,-0.1542902,-0.5353984832763672,1.8561169,-0.3662780225276947,0.5195303,0.1994304656982422
327,8,123,5,-0.62348205,-0.6170654296875,0.6322844,-0.6605457663536072,-0.80580014,-0.6269132494926453,-0.18231805,0.20761585235595703,-0.4854323,-0.7110058665275574,-0.68773395,-0.021412530913949013,-0.94922733,-0.45131492614746094,-0.46379504,-0.17442798614501953
328,6,122,5,-0.15582855,-0.6761110424995422,0.31690726,-0.08996057510375977,-1.0215744,0.03436676785349846,-0.86574584,0.5640966296195984,0.60313416,0.49111175537109375,0.4648428,-0.03513908386230469,0.04850896,-0.2585725784301758,-0.5546252,-1.5988893508911133
329,5,137,5,0.1337568,0.8596222400665283,0.2886847,-0.4778811037540436,-0.7895542,-0.026148954406380653,-0.92331094,-0.14197134971618652,0.43329272,-0.056453388184309006,2.3287685,-0.35550403594970703,-0.6180258,-0.5740175247192383,-1.0513185,-0.0737355574965477
330,7,128,5,-1.0303648,-0.7779154777526855,0.31806645,-0.06273031234741211,-0.46588907,-0.505183756351471,0.5644757,0.8858516812324524,0.22514121,0.22067610919475555,-1.4830221,-0.310004860162735,0.3667369,-0.14849472045898438,0.14159568,-0.19473393261432648
331,9,140,5,0.6100097,0.1402120590209961,0.7977379,-0.4431184232234955,-0.12201556,-0.9120151400566101,-0.7320252,-0.5349116921424866,0.14287949,0.17415554821491241,0.10567951,-1.2356802225112915,0.07850456,-1.1183710098266602,-0.06437492,-0.5297800898551941
332,10,143,5,-0.48440385,-0.6175233721733093,0.27954802,-0.6593934893608093,-0.36764908,-0.24490101635456085,0.11675477,0.36849117279052734,-0.8779027,-0.28298696875572205,0.053080875,-0.020567575469613075,0.6067832,-0.6964142918586731,1.4846859,-0.24687354266643524
333,11,124,5,1.7659897,-0.2349158078432083,1.1246657,-0.7884221076965332,0.14228082,0.08357874304056168,-1.6237088,-0.0831846371293068,0.8020404,-0.320556640625,-0.11417834,0.04882240295410156,1.0586872,0.033905982971191406,0.25664678,0.3544626235961914
334,4,110,5,0.53291655,0.19176483154296875,-0.6707163,0.12051907926797867,-0.6524494,-0.4547004699707031,-1.185366,-0.6464653015136719,-2.6465514,-1.1179739236831665,-0.15988667,-0.5671488642692566,0.85711193,0.09387429803609848,3.5036633,1.2533550262451172
335,5,125,5,-2.9872112,-0.5031137466430664,0.274999,-0.3670872151851654,-1.2325131,0.2211589813232422,1.7546986,-0.3518822193145752,1.0444857,-1.0653257369995117,-0.012449901,0.30768680572509766,0.37150288,0.05488840863108635,-0.6729829,1.1476472616195679
336,10,133,5,-1.6652261,0.4856535494327545,0.97862035,-0.5990535616874695,-0.06893388,-0.12719233334064484,1.5962924,-0.19869787991046906,-0.029232025,0.07361221313476562,-0.22498767,-0.6211411356925964,-0.91128856,-0.11409950256347656,-0.88205653,-0.5175469517707825
337,4,106,5,-2.4113824,0.4794163703918457,-1.3932244,-0.6808061599731445,-0.49298382,-0.8561779856681824,1.9183985,-0.570024311542511,-1.3278036,-1.3565019369125366,-1.2104717,-0.8588377833366394,-2.014921,0.22184117138385773,-0.6871173,0.927581787109375
338,11,144,5,-0.9547213,-0.4970633089542389,0.056248587,-0.4088980257511139,-0.95232034,-0.2905690670013428,0.0024009545,-0.4202102720737457,-0.8732195,-0.7839791178703308,-0.61115867,-0.0977468490600586,-0.2215786,-0.05678844451904297,0.6516409,0.5803537368774414
339,6,141,5,0.055380028,-0.03849617764353752,-1.072421,-0.5150551795959473,-1.2936411,0.22380225360393524,-1.3490211,0.44953370094299316,-3.1491587,-0.22260506451129913,-2.4314373,-0.4155921936035156,-0.8890479,0.4360373914241791,2.2601109,0.8217150568962097
340,6,105,5,-1.0672092,-0.47267016768455505,0.65174884,-0.39509955048561096,-0.8484128,-0.23575417697429657,0.21879642,0.02779809571802616,-0.5910969,-0.6874672770500183,0.60827446,-1.0502357482910156,0.07766088,-0.1812887191772461,0.66875774,-0.6748936772346497
341,5,97,5,-1.4831213,0.06753603368997574,-1.1429223,-0.39970096945762634,-0.49441466,0.31137815117836,0.9887066,0.24384212493896484,0.14894994,-0.4785451889038086,-0.5582492,0.02948983572423458,-1.318149,-0.25743356347084045,-1.4670988,-0.14841778576374054
342,8,103,5,-1.5657164,0.6400253176689148,-1.5204172,0.2501281201839447,-1.2525792,-0.3584617078304291,0.3131372,-0.9984869956970215,-0.78849155,-0.6876751780509949,-0.49637604,-0.11750379949808121,0.27969614,0.46649011969566345,1.0681877,0.43150457739830017
343,12,140,4,-1.6032524,-0.9433427453041077,-2.8120496,-1.3121891021728516,-1.8464857,-0.5288345217704773,-0.24323337,0.40036508440971375,-3.356198,-0.3247320055961609,-2.7593822,-0.19838571548461914,-2.426919,0.1100778579711914,0.929279,0.4348098337650299
344,3,117,5,-3.183934,-0.12403595447540283,-0.2462991,-0.5611231923103333,-2.0892882,-0.4591587483882904,1.0946456,0.03368115425109863,-1.0765043,0.13554954528808594,-0.2173872,-0.27088800072669983,-1.1442236,-0.07606665045022964,-0.06771914,-0.21161620318889618
345,5,120,5,1.9830974,0.8144989013671875,-0.22420835,0.6636595726013184,0.04668347,-0.48726463317871094,-1.9364141,-1.0715452432632446,-1.196085,0.0566355399787426,-0.7585389,-0.7693554759025574,-0.8556277,0.11845652014017105,0.3404573,0.07253646850585938
346,6,122,5,-0.4518524,-0.07919057458639145,-2.9405186,0.20404045283794403,-0.84404236,0.6146450042724609,-0.39218998,0.5703164935112,-2.0117662,0.39029502868652344,-0.1869014,-0.08237997442483902,-0.053356808,-0.11253007501363754,1.9584093,-0.10451857000589371
347,6,124,5,-0.18447113,-0.5443136096000671,0.021360079,-0.19853289425373077,-1.1298859,0.17577902972698212,-0.9454148,0.5691792368888855,0.32759252,-0.013910293579101562,0.31082153,1.109838843345642,-1.0023155,-0.043979328125715256,-1.329908,-0.4500088691711426
348,4,111,5,-0.8705044,0.11781724542379379,-0.028928757,-0.311635822057724,-0.96476,0.0124727888032794,-0.094255604,-1.0923672914505005,1.2564634,0.4071747362613678,-1.1997064,-1.1553192138671875,-1.103681,-0.2107969969511032,-2.3601444,-0.6179717183113098
349,7,92,5,-1.7391534,-0.16451287269592285,0.122899055,-0.16870634257793427,-1.2378527,0.23394465446472168,0.50130075,0.16800165176391602,-2.5456164,-1.0459924936294556,-0.082256,-0.10042985528707504,-1.1968336,-0.3096564710140228,1.3487829,0.4379386901855469
350,5,119,5,-1.0780177,0.2135957032442093,-0.22842725,-0.2395104616880417,0.08519157,-0.42578554153442383,1.1632093,-0.6710627675056458,-3.9358842,-0.7315349578857422,0.07855257,-0.8475077748298645,-0.7316675,0.0999816283583641,3.2042167,0.8620243072509766
351,8,122,5,1.3061454,0.10881980508565903,-0.47342125,-0.01324955653399229,-0.16870539,-0.44639334082603455,-1.4748508,-0.40029439330101013,-0.8596398,0.03751182556152344,-0.08162848,-0.7829999923706055,-0.07460817,-0.5043026804924011,0.7850316,-0.07364305108785629
352,8,124,5,-2.8442993,0.27644506096839905,-2.9558697,-1.4049038887023926,-3.8805435,0.13744933903217316,-1.0362443,0.057792264968156815,-2.7436047,0.40887752175331116,-2.389179,0.49589666724205017,-2.9692852,0.1973622590303421,-0.22568066,-0.6453415751457214
353,7,126,5,-4.4061627,-0.24314753711223602,-2.385872,-0.7509966492652893,-1.9589672,0.1039886474609375,2.447196,0.43100109696388245,-1.6833042,-1.9274858236312866,-1.833314,-0.29116091132164,-3.6921883,0.17670376598834991,-2.0088842,0.5609102249145508
354,4,114,5,0.6393741,0.42029762268066406,0.43659988,-0.920234203338623,-0.50725174,0.4508747160434723,-1.1466259,0.3091689646244049,-1.6182709,0.37333202362060547,-0.18980026,0.1932506561279297,-0.8320551,-0.3054863512516022,0.7862158,-0.5761629939079285
355,8,131,5,-0.0005513827,-0.03357553482055664,-0.33100668,-0.43073877692222595,0.009276549,-0.9220362305641174,0.009827931,-0.07764061540365219,-0.28812727,-1.2180885076522827,0.43575796,-0.5732011795043945,-0.104328476,0.12490304559469223,0.18379879,1.522290587425232
356,5,122,5,-0.302173,-0.6188481450080872,0.20760608,0.034631889313459396,-0.04403003,0.4854244291782379,0.25814295,0.8279593586921692,1.6481485,0.21836917102336884,-0.06677564,0.11373551934957504,-0.19986217,-0.09038957208395004,-1.8480107,-0.34705671668052673
357,8,140,5,0.24678986,-0.8409320712089539,-0.55444384,0.1520656794309616,0.24941969,-0.13882477581501007,0.0026298363,0.19636519253253937,-2.468562,0.6148341298103333,-0.20223172,-0.050650596618652344,0.09746043,0.02313963510096073,2.5660222,-0.3410358428955078
358,9,100,5,-1.5081156,-0.2759186327457428,-0.9759714,0.20658381283283234,0.89577395,0.4573420584201813,2.4038897,-0.052110593765974045,-0.059210777,0.3602466583251953,-0.75331116,-0.6501976847648621,-0.4889358,-0.1808207780122757,-0.42972502,-0.4934937059879303
359,5,107,5,-0.124481834,0.040853023529052734,0.25010285,-0.865896999835968,-0.75107354,-0.8651580214500427,-0.6265917,-0.9839403629302979,-5.502697,-0.8566856384277344,-1.4650745,-0.5777813792228699,-2.1604233,-0.1492249220609665,3.3422735,0.3101828992366791
360,10,71,5,-0.6008057,-0.7022311091423035,-0.6451395,-0.606834888458252,-0.3342239,-0.8259592056274414,0.26658177,-0.27553272247314453,-0.6636384,0.2505890429019928,-0.69176865,-1.287591576576233,1.0036026,0.007232347968965769,1.6672411,-0.24335670471191406
361,9,112,5,-0.6488075,-0.393989235162735,-0.5906232,0.5966549515724182,0.130709,-0.10467791557312012,0.7795165,0.25631698966026306,0.875144,-0.3559916913509369,0.89508724,-0.8789396286010742,0.055609703,-0.025920232757925987,-0.8195343,0.2524057924747467
362,13,144,5,0.25298834,-0.0721643790602684,1.2851816,-0.052304428070783615,-0.20696513,0.2517072260379791,-0.45995346,0.3977014124393463,0.1783266,0.016582807525992393,-0.5375621,-0.6113230586051941,0.95368385,-0.22400856018066406,0.77535725,-0.2332477569580078
363,12,133,5,-1.0872993,0.23612038791179657,0.568521,-0.4632498323917389,-0.29605928,0.10938143730163574,0.79124004,0.21937187016010284,-1.1258087,0.01728057861328125,-1.3425694,0.5471668243408203,-0.7143364,0.17468197643756866,0.41147232,0.3531522750854492
364,9,131,5,0.0430638,-0.5313532948493958,0.50471926,-1.0125077962875366,-0.35515785,-0.2986427843570709,-0.39822164,0.2622484266757965,0.9331646,-1.6279398202896118,0.6102514,-0.5107313990592957,-0.37514338,-0.060344696044921875,-1.308308,0.9263779520988464
365,6,127,5,-1.3719038,-0.5243130326271057,-0.9570432,-1.4377042055130005,-0.6245044,-0.23736540973186493,0.74739933,0.4897465705871582,-2.0483415,-1.0350977182388306,-2.273967,-0.2168334275484085,0.78740185,-0.38724103569984436,2.8357432,0.6478567123413086
366,7,125,5,-3.196398,-1.8725277185440063,-2.0094998,-0.24483871459960938,-1.3911214,-1.3625202178955078,1.8052768,0.7542546391487122,-1.560244,-0.41733518242836,0.10893408,0.5153319239616394,-0.32904243,-0.5583575367927551,1.2312015,0.06765588372945786
367,7,120,5,-0.05942297,-0.5897300839424133,0.058101892,-0.0864003524184227,-0.30935487,-0.0957692489027977,-0.24993189,0.10411754995584488,0.9086189,-0.6407546997070312,0.49205557,-0.014827728271484375,0.16272895,0.28260549902915955,-0.74588996,1.0524917840957642
368,4,123,5,-1.5370455,-0.7367655634880066,-0.6482951,-1.89508855342865,0.8462944,0.0824131965637207,2.38334,0.3672596514225006,-5.0369754,-0.5002225041389465,1.1020107,-0.05488745495676994,0.3109595,0.407172828912735,5.3479347,1.210932731628418
369,7,111,5,2.0687044,-0.16266298294067383,2.4702284,0.847119152545929,0.2640926,-0.7280295491218567,-1.8046118,-0.2679901123046875,-0.8180701,0.35595574975013733,2.0985644,0.9922358393669128,0.046830814,0.0494486503303051,0.8649009,-0.3065071105957031
370,6,119,5,-0.7919499,-0.17381589114665985,-2.0853164,-0.7070996165275574,0.9075288,-0.3967461585998535,1.6994786,-0.22610552608966827,1.003157,-1.1972993612289429,-0.8745839,-0.4456787109375,-0.87078094,0.1918274611234665,-1.873938,0.45421695709228516
371,6,123,5,1.2509415,-0.7609917521476746,-0.03932492,0.1323375701904297,-1.4407024,-0.19636066257953644,-2.691644,0.4710780680179596,-1.2480812,-0.4909343719482422,0.050052006,-0.5576708912849426,-0.57777053,-0.17553456127643585,0.6703107,0.6235494613647461
372,7,116,5,-2.8816128,-0.878039538860321,-0.5731793,-1.6608057022094727,-0.60217446,0.15578524768352509,2.2794385,1.3559752702713013,-0.56130856,0.14227421581745148,-1.0204414,-0.6391289830207825,0.15691058,-0.30851587653160095,0.7182191,-0.45079007744789124
373,8,119,5,-2.046565,0.41758283972740173,-0.9366109,0.24484364688396454,-0.051327944,-0.3030146658420563,1.995237,-1.026661992073059,0.20336628,-0.24757353961467743,-0.045675594,-0.35662969946861267,-0.32474455,0.013667424209415913,-0.5281108,0.45502886176109314
374,9,120,5,-0.6590025,-0.05427916720509529,-1.8225449,0.05067745968699455,-0.7495491,-0.5450919270515442,-0.09054661,0.19385004043579102,-1.6275301,-1.1651102304458618,-1.7941799,-0.9467694163322449,-0.15430991,-0.46632036566734314,1.4732202,0.7584803700447083
375,4,90,5,1.6608353,0.12841637432575226,-0.32629666,-0.5198941230773926,-0.58029413,0.014454126358032227,-2.2411294,-0.11396229267120361,-0.059664726,0.6923872828483582,-0.7648204,0.36159706115722656,0.40133634,-0.04759979248046875,0.46100107,-1.219992995262146
376,9,113,5,-0.7901077,0.9254937171936035,-0.56416327,-0.05301221087574959,-0.7868503,0.07325681298971176,0.0032574337,-0.17001979053020477,-1.2117685,-0.6299718022346497,-0.21151066,0.23514652252197266,-0.30207124,-0.31699052453041077,0.90969723,0.10331503301858902
377,10,132,5,-0.64263564,0.3292625844478607,-0.103484,-0.08757177740335464,-2.0860493,-0.6690407395362854,-1.4434137,0.201909139752388,-0.18629901,-1.4638071060180664,-1.4150578,-0.9747079014778137,-0.83813447,-0.35845819115638733,-0.65183544,0.9678500294685364
378,6,97,5,-1.0208863,-0.16082890331745148,-1.4759492,0.45870471000671387,0.0045710406,-0.7082962989807129,1.0254574,-1.1538313627243042,0.04060777,-0.7024514079093933,-2.0227957,-0.2801860272884369,-0.42493153,0.03858025744557381,-0.4655393,1.015393853187561
379,6,83,5,0.91038847,-1.6796928644180298,0.45545468,-0.15059955418109894,-0.25085545,-0.39169231057167053,-1.1612439,1.1691190004348755,-0.5789382,0.6084668040275574,1.6466433,0.5393969416618347,-0.45373884,0.38944053649902344,0.12519932,-0.11234156042337418
380,7,114,5,-1.5616287,-0.5140644907951355,0.19460352,-0.692624032497406,-1.0870751,-0.2105211466550827,0.47455367,-0.9419496655464172,0.34814453,0.3637717664241791,-0.99687576,-0.5371230244636536,0.3388106,0.5336424708366394,-0.009333928,0.18561172485351562
381,8,115,5,-0.55208755,-0.9931947588920593,-1.3596529,-0.8696905970573425,-0.28419814,-0.9771698117256165,0.2678894,0.016024908050894737,-1.1493152,-0.011596043594181538,-0.44503435,-0.2156635969877243,-1.3899246,-0.7812125086784363,-0.24060948,-0.25446829199790955
382,4,124,5,-0.48139238,-1.1962008476257324,-5.9263406,-0.7434894442558289,-1.0657021,-1.4402204751968384,-0.58430964,-0.47053685784339905,-1.5118271,-1.0176976919174194,-2.5131845,-1.1490377187728882,-2.0681922,-0.7077767252922058,-0.556365,0.9747712016105652
383,5,110,5,-0.35441622,-1.0876272916793823,-0.8236944,-0.17810392379760742,-0.5837932,0.09825889021158218,-0.22937703,1.1858861446380615,-0.82688457,-1.3196262121200562,-1.338096,0.6507978439331055,0.016126314,-1.0039958953857422,0.8430109,1.0660394430160522
384,11,128,5,-1.0978986,-0.04754273220896721,-1.1133767,-0.12924082577228546,-1.4420285,-0.03439251706004143,-0.34412995,0.03413335606455803,-1.1814274,-0.8992522358894348,-0.5126085,-1.1294740438461304,-0.3305874,0.35875383019447327,0.8508399,1.1331466436386108
385,9,129,5,1.8402616,-0.536421000957489,0.9462212,-0.45832619071006775,-1.6554741,0.13002920150756836,-3.495736,-0.031159082427620888,1.327418,-0.4984149932861328,0.9127207,-0.5393209457397461,-1.2645082,0.18298180401325226,-2.5919263,0.33977794647216797
386,17,142,5,-0.87261134,-0.774965763092041,-0.30353054,-0.723109781742096,0.16509914,-0.5352405905723572,1.0377105,-0.43201780319213867,-0.35584927,-0.3670876920223236,-0.45224857,-0.9146588444709778,-0.17256291,-0.021585145965218544,0.18328635,0.14524777233600616
387,9,135,5,0.20341699,-0.4396478235721588,-2.092941,-0.37515202164649963,-0.27203736,-0.4634428024291992,-0.47545433,0.40243735909461975,-0.20162423,-0.2754923403263092,0.4513019,-0.6644369959831238,0.47853756,0.4013773500919342,0.6801618,0.6768696904182434
388,7,104,5,0.40722004,-0.5058979988098145,1.7770138,-0.5350422859191895,0.65667933,-0.23139996826648712,0.24945927,0.23664776980876923,-1.9392996,-0.9693574905395508,-0.17423184,0.3241240084171295,0.59716827,-0.10952186584472656,2.5364678,0.9910491108894348
389,6,129,5,0.32013917,-1.2289308309555054,0.23212416,0.21316082775592804,-0.5825984,-0.18912477791309357,-0.90273756,0.21604911983013153,-0.078554474,-0.27116426825523376,-0.29649767,0.3444763720035553,0.66484517,0.4196147918701172,0.7433996,0.8486359715461731
390,12,135,5,0.83293873,0.5865986943244934,0.97053295,0.10243701934814453,-0.34732398,0.17424607276916504,-1.1802627,-0.3196050226688385,-1.4816109,-0.29536184668540955,-1.6331196,-0.8050921559333801,-0.4979652,0.023337682709097862,0.98364574,0.31869950890541077
391,10,130,5,0.26452717,0.26680994033813477,-0.2976736,-0.3785586357116699,-0.25002906,0.21059004962444305,-0.51455617,-0.40427884459495544,0.020895958,-0.20831553637981415,-0.27960047,-0.7206875681877136,-0.8279173,-0.15633583068847656,-0.84881324,0.5475772023200989
392,7,100,5,-0.25395903,-0.07492657750844955,0.6543844,0.3301831781864166,-0.37127176,0.3751862049102783,-0.11731275,-0.12639181315898895,-1.7467839,-0.1737712174654007,-1.3428074,0.4302918016910553,-0.93499786,-0.0039354958571493626,0.811786,-0.08397801965475082
393,9,131,5,-1.0910306,0.16793648898601532,-1.1041664,-0.21387164294719696,-0.9830558,-0.3606308400630951,0.10797485,-0.7681567072868347,0.31159654,-1.0590139627456665,0.023600897,-0.32231903076171875,-0.81498975,0.025899887084960938,-1.1265863,0.8683459162712097
394,8,128,5,3.6835907,0.6986579298973083,0.71785,0.9630953669548035,0.8557474,-1.1763957738876343,-2.8278434,-1.2054498195648193,0.77647144,0.13517284393310547,0.2711668,0.8718700408935547,0.29510117,-0.2372913360595703,-0.4813703,0.40299034118652344
395,9,144,5,-0.8744758,-0.8242012858390808,0.121132374,-0.3270927965641022,1.2258892,0.18232028186321259,2.100365,0.34372678399086,-0.5872676,-1.042091965675354,0.1144886,-0.4350945055484772,0.33833218,0.06311289221048355,0.92559975,-0.06023216247558594
396,10,129,5,-1.2860125,0.8978225588798523,-1.0999881,1.0161856412887573,-0.2569345,0.12366167455911636,1.029078,-0.7741608619689941,-1.7631636,0.02640819549560547,1.1149654,0.588790237903595,-0.7916247,0.6512271761894226,0.97153884,-0.054541587829589844
397,8,117,5,-0.35945448,-0.668012797832489,-0.5963645,-0.7773370742797852,-0.676543,-0.12995417416095734,-0.31708845,1.1242270469665527,-1.1146399,-0.8706973195075989,-1.9100599,-0.6776730418205261,-2.5419805,-0.15436935424804688,-1.4273405,0.6845137476921082
398,8,138,5,-2.1360343,0.8992068767547607,0.21289341,0.6670563220977783,-1.4867462,0.8318409323692322,0.6492882,-0.539633572101593,0.023867926,0.40495744347572327,-0.74300385,0.46326732635498047,-0.72519,1.544232726097107,-0.74905795,-0.2566143572330475
399,7,135,5,-0.95812017,-0.23529379069805145,-1.0144166,-0.5419678092002869,-1.0609303,-0.12639744579792023,-0.10281006,0.7814667224884033,-0.5470753,-0.8094396591186523,-0.98954517,-0.13141758739948273,0.11332289,0.4287484586238861,0.6603982,0.5960655212402344
400,11,115,5,-0.75685626,-0.75229811668396,-0.6266718,-0.36549410223960876,-0.63029116,-0.44680270552635193,0.12656514,0.6090152859687805,-1.3742727,-0.22525756061077118,-1.0610447,-1.0788332223892212,-1.9790853,-0.33489879965782166,-0.6048126,0.45519161224365234
401,5,104,5,-0.93067884,-0.9851991534233093,-0.74217707,-0.08350944519042969,-1.357923,-0.8038210868835449,-0.4272442,0.23309564590454102,-0.91565704,-1.304937720298767,-1.7150589,0.12742774188518524,-1.9082365,-0.7952923774719238,-0.99257946,0.6136134266853333
402,7,105,5,-2.2046497,-1.9662666320800781,-1.4392414,-0.47235623002052307,-2.8865278,-0.7525925636291504,-0.68187785,0.7633457183837891,-1.6812378,-0.07265917211771011,-1.3020678,-0.941451370716095,-3.0410964,0.12408033758401871,-1.3598585,-0.15058612823486328
403,9,118,5,0.3652072,-0.31493186950683594,2.1420538,-0.4913283884525299,0.09270009,-1.2645233869552612,-0.2725071,-1.3018279075622559,0.11319383,-1.396977424621582,-0.39218393,-1.7429956197738647,-0.13163026,-2.812117576599121,-0.2448241,-0.43788304924964905
404,5,99,5,-1.7736516,-0.08642339706420898,-2.3636394,-1.296618938446045,1.0588328,-0.37864622473716736,2.8324842,1.288220763206482,-0.8877265,0.07232173532247543,-2.386319,-0.3877544403076172,0.12269179,-0.5707988739013672,1.0104183,-0.39021873474121094
405,8,142,5,-2.145666,-1.6383438110351562,-0.18573904,-1.6336350440979004,-2.7895343,-1.1104010343551636,-0.64386845,0.416583389043808,-0.3312893,-0.5067088007926941,-0.9179907,-0.2704591751098633,-2.2641382,-1.6235719919204712,-1.9328489,0.19648043811321259
406,9,130,5,-1.2381545,-0.2158467024564743,-1.9319052,-0.9083649516105652,-2.09935,-0.22564291954040527,-0.8611955,-0.00979630183428526,-3.1812427,-0.23858483135700226,-0.8526328,-0.091461181640625,-0.97287434,-0.4058888852596283,2.2083683,-0.516800582408905
407,6,128,5,0.58617085,-0.8164895176887512,0.31811666,-0.5552962422370911,-1.1984177,-0.24800729751586914,-1.7845885,0.41777005791664124,-0.69239646,-0.897364616394043,0.20578353,-1.6281341314315796,-1.0013691,-0.7676010131835938,-0.3089727,-0.4368003308773041
408,11,123,5,-2.0873637,-0.31840023398399353,-0.115301095,-0.7268094420433044,-1.4966427,-0.4530601501464844,0.5907209,-0.8058465123176575,0.19722557,-0.6951211094856262,-2.146094,-0.8874247670173645,-1.7526283,-1.9312082529067993,-1.9498539,-0.22544288635253906
409,16,146,5,1.5466647,-0.5138669013977051,-0.22555049,-0.9599175453186035,-0.2251141,-0.2606882154941559,-1.7717787,0.2531786859035492,-0.7130607,0.7772436141967773,-0.81769973,-0.9441044926643372,-0.99337816,0.3185650408267975,-0.28031746,-1.191806435585022
410,7,129,5,0.01754125,-0.49957895278930664,-1.1330525,-0.639842689037323,-2.7489088,-0.523036777973175,-2.76645,0.043647926300764084,-3.4676065,-0.017010370269417763,-2.2989929,0.04875024035573006,-3.8381655,0.25497689843177795,-0.37055907,0.27439069747924805
411,8,122,5,-1.1919452,-0.19049739837646484,-2.3104658,-0.28160032629966736,-0.72505707,0.6233296990394592,0.4668882,-0.5316685438156128,-3.266633,-1.1216974258422852,-3.5325143,-0.2571016848087311,-2.6892788,0.5744705200195312,0.57735413,0.45726776123046875
412,9,103,5,-0.8955752,-0.8383319973945618,-0.4858435,-0.901635468006134,-1.046318,-0.613018810749054,-0.15074284,0.11001213639974594,-0.6363347,-1.1261882781982422,-0.15545876,-1.1170088052749634,0.34143797,-0.4805571138858795,0.9777727,0.4975776672363281
413,6,124,5,1.0752202,0.10412725061178207,0.46258354,-0.39088377356529236,0.9982405,-0.57513028383255,-0.07697979,-1.6566619873046875,0.92501163,0.05043951794505119,-0.22151089,0.8598998188972473,1.6227564,0.3973712921142578,0.69774467,0.8870444297790527
414,8,136,5,-3.868551,-1.4672178030014038,-2.0996313,-0.32140007615089417,-1.8416501,-0.2683807909488678,2.0269008,1.1988369226455688,-3.0080612,0.3136116564273834,-2.7065392,0.7543296813964844,-0.9685211,-0.04243755340576172,2.03954,-0.7404251098632812
415,6,122,5,-2.8662567,-1.2477174997329712,-1.1615529,-1.0542281866073608,-2.2970946,-1.6130952835083008,0.5691621,-0.34872332215309143,-1.8454462,-1.4329429864883423,-2.6792524,-1.3584671020507812,-1.6413494,-1.7172794342041016,0.2040968,0.39703306555747986
416,6,132,5,-1.1353022,-1.2467317581176758,-2.6654987,-1.2293668985366821,-0.40917197,-1.4781423807144165,0.7261302,0.33152255415916443,0.08841642,-1.4807437658309937,-2.0007293,-1.4317182302474976,-1.7340645,-1.1191123723983765,-1.8224808,1.59649658203125
417,7,109,5,0.45777655,-2.7598049640655518,1.5525774,-1.314210295677185,0.84702754,-1.355115294456482,0.389251,0.8795156478881836,-0.7126153,0.1427621841430664,0.9540367,-0.7579666972160339,0.81537217,-0.6398391723632812,1.5279875,-0.9006964564323425
418,8,121,5,-1.3289089,0.6700186729431152,-0.9254796,0.4264867305755615,-2.0840325,0.36674439907073975,-0.7551236,0.29635366797447205,-1.199309,-1.25519597530365,-0.50353557,0.1628265380859375,-1.3297867,-0.0874176025390625,-0.13047759,0.8032846450805664
419,6,84,5,-1.4448344,-0.6075937151908875,-3.1163788,-0.6106670498847961,-1.7152532,-0.28649601340293884,-0.27041873,0.8154876828193665,-0.7526277,-0.23149840533733368,-0.9803197,-0.5811354517936707,-1.5504328,0.22491486370563507,-0.79780513,-0.1710834503173828
420,6,83,5,-0.78499085,-1.7835184335708618,-1.1751986,-1.1047803163528442,-0.95569414,-0.1300092488527298,-0.17070325,0.8813993334770203,0.95676833,-1.9345735311508179,-0.26511478,-1.5621795654296875,-1.5288483,-0.17037518322467804,-2.4856167,0.1966368407011032
421,6,112,5,-2.3893,-1.8709443807601929,-2.2368655,-1.469819188117981,-2.9662716,-0.8189001083374023,-0.5769718,0.7023685574531555,-1.4322754,-0.7439263463020325,-0.58822346,-1.7838865518569946,-1.7603403,-0.5103562474250793,-0.32806492,0.36866602301597595
422,10,105,5,0.19582526,-1.4971213340759277,-0.17659219,-1.4494785070419312,-0.88494366,-0.6245724558830261,-1.080769,1.83464777469635,0.4768095,0.008324305526912212,0.42219925,-0.3518625795841217,-0.6346734,-0.30840936303138733,-1.111483,-0.3167336881160736
423,8,134,5,1.8710269,0.07914885133504868,2.7473125,0.28729167580604553,0.9570151,0.3747342526912689,-0.91401166,-0.18885000050067902,-1.9425863,0.9405002593994141,-0.536527,0.35468292236328125,-0.24061806,-0.058790046721696854,1.7019682,-0.38056835532188416
424,8,134,5,-0.91347283,0.2911580502986908,-1.3032564,-0.023075422272086143,-2.0521457,-0.02818775177001953,-1.1386732,0.15058772265911102,-1.9637676,-0.9725640416145325,-1.7315845,-0.15091736614704132,-2.922019,0.34155941009521484,-0.9582513,0.3080669939517975
425,10,97,5,-0.65484744,-0.16389529407024384,-0.21924274,-0.24003656208515167,-1.9385275,0.1798839569091797,-1.28368,0.38096287846565247,-0.23565324,0.7369562983512878,-1.0306708,-0.8068739771842957,-1.3714803,-0.08854547888040543,-1.1358271,-0.22595135867595673
426,8,136,5,-0.0110267,0.5306413769721985,-0.6779318,-0.9918972849845886,-0.48513985,0.13987238705158234,-0.47411314,-0.777998149394989,-2.3120992,-0.1289265900850296,-1.1897554,-0.7203829884529114,-0.08735434,-0.13366954028606415,2.2247448,-0.04611651226878166
427,6,125,5,0.50416,-0.7377298474311829,0.06023391,-0.8832394480705261,0.6024887,-0.42917299270629883,0.09832867,0.1065576896071434,1.1925322,-1.3083314895629883,1.2881075,-0.19425265491008759,0.49258837,-0.2418060302734375,-0.69994384,1.637830376625061
428,6,122,5,-2.96919,-0.030258020386099815,0.9793894,-1.088923454284668,0.6130801,0.5225811004638672,3.5822697,0.49966636300086975,1.7045422,-0.8711846470832825,1.600606,-0.7657737731933594,0.5053811,0.08937803655862808,-1.199161,-0.039854686707258224
429,7,112,5,-0.48468018,0.3707197606563568,-1.1462387,0.5379126667976379,-1.0921814,0.761019766330719,-0.60750127,0.39030003547668457,-1.6434149,-1.23312509059906,-1.2818727,-1.0396207571029663,-0.23008728,-0.13389809429645538,1.4133276,1.300249695777893
430,9,126,5,0.5663583,-0.20385043323040009,0.48285905,0.11866617202758789,-0.7089583,-0.6908271312713623,-1.2753166,-0.051665227860212326,0.51183796,-0.9195079803466797,-0.038268726,-0.43586888909339905,-0.15639336,-0.1607074737548828,-0.6682313,0.5932042002677917
431,8,133,5,-0.002162695,-1.2448269128799438,1.5568314,-0.23336417973041534,0.33759436,-1.0228321552276611,0.33975706,-0.07283147424459457,1.232226,-0.5550591349601746,0.8649146,-0.4676656723022461,1.0783852,-0.7298994064331055,-0.15384085,-0.1748402863740921
432,6,130,5,-2.5143864,-0.020213207229971886,-1.5647779,0.17900514602661133,-0.4438664,0.23505504429340363,2.07052,0.6072476506233215,-3.1784232,-1.1359676122665405,-1.006319,0.36347103118896484,-0.87372893,-0.06430625915527344,2.3046944,1.403203010559082
433,5,125,5,-0.32165226,-0.4887520372867584,-1.0540934,0.8335895538330078,-2.0788767,-0.3098803460597992,-1.7572244,-0.6246705651283264,-0.6221507,-1.6092904806137085,0.00448068,-0.3174664080142975,-2.5380871,0.3506714403629303,-1.9159365,1.5314531326293945
434,7,128,5,-1.1996347,-0.23348569869995117,-0.4102551,0.5117316246032715,-1.3832531,-0.7813324928283691,-0.18361847,-0.15926210582256317,-4.488866,0.913502037525177,-2.0282423,0.4918495714664459,-2.6552641,0.565344512462616,1.8336016,-0.46979808807373047
435,9,103,5,1.6183858,-0.8077132701873779,1.3428512,0.6994534134864807,-0.27141142,-0.21374814212322235,-1.8897972,0.5118386745452881,-0.84714097,-0.5486087799072266,0.57672626,-0.810150146484375,1.1176227,-0.010163147933781147,1.9647636,0.3637251853942871
436,9,118,5,0.28085032,-0.19143517315387726,0.68722266,0.5589712262153625,0.051670473,-0.5571064352989197,-0.22917986,-0.641595184803009,-1.9930147,-0.6021000742912292,0.9340906,-0.18010711669921875,0.26379934,0.37076249718666077,2.256814,1.1833699941635132
437,8,126,5,-0.44538745,-1.0694013833999634,-0.8244558,-0.19293181598186493,-0.33047462,-0.6637306213378906,0.11491283,0.40567079186439514,-0.8101196,-0.9655320048332214,-1.4035097,-0.13149897754192352,-0.69046307,-0.8097050786018372,0.11965656,-0.43636608123779297
438,8,100,5,-1.2554312,-0.8320557475090027,-2.1656265,-1.2348963022232056,-0.4024605,-0.648097038269043,0.85297084,0.3389336168766022,0.8963849,-0.8146044611930847,-0.20167954,-0.8037147521972656,-1.6853838,-0.5922031402587891,-2.5817688,-0.040455181151628494
439,4,129,5,1.1899999,-1.252230167388916,0.71934396,-0.72737056016922,-1.0215336,-0.40313243865966797,-2.2115335,0.724145233631134,-2.700242,-0.3024708330631256,-1.6507775,-1.3517875671386719,-1.5682081,-0.8453550338745117,1.132034,0.15428288280963898
440,6,120,5,-1.5904127,-1.831729769706726,-2.4686153,-0.2782093584537506,-1.9410311,-0.40508222579956055,-0.35061836,0.5654306411743164,-3.3390312,-0.4155829846858978,-2.1138732,-0.520594596862793,-1.6813164,0.034552574157714844,1.6577148,0.0900370255112648
441,7,104,5,0.43514648,-0.563191831111908,0.46386147,-1.3875800371170044,0.17629091,-1.4365015029907227,-0.25885558,-0.37359619140625,-0.44454288,-1.8088130950927734,-2.7521923,-0.7130597233772278,-1.5533857,-1.22781503200531,-1.1088428,0.06525325775146484
442,8,127,5,-1.1514354,-0.36296725273132324,-2.143715,-0.6048811078071594,-0.24899673,-0.5724878311157227,0.90243864,-0.14830970764160156,-2.1249864,-0.39127349853515625,-1.9723902,-0.08261743932962418,-0.721179,-0.7891349792480469,1.4038073,0.5820837020874023
443,5,95,5,-0.30639705,-2.2582390308380127,-0.11783258,-2.8427951335906982,-1.1379982,-0.7675495147705078,-0.8316013,1.4906893968582153,-1.260719,-1.2807680368423462,-1.0398636,-1.6018867492675781,-0.43087736,-1.7623792886734009,0.8298416,-0.12320613861083984
444,6,116,5,0.16614072,-1.241012692451477,0.5021332,-1.7976555824279785,-0.70060533,-0.33109918236732483,-0.866746,1.3591991662979126,-1.5882019,-0.6976324915885925,-1.0656942,-0.7482087016105652,-1.5397192,-0.382275253534317,0.04848258,0.4652306139469147
445,9,113,5,-0.12834454,-2.204953908920288,-0.89865094,-0.4404045641422272,-1.4343532,-0.3849503993988037,-1.3060085,1.4229005575180054,-0.0041894913,0.22334034740924835,-0.3364544,-0.1933491975069046,-1.5708288,0.3134344518184662,-1.5666393,-0.2709035873413086
446,9,120,5,-1.8722564,-0.0620621033012867,-1.5380954,0.613851010799408,-1.0429784,-0.757354736328125,0.82927805,0.3022087514400482,-1.812171,-0.19000911712646484,-2.0520086,-0.26051363348960876,-2.3047855,-0.1672506332397461,-0.49261442,0.02275848388671875
447,9,79,5,-0.26493025,0.24992156028747559,0.20593531,-0.5836389660835266,0.6255037,-0.26122236251831055,0.89043397,-0.5218151211738586,-1.4121275,-0.9418585896492004,-0.34763813,-1.0982192754745483,-0.26481882,0.6416990160942078,1.1473087,1.1452537775039673
448,6,125,5,-0.965652,-0.1141723021864891,-1.061729,0.3577496111392975,-1.261178,-0.6309700012207031,-0.29552603,0.8393999934196472,-0.3914124,-0.45558133721351624,-0.67587376,-0.3688605725765228,-2.108136,-0.5497007369995117,-1.7167234,1.1247538328170776
449,10,138,5,-1.8351254,1.8496251106262207,0.3657349,0.3980361521244049,-1.2324778,0.0942320004105568,0.6026476,-1.7553930282592773,0.215717,-0.1500701904296875,1.857534,-0.24654483795166016,0.094254814,0.09546184539794922,-0.12146219,0.07855860143899918
450,13,146,5,-1.3280128,-0.04122813418507576,-0.12282864,-0.41844621300697327,-0.63444376,-0.24318186938762665,0.693569,-0.20195372402668,-2.0735312,0.6078045964241028,-0.6031974,0.5310468673706055,-0.81767434,-0.6632957458496094,1.2558569,-0.6294015049934387
451,6,123,5,-1.4879533,0.23218663036823273,0.74299926,-0.07011938095092773,0.47626138,-0.1518242359161377,1.9642147,0.8926928639411926,1.3424906,0.17245197296142578,-0.52308244,-0.40161481499671936,-0.3976682,0.33131346106529236,-1.7401587,-0.5404583811759949
452,9,129,5,-1.0372266,0.8263363838195801,-1.8223125,0.02671051025390625,-1.4690394,-0.2518971860408783,-0.4318129,-0.9949231743812561,-1.8360373,-0.9576165080070496,-0.100538574,0.001997311832383275,-1.8142958,-1.0687593221664429,0.021741549,0.21862252056598663
453,7,107,5,-0.24068801,-0.5899591445922852,-1.9763137,-0.1102692261338234,-2.670332,-0.5673224925994873,-2.4296439,-0.4472697675228119,-3.4420254,-0.5034281611442566,-2.1241472,-1.4659509658813477,-2.1344643,-0.832787811756134,1.3075613,-0.2569136619567871
454,8,136,5,-0.43818745,-1.811392903327942,-0.50544786,0.2896127700805664,0.0053334236,-0.8519179821014404,0.44352087,1.164124608039856,-0.51979667,-0.7965615391731262,-0.3015747,-0.2446645051240921,-0.05401659,0.0039768218994140625,0.4657801,0.07907867431640625
455,5,128,5,-0.27828488,-0.2378849983215332,-1.4954953,-0.3757448196411133,-0.070386566,0.38306161761283875,0.2078983,0.49599775671958923,-0.46596146,0.0016287168255075812,1.2200003,-0.7728058695793152,-0.50666684,0.43130525946617126,-0.040705364,0.9987123608589172
456,6,133,5,-3.8441823,-0.11245950311422348,-1.8127915,-0.5739176869392395,0.18289435,0.11784537881612778,4.0270767,0.8636085391044617,-2.373915,-1.606123924255371,-2.4591675,-0.37795767188072205,-1.8756384,0.03208224102854729,0.4982767,0.3857240676879883
457,7,128,5,-0.851624,-0.5448012948036194,-1.3009287,-1.04425847530365,-1.5207987,0.49445876479148865,-0.6691746,0.924877941608429,-2.0709102,-0.6822376251220703,-0.25619826,0.4979623258113861,-0.74946594,-0.10947227478027344,1.3214442,0.45203590393066406
458,11,129,5,-0.17465012,-0.49174150824546814,0.5181368,0.03518922999501228,-0.2634643,0.08870840072631836,-0.08881418,0.6488010883331299,0.18688393,0.14260514080524445,-0.11588955,-0.0678313598036766,0.51920825,0.33321413397789,0.33232436,0.20641200244426727
459,8,129,5,1.4336971,-0.918983519077301,0.32846317,-1.453307032585144,0.42646325,0.2397528439760208,-1.0072337,0.2237207144498825,-0.29893303,-1.102304458618164,0.84242505,-0.42551612854003906,-0.16584206,0.6007316708564758,0.13309097,1.6439590454101562
460,10,125,5,-1.3287725,-0.18780994415283203,-1.0284189,-0.06000185012817383,0.13168089,0.31485018134117126,1.4604534,0.5035775303840637,-1.3509201,-0.10722287744283676,-0.22634251,0.23763339221477509,0.04346943,-0.15810012817382812,1.3943895,0.32232412695884705
461,7,140,5,1.9526244,-0.5273920893669128,-0.15939076,0.7336366772651672,-0.24795263,0.01612377166748047,-2.200577,-0.423004150390625,0.22545497,0.21026833355426788,0.080266,0.1341613084077835,-0.31897035,0.3168454170227051,-0.5444253,-0.05631653591990471
462,9,141,5,-2.144753,-0.2929466664791107,-0.82740766,0.06976111978292465,-1.1629373,-0.29580020904541016,0.98181564,-0.23764865100383759,-2.1943018,-0.4373292922973633,-0.89601964,-0.08462301641702652,-2.30935,-0.6790234446525574,-0.11504809,0.6624739766120911
463,7,118,5,0.6590653,-0.012888272292912006,-1.0237497,-1.2562752962112427,-0.51887333,-0.5797454714775085,-1.1779387,0.26658138632774353,0.611495,-0.0370839424431324,0.27595934,-0.793712317943573,-0.112586975,-0.2411559373140335,-0.724082,0.31493473052978516
464,8,121,5,-1.629243,-0.476519912481308,-1.6942091,-0.9662706255912781,0.21118005,-0.4727379381656647,1.8404231,-0.4119645655155182,-0.52995396,-0.4103787839412689,0.7556445,-1.3632793426513672,-0.591527,-0.3353109359741211,-0.06157303,0.3935708999633789
465,4,91,5,-2.912543,0.4772476255893707,-0.30004787,-0.35162803530693054,0.5644674,-0.059733789414167404,3.4770105,-0.908054769039154,-2.0986497,0.6835934519767761,-2.8589728,-0.8834447860717773,-0.7915354,-0.17867755889892578,1.3071142,0.5515320897102356
466,6,113,5,2.3691852,-0.3102218210697174,0.27445912,0.030493101105093956,0.92287344,-0.15119414031505585,-1.4463116,-0.12126501649618149,1.4081669,0.19149716198444366,0.4024118,-0.7825447916984558,0.9787118,0.12103128433227539,-0.42945513,0.2446090430021286
467,4,65,5,-0.6586687,-0.2324024885892868,-2.4370925,0.2677749693393707,0.14895375,0.7780569195747375,0.80762243,0.24674566090106964,-0.99826527,0.9219878315925598,-1.1564642,-0.3690274655818939,-0.5632054,-0.034234046936035156,0.43505988,1.066876769065857
468,7,120,5,-1.599236,0.4340798854827881,0.15418775,0.004387458320707083,-0.025766611,-0.3834797441959381,1.5734695,-1.4573994874954224,-0.5431703,-1.347813606262207,0.24847889,1.0012969970703125,-1.5996069,-0.41682305932044983,-1.0564365,0.9315185546875
469,7,114,5,1.0308665,-1.2995773553848267,0.68868804,-0.3102291524410248,-1.3993282,-0.005483309272676706,-2.4301946,0.9316976070404053,-1.1379147,-0.7164971232414246,-1.0962731,-0.36825084686279297,-1.7032455,-0.20639769732952118,-0.5653308,0.5842761993408203
470,9,117,5,-1.1967741,-0.3975349962711334,-0.47256908,-0.8211881518363953,-0.6601286,-0.54099440574646,0.5366456,0.3230983316898346,-1.2613815,0.7006053924560547,-0.2258765,0.43498387932777405,-0.52109367,0.1722412109375,0.7402878,-0.7412646412849426
471,10,132,5,-0.70771503,-0.6361119747161865,-1.1302001,-0.548389732837677,0.0529716,-0.2489757537841797,0.76068664,0.2897031307220459,1.4252459,0.03257210925221443,0.5767107,-0.05015341565012932,-0.15345764,-0.39503130316734314,-1.5787035,-0.3705930709838867
472,12,144,5,-2.4905155,0.46816492080688477,0.40721083,-0.41601133346557617,-0.27300358,-0.01799774169921875,2.217512,-0.2158665657043457,-1.6580734,-0.5916455388069153,0.36683336,-0.9528986811637878,-0.7533013,-0.12860266864299774,0.9047721,-0.049818675965070724
473,4,113,5,-1.1802932,-0.501776397228241,-0.24956322,-0.3490554392337799,-0.43339476,-0.13739228248596191,0.7468985,0.5193671584129333,0.2717142,-0.33280596137046814,0.5210292,-0.9127095341682434,-0.5166299,0.05877971649169922,-0.7883441,0.39158567786216736
474,14,146,5,-0.38278255,-0.3628441393375397,0.52642816,0.6664935946464539,-0.28285933,0.0898076668381691,0.099923216,0.5438253879547119,-0.1501627,-0.12183889001607895,-1.1073853,-0.7902650833129883,0.016228199,-0.14435608685016632,0.1663909,0.3552781641483307
475,13,140,5,-1.1226164,-0.13893859088420868,-1.134744,-0.46805524826049805,-0.34451547,-0.17368535697460175,0.77810097,-0.21941296756267548,1.1742983,0.33917203545570374,-1.6081171,-0.14355404675006866,-0.40547752,-0.8565330505371094,-1.5797758,-0.7493765950202942
476,10,121,5,-0.41589546,-0.6980955600738525,-0.7963316,-0.7011626362800598,-0.0850029,-0.4674152433872223,0.33089256,-0.062015850096940994,-1.3917278,-0.41495004296302795,-1.0858599,-0.26952457427978516,-0.50691956,0.11702156066894531,0.88480824,0.5629062652587891
477,12,143,5,0.8126673,-0.8144919276237488,-0.6572459,0.19554567337036133,0.11476437,-0.0897524356842041,-0.6979029,0.4174939692020416,-1.0322838,-0.6186730265617371,-0.047253292,-0.44760099053382874,0.1806345,-0.3045682907104492,1.2129183,0.2630678713321686
478,13,138,5,-1.1607317,0.5349047780036926,0.6717463,0.8149600028991699,0.48892355,0.23540838062763214,1.6496553,-0.2994964122772217,-0.8856017,-0.9339936375617981,-0.7591076,-0.28288015723228455,-0.7376874,0.30516400933265686,0.14791425,1.2391576766967773
479,8,135,5,-1.0200137,0.7797143459320068,-1.541573,-0.6575687527656555,-1.0154128,-0.12991483509540558,0.004600843,-1.4265187978744507,-2.0551739,-0.6149718165397644,-0.072423615,-0.8877770304679871,-1.1927261,0.3266027867794037,0.86244774,0.47352728247642517
480,12,131,5,-0.096141815,0.013602177612483501,-0.80760795,0.10575500875711441,0.004770279,-0.04834175109863281,0.100912094,-0.06194392964243889,-0.03999837,0.06077003479003906,0.27084383,0.6347122192382812,-0.119449615,0.6569995880126953,-0.07945124,0.4787015914916992
481,14,143,5,0.47134247,0.080047607421875,-1.616459,-0.3997621536254883,-1.0022349,-0.3790555000305176,-1.4735775,-0.3164811134338379,0.9347684,0.5260995030403137,0.23418427,-0.3193775713443756,0.74968624,0.18994140625,-0.18508212,-0.0662444457411766
482,8,111,5,-1.3274556,-0.03451903536915779,-0.86898136,-1.1228976249694824,-0.5764777,-0.024568557739257812,0.750978,0.19089889526367188,0.4176356,0.10264778137207031,0.07991155,-0.08431816101074219,-0.42303753,0.24591922760009766,-0.84067315,0.10574594885110855
483,8,129,5,0.0029999416,0.9232315421104431,1.3283128,-0.9870840907096863,-0.7952102,0.10222753137350082,-0.79821014,-0.9218869209289551,-0.8009138,0.22319824993610382,-0.09659004,-0.06576919555664062,-0.25448862,-0.009764988906681538,0.54642516,0.8057854771614075
484,8,123,5,-0.7145079,-0.49268531799316406,0.69820935,0.5506532788276672,0.5638438,-0.16355998814105988,1.2783517,0.3100486695766449,0.767155,0.6770133972167969,1.246808,-0.5591824650764465,0.4685777,-0.41110959649086,-0.2985773,-0.9989423751831055
485,12,110,5,-1.456728,-0.2737067639827728,-0.1456271,-0.49230608344078064,0.40603694,0.060187339782714844,1.8627648,-0.08244355767965317,1.4598039,-0.6866855621337891,0.29781118,-0.6236152648925781,-0.7582595,-0.15713755786418915,-2.2180634,-0.19670803844928741
486,6,121,5,-1.0939593,-0.4913187026977539,0.19265358,-0.09666339308023453,0.2125489,0.8267239928245544,1.3065082,0.9943830966949463,-2.8348534,-1.237557053565979,-1.9348301,-0.505901038646698,-0.2587242,0.1346759796142578,2.5761292,1.3722330331802368
487,6,86,5,-1.3446736,-0.3478304445743561,-1.0622687,0.14215929806232452,0.40921387,0.4079834520816803,1.7538875,1.1568377017974854,-1.3072828,-0.10158952325582504,-0.21045749,0.4180256426334381,-0.003765742,-0.2082945555448532,1.303517,-0.132131889462471
488,8,138,5,-0.5959576,-0.4275000989437103,-1.1541275,-0.2992973327636719,0.054224808,-0.4621110260486603,0.6501824,0.9821703433990479,0.78737706,0.2597087323665619,-1.0836388,0.7251728177070618,-0.50398284,0.4269539415836334,-1.2913599,-0.28872236609458923
489,7,139,5,-2.088422,0.029758214950561523,-1.1339442,0.13086700439453125,-1.4195963,-0.14228375256061554,0.66882586,0.6956787109375,0.5706234,-0.711004912853241,0.7611599,0.5186681747436523,-1.2353354,-0.17518489062786102,-1.8059587,0.3701944351196289
490,7,123,5,0.13045628,0.3150065839290619,-1.8691732,-0.42752495408058167,-0.5901902,-0.2539205551147461,-0.72064644,-0.2696179449558258,-0.5965058,-0.9609047770500183,-0.046641666,0.07709725946187973,-0.73400116,-0.32928943634033203,-0.13749535,0.8576424717903137
491,7,128,5,-1.2781911,-0.38572201132774353,0.29189754,-0.25382199883461,-0.51132655,0.1966349333524704,0.76686454,0.6790545582771301,-1.6421541,-0.45625972747802734,-2.8740427,0.23451073467731476,-0.85237473,0.33907923102378845,0.78977937,0.7953389286994934
492,7,127,5,-0.27872595,0.3154158592224121,2.0664146,0.23925185203552246,1.6347927,0.07562732696533203,1.9135185,-0.48296523094177246,-0.3590536,-1.492336630821228,1.039937,-0.7758057713508606,-0.30055237,-0.18281014263629913,0.058501244,0.7893047332763672
493,8,96,5,-1.1924151,-0.8368794322013855,0.21767807,-0.7320427894592285,-1.2111048,-0.5450437068939209,-0.018689632,0.2918356955051422,1.0862455,-1.0651330947875977,-0.39352164,0.028847694396972656,-0.56401664,-0.22514724731445312,-1.6502622,0.5469808578491211
494,11,116,5,-0.6251259,-0.6431677341461182,-2.0465014,-0.06803480535745621,-0.47384295,0.025829950347542763,0.15128295,0.6689977049827576,0.17527962,-0.14132659137248993,-1.6199833,-0.48388227820396423,0.2568973,-0.5433807373046875,0.081617676,0.16682402789592743
495,8,135,5,0.5910713,-0.8928112983703613,0.20105505,0.31299635767936707,0.18533714,0.7262024283409119,-0.40573415,0.36853790283203125,0.7755292,0.6276229023933411,-0.4873403,-0.016584396362304688,0.23631191,-0.5540704727172852,-0.5392173,-0.9182097315788269
496,12,131,5,-0.29574808,0.17585571110248566,-0.6606593,0.20799629390239716,-0.51849025,0.003425200702622533,-0.22274216,0.06731995195150375,0.18253613,0.016396204009652138,-0.8985357,-0.04670683667063713,0.07163715,-0.06981881707906723,-0.11089897,0.626114547252655
497,8,124,5,1.5509201,-0.871832549571991,1.2600332,-1.11566960811615,0.714897,-0.7783514857292175,-0.8360231,0.09348106384277344,-1.3663791,-1.0817031860351562,0.4913524,-0.6957162022590637,0.85436106,0.03972784802317619,2.22074,1.1365156173706055
498,13,129,5,-0.04101451,0.3818891942501068,-0.085728325,-0.3028523921966553,-0.95689815,-0.21445488929748535,-0.9158836,-0.4636572301387787,-1.3377794,0.5602219700813293,-0.795002,0.4554058611392975,-1.5100842,0.42533302307128906,-0.1723048,-0.3194487988948822
499,10,111,5,0.6947727,0.6683443188667297,-1.245789,0.3110564649105072,-0.7575224,-0.0790754184126854,-1.4522952,0.04636462405323982,-0.64816314,0.26237550377845764,-0.3755223,-0.2860085070133209,-1.2479547,0.23230426013469696,-0.5997915,0.2905607223510742
500,14,135,5,-0.37913752,-0.37310871481895447,0.4695177,-0.5711856484413147,-0.1058782,-0.5280561447143555,0.2732593,-0.1549474447965622,-0.63918304,-1.4478044509887695,0.46406427,-0.49528440833091736,-0.11008135,-0.1309680938720703,0.52910167,1.3168363571166992
501,13,117,5,-0.395025,-0.12370586395263672,-0.709233,0.28250154852867126,-1.1676382,-0.3754967153072357,-0.7726131,0.3728141784667969,-0.804053,0.3595663607120514,-1.3855124,-0.07084432989358902,-1.0252196,0.10179010778665543,-0.22116661,-0.07784875482320786
502,5,113,5,0.37942728,-0.623145580291748,-1.1135192,-0.035115957260131836,0.33567762,-0.5208880305290222,-0.04374965,0.10225757211446762,1.4942251,0.6378081440925598,0.9550031,-0.7237904667854309,0.3239832,0.3829104006290436,-1.170242,0.38799571990966797
503,15,125,5,1.5753818,-0.5063457489013672,-0.31388488,-0.20397694408893585,-0.30635834,-0.15936343371868134,-1.8817401,0.29625025391578674,-0.5183986,-0.0999155044555664,-0.31947422,-0.22779147326946259,-0.42331758,-0.010566075332462788,0.09508101,0.03196652606129646
504,7,125,5,-0.413438,-0.4087289273738861,0.67850095,-0.2272944450378418,-0.9973145,0.8154513835906982,-0.5838768,1.1033271551132202,0.2674961,-0.5582151412963867,-0.5330613,0.712071418762207,-0.9507939,-0.5901610255241394,-1.21829,-0.2049093246459961
505,7,106,5,0.16089082,-1.2926578521728516,-1.9852986,-0.09212064743041992,-0.009617408,0.19939200580120087,-0.17050822,1.2718371152877808,-1.5323282,1.1089831590652466,-1.2550989,-0.0871521607041359,-0.3359429,-0.5807282328605652,1.1963854,-1.6515741348266602
506,10,133,5,-2.5608294,-2.1014633178710938,0.22056024,-1.1429563760757446,-0.92727965,-0.24607570469379425,1.6335497,0.7450464367866516,-0.8285491,-1.0159212350845337,-0.5213194,-0.022953668609261513,-0.030708632,-0.021040916442871094,0.7978404,0.1340808868408203
507,14,144,5,-0.71417266,-0.0005927085876464844,-0.34757996,0.10849901288747787,-0.48217115,0.31644630432128906,0.23200154,0.3865206241607666,-0.6015237,0.22463400661945343,-0.7794841,0.34477487206459045,-0.13207912,0.013316790573298931,0.4694446,-0.041659194976091385
508,6,124,5,-1.8416748,-0.3937729299068451,-1.1136764,-0.661801278591156,-1.0757439,0.16983921825885773,0.7659309,1.0943280458450317,-1.9535576,-0.07978280633687973,-0.72202843,-0.22729746997356415,-1.9017614,-0.8340778350830078,0.051796276,-0.22679360210895538
509,6,120,5,0.96600693,-0.46786537766456604,-0.0028325717,-0.985375702381134,-0.56539935,-0.3387281000614166,-1.5314063,0.5240665078163147,-1.2033345,-0.4563264846801758,0.6572698,0.4833106994628906,0.7064931,-0.04738013073801994,1.9098276,0.7690153121948242
510,8,125,5,-0.03256901,-1.7987040281295776,-2.0801222,-0.6418078541755676,-0.20915048,-0.21909372508525848,-0.17658146,0.4546065330505371,-0.45422935,-0.7321386337280273,-0.6419175,0.1885264664888382,0.07467461,-0.17393462359905243,0.52890396,0.5301284790039062
511,5,127,5,1.426116,0.1907283514738083,1.4825697,0.605212390422821,-1.4457127,0.16936492919921875,-2.8718288,-0.08023595809936523,-1.6947473,0.08142789453268051,0.7570912,-0.4457664489746094,-0.08255895,0.751035213470459,1.6121883,-0.18572743237018585
512,8,130,5,-0.12785943,0.004334926605224609,-1.0170817,0.10794103145599365,-0.96661764,-0.5282772183418274,-0.83875823,0.38001981377601624,-0.68931645,-0.6229264140129089,-1.0796213,0.3546517789363861,-0.8902674,-0.1969267576932907,-0.20095094,0.5506985783576965
513,7,122,5,-0.07199192,-0.19942998886108398,-0.35884586,-0.05481942370533943,0.5713646,-0.11492514610290527,0.6433565,0.05799674987792969,-0.12902863,-0.3493563234806061,-1.1741308,-0.8399737477302551,1.5596375,0.2928199768066406,1.6886662,0.708354651927948
514,4,96,5,-0.7715106,-0.5243602395057678,-0.95186996,-0.47770166397094727,0.046063423,-0.446134090423584,0.817574,0.6801286339759827,-4.8054895,0.5621245503425598,-0.8943427,0.4054746627807617,0.17243068,-0.25174012780189514,4.97792,-0.10789251327514648
515,7,130,5,-2.7078235,-0.24381208419799805,-1.7816862,1.1664155721664429,-2.0393238,0.04825083538889885,0.66849977,-0.3277912139892578,-1.8365103,-0.5013084411621094,-0.912082,-0.9549853205680847,-1.1912127,-0.5475969314575195,0.6452977,0.5799204707145691
516,7,117,5,-0.41443905,-1.449793815612793,-0.6281578,-0.13771899044513702,-0.5636368,0.17545652389526367,-0.14919774,1.0597079992294312,0.3940417,0.05116335675120354,0.46964708,-0.7113396525382996,0.30836964,-0.016622701659798622,-0.08567206,0.18432553112506866
517,6,130,5,-0.9266958,-0.6322596073150635,-0.72315216,-0.6484872698783875,-0.7321391,-0.011332194320857525,0.19455671,-0.5191760063171387,-0.35880566,-0.8782939910888672,1.2514296,-1.2521508932113647,0.5550661,-0.18409983813762665,0.91387177,0.6941941380500793
518,6,102,5,-0.4329683,0.4703432619571686,-2.3715441,0.3470412790775299,-1.7929446,0.02735932730138302,-1.3599763,0.909059464931488,-0.54850644,0.33831724524497986,-0.30978584,-0.5839290618896484,-0.9086377,-0.2868795394897461,-0.36013126,0.34728875756263733
519,4,104,5,3.1059942,-2.423816680908203,-0.09867088,-1.1174043416976929,1.0434483,-0.777919352054596,-2.0625458,1.6458972692489624,1.5933052,-0.4139668047428131,0.6129109,0.04531129077076912,-0.68544674,-0.3153724670410156,-2.278752,0.09859434515237808
520,6,140,5,1.5829867,-0.6220040321350098,-0.8221038,0.15290577709674835,-0.5094767,-0.4373830258846283,-2.0924633,0.18462102115154266,-0.48282114,-0.7253758311271667,0.8596751,0.11055406183004379,-0.17403221,-0.6926962733268738,0.30878893,0.21156947314739227
521,8,121,5,-2.1185606,-1.6051267385482788,-1.6884184,-1.4382266998291016,-1.2057124,-0.7746661305427551,0.912848,0.780203640460968,-0.31137624,-0.28328704833984375,-1.8681484,-0.007773717399686575,-0.5398719,-0.5781123042106628,-0.2284956,-0.44647789001464844
522,4,130,5,-0.10456133,-0.5443242192268372,0.12423658,-0.8274410367012024,0.2845106,-0.020277023315429688,0.38907194,0.17870855331420898,-2.1688259,0.7384471893310547,-0.93600684,-0.6871287226676941,-1.1894916,0.13632170855998993,0.9793342,-0.6021254658699036
523,6,120,5,-0.055664223,-0.3445197641849518,-1.2557648,-0.7927253246307373,0.04548319,-0.24190473556518555,0.10114741,0.6521639823913574,-0.88231564,-0.837940514087677,-0.8691184,-1.4182977676391602,-0.6326745,0.5276009440422058,0.2496411,1.2055749893188477
524,4,114,5,-0.9035799,-0.9551563262939453,0.86899036,-1.250343918800354,0.31632778,-0.7243790030479431,1.2199076,0.3359854221343994,0.30813727,0.02566814422607422,1.3678917,0.2828086316585541,0.8936844,-0.4070679247379303,0.58554715,-0.7944357991218567
525,9,133,5,-1.7226162,-0.19442303478717804,-2.1981616,-0.06339883804321289,-2.7870648,-0.37959447503089905,-1.0644485,-0.18433435261249542,-3.442812,-1.3817793130874634,-1.2458887,-0.4319648742675781,-1.7404426,-0.09108511358499527,1.7023693,0.2463490217924118
526,7,137,5,-2.274634,-0.7743493914604187,-2.3375745,-0.17655770480632782,-1.4064636,-0.08523082733154297,0.86817026,0.37280431389808655,-2.4957097,-0.5243584513664246,-0.61968774,-0.29229673743247986,-1.7196642,-0.09225940704345703,0.7760455,-0.1484541893005371
527,6,106,5,-3.4986446,-0.8360627293586731,-3.1831214,-0.14614534378051758,-3.2479827,0.3858385980129242,0.2506617,1.5632247924804688,-4.110822,0.11073049157857895,-2.2725928,0.3450460433959961,-2.8068635,0.588629424571991,1.3039589,0.19305674731731415
528,7,124,5,-0.07431523,0.3419431149959564,1.6735412,0.5065836310386658,-1.1047198,-0.7291809916496277,-1.0304044,-1.138174295425415,0.17888959,0.06511306762695312,0.835412,0.1494019776582718,-0.52597874,-0.43625035881996155,-0.7048683,0.7981691360473633
529,5,95,5,2.6480622,-0.5310623049736023,3.4378197,-0.48092493414878845,1.0310646,-0.6258628964424133,-1.6169976,-0.05613303184509277,-1.0865523,0.06183338165283203,-0.5996733,-0.025362014770507812,0.53271323,-0.662298858165741,1.6192656,-0.39790311455726624
530,14,143,5,0.87472564,-0.20385026931762695,-1.4067698,0.3604508936405182,-1.2254559,-0.08461491018533707,-2.1001816,-0.3041437864303589,0.03936386,-1.1739006042480469,-1.4665266,-0.7068293690681458,-1.0126921,-0.45352014899253845,-1.052056,0.2972694933414459
531,8,107,5,-2.297116,-0.022182384505867958,-0.6590913,-0.6294150352478027,-1.0331607,0.34053531289100647,1.2639552,0.6270842552185059,-2.5690067,0.7762295603752136,-2.2485266,0.2608235776424408,-1.0404602,0.1599690169095993,1.5285463,-0.20660336315631866
532,6,124,5,0.44142818,-0.9290928840637207,-0.42854246,-0.3005436360836029,-0.7349555,-1.340842604637146,-1.1763836,0.6624626517295837,-1.0166277,-1.1843913793563843,-0.71082973,-0.8174359202384949,-1.8657745,-0.7510636448860168,-0.84914684,0.9604463577270508
533,14,134,5,-2.7186604,-0.3446986675262451,-3.2267265,-0.3323751986026764,-1.5467763,-0.10633834451436996,1.1718841,0.23836033046245575,-0.82357055,-0.0630747452378273,-2.4492066,-0.06461334228515625,-2.0603664,-0.23889510333538055,-1.2367959,0.30200958251953125
534,5,103,5,-0.49891457,-0.5318281054496765,-0.98408157,-1.3962613344192505,-0.2846067,-0.5508299469947815,0.21430795,-0.7788322567939758,-0.2330389,-0.43716493248939514,-0.941535,-0.6796731948852539,-0.40183386,-1.154370903968811,-0.16879494,0.4930706024169922
535,11,112,5,1.0622921,-0.32685646414756775,-0.3298192,-0.41181668639183044,-1.1672279,-0.09963902086019516,-2.22952,0.44791674613952637,-1.2524589,-0.06369272619485855,-1.1351519,0.4753192365169525,-0.4888204,-0.2292429655790329,0.7636385,-0.0706574097275734
536,5,131,5,0.45644045,0.05056826397776604,-1.4125372,1.4924216270446777,-0.676171,0.6756172180175781,-1.1326114,0.1404201239347458,0.14987023,-0.7822726368904114,-1.4573807,1.1111406087875366,-0.652016,0.36638006567955017,-0.80188626,1.8660005331039429
537,6,142,5,-4.3151283,-0.40983104705810547,-2.4512165,-0.3994801938533783,-3.1598036,-1.0581040382385254,1.1553246,-0.7089262008666992,-1.1213986,-0.5661875605583191,-2.6395226,-0.7408968806266785,-2.7142203,-0.4411144256591797,-1.5928217,0.1250731199979782
538,8,107,5,-2.1130655,0.10703134536743164,0.24335949,-0.7978325486183167,-1.9200579,-0.9264016151428223,0.19300754,-1.033432960510254,-2.339012,-0.5221796035766602,-1.1581043,-1.0186233520507812,-2.749636,-0.6279716491699219,-0.41062418,0.4527120590209961
539,6,96,5,-1.3510871,-0.32662835717201233,-0.8257368,-0.8750720024108887,-1.3409616,-0.11869112402200699,0.010125478,-0.25132569670677185,-2.886741,-0.4989643096923828,-3.8489227,0.2234201431274414,-1.591451,-0.029408136382699013,1.29529,0.6484627723693848
540,12,130,5,-1.465742,0.725346565246582,-1.2708769,-0.2795182764530182,-0.2468849,-0.1406550407409668,1.2188572,-0.8434550166130066,-2.6238365,-0.48257604241371155,-2.4537938,-0.17053858935832977,-1.3851566,-0.22211170196533203,1.2386799,0.5735686421394348
541,12,116,5,-2.9017036,-0.7065339088439941,-2.984296,0.43481048941612244,-1.0947944,0.04766833782196045,1.8069092,0.018804391846060753,-1.8797239,-0.4716431200504303,-1.147028,-0.47707080841064453,-1.7404636,-0.41290155053138733,0.13926029,-0.22035376727581024
542,8,123,5,-1.0879596,0.8525418639183044,-1.3747263,-0.18473155796527863,-0.9085946,-0.8319487571716309,0.179365,-1.3632351160049438,-0.27150884,-1.2500213384628296,-0.94879943,-0.8645105361938477,-0.83752984,-0.16085147857666016,-0.56602097,1.5036922693252563
543,6,125,5,-0.15906923,-0.8443042635917664,0.10740789,-1.4781951904296875,0.9072861,0.21759605407714844,1.0663553,0.4479691982269287,0.067475796,-0.448723167181015,-1.1944748,0.6407772898674011,0.24995868,-0.025523820891976357,0.18248288,0.8366384506225586
544,10,101,5,-0.8465989,0.23321549594402313,-0.1405034,-0.6131822466850281,-0.06712922,-0.16002893447875977,0.7794697,-0.8045135140419006,-0.86913204,-0.8864542841911316,-0.38310847,-0.672164261341095,0.03096199,-0.43482813239097595,0.90009403,0.37250709533691406
545,6,129,5,-1.7517985,-1.3517084121704102,-1.3593907,-0.5164833664894104,-2.1832101,-0.5222535133361816,-0.43141174,0.7366568446159363,-3.1255789,-0.3847077786922455,-1.9788679,-0.5332081913948059,-1.0624546,-0.24720287322998047,2.0631244,0.24743318557739258
546,5,124,5,-1.303001,-1.8011645078659058,0.5779194,-0.5540555119514465,-1.195822,-0.6743454337120056,0.10717901,0.3884216845035553,-0.20383517,-0.900475800037384,-0.18814023,0.15866787731647491,0.21503465,-0.7320368885993958,0.41886982,1.4955676794052124
547,13,134,5,-1.618956,0.4273567199707031,-1.7232283,-0.7818638682365417,-1.7804266,0.03881005570292473,-0.16147065,0.18881011009216309,-0.6730032,0.3725099563598633,-2.505552,-0.5252857208251953,-1.9136654,-0.7231225967407227,-1.2406622,-0.015911420807242393
548,11,101,5,-0.030954838,-0.33803319931030273,0.6583231,-0.6068680882453918,-0.62800163,0.12076234817504883,-0.5970468,0.9108518958091736,0.059007645,-0.26006412506103516,1.9030112,-0.7221648097038269,-0.71549577,-0.6503260731697083,-0.7745034,-0.7146387100219727
549,6,133,5,-0.41747412,0.22794215381145477,0.17851241,-0.9515361785888672,0.27158403,-0.7164366841316223,0.6890581,-0.3182614743709564,0.9067071,-0.6241092681884766,-1.393515,-0.13059298694133759,-0.23634434,0.03711191937327385,-1.1430515,0.10243193060159683
550,12,134,5,-1.5742555,-1.219426155090332,-1.2033535,-1.5198713541030884,-1.3048192,-0.7988052368164062,0.2694362,0.34043312072753906,-0.45082727,-0.30123743414878845,-0.7022295,-0.80845707654953,-1.2326723,-0.700911819934845,-0.7818451,-0.3291654586791992
551,14,113,5,1.0828031,0.6467029452323914,-0.41203704,0.931765079498291,0.2506713,0.22159798443317413,-0.8321318,0.029705366119742393,0.25348058,0.6919772028923035,-0.018349966,0.6770860552787781,-0.5485347,0.7245486378669739,-0.8020153,-0.21501414477825165
552,8,126,5,-1.3086529,-0.4888472557067871,-2.7106476,-1.3735727071762085,-0.11564454,-0.7835174202919006,1.1930083,-0.366642564535141,-1.2552916,-0.6915877461433411,-0.52620345,-0.9830687642097473,-0.86534375,-1.1059083938598633,0.3899479,0.03426520153880119
553,6,115,5,1.0671831,-1.0586490631103516,1.0365736,-0.860243022441864,-0.5105657,-0.918163001537323,-1.5777489,1.8004955053329468,-0.4739081,-0.6692399978637695,-0.60023373,-2.6809844970703125,-0.6113507,0.1660628318786621,-0.13744259,1.2166715860366821
554,7,127,5,-1.3053671,0.6172065734863281,0.5491373,0.4846208095550537,0.70508814,-0.161090686917305,2.0104551,-0.19632522761821747,-1.2531818,-0.4872337877750397,-0.005862236,-0.23538906872272491,0.526851,-0.35062599182128906,1.7800328,-0.12440554052591324
555,7,119,5,-0.662496,0.4849835932254791,-0.25370607,-0.2995735704898834,-0.7367962,0.8651838302612305,-0.07430021,0.2890571057796478,-0.7869911,0.7212422490119934,0.35862908,-0.5124762654304504,-0.7959032,-0.06972408294677734,-0.0089120865,-0.13443119823932648
556,6,99,5,-1.8534125,-1.316992998123169,-1.2887408,-1.35098397731781,-1.8737961,-1.0503484010696411,-0.020383677,0.037969429045915604,-2.0760765,0.6470696330070496,-1.4093075,-0.842274010181427,-1.3615599,-0.5542580485343933,0.71451664,-1.4021857976913452
557,4,84,5,0.97035307,-0.2998827397823334,0.3489964,-0.8426325917243958,-1.037237,-0.7338926196098328,-2.00759,-0.36301931738853455,-0.19047482,-0.02944215200841427,-1.7734728,0.3694988787174225,-0.592879,-0.12767918407917023,-0.40240416,-0.0982370376586914
558,10,126,5,0.3868103,-0.33121156692504883,0.3085518,-0.6388537287712097,-0.90786844,-0.7602591514587402,-1.2946788,0.1644962579011917,0.4394239,0.71478271484375,0.40224233,0.5560401082038879,0.18352,-0.4717486798763275,-0.25590387,-0.8485482335090637
559,4,128,5,2.3180203,-0.787097156047821,0.7394824,-0.452193021774292,0.7814371,-0.5461204648017883,-1.5365834,0.5348098874092102,1.9201218,-0.8199389576911926,2.0685937,-0.20984935760498047,0.5232849,-0.6495882868766785,-1.3968369,-0.07824674993753433
560,8,138,5,-1.2575289,-1.3349641561508179,-1.0236524,-1.2648929357528687,-1.2955092,-0.14852316677570343,-0.037980318,0.8759918212890625,-0.937377,-1.295676589012146,-0.87818784,0.11297353357076645,-1.5760775,-0.5213654637336731,-0.6387005,0.6688528060913086
561,6,128,5,-0.37398544,-1.3389959335327148,-1.2670445,-1.9206318855285645,0.7552336,-0.7259799838066101,1.129219,0.7539704442024231,1.2569736,-0.872406005859375,0.35436216,-0.9543962478637695,0.91146183,-0.11565271764993668,-0.34551176,0.6893609166145325
562,8,107,5,-1.4990916,-1.3520451784133911,-1.8253695,-0.04810762405395508,-0.5818319,-0.17075848579406738,0.91725975,1.0647468566894531,-1.0552098,-0.4727894365787506,-1.7831068,-0.37065982818603516,-1.3762401,-0.3079490661621094,-0.3210303,-0.32424798607826233
563,5,109,5,-1.7904755,0.32059431076049805,-0.9446613,0.9022539258003235,-0.7984559,-0.12428847700357437,0.99201965,0.4032505452632904,0.075232185,-0.8056628108024597,-2.479005,0.14396794140338898,-0.81743526,0.15306346118450165,-0.8926675,1.3500264883041382
564,7,120,5,-1.1990851,0.4113837778568268,-2.2385738,0.69073086977005,-1.2910188,0.5757063031196594,-0.09193373,0.5595318675041199,0.088973366,-0.4457744061946869,-2.3833876,0.41035208106040955,-0.84691936,0.9770504832267761,-0.93589276,0.7302096486091614
565,6,127,5,-1.107731,-0.05348571017384529,-1.8462634,0.018611272796988487,-2.142461,-0.40863537788391113,-1.03473,-0.35514965653419495,0.4745089,0.5498139262199402,-1.0043093,-0.5924196243286133,-2.2760727,0.24776490032672882,-2.7505817,-0.30204901099205017
566,6,125,5,0.07422781,0.4433118402957916,1.8154591,0.6987845301628113,0.83287734,0.3529151380062103,0.7586495,-0.2897098958492279,1.2759895,-0.2846702039241791,-0.40089893,-0.5472342371940613,-0.69885606,0.41709741950035095,-1.9748455,0.7881472706794739
567,6,131,5,-2.7338476,0.6150062084197998,0.63334197,0.0020791690330952406,-1.2833918,-0.5803971886634827,1.4504558,-1.1954034566879272,0.10429764,-0.45281219482421875,0.7646716,-0.4366401135921478,0.3198789,-0.26478639245033264,0.21558125,-0.4944404065608978
568,5,123,5,-1.3243967,0.059505145996809006,1.1767484,-0.8077571988105774,0.061028242,-0.5020683407783508,1.385425,-0.6403343081474304,-1.5281566,-1.0710325241088867,0.3287042,-0.5241244435310364,-0.28644085,0.41316667199134827,1.2417158,1.5129486322402954
569,5,129,5,-0.22458689,-0.7372280955314636,-0.8759027,-0.8423953056335449,-0.6848814,0.22685272991657257,-0.46029449,1.2579776048660278,-1.6287206,0.2687196731567383,1.3487711,-1.0946283340454102,-0.20937252,-0.2677268981933594,1.4193481,-0.5364465713500977
570,6,116,5,0.16697653,-0.8561220169067383,-0.99200916,-0.43607011437416077,-1.174064,-0.05674608424305916,-1.3410406,0.9567174911499023,0.48580995,-0.7019354701042175,-1.075489,0.24836985766887665,0.7508624,-0.25989851355552673,0.26505247,0.37992730736732483
571,11,145,5,-0.56783247,0.5647854804992676,0.25014272,0.8060035705566406,-1.7045323,-0.13797800242900848,-1.1366998,-0.29001227021217346,-0.88195485,0.05194823071360588,-1.1842064,0.9229011535644531,-1.831109,0.20014731585979462,-0.9491542,0.0047289528883993626
572,16,153,5,-2.7878199,0.11582072824239731,-1.3767915,0.0002411206514807418,-1.8483195,-0.2028075009584427,0.93950033,-0.10149455070495605,-2.2373068,0.5236434936523438,-1.3219757,-0.29274144768714905,-2.032595,-0.10186084359884262,0.20471191,-0.6255043148994446
573,10,120,5,-0.3626062,0.38327470421791077,-1.251181,-0.7590817809104919,-1.2549461,-0.8811904788017273,-0.8923399,-0.5180065631866455,-0.57368374,-0.7024485468864441,-0.083402954,0.1716480255126953,-1.1464628,0.34583187103271484,-0.572779,0.7373641133308411
574,8,141,5,-0.98395187,-0.5369572639465332,-0.92835283,0.3239833414554596,-1.6042644,-0.38926997780799866,-0.6203125,0.434929221868515,-2.834299,0.32357725501060486,-0.7321523,-0.5645656585693359,-1.3733753,-0.2874701917171478,1.4609238,-0.6187050938606262
575,8,142,5,1.6303655,0.20891046524047852,0.8693648,-0.5026261210441589,0.7534971,0.20868682861328125,-0.8768685,0.6229004859924316,-0.1030604,-0.2978617250919342,-1.7999331,-0.1550191193819046,-0.4102119,-0.06462541967630386,-0.30715147,0.3680133819580078
576,11,125,5,-1.3526772,-1.0091296434402466,0.35857663,-0.6254097819328308,-0.981544,-0.7031545639038086,0.37113318,0.4897449016571045,-1.2239771,-0.34589990973472595,-1.0620333,-0.038768768310546875,-1.6324015,-0.5944808125495911,-0.40842438,-0.2447621077299118
577,9,123,5,-0.03271818,-1.0343093872070312,-0.748858,0.0810648575425148,0.5337874,-0.03293784335255623,0.5665056,0.7432575225830078,0.5537103,-0.3853759765625,0.06292597,-1.0183318853378296,0.9122842,-0.2420501708984375,0.3585739,0.7740246653556824
578,6,127,5,-1.1347489,0.20982885360717773,-1.8065242,0.06999039649963379,-0.52337915,-0.12430429458618164,0.6113698,-0.06383919715881348,-2.9628398,0.8138787150382996,-1.5038542,0.14215882122516632,-0.7271388,0.2611134946346283,2.2357008,-0.5527651906013489
579,10,116,5,-0.9073577,-0.19335801899433136,-1.3387003,-0.9361106753349304,-1.2162161,0.26799526810646057,-0.3088584,0.25649747252464294,-0.8332427,-0.41308021545410156,-1.7276815,-1.1145588159561157,-1.8681358,-0.09038861840963364,-1.034893,-0.4958019256591797
580,8,142,5,0.3254989,-0.6657676696777344,0.5678436,-0.1804897040128708,0.6766694,-0.11819807440042496,0.35117054,0.0815681591629982,0.33489576,-1.1622129678726196,0.6030035,-0.5342245101928711,0.055716198,0.25312677025794983,-0.27917957,0.6245978474617004
581,5,127,5,-1.734033,-0.6975067257881165,-3.4385977,-0.31446027755737305,-1.4098469,-0.0001773834228515625,0.324186,0.6527627110481262,-1.2782955,-0.8153915405273438,-2.310436,-0.06309381872415543,-1.5410801,0.4047514498233795,-0.26278463,0.6697190403938293
582,3,129,5,-0.8059407,-0.4888865053653717,-0.65312403,0.28655847907066345,-0.41221872,-1.028220772743225,0.39372197,-0.4628671705722809,-0.7222147,-0.15207989513874054,-0.68853885,-1.1495155096054077,-2.5697937,-0.5977716445922852,-1.847579,0.3241701126098633
583,5,116,5,-2.0355155,-0.5697605609893799,-0.43596753,-0.8376563191413879,-1.8738617,-0.7172726988792419,0.161654,0.15944576263427734,-2.6278276,0.41932010650634766,-1.1250385,0.6756448745727539,0.939779,-0.4161243438720703,3.5676067,-0.5139290690422058
584,4,108,5,-1.7580185,-1.3065409660339355,0.3011117,-0.44550275802612305,-0.22696137,0.11742337793111801,1.531057,1.3753933906555176,-1.1781133,0.13751570880413055,-0.7175124,-0.2644071578979492,0.13852437,0.45194530487060547,1.3166376,-0.5182145237922668
585,4,113,5,-4.1117077,-0.562423050403595,-1.3889059,0.02846439741551876,-0.26473203,-0.14760780334472656,3.8469756,1.8978270292282104,-2.103367,0.228973388671875,-2.6140888,-0.6818854212760925,-0.5046892,0.5608186721801758,1.598678,0.3318452835083008
586,3,120,5,-1.3625154,0.2969834804534912,-1.306583,-0.6851121783256531,0.4063975,0.5916501879692078,1.7689129,-0.7382475733757019,-0.31950697,-0.004548072814941406,-0.9815216,0.2729196548461914,-2.1537316,-0.8453858494758606,-1.8342247,-0.04214255139231682
587,10,139,5,0.96448565,-1.1499700546264648,-0.8795705,-0.1344146728515625,1.0972581,-0.44893503189086914,0.13277245,0.8417590260505676,1.4216217,-0.4733668863773346,0.14337444,-0.5398893356323242,0.44361845,-0.06586774438619614,-0.9780032,0.20339520275592804
588,7,106,5,-2.3459597,-0.15158288180828094,-0.2602612,-0.47890329360961914,-1.7811381,0.1968657225370407,0.56482166,0.959416389465332,-0.22500832,0.5539944767951965,0.6836799,-0.6760969161987305,-1.9132181,-0.13743114471435547,-1.6882099,-0.4565223157405853
589,12,153,5,-0.10583798,0.3447297513484955,0.53049105,-0.6554562449455261,-0.07407602,0.132277250289917,0.031761963,-0.3329702913761139,0.6688649,-0.25704097747802734,0.16433112,0.031665485352277756,-0.72468376,0.2627290189266205,-1.3935486,0.10361035913228989
590,6,119,5,-1.7494559,-0.41028738021850586,-1.1096076,0.8273899555206299,-2.2509398,0.3731565475463867,-0.5014839,0.7834439873695374,-4.1532493,0.6492403149604797,-0.40850163,-0.5066607594490051,-2.7164612,0.21715004742145538,1.4367882,0.2503083646297455
591,10,132,5,-2.1677692,0.48014354705810547,-1.2220517,-0.10119509696960449,-3.0983136,0.14819209277629852,-0.9305447,-0.4452047348022461,-2.2472448,0.4660317003726959,-2.0180633,0.08194764703512192,-2.8514664,0.6176338195800781,-0.60422164,-0.9160206913948059
592,4,111,5,-2.6927748,1.468611240386963,1.7055794,-0.3153800070285797,-0.78096014,-0.17267243564128876,1.9118147,-0.5696384310722351,-3.261151,-0.1894582062959671,0.8171053,-1.433463454246521,-0.9177087,-0.04784838482737541,2.3434422,-0.25427722930908203
593,8,112,5,-2.5806334,0.1344851702451706,1.2883579,0.08250260353088379,0.88133377,-0.3058805465698242,3.4619675,0.13173742592334747,0.118057884,-0.38184261322021484,-0.8608096,-0.07588640600442886,-0.998144,-0.4347877502441406,-1.1162019,-0.11070474237203598
594,6,128,5,-0.48974052,-1.0940827131271362,0.7070692,-0.19486665725708008,-1.1115502,0.38713493943214417,-0.62180966,1.528383731842041,-0.05975151,-0.771534264087677,-1.455815,0.32743963599205017,0.030592918,-0.6633602976799011,0.09034443,0.10817400366067886
595,6,117,5,-1.4925071,-1.3043397665023804,-0.68954307,-1.1735854148864746,-1.7939725,0.5014047622680664,-0.30146536,1.526686191558838,-2.2898397,0.06091467663645744,-2.0397356,1.381116271018982,-2.17179,0.19132709503173828,0.11804994,-0.059017181396484375
596,11,139,5,-1.782959,-1.179763913154602,-0.57463306,-1.5078315734863281,-2.4206414,-1.073513150215149,-0.6376825,0.6961116790771484,-1.3751246,-0.298022598028183,-1.6051372,-0.25069141387939453,-1.8813308,0.016477903351187706,-0.5062062,0.927832305431366
597,11,136,5,-0.20293093,0.9905360341072083,-0.44161907,0.2933211326599121,1.1285294,-0.17562930285930634,1.3314604,-0.6216673851013184,-0.04567973,-0.36468347907066345,0.5491994,-0.257519394159317,0.055315018,0.21458213031291962,0.10099474,-0.3823353350162506
598,6,108,5,-0.36114693,-1.4030362367630005,-0.30608654,-0.4923419952392578,-0.612513,-0.1026303768157959,-0.25136605,1.4417740106582642,-0.5835479,-0.3443540036678314,-2.24391,-0.5847511291503906,-1.0629187,-0.13823668658733368,-0.47937074,0.513401985168457
599,7,123,5,-0.16491301,-1.1456851959228516,-0.33198676,-0.7221234440803528,-0.35980764,-0.2143561840057373,-0.19489463,1.4529814720153809,-1.149342,-1.1486495733261108,0.27880383,-2.1696531772613525,-1.1965519,-0.46535491943359375,-0.047210056,1.4983640909194946
600,8,90,5,-2.6946068,-0.21990537643432617,-2.6977272,-0.694648265838623,-1.755541,-0.2869149148464203,0.9390657,0.27716755867004395,-1.3959322,-0.7185595631599426,-2.2712364,-0.7898619771003723,-0.4045957,-0.19507789611816406,0.9913365,0.5301110148429871
601,15,157,5,-0.7119844,-0.10284185409545898,-0.61431235,-0.5157018303871155,-0.48121357,0.0307309627532959,0.23077083,0.2002526968717575,-2.438116,0.18333561718463898,-0.8741134,0.272880882024765,-0.1324075,-0.40107569098472595,2.3057086,-0.5844113230705261
602,9,120,5,0.71616745,-1.0445137023925781,-0.30190858,-1.499996542930603,-0.79594445,-0.5671501159667969,-1.5121118,1.1267919540405273,-1.635341,-0.4874296188354492,-2.1098402,-1.1907377243041992,-0.743715,-0.15629927814006805,0.89162606,0.18789196014404297
603,6,115,5,0.120927334,-0.4106431007385254,-1.5914174,0.40713247656822205,-1.8280805,0.16160352528095245,-1.9490079,0.24138641357421875,-1.118803,0.23590977489948273,-1.0454683,-0.6050500869750977,-0.080140114,-0.43731561303138733,1.0386629,-0.8862136006355286
604,7,132,5,-1.9901881,-1.2319031953811646,-1.6603894,-0.5573027729988098,-0.73227197,-0.5204648971557617,1.2579161,0.827728271484375,-1.6708914,-0.040940284729003906,-1.626351,0.2544476091861725,-1.0969467,-0.4435615539550781,0.57394475,-0.3089655339717865
605,7,121,5,-2.6477244,-0.1636214256286621,-1.5873758,-1.1738296747207642,-0.697892,0.19431376457214355,1.9498324,-0.30882707238197327,0.919796,0.0818166732788086,-0.16398303,-0.13166332244873047,-0.31145605,-0.009790420532226562,-1.2312521,-0.8720734715461731
606,9,124,5,-0.66302425,-0.5101707577705383,-0.55820066,0.19852717220783234,-0.32237157,-0.026297250762581825,0.3406527,0.43577513098716736,-0.48009428,-0.6351121068000793,-0.4342321,-0.4105173647403717,-0.39141145,-0.16736984252929688,0.08868281,0.5582926869392395
607,16,140,5,0.018874327,-0.6811431050300598,0.9799552,-0.5735322833061218,-1.4750069,-0.6397786736488342,-1.4938812,0.648090124130249,-1.427812,0.34310340881347656,0.8967349,0.3381716310977936,-0.54302627,0.0021028518676757812,0.88478565,-0.21997833251953125
608,15,118,5,-0.87848276,-0.3789196014404297,-0.85351664,-0.4454917907714844,0.30855718,0.16609318554401398,1.18704,0.40335068106651306,-0.31570372,0.3974205553531647,-0.044626236,-0.25401750206947327,1.5140762,-0.14837996661663055,1.82978,0.03554725646972656
609,7,133,5,0.046028137,-0.7194060683250427,-1.1908593,-0.2849051058292389,-0.25412497,-0.40639734268188477,-0.3001531,0.0670323371887207,-2.0947237,-0.644916832447052,-0.3578526,-1.181235671043396,-0.5365518,-0.3413794934749603,1.5581719,0.09495417028665543
610,10,97,5,-0.8487031,-0.0997212752699852,-0.30304766,-0.3401672840118408,-1.8331462,-0.3765902519226074,-0.9844432,-0.1409010887145996,0.35777664,-0.23517386615276337,-0.20195992,-0.5939960479736328,-1.2047176,-0.02046712301671505,-1.5624943,0.3692636489868164
611,7,134,5,-1.3875242,0.671694278717041,0.113379955,-0.5675384402275085,-0.30916938,-0.2158212661743164,1.0783548,-0.950803816318512,-0.03810644,0.3743928372859955,-1.126532,0.6458673477172852,-0.2580541,-0.02031739614903927,-0.21994765,-0.3947102129459381
612,5,124,5,-2.4239852,-0.903439998626709,-0.6501288,-0.1293487548828125,0.018624783,0.04436953738331795,2.44261,0.3985939025878906,-3.251569,-1.2049264907836914,-1.2043854,-0.24246565997600555,-1.3062435,0.47922101616859436,1.9453255,1.1877403259277344
613,10,142,5,-0.6089428,-0.4858948290348053,1.0934538,-0.22155316174030304,0.80229634,-0.46034669876098633,1.4112391,-0.09628057479858398,0.52207726,-0.6039654612541199,-1.3462683,-0.5444755554199219,-0.10892805,0.07896455377340317,-0.6310053,1.1490815877914429
614,4,122,5,-3.4974184,-0.07755955308675766,-3.1782153,-1.2733269929885864,-3.0977268,-0.25787344574928284,0.3996919,1.6714903116226196,-0.48878574,-0.47711658477783203,-1.5668484,0.53864985704422,-3.5838015,-0.17246150970458984,-3.0950158,0.3026456832885742
615,4,121,5,-0.95398825,-2.3738253116607666,-0.3389255,-1.2928930521011353,-0.7592295,-0.1186554804444313,0.19475873,2.003182888031006,-3.493347,-0.3524344861507416,-2.4283302,-0.7599261403083801,-1.0514297,-0.4703305661678314,2.4419172,-0.2955707013607025
616,3,113,5,-2.9029112,-1.2623196840286255,-3.8730648,0.536672055721283,-1.6775193,-0.951865017414093,1.2253919,0.5273759961128235,-3.1229784,-1.7039932012557983,-3.9799776,-1.2131379842758179,-0.9621703,-0.32309436798095703,2.1608083,1.469504714012146
617,5,113,5,-1.492618,-1.2848148345947266,0.24644549,-0.49239030480384827,0.83822536,0.37104344367980957,2.3308432,1.693127989768982,-0.9873187,0.10095945745706558,0.850544,0.7933626174926758,-0.1663901,-0.10985056310892105,0.8209286,0.11842727661132812
618,5,124,5,0.058167934,-0.5175979733467102,-2.070863,0.33456993103027344,-0.87465864,0.07259750366210938,-0.9328266,0.3666038513183594,0.8919592,0.31245994567871094,0.4148674,0.5570433735847473,-0.68072385,-0.6665055155754089,-1.572683,-1.0864051580429077
619,6,129,5,-0.8366833,0.062133949249982834,-1.5037314,-0.19307692348957062,-0.42019,-0.22341330349445343,0.41649327,-0.6657996773719788,-0.6447595,0.7892074584960938,-0.2717301,-0.27386125922203064,-0.38486385,0.3939342498779297,0.25989565,-0.5708195567131042
620,4,128,5,0.25092515,-1.7453593015670776,-1.0529594,-1.1244598627090454,-0.22829056,-0.6200477480888367,-0.4792157,0.8430878520011902,-1.2646815,-0.06720447540283203,-1.8382238,-1.0392240285873413,1.2123375,-0.3604269027709961,2.477019,-0.20155811309814453
621,3,122,5,-0.5977876,-1.1138635873794556,-1.2247087,-1.5858840942382812,-0.12210512,-0.07733050733804703,0.4756825,1.0365331172943115,-2.1148033,-1.963003158569336,-2.2237492,-1.4418550729751587,-2.2813175,-0.22318808734416962,-0.16651408,2.499028205871582
622,9,133,5,-1.515076,-0.8522942662239075,-0.2026449,0.21145088970661163,-0.4110597,-0.12108087539672852,1.1040163,0.4957280158996582,-1.0700989,-0.8343073725700378,-0.98357135,-0.2598133087158203,-0.82732326,-0.7186698913574219,0.2427756,-0.17184066772460938
623,9,74,5,-1.3233918,-0.46926721930503845,-1.441864,-0.5614311099052429,-0.50877476,-0.12292543798685074,0.81461686,0.9837380051612854,-1.354166,-1.0256658792495728,-1.5903234,0.20012569427490234,-0.18542862,-0.2770172655582428,1.1687374,0.5279948115348816
624,9,98,5,0.96146625,0.6020182967185974,-1.2271415,0.3867058753967285,0.28309026,0.22082288563251495,-0.678376,-0.8125317096710205,0.17883237,0.17504119873046875,-0.5604906,-0.03384844586253166,-0.9858268,-0.09328079223632812,-1.1646591,-0.16555404663085938
625,7,126,5,-2.0925756,-1.4021649360656738,-1.2285331,-1.1737381219863892,-0.59074026,-0.4910820424556732,1.5018352,0.7205422520637512,-1.9743729,-0.8022505640983582,-0.8916934,-0.7051073908805847,-0.49873605,-0.4132658541202545,1.4756368,0.6913426518440247
626,8,116,5,-3.6214867,-0.11219684034585953,-2.1339476,-0.8721447587013245,-1.5509378,-0.23194658756256104,2.0705488,0.6484189033508301,-3.054882,-0.06704679876565933,-2.2326052,-0.30304813385009766,-1.9765282,-0.7030963897705078,1.0783539,-1.1292654275894165
627,12,127,5,-1.177062,-0.4612053334712982,0.034510534,0.15399663150310516,0.76235086,0.13111932575702667,1.939413,0.5923246741294861,-0.10909303,-0.9083779454231262,-0.25247827,0.10435358434915543,-0.25063643,0.47528329491615295,-0.14154339,1.3836612701416016
628,5,110,5,0.46849403,-0.42210516333580017,-0.7141492,-0.2608167231082916,-2.0328317,0.3991641104221344,-2.5013256,0.7821857929229736,-3.2859213,0.5550314784049988,-2.769334,-0.8798542022705078,-1.455493,0.1034688949584961,1.8304285,-0.5103597640991211
629,3,101,5,-1.4367887,-2.283452033996582,-0.28933564,-0.5168760418891907,-1.2916886,-0.35093918442726135,0.14510028,-0.6806408762931824,-0.7172499,-0.553569495677948,-2.7586648,-1.673057198524475,-0.14121723,0.14448420703411102,0.57603264,1.049586296081543
630,8,69,5,0.988961,-0.7636981010437012,-0.9120967,-1.2817840576171875,-1.4042974,-0.24266250431537628,-2.393258,0.5210356116294861,-2.153343,-0.15096187591552734,-0.45333004,-0.7548564076423645,-0.6408682,-0.40967559814453125,1.5124747,-0.6835200190544128
631,8,130,5,-0.292596,0.17373736202716827,1.4091109,0.06771930307149887,-0.8520189,-0.33126774430274963,-0.5594229,-0.30857476592063904,-1.0945104,0.12818939983844757,-1.0489277,0.04989878460764885,-0.5811618,0.24156999588012695,0.5133486,0.35796961188316345
632,5,130,5,-2.0034785,-0.09199396520853043,-0.8190778,-1.3257193565368652,0.070388876,-0.058353740721940994,2.0738676,-0.654151201248169,-0.45122752,-0.967158317565918,0.9573021,-0.8728058934211731,-0.18451595,-0.3160877227783203,0.26671156,0.9433266520500183
633,7,118,5,0.1788307,-2.0363197326660156,-1.786775,-2.783780336380005,-1.4780146,-0.5855371952056885,-1.6568455,0.8021630644798279,-0.7207384,-0.8480424880981445,0.40288672,-1.0460811853408813,-0.69890624,-0.032321613281965256,0.021832148,0.8960430026054382
634,7,86,5,-0.09626039,-0.4361847937107086,-1.1409568,-0.7565223574638367,-1.0810272,0.9818122982978821,-0.98476666,1.0943976640701294,-2.82491,-0.45472779870033264,-0.6926317,0.2601378858089447,-1.4560553,0.33031606674194336,1.3688545,1.0179349184036255
635,10,119,5,2.2985818,0.391162246465683,0.18367021,-0.34063586592674255,0.9041679,-0.14274294674396515,-1.394414,-0.5339052081108093,-0.16045506,-0.7096579670906067,1.1552309,0.05651314929127693,-0.26819292,-0.3698749542236328,-0.10773786,0.4056739807128906
636,11,123,5,0.7355674,-0.19109289348125458,0.99227405,-0.6681316494941711,0.81332344,-0.3281320035457611,0.07775605,-0.17400217056274414,0.5962887,-0.46746698021888733,-0.25508213,-0.4922660291194916,-0.7652995,-0.4504629671573639,-1.3615881,-0.035139720886945724
637,4,94,5,-0.21654184,-1.770300269126892,-1.0652272,-1.4393025636672974,-1.1551012,-0.5651646256446838,-0.93855935,1.902044653892517,1.2668554,0.07925542443990707,0.017217001,-0.5553359985351562,-0.17519982,-0.23402023315429688,-1.4420552,-0.22553761303424835
638,4,105,5,-1.6829652,-0.22502486407756805,-2.90018,-0.515248715877533,-1.4251037,0.08958188444375992,0.25786147,0.060195762664079666,-0.44079366,-0.2469320297241211,0.36160788,-0.4893531799316406,1.048036,0.18290869891643524,1.4888296,0.42984071373939514
639,5,110,5,0.55717164,-0.866765022277832,-1.6724048,0.32658520340919495,0.5942316,-0.6002326011657715,0.037059944,0.26653242111206055,-2.2595673,-0.8216339945793152,0.5343844,-0.42232799530029297,0.5269308,0.25014495849609375,2.786498,0.4796663820743561
640,4,94,5,-0.21113133,-0.8826565742492676,0.94825387,-1.2005761861801147,1.5158457,0.48336172103881836,1.726977,1.366018295288086,-0.04664612,-0.21061770617961884,-0.15543334,0.08137957006692886,1.2167892,0.23127365112304688,1.2634354,1.2898979187011719
641,3,106,5,0.95057267,0.18706877529621124,0.7730606,-0.10708443075418472,1.8256694,-0.21170926094055176,0.8750968,0.22958151996135712,-0.2739102,-0.776860237121582,1.5982018,-0.8618199229240417,0.20539887,-0.7296676635742188,0.47930908,0.3025550842285156
642,5,98,5,0.48272339,-0.13688214123249054,0.30335984,-0.57723468542099,-0.91152257,0.72117018699646,-1.394246,0.45463958382606506,0.73195744,-1.012406349182129,0.78707856,-0.4427499771118164,-0.6746502,-0.7437575459480286,-1.4066076,0.13604450225830078
643,6,112,5,-1.3910155,-0.5327054858207703,-0.45319557,-1.356974482536316,-0.20123847,0.23827774822711945,1.189777,-0.7615384459495544,-0.82380265,-0.3493928909301758,-1.9983889,0.35491976141929626,-0.529439,-0.4698019027709961,0.29436365,-0.028888383880257607
644,4,111,5,-0.84632826,-0.29909977316856384,-2.3371205,0.49007081985473633,-2.5530558,0.0981498584151268,-1.7067275,0.32280269265174866,-2.533988,-0.8753728866577148,-1.4909292,-0.74247807264328,-0.48812866,-0.29674115777015686,2.0458593,0.5786316990852356
645,7,123,5,-2.9618714,-0.06510177999734879,-3.6381805,-0.47456392645835876,-0.63535625,0.36175838112831116,2.3265152,0.6982695460319519,-0.69784737,-0.2212848663330078,-0.07203738,0.6532726287841797,0.06178506,0.07662105560302734,0.7596324,0.431506484746933
646,3,95,5,-1.9810172,-0.40597376227378845,-3.1565344,-1.3570915460586548,1.3173482,0.29215264320373535,3.2983656,-0.46323561668395996,0.7077637,-0.14622974395751953,-2.6419823,-0.5724566578865051,-0.9025437,0.08111222833395004,-1.6103073,-0.41735491156578064
647,11,107,5,-1.9920985,0.2589806020259857,-0.37634626,-0.0764470100402832,-0.7050169,-0.21860218048095703,1.2870816,-0.27446308732032776,-1.3153534,-0.33139100670814514,-0.021698952,0.13676388561725616,-1.0552158,-0.241738960146904,0.26013756,0.056392986327409744
648,3,92,5,1.2863702,0.6048750281333923,0.51476145,0.9263408780097961,0.427433,0.7075206637382507,-0.8589371,-0.897810161113739,-1.6742153,-0.19709300994873047,-2.030668,0.16883277893066406,-0.7087272,-0.21521218121051788,0.96548814,-0.272796630859375
649,7,137,5,0.050885994,-1.112453579902649,-1.2240161,-0.3306685984134674,-0.021214405,-0.11310847848653793,-0.0721004,0.45891276001930237,0.012291272,-0.3692455291748047,-0.439325,-0.9786246418952942,0.00036907196,0.25870609283447266,-0.0119222,-0.5779311060905457
650,7,113,5,-0.9060381,-0.3633522093296051,-0.8349068,0.2751714289188385,0.8877689,0.4865358769893646,1.793807,1.0850402116775513,-1.2766024,-0.229653999209404,0.040463448,-0.2203216552734375,0.5305953,0.03483295440673828,1.8071977,0.2644869387149811
651,8,97,5,-0.07498995,-1.6173133850097656,-0.6903669,-0.8316982388496399,0.611295,-0.6002635955810547,0.68628496,0.8617680072784424,-0.5830841,-0.2806008756160736,-0.13639545,-0.4697580337524414,-0.57565975,0.1678415983915329,0.0074243546,0.4484424591064453
652,7,143,5,0.12432305,-0.6641058921813965,0.8242531,-0.4391557276248932,0.7724185,0.1903090476989746,0.6480954,0.7215206027030945,1.624917,-0.8056001663208008,1.1987699,-0.686451256275177,0.4223442,0.245474174618721,-1.2025728,1.1207314729690552
653,4,130,5,1.3181047,-0.4015653133392334,2.2766278,0.03596051409840584,-1.1170964,0.048142511397600174,-2.4352012,-0.8899292349815369,0.1593272,-0.27966976165771484,0.8367993,-0.21552181243896484,1.7162479,-0.13585694134235382,1.5569206,0.7131951451301575
654,4,118,5,0.29609838,1.383071780204773,0.88297087,0.42768001556396484,-0.16589475,-0.1424819678068161,-0.46199313,-1.309496521949768,-0.16887696,0.9213972091674805,2.9678595,0.08775743097066879,1.324252,-0.2873646318912506,1.4931289,-1.2087618112564087
655,4,101,5,-0.56246614,-2.0377373695373535,0.15507078,-1.0218546390533447,0.13281982,-0.5312225222587585,0.695286,0.7404788136482239,-1.2973951,-0.6182414889335632,2.1594307,-2.32865047454834,0.053371746,0.8604843020439148,1.3507668,1.1731258630752563
656,4,101,5,-2.32005,-0.41649866104125977,0.5798073,-1.182422161102295,-0.91812634,0.5834062099456787,1.4019237,0.8322847485542297,-2.6091366,0.06164487078785896,-1.2384758,-0.6579999923706055,-1.747201,-0.6129248738288879,0.8619356,0.35155296325683594
657,6,136,5,-0.37202087,0.7818801999092102,2.281438,0.5064809918403625,0.204827,0.28083744645118713,0.57684785,-0.3779940605163574,-1.4327936,0.3302888870239258,1.8842436,-0.3979167938232422,0.10518551,0.24401187896728516,1.5379791,-0.3575004041194916
658,6,122,5,-4.1524305,-0.8034524917602539,-2.8124034,0.05831464007496834,-2.6265612,-0.2205236703157425,1.5258694,-0.08142200857400894,-0.89523953,-0.4597218930721283,0.40226206,0.0313669852912426,-2.29052,-0.29550108313560486,-1.3952805,-0.1932128220796585
659,5,121,5,-3.723551,0.2052757740020752,-2.1347477,0.3360694348812103,-0.7848339,0.22245581448078156,2.9387171,0.582355260848999,-1.3000253,1.0116243362426758,-3.538761,0.07233873754739761,-3.2993758,0.8906895518302917,-1.9993505,-0.21274344623088837
660,8,135,5,0.24051571,-0.12926824390888214,-0.11359167,0.002279122592881322,1.813059,0.12747859954833984,1.5725433,1.095657229423523,-0.28689575,-0.3579002916812897,0.43273863,-0.005122184753417969,0.6705678,-0.18877506256103516,0.95746356,0.5438658595085144
661,9,115,5,0.66975945,0.6950733065605164,1.6612557,0.23657941818237305,0.8310397,0.19819276034832,0.16128032,-0.1357451230287552,-0.4621922,-0.3660469055175781,1.4651941,-0.27251243591308594,0.35712972,-0.7364015579223633,0.81932193,-0.37035465240478516
662,6,92,5,-1.3596443,-0.3192828595638275,-1.5951947,-1.305622935295105,0.59161335,-0.2436707764863968,1.9512577,-0.1459653377532959,-0.92977554,-1.2195533514022827,-1.3357363,-1.4042507410049438,-1.1254845,-1.0076144933700562,-0.19570892,-0.5608901977539062
663,6,122,5,-1.7111126,-0.4876309931278229,1.1252544,-0.00038814544677734375,1.293947,-0.619951069355011,3.0050595,1.4811345338821411,0.34942245,0.6821858286857605,-0.3028183,0.08042621612548828,-1.2446957,1.0671138763427734,-1.5941181,0.5275023579597473
664,7,108,5,-3.2946846,-0.31297335028648376,-2.8022354,-0.8334475159645081,-2.3888438,-0.40766987204551697,0.9058412,1.0230952501296997,-1.0851316,-0.5668166279792786,-3.1150825,0.0642191544175148,-2.558875,-0.4311634600162506,-1.4737434,-0.351947158575058
665,7,117,5,0.1513737,-1.7032060623168945,0.35559964,-1.2380452156066895,0.44290194,-0.6666564345359802,0.29152822,0.18591339886188507,1.053392,-0.7887093424797058,0.7638801,-1.6630058288574219,-0.03803857,-0.5482559204101562,-1.0914307,0.20010502636432648
666,8,133,5,0.55240315,-0.4032045900821686,1.6542121,-0.013389825820922852,-1.5466105,-0.2628054618835449,-2.0990138,-0.5034658312797546,1.3324007,0.9256620407104492,0.5377957,-0.06648667901754379,-0.2044862,0.17422421276569366,-1.5368868,-0.7514378428459167
667,7,127,5,0.4437591,-0.7665681838989258,0.4267939,-0.44697317481040955,0.85977453,-0.5567291378974915,0.4160154,0.5407508015632629,0.5221608,-1.6257635354995728,-2.3851078,-0.5879914164543152,-0.3666048,-0.33114591240882874,-0.88876563,0.49974408745765686
668,4,110,5,-1.0998862,-1.857861876487732,0.49599743,-1.4529495239257812,-0.39742294,-0.0920308455824852,0.7024632,1.4217076301574707,0.42412487,-1.481000542640686,-0.97596294,0.16576416790485382,-0.2017463,-0.5580635070800781,-0.6258712,0.9229370951652527
669,6,135,5,-0.13735564,-0.3750343322753906,-0.8899763,-0.12531550228595734,-1.5715011,-0.1812163144350052,-1.4341455,-0.49863648414611816,-2.9551315,-0.3197110593318939,0.95155936,0.07017103582620621,-1.2920557,0.3504994809627533,1.6630758,0.4341472089290619
670,8,125,5,0.1921026,-0.28569793701171875,-1.6090716,-0.09219089895486832,1.3480016,-0.34151196479797363,1.155899,-0.7475886344909668,-1.5611242,-1.025731086730957,-0.9118347,-0.36905574798583984,-1.3972101,-0.5781809687614441,0.16391404,0.09783140569925308
671,3,109,5,-4.570505,0.7948517799377441,-6.3625627,0.23861806094646454,-3.1874435,-0.15809886157512665,1.3830618,-0.08318249136209488,-3.6637583,1.0201431512832642,-3.8597295,-0.12292829900979996,-3.687316,0.444140762090683,-0.023557663,-0.5760024189949036
672,8,123,5,0.13279788,-0.06345637887716293,-1.0284247,-0.0823512077331543,-1.4318982,-0.017366090789437294,-1.5646962,0.5520661473274231,-1.5099827,-0.3755248486995697,-2.0534265,-0.6399618983268738,-0.8018516,0.054368335753679276,0.70813113,0.24010467529296875
673,4,102,5,-0.50788814,-0.9499444961547852,-1.8057476,-0.6583860516548157,-2.1634746,0.3076142370700836,-1.6555864,0.7328553795814514,-1.8628899,-0.7803856730461121,-2.0943537,-0.028891881927847862,-1.5741507,-0.3778165280818939,0.2887392,0.2545383870601654
674,5,136,5,-0.6014984,-0.9471556544303894,1.0674461,0.4046010971069336,-0.51828605,-0.07566126435995102,0.083212376,0.7926269173622131,-1.6490755,-1.0230497121810913,0.3375174,-0.45682334899902344,-1.211557,0.3255402147769928,0.43751845,1.2772022485733032
675,6,106,5,1.2696317,0.17388136684894562,0.2930514,0.020458856597542763,-0.2825698,-0.5003498196601868,-1.5522016,-0.28853997588157654,1.5971953,0.40050697326660156,0.79324216,-0.7462860941886902,-0.35881868,-0.28309503197669983,-1.956014,-0.6836020350456238
676,9,135,5,-2.3301625,-0.33629274368286133,-2.637566,0.19419638812541962,-1.5619698,-0.031115373596549034,0.76819277,0.7862817645072937,-2.3857622,0.6832752227783203,-3.5008333,0.2978766858577728,-2.120136,0.5804545283317566,0.26562628,0.0685276985168457
677,8,122,5,-0.9427798,-0.19248676300048828,-2.4309087,0.16641981899738312,-2.4732208,0.19099004566669464,-1.5304412,1.5421123504638672,-2.4680355,-1.129736304283142,-0.66040677,-0.061239879578351974,-2.4323714,0.27099719643592834,0.03566392,1.400733470916748
678,14,132,5,-0.9243307,0.7528254389762878,-0.03649783,1.1243369579315186,-0.65495557,0.11803308874368668,0.26937518,-0.31023821234703064,-0.53059417,0.833613395690918,-0.84742993,0.2082958221435547,-1.3213034,-0.03373940661549568,-0.7907092,-0.5974867939949036
679,4,117,5,-4.4931474,-0.44746923446655273,-3.8256118,-0.058347541838884354,-3.2033384,-0.27010154724121094,1.2898089,0.23843629658222198,-1.9825605,0.44383129477500916,-2.4423602,-0.7094452977180481,-2.2285595,0.23893673717975616,-0.24599902,0.46748828887939453
680,7,135,5,1.9936352,0.3568078577518463,1.2998047,-0.14483706653118134,0.0059715114,-0.7454074025154114,-1.9876637,-1.1769232749938965,-0.36964512,0.31232547760009766,0.385177,-0.12424246221780777,-0.020396233,-0.4685707092285156,0.3492489,-0.7808961868286133
681,6,142,5,2.0953052,-0.40408802032470703,0.43173742,-1.773796558380127,1.1267587,-0.09493645280599594,-0.9685466,0.9055089354515076,0.18078582,-0.2708374559879303,-0.93134433,0.3396545946598053,0.55735797,-0.25978755950927734,0.37657213,-0.03193505480885506
682,8,120,5,-0.32590032,-0.7392597198486328,1.3323593,0.015108108520507812,-0.77704763,0.7253022789955139,-0.45114735,0.5032250285148621,-0.44923845,0.9011008143424988,0.63437146,0.5740086436271667,0.21132071,0.1920115202665329,0.6605592,-1.248904824256897
683,4,122,5,-0.77195555,-2.257530450820923,-1.7107276,-1.152065634727478,0.026552677,-0.4576241075992584,0.7985082,1.7999063730239868,-0.13701026,-1.0152031183242798,1.0626516,-0.8562580943107605,0.10531584,-0.4500996172428131,0.2423261,0.6877972483634949
684,7,120,5,-1.8577436,-0.06357399374246597,-2.798607,-1.0073837041854858,-1.9081115,-0.6721170544624329,-0.050367754,-0.6085430979728699,-1.221199,-1.171931266784668,-2.3772526,-0.0953582152724266,-1.9941899,-0.5275656580924988,-0.7729909,0.8724082112312317
685,6,119,5,-0.35535654,-0.636025607585907,0.27437925,-1.1381837129592896,-0.068477236,-0.0538894347846508,0.2868792,0.5854170918464661,-0.876194,-0.5780518651008606,1.1519146,-0.3216889798641205,0.75910634,0.1813983917236328,1.6353003,1.1279605627059937
686,7,118,5,0.28267846,-0.3298586308956146,-0.3529049,0.5171727538108826,0.729335,-0.2137007713317871,0.44665655,0.34783339500427246,-0.5886485,1.238547682762146,0.2886324,-0.0893920287489891,-0.61168957,-0.9272017478942871,-0.02304109,-1.7557978630065918
