pad_id,area_m2,n_core,n_ring,hh_pad_db,hh_ring_db,hv_pad_db,hv_ring_db,canopy_pad_2019,canopy_ring_2019,hh_diff_db,hv_diff_db,ratio_pad_db,ratio_ring_db,ratio_diff_db,stratum
0,2685.6980794906017,18,128,-8.33237969257372,-7.883199531085458,-15.737555445931015,-16.428822656431098,0.8299983739852905,0.6240624189376831,-0.4491801614882629,0.691267210500083,7.405175753357295,8.54562312534564,-1.140447371988346,grown over (>50%)
1,495.12400831649484,0,0,,,,,,,,,,,,
2,745.6198918437068,0,0,,,,,,,,,,,,
3,814.691898410293,0,0,,,,,,,,,,,,
4,851.9280661828658,0,0,,,,,,,,,,,,
5,526.4910701753656,0,0,,,,,,,,,,,,
6,436.25970543542195,0,0,,,,,,,,,,,,
7,552.0810320363048,0,0,,,,,,,,,,,,
8,789.0409604814608,0,0,,,,,,,,,,,,
9,260.532807910395,0,0,,,,,,,,,,,,
10,410.0560107486361,0,0,,,,,,,,,,,,
11,697.9515598083082,0,0,,,,,,,,,,,,
12,841.1712309791244,0,0,,,,,,,,,,,,
13,797.3576808263341,0,0,,,,,,,,,,,,
14,568.43127652341,0,0,,,,,,,,,,,,
15,553.5788651739547,0,0,,,,,,,,,,,,
16,741.1280484328588,0,0,,,,,,,,,,,,
17,684.5163929555144,0,0,,,,,,,,,,,,
18,675.0367675681199,0,0,,,,,,,,,,,,
19,582.4756820540435,0,0,,,,,,,,,,,,
20,866.4162360144151,0,0,,,,,,,,,,,,
21,715.8491381457151,0,0,,,,,,,,,,,,
22,575.6860961047809,0,0,,,,,,,,,,,,
23,672.7274152799176,0,0,,,,,,,,,,,,
24,732.0575846236551,0,0,,,,,,,,,,,,
25,604.4861471585695,0,0,,,,,,,,,,,,
26,831.7734986765186,0,0,,,,,,,,,,,,
27,701.3271877666966,0,0,,,,,,,,,,,,
28,798.7451339417356,0,0,,,,,,,,,,,,
29,443.1608055187981,0,0,,,,,,,,,,,,
30,572.6501270422314,0,0,,,,,,,,,,,,
31,652.4599632560622,0,0,,,,,,,,,,,,
32,488.51446862401747,0,0,,,,,,,,,,,,
33,877.6331159885256,0,0,,,,,,,,,,,,
34,550.858728125551,0,0,,,,,,,,,,,,
35,622.5708615834507,0,0,,,,,,,,,,,,
36,762.5225697983527,0,0,,,,,,,,,,,,
37,671.4137306362566,0,0,,,,,,,,,,,,
38,570.8973081900912,0,0,,,,,,,,,,,,
39,441.7222765128902,0,0,,,,,,,,,,,,
40,291.78919192849986,0,0,,,,,,,,,,,,
41,319.25508129614786,0,0,,,,,,,,,,,,
42,588.7005305475728,0,0,,,,,,,,,,,,
43,1232.7637277995132,0,0,,,,,,,,,,,,
44,656.2855660468496,0,0,,,,,,,,,,,,
45,574.6311066354396,0,0,,,,,,,,,,,,
46,871.443589139246,0,0,,,,,,,,,,,,
47,851.2073096294291,0,0,,,,,,,,,,,,
48,919.8496823899197,0,0,,,,,,,,,,,,
49,774.5594647273904,0,0,,,,,,,,,,,,
50,394.1249669521563,0,0,,,,,,,,,,,,
51,1041.0774136039922,0,0,,,,,,,,,,,,
52,985.5891623595477,0,0,,,,,,,,,,,,
53,1050.5209486385977,0,0,,,,,,,,,,,,
54,834.0896315722493,0,0,,,,,,,,,,,,
55,812.1328507373233,0,0,,,,,,,,,,,,
56,955.9835360319104,0,0,,,,,,,,,,,,
57,751.3876569677775,0,0,,,,,,,,,,,,
58,859.3457618987516,0,0,,,,,,,,,,,,
59,803.5366970516509,0,0,,,,,,,,,,,,
60,1164.3498800612804,0,0,,,,,,,,,,,,
61,1103.8023145056172,0,0,,,,,,,,,,,,
62,931.7216974532157,0,0,,,,,,,,,,,,
63,928.3611198945327,0,0,,,,,,,,,,,,
64,673.78491555144,0,0,,,,,,,,,,,,
65,1187.428474134631,0,0,,,,,,,,,,,,
66,1239.811456931101,0,0,,,,,,,,,,,,
67,1523.912103719307,0,0,,,,,,,,,,,,
68,922.0874698507441,0,0,,,,,,,,,,,,
69,1132.9623675174194,0,0,,,,,,,,,,,,
70,782.4019113913822,0,0,,,,,,,,,,,,
71,931.8496307896444,0,0,,,,,,,,,,,,
72,863.7434736836841,0,0,,,,,,,,,,,,
73,953.7347976679554,0,0,,,,,,,,,,,,
74,880.3771776970588,0,0,,,,,,,,,,,,
75,852.7497548062379,0,0,,,,,,,,,,,,
76,716.7296216793111,0,0,,,,,,,,,,,,
77,2473.2166032195037,0,0,,,,,,,,,,,,
78,1370.6137913990224,0,0,,,,,,,,,,,,
79,1173.8418223919225,0,0,,,,,,,,,,,,
80,1572.6087526471604,0,0,,,,,,,,,,,,
81,917.7980204445624,0,0,,,,,,,,,,,,
82,1220.1634046123218,0,0,,,,,,,,,,,,
83,1164.6793332340587,0,0,,,,,,,,,,,,
84,1286.0617249448962,0,0,,,,,,,,,,,,
85,1026.5569579336095,0,0,,,,,,,,,,,,
86,1324.5927806329814,0,0,,,,,,,,,,,,
87,1667.59635096634,0,0,,,,,,,,,,,,
88,1517.6115142747349,0,0,,,,,,,,,,,,
89,956.3916934055137,0,0,,,,,,,,,,,,
90,1442.9643324765107,0,0,,,,,,,,,,,,
91,780.2305768580045,0,0,,,,,,,,,,,,
92,917.5161101990873,0,0,,,,,,,,,,,,
93,593.0617238464097,0,0,,,,,,,,,,,,
94,428.95561035544546,0,0,,,,,,,,,,,,
95,511.7871306146605,0,0,,,,,,,,,,,,
96,667.6857222785172,0,0,,,,,,,,,,,,
97,587.7949077659655,0,0,,,,,,,,,,,,
98,412.2529569314054,0,0,,,,,,,,,,,,
99,431.5915127196925,0,0,,,,,,,,,,,,
100,527.4578938309387,0,0,,,,,,,,,,,,
101,444.3206262253096,0,0,,,,,,,,,,,,
102,468.5913157026198,0,0,,,,,,,,,,,,
103,318.2654096863167,0,0,,,,,,,,,,,,
104,561.6740767569256,0,0,,,,,,,,,,,,
105,713.8115882966546,0,0,,,,,,,,,,,,
106,999.9139743110602,0,0,,,,,,,,,,,,
107,844.9632496864864,0,0,,,,,,,,,,,,
108,1103.0049479422385,0,0,,,,,,,,,,,,
109,549.3900758792254,0,0,,,,,,,,,,,,
110,1195.6203410163557,0,0,,,,,,,,,,,,
111,838.5902751292766,0,0,,,,,,,,,,,,
112,771.1019454327106,0,0,,,,,,,,,,,,
113,1452.4589092813944,0,0,,,,,,,,,,,,
114,1468.7959343399305,0,0,,,,,,,,,,,,
115,1115.3655262326338,0,0,,,,,,,,,,,,
116,892.1177297909591,0,0,,,,,,,,,,,,
117,720.0877164602276,0,0,,,,,,,,,,,,
118,526.7479454681652,0,0,,,,,,,,,,,,
119,641.3626854868799,0,0,,,,,,,,,,,,
120,2058.407910270737,0,0,,,,,,,,,,,,
121,1039.3521646540898,0,0,,,,,,,,,,,,
122,1319.9781748294838,0,0,,,,,,,,,,,,
123,1129.9754087008857,0,0,,,,,,,,,,,,
124,972.1618116579651,0,0,,,,,,,,,,,,
125,1046.861871656505,0,0,,,,,,,,,,,,
126,890.1080120118344,0,0,,,,,,,,,,,,
127,694.327217563724,0,0,,,,,,,,,,,,
128,898.8790841067929,0,0,,,,,,,,,,,,
129,401.7067945608724,0,0,,,,,,,,,,,,
130,803.7736106655179,0,0,,,,,,,,,,,,
131,589.4614804653836,0,0,,,,,,,,,,,,
132,614.8705198655641,0,0,,,,,,,,,,,,
133,724.3241643831853,0,0,,,,,,,,,,,,
134,624.167118273832,0,0,,,,,,,,,,,,
135,357.42072062957527,0,0,,,,,,,,,,,,
136,530.3918204502189,0,0,,,,,,,,,,,,
137,474.8898848011823,0,0,,,,,,,,,,,,
138,626.1677967802719,0,0,,,,,,,,,,,,
139,665.8395442963018,0,0,,,,,,,,,,,,
140,668.3891057818496,0,0,,,,,,,,,,,,
141,442.43582927937365,0,0,,,,,,,,,,,,
142,548.1951386845158,0,0,,,,,,,,,,,,
143,610.02342229061,0,0,,,,,,,,,,,,
144,471.1283987178314,0,0,,,,,,,,,,,,
145,713.9771589567799,0,0,,,,,,,,,,,,
146,1017.7381850095921,0,0,,,,,,,,,,,,
147,1147.3054228879328,0,0,,,,,,,,,,,,
148,994.7213119215241,0,0,,,,,,,,,,,,
149,1119.624330344925,0,0,,,,,,,,,,,,
150,1040.6867845110144,0,0,,,,,,,,,,,,
151,1006.5649577146729,0,0,,,,,,,,,,,,
152,1482.5552257491383,0,0,,,,,,,,,,,,
153,948.3832275456136,0,0,,,,,,,,,,,,
154,1238.8016293458852,0,0,,,,,,,,,,,,
155,1081.0452604354923,0,0,,,,,,,,,,,,
156,743.4996723691564,0,0,,,,,,,,,,,,
157,907.5116937430647,0,0,,,,,,,,,,,,
158,1222.8853191755886,0,0,,,,,,,,,,,,
159,1389.7014138899374,0,0,,,,,,,,,,,,
160,1065.4293711354935,0,0,,,,,,,,,,,,
161,1418.2958875774095,0,0,,,,,,,,,,,,
162,510.8088136715037,0,0,,,,,,,,,,,,
163,1445.5378899280665,0,0,,,,,,,,,,,,
164,1211.1635059395437,0,0,,,,,,,,,,,,
165,1410.306685830407,0,0,,,,,,,,,,,,
166,1115.618139844786,0,0,,,,,,,,,,,,
167,789.0812837554165,0,0,,,,,,,,,,,,
168,815.9675438457867,0,0,,,,,,,,,,,,
169,698.7160858703967,0,0,,,,,,,,,,,,
170,913.4375590039981,0,0,,,,,,,,,,,,
171,817.6638700336559,0,0,,,,,,,,,,,,
172,839.9191684076848,0,0,,,,,,,,,,,,
173,881.1203499482749,0,0,,,,,,,,,,,,
174,886.0890148510124,0,0,,,,,,,,,,,,
175,732.8113706854809,0,0,,,,,,,,,,,,
176,1319.4800177401353,0,0,,,,,,,,,,,,
177,877.9614208899197,0,0,,,,,,,,,,,,
178,1042.9882620622648,0,0,,,,,,,,,,,,
179,907.9110148021628,0,0,,,,,,,,,,,,
180,1044.9604721651626,0,0,,,,,,,,,,,,
181,1037.580041873685,0,0,,,,,,,,,,,,
182,877.1447844296767,0,0,,,,,,,,,,,,
183,1082.7612536654203,0,0,,,,,,,,,,,,
184,937.7893660016673,0,0,,,,,,,,,,,,
185,845.1800996436981,0,0,,,,,,,,,,,,
186,1161.8913951318368,0,0,,,,,,,,,,,,
187,697.3977303921351,0,0,,,,,,,,,,,,
188,1161.4159810475276,0,0,,,,,,,,,,,,
189,488.2234450521846,0,0,,,,,,,,,,,,
190,719.72637913326,0,0,,,,,,,,,,,,
191,972.8970043746261,0,0,,,,,,,,,,,,
192,1056.8202137094995,0,0,,,,,,,,,,,,
193,976.2824888675484,0,0,,,,,,,,,,,,
194,447.63780602585257,0,0,,,,,,,,,,,,
195,967.2887895874599,0,0,,,,,,,,,,,,
196,642.0663444704172,0,0,,,,,,,,,,,,
197,773.9874421974157,0,0,,,,,,,,,,,,
198,917.5925083789048,0,0,,,,,,,,,,,,
199,828.7617986124145,0,0,,,,,,,,,,,,
200,1122.8527176346554,0,0,,,,,,,,,,,,
201,808.8918294182837,0,0,,,,,,,,,,,,
202,966.6428059629843,0,0,,,,,,,,,,,,
203,790.4288979786861,0,0,,,,,,,,,,,,
204,775.5113786589982,0,0,,,,,,,,,,,,
205,1155.4064527896312,0,0,,,,,,,,,,,,
206,1296.5422423129048,6,126,-7.804156423203976,-7.4580686340236095,-17.15934388889596,-16.028472055426278,0.5483368039131165,0.28690528869628906,-0.3460877891803662,-1.1308718334696835,9.355187465691985,8.570403421402668,0.7847840442893173,grown over (>50%)
207,1266.2052036426326,6,141,-5.248262326118381,-7.387753662821785,-18.34667220131301,-16.013661292877465,0.2899980843067169,0.252127468585968,2.1394913367034043,-2.3330109084355435,13.098409875194628,8.62590763005568,4.472502245138948,partly grown (25-50%)
208,1158.7793378034605,5,130,-8.327290779271722,-9.116977540341896,-17.15528668096969,-15.813401673077966,0.3940025568008423,0.5332607626914978,0.7896867610701737,-1.341885007891726,8.82799590169797,6.69642413273607,2.1315717689618996,partly grown (25-50%)
209,1426.983124161898,8,113,-7.8140776946689385,-8.595832259784473,-16.161847700813738,-14.961755130035229,0.3750017285346985,0.4277873635292053,0.7817545651155342,-1.2000925707785086,8.347770006144799,6.365922870250756,1.9818471358940428,partly grown (25-50%)
210,921.5834611138223,2,135,-8.80192442112884,-8.131513756468765,-17.967585302224165,-14.869399653976092,0.23999887704849243,0.46664395928382874,-0.6704106646600749,-3.098185648248073,9.165660881095326,6.7378858975073275,2.427774983587998,open (<25% canopy)
211,1397.9349232817833,8,150,-9.623941289227332,-7.784412203098695,-15.342604385718396,-15.448642876002985,0.3837488889694214,0.6065998077392578,-1.8395290861286373,0.10603849028458967,5.718663096491063,7.66423067290429,-1.945567576413227,partly grown (25-50%)
212,1186.9025919463506,6,141,-9.05927502848612,-7.729245619442078,-14.912591371092379,-15.238184223254246,0.3533320128917694,0.6638152599334717,-1.3300294090440419,0.32559285216186673,5.853316342606259,7.508938603812168,-1.6556222612059086,partly grown (25-50%)
213,1429.906383664397,8,141,-7.180525407921383,-8.505410325463044,-15.557674827427077,-15.126158763314573,0.3250010013580322,0.32865241169929504,1.3248849175416613,-0.431516064112504,8.377149419505693,6.620748437851528,1.7564009816541652,partly grown (25-50%)
214,1196.122105199883,5,134,-7.418627701137323,-8.417402159955648,-15.869288665902243,-15.61270083816341,0.570000946521759,0.36940300464630127,0.9987744588183247,-0.2565878277388336,8.45066096476492,7.195298678207761,1.2553622865571583,grown over (>50%)
215,1395.6313748512837,5,147,-7.902123083918258,-8.230644337996775,-16.036641528003827,-15.687977991838702,0.23799976706504822,0.42843547463417053,0.3285212540785176,-0.3486635361651249,8.134518444085568,7.457333653841927,0.6771847902436416,open (<25% canopy)
216,1400.5464964398789,8,97,-9.006210769342625,-7.852747087625485,-15.917850412534714,-15.238626233433719,0.36249667406082153,0.6696011424064636,-1.15346368171714,-0.679224179100995,6.911639643192089,7.385879145808234,-0.474239502616145,partly grown (25-50%)
217,1056.5654055343573,4,109,-9.129575609237955,-7.493376493154905,-16.534595620524463,-15.094331237151891,0.22106002271175385,0.7032083868980408,-1.6361991160830502,-1.440264383372572,7.405020011286508,7.6009547439969865,-0.19593473271047834,open (<25% canopy)
218,1200.3569064090032,6,129,-9.385476594506963,-7.025987115391646,-16.690365048197993,-15.54231497872999,0.5383337140083313,0.8134106993675232,-2.359489479115317,-1.1480500694680025,7.30488845369103,8.516327863338343,-1.2114394096473138,grown over (>50%)
219,1228.662662722397,5,93,-7.394492341535926,-6.437125232942801,-17.20216411606674,-15.273215437325211,0.5619997978210449,0.7163437604904175,-0.9573671085931252,-1.9289486787415289,9.807671774530814,8.83609020438241,0.9715815701484036,grown over (>50%)
220,1064.3887812226067,4,88,-7.196785048100835,-6.573224783588297,-15.455973847976805,-16.21855711959187,0.4625052213668823,0.7526137828826904,-0.6235602645125375,0.7625832716150658,8.259188799875972,9.645332336003573,-1.3861435361276015,partly grown (25-50%)
221,876.557754912243,4,96,-5.156698522124341,-6.876622386153926,-15.638985133872367,-15.953891430505447,0.6650009155273438,0.7179166674613953,1.7199238640295853,0.31490629663307956,10.482286611748027,9.077269044351521,1.4050175673965057,grown over (>50%)
222,771.4559600477065,2,118,-7.63363055700769,-7.372548782688929,-17.075675616230054,-16.051102717415276,0.4100011885166168,0.2230510115623474,-0.261081774318761,-1.0245728988147782,9.442045059222364,8.678553934726347,0.7634911244960172,partly grown (25-50%)
223,1095.779360256883,3,101,-8.372237635223366,-7.271337127119654,-18.137122243681397,-16.596299608814395,0.6800010800361633,0.6064360737800598,-1.1009005081037113,-1.540822634867002,9.764884608458031,9.32496248169474,0.4399221267632907,grown over (>50%)
224,1366.9826919779225,7,101,-5.752973525327895,-7.46497040467208,-15.884360842611349,-16.244664626650128,0.3257156014442444,0.4893840253353119,1.711996879344185,0.36030378403877883,10.131387317283455,8.779694221978048,1.3516930953054072,partly grown (25-50%)
225,1268.5019543108972,6,113,-9.54553666674855,-8.897475928615592,-16.277108740846217,-15.728964139913533,0.5750028491020203,0.367433100938797,-0.6480607381329584,-0.5481446009326838,6.731572074097667,6.831488211297941,-0.09991613720027459,grown over (>50%)
226,1507.8719090150519,7,122,-9.413586973727979,-8.543658202229055,-17.830577459384976,-15.303321719615093,0.12571628391742706,0.3486061692237854,-0.8699287714989232,-2.527255739769883,8.416990485656997,6.759663517386038,1.6573269682709597,open (<25% canopy)
227,1255.8794557819797,6,120,-7.980247625288214,-8.601812948788545,-16.200953822563417,-15.336377625431975,0.3599967062473297,0.43672189116477966,0.6215653235003309,-0.8645761971314414,8.220706197275202,6.73456467664343,1.4861415206317723,partly grown (25-50%)
228,963.1017414970466,3,111,-9.49550487877955,-8.730471656333044,-16.84040956812382,-15.297450341836319,0.46332716941833496,0.36819854378700256,-0.7650332224465064,-1.5429592262875023,7.34490468934427,6.566978685503274,0.7779260038409959,partly grown (25-50%)
229,1576.9755332858804,9,140,-11.804742941405447,-9.165552477194685,-16.692240012897884,-15.397525439028932,0.3022218346595764,0.4212146997451782,-2.6391904642107615,-1.2947145738689514,4.887497071492437,6.231972961834247,-1.3444758903418101,partly grown (25-50%)
230,1673.7666741203068,7,145,-7.361224489623939,-7.270133147756063,-14.719161802690856,-15.428563537946026,0.6471428871154785,0.8435863256454468,-0.09109134186787582,0.7094017352551703,7.357937313066917,8.158430390189963,-0.8004930771230461,grown over (>50%)
231,890.7942066418958,5,115,-8.640871061030087,-6.599384906485351,-13.545740686803125,-15.053141957318479,0.8439986109733582,0.9002615213394165,-2.041486154544735,1.5074012705153539,4.904869625773038,8.453757050833127,-3.548887425060089,grown over (>50%)
232,1208.5347489256142,5,111,-8.049311600036091,-8.271744903797817,-16.33307992223686,-15.567848464109488,0.367997944355011,0.6160364747047424,0.22243330376172565,-0.7652314581273707,8.283768322200768,7.296103560311671,0.9876647618890964,partly grown (25-50%)
233,1348.566235543244,8,145,-8.894136737524608,-8.335157776059605,-16.74113687599518,-15.551983875186933,0.3274995684623718,0.3884144723415375,-0.5589789614650034,-1.1891530008082487,7.847000138470573,7.216826099127328,0.6301740393432453,partly grown (25-50%)
234,1319.3526047993507,6,102,-7.65810225882414,-8.304553509128105,-15.217072436991831,-15.361693759876703,0.3433353006839752,0.3869606554508209,0.646451250303965,0.14462132288487162,7.558970178167691,7.057140250748597,0.5018299274190934,partly grown (25-50%)
235,1452.2907597323233,8,110,-9.58439032176936,-8.782505063310285,-17.448316092351877,-15.151326118777504,0.2924984097480774,0.4252725839614868,-0.801885258459075,-2.296989973574373,7.863925770582517,6.368821055467219,1.495104715115298,partly grown (25-50%)
236,1690.2565582416878,8,125,-10.5109780295772,-7.753061060593241,-15.655213019445657,-15.342326561500283,0.36750292778015137,0.47847968339920044,-2.7579169689839595,-0.31288645794537473,5.1442349898684565,7.589265500907041,-2.445030511038585,partly grown (25-50%)
237,871.197455961893,3,110,-7.995379489311735,-8.761865333662218,-15.410713890872266,-15.726791174554933,0.45333144068717957,0.37354573607444763,0.7664858443504832,0.31607728368266663,7.415334401560531,6.964925840892715,0.45040856066781654,partly grown (25-50%)
238,1086.5237662822292,4,135,-7.877346188786917,-7.673932017062411,-16.06893712367938,-15.444046789501582,0.5834704637527466,0.5997776985168457,-0.20341417172450615,-0.6248903341777972,8.191590934892464,7.770114772439172,0.4214761624532919,grown over (>50%)
239,2405.278395376573,14,168,-8.549338380836257,-8.77551489608772,-16.29920237353734,-15.505963001066085,0.2950003743171692,0.3700599670410156,0.22617651525146343,-0.7932393724712554,7.7498639927010835,6.730448104978365,1.0194158877227188,partly grown (25-50%)
240,1119.6134604300712,5,127,-9.717772008935533,-8.36172310821069,-16.13391773901328,-15.740475653907513,0.6839999556541443,0.27874040603637695,-1.3560489007248435,-0.39344208510576806,6.416145730077748,7.378752545696823,-0.9626068156190755,grown over (>50%)
241,1482.50323023924,7,153,-8.531353063481236,-8.041069616897744,-16.388542286163702,-15.947616219949314,0.32301315665245056,0.48319050669670105,-0.49028344658349177,-0.4409260662143879,7.857189222682466,7.90654660305157,-0.049357380369103865,partly grown (25-50%)
242,2014.3560530590032,11,153,-8.157022285335655,-8.305670498715758,-15.996258633789601,-15.48530402208669,0.4636348783969879,0.35941213369369507,0.1486482133801026,-0.5109546117029105,7.839236348453946,7.179633523370933,0.659602825083013,partly grown (25-50%)
243,1644.8855456175568,9,119,-11.028954778852631,-8.670020775218765,-16.501174081524276,-15.263764719418214,0.5533320903778076,0.3249577581882477,-2.358934003633866,-1.237409362106062,5.472219302671645,6.593743944199449,-1.1215246415278042,grown over (>50%)
244,796.4894540472419,4,87,-9.98394314339034,-8.477275689774956,-17.31241629455845,-15.820176039291438,0.7475008964538574,0.3996551036834717,-1.5066674536153837,-1.4922402552670118,7.32847315116811,7.342900349516482,-0.014427198348371917,grown over (>50%)
245,759.0777353015691,3,101,-6.12153028804784,-6.731492263747371,-16.94475788374678,-15.940508076028873,0.573333740234375,0.1462380439043045,0.6099619756995311,-1.0042498077179083,10.823227595698942,9.209015812281503,1.6142117834174385,grown over (>50%)
246,904.9077129251568,2,123,-7.5175877691560045,-7.034801186584316,-17.399198381825972,-15.682427878886056,0.6150023937225342,0.2150408774614334,-0.4827865825716886,-1.7167705029399158,9.881610612669967,8.64762669230174,1.2339839203682264,grown over (>50%)
247,879.1304974773589,4,114,-6.269764577482343,-7.273766300427413,-15.28866251455645,-16.173457942973982,0.247495636343956,0.1812286376953125,1.0040017229450697,0.884795428417533,9.018897937074106,8.89969164254657,0.11920629452753673,open (<25% canopy)
248,922.987606085981,3,110,-6.478118368667518,-6.820512460161691,-15.957822282260896,-16.19992395633872,0.25000154972076416,0.17381848394870758,0.34239409149417277,0.2421016740778228,9.479703913593378,9.379411496177028,0.10029241741634998,partly grown (25-50%)
249,1074.5548661318714,5,110,-7.020849798966552,-6.710885021268689,-16.390453431413732,-15.972658112874957,0.26199719309806824,0.16590914130210876,-0.30996477769786246,-0.4177953185387757,9.36960363244718,9.261773091606267,0.10783054084091326,partly grown (25-50%)
250,1494.2650381206543,5,156,-7.058763332229319,-7.281483497245478,-16.426556235075527,-15.927144858129001,0.21600046753883362,0.2578846216201782,0.22272016501615965,-0.4994113769465258,9.367792902846208,8.645661360883523,0.7221315419626855,open (<25% canopy)
251,1570.7658688631197,7,113,-5.448820402889271,-7.8217248426284165,-15.191347294882258,-16.714171248064773,0.24714432656764984,0.14265520870685577,2.3729044397391457,1.522823953182515,9.742526891992988,8.892446405436356,0.8500804865566316,open (<25% canopy)
252,1495.1249710107847,8,138,-5.947780516607557,-8.233813766746001,-15.127899854915128,-16.307451126386574,0.26750075817108154,0.49144965410232544,2.286033250138445,1.1795512714714462,9.180119338307572,8.073637359640573,1.1064819786669986,partly grown (25-50%)
253,1881.4122399558892,11,128,-7.370322674227211,-7.88486110166413,-14.362342469418081,-16.065684867073344,0.4018169343471527,0.33546915650367737,0.5145384274369196,1.7033423976552626,6.9920197951908705,8.180823765409214,-1.188803970218343,partly grown (25-50%)
254,1571.6044826416996,10,137,-6.405433260325295,-7.408041308427204,-16.618173056894626,-15.899445758302207,0.7809988260269165,0.4426281750202179,1.0026080481019086,-0.7187272985924196,10.21273979656933,8.491404449875002,1.7213353466943282,grown over (>50%)
255,1313.0710353713173,6,101,-7.712030084048881,-7.824105312736499,-15.625840540824719,-15.96501115167873,0.5783331394195557,0.1622769832611084,0.1120752286876181,0.339170610854012,7.913810456775837,8.140905838942231,-0.2270953821663939,grown over (>50%)
256,1089.7097505727343,6,137,-6.204892334482029,-7.235889748904177,-15.755392423839428,-16.210286300354664,0.5249994397163391,0.08627741038799286,1.0309974144221483,0.4548938765152357,9.5505000893574,8.974396551450486,0.5761035379069135,grown over (>50%)
257,838.3801934607555,3,100,-7.520710831000004,-7.006436154108498,-15.353293367418882,-15.477143098058452,0.4999983608722687,0.32260045409202576,-0.5142746768915059,0.12384973063957005,7.832582536418878,8.470706943949953,-0.638124407531075,partly grown (25-50%)
258,1626.9139883545904,7,166,-8.274904279997616,-7.563083711427263,-16.96074209472047,-15.747745470496348,0.5242840647697449,0.15180696547031403,-0.7118205685703529,-1.2129966242241217,8.685837814722854,8.184661759069085,0.5011760556537688,grown over (>50%)
259,1192.7755334845137,5,134,-8.18607749006273,-7.5435895542413745,-14.486725338180218,-15.898787631578735,0.32599788904190063,0.07902980595827103,-0.6424879358213564,1.4120622933985167,6.300647848117487,8.35519807733736,-2.0545502292198723,partly grown (25-50%)
260,1389.3781226011117,6,132,-8.989902851002801,-7.571188571390934,-15.771384086320397,-16.231051200736275,0.22499941289424896,0.20848537981510162,-1.4187142796118675,0.45966711441587726,6.781481235317596,8.65986262934534,-1.8783813940277447,open (<25% canopy)
261,1089.2061896914656,3,115,-6.556663820233871,-7.786832513750609,-13.854731986938308,-17.08226576864296,0.41333451867103577,0.10643486678600311,1.2301686935167373,3.2275337817046506,7.298068166704437,9.29543325489235,-1.9973650881879133,partly grown (25-50%)
262,1014.293146681049,2,122,-9.676041089091207,-7.081244052888551,-16.511382108559907,-16.643698571800456,0.2899976670742035,0.15778665244579315,-2.594797036202656,0.13231646324054935,6.8353410194687,9.562454518911906,-2.727113499443206,partly grown (25-50%)
263,1587.4428589974618,10,96,-8.50961182162992,-6.958862185120988,-16.719417211364057,-15.442049180205208,0.39058375358581543,0.3983331620693207,-1.5507496365089315,-1.277368031158849,8.209805389734138,8.483186995084221,-0.2733816053500835,partly grown (25-50%)
264,1048.6826659104502,6,131,-6.34968023615493,-6.951770265908316,-13.294391910169505,-15.113577229619604,0.5683314204216003,0.6608397960662842,0.602090029753386,1.8191853194500993,6.944711674014576,8.161806963711289,-1.2170952896967133,grown over (>50%)
265,691.6797906641864,3,103,-8.563690340321326,-6.95342933297339,-15.034194161162574,-14.996729653946918,0.41999268531799316,0.6648545265197754,-1.610261007347936,-0.037464507215656084,6.470503820841248,8.043300320973529,-1.5727965001322808,partly grown (25-50%)
266,801.0135055883895,4,117,-8.523813192526672,-7.122538372978095,-16.36580458907877,-15.28397423662528,0.5650017857551575,0.700768768787384,-1.4012748195485774,-1.0818303524534905,7.841991396552098,8.161435863647185,-0.3194444670950869,grown over (>50%)
267,1303.7970189432626,7,137,-7.00968079421656,-6.865225390789028,-14.687501371522877,-15.584975668870042,0.3685707747936249,0.5808026194572449,-0.14445540342753205,0.8974742973471646,7.677820577306317,8.719750278081014,-1.0419297007746966,partly grown (25-50%)
268,916.7298401089213,3,142,-9.098845338722548,-6.968490409152047,-15.76648860100028,-15.51863232550317,0.04333217442035675,0.30980053544044495,-2.1303549295705,-0.2478562754971101,6.667643262277732,8.550141916351123,-1.882498654073391,open (<25% canopy)
269,1304.9310477365186,6,134,-8.20712694752714,-6.4923811562026,-16.684749027819624,-16.08538037066586,0.13833314180374146,0.3865694999694824,-1.7147457913245399,-0.5993686571537644,8.477622080292484,9.592999214463259,-1.1153771341707746,open (<25% canopy)
270,1371.9968053775071,7,94,-7.5632968686337065,-7.32459757974338,-14.980443723081594,-15.694178853271787,0.310474693775177,0.5411424040794373,-0.23869928889032632,0.7137351301901926,7.417146854447887,8.369581273528407,-0.9524344190805198,partly grown (25-50%)
271,1176.1865173273725,5,100,-7.234831161704747,-6.375973933213298,-15.736575316584066,-15.348596287501975,0.09199930727481842,0.45100003480911255,-0.8588572284914493,-0.38797902908209103,8.501744154879319,8.972622354288678,-0.47087819940935915,open (<25% canopy)
272,805.0624517584346,3,111,-5.2329606646285,-6.734295071010113,-13.198543836057093,-15.203919427316222,0.3233337700366974,0.3063832223415375,1.5013344063816128,2.0053755912591296,7.965583171428593,8.46962435630611,-0.5040411848775168,partly grown (25-50%)
273,1240.238641032932,6,130,-7.508029804172354,-6.77961809017024,-16.07712211733315,-15.188996152714369,0.07833217829465866,0.20479537546634674,-0.7284117140021138,-0.8881259646187818,8.569092313160796,8.409378062544128,0.159714250616668,open (<25% canopy)
274,1426.013054347385,7,108,-5.625818479877696,-6.649267845479629,-14.94363128185778,-15.127118618871044,0.43857210874557495,0.4112037420272827,1.023449365601933,0.1834873370132648,9.317812801980084,8.477850773391417,0.8399620285886673,partly grown (25-50%)
275,1148.2042827454422,4,148,-8.560961217747447,-8.31654924894719,-14.135760474598662,-15.924571605248104,0.31000348925590515,0.8131081461906433,-0.24441196880025728,1.7888111306494423,5.574799256851215,7.608022356300914,-2.0332230994496996,partly grown (25-50%)
276,1321.6746438341518,7,129,-6.636196031374247,-7.3527493728895434,-14.944245428162098,-15.903170806306917,0.5614293813705444,0.5398452877998352,0.7165533415152963,0.9589253781448193,8.308049396787851,8.550421433417373,-0.24237203662952211,grown over (>50%)
277,1134.9098173656457,4,137,-11.098101451720963,-7.972569301167535,-17.26057223850416,-15.851212848695281,0.6224953532218933,0.7380130887031555,-3.1255321505534273,-1.4093593898088788,6.162470786783198,7.878643547527746,-1.7161727607445485,grown over (>50%)
278,1570.2941413391732,10,103,-7.251922671424252,-7.8767562411446645,-15.619726385092212,-15.774738966160694,0.3440013825893402,0.41271844506263733,0.6248335697204128,0.15501258106848148,8.36780371366796,7.897982725016029,0.46982098865193134,partly grown (25-50%)
279,1565.2104985931492,10,118,-10.338001970229758,-7.540763499984212,-17.474321935649186,-16.42238741504577,0.15400001406669617,0.47966116666793823,-2.7972384702455457,-1.0519345206034174,7.136319965419428,8.881623915061557,-1.7453039496421283,open (<25% canopy)
280,1550.034925778247,9,150,-9.163423771018795,-7.728280148500092,-16.310169684683622,-15.088469938616743,0.4044443368911743,0.7333995699882507,-1.4351436225187033,-1.2216997460668786,7.146745913664827,7.360189790116651,-0.21344387645182472,partly grown (25-50%)
281,2069.934984927273,12,152,-8.125340685344437,-9.104131998037502,-15.849104621426108,-15.841680219346259,0.6699991226196289,0.3668423891067505,0.9787913126930654,-0.007424402079848846,7.723763936081671,6.7375482213087565,0.9862157147729143,grown over (>50%)
282,1957.10776171165,9,140,-8.297741166165377,-8.456339201135116,-16.936564539230105,-15.508890943406657,0.7422212958335876,0.6509288549423218,0.15859803496973868,-1.4276735958234479,8.638823373064728,7.052551742271541,1.5862716307931866,grown over (>50%)
283,1594.177144617995,9,149,-7.376036522792617,-7.10746480074501,-15.154586058562451,-15.867885008436993,0.7855547666549683,0.6159060597419739,-0.26857172204760715,0.7132989498745417,7.778549535769834,8.760420207691983,-0.9818706719221488,grown over (>50%)
284,1284.5199240055604,7,135,-7.18819546988065,-6.975574651400925,-17.9866710479542,-16.133462643414823,0.3942848742008209,0.5954073071479797,-0.21262081847972514,-1.8532084045393766,10.79847557807355,9.157887992013897,1.6405875860596524,partly grown (25-50%)
285,798.2831145215939,3,138,-10.000142202580717,-7.926818928091398,-14.944879675397377,-16.066753292549375,0.8900038599967957,0.5777541399002075,-2.0733232744893186,1.1218736171519978,4.94473747281666,8.139934364457977,-3.1951968916413165,grown over (>50%)
286,1377.5528671761836,5,162,-7.09946103355537,-7.9408509497744,-15.15061279639422,-16.943772120336973,0.7939990758895874,0.5236417651176453,0.8413899162190299,1.7931593239427528,8.05115176283885,9.002921170562573,-0.951769407723722,grown over (>50%)
287,1527.6018446857977,9,111,-7.884486623366809,-7.366203340222008,-15.696130628556702,-16.05643372725141,0.49333280324935913,0.49846893548965454,-0.5182832831448003,0.36030309869470756,7.811644005189893,8.690230387029402,-0.8785863818395088,partly grown (25-50%)
288,1536.7100938654994,9,118,-8.856408729854499,-7.31458022996242,-16.42747746969541,-15.042421145451879,0.23222091794013977,0.634745717048645,-1.5418284998920786,-1.385056324243532,7.571068739840912,7.727840915489459,-0.1567721756485465,open (<25% canopy)
289,2650.2310529474075,21,92,-8.32501776126673,-6.747359335256244,-16.435424829623987,-16.13042272736626,0.08714330196380615,0.5475001335144043,-1.577658426010486,-0.3050021022577276,8.110407068357256,9.383063392110014,-1.2726563237527575,open (<25% canopy)
290,1080.5950771100945,4,98,-7.341535487441476,-6.824593860424565,-14.332790907151367,-15.766319394740645,0.7149979472160339,0.5865306258201599,-0.5169416270169114,1.4335284875892782,6.991255419709891,8.941725534316081,-1.9504701146061905,grown over (>50%)
291,1237.1965434117437,6,107,-5.847818159010095,-7.280902496468777,-14.771105380610006,-15.89837741754673,0.4099976718425751,0.624673068523407,1.4330843374586824,1.1272720369367235,8.92328722159991,8.617474921077953,0.30581230052195707,partly grown (25-50%)
292,1146.4933394059435,5,96,-9.127931988871968,-6.678353783396686,-14.923808284910047,-15.285373799477945,0.2859988510608673,0.34125491976737976,-2.449578205475282,0.3615655145678982,5.795876296038079,8.60702001608126,-2.81114372004318,partly grown (25-50%)
293,1594.3303908765347,8,149,-4.605549761120392,-6.854806030364783,-14.514572597258681,-16.280533025190294,0.21625013649463654,0.46288126707077026,2.2492562692443903,1.7659604279316135,9.909022836138288,9.425726994825512,0.4832958413127759,open (<25% canopy)
294,1060.0026828569544,4,125,-6.783430856517695,-6.991851472335857,-17.032379139421035,-15.22730426754002,0.5174996852874756,0.30895987153053284,0.20842061581816207,-1.8050748718810148,10.24894828290334,8.235452795204164,2.013495487699176,grown over (>50%)
295,941.7208760639612,3,128,-5.843439480250629,-6.6264411398064285,-14.710030714554978,-14.45898471980032,0.5633310675621033,0.4596930146217346,0.7830016595557998,-0.2510459947546586,8.86659123430435,7.832543579993891,1.0340476543104584,grown over (>50%)
296,985.4113400801451,4,134,-8.494851194255212,-7.411471938395778,-16.397975739714624,-15.931611016734603,0.5349982976913452,0.10552214086055756,-1.083379255859434,-0.4663647229800212,7.903124545459413,8.520139078338826,-0.6170145328794128,grown over (>50%)
297,1466.4416884654966,6,119,-6.875155421359737,-7.635007201673977,-14.715894948594716,-16.04431716195039,0.30333295464515686,0.22033625841140747,0.7598517803142402,1.3284222133556725,7.840739527234979,8.409309960276412,-0.5685704330414323,partly grown (25-50%)
298,1215.966704390876,6,147,-7.104456445373195,-7.611633944220051,-16.291582776652696,-15.992172438877333,0.5183350443840027,0.2717688977718353,0.5071774988468558,-0.2994103377753632,9.1871263312795,8.380538494657282,0.806587836622219,grown over (>50%)
299,2292.7307366276445,14,156,-9.505270669141337,-8.486494243936388,-15.975333252459503,-15.700659210468768,0.541428804397583,0.5657051205635071,-1.0187764252049494,-0.2746740419907354,6.470062583318166,7.21416496653238,-0.744102383214214,grown over (>50%)
300,1180.4826358597184,6,104,-7.553208973484409,-8.066542918019397,-15.265944015795881,-15.687847508898148,0.7133333086967468,0.2523077130317688,0.5133339445349883,0.42190349310226694,7.712735042311472,7.621304590878751,0.09143045143272133,grown over (>50%)
301,1203.7954536275613,5,128,-8.595450154241558,-8.140362304204704,-16.34554652284445,-15.31272630606604,0.42999857664108276,0.27828148007392883,-0.45508785003685404,-1.0328202167784113,7.750096368602893,7.172364001861336,0.5777323667415573,partly grown (25-50%)
302,1167.903970313397,5,135,-10.223929026446388,-8.050563049100703,-16.53676638241025,-15.601377975404853,0.5440025329589844,0.41992655396461487,-2.1733659773456857,-0.9353884070053962,6.312837355963861,7.550814926304151,-1.2379775703402895,grown over (>50%)
303,860.1295116327966,4,115,-8.12502688778162,-7.436510473727466,-14.682138673372847,-16.215256126898982,0.5150011777877808,0.510105550289154,-0.6885164140541544,1.5331174535261347,6.557111785591227,8.778745653171516,-2.221633867580289,grown over (>50%)
304,1527.5347858204702,8,156,-7.902340267250013,-6.595777615089746,-15.110743953214321,-15.354270347927823,0.5500011444091797,0.5696606040000916,-1.3065626521602667,0.24352639471350201,7.208403685964308,8.758492732838077,-1.5500890468737687,grown over (>50%)
305,1375.073085740214,5,118,-6.087425886865516,-7.239360985463652,-15.779586856699183,-16.29421483250127,0.34599605202674866,0.29677820205688477,1.1519350985981358,0.5146279758020889,9.692160969833667,9.05485384703762,0.637307122796047,partly grown (25-50%)
306,1348.4076883274545,8,96,-6.631014847644396,-6.91613734461742,-14.857000659058347,-15.924663747195375,0.43499669432640076,0.15333344042301178,0.28512249697302394,1.067663088137028,8.22598581141395,9.008526402577955,-0.782540591164004,partly grown (25-50%)
307,1360.4371958422953,8,141,-8.069805671633397,-7.768646053480648,-16.84957125749467,-16.07759218528088,0.49499839544296265,0.28758910298347473,-0.3011596181527487,-0.7719790722137887,8.779765585861274,8.308946131800234,0.47081945406104,partly grown (25-50%)
308,862.7822170663756,3,104,-8.148615835961987,-8.26182535341971,-13.757249507796907,-16.24272750205607,0.5199891924858093,0.3997114300727844,0.11320951745772234,2.4854779942591634,5.6086336718349195,7.9809021486363605,-2.372268476801441,grown over (>50%)
309,1974.4851642925357,10,130,-7.729359157933622,-7.280625790557903,-16.94557735721432,-15.380057795940026,0.4899996817111969,0.615423321723938,-0.448733367375719,-1.565519561274293,9.216218199280696,8.099432005382123,1.116786193898573,partly grown (25-50%)
310,1226.9554677030217,7,146,-7.285968319890259,-7.95209359444939,-15.996992289055498,-16.484973021572408,0.6200003027915955,0.5375038981437683,0.6661252745591311,0.48798073251690965,8.71102396916524,8.532879427123017,0.1781445420422223,grown over (>50%)
311,1632.57734147686,10,163,-8.331206498042027,-6.951349655611255,-16.49569244840724,-15.421693966544222,0.5160001516342163,0.6396505832672119,-1.3798568424307724,-1.0739984818630184,8.164485950365213,8.470344310932967,-0.30585836056775406,grown over (>50%)
312,924.046488711194,5,115,-6.987037711143657,-7.458442761503603,-14.844342808099853,-15.924673210251639,0.6640002727508545,0.6927828788757324,0.4714050503599463,1.0803304021517857,7.857305096956196,8.466230448748036,-0.6089253517918394,grown over (>50%)
313,1338.290930840186,7,118,-9.332089682824362,-7.050213669626025,-15.397563627923983,-15.538992804404135,0.4528566300868988,0.6994069218635559,-2.281876013198337,0.14142917648015185,6.065473945099621,8.48877913477811,-2.423305189678489,partly grown (25-50%)
314,1435.367261599535,6,121,-7.834517777058828,-7.481053695517167,-15.084944507715175,-15.7266348888136,0.2900007665157318,0.4561154246330261,-0.3534640815416612,0.6416903810984245,7.250426730656347,8.245581193296433,-0.9951544626400857,partly grown (25-50%)
315,1162.7822460451916,4,135,-7.751871940481645,-7.629526341567596,-16.76488375925668,-15.839330180177091,0.4450002610683441,0.20165784657001495,-0.12234559891404917,-0.9255535790795886,9.013011818775034,8.209803838609496,0.8032079801655385,partly grown (25-50%)
316,1110.373800310193,6,80,-7.019766716759436,-7.161939341327761,-14.715565258513742,-16.26916273307296,0.5616647601127625,0.19087550044059753,0.14217262456832458,1.5535974745592185,7.695798541754305,9.1072233917452,-1.411424849990894,grown over (>50%)
317,1590.439251509512,10,144,-7.812301016639896,-7.07252718347679,-16.13634906904608,-15.49200282641235,0.11607003211975098,0.49465274810791016,-0.7397738331631061,-0.6443462426337305,8.324048052406184,8.41947564293556,-0.09542759052937555,open (<25% canopy)
318,1243.679221904852,6,129,-8.82987370195283,-7.201109174006857,-16.731580855947122,-15.304277834272916,0.5883336663246155,0.46735334396362305,-1.6287645279459726,-1.4273030216742058,7.901707153994293,8.10316866026606,-0.20146150627176773,grown over (>50%)
319,1327.1853584616963,8,150,-8.57347572680897,-7.627260937530023,-17.363782692304515,-16.139914432787887,0.622411847114563,0.4874000549316406,-0.9462147892789474,-1.2238682595166281,8.790306965495544,8.512653495257863,0.2776534702376807,grown over (>50%)
320,1883.6963499995627,11,147,-9.471278495722743,-8.951751995028292,-17.146945464190733,-16.266317458486938,0.36272579431533813,0.44836679100990295,-0.5195265006944503,-0.8806280057037945,7.67566696846799,7.314565463458646,0.36110150500934424,partly grown (25-50%)
321,1517.9753936512416,9,149,-8.222954137391127,-7.898191997299416,-15.088628265259716,-15.95639525864215,0.3322197496891022,0.21724826097488403,-0.32476214009171134,0.8677669933824337,6.865674127868589,8.058203261342733,-1.1925291334741441,partly grown (25-50%)
322,2145.2934006073524,13,156,-7.3318796616981015,-8.009459704436384,-16.516341469998217,-15.939600701744892,0.6715384125709534,0.1449364274740219,0.677580042738283,-0.576740768253325,9.184461808300115,7.9301409973085075,1.254320810991608,grown over (>50%)
323,2140.0112761660394,11,122,-8.219864328797627,-7.454568174114357,-18.083897530344057,-16.484500968096377,0.5699999332427979,0.14499986171722412,-0.76529615468327,-1.59939656224768,9.86403320154643,9.02993279398202,0.8341004075644101,grown over (>50%)
324,1485.5466298445226,8,158,-7.528205978137198,-7.4534096946043675,-14.757040090895106,-16.01167987583765,0.5100001692771912,0.16702523827552795,-0.07479628353283019,1.254639784942544,7.228834112757909,8.558270181233283,-1.329436068475374,grown over (>50%)
325,1612.5778226284042,9,148,-7.929029862737263,-7.560457978480377,-16.68004743433315,-15.631814064920356,0.4333328306674957,0.3160131275653839,-0.3685718842568857,-1.0482333694127952,8.751017571595888,8.071356086439978,0.6796614851559095,partly grown (25-50%)
326,1512.256132357867,9,129,-7.898981528461172,-8.02897142642276,-15.270047872125767,-15.672605027086398,0.5766657590866089,0.11279042810201645,0.12998989796158877,0.4025571549606308,7.371066343664595,7.643633600663637,-0.27256725699904205,grown over (>50%)
327,1818.9621475691029,10,105,-7.4517222487024135,-7.409013329471941,-16.43447167987063,-16.345606781000864,0.10099849849939346,0.5487138032913208,-0.042708919230472375,-0.08886489886976534,8.982749431168216,8.936593451528923,0.046155979639292966,open (<25% canopy)
328,1453.7000788944474,8,141,-6.527682531185589,-7.601051583636201,-15.334482757548729,-15.681155330802243,0.6825011968612671,0.7105674743652344,1.0733690524506114,0.34667257325351386,8.80680022636314,8.080103747166042,0.7266964791970985,grown over (>50%)
329,1081.5858926384676,4,125,-5.416757409891376,-7.607844478597192,-16.62485932944001,-15.920545243030467,0.6550037860870361,0.39592063426971436,2.1910870687058157,-0.7043140864095427,11.208101919548634,8.312700764433275,2.8954011551153584,grown over (>50%)
330,854.8910655784624,0,0,,,,,,,,,,,,
331,1153.4293418818638,0,0,,,,,,,,,,,,
332,428.7826953469611,0,0,,,,,,,,,,,,
333,738.4067965504905,0,0,,,,,,,,,,,,
334,1029.9249353646908,0,0,,,,,,,,,,,,
335,863.277113630931,0,0,,,,,,,,,,,,
336,982.5042081169606,0,0,,,,,,,,,,,,
337,796.3045845321124,0,0,,,,,,,,,,,,
338,547.5724719228328,0,0,,,,,,,,,,,,
339,1372.1209503386226,0,0,,,,,,,,,,,,
340,1036.4531922956912,0,0,,,,,,,,,,,,
341,840.2527942362382,0,0,,,,,,,,,,,,
342,1483.0650555740403,0,0,,,,,,,,,,,,
343,788.5326897254042,0,0,,,,,,,,,,,,
344,1037.8402119598506,0,0,,,,,,,,,,,,
345,610.9489201266039,0,0,,,,,,,,,,,,
346,1006.3249913917913,0,0,,,,,,,,,,,,
347,753.1596275760625,0,0,,,,,,,,,,,,
348,782.1395574052946,0,0,,,,,,,,,,,,
349,617.5796678084188,0,0,,,,,,,,,,,,
350,460.6496804058395,0,0,,,,,,,,,,,,
351,641.7132919262781,0,0,,,,,,,,,,,,
352,598.4115132794824,0,0,,,,,,,,,,,,
353,667.8345939877075,0,0,,,,,,,,,,,,
354,494.0612617122195,0,0,,,,,,,,,,,,
355,558.8290945261937,0,0,,,,,,,,,,,,
356,502.27049009380335,0,0,,,,,,,,,,,,
357,624.9192300966918,0,0,,,,,,,,,,,,
358,629.3846893277267,0,0,,,,,,,,,,,,
359,670.6250878981302,0,0,,,,,,,,,,,,
360,670.8156887496312,0,0,,,,,,,,,,,,
361,708.7794729850444,0,0,,,,,,,,,,,,
362,434.3350607968055,0,0,,,,,,,,,,,,
363,584.9805365221748,0,0,,,,,,,,,,,,
364,642.8762141890716,0,0,,,,,,,,,,,,
365,719.6034557907296,0,0,,,,,,,,,,,,
366,845.5554717344643,0,0,,,,,,,,,,,,
367,965.5078702550833,0,0,,,,,,,,,,,,
368,657.0531714548218,0,0,,,,,,,,,,,,
369,737.7739898586102,0,0,,,,,,,,,,,,
370,870.2195032805403,0,0,,,,,,,,,,,,
371,1681.4780558291916,0,0,,,,,,,,,,,,
372,728.0182105222584,0,0,,,,,,,,,,,,
373,649.0942915804517,0,0,,,,,,,,,,,,
374,771.5200007837385,0,0,,,,,,,,,,,,
375,714.4860627580812,0,0,,,,,,,,,,,,
376,705.3399109971818,0,0,,,,,,,,,,,,
377,869.9920620444375,0,0,,,,,,,,,,,,
378,668.13343379888,0,0,,,,,,,,,,,,
379,605.0573554830772,0,0,,,,,,,,,,,,
380,929.9363750731551,0,0,,,,,,,,,,,,
381,1101.1185426971836,0,0,,,,,,,,,,,,
382,549.8090550136285,0,0,,,,,,,,,,,,
383,1155.5625965223373,0,0,,,,,,,,,,,,
384,765.5415904706795,0,0,,,,,,,,,,,,
385,989.665682604019,0,0,,,,,,,,,,,,
386,932.2243113977115,0,0,,,,,,,,,,,,
387,1128.9827994514503,0,0,,,,,,,,,,,,
388,828.5880964595284,0,0,,,,,,,,,,,,
389,932.2096164277049,0,0,,,,,,,,,,,,
390,1298.2396680574798,0,0,,,,,,,,,,,,
391,1001.7761406188561,0,0,,,,,,,,,,,,
392,970.5654611114144,0,0,,,,,,,,,,,,
393,890.5852794223753,0,0,,,,,,,,,,,,
394,684.6307728712874,0,0,,,,,,,,,,,,
395,834.2585955780839,0,0,,,,,,,,,,,,
396,1016.7784245120891,0,0,,,,,,,,,,,,
397,666.2541545313367,0,0,,,,,,,,,,,,
398,715.640867970387,0,0,,,,,,,,,,,,
399,692.4114469831885,0,0,,,,,,,,,,,,
400,617.4481718107389,0,0,,,,,,,,,,,,
401,619.9664304911229,0,0,,,,,,,,,,,,
402,1184.9041898550506,0,0,,,,,,,,,,,,
403,686.5505016768757,0,0,,,,,,,,,,,,
404,844.1363879930444,0,0,,,,,,,,,,,,
405,804.0614438608898,0,0,,,,,,,,,,,,
406,710.8534575643835,0,0,,,,,,,,,,,,
407,3499.7789337902523,0,0,,,,,,,,,,,,
408,1495.6194627204188,0,0,,,,,,,,,,,,
409,820.4207608004867,0,0,,,,,,,,,,,,
410,2013.9786589641437,0,0,,,,,,,,,,,,
411,1546.8269783047601,0,0,,,,,,,,,,,,
412,868.480155196717,0,0,,,,,,,,,,,,
413,932.6198222409388,0,0,,,,,,,,,,,,
414,761.2959121656944,0,0,,,,,,,,,,,,
415,688.8296579492808,0,0,,,,,,,,,,,,
416,1168.9911111787726,0,0,,,,,,,,,,,,
417,656.0216340044756,0,0,,,,,,,,,,,,
418,837.080494608873,0,0,,,,,,,,,,,,
419,660.8742077480339,0,0,,,,,,,,,,,,
420,835.0979975298469,0,0,,,,,,,,,,,,
421,599.7332567571561,0,0,,,,,,,,,,,,
422,701.0871798453138,0,0,,,,,,,,,,,,
423,1019.3732372913327,0,0,,,,,,,,,,,,
424,873.961385749379,0,0,,,,,,,,,,,,
425,697.6438362371256,0,0,,,,,,,,,,,,
426,769.3658156454067,0,0,,,,,,,,,,,,
427,1267.6807518541098,0,0,,,,,,,,,,,,
428,1138.0920790166012,0,0,,,,,,,,,,,,
429,743.6033509077273,0,0,,,,,,,,,,,,
430,564.6234275638552,0,0,,,,,,,,,,,,
431,733.4939066708587,0,0,,,,,,,,,,,,
432,774.7756105535273,0,0,,,,,,,,,,,,
433,755.8514809769741,0,0,,,,,,,,,,,,
434,485.21758170290383,0,0,,,,,,,,,,,,
435,505.1344941678737,0,0,,,,,,,,,,,,
436,558.6105504554087,0,0,,,,,,,,,,,,
437,599.5650702341039,0,0,,,,,,,,,,,,
438,762.3178011241855,0,0,,,,,,,,,,,,
439,727.3491996022843,0,0,,,,,,,,,,,,
440,1084.092149153564,0,0,,,,,,,,,,,,
441,607.493840861317,0,0,,,,,,,,,,,,
442,669.5808197358813,0,0,,,,,,,,,,,,
443,369.4760408163355,0,0,,,,,,,,,,,,
444,334.42801075481054,0,0,,,,,,,,,,,,
445,563.2442797168802,0,0,,,,,,,,,,,,
446,528.6628500142741,0,0,,,,,,,,,,,,
447,706.4910429983314,0,0,,,,,,,,,,,,
448,838.6109681002016,0,0,,,,,,,,,,,,
449,1213.9583354652493,0,0,,,,,,,,,,,,
450,890.8850194117906,0,0,,,,,,,,,,,,
451,834.4528683719403,0,0,,,,,,,,,,,,
452,635.3360461483395,0,0,,,,,,,,,,,,
453,491.90368655543375,0,0,,,,,,,,,,,,
454,308.88934034273205,0,0,,,,,,,,,,,,
455,1235.138378519678,0,0,,,,,,,,,,,,
456,777.9168708616692,0,0,,,,,,,,,,,,
457,738.4203903986107,0,0,,,,,,,,,,,,
458,928.0997445003871,0,0,,,,,,,,,,,,
459,934.645050527259,0,0,,,,,,,,,,,,
460,851.1319264245801,0,0,,,,,,,,,,,,
461,608.4209568095192,0,0,,,,,,,,,,,,
462,958.1160129634108,0,0,,,,,,,,,,,,
463,738.1156569081506,0,0,,,,,,,,,,,,
464,650.6264467840844,0,0,,,,,,,,,,,,
465,953.7706721713367,0,0,,,,,,,,,,,,
466,1077.161541989702,0,0,,,,,,,,,,,,
467,801.7326776279143,0,0,,,,,,,,,,,,
468,756.4090127092262,0,0,,,,,,,,,,,,
469,700.824676700789,0,0,,,,,,,,,,,,
470,1857.1240590004231,10,144,-8.057563300457153,-7.259864441820829,-16.56945281559625,-16.16363173933256,0.7490002512931824,0.08034708350896835,-0.7976988586363234,-0.4058210762636918,8.511889515139098,8.90376729751173,-0.3918777823726316,grown over (>50%)
471,1358.3152486288084,6,105,-5.077528204932921,-6.849939965565996,-15.583030129313684,-16.027088181814687,0.34000229835510254,0.11476175487041473,1.7724117606330747,0.4440580525010027,10.505501924380763,9.17714821624869,1.328353708132072,partly grown (25-50%)
472,2852.012526713875,17,125,-6.2641820523414085,-7.42034215048426,-16.4761085747823,-16.399423828916373,0.7052943706512451,0.270559698343277,1.156160098142852,-0.07668474586592922,10.211926522440894,8.979081678432113,1.2328448440087811,grown over (>50%)
473,1623.897469750825,10,138,-7.544670380608549,-7.06167941219001,-16.850196650984483,-15.97632628772763,0.480001837015152,0.49652189016342163,-0.48299096841853917,-0.8738703632568523,9.305526270375934,8.91464687553762,0.39087939483831313,partly grown (25-50%)
474,1405.5168740172455,7,142,-8.286778502306863,-7.247711849981276,-16.27203979648054,-16.14364721594376,0.2785704433917999,0.4710566997528076,-1.0390666523255865,-0.12839258053678293,7.985261294173679,8.895935365962483,-0.9106740717888044,partly grown (25-50%)
475,1394.275801412144,7,121,-7.701882762740603,-6.638097843854771,-17.922536430815082,-15.87008783450421,0.5100032687187195,0.4911564886569977,-1.0637849188858315,-2.0524485963108727,10.22065366807448,9.231989990649438,0.9886636774250412,grown over (>50%)
476,1902.6154545065917,11,153,-5.9536664940998545,-7.219902052391757,-15.116136447143983,-16.389542977989816,0.5418186187744141,0.5795105695724487,1.2662355582919025,1.2734065308458327,9.162469953044129,9.16964092559806,-0.007170972553931065,grown over (>50%)
477,1665.1122463964416,9,111,-7.529904593353173,-6.739013961100512,-16.404022434826395,-15.125391512146148,0.5811107158660889,0.5293692946434021,-0.790890632252661,-1.2786309226802466,8.874117841473222,8.386377551045637,0.4877402904275847,grown over (>50%)
478,1287.9528122625193,6,122,-6.735178581701935,-7.266623123890722,-14.53634360451944,-16.03111697652094,0.5899977087974548,0.46991774439811707,0.5314445421887868,1.494773372001502,7.8011650228175045,8.76449385263022,-0.9633288298127161,grown over (>50%)
479,2058.1619473457768,12,122,-7.715453250392921,-7.316413072391771,-14.495562280101337,-15.073692508320942,0.4933331310749054,0.5716392993927002,-0.3990401780011501,0.5781302282196048,6.780109029708417,7.7572794359291715,-0.9771704062207549,partly grown (25-50%)
480,1730.2298099687775,10,111,-6.777372387371974,-6.968114727640321,-15.326361728278554,-15.204313324153132,0.5960012674331665,0.753783643245697,0.19074234026834702,-0.1220484041254224,8.54898934090658,8.23619859651281,0.3127907443937694,grown over (>50%)
481,1545.7699479843043,7,140,-8.97049023893601,-7.81452378870512,-17.203791568019067,-15.663533343886924,0.5942865014076233,0.6629287004470825,-1.1559664502308902,-1.5402582241321436,8.233301329083057,7.849009555181803,0.38429177390125346,grown over (>50%)
482,1400.7601516306063,5,140,-9.51524103513226,-7.461602683087474,-16.13995019273963,-15.410592036810796,0.2779998183250427,0.23549997806549072,-2.0536383520447856,-0.7293581559288338,6.62470915760737,7.948989353723322,-1.3242801961159518,partly grown (25-50%)
483,1453.107174000945,6,157,-8.927611080599366,-8.133202899891087,-15.401210633770049,-15.472238206635488,0.443334698677063,0.5922925472259521,-0.7944081807082792,0.07102757286543948,6.473599553170683,7.339035306744401,-0.8654357535737187,partly grown (25-50%)
484,1645.307007760389,10,132,-7.270673208144542,-7.838894498428798,-14.697795495348416,-16.3003732673872,0.5169989466667175,0.7002274990081787,0.5682212902842556,1.602577772038785,7.427122287203874,8.461478768958404,-1.0343564817545303,grown over (>50%)
485,1048.9715984204206,4,131,-6.905627593832183,-8.270241686904722,-15.330055558604435,-16.210909771945452,0.8125,0.547022819519043,1.3646140930725386,0.8808542133410171,8.424427964772253,7.9406680850407305,0.48375987973152235,grown over (>50%)
486,1512.5264922956633,7,120,-8.471959276231189,-6.8767975472514555,-14.111350952754027,-15.026065887570919,0.6957106590270996,0.2595832943916321,-1.5951617289797335,0.9147149348168924,5.639391676522838,8.149268340319463,-2.509876663796625,grown over (>50%)
487,1474.0761681250926,7,144,-9.871141201549852,-8.190635472157672,-15.140170936585719,-15.109069950872874,0.5742858648300171,0.777638852596283,-1.6805057293921806,-0.03110098571284503,5.269029735035867,6.918434478715202,-1.6494047436793355,grown over (>50%)
488,1067.0363379380606,3,154,-6.723158241564353,-7.123938548996086,-14.717827589108811,-14.970402123086883,0.5533348917961121,0.5705845952033997,0.40078030743173265,0.2525745339780716,7.994669347544458,7.846463574090797,0.14820577345366104,grown over (>50%)
489,1561.05837142699,9,144,-7.895310746877405,-7.858028233298869,-15.254753112864446,-15.931319497556691,0.5133326053619385,0.7001391649246216,-0.037282513578535514,0.6765663846922454,7.359442365987041,8.073291264257822,-0.7138488982707809,grown over (>50%)
490,463.9698091832741,2,102,-6.63967042179037,-7.744419443180575,-10.067540207375757,-15.830639731293125,0.9600000381469727,0.7732351422309875,1.1047490213902043,5.763099523917369,3.4278697855853864,8.08622028811255,-4.658350502527163,grown over (>50%)
491,1797.9117528930542,10,135,-7.500279756343307,-6.990108639034537,-17.64153686211827,-16.164797778461995,0.32500115036964417,0.8421481251716614,-0.5101711173087704,-1.4767390836562733,10.141257105774962,9.174689139427459,0.9665679663475029,partly grown (25-50%)
492,3175.1720913793783,21,116,-8.679888079541827,-7.159567770958653,-16.19569443651423,-15.84579657887608,0.2085728645324707,0.7789568305015564,-1.520320308583174,-0.34989785763815107,7.515806356972403,8.686228807917427,-1.1704224509450238,open (<25% canopy)
493,792.6916820257849,4,102,-7.893374522031299,-7.373820742834693,-15.44695481408505,-16.02495274354029,0.7600020170211792,0.8884798884391785,-0.5195537791966061,0.5779979294552398,7.553580292053751,8.651132000705598,-1.0975517086518467,grown over (>50%)
494,2043.387484172847,12,128,-7.668603954526569,-7.35538685344586,-14.624348006765713,-16.163283299410576,0.6791669726371765,0.7973303198814392,-0.313217101080709,1.5389352926448634,6.955744052239144,8.807896445964715,-1.8521523937255715,grown over (>50%)
495,1029.5123657443364,4,149,-5.980166387760568,-6.789436139481236,-15.277915240989987,-15.793312197969069,0.6300011873245239,0.5861504077911377,0.8092697517206675,0.5153969569790817,9.297748853229418,9.003876058487833,0.2938727947415849,grown over (>50%)
496,907.1465695734878,2,93,-10.236790938530024,-6.588907366918084,-19.341766784591425,-15.271164431701793,0.3050006031990051,0.46629616618156433,-3.64788357161194,-4.070602352889631,9.1049758460614,8.682257064783709,0.42271878127769114,partly grown (25-50%)
497,1345.5963883933496,4,119,-9.386390489598405,-6.768411716585944,-15.65090786213518,-14.722361962108778,0.6150006055831909,0.6511207818984985,-2.617978773012461,-0.9285459000264016,6.264517372536774,7.953950245522834,-1.6894328729860595,grown over (>50%)
498,1601.358145538064,5,146,-11.428387989120424,-8.21973373731945,-17.725193133824565,-16.976600307493154,0.4360008239746094,0.8191095590591431,-3.208654251800974,-0.7485928263314108,6.296805144704141,8.756866570173704,-2.460061425469563,partly grown (25-50%)
499,781.2489803543084,3,95,-9.698883430867728,-8.293617590911357,-17.064402750699223,-16.927248114601394,0.9166669845581055,0.8262109160423279,-1.405265839956371,-0.1371546360978293,7.365519319831495,8.633630523690037,-1.2681112038585418,grown over (>50%)
500,1185.6787687513681,5,109,-6.552291288331469,-7.489270353187992,-15.51814078261516,-16.052321115678645,0.6039983630180359,0.8264219164848328,0.9369790648565228,0.5341803330634853,8.96584949428369,8.563050762490652,0.4027987317930375,grown over (>50%)
501,561.4830291734286,2,118,-6.268194556748853,-7.0184794042405105,-16.731186531898523,-16.11937116425455,0.5599976778030396,0.811249852180481,0.7502848474916579,-0.6118153676439739,10.46299197514967,9.100891760014038,1.3621002151356318,grown over (>50%)
502,958.4374057460878,2,119,-6.853486776051515,-7.163842736637537,-15.444877550959488,-15.755367239191528,0.689997673034668,0.8178152441978455,0.3103559605860218,0.3104896882320407,8.591390774907973,8.591524502553991,-0.00013372764601804477,grown over (>50%)
503,909.7887497234406,2,109,-7.243483770732567,-6.181739806070836,-16.928234905192657,-16.07179390287223,0.050002895295619965,0.41917476058006287,-1.0617439646617308,-0.8564410023204267,9.68475113446009,9.890054096801393,-0.20530296234130319,open (<25% canopy)
504,2016.7740187752431,9,109,-6.977285177112336,-7.671225224352453,-14.707907649017182,-16.343618498497868,0.588887631893158,0.7666974663734436,0.6939400472401172,1.6357108494806862,7.730622471904846,8.672393274145415,-0.9417708022405691,grown over (>50%)
505,1253.508906654452,5,111,-6.771440519004148,-8.518443410129787,-14.692786368186475,-16.500663403052723,0.744000256061554,0.6472070813179016,1.7470028911256392,1.807877034866248,7.921345849182327,7.982219992922936,-0.060874143740608844,grown over (>50%)
506,1379.628341015807,6,114,-7.9699582318155,-7.741444085918766,-16.448037454446144,-16.05970728733426,0.4566666781902313,0.746842086315155,-0.22851414589673436,-0.38833016711188506,8.478079222630644,8.318263201415494,0.15981602121514982,partly grown (25-50%)
507,1530.205026755327,8,140,-7.670792736676568,-8.276118488214728,-16.40135972140198,-16.7167875339206,0.5037490129470825,0.6501426696777344,0.6053257515381594,0.3154278125186174,8.730566984725414,8.44066904570587,0.28989793901954286,grown over (>50%)
508,1642.7238680054102,9,142,-9.762136986843572,-8.4154052328215,-16.84265004217885,-16.22269662248437,0.6111117601394653,0.9069015979766846,-1.3467317540220716,-0.6199534196944789,7.0805130553352775,7.80729138966287,-0.7267783343275926,grown over (>50%)
509,1372.3695648036746,6,148,-6.332293695693192,-6.898000716892105,-13.36269684418111,-15.970211688518049,0.5749973058700562,0.37310799956321716,0.5657070211989135,2.6075148443369383,7.030403148487919,9.072210971625942,-2.041807823138024,grown over (>50%)
510,1364.8483966533408,5,138,-7.514775426865646,-7.24661670483873,-16.31717542452474,-15.674338106147736,0.7079998254776001,0.7776088118553162,-0.26815872202691615,-0.6428373183770049,8.802399997659094,8.427721401309007,0.37467859635008693,grown over (>50%)
511,1586.1836313021788,9,146,-6.203876469476969,-6.725458443917992,-15.986965525874764,-15.09829191311822,0.3322187662124634,0.47979387640953064,0.5215819744410233,-0.8886736127565431,9.783089056397795,8.372833469200229,1.4102555871975664,partly grown (25-50%)
512,1695.5567902104888,11,149,-7.2112609475819625,-6.354477709647134,-15.294257962013427,-15.164549417836055,0.4118165075778961,0.2564091384410858,-0.8567832379348284,-0.12970854417737243,8.082997014431465,8.810071708188921,-0.7270746937574568,partly grown (25-50%)
513,922.5503579748516,4,107,-6.143450984445118,-7.329554076618487,-16.77568166917545,-15.771975768382184,0.4049985408782959,0.4106123745441437,1.1861030921733686,-1.0037059007932676,10.632230684730335,8.442421691763698,2.1898089929666362,partly grown (25-50%)
514,1446.6305288723136,7,117,-7.995193029608679,-7.137008712861092,-15.598292861286078,-16.404771866479702,0.3000006377696991,0.45846128463745117,-0.8581843167475869,0.8064790051936246,7.603099831677399,9.26776315361861,-1.6646633219412106,partly grown (25-50%)
515,1195.0552656536647,2,119,-7.1030391253731375,-7.872450696260767,-17.881613146835306,-15.48460974975879,0.859999418258667,0.9116805791854858,0.7694115708876295,-2.397003397076517,10.77857402146217,7.612159053498022,3.1664149679641476,grown over (>50%)
516,2008.644146512307,11,138,-10.536652237230484,-8.631599100865861,-16.19617692008645,-16.59629143225603,0.3409082591533661,0.7112317085266113,-1.9050531363646233,0.40011451216957994,5.659524682855967,7.96469233139017,-2.305167648534203,partly grown (25-50%)
517,2113.30642494883,13,153,-8.415265159768845,-7.743479873935458,-15.246165934920278,-15.616850261046139,0.6876919865608215,0.9118954539299011,-0.671785285833387,0.3706843261258612,6.830900775151433,7.873370387110681,-1.0424696119592483,grown over (>50%)
518,1314.042637334644,8,128,-7.601632869269752,-8.000845892234835,-15.592905358031715,-16.050783992979834,0.38999882340431213,0.7153908014297485,0.39921302296508365,0.45787863494811987,7.991272488761963,8.049938100744999,-0.058665611983036214,partly grown (25-50%)
519,2135.5949389142847,11,146,-6.922160466210583,-7.516123630930779,-15.183343801544098,-15.500269952946365,0.5145440697669983,0.7401368021965027,0.5939631647201962,0.3169261514022672,8.261183335333515,7.984146322015586,0.27703701331792896,grown over (>50%)
520,1324.7125761323437,6,121,-8.935523764198015,-7.888488064164289,-15.524723708004238,-15.421011529217786,0.6749992370605469,0.7576861381530762,-1.0470357000337263,-0.10371217878645211,6.589199943806223,7.532523465053497,-0.9433235212472741,grown over (>50%)
521,1494.837486561242,6,137,-8.568905476201035,-8.245539289517328,-16.58113904245289,-16.02298054802678,0.47000017762184143,0.7591971755027771,-0.32336618668370676,-0.5581584944261095,8.012233566251854,7.777441258509452,0.23479230774240278,partly grown (25-50%)
522,1844.6702772872404,10,165,-7.9388197849056805,-7.67577285449476,-14.396519981141838,-15.398362401900842,0.6939994096755981,0.8312119841575623,-0.26304693041092087,1.0018424207590044,6.457700196236157,7.722589547406082,-1.2648893511699253,grown over (>50%)
523,1920.6327791123554,8,171,-7.125194153490208,-6.486356563571336,-16.299815947458395,-15.550840288593054,0.6950008869171143,0.6160818934440613,-0.6388375899188716,-0.7489756588653407,9.174621793968187,9.064483725021718,0.11013806894646905,grown over (>50%)
524,1766.809325860826,10,121,-8.59372105958377,-6.887997081640551,-16.452175388943953,-15.14828667976693,0.23999932408332825,0.5621984004974365,-1.7057239779432187,-1.3038887091770235,7.858454329360184,8.260289598126379,-0.40183526876619524,open (<25% canopy)
525,1485.0246427982381,6,150,-6.742166175250118,-7.07051158745692,-14.556696448463825,-15.530895164486271,0.1999986618757248,0.5227111577987671,0.3283454122068026,0.9741987160224461,7.814530273213707,8.46038357702935,-0.6458533038156435,open (<25% canopy)
526,1051.4872229220796,5,136,-9.269716371457614,-7.043715276060551,-16.974533048045068,-15.6525141367057,0.22199907898902893,0.48835766315460205,-2.226001095397063,-1.3220189113393683,7.704816676587454,8.608798860645148,-0.9039821840576945,open (<25% canopy)
527,2888.226755241207,17,172,-7.301681336064959,-7.468962046553672,-15.429158243816419,-15.76663219650275,0.6588231325149536,0.6350995302200317,0.16728071048871307,0.33747395268633085,8.12747690775146,8.297670149949077,-0.17019324219761778,grown over (>50%)
528,1928.3699290600412,9,160,-6.80315686135823,-6.79514714531153,-15.770405416556104,-15.423937131906948,0.3933352530002594,0.6397503614425659,-0.008009716046699644,-0.3464682846491556,8.967248555197873,8.628789986595418,0.33845856860245505,partly grown (25-50%)
529,1656.8897602661284,9,105,-8.722632904723552,-7.356528881864764,-16.34403017718956,-15.648290021645408,0.45444387197494507,0.6458093523979187,-1.3661040228587877,-0.6957401555441507,7.621397272466007,8.291761139780643,-0.6703638673146362,partly grown (25-50%)
530,2166.641982492359,11,138,-7.243242272817718,-7.401457937390559,-16.352969637176155,-15.161116905818579,0.5999991297721863,0.6671741604804993,0.15821566457284053,-1.1918527313575762,9.109727364358438,7.75965896842802,1.3500683959304176,grown over (>50%)
531,1891.1563842102496,12,137,-6.259196167449232,-7.567748758477675,-15.92408236610954,-15.876011602315227,0.5608327984809875,0.6501458883285522,1.3085525910284437,-0.0480707637943123,9.664886198660309,8.308262843837552,1.3566233548227569,grown over (>50%)
532,1983.4170638474425,10,163,-7.901538020512069,-7.138289826204919,-15.467014708269833,-15.486158122546891,0.5669999718666077,0.6730664968490601,-0.7632481943071499,0.019143414277058568,7.565476687757764,8.347868296341971,-0.7823916085842075,grown over (>50%)
533,1611.8774829846361,8,120,-7.559088271573481,-6.488582547809589,-15.689791992368976,-14.54520097679395,0.45250242948532104,0.669299304485321,-1.0705057237638922,-1.1445910155750258,8.130703720795495,8.056618428984361,0.07408529181113366,partly grown (25-50%)
534,1751.675529765088,8,149,-9.678838532883846,-7.1240820768055935,-16.73241688036493,-15.747709802052686,0.33874884247779846,0.5467113852500916,-2.5547564560782527,-0.984707078312244,7.053578347481084,8.623627725247093,-1.5700493777660096,partly grown (25-50%)
535,1682.7296837414278,8,152,-10.180432162413647,-7.204039419024598,-17.43043699887034,-15.576316503484769,0.4649978280067444,0.5916620492935181,-2.9763927433890487,-1.8541204953855726,7.250004836456695,8.37227708446017,-1.1222722480034761,partly grown (25-50%)
536,1645.835065441663,7,105,-7.002119084913926,-7.140663486507032,-15.595872327425194,-15.116838377128715,0.5614275932312012,0.805047869682312,0.13854440159310588,-0.4790339502964791,8.59375324251127,7.976174890621683,0.6175783518895859,grown over (>50%)
537,1408.42059478605,8,118,-7.96864079850632,-6.619488066191036,-16.573988038754777,-15.203089808644098,0.5212491154670715,0.5852540731430054,-1.349152732315284,-1.3708982301106793,8.605347240248456,8.583601742453062,0.021745497795393476,grown over (>50%)
538,1799.2120269265224,10,158,-7.846563076458644,-6.837639796212009,-15.728666290167208,-15.501764187502134,0.28013917803764343,0.32846179604530334,-1.008923280246635,-0.2269021026650737,7.8821032137085645,8.664124391290127,-0.7820211775815622,partly grown (25-50%)
539,1990.0914183596701,12,141,-6.928305517153188,-7.283507093492996,-15.791293127781284,-15.639695806197542,0.27166667580604553,0.48624134063720703,0.355201576339808,-0.15159732158374162,8.862987610628096,8.356188712704547,0.5067988979235487,partly grown (25-50%)
540,1700.62725757768,9,126,-6.345730523622385,-7.186344525022666,-15.746464777574614,-15.486745471414281,0.559662938117981,0.5778573751449585,0.8406140014002812,-0.2597193061603331,9.40073425395223,8.300400946391616,1.1003333075606143,grown over (>50%)
541,2222.4004233289597,12,156,-7.62618717421435,-6.894777177228781,-14.77245421571988,-15.82382980015312,0.5583359599113464,0.3553207814693451,-0.731409996985569,1.0513755844332398,7.1462670415055305,8.929052622924338,-1.7827855814188078,grown over (>50%)
542,2698.5623764025117,14,140,-7.256025602933056,-6.192914667253895,-15.704360661718322,-15.49757545290954,0.7335729598999023,0.7499905228614807,-1.0631109356791608,-0.20678520880878182,8.448335058785267,9.304660785655646,-0.856325726870379,grown over (>50%)
543,1349.799567480016,6,144,-8.17625081203596,-7.057584539403448,-15.258477636501173,-15.403694043663375,0.8249990344047546,0.8727773427963257,-1.1186662726325114,0.1452164071622022,7.082226824465213,8.346109504259926,-1.2638826797947136,grown over (>50%)
544,1596.4341771155744,7,156,-6.1230845125684406,-7.4750918576620915,-14.04979726189106,-15.04317720680422,0.8485709428787231,0.9256959557533264,1.352007345093651,0.9933799449131602,7.926712749322619,7.5680853491421285,0.3586274001804908,grown over (>50%)
545,2128.209815743421,11,170,-6.719945296779585,-7.276973327770216,-14.884332308056338,-15.336665373494615,0.5881807804107666,0.5508716106414795,0.5570280309906313,0.45233306543827645,8.164387011276753,8.059692045724399,0.1046949655523548,grown over (>50%)
546,2610.850087787321,18,126,-7.320773208046876,-7.269102480271701,-16.023405823039333,-15.585888403572763,0.5083329677581787,0.2453969120979309,-0.051670727775174896,-0.43751741946656963,8.702632614992456,8.316785923301062,0.38584669169139474,grown over (>50%)
547,1632.1399734478107,7,130,-7.506755515608248,-7.139193911738181,-15.30692134621214,-16.129086434199525,0.3814264237880707,0.2592303454875946,-0.3675616038700671,0.8221650879873845,7.800165830603893,8.989892522461345,-1.1897266918574516,partly grown (25-50%)
548,1337.5817078162381,6,129,-6.9417699732434714,-7.022837666661373,-16.322048686443832,-16.538347903003153,0.838334321975708,0.30736449360847473,0.08106769341790176,0.21629921655932094,9.380278713200362,9.515510236341779,-0.1352315231414174,grown over (>50%)
549,1863.7122095926711,9,98,-5.945334757403449,-7.774611022372602,-14.794056314662331,-16.502318370956715,0.5599963068962097,0.4083671271800995,1.8292762649691525,1.7082620562943838,8.848721557258882,8.727707348584113,0.12101420867476875,grown over (>50%)
550,1381.9522015308885,5,123,-8.449147646181979,-7.170003583559149,-15.383882758043537,-16.399424047898137,0.7160013914108276,0.35504066944122314,-1.27914406262283,1.0155412898545997,6.934735111861558,9.229420464338988,-2.2946853524774298,grown over (>50%)
551,1076.593333197795,4,131,-7.036090218947866,-6.772205410479034,-18.03598237810585,-16.33702444169934,0.5549991130828857,0.5048863291740417,-0.26388480846883144,-1.698957936406508,10.999892159157984,9.564819031220306,1.4350731279376774,grown over (>50%)
552,1296.5828645426905,6,137,-7.880497550545683,-6.8973497798985575,-14.220341783370499,-14.808384580442851,0.5300013422966003,0.4725547730922699,-0.9831477706471254,0.5880427970723527,6.339844232824816,7.911034800544294,-1.5711905677194782,grown over (>50%)
553,2586.2985377005243,19,124,-5.89964244692638,-7.621751709035745,-15.761727497498628,-16.734382019733506,0.36473706364631653,0.39459705352783203,1.722109262109365,0.9726545222348779,9.862085050572247,9.11263031069776,0.7494547398744871,partly grown (25-50%)
554,2105.1459234788454,13,126,-6.224647164033531,-7.387377457618802,-14.846362163624615,-17.09494120628373,0.44846290349960327,0.3026983439922333,1.1627302935852715,2.248579042659113,8.621714999591084,9.707563748664926,-1.0858487490738415,partly grown (25-50%)
555,2116.787316044948,11,150,-7.888477434031717,-6.5774104976339975,-14.611066519851681,-16.28788165113199,0.7799994945526123,0.2965337634086609,-1.3110669363977197,1.6768151312803088,6.722589085819964,9.710471153497991,-2.9878820676780276,grown over (>50%)
556,2445.9333264299826,13,163,-8.029989581585351,-7.249071602919367,-15.981595543782161,-16.190346243292822,0.6646133065223694,0.39705517888069153,-0.7809179786659843,0.20875069951066116,7.95160596219681,8.941274640373456,-0.9896686781766455,grown over (>50%)
557,1692.2161421798244,9,120,-7.275142066889561,-7.577219870190234,-15.183917407862086,-16.261252213657563,0.8588881492614746,0.4819159209728241,0.3020778033006728,1.077334805795477,7.908775340972525,8.68403234346733,-0.7752570024948042,grown over (>50%)
558,2104.487083847124,11,161,-7.1643754122502745,-7.666507535432729,-17.06310055640136,-16.36041418482852,0.707273006439209,0.5104966759681702,0.502132123182454,-0.7026863715728382,9.898725144151085,8.693906649395792,1.2048184947552922,grown over (>50%)
559,2558.329781945284,15,160,-8.777789745201002,-7.392118086904493,-16.405856567188486,-16.306181674286385,0.5833337306976318,0.6819378137588501,-1.3856716582965083,-0.09967489290210096,7.628066821987485,8.914063587381893,-1.2859967653944082,grown over (>50%)
560,1687.1838703455194,8,115,-5.540255036021842,-6.66443360177246,-15.031980135735331,-15.90504937706327,0.7400012016296387,0.498522013425827,1.1241785657506185,0.8730692413279382,9.49172509971349,9.24061577529081,0.2511093244226803,grown over (>50%)
561,1828.8284199170257,11,155,-6.763999972884419,-7.437778512248197,-17.150660788059604,-16.37839136976338,0.34454524517059326,0.5087745189666748,0.6737785393637781,-0.7722694182962222,10.386660815175183,8.940612857515184,1.4460479576599994,partly grown (25-50%)
562,1038.753821486978,5,129,-7.1969414360263,-6.947431790949316,-17.239105962170587,-15.470018941891768,0.16800090670585632,0.42453256249427795,-0.24950964507698448,-1.7690870202788194,10.042164526144287,8.522587150942453,1.519577375201834,open (<25% canopy)
563,1950.0845785743738,11,158,-8.076979941504268,-7.070941704948926,-16.90821141567725,-15.885792044648102,0.379998117685318,0.40343382954597473,-1.0060382365553417,-1.022419371029148,8.831231474172982,8.814850339699177,0.016381134473805403,partly grown (25-50%)
564,1997.4233627564677,12,132,-7.456256421351089,-7.596170644874065,-15.398992108150157,-15.923868404164667,0.2683342695236206,0.3637884855270386,0.13991422352297622,0.5248762960145097,7.942735686799068,8.3276977592906,-0.3849620724915326,partly grown (25-50%)
565,876.1174596293083,4,133,-6.138451932776694,-6.660339562831337,-16.417059915974587,-15.567783040667358,0.33499884605407715,0.372330904006958,0.5218876300546427,-0.8492768753072291,10.278607983197894,8.907443477836022,1.3711645053618717,partly grown (25-50%)
566,571.0345618655177,1,121,-7.319572726020115,-7.019015368608668,-14.718850498239766,-15.508649671987083,0.13999882340431213,0.5205484628677368,-0.3005573574114475,0.7897991737473173,7.3992777722196506,8.489634303378416,-1.0903565311587657,open (<25% canopy)
567,1583.2312074688218,7,161,-8.239414028685195,-6.966600197569591,-15.50884643808774,-15.532056368660285,0.25999948382377625,0.5731907486915588,-1.272813831115604,0.023209930572544835,7.269432409402546,8.565456171090695,-1.296023761688149,partly grown (25-50%)
568,1727.3409770550973,10,127,-8.5706748841949,-6.790288971252356,-15.906000833367722,-15.15512481502202,0.37199968099594116,0.6281096339225769,-1.7803859129425446,-0.7508760183457017,7.335325949172821,8.364835843769665,-1.0295098945968437,partly grown (25-50%)
569,1254.5654967072446,7,124,-7.0989840964012,-6.754519508733532,-14.578292478658263,-15.45077337754131,0.7385715842247009,0.518954873085022,-0.34446458766766774,0.8724808988830475,7.479308382257063,8.696253868807778,-1.2169454865507152,grown over (>50%)
570,1333.5852599040695,7,127,-6.7649520572222785,-7.178092385001461,-16.89602351315095,-15.58188870823096,0.4971420466899872,0.6781890988349915,0.41314032777918275,-1.3141348049199912,10.131071455928673,8.403796323229498,1.7272751326991749,partly grown (25-50%)
571,1651.8800969698245,10,100,-7.676527549260283,-7.2146249981954345,-16.122391978088732,-15.391538269183533,0.6579993963241577,0.602764368057251,-0.46190255106484823,-0.7308537089051992,8.44586442882845,8.176913270988099,0.26895115784035184,grown over (>50%)
572,1755.2822335578396,9,106,-8.32285122327132,-6.856886640838352,-17.94960440536293,-15.288153319116674,0.7877774834632874,0.722152590751648,-1.4659645824329672,-2.661451086246256,9.62675318209161,8.431266678278321,1.1954865038132887,grown over (>50%)
573,1448.9443964755442,8,134,-6.28515271951189,-6.939108425471771,-14.29887269123691,-15.681706488806377,0.6399979591369629,0.6278287172317505,0.6539557059598806,1.3828337975694662,8.01371997172502,8.742598063334606,-0.7288780916095856,grown over (>50%)
574,1187.2379972419985,7,75,-7.866676508066801,-6.824432261699583,-15.180889080335255,-14.61357490783696,0.4885707199573517,0.8145145773887634,-1.0422442463672184,-0.5673141724982962,7.314212572268454,7.7891426461373765,-0.47493007386892216,partly grown (25-50%)
575,1757.1899320728594,10,122,-7.26864003741313,-7.204547723398376,-15.113789035738263,-16.122356077439683,0.8790022134780884,0.6744263172149658,-0.06409231401475424,1.0085670417014203,7.845148998325133,8.917808354041307,-1.0726593557161745,grown over (>50%)
576,1863.7083345141139,9,160,-8.428252499459695,-7.011325023535319,-16.01029870988707,-15.509598192160219,0.6177787780761719,0.6553124785423279,-1.4169274759243766,-0.5007005177268518,7.582046210427375,8.4982731686249,-0.9162269581975249,grown over (>50%)
577,2306.5646013765963,13,167,-7.9751991520057155,-7.434024628084,-14.842228692630236,-15.480616937724665,0.4807701110839844,0.6308384537696838,-0.5411745239217156,0.6383882450944292,6.867029540624521,8.046592309640666,-1.1795627690161448,partly grown (25-50%)
578,1891.163373486117,7,142,-7.3172193681087325,-7.043908113910259,-16.626038448686554,-15.691513312915262,0.35285550355911255,0.4384884834289551,-0.27331125419847346,-0.9345251357712918,9.308819080577821,8.647605199005003,0.6612138815728184,partly grown (25-50%)
579,2654.5398645887153,16,154,-7.629621304155766,-6.882139561951036,-16.137314749528606,-15.35636726034898,0.7650011777877808,0.42447027564048767,-0.7474817422047293,-0.780947489179626,8.50769344537284,8.474227698397943,0.03346574697489757,grown over (>50%)
580,2068.4387732562914,11,142,-7.406286715941118,-7.268231918963287,-15.94725884802446,-16.430588123665547,0.7163635492324829,0.3500179350376129,-0.13805479697783074,0.4833292756410881,8.540972132083342,9.16235620470226,-0.6213840726189179,grown over (>50%)
581,1992.9952740902118,10,116,-8.289681201455204,-7.650414773911155,-17.030309217297518,-16.173539778641103,0.5550001859664917,0.5206032395362854,-0.6392664275440492,-0.8567694386564142,8.740628015842313,8.523125004729948,0.21750301111236503,grown over (>50%)
582,2444.547944813047,17,162,-7.580072228006203,-6.982424628780595,-14.800507332597157,-16.30518784011738,0.791175365447998,0.3756791949272156,-0.5976475992256081,1.5046805075202236,7.220435104590954,9.322763211336785,-2.102328106745831,grown over (>50%)
583,1750.8713031262566,10,131,-6.196383695966437,-7.430169591509964,-15.096531320035698,-16.189715927422167,0.8130009770393372,0.48183196783065796,1.2337858955435266,1.093184607386469,8.90014762406926,8.759546335912203,0.14060128815705752,grown over (>50%)
584,1447.222922762967,6,116,-5.199102554383561,-7.712657572705045,-15.692241799248821,-16.618950441091457,0.829998791217804,0.5809490084648132,2.513555018321484,0.9267086418426356,10.49313924486526,8.906292868386412,1.5868463764788476,grown over (>50%)
585,2149.2749982347077,15,139,-7.8512213701747555,-6.58790442462802,-15.049640257272811,-16.101402887257574,0.5473324060440063,0.3379857540130615,-1.2633169455467357,1.051762629984763,7.198418887098056,9.513498462629554,-2.315079575531499,grown over (>50%)
586,2169.100440780929,13,165,-6.455994649182092,-6.709628101586082,-15.02425493552176,-16.018848116037447,0.6069240570068359,0.1878785341978073,0.2536334524039905,0.994593180515686,8.568260286339669,9.309220014451364,-0.7409597281116955,grown over (>50%)
587,1777.5935185084236,10,136,-8.4741451928665,-7.213938914021112,-16.065355672395878,-15.660190323677028,0.7189982533454895,0.19397076964378357,-1.2602062788453878,-0.40516534871884957,7.591210479529378,8.446251409655916,-0.8550409301265383,grown over (>50%)
588,1815.3225716140062,11,158,-7.743567827788816,-7.438938780567954,-15.62566720783118,-15.57277932070451,0.5281810164451599,0.6746835708618164,-0.30462904722086215,-0.05288788712666914,7.882099380042364,8.133840540136557,-0.251741160094193,grown over (>50%)
589,1971.5166250808077,12,140,-7.839556028304663,-7.301676909209556,-15.343223736280207,-15.317950786900848,0.37666550278663635,0.2810719311237335,-0.5378791190951064,-0.025272949379358423,7.503667707975544,8.016273877691292,-0.512606169715748,partly grown (25-50%)
590,1765.4673721004726,10,130,-6.7991283997893195,-7.074132096537743,-14.68081353822016,-15.368182366494787,0.6939986944198608,0.5315386652946472,0.2750036967484233,0.6873688282746269,7.881685138430841,8.294050269957044,-0.4123651315262027,grown over (>50%)
591,1772.4096315995391,8,136,-8.349249831996882,-8.127497668195403,-15.693987019616973,-15.277251668480913,0.6187514066696167,0.7754416465759277,-0.22175216380147944,-0.41673535113605986,7.34473718762009,7.14975400028551,0.19498318733458042,grown over (>50%)
592,1323.025720018313,7,124,-5.765881482082255,-6.67095394867252,-15.23334251692897,-14.748574508691876,0.27754655480384827,0.4812105596065521,0.9050724665902647,-0.48476800823709354,9.467461034846714,8.077620560019355,1.3898404748273592,partly grown (25-50%)
593,1555.0721354392676,7,127,-8.18939092688331,-6.736559741498005,-13.759928862359514,-14.805674920744847,0.49713969230651855,0.6832249164581299,-1.4528311853853042,1.0457460583853333,5.570537935476205,8.069115179246843,-2.4985772437706384,partly grown (25-50%)
594,1850.9360932042014,9,142,-9.843844641269476,-7.005811626431492,-15.996426085401614,-15.320930147112342,0.5833340287208557,0.7245646715164185,-2.8380330148379835,-0.6754959382892718,6.152581444132139,8.315118520680851,-2.1625370765487126,grown over (>50%)
595,1657.5827692293747,10,146,-9.099179672809967,-7.355205247960585,-15.27858900363266,-15.136118202517414,0.8729990124702454,0.6667119860649109,-1.743974424849382,-0.14247080111524646,6.179409330822693,7.780912954556829,-1.6015036237341356,grown over (>50%)
596,1621.2556352383979,8,144,-8.519798045476891,-7.494785344802228,-16.423238340265122,-15.03900736669641,0.48874950408935547,0.6838889718055725,-1.0250127006746634,-1.3842309735687124,7.903440294788231,7.544222021894182,0.35921827289404895,partly grown (25-50%)
597,1117.4464640084898,4,121,-8.498755393116628,-6.437788680241701,-14.653043929887142,-15.401766076165405,0.830001175403595,0.8389256000518799,-2.0609667128749276,0.7487221462782632,6.154288536770514,8.963977395923704,-2.8096888591531908,grown over (>50%)
598,1871.63323830792,10,108,-10.499568274247665,-7.644404403432307,-20.735367374249872,-17.166481982022916,0.31099969148635864,0.3523149788379669,-2.8551638708153577,-3.5688853922269566,10.235799100002207,9.522077578590608,0.7137215214115997,partly grown (25-50%)
599,852.5097866946633,3,104,-4.00069665928534,-6.918489990115637,-13.46015076604777,-16.071227496327836,0.08000000566244125,0.1443268209695816,2.917793330830297,2.6110767302800664,9.45945410676243,9.1527375062122,0.30671660055022976,open (<25% canopy)
600,971.0722422142254,4,88,-6.63874391874145,-7.257369008293152,-14.617421546274478,-16.234431301284243,0.28749537467956543,0.229204460978508,0.6186250895517018,1.6170097550097644,7.9786776275330284,8.977062292991091,-0.9983846654580626,partly grown (25-50%)
601,1119.620736548369,5,59,-7.204461214352298,-7.505392819287807,-17.249377187348816,-16.243169878371116,0.4480046331882477,0.39915192127227783,0.3009316049355091,-1.0062073089777002,10.044915972996519,8.73777705908331,1.3071389139132084,partly grown (25-50%)
602,1265.4430025557078,7,137,-7.8221755041626135,-7.040350119142735,-17.07346771098029,-16.04039487773693,0.21999981999397278,0.2275182604789734,-0.7818253850198786,-1.0330728332433594,9.251292206817675,9.000044758594195,0.2512474482234808,open (<25% canopy)
603,1615.652618444116,9,134,-5.075650099132653,-7.044880435753411,-14.098008029160331,-15.944317329127571,0.554442822933197,0.3535074293613434,1.9692303366207584,1.8463092999672401,9.022357930027677,8.89943689337416,0.12292103665351739,grown over (>50%)
604,1394.0182843423233,7,144,-6.2633289689675635,-6.823305585670083,-15.596156710462356,-15.6690459913382,0.5014287233352661,0.21114502847194672,0.5599766167025191,0.07288928087584345,9.332827741494793,8.845740405668117,0.4870873358266756,grown over (>50%)
605,1737.6660295617744,9,140,-7.904705855698321,-6.750845944310267,-15.94298801517429,-15.381157276090033,0.44444406032562256,0.1144249364733696,-1.1538599113880537,-0.5618307390842574,8.038282159475969,8.630311331779765,-0.5920291723037963,partly grown (25-50%)
606,1812.146078973386,10,129,-11.475020389642665,-8.191786595115683,-19.476319184977164,-16.79036451385877,0.784000039100647,0.7091475129127502,-3.283233794526982,-2.6859546711183953,8.001298795334499,8.598577918743086,-0.5972791234085868,grown over (>50%)
607,1232.3516330554596,5,124,-9.350984839917455,-7.891067713526513,-15.266472017531383,-17.57354942314828,0.6139993071556091,0.2633877396583557,-1.459917126390942,2.307077405616896,5.915487177613928,9.682481709621765,-3.7669945320078373,grown over (>50%)
608,1382.1184069382914,7,137,-9.072786200666055,-5.629956156542429,-17.950926406237983,-16.09914989984981,0.3514285385608673,0.3741608262062073,-3.4428300441236264,-1.8517765063881733,8.878140205571928,10.46919374330738,-1.591053537735453,partly grown (25-50%)
609,1565.6592325782558,9,147,-7.114707980780989,-6.896059014791545,-14.789993503235578,-15.953583671858201,0.4099994897842407,0.31877437233924866,-0.21864896598944394,1.1635901686226227,7.6752855224545895,9.057524657066656,-1.3822391346120666,partly grown (25-50%)
610,1846.1294996785457,12,148,-6.68868813407335,-7.201354921161633,-15.948203778167967,-15.566468534651644,0.6158325672149658,0.5730444192886353,0.5126667870882828,-0.3817352435163226,9.259515644094616,8.365113613490012,0.8944020306046045,grown over (>50%)
611,1559.9647127188512,9,159,-7.739626626983575,-7.181719935426023,-15.35187286261231,-15.885902461145847,0.5611093044281006,0.6461635828018188,-0.5579066915575517,0.5340295985335359,7.612246235628736,8.704182525719823,-1.0919362900910867,grown over (>50%)
612,1671.2758513452218,9,144,-7.971889243226164,-6.723735595171086,-16.01004620962532,-16.047597409644318,0.30222365260124207,0.5170546770095825,-1.2481536480550774,0.03755120001899925,8.038156966399155,9.323861814473233,-1.2857048480740776,partly grown (25-50%)
613,1322.1667933398655,6,144,-5.803023159304086,-6.448014730824675,-15.429023944885865,-15.594102478421355,0.3349994122982025,0.5931249856948853,0.6449915715205892,0.16507853353549073,9.626000785581779,9.146087747596681,0.47991303798509755,partly grown (25-50%)
614,1202.2702862381707,5,129,-5.615169706272933,-6.618387965954295,-14.600527875913334,-15.23372681641321,0.45800185203552246,0.7350391745567322,1.0032182596813612,0.6331989404998755,8.985358169640401,8.615338850458915,0.3700193191814858,partly grown (25-50%)
615,1038.4368711553639,4,124,-9.144710868126397,-7.268398739288352,-16.4298692711499,-16.35312343887174,0.5399999618530273,0.692338764667511,-1.8763121288380455,-0.07674583227816001,7.2851584030235035,9.08472469958339,-1.7995662965598864,grown over (>50%)
616,1410.9145783721583,8,140,-7.084961095262981,-7.165496887793487,-14.634189682945934,-16.70015744594764,0.3087523281574249,0.3785002529621124,0.08053579253050547,2.065967763001705,7.549228587682952,9.534660558154151,-1.9854319704711987,partly grown (25-50%)
617,910.6835243994453,3,144,-5.913710393030319,-8.053722435183502,-17.17105066110833,-16.699740073695764,0.029998457059264183,0.22224357724189758,2.1400120421531827,-0.4713105874125638,11.257340268078009,8.646017638512262,2.6113226295657466,open (<25% canopy)
618,1588.3486668083958,10,140,-7.939443394692929,-7.173472500188093,-18.01198291579704,-16.274544228517442,0.26799896359443665,0.36542877554893494,-0.7659708945048358,-1.7374386872795995,10.072539521104112,9.101071728329348,0.9714677927747637,partly grown (25-50%)
619,1370.380279283562,5,118,-8.9257758440826,-6.563371945277012,-17.5160446127346,-15.380669361758482,0.13800162076950073,0.5148301720619202,-2.362403898805587,-2.135375250976118,8.590268768652,8.81729741648147,-0.22702864782946897,open (<25% canopy)
620,3420.635931395216,22,169,-7.539254004514521,-7.059638029773472,-15.27022499988934,-15.303650614921814,0.4659106135368347,0.6872174143791199,-0.47961597474104867,0.0334256150324741,7.730970995374819,8.244012585148342,-0.5130415897735228,partly grown (25-50%)
621,1960.5525761622794,11,164,-6.211510260878289,-6.9196066800591005,-13.7207435631063,-15.642280526677283,0.7654533386230469,0.8924388289451599,0.7080964191808112,1.9215369635709827,7.509233302228011,8.722673846618182,-1.2134405443901715,grown over (>50%)
622,1544.9801796254847,8,112,-4.458055371532039,-6.827306637035932,-13.744928438403523,-15.982679166813625,0.7225004434585571,0.5431255102157593,2.369251265503893,2.237750728410102,9.286873066871484,9.155372529777694,0.13150053709379073,grown over (>50%)
623,1382.7584039497901,5,129,-7.189939908810876,-6.799892593559614,-13.436380382515075,-15.331632430682468,0.5700011253356934,0.5037209987640381,-0.39004731525126246,1.895252048167393,6.246440473704199,8.531739837122855,-2.2852993634186554,grown over (>50%)
624,1398.0611858491686,5,134,-7.460347574851619,-7.414914821357889,-15.726306644688059,-16.427975650299476,0.5020018815994263,0.5963175296783447,-0.04543275349373044,0.7016690056114179,8.26595906983644,9.013060828941587,-0.7471017591051474,grown over (>50%)
625,1372.88131503767,6,110,-9.810807035886258,-6.993544068945664,-17.04091840765019,-15.823035023974663,0.16666918992996216,0.5949999094009399,-2.8172629669405937,-1.2178833836755256,7.230111371763931,8.829490955028998,-1.5993795832650672,open (<25% canopy)
626,2334.2348178036555,16,168,-6.844439290203398,-7.359502878773164,-15.274008474915972,-16.42621791396292,0.23062579333782196,0.48384544253349304,0.5150635885697659,1.1522094390469473,8.429569184712573,9.066715035189755,-0.6371458504771823,open (<25% canopy)
627,1783.6239978157237,11,141,-6.106912168194214,-7.082762765992089,-14.094222292607428,-15.267869180012273,0.4909707307815552,0.6841835379600525,0.9758505977978755,1.1736468874048445,7.987310124413215,8.185106414020183,-0.19779628960696805,partly grown (25-50%)
628,1660.6684567251245,8,150,-9.38711649907006,-7.612868000820834,-15.72378291424628,-15.218209131158982,0.0849994346499443,0.5566450953483582,-1.7742484982492268,-0.5055737830872982,6.33666641517622,7.605341130338148,-1.2686747151619286,open (<25% canopy)
629,1580.9762227524272,8,127,-8.044234507698786,-6.796351150238219,-16.785172750049682,-15.312491703485726,0.47499972581863403,0.6042516827583313,-1.2478833574605668,-1.472681046563956,8.740938242350897,8.516140553247507,0.22479768910339004,partly grown (25-50%)
630,2182.5568611281055,13,172,-6.571317096697862,-7.609813756848316,-14.194388808192798,-15.484041858774248,0.4838450253009796,0.6424008011817932,1.0384966601504546,1.2896530505814496,7.623071711494936,7.874228101925931,-0.251156390430995,partly grown (25-50%)
631,2802.667542196673,15,184,-8.438589533455335,-6.636179883529499,-17.24312015682524,-15.83287997983624,0.470001220703125,0.6564186215400696,-1.8024096499258366,-1.4102401769889976,8.804530623369903,9.196700096306742,-0.392169472936839,partly grown (25-50%)
632,1634.3988876496323,10,140,-5.071907862892182,-7.37689547719921,-18.328011496914886,-16.47383187926608,0.4560007154941559,0.8172575235366821,2.304987614307028,-1.854179617648807,13.256103634022704,9.09693640206687,4.159167231955834,partly grown (25-50%)
633,1403.5871445133946,7,116,-5.64007897571445,-6.538915579901151,-16.807369461871854,-15.58977000541212,0.4857126772403717,0.667311429977417,0.8988366041867017,-1.2175994564597339,11.167290486157405,9.05085442551097,2.1164360606464356,partly grown (25-50%)
634,1023.0994895016653,3,89,-2.9220283926225687,-6.111352814168152,-16.89251080308768,-15.090679023651399,0.31333258748054504,0.8437464237213135,3.189324421545583,-1.8018317794362826,13.970482410465113,8.979326209483247,4.991156200981866,partly grown (25-50%)
635,1571.8777667600675,8,154,-7.0764836393728014,-6.637988684031453,-15.293807457067194,-15.308666091924897,0.5499987006187439,0.5496423840522766,-0.43849495534134864,0.014858634857702668,8.217323817694393,8.670677407893443,-0.4533535901990504,grown over (>50%)
636,1437.8672508628517,6,107,-8.554204046785587,-6.356086029831813,-17.249251692711592,-16.331654151110683,0.1449984312057495,0.5031775832176208,-2.1981180169537744,-0.9175975416009088,8.695047645926005,9.97556812127887,-1.2805204753528656,open (<25% canopy)
637,945.5952610906919,3,94,-8.52106358263567,-6.948589721309196,-15.984144377941934,-16.2322978162821,0.3599988520145416,0.539680540561676,-1.5724738613264737,0.24815343834016446,7.463080795306265,9.283708094972903,-1.8206272996666382,partly grown (25-50%)
638,1686.9678407050692,10,74,-8.467673478427557,-7.494813567691719,-16.9931121185597,-15.971315647069197,0.6089991927146912,0.603204071521759,-0.9728599107358376,-1.0217964714905037,8.525438640132144,8.476502079377479,0.04893656075466524,grown over (>50%)
639,2258.725387752947,13,160,-6.6639747093326065,-7.453176254734771,-15.263397297971569,-15.37658950725055,0.6115370392799377,0.37337493896484375,0.7892015454021646,0.11319220927898144,8.599422588638962,7.923413252515779,0.6760093361231831,grown over (>50%)
640,1578.6835131905964,7,84,-7.0920846855221695,-6.6285365978122,-14.817365758549512,-14.519550730644253,0.722857654094696,0.6465476155281067,-0.46354808770996936,-0.2978150279052585,7.725281073027342,7.891014132832053,-0.16573305980471087,grown over (>50%)
641,1793.849359633456,8,154,-7.260033632158236,-7.039158669900534,-17.200800041285845,-15.658271138887,0.5862511396408081,0.6048049926757812,-0.2208749622577022,-1.5425289023988444,9.940766409127608,8.619112468986467,1.3216539401411413,grown over (>50%)
642,2603.7289722066894,16,145,-7.608207880670568,-7.381533957661231,-16.540568703864363,-16.08502627079962,0.6187501549720764,0.3907851576805115,-0.22667392300933642,-0.4555424330647426,8.932360823193795,8.703492313138389,0.2288685100554062,grown over (>50%)
643,2259.479329585558,10,162,-8.663473179080176,-7.746560363572689,-14.95950850985368,-15.153379985482502,0.6489989161491394,0.5919753909111023,-0.9169128155074873,0.19387147562882134,6.296035330773504,7.406819621909813,-1.1107842911363086,grown over (>50%)
644,5212.473194022941,38,185,-7.308080119861637,-6.793389219132717,-16.477296201761696,-15.557892187572783,0.28552570939064026,0.39425766468048096,-0.5146909007289207,-0.9194040141889133,9.169216081900059,8.764502968440066,0.4047131134599926,partly grown (25-50%)
645,2937.3998175653455,15,145,-6.909632545585667,-7.6025183506212715,-15.273627835828824,-15.900709988819804,0.3859986662864685,0.36062130331993103,0.6928858050356048,0.6270821529909796,8.363995290243157,8.298191638198531,0.06580365204462524,partly grown (25-50%)
646,2169.797243890356,13,118,-7.05163605378903,-7.5654358292626025,-15.944380359966248,-15.713006385023052,0.5069209337234497,0.3100842535495758,0.5137997754735721,-0.231373974943196,8.892744306177217,8.14757055576045,0.7451737504167681,grown over (>50%)
647,1921.5956567993437,9,107,-7.217909717733514,-7.417329363197554,-15.665439333832364,-15.43373792824752,0.257779061794281,0.2895323932170868,0.19941964546404023,-0.2317014055848432,8.44752961609885,8.016408565049966,0.43112105104888343,partly grown (25-50%)
648,1881.9208712926347,10,106,-6.845496499218137,-6.570276559625125,-13.947058767186835,-15.495979432747164,0.5970009565353394,0.45254796743392944,-0.27521993959301216,1.5489206655603294,7.101562267968698,8.92570287312204,-1.8241406051533415,grown over (>50%)
649,3822.0900810832377,27,118,-6.742967181764326,-7.145281628622474,-15.883688363433652,-15.596307037657171,0.4970359206199646,0.38991591334342957,0.40231444685814743,-0.28738132577648123,9.140721181669326,8.451025409034697,0.6896957726346287,partly grown (25-50%)
650,2168.8478827175313,14,115,-7.905959153821178,-6.856050125245412,-15.685287092535136,-16.114158238713575,0.554997980594635,0.1872178614139557,-1.0499090285757662,0.42887114617843913,7.779327938713958,9.258108113468163,-1.4787801747542053,grown over (>50%)
651,3290.4432619448507,23,147,-6.813240227395863,-6.813812884629184,-15.439996522545375,-15.768716599960019,0.6043472290039062,0.13040828704833984,0.0005726572333202284,0.32872007741464415,8.626756295149512,8.954903715330836,-0.3281474201813239,grown over (>50%)
652,2638.370647667646,17,137,-7.300962814134399,-7.021201625639026,-15.322328527585253,-15.92303106686787,0.6841171979904175,0.24591253697872162,-0.2797611884953728,0.6007025392826169,8.021365713450853,8.901829441228843,-0.8804637277779896,grown over (>50%)
653,4000.7295431531534,30,161,-8.539526571483398,-8.053327916802983,-16.172597613015018,-16.035364833176544,0.699333906173706,0.3311801254749298,-0.4861986546804147,-0.13723277983847382,7.63307104153162,7.982036916373561,-0.34896587484194086,grown over (>50%)
654,3576.9756936468134,25,183,-7.574458831421187,-7.198431997273746,-15.446100929604345,-15.625319736053854,0.4707978069782257,0.3727872669696808,-0.3760268341474413,0.1792188064495086,7.871642098183158,8.426887738780108,-0.5552456405969499,partly grown (25-50%)
655,2832.9016468829873,18,123,-6.508312288866589,-7.5252727420974335,-16.263658476811187,-15.974842006270286,0.6427785158157349,0.20634149014949799,1.016960453230844,-0.2888164705409011,9.755346187944598,8.449569264172853,1.3057769237717451,grown over (>50%)
656,3202.6811086365897,23,171,-7.34232494649091,-7.117006803591192,-15.510928509736306,-16.215942012108016,0.5804331302642822,0.23280729353427887,-0.2253181428997184,0.7050135023717097,8.168603563245396,9.098935208516824,-0.9303316452714281,grown over (>50%)
657,3233.942458477531,20,177,-6.744703057878648,-6.784333956310359,-15.109508048969078,-16.001780948680175,0.5274986028671265,0.19875717163085938,0.03963089843171108,0.8922728997110969,8.36480499109043,9.217446992369815,-0.8526420012793849,grown over (>50%)
658,2472.6691431432496,16,109,-7.669301641509287,-7.606792508439144,-15.315787383355463,-15.502534444077885,0.618749737739563,0.6155964732170105,-0.06250913307014372,0.1867470607224213,7.646485741846176,7.895741935638741,-0.24925619379256503,grown over (>50%)
659,4993.978150401744,35,155,-6.808376062609735,-7.400774596862041,-15.577402148954544,-15.524030442671158,0.4788568913936615,0.4394797682762146,0.5923985342523057,-0.053371706283385834,8.769026086344809,8.123255845809117,0.6457702405356915,partly grown (25-50%)
660,3461.206972038692,23,157,-7.652784216823765,-6.737173276679096,-16.186976312076943,-15.924105984646236,0.5921730995178223,0.5563054084777832,-0.9156109401446688,-0.2628703274307078,8.534192095253179,9.18693270796714,-0.652740612713961,grown over (>50%)
661,2380.424345650843,14,131,-7.3172720055622475,-7.3191441366120475,-16.622839333527494,-15.690638318208292,0.37535360455513,0.4073284864425659,0.0018721310497999966,-0.9322010153192029,9.305567327965246,8.371494181596244,0.934073146369002,partly grown (25-50%)
662,1920.9419420693291,10,135,-7.385733528485542,-7.4383787057531805,-15.287897968114422,-15.914216827414327,0.524997353553772,0.5672590136528015,0.05264517726763884,0.6263188592999054,7.90216443962888,8.475838121661146,-0.5736736820322665,grown over (>50%)
663,3087.9526733840203,20,172,-8.741803777275468,-6.925198233192211,-16.40120939179849,-15.609813003156063,0.4450009763240814,0.5076492428779602,-1.8166055440832567,-0.7913963886424256,7.6594056145230205,8.68461476996385,-1.0252091554408302,partly grown (25-50%)
664,2946.326851380709,17,142,-7.207847016703171,-7.10292289072253,-15.511608340960166,-16.137144644882838,0.6194103956222534,0.5177467465400696,-0.10492412598064149,0.6255363039226722,8.303761324256994,9.034221754160308,-0.7304604299033137,grown over (>50%)
665,1209.8106910353788,7,111,-8.19799817526779,-7.174886071260117,-16.299255998649187,-15.893086281505175,0.4785732626914978,0.4454660415649414,-1.023112104007673,-0.40616971714401195,8.101257823381397,8.718200210245058,-0.616942386863661,partly grown (25-50%)
666,1777.2429169413526,10,142,-7.366115954485259,-7.064781918257839,-16.229614096123694,-15.705393767841223,0.5439997315406799,0.40376725792884827,-0.30133403622741994,-0.5242203282824711,8.863498141638434,8.640611849583383,0.22288629205505117,grown over (>50%)
667,2337.3638012630518,15,166,-8.851481541636074,-7.329845961535381,-15.148633551344354,-15.0979910852355,0.4733332395553589,0.48108458518981934,-1.5216355801006936,-0.0506424661088527,6.297152009708279,7.76814512370012,-1.4709931139918409,partly grown (25-50%)
668,5356.869357580873,40,126,-9.08003666419199,-7.288527336860893,-16.537440740252705,-15.977490176535802,0.2853526473045349,0.3881039619445801,-1.791509327331097,-0.5599505637169031,7.457404076060715,8.68896283967491,-1.2315587636141938,partly grown (25-50%)
669,2967.7471325444617,19,137,-7.432464899675345,-7.854528486457316,-15.792365048961091,-15.221604199406652,0.4468424320220947,0.4828278422355652,0.4220635867819711,-0.5707608495544392,8.359900149285746,7.367075712949336,0.9928244363364103,partly grown (25-50%)
670,2148.9623216772175,12,133,-7.976998160006419,-6.8489323686648955,-17.153930191510184,-16.098335500815544,0.384167343378067,0.3729088604450226,-1.1280657913415233,-1.0555946906946403,9.176932031503766,9.249403132150649,-0.072471100646883,partly grown (25-50%)
671,2777.186183307468,18,126,-7.3361219075081525,-7.054243865511579,-15.637215791177354,-15.732453521483258,0.3944438099861145,0.3614211678504944,-0.2818780419965732,0.09523773030590377,8.301093883669202,8.678209655971678,-0.37711577230247606,partly grown (25-50%)
672,1786.5701099190715,10,140,-5.709567757114636,-7.335100155545012,-16.61203688691772,-16.467913295441143,0.5579994320869446,0.6382551193237305,1.6255323984303764,-0.14412359147657838,10.902469129803086,9.13281313989613,1.7696559899069548,grown over (>50%)
673,2294.1245275850893,13,117,-5.199465756631614,-7.779799164193969,-16.61869625257941,-16.8872629112083,0.6369236707687378,0.6168378591537476,2.580333407562355,0.2685666586288882,11.419230495947797,9.10746374701433,2.311766748933467,grown over (>50%)
674,1188.9649082909448,6,117,-8.637495254334404,-6.939863600675268,-16.59566953305687,-16.025518801639237,0.0899999812245369,0.4198286831378937,-1.697631653659136,-0.570150731417634,7.958174278722467,9.08565520096397,-1.127480922241503,open (<25% canopy)
675,836.355561772953,2,114,-8.351640078403117,-6.8121188858391015,-19.56719104780458,-15.968765474532436,0.3399941921234131,0.6004387736320496,-1.539521192564015,-3.598425573272145,11.215550969401464,9.156646588693334,2.05890438070813,partly grown (25-50%)
676,740.6923457009091,1,72,-6.615502852471971,-7.463788543206848,-16.0662575598425,-16.136437775779942,0.3499918580055237,0.6108324527740479,0.848285690734877,0.07018021593744095,9.450754707370532,8.672649232573095,0.778105474797437,partly grown (25-50%)
677,1385.0049056308098,5,56,-5.611284152396808,-7.680943181811772,-16.03124483333002,-16.857329245194922,0.05200163647532463,0.602857232093811,2.0696590294149644,0.8260844118649011,10.419960680933213,9.17638606338315,1.2435746175500633,open (<25% canopy)
678,765.7705429044977,2,118,-6.755772894498678,-7.479796723094934,-14.855971087933318,-15.035211640596831,0.8649994134902954,0.6594914197921753,0.7240238285962555,0.17924055266351324,8.10019819343464,7.555414917501897,0.5447832759327422,grown over (>50%)
679,474.63718910074726,1,115,-9.559585108086962,-7.831956626231518,-12.61366580364011,-15.548933531107965,0.11000000685453415,0.6131308674812317,-1.7276284818554437,2.9352677274678545,3.0540806955531483,7.7169769048764465,-4.662896209323298,open (<25% canopy)
680,760.3214441286516,1,72,-12.765456620973746,-8.047706976907955,-15.619582877966383,-15.145239472819638,0.3700023293495178,0.6762507557868958,-4.7177496440657904,-0.47434340514674567,2.8541262569926378,7.097532495911683,-4.243406238919045,partly grown (25-50%)
681,980.4093559456727,5,44,-8.67705203489817,-7.807426495659656,-15.697732848498413,-15.656914635693175,0.73399817943573,0.6754533052444458,-0.8696255392385135,-0.04081821280523812,7.020680813600244,7.849488140033519,-0.8288073264332754,grown over (>50%)
682,978.1245329320203,3,119,-8.604015871630553,-7.235325390193175,-15.559663204163236,-15.317645109681902,0.7400012016296387,0.7276474833488464,-1.368690481437378,-0.2420180944813346,6.955647332532683,8.082319719488726,-1.1266723869560433,grown over (>50%)
683,771.716405535477,3,106,-5.311092433173242,-7.3312862330733335,-18.249885030538678,-16.534013553567924,0.7666670680046082,0.6591508984565735,2.020193799900092,-1.7158714769707544,12.938792597365437,9.20272732049459,3.736065276870846,grown over (>50%)
684,855.2870938928409,4,90,-8.139177018840671,-7.078844080383419,-14.857982939008469,-16.315959810172657,0.614997386932373,0.6717771887779236,-1.0603329384572522,1.4579768711641883,6.718805920167798,9.237115729789238,-2.5183098096214405,grown over (>50%)
685,947.1190635147085,4,51,-7.5949413281607825,-7.773054754074753,-15.28196637361182,-16.287943467978042,0.7749979496002197,0.549999475479126,0.1781134259139705,1.005977094366223,7.687025045451037,8.51488871390329,-0.8278636684522525,grown over (>50%)
686,1318.327058091733,7,74,-9.749657178096646,-6.960745807854657,-16.01019705217211,-16.07454743716263,0.3671433627605438,0.4677022397518158,-2.7889113702419888,0.0643503849905187,6.260539874075464,9.113801629307972,-2.8532617552325075,partly grown (25-50%)
687,1444.847237617434,7,82,-6.110343696976932,-6.915619948027823,-15.521215018509993,-15.980362203154979,0.7742870450019836,0.40841469168663025,0.8052762510508913,0.4591471846449853,9.410871321533062,9.064742255127156,0.346129066405906,grown over (>50%)
688,1552.7140328444216,7,122,-7.49179202307635,-7.872655359447829,-15.904626357417229,-16.234814532471344,0.582855761051178,0.6536882519721985,0.38086333637147884,0.3301881750541149,8.412834334340879,8.362159173023514,0.050675161317364825,grown over (>50%)
689,1331.1212575542736,4,134,-7.675473710323347,-7.718443931220069,-15.290456315362494,-16.35985260945342,0.6050014495849609,0.5279104709625244,0.042970220896721756,1.0693962940909252,7.614982605039147,8.64140867823335,-1.0264260731942034,grown over (>50%)
690,1776.9541497339872,9,143,-7.032914494488911,-7.328221514555022,-14.637578955991797,-16.10648946319698,0.6222212314605713,0.30335667729377747,0.29530702006611076,1.468910507205182,7.604664461502886,8.778267948641957,-1.1736034871390713,grown over (>50%)
691,1180.220471975669,5,138,-8.533688551202335,-7.461656374600745,-14.649372616152718,-16.041598437379655,0.6240004301071167,0.6441301107406616,-1.0720321766015903,1.392225821226937,6.115684064950383,8.57994206277891,-2.4642579978285273,grown over (>50%)
692,2043.886956821941,12,138,-6.984409414129317,-7.223643210826128,-14.992080474957678,-15.725014308010852,0.26833370327949524,0.639710009098053,0.23923379669681122,0.732933833053174,8.007671060828361,8.501371097184723,-0.49370003635636195,partly grown (25-50%)
693,2635.576374248647,18,105,-6.264271499526669,-6.830919909131711,-15.093211805476853,-15.366077403393438,0.43500053882598877,0.38723793625831604,0.5666484096050421,0.27286559791658505,8.828940305950184,8.535157494261728,0.2937828116884553,partly grown (25-50%)
694,1379.2037635611066,7,130,-7.899599808359761,-7.139382123068,-15.002293904116112,-15.199519817646465,0.5814289450645447,0.3650771379470825,-0.760217685291761,0.19722591353035313,7.102694095756351,8.060137694578465,-0.9574435988221142,grown over (>50%)
695,2027.4805055861484,12,147,-9.302998206075012,-7.409535681706506,-15.794717395508185,-15.447518005463571,0.44500041007995605,0.5479596853256226,-1.8934625243685055,-0.3471993900446133,6.491719189433173,8.037982323757065,-1.5462631343238922,partly grown (25-50%)
696,3661.064959216011,22,176,-7.324555027168021,-6.462760061410167,-15.713441356673814,-15.294731211748022,0.5036361217498779,0.5965341329574585,-0.8617949657578539,-0.4187101449257913,8.388886329505793,8.831971150337855,-0.4430848208320626,grown over (>50%)
697,1733.4585993643386,9,179,-5.768214690993192,-7.218226417165026,-14.993557397996177,-15.40453043000463,0.5377792716026306,0.5469832420349121,1.4500117261718337,0.41097303200845303,9.225342707002985,8.186304012839605,1.0390386941633807,grown over (>50%)
698,3092.059230386815,22,148,-8.038075621175945,-6.927274066625556,-16.101104521946883,-15.799547435820319,0.09863653033971786,0.3197968602180481,-1.110801554550389,-0.3015570861265644,8.063028900770938,8.872273369194762,-0.8092444684238238,open (<25% canopy)
699,1862.8490003714246,11,150,-9.250878914236777,-7.0391471052072365,-17.117749963236186,-15.481521493734265,0.528181791305542,0.38280096650123596,-2.2117318090295406,-1.636228469501921,7.866871048999409,8.442374388527028,-0.5755033395276197,grown over (>50%)
700,1916.0607587935401,10,116,-8.342168972318328,-7.274165891767687,-17.04022871181554,-15.034260213623414,0.34800055623054504,0.4107952415943146,-1.0680030805506409,-2.005968498192127,8.698059739497213,7.760094321855727,0.937965417641486,partly grown (25-50%)
701,1905.3236335671183,9,156,-6.407714616964318,-6.694593299302217,-16.191226644461914,-15.907474644232886,0.4200001358985901,0.3527428209781647,0.2868786823378988,-0.28375200022902725,9.783512027497595,9.212881344930668,0.570630682566927,partly grown (25-50%)
702,2080.7934195104717,11,123,-8.027560008251761,-6.91008574887495,-16.799483006848742,-15.636571822950668,0.202727809548378,0.3231339156627655,-1.1174742593768112,-1.1629111838980748,8.771922998596981,8.726486074075718,0.04543692452126358,open (<25% canopy)
703,1690.8969662627176,9,110,-7.783128088722995,-6.957131034992016,-14.706263326811023,-15.577141186704164,0.4566691219806671,0.41090908646583557,-0.8259970537309789,0.8708778598931417,6.923135238088028,8.620010151712147,-1.6968749136241197,partly grown (25-50%)
704,3279.1061154824133,21,96,-9.036478648117171,-6.101581314938123,-17.212676263194638,-15.42533993510643,0.15761999785900116,0.22677098214626312,-2.934897333179048,-1.787336328088207,8.176197615077466,9.323758620168308,-1.1475610050908411,open (<25% canopy)
705,1211.9877413213703,6,143,-7.570719386947258,-7.656071660239018,-16.756831021086967,-16.336962673092582,0.5283324122428894,0.5630769729614258,0.0853522732917602,-0.41986834799438455,9.18611163413971,8.680891012853564,0.5052206212861456,grown over (>50%)
706,2050.2259156836703,11,141,-8.614233341611156,-7.8625812876513725,-16.64539706960252,-16.773715620885326,0.3736373782157898,0.48617023229599,-0.7516520539597833,0.12831855128280623,8.031163727991364,8.911134333233953,-0.8799706052425886,partly grown (25-50%)
707,1392.3653053083779,8,141,-9.478382469810255,-7.843476190312142,-16.271094385996204,-16.457874032032286,0.44874638319015503,0.2998583912849426,-1.6349062794981126,0.18677964603608288,6.792711916185949,8.614397841720145,-1.8216859255341955,partly grown (25-50%)
708,1458.5901179772575,7,114,-7.61447856621424,-7.766675299004591,-16.832790207114112,-16.474595557357773,0.5485723614692688,0.2691229581832886,0.15219673279035106,-0.35819464975633863,9.218311640899872,8.707920258353182,0.5103913825466897,grown over (>50%)
709,2213.2144163015514,14,120,-7.79609908680187,-7.218006086925967,-14.76956510688025,-15.522404269774741,0.38500016927719116,0.20725074410438538,-0.5780929998759028,0.7528391628944906,6.973466020078381,8.304398182848775,-1.3309321627703943,partly grown (25-50%)
710,2169.810913928406,12,153,-6.217320852704989,-7.078494615798774,-14.370339491079951,-16.067350858652024,0.7108322978019714,0.4761435389518738,0.8611737630937846,1.6970113675720722,8.153018638374963,8.988856242853249,-0.8358376044782858,grown over (>50%)
711,2290.2841930758013,14,146,-8.574852001948276,-7.008218888934929,-16.60992237900019,-15.996798490698813,0.42928576469421387,0.36315128207206726,-1.5666331130133475,-0.6131238883013754,8.035070377051913,8.988579601763885,-0.9535092247119721,partly grown (25-50%)
712,1931.1383364997128,13,124,-6.072657114112369,-7.4635849011744,-15.900180567874644,-16.541539087790657,0.6161540746688843,0.3844354450702667,1.3909277870620311,0.6413585199160128,9.827523453762275,9.077954186616257,0.7495692671460183,grown over (>50%)
713,1923.6797958279494,9,119,-6.390610780692249,-6.87369446388777,-16.548928084791402,-16.142509013391038,0.38469451665878296,0.3849582076072693,0.4830836831955212,-0.4064190714003644,10.158317304099153,9.268814549503269,0.8895027545958847,partly grown (25-50%)
714,1125.9540325576436,5,105,-6.044868697691194,-7.548792943739548,-17.20739743894673,-15.583898026432712,0.3659999966621399,0.48961877822875977,1.5039242460483537,-1.62349941251402,11.162528741255539,8.035105082693164,3.1274236585623747,partly grown (25-50%)
715,1929.990043210889,10,123,-7.365014007459724,-6.840722606361862,-15.93256239125773,-16.20765029987451,0.5410000085830688,0.23219522833824158,-0.5242914010978623,0.27508790861677923,8.567548383798005,9.366927693512647,-0.7993793097146416,grown over (>50%)
716,2214.327693613141,13,159,-7.120364847003719,-7.348992005241981,-17.072741753662847,-15.917061789227795,0.39615359902381897,0.5801004767417908,0.22862715823826196,-1.155679964435052,9.952376906659127,8.568069783985813,1.3843071226733148,partly grown (25-50%)
717,2612.1164374452896,17,157,-9.251107811444342,-7.079424230652127,-17.271973826942105,-15.694136362038279,0.4499993324279785,0.5244207978248596,-2.171683580792215,-1.5778374649038263,8.020866015497763,8.614712131386153,-0.5938461158883896,partly grown (25-50%)
718,2042.5722056176187,10,118,-8.876053316572586,-7.026487407143623,-15.120244106367839,-15.210968781807715,0.4240000247955322,0.6288987994194031,-1.8495659094289625,0.09072467543987628,6.244190789795253,8.184481374664092,-1.9402905848688388,partly grown (25-50%)
719,2394.275758446532,13,157,-6.833943140961565,-6.950909955395429,-16.618857136040354,-15.975266875749544,0.3661556541919708,0.392142653465271,0.11696681443386403,-0.6435902602908108,9.784913995078789,9.024356920354116,0.760557074724673,partly grown (25-50%)
720,2791.8003158526926,17,190,-6.526799184386243,-7.164681746980173,-15.84004918222483,-16.00534019011624,0.3120804727077484,0.4609474539756775,0.63788256259393,0.16529100789141005,9.313249997838586,8.840658443136068,0.4725915547025181,partly grown (25-50%)
721,4263.87140565481,29,129,-7.814721488513356,-7.509071091340832,-17.700619567668106,-16.40814837421749,0.5441373586654663,0.4586048424243927,-0.3056503971725233,-1.2924711934506163,9.88589807915475,8.899077282876657,0.9868207962780922,grown over (>50%)
722,1821.669654823631,9,115,-7.8589229504753035,-7.6668750319458345,-16.85710466602232,-16.07859899942518,0.2922210395336151,0.6027821898460388,-0.192047918529469,-0.778505666597141,8.998181715547016,8.411723967479343,0.5864577480676729,partly grown (25-50%)
723,1277.8270289184966,5,130,-10.969414914863176,-7.964507855732423,-16.285813053960013,-16.369049664774867,0.6440049409866333,0.4687689244747162,-3.004907059130753,0.08323661081485412,5.316398139096837,8.404541809042444,-3.088143669945607,grown over (>50%)
724,1218.6431029323962,7,83,-6.798352244467091,-7.220409009439839,-17.161917159950534,-15.756147397596234,0.6257147789001465,0.5159035921096802,0.4220567649727478,-1.4057697623543,10.363564915483442,8.535738388156394,1.8278265273270478,grown over (>50%)
725,2058.1457796356444,11,172,-6.61647710112409,-8.005736852648663,-15.21980512364792,-15.655617092436644,0.49909210205078125,0.16616278886795044,1.3892597515245733,0.43581196878872497,8.60332802252383,7.649880239787981,0.9534477827358483,partly grown (25-50%)
726,2716.5836305424154,17,143,-8.027305392896949,-8.03271409698419,-16.149842807938327,-15.83085788685612,0.39588069915771484,0.20664329826831818,0.005408704087241034,-0.3189849210822082,8.122537415041378,7.798143789871929,0.32439362516944925,partly grown (25-50%)
727,1853.6492576504002,12,109,-8.500521859222827,-7.6214958834579605,-17.00871910568607,-15.752239420119698,0.15833128988742828,0.17605523765087128,-0.8790259757648666,-1.2564796855663705,8.508197246463242,8.130743536661738,0.37745370980150383,open (<25% canopy)
728,2351.416651820473,15,117,-8.784919328181715,-7.585092624509551,-16.627787342411395,-15.978798478875982,0.6933348178863525,0.2807691991329193,-1.199826703672164,-0.6489888635354131,7.84286801422968,8.39370585436643,-0.5508378401367509,grown over (>50%)
729,1797.0229503444382,9,111,-7.947673233917812,-7.024707845267002,-15.73853536527025,-16.153511665933017,0.7211120128631592,0.350000262260437,-0.9229653886508098,0.4149763006627669,7.790862131352438,9.128803820666015,-1.3379416893135767,grown over (>50%)
730,3002.6215706464995,19,94,-7.761860591070371,-6.57918410445056,-15.708680432449416,-15.567904543122133,0.5615800023078918,0.3895343244075775,-1.182676486619811,-0.14077588932728347,7.946819841379045,8.988720438671573,-1.0419005972925275,grown over (>50%)
731,3426.456782351282,23,106,-7.983829248076359,-7.363751376960951,-16.0835782806971,-16.08487364006531,0.33230698108673096,0.3455551564693451,-0.6200778711154076,0.001295359368210569,8.099749032620743,8.721122263104359,-0.6213732304836164,partly grown (25-50%)
732,1869.1723407783322,11,101,-8.535902120025263,-7.2987863660051655,-14.16998693717208,-15.872774287628062,0.6927284002304077,0.32138678431510925,-1.2371157540200972,1.7027873504559814,5.634084817146817,8.573987921622896,-2.9399031044760786,grown over (>50%)
733,2027.0762301346872,12,96,-6.557702646972698,-7.198874758102489,-15.292747040492205,-16.191723331586463,0.35916587710380554,0.2130213975906372,0.6411721111297917,0.8989762910942574,8.735044393519509,8.992848573483974,-0.2578041799644648,partly grown (25-50%)
734,3776.5678288953013,26,132,-7.224346644553968,-6.820642831455007,-14.927797838247344,-16.02042803385122,0.4907672107219696,0.24795474112033844,-0.40370381309896075,1.0926301956038778,7.703451193693375,9.199785202396214,-1.4963340087028385,partly grown (25-50%)
735,2236.2638436420784,15,83,-7.4050193000212206,-7.120239935932753,-16.515297731197002,-16.319352467879362,0.36000150442123413,0.17252995073795319,-0.28477936408846727,-0.19594526331763973,9.110278431175782,9.199112531946609,-0.08883410077082665,partly grown (25-50%)
736,2100.178555006974,13,73,-7.758560079123802,-6.8537317388685075,-15.844701546754559,-15.933660281232482,0.7099988460540771,0.32657507061958313,-0.9048283402552943,0.08895873447792368,8.086141467630757,9.079928542363975,-0.993787074733218,grown over (>50%)
737,3261.7557487895206,20,105,-8.322206180198627,-7.8433039569122975,-16.114293755133996,-16.070500866661256,0.6754991412162781,0.4260004460811615,-0.4789022232863296,-0.04379288847274054,7.792087574935369,8.227196909748958,-0.43510933481358904,grown over (>50%)
738,2211.3060313617098,13,95,-7.5910151848041885,-7.885743028444475,-16.41640985989522,-16.095861681102946,0.19860869646072388,0.23865415155887604,0.2947278436402865,-0.3205481787922757,8.825394675091033,8.21011865265847,0.6152760224325622,open (<25% canopy)
739,1888.2849624744713,13,100,-9.848729982949774,-7.9568085754742315,-15.970821388892027,-16.03084481434099,0.6330767273902893,0.25792109966278076,-1.8919214074755422,0.06002342544896422,6.122091405942253,8.07403623886676,-1.9519448329245073,grown over (>50%)
740,2470.4032927465632,17,128,-6.25937214136837,-8.384349980150057,-14.214418049917043,-16.384677060050898,0.7105877995491028,0.4098605513572693,2.124977838781687,2.1702590101338544,7.955045908548673,8.00032707990084,-0.04528117135216725,grown over (>50%)
741,1906.187732156757,11,133,-7.706710433654559,-7.407653425667398,-15.90688049471643,-16.318515975667157,0.5545451641082764,0.5365411043167114,-0.2990570079871606,0.4116354809507268,8.200170061061872,8.91086254999976,-0.7106924889378874,grown over (>50%)
742,3095.3461165349318,20,115,-6.863272564455155,-7.293455691765755,-16.291640453826883,-16.309060070455935,0.5304983854293823,0.5607709288597107,0.4301831273105998,0.017419616629052115,9.428367889371728,9.015604378690181,0.4127635106815468,grown over (>50%)
743,2793.8472895102914,18,159,-6.937109523801238,-7.485622371001092,-16.171687309224957,-16.513822611955405,0.35166630148887634,0.3222426772117615,0.5485128471998539,0.3421353027304477,9.234577785423719,9.028200240954313,0.20637754446940626,partly grown (25-50%)
744,1496.9399018657439,8,123,-7.56678156341942,-6.316692418374656,-16.547143191737604,-16.098935340614936,0.4349992871284485,0.27138224244117737,-1.2500891450447646,-0.4482078511226675,8.980361628318184,9.78224292224028,-0.8018812939220972,partly grown (25-50%)
745,2821.0881891431727,19,103,-8.412376608693517,-7.888031267823736,-15.612860056438247,-15.817451775402686,0.5021045804023743,0.19728147983551025,-0.5243453408697807,0.20459171896443884,7.20048344774473,7.92942050757895,-0.7289370598342195,grown over (>50%)
746,1643.3031127359664,8,146,-11.243631381632433,-8.448139922244115,-15.795718492528339,-15.34399986180166,0.37750044465065,0.2609591484069824,-2.795491459388318,-0.4517186307266794,4.552087110895906,6.895859939557544,-2.3437728286616384,partly grown (25-50%)
747,1612.8526395847134,7,124,-12.386528145581245,-8.207544498099708,-17.855735939117142,-15.2535666891771,0.37142688035964966,0.3147583305835724,-4.178983647481537,-2.602169249940042,5.469207793535897,7.046022191077393,-1.5768143975414954,partly grown (25-50%)
748,1304.6873219105587,7,104,-11.001240150143971,-8.203350747821826,-16.116716086703345,-15.274440504679433,0.695712149143219,0.47615373134613037,-2.797889402322145,-0.8422755820239125,5.115475936559374,7.0710897568576065,-1.9556138202982325,grown over (>50%)
749,2597.661772404723,17,115,-8.029565247849405,-8.414741459010544,-15.245716409823714,-16.05639011510031,0.3352944850921631,0.1869562417268753,0.38517621116113965,0.8106737052765958,7.2161511619743095,7.641648656089766,-0.4254974941154561,partly grown (25-50%)
750,1791.535994250391,7,104,-8.5579897104367,-7.650791517878197,-16.577439734122848,-16.639803034983732,0.3342864215373993,0.24413445591926575,-0.9071981925585035,0.06236330086088415,8.019450023686147,8.989011517105535,-0.9695614934193877,partly grown (25-50%)
751,2222.9777413674396,12,124,-7.482818893152576,-7.689960213859157,-16.546118573701474,-16.079261171489602,0.4050012528896332,0.20822587609291077,0.2071413207065813,-0.4668574022118719,9.063299680548898,8.389300957630445,0.6739987229184532,partly grown (25-50%)
752,2360.237195902186,14,78,-8.089721901110073,-8.517582944983713,-14.783310437132759,-15.625615572906145,0.7828575372695923,0.5178208351135254,0.42786104387364077,0.8423051357733868,6.693588536022686,7.108032627922432,-0.41444409189974607,grown over (>50%)
753,1908.2340060064562,11,142,-7.48018925721491,-8.341791498707087,-15.205047781099662,-15.81816530770585,0.6509105563163757,0.6059855222702026,0.8616022414921769,0.6131175266061888,7.724858523884752,7.476373808998764,0.2484847148859881,grown over (>50%)
754,2078.899555212473,11,118,-8.646291875861435,-8.064953335678007,-14.994982502388064,-15.952996270807686,0.4281834661960602,0.36889833211898804,-0.5813385401834275,0.9580137684196224,6.348690626526629,7.888042935129679,-1.5393523086030498,partly grown (25-50%)
755,1632.5063908434563,7,126,-8.113220254404245,-7.896346568104144,-15.403377894434911,-15.704567728093304,0.6728553175926208,0.615635097026825,-0.21687368630010173,0.3011898336583929,7.290157640030666,7.80822115998916,-0.5180635199584946,grown over (>50%)
756,1794.3952867750513,9,127,-6.0752900125812435,-8.254525798222863,-15.369848844706194,-15.942666186016323,0.3555549085140228,0.3048030734062195,2.1792357856416196,0.5728173413101292,9.29455883212495,7.68814038779346,1.6064184443314904,partly grown (25-50%)
757,1497.9709548291048,8,143,-6.8872311676908184,-7.36386475688832,-16.102199985975073,-15.846106573676371,0.42999884486198425,0.11426569521427155,0.476633589197502,-0.25609341229870175,9.214968818284255,8.48224181678805,0.7327270014962046,partly grown (25-50%)
758,1499.108813992268,8,143,-8.487776914369256,-7.812799062787782,-16.614482954170462,-16.270044713218784,0.45624810457229614,0.0813986212015152,-0.6749778515814739,-0.3444382409516784,8.126706039801206,8.457245650431002,-0.33053961062979553,partly grown (25-50%)
759,1621.9573837126582,8,106,-7.628991443700469,-7.6190427200550275,-16.421903714873952,-15.913629153207332,0.4400014579296112,0.11820739507675171,-0.00994872364544186,-0.5082745616666209,8.792912271173483,8.294586433152304,0.498325838021179,partly grown (25-50%)
760,1759.5236121364858,12,117,-8.681291219848177,-7.8345143369662935,-15.290491323724297,-15.564486815258851,0.3058342933654785,0.5580340623855591,-0.8467768828818834,0.2739954915345546,6.60920010387612,7.729972478292558,-1.120772374416438,partly grown (25-50%)
761,2015.213860632672,11,137,-8.182166282304866,-7.911450201578113,-14.538874246388016,-15.62033127040028,0.6345453262329102,0.710657000541687,-0.27071608072675346,1.0814570240122645,6.356707964083149,7.708881068822167,-1.352173104739018,grown over (>50%)
762,1196.3128061897828,4,99,-9.955020265321432,-8.29252893410869,-15.188459248480266,-15.725766035251226,0.49750345945358276,0.7176768183708191,-1.6624913312127418,0.5373067867709604,5.233438983158834,7.433237101142536,-2.1997981179837023,partly grown (25-50%)
763,1904.3081586678134,11,124,-10.640981595871729,-7.467206573582329,-17.36849868000476,-15.608183938494998,0.5300015807151794,0.4733060896396637,-3.1737750222893997,-1.7603147415097613,6.72751708413303,8.140977364912668,-1.4134602807796384,grown over (>50%)
764,1580.6533960825293,9,141,-9.115995355669996,-8.51800678276313,-16.34712367732542,-15.715784630579538,0.5677765011787415,0.356370747089386,-0.5979885729068659,-0.6313390467458824,7.231128321655424,7.197777847816408,0.03335047383901646,grown over (>50%)
765,1967.4477707895496,14,153,-8.729658724355692,-8.635050647645015,-16.474065447360047,-15.583727560585874,0.5307146906852722,0.544510006904602,-0.09460807671067784,-0.8903378867741729,7.744406723004355,6.94867691294086,0.7957298100634951,grown over (>50%)
766,1620.9620908719903,8,104,-6.494991336577069,-7.762422322799108,-15.665636790586444,-15.435973575784914,0.7212495803833008,0.7339423894882202,1.2674309862220392,-0.22966321480152985,9.170645454009374,7.673551252985805,1.497094201023569,grown over (>50%)
767,2168.907065171961,14,117,-7.103020905698804,-7.9477451766714955,-16.489748550075053,-15.89277257128181,0.5792852640151978,0.6547011733055115,0.8447242709726916,-0.5969759787932425,9.386727644376249,7.945027394610315,1.4417002497659341,grown over (>50%)
768,905.7709338945785,4,86,-8.88388267830923,-7.63929215902806,-14.932121152850451,-16.07662667476002,0.6999982595443726,0.44023215770721436,-1.2445905192811706,1.1445055219095703,6.04823847454122,8.437334515731962,-2.389096041190742,grown over (>50%)
769,2401.170759325427,15,141,-7.641681038106651,-7.983764552982145,-15.622954030145205,-16.179983051525923,0.8206665515899658,0.4427659511566162,0.34208351487549393,0.5570290213807176,7.981272992038554,8.196218498543779,-0.2149455065052246,grown over (>50%)
770,2344.8662823387285,15,140,-7.784692879145534,-7.686558479946484,-16.91886391706317,-15.530577786453941,0.7540008425712585,0.8238572478294373,-0.09813439919904976,-1.3882861306092291,9.134171037917636,7.844019306507457,1.2901517314101785,grown over (>50%)
771,2134.0102555042763,13,158,-8.189654311122528,-7.512807512515289,-17.615167233510128,-15.746629025911915,0.5346131920814514,0.5004433989524841,-0.6768467986072384,-1.8685382075982133,9.4255129223876,8.233821513396625,1.191691408990975,grown over (>50%)
772,1320.4146202884335,8,101,-8.120342793286332,-7.4005228365083955,-16.6631495777225,-15.977475104117381,0.6850024461746216,0.3571280539035797,-0.7198199567779362,-0.6856744736051184,8.542806784436168,8.576952267608986,-0.03414548317281785,grown over (>50%)
773,2411.2385690920128,15,73,-9.366324315714907,-8.565518897947461,-15.365322343371297,-15.37559504140329,0.32266461849212646,0.5786300301551819,-0.800805417767446,0.010272698031993599,5.9989980276563895,6.810076143455829,-0.8110781157994396,partly grown (25-50%)
774,1720.3715173103947,11,67,-8.249167076194503,-8.432721367531204,-16.625564196679495,-15.320099487364145,0.6536352634429932,0.6217910051345825,0.18355429133670143,-1.3054647093153502,8.376397120484992,6.88737811983294,1.4890190006520516,grown over (>50%)
775,2438.478076813617,11,119,-8.436535416794385,-8.853860373008134,-16.222076842448928,-15.843193074143214,0.3599987328052521,0.5464714169502258,0.4173249562137489,-0.37888376830571424,7.785541425654543,6.98933270113508,0.7962087245194631,partly grown (25-50%)
776,1406.978184274761,8,87,-8.271872727819328,-8.371598876588688,-16.002629827604338,-15.42794372941048,0.7487495541572571,0.5170127749443054,0.09972614876935992,-0.5746860981938582,7.730757099785009,7.056344852821791,0.6744122469632181,grown over (>50%)
777,2256.063960129319,14,124,-7.843119352275933,-7.866550256491669,-16.085878122458162,-15.834628269715477,0.8264274597167969,0.5491937398910522,0.023430904215736348,-0.25124985274268496,8.24275877018223,7.968078013223808,0.2746807569584213,grown over (>50%)
778,1985.1047762125434,11,114,-7.243438863079107,-8.406184696493773,-17.712960534956725,-16.690128522445534,0.6272717118263245,0.5602622032165527,1.1627458334146654,-1.0228320125111914,10.469521671877619,8.283943825951761,2.1855778459258577,grown over (>50%)
779,1866.4793217539157,10,63,-6.796862607406739,-7.619291520819927,-16.852704142341054,-16.448159326176675,0.22200000286102295,0.3698423206806183,0.8224289134131881,-0.4045448161643783,10.055841534934315,8.828867805356747,1.2269737295775673,open (<25% canopy)
780,2017.1896433036654,12,56,-9.232747684526148,-7.164743167612095,-16.628464570219514,-16.084545281823136,0.4341678321361542,0.4519643485546112,-2.068004516914052,-0.5439192883963777,7.395716885693366,8.919802114211041,-1.5240852285176754,partly grown (25-50%)
781,2127.7771803619885,11,123,-8.642938024777752,-7.740558181362141,-16.596005173125775,-16.461820769673682,0.48363664746284485,0.5449594855308533,-0.902379843415611,-0.13418440345209248,7.953067148348023,8.721262588311541,-0.7681954399635185,partly grown (25-50%)
782,3073.772089494581,22,125,-9.185683796700083,-7.767284718868591,-15.786553245176421,-16.138866371275522,0.600427508354187,0.35903969407081604,-1.4183990778314914,0.3523131260991015,6.600869448476338,8.371581652406931,-1.770712203930593,grown over (>50%)
783,2741.7813441001813,17,148,-8.291005698445366,-7.619533372396576,-15.484647819991487,-16.65991222643911,0.44529327750205994,0.44810816645622253,-0.6714723260487894,1.1752644064476243,7.193642121546121,9.040378854042535,-1.8467367324964137,partly grown (25-50%)
784,1347.955934103357,7,100,-7.540235258797097,-7.833559367306181,-15.491507675697626,-16.36346559265248,0.5642860531806946,0.5599603652954102,0.2933241085090845,0.8719579169548552,7.9512724169005295,8.5299062253463,-0.5786338084457707,grown over (>50%)
785,2335.3233529226063,15,110,-7.527418379614782,-7.483590955931985,-15.460087826906486,-16.614760221048993,0.306001216173172,0.17472684383392334,-0.04382742368279757,1.1546723941425068,7.932669447291704,9.131169265117009,-1.1984998178253052,partly grown (25-50%)
786,2020.9468664558503,12,130,-6.7934003195742045,-8.532710906739355,-15.463748443849223,-16.45288933076509,0.7041659355163574,0.4015381932258606,1.7393105871651509,0.989140886915866,8.67034812427502,7.920178424025734,0.7501697002492858,grown over (>50%)
787,2482.130826835483,15,127,-7.9854691957342485,-7.845629334795571,-15.719008059169337,-16.22694179317872,0.741998553276062,0.4549195170402527,-0.13983986093867795,0.5079337340093844,7.733538863435088,8.38131245838315,-0.6477735949480614,grown over (>50%)
788,2309.6330398825776,14,128,-8.037321264789535,-7.409416922027022,-15.41876022190394,-15.580044612901334,0.8228574991226196,0.49156278371810913,-0.6279043427625126,0.16128439099739467,7.381438957114405,8.170627690874312,-0.7891887337599073,grown over (>50%)
789,2275.9378977165866,15,97,-8.6639380144652,-8.050528855539397,-17.009054729891137,-16.064913005591297,0.8333326578140259,0.4144332706928253,-0.613409158925803,-0.9441417242998398,8.345116715425936,8.0143841500519,0.3307325653740367,grown over (>50%)
790,1806.3904848789691,11,111,-6.358489350114997,-7.150471710134367,-15.727557313561864,-16.861154038620224,0.18545514345169067,0.30273526906967163,0.7919823600193698,1.1335967250583607,9.369067963446867,9.710682328485857,-0.3416143650389909,open (<25% canopy)
791,2151.368911195819,13,115,-8.383951495843796,-7.5421010809225795,-16.301244841719665,-16.3381075251772,0.1615387350320816,0.4092591404914856,-0.8418504149212165,0.036862683457535184,7.917293345875869,8.79600644425462,-0.8787130983787517,open (<25% canopy)
792,2233.857158724319,14,135,-6.66307788847357,-7.198706258616553,-14.875189583081491,-16.279100094665345,0.22428563237190247,0.1928146630525589,0.5356283701429829,1.4039105115838542,8.212111694607922,9.080393836048792,-0.8682821414408703,open (<25% canopy)
793,1425.7645305858675,7,125,-9.289450126096183,-7.951838496011494,-14.259694422879928,-16.223774184512497,0.3952372670173645,0.09295997023582458,-1.3376116300846892,1.9640797616325685,4.970244296783745,8.271935688501003,-3.3016913917172577,partly grown (25-50%)
794,1809.485079714436,10,119,-8.564367309164314,-7.351644836436792,-17.243542775105357,-16.049260954809945,0.5100007057189941,0.2744538486003876,-1.2127224727275223,-1.1942818202954122,8.679175465941043,8.697616118373153,-0.018440652432110127,grown over (>50%)
795,1001.41304412485,5,112,-8.698354935233493,-7.670267172634438,-15.832632368845434,-16.54794229442491,0.015999531373381615,0.062232278287410736,-1.0280877625990543,0.7153099255794757,7.134277433611942,8.877675121790471,-1.7433976881785291,open (<25% canopy)
796,1306.8455361724841,6,153,-5.960738034556034,-8.01246159928311,-17.184088285699353,-16.342005188399614,0.5933335423469543,0.5516992807388306,2.0517235647270766,-0.8420830972997386,11.22335025114332,8.329543589116504,2.8938066620268152,grown over (>50%)
797,1007.7713910473018,4,121,-7.844242945381539,-6.965406502522713,-16.663197599890815,-16.153721628579994,0.17000027000904083,0.12727324664592743,-0.8788364428588258,-0.5094759713108203,8.818954654509277,9.188315126057281,-0.36936047154800455,open (<25% canopy)
798,1983.343796865989,12,115,-9.446884556693862,-7.485629736967997,-16.852053309221183,-16.740996473101035,0.2550010681152344,0.07817424833774567,-1.9612548197258644,-0.11105683612014872,7.405168752527322,9.255366736133038,-1.8501979836057156,partly grown (25-50%)
799,1917.7960976319057,11,138,-8.98905202997393,-7.888924007431708,-15.806560482085363,-16.83596455370697,0.42727506160736084,0.15434809029102325,-1.100128022542222,1.029404071621606,6.817508452111433,8.947040546275261,-2.129532094163828,partly grown (25-50%)
800,1797.0969551740147,9,128,-9.388410730249,-7.765639891581392,-16.832879377338376,-16.599277477920545,0.4477802515029907,0.10929720848798752,-1.6227708386676074,-0.23360189941783105,7.444468647089376,8.833637586339153,-1.3891689392497764,partly grown (25-50%)
801,2022.6496479859525,13,139,-9.150470217102512,-7.385313808976238,-16.397980083705043,-16.2701102904989,0.4630763828754425,0.14848944544792175,-1.7651564081262743,-0.12786979320614478,7.247509866602531,8.88479648152266,-1.6372866149201286,partly grown (25-50%)
802,1851.5949208309344,11,121,-8.333720682100985,-6.947212485255584,-16.755429062574787,-16.39355050885735,0.2845475673675537,0.0822312980890274,-1.3865081968454014,-0.36187855371743893,8.421708380473802,9.446338023601765,-1.0246296431279625,partly grown (25-50%)
803,1877.6863414211311,10,135,-7.432921741663368,-7.288459670743812,-15.591480974250818,-16.506951523250503,0.33799952268600464,0.06318522244691849,-0.14446207091955632,0.9154705489996857,8.15855923258745,9.218491852506691,-1.0599326199192411,partly grown (25-50%)
804,1630.658981701027,8,129,-8.84978160715158,-7.911306944515028,-15.062370988739325,-16.406900977531357,0.23375174403190613,0.11261057108640671,-0.938474662636553,1.3445299887920328,6.212589381587744,8.49559403301633,-2.2830046514285858,open (<25% canopy)
805,1366.5964702133435,7,138,-7.640350664213404,-8.096970596117336,-17.783123353530193,-16.404235856845066,0.48285746574401855,0.4176577031612396,0.4566199319039317,-1.3788874966851274,10.14277268931679,8.30726526072773,1.8355074285890591,partly grown (25-50%)
806,1725.6164076440073,12,134,-4.691268389424585,-7.351866345065318,-14.913461927302167,-16.219528397728396,0.3033333420753479,0.39865705370903015,2.660597955640733,1.306066470426229,10.222193537877583,8.867662052663078,1.3545314852145047,partly grown (25-50%)
807,2003.2680449341328,11,153,-7.015067305613347,-7.47075479264489,-15.25758419647632,-16.415927654544355,0.7536380290985107,0.2814375162124634,0.4556874870315424,1.1583434580680354,8.242516890862973,8.945172861899465,-0.7026559710364921,grown over (>50%)
808,830.1896817947872,2,130,-7.729481929121159,-7.343107539268696,-13.462750853797374,-16.245354488466063,0.6599971055984497,0.2892311215400696,-0.3863743898524632,2.782603634668689,5.7332689246762145,8.902246949197366,-3.1689780245211514,grown over (>50%)
809,1477.5632594816798,6,160,-9.532915689284792,-8.030400399714289,-16.608517569316813,-15.727763245263633,0.4999940097332001,0.465312659740448,-1.5025152895705034,-0.8807543240531803,7.075601880032021,7.697362845549344,-0.6217609655173231,partly grown (25-50%)
810,1825.919797547225,11,145,-8.204209673409656,-7.410134158597355,-16.576725591769932,-15.527582360052229,0.4934535324573517,0.5167314410209656,-0.7940755148123007,-1.0491432317177036,8.372515918360277,8.117448201454874,0.255067716905403,partly grown (25-50%)
811,2449.6502161489884,14,165,-5.0027053049825785,-6.86861191654965,-13.652211662661347,-15.72194619775548,0.4328576922416687,0.3804604709148407,1.8659066115670715,2.069734535094133,8.649506357678769,8.85333428120583,-0.20382792352706147,partly grown (25-50%)
812,1874.1756972896071,10,164,-7.6855872804048015,-7.3369472444800845,-15.899893779729712,-16.183333689547432,0.24199998378753662,0.24213409423828125,-0.34864003592471704,0.2834399098177194,8.21430649932491,8.846386445067347,-0.6320799457424364,open (<25% canopy)
813,1929.2253238592311,9,158,-5.831622397045208,-7.662043951218206,-15.327083061385604,-16.083462288084473,0.6477782130241394,0.16620208323001862,1.8304215541729985,0.7563792266988685,9.495460664340396,8.421418336866267,1.0740423274741282,grown over (>50%)
814,1416.051491085313,6,133,-6.492099917086853,-7.269341670317714,-15.642772231816618,-15.937410579762975,0.47332963347435,0.16255664825439453,0.7772417532308609,0.294638347946357,9.150672314729764,8.66806890944526,0.48260340528450385,partly grown (25-50%)
815,1599.1503126472455,9,147,-7.180777870115035,-7.215244650506659,-16.449093789746925,-16.526435611980716,0.6588870882987976,0.33156439661979675,0.03446678039162432,0.07734182223379094,9.26831591963189,9.311190961474058,-0.042875041842167505,grown over (>50%)
816,1749.5452148512118,10,125,-7.627155172086981,-7.461719983550451,-15.665323355365786,-16.527683275939307,0.673000693321228,0.5659205317497253,-0.16543518853652994,0.8623599205735211,8.038168183278804,9.065963292388854,-1.0277951091100501,grown over (>50%)
817,1192.0739814268322,6,69,-7.303790035646511,-7.400994842101537,-17.205023891377245,-16.420362142541066,0.8916659355163574,0.7740585207939148,0.09720480645502594,-0.7846617488361787,9.901233855730734,9.01936730043953,0.8818665552912037,grown over (>50%)
818,1377.633367993159,7,114,-6.258250085131433,-7.654928716037691,-16.140665757748184,-16.501241381074045,0.864287793636322,0.5911399722099304,1.3966786309062584,0.360575623325861,9.882415672616752,8.846312665036354,1.0361030075803974,grown over (>50%)
819,1894.7409087626286,12,114,-8.809214328069094,-7.368193363542317,-18.03453199119067,-16.48954257699336,0.82833331823349,0.36219295859336853,-1.4410209645267775,-1.5449894141973068,9.225317663121574,9.121349213451044,0.1039684496705302,grown over (>50%)
820,956.6633318097661,5,85,-7.602689806692206,-7.297976005878287,-14.644536659940757,-15.91437032471854,0.669996976852417,0.2879994213581085,-0.30471380081391874,1.2698336647777833,7.0418468532485505,8.616394318840253,-1.5745474655917029,grown over (>50%)
821,2012.4828295944278,13,144,-7.847210257147957,-7.981601744926721,-14.543163393663383,-16.199757115118867,0.2153836339712143,0.11840282380580902,0.13439148777876397,1.6565937214554847,6.695953136515426,8.218155370192147,-1.5222022336767207,open (<25% canopy)
822,2309.875894403691,13,130,-8.63643728870369,-7.731154229377021,-16.527548978857926,-15.914269261147405,0.4630768895149231,0.25776931643486023,-0.9052830593266687,-0.6132797177105207,7.891111690154236,8.183115031770384,-0.29200334161614805,partly grown (25-50%)
823,2684.8461940979387,20,126,-7.295494623068349,-7.64765391267952,-17.198671038432394,-15.944200308026726,0.5625,0.6123015880584717,0.3521592896111718,-1.254470730405668,9.903176415364046,8.296546395347207,1.6066300200168389,grown over (>50%)
824,1705.6496606834928,11,118,-8.002721173508544,-7.241217976764169,-14.037588617502308,-15.882890462352597,0.7026078701019287,0.3931358754634857,-0.7615031967443748,1.8453018448502885,6.034867443993765,8.641672485588428,-2.6068050415946633,grown over (>50%)
825,1545.0413732169263,11,130,-7.564256402503635,-7.517524269502861,-16.38478650896943,-16.425315098914442,0.8109058737754822,0.5976924300193787,-0.04673213300077439,0.04052858994501207,8.820530106465796,8.907790829411582,-0.08726072294578557,grown over (>50%)
826,2000.1365170137092,10,143,-7.067282656591919,-7.2103871188504565,-16.27822526284403,-16.47125194943658,0.43800097703933716,0.5119578838348389,0.14310446225853735,0.19302668659255318,9.21094260625211,9.260864830586126,-0.04992222433401672,partly grown (25-50%)
827,1970.7573941221694,11,127,-6.724732838630352,-7.668851284709287,-14.52476491990096,-16.314071443175003,0.2572735846042633,0.4753543436527252,0.9441184460789351,1.7893065232740426,7.800032081270608,8.645220158465715,-0.8451880771951075,partly grown (25-50%)
828,1682.0511542907977,9,142,-8.634760538354907,-8.18278368283485,-17.27294150858646,-16.209454900749915,0.35110917687416077,0.4035012125968933,-0.45197685552005673,-1.0634866078365448,8.638180970231552,8.026671217915064,0.6115097523164881,partly grown (25-50%)
829,1623.1397877082989,9,106,-8.01151325455879,-7.449766160490498,-14.92695175089045,-16.183089190031993,0.5011080503463745,0.5231496691703796,-0.5617470940682932,1.2561374391415434,6.915438496331658,8.733323029541495,-1.8178845332098366,grown over (>50%)
830,1903.2851375836203,10,133,-6.392062872430254,-7.4825868673344775,-15.705348801015893,-16.122518836576898,0.6939995884895325,0.715188205242157,1.0905239949042231,0.4171700355610053,9.313285928585639,8.63993196924242,0.6733539593432187,grown over (>50%)
831,2558.9023770505833,15,162,-8.252701966764317,-7.97507710589287,-15.11305634083824,-15.978596320708691,0.884666383266449,0.7474853992462158,-0.27762486087144644,0.8655399798704515,6.860354374073923,8.003519214815821,-1.143164840741898,grown over (>50%)
832,2464.1032424487457,15,161,-6.760145754049024,-8.106557534102958,-16.307833177796155,-16.861331666452116,0.42466720938682556,0.4337884187698364,1.3464117800539341,0.5534984886559613,9.547687423747131,8.754774132349159,0.7929132913979728,partly grown (25-50%)
833,1488.1162418448882,10,136,-8.272896658803647,-8.483144041903767,-16.272028511461734,-16.170712416850026,0.5580005645751953,0.5888970494270325,0.21024738310011948,-0.10131609461170754,7.999131852658087,7.6875683749462596,0.311563477711827,grown over (>50%)
834,2432.7994976113564,13,164,-9.295640945895398,-7.917167571297808,-18.310391520225647,-16.071308075232476,0.34384775161743164,0.5654876232147217,-1.37847337459759,-2.2390834449931702,9.014750574330249,8.154140503934668,0.8606100703955804,partly grown (25-50%)
835,3660.8686182113456,27,69,-7.8690476317497335,-8.020016711486734,-16.8636878392939,-16.78708731462867,0.5522217154502869,0.5024634599685669,0.1509690797370009,-0.07660052466522771,8.994640207544165,8.767070603141937,0.22756960440222862,grown over (>50%)
836,3206.977417361935,20,153,-8.767888817546245,-7.770670265717044,-16.7404463309347,-16.78696097445297,0.34699687361717224,0.41803860664367676,-0.9972185518292012,0.046514643518271725,7.972557513388454,9.016290708735927,-1.0437331953474729,partly grown (25-50%)
837,2452.1895991919478,15,151,-8.143064866439646,-8.43482975616347,-17.13570421939867,-16.808455564243584,0.5439989566802979,0.22999942302703857,0.2917648897238241,-0.32724865515508483,8.992639352959023,8.373625808080114,0.6190135448789089,grown over (>50%)
838,2140.8947336128995,14,93,-8.958838096478738,-8.233178133705621,-16.970147042432814,-16.922299565516905,0.411428302526474,0.09828003495931625,-0.7256599627731166,-0.047847476915908516,8.011308945954076,8.689121431811284,-0.6778124858572081,partly grown (25-50%)
839,2729.009663943234,16,137,-8.955708663813242,-8.182593838658494,-17.099954565623957,-17.23045353414174,0.5531246662139893,0.10153302550315857,-0.7731148251547477,0.13049896851778442,8.144245901810715,9.047859695483247,-0.9036137936725321,grown over (>50%)
840,2271.5619756341744,12,176,-7.8050235391145755,-8.043200971354832,-17.79951618463285,-16.604489186350598,0.3224986493587494,0.555454432964325,0.23817743224025634,-1.195026998282252,9.994492645518275,8.561288214995766,1.4332044305225082,partly grown (25-50%)
841,1875.2703121755685,12,121,-7.848478538747785,-7.6956093115702835,-17.193295388215176,-16.518866635154406,0.22499914467334747,0.42545437812805176,-0.15286922717750162,-0.67442875306077,9.344816849467392,8.823257323584123,0.5215595258832693,open (<25% canopy)
842,1773.174548438003,10,131,-9.127181552621035,-8.20691423466754,-16.448983573530235,-16.769704076516813,0.21299953758716583,0.37977135181427,-0.9202673179534955,0.3207205029865783,7.3218020209092,8.562789841849273,-1.2409878209400738,open (<25% canopy)
843,2349.2601995764803,11,160,-8.227244096659469,-9.12963339084609,-14.332756444962545,-16.409805535413415,0.5036359429359436,0.7107500433921814,0.9023892941866212,2.0770490904508705,6.105512348303076,7.2801721445673255,-1.1746597962642493,grown over (>50%)
844,1988.3672999549285,14,103,-8.352887069722971,-8.377140331170986,-16.566288556080295,-15.998918075449089,0.23642733693122864,0.33291274309158325,0.024253261448015095,-0.5673704806312063,8.213401486357323,7.621777744278102,0.5916237420792214,open (<25% canopy)
845,2771.7947847694127,17,158,-10.175166634575447,-8.977051341422865,-18.321512124279003,-16.130817051374947,0.23470650613307953,0.6308861374855042,-1.1981152931525827,-2.190695072904056,8.146345489703556,7.153765709952083,0.9925797797514733,open (<25% canopy)
846,2433.804146881082,15,83,-8.736342906553734,-8.380946991614623,-15.776191132633087,-16.320436386354466,0.16266828775405884,0.42072251439094543,-0.3553959149391108,0.5442452537213782,7.039848226079354,7.939489394739843,-0.899641168660489,open (<25% canopy)
847,3020.880639026479,21,121,-8.948819298260492,-8.381146968493175,-17.58385501109905,-16.7571789114919,0.29999950528144836,0.4219011664390564,-0.5676723297673174,-0.8266760996071518,8.635035712838558,8.376031942998724,0.2590037698398344,partly grown (25-50%)
848,2915.2452699589794,18,129,-9.784058392166692,-8.20367013727882,-17.020318477938517,-15.678913125692377,0.26055535674095154,0.5644959807395935,-1.5803882548878718,-1.3414053522461398,7.236260085771825,7.475242988413557,-0.23898290264173205,partly grown (25-50%)
849,1837.7867394781429,11,144,-10.431059837369665,-8.403668900633273,-17.414662112932213,-16.18965319221147,0.7518201470375061,0.5965277552604675,-2.027390936736392,-1.225008920720743,6.983602275562548,7.785984291578197,-0.802382016015649,grown over (>50%)
850,2655.644453265366,16,177,-8.509903123548852,-9.509847118575934,-15.68078686075398,-16.583893716959434,0.34687426686286926,0.6390396952629089,0.9999439950270812,0.9031068562054543,7.170883737205127,7.0740465983835,0.09683713882162692,partly grown (25-50%)
851,2892.495713698246,17,180,-7.524217059848528,-7.982972230527469,-16.64760773070526,-16.736919202708727,0.6905895471572876,0.5911666750907898,0.4587551706789412,0.08931147200346601,9.123390670856732,8.753946972181257,0.3694436986754752,grown over (>50%)
852,2603.5341757779893,18,136,-7.708508473503741,-8.110131628878113,-17.87885557798623,-16.554809970050762,0.22277718782424927,0.13566182553768158,0.4016231553743719,-1.3240456079354672,10.170347104482488,8.444678341172649,1.725668763309839,open (<25% canopy)
853,1548.2684899290514,8,126,-8.95109294895951,-8.419070131698781,-15.047873120559139,-16.797205849745055,0.12250000238418579,0.20158766210079193,-0.532022817260728,1.749332729185916,6.0967801715996295,8.378135718046273,-2.281355546446644,open (<25% canopy)
854,2399.3249462603203,16,113,-6.402284419416775,-8.069180119809229,-14.456187611390249,-15.99174435999005,0.48937469720840454,0.7350450754165649,1.6668957003924536,1.5355567485998023,8.053903191973474,7.922564240180822,0.13133895179265132,partly grown (25-50%)
855,1962.427833596663,11,108,-7.929819516446155,-8.046649639800213,-16.38602222714813,-16.039440809920475,0.3386431634426117,0.534166693687439,0.11683012335405785,-0.3465814172276538,8.456202710701973,7.992791170120261,0.46341154058171163,partly grown (25-50%)
856,2111.9531680666773,12,151,-9.115589429315841,-8.139947329891244,-16.75113253062524,-16.28364694945826,0.748332679271698,0.6572850942611694,-0.9756420994245971,-0.4674855811669829,7.6355431013094,8.143699619567014,-0.5081565182576142,grown over (>50%)
857,1957.0514359186843,10,95,-9.522613329357757,-7.662548036593324,-17.321422003724514,-16.31355443736179,0.25000104308128357,0.6995301842689514,-1.8600652927644328,-1.007867566362723,7.798808674366757,8.651006400768466,-0.8521977264017089,partly grown (25-50%)
858,1371.627769816301,8,89,-8.090907575634308,-8.441723120024415,-15.900361079038518,-16.66933707313782,0.43750205636024475,0.3525846004486084,0.3508155443901071,0.7689759940993035,7.80945350340421,8.227613953113407,-0.4181604497091964,partly grown (25-50%)
859,1669.6633999521239,8,121,-7.224837436183748,-8.155612210940522,-18.2822937266317,-16.64548916528469,0.8550007343292236,0.5895868539810181,0.9307747747567738,-1.6368045613470095,11.057456290447952,8.489876954344169,2.5675793361037833,grown over (>50%)
860,2550.4229358448188,17,144,-7.989543588213288,-9.099617637047318,-16.33265581343435,-16.490319587164144,0.45058751106262207,0.5785412192344666,1.1100740488340302,0.15766377372979434,8.343112225221063,7.390701950116826,0.9524102751042367,partly grown (25-50%)
861,2768.1395997405252,17,155,-8.37547145440174,-7.645391478780418,-16.420622760067594,-16.54906363488245,0.7010097503662109,0.636883020401001,-0.7300799756213223,0.12844087481485644,8.045151305665854,8.903672156102033,-0.8585208504361788,grown over (>50%)
862,969.8673281236698,4,118,-8.50292716722527,-8.060539705958638,-15.957647086393305,-16.393789939347588,0.31500113010406494,0.653060793876648,-0.4423874612666321,0.43614285295428346,7.454719919168035,8.33325023338895,-0.8785303142209155,partly grown (25-50%)
863,2060.972826971391,13,143,-7.677274729242095,-7.754259280549154,-17.26351227993772,-16.609146089112876,0.7661539912223816,0.6943356990814209,0.07698455130705906,-0.6543661908248453,9.586237550695627,8.854886808563723,0.7313507421319034,grown over (>50%)
864,1794.152934282791,9,120,-5.52834493840588,-8.429967893664344,-14.304782284867299,-16.39581792186629,0.6344440579414368,0.8404166102409363,2.901622955258464,2.09103563699899,8.77643734646142,7.965850028201945,0.8105873182594738,grown over (>50%)
865,1638.4494834896464,8,148,-9.892321029142064,-8.302325396805427,-16.675818809118418,-16.273960879783434,0.7087497711181641,0.8646618127822876,-1.5899956323366364,-0.40185792933498377,6.783497779976354,7.971635482978007,-1.1881377030016527,grown over (>50%)
866,1174.16400083152,6,125,-9.074044137265444,-7.6657791926282846,-16.561091104968796,-15.75047610519379,0.6283344626426697,0.855528712272644,-1.4082649446371596,-0.8106149997750052,7.4870469677033515,8.084696912565505,-0.5976499448621535,grown over (>50%)
867,1936.0326824697772,12,131,-7.063923478640896,-7.857071342546421,-15.222198549564279,-15.84641624163426,0.48249807953834534,0.6629766225814819,0.7931478639055252,0.6242176920699816,8.158275070923384,7.98934489908784,0.16893017183554448,partly grown (25-50%)
868,1525.7126017186088,7,141,-6.9133005995966474,-7.914290023243273,-14.806427163180727,-17.006867975244887,0.060000501573085785,0.26074936985969543,1.000989423646626,2.2004408120641603,7.8931265635840795,9.092577952001614,-1.1994513884175344,open (<25% canopy)
869,1392.29045693154,6,139,-9.351719669858165,-7.587739610582029,-18.09261856362413,-16.674824300003184,0.8183324933052063,0.47780582308769226,-1.7639800592761352,-1.4177942636209444,8.740898893765964,9.087084689421154,-0.3461857956551899,grown over (>50%)
870,1954.892604322283,13,138,-5.950917773173545,-7.912204201884513,-15.459564593440273,-16.20800241405967,0.6523072123527527,0.6342033743858337,1.9612864287109675,0.7484378206193973,9.508646820266728,8.295798212175157,1.212848608091571,grown over (>50%)
871,1901.7410064046887,9,120,-8.79128190532216,-7.659162158470576,-14.590655778594483,-16.88741510071949,0.7090479135513306,0.4597499966621399,-1.1321197468515845,2.2967593221250073,5.799373873272323,9.228252942248915,-3.428879068976592,grown over (>50%)
872,2111.7290892694105,14,149,-7.527055770662471,-7.200784855515277,-14.864915004363539,-16.566385077253763,0.4592873156070709,0.5742282271385193,-0.32627091514719364,1.7014700728902241,7.337859233701068,9.365600221738486,-2.0277409880374178,partly grown (25-50%)
873,1713.1233933856697,9,74,-7.307333606138692,-7.8891406638953026,-15.836831645308857,-17.367880019398964,0.7522202730178833,0.8424326181411743,0.5818070577566106,1.5310483740901066,8.529498039170164,9.478739355503661,-0.949241316333497,grown over (>50%)
874,2037.206874556542,11,113,-6.833806921085963,-7.869517047246417,-17.055075789363276,-16.500006667489675,0.46181896328926086,0.8516818284988403,1.0357101261604535,-0.5550691218736006,10.221268868277313,8.630489620243258,1.590779248034055,partly grown (25-50%)
875,2669.104170655333,15,157,-7.006711752151606,-7.303680168827218,-15.905487886797813,-16.2565700671234,0.5111848711967468,0.7670063972473145,0.2969684166756119,0.35108218032558547,8.898776134646207,8.952889898296181,-0.054113763649974445,grown over (>50%)
876,2261.4863524286943,16,162,-8.171469828811265,-8.460325617998217,-15.621747790170279,-15.497257259177118,0.5106256604194641,0.8743906021118164,0.2888557891869521,-0.12449053099316032,7.4502779613590135,7.036931641178901,0.4133463201801124,grown over (>50%)
877,2331.5711406962077,16,155,-8.342265461534794,-8.550640040263026,-16.347249416738208,-15.593290521162926,0.6431249976158142,0.8865809440612793,0.2083745787282325,-0.7539588955752823,8.004983955203414,7.0426504808998995,0.9623334743035148,grown over (>50%)
878,1521.2201596966638,8,136,-8.393791056487872,-8.531178702626196,-15.677898536441152,-14.875801512929778,0.46374884247779846,0.7220401167869568,0.13738764613832366,-0.802097023511374,7.2841074799532795,6.344622810303582,0.9394846696496977,partly grown (25-50%)
879,2432.610688605947,15,137,-9.416073850535883,-7.994310367253984,-16.228726162220365,-16.227850676082372,0.896000325679779,0.834650456905365,-1.4217634832818984,-0.0008754861379927092,6.812652311684483,8.233540308828388,-1.4208879971439057,grown over (>50%)
880,1880.6122643299714,10,133,-6.711557924801664,-8.486523391954838,-15.950573379096994,-15.963786121977073,0.7470002174377441,0.8159334659576416,1.7749654671531747,0.013212742880078565,9.23901545429533,7.477262730022234,1.7617527242730961,grown over (>50%)
881,1405.7772286994125,6,86,-7.735079888245956,-7.541821665849592,-19.912634911570436,-16.53103258933757,0.4866694211959839,0.6415754556655884,-0.1932582223963637,-3.3816023222328653,12.17755502332448,8.989210923487978,3.1883440998365025,partly grown (25-50%)
882,1329.912324485459,4,81,-6.273169700690897,-6.499697030751882,-13.94509876381938,-15.122452524644292,0.3250034749507904,0.6988609433174133,0.22652733006098558,1.1773537608249107,7.671929063128484,8.62275549389241,-0.9508264307639251,partly grown (25-50%)
883,1066.5144441134062,4,72,-8.584867622067694,-6.4138247728613855,-18.377538914398333,-15.680654008339852,0.5224988460540771,0.7863886952400208,-2.1710428492063087,-2.6968849060584805,9.792671292330638,9.266829235478466,0.5258420568521718,grown over (>50%)
884,1758.3611076857371,10,147,-8.023922219052885,-7.027971465152869,-15.113994078006435,-16.123902718567432,0.7065140008926392,0.7361753582954407,-0.9959507539000159,1.0099086405609974,7.09007185895355,9.095931253414562,-2.0058593944610124,grown over (>50%)
885,1634.3318960003949,10,112,-7.039534761371229,-7.6487450034910065,-14.649623314976042,-15.256840079200396,0.8110000491142273,0.8386311531066895,0.6092102421197776,0.6072167642243542,7.610088553604813,7.6080950757093895,0.001993477895423368,grown over (>50%)
886,2083.7968737166198,13,130,-7.135894572349301,-5.465476616493049,-14.612916719777218,-14.858060397454588,0.9623078107833862,0.7837395668029785,-1.6704179558562515,0.24514367767737077,7.477022147427917,9.39258378096154,-1.9155616335336223,grown over (>50%)
887,1332.3496885805891,8,142,-4.945703103431688,-7.649918431674404,-14.962487282108174,-16.458025564043588,0.31499841809272766,0.7355635762214661,2.704215328242716,1.4955382819354135,10.016784178676486,8.808107132369184,1.2086770463073027,partly grown (25-50%)
888,1252.27735383082,7,119,-9.187885441638413,-8.13817641160959,-16.004882029949847,-16.403298648385427,0.7142819166183472,0.7464708089828491,-1.049709030028822,0.3984166184355793,6.816996588311435,8.265122236775836,-1.4481256484644014,grown over (>50%)
889,1244.8965913612717,6,112,-6.447044327339362,-7.253675669815134,-15.808219669159984,-15.761494024817209,0.6650007963180542,0.7472125887870789,0.8066313424757725,-0.04672564434277504,9.361175341820623,8.507818355002074,0.8533569868185484,grown over (>50%)
890,1261.4248147198057,7,104,-8.636915943413179,-7.5385068753518585,-16.28234961720816,-16.344401798152653,0.5799983739852905,0.8850963115692139,-1.0984090680613203,0.062052180944494495,7.6454336737949795,8.805894922800794,-1.1604612490058148,grown over (>50%)
891,1415.2145952781295,6,72,-8.314597215751757,-7.280876246852216,-16.479858998881095,-16.15329921770132,0.3783339262008667,0.8295207619667053,-1.0337209688995408,-0.3265597811797747,8.165261783129338,8.872422970849104,-0.7071611877197661,partly grown (25-50%)
892,959.5480933179144,5,99,-7.3876554571057875,-7.935539408446909,-15.779547675192413,-16.72333977563998,0.6820036768913269,0.915353536605835,0.5478839513411211,0.9437921004475687,8.391892218086625,8.787800367193073,-0.39590814910644845,grown over (>50%)
893,1261.5386755380757,5,138,-9.038275139159387,-8.032073197473474,-15.061358400944084,-16.09460353769245,0.34600162506103516,0.7215246558189392,-1.0062019416859123,1.0332451367483664,6.023083261784697,8.062530340218975,-2.0394470784342786,partly grown (25-50%)
894,889.795948765356,4,121,-9.57862851570112,-7.80474635944166,-15.032901764543391,-16.213015766381936,0.40999913215637207,0.6347103714942932,-1.773882156259459,1.180114001838545,5.454273248842272,8.408269406940276,-2.953996158098004,partly grown (25-50%)
895,1876.0085069297834,8,120,-9.334665174444108,-7.539199299766293,-16.99667310559729,-16.000368645845736,0.29374969005584717,0.45898762345314026,-1.7954658746778156,-0.9963044597515527,7.66200793115318,8.461169346079444,-0.7991614149262638,partly grown (25-50%)
896,4072.048488526763,29,184,-8.525153713776374,-6.402751168343096,-15.122664896178179,-14.98636781171519,0.40974941849708557,0.7133697271347046,-2.122402545433278,-0.1362970844629885,6.597511182401805,8.583616643372094,-1.9861054609702897,partly grown (25-50%)
897,1465.214798758459,8,144,-8.310278436898063,-7.936903990508405,-14.16346852671629,-15.856558151014006,0.175001859664917,0.5485448837280273,-0.3733744463896578,1.6930896242977163,5.853190089818227,7.919654160505601,-2.066464070687374,open (<25% canopy)
898,1774.7986870305617,11,144,-7.606172588558526,-8.080826888041457,-16.79017021855457,-16.313501063512298,0.47909095883369446,0.553217351436615,0.47465429948293103,-0.4766691550422735,9.183997629996046,8.23267417547084,0.9513234545252054,partly grown (25-50%)
899,1588.2735870170554,9,113,-6.216309779217045,-7.122895915935816,-15.680634459829118,-15.542959155132557,0.40333399176597595,0.5372840762138367,0.9065861367187704,-0.13767530469656108,9.464324680612073,8.420063239196741,1.0442614414153315,partly grown (25-50%)
900,2766.457910983593,17,59,-6.812025502350592,-6.662602203223328,-15.909183911488627,-16.041509802619224,0.6055734753608704,0.5361018776893616,-0.14942329912726393,0.13232589113059667,9.097158409138036,9.378907599395896,-0.2817491902578606,grown over (>50%)
901,1608.4100831670037,9,61,-6.49635965570193,-6.267214067023207,-15.337260774449888,-15.753452108965023,0.6111115217208862,0.6596536040306091,-0.22914558867872348,0.4161913345151351,8.840901118747958,9.486238041941817,-0.6453369231938595,grown over (>50%)
902,1839.8363170166178,11,139,-8.61146612875852,-6.505927898869077,-16.318405156847923,-15.48355646181479,0.3663639724254608,0.39696550369262695,-2.1055382298894436,-0.8348486950331342,7.706939028089403,8.977628562945712,-1.2706895348563094,partly grown (25-50%)
903,998.4609166813417,4,115,-6.951607097158918,-6.924446779183048,-18.017855146285477,-15.484395416397255,0.9100002646446228,0.7519769668579102,-0.02716031797586993,-2.5334597298882215,11.066248049126559,8.559948637214207,2.5062994119123516,grown over (>50%)
904,1704.315060107885,10,128,-8.60944606905381,-8.129561013336414,-16.724706049473777,-14.91468504181356,0.5150030255317688,0.5975956916809082,-0.47988505571739637,-1.8100210076602181,8.115259980419967,6.785124028477146,1.3301359519428217,grown over (>50%)
905,4627.301443221522,33,138,-4.658621618908959,-7.715538383038684,-15.760523649016571,-15.498317032878273,0.31845414638519287,0.48690950870513916,3.056916764129725,-0.26220661613829854,11.101902030107613,7.782778649839589,3.3191233802680244,partly grown (25-50%)
906,9198.129495601941,66,238,-7.952218776201564,-6.943157191321383,-15.183655350944626,-16.006170109589487,0.4596160352230072,0.5735780000686646,-1.0090615848801807,0.8225147586448607,7.2314365747430625,9.063012918268104,-1.8315763435250414,partly grown (25-50%)
907,2050.4795194160592,11,149,-8.012282049202447,-7.4937380486620775,-15.57968833956799,-16.42862535643164,0.6618172526359558,0.5673829317092896,-0.5185440005403699,0.8489370168636476,7.567406290365543,8.93488730776956,-1.3674810174040175,grown over (>50%)
908,1766.1571558548687,9,112,-8.08411124706914,-7.667762101290535,-16.52081115264818,-16.13919210527908,0.7533308863639832,0.672321617603302,-0.4163491457786055,-0.38161904736909946,8.436699905579038,8.471430003988544,-0.03473009840950603,grown over (>50%)
909,1695.8716776831084,9,142,-9.0327815546319,-7.543768981922479,-18.23444989364823,-15.898224429463422,0.7455545663833618,0.505774736404419,-1.4890125727094201,-2.336225464184807,9.20166833901633,8.354455447540943,0.8472128914753867,grown over (>50%)
910,2342.573734722393,13,151,-8.184087794454406,-7.274205029868112,-16.748385524327986,-16.349176598844625,0.7099986672401428,0.5623839497566223,-0.9098827645862944,-0.39920892548336084,8.56429772987358,9.074971568976514,-0.5106738391029335,grown over (>50%)
911,2281.706740226032,14,129,-6.9140913234818,-7.441534729395423,-15.425273554583299,-15.816092041121605,0.36285701394081116,0.5817055702209473,0.5274434059136226,0.390818486538306,8.511182231101499,8.374557311726182,0.13662491937531662,partly grown (25-50%)
912,2505.9614301060356,14,143,-7.75449690620658,-7.387117419881312,-16.280244865388816,-16.050686734557214,0.33428454399108887,0.4732065200805664,-0.36737948632526773,-0.22955813083160237,8.525747959182237,8.663569314675902,-0.13782135549366537,partly grown (25-50%)
913,1739.4660859965572,9,109,-8.306273180405183,-8.132370261801121,-15.487709648083303,-16.371408979120478,0.3211105763912201,0.5295326709747314,-0.17390291860406215,0.8836993310371746,7.18143646767812,8.239038717319357,-1.0576022496412367,partly grown (25-50%)
914,1746.8178362704612,10,136,-7.3798731556486805,-7.267194036245511,-15.215439436879574,-16.158095336641487,0.3149999976158142,0.3498477339744568,-0.1126791194031691,0.9426558997619132,7.835566281230894,8.890901300395976,-1.0553350191650823,partly grown (25-50%)
915,3323.5559439283406,20,184,-8.084194361595426,-8.301212848862425,-15.560924817465482,-15.719061405034608,0.6312634944915771,0.5398685336112976,0.21701848726699957,0.15813658756912652,7.476730455870056,7.417848556172183,0.05888189969787305,grown over (>50%)
916,1987.241465277396,12,153,-7.925221225913985,-7.879066762832341,-14.237362756355745,-15.808530567064885,0.5683327317237854,0.5976797342300415,-0.046154463081643726,1.5711678107091398,6.31214153044176,7.929463804232544,-1.6173222737907835,grown over (>50%)
917,2303.5071825867362,16,138,-7.110628949777114,-7.683347255732709,-15.778435312770345,-15.635076100930165,0.7275003790855408,0.8060142397880554,0.5727183059555951,-0.1433592118401794,8.66780636299323,7.951728845197456,0.7160775177957746,grown over (>50%)
918,3163.5137592252845,21,171,-7.3661794045227245,-7.172074499715495,-15.01113894661822,-15.837765138587475,0.5628571510314941,0.441131055355072,-0.19410490480722942,0.8266261919692557,7.644959542095495,8.665690638871979,-1.0207310967764842,grown over (>50%)
919,1584.06916775159,10,104,-8.109385500726857,-7.594534592470678,-15.151696001523764,-15.201780186738318,0.6319987773895264,0.6729802489280701,-0.5148509082561787,0.05008418521455482,7.042310500796907,7.60724559426764,-0.5649350934707336,grown over (>50%)
920,2856.6309937413794,19,114,-7.779512061022039,-7.971508149430293,-15.749449182999978,-15.18137738596445,0.7494739294052124,0.8230698704719543,0.19199608840825366,-0.5680717970355289,7.969937121977939,7.209869236534156,0.7600678854437826,grown over (>50%)
921,2227.584722860544,13,128,-7.516518472482787,-7.3014506091839575,-15.017599320573606,-15.212621418042202,0.7422297596931458,0.6910154819488525,-0.2150678632988292,0.19502209746859656,7.501080848090819,7.911170808858245,-0.41008996076742577,grown over (>50%)
922,4026.8073568434083,30,183,-8.272902224305579,-7.984881747636483,-15.29455829806215,-14.638292146316774,0.530333399772644,0.8252460956573486,-0.2880204766690957,-0.6562661517453758,7.021656073756571,6.653410398680291,0.36824567507628014,grown over (>50%)
923,2419.815703835967,14,144,-5.8222326763652585,-7.9112232988107225,-14.713034087157595,-14.915770213902872,0.6764278411865234,0.710486114025116,2.088990622445464,0.2027361267452772,8.890801410792337,7.00454691509215,1.8862544957001868,grown over (>50%)
924,2876.695257426522,18,151,-6.921788533479391,-7.989749491190112,-14.468025841686941,-14.789630164103205,0.3616648316383362,0.6088723540306091,1.0679609577107216,0.32160432241626324,7.546237308207551,6.799880672913092,0.7463566352944584,partly grown (25-50%)
925,2786.7191548381243,16,178,-7.148199701897547,-8.412284459099364,-14.960651547305764,-15.215225663552028,0.38250046968460083,0.6804852485656738,1.2640847572018172,0.254574116246264,7.812451845408217,6.802941204452663,1.0095106409555532,partly grown (25-50%)
926,1615.4319659079424,8,131,-10.018284419684706,-7.816918930657807,-16.483543549336844,-14.580507394985016,0.246250182390213,0.7475603818893433,-2.201365489026899,-1.9030361543518275,6.465259129652138,6.763588464327209,-0.2983293346750715,open (<25% canopy)
927,1164.2059384037664,5,115,-8.674621615948709,-7.860066997925054,-15.592683683558757,-14.6863765537083,0.5852197408676147,0.6321474313735962,-0.8145546180236547,-0.9063071298504575,6.918062067610048,6.826309555783245,0.09175251182680277,grown over (>50%)
928,832.2613585228653,3,117,-8.080332437935581,-6.715216461212547,-16.870695161238093,-14.626178506308271,0.02999807707965374,0.616410493850708,-1.3651159767230343,-2.2445166549298214,8.790362723302511,7.910962045095724,0.8794006782067871,open (<25% canopy)
929,2304.3201123277936,12,159,-6.448249208769172,-6.847478273918858,-14.7318996436599,-14.69585644391849,0.689166784286499,0.8381507992744446,0.3992290651496857,-0.03604319974141035,8.283650434890728,7.8483781699996324,0.43527226489109516,grown over (>50%)
930,1274.5472333130763,6,127,-8.314377136184655,-7.221577662608906,-15.243779531227375,-14.715339623493708,0.365001916885376,0.45527535676956177,-1.0927994735757487,-0.5284399077336666,6.92940239504272,7.493761960884802,-0.5643595658420821,partly grown (25-50%)
931,803.0764547865112,4,118,-8.512282392044897,-7.768450608650373,-13.784347537762024,-14.581876708018589,0.2700011730194092,0.6687195301055908,-0.7438317833945236,0.7975291702565652,5.272065145717127,6.813426099368216,-1.5413609536510888,partly grown (25-50%)
932,1606.3408320554763,10,120,-8.91934785210147,-7.586282705543016,-14.85231887163067,-14.211734040320941,0.2270023375749588,0.8278334736824036,-1.3330651465584547,-0.6405848313097291,5.9329710195292,6.625451334777925,-0.6924803152487256,open (<25% canopy)
933,1701.4672391895372,8,147,-7.44996055674989,-7.620604424364971,-14.505302341863802,-14.667997183855935,0.7012516260147095,0.7352299094200134,0.1706438676150812,0.16269484199213302,7.055341785113912,7.047392759490964,0.007949025622948191,grown over (>50%)
934,2494.4883117165427,16,152,-7.313530354416451,-7.5271051656941825,-13.945146918439688,-14.605156252115538,0.8399983644485474,0.7225766181945801,0.2135748112777316,0.6600093336758501,6.631616564023237,7.078051086421356,-0.44643452239811854,grown over (>50%)
935,2044.4930233671407,10,142,-5.730397253768698,-7.588096086970023,-13.891307773389656,-15.936466242878238,0.7279983758926392,0.44253501296043396,1.8576988332013258,2.045158469488582,8.160910519620959,8.348370155908214,-0.18745963628725448,grown over (>50%)
936,1670.358579019475,9,114,-5.831372143660579,-7.466549573644258,-16.549494623424387,-15.885023454062463,0.6677767634391785,0.6345612406730652,1.6351774299836785,-0.6644711693619243,10.718122479763807,8.418473880418205,2.299648599345602,grown over (>50%)
937,1150.8922332515917,5,91,-4.274964655946398,-7.29981471157638,-16.37166966548253,-15.475178491283998,0.2499994933605194,0.6426372528076172,3.0248500556299813,-0.8964911741985304,12.09670500953613,8.175363779707618,3.9213412298285117,open (<25% canopy)
938,1370.9778613276408,8,125,-7.067023882242328,-7.477085652154708,-16.803865476873586,-15.381986673935398,0.5862480998039246,0.5369604825973511,0.41006176991237986,-1.4218788029381884,9.736841594631258,7.90490102178069,1.8319405728505682,grown over (>50%)
939,3885.8688689567175,27,155,-6.777955281806028,-7.840887131671986,-15.237491604946069,-14.127773438406502,0.43814966082572937,0.6737623810768127,1.062931849865958,-1.109718166539567,8.459536323140041,6.286886306734516,2.172650016405525,partly grown (25-50%)
940,1786.5053306714221,12,141,-8.479718094800418,-7.726049475272866,-14.147007679965826,-15.05790136596507,0.5233324766159058,0.6395395398139954,-0.7536686195275522,0.9108936859992429,5.667289585165408,7.331851890692203,-1.664562305526795,grown over (>50%)
941,1333.8405414787576,5,123,-6.067203592007397,-9.791109108101343,-15.527710173166444,-16.595828918884667,0.10999836772680283,0.35073184967041016,3.7239055160939465,1.0681187457182233,9.460506581159047,6.8047198107833236,2.655786770375723,open (<25% canopy)
942,1434.4450888448328,7,133,-6.526077950015451,-7.2380069852878615,-14.582458609562499,-14.79531371538743,0.7628584504127502,0.6803008913993835,0.7119290352724104,0.2128551058249304,8.056380659547049,7.557306730099568,0.49907392944748086,grown over (>50%)
943,1300.1959831472047,6,118,-7.9531949930908645,-7.437479023613747,-14.851464967338973,-15.375558920626045,0.5847040414810181,0.6893218159675598,-0.5157159694771174,0.5240939532870712,6.898269974248109,7.938079897012297,-1.0398099227641886,grown over (>50%)
944,1695.909382500214,7,151,-6.649316968111492,-7.662139103779646,-15.63190614778668,-14.84335934115178,0.4428556561470032,0.7029802799224854,1.012822135668154,-0.7885468066348995,8.982589179675188,7.181220237372134,1.8013689423030534,partly grown (25-50%)
945,1663.5769809772987,10,157,-8.08492514219426,-7.034887743301691,-15.417498121257566,-15.125631053485249,0.37400248646736145,0.4668791890144348,-1.0500373988925693,-0.2918670677723174,7.332572979063306,8.090743310183559,-0.7581703311202528,partly grown (25-50%)
946,2038.4966527227027,13,128,-8.198028532747601,-8.030658234917281,-14.105436295530145,-15.798886201941357,0.6761552095413208,0.539219081401825,-0.16737029783032042,1.693449906411212,5.907407762782544,7.768227967024076,-1.8608202042415325,grown over (>50%)
947,2546.4081512246553,18,137,-8.886752194411452,-7.364757309583197,-16.322962569606336,-15.327839558710107,0.3270840644836426,0.4646534323692322,-1.5219948848282545,-0.9951230108962292,7.436210375194884,7.963082249126909,-0.5268718739320253,partly grown (25-50%)
948,1819.6702816398627,9,155,-6.561869302277933,-7.4783377304849195,-15.670535265663002,-15.168681158330147,0.45777666568756104,0.5701413154602051,0.9164684282069864,-0.5018541073328553,9.108665963385068,7.690343427845227,1.4183225355398408,partly grown (25-50%)
949,1888.7352608375656,9,133,-8.211342402963615,-7.467976531128839,-14.635833910109106,-15.00796040520112,0.4366660416126251,0.564015805721283,-0.7433658718347758,0.37212649509201334,6.4244915071454916,7.539983874072281,-1.115492366926789,partly grown (25-50%)
950,1440.998798842914,8,96,-8.463381677608764,-8.419826564105952,-16.542817480764523,-15.876191771703397,0.7637505531311035,0.43205323815345764,-0.04355511350281205,-0.6666257090611261,8.079435803155759,7.456365207597445,0.623070595558314,grown over (>50%)
951,1785.3277697936899,10,130,-6.178659660296023,-7.567250301938464,-14.86110394399083,-15.612050910778294,0.477329820394516,0.449922651052475,1.3885906416424412,0.7509469667874633,8.682444283694807,8.044800608839829,0.6376436748549779,partly grown (25-50%)
952,1279.6392278147744,5,91,-5.218756670516404,-7.383480110440664,-16.435569783991436,-15.67081079286481,0.5960060358047485,0.5456036329269409,2.16472343992426,-0.7647589911266266,11.216813113475032,8.287330682424145,2.9294824310508876,grown over (>50%)
953,916.2362346802283,3,109,-7.051992096958054,-7.965723164844426,-15.881865331019123,-16.167293026844654,0.6066697239875793,0.4758692681789398,0.9137310678863715,0.28542769582553085,8.829873234061068,8.201569862000227,0.6283033720608415,grown over (>50%)
954,1478.6703012667797,9,89,-8.907303551251053,-7.185658947469013,-19.172454900869884,-15.860279482228364,0.49444639682769775,0.6057980060577393,-1.7216446037820399,-3.3121754186415195,10.265151349618831,8.674620534759352,1.5905308148594788,partly grown (25-50%)
955,1440.1668495662584,8,114,-6.257175991937872,-7.315811028442196,-14.990683467511312,-15.838521786297388,0.47000184655189514,0.6428072452545166,1.0586350365043238,0.8478383187860761,8.73350747557344,8.522710757855192,0.2107967177182477,partly grown (25-50%)
956,1216.8447171950631,6,100,-7.932793595875715,-7.581330776931788,-13.695307759984662,-15.291260003427748,0.6866655349731445,0.8265416026115417,-0.3514628189439275,1.5959522434430866,5.762514164108946,7.7099292264959605,-1.9474150623870141,grown over (>50%)
957,998.6426597678483,4,99,-6.0536189337703075,-7.7807957883608125,-17.248871566851456,-15.693581792846016,0.37999945878982544,0.6572722792625427,1.727176854590505,-1.5552897740054394,11.195252633081148,7.912786004485204,3.2824666285959445,partly grown (25-50%)
958,1136.8706923312443,5,112,-12.037450672034256,-7.388824703332059,-18.52337834601044,-14.821563228300857,0.380000501871109,0.8356698155403137,-4.648625968702197,-3.7018151177095824,6.4859276739761835,7.432738524968798,-0.9468108509926143,partly grown (25-50%)
959,1519.7371800650556,8,138,-7.204279534021948,-6.918615157852264,-16.336110265348037,-15.15880176741246,0.7662506103515625,0.7741005420684814,-0.28566437616968443,-1.1773084979355772,9.131830731326088,8.240186609560196,0.8916441217658928,grown over (>50%)
960,1789.28535992199,12,118,-5.52516834434601,-7.028453248323117,-14.724660075265497,-14.87962142866107,0.6108307242393494,0.763557493686676,1.5032849039771063,0.1549613533955725,9.199491730919487,7.851168180337953,1.3483235505815339,grown over (>50%)
961,1343.2473869572448,6,122,-9.67615320852895,-8.149667829569463,-16.379646065472635,-15.802392367824226,0.3333362340927124,0.7832784056663513,-1.526485378959487,-0.5772536976484091,6.703492856943685,7.652724538254763,-0.9492316813110779,partly grown (25-50%)
962,1256.2420306758963,7,103,-6.324748500304713,-8.455311446879122,-14.87002144942321,-15.59944474685345,0.6242865920066833,0.7438182830810547,2.1305629465744094,0.729423297430241,8.545272949118496,7.144133299974328,1.4011396491441683,grown over (>50%)
963,1341.0643475925162,6,94,-7.751530526452202,-8.179714780167979,-15.455504117480409,-15.919593087940056,0.6344438791275024,0.7426593899726868,0.4281842537157772,0.46408897045964714,7.703973591028207,7.739878307772077,-0.03590471674386997,grown over (>50%)
964,1224.8871850850442,5,126,-9.609365472087223,-8.277600549619821,-17.74094562072735,-16.175759178235843,0.3419983685016632,0.7723783254623413,-1.3317649224674017,-1.5651864424915054,8.131580148640126,7.898158628616022,0.23342152002410366,partly grown (25-50%)
965,835.7013245898327,2,124,-10.165247811645337,-7.440092167499326,-17.08015332188193,-15.967034156311916,0.23500408232212067,0.7933064103126526,-2.7251556441460103,-1.113119165570014,6.9149055102365935,8.52694198881259,-1.6120364785759964,open (<25% canopy)
966,1381.9072003168549,8,110,-8.458497975365738,-7.391349052825603,-14.806200407269841,-15.552954061841056,0.7362524271011353,0.7043630480766296,-1.0671489225401345,0.746753654571215,6.3477024319041035,8.161605009015453,-1.8139025771113495,grown over (>50%)
967,1744.7694566335174,11,138,-9.344483803129604,-7.125268583442628,-17.392181236873938,-15.96495977298713,0.48090896010398865,0.6320293545722961,-2.2192152196869763,-1.4272214638868075,8.047697433744334,8.839691189544503,-0.7919937558001688,partly grown (25-50%)
968,1474.0846137900314,7,102,-8.210253379271059,-7.532489344324356,-13.855565724247771,-14.892759870618736,0.5185712575912476,0.7028175592422485,-0.6777640349467031,1.0371941463709646,5.645312344976713,7.36027052629438,-1.7149581813176678,grown over (>50%)
969,1559.6357663971344,9,121,-7.050414453322972,-7.098270751723664,-15.220295881608052,-15.0887833158515,0.4888882637023926,0.8286778330802917,0.047856298400692054,-0.13151256575655168,8.16988142828508,7.990512564127837,0.17936886415724373,partly grown (25-50%)
970,1282.8571820770435,5,123,-8.745637095715672,-8.046900569437604,-16.093911297738742,-15.582370426655594,0.5540016293525696,0.7291721105575562,-0.6987365262780685,-0.5115408710831488,7.34827420202307,7.53546985721799,-0.18719565519491965,grown over (>50%)
971,1679.2199607543146,7,115,-10.494820155142959,-8.55946931558844,-16.831348578688907,-15.510218924296442,0.6799995303153992,0.6407095193862915,-1.935350839554518,-1.3211296543924647,6.336528423545948,6.950749608708001,-0.6142211851620534,grown over (>50%)
972,1349.3637742961319,6,101,-8.083319407487403,-7.73525025080514,-17.140075894745536,-15.780141720299032,0.3183338940143585,0.6556068062782288,-0.34806915668226335,-1.3599341744465043,9.056756487258133,8.04489146949389,1.0118650177642419,partly grown (25-50%)
973,1777.0146595329015,9,130,-6.0059380276061916,-7.0460468254196575,-14.48480526413868,-14.620361855576217,0.35333192348480225,0.8340003490447998,1.040108797813466,0.1355565914375365,8.478867236532489,7.574315030156559,0.9045522063759295,partly grown (25-50%)
974,1404.332770268806,8,144,-7.755585008222937,-8.629438155229334,-14.439118491099004,-15.840711103310257,0.43874886631965637,0.5954166650772095,0.8738531470063968,1.4015926122112532,6.683533482876067,7.211272948080923,-0.5277394652048564,partly grown (25-50%)
975,1415.497304509674,6,153,-7.162409935137446,-8.57580629187175,-17.392265575959417,-16.00294400675747,0.46332910656929016,0.5181705951690674,1.413396356734304,-1.3893215692019467,10.22985564082197,7.4271377148857205,2.80271792593625,partly grown (25-50%)
976,1486.7892457197215,9,104,-7.4959079224172935,-7.931719050281196,-14.939743960388247,-15.15863187584869,0.5477749705314636,0.5025961995124817,0.43581112786390275,0.21888791546044217,7.443836037970954,7.226912825567493,0.21692321240346057,grown over (>50%)
977,1920.8827106660387,11,86,-8.274889817497712,-7.436093634897678,-15.090668624536079,-14.50445055117023,0.3772733807563782,0.6224423050880432,-0.8387961826000341,-0.5862180733658491,6.815778807038367,7.068356916272552,-0.252578109234185,partly grown (25-50%)
978,1383.5100026169735,7,42,-7.507812026542897,-7.5471774995457075,-14.501078442022308,-14.664434446211478,0.6914274096488953,0.6335703730583191,0.03936547300281035,0.16335600418917018,6.993266415479411,7.117256946665771,-0.12399053118635983,grown over (>50%)
979,1448.1779798003301,8,79,-6.963527072465213,-8.582609434723333,-16.34966273735897,-15.769146486796153,0.5925000905990601,0.6277654767036438,1.6190823622581192,-0.5805162505628161,9.386135664893756,7.18653705207282,2.1995986128209353,grown over (>50%)
980,1768.6859627682595,11,91,-7.287876290947813,-7.604609555675518,-15.797396491727953,-15.686763384182703,0.48181846737861633,0.8056083917617798,0.3167332647277048,-0.11063310754525091,8.509520200780141,8.082153828507185,0.4273663722729566,partly grown (25-50%)
981,1882.5475375690523,9,77,-8.29857775124317,-7.4779397100737,-15.598811850515688,-15.230861846754367,0.4699999988079071,0.7069939374923706,-0.8206380411694703,-0.3679500037613206,7.300234099272517,7.752922136680667,-0.45268803740814967,partly grown (25-50%)
982,2074.0462692244478,14,125,-7.188865967638862,-8.466929761889592,-15.9727605478197,-16.119569155118278,0.4892849922180176,0.7190343737602234,1.2780637942507296,0.1468086072985777,8.783894580180839,7.652639393228686,1.1312551869521528,partly grown (25-50%)
983,1542.0330367878332,6,118,-8.344038346413178,-7.463733642351796,-16.87046849068569,-14.94867267561725,0.5299975275993347,0.4911021590232849,-0.8803047040613823,-1.9217958150684389,8.52643014427251,7.484939033265453,1.0414911110070566,grown over (>50%)
984,1226.0202177818892,7,119,-8.109920370502351,-7.876349424208947,-16.512293096912437,-16.1891725890339,0.11428403854370117,0.2970934510231018,-0.2335709462934039,-0.3231205078785351,8.402372726410086,8.312823164824955,0.08954956158513028,open (<25% canopy)
985,916.7719554758296,3,136,-8.975686550599603,-8.546252253981608,-17.710907286080545,-17.434134326354915,0.05666590854525566,0.22802281379699707,-0.4294342966179947,-0.2767729597256299,8.735220735480942,8.887882072373307,-0.15266133689236483,open (<25% canopy)
986,973.7745493476208,5,121,-6.697750930289331,-7.1917587996681895,-16.593755841519634,-15.283580475922493,0.22799630463123322,0.47324371337890625,0.49400786937885854,-1.310175365597141,9.896004911230303,8.091821676254304,1.8041832349759996,open (<25% canopy)
987,818.424905161186,3,113,-4.831943290769744,-8.363109231714796,-15.316193452355638,-15.170006474497894,0.11666318774223328,0.43666645884513855,3.531165940945052,-0.14618697785774337,10.484250161585894,6.806897242783098,3.6773529188027965,open (<25% canopy)
988,1156.1046478506696,5,104,-9.922983484637584,-8.415538477567486,-15.770529666066048,-15.821765970484702,0.47600001096725464,0.36142241954803467,-1.507445007070098,0.051236304418653233,5.847546181428465,7.406227492917216,-1.5586813114887512,partly grown (25-50%)
989,1133.1159170948038,3,73,-5.954712670884954,-7.3057158680018395,-15.1403174815587,-14.524197155416534,0.5599995851516724,0.7397265434265137,1.3510031971168859,-0.6161203261421662,9.185604810673746,7.218481287414694,1.967123523259052,grown over (>50%)
990,2574.7517616630457,15,161,-9.448285635569245,-9.378594271348282,-18.34054865079066,-16.468129253102045,0.2573346197605133,0.36695659160614014,-0.06969136422096334,-1.8724193976886134,8.892263015221413,7.089534981753763,1.80272803346765,partly grown (25-50%)
991,1061.8427273443563,4,120,-8.830432627974186,-8.143312783569778,-15.770484701235056,-15.32685969125465,0.42750030755996704,0.7429167032241821,-0.6871198444044087,-0.4436250099804049,6.940052073260869,7.183546907684873,-0.24349483442400377,partly grown (25-50%)
992,3245.1136586279345,21,154,-9.032641728518593,-7.16415801111681,-17.957094096314503,-15.455690527696259,0.2076190561056137,0.5730520486831665,-1.8684837174017828,-2.501403568618244,8.92445236779591,8.291532516579448,0.632919851216462,open (<25% canopy)
993,1812.891409434488,9,114,-9.48143724736553,-8.693218176955494,-15.92354511582316,-16.780311664116894,0.1300005167722702,0.3635088801383972,-0.7882190704100367,0.8567665482937343,6.442107868457629,8.0870934871614,-1.644985618703771,open (<25% canopy)
994,1195.5973700937648,5,140,-10.082993526226176,-8.297396782518435,-16.43388401206234,-15.306533555324542,0.5060002207756042,0.7132856249809265,-1.7855967437077407,-1.1273504567377977,6.350890485836164,7.009136772806107,-0.658246286969943,grown over (>50%)
