id,n_core,n_ring,n_decoys,hh_leafoff_fall_feature,hh_leafoff_fall_decoy_median,hh_winter_feature,hh_winter_decoy_median,hh_leafon_feature,hh_leafon_decoy_median,hh_change_leafon_vs_fall_feature,hh_change_leafon_vs_fall_decoy_median,hv_leafoff_fall_feature,hv_leafoff_fall_decoy_median,hv_winter_feature,hv_winter_decoy_median,hv_leafon_feature,hv_leafon_decoy_median,hv_change_leafon_vs_fall_feature,hv_change_leafon_vs_fall_decoy_median
0,8,142,5,-0.73544216,-0.291196346282959,-2.3320713,0.1234893798828125,-1.3733587,-0.6053619384765625,-0.6379166,-0.2376708984375,-0.76686126,-0.4026695787906647,-0.99517536,-1.248246192932129,-0.8406016,-0.19465065002441406,-0.073740326,0.005165735725313425
1,8,138,5,1.543774,0.20577605068683624,1.4519019,-0.4304421842098236,-1.353918,-0.12906408309936523,-2.8976917,-0.03397544100880623,1.7763115,-0.060378074645996094,2.0097923,-0.41218629479408264,-0.2229565,-0.13614065945148468,-1.999268,0.31214746832847595
2,6,126,5,-0.023442587,-0.5612075924873352,1.3640304,-1.0539835691452026,-0.94116944,0.09265971183776855,-0.9177268,1.257905125617981,0.84378815,-0.1757974624633789,-0.27288947,-0.48941770195961,-1.0853077,0.13766543567180634,-1.9290959,-0.3896474838256836
3,6,123,5,0.94724876,-0.6884369850158691,2.4096968,-0.34946075081825256,-0.12633045,-0.31439483165740967,-1.0735792,0.5985552668571472,0.6307252,-1.5441192388534546,1.3279568,-0.5299088358879089,-0.50986165,0.16461117565631866,-1.1405869,1.2278159856796265
4,6,135,5,-0.96341723,-0.9494071006774902,-0.7757656,-0.23933394253253937,-0.1263469,0.17994165420532227,0.8370703,0.4693824350833893,1.5575641,1.4873002767562866,0.16501267,-0.4282083511352539,0.27295175,0.2520271837711334,-1.2846123,-1.684086799621582
5,10,149,5,-0.28061533,-1.1139802932739258,-1.7297176,0.6741272807121277,-0.62790245,0.15700912475585938,-0.3472871,1.2709894180297852,0.10136223,-0.9385725855827332,-0.30053648,-0.3087943494319916,0.62376976,-0.1801900863647461,0.52240753,0.7583824992179871
6,8,124,5,-0.11214336,0.07882992178201675,-1.0946218,0.05635460093617439,-0.44727454,0.21998167037963867,-0.33513117,0.10843618959188461,-0.6752475,0.26443228125572205,-0.3395691,-0.31562647223472595,-0.30357805,0.4514141082763672,0.37166944,0.18698184192180634
7,9,134,5,1.0952896,-0.4604686200618744,-0.026023546,-0.8407559394836426,-0.211706,-0.21987898647785187,-1.3069955,0.13788557052612305,0.5433111,-0.5331827998161316,0.67483455,-0.6732781529426575,0.7816871,0.23673789203166962,0.23837598,0.7699206471443176
8,10,143,5,1.7151521,-0.7641250491142273,1.4151462,-0.2460605353116989,0.55194217,-0.11329253762960434,-1.1632099,0.026135602965950966,0.69135284,0.04993120953440666,-0.46092668,-0.9975357055664062,0.50817937,-0.3228524625301361,-0.1831735,0.4236666262149811
9,9,126,5,0.5133114,-0.006333509925752878,0.27934852,-0.5609777569770813,1.2698346,-0.5123243927955627,0.7565233,-0.4896809160709381,-0.27932486,-0.8965399861335754,0.892369,-0.7042036056518555,1.2137047,-0.4534657895565033,1.4930296,0.2514730989933014
10,14,156,5,0.638257,0.11043158918619156,-0.5796995,0.5045740008354187,-0.5744295,-0.5085702538490295,-1.2126865,-0.05122264102101326,-0.8543377,0.38298287987709045,-0.9500968,-0.7926816940307617,0.38716635,-0.12072817236185074,1.2415041,0.11178430169820786
11,14,152,5,1.292306,-0.4427216947078705,-1.1103519,0.46516022086143494,-0.47742572,0.23389942944049835,-1.7697316,0.07350675016641617,-0.08779653,0.1839141845703125,-0.17236169,-0.10669708251953125,1.3974108,0.1292877197265625,1.4852072,-0.0554097481071949
12,9,103,5,-1.6429405,0.08699989318847656,-0.59627914,0.06434997171163559,-2.4223661,-0.3407944142818451,-0.7794256,-0.927778422832489,-1.7829676,-0.34107717871665955,-0.98576194,0.006438890937715769,-1.6436287,-0.04650402069091797,0.1393388,0.2945731580257416
13,9,119,5,1.5494038,-0.050605934113264084,1.0017453,0.48818811774253845,0.017025867,-0.0857633724808693,-1.5323778,0.29615703225135803,1.5855745,-0.6005926132202148,0.2115844,-0.5069351196289062,-0.17792542,0.5848004221916199,-1.7634999,0.2605344355106354
14,10,142,5,-0.91997856,-0.12343939393758774,-0.5699169,-0.23998785018920898,-0.42229572,-0.20929265022277832,0.4976828,0.7327144742012024,-0.22336514,-0.21031062304973602,-1.4570328,-0.14368121325969696,-0.7537444,0.14076869189739227,-0.5303793,-0.07572174072265625
15,11,141,5,-0.18908294,0.4877794682979584,-1.1992013,-0.18019215762615204,0.7511491,-0.3565446436405182,0.94023204,-0.09935593605041504,-0.40253195,-0.3732840120792389,-1.8133812,-0.24957275390625,-0.67419213,0.4748360216617584,-0.27166018,0.7614469528198242
16,6,117,5,1.249132,-0.9726282954216003,-0.58520657,-0.9719902873039246,-1.5672287,-0.283933162689209,-2.8163605,0.6539137363433838,0.19620228,-0.99290531873703,-0.87280464,-0.9270537495613098,-0.8491723,0.0727396011352539,-1.0453745,0.7280966639518738
17,10,139,5,-0.78473043,-0.5755607485771179,-1.3745728,-0.3137218952178955,0.6582814,0.07910052686929703,1.4430119,0.17158889770507812,1.678011,0.7624950408935547,-1.2815539,-0.2693452835083008,-0.3372062,-0.22855250537395477,-2.015217,-0.697887122631073
18,6,136,5,-5.00999,0.04013649746775627,-2.5737047,0.2855348587036133,-2.6691463,-0.4234484136104584,2.340844,-0.6238501071929932,-0.92299336,0.3770853579044342,-3.289859,-0.2818632125854492,-3.4317522,0.04892699047923088,-2.5087588,-0.12115065008401871
19,7,128,5,0.39628315,-0.2349669188261032,1.2292272,-0.8280050158500671,0.17852204,0.10552247613668442,-0.21776111,0.07570803165435791,-1.594512,-0.0941975936293602,1.4926363,-0.8707415461540222,0.8426344,-0.2539428174495697,2.4371464,-0.3765951693058014
20,9,129,5,-0.89366275,-0.5257388949394226,-0.6417155,-0.17617034912109375,-0.53452295,0.24995160102844238,0.35913983,0.09340270608663559,-0.24162166,-0.5771887898445129,1.1962675,-0.5343716740608215,0.046898205,0.22206084430217743,0.28851986,0.11784855276346207
21,5,115,5,-0.602523,-0.09577131271362305,-0.8647602,-0.9754273295402527,-0.3832756,0.00987990666180849,0.21924742,0.5745425224304199,-1.8719431,-0.590886116027832,-1.1810623,-0.6064751744270325,-0.503617,0.001827239990234375,1.3683262,0.5927133560180664
22,8,132,5,-1.0177568,-1.047237753868103,0.34944996,-0.8783566951751709,-0.3115499,-0.35067257285118103,0.70620686,1.216265320777893,-0.80864555,-1.196682333946228,1.1410122,-0.7515570521354675,-0.9943921,-0.2602446973323822,-0.1857465,0.8568575978279114
23,7,97,5,1.5455246,-0.6063370704650879,1.1565269,-0.6857302784919739,1.1122288,-0.49155697226524353,-0.43329582,0.3254636526107788,1.0659863,0.4973510205745697,0.2769734,-0.10465653985738754,0.6262105,-0.20705287158489227,-0.4397758,-1.1166597604751587
24,9,106,5,1.6215581,-1.2374106645584106,0.734732,-1.00386381149292,0.31517377,0.08065112680196762,-1.3063842,1.3937921524047852,1.4777724,-0.8203029632568359,0.16634719,-0.9548969268798828,-1.2016681,0.38958677649497986,-2.6794405,1.2098897695541382
25,11,135,5,1.2087365,-0.14782245457172394,1.416289,-0.02286728285253048,1.2401702,-0.523029625415802,0.03143366,-0.610013484954834,0.23305671,-0.514735221862793,-1.1267757,-0.379931777715683,1.6097466,-0.24458186328411102,1.3766899,0.0014874140033498406
26,8,125,5,-0.05271514,-0.08365559577941895,0.30191264,-1.452356219291687,-0.022141138,0.3256271779537201,0.030574003,0.4492354393005371,-0.10582892,-0.0870463028550148,0.59323853,0.5355755686759949,-0.20903587,0.2651418149471283,-0.103206955,-0.4444389343261719
27,7,142,5,0.8609876,0.29672303795814514,2.3001611,0.35596323013305664,0.07824961,-0.42354616522789,-0.782738,-0.02776312828063965,-0.81996375,-1.1085659265518188,0.21133582,0.7847611308097839,0.25880894,-0.42025914788246155,1.0787727,0.6726887822151184
28,6,103,5,-1.1490027,-0.3137108385562897,0.6340063,0.13547801971435547,0.4183589,-0.6847384572029114,1.5673615,-0.06062833592295647,1.9324718,-0.02966022491455078,-0.88272095,-0.357879638671875,1.8684155,-0.17907460033893585,-0.06405624,-0.42149385809898376
29,4,114,5,-0.8448641,-0.10207557678222656,-0.22965606,-0.26116910576820374,-1.3596739,-0.13559086620807648,-0.51480985,-0.7344864010810852,-1.2887291,1.2716426849365234,-0.98528355,-0.11235459893941879,0.3769393,0.26720795035362244,1.6656684,-0.8108676075935364
30,10,113,5,0.22478898,-1.3821464776992798,-0.9724738,-0.40778160095214844,-0.21735732,-0.32181182503700256,-0.4421463,0.9291098713874817,-1.5000795,0.13714535534381866,-1.2849785,-0.3988618850708008,0.5553401,-0.10885969549417496,2.0554197,-0.56842041015625
31,10,147,5,0.36470827,-0.48593077063560486,0.09863758,-0.7893187403678894,0.39881134,0.34153780341148376,0.034103077,0.8274685740470886,0.9228344,0.023101806640625,-0.17874463,-0.8259779810905457,0.022584597,-0.22688579559326172,-0.9002498,-0.37036260962486267
32,6,137,5,-3.2751076,-0.613278865814209,0.29515457,-0.5811468958854675,0.70765835,-0.844356119632721,3.982766,0.007554531097412109,-1.1131111,-0.8177156448364258,0.011766116,-0.2955942153930664,0.3224182,-0.8643763661384583,1.4355294,-0.024641036987304688
33,10,141,5,-1.4344254,-0.19107110798358917,-0.19116561,-0.371981143951416,0.21390064,0.29507923126220703,1.6483259,0.9060816764831543,-0.46126524,-0.7242568135261536,0.8900566,0.14598019421100616,-0.123440266,0.07959842681884766,0.33782497,1.6050138473510742
34,7,95,5,-0.6514937,-0.6964815258979797,0.7903237,-0.3633561134338379,-0.20804493,-0.11136257648468018,0.44344878,0.8683058619499207,1.0851927,-0.08811473846435547,-0.40742397,-0.07777182012796402,0.27186203,0.4094044268131256,-0.81333065,0.7153593897819519
35,6,132,5,-0.8276639,-0.1813625544309616,0.44895563,-0.6845972537994385,-0.43903574,0.42568016052246094,0.38862815,-0.4575539529323578,0.64375275,0.4582672119140625,0.45760918,-0.1538410186767578,0.14497502,0.09019263833761215,-0.49877772,-0.09175491333007812
36,8,135,5,1.2237028,-0.9679403305053711,0.021447023,0.22044293582439423,0.36794052,0.1485508233308792,-0.8557623,0.9669427871704102,2.607701,-0.2742958068847656,1.3018456,-0.3906119763851166,0.58819056,0.4864225387573242,-2.0195105,0.9515956044197083
37,7,139,5,0.12661202,-0.09164174646139145,-0.3442119,-0.26159214973449707,0.3601303,-0.4793761670589447,0.23351829,0.8374862670898438,1.2135996,-0.04227415844798088,-0.47863674,0.2009328156709671,-2.1938038,0.40022167563438416,-3.4074032,0.38469696044921875
38,8,122,5,0.1303335,-0.845363438129425,-1.395698,-0.4329099655151367,0.13097374,-0.8819414973258972,0.00064023334,0.42944464087486267,0.25166702,-1.0073438882827759,-1.4700794,-0.13790003955364227,0.7985048,0.40752172470092773,0.5468378,0.5639855265617371
39,7,132,5,-0.72131985,0.6040323376655579,0.07836747,0.09237448126077652,-0.17010593,-0.21467573940753937,0.5512139,-0.8095844388008118,0.5636463,-0.36778831481933594,-1.130242,-0.5409371256828308,-0.6952931,-0.22196929156780243,-1.2589394,0.1458190232515335
40,8,121,5,1.9171365,0.6564971804618835,-0.5752227,-0.2832585871219635,0.8680835,-0.15645790100097656,-1.0490531,-0.4501633644104004,0.10355377,-0.8488861918449402,-0.8065923,0.18683560192584991,-0.9000807,-0.5625813603401184,-1.0036345,-0.041039466857910156
41,7,135,5,0.09575685,-0.025803089141845703,0.547432,-1.7542972564697266,-0.11975876,0.17345118522644043,-0.21551561,0.4306705892086029,-1.8426523,-0.3118276596069336,-0.81276923,-0.8669519424438477,-0.99398166,0.02567291259765625,0.84867066,0.8223078846931458
42,7,123,5,0.2509044,-0.08816353231668472,-1.2433006,-0.47673431038856506,0.13904746,0.3298982083797455,-0.11185694,0.44431543350219727,-0.16274388,-0.5891110301017761,-0.33830675,-0.1489502638578415,0.9842593,-0.2097148895263672,1.1470032,0.002750396728515625
43,6,115,5,-0.35751948,0.08617798238992691,-1.2274476,0.5352156758308411,0.40431038,-0.5994131565093994,0.76182985,-0.7096005082130432,2.1872113,-0.374664306640625,-1.3762554,0.4235725402832031,0.9618042,0.17827193439006805,-1.2254071,0.15937566757202148
44,10,122,5,0.30229345,0.14465253055095673,-0.39745125,-0.4451589584350586,-0.5711519,-0.32832908630371094,-0.87344533,-0.35395970940589905,0.23375511,-0.398578017950058,-0.27116776,-0.027625402435660362,-0.3881569,-0.13050682842731476,-0.621912,0.5548563003540039
45,8,119,5,-0.8645225,-0.48258623480796814,-0.026314735,-1.3172407150268555,-1.1833888,-0.9290265440940857,-0.31886634,-0.44644030928611755,0.37270036,0.07922331243753433,1.1923615,0.21374447643756866,-2.1354787,-0.3228680193424225,-2.508179,-0.7042592167854309
46,7,114,5,-0.81238127,-0.06505250930786133,0.3701206,0.6603081822395325,-0.24067903,-0.06465784460306168,0.57170224,0.41123509407043457,0.4189024,-0.7436491847038269,-0.091202736,-0.544348418712616,-1.3413566,-0.11497815698385239,-1.760259,0.6119979023933411
47,7,93,5,-0.5052716,-0.6367500424385071,-0.19293626,-0.9996406435966492,-0.1317498,-1.1528111696243286,0.3735218,-0.4721408784389496,0.33171144,-0.8907737731933594,0.128479,0.16294415295124054,-0.10865656,0.1183563843369484,-0.44036803,1.0091301202774048
48,5,132,5,-1.1793946,-1.6738296747207642,-0.03225104,-0.45054277777671814,-0.75287825,-0.4398724138736725,0.4265163,0.9560323357582092,0.4919726,-0.8218259811401367,0.773133,0.7037245631217957,-0.5470622,0.08545764535665512,-1.0390348,0.9766607284545898
49,6,116,5,-1.1457936,0.15894190967082977,-2.20656,0.02327442169189453,-0.41821766,0.3707631528377533,0.72757584,0.0702880248427391,0.41851076,-1.5801693201065063,-0.7332633,-0.4513286054134369,-0.36486545,0.050540924072265625,-0.7833762,0.7832199931144714
50,5,92,5,-1.7655915,0.5766870379447937,0.1341234,-0.3734610974788666,0.5964909,0.6985628008842468,2.3620825,-0.5201571583747864,-0.58065605,-0.19446945190429688,2.0700636,-0.5429442524909973,-0.09649563,-0.5679728388786316,0.48416042,-0.37100347876548767
51,5,117,5,0.17931335,-0.23028595745563507,2.1833723,0.4831657409667969,1.6166067,-0.3376034200191498,1.4372934,-0.10731744766235352,0.2525587,-0.2033589631319046,-1.4959949,-1.100831389427185,-0.13985316,-0.5741427540779114,-0.39241186,-0.37078380584716797
52,5,124,5,1.7311182,-0.5752804279327393,-2.4355786,0.2665540277957916,0.5094805,-0.13847637176513672,-1.2216377,-0.045859258621931076,0.22320747,0.46407508850097656,0.5640361,0.2000446319580078,-0.59148026,0.12741787731647491,-0.8146877,-0.5431919097900391
53,8,140,5,0.5288288,-0.08480151742696762,-0.6318491,-0.49514326453208923,-1.2059245,-0.16041581332683563,-1.7347535,-0.18537235260009766,0.16616027,-0.36151885986328125,0.000260671,0.08468977361917496,-1.6363605,-0.2780548632144928,-1.8025208,-0.11175918579101562
54,5,135,5,-1.3589478,0.6156476140022278,-0.3257691,0.6411728858947754,-0.4238256,0.8549396991729736,0.9351222,0.04367184638977051,0.07791742,0.006812095642089844,-0.8087819,0.06506570428609848,0.045048714,-0.2811664044857025,-0.032868702,-0.7416625022888184
55,6,115,5,-2.2598236,-2.0227794647216797,-0.3642869,-0.9771521687507629,0.5455641,-0.17877618968486786,2.8053875,0.6371669769287109,-1.6700262,-1.8154462575912476,0.44591364,-0.3799009323120117,-0.9293702,-0.06364408880472183,0.7406559,1.4543262720108032
56,6,126,5,-0.7294777,-0.2056857794523239,0.5009515,-0.33079633116722107,0.26236,-0.06824072450399399,0.99183774,0.37764811515808105,1.3430433,-0.8840029835700989,-0.49932194,-0.892985999584198,-0.11339887,-0.09295336157083511,-1.4564422,0.10285695642232895
57,6,133,5,-0.9921179,-0.7691814303398132,0.25469938,-0.8951932787895203,-0.06613954,0.3716648519039154,0.92597836,1.0992382764816284,-2.7404816,0.7562233805656433,-0.10964552,0.14903704822063446,0.12628078,-0.3252779543399811,2.8667624,-0.6196165084838867
58,6,88,5,-4.02106,-0.22901439666748047,-1.5790682,0.21534442901611328,-0.96159935,0.37266770005226135,3.0594604,0.19532783329486847,-2.1586316,0.2819455564022064,0.166591,-0.6822249293327332,-1.2247753,0.18055693805217743,0.9338563,-0.1013886108994484
59,6,121,5,-0.076276146,-0.6912452578544617,0.16892783,-0.3233734667301178,0.30790624,-0.2698937952518463,0.38418236,0.608476459980011,-0.5856724,0.29797807335853577,0.7772948,-0.13303565979003906,0.4449978,-0.6402762532234192,1.0306702,0.35174527764320374
60,7,102,5,0.38585553,0.7612988948822021,0.9947863,0.7802910804748535,0.03703952,0.8486268520355225,-0.348816,0.4420599937438965,-2.8431613,0.08414872735738754,-2.7302866,0.4689960479736328,-0.3332275,0.013378937728703022,2.5099337,-0.7526866793632507
61,6,119,5,-1.7029108,-0.5759208798408508,-2.8379526,-0.2748323976993561,0.1544805,0.30600595474243164,1.857391,0.8177623748779297,-1.8704408,-0.6249933242797852,0.06682205,-0.11517301946878433,0.48454475,0.30871835350990295,2.3549855,1.4643487930297852
62,9,144,5,1.2452987,-1.650406837463379,2.2490513,-0.027915477752685547,3.1614838,0.502248227596283,1.9161853,1.9203201532363892,-2.0120661,-0.4646819531917572,1.0490032,-0.6326878666877747,1.2055496,-0.19433021545410156,3.2176158,0.1266622543334961
63,8,129,5,1.5968595,0.3287331163883209,-0.064424515,0.5288186073303223,-0.25483426,0.11580038070678711,-1.8516936,-0.18212294578552246,-0.2732509,-0.22085602581501007,-0.2004865,-0.4594157636165619,-0.22376601,-0.21445178985595703,0.04948489,-0.16007836163043976
64,5,121,5,-1.5080276,-0.5750889778137207,-2.9098694,-0.14304065704345703,0.7744282,-0.5929279327392578,2.2824557,-0.11380147933959961,-1.7878937,-1.0357723236083984,-2.6497238,-1.3199043273925781,-0.103536926,-0.6159054636955261,1.6843567,0.07911141961812973
65,10,128,5,-0.9251302,0.0419565849006176,-0.24125369,-0.21436040103435516,0.9772952,-0.13663005828857422,1.9024254,-0.2202213555574417,-0.69910973,-0.9361791610717773,-0.42423248,-0.6793171763420105,1.2368263,-0.4266223907470703,1.935936,0.24524497985839844
66,10,141,5,0.2956284,0.5618009567260742,0.47717938,0.4470149576663971,1.8069376,0.10994601249694824,1.5113093,0.22288234531879425,-0.6303298,0.6846463084220886,0.5685256,-0.4846731722354889,0.2800258,-0.04592291638255119,0.91035557,0.18724632263183594
67,9,130,5,0.08740314,-0.051300048828125,-0.7266925,-0.31467437744140625,-1.679262,-0.31409725546836853,-1.7666651,-0.26279720664024353,-2.2033224,-0.13948948681354523,-1.9377886,-0.32092127203941345,-2.6318643,-0.5036913752555847,-0.4285418,-0.3642018735408783
68,11,141,5,-3.492318,-0.5294899940490723,-0.29688343,0.5952410697937012,-1.2499118,-0.05518881604075432,2.2424061,0.3549628257751465,-0.32178593,-0.6756607890129089,-0.14968586,0.3717050552368164,-1.0201126,-0.13967196643352509,-0.69832677,0.36930498480796814
69,8,128,5,-3.6649878,0.4690271317958832,-1.2503695,0.3659530580043793,-0.99840516,0.037331897765398026,2.6665826,-0.872264564037323,-0.9576111,-0.34723663330078125,-2.5020723,-0.8779519200325012,-1.2026247,-0.1902955323457718,-0.24501355,0.6076539158821106
70,9,104,5,0.26385427,-0.5547666549682617,-0.83399636,-0.30535396933555603,0.9623243,-0.11832801252603531,0.69847006,0.5457528233528137,-0.5610676,-0.24057579040527344,-0.087426186,0.2878913879394531,-1.0194263,-0.33560910820961,-0.45835876,0.3352874219417572
71,8,136,5,-0.49017763,-0.6374082565307617,-0.4000202,0.17004315555095673,-0.26539573,-0.38235577940940857,0.22478192,0.8438199162483215,-1.9795227,0.32218804955482483,-0.555095,-0.17398643493652344,-0.90178776,-0.38282713294029236,1.077735,-0.7050151824951172
72,8,135,5,-0.051227886,-0.4084608554840088,1.1563362,-0.7996297478675842,-0.43899503,0.12879173457622528,-0.38776717,-0.13623785972595215,1.1122942,-0.28900718688964844,1.3471848,0.4170856475830078,1.7664927,-0.1475048065185547,0.65419847,-0.01734701730310917
73,12,125,5,-0.7886694,0.11438997834920883,0.19300278,-0.053476810455322266,-0.001337409,0.08956333249807358,0.78733206,-0.024826645851135254,-1.0727428,-0.7702528834342957,-1.5474879,-1.1803077459335327,-1.0054251,0.8812553286552429,0.06731764,1.4204798936843872
74,9,117,5,0.2401201,-0.4017365872859955,-1.9552258,-0.439140647649765,-1.5131022,-0.3517724573612213,-1.7532223,0.7220823168754578,-0.3318863,0.3021647036075592,-1.3193712,-0.09514522552490234,0.010911624,-0.14574019610881805,0.3427979,0.17505581676959991
75,9,126,5,-2.3965437,-0.9831216931343079,-1.8202229,-0.5078511238098145,-3.57588,-0.3992420732975006,-1.1793364,0.4995923936367035,-2.769826,0.23898887634277344,-1.2859306,-0.1306641846895218,-3.2854576,-0.1502348631620407,-0.5156317,-0.4169282913208008
76,8,131,5,0.9383027,-1.423733115196228,1.3277937,0.013918082229793072,0.944267,-1.1876922845840454,0.005964279,0.2360408753156662,0.5387065,-0.9938347935676575,2.2260244,-0.3951128423213959,1.7584724,0.03389422222971916,1.219766,0.7025192379951477
77,10,145,5,0.6039314,-0.5895166397094727,-0.12980604,-0.6188144683837891,-0.18996651,-0.3914574682712555,-0.7938979,0.03287879750132561,-0.71110946,-1.3191299438476562,0.13327439,-0.1821187287569046,0.49871922,-0.07079664617776871,1.2098287,0.3924732208251953
78,11,145,5,0.37935463,-0.38883838057518005,-0.12153324,0.10885969549417496,0.26469406,-0.43330493569374084,-0.11466058,-0.37504181265830994,-0.254975,0.35221099853515625,-1.3493351,-0.2577311098575592,-0.83218414,-0.2936515808105469,-0.5772092,-0.7883812785148621
79,9,145,5,-0.6432392,-0.7138345837593079,0.2532557,-0.401420921087265,0.09400646,0.08807031065225601,0.7372456,0.27696189284324646,0.45289198,-0.9168516993522644,-0.055409748,-1.036202073097229,-0.14103858,-0.36183181405067444,-0.59393054,0.6456072926521301
80,8,75,5,0.69089144,1.142669439315796,0.78193194,0.0796256884932518,0.6394405,0.2553674280643463,-0.051450968,0.12090548127889633,-0.72953385,0.16579978168010712,-0.52144337,-0.9757013320922852,0.79441804,-0.15288543701171875,1.5239519,-0.046845436096191406
81,13,138,5,2.0902736,0.6612117886543274,0.934645,0.15203507244586945,1.9868131,-0.1939091682434082,-0.10346055,0.23381264507770538,2.4474342,-1.2750049829483032,-0.10437933,-0.711188018321991,1.5891552,-0.16829077899456024,-0.85827893,0.7613933682441711
82,7,139,5,0.051314235,-0.0383557491004467,-1.4357547,-0.2641831934452057,-0.051216442,0.01808818243443966,-0.10253068,-0.7805507779121399,-0.47555366,1.122642159461975,-0.2621762,0.3506218492984772,-0.2915565,-0.43730512261390686,0.18399715,-1.1309922933578491
83,4,112,5,0.4259855,-2.554548501968384,-0.005170981,-1.7575219869613647,1.32492,-0.7750824093818665,0.8989346,2.141576051712036,-1.123856,-1.8616195917129517,-0.7652976,-1.5369383096694946,0.08492502,0.19351546466350555,1.2087809,1.8786569833755493
84,4,98,5,0.6963832,-0.49770960211753845,-0.12722158,-0.8051669001579285,-1.2294363,0.11849641799926758,-1.9258194,0.6162059903144836,-1.7818044,-0.9943587183952332,-3.3661659,0.2636617124080658,-2.4226713,0.3249940872192383,-0.64086694,1.9360111951828003
85,10,122,5,-0.31998575,-1.2455819845199585,0.17967816,0.5915914177894592,1.0248903,0.04696257784962654,1.3448762,0.5324304699897766,-0.675265,-1.286524772644043,-1.1600641,0.6159696578979492,-0.9850249,0.7862472534179688,-0.30975994,0.7528975605964661
86,10,133,5,-0.58462065,-1.0995680093765259,0.5863848,-0.3328956663608551,-1.6844363,-0.5211252570152283,-1.0998156,0.21072976291179657,-0.4744037,0.14892642199993134,0.9668372,0.5972258448600769,0.20697308,0.25168800354003906,0.68137676,-0.2520802915096283
87,14,158,5,0.08255291,-0.4588433802127838,0.02861929,-0.6298511624336243,0.45239225,-0.5256713032722473,0.36983934,-0.12751643359661102,-0.3499899,-0.8281071782112122,-0.116642,-0.3918119966983795,0.99639875,-0.22256438434123993,1.3463887,0.6055428385734558
88,8,97,5,-0.19769065,-1.056383490562439,-1.3724204,-0.18607568740844727,-0.5221192,-0.5451914668083191,-0.32442856,-0.04855028912425041,-0.3491138,-0.0274225864559412,-0.398914,-0.34031644463539124,-1.3416659,-0.3680950701236725,-0.9925521,0.4283052980899811
89,8,142,5,-1.2834412,-0.4329686164855957,0.19059753,-0.06825391203165054,-0.51469755,-0.4043980538845062,0.7687436,0.1511669158935547,0.5124623,-0.9005797505378723,-0.07115968,0.5067666172981262,-1.414424,-0.20240657031536102,-1.9268862,0.79988032579422
90,4,119,5,-0.18893576,-1.3158658742904663,0.6625193,-0.1204538345336914,-0.8283441,-0.0049883523024618626,-0.6394082,1.2755743265151978,-1.3492546,-0.6407876014709473,1.1400948,-0.05134773254394531,-0.7705801,-0.11610857397317886,0.5786745,1.3225282430648804
91,7,128,5,0.36075664,-0.12008444219827652,1.1094819,-0.1414157599210739,0.3889217,0.697948157787323,0.028165063,0.17051203548908234,-0.77036476,0.5957238078117371,0.8596204,-0.23083432018756866,-0.22967799,0.12945716083049774,0.5406868,-0.4662666320800781
92,6,133,5,-2.2374308,-1.4809635877609253,-2.2854664,-0.515152633190155,-1.4290247,0.6822466850280762,0.8084061,2.8687191009521484,-1.7009646,-1.7894147634506226,-0.70798236,-0.9223413467407227,-1.2087566,0.2909930646419525,0.492208,1.4140933752059937
93,13,99,5,-0.7195607,-0.8522682189941406,-0.15409184,-0.6837897896766663,-0.2930174,-0.7778018116950989,0.42654333,0.2951935827732086,-0.13748455,0.0813852921128273,-1.1554155,-0.6483316421508789,-1.0778574,0.04237047955393791,-0.94037277,-0.149710014462471
94,8,114,5,-0.32376528,-0.5599627494812012,-2.022653,1.0716615915298462,-0.67294645,0.40339455008506775,-0.34918118,0.04249008372426033,-0.69558686,1.189803123474121,-0.78846484,0.44736576080322266,-0.43507418,-0.06735356897115707,0.26051268,-0.909369170665741
95,8,141,5,-0.7701815,-0.012989838607609272,0.050236065,1.1195411682128906,-0.43570456,-0.4570055902004242,0.33447695,-0.5613462328910828,0.47374472,0.023977279663085938,0.20346706,0.02988465689122677,0.4244016,-0.062460899353027344,-0.04934311,-0.2174040526151657
96,7,100,5,-2.3619254,-0.16555611789226532,-2.0094614,-0.5302600860595703,-0.2365125,0.648956298828125,2.1254127,0.8215481638908386,1.373567,0.2868824005126953,-1.0698404,-0.8144543766975403,0.2899634,-0.0156682338565588,-1.0836035,1.6224584579467773
97,9,142,5,-1.0144588,-0.38621076941490173,-0.5964319,-0.9634757041931152,1.4161652,0.0068766274489462376,2.430624,0.16488616168498993,0.9919751,0.46230348944664,-0.25428358,-0.5721156001091003,-0.2461869,-0.037270862609148026,-1.238162,-0.3981771469116211
98,6,143,5,-0.6219409,-0.32765308022499084,-0.7702129,-1.1212362051010132,-1.3664259,0.5373256206512451,-0.7444849,0.4522968828678131,-1.885527,0.20317363739013672,-1.756697,-0.47460970282554626,-1.3187138,-0.3996235430240631,0.5668132,-0.8553063273429871
99,8,130,5,1.9873534,-0.7814666628837585,-1.3448895,-1.5313621759414673,-0.04161358,-0.4890469014644623,-2.0289671,-0.4376053810119629,-0.2507626,-0.9684368968009949,-1.019956,-0.5146992802619934,0.8739268,-0.7661600112915039,1.1246895,0.39722633361816406
100,8,141,5,1.3611584,0.06254132837057114,-0.17060582,-0.04498720169067383,0.08725158,0.19804716110229492,-1.2739068,0.13550584018230438,-0.95740414,-0.5901718139648438,-1.08367,0.06277275085449219,0.5759533,-0.41684818267822266,1.5333575,0.4122443199157715
101,13,156,5,0.1876661,-0.182373046875,-0.62046653,-1.080762505531311,0.8643071,-0.2043306827545166,0.676641,-0.0219576358795166,0.70379704,-0.5236647725105286,-0.37418684,-0.4304351806640625,0.83940154,0.8009694218635559,0.13560455,0.47970008850097656
102,9,132,5,1.2663332,0.2288014143705368,3.460502,0.7979865074157715,1.7008185,0.22354912757873535,0.4344852,-0.2560833990573883,-0.61880845,0.4495058059692383,2.491233,-0.451159805059433,1.1697717,0.11872800439596176,1.7885801,-0.3307777941226959
103,8,125,5,-1.0180856,0.32895979285240173,0.26408827,-0.5919876098632812,-0.70179206,0.5275924801826477,0.31629357,0.19863271713256836,0.28848204,-0.7982394099235535,0.5916192,0.5796613693237305,-1.0518407,-0.2591949999332428,-1.3403226,0.22274430096149445
104,5,106,5,-1.5507656,-1.4006277322769165,-2.7403414,-1.3363476991653442,-0.8456769,-1.043871521949768,0.70508885,0.6513198018074036,-0.58020717,-0.37078189849853516,-0.9894037,-0.3947083055973053,-0.9064994,-0.385444313287735,-0.3262922,-0.01466242503374815
105,8,126,5,1.9358182,-1.1296930313110352,0.42068815,-1.0981695652008057,-0.33402228,-0.04326319694519043,-2.2698405,0.27036938071250916,-0.9324522,0.663249671459198,0.6747897,-0.4588836133480072,-0.7732439,-0.45613035559654236,0.1592083,-0.48809814453125
106,13,112,5,-0.9007929,0.3855562210083008,-0.4242312,-0.2703639566898346,-0.6492941,-0.2546811103820801,0.25149885,-0.734505832195282,1.1034504,-0.5881156921386719,-0.5374991,-0.5952494740486145,0.58335716,0.15444469451904297,-0.52009326,0.7100734710693359
107,8,112,5,-1.4535446,-0.4678168296813965,1.2933135,-0.15053796768188477,0.32527828,0.5134642124176025,1.7788229,0.1903635710477829,-0.10714213,-0.16728496551513672,-0.24362977,0.019911447539925575,0.46910158,0.30676397681236267,0.5762437,1.1662715673446655
108,7,108,5,-0.52847767,-0.2669502794742584,0.44369492,-0.0318957157433033,-0.096276045,0.3677166998386383,0.43220162,0.6346670985221863,1.2467455,-0.4445228576660156,-0.39994144,-0.41720834374427795,1.035585,-0.5279642939567566,-0.21116035,-0.42994627356529236
109,5,126,5,0.6931512,-2.0410521030426025,1.1453346,0.01334651280194521,0.92589635,-0.06949345022439957,0.23274517,1.1841486692428589,-3.6793358,-0.11076387017965317,-0.14936097,-0.8286972045898438,0.33832645,0.13993771374225616,4.0176625,-0.17239682376384735
110,9,123,5,-1.6508368,-0.7001702189445496,0.7671687,-0.3233157694339752,-0.34721628,-0.1994599550962448,1.3036205,-0.5771284699440002,-1.3728882,-0.30271562933921814,-1.1296946,0.3898344039916992,-0.28097248,-0.7960789799690247,1.0919157,0.3758185803890228
292,9,144,5,0.21954663,-0.730482816696167,0.015168349,-0.453054279088974,0.43551898,-0.050777990370988846,0.21597235,-0.3671351969242096,0.562568,-0.6450774073600769,0.87998486,-0.05526002123951912,1.5011739,-0.23770999908447266,0.9386058,0.6545518040657043
293,7,116,5,-0.70852536,-0.6194356083869934,-0.22926728,-1.2368417978286743,-0.22161405,-0.373297780752182,0.4869113,-0.5061895251274109,-1.1940495,-1.8400007486343384,-0.77351123,-1.094549536705017,-0.1631937,-0.7754707336425781,1.0308558,-0.24829959869384766
294,7,131,5,-1.9839702,-0.5848538279533386,0.53669006,-0.3240324556827545,-0.8971049,0.07960176467895508,1.0868653,0.21699707210063934,-1.8630489,-0.6009671092033386,1.104393,-0.06691328436136246,-0.56095505,-0.04992834851145744,1.3020939,0.8034932017326355
295,8,131,5,-0.4040896,-0.7620795369148254,-1.4328704,-0.8988044857978821,-0.39009795,-0.8421217799186707,0.0139916735,-0.4370906352996826,-0.54113704,-0.24960677325725555,-0.117479004,-0.5530039668083191,1.0027004,-1.0381749868392944,1.5438375,-0.4334443509578705
296,10,144,5,1.8685552,-1.2768287658691406,1.7008594,-1.6968317031860352,0.0989269,-0.5968344807624817,-1.7696284,0.5508682131767273,-0.7655182,-0.7087081074714661,-1.3566055,-0.21161143481731415,0.020337105,-0.931080162525177,0.7858553,-0.21450264751911163
297,10,140,5,1.2034736,-0.03557443618774414,-0.6468921,0.0145657854154706,-1.1390201,0.15091554820537567,-2.3424938,-0.570328950881958,-0.29668555,-0.0782216414809227,-0.4492515,0.16025066375732422,-0.49386343,-0.13362343609333038,-0.19717789,-0.22002188861370087
298,10,113,5,0.20054547,-1.8481335639953613,0.29290152,-0.3994881212711334,0.74451447,-0.497058242559433,0.543969,0.7725403308868408,1.0163488,-0.2511129379272461,1.5434093,-0.66752690076828,0.2360894,-0.5962915420532227,-0.78025943,-0.6208858489990234
299,8,133,5,2.789397,0.184065580368042,1.2893344,0.6428670883178711,1.5887102,-0.5629588961601257,-1.2006868,-0.27683743834495544,-0.69201726,-1.3856210708618164,0.077181496,-0.24743080139160156,1.3108816,-0.09577051550149918,2.002899,0.924870491027832
300,7,130,5,-0.8768776,0.7991213798522949,-0.48150697,0.1278742104768753,-1.1805972,0.8498256802558899,-0.3037196,-0.6132578253746033,1.5305926,-0.2976309359073639,0.97848386,0.8303473591804504,-0.2052501,0.2799030840396881,-1.7358427,0.4185152053833008
301,6,128,5,-0.08142471,-2.0250649452209473,2.1201458,-0.4785432815551758,1.7717544,-0.02013484574854374,1.8531791,1.8223291635513306,0.02971363,-1.2095016241073608,1.5495964,-1.0276371240615845,0.54046375,-0.3152993619441986,0.5107501,0.8942022323608398
302,8,135,5,-1.1186811,0.44010257720947266,-0.37347317,-0.38265323638916016,0.0019572575,-0.06432914733886719,1.1206384,-0.9456010460853577,2.1743963,0.17763710021972656,0.88986367,-1.1406656503677368,-0.50703335,-0.3734496533870697,-2.6814296,-0.7598667144775391
303,4,110,5,-0.32658824,-0.36324310302734375,0.033462048,-0.32582172751426697,-0.74544525,-0.6304243206977844,-0.418857,-0.18575525283813477,-2.3480775,0.34937605261802673,-0.02658844,-1.1916414499282837,-0.10258039,-0.1350666731595993,2.245497,0.13365204632282257
304,5,99,5,-0.059092283,0.18965323269367218,1.1701703,0.0035478274803608656,1.6539192,0.1627153605222702,1.7130114,-0.3509891927242279,-2.9904568,-0.7279412150382996,1.4337984,-0.18572330474853516,-0.55484104,0.06512483209371567,2.4356158,0.8989388346672058
305,5,124,5,-0.7328837,-0.6559742093086243,0.37223992,-0.5814620852470398,-1.0112987,-0.5356056094169617,-0.27841496,-0.5149553418159485,-0.18071365,-0.28250375390052795,0.6602354,-0.6633501052856445,0.09719944,-0.1595783233642578,0.2779131,-0.19003582000732422
306,6,125,5,-1.9011487,0.8726503252983093,0.3299531,-1.0695205926895142,0.6808407,-0.010417739860713482,2.5819893,-0.8830680847167969,-1.537425,-0.5001931190490723,-0.17949168,-0.21307627856731415,-2.5409691,-0.4698270261287689,-1.0035442,0.9891386032104492
307,6,122,5,2.5087063,-1.134599208831787,0.9965337,0.8246738314628601,0.49009705,0.402749627828598,-2.0186093,1.7002763748168945,-0.32959333,-0.02562173269689083,-0.051490467,-0.16487376391887665,0.09773747,-0.015923818573355675,0.42733082,-0.22073714435100555
308,11,120,5,-0.31912112,-0.6270747184753418,0.37745413,-1.082619547843933,-0.5759272,-0.03780357167124748,-0.25680605,0.6490182280540466,-0.0065081916,0.14815807342529297,1.1637131,-0.24719174206256866,-0.2610925,0.011864662170410156,-0.2545843,0.06633377075195312
309,6,130,5,-0.4506289,-0.4097013473510742,2.2627068,-0.024066606536507607,1.415217,-0.42580246925354004,1.865846,0.13859987258911133,0.084962845,-1.1326631307601929,-0.3547379,-0.5501375198364258,0.26052698,-0.28092989325523376,0.17556413,1.251733422279358
310,3,111,5,0.36703625,-2.3568789958953857,2.1416454,-0.22151660919189453,-0.38400412,-0.321310430765152,-0.7510404,2.0355687141418457,-0.5353225,0.03296725079417229,1.1867619,-0.8043909072875977,-0.41000304,-0.5715277791023254,0.12531948,-0.6044950485229492
311,4,95,5,0.11075894,-1.1861013174057007,0.5117855,-1.423414707183838,0.9217481,-0.5531006455421448,0.81098914,0.76607745885849,1.2672437,-1.1583760976791382,0.3738346,-0.921301543712616,0.35746574,-0.5875968933105469,-0.90977794,1.9599395990371704
312,4,123,5,1.3130168,-1.162314772605896,2.1090221,0.15950758755207062,1.3962888,-0.18486857414245605,0.08327206,1.440127968788147,1.2665516,-0.4922933578491211,0.22888787,-0.9893293380737305,0.25124487,0.03764025494456291,-1.0153068,0.44141483306884766
313,6,101,5,-0.9720991,-0.9550061225891113,-0.2929778,-0.287191241979599,-0.8013466,-0.5438022613525391,0.17075253,0.22812914848327637,0.060662907,-1.0844974517822266,-0.6929639,-0.449139267206192,0.09269651,-0.36097589135169983,0.032033604,0.6300592422485352
314,7,115,5,0.95487404,-0.5701088905334473,-0.5624218,-0.08548212051391602,1.1226645,-0.2698605954647064,0.16779041,0.6078464388847351,-1.7914553,-0.4687706530094147,-0.68244237,-0.4201243817806244,0.7257249,-0.17858505249023438,2.5171802,0.2901856005191803
315,10,127,5,-0.4804089,0.7865583300590515,0.60776216,0.20993240177631378,-0.6640627,-0.09231376647949219,-0.18365376,-1.1157820224761963,0.24545956,-0.3125130236148834,-0.767539,-0.5608914494514465,-1.5570784,-0.13899867236614227,-1.8025379,0.0947972908616066
316,6,128,5,-3.7923365,-1.1533070802688599,2.6596816,-0.3101002275943756,1.9596089,-0.1568637639284134,5.7519455,0.9964433312416077,-1.0058779,-0.8625748753547668,-2.0888367,-0.9640601277351379,-0.27103138,-0.1941967010498047,0.7348464,0.23772144317626953
317,7,128,5,-2.4934316,0.255694717168808,-1.1083248,0.7046025395393372,-1.4510051,-0.5488715171813965,1.0424265,0.1839585304260254,0.1790889,-0.4321816861629486,0.81968594,0.19611422717571259,-1.329779,-0.02276897430419922,-1.5088679,0.4094127118587494
318,9,110,5,0.029941479,-0.34930530190467834,-0.44969043,-0.48091921210289,0.30439082,-0.2185409814119339,0.27444926,-0.3837709426879883,0.33452448,-1.8117059469223022,-0.78793746,-1.0828889608383179,0.76185733,-0.3391876220703125,0.42733288,0.19990062713623047
319,8,120,5,0.5542047,-0.9353241920471191,0.48004565,-0.6976568102836609,0.20057528,-0.35964834690093994,-0.35362944,-0.6223503351211548,-1.0301346,-0.5085668563842773,1.1373259,-0.9282779693603516,-1.1800671,-0.35747623443603516,-0.14993255,0.07089456170797348
320,9,130,5,0.58711666,-0.485017865896225,-0.012188673,-0.6330175995826721,0.1729194,0.3387024402618408,-0.4141973,1.1480951309204102,-0.6967948,-0.2435016632080078,0.048347156,-1.0135465860366821,0.48039976,-0.13566350936889648,1.1771946,0.10783815383911133
321,9,124,5,1.6409591,-0.1696559637784958,0.29772314,-0.9377865791320801,1.1443138,-0.13827355206012726,-0.4966452,0.0005631446838378906,1.0741049,-0.7494888305664062,0.74039394,-1.1202701330184937,1.6703539,-0.3075825273990631,0.5962489,0.29598650336265564
322,9,122,5,-0.3914566,-0.460299015045166,-1.2134172,-1.5909242630004883,-0.39242014,-0.3471503257751465,-0.00096352893,-0.03581500053405762,0.4991417,-1.4760106801986694,-0.35051093,-0.15183448791503906,0.38649115,-0.8425772786140442,-0.11265055,0.6334333419799805
323,11,149,5,-0.3084073,-0.23344945907592773,-1.3371491,0.14889518916606903,-0.9642065,-0.4083592891693115,-0.6557992,-0.28018131852149963,-1.0985708,-0.4885505139827728,-1.2083292,0.2329702377319336,-0.08205382,0.2690795361995697,1.016517,-0.39411067962646484
324,9,145,5,-0.22305949,-0.7929080128669739,-0.48066902,-0.5788580775260925,-0.55986756,0.20829303562641144,-0.33680806,0.23866336047649384,-0.13497417,-0.2507658004760742,0.21390788,0.016023635864257812,-0.7091074,-0.05772590637207031,-0.5741332,-0.4045794904232025
325,8,133,5,-0.3623365,-0.47405242919921875,0.15309954,-0.3576284945011139,-0.9180856,-0.13404162228107452,-0.5557491,0.34001079201698303,-0.20851612,-0.6044543385505676,0.2344958,-0.8390315175056458,0.32487646,-0.14365386962890625,0.5333926,0.4697049558162689
326,9,123,5,1.0061998,-0.08666340261697769,0.7396655,-0.47927793860435486,2.097078,0.01752837561070919,1.0908781,0.022422393783926964,1.1288586,0.7925360798835754,1.4185501,-0.09693463891744614,2.0056632,0.630892276763916,0.87680465,0.0810495987534523
327,8,123,5,0.5542361,0.4856795370578766,1.9972569,0.29260268807411194,0.0104177,-0.9354153275489807,-0.5438184,-1.1145610809326172,-0.18377335,0.39920774102211,0.22983806,-0.5297921299934387,0.1971488,0.2453155517578125,0.38092217,-0.5202083587646484
328,6,122,5,0.5741369,-1.3638391494750977,0.24776308,-1.2995661497116089,0.8722231,0.24056601524353027,0.29808617,1.6705470085144043,-1.2718538,0.9055916666984558,2.0745409,0.27999305725097656,-0.7641662,0.18310801684856415,0.50768757,-0.6153777241706848
329,5,137,5,1.2607745,-0.07466014474630356,3.3673203,0.6183568835258484,1.2562348,0.173259899020195,-0.0045397677,0.31577935814857483,0.32519022,-1.917716383934021,-0.88224,-0.49170079827308655,-0.05397876,-0.421032577753067,-0.379169,1.5695816278457642
330,7,128,5,-0.4108182,-0.3749288022518158,1.619002,-0.5657343864440918,-0.58076876,-0.15406179428100586,-0.16995056,0.4317108690738678,0.4297255,-0.022179285064339638,0.38984457,-0.6604563593864441,1.0026933,-0.28108692169189453,0.5729678,0.09343528747558594
331,9,140,5,0.88940287,-0.1697569638490677,-0.16409604,-0.19321894645690918,-0.21167977,-0.49137911200523376,-1.1010827,-0.08214918524026871,-0.3830563,-0.5320962071418762,-0.879302,-0.06389999389648438,-0.4577993,-0.5008335113525391,-0.07474295,0.42590394616127014
332,10,143,5,-0.4123881,-0.8066084980964661,1.2610577,-1.269656777381897,-0.4314742,-0.6939072012901306,-0.019086123,0.8595951199531555,-0.9459823,-0.6985359191894531,-0.12152163,-0.47126832604408264,0.27192783,-0.588036835193634,1.2179102,-0.16109275817871094
333,11,124,5,-0.028463045,-0.15771372616291046,0.64980507,-0.3335270881652832,-0.23691607,-0.055205900222063065,-0.20845301,0.35340914130210876,0.01523145,0.8773733973503113,-1.4284487,0.0372111015021801,-0.3435243,0.22094757854938507,-0.35875574,0.5077002644538879
334,4,110,5,-0.44219002,-0.27651000022888184,-0.3842751,-1.5604382753372192,2.2621486,-0.12673218548297882,2.7043388,0.5494874119758606,-0.6697648,-0.2882626950740814,1.3079125,0.0663706436753273,-0.52012825,0.5793147087097168,0.14963658,0.07257286459207535
335,5,125,5,2.03508,-0.9698147177696228,2.2376797,-0.4962940216064453,0.80349445,0.4959193766117096,-1.2315854,1.3875993490219116,0.7321555,-0.2816648483276367,0.18237431,0.1405833512544632,0.84188575,0.0058701834641397,0.10973024,0.4309638440608978
336,10,133,5,-1.0883417,0.18132328987121582,-1.2387061,-0.8867613673210144,-0.4509357,-0.07112964242696762,0.63740605,-0.3295111656188965,-0.098392166,0.5404742360115051,-1.6827399,-1.3966054916381836,-0.47075906,0.34398332238197327,-0.3723669,-0.08497047424316406
337,4,106,5,-2.820757,-0.9765922427177429,-0.5952134,-0.3232633173465729,-1.4165505,-0.22936876118183136,1.4042066,-0.07266441732645035,1.2048935,-1.9296464920043945,-0.45863533,-0.3102010190486908,-0.6924324,0.17190678417682648,-1.8973259,2.018456220626831
338,11,144,5,0.75210124,-0.37141022086143494,1.693312,-0.522806704044342,0.85799795,-0.16001605987548828,0.10589671,0.23040318489074707,-1.0253271,-0.7559954524040222,-0.08163198,-1.4302377700805664,0.46555933,-0.5428981781005859,1.4908863,0.4979778826236725
339,6,141,5,0.48612896,-1.2540627717971802,1.0575336,-0.2310471534729004,0.7596979,0.24294209480285645,0.27356896,0.2899452745914459,-0.18153095,-0.32026100158691406,-1.3320516,0.12019220739603043,-1.1701775,0.20385392010211945,-0.9886465,0.5836502909660339
340,6,105,5,-0.11285623,0.16984494030475616,1.1955212,-0.31359657645225525,0.29945216,-0.3947110176086426,0.41230837,0.10471773147583008,-1.3562359,-0.6904439926147461,2.087106,-0.8548440933227539,0.57101536,-0.31469473242759705,1.9272512,0.024726232513785362
341,5,97,5,2.600414,-0.7891920208930969,-0.026407719,-0.15466611087322235,0.44026598,-0.43970584869384766,-2.160148,0.5530741810798645,0.7844836,-0.9670944213867188,1.5074701,-0.9223597645759583,0.53839684,0.14916133880615234,-0.24608676,1.3633060455322266
342,8,103,5,-1.943333,0.6030179858207703,-0.9061524,0.13579432666301727,-0.8042492,-0.3111104965209961,1.1390839,-0.9141284823417664,-0.5959711,0.24505965411663055,0.41116872,0.4920918047428131,-1.0789257,-0.15611426532268524,-0.48295465,0.10091050714254379
343,12,140,4,0.06967139,-0.9584630727767944,-1.7762834,-0.7062376141548157,0.7030046,-0.7480581998825073,0.6333332,0.0890931785106659,0.5337483,-0.5414776802062988,-0.37044144,-0.22324147820472717,0.4969279,-0.42686396837234497,-0.03682041,0.11461368948221207
344,3,117,5,-0.5319678,-1.3063136339187622,-0.5307961,-1.5427473783493042,-0.32565293,-0.69830322265625,0.20631488,0.9698445200920105,1.5454115,0.08746925741434097,-0.23120339,-0.01185480784624815,0.45524788,0.004904111381620169,-1.0901636,-0.09958013147115707
345,5,120,5,1.9776727,-0.7592207789421082,-1.1669812,-0.08743929862976074,0.6166258,-0.27425289154052734,-1.3610469,0.08604518324136734,0.7614663,-0.21742598712444305,-0.7051509,-0.4821319580078125,-0.33727995,-0.370086669921875,-1.0987463,0.36106905341148376
346,6,122,5,1.135728,-0.13037045300006866,-0.20749108,-0.5171543955802917,0.31043592,-0.5224456787109375,-0.8252921,-0.10990770906209946,-0.014987628,-0.08527883142232895,0.43520132,-0.8010419011116028,0.5327727,-0.17437362670898438,0.5477603,0.2359323501586914
347,6,124,5,-0.43937764,0.03200928494334221,-2.503576,-0.050182659178972244,-0.11910033,-0.05968443676829338,0.3202773,0.11597180366516113,0.14980824,-0.7414429783821106,-0.07392184,-0.10981941223144531,-0.20596282,0.4083162844181061,-0.35577106,1.313848853111267
348,4,111,5,0.4209269,0.35184240341186523,0.23810165,-0.007010936737060547,0.11415434,0.46680569648742676,-0.30677256,0.08980679512023926,1.9559988,0.3531503677368164,-1.001201,-0.5488656163215637,-0.25720754,-0.5276308059692383,-2.2132063,-0.6630487442016602
349,7,92,5,1.4122424,-0.604398250579834,-0.05021779,-1.3164292573928833,1.2253903,-0.5878542065620422,-0.18685205,0.32153773307800293,1.9955015,-1.342081069946289,-0.23207664,-1.1497043371200562,-0.0561018,-0.3509257733821869,-2.0516033,0.7954276204109192
350,5,119,5,-1.164916,-0.2850309908390045,-1.4292248,-0.2285059243440628,-0.4186484,-0.39154353737831116,0.7462676,-0.10651254653930664,-0.2095658,-0.93608158826828,0.99887866,-0.5645999908447266,0.219086,-0.19709937274456024,0.4286518,1.47978937625885
351,8,122,5,-0.1949528,-0.39349445700645447,0.40175128,0.2855238914489746,-0.16815853,0.3821198046207428,0.026794275,0.8572079539299011,-0.06247616,0.3445304334163666,-0.31795058,-0.04924996569752693,0.9550465,-0.4288838803768158,1.0175227,-0.7734143137931824
352,8,124,5,1.2023368,0.11394485086202621,-0.20208915,-0.7423820495605469,0.4298688,-0.02587811090052128,-0.77246803,0.09322913736104965,0.89376384,0.43350473046302795,1.0411526,0.4510234296321869,0.42682934,-0.11846065521240234,-0.46693453,-0.504522979259491
353,7,126,5,-0.39281783,0.7202773094177246,2.1989992,-0.8064162135124207,0.000619332,-0.013975143432617188,0.39343715,-0.038614511489868164,-1.9141821,0.08094501495361328,0.10369555,-0.8413712382316589,-0.07872518,0.1978473663330078,1.8354568,-0.02387777902185917
354,4,114,5,-0.9172829,-1.201228141784668,-0.34492874,-0.23760540783405304,-0.27498278,-0.6368412971496582,0.6423001,0.7629672884941101,-2.0683174,-1.1682811975479126,-1.1166579,-0.2771625518798828,0.27755737,-0.7742500305175781,2.3458748,0.8512477874755859
355,8,131,5,0.52309877,0.03919140622019768,-0.4750649,-0.3179478645324707,-1.0231305,0.35555586218833923,-1.5462294,0.12967872619628906,-1.6904358,0.31783008575439453,0.0675424,-0.2568887174129486,-0.7628129,0.3994620740413666,0.9276228,0.20745022594928741
356,5,122,5,2.0143545,-0.16767644882202148,2.140185,0.20777861773967743,1.6768804,-0.6440636515617371,-0.3374742,-0.5138790011405945,1.7927383,-1.0733150243759155,1.143493,-0.4544290006160736,0.8666382,-0.36166223883628845,-0.9261001,0.8902254104614258
357,8,140,5,0.9431227,0.16900093853473663,-0.67251664,-0.6684184074401855,-0.3369743,0.1423240453004837,-1.280097,0.14594054222106934,-1.2656822,-0.38880953192710876,-0.050892513,-0.15612666308879852,0.2569523,0.2396952360868454,1.5226345,0.628504753112793
358,9,100,5,-0.4909595,-0.08119853585958481,-2.1666467,-0.8829073905944824,-0.8104944,-0.1275576800107956,-0.31953493,0.5934761166572571,0.7818416,-0.26305675506591797,-0.31138834,-0.8406378626823425,-0.0739282,0.33141961693763733,-0.8557698,0.4170449674129486
359,5,107,5,0.7572506,-0.9580739140510559,-0.5122983,0.011744022369384766,-2.3714695,-0.465970516204834,-3.12872,-0.31870222091674805,-1.1732782,-0.6965980529785156,0.88352966,-0.049114227294921875,-0.2857078,-0.4809389114379883,0.8875704,-0.19264698028564453
360,10,71,5,-2.6614254,0.19902817904949188,-3.2492135,0.07177885621786118,-0.9836208,-0.1706376075744629,1.6778045,-0.2964228689670563,-0.7301178,-0.6624014973640442,-2.6487153,-0.49070772528648376,-0.95612556,-0.07085863500833511,-0.22600777,0.633549690246582
361,9,112,5,-1.4016037,0.5297415852546692,-1.7817053,-0.31026092171669006,-0.7144971,0.27575555443763733,0.6871066,-0.661994993686676,0.450881,0.3791984021663666,1.1465778,-0.5693540573120117,-0.2471215,-0.2044026106595993,-0.6980025,-0.6825568079948425
362,13,144,5,0.46923813,0.2550621032714844,1.2284807,-0.07730516046285629,0.6043207,0.4594144821166992,0.13508256,0.6204017996788025,0.2887287,-0.0485890693962574,-0.6506672,0.008149147033691406,1.1722689,0.1295045167207718,0.88354015,0.6399666666984558
363,12,133,5,0.92902994,0.8716745376586914,0.15322495,0.5736163258552551,0.099466324,0.0695180892944336,-0.8295636,-0.2309301644563675,-0.54483193,0.09329255670309067,-0.24100368,-0.48392295837402344,-0.14697392,-0.13542842864990234,0.397858,-0.5099747776985168
364,9,131,5,-0.6244917,-0.08053716272115707,-0.7173164,0.058064937591552734,0.10104235,0.6798486709594727,0.725534,-0.032638709992170334,-0.9496005,0.5450242161750793,0.49333254,-0.2055857926607132,-0.3642324,-0.04401206970214844,0.58536816,0.02213430404663086
365,6,127,5,0.9543958,-0.42384815216064453,1.8096408,-0.16318638622760773,-0.36921406,-0.1279211789369583,-1.3236098,-0.5942614078521729,-1.8899351,-1.0715633630752563,-1.1106437,-0.1822846680879593,-0.42663765,-0.47010326385498047,1.4632975,0.014814059250056744
366,7,125,5,-0.31910172,-0.8224155306816101,-0.08176708,-0.22783105075359344,-0.7545192,0.07952133566141129,-0.4354175,0.3916338384151459,-3.0891883,-0.11447938531637192,-0.92101735,0.5839090347290039,-1.0194031,0.010192235000431538,2.069785,0.31821346282958984
367,7,120,5,-1.9806547,1.311545729637146,-2.0167544,-0.5226581692695618,-0.90355545,-0.8196837306022644,1.0770992,-0.5352030396461487,0.18840091,0.46449151635169983,-0.7029381,-0.2625792920589447,0.034820557,-0.12495803833007812,-0.15358035,-0.7780017852783203
368,4,123,5,-4.597418,0.34948500990867615,-1.7189709,0.9865205883979797,-1.7285322,-0.2940128743648529,2.8688858,-0.5373867154121399,-2.0477335,-0.8896417617797852,-0.54820186,-0.8117039799690247,-1.0766373,-0.19763214886188507,0.97109634,0.16453520953655243
369,7,111,5,-8.249283e-05,0.19541406631469727,0.8485791,-0.31061092019081116,0.78873974,0.4730781614780426,0.78882223,-0.6712493896484375,0.70676833,-1.2872053384780884,1.061196,0.9741026759147644,0.43089166,0.09578577429056168,-0.27587667,0.8083369135856628
370,6,119,5,-0.07751465,0.0693298950791359,-0.025977135,0.12780530750751495,-0.56130666,-0.2878182828426361,-0.48379198,-0.46184930205345154,0.4133385,0.3264385759830475,0.19487858,-1.4347705841064453,0.19689178,-0.3068014681339264,-0.21644671,-0.4951273500919342
371,6,123,5,0.47069344,-0.5928055644035339,-2.756058,-1.0679129362106323,0.72715616,-0.599602222442627,0.25646272,0.2556813657283783,0.59817284,0.11026223748922348,-2.9141817,0.20978641510009766,-1.5177218,0.13046026229858398,-2.1158946,0.14656352996826172
372,7,116,5,-1.957991,-1.6698566675186157,-0.62357664,-0.7128279805183411,-0.13154912,-0.8455681204795837,1.8264418,0.6943343281745911,-0.7751166,-0.3556388318538666,-0.34350142,-0.4281374514102936,-1.0299762,-0.23468685150146484,-0.2548596,0.32034873962402344
373,8,119,5,-0.9508688,-0.3111133575439453,-1.4095702,0.8934637904167175,-0.77153355,0.07572492212057114,0.17933519,0.3929664194583893,-0.54816085,-0.10494422912597656,-1.7772411,0.1427367478609085,-1.0242704,0.10952123254537582,-0.4761095,0.6727288365364075
374,9,120,5,1.2653017,-1.4814705848693848,0.17274635,-0.5895927548408508,0.7029422,0.10929545015096664,-0.5623595,0.026462554931640625,-1.5445696,0.31199583411216736,0.34155878,-0.46475696563720703,-0.7110262,0.236288383603096,0.8335435,0.22483699023723602
375,4,90,5,-3.3193352,-0.38120460510253906,-0.9373744,-1.2606898546218872,-0.8651242,-0.6108459830284119,2.454211,-0.41065773367881775,-1.7909895,-1.5827604532241821,-1.8628616,-1.1503877639770508,-1.5197684,-0.8181727528572083,0.27122116,1.4073737859725952
376,9,113,5,-1.2230717,-0.5720643997192383,-1.3933052,-0.19352801144123077,-0.46962976,0.1301223486661911,0.753442,0.3327437937259674,-0.397473,-0.34671369194984436,-0.1470375,-0.8453909754753113,0.19120152,0.21621672809123993,0.58867455,0.7947282791137695
377,10,132,5,1.5981092,-1.2972126007080078,1.9617215,-1.616625428199768,-0.48099375,-0.20190858840942383,-2.0791032,1.1244298219680786,1.1194181,-0.9476454854011536,1.2868456,-0.6258916854858398,-0.11823813,-0.11245981603860855,-1.2376562,0.9785162806510925
378,6,97,5,-0.78625995,-0.7744722366333008,0.35630164,-0.5381298065185547,-0.631567,-0.18724656105041504,0.15469296,-0.06019623950123787,-0.70960206,0.11544355005025864,-1.0202204,-1.59005868434906,-1.3029337,-0.9425849914550781,-0.59333163,-0.41667938232421875
379,6,83,5,-2.4300504,-0.15751950442790985,-1.4002829,0.2371433526277542,-0.017501196,-0.2964375913143158,2.412549,-0.13891808688640594,-0.18087228,-0.0020840961951762438,0.30107942,-0.6514946818351746,-0.559357,-0.18596553802490234,-0.37848473,1.377021312713623
380,7,114,5,0.77588826,0.02870829962193966,0.28517285,-0.29170021414756775,0.47837773,-0.6930645108222961,-0.29751053,-0.7801008224487305,0.1381712,0.28075313568115234,0.35548624,0.7472931742668152,-0.5128457,0.046927452087402344,-0.6510169,-0.8475322723388672
381,8,115,5,0.5177353,0.22109873592853546,-0.7347596,0.1710144728422165,0.53091973,-0.5008163452148438,0.013184428,-0.43586406111717224,-0.15846093,-0.08221975713968277,0.1590147,-0.6364564895629883,-0.5273431,-0.5003817677497864,-0.36888218,-0.7599932551383972
382,4,124,5,0.7803335,-2.1206483840942383,-0.7017479,-1.457509160041809,0.6971648,-0.9534773826599121,-0.083168745,1.2050451040267944,2.3493311,-0.31617704033851624,-0.7153673,0.23250038921833038,0.019169489,-0.4453488886356354,-2.3301618,0.5757701992988586
383,5,110,5,0.13699453,0.7697851061820984,-1.4742192,-0.724145233631134,-0.6865584,-0.4245850145816803,-0.8235529,-1.2922366857528687,0.32041296,-1.7892717123031616,-2.3123581,-0.44793257117271423,-0.7096567,0.1484851837158203,-1.0300697,0.5223700404167175
384,11,128,5,-2.9758148,-0.11312922090291977,-0.5805238,0.34624800086021423,-0.6646526,-0.793269157409668,2.3111622,-0.5722622871398926,0.8365825,-1.0242732763290405,-2.2946498,-0.0014387766132131219,-1.102918,-0.1625407487154007,-1.9395005,0.7231795191764832
385,9,129,5,4.935186,-0.9655952453613281,4.9210815,-0.7764687538146973,-0.060441572,0.4798882007598877,-4.995628,0.09702316671609879,0.7186346,-0.401115745306015,-0.8853814,-0.16875489056110382,-0.54909515,0.45914268493652344,-1.2677298,0.6202866435050964
386,17,142,5,0.9907382,-0.26375770568847656,2.2859943,0.09786200523376465,0.6542194,0.04661639407277107,-0.33651885,0.7073456645011902,-0.12351799,1.1421890258789062,0.34050784,0.11769326776266098,0.19201724,-0.0772755965590477,0.31553522,-0.5128841400146484
387,9,135,5,0.86588115,0.37136411666870117,1.4085487,-0.1456795483827591,0.088869095,0.3626224100589752,-0.77701205,-0.1930755376815796,1.842946,0.3332935869693756,0.62946385,0.6595150828361511,-0.13389175,0.5482044219970703,-1.9768378,-0.04862101748585701
388,7,104,5,-1.7638332,-1.0156011581420898,-0.6721609,-0.39735856652259827,-0.3262148,-0.09814190864562988,1.4376184,0.601233184337616,-0.8571453,-0.43124738335609436,2.2559614,-1.4749479293823242,0.10810057,-0.32155323028564453,0.9652459,-0.10062217712402344
389,6,129,5,1.5387863,-0.6575191617012024,0.28748417,-0.30325302481651306,1.6934824,-0.08145133405923843,0.15469615,0.6115078330039978,-1.3726994,-0.8281710743904114,0.22616608,-0.7800795435905457,-0.37960434,-0.06431993097066879,0.9930951,0.6644601821899414
390,12,135,5,0.78873247,-0.38591623306274414,-0.6952753,-0.2661933898925781,-0.0015659332,0.0022666454315185547,-0.7902984,0.6406378746032715,0.39703622,0.11641597747802734,-0.21076965,0.3885170519351959,0.079286896,-0.16962368786334991,-0.31774935,0.13427734375
391,10,130,5,-0.7043355,0.006250063423067331,-0.2988476,0.29897022247314453,0.4215652,-0.3728640079498291,1.1259007,0.34879541397094727,0.17799743,0.04003461077809334,0.8359763,-1.0913251638412476,-0.70874214,-0.10672378540039062,-0.88673955,-0.14675839245319366
392,7,100,5,-0.27484813,-0.5589058995246887,0.6759637,-0.38522782921791077,-0.19710524,0.031445980072021484,0.07774297,0.3964567184448242,1.9786593,-0.7752020955085754,-2.3134668,-0.581364631652832,0.19627793,-0.10249122232198715,-1.7823814,0.42092323303222656
393,9,131,5,-0.56284046,0.4771226942539215,1.1430222,-0.025369644165039062,-0.1783541,0.28500428795814514,0.38448635,-0.6416589617729187,-1.4753857,-0.515670120716095,-2.270192,-0.6870511174201965,-0.966121,-0.38354191184043884,0.50926465,-0.03996435925364494
394,8,128,5,1.5947741,0.24148090183734894,1.5196406,-0.07791900634765625,0.15997712,0.5825274586677551,-1.4347969,-0.3233211040496826,1.2706007,0.13802464306354523,2.1998012,-0.6845429539680481,1.0233088,-0.20975494384765625,-0.24729188,-0.2021017074584961
395,9,144,5,1.6831948,-0.06866327673196793,1.4333482,0.44240713119506836,1.7754151,0.09785858541727066,0.092220224,0.4719614088535309,0.58264065,-0.7085520625114441,1.6647295,-0.7326011657714844,0.40855822,-0.09304682165384293,-0.17408244,1.0733065605163574
396,10,129,5,1.4500703,0.12370189279317856,0.2679963,-0.0906682014465332,0.13119967,-0.11533931642770767,-1.3188705,0.1666911393404007,0.5682211,-0.010292370803654194,-2.4740431,-0.14425022900104523,0.44380316,-0.07000955194234848,-0.12441794,-0.05971717834472656
397,8,117,5,-1.5042315,-0.12944920361042023,-0.54847145,-1.504058837890625,-0.8156646,-0.3941689431667328,0.68856686,0.11462751775979996,0.8166736,-0.046596527099609375,1.0158571,-0.6499738693237305,0.14757252,-0.5299838185310364,-0.66910106,-0.7385805249214172
398,8,138,5,0.27093902,-0.27049317955970764,0.77391505,0.16236655414104462,0.22036378,1.0263023376464844,-0.050575256,1.1263771057128906,-0.6215846,1.1335153579711914,-1.1217581,-0.2926727831363678,-0.17882507,0.28526338934898376,0.4427595,-0.9681034088134766
399,7,135,5,0.24841325,-0.10015138238668442,0.7632105,0.04786602780222893,-0.68655235,0.3165203630924225,-0.9349656,0.5327434539794922,1.6096083,-1.0556535720825195,0.1808656,-0.5539172291755676,-0.29193497,-0.3272676467895508,-1.9015433,0.9691804051399231
400,11,115,5,-0.1482199,-0.17168188095092773,0.08969752,-1.0167301893234253,-0.6821117,-0.9273940920829773,-0.53389174,-1.0554314851760864,-0.96186763,-0.12369600683450699,-0.08397579,-0.9209149479866028,-1.222653,-0.14359045028686523,-0.26078543,-0.6897239685058594
401,5,104,5,0.049763042,-0.9987751841545105,-0.27980742,-1.394021987915039,-1.4464502,-0.616405189037323,-1.4962134,-0.7543953061103821,-1.6657854,-1.0371580123901367,-2.0578728,-1.3126252889633179,-1.9564089,-0.873454749584198,-0.29062334,0.22413603961467743
402,7,105,5,0.17920129,0.13701565563678741,-1.2820646,-0.9267852902412415,-0.98784304,0.045543473213911057,-1.1670443,0.3949924409389496,-1.9657551,-0.6716544032096863,-0.4352026,-0.3630927503108978,-1.6572529,-0.20639483630657196,0.3085022,0.19598515331745148
403,9,118,5,1.810347,-0.24705855548381805,2.0700052,-0.436084121465683,1.0051153,-0.7312846183776855,-0.80523175,-0.45436277985572815,2.0904686,-0.5946013331413269,-0.49467945,-0.5146929621696472,-0.36070538,-0.7518472671508789,-2.451174,-0.34587350487709045
404,5,99,5,0.73375225,-0.2177276611328125,2.8044498,-0.06496477127075195,2.1149626,-1.4080066680908203,1.3812102,-0.07065495103597641,-0.4723908,-0.8521201014518738,0.29704127,-1.1712859869003296,1.8812898,-0.6833200454711914,2.3536806,-0.3202110826969147
405,8,142,5,0.3678174,-0.2689422070980072,0.60768586,-1.4438294172286987,-1.0555269,-1.4831165075302124,-1.4233443,0.4030734598636627,0.5495418,-1.728581428527832,-1.0577093,-0.5835905075073242,-0.7183803,-0.4515647888183594,-1.267922,0.6646817326545715
406,9,130,5,-2.2221038,-0.9326598048210144,-0.6294117,0.40210971236228943,-2.4636652,-0.5354184508323669,-0.24156158,0.39724135398864746,0.12389183,0.0963449478149414,0.4684569,-0.37280115485191345,-2.2383168,-0.21826870739459991,-2.3622086,-0.563532829284668
407,6,128,5,2.0262034,-1.933357834815979,0.9324352,-1.6207822561264038,0.04173358,-2.1226937770843506,-1.9844698,-0.498098224401474,1.0680586,-1.7288957834243774,1.2055146,-1.2062982320785522,0.8435752,-0.5238010287284851,-0.22448349,0.7260230183601379
408,11,123,5,-0.42146978,-0.7094313502311707,-0.46460596,-0.31746983528137207,-0.48526487,0.1919541358947754,-0.06379509,0.13428322970867157,-0.85005504,-0.2996438443660736,-0.3383681,-1.858573317527771,-0.35183525,-1.1689010858535767,0.49821982,-0.16967518627643585
409,16,146,5,-2.1411946,0.1978917121887207,0.5731726,-0.5610909461975098,-0.5798323,0.3654238283634186,1.5613623,0.18932335078716278,-0.58804864,0.5600652694702148,-1.4513731,-0.16133148968219757,-0.85152406,0.11724027246236801,-0.26347542,-0.20189762115478516
410,7,129,5,-0.62648344,-0.70648592710495,1.1202197,-0.6216721534729004,1.01403,0.7918429970741272,1.6405134,1.4792345762252808,-1.2234745,-1.1978445053100586,-0.09300963,-1.2342802286148071,0.06252638,0.038901329040527344,1.2860008,1.2252143621444702
411,8,122,5,-3.8587248,-0.9381205439567566,-3.305207,-0.7512616515159607,-2.8242486,-0.19986073672771454,1.0344762,0.9407351613044739,-3.573328,-1.4582462310791016,-4.48342,-0.6261774897575378,-2.7132242,-0.8097655177116394,0.8601039,1.774004340171814
412,9,103,5,0.5798877,-0.9160191416740417,1.5519902,-0.8949486613273621,0.9040894,-0.9009645581245422,0.32420167,-0.09182342141866684,-0.48359552,0.5252799987792969,2.4159956,-0.2718973159790039,0.56906223,-0.47307777404785156,1.0526577,-0.9983577728271484
413,6,124,5,-1.7470745,-0.5955764651298523,0.4428146,0.0009579658508300781,1.2242166,-0.40884098410606384,2.9712908,0.16812658309936523,-1.7089449,-0.8518235087394714,-0.27093187,-0.4893973767757416,0.27655825,0.7221034169197083,1.9855032,1.9035717248916626
414,8,136,5,1.1736321,-0.7172367572784424,-1.0328135,-0.3147106170654297,-1.440924,-0.2410411834716797,-2.614556,0.7380667328834534,-1.4735657,-0.6919596791267395,-1.0158834,0.8511362075805664,-0.30323377,-0.060606956481933594,1.170332,0.7269325256347656
415,6,122,5,1.6915293,0.008502800948917866,1.801877,0.7724695205688477,2.491799,-0.8867871761322021,0.8002696,-0.7192473411560059,-0.58517903,-1.2916494607925415,0.43539748,-1.1599664688110352,0.98710984,-0.164865180850029,1.5722889,0.6101336479187012
416,6,132,5,-1.6453263,-0.9783754348754883,-1.0455707,-0.6785006523132324,1.4596987,-0.9564983248710632,3.105025,0.009597539901733398,2.7791889,-0.6540266871452332,0.7615611,-0.2820800244808197,1.1652666,-0.7663294672966003,-1.6139221,-0.11230278015136719
417,7,109,5,0.45791307,-0.14504289627075195,0.4726118,-0.5967421531677246,-0.8647049,0.05086660385131836,-1.322618,0.15556256473064423,-2.1613207,-1.1496082544326782,-3.7034729,-0.17556731402873993,-1.8533064,-0.20358054339885712,0.30801424,0.4692207872867584
418,8,121,5,0.9105981,-1.152274489402771,-1.8252105,-1.2726057767868042,1.3382845,0.2193550318479538,0.42768645,0.010594844818115234,2.0752876,-2.073375940322876,1.5391092,-1.0188312530517578,0.21382649,-0.16240406036376953,-1.861461,1.0704141855239868
419,6,84,5,1.2948574,-0.4064701497554779,-0.5525465,-0.3802568018436432,-0.8787327,-0.7082195281982422,-2.17359,0.34753337502479553,0.96986705,-0.7216405868530273,-1.3497711,-1.5922352075576782,1.0871223,-0.3929738998413086,0.11725521,0.3076804578304291
420,6,83,5,-2.2309198,-1.2295478582382202,-1.9701381,-0.7544474601745605,-1.0585026,-1.1922850608825684,1.1724173,0.8162899017333984,2.011038,-1.5005489587783813,-0.5849164,-1.142778754234314,0.29676595,-0.6436341404914856,-1.7142721,-0.36729368567466736
421,6,112,5,-1.5436902,-1.4403451681137085,0.1462822,-0.012455463409423828,-1.2798262,-0.21049737930297852,0.26386404,0.7925162315368652,-0.31298542,-0.8729031682014465,-1.6714493,-1.3058372735977173,-1.3295082,-0.6395918726921082,-1.0165228,-0.4288876950740814
422,10,105,5,-0.2635447,0.11924251168966293,-1.510486,-0.24993212521076202,0.7255624,-1.1124138832092285,0.98910713,-1.355838418006897,-1.856288,0.39046797156333923,-1.5266609,-0.8555262684822083,-0.10107104,-0.6157779693603516,1.755217,-1.0112406015396118
423,8,134,5,0.73257226,-0.45132240653038025,0.31007567,-0.368673175573349,0.57334656,0.4422193467617035,-0.1592257,0.5433658957481384,-0.8750887,0.13438765704631805,-1.1201935,0.1487763673067093,-0.5943311,0.25310054421424866,0.28075758,0.4317797124385834
424,8,134,5,-0.026314735,0.2554593086242676,-0.47672305,1.1302913427352905,1.0305632,-0.15004491806030273,1.056878,-0.5161591172218323,-0.66764325,0.14494292438030243,-0.68212384,-1.086709976196289,-0.26546574,-0.40675511956214905,0.40217748,-0.8487100601196289
425,10,97,5,-0.59270716,-0.5836074948310852,1.4099754,-0.27630385756492615,1.0413553,-0.3223830759525299,1.6340624,-0.40935611724853516,-0.2696174,0.4311552047729492,0.9464871,0.12181631475687027,0.19257736,0.00016434986901003867,0.46219477,-0.2121868133544922
426,8,136,5,1.063387,0.21232175827026367,-1.0533223,-1.2591040134429932,-0.17875321,0.24609963595867157,-1.2421402,-0.26752781867980957,-0.04932626,0.9376459121704102,-0.2036012,0.6572672724723816,-0.8010381,0.3575468063354492,-0.75171185,-0.5800991058349609
427,6,125,5,1.9092573,-1.737277865409851,2.1327784,0.7970653176307678,1.6399838,-0.41579142212867737,-0.26927343,0.717724621295929,-2.2828438,0.5656089782714844,1.5439965,0.2159881591796875,-0.10116863,-0.3221565783023834,2.1816752,-0.8877655863761902
428,6,122,5,-0.07314762,-0.809955358505249,-1.2011034,-1.0382999181747437,-0.20435615,0.6287034749984741,-0.13120854,1.640645980834961,-1.2878698,-0.41580137610435486,1.6732994,0.37735113501548767,-1.025341,0.116984523832798,0.26252875,0.6998982429504395
429,7,112,5,1.1407919,-1.4936505556106567,0.5601043,-0.8473133444786072,0.40938267,-0.6335287094116211,-0.73140925,0.8907785415649414,-0.21732934,-1.9903112649917603,0.30226675,-1.004826545715332,-0.21763515,-0.374127060174942,-0.00030581155,1.6098909378051758
430,9,126,5,-0.17091958,-0.04062477871775627,0.7709808,-1.018749475479126,0.10610954,-0.5715848803520203,0.27702913,-0.10439363867044449,-1.0247787,-0.21978473663330078,0.7796971,-0.3959318697452545,-0.68212605,0.11388269811868668,0.34265265,0.5004768371582031
431,8,133,5,1.0313622,-1.5969027280807495,1.3968735,-0.7110645771026611,-1.2086166,-1.2777248620986938,-2.2399788,-0.4492839276790619,-0.4603815,-1.4344106912612915,-1.2479763,-1.6442238092422485,-1.1985048,-1.1509456634521484,-0.73812324,0.027232805266976357
432,6,130,5,-2.5163243,0.19757461547851562,1.362192,-0.053661901503801346,-1.4754883,0.3050576150417328,1.0408359,0.7922523617744446,-1.200442,-1.5647987127304077,-1.0819095,-1.0273586511611938,-1.8217369,0.3374249041080475,-0.621295,1.5395504236221313
433,5,125,5,-2.394685,1.1893340349197388,0.361063,1.2355598211288452,-0.7885275,-0.3009513318538666,1.6061574,-0.9929389357566833,-1.0017262,-0.22081470489501953,-0.8226083,-0.6336638331413269,-1.9386762,0.048552196472883224,-0.93695,-0.4345588684082031
434,7,128,5,-0.6164994,-0.7045845985412598,-1.8289686,-1.1669368743896484,-0.37241864,0.4861009120941162,0.24408078,1.190685510635376,-0.22145016,0.5858166813850403,-2.7517202,-0.5976021885871887,-1.596785,-0.48065185546875,-1.3753347,0.6451756358146667
435,9,103,5,-0.4764875,-0.7223526835441589,0.6221071,-0.12898261845111847,-0.35204586,0.293833464384079,0.12444162,0.6095766425132751,0.6083997,-0.49027538299560547,0.2560021,-0.7443882822990417,-0.5935666,-0.3862342834472656,-1.2019663,0.10404109954833984
436,9,118,5,-1.6450915,-0.14844560623168945,0.9559682,-0.42004522681236267,-0.7346196,-0.5314815640449524,0.9104719,-0.32324647903442383,-1.0535475,-0.61369389295578,-1.5104548,-0.7268473505973816,-1.0968968,-0.925700843334198,-0.043349266,0.42367711663246155
437,8,126,5,0.2562448,-0.7124903798103333,0.14052026,-0.6839178204536438,-1.2806219,-0.10759305953979492,-1.5368668,1.1783255338668823,-1.245862,0.14232508838176727,-0.10070133,-0.9437808990478516,-0.06993675,-0.07226181030273438,1.1759253,0.19653797149658203
438,8,100,5,-0.17325985,-0.6736024022102356,-0.22968066,0.22785599529743195,-1.3836851,-0.6530421376228333,-1.2104253,-0.05361596867442131,-1.6733379,-0.4059721529483795,-0.13883813,-0.41075196862220764,-2.2002294,-0.00031534829759038985,-0.5268914,-0.9674933552742004
439,4,129,5,1.1322055,0.17798399925231934,-1.3786753,-0.0277684535831213,-1.6833134,0.06753063201904297,-2.8155186,0.31939712166786194,-2.2314937,-1.465661644935608,-2.1487541,-0.49487176537513733,-1.5646992,-0.24680455029010773,0.6667945,0.645776093006134
440,6,120,5,-0.086589016,-1.5349993705749512,0.84499264,-1.4617632627487183,-0.5312843,-1.3780722618103027,-0.44469532,-0.5094876289367676,-0.66736346,-0.5019156336784363,-0.65644425,-0.3373667299747467,-0.9572975,-0.21301968395709991,-0.289934,0.24748070538043976
441,7,104,5,1.2376633,-0.9355111122131348,-0.2612865,-0.4695993959903717,1.3697587,-0.35673269629478455,0.13209558,0.4986821711063385,0.7912512,-0.9782816767692566,-2.2391284,-0.3329369127750397,0.58607453,0.10119978338479996,-0.20517667,-0.59283447265625
442,8,127,5,-1.1718677,-0.16220124065876007,0.7683501,0.20057058334350586,1.004682,0.033111412078142166,2.1765497,0.6956194043159485,-0.7096961,-0.8233264088630676,-0.7540601,-1.1102975606918335,1.2414688,-0.35184893012046814,1.9511648,0.7074661254882812
443,5,95,5,-2.2840698,-0.8551483750343323,-1.878229,-1.6884039640426636,1.3086032,-2.0850250720977783,3.5926726,-0.7813434600830078,0.4387773,-1.4085251092910767,0.0004968643,-1.8261709213256836,0.53621644,-1.8602491617202759,0.09743913,-0.4517240524291992
444,6,116,5,-3.6243641,-0.4463880956172943,-1.5944465,-0.7379984855651855,-2.889735,-0.38344159722328186,0.73462933,0.20176482200622559,-2.441623,-0.02315489389002323,-0.40925154,1.170920729637146,-2.9588203,0.2538522183895111,-0.5171973,-0.3667736053466797
445,9,113,5,-0.85904425,-0.9522672295570374,-0.69759685,-0.2500411570072174,-1.5633839,-0.6967188715934753,-0.7043397,0.5299883484840393,-0.5119133,-0.20832443237304688,-1.6086813,-0.7225325703620911,-1.3981565,-0.3231487274169922,-0.88624316,-0.15776316821575165
446,9,120,5,-0.8872768,-0.03014341928064823,0.95814085,-0.34304818511009216,0.05637948,-0.20344603061676025,0.94365627,-0.5987532734870911,-0.3220345,-1.0516592264175415,0.26893362,-0.9988377690315247,-0.59520465,-0.617076575756073,-0.27317014,0.8308246731758118
447,9,79,5,-1.1804322,-0.3755834102630615,-0.739192,-1.767982840538025,0.032643795,-0.34060564637184143,1.213076,-0.3650447428226471,0.17837174,-0.4578132629394531,1.5021791,-1.4348539113998413,-0.107079186,0.11401621252298355,-0.28545094,0.34400907158851624
448,6,125,5,-0.001271089,-0.74696946144104,0.77180713,-1.2244776487350464,-2.0033772,-0.35130438208580017,-2.002106,0.4335685670375824,-2.0409184,-0.7512480616569519,-2.5990753,-0.48778724670410156,-0.8673795,0.2696196138858795,1.1735388,0.9944829940795898
449,10,138,5,-0.70459634,0.2753499448299408,0.44234642,-0.5258895754814148,1.7565017,0.03931903839111328,2.4610982,0.08710559457540512,-0.12491417,-0.35091590881347656,-0.650574,0.6706816554069519,-0.31625018,0.9448449015617371,-0.19133599,0.6237676739692688
450,13,146,5,0.63028556,-0.5495907664299011,0.52879626,-0.04703744128346443,0.017852545,0.12525248527526855,-0.612433,0.6748432517051697,0.97630215,-0.5122349858283997,-0.3366076,0.6662416458129883,-0.06521797,0.17981910705566406,-1.0415201,0.6920540928840637
451,6,123,5,-1.3296341,0.24505789577960968,-2.0108268,-0.5754545331001282,-0.2720898,-0.15201203525066376,1.0575442,0.2452642172574997,-0.6830301,-0.5555432438850403,1.2193273,-0.5086638331413269,0.13700771,-0.3485768735408783,0.82003784,0.11587556451559067
452,9,129,5,1.3588219,-0.49734988808631897,0.028132757,0.2633954584598541,0.1739726,-0.15432317554950714,-1.1848494,-0.5414167046546936,-1.2138081,-0.04579353332519531,-0.56928414,-0.054007530212402344,0.32111454,-0.8163042068481445,1.5349226,0.5247967839241028
453,7,107,5,-2.320627,0.3613397181034088,-2.0454998,0.16897328197956085,-2.4551628,-0.6277925968170166,-0.13453563,-0.9891323447227478,-1.1061949,0.4284585416316986,-2.0147047,-1.3392196893692017,-0.71046287,-0.3724997937679291,0.39573193,-0.6735949516296387
454,8,136,5,-0.31841636,-1.0784826278686523,2.3142092,-0.2286478728055954,-0.35384306,-0.6707525253295898,-0.035426695,0.3448340892791748,-2.9182322,-0.6556259989738464,-0.42803732,-0.488147109746933,-1.0033232,0.7230049967765808,1.914909,1.503331184387207
455,5,128,5,-0.7907007,-0.2387477606534958,0.8779537,-0.8352670073509216,0.43004432,-0.5567145943641663,1.220745,-0.5133361220359802,0.85268945,-1.0381797552108765,-1.1713867,-0.5873241424560547,-0.7441142,-1.330953598022461,-1.5968037,0.7348516583442688
456,6,133,5,-0.4364257,-1.1357289552688599,-2.8695018,0.1262369155883789,-0.28186014,-0.14495857059955597,0.15456553,1.4138402938842773,0.61751527,-1.025700569152832,1.8001219,-0.18466059863567352,-0.71860856,0.01910622976720333,-1.3361238,1.0448068380355835
457,7,128,5,-0.73737067,-0.4351125657558441,-1.0530952,-0.04235903546214104,-1.2197386,0.3467017114162445,-0.4823679,0.9168232083320618,-3.3082464,-0.4637015759944916,0.20368259,0.33621564507484436,-0.5708186,-0.2010609358549118,2.7374277,-0.07263501733541489
458,11,129,5,-0.92928344,-0.5182744860649109,1.1752249,-0.639493465423584,-0.42359915,0.6643786430358887,0.5056843,0.7650360465049744,0.71452874,-0.6153141856193542,1.4187078,-0.2991914749145508,0.45832476,0.08997026830911636,-0.25620398,1.0211416482925415
459,8,129,5,-0.44929075,-0.5805004239082336,0.96822387,-0.20949220657348633,-0.856029,-0.5942112803459167,-0.40673813,-0.11717931181192398,0.9272413,-0.4800961911678314,-0.3994608,-0.9560931324958801,-0.7079172,-0.07738924026489258,-1.6351585,-0.26642003655433655
460,10,125,5,-0.45213398,-0.26041364669799805,-0.6380747,-0.19448788464069366,-0.50438553,0.37045910954475403,-0.052251577,0.9401876330375671,-1.0284733,-0.21815936267375946,-0.9199111,-0.02175172232091427,0.5340271,-0.29623064398765564,1.5625004,-0.07807127386331558
461,7,140,5,0.16108195,-0.8847188949584961,-1.4464754,-0.7751572132110596,-0.43463102,-0.5238208770751953,-0.59571296,0.23120617866516113,-0.3796762,-0.49441656470298767,-0.42244816,0.02838166616857052,0.68735665,-0.6629145741462708,1.0670328,0.20003096759319305
462,9,141,5,-0.447745,-1.1043606996536255,-1.3522886,-0.9691197276115417,-0.5641429,-1.516107439994812,-0.11639786,-0.6278241276741028,2.208687,-0.6928319931030273,0.9153039,-0.5826012492179871,-0.14741834,-0.6793234944343567,-2.3561053,0.13239924609661102
463,7,118,5,0.95350736,-1.7400566339492798,2.4563348,-1.1176711320877075,-0.31844068,-1.578160285949707,-1.271948,0.30133113265037537,1.1154913,-0.5945501327514648,2.2595444,-0.4205729067325592,0.405351,0.06997299194335938,-0.7101402,0.6377579569816589
464,8,121,5,-1.1617854,0.17510032653808594,-2.227412,1.098354458808899,-0.3459251,-0.23828594386577606,0.8158603,-0.4268110692501068,-1.0505619,-0.43890252709388733,0.9623187,0.03382714465260506,0.041400272,-0.0071887969970703125,1.0919622,-0.2518281936645508
465,4,91,5,-0.28684774,-1.1662455797195435,-1.2204541,0.22272475063800812,-0.9109892,-0.6384804844856262,-0.62414145,0.32912006974220276,-0.11867714,-0.18285052478313446,1.0554632,-0.6556189656257629,-1.7908932,-0.40411219000816345,-1.672216,-0.5398648381233215
466,6,113,5,2.1148093,0.34305086731910706,2.7624571,-0.17354075610637665,1.3756784,0.26676321029663086,-0.7391309,0.5172101855278015,-1.0304626,0.11925125122070312,-0.0062290826,0.7705628275871277,0.9427468,-0.15589363873004913,1.9732094,-0.5335375666618347
467,4,65,5,0.35153785,-1.5634733438491821,1.3242544,-0.48149242997169495,0.16623767,-0.949749231338501,-0.18530019,1.021816611289978,1.9369217,-1.1737060546875,-1.4063679,-0.1906178742647171,-0.120150566,-0.05187066271901131,-2.0570724,0.3387117385864258
468,7,120,5,-0.6821391,0.46776652336120605,1.6520437,0.04119610786437988,0.12061421,-0.29602718353271484,0.80275327,0.6624414324760437,-1.4813315,-0.9493331909179688,1.865036,-0.031523704528808594,-0.3890648,0.02278169058263302,1.0922667,0.24139659106731415
469,7,114,5,0.046892643,-1.2178950309753418,-1.4411782,-0.4086359441280365,0.3137517,0.006690502166748047,0.26685905,0.5505194664001465,1.9854788,-0.26563993096351624,0.55463725,-0.8311929702758789,-0.19301891,0.009381611831486225,-2.1784976,0.7844266891479492
470,9,117,5,-0.055892784,-0.5940483212471008,0.20462751,-0.5282972455024719,0.10847616,-0.35934892296791077,0.16436894,0.20988130569458008,0.18852806,-0.48711809515953064,-0.23626868,-0.14813899993896484,1.0796953,-0.005208015441894531,0.89116734,0.1210988387465477
471,10,132,5,-0.2604834,1.0668749809265137,-1.516502,-0.31359705328941345,0.7381716,-0.1761905401945114,0.998655,-0.758098840713501,0.5848411,0.18928177654743195,0.17695045,-0.5725710988044739,-0.18158405,-0.12320264428853989,-0.76642513,-0.7154915928840637
472,12,144,5,-1.808712,0.04914696887135506,-1.1175345,-0.1121617928147316,-0.009224097,-0.3257284164428711,1.799488,-0.37487539649009705,-0.33233103,-1.0247904062271118,0.4633061,0.45816072821617126,0.05674394,-0.34755706787109375,0.38907495,0.3143272399902344
473,4,113,5,-1.0811163,0.11226455122232437,-2.2324321,0.18077556788921356,0.65122604,-0.10685666650533676,1.7323424,-0.3024756908416748,-0.6765687,0.21503925323486328,-3.3263273,0.0977783203125,-0.37279478,-0.1767236441373825,0.30377388,-0.9407196044921875
474,14,146,5,1.0755428,-0.3074566423892975,0.88052684,0.03447316214442253,-0.29275116,0.055190205574035645,-1.3682939,0.6433389782905579,-0.5169967,0.18859083950519562,-0.3058618,0.8341767191886902,-0.3308023,-0.04614575579762459,0.18619442,0.09143082052469254
475,13,140,5,0.23395784,-0.646543025970459,-1.0958959,0.13571803271770477,-0.047374327,-0.29073357582092285,-0.28133217,0.33612918853759766,-0.45679602,0.22520923614501953,-1.3707861,-0.20131461322307587,0.54869527,0.19615840911865234,1.0054913,-0.7538334727287292
476,10,121,5,-1.8959013,0.09792789071798325,-0.33662224,-0.044000785797834396,-0.8056278,-0.31421875953674316,1.0902735,-0.5719916820526123,0.20298862,-0.1611286848783493,0.7470471,-0.25180497765541077,-0.92676705,-0.07596015930175781,-1.1297556,-0.2638022005558014
477,12,143,5,-0.8211422,-0.4955569803714752,0.41997862,0.06408357620239258,-0.580259,0.1502140313386917,0.24088319,0.09887798875570297,0.33847556,0.3592414855957031,-0.16464932,-0.12203121185302734,0.20560646,-0.1167806014418602,-0.13286908,-0.16670799255371094
478,13,138,5,-1.6302868,-0.008844534866511822,1.154667,-0.3362620770931244,0.073368944,-0.30656909942626953,1.7036558,0.029415130615234375,-0.7449662,-0.02127949334681034,-0.19045512,0.05478668212890625,0.27104983,-0.6670309901237488,1.016016,-0.9126717448234558
479,8,135,5,-0.28270054,-0.13452832400798798,-2.082519,-0.12665240466594696,-0.9888126,-0.3109329640865326,-0.7061121,-0.24623751640319824,-1.1995713,-0.7067413330078125,-0.07312107,0.9021485447883606,0.017680487,-0.5815636515617371,1.2172518,0.4154691696166992
480,12,131,5,-1.1902665,0.43887391686439514,-0.39717117,-0.17094390094280243,-1.140482,0.29324105381965637,0.0497845,-0.289456844329834,-0.75552243,-0.2615499496459961,0.20894623,0.48200321197509766,-0.3661909,0.5359141230583191,0.3893315,0.8553568720817566
481,14,143,5,-0.78725165,0.009201288223266602,-0.71087456,0.16074895858764648,0.40645805,-0.1037149429321289,1.1937097,0.036509037017822266,0.9254319,0.020259538665413857,-0.72633106,-0.2058401107788086,0.5423524,0.5691595077514648,-0.38307953,0.07271766662597656
482,8,111,5,0.10503483,-0.2978228032588959,-2.3684862,0.2839643955230713,-0.7446988,0.0727938786149025,-0.84973365,0.9012327790260315,-0.97823554,-0.28912925720214844,-0.61853343,-0.39728450775146484,0.86848706,0.39021745324134827,1.8467226,0.3779226839542389
483,8,129,5,-0.020603338,-0.20691506564617157,-0.37940502,-1.972131609916687,-0.019629002,-0.4849228858947754,0.0009743373,0.16930580139160156,-0.34175143,-0.1488199234008789,0.21758048,0.47637367248535156,0.44299936,-0.05150604248046875,0.78475076,0.29732704162597656
484,8,123,5,-0.29880366,-1.4210443496704102,1.0016071,-1.2817751169204712,-0.5137706,-0.44863033294677734,-0.21496694,0.746438205242157,-0.13166587,0.8832171559333801,0.5846465,-0.18026447296142578,0.16835912,0.29332414269447327,0.300025,-0.48652076721191406
485,12,110,5,-1.0569986,-0.5123434066772461,-0.49314317,0.6452841758728027,-0.41321167,0.7132120728492737,0.6437869,0.5546443462371826,0.23921013,-0.217019721865654,-0.9608348,0.4541991651058197,-0.83463955,-0.16384093463420868,-1.0738497,0.4793968200683594
486,6,121,5,-0.1994168,-0.3109113276004791,1.3771278,0.24212424457073212,-1.6131153,-0.12411483377218246,-1.4136987,0.01839645765721798,0.9016864,-1.3382387161254883,1.2118311,0.4341045916080475,-1.6493273,-0.07254886627197266,-2.5510137,0.3833303451538086
487,6,86,5,-3.6904469,-0.1377091407775879,-1.3374487,-0.5678706169128418,1.4312085,-0.7478516697883606,5.121655,-0.6101425290107727,-0.6958901,-0.42678388953208923,-0.7719886,0.06494935601949692,0.09370899,-0.07918071746826172,0.7895991,0.3476031720638275
488,8,138,5,-0.6490739,0.295377254486084,0.20664549,-0.025285085663199425,-0.22207443,-0.5700955390930176,0.42699948,-0.531087338924408,-2.7901247,-0.5437507629394531,-1.3847532,-0.3137916028499603,-0.80673283,-0.4272146224975586,1.9833918,0.08109060674905777
489,7,139,5,-1.0563325,-0.8508356213569641,-3.3146894,-0.4790678024291992,-0.6922166,-0.3373687267303467,0.36411586,0.308856338262558,1.9345528,-0.6663503646850586,-0.36567688,1.0549157857894897,-0.17431419,0.06138356402516365,-2.108867,1.1734288930892944
490,7,123,5,-1.5871254,0.12213325500488281,-2.2919989,-0.12958534061908722,-0.19450824,0.6692159175872803,1.3926172,0.9349585175514221,0.080304466,-0.13162390887737274,0.21196079,0.010903994552791119,0.29043117,-0.19439060986042023,0.21012671,-0.3039042055606842
491,7,128,5,-0.089766584,-0.2686924934387207,-0.48735443,-0.6863662600517273,-0.56610966,0.03878267481923103,-0.47634307,0.470968633890152,-0.5519689,-0.7841997146606445,0.5614665,-0.3731638491153717,-0.4524835,-0.20569610595703125,0.0994854,0.6819941401481628
492,7,127,5,-1.7289726,-0.09852520376443863,0.5156266,0.019980669021606445,0.6054755,0.5807453989982605,2.334448,-0.022470155730843544,1.616939,-0.5835380554199219,0.563968,0.0547688789665699,-0.6752558,-0.3705482482910156,-2.2921946,0.25804758071899414
493,8,96,5,0.96582574,0.40116724371910095,0.48026285,-0.12813973426818848,-0.77964586,-0.42642641067504883,-1.7454716,-0.6345025897026062,-0.71648055,-0.26405271887779236,-2.6407635,-0.11429818719625473,-0.31078434,-0.09767309576272964,0.40569624,0.23173046112060547
494,11,116,5,-0.21974675,-0.7512986063957214,-1.4596429,0.5053971409797668,-0.1868434,-0.06970524787902832,0.032903355,0.2038884162902832,-1.188199,-0.8768377304077148,0.4860967,-0.2822307050228119,1.243795,-0.13823938369750977,2.4319942,1.0083290338516235
495,8,135,5,0.5730984,0.9053153991699219,-0.121712685,0.30234432220458984,-0.4355577,0.2301725596189499,-1.0086561,-1.083361268043518,0.29776478,-0.08412996679544449,-0.5708418,0.06076240539550781,-0.20746104,-0.4269796907901764,-0.50522584,-0.1870015412569046
496,12,131,5,0.6231591,-0.12025991827249527,-1.3724346,0.11503783613443375,1.578386,-0.33328819274902344,0.9552269,-0.30171456933021545,1.0048647,-0.21120484173297882,-1.0639763,-0.3541771471500397,1.0937036,-0.14613278210163116,0.0888389,-0.32746633887290955
497,8,124,5,-0.5884647,-1.1841076612472534,-0.5825908,-1.209098219871521,0.59426636,-0.8010825514793396,1.1827309,0.12175210565328598,-1.0015717,0.09554354101419449,-1.5858198,-1.0517196655273438,0.39224306,0.08936691284179688,1.3938147,-0.05907662585377693
498,13,129,5,-0.6681898,0.43182405829429626,-1.4123569,0.009292364120483398,-1.0374745,0.580249547958374,-0.36928463,0.2806755006313324,-0.642807,1.0191866159439087,-0.41297594,-0.31892967224121094,-1.0788399,0.06300735473632812,-0.43603292,-1.0197862386703491
499,10,111,5,0.47288942,-0.3619658052921295,-0.71296114,-0.6809852719306946,0.7050133,-0.24501562118530273,0.23212385,-0.4560542106628418,0.80498,-0.5514554977416992,0.7390086,-0.754603385925293,0.5268583,-0.24807517230510712,-0.27812162,0.05427805706858635
500,14,135,5,-0.38746104,-0.11772354692220688,-0.46677932,-0.43671679496765137,-0.17945711,-0.21759097278118134,0.20800392,-0.11265119165182114,0.92039424,-0.6147610545158386,1.837965,-0.8684164881706238,-0.083063126,-0.7768678665161133,-1.0034574,-0.16210682690143585
501,13,117,5,0.5691109,0.2899107038974762,0.28511763,-0.1875011920928955,0.35239306,0.0357256717979908,-0.2167178,-0.2541850507259369,0.23819701,-0.1877501755952835,-1.4112936,-0.27373918890953064,-0.5575638,-0.10043621063232422,-0.7957608,0.08168474584817886
502,5,113,5,-2.127917,-0.47483015060424805,0.14849131,0.276265949010849,-1.0121417,-0.1589411050081253,1.1157755,-0.077830471098423,-0.9554313,-0.7481479644775391,0.13418834,-0.2837635576725006,0.026448568,-0.3885631561279297,0.9818799,0.4757324755191803
503,15,125,5,-0.47263226,-0.34867367148399353,-0.30703688,-0.5141963958740234,0.48494348,-0.24874813854694366,0.95757574,0.06981309503316879,-2.6047525,0.05471515655517578,-0.47571406,-0.28404679894447327,-0.69691724,-0.17173831164836884,1.9078354,0.31507396697998047
504,7,125,5,-0.84645826,0.14689874649047852,-0.5348585,0.4776451289653778,-0.33873978,0.026322444900870323,0.50771856,-0.12057629972696304,1.4707861,0.21495215594768524,0.15247028,0.4894682466983795,-0.099271454,0.2918030321598053,-1.5700575,0.07685089111328125
505,7,106,5,0.90908337,-0.9816365242004395,0.03486951,-0.359290212392807,-0.0678517,-0.6048116683959961,-0.9769351,1.21074378490448,-1.7871269,-0.2998911440372467,0.6622877,-0.2982276380062103,-0.24718268,-0.06028556823730469,1.5399442,0.674139678478241
506,10,133,5,-0.008608182,0.00015163421630859375,-0.22342212,-1.0831667184829712,0.42436233,-0.9353100657463074,0.43297052,-0.7266365885734558,-1.5169954,-1.0827919244766235,-1.9603682,0.32983270287513733,-1.569664,-0.18936283886432648,-0.05266857,0.8934291005134583
507,14,144,5,-0.8094327,0.30829310417175293,-2.618439,-0.3282417356967926,-0.198843,0.005548159126192331,0.6105897,-0.2692243158817291,-1.2293634,-0.4863828122615814,-1.6318922,-0.3010352551937103,-0.46659246,0.0481673888862133,0.76277095,0.7378924489021301
508,6,124,5,-3.1718922,0.11071634292602539,-4.4494786,-1.3709691762924194,0.17225616,-0.47035589814186096,3.3441484,-0.12337970733642578,-2.942794,0.482719749212265,-1.9459223,-0.19674396514892578,-1.1299356,0.27805009484291077,1.8128586,0.5685763359069824
509,6,120,5,-1.7860789,-0.2805379331111908,-0.6673651,-0.08810552209615707,-0.31479025,-0.17028482258319855,1.4712887,-0.06110604479908943,0.25707975,-1.0022834539413452,-0.7075863,-0.7098299860954285,-0.50238484,0.00722058629617095,-0.75946456,1.2139571905136108
510,8,125,5,-1.7777739,-1.3200193643569946,-0.56789136,0.18626768887043,0.15261666,-0.045391399413347244,1.9303907,1.3432656526565552,0.42497125,-0.33022722601890564,0.73603344,0.2369019240140915,0.75459224,0.19308121502399445,0.329621,0.6849409937858582
511,5,127,5,-3.1558616,-0.061788398772478104,-2.25976,0.4033527374267578,-0.97042036,0.1845541000366211,2.1854415,0.6031284332275391,-0.7081795,-0.7101996541023254,-0.67944145,-0.7941891551017761,-1.3304192,-0.15935134887695312,-0.62223977,0.5508483052253723
512,8,130,5,-1.0049744,0.19903548061847687,-0.0016314188,0.2534477710723877,-0.20862381,-0.5417810082435608,0.79635054,-0.4609890878200531,0.4877135,-0.8847758173942566,-1.076944,0.3059988021850586,-0.4944423,0.1718638688325882,-0.9821558,0.32521852850914
513,7,122,5,-0.13470046,-0.15485715866088867,1.2995815,-0.24704980850219727,0.51187587,-0.03264451026916504,0.64657634,0.5013585090637207,-0.54307336,-1.0089155435562134,-0.24994214,-0.10423501580953598,0.6370907,-0.6489712595939636,1.180164,0.35994434356689453
514,4,96,5,0.4042697,-0.3943006992340088,-1.3745937,-0.026708444580435753,-0.7405614,-0.1922130584716797,-1.1448312,0.43575286865234375,0.74511623,-1.364052414894104,0.86044025,-1.256577491760254,-0.44599152,-0.744166374206543,-1.1911077,0.5906124114990234
515,7,130,5,-0.7093115,-0.3697173595428467,-0.9618713,-0.33089718222618103,-1.0292484,-0.29051604866981506,-0.3199369,0.7486712336540222,-0.66897327,-0.8467947840690613,-2.3115942,-0.6605193018913269,-0.5700865,-0.051474254578351974,0.09888681,0.8968574404716492
516,7,117,5,0.5389201,-0.4688046872615814,-0.6340155,-1.0395957231521606,-0.97767824,0.26243653893470764,-1.5165983,0.6718524098396301,-0.2267526,-0.1039530411362648,0.02037684,-1.346854567527771,-0.5768328,-0.1066487655043602,-0.35008016,-0.2038777619600296
517,6,130,5,-0.43581152,-0.15756233036518097,1.6027528,-0.4874991476535797,0.51230067,-0.24175262451171875,0.9481123,0.31522274017333984,0.5789668,0.9210799336433411,-1.9121538,-0.5042740702629089,0.20811684,0.19038963317871094,-0.37084994,0.07214323431253433
518,6,102,5,-2.861293,0.22492551803588867,-0.5565188,-0.0569310188293457,-1.1604148,-0.4063534736633301,1.7008786,-0.8677501678466797,0.6443141,0.5617268681526184,0.640817,0.3254413604736328,-1.0994072,0.11921405792236328,-1.7437214,-0.23302142322063446
519,4,104,5,1.4309498,-2.5282492637634277,-0.7916689,-1.1664683818817139,-0.23176272,-0.03527259826660156,-1.6627127,1.7588022947311401,-3.2999713,0.20224635303020477,-0.8596776,-0.5872065424919128,0.42195192,-0.17566616833209991,3.721923,-0.3779125213623047
520,6,140,5,0.5925495,-0.7973489761352539,-3.2005527,-0.15422193706035614,0.016004166,0.15181748569011688,-0.5765453,1.0861693620681763,-1.142271,0.39796510338783264,-0.74112195,1.1021753549575806,-0.08271122,0.1153208389878273,1.0595598,-0.26735273003578186
521,8,121,5,-0.42724428,-0.8391470909118652,-0.102343164,-0.4518547058105469,-1.0494496,-0.19464094936847687,-0.62220526,0.6445061564445496,-1.6969801,-1.2656879425048828,-0.04483223,-0.7635011672973633,-0.2531732,0.12433274835348129,1.443807,1.390020728111267
522,4,130,5,-0.2972735,-1.72539484500885,-1.2243501,-0.36794862151145935,0.6134076,-0.3417890965938568,0.91068107,0.3782617151737213,0.72563523,-1.1010936498641968,-0.062470753,-0.9015684127807617,-1.4324859,0.10918331146240234,-2.158121,1.5565420389175415
523,6,120,5,2.4431114,1.508201241493225,-0.054430485,-0.6048701405525208,0.33951744,0.09442123025655746,-2.1035938,-2.294893264770508,-1.872262,-0.9636538624763489,0.30240917,-0.7693141102790833,-0.4218092,-0.3625100553035736,1.4504528,0.8570807576179504
524,4,114,5,-0.22198963,-0.23601102828979492,-0.075717844,0.07214561849832535,-0.15142448,0.06709393113851547,0.07056522,0.3415290415287018,1.3032385,-0.46768537163734436,-1.4967006,0.24995136260986328,1.1351589,-0.4188222885131836,-0.16807969,0.04886309430003166
525,9,133,5,2.6808891,-0.5502936244010925,-2.1024256,0.11479441076517105,-0.4006238,0.5202228426933289,-3.0815132,1.079797625541687,0.69663906,-0.0112457275390625,-1.1408472,-0.4283173978328705,0.35607338,0.10541629791259766,-0.34056568,0.11666202545166016
526,7,137,5,-1.8900734,-0.5651159882545471,0.34888807,-0.3553431034088135,-0.84050274,-0.07518959045410156,1.0495707,2.0406577587127686,-1.8595358,-0.12591521441936493,-1.045935,-0.03239186480641365,-1.0081171,-0.2702811658382416,0.8514188,0.1888284683227539
527,6,106,5,-0.52128905,-1.5870250463485718,-0.8736159,-1.2980445623397827,0.37072238,-0.16436345875263214,0.8920114,1.4226614236831665,-1.7937237,-1.226334571838379,-1.135074,-1.2340961694717407,1.3292795,-0.2504221498966217,3.1230032,0.3634074628353119
528,7,124,5,-0.10651747,1.298954725265503,-0.01575017,0.4652334749698639,0.09851941,0.4871408939361572,0.20503688,-0.5571238994598389,-0.79569083,0.11687151342630386,-0.53303593,0.6829745173454285,-0.12953599,1.0860942602157593,0.66615486,0.9440606236457825
529,5,95,5,-1.7389129,0.030216535553336143,-1.2919585,-0.8752793669700623,-0.06492845,-0.9689812660217285,1.6739845,-0.3501419126987457,-1.782568,-0.3272463381290436,-0.6186282,-0.9308159947395325,-2.3483655,0.28259310126304626,-0.5657976,0.3226032257080078
530,14,143,5,1.4194502,0.14589612185955048,-0.45519623,0.10733556747436523,-0.68935156,0.39322033524513245,-2.1088016,0.6349835395812988,0.46151543,0.2942989766597748,-0.006286939,-0.9621337056159973,-0.30919203,0.6096293330192566,-0.7707074,-0.7441237568855286
531,8,107,5,-1.5071079,0.5899631977081299,-1.8258934,0.043187301605939865,-1.9743152,0.8699288368225098,-0.46720728,0.6804669499397278,0.87633866,0.5927515029907227,-0.86734104,-0.42797407507896423,-2.2647092,0.6822128295898438,-3.1410477,0.6139952540397644
532,6,124,5,0.48560715,-1.602696418762207,-1.6029068,-0.5491604804992676,-2.6369503,0.25509896874427795,-3.1225574,1.5934902429580688,-0.32406458,0.012238502502441406,0.21649773,-0.9409933090209961,-1.9537245,-0.8142595291137695,-1.62966,1.4129713773727417
533,14,134,5,0.2784969,-0.06710362434387207,-1.7209263,-0.45831045508384705,-0.5374917,0.04134058952331543,-0.81598854,0.49842238426208496,0.04108016,-0.5621512532234192,-0.8701032,0.5328066945075989,-0.14412339,-0.764873206615448,-0.18520355,-0.20780181884765625
534,5,103,5,-0.5582969,-2.6602120399475098,-1.2169281,-1.451257586479187,-0.8737615,-0.6606326103210449,-0.3154646,1.8612937927246094,0.3296782,0.1505899429321289,-1.6203645,-0.31863656640052795,-0.668307,0.6559855341911316,-0.9979852,-0.0010380744934082031
535,11,112,5,0.52174634,0.29684504866600037,0.70726186,-0.38653960824012756,0.5093519,-0.5026829838752747,-0.012394428,0.20508480072021484,-1.7092463,-0.00052642822265625,-1.447629,-0.036368370056152344,0.8335902,-0.39996910095214844,2.5428364,0.6107276082038879
536,5,131,5,1.8587395,0.23359186947345734,-0.8558068,0.24018001556396484,0.25262117,1.1184453964233398,-1.6061186,0.2330528050661087,0.57861966,0.49276161193847656,-0.39115462,1.770035743713379,1.2129488,0.7608038783073425,0.63432914,0.1016337051987648
537,6,142,5,-3.3674562,-0.30199846625328064,-2.7803917,-0.9419269561767578,-1.2087481,-0.17695029079914093,2.1587079,0.29667338728904724,-0.03705597,-0.8480701446533203,-0.6952076,0.10870710760354996,-0.42185435,-0.3954896926879883,-0.38479838,0.972466766834259
538,8,107,5,-1.4759063,-1.474207878112793,0.17957957,0.258430153131485,-0.6272662,-0.4947873055934906,0.84863997,0.7059469819068909,0.67802876,0.2726036608219147,-0.27463722,-0.4016834795475006,0.027192116,-0.6040738224983215,-0.65083665,-1.0943857431411743
539,6,96,5,-0.020998955,-0.22971820831298828,0.84295607,-0.11598721891641617,1.2816347,-0.05789073184132576,1.3026335,0.17182748019695282,1.1024908,-0.394549697637558,-1.0416349,-0.1557779312133789,0.41528067,0.15167760848999023,-0.6872101,0.6161556243896484
540,12,130,5,-0.59854126,-0.14631779491901398,0.479664,-0.6657557487487793,0.64609236,-0.2109472006559372,1.2446336,0.30591368675231934,0.030880928,-0.223593071103096,-0.30676618,-0.6522639393806458,-0.08963394,-0.35519853234291077,-0.12051487,0.01925945281982422
541,12,116,5,-0.16149044,0.17484140396118164,-0.37690386,-0.3443431854248047,-0.11339966,-0.2670927941799164,0.048090775,-0.441934198141098,1.1851963,-0.5991786122322083,0.05827586,0.4449911117553711,-0.35747847,-0.558009147644043,-1.5426747,0.21922333538532257
542,8,123,5,-0.23411281,0.45254579186439514,0.9250049,-0.30070924758911133,0.58001024,-0.4657425880432129,0.8141231,-1.4282808303833008,-1.6630646,-0.7426169514656067,0.03760783,-0.05358441546559334,0.33772627,-0.14546234905719757,2.0007908,0.8559122085571289
543,6,125,5,1.4000365,0.3753999173641205,0.17570846,0.28866133093833923,0.047022104,-0.4741384983062744,-1.3530145,0.17422199249267578,1.5525118,-2.1560046672821045,-1.1813065,0.2648404538631439,0.778148,-0.6569048762321472,-0.7743638,1.1336349248886108
544,10,101,5,-2.0381129,-0.5878912806510925,-2.3903008,-0.6553962826728821,-1.8566378,-0.46560826897621155,0.18147516,0.1918959617614746,-1.1426821,-1.3190044164657593,0.18820031,-0.39083194732666016,-0.5768401,0.13191573321819305,0.565842,0.2668733596801758
545,6,129,5,-0.7481003,-1.6141749620437622,-1.8724736,-0.8125729560852051,-0.28301492,-0.8066763877868652,0.46508536,0.904133141040802,-0.8006649,0.1144418716430664,-0.57254285,0.133615180850029,-0.43124452,-0.06487894058227539,0.36942038,0.2741508483886719
546,5,124,5,0.15672064,-1.7495735883712769,1.1808776,-0.4099749028682709,0.411913,-0.8483633995056152,0.25519237,1.205893874168396,1.194985,-0.36535581946372986,1.8409904,-0.3249534070491791,-0.115076385,-0.6855900883674622,-1.3100615,0.21680736541748047
547,13,134,5,2.4008093,-0.21522347629070282,-0.66011906,-0.9698779582977295,0.43004975,-0.3930898606777191,-1.9707594,-0.3237799108028412,1.1729552,-0.15099208056926727,-1.2875175,-0.28906726837158203,0.04132557,-0.5932658314704895,-1.1316296,0.0682312622666359
548,11,101,5,-1.4746786,-0.4465726315975189,-1.6303257,-0.18013890087604523,-1.5217584,-0.6296243667602539,-0.047079723,-0.18305175006389618,-2.1212788,0.3096485137939453,-0.3971176,0.01760641671717167,-1.9349226,-0.802087128162384,0.18635623,-1.1117357015609741
549,6,133,5,0.5332308,0.22430658340454102,0.40506682,-0.25875726342201233,0.6326987,0.46048974990844727,0.09946791,0.25668835639953613,-0.8616645,0.7099218368530273,-1.0138642,0.1617491990327835,-0.34691653,-0.27305474877357483,0.5147479,-0.7788772583007812
550,12,134,5,-1.0912641,-1.2249706983566284,-0.25035796,-1.4638341665267944,-0.11875359,-0.29097768664360046,0.9725105,-0.1047993078827858,-0.63942146,-0.5890538096427917,0.65968484,-1.2382093667984009,0.9863415,-0.29752030968666077,1.6257629,0.123748779296875
551,14,113,5,2.2970471,-0.7732427716255188,1.0978223,-0.13599173724651337,0.4575622,-0.1286594122648239,-1.8394848,1.2611737251281738,1.4142399,0.04358482360839844,1.2918606,0.2918733060359955,-0.44581857,0.04863929748535156,-1.8600584,0.2550535202026367
552,8,126,5,0.57538986,-0.34483465552330017,0.5006232,0.17895062267780304,-0.21512651,-0.32888302206993103,-0.7905164,-1.3302054405212402,-0.13012536,-0.9747727513313293,-0.33693027,-0.31718412041664124,-0.45110574,-0.8634519577026367,-0.3209804,-0.08584117889404297
553,6,115,5,0.15974872,0.2797367572784424,-0.58510494,-1.944193720817566,0.8386838,-0.9225854873657227,0.67893505,-0.45300230383872986,-1.6505579,-0.369208961725235,-1.2769423,-0.7654523849487305,-1.3740953,-0.629267692565918,0.27646255,-0.6095454096794128
554,7,127,5,-1.3734833,-0.4116966724395752,-1.742457,-0.8846032023429871,-0.7708023,-0.31866154074668884,0.602681,0.09303513914346695,-0.792675,-0.8937358856201172,-1.0591764,-0.18650119006633759,-0.82678634,-0.09795093536376953,-0.03411134,1.075338363647461
555,7,119,5,1.6258092,-0.050649244338274,-1.4183235,0.6288873553276062,0.7517249,-0.10698461532592773,-0.8740843,0.6391017436981201,0.64025337,0.3291269838809967,0.33418527,0.9419720768928528,-0.13119252,0.460400253534317,-0.77144593,0.4020366668701172
556,6,99,5,-0.48439455,-0.6387929320335388,1.6463844,-0.8038620948791504,0.29415333,-0.3091611862182617,0.7785478,0.36632394790649414,-0.84827137,-0.5816542506217957,-0.280756,-0.3923088610172272,-1.2200092,-0.3063947260379791,-0.3717378,-0.7093760371208191
557,4,84,5,-1.1912944,-1.2688699960708618,0.4265636,0.7597419619560242,1.3558608,-0.7608802914619446,2.5471551,0.49243927001953125,-1.1073567,-1.0256658792495728,-0.36854076,-1.450335144996643,-1.5055351,-0.47901439666748047,-0.39817843,0.503392219543457
558,10,126,5,-0.35443607,-0.7397344708442688,1.0864023,-0.23466841876506805,0.5737743,0.06954511255025864,0.9282103,1.34618079662323,-1.1126337,-0.8611084818840027,-0.5482858,-0.7159996032714844,0.20727825,0.17204125225543976,1.319912,1.5030988454818726
559,4,128,5,2.036209,-0.3773559033870697,1.091478,0.15104763209819794,0.6390007,0.04003540799021721,-1.3972083,0.417391300201416,0.32938132,-0.03379567340016365,-1.7219483,-0.9388325810432434,2.0731733,-0.2301778793334961,1.743792,-0.24560578167438507
560,8,138,5,-0.63570637,0.09212668985128403,-0.21015911,-0.8337302207946777,-0.89116526,-0.6788612008094788,-0.25545892,-0.5481160283088684,0.11190859,-1.164717674255371,-0.5533845,-0.3123006820678711,-0.15027046,-0.34001031517982483,-0.26217905,1.1109542846679688
561,6,128,5,-0.43172073,0.4035297930240631,2.0313578,0.2285933494567871,-0.5420229,-0.38138604164123535,-0.11030213,-0.6515297293663025,1.4370333,-0.5901142954826355,-0.69220924,-0.023001989349722862,-1.286163,0.00371551513671875,-2.7231963,1.5949058532714844
562,8,107,5,-2.009662,-1.912288784980774,-1.0845284,-0.6255409121513367,-0.7494642,-1.353430151939392,1.2601976,1.3036311864852905,0.57417613,-0.05320517346262932,-0.6876526,-0.7661387324333191,-1.0363868,-0.576725959777832,-1.6105629,0.2748994827270508
563,5,109,5,1.9438652,-0.39001521468162537,2.2262874,-0.38667312264442444,-1.0011516,-0.3015114367008209,-2.9450169,-0.22435641288757324,1.0199327,0.7009115219116211,-0.4287332,-1.2725543975830078,-0.14086246,0.05501556396484375,-1.1607952,-0.8631000518798828
564,7,120,5,0.25050607,0.49855318665504456,-0.30699348,-0.7387849688529968,-0.5132868,0.4698355197906494,-0.76379293,-0.3116932809352875,-0.6915528,-0.7863359451293945,0.25184408,0.3756052553653717,0.034141224,-0.48522821068763733,0.725694,0.13438288867473602
565,6,127,5,-2.0642018,-1.2578544616699219,-0.37327227,1.4908720254898071,-1.2495995,-0.11512867361307144,0.8146024,1.0752335786819458,0.56078625,-2.5008137226104736,0.37472057,0.5892674326896667,0.6999709,0.10068225860595703,0.13918464,2.9110805988311768
566,6,125,5,-1.8446671,-2.5973212718963623,-0.31035647,-1.4563442468643188,-0.75337076,-0.09835609048604965,1.0912963,1.7233370542526245,1.699696,1.146830677986145,0.5614297,0.3835643231868744,1.1494719,0.6023022532463074,-0.550224,-0.12588469684123993
567,6,131,5,-0.8597228,0.1853516846895218,-1.4039812,-0.13901448249816895,-0.487576,0.032833974808454514,0.37214676,-0.15251775085926056,-1.3286486,0.31698575615882874,-2.3466568,-0.19884014129638672,-0.50330734,-0.4411567151546478,0.8253412,-0.8254795074462891
568,5,123,5,2.4781668,-0.2916792333126068,3.040224,0.1493668556213379,0.7961197,-0.44734033942222595,-1.682047,-0.15566110610961914,-1.1041714,-1.4377161264419556,0.87896186,-0.21430587768554688,-1.7207012,-0.1561727523803711,-0.61652976,0.6028181910514832
569,5,129,5,1.1833835,-0.3797774314880371,0.22322829,-0.22421567142009735,-0.9900015,0.09907197952270508,-2.173385,0.4788494110107422,-0.7212197,0.406878799200058,-0.75635785,0.2641887664794922,-0.7172753,-0.1188201904296875,0.003944397,-0.5005588531494141
570,6,116,5,0.7161705,-0.6363946795463562,0.028601727,-0.48243728280067444,-0.8191378,-0.686568558216095,-1.5353082,-0.05017391964793205,0.52389556,-0.650618851184845,0.48070717,-0.15021736919879913,0.8035806,-0.5102542042732239,0.27968502,1.0614770650863647
571,11,145,5,2.3687868,-1.4640560150146484,1.9041103,0.4675265848636627,0.34532514,-0.36708807945251465,-2.0234618,0.9535518288612366,1.3198448,-0.8336747288703918,-0.07245827,-0.22600491344928741,-0.076179825,0.2732674181461334,-1.3960247,1.0590635538101196
572,16,153,5,0.29035392,-0.18271224200725555,-0.5592887,0.10185114294290543,-0.84025365,0.04072650149464607,-1.1306076,-0.14654779434204102,0.45452055,-0.07073116302490234,-0.509635,-0.46801820397377014,-0.95050937,-0.07896646112203598,-1.4050299,-0.2653282582759857
573,10,120,5,-1.6766142,-0.6375956535339355,-1.7505344,-0.7136444449424744,-0.36097065,-0.41406717896461487,1.3156434,-0.16923625767230988,0.17326228,0.15535545349121094,-0.071183205,-1.2101818323135376,0.28918615,-0.5907366871833801,0.11592388,-0.6751015782356262
574,8,141,5,-0.24882841,0.11600605398416519,0.5022249,-0.1692311018705368,-1.3635801,-0.875213086605072,-1.1147517,-1.639775276184082,-0.73189956,-0.8167212605476379,0.27787971,-0.10348129272460938,-0.068647705,0.22226111590862274,0.6632519,0.9807103276252747
575,8,142,5,1.0281695,-0.3111470639705658,-0.24394687,-0.8414764404296875,-0.90437347,-0.43581175804138184,-1.9325429,-0.32902392745018005,1.0224508,-0.0919748917222023,0.4639381,0.1189889907836914,-0.35461298,0.11947473138570786,-1.3770638,-0.3915672302246094
576,11,125,5,0.31726757,-1.6144546270370483,-0.6139043,-1.2366609573364258,-1.0080838,-0.7330706119537354,-1.3253514,1.0731154680252075,-1.5572428,0.05870978161692619,-0.26408482,-0.09258651733398438,-1.8496832,-0.35370635986328125,-0.2924404,-0.5440025329589844
577,9,123,5,-0.45348644,-0.5026084780693054,-0.8505958,0.43605008721351624,0.68176645,-0.2857438623905182,1.1352528,0.0811152458190918,-0.7467572,-1.630597472190857,0.15437412,0.120513916015625,0.82355404,-0.4942289888858795,1.5703112,1.3516699075698853
578,6,127,5,1.4665467,-1.378994107246399,-0.8791693,-0.705897331237793,-1.7120615,0.0207239780575037,-3.1786082,0.46174073219299316,-0.18562031,0.27002111077308655,1.0754904,-0.2575244903564453,-0.43120828,-0.4192536771297455,-0.24558799,-0.30767473578453064
579,10,116,5,0.68521017,-0.5332398414611816,-0.17975776,0.09009798616170883,-0.95388037,0.12809912860393524,-1.6390905,0.6110426783561707,-1.6160294,0.3222872316837311,0.12189039,-0.3904625475406647,-0.42959085,0.1499217301607132,1.1864386,-0.7483091354370117
580,8,142,5,1.0356063,-0.8206932544708252,-2.1098082,-0.24406464397907257,-0.2128082,-0.6695801615715027,-1.2484144,0.05516878888010979,-2.3317292,-0.0022287368774414062,-0.6554429,-0.2797015607357025,0.99059135,0.5156885981559753,3.3223207,0.09904130548238754
581,5,127,5,-1.8081778,-0.9357026219367981,-1.5519923,-0.12314335256814957,-1.7137609,-1.4713478088378906,0.09441694,-0.42806363105773926,-1.2728943,-1.6343578100204468,-2.6499527,-0.6825701594352722,-1.181716,-0.8452253341674805,0.09117826,0.7110545039176941
582,3,129,5,-0.7390297,-1.5198520421981812,0.12220112,-0.41996559500694275,-1.0415316,-1.0405561923980713,-0.30250183,-0.9868462085723877,-0.31805134,-2.0066850185394287,-2.5509684,-1.4247198104858398,-0.63863945,-0.2848958969116211,-0.3205881,1.3563270568847656
583,5,116,5,-1.3493198,-0.8429460525512695,0.07270312,-1.223554015159607,0.9909095,-0.18738429248332977,2.3402293,0.45201435685157776,-1.7080914,-0.558918297290802,0.8062938,0.06022198870778084,-1.5592165,-0.6901528239250183,0.14887492,0.34103551506996155
584,4,108,5,2.0443087,-1.4563803672790527,-0.3148675,-0.3932838439941406,-1.4418048,-0.21291494369506836,-3.4861133,0.7602420449256897,-1.3549188,-0.4953667223453522,-0.5331777,-0.21176879107952118,0.12090906,-0.132150337100029,1.4758278,0.7340240478515625
585,4,113,5,-2.5945127,-2.164584159851074,-1.9832834,-0.5755086541175842,-2.0105226,-0.9347005486488342,0.5839906,0.132455512881279,-0.70584774,0.5604502558708191,-1.612978,-0.5144417881965637,-1.4728245,-0.8135611414909363,-0.76697665,-0.8011841773986816
586,3,120,5,1.4610677,-1.03248131275177,0.1662519,0.3724447190761566,0.5309105,-0.032003600150346756,-0.9301572,0.8249006867408752,0.47710195,-0.9660565257072449,1.2589067,0.06732431799173355,-0.06482792,0.47662797570228577,-0.5419299,0.07764879614114761
587,10,139,5,0.30832878,-1.1848640441894531,-0.6888296,0.5105463862419128,0.6086667,-0.5323741436004639,0.30033794,0.6524899005889893,-1.3064913,0.22484557330608368,2.3080492,0.6699714660644531,1.5790812,-0.12722046673297882,2.8855724,-0.8595682978630066
588,7,106,5,0.08184036,-1.054421305656433,-0.59077233,-0.9976007342338562,-0.8912211,-1.1405035257339478,-0.9730615,1.4669218063354492,0.109957695,-0.46438536047935486,-0.17681535,0.09440135955810547,0.035262108,-0.13460509479045868,-0.07469559,-0.7076190114021301
589,12,153,5,0.69828576,-0.11606192588806152,0.7960722,-0.5815401673316956,0.094927944,0.031014760956168175,-0.6033578,0.23036813735961914,-0.39247832,0.24585437774658203,0.7466707,-0.34171804785728455,0.020567259,-0.5464203953742981,0.41304556,-0.0825134888291359
590,6,119,5,-1.1314042,-0.320136696100235,-0.6225664,-0.4300190508365631,-0.22505872,-0.439969927072525,0.90634555,-0.4441510736942291,0.44678816,-0.3529990613460541,-2.4487002,0.3831113278865814,-0.7945973,-0.3001807630062103,-1.2413855,-0.14284992218017578
591,10,132,5,-0.20070441,-0.7966558337211609,0.8893633,-0.8271787762641907,1.7745348,0.17175190150737762,1.9752393,0.326784610748291,-0.9789737,-0.6071837544441223,0.99802464,-0.1773487776517868,0.7993002,0.3372519910335541,1.7782739,0.5450360178947449
592,4,111,5,1.7500046,-0.5956218838691711,-1.3987054,-1.2109602689743042,-0.70556235,-0.09623146057128906,-2.4555671,0.3044913709163666,-1.5095571,-0.3367713391780853,0.6505372,0.4630797803401947,-2.7171576,-0.23286502063274384,-1.2076006,0.1039063110947609
593,8,112,5,-0.74130887,0.4585436284542084,-0.11809,0.3604612350463867,-1.1855053,0.1354118138551712,-0.44419643,-0.5485053062438965,1.3066677,0.24106311798095703,0.46745744,-0.7276051640510559,-0.04387935,-0.26033148169517517,-1.350547,-0.07828649133443832
594,6,128,5,0.3789231,-0.14968864619731903,-0.6739405,-0.5759163498878479,-0.16071574,-0.37157681584358215,-0.5396388,-0.3842431604862213,-0.89370793,-0.4731616973876953,-1.6463178,-0.24034976959228516,-0.13418134,-0.10893122106790543,0.75952655,0.33228111267089844
595,6,117,5,1.4126558,-0.19732744991779327,1.2055064,-1.30986487865448,0.7140346,-0.08351389318704605,-0.6986213,1.3004406690597534,-1.6806746,0.7667185664176941,-0.632726,0.4055051803588867,0.6665599,0.0958709716796875,2.3472345,-0.28733667731285095
596,11,139,5,1.38651,-1.227159023284912,2.4894662,-0.8181276917457581,2.2913532,-1.226090431213379,0.9048431,-0.07137393951416016,-0.7017606,-0.5041179656982422,-0.33170542,-0.10915470123291016,1.2155834,-0.06166331097483635,1.9173441,0.09329859167337418
597,11,136,5,-2.2205865,-0.8735976219177246,-2.0339158,-1.0184743404388428,-1.4842129,0.1460561752319336,0.73637366,1.4899349212646484,-2.779557,-0.5095236897468567,-1.0350577,-0.2378733903169632,-2.0566819,-0.2077132910490036,0.72287494,0.6955483555793762
598,6,108,5,-1.9435767,-0.07196203619241714,-2.310568,-0.10956796258687973,-2.8611991,-0.504275381565094,-0.9176224,-0.145634725689888,-2.2922475,-0.05717722699046135,-0.7296966,-0.4815734326839447,-2.4210806,-0.2736879885196686,-0.12883313,-0.2423737794160843
599,7,123,5,-0.6157894,-0.9261783957481384,-1.9750513,-0.38531503081321716,-0.7586649,-0.6506297588348389,-0.14287551,0.2755486071109772,-2.6762218,-0.6777524948120117,-0.04068883,-1.1147302389144897,-0.9070174,-1.365605354309082,1.7692045,-0.04533131793141365
600,8,90,5,1.2317839,-0.1087808609008789,1.3708614,-0.304995059967041,0.91220206,-0.1857338696718216,-0.31958184,0.28219184279441833,0.10886987,-0.09837404638528824,-1.790567,0.6374747157096863,0.70700234,-0.12168058007955551,0.59813243,-0.35462889075279236
601,15,157,5,1.5449106,-0.32879337668418884,0.9615151,-0.3359910547733307,-0.13353181,-0.2890221178531647,-1.6784424,0.0868680477142334,-0.21093655,-0.17187531292438507,-0.45608076,-0.5827023386955261,-0.108529724,-0.18853537738323212,0.10240682,0.08644453436136246
602,9,120,5,-0.93017244,-0.20764875411987305,0.63763934,-0.18378114700317383,-0.79442245,-0.13882796466350555,0.13574998,-0.1585865020751953,-2.6188784,0.30840015411376953,-0.6206398,-0.38102880120277405,0.43038368,-0.1345977783203125,3.049262,-0.45531782507896423
603,6,115,5,0.9726804,-1.3801093101501465,0.77458626,0.17166948318481445,-0.43474165,-0.05393409729003906,-1.4074221,1.3261752128601074,-1.158485,-1.1324049234390259,0.11702474,0.13528823852539062,-0.091638565,-0.7839406132698059,1.0668465,0.6380338668823242
604,7,132,5,-0.70256454,-0.5451558232307434,-2.2290118,-0.07399050146341324,0.19031875,0.15016388893127441,0.8928833,0.6953197121620178,-1.8461018,-0.3317289352416992,-0.06094392,-1.479239821434021,-0.11597475,0.31349435448646545,1.730127,0.7625735402107239
605,7,121,5,0.13992262,0.29050636291503906,-0.118836485,-0.869846522808075,0.052710216,0.07164891809225082,-0.087212406,-0.7223811745643616,-0.38230577,0.5511710047721863,0.36768565,-0.061920166015625,0.041287422,0.5904838442802429,0.4235932,-0.5648927688598633
606,9,124,5,1.3893083,0.1803605556488037,-0.07972733,-0.49954143166542053,0.19427268,0.18558184802532196,-1.1950356,-0.1757722645998001,0.63067216,0.7022024989128113,0.4546032,-0.45015525817871094,0.28279972,-0.22002188861370087,-0.3478724,-0.6320095062255859
607,16,140,5,1.2619327,-0.4668097496032715,0.11173471,-0.7247764468193054,-0.69294834,-0.43070825934410095,-1.9548811,-0.3988351821899414,-0.6278607,-0.4824472963809967,0.2496233,-0.10490099340677261,0.3112154,-0.09416326135396957,0.9390761,0.3882840573787689
608,15,118,5,-1.0748425,0.38070932030677795,-0.40415296,0.2818063199520111,-0.99072695,0.597400426864624,0.084115505,0.21669109165668488,-0.49516836,0.17206382751464844,0.06507015,-0.4693056643009186,0.05077235,0.1948537826538086,0.5459407,0.13575203716754913
609,7,133,5,-0.25095272,-1.4501878023147583,0.7336919,-0.8063098788261414,0.16825764,-0.05936320498585701,0.41921034,0.5990559458732605,0.030629158,-0.5271720886230469,0.04927476,-2.23598313331604,-0.4226214,-0.781844437122345,-0.45325056,-0.006321271415799856
610,10,97,5,1.1788386,0.18856661021709442,-0.45225477,0.7930293679237366,0.3591199,0.013424714095890522,-0.81971866,-0.1041807308793068,0.3412361,-0.6462323069572449,1.617156,-0.02437337301671505,0.22673924,-0.5262301564216614,-0.114496864,0.2743937075138092
611,7,134,5,-1.1190263,0.3233027458190918,-1.7051791,-0.16537435352802277,-0.20252602,-0.14522187411785126,0.91650033,-0.901385486125946,-0.8254595,-0.1526896208524704,0.80010766,0.4007844924926758,-0.40589237,0.7222700119018555,0.4195671,1.0234791040420532
612,5,124,5,-1.494588,-0.7920665740966797,-0.9959593,0.26438188552856445,-1.1350955,0.23146748542785645,0.35949263,0.3492353856563568,-1.8311268,-0.08896096795797348,1.1536465,0.7504116892814636,-0.67039746,0.2508624494075775,1.1607294,0.17935562133789062
613,10,142,5,0.42468977,-0.27450433373451233,-0.23462932,-0.40230226516723633,0.31699944,-0.4405733644962311,-0.107690334,-0.7024908065795898,0.9343173,-0.023410478606820107,0.038872402,0.05041027069091797,0.5149582,-0.31196466088294983,-0.41935906,-0.21657752990722656
614,4,122,5,-2.9045293,-0.5656247735023499,-2.9421556,-0.39600643515586853,-1.4629025,-0.47504696249961853,1.4416265,0.30769991874694824,-2.4272146,0.7364711761474609,-0.29290995,0.24296124279499054,-1.8837668,-0.106414794921875,0.5434478,-0.1975587159395218
615,4,121,5,-2.0256186,-0.6196659207344055,-3.870158,-1.49200439453125,1.1928378,-0.800457775592804,3.2184563,-0.1064714565873146,-0.397714,0.6794767379760742,-1.7669258,-0.3100840151309967,-0.29216322,-1.3223310708999634,0.105550766,-0.5733702778816223
616,3,113,5,-1.6077951,-1.1574711799621582,0.96512556,-0.6253458857536316,-1.0313832,0.2847836911678314,0.57641196,1.2354494333267212,2.0435069,-0.39430680871009827,-1.3319803,0.25374698638916016,0.048058826,0.04581515118479729,-1.9954481,0.6330537796020508
617,5,113,5,-1.2865766,-0.3711211681365967,-1.0173807,0.13929779827594757,0.56222993,-0.20706312358379364,1.8488065,-0.5092263221740723,-1.2046922,-0.6581462025642395,-0.5396754,0.0919189453125,0.7544133,0.4499308168888092,1.9591055,1.108077049255371
618,5,124,5,-1.6259981,-0.20425336062908173,-0.8061026,-0.7612767219543457,0.9601056,-0.42198801040649414,2.5861037,-0.4086383879184723,1.0732985,-0.37553247809410095,0.672651,-0.6048259735107422,0.22525899,0.049492835998535156,-0.84803945,0.7099393010139465
619,6,129,5,-1.8570429,-1.0974944829940796,-1.201249,-0.4586733281612396,-0.27583066,-0.4337672293186188,1.5812124,1.1538649797439575,1.8441882,-1.0739898681640625,1.2072268,-0.7428903579711914,0.24396086,-0.9717715382575989,-1.6002274,0.1059366837143898
620,4,128,5,-1.7973299,-0.05306291580200195,1.233833,-0.7390580177307129,-0.2365582,0.09840027242898941,1.5607718,0.5883002877235413,-0.78824043,-0.23334503173828125,0.2930158,-1.021100401878357,-0.021927992,-0.3594401776790619,0.7663124,-0.12609513103961945
621,3,122,5,-1.3456987,-1.1986109018325806,-0.00080808,0.08583196252584457,-3.098756,-0.29331064224243164,-1.7530574,0.9053003191947937,-1.8456774,-0.9643875956535339,-0.91090804,-1.5537980794906616,-0.9797643,-0.5609893798828125,0.8659131,0.759388267993927
622,9,133,5,0.83842856,-0.12934112548828125,-0.6465654,-0.18794012069702148,-0.45392466,-0.31394943594932556,-1.2923533,-0.023048242554068565,-1.3245414,-0.6132834553718567,-1.0632788,-0.68998783826828,-1.213137,-0.9421917796134949,0.11140442,0.30242952704429626
623,9,74,5,-0.5878083,-0.9896109700202942,0.5107116,0.12240234762430191,-0.17308943,0.5456974506378174,0.41471878,0.2681419849395752,0.8754673,0.22399520874023438,-1.0480343,0.6866960525512695,-0.45951238,0.6180264353752136,-1.3349797,0.5972340703010559
624,9,98,5,2.2162333,-0.10979708284139633,0.91982156,0.9240288138389587,1.8372175,0.01763518713414669,-0.37901568,0.6720900535583496,1.9486885,-0.5387709736824036,0.8054476,-0.5312649607658386,1.460831,-0.1506204605102539,-0.4878575,-0.3418296277523041
625,7,126,5,1.383094,-1.2805763483047485,-0.2767671,-0.07259766012430191,-0.26980796,-0.6178895831108093,-1.652902,0.662686824798584,0.03132248,-1.5205682516098022,-0.6761033,-0.6131442189216614,0.14690876,0.16340287029743195,0.11558628,-0.1862621307373047
626,8,116,5,1.8723353,-2.301471471786499,0.80428773,-0.500152051448822,-0.60148805,-1.5570083856582642,-2.4738233,0.06947851181030273,-0.6133941,-2.2574100494384766,-1.2230749,-1.8310298919677734,-0.7219496,-1.5595731735229492,-0.10855547,0.78053218126297
627,12,127,5,0.85399884,-0.715142548084259,-0.30719033,-0.9550414681434631,0.06112051,0.060888927429914474,-0.7928783,0.776031494140625,0.82372695,-1.0715633630752563,0.55898505,-0.3943687975406647,-0.4136909,-0.061505477875471115,-1.2374178,0.15631103515625
628,5,110,5,-0.07089901,-0.2990204989910126,-2.4505608,-0.5609760284423828,-0.27583122,0.411702960729599,-0.20493221,-0.011553247459232807,-2.7644339,0.18214638531208038,-2.2885246,-0.8234882354736328,-2.7569017,0.04562632367014885,0.0075321198,-0.31392383575439453
629,3,101,5,-0.28104845,-0.007759729865938425,-1.1133157,-0.9081764221191406,-1.1341014,0.019707679748535156,-0.8530529,0.38236919045448303,-2.3804712,0.26594576239585876,-0.217995,0.012912750244140625,-2.3961992,0.5048659443855286,-0.015727997,0.2389202117919922
630,8,69,5,0.8811998,-0.39662012457847595,-0.05075367,-0.5020032525062561,1.0112766,0.2985857427120209,0.13007689,0.5190749764442444,0.71474236,0.39313316345214844,-0.58337784,0.7762143015861511,0.9161649,0.22011788189411163,0.20142253,-0.43688932061195374
631,8,130,5,-0.06981961,-0.019441047683358192,-1.8532149,-0.7727159857749939,-1.0634025,0.547468364238739,-0.9935829,0.9162130355834961,-0.4864286,-1.6554813385009766,-0.5067978,0.2011677473783493,-0.90174896,0.2008024901151657,-0.4153204,1.6563849449157715
632,5,130,5,0.3562595,-0.6857815384864807,-0.19932096,-0.3054499626159668,-1.3976526,0.5900440216064453,-1.7539121,1.336126685142517,0.82577294,-0.030587514862418175,-0.2192208,-0.7831668853759766,0.05217743,0.17886988818645477,-0.7735955,0.36573919653892517
633,7,118,5,0.50136536,-0.874842643737793,0.39063296,-0.5927801132202148,0.7635026,-0.46387800574302673,0.26213732,-0.5222598910331726,0.22155762,-0.815288245677948,-0.1662051,-0.6679506301879883,1.45353,-0.30712541937828064,1.2319723,0.5272958874702454
634,7,86,5,1.616772,-0.507941722869873,-1.5070128,-0.6425362229347229,-0.91717654,0.44748654961586,-2.5339484,0.6681451797485352,-0.9773509,-0.21317672729492188,-0.6198428,-0.39261022210121155,0.27847132,0.8731250762939453,1.2558222,1.2727817296981812
635,10,119,5,0.98194355,-0.33205127716064453,0.73668224,-0.18093903362751007,1.3225785,-0.12983210384845734,0.34063497,0.4072626531124115,-0.25813484,-0.08893140405416489,-0.37967968,-0.6148026585578918,-0.114458084,0.5244585871696472,0.14367676,-0.18209171295166016
636,11,123,5,1.107597,-1.5564981698989868,-1.0377198,0.10332870483398438,0.1170094,-0.36427053809165955,-0.99058753,0.9371568560600281,1.4608806,-0.3577979505062103,-0.2908109,-0.4868936538696289,0.77187604,0.1345081329345703,-0.6890046,0.4179849624633789
637,4,94,5,2.9444826,-0.632117509841919,1.3397127,1.3606023788452148,-0.6454955,0.2010960578918457,-3.589978,0.9760022163391113,1.4821135,-1.0003522634506226,2.077346,-0.11132367700338364,-0.54798317,-0.10717932134866714,-2.0300968,0.9333667755126953
638,4,105,5,3.274231,1.0232149362564087,1.089731,1.048317313194275,1.1867746,0.40080690383911133,-2.0874565,-0.5951518416404724,-2.61609,0.39517274498939514,2.7270682,-0.24473190307617188,1.3468927,0.5364953875541687,3.962983,0.1762654036283493
639,5,110,5,-0.3051742,-1.2428089380264282,0.39083257,-1.262630820274353,0.912927,-0.5008738040924072,1.2181014,0.7105318903923035,0.49362406,0.2834561765193939,0.42357063,-0.622905433177948,-0.5002791,0.04334735870361328,-0.99390316,0.6100899577140808
640,4,94,5,-3.7133596,0.0341903381049633,-1.0103565,-0.4384542405605316,0.25943455,0.0491286925971508,3.9727938,-0.4744459092617035,0.95813113,-0.32685723900794983,-1.7220083,0.055070240050554276,-1.3971415,-0.21173477172851562,-2.3552725,0.932398796081543
641,3,106,5,-1.9111012,0.25148066878318787,-2.6510081,-0.6317434310913086,-2.3440459,0.31361278891563416,-0.43294463,-0.06492646783590317,-0.5603021,-0.925323486328125,-1.4051756,-2.2169227600097656,0.25070986,-0.13201205432415009,0.81101197,0.9368057250976562
642,5,98,5,-0.75799567,-0.14580146968364716,-2.5356934,-0.49429187178611755,0.10585761,0.22575481235980988,0.8638533,0.6091079115867615,0.08826987,-0.4313834607601166,0.66336536,-0.40654245018959045,0.13017972,0.32937559485435486,0.041909855,-0.0482228584587574
643,6,112,5,-1.6034044,-0.147378608584404,-1.6327609,0.3215578496456146,-0.83257276,0.24271957576274872,0.7708316,0.14487361907958984,-0.6010507,0.19516532123088837,-1.1647749,-1.0050722360610962,-1.0403847,-0.5077950358390808,-0.43933392,-0.49541059136390686
644,4,111,5,0.050453108,0.17501004040241241,-1.8981372,0.5003275871276855,0.41273752,-0.33146747946739197,0.36228442,-0.7338266372680664,-2.2821884,-0.6343196034431458,0.2746013,-1.0517396926879883,0.08868567,-0.5417165756225586,2.3708742,0.4913473129272461
645,7,123,5,1.3654827,0.8449392318725586,0.15987737,-0.35498714447021484,-0.8925524,-0.24272172152996063,-2.258035,-0.22560787200927734,0.95482856,-0.449627548456192,-0.0058469772,0.28047528862953186,-0.18687344,0.08863290399312973,-1.141702,0.09857813268899918
646,3,95,5,-2.1357687,-0.352335125207901,-1.3776194,0.3277565538883209,-1.4630755,-0.1291225701570511,0.6726931,-0.8395967483520508,-2.723572,-0.3213981091976166,-2.0418308,0.3479553759098053,-0.3649715,-0.42523130774497986,2.3586006,-0.058531761169433594
647,11,107,5,-0.44993806,-0.30369535088539124,0.6383529,0.03267558291554451,-1.59963,0.47132325172424316,-1.1496919,0.7750186324119568,0.11947473,-0.34324774146080017,0.053875923,0.34717464447021484,-1.4248825,0.0012938181171193719,-1.5443573,-0.1738271713256836
648,3,92,5,-0.9511469,-2.4927895069122314,0.2949883,-0.791508138179779,-0.53690845,0.18046315014362335,0.41423845,0.9309189319610596,1.0297146,0.4892559051513672,0.59681636,-1.4111171960830688,0.45317903,-0.958470344543457,-0.5765355,-0.8551451563835144
649,7,137,5,0.4750065,-1.0024738311767578,0.6614186,-0.5098562240600586,0.9292237,0.5498528480529785,0.4542171,1.5894719362258911,0.4260877,-2.009974241256714,0.49612585,0.07156213372945786,-0.45880094,0.33524003624916077,-0.88488865,1.5435848236083984
650,7,113,5,-0.030118147,0.2713075578212738,-0.09673524,0.39946818351745605,0.29474077,0.03889687731862068,0.3248589,-0.2595122754573822,0.30918822,-0.2509401738643646,1.6017386,-1.125716209411621,-0.86032456,-0.7214374542236328,-1.1695127,-0.22139866650104523
651,8,97,5,-1.2133013,-1.036648154258728,-0.75222063,-0.9128947257995605,0.28090096,0.06463924795389175,1.4942023,0.3250513970851898,0.74222785,0.012181282043457031,-0.3039268,0.386456161737442,-0.5349267,0.2906979024410248,-1.2771546,1.1938605308532715
652,7,143,5,-1.716105,-1.0402477979660034,-0.5707836,-1.6261091232299805,-0.19736743,-0.12972219288349152,1.5187377,0.5977001190185547,-1.778134,-0.2821143567562103,-1.1372534,-0.08614984899759293,0.25314584,0.4125328063964844,2.0312798,-0.46728071570396423
653,4,130,5,-0.583492,-1.0670901536941528,-0.5841115,-0.5171017646789551,0.19376247,0.7076948285102844,0.7772544,1.774785041809082,0.26524734,-0.9066165089607239,1.0670042,-0.04292742535471916,-0.3610207,-0.1963958740234375,-0.6262681,0.7102206349372864
654,4,118,5,0.9566739,-0.9715884327888489,0.5169029,-0.47410455346107483,0.8472957,-0.12558238208293915,-0.10937818,0.4356554448604584,0.54857796,-0.6952597498893738,-0.6420167,-0.09841188043355942,-1.7539927,-0.6291463971138,-2.3025706,0.8261315226554871
655,4,101,5,0.45580545,-1.2025038003921509,1.5231198,0.38473883271217346,1.5895925,-0.48705077171325684,1.133787,0.5538079142570496,2.6363058,-1.6593271493911743,1.2249727,-0.6395556330680847,2.4693744,-0.28819116950035095,-0.16693147,0.7230968475341797
656,4,101,5,-4.0265155,-0.39815202355384827,-1.8663441,0.8744576573371887,-0.99488944,0.10351649671792984,3.0316257,0.659110963344574,-1.1688753,-0.6875514984130859,-0.4806045,0.321296364068985,-2.4275095,0.18578164279460907,-1.2586342,0.04438718035817146
657,6,136,5,-4.056902,-0.9265258312225342,-3.7048671,0.04032309725880623,-1.3091494,-0.07605043798685074,2.7477524,0.8353090286254883,-1.5921196,-0.2527446746826172,-2.0608723,0.31493282318115234,-0.9341755,-0.00398572301492095,0.657944,0.8457104563713074
658,6,122,5,1.8619279,-0.5554911494255066,0.72346354,-0.6481146812438965,-0.5518177,-0.12484852224588394,-2.4137456,0.5899090766906738,-1.3425382,-0.8778044581413269,-0.44374433,-0.8097248077392578,-0.081923164,-0.13650162518024445,1.260615,0.7413027882575989
659,5,121,5,-0.5923107,-1.2577629089355469,-1.8306323,-0.23199860751628876,-0.8396427,-0.18412518501281738,-0.24733193,1.2923555374145508,0.43047795,-0.4951791763305664,-0.31896558,-0.36503252387046814,-0.41846338,0.5874805450439453,-0.8489413,-0.4958321154117584
660,8,135,5,0.37114248,-0.7943539619445801,1.6470474,-0.19792652130126953,-0.6992545,-0.22977082431316376,-1.070397,1.0103272199630737,-1.1272659,-0.582901656627655,-0.31588712,-0.07271703332662582,0.31971678,0.7708342671394348,1.4469827,0.7016839981079102
661,9,115,5,-1.3998593,1.742214560508728,0.7214651,1.1741745471954346,0.3010427,0.7162992358207703,1.700902,-0.5709092617034912,-0.6244583,1.2344932556152344,-1.2807022,0.5587514042854309,-0.073148094,-0.38181495666503906,0.55131024,0.1481332778930664
662,6,92,5,-0.83925325,-1.741137146949768,-0.522007,-2.7313013076782227,-0.18306875,-1.2856281995773315,0.6561845,0.44049105048179626,0.5740239,-1.9504772424697876,-0.7254785,-0.009865760803222656,-1.0299736,-0.2175413817167282,-1.6039976,0.44513702392578125
663,6,122,5,0.8914841,-1.9340744018554688,-0.4404734,0.17676670849323273,0.7767394,1.4797483682632446,-0.11474466,2.7111473083496094,-1.525617,-1.3540973663330078,-0.30573368,-1.1958675384521484,-0.9364087,0.6034224629402161,0.5892083,1.6137056350708008
664,7,108,5,-2.57786,0.2004459649324417,-1.9560146,0.4774496555328369,-0.4504751,0.7837734818458557,2.1273851,1.0659829378128052,-1.1623917,0.3917897641658783,-0.7401574,2.366950750350952,-1.2156519,1.221718430519104,-0.053260166,0.6872043609619141
665,7,117,5,-0.27037048,-0.5060155987739563,-1.584404,-1.2755764722824097,-1.0036397,-0.5412725806236267,-0.7332692,-0.42286252975463867,0.48095322,-1.1213926076889038,-0.8573971,-0.863236129283905,-0.3322347,-1.3025712966918945,-0.8131879,-0.1811787337064743
666,8,133,5,0.13148403,-0.09730156511068344,-0.7320712,-0.2516342103481293,-1.0548316,0.2564173638820648,-1.1863157,0.423208087682724,-0.016165415,-1.580832839012146,0.37663904,-0.422248512506485,0.19763596,-0.4536825716495514,0.21380138,1.1367979049682617
667,7,127,5,-0.52631444,0.22638630867004395,-2.7370005,-0.6721084713935852,-0.75521135,-1.1351332664489746,-0.22889693,-1.3650665283203125,-1.9622746,-0.34739527106285095,0.09612942,-0.09777069091796875,-0.33213773,-0.24283187091350555,1.6301368,-0.02898406982421875
668,4,110,5,0.43451247,-1.4709230661392212,-0.5728881,0.1376495361328125,0.7060795,0.06547808647155762,0.27156702,1.7413691282272339,-0.0050636926,-0.3459647595882416,-1.449864,-0.33525118231773376,-0.89889336,0.16265296936035156,-0.89382964,0.5086176991462708
669,6,135,5,-2.318909,0.27639850974082947,-0.845743,-1.0155972242355347,-0.71941346,-0.11930433660745621,1.5994955,0.25019416213035583,-1.2675174,-0.7301673889160156,-1.3747616,0.7569519877433777,-0.14840953,-0.9364627003669739,1.1191078,-0.537952721118927
670,8,125,5,-0.25008425,-0.1632755547761917,1.0892538,-0.3123561441898346,0.08471632,-0.32404112815856934,0.33480057,0.11435405164957047,-0.5827017,-0.6951808929443359,-0.57277584,0.3564329147338867,-0.35677147,-0.04334990307688713,0.22593021,0.3619626462459564
671,3,109,5,-1.7196344,-1.592935562133789,0.13195355,-0.4631231725215912,-1.3771845,-0.1932484358549118,0.34245014,1.1102198362350464,0.6638673,-0.17758305370807648,-0.60119754,-0.7905709147453308,1.2322637,-0.36455631256103516,0.5683964,-0.392986923456192
672,8,123,5,-0.5394339,0.10297218710184097,0.808543,-1.3998719453811646,0.82892734,-0.6277248859405518,1.3683611,0.6160196661949158,1.8114458,0.19810421764850616,-0.3317032,0.03535239025950432,-0.6150897,0.19005203247070312,-2.4265356,0.010096549987792969
673,4,102,5,-0.5361321,-0.6544938087463379,-0.3350803,-0.7396548390388489,-0.071729265,-0.5301647186279297,0.46440282,0.1243290901184082,1.3985282,-0.9505252838134766,0.18678029,-0.849090576171875,-0.19651382,0.12446308135986328,-1.5950421,0.3848390579223633
674,5,136,5,-0.93479586,-1.3169523477554321,-3.975188,-0.7319574952125549,0.09750128,-0.879094660282135,1.0322971,0.5882847905158997,-0.44230714,-0.39702191948890686,1.627841,-0.2246278077363968,0.42176566,-0.0594278983771801,0.8640728,-0.3198728561401367
675,6,106,5,-1.1450366,-0.1719684600830078,0.81432015,-1.1102075576782227,0.62877196,-0.41033363342285156,1.7738085,0.29613494873046875,0.4034573,-0.9754769206047058,-0.39855924,-1.2093887329101562,-0.32511425,-0.042571067810058594,-0.7285716,0.35035547614097595
676,9,135,5,-1.5718695,0.029125848785042763,-1.3166155,0.41452598571777344,0.82799083,-0.0041071572341024876,2.3998604,0.11247912794351578,-3.2571373,-1.077147126197815,-1.9261423,0.23193486034870148,1.3428484,0.3651510775089264,4.5999856,1.7148265838623047
677,8,122,5,-0.6678686,0.13471929728984833,-2.1867557,-0.07782983779907227,-0.40967703,-0.21903784573078156,0.2581916,-0.519766628742218,-1.8038851,-0.36105188727378845,-2.3221028,-1.2768875360488892,-0.60448456,-0.3178669512271881,1.1994005,0.0060704550705850124
678,14,132,5,-1.2652806,-0.9628216624259949,-1.4251717,0.44279947876930237,-2.7048674,-0.05228821560740471,-1.4395866,-0.1582459658384323,-1.5754076,-0.10882981866598129,-2.0450985,0.0037733714561909437,-2.1590827,-0.38118043541908264,-0.5836751,0.20938237011432648
679,4,117,5,-1.7414322,-0.4083738327026367,-3.3287337,-0.46484947204589844,-1.79215,-0.3631609380245209,-0.05071783,0.08494210243225098,-3.2378216,-1.5060964822769165,-1.7910045,-0.18850040435791016,-0.6291599,-0.2901458740234375,2.6086617,0.41000714898109436
680,7,135,5,1.1473732,-0.7740098834037781,-0.5548853,0.337925523519516,-0.39708844,-0.8982499241828918,-1.5444617,-0.1040293350815773,1.2887993,-0.5154024958610535,-1.4712849,0.7953176498413086,0.48389688,-0.2950398027896881,-0.8049024,0.6944252848625183
681,6,142,5,0.11636432,-0.6690178513526917,1.3238487,-0.03583049774169922,-0.9437229,-0.6399510502815247,-1.0600872,-0.10931237787008286,0.4294834,-0.02933216094970703,0.71275645,0.3279542922973633,0.3463939,-0.3773082196712494,-0.08308951,-0.2892509996891022
682,8,120,5,0.73419833,0.8173416256904602,-0.2497015,0.7612199783325195,0.5357972,-0.7186959385871887,-0.19840114,-0.23951880633831024,-2.9122183,-0.08672746270895004,-0.7797534,0.05100981518626213,-0.60348415,-0.47189363837242126,2.3087342,-0.5420277714729309
683,4,122,5,0.7428878,-1.5740618705749512,0.3527914,-1.3343514204025269,-0.997531,-1.4452306032180786,-1.7404188,1.0135506391525269,-0.98010796,-1.6086692810058594,-0.16789563,-1.2198623418807983,-1.5464588,-0.47105851769447327,-0.56635094,0.7226120829582214
684,7,120,5,-0.19093545,-0.8192143440246582,-0.5939489,0.15457303822040558,-0.2850902,0.13024909794330597,-0.09415475,0.8251057267189026,2.277394,-0.2654914855957031,0.6122281,-0.1897716522216797,0.35591888,-0.5662934184074402,-1.9214753,0.058739978820085526
685,6,119,5,-1.4538392,-0.24472109973430634,-1.2101082,-0.3883185386657715,-0.037569683,-0.6238751411437988,1.4162694,-0.49943479895591736,0.5628042,0.22492854297161102,-0.6682806,-0.3701671063899994,-0.18079121,-0.027263006195425987,-0.7435954,-0.25219154357910156
686,7,118,5,-0.19994132,0.22160816192626953,-0.746392,0.16079282760620117,-0.36746255,-0.293926864862442,-0.16752124,-0.7297431826591492,1.4408919,-0.7144368290901184,0.3103355,-0.6106166839599609,-0.8742895,-1.0870872735977173,-2.3151815,0.060924213379621506
