line_id,kind,parent_id,seg_idx,block_id,split,mid_x,mid_y,length_m
road_0_0,road,0,0,65.0,train,621505.0407051604,4595175.601634272,34.00788004318657
road_0_1,road,0,1,65.0,train,621535.6175471554,4595161.492291264,33.998814052232404
road_0_2,road,0,2,65.0,train,621568.4107945992,4595155.820243605,33.92951174051873
road_1_0,road,1,0,65.0,train,621577.476066146,4595178.210116966,36.563162784655205
road_1_1,road,1,1,65.0,train,621565.0702844326,4595212.561622573,36.54145897351842
road_1_2,road,1,2,65.0,train,621555.8735193544,4595247.869856486,36.56302079100973
road_1_3,road,1,3,77.0,val,621544.9771829249,4595282.750599683,36.55818413253492
road_1_4,road,1,4,77.0,val,621530.402404986,4595316.26585798,36.56316155639737
road_1_5,road,1,5,77.0,val,621514.5669674391,4595349.195613753,36.55911852502129
road_1_6,road,1,6,77.0,val,621498.5355936632,4595381.920276499,36.41077237933349
road_1_7,road,1,7,77.0,val,621468.6417292205,4595401.523481856,36.55894689192472
road_1_8,road,1,8,77.0,val,621438.4445122122,4595422.107421401,36.55653392486984
road_1_9,road,1,9,77.0,val,621410.8894259499,4595446.01343643,36.55873328204989
road_2_0,road,2,0,65.0,train,621595.3598102017,4595144.884253583,39.41973654587422
road_2_1,road,2,1,65.0,train,621609.751343309,4595109.128923222,39.34250747068539
road_2_2,road,2,2,65.0,train,621614.5375928392,4595070.084856097,39.411667896322506
road_2_3,road,2,3,65.0,train,621623.8267211718,4595031.782736619,39.42119027352184
road_2_4,road,2,4,65.0,train,621634.0895584683,4594993.729238736,39.40787367186971
road_2_5,road,2,5,65.0,train,621647.9527267285,4594956.932298082,39.40862137519747
road_2_6,road,2,6,65.0,train,621652.677241502,4594918.110494792,39.4097864863846
road_2_7,road,2,7,65.0,train,621658.8075949806,4594881.802446987,39.07377619630006
road_2_8,road,2,8,53.0,train,621689.8430326659,4594860.376790275,39.28260599183416
road_2_9,road,2,9,53.0,train,621709.886973708,4594828.676170083,39.03099421240017
road_2_10,road,2,10,53.0,train,621730.7738590535,4594795.532981529,39.4211887315927
road_2_11,road,2,11,53.0,train,621749.1916158473,4594760.7360149855,39.41585770595717
road_2_12,road,2,12,54.0,val,621764.3372858103,4594724.348036928,39.42042244794325
road_2_13,road,2,13,54.0,val,621774.1151966393,4594687.071755366,39.038756727341365
road_2_14,road,2,14,54.0,val,621804.0710683775,4594662.052064719,39.36034585724895
road_2_15,road,2,15,54.0,val,621840.7903138377,4594647.97089114,39.41445451346744
road_2_16,road,2,16,54.0,val,621877.1805698697,4594633.222756796,39.40134291985288
road_2_17,road,2,17,54.0,val,621915.5029916434,4594624.095012993,39.40153132084101
road_2_18,road,2,18,54.0,val,621952.9991992622,4594613.341149765,39.35848018394532
road_3_0,road,3,0,53.0,train,621609.7410539861,4594718.27523633,39.1973592476668
road_3_1,road,3,1,53.0,train,621578.6385166121,4594742.031692934,39.20345808442394
road_3_2,road,3,2,53.0,train,621549.2598609488,4594767.958810315,39.1844920829597
road_3_3,road,3,3,53.0,train,621522.8514345747,4594796.72709298,39.20525704197193
road_3_4,road,3,4,53.0,train,621500.0819574873,4594828.631900375,39.2040301461802
road_3_5,road,3,5,53.0,train,621474.3990654063,4594858.089817975,39.20529796064601
road_3_6,road,3,6,65.0,train,621445.6626039107,4594884.747001815,39.20480412984087
road_3_7,road,3,7,65.0,train,621424.3292924128,4594916.117190812,39.13147457026746
road_3_8,road,3,8,65.0,train,621438.565998708,4594950.553654219,38.785002032659946
road_3_9,road,3,9,65.0,train,621476.3501634453,4594951.811420922,39.18006267566094
road_3_10,road,3,10,65.0,train,621515.3804272286,4594952.85557166,39.19740205813079
road_3_11,road,3,11,65.0,train,621554.2137644967,4594948.288724745,39.192170409372125
road_3_12,road,3,12,65.0,train,621593.156380944,4594948.998185992,39.17236449746321
road_3_13,road,3,13,65.0,train,621628.189024771,4594963.943428789,38.974564998893904
road_4_0,road,4,0,65.0,train,621533.6241168495,4595019.181844427,31.005653157969764
road_4_1,road,4,1,65.0,train,621558.7642866769,4595001.1292245295,30.9148278632127
road_4_2,road,4,2,65.0,train,621588.3043487838,4594994.181560532,30.993470465660533
road_4_3,road,4,3,65.0,train,621619.020674247,4594993.690441606,30.96413856762263
road_5_0,road,5,0,64.0,train,621333.7931112308,4595000.944300909,38.497767974796126
road_5_1,road,5,1,64.0,train,621360.3339835167,4594973.097111448,38.50238276367057
road_5_2,road,5,2,65.0,train,621389.3013189728,4594948.191900498,37.91289033800074
road_5_3,road,5,3,65.0,train,621426.2753427161,4594955.568811113,38.48486697646951
road_6_0,road,6,0,65.0,train,621399.9106111537,4594937.975415138,24.197961383007893
road_6_1,road,6,1,65.0,train,621415.481867857,4594919.508784203,24.20621818393297
road_7_0,road,7,0,64.0,train,621301.6103578003,4595119.453598108,37.504820362375234
road_7_1,road,7,1,64.0,train,621328.5576650505,4595145.478150466,37.514982923364
road_7_2,road,7,2,64.0,train,621353.6003875936,4595173.138675956,37.50159111848189
road_7_3,road,7,3,65.0,train,621379.4895903529,4595200.064622776,37.30299403656104
road_7_4,road,7,4,65.0,train,621385.6447812754,4595233.997774432,37.47541906454188
road_7_5,road,7,5,76.0,train,621363.562883425,4595264.153927952,37.50693640133471
road_7_6,road,7,6,76.0,train,621349.3711699657,4595298.853140162,37.51256869289684
road_7_7,road,7,7,76.0,train,621341.8480017858,4595335.222585642,37.46183134648298
road_7_8,road,7,8,76.0,train,621347.9323928598,4595371.55515555,37.43021690588389
road_7_9,road,7,9,76.0,train,621349.3488390326,4595407.96558945,37.49773074536526
road_7_10,road,7,10,76.0,train,621339.372404705,4595443.94805543,37.50557770781532
road_7_11,road,7,11,76.0,train,621336.1088071155,4595481.296036349,37.50486009347219
road_7_12,road,7,12,76.0,train,621339.3819182701,4595518.606323259,37.50600942725176
road_7_13,road,7,13,76.0,train,621356.3751874162,4595551.179795016,37.44695625648668
road_8_0,road,8,0,76.0,train,621367.9383678494,4595547.673700058,37.95703263803004
road_8_1,road,8,1,76.0,train,621373.37369269,4595510.297703913,37.92861929403215
road_8_2,road,8,2,77.0,val,621389.4260298962,4595476.181445745,37.91805647748184
road_9_0,road,9,0,76.0,train,621356.5964574703,4595533.5731278965,24.458464646120422
road_10_0,road,10,0,76.0,train,621276.788100364,4595370.923114981,27.58790941879793
road_10_1,road,10,1,76.0,train,621303.843589694,4595366.939159576,27.527586513477825
road_10_2,road,10,2,76.0,train,621331.3658692135,4595367.460502648,27.57562911876458
road_11_0,road,11,0,76.0,train,621246.2354712505,4595368.652166908,34.90146875179563
road_11_1,road,11,1,76.0,train,621219.1001801277,4595347.117310602,34.888270162712075
road_11_2,road,11,2,76.0,train,621185.5862405581,4595341.1498906575,34.87858293814677
road_11_3,road,11,3,76.0,train,621153.5250461185,4595352.76380129,34.96952165173664
road_11_4,road,11,4,76.0,train,621128.5833878677,4595377.165708108,34.91253409161427
road_11_5,road,11,5,76.0,train,621102.3793783869,4595397.2094299365,34.78587526816836
road_11_6,road,11,6,76.0,train,621100.854154546,4595431.8279185975,34.98443134364344
road_12_0,road,12,0,76.0,train,621115.9663605025,4595250.298007059,31.420576520077468
road_12_1,road,12,1,76.0,train,621136.162752862,4595274.164337216,31.47882284547013
road_12_2,road,12,2,76.0,train,621151.6646345628,4595301.382745566,31.482104964330297
road_12_3,road,12,3,76.0,train,621159.866890566,4595331.726686913,31.489563749836137
road_13_0,road,13,0,64.0,train,621268.4634430924,4595178.67233179,36.518161364819775
road_13_1,road,13,1,64.0,train,621302.14745879,4595190.0329016745,36.60533504159384
road_13_2,road,13,2,64.0,train,621333.2165287875,4595208.869819527,36.5551545835286
road_13_3,road,13,3,64.0,train,621369.0065090101,4595216.391545635,36.61987154527955
road_14_0,road,14,0,64.0,train,621229.1094635742,4595002.9074022295,36.75545881760972
road_14_1,road,14,1,64.0,train,621234.6302387661,4595036.492109391,36.61270495097392
road_14_2,road,14,2,64.0,train,621264.4730803017,4595057.178206402,36.65304592811293
road_14_3,road,14,3,64.0,train,621282.5294087746,4595087.936377945,36.84666321640035
road_15_0,road,15,0,64.0,train,621284.8370918931,4595054.191892117,35.46885982098539
road_15_1,road,15,1,64.0,train,621307.7263373911,4595027.146997098,35.48725657241721
road_16_0,road,16,0,76.0,train,621360.843547089,4595584.909994241,38.55597799282194
road_16_1,road,16,1,76.0,train,621348.3739480657,4595621.288826024,38.53047943951385
road_16_2,road,16,2,88.0,train,621326.2393582581,4595652.511132774,38.54452277952767
road_16_3,road,16,3,88.0,train,621298.7779732525,4595679.553492343,38.55679208330856
road_16_4,road,16,4,88.0,train,621269.9047873458,4595705.106342701,38.556346248341605
road_16_5,road,16,5,88.0,train,621241.7971758996,4595731.463354672,38.55092601792133
road_16_6,road,16,6,88.0,train,621213.8659861614,4595757.964282718,38.55771344930411
road_16_7,road,16,7,88.0,train,621187.5515250543,4595786.133375291,38.54191206415831
road_16_8,road,16,8,88.0,train,621157.3357639317,4595809.391975777,38.48585121830774
road_16_9,road,16,9,88.0,train,621120.3794278535,4595818.482261402,38.52473092859514
road_17_0,road,17,0,88.0,train,621007.9794272417,4595643.542048309,37.336332656854346
road_17_1,road,17,1,88.0,train,621019.8926802675,4595678.915142146,37.33521665995588
road_17_2,road,17,2,88.0,train,621034.7608642328,4595713.037453019,37.32726188291664
road_17_3,road,17,3,88.0,train,621056.5276750354,4595743.1852594605,37.33578061477959
road_17_4,road,17,4,88.0,train,621077.2022167306,4595774.115817927,37.31765658973799
road_17_5,road,17,5,88.0,train,621092.3207730042,4595808.109131408,37.31816949803616
road_18_0,road,18,0,88.0,train,621107.0817246079,4595840.887878094,35.186797108282946
road_18_1,road,18,1,88.0,train,621116.4364253748,4595874.797901004,35.174041592361945
road_18_2,road,18,2,88.0,train,621129.739706548,4595907.303357451,35.17891044490874
road_18_3,road,18,3,88.0,train,621147.8398582651,4595937.236634705,35.176932927431025
road_18_4,road,18,4,88.0,train,621172.612959843,4595962.0617964985,35.18256465118678
road_18_5,road,18,5,88.0,train,621197.9889436034,4595986.25375169,35.171736542046744
road_19_0,road,19,0,89.0,train,621448.4598059229,4595960.681044411,39.1314413347028
road_19_1,road,19,1,89.0,train,621485.8482504325,4595969.967737178,39.208497093978025
road_19_2,road,19,2,89.0,train,621520.4536292026,4595986.457288211,39.153760724736856
road_20_0,road,20,0,89.0,train,621424.8704271519,4595945.682086191,33.60974855477572
road_20_1,road,20,1,89.0,train,621425.0705594084,4595912.317846181,33.55564951307172
road_20_2,road,20,2,89.0,train,621438.7785650747,4595881.793874729,33.6053586154867
road_21_0,road,21,0,89.0,train,621689.3049896813,4595830.525367718,36.74646069656862
road_21_1,road,21,1,89.0,train,621713.3073044381,4595803.983867688,36.7065536933917
road_21_2,road,21,2,89.0,train,621738.5182310523,4595778.059080222,36.68832835372378
road_21_3,road,21,3,89.0,train,621744.1139416742,4595741.8953019325,36.84701776762879
road_21_4,road,21,4,90.0,val,621750.1821717148,4595705.716115227,36.76376237559308
road_21_5,road,21,5,90.0,val,621770.5988553651,4595675.141578911,36.84825943665084
road_21_6,road,21,6,90.0,val,621792.4658285145,4595645.51097544,36.803682903966575
road_21_7,road,21,7,78.0,train,621809.118445032,4595612.991298993,36.792791647001565
road_21_8,road,21,8,78.0,train,621832.3350530542,4595584.4210017845,36.835621707271386
road_22_0,road,22,0,78.0,train,621855.5215048896,4595582.052814418,39.124222937565634
road_22_1,road,22,1,78.0,train,621862.6090623537,4595618.947916556,39.066643124780335
road_22_2,road,22,2,90.0,val,621836.8662641664,4595647.298659383,39.01226446508943
road_22_3,road,22,3,90.0,val,621823.9711183473,4595683.22104926,39.10813974526812
road_23_0,road,23,0,78.0,train,621908.4039337657,4595624.585259728,31.662370138312863
road_23_1,road,23,1,78.0,train,621877.6213021062,4595623.408395872,31.59461300182508
road_24_0,road,24,0,78.0,train,621825.367031801,4595495.127739707,31.368632721854517
road_24_1,road,24,1,78.0,train,621837.8596477202,4595521.5557083385,31.931942866938314
road_24_2,road,24,2,78.0,train,621838.2254190453,4595553.363241347,31.81197194715221
road_25_0,road,25,0,78.0,train,621777.4367024509,4595450.105708364,39.86372302976818
road_25_1,road,25,1,77.0,val,621738.1430768665,4595445.090904951,39.79891323437301
road_25_2,road,25,2,77.0,val,621700.3086435893,4595432.812486173,39.84936612934042
road_25_3,road,25,3,77.0,val,621661.6847028262,4595423.088117372,39.871812991018025
road_25_4,road,25,4,77.0,val,621628.2452094053,4595404.004934455,39.77849167994808
road_25_5,road,25,5,77.0,val,621596.6255430579,4595380.37462738,39.83136779996031
road_25_6,road,25,6,77.0,val,621556.8153210849,4595380.986888198,39.86858945001648
road_25_7,road,25,7,77.0,val,621517.0727752496,4595384.17084301,39.87197948475791
road_26_0,road,26,0,78.0,train,621805.0423469682,4595482.705965462,23.264120393379976
road_26_1,road,26,1,78.0,train,621798.4178189809,4595460.539422954,23.234855919903566
road_27_0,road,27,0,77.0,val,621442.1749266664,4595440.912347094,37.714848124702456
road_27_1,road,27,1,77.0,val,621473.83241789,4595460.281108417,37.65759948398361
road_27_2,road,27,2,77.0,val,621508.1465961392,4595475.406972622,37.743797738010194
road_27_3,road,27,3,77.0,val,621539.0200954195,4595497.0562288165,37.71948477050876
road_27_4,road,27,4,77.0,val,621574.9065588599,4595507.838551682,37.635025379098735
road_27_5,road,27,5,77.0,val,621603.5642148958,4595530.170964649,37.68726791065375
road_27_6,road,27,6,77.0,val,621614.4275352022,4595565.628229979,37.38005676549295
road_27_7,road,27,7,77.0,val,621593.809847668,4595596.774289525,37.70190589179859
road_27_8,road,27,8,77.0,val,621566.6168234675,4595622.880077879,37.74441431137785
road_27_9,road,27,9,89.0,train,621543.8125550002,4595652.806549123,37.74665337252953
road_27_10,road,27,10,89.0,train,621520.4957980742,4595682.418474961,37.727573760476005
road_27_11,road,27,11,89.0,train,621501.979718759,4595715.019447458,37.663588167055735
road_27_12,road,27,12,89.0,train,621497.0357851888,4595751.316349425,37.50652960706802
road_27_13,road,27,13,89.0,train,621473.444178056,4595780.625647379,37.74815321744699
road_27_14,road,27,14,89.0,train,621449.8507343705,4595810.010238776,37.62040246690762
road_27_15,road,27,15,89.0,train,621446.2090749403,4595847.140771531,37.74048634976801
road_28_0,road,28,0,89.0,train,621537.1910329926,4595741.523538615,24.97746721274323
road_28_1,road,28,1,89.0,train,621512.7600422159,4595737.221692628,24.963467856123707
road_29_0,road,29,0,88.0,train,621293.2396318787,4595701.351954718,38.60390014975517
road_29_1,road,29,1,88.0,train,621330.8911662021,4595707.461182466,37.79922649899655
road_29_2,road,29,2,88.0,train,621325.6712181653,4595675.482035099,38.26370705128693
road_30_0,road,30,0,88.0,train,621194.2510702822,4595633.460980722,35.556894521821846
road_30_1,road,30,1,88.0,train,621209.237838309,4595660.06413064,35.23045603274624
road_30_2,road,30,2,88.0,train,621197.0122078165,4595693.312848511,35.61990122975129
road_30_3,road,30,3,88.0,train,621181.5085911433,4595725.346385051,35.60963652718141
road_30_4,road,30,4,88.0,train,621170.9223198728,4595759.221583447,35.62538768095585
road_30_5,road,30,5,88.0,train,621159.2470544591,4595792.738315133,35.61078787923004
road_31_0,road,31,0,52.0,val,621254.3859638814,4594804.959147223,38.11361078548838
road_31_1,road,31,1,52.0,val,621231.6831194891,4594789.773857482,37.44241142831815
road_31_2,road,31,2,52.0,val,621204.4047090255,4594815.749596506,38.10991359153381
road_31_3,road,31,3,52.0,val,621170.5477055995,4594832.6710083205,38.08556190708983
road_31_4,road,31,4,52.0,val,621135.4707716394,4594846.751133792,38.08894053919519
road_31_5,road,31,5,52.0,val,621106.4254916252,4594871.38011143,38.08722771805856
road_31_6,road,31,6,64.0,train,621081.7808739287,4594899.995220528,38.10665119147581
road_31_7,road,31,7,64.0,train,621062.1719168277,4594932.608259853,38.11368097297281
road_31_8,road,31,8,64.0,train,621043.4466685983,4594965.802722553,38.11394026695234
road_31_9,road,31,9,64.0,train,621024.8809130014,4594999.0865762,38.11057758868648
road_31_10,road,31,10,64.0,train,621008.5093924573,4595033.488160572,38.11401496196089
road_32_0,road,32,0,52.0,val,621018.7120875338,4594783.244739749,39.32707416210657
road_32_1,road,32,1,52.0,val,621057.2587232684,4594790.40078868,39.12141198996846
road_32_2,road,32,2,52.0,val,621092.6851508516,4594775.179230894,39.28603384430787
road_32_3,road,32,3,52.0,val,621127.2627171252,4594756.613131805,39.33676750031768
road_32_4,road,32,4,52.0,val,621163.3709525814,4594741.049221521,39.32697156022991
road_32_5,road,32,5,52.0,val,621194.6356232861,4594746.421823539,39.04492597788689
road_32_6,road,32,6,52.0,val,621228.3439326949,4594766.328245686,39.32389257781806
road_33_0,road,33,0,52.0,val,621193.6984327101,4594720.842988093,33.77946550212219
road_33_1,road,33,1,52.0,val,621211.9552699092,4594692.62634374,33.85566481492095
road_33_2,road,33,2,52.0,val,621228.3905529582,4594663.241175184,33.8024070148623
road_33_3,road,33,3,52.0,val,621230.9326931987,4594629.657262522,33.86202093856213
road_34_0,road,34,0,52.0,val,621214.4401537527,4594714.827564956,37.15623799242919
road_34_1,road,34,1,52.0,val,621250.8078040725,4594707.219819067,37.15554774430981
road_34_2,road,34,2,52.0,val,621287.0411219489,4594699.049369664,37.15432856712978
road_34_3,road,34,3,52.0,val,621323.8317074077,4594694.052732031,37.15208756767683
road_34_4,road,34,4,52.0,val,621360.6047197126,4594688.916311292,37.15612221029247
road_34_5,road,34,5,53.0,train,621397.3990333466,4594683.961525598,37.13878821797559
road_34_6,road,34,6,53.0,train,621433.1838125437,4594674.812872694,37.141139337174536
road_34_7,road,34,7,53.0,train,621465.7982560832,4594657.0487083215,37.15357733448498
road_34_8,road,34,8,53.0,train,621496.2594870514,4594635.8266949495,37.13225597912432
road_34_9,road,34,9,53.0,train,621517.2307179666,4594605.48557331,37.15563833630468
road_34_10,road,34,10,53.0,train,621540.757266469,4594576.790121565,37.15054001630234
road_34_11,road,34,11,53.0,train,621561.3685448819,4594545.897031978,37.15536455735057
road_34_12,road,34,12,53.0,train,621582.3522179639,4594515.236036237,37.15623799254635
road_35_0,road,35,0,53.0,train,621635.7259000692,4594693.638975972,34.407708575018
road_35_1,road,35,1,53.0,train,621653.8737266165,4594664.407525059,34.40758298828514
road_35_2,road,35,2,53.0,train,621670.6383468206,4594634.373960411,34.40679466789372
road_35_3,road,35,3,53.0,train,621687.2333553988,4594604.44482678,34.37607267341525
road_35_4,road,35,4,53.0,train,621714.0212191258,4594583.084820412,34.30453892741519
road_35_5,road,35,5,53.0,train,621727.2227998275,4594551.982791517,34.407090922004414
road_35_6,road,35,6,53.0,train,621733.881817108,4594518.230468524,34.40754425861044
road_36_0,road,36,0,53.0,train,621732.5378194677,4594583.392294423,36.94646037774673
road_36_1,road,36,1,54.0,val,621766.3138215598,4594572.499345512,36.78799406137144
road_36_2,road,36,2,54.0,val,621789.3825498283,4594543.864855335,36.85184281885
road_36_3,road,36,3,54.0,val,621819.2095445693,4594522.812578004,36.94825433128455
road_36_4,road,36,4,54.0,val,621850.9807444601,4594504.5310394615,36.93492623203252
road_37_0,road,37,0,54.0,val,621838.6098079804,4594526.238362851,39.69212974926704
road_37_1,road,37,1,54.0,val,621872.448233933,4594544.372269351,39.51521038164701
road_37_2,road,37,2,54.0,val,621866.5657914944,4594582.261256151,39.61869620432616
road_37_3,road,37,3,54.0,val,621856.5624565273,4594619.261487665,39.70364876791467
road_38_0,road,38,0,54.0,val,621887.024695587,4594663.235570459,36.57395747524951
road_38_1,road,38,1,54.0,val,621851.2972292536,4594655.59812178,36.57634111625057
road_39_0,road,39,0,54.0,val,621968.1481724391,4594771.249805996,37.8214685055228
road_39_1,road,39,1,54.0,val,621951.5509618686,4594804.922622608,37.84493253855022
road_39_2,road,39,2,54.0,val,621933.8575684276,4594838.289395559,37.83002637796507
road_39_3,road,39,3,54.0,val,621918.0631285594,4594872.561105694,37.83056790299328
road_39_4,road,39,4,66.0,train,621908.993861374,4594909.2090802,37.831293974436974
road_39_5,road,39,5,66.0,train,621899.8420424408,4594945.848130873,37.8454155076095
road_39_6,road,39,6,66.0,train,621888.3318347469,4594981.638783035,37.35890349562936
road_39_7,road,39,7,66.0,train,621859.4417988161,4594998.489165816,37.80678070664127
road_39_8,road,39,8,66.0,train,621822.2444617951,4594996.266971429,37.83993546875325
road_39_9,road,39,9,66.0,train,621785.8718871266,4594986.100780685,37.83802975744621
road_40_0,road,40,0,66.0,train,621881.9962611302,4595013.340270802,38.99494148350527
road_40_1,road,40,1,66.0,train,621861.291225394,4595044.696042535,39.13398459570236
road_40_2,road,40,2,66.0,train,621832.4344024993,4595071.036901161,39.14586502062417
road_40_3,road,40,3,66.0,train,621803.1403429515,4595096.997358665,39.14332132944924
road_40_4,road,40,4,66.0,train,621775.6142658343,4595124.743751789,39.10978150965504
road_40_5,road,40,5,66.0,train,621757.4025487758,4595159.3707979405,39.13873036531086
road_40_6,road,40,6,65.0,train,621735.6931636946,4595189.457140486,38.96663933951008
road_40_7,road,40,7,65.0,train,621701.2587710884,4595207.472689839,39.13080456571045
road_40_8,road,40,8,65.0,train,621677.933782957,4595237.80594055,38.72557901626518
road_40_9,road,40,9,65.0,train,621646.903442847,4595232.817418596,39.11738080427376
road_41_0,road,41,0,65.0,train,621692.6807345512,4595241.221036255,39.6876417678861
road_41_1,road,41,1,65.0,train,621732.0522696631,4595237.711658446,39.67646070240474
road_41_2,road,41,2,66.0,train,621771.5432547837,4595239.34536026,39.68401123169121
road_41_3,road,41,3,78.0,train,621805.6819026568,4595258.842026679,39.62327739970651
road_41_4,road,41,4,78.0,train,621840.7873180369,4595273.327276323,39.616108115913065
road_41_5,road,41,5,78.0,train,621863.9329958721,4595284.547594269,38.00092982017698
road_41_6,road,41,6,78.0,train,621848.8750636802,4595320.361412909,39.70037021549944
road_41_7,road,41,7,78.0,train,621836.2338606899,4595357.893795278,39.693428662944434
road_41_8,road,41,8,78.0,train,621822.6044265361,4595395.148792201,39.70170762554624
road_41_9,road,41,9,78.0,train,621806.4086289558,4595431.320895677,39.69368838269647
road_42_0,road,42,0,78.0,train,621906.7721728162,4595323.907059163,36.88501337952915
road_42_1,road,42,1,78.0,train,621871.8240782903,4595312.92196139,36.888684717420425
road_43_0,road,43,0,77.0,val,621513.3192548889,4595375.900800058,37.6880245564435
road_43_1,road,43,1,77.0,val,621545.461436081,4595356.2233756725,37.68714793198084
road_43_2,road,43,2,77.0,val,621576.006859467,4595334.210582495,37.68301960736917
road_43_3,road,43,3,77.0,val,621603.4593145644,4595308.3976534745,37.68730192876079
road_43_4,road,43,4,77.0,val,621631.4086282525,4595283.138114446,37.68580043982835
road_43_5,road,43,5,77.0,val,621657.5847994272,4595256.163609386,37.66017750971619
road_44_0,road,44,0,90.0,val,621962.1463078924,4595760.395460024,34.485239654591894
road_44_1,road,44,1,90.0,val,621982.4539945141,4595732.987337229,34.43818521679627
road_44_2,road,44,2,90.0,val,622000.8903748478,4595704.46705001,34.47494759018991
road_44_3,road,44,3,90.0,val,622001.7784040839,4595670.142729228,34.5164181781796
road_44_4,road,44,4,90.0,val,622000.0684284182,4595635.669463322,34.516194994722085
road_44_5,road,44,5,78.0,train,622001.0089309308,4595601.391053682,34.491072167982495
road_44_6,road,44,6,78.0,train,622012.3808724831,4595568.981033171,34.515058619505105
road_45_0,road,45,0,91.0,val,622183.1293371083,4595687.607925974,35.37456193451347
road_45_1,road,45,1,91.0,val,622147.8184976107,4595689.730246879,35.37456193434139
road_45_2,road,45,2,90.0,val,622112.5407964558,4595692.2679189015,35.37378527727055
road_45_3,road,45,3,90.0,val,622077.4220177744,4595696.381743642,35.37151931083547
road_45_4,road,45,4,90.0,val,622042.894369662,4595703.863643884,35.36799099424702
road_45_5,road,45,5,90.0,val,622009.5298612611,4595715.483375887,35.37097892094232
road_46_0,road,46,0,91.0,val,622219.9992886169,4595684.552735359,38.635444194756616
road_46_1,road,46,1,91.0,val,622258.3188189756,4595679.768134629,38.61247642477007
road_46_2,road,46,2,91.0,val,622296.7389274194,4595678.555880853,38.61366994441266
road_46_3,road,46,3,91.0,val,622334.2170783856,4595686.864786725,38.63607954555713
road_47_0,road,47,0,91.0,val,622362.3771566566,4595803.339869801,36.35274435171943
road_47_1,road,47,1,91.0,val,622369.5841656708,4595767.790712894,36.24596554488498
road_47_2,road,47,2,91.0,val,622378.3344725054,4595733.078880141,36.34749364309189
road_47_3,road,47,3,91.0,val,622367.7749831255,4595702.318431202,35.9145815659885
road_48_0,road,48,0,91.0,val,622363.5147090995,4595838.671491397,36.29547992689475
road_48_1,road,48,1,91.0,val,622377.639012839,4595871.449401762,36.28790563348409
road_48_2,road,48,2,91.0,val,622399.2506555432,4595900.599606605,36.291184716418606
road_48_3,road,48,3,91.0,val,622423.2245137359,4595927.789022824,36.29513473498176
road_48_4,road,48,4,91.0,val,622450.4385570695,4595951.044951291,36.27569587574785
road_48_5,road,48,5,91.0,val,622481.9860286001,4595968.944259415,36.28348758827458
road_49_0,road,49,0,91.0,val,622161.5155734079,4595956.714583911,30.91283755620147
road_49_1,road,49,1,91.0,val,622155.5392568705,4595985.347547064,30.77027429891812
road_50_0,road,50,0,91.0,val,622141.6344349247,4595959.4114830885,36.39343943668595
road_50_1,road,50,1,90.0,val,622118.7084219274,4595931.148175905,36.39247135125242
road_50_2,road,50,2,90.0,val,622093.1185235129,4595905.330728955,36.38549504796607
road_50_3,road,50,3,90.0,val,622067.9843705925,4595879.123289056,36.3820547904705
road_50_4,road,50,4,90.0,val,622043.1519753467,4595852.566108885,36.37679237849108
road_50_5,road,50,5,90.0,val,622011.3675146251,4595836.255329695,36.31355611104563
road_50_6,road,50,6,90.0,val,621975.3283205543,4595837.595717191,36.30934282076969
road_50_7,road,50,7,90.0,val,621943.6430892309,4595825.62608598,36.11939463117671
road_50_8,road,50,8,90.0,val,621944.4086762918,4595790.824044277,36.30931815658417
road_51_0,road,51,0,90.0,val,621892.892927307,4595774.9874301525,36.29993486136782
road_51_1,road,51,1,90.0,val,621926.3061001474,4595788.773817692,36.31252528926826
road_52_0,road,52,0,66.0,train,621892.6419626548,4595008.52256163,38.86892063905931
road_52_1,road,52,1,66.0,train,621920.1010934683,4594981.316678047,38.86610408603197
road_52_2,road,52,2,66.0,train,621951.7484946491,4594959.184523109,38.55822204156809
road_52_3,road,52,3,66.0,train,621987.3406276106,4594961.227160646,38.54939520828616
road_52_4,road,52,4,66.0,train,621992.6082588637,4594998.582817313,38.843650066738135
road_52_5,road,52,5,66.0,train,621994.7745962592,4595037.191696872,38.86672451992505
road_52_6,road,52,6,66.0,train,622011.0127701521,4595071.699424724,38.74010517427311
road_52_7,road,52,7,66.0,train,622045.2883257194,4595088.231824596,38.86323621474518
road_52_8,road,52,8,66.0,train,622082.1596729957,4595100.494749066,38.8726143681293
road_52_9,road,52,9,66.0,train,622118.6288616463,4595113.443246977,38.59468342279648
road_52_10,road,52,10,67.0,train,622135.6079978367,4595147.468852259,38.81549275738468
road_52_11,road,52,11,67.0,train,622133.2333230219,4595185.589145969,38.7860463200123
road_52_12,road,52,12,67.0,train,622140.477137537,4595222.5179827055,38.76193337935208
road_52_13,road,52,13,79.0,train,622159.1358523623,4595255.087363558,38.78543601532353
road_52_14,road,52,14,79.0,train,622162.0302950768,4595293.800438057,38.87264470690932
road_52_15,road,52,15,79.0,train,622163.4105515518,4595332.615764485,38.86883852015919
road_52_16,road,52,16,79.0,train,622159.7610590775,4595371.271997538,38.870144623118
road_52_17,road,52,17,79.0,train,622141.8166964838,4595396.820008274,37.9656349552271
road_52_18,road,52,18,78.0,train,622105.0143586481,4595406.871427155,38.84193463681612
road_52_19,road,52,19,78.0,train,622074.572319142,4595429.656439013,38.75992584260629
road_52_20,road,52,20,78.0,train,622054.8316629421,4595462.941555222,38.87215723844686
road_52_21,road,52,21,78.0,train,622038.6928752401,4595498.297322532,38.86663951293828
road_52_22,road,52,22,78.0,train,622026.2418044191,4595535.112277698,38.87270615268408
road_53_0,road,53,0,79.0,train,622177.7289613651,4595389.97337732,39.78024598354671
road_53_1,road,53,1,79.0,train,622217.2008218024,4595385.41160504,39.78099793544446
road_53_2,road,53,2,79.0,train,622255.6987395745,4595376.005231313,39.59313136159667
road_53_3,road,53,3,79.0,train,622283.4609806563,4595393.619283251,39.5880916757808
road_53_4,road,53,4,79.0,train,622282.2926812813,4595433.116651406,39.78600044019229
road_53_5,road,53,5,79.0,train,622281.3352770924,4595472.868928897,39.78859454657204
road_53_6,road,53,6,79.0,train,622291.7518316288,4595507.836354468,39.28919436063601
road_54_0,road,54,0,79.0,train,622321.4096900804,4595374.347147418,28.59053640682497
road_54_1,road,54,1,79.0,train,622298.6809954698,4595359.788896477,28.49657985437036
road_54_2,road,54,2,79.0,train,622270.9810579891,4595365.916471773,28.558050067699604
road_55_0,road,55,0,79.0,train,622276.2295997506,4595346.520987344,38.37060912681248
road_55_1,road,55,1,79.0,train,622284.382408641,4595309.0312899975,38.365652379070845
road_55_2,road,55,2,79.0,train,622294.8744923591,4595272.179694749,38.36708564252704
road_55_3,road,55,3,67.0,train,622304.8865695733,4595235.222204005,38.35560589110848
road_55_4,road,55,4,67.0,train,622309.6265067804,4595197.156565398,38.3706099896883
road_55_5,road,55,5,67.0,train,622314.8166108864,4595159.146399869,38.36714759278421
road_55_6,road,55,6,67.0,train,622326.5147739459,4595123.077601931,38.25511068400899
road_55_7,road,55,7,67.0,train,622341.2048039844,4595089.763712359,38.32230680750115
road_55_8,road,55,8,67.0,train,622329.9649137029,4595053.563589075,38.29842396882978
road_55_9,road,55,9,67.0,train,622334.3461897091,4595016.479434594,38.31052144569022
road_55_10,road,55,10,67.0,train,622355.1161988516,4594984.382536248,38.34886781257694
road_55_11,road,55,11,67.0,train,622369.3550433031,4594948.860742089,38.336361634739454
road_55_12,road,55,12,67.0,train,622374.8665269432,4594911.077737523,38.356812898714345
road_55_13,road,55,13,55.0,train,622384.9796806929,4594874.133176106,38.357975846305
road_55_14,road,55,14,55.0,train,622391.3763941195,4594836.316287396,38.3606336436025
road_55_15,road,55,15,55.0,train,622394.2135397865,4594798.145319624,38.370359658275575
road_55_16,road,55,16,55.0,train,622398.5939671315,4594760.11055174,38.36762487243476
road_55_17,road,55,17,55.0,train,622405.9845002604,4594722.460726225,38.37044118578402
road_55_18,road,55,18,55.0,train,622414.279431804,4594685.055948617,38.34990939725837
road_55_19,road,55,19,55.0,train,622415.1589017902,4594646.967639872,38.12464750414149
road_55_20,road,55,20,55.0,train,622433.225562494,4594616.812348627,38.34387891599915
road_55_21,road,55,21,55.0,train,622454.040742532,4594584.7315379055,38.3564562965698
road_55_22,road,55,22,55.0,train,622472.7338986077,4594551.230422038,38.37060765561628
road_55_23,road,55,23,55.0,train,622491.3546072984,4594517.715428209,38.36427431043332
road_56_0,road,56,0,55.0,train,622415.2032844442,4594516.415762316,33.787395167692466
road_56_1,road,56,1,55.0,train,622414.8606398959,4594550.147199234,33.7906661713877
road_56_2,road,56,2,55.0,train,622407.762363758,4594583.107150229,33.75961169426594
road_56_3,road,56,3,55.0,train,622412.2433422691,4594616.504437442,33.81791419474088
road_57_0,road,57,0,55.0,train,622454.5103697297,4594681.740421279,35.78841627184022
road_57_1,road,57,1,55.0,train,622467.5851994258,4594714.713121678,35.719576823680505
road_57_2,road,57,2,55.0,train,622473.4174906696,4594749.040514206,35.81178156264876
road_57_3,road,57,3,55.0,train,622471.6136120879,4594784.798986071,35.81054157798345
road_57_4,road,57,4,55.0,train,622462.3629502327,4594819.037337683,35.79531319699717
road_57_5,road,57,5,55.0,train,622444.357659697,4594849.92241059,35.80399730721384
road_57_6,road,57,6,67.0,train,622429.4366365081,4594882.474522415,35.81402443784273
road_57_7,road,57,7,67.0,train,622417.5926229513,4594916.183026727,35.809962939931474
road_57_8,road,57,8,67.0,train,622412.7423926982,4594951.485856919,35.69884547567108
road_58_0,road,58,0,55.0,train,622484.4758652211,4594739.887702403,28.552310028632828
road_59_0,road,59,0,55.0,train,622391.0778345187,4594718.958351339,38.45391857499055
road_59_1,road,59,1,55.0,train,622355.971868852,4594732.9250877565,38.493248553674015
road_59_2,road,59,2,55.0,train,622323.8501855017,4594727.964521009,38.29769518958557
road_59_3,road,59,3,55.0,train,622298.9597032568,4594699.576704227,38.55137595602031
road_59_4,road,59,4,55.0,train,622268.8348496385,4594675.840716933,38.48642738015269
road_59_5,road,59,5,55.0,train,622233.3160569461,4594663.801672691,36.597391487490384
road_59_6,road,59,6,55.0,train,622231.8474821746,4594683.221912117,38.56466556480187
road_59_7,road,59,7,55.0,train,622253.8563728939,4594714.634346322,38.47720100875749
road_59_8,road,59,8,55.0,train,622260.9078770699,4594752.187890308,38.559097380006335
road_59_9,road,59,9,55.0,train,622270.422479929,4594788.809661941,38.40189929735072
road_59_10,road,59,10,55.0,train,622260.4108998893,4594825.8816863615,38.56945095118432
road_59_11,road,59,11,55.0,train,622245.796790367,4594861.505198377,38.5601402307007
road_59_12,road,59,12,67.0,train,622231.0141742808,4594897.0327136,38.51542759870109
road_59_13,road,59,13,67.0,train,622206.041358607,4594925.864135589,38.56755963216804
road_59_14,road,59,14,67.0,train,622177.5864551873,4594950.8792171655,38.492332322116816
road_59_15,road,59,15,67.0,train,622163.311364113,4594986.626290114,38.5623688425245
road_59_16,road,59,16,67.0,train,622150.650697311,4595023.045301103,38.569396472154594
road_59_17,road,59,17,67.0,train,622138.5246625406,4595059.621624767,38.5661936750523
road_59_18,road,59,18,67.0,train,622129.0666624268,4595096.975650551,38.55989284802196
road_60_0,road,60,0,67.0,train,622163.9654412554,4594875.986683591,30.541305198529216
road_60_1,road,60,1,67.0,train,622167.8300072209,4594905.190363746,30.340952340771427
road_60_2,road,60,2,67.0,train,622179.4172150564,4594931.602296564,30.34238146762985
road_61_0,road,61,0,67.0,train,622255.1467030344,4594918.568554814,34.35368352499767
road_61_1,road,61,1,67.0,train,622284.6435462922,4594901.56471103,34.24872854116975
road_61_2,road,61,2,55.0,train,622295.2201290814,4594870.201550086,34.35313522432852
road_61_3,road,61,3,55.0,train,622297.0605795892,4594835.930710944,34.34474006067163
road_61_4,road,61,4,55.0,train,622314.1139850742,4594807.493057391,34.26730030902056
road_61_5,road,61,5,55.0,train,622346.4783508765,4594796.875023635,34.26639799427612
road_61_6,road,61,6,55.0,train,622377.9511877074,4594808.306243069,34.33090092550097
road_62_0,road,62,0,55.0,train,622311.655278219,4594862.550666947,32.09536499354066
road_62_1,road,62,1,67.0,train,622327.6670915408,4594883.873408615,32.23734200106178
road_62_2,road,62,2,67.0,train,622320.6078775248,4594914.991727634,32.28479623346021
road_63_0,road,63,0,67.0,train,622226.9195836703,4594935.058119594,33.301628106322795
road_63_1,road,63,1,67.0,train,622196.0428128766,4594946.278050898,33.357173234236406
road_64_0,road,64,0,54.0,val,622024.5389869956,4594857.949898817,38.40535120470333
road_64_1,road,64,1,54.0,val,621989.4083970302,4594873.450203653,38.40505556219994
road_64_2,road,64,2,66.0,train,621954.1509560588,4594888.437657509,38.37779183767817
road_64_3,road,64,3,66.0,train,621922.7944956508,4594910.513534378,38.404788444754175
road_65_0,road,65,0,55.0,train,622147.1647879082,4594720.535557391,35.287444325715285
road_65_1,road,65,1,55.0,train,622173.6217807843,4594697.769007736,35.19578771451614
road_65_2,road,65,2,55.0,train,622181.4874276228,4594663.403296172,35.31871711735443
road_65_3,road,65,3,55.0,train,622190.0850793525,4594629.96482963,34.01346014159953
road_65_4,road,65,4,55.0,train,622211.6371948706,4594645.00295795,35.31187949717949
road_66_0,road,66,0,54.0,val,622103.1477137776,4594686.435548478,34.791391575853865
road_66_1,road,66,1,55.0,train,622135.7594077223,4594675.446580728,34.91897029197424
road_66_2,road,66,2,55.0,train,622167.23119297,4594660.400522863,34.92436639932446
road_67_0,road,67,0,55.0,train,622218.4281900118,4594733.559428622,33.503837441383745
road_67_1,road,67,1,55.0,train,622207.6715025458,4594701.880073044,33.501542138463016
road_67_2,road,67,2,55.0,train,622191.771370101,4594672.912418437,32.891807904072984
road_68_0,road,68,0,55.0,train,622354.3888828288,4594712.803646578,39.57621423705409
road_68_1,road,68,1,55.0,train,622343.3051735763,4594674.878320723,39.53339726206502
road_68_2,road,68,2,55.0,train,622347.349759909,4594636.107397366,39.56134664837585
road_68_3,road,68,3,55.0,train,622352.2148491042,4594596.877231603,39.57443439135112
road_68_4,road,68,4,55.0,train,622366.0562445858,4594559.908256163,39.53101102457438
road_68_5,road,68,5,55.0,train,622374.8832116325,4594521.793105179,39.58507036707883
road_69_0,road,69,0,54.0,val,622108.6189857206,4594508.219837386,26.9218937379826
road_69_1,road,69,1,55.0,train,622135.1454935205,4594504.680188723,27.01797746199996
road_70_0,road,70,0,66.0,train,622004.416377259,4595039.510207885,39.84248527736992
road_70_1,road,70,1,66.0,train,622017.8657686841,4595002.205433396,39.8363383009347
road_70_2,road,70,2,66.0,train,622041.0055049813,4594969.8111811625,39.85452526533474
road_70_3,road,70,3,66.0,train,622065.0737472915,4594938.05511983,39.85225052101198
road_71_0,road,71,0,66.0,train,621969.94899223,4595038.179892538,33.2445621753204
road_71_1,road,71,1,66.0,train,621982.30306135,4595007.439370554,33.22130944611565
road_72_0,road,72,0,66.0,train,621767.7218800097,4595172.412850371,35.48871438515921
road_72_1,road,72,1,66.0,train,621802.4718760832,4595170.20119745,35.58019675806685
road_72_2,road,72,2,66.0,train,621837.8747051405,4595170.646927849,35.56501701908094
road_72_3,road,72,3,66.0,train,621872.732554884,4595163.763330579,35.577010878578946
road_72_4,road,72,4,66.0,train,621907.7828519694,4595159.38795383,35.473180712044645
road_72_5,road,72,5,66.0,train,621933.8330458562,4595179.009166423,35.58059976662419
road_73_0,road,73,0,66.0,train,622032.0978694661,4595103.136450468,36.63584873680247
road_73_1,road,73,1,66.0,train,622028.852438365,4595139.581185241,36.581067073935465
road_73_2,road,73,2,66.0,train,622030.0589469874,4595175.253928635,36.52373943581017
road_73_3,road,73,3,66.0,train,622033.4658371999,4595211.10815967,36.62344511226518
road_73_4,road,73,4,66.0,train,622032.6301664136,4595246.877751715,36.59023458277181
road_73_5,road,73,5,78.0,train,622052.7172054782,4595276.892233732,36.62321244674882
road_73_6,road,73,6,78.0,train,622077.0765777562,4595303.845733617,36.6195477793777
road_73_7,road,73,7,78.0,train,622108.9152993411,4595320.373823387,36.5407694436482
road_73_8,road,73,8,79.0,train,622145.342028439,4595323.62948032,36.62615331274368
road_74_0,road,74,0,79.0,train,622298.9654939513,4595500.398688173,37.72128965538384
road_74_1,road,74,1,79.0,train,622335.2285216348,4595508.737884154,37.72924142417466
road_74_2,road,74,2,79.0,train,622366.8310224542,4595497.900563207,37.206159259552514
road_74_3,road,74,3,79.0,train,622377.7560979573,4595462.422601011,37.71774147294732
road_74_4,road,74,4,79.0,train,622384.5530344811,4595425.379598957,37.7118000981036
road_74_5,road,74,5,79.0,train,622384.1590453465,4595387.79117226,37.697160189303176
road_74_6,road,74,6,79.0,train,622392.2175542776,4595350.968512605,37.71951701221731
road_74_7,road,74,7,79.0,train,622396.7926729417,4595313.690332833,37.691225400705946
road_74_8,road,74,8,79.0,train,622401.1921710572,4595276.583382899,37.624496484615385
road_74_9,road,74,9,67.0,train,622390.2651051705,4595241.11600365,37.70158504355627
road_74_10,road,74,10,67.0,train,622363.2800729692,4595215.424268111,37.680802874780056
road_74_11,road,74,11,67.0,train,622327.9452673617,4595202.468334987,37.72192924643397
road_75_0,road,75,0,52.0,val,621281.6717005856,4594820.158483217,36.554275752898086
road_75_1,road,75,1,52.0,val,621315.1290475334,4594805.613858637,36.55490204033567
road_75_2,road,75,2,52.0,val,621346.9037381286,4594788.136832948,36.5471403517276
road_75_3,road,75,3,52.0,val,621371.1216431633,4594761.152404163,36.53131250613134
road_75_4,road,75,4,53.0,train,621396.8160831186,4594735.746490011,36.584572247550255
road_75_5,road,75,5,53.0,train,621427.5009755953,4594715.9365529865,36.55511298622017
road_76_0,road,76,0,55.0,train,622271.6806614605,4594557.337371254,32.10042178116441
road_76_1,road,76,1,55.0,train,622243.6540415987,4594542.136412984,31.99531176134056
road_76_2,road,76,2,55.0,train,622214.9905848287,4594548.73542841,31.590371002057896
road_76_3,road,76,3,55.0,train,622206.5774878387,4594579.357124971,32.09995880697917
road_76_4,road,76,4,55.0,train,622203.2130652963,4594611.144055828,32.10696059668586
road_77_0,road,77,0,55.0,train,622433.746732122,4594527.805923545,20.76972682488621
road_77_1,road,77,1,55.0,train,622444.2577994852,4594509.924388397,20.770704652534192
road_78_0,road,78,0,78.0,train,621806.4965954925,4595511.446187657,36.83191702592494
road_78_1,road,78,1,78.0,train,621796.034714934,4595546.069463281,36.74042877071819
road_78_2,road,78,2,78.0,train,621770.7584297692,4595572.705234435,36.82578585787703
road_78_3,road,78,3,77.0,val,621744.3108609093,4595598.308103736,36.83181715258533
road_79_0,road,79,0,77.0,val,621466.1499919145,4595577.940589657,35.863004265338375
road_79_1,road,79,1,77.0,val,621470.0612479771,4595543.477211747,35.830456770099985
road_79_2,road,79,2,77.0,val,621463.0782603428,4595508.376096155,35.87134516798652
road_79_3,road,79,3,77.0,val,621460.2941769245,4595472.61300619,35.88166980029362
road_80_0,road,80,0,64.0,train,621228.5466401598,4595066.974656599,24.50712684862081
road_80_1,road,80,1,64.0,train,621251.5044657532,4595058.705011205,24.530277256858312
road_81_0,road,81,0,90.0,val,622023.9557496881,4595873.712186307,20.18231090291044
road_81_1,road,81,1,90.0,val,622031.265612648,4595854.988555792,20.17338354004818
road_82_0,road,82,0,90.0,val,621980.3485572396,4595799.724440324,30.1252636616239
road_82_1,road,82,1,90.0,val,621960.3230218535,4595821.275494044,30.256082506262665
road_83_0,road,83,0,91.0,val,622493.020882125,4595884.314773201,34.729942359036386
road_83_1,road,83,1,91.0,val,622480.5976562412,4595852.008583917,34.700371836263166
road_83_2,road,83,2,91.0,val,622468.376621222,4595819.61102815,34.729573188882114
road_83_3,road,83,3,91.0,val,622454.7889512598,4595787.686664098,34.672117440528346
road_83_4,road,83,4,91.0,val,622448.7931765015,4595754.0068873055,34.72531827774497
road_84_0,road,84,0,52.0,val,621016.0426008914,4594585.074953094,32.225368841032854
road_84_1,road,84,1,52.0,val,621047.8154190452,4594583.594184787,32.18705820515621
road_84_2,road,84,2,52.0,val,621076.4489281536,4594573.807522142,32.10924883092753
road_84_3,road,84,3,52.0,val,621088.9176649813,4594544.139635275,32.32757702202908
road_84_4,road,84,4,52.0,val,621102.821360955,4594514.953221297,32.33049817208873
road_85_0,road,85,0,52.0,val,621046.2059047322,4594673.903035437,30.7485053252734
road_85_1,road,85,1,52.0,val,621016.1749679217,4594667.615145911,30.7598239457177
road_86_0,road,86,0,65.0,train,621416.9446204195,4594900.786564852,33.13558994570174
road_86_1,road,86,1,53.0,train,621415.8257097912,4594867.671451272,33.13610967748512
road_87_0,road,87,0,67.0,train,622350.9741923708,4595118.824725432,31.307491197349247
road_87_1,road,87,1,67.0,train,622370.7724395997,4595142.972299092,31.309353649984622
road_87_2,road,87,2,67.0,train,622389.632234156,4595167.793230553,31.28252523741641
road_87_3,road,87,3,67.0,train,622412.0571252081,4595189.116812732,31.21421713531676
road_88_0,road,88,0,67.0,train,622418.0179981538,4595120.404018307,38.95211987383261
road_88_1,road,88,1,67.0,train,622381.5344946932,4595133.560112732,38.99169967189618
road_88_2,road,88,2,67.0,train,622352.6607454628,4595159.823532517,39.07418007022808
road_88_3,road,88,3,67.0,train,622323.5206258781,4595185.838170163,39.073897011673
road_89_0,road,89,0,55.0,train,622415.4569827792,4594772.779220733,38.61397394868389
road_89_1,road,89,1,55.0,train,622424.9601600441,4594804.98531902,38.89102291358619
road_89_2,road,89,2,55.0,train,622403.359796099,4594836.915518117,38.96053235395341
road_90_0,road,90,0,53.0,train,621376.7340786482,4594656.738272269,24.47089428307621
road_90_1,road,90,1,52.0,val,621369.2264490583,4594678.940415124,24.353737140440376
road_91_0,road,91,0,77.0,val,621381.6216583988,4595267.091212685,35.80568481982316
road_91_1,road,91,1,77.0,val,621404.2058028596,4595294.675955932,35.7938798333938
road_91_2,road,91,2,77.0,val,621433.1181011723,4595314.715232748,35.84571928441228
road_91_3,road,91,3,77.0,val,621466.2014220852,4595328.507727824,35.848451838141315
road_91_4,road,91,4,77.0,val,621498.3629482017,4595344.229661664,35.83210613146388
road_92_0,road,92,0,65.0,train,621406.4182172316,4595223.824017768,39.86283657026224
road_92_1,road,92,1,77.0,val,621435.6406433422,4595250.204634232,39.8946075204231
road_92_2,road,92,2,77.0,val,621460.0505455516,4595281.4989291085,39.959305484185776
road_92_3,road,92,3,77.0,val,621475.5828475282,4595318.20322076,39.951243721746536
road_93_0,road,93,0,88.0,train,621011.2459578486,4595937.843169474,36.05793985088943
road_93_1,road,93,1,88.0,train,621039.3338389973,4595960.438630489,36.03964936933455
road_93_2,road,93,2,88.0,train,621063.1371746489,4595987.053937364,35.73157394589498
road_93_3,road,93,3,88.0,train,621093.7372044375,4595972.369254373,35.663469022519315
road_93_4,road,93,4,88.0,train,621094.9008207293,4595937.948197744,36.04888374854738
road_93_5,road,93,5,88.0,train,621086.3977084686,4595903.026526489,36.04952211473797
road_94_0,road,94,0,88.0,train,621134.5849696869,4595944.040958594,29.341995630479925
road_94_1,road,94,1,88.0,train,621110.7514848791,4595961.061030152,29.331077736020607
road_95_0,road,95,0,54.0,val,622056.2933797913,4594841.670055217,32.991600424174926
road_95_1,road,95,1,54.0,val,622081.7878177515,4594821.21105244,33.0286706515561
road_95_2,road,95,2,54.0,val,622108.8273628539,4594802.611353836,33.039004922461864
road_95_3,road,95,3,55.0,train,622126.4830116383,4594778.279589335,32.51715125849622
road_95_4,road,95,4,55.0,train,622127.4160979005,4594745.568611697,33.05034716924694
road_96_0,road,96,0,77.0,val,621530.7985697855,4595349.135010611,31.21293365095885
road_97_0,road,97,0,63.0,test,620994.0673335266,4595069.671256848,39.89573690312817
road_97_1,road,97,1,63.0,test,620984.6498672264,4595108.339553406,39.89609550807383
road_97_2,road,97,2,63.0,test,620968.3622245862,4595144.646581578,39.886840030945656
road_97_3,road,97,3,63.0,test,620953.0935630574,4595181.316478467,39.886270385482334
road_97_4,road,97,4,63.0,test,620934.3993495738,4595216.426851136,39.72881150714156
road_97_5,road,97,5,63.0,test,620900.7311173485,4595235.9612733135,39.69256762947528
road_97_6,road,97,6,75.0,train,620882.8675419571,4595269.243519867,38.28068212430312
road_97_7,road,97,7,75.0,train,620903.9288167044,4595286.183655873,39.84518343581445
road_97_8,road,97,8,75.0,train,620940.9253996074,4595299.532398892,39.84439770312452
road_97_9,road,97,9,75.0,train,620953.9752811069,4595335.023898658,39.86676567313545
road_97_10,road,97,10,75.0,train,620957.1664808873,4595374.76289573,39.88092821266893
road_97_11,road,97,11,75.0,train,620965.4859699095,4595413.593920951,39.89464355465336
road_97_12,road,97,12,75.0,train,620978.3491912669,4595451.039585162,39.89295018322037
road_97_13,road,97,13,75.0,train,620993.0304211018,4595488.091040879,39.87658565711897
road_97_14,road,97,14,75.0,train,620997.941380861,4595527.318239519,39.91169172669876
road_97_15,road,97,15,75.0,train,620995.2183148006,4595567.1362836175,39.911019694217735
road_97_16,road,97,16,75.0,train,620996.4280718056,4595606.715560132,39.85517060259036
road_98_0,road,98,0,,unused,614522.4133816744,4603520.055780117,39.94095489847476
road_98_1,road,98,1,,unused,614529.9327850427,4603558.663875031,39.84658786675168
road_98_2,road,98,2,,unused,614547.1459441183,4603594.62970661,39.9368092805541
road_98_3,road,98,3,,unused,614563.5679672759,4603631.0281585455,39.9385616523444
road_98_4,road,98,4,,unused,614578.8902008126,4603667.896651831,39.940954898634
road_98_5,road,98,5,,unused,614589.8661090829,4603705.863098372,39.8899380924219
road_98_6,road,98,6,,unused,614587.1963738507,4603745.250006831,39.8731802909364
road_98_7,road,98,7,,unused,614566.83100071,4603779.078471237,39.936510130693264
road_98_8,road,98,8,,unused,614546.7088571715,4603813.537132403,39.92514503382739
road_98_9,road,98,9,,unused,614535.2710949155,4603851.772941263,39.90151126178219
road_98_10,road,98,10,,unused,614528.8984151542,4603890.899335441,39.9232907315666
road_98_11,road,98,11,,unused,614532.6706505029,4603930.550994723,39.93089389866805
road_98_12,road,98,12,,unused,614543.100527592,4603969.100906805,39.94095489860917
road_98_13,road,98,13,,unused,614553.2745876757,4604007.713604568,39.93241538416675
road_98_14,road,98,14,,unused,614559.1088824334,4604047.221829341,39.94095489831392
road_98_15,road,98,15,,unused,614564.0457800083,4604086.845862,39.94044319748157
road_98_16,road,98,16,,unused,614568.0357766821,4604126.586764947,39.94095489839905
road_98_17,road,98,17,,unused,614572.0257989148,4604166.327922463,39.94095489839905
road_98_18,road,98,18,,unused,614576.0158211476,4604206.06907998,39.940954899314086
road_98_19,road,98,19,,unused,614580.1890349663,4604245.790604823,39.94084107168297
road_98_20,road,98,20,,unused,614584.735546031,4604285.471892214,39.940954898689725
road_98_21,road,98,21,,unused,614589.2820635743,4604325.153236149,39.940954899614994
road_98_22,road,98,22,,unused,614593.8285621725,4604364.834414733,39.940622033421946
road_98_23,road,98,23,,unused,614597.592620969,4604404.594766188,39.94095489915812
road_98_24,road,98,24,,unused,614601.0523971595,4604444.37074036,39.911363105059394
road_98_25,road,98,25,,unused,614594.0570856427,4604483.545878979,39.94095489833824
road_98_26,road,98,26,,unused,614585.8418192366,4604522.632824065,39.94095489927359
road_98_27,road,98,27,,unused,614577.6157224993,4604561.71742534,39.94084740172519
road_98_28,road,98,28,,unused,614568.5572862508,4604600.617557954,39.94095489825692
road_98_29,road,98,29,,unused,614559.4989465857,4604639.517275807,39.93999568302159
road_98_30,road,98,30,,unused,614551.8367317659,4604678.700247546,39.94095489805294
road_98_31,road,98,31,,unused,614545.0713639306,4604718.064059306,39.94095489895109
road_98_32,road,98,32,,unused,614538.3156668217,4604757.42952123,39.94095067943224
road_98_33,road,98,33,,unused,614531.6615363498,4604796.812287224,39.94095489830483
road_98_34,road,98,34,,unused,614525.0074055266,4604836.195055299,39.94095489922314
road_98_35,road,98,35,,unused,614518.3533574515,4604875.577333624,39.93996151609647
road_98_36,road,98,36,,unused,614512.9766901596,4604915.150292977,39.94095489935452
road_98_37,road,98,37,,unused,614507.9002219528,4604954.767326545,39.94095489844554
road_98_38,road,98,38,,unused,614502.8238616515,4604994.383518014,39.93925692928824
road_98_39,road,98,39,,unused,614496.5742391897,4605033.8197607165,39.94095489912459
road_98_40,road,98,40,,unused,614489.4317409648,4605073.116892894,39.94095489820828
road_98_41,road,98,41,,unused,614482.2892427396,4605112.41402507,39.94095489912459
road_98_42,road,98,42,,unused,614475.1467445145,4605151.711157247,39.94095489820828
road_98_43,road,98,43,,unused,614468.1935263106,4605191.041719607,39.94091011338056
road_98_44,road,98,44,,unused,614461.4518534186,4605230.409573702,39.94095489852427
road_98_45,road,98,45,,unused,614454.7226336076,4605269.779573802,39.94095346705845
road_98_46,road,98,46,,unused,614448.0424273005,4605309.157926545,39.94095489877402
road_98_47,road,98,47,,unused,614441.3627040992,4605348.533431484,39.93517648727557
road_98_48,road,98,48,,unused,614438.0148447927,4605388.2591805365,39.94095489846867
road_98_49,road,98,49,,unused,614436.4980212979,4605428.171323109,39.94095489847309
road_98_50,road,98,50,,unused,614434.9812285092,4605468.082657707,39.93933778338095
road_98_51,road,98,51,,unused,614430.6059740342,4605507.719999252,39.94095489927032
road_98_52,road,98,52,,unused,614424.4690357901,4605547.186667052,39.940954898350064
road_98_53,road,98,53,,unused,614416.4726713711,4605586.248619593,39.93698790857098
road_98_54,road,98,54,,unused,614405.5717865153,4605624.671166959,39.94095489883592
road_98_55,road,98,55,,unused,614390.5774330979,4605661.339402211,39.90051250888583
road_98_56,road,98,56,,unused,614369.94302806,4605695.513753824,39.940954898729046
road_98_57,road,98,57,,unused,614348.5539244998,4605729.204508289,39.935459249936486
road_98_58,road,98,58,,unused,614324.4566126524,4605761.053840245,39.94095489853928
road_98_59,road,98,59,,unused,614300.357783446,4605792.905177689,39.940488906725854
road_98_60,road,98,60,,unused,614276.759982263,4605825.125477855,39.94095489927647
road_98_61,road,98,61,,unused,614253.5436708924,4605857.625981921,39.94095489851864
road_98_62,road,98,62,,unused,614230.3566183179,4605890.147338926,39.94095266461754
road_98_63,road,98,63,,unused,614207.2126079539,4605922.699367638,39.94095489847306
road_98_64,road,98,64,,unused,614184.0685969421,4605955.25139726,39.94095489923209
road_98_65,road,98,65,,unused,614160.9246337531,4605987.803359618,39.94078983717591
road_98_66,road,98,66,,unused,614137.346993564,4606020.04181697,39.94095489909225
road_98_67,road,98,67,,unused,614113.6736784871,4606052.210964169,39.94095489902325
road_98_68,road,98,68,,unused,614090.0004460071,4606084.379999128,39.94067618658895
road_98_69,road,98,69,,unused,614064.8977037966,4606115.438849812,39.94095489857613
road_98_70,road,98,70,,unused,614039.5807647685,4606146.331121928,39.940954899296464
road_98_71,road,98,71,,unused,614014.4865531378,4606177.392411768,39.93571264047412
road_98_72,road,98,72,,unused,613992.1660878217,4606210.511399258,39.940954898058166
road_98_73,road,98,73,,unused,613969.8441576271,4606243.632560328,39.94095489876541
road_98_74,road,98,74,,unused,613947.5253407832,4606276.749101824,39.92981337064465
road_98_75,road,98,75,,unused,613927.7969977292,4606311.377352808,39.94095489808068
road_98_76,road,98,76,,unused,613910.2065780882,4606347.236201298,39.9409548989168
road_98_77,road,98,77,,unused,613892.6161584465,4606383.095049788,39.9409548989168
road_98_78,road,98,78,,unused,613875.0324879844,4606418.94013978,39.91030541368638
road_98_79,road,98,79,,unused,613863.2100306291,4606456.887159068,39.94095489905506
road_98_80,road,98,80,,unused,613853.9613360809,4606495.742551582,39.940954898176
road_98_81,road,98,81,,unused,613844.7126415325,4606534.597944095,39.94095489905506
road_98_82,road,98,82,,unused,613835.4639469841,4606573.453336609,39.940954899082016
road_98_83,road,98,83,,unused,613826.2152524358,4606612.308729121,39.940954898149045
road_98_84,road,98,84,,unused,613816.6732739977,4606651.090753016,39.94059262720125
road_98_85,road,98,85,,unused,613806.4909442575,4606689.71180388,39.940954898594526
road_98_86,road,98,86,,unused,613796.3085683391,4606728.333029894,39.94095489856485
road_98_87,road,98,87,,unused,613786.1261924208,4606766.954255909,39.940954898594526
road_98_88,road,98,88,,unused,613775.9438165025,4606805.575481923,39.9409548994654
road_98_89,road,98,89,,unused,613765.7614405842,4606844.196707939,39.94095489856485
road_98_90,road,98,90,,unused,613755.579064666,4606882.817933953,39.940954898594526
road_98_91,road,98,91,,unused,613745.3966887476,4606921.439159968,39.94095489856485
road_98_92,road,98,92,,unused,613735.2143128293,4606960.060385983,39.940954898594526
road_98_93,road,98,93,,unused,613725.031936911,4606998.681611997,39.94095489856485
road_98_94,road,98,94,,unused,613714.8495609927,4607037.302838012,39.940954898594526
road_98_95,road,98,95,,unused,613709.9673644248,4607076.5804816615,39.936424833488736
road_98_96,road,98,96,,unused,613710.4538148737,4607116.516208952,39.94095489873756
road_98_97,road,98,97,,unused,613712.6071056754,4607156.126085733,39.903379198270144
road_98_98,road,98,98,,unused,613728.0895937582,4607192.923802844,39.94095489871224
road_98_99,road,98,99,,unused,613743.5789002051,4607229.737725377,39.93854200509435
road_98_100,road,98,100,,unused,613761.2821324596,4607265.538216309,39.94095489872228
road_98_101,road,98,101,,unused,613773.4674073613,4607302.423144034,39.85093892624123
road_98_102,road,98,102,,unused,613770.3212937748,4607342.193150519,39.937567676362455
road_98_103,road,98,103,,unused,613768.8871594315,4607382.082606548,39.94095489899867
road_98_104,road,98,104,,unused,613768.7270539539,4607422.023240549,39.94095489899866
road_98_105,road,98,105,,unused,613767.0459780076,4607461.869566015,39.93168391013799
road_98_106,road,98,106,,unused,613762.0306201783,4607501.489709797,39.94095489798849
road_98_107,road,98,107,,unused,613757.0043698178,4607541.112903122,39.94049412442776
road_98_108,road,98,108,,unused,613748.4235228528,4607580.120986128,39.94095489830393
road_98_109,road,98,109,,unused,613739.8426263913,4607619.129294142,39.94095489832894
road_98_110,road,98,110,,unused,613731.261733957,4607658.13758385,39.94091741144968
road_98_111,road,98,111,,unused,613722.1840472494,4607697.033260906,39.940954899028895
road_98_112,road,98,112,,unused,613713.1013200311,4607735.922157554,39.929996420633096
road_98_113,road,98,113,,unused,613707.9848154982,4607775.432695053,39.94095489921303
road_98_114,road,98,114,,unused,613704.9501675947,4607815.258171794,39.94090000204052
road_98_115,road,98,115,,unused,613701.6386265643,4607855.061133947,39.94095489894303
road_98_116,road,98,116,,unused,613698.1836842062,4607894.852379863,39.94095489894303
road_98_117,road,98,117,,unused,613700.8156209043,4607933.995572275,39.89502094233482
road_98_118,road,98,118,,unused,613712.8446068256,4607972.057421967,39.93983120474317
road_98_119,road,98,119,,unused,613725.8373168107,4608009.814875462,39.94095489912718
road_98_120,road,98,120,,unused,613739.6617866312,4608047.287050637,39.94095489821313
road_98_121,road,98,121,,unused,613753.4862564513,4608084.759225814,39.94095489912718
road_99_0,road,99,0,,unused,703053.9353049062,4650473.513259311,39.43917873856993
road_99_1,road,99,1,,unused,703018.3513539798,4650458.193786649,39.553154005565055
road_99_2,road,99,2,,unused,702983.2834518463,4650440.063233088,39.537448497766746
road_99_3,road,99,3,,unused,702945.5850488147,4650428.23277633,39.55032197000231
road_99_4,road,99,4,,unused,702914.1131288008,4650405.802157185,39.3445078903679
road_99_5,road,99,5,,unused,702899.7356258242,4650369.46500967,39.55528735110558
road_99_6,road,99,6,,unused,702889.0586030429,4650331.444995071,39.53392536895623
road_99_7,road,99,7,,unused,702886.3875899679,4650291.996291009,39.55098686478675
road_99_8,road,99,8,,unused,702882.3975863185,4650252.674318219,39.55533954149047
road_99_9,road,99,9,,unused,702874.9464873361,4650213.948312978,39.43373681516739
road_99_10,road,99,10,,unused,702852.3635904355,4650182.275735232,39.55106598933502
road_99_11,road,99,11,,unused,702827.8671873367,4650151.263974805,39.5550038352765
road_99_12,road,99,12,,unused,702802.1550181569,4650121.229468996,39.55502317633576
road_99_13,road,99,13,,unused,702777.305539174,4650090.460120277,39.55533954118164
road_99_14,road,99,14,,unused,702752.622198004,4650059.55130839,39.55533103849213
road_99_15,road,99,15,,unused,702727.9306121372,4650028.655826298,39.546812519258
road_99_16,road,99,16,,unused,702711.498678384,4649993.286265751,39.4351454535833
road_99_17,road,99,17,,unused,702720.8806264047,4649955.45519742,39.51319189691144
road_99_18,road,99,18,,unused,702743.7430794932,4649923.996333335,39.5077948412907
road_99_19,road,99,19,,unused,702763.3380605362,4649890.798578929,39.5061538346902
road_99_20,road,99,20,,unused,702766.4634061855,4649851.579462955,39.55414335733808
road_99_21,road,99,21,,unused,702765.471326469,4649812.038126626,39.55393986586722
road_99_22,road,99,22,,unused,702766.8033884842,4649772.54597395,39.55533954140257
road_99_23,road,99,23,,unused,702769.3633326609,4649733.075554123,39.55528036508396
road_99_24,road,99,24,,unused,702770.8510738399,4649693.548314574,39.55517508014511
road_99_25,road,99,25,,unused,702773.0063529558,4649654.05486061,39.55533776663947
road_99_26,road,99,26,,unused,702775.6376401808,4649614.587917117,39.55407848945016
road_100_0,road,100,0,,unused,702895.3617093484,4649638.852275163,38.51556020023909
road_100_1,road,100,1,,unused,702932.3857222955,4649647.406158879,38.59419518353907
road_100_2,road,100,2,,unused,702970.8059058645,4649651.014111296,38.593271853750814
road_100_3,road,100,3,,unused,703009.3070888199,4649653.516746221,38.59354630527498
road_100_4,road,100,4,,unused,703047.7403511521,4649656.952134291,38.59361497597706
road_100_5,road,100,5,,unused,703086.2856292356,4649657.469186917,38.59479311592789
road_100_6,road,100,6,,unused,703124.86190208,4649656.292796702,38.59442559304924
road_100_7,road,100,7,,unused,703163.3648830316,4649658.443954192,38.59004059592692
road_100_8,road,100,8,,unused,703201.7970461026,4649661.677329513,38.59402745060163
road_101_0,road,101,0,,unused,703175.9334646619,4649703.591645292,36.2337517707068
road_101_1,road,101,1,,unused,703139.8582975701,4649702.002130177,36.24929665107359
road_101_2,road,101,2,,unused,703103.6118958407,4649702.442181676,36.24925449373279
road_101_3,road,101,3,,unused,703067.3655808917,4649702.076914219,36.24931149873351
road_101_4,road,101,4,,unused,703031.1189043855,4649701.641101504,36.24931315794308
road_101_5,road,101,5,,unused,702995.0362194191,4649699.03635865,36.24193354147364
road_101_6,road,101,6,,unused,702959.1275006399,4649694.110486933,36.24918968728333
road_101_7,road,101,7,,unused,702923.1783764479,4649689.751519093,36.17712297617914
road_101_8,road,101,8,,unused,702890.8973832411,4649674.525356813,35.43120509814171
road_101_9,road,101,9,,unused,702875.5913978778,4649648.534608797,36.236154191947705
road_102_0,road,102,0,,unused,702872.2290849702,4649597.282702585,28.852090748784285
road_102_1,road,102,1,,unused,702872.343185131,4649625.8323346,28.82712643977197
road_103_0,road,103,0,,unused,703211.1546632053,4649716.111362774,39.55938346724528
road_103_1,road,103,1,,unused,703239.8247775774,4649742.5744780535,39.527702220749134
road_103_2,road,103,2,,unused,703266.1513198039,4649771.383670432,39.35254329369623
road_103_3,road,103,3,,unused,703267.0925618066,4649809.877246546,39.54884959749946
road_103_4,road,103,4,,unused,703260.8419754145,4649848.656719415,39.514377335462605
road_103_5,road,103,5,,unused,703271.805659114,4649886.610334696,39.54803989654306
road_103_6,road,103,6,,unused,703271.8752320799,4649926.020490344,39.56071209877128
road_103_7,road,103,7,,unused,703270.7637798289,4649965.4950913,39.545150752184014
road_104_0,road,104,0,,unused,703281.4280138701,4649740.865945478,37.940341816145086
road_104_1,road,104,1,,unused,703283.0823685706,4649703.090320589,37.94839031936819
road_104_2,road,104,2,,unused,703283.6546828761,4649665.150532648,37.951727043894905
road_104_3,road,104,3,,unused,703290.4786602105,4649658.711503519,35.0212982824906
road_104_4,road,104,4,,unused,703303.1310322086,4649692.797754003,37.92271710847806
road_104_5,road,104,5,,unused,703310.2178529202,4649729.970463761,37.92779917247982
road_104_6,road,104,6,,unused,703314.2012328114,4649767.270222647,37.920838420718205
road_104_7,road,104,7,,unused,703304.6977856784,4649803.926669964,37.93383204038335
road_104_8,road,104,8,,unused,703310.2486586897,4649838.506262055,37.92333116349817
road_104_9,road,104,9,,unused,703338.031343876,4649864.187798782,37.90428291960871
road_104_10,road,104,10,,unused,703372.3572058632,4649876.119166318,37.71126855292294
road_104_11,road,104,11,,unused,703400.8042467167,4649896.965886988,37.88891680302741
road_105_0,road,105,0,,unused,703279.2958147618,4649623.90449637,39.03701190929325
road_105_1,road,105,1,,unused,703269.7185969326,4649586.071634466,39.03339834402409
road_105_2,road,105,2,,unused,703264.0941093856,4649547.481088545,39.03870865759171
road_105_3,road,105,3,,unused,703258.5167692811,4649508.848867887,39.0308505240978
road_105_4,road,105,4,,unused,703269.07716381,4649473.203249667,38.71931206981815
road_105_5,road,105,5,,unused,703306.2827265793,4649463.397156713,39.034076376595046
road_105_6,road,105,6,,unused,703345.2267927175,4649461.766914141,38.94873834631177
road_105_7,road,105,7,,unused,703376.6239078195,4649481.5090336045,39.026019413456574
road_105_8,road,105,8,,unused,703397.6643118665,4649514.359287433,39.01500548592497
road_105_9,road,105,9,,unused,703417.1610974899,4649547.956170796,39.035106602756095
road_105_10,road,105,10,,unused,703436.258678791,4649581.987188999,39.03853911014558
road_105_11,road,105,11,,unused,703452.1538889486,4649617.284021398,38.988973272526486
road_105_12,road,105,12,,unused,703445.9041150558,4649654.08258836,38.99260052859417
road_105_13,road,105,13,,unused,703429.1538572015,4649689.31619609,39.03635265900643
road_105_14,road,105,14,,unused,703411.1483453076,4649723.944249168,39.03858579092844
road_105_15,road,105,15,,unused,703394.3406899635,4649759.118693922,39.03763708145837
road_105_16,road,105,16,,unused,703382.9120423807,4649796.042817759,38.95783448133024
road_105_17,road,105,17,,unused,703382.7843017232,4649826.009188877,38.2493287477831
road_105_18,road,105,18,,unused,703352.2380976834,4649802.488600848,39.02692476442701
road_105_19,road,105,19,,unused,703326.2578399929,4649773.389982286,39.03163668995792
road_106_0,road,106,0,,unused,703394.2932146232,4649845.807446454,35.7919609241454
road_106_1,road,106,1,,unused,703401.3540772413,4649880.667556081,35.79724806272568
road_107_0,road,107,0,,unused,703150.0176997178,4649993.346136058,39.729647792289285
road_107_1,road,107,1,,unused,703141.1698521014,4650032.06597608,39.72140453400237
road_107_2,road,107,2,,unused,703136.2332151845,4650071.276454537,39.46064674118707
road_107_3,road,107,3,,unused,703160.8123295724,4650097.536718895,39.62379227924591
road_107_4,road,107,4,,unused,703198.7921512276,4650106.31151277,39.64410899165718
road_107_5,road,107,5,,unused,703238.3739772652,4650103.874804701,39.727371742526365
road_107_6,road,107,6,,unused,703278.0815139686,4650102.864508904,39.72966089721245
road_107_7,road,107,7,,unused,703315.1001008675,4650110.976822783,39.67285175266259
road_107_8,road,107,8,,unused,703338.8199474965,4650141.782967676,39.13185253780336
road_107_9,road,107,9,,unused,703328.9746762364,4650156.98731987,39.72987865262043
road_107_10,road,107,10,,unused,703289.323185674,4650155.026288464,39.718823879478194
road_107_11,road,107,11,,unused,703249.8003456584,4650157.610993742,39.71177069648349
road_107_12,road,107,12,,unused,703210.1110958166,4650156.113561262,39.73008619889226
road_107_13,road,107,13,,unused,703170.415545687,4650155.057431152,39.70664936522674
road_107_14,road,107,14,,unused,703139.8089699815,4650134.349224956,39.68426675833712
road_107_15,road,107,15,,unused,703133.9291315546,4650095.363973096,39.69570720576693
road_108_0,road,108,0,,unused,703425.8441335976,4649920.297731244,39.020440334174495
road_108_1,road,108,1,,unused,703464.3147715065,4649925.840698499,39.04547746703766
road_108_2,road,108,2,,unused,703503.2409225514,4649928.8356384905,39.044909473442125
road_108_3,road,108,3,,unused,703542.0640362409,4649932.981680269,39.04549020238989
road_108_4,road,108,4,,unused,703580.8450241565,4649937.518038096,39.04548509297072
road_108_5,road,108,5,,unused,703619.6381934586,4649941.831908841,39.03620266590793
road_108_6,road,108,6,,unused,703658.6733373972,4649941.644914257,39.03498098804224
road_108_7,road,108,7,,unused,703697.0631457071,4649948.234097775,38.90205161585156
road_108_8,road,108,8,,unused,703726.8672071086,4649971.491665731,39.045490202378176
road_108_9,road,108,9,,unused,703752.0304736727,4650001.2790650455,39.03851067579276
road_108_10,road,108,10,,unused,703768.0235369212,4650034.859651526,38.13318355927143
road_108_11,road,108,11,,unused,703740.5971577031,4650057.442661432,39.030991895932566
road_108_12,road,108,12,,unused,703708.8361662528,4650080.041651257,39.04468209650694
road_108_13,road,108,13,,unused,703677.4997267165,4650103.230721421,38.96314024931012
road_109_0,road,109,0,,unused,703697.4825574808,4650102.936123595,39.29117645151248
road_109_1,road,109,1,,unused,703736.626517737,4650102.664037946,39.2398553678416
road_109_2,road,109,2,,unused,703775.4421923996,4650099.136180528,39.28302298168923
road_109_3,road,109,3,,unused,703814.7095723879,4650098.102818433,39.2946179315937
road_109_4,road,109,4,,unused,703853.3273351927,4650092.5391935175,39.27617020078516
road_109_5,road,109,5,,unused,703889.6260097515,4650077.974326459,39.27387854224981
road_109_6,road,109,6,,unused,703921.7522206622,4650055.58981154,39.24651311611007
road_109_7,road,109,7,,unused,703957.4514672889,4650040.147929562,39.29229821991776
road_109_8,road,109,8,,unused,703993.6759441354,4650024.968185681,39.27775018326946
road_110_0,road,110,0,,unused,703673.6621895558,4650134.575318504,38.54508204728697
road_110_1,road,110,1,,unused,703697.2984223537,4650164.933765295,38.544477478833294
road_110_2,road,110,2,,unused,703722.3567574645,4650194.167280218,38.55264384868431
road_110_3,road,110,3,,unused,703746.1179410954,4650224.4985785615,38.51284120514442
road_110_4,road,110,4,,unused,703768.4643133396,4650255.243190332,38.48299130437045
road_110_5,road,110,5,,unused,703749.7863698503,4650280.960879154,38.31412593249736
road_110_6,road,110,6,,unused,703711.6138024189,4650283.25464124,38.55288474400224
road_110_7,road,110,7,,unused,703673.0773308179,4650283.743423884,38.5496218390387
road_110_8,road,110,8,,unused,703634.6331036796,4650285.8427721625,38.55062328993071
road_110_9,road,110,9,,unused,703596.3106237487,4650288.94598135,38.534042641518624
road_110_10,road,110,10,,unused,703559.8083853469,4650300.528972711,38.52284588469893
road_110_11,road,110,11,,unused,703527.8373404614,4650321.911400136,38.54441637315646
road_110_12,road,110,12,,unused,703496.7755213615,4650344.558594675,38.37638658500111
road_110_13,road,110,13,,unused,703475.6557029571,4650375.340772009,38.51370011210179
road_111_0,road,111,0,,unused,703321.8991782268,4649933.229046449,39.13367901494836
road_111_1,road,111,1,,unused,703346.3233463939,4649963.540345207,39.0844450556674
road_111_2,road,111,2,,unused,703382.0504250755,4649979.168167377,39.132261942376594
road_112_0,road,112,0,,unused,703403.0825010382,4649969.565977735,36.59757795993747
road_112_1,road,112,1,,unused,703406.2074884246,4649933.106086129,36.601646767329136
road_113_0,road,113,0,,unused,703531.0657514521,4649980.307060906,35.19438876954958
road_113_1,road,113,1,,unused,703564.5343300207,4649991.183042322,35.192430468118474
road_113_2,road,113,2,,unused,703597.1195409133,4650004.475404005,35.19405470148711
road_113_3,road,113,3,,unused,703629.4348683597,4650018.387601393,35.19206038731805
road_113_4,road,113,4,,unused,703662.9913678772,4650028.807312672,35.18654938129126
road_113_5,road,113,5,,unused,703696.923505941,4650038.106878038,35.19436788877416
road_113_6,road,113,6,,unused,703730.8537344447,4650047.427196043,35.186567185730006
road_114_0,road,114,0,,unused,702894.0145796313,4650074.254989592,38.09745858248745
road_114_1,road,114,1,,unused,702926.1009933932,4650094.7783791805,38.089999282440864
road_114_2,road,114,2,,unused,702958.3695818668,4650114.220941721,38.04925049894101
road_114_3,road,114,3,,unused,702976.44542901,4650147.046446038,38.06912434976153
road_114_4,road,114,4,,unused,702979.7499226928,4650184.927863211,38.09588757100584
road_114_5,road,114,5,,unused,702982.9212243387,4650222.839780862,38.05763962441203
road_114_6,road,114,6,,unused,702999.8859577003,4650256.491174372,38.007627955023445
road_114_7,road,114,7,,unused,703034.6718709514,4650268.825146253,38.07687639575664
road_114_8,road,114,8,,unused,703072.489953162,4650265.391647905,38.08204986701149
road_114_9,road,114,9,,unused,703110.4221600967,4650268.147778316,38.094687142509656
road_114_10,road,114,10,,unused,703148.4707420507,4650267.524665761,38.09325086890258
road_114_11,road,114,11,,unused,703186.4556827509,4650264.624063833,38.09803158194601
road_114_12,road,114,12,,unused,703224.5364038431,4650263.589502371,38.09607097013624
road_114_13,road,114,13,,unused,703262.6058210657,4650264.204659609,38.09438305156532
road_114_14,road,114,14,,unused,703300.5771261923,4650261.148093888,38.09583488545969
road_114_15,road,114,15,,unused,703338.3562503449,4650256.414772391,38.08940929665482
road_114_16,road,114,16,,unused,703376.2546416403,4650253.304409889,38.0936573977508
road_115_0,road,115,0,,unused,702877.0990654677,4649687.253449716,36.46589217460353
road_115_1,road,115,1,,unused,702885.5209967536,4649721.738760324,36.14199471828791
road_115_2,road,115,2,,unused,702916.9147960917,4649739.978422877,36.47375790006973
road_115_3,road,115,3,,unused,702950.9525480607,4649751.354029167,36.39617546340088
road_115_4,road,115,4,,unused,702987.3300078685,4649753.022568948,36.47218508413424
road_115_5,road,115,5,,unused,703023.7162833774,4649755.298711293,36.47364183337221
road_115_6,road,115,6,,unused,703060.1370688158,4649756.945980849,36.4729634174827
road_115_7,road,115,7,,unused,703096.5755009814,4649755.59855707,36.47317650502048
road_115_8,road,115,8,,unused,703132.9224664598,4649752.670400892,36.47391357733223
road_115_9,road,115,9,,unused,703169.2314516241,4649750.768116456,36.45981828037445
road_115_10,road,115,10,,unused,703205.3113873492,4649755.618194967,36.47057639826024
road_116_0,road,116,0,,unused,702694.2987458537,4649486.064888766,37.90866791951108
road_116_1,road,116,1,,unused,702731.1087230903,4649490.172295405,37.83090975067506
road_116_2,road,116,2,,unused,702763.0138666244,4649510.150792817,37.89069644648253
road_116_3,road,116,3,,unused,702794.3909722697,4649531.3216231335,37.90687987970762
road_116_4,road,116,4,,unused,702825.1162163846,4649553.523626243,37.909907014921
road_116_5,road,116,5,,unused,702850.7860141943,4649580.527991181,37.80118467580791
road_116_6,road,116,6,,unused,702865.0294176366,4649615.221344197,37.89694654493835
road_117_0,road,117,0,,unused,702880.4013244424,4649565.503682333,37.49087578895376
road_117_1,road,117,1,,unused,702907.7671293328,4649540.819043926,37.44228808669666
road_117_2,road,117,2,,unused,702935.8720394252,4649524.424271627,36.95943214795462
road_117_3,road,117,3,,unused,702931.1830544272,4649487.478956735,37.59748981576882
road_117_4,road,117,4,,unused,702920.4984650317,4649451.96126419,37.5317824750577
road_117_5,road,117,5,,unused,702898.8045614539,4649421.292466576,37.6009800656344
road_117_6,road,117,6,,unused,702878.6564428015,4649389.716955673,37.58463884982133
road_118_0,road,118,0,,unused,703695.3041290874,4649935.5473776255,39.343164491528256
road_118_1,road,118,1,,unused,703664.1704967998,4649911.876893438,39.35702987415693
road_118_2,road,118,2,,unused,703630.3503076625,4649891.746990584,39.35811485732348
road_118_3,road,118,3,,unused,703596.745752588,4649871.258893282,39.35813365272357
road_118_4,road,118,4,,unused,703562.8994307437,4649851.189518393,39.34835506725616
road_118_5,road,118,5,,unused,703532.9643684181,4649825.991687625,39.32846787483133
road_118_6,road,118,6,,unused,703509.0388051649,4649794.987150949,39.346412085299946
road_118_7,road,118,7,,unused,703491.5729710016,4649759.814238891,39.35300899694281
road_118_8,road,118,8,,unused,703478.1700349662,4649722.837881248,39.358181394373055
road_118_9,road,118,9,,unused,703467.9529835508,4649684.962708962,39.33793086797557
road_118_10,road,118,10,,unused,703461.2533351218,4649646.282638784,39.3368762549414
road_119_0,road,119,0,,unused,703595.605028885,4649861.203847255,30.892061213379986
road_119_1,road,119,1,,unused,703626.0592684331,4649857.931106763,30.8512911090708
road_119_2,road,119,2,,unused,703656.0111906802,4649850.527176896,30.86605709601178
road_119_3,road,119,3,,unused,703686.4130295286,4649851.99487016,30.82888326029656
road_120_0,road,120,0,,unused,703529.058001041,4649991.535356306,37.09167466478878
road_120_1,road,120,1,,unused,703492.5954793321,4649993.289679077,37.0365362098429
road_120_2,road,120,2,,unused,703457.0895185632,4649982.917241653,37.09551453323191
road_120_3,road,120,3,,unused,703420.5489213313,4649977.408357453,37.07515831106914
road_121_0,road,121,0,,unused,703422.8911186202,4649960.231841243,37.39976036987339
road_121_1,road,121,1,,unused,703458.8944947006,4649968.841847312,37.36252525605254
road_121_2,road,121,2,,unused,703495.7741233602,4649972.226017306,37.38558699416849
road_122_0,road,122,0,,unused,703470.6938236201,4649980.241954582,23.76376960693839
road_123_0,road,123,0,,unused,700798.4564837242,4649980.48871731,36.66190812615462
road_123_1,road,123,1,,unused,700763.0248914419,4649971.461375831,36.61902195478172
road_123_2,road,123,2,,unused,700726.3955653125,4649972.353827088,36.66171408630662
road_123_3,road,123,3,,unused,700689.8187812917,4649971.792048441,36.52451158001181
road_124_0,road,124,0,,unused,700834.0357060515,4649992.42969628,38.4544960323483
road_124_1,road,124,1,,unused,700868.2256298177,4650009.521366652,38.41434403255285
road_124_2,road,124,2,,unused,700900.2772860047,4650030.5728811445,38.454650326568576
road_124_3,road,124,3,,unused,700932.3353569062,4650051.8037239695,38.45206717232089
road_124_4,road,124,4,,unused,700962.251307176,4650075.95762741,38.45752053585165
road_125_0,road,125,0,,unused,700428.6397419098,4649763.51790606,29.50111234814456
road_125_1,road,125,1,,unused,700421.4598722858,4649792.131977807,29.501112348116227
road_126_0,road,126,0,,unused,699475.0395714155,4649886.66954417,37.15605878618831
road_126_1,road,126,1,,unused,699503.9464513629,4649863.785259256,37.1704100698573
road_126_2,road,126,2,,unused,699535.9807667092,4649845.093179979,37.180385391930784
road_126_3,road,126,3,,unused,699570.1144400999,4649830.358585151,37.19391935500423
road_126_4,road,126,4,,unused,699603.7022582439,4649814.385394677,37.19474597990713
road_127_0,road,127,0,,unused,699499.4759954197,4649929.786527523,36.19187919670821
road_127_1,road,127,1,,unused,699473.4490785834,4649904.610037643,36.299405694683216
road_128_0,road,128,0,,unused,699391.8290648963,4649889.889781553,26.743832242318454
road_128_1,road,128,1,,unused,699418.275702605,4649893.815038587,26.73954474588255
road_128_2,road,128,2,,unused,699444.9824512277,4649894.808114123,26.743916113128435
road_129_0,road,129,0,,unused,699362.5348683761,4649881.109352225,34.76264706003783
road_129_1,road,129,1,,unused,699330.2709660634,4649868.168563293,34.76247917807354
road_129_2,road,129,2,,unused,699297.6567014444,4649856.470867323,34.72883318774787
road_129_3,road,129,3,,unused,699263.0157451031,4649854.000538532,34.75182920339203
road_129_4,road,129,4,,unused,699229.4055464483,4649845.755398041,34.74650915115864
road_129_5,road,129,5,,unused,699198.9246676624,4649829.1993798455,34.74914250731809
road_129_6,road,129,6,,unused,699171.3099208822,4649809.271939023,34.62909924890643
road_130_0,road,130,0,,unused,698008.3961866203,4650526.571211295,33.04563865845458
road_130_1,road,130,1,,unused,698039.2229689951,4650537.284676144,32.738353018555266
road_130_2,road,130,2,,unused,698069.2241271721,4650550.547957304,33.04951001309199
road_130_3,road,130,3,,unused,698102.0109298871,4650556.7733338345,33.86953106455561
road_130_4,road,130,4,,unused,698135.243710314,4650553.982840947,33.11109842762964
road_130_5,road,130,5,,unused,698167.8870347101,4650548.247443865,33.277002664697044
road_130_6,road,130,6,,unused,698201.4324759691,4650546.275048257,34.00139552423177
road_131_0,road,131,0,,unused,698023.1814912441,4650648.594202972,36.18760031497262
road_131_1,road,131,1,,unused,698058.454969152,4650656.986529041,37.17932276828051
road_131_2,road,131,2,,unused,698095.2140353634,4650652.160505759,37.09608808751289
road_131_3,road,131,3,,unused,698130.533762415,4650656.636341758,35.39856684299285
road_131_4,road,131,4,,unused,698164.0437287479,4650667.040762969,37.03495850918239
road_131_5,road,131,5,,unused,698201.1449931402,4650665.221393942,37.559307739426046
road_132_0,road,132,0,,unused,698649.7764009803,4651014.410183419,38.15249244767763
road_132_1,road,132,1,,unused,698686.8365967027,4651022.931923471,38.51031561295677
road_132_2,road,132,2,,unused,698725.237554141,4651020.290672528,38.627808307062935
road_132_3,road,132,3,,unused,698762.1652567756,4651029.820870726,38.09538740038268
road_132_4,road,132,4,,unused,698798.2957471213,4651040.853059073,37.78952560646789
road_132_5,road,132,5,,unused,698830.3006700281,4651059.501194523,36.61752405325338
road_132_6,road,132,6,,unused,698860.4874335267,4651079.785885507,37.48427413279087
road_132_7,road,132,7,,unused,698893.3241941488,4651096.00681167,36.15118036326068
road_133_0,road,133,0,,unused,698659.7868823812,4650992.9663583785,38.50064391863097
road_133_1,road,133,1,,unused,698696.9450462182,4650993.665913719,37.99129802781821
road_133_2,road,133,2,,unused,698734.9446595586,4650996.138325708,38.42902198216521
road_133_3,road,133,3,,unused,698772.4212380144,4651001.313550262,37.69742748557504
road_133_4,road,133,4,,unused,698805.4409314335,4651018.1359267775,37.15236254091888
road_133_5,road,133,5,,unused,698840.053632559,4651032.040755124,37.56234654426855
road_133_6,road,133,6,,unused,698870.723258583,4651050.696480898,34.682322930958165
road_133_7,road,133,7,,unused,698891.1628111644,4651079.234069485,35.83306855518107
road_134_0,road,134,0,,unused,698898.3177342247,4651097.897255797,6.586259377886015
road_135_0,road,135,0,,unused,698563.3600311488,4651077.927218117,32.565663875912335
road_135_1,road,135,1,,unused,698583.6215786183,4651052.493322364,32.575841338606054
road_135_2,road,135,2,,unused,698604.8473471673,4651027.823371869,32.558806709709664
road_135_3,road,135,3,,unused,698624.7695651171,4651002.227149815,32.55610169998424
road_135_4,road,135,4,,unused,698647.3515190079,4650978.945201453,32.57066883287661
road_136_0,road,136,0,,unused,698738.7571106823,4650923.14957006,36.639162272703466
road_136_1,road,136,1,,unused,698705.8577917367,4650939.171256845,36.67281998835495
road_136_2,road,136,2,,unused,698673.8740128499,4650956.97429998,36.6301880453517
road_137_0,road,137,0,,unused,698303.286175062,4650615.550138672,37.655538970239256
road_137_1,road,137,1,,unused,698319.2455564701,4650649.341215537,37.80817721874342
road_137_2,road,137,2,,unused,698333.802715052,4650684.148561912,37.81123373811142
road_137_3,road,137,3,,unused,698354.3060346774,4650715.734850475,37.776729744633045
road_137_4,road,137,4,,unused,698385.5224511046,4650736.436431295,37.76816166804547
road_137_5,road,137,5,,unused,698422.3201836387,4650744.159830702,37.802073737306586
road_137_6,road,137,6,,unused,698459.9863217662,4650745.442210727,37.64700471264271
road_137_7,road,137,7,,unused,698482.5597115136,4650720.931302452,37.753928657184005
road_137_8,road,137,8,,unused,698480.353525085,4650683.240184169,37.80709332879359
road_137_9,road,137,9,,unused,698470.4944215342,4650646.892823906,37.800883799439305
road_137_10,road,137,10,,unused,698474.9652656041,4650611.411548735,37.66015603634562
road_137_11,road,137,11,,unused,698504.351813069,4650588.909192802,37.73541874342534
road_137_12,road,137,12,,unused,698535.9327611482,4650568.694949858,37.75366216563813
road_137_13,road,137,13,,unused,698567.0647555505,4650548.321956515,37.77492986253751
road_137_14,road,137,14,,unused,698593.9621080938,4650522.032311886,37.75758949642472
road_138_0,road,138,0,,unused,698415.8932718209,4651138.8479549205,36.03825108036754
road_138_1,road,138,1,,unused,698446.6419019501,4651156.715722211,36.13071427938669
road_138_2,road,138,2,,unused,698474.9840407653,4651177.603017903,36.03496699897453
road_138_3,road,138,3,,unused,698510.2170180222,4651174.392926456,36.121039463016814
road_138_4,road,138,4,,unused,698545.8043459185,4651168.34117065,36.1250980267525
road_138_5,road,138,5,,unused,698579.0133698222,4651154.390269602,36.11310487498352
road_138_6,road,138,6,,unused,698614.48438763,4651148.780287132,36.06880347904708
road_138_7,road,138,7,,unused,698650.4823210393,4651147.2409498645,36.13144899345152
road_138_8,road,138,8,,unused,698686.586946188,4651146.659361238,36.13069888549583
road_138_9,road,138,9,,unused,698722.6862216447,4651147.282179911,36.12549761797107
road_139_0,road,139,0,,unused,698382.443304078,4651129.753565839,35.26763264078271
road_139_1,road,139,1,,unused,698347.2377197163,4651127.599760224,35.37684676324584
road_139_2,road,139,2,,unused,698311.9328101659,4651125.901745342,35.36588346874963
road_140_0,road,140,0,,unused,698354.836578652,4651073.181276488,28.19950769222455
road_140_1,road,140,1,,unused,698365.4744460311,4651099.278551336,28.232519506862864
road_140_2,road,140,2,,unused,698382.617512335,4651121.346933527,27.92311659993866
road_141_0,road,141,0,,unused,698388.9258976905,4651115.961567291,32.06619476761762
road_141_1,road,141,1,,unused,698385.5963554854,4651083.8594232295,32.70591769912331
road_141_2,road,141,2,,unused,698379.8595046925,4651051.7603545245,32.64812465066152
road_142_0,road,142,0,,unused,698400.7678945439,4650969.269209521,35.59523752183791
road_142_1,road,142,1,,unused,698434.3749297662,4650981.022702982,35.7003498174093
road_142_2,road,142,2,,unused,698463.5759080189,4651000.746506571,35.77062031458367
road_142_3,road,142,3,,unused,698485.7622717845,4651028.748256587,35.77820017219953
road_142_4,road,142,4,,unused,698509.5273937318,4651055.388396199,35.76374713176767
road_142_5,road,142,5,,unused,698537.370614189,4651077.5800624415,35.6076207016136
road_143_0,road,143,0,,unused,698628.5531717183,4651004.3055121815,8.906002972804629
road_144_0,road,144,0,,unused,698631.7059927144,4650993.447189005,23.02742212256276
road_145_0,road,145,0,,unused,698646.9333851604,4650613.404195837,35.08801493047537
road_145_1,road,145,1,,unused,698615.1003585563,4650627.657211596,35.032420547535075
road_145_2,road,145,2,,unused,698592.1298541169,4650653.782765603,35.02123943258566
road_145_3,road,145,3,,unused,698593.7776387936,4650688.234967548,35.13106951090191
road_145_4,road,145,4,,unused,698600.5753397883,4650722.48627582,35.0991386397808
road_145_5,road,145,5,,unused,698599.0150444786,4650757.352820898,35.11817542665937
road_145_6,road,145,6,,unused,698586.9370156506,4650790.140031917,35.09792792602792
road_145_7,road,145,7,,unused,698563.9807635089,4650816.169927584,35.103048552721006
road_146_0,road,146,0,,unused,698682.999387991,4650605.951106943,39.36869147478977
road_146_1,road,146,1,,unused,698722.2686711315,4650603.865076595,39.36743279845001
road_146_2,road,146,2,,unused,698759.6908598914,4650615.398642499,39.357251743363946
road_146_3,road,146,3,,unused,698798.6828010802,4650619.282928554,39.36629306686269
road_146_4,road,146,4,,unused,698837.7800049694,4650623.460475338,39.342280143326015
road_146_5,road,146,5,,unused,698876.9043240885,4650626.786564907,39.333818457333535
road_146_6,road,146,6,,unused,698914.9403758682,4650618.957917168,39.264567013646776
road_146_7,road,146,7,,unused,698947.983297515,4650598.15016936,39.331617163100425
road_146_8,road,146,8,,unused,698972.1263041461,4650567.5775422985,39.32933299508467
road_147_0,road,147,0,,unused,698752.0078696301,4650620.61752829,27.06723448846071
road_147_1,road,147,1,,unused,698724.978262387,4650625.32543223,28.013179381472725
road_148_0,road,148,0,,unused,698621.2035103266,4650499.5988484565,34.22064640408332
road_148_1,road,148,1,,unused,698652.5087497683,4650502.744514869,33.95765719652332
road_148_2,road,148,2,,unused,698677.0500620337,4650525.8588939775,33.713916770188966
road_148_3,road,148,3,,unused,698700.4800666213,4650550.172160799,34.152558592234605
road_148_4,road,148,4,,unused,698724.589675825,4650574.247685938,34.10008515038928
road_148_5,road,148,5,,unused,698747.5576597537,4650599.2661235295,34.23595589843265
road_149_0,road,149,0,,unused,698515.3578902168,4650523.856297328,39.04028214017293
road_149_1,road,149,1,,unused,698550.0656867848,4650540.3262189645,39.04119964131815
road_150_0,road,150,0,,unused,698695.21433336,4650637.61068938,36.544069164254886
road_150_1,road,150,1,,unused,698671.484781443,4650663.721635563,36.61040676568481
road_150_2,road,150,2,,unused,698664.0871675607,4650699.367982269,36.73462178914783
road_150_3,road,150,3,,unused,698669.2023271553,4650735.318048427,36.74083763564956
road_150_4,road,150,4,,unused,698667.286534799,4650771.419020461,36.66211811047424
road_150_5,road,150,5,,unused,698659.7148486698,4650807.231618514,36.65149380795005
road_151_0,road,151,0,,unused,698444.8524681869,4651233.487082246,36.75995466490175
road_151_1,road,151,1,,unused,698480.8038459716,4651240.617081773,36.636212721403176
road_151_2,road,151,2,,unused,698515.9997236495,4651250.253642638,36.58593902913603
road_151_3,road,151,3,,unused,698552.4761945298,4651252.962537235,36.680768937908205
road_151_4,road,151,4,,unused,698588.6469026636,4651248.409418666,36.60918749073896
road_151_5,road,151,5,,unused,698624.409485216,4651241.359745041,36.54619992682544
road_151_6,road,151,6,,unused,698660.2825538345,4651235.802388075,36.610016238582
road_151_7,road,151,7,,unused,698696.9235228333,4651236.414269268,36.715398508492285
road_151_8,road,151,8,,unused,698733.4245874175,4651234.045026338,36.61670755894532
road_151_9,road,151,9,,unused,698769.9821724491,4651232.5042056255,36.61905558628359
road_152_0,road,152,0,,unused,698758.9324604744,4651147.354619101,38.15621570504212
road_152_1,road,152,1,,unused,698796.9630740074,4651150.12125506,38.26988130781634
road_152_2,road,152,2,,unused,698835.1811507726,4651152.01952715,38.38831262538466
road_152_3,road,152,3,,unused,698873.181247743,4651150.961024212,37.77558341742194
road_152_4,road,152,4,,unused,698884.7836058447,4651127.071743524,38.282279773871046
road_152_5,road,152,5,,unused,698857.118194188,4651105.36759878,38.17806186650988
road_152_6,road,152,6,,unused,698821.2546088346,4651092.629974856,38.25196251616566
road_152_7,road,152,7,,unused,698785.6005489966,4651079.1402861085,38.205949249242494
road_152_8,road,152,8,,unused,698748.9776286073,4651068.704950487,38.17545003860461
road_152_9,road,152,9,,unused,698712.7003141346,4651057.03712051,38.27191708439451
road_153_0,road,153,0,,unused,698676.0961175831,4651058.082459969,35.3514677992515
road_153_1,road,153,1,,unused,698641.3517423447,4651064.650043216,35.51881989882711
road_153_2,road,153,2,,unused,698607.6206088595,4651075.587997016,35.4489090779708
road_153_3,road,153,3,,unused,698573.6357174047,4651085.210293028,35.46696199941031
road_154_0,road,154,0,,unused,698399.4119486193,4651063.959385399,34.737692620310085
road_154_1,road,154,1,,unused,698433.4247407918,4651070.216647096,34.50216722208481
road_154_2,road,154,2,,unused,698467.1272094017,4651077.652441163,34.55958565615529
road_154_3,road,154,3,,unused,698500.4205081614,4651087.040618676,34.70663570775386
road_154_4,road,154,4,,unused,698534.6404841937,4651091.292116949,34.633503583536736
road_155_0,road,155,0,,unused,698412.0250389262,4650964.920305819,36.53302839809079
road_156_0,road,156,0,,unused,698448.5983279188,4650959.571484163,38.14151626835356
road_156_1,road,156,1,,unused,698485.2545812166,4650950.780671756,38.09867079155404
road_156_2,road,156,2,,unused,698520.7900966052,4650937.448118335,38.06895909110512
road_156_3,road,156,3,,unused,698555.4111889633,4650922.2070491165,37.90698262012455
road_156_4,road,156,4,,unused,698584.8187969268,4650898.59834428,37.820691704019865
road_156_5,road,156,5,,unused,698614.0813501797,4650874.6121602375,37.98420128635228
road_156_6,road,156,6,,unused,698644.1984468951,4650852.020315798,38.12883256417943
road_157_0,road,157,0,,unused,698681.5483327865,4650675.453825788,37.51711074857822
road_157_1,road,157,1,,unused,698708.3698784184,4650701.072087117,37.313490028019146
road_157_2,road,157,2,,unused,698741.4463371042,4650718.406776407,37.55506747530126
road_157_3,road,157,3,,unused,698763.6401837901,4650747.725754245,37.57596048253007
road_157_4,road,157,4,,unused,698786.2025076357,4650777.523337235,37.401018086405216
road_157_5,road,157,5,,unused,698817.1424544177,4650789.868955669,37.55023148297273
road_157_6,road,157,6,,unused,698852.6136063848,4650798.343521146,37.57318651047955
road_157_7,road,157,7,,unused,698879.7377016116,4650824.069112819,37.61456737869821
road_158_0,road,158,0,,unused,698493.027013358,4650676.093334894,35.05683458573201
road_158_1,road,158,1,,unused,698523.3597983229,4650693.46393829,34.97732736790119
road_158_2,road,158,2,,unused,698556.0148750446,4650705.553596281,34.98121268246564
road_158_3,road,158,3,,unused,698586.9312121571,4650716.343823384,30.591177544286644
road_159_0,road,159,0,,unused,698643.9989501424,4650839.022933971,35.51331287608825
road_159_1,road,159,1,,unused,698622.3190427584,4650861.970442394,27.910686069078128
road_160_0,road,160,0,,unused,698705.6245416128,4650949.061333278,33.646141029379024
road_160_1,road,160,1,,unused,698739.5359543046,4650950.725668922,34.31815504641214
road_160_2,road,160,2,,unused,698773.4225273029,4650955.123157373,34.14423052065137
road_160_3,road,160,3,,unused,698806.916837809,4650961.272839024,34.22096088518298
road_160_4,road,160,4,,unused,698839.7698544087,4650969.469507702,34.306444112281405
road_160_5,road,160,5,,unused,698869.9041502663,4650985.6861066045,34.190645286700935
road_160_6,road,160,6,,unused,698897.243929292,4651005.667224806,34.19008724512668
road_161_0,road,161,0,,unused,698804.3952207669,4651246.5909653725,38.93099621012208
road_161_1,road,161,1,,unused,698825.4342910754,4651279.06604405,38.96742757111458
road_161_2,road,161,2,,unused,698855.9157050087,4651302.953620077,38.97380804430839
road_162_0,road,162,0,,unused,698782.989399002,4651322.0173564525,38.04248055622309
road_162_1,road,162,1,,unused,698807.5709115359,4651292.962615216,38.24426542445696
road_163_0,road,163,0,,unused,698699.7224773056,4650922.598949835,38.31468254164695
road_163_1,road,163,1,,unused,698717.6775115671,4650888.961173761,38.47864612798506
road_163_2,road,163,2,,unused,698748.4868051705,4650867.606822616,38.45567918210656
road_163_3,road,163,3,,unused,698778.5199870393,4650843.891338768,38.4748598408312
road_163_4,road,163,4,,unused,698791.1019753683,4650808.559436098,38.52174016700378
road_164_0,road,164,0,,unused,698755.7927727058,4650876.170065288,30.157102870849773
road_164_1,road,164,1,,unused,698754.1738053084,4650906.631826433,30.9337708993004
road_164_2,road,164,2,,unused,698761.6252333968,4650891.442658084,30.19596928735606
road_165_0,road,165,0,,unused,698734.9929159479,4650731.439945523,32.76963866431446
road_165_1,road,165,1,,unused,698716.9779074223,4650757.810059525,35.571641335741745
road_165_2,road,165,2,,unused,698714.4086985976,4650793.246967053,35.56887062232067
road_165_3,road,165,3,,unused,698692.1600517574,4650817.984370755,35.4110488638554
road_165_4,road,165,4,,unused,698667.4978810516,4650814.290130064,33.31103023999032
road_166_0,road,166,0,,unused,698447.4456644062,4650453.898178318,35.31143095676576
road_166_1,road,166,1,,unused,698481.218453404,4650443.786198324,35.45901791352026
road_166_2,road,166,2,,unused,698514.7906929286,4650432.988921286,35.176476150203754
road_166_3,road,166,3,,unused,698548.826267892,4650427.297067179,35.15570274847434
road_166_4,road,166,4,,unused,698561.4462883117,4650459.441664111,35.436434657927606
road_166_5,road,166,5,,unused,698585.9301461116,4650477.834568622,35.450382610896725
road_167_0,road,167,0,,unused,698521.3201350917,4650399.656798818,20.7984913946264
road_167_1,road,167,1,,unused,698535.7602999385,4650384.835045815,20.81033475034104
road_168_0,road,168,0,,unused,698438.1083226338,4651218.376849705,36.60227824510521
road_168_1,road,168,1,,unused,698464.3754879058,4651193.226292594,36.56745434166432
road_169_0,road,169,0,,unused,698959.6690733493,4651207.56498015,35.58043309401272
road_169_1,road,169,1,,unused,698957.6103000724,4651242.431197038,35.52731720518131
road_169_2,road,169,2,,unused,698969.1393959278,4651275.557926099,35.537754807256526
road_169_3,road,169,3,,unused,698977.2329313742,4651309.942700673,35.56828394779817
road_169_4,road,169,4,,unused,698976.0458496786,4651345.329848288,35.58936314449319
road_169_5,road,169,5,,unused,698976.9165935651,4651380.42545014,35.528951535537075
road_170_0,road,170,0,,unused,698419.9273433967,4651250.45194836,37.343777377747486
road_170_1,road,170,1,,unused,698435.6487086446,4651283.527244955,37.44081704048305
road_170_2,road,170,2,,unused,698463.4690111892,4651307.250584081,37.47308502957099
road_170_3,road,170,3,,unused,698500.0434670774,4651314.423454837,37.28632537585121
road_170_4,road,170,4,,unused,698536.3800587574,4651322.581072355,37.35336449548789
road_170_5,road,170,5,,unused,698573.4215174366,4651326.833824836,37.49711344310218
road_170_6,road,170,6,,unused,698610.894111151,4651328.414451212,37.55233050225653
road_171_0,road,171,0,,unused,698227.233048099,4651052.709153269,29.53311783519649
road_171_1,road,171,1,,unused,698256.0381244874,4651046.202965772,29.616185407515992
road_172_0,road,172,0,,unused,699314.9414540952,4650640.522432647,38.31922138741218
road_172_1,road,172,1,,unused,699342.0446381808,4650613.556303614,38.255500235636525
road_172_2,road,172,2,,unused,699373.4620647801,4650591.7451246735,38.3474547353986
road_172_3,road,172,3,,unused,699406.3519731674,4650572.179674304,38.22252900550815
road_172_4,road,172,4,,unused,699440.9101391749,4650556.232166074,38.43639528047231
road_172_5,road,172,5,,unused,699478.5093969669,4650549.302504586,38.28264433849671
road_172_6,road,172,6,,unused,699515.2593453758,4650539.370142496,38.391955107406304
road_173_0,road,173,0,,unused,698363.1943659593,4650878.164403312,37.69014371878666
road_173_1,road,173,1,,unused,698390.50153479,4650858.886644334,36.727957296383465
road_173_2,road,173,2,,unused,698409.8901519454,4650828.398850481,36.23779894054769
road_173_3,road,173,3,,unused,698437.3030368722,4650808.583880474,35.08933014317237
road_173_4,road,173,4,,unused,698461.7716554396,4650783.413608821,35.180673202689576
road_173_5,road,173,5,,unused,698490.6227215728,4650763.239650154,35.681098573698385
road_173_6,road,173,6,,unused,698524.3078665441,4650750.43538951,36.743045559794
road_174_0,road,174,0,,unused,698491.2389083588,4650746.595908792,33.77367818936505
road_175_0,road,175,0,,unused,698356.3519281205,4650770.759165074,35.60351191095371
road_175_1,road,175,1,,unused,698388.6434745739,4650784.442603225,35.447154843915584
road_175_2,road,175,2,,unused,698419.3259806709,4650802.230421782,35.70227380229252
road_176_0,road,176,0,,unused,698357.2567225343,4650784.913715083,28.10507547828241
road_176_1,road,176,1,,unused,698375.3772735931,4650806.237342331,28.256547740167687
road_176_2,road,176,2,,unused,698395.6321405397,4650824.25845793,26.961918283653485
road_177_0,road,177,0,,unused,698331.5484328731,4650885.80427256,29.929159703510308
road_177_1,road,177,1,,unused,698301.8634056887,4650889.489375667,30.17745252391536
road_177_2,road,177,2,,unused,698273.0635293673,4650883.164630902,30.248073859879323
road_177_3,road,177,3,,unused,698244.5763484358,4650873.2229067935,30.21579683244711
road_178_0,road,178,0,,unused,698768.9840148921,4650904.682042836,34.37981496830586
road_178_1,road,178,1,,unused,698799.6828728635,4650889.159968795,34.45707772190825
road_178_2,road,178,2,,unused,698829.8399385626,4650872.917066252,34.22500770642846
road_178_3,road,178,3,,unused,698859.9223950041,4650856.724668547,34.21165690081686
road_178_4,road,178,4,,unused,698887.8966787861,4650838.686301069,32.84624936085778
road_178_5,road,178,5,,unused,698918.8013329395,4650825.974796372,34.3823727689602
road_178_6,road,178,6,,unused,698948.4026900314,4650808.944332301,34.33881451317467
road_179_0,road,179,0,,unused,698979.1586864035,4650794.507340212,33.99924717064389
road_179_1,road,179,1,,unused,699009.4401033587,4650779.377092414,34.08207630992028
road_179_2,road,179,2,,unused,699033.5819844287,4650755.7788098585,33.97848792506348
road_179_3,road,179,3,,unused,699056.4260323758,4650730.7732326025,34.08866608442904
road_179_4,road,179,4,,unused,699077.2197474532,4650703.937838265,34.025199379399766
road_179_5,road,179,5,,unused,699096.6262966339,4650676.2209479725,34.11841130884727
road_180_0,road,180,0,,unused,699118.5622921578,4650650.279954723,33.95118952461143
road_180_1,road,180,1,,unused,699140.8195205331,4650624.788119837,33.84785722003311
road_180_2,road,180,2,,unused,699163.7004618257,4650600.04609488,33.69824944782032
road_180_3,road,180,3,,unused,699184.6285037104,4650573.754493638,33.92644786547253
road_180_4,road,180,4,,unused,699206.0114932779,4650547.700939098,33.908589376128745
road_180_5,road,180,5,,unused,699224.4045992568,4650519.519608007,33.81116570107989
road_181_0,road,181,0,,unused,699347.7635885805,4650565.596912722,24.89228715078116
road_181_1,road,181,1,,unused,699355.4611850297,4650588.460669778,24.721311279924887
road_182_0,road,182,0,,unused,699377.41315753,4650492.776457277,27.664109029634016
road_182_1,road,182,1,,unused,699369.631982209,4650519.259878309,27.69626610687821
road_182_2,road,182,2,,unused,699359.6621035441,4650544.878811589,27.553886515843278
road_183_0,road,183,0,,unused,699329.0910657109,4650513.425970815,31.01320451225048
road_183_1,road,183,1,,unused,699337.4601618308,4650543.007463985,30.913815614606904
road_184_0,road,184,0,,unused,699247.9710690523,4650578.563548428,35.12854297840068
road_184_1,road,184,1,,unused,699268.458594561,4650550.448492769,35.02011934019824
road_184_2,road,184,2,,unused,699291.1789851887,4650523.844817114,35.09800919159863
road_184_3,road,184,3,,unused,699316.6921310751,4650501.227938618,33.468185343684375
road_185_0,road,185,0,,unused,699171.065795085,4650616.620095342,34.28436828236194
road_185_1,road,185,1,,unused,699170.8070748223,4650650.487642386,34.40025766305779
road_185_2,road,185,2,,unused,699177.3475736997,4650684.204452433,34.41455055124849
road_185_3,road,185,3,,unused,699189.8921590344,4650716.144374341,34.379108818576434
road_185_4,road,185,4,,unused,699192.2539651841,4650750.205263462,34.38902439542005
road_186_0,road,186,0,,unused,699284.4960737674,4650659.885002143,35.90422265921181
road_186_1,road,186,1,,unused,699256.3881685901,4650681.459588581,36.11377843927265
road_186_2,road,186,2,,unused,699231.6983851652,4650707.66915962,36.112750671477
road_186_3,road,186,3,,unused,699208.4276623889,4650734.123119984,36.10654922281141
road_187_0,road,187,0,,unused,698721.0985598008,4650644.572409741,39.04401071851895
road_187_1,road,187,1,,unused,698756.2208939232,4650661.554518744,39.07523031261069
road_187_2,road,187,2,,unused,698790.9999758392,4650679.318753714,39.09876262920942
road_187_3,road,187,3,,unused,698824.6478784997,4650699.130184699,39.02185560486359
road_187_4,road,187,4,,unused,698857.6775112096,4650719.777124833,38.9941656401523
road_187_5,road,187,5,,unused,698886.5091727542,4650745.947470868,38.99425702882896
road_187_6,road,187,6,,unused,698918.6569414235,4650768.070135423,39.12420007410592
road_187_7,road,187,7,,unused,698947.566296437,4650790.1337990565,34.487729709650054
road_188_0,road,188,0,43.0,train,622196.548724146,4594468.859490144,33.363345230041226
road_188_1,road,188,1,43.0,train,622185.8364378676,4594435.975389124,35.96681645406744
road_188_2,road,188,2,43.0,train,622197.3586550057,4594406.120065178,33.33119180641499
road_188_3,road,188,3,43.0,train,622215.8475470395,4594380.638369067,35.34277572470489
road_188_4,road,188,4,43.0,train,622208.6701486142,4594345.764410677,36.04594323570949
road_188_5,road,188,5,43.0,train,622201.7217294776,4594310.789667893,35.34270295094344
road_188_6,road,188,6,43.0,train,622178.7150218376,4594295.067249697,33.6758440515518
road_188_7,road,188,7,43.0,train,622157.7551202871,4594320.89070001,35.27395290283151
road_188_8,road,188,8,43.0,train,622152.6758311879,4594355.92246766,35.82332142272102
road_188_9,road,188,9,43.0,train,622131.9975374183,4594383.48070235,33.772477802671155
road_189_0,road,189,0,43.0,train,622150.9306884453,4594284.042150331,26.157124997220407
road_189_1,road,189,1,43.0,train,622177.2042344101,4594283.059396775,26.640271550215022
road_189_2,road,189,2,43.0,train,622199.084969497,4594293.905857781,25.2968079270882
road_190_0,road,190,0,43.0,train,622200.8606563401,4594306.74155207,1.2052088328389288
road_191_0,road,191,0,43.0,train,622215.8944090377,4594486.731195926,22.132639185259265
road_191_1,road,191,1,43.0,train,622234.4518653807,4594498.412155104,22.153809702409067
road_192_0,road,192,0,43.0,train,622163.5997742605,4594495.9209378045,32.72398565623273
road_192_1,road,192,1,43.0,train,622195.5513009806,4594491.291112003,32.03658207855277
road_193_0,road,193,0,75.0,train,620752.1210194798,4595395.60270727,36.06302898140713
road_193_1,road,193,1,75.0,train,620722.1327862105,4595375.638458046,36.065617547229735
road_193_2,road,193,2,75.0,train,620695.888079169,4595351.14595068,36.023172305534665
road_193_3,road,193,3,75.0,train,620700.8994684992,4595317.256829633,36.09952775694747
road_193_4,road,193,4,75.0,train,620720.1853333829,4595286.794113811,36.12155066782024
road_193_5,road,193,5,75.0,train,620752.7539141058,4595272.058757554,36.055327395974814
road_193_6,road,193,6,75.0,train,620788.6092237952,4595269.227639691,36.13210435619426
road_193_7,road,193,7,75.0,train,620824.2277756087,4595273.960205885,36.112010730519394
road_193_8,road,193,8,75.0,train,620859.6263468625,4595280.869074454,36.11986310558123
road_194_0,road,194,0,75.0,train,620783.1437509387,4595413.804820251,37.28211804964011
road_194_1,road,194,1,75.0,train,620793.8187668615,4595448.645659812,37.448474416521385
road_194_2,road,194,2,75.0,train,620782.5521967612,4595483.933735073,37.47040374638653
road_194_3,road,194,3,75.0,train,620765.4372738329,4595517.244931276,37.46150024258286
road_195_0,road,195,0,75.0,train,620747.9306306709,4595550.168752925,37.29375391310084
road_195_1,road,195,1,75.0,train,620726.8218925223,4595580.886224361,37.34298285752308
road_195_2,road,195,2,75.0,train,620701.4930379598,4595608.244857655,37.32392241147045
road_195_3,road,195,3,87.0,train,620672.5050808484,4595631.613146903,37.31977241122093
road_196_0,road,196,0,87.0,train,620642.338762686,4595651.331656608,35.469741955448235
road_196_1,road,196,1,86.0,val,620611.1932894863,4595668.126007156,35.46958209904151
road_196_2,road,196,2,86.0,val,620579.1960650567,4595683.131693416,35.41571282602977
road_196_3,road,196,3,86.0,val,620545.2392075523,4595691.793902453,35.48539850384345
road_196_4,road,196,4,86.0,val,620510.1769596532,4595692.453993853,35.420652903876274
road_196_5,road,196,5,86.0,val,620480.1733632686,4595673.877235924,35.4847839226871
road_196_6,road,196,6,86.0,val,620451.3699200614,4595653.265045981,35.444702599968466
road_197_0,road,197,0,87.0,train,620742.3169712409,4595671.31578859,38.02186688130252
road_197_1,road,197,1,87.0,train,620710.2944353861,4595691.5567722125,37.99773513844175
road_197_2,road,197,2,87.0,train,620679.2473158437,4595713.306390854,38.007232969121496
road_197_3,road,197,3,87.0,train,620642.104453764,4595716.775975765,38.03283721287848
road_197_4,road,197,4,86.0,val,620605.0943397196,4595708.276045222,38.03236535898781
road_198_0,road,198,0,86.0,val,620571.5970518747,4595702.46154818,30.08844159750493
road_198_1,road,198,1,86.0,val,620542.3871947738,4595697.912376194,29.182562638885532
road_199_0,road,199,0,74.0,test,620394.5946149254,4595611.825055277,34.96945036150158
road_199_1,road,199,1,86.0,val,620422.4558772253,4595633.09618806,35.22197792429796
road_200_0,road,200,0,51.0,train,620983.2536381282,4594596.720880787,37.915695032073934
road_200_1,road,200,1,51.0,train,620945.4685001352,4594599.396025048,37.90224380458009
road_200_2,road,200,2,51.0,train,620907.679686255,4594596.628053734,37.92708711229828
road_200_3,road,200,3,51.0,train,620870.0323181432,4594599.464962419,37.91492799501009
road_200_4,road,200,4,51.0,train,620833.4055382833,4594608.800093091,37.90841733927963
road_200_5,road,200,5,51.0,train,620799.5099662712,4594625.355597057,37.93167649011994
road_200_6,road,200,6,51.0,train,620764.5525201026,4594639.00159608,37.92260718353347
road_201_0,road,201,0,40.0,train,621116.6816903421,4594481.850971414,39.64268405831822
road_201_1,road,201,1,40.0,train,621132.7147324838,4594445.703469365,39.67608348062221
road_201_2,road,201,2,40.0,train,621144.2856850851,4594407.836118379,39.650799699799286
road_201_3,road,201,3,40.0,train,621155.7430701291,4594370.074957433,39.67073586536283
road_201_4,road,201,4,40.0,train,621179.412225222,4594339.14037841,39.61928237360856
road_201_5,road,201,5,40.0,train,621207.1267287455,4594310.945164602,39.5605950746228
road_201_6,road,201,6,40.0,train,621245.6537466706,4594303.302995839,39.65945811645072
road_201_7,road,201,7,40.0,train,621281.1061681014,4594285.864890106,39.642544791528735
road_202_0,road,202,0,41.0,train,621496.2879339396,4594466.555415446,39.758979835015154
road_202_1,road,202,1,41.0,train,621460.3207299544,4594481.8096261965,39.72392332224271
road_202_2,road,202,2,41.0,train,621422.3961986835,4594492.735994131,39.753938776860494
road_202_3,road,202,3,41.0,train,621383.5304663745,4594491.263473591,39.73917223877246
road_202_4,road,202,4,40.0,train,621358.2427957722,4594462.3664012365,39.763576292714205
road_202_5,road,202,5,40.0,train,621340.21881961,4594427.929285284,39.65119190510104
road_202_6,road,202,6,40.0,train,621303.1347355522,4594416.113781221,39.71503831095883
road_203_0,road,203,0,41.0,train,621601.5360106283,4594482.516507158,38.91099647684419
road_203_1,road,203,1,41.0,train,621618.4012203887,4594447.519581716,38.87114894322494
road_203_2,road,203,2,41.0,train,621639.8166153912,4594415.261422436,38.90305830629018
road_203_3,road,203,3,41.0,train,621665.3835795999,4594386.048683341,38.90564302408344
road_203_4,road,203,4,41.0,train,621692.2496529388,4594357.987656407,38.909195223442914
road_203_5,road,203,5,41.0,train,621716.8397141175,4594327.876191202,38.90768026830448
road_203_6,road,203,6,41.0,train,621743.0931935798,4594299.197885835,38.91511628427276
road_203_7,road,203,7,42.0,train,621769.3446322201,4594270.522240571,38.89758685440693
road_203_8,road,203,8,42.0,train,621797.7282417228,4594243.955058984,38.91783857079896
road_203_9,road,203,9,42.0,train,621827.0784185266,4594218.464976927,38.89191121206281
road_203_10,road,203,10,42.0,train,621855.3846424774,4594191.987333027,38.9118205779538
road_203_11,road,203,11,42.0,train,621882.6511871606,4594164.355149907,38.89995963587168
road_204_0,road,204,0,42.0,train,621907.7855314738,4594136.933848225,36.34933606281031
road_204_1,road,204,1,30.0,train,621927.6127619428,4594106.500362312,36.40009756331385
road_204_2,road,204,2,30.0,train,621944.4044405379,4594074.212405908,36.40873281086253
road_204_3,road,204,3,30.0,train,621961.7604179672,4594042.554303223,35.88548788117741
road_204_4,road,204,4,30.0,train,621985.7914529837,4594047.98396929,36.21762855534029
road_204_5,road,204,5,30.0,train,621991.1963779067,4594083.419472416,36.35766007219884
road_204_6,road,204,6,30.0,train,621980.6515413537,4594117.9039888,36.42100670703295
road_204_7,road,204,7,42.0,train,621968.5960010764,4594152.135113906,36.41066369099719
road_204_8,road,204,8,42.0,train,621961.4676137555,4594187.816969649,36.41787190002436
road_205_0,road,205,0,51.0,train,620802.9194893679,4594638.651596865,37.52767293342189
road_205_1,road,205,1,51.0,train,620838.6895857118,4594649.20727157,38.271832747118495
road_205_2,road,205,2,51.0,train,620871.830144919,4594668.080666952,38.24780884629107
road_205_3,road,205,3,51.0,train,620904.3354676028,4594688.156894562,38.272762457886046
road_205_4,road,205,4,51.0,train,620935.6123018318,4594710.174484465,38.27002568148688
road_205_5,road,205,5,51.0,train,620963.0336965412,4594736.67740057,38.25393457036012
road_205_6,road,205,6,51.0,train,620983.7566547807,4594768.4488407485,38.04549774798086
road_206_0,road,206,0,51.0,train,620983.8743992106,4594661.472987991,35.057078182583695
road_206_1,road,206,1,51.0,train,620949.3697081213,4594660.755508406,35.04970885245867
road_206_2,road,206,2,51.0,train,620921.159792969,4594680.748465612,35.065686496716395
road_207_0,road,207,0,51.0,train,620774.6641221447,4594733.660454435,39.8584941896717
road_207_1,road,207,1,51.0,train,620784.6704965316,4594695.362921477,39.83709862510499
road_207_2,road,207,2,51.0,train,620798.6322117939,4594658.194896723,39.85644040048079
road_208_0,road,208,0,51.0,train,620747.2645314931,4594798.432616184,35.220947049999594
road_208_1,road,208,1,51.0,train,620765.9395698635,4594769.925943452,35.44044475155055
road_209_0,road,209,0,51.0,train,620746.7392089312,4594814.128491915,36.35572652664367
road_209_1,road,209,1,51.0,train,620778.8936506392,4594831.71128422,37.1180491437835
road_209_2,road,209,2,51.0,train,620807.8039176833,4594854.675663508,37.15901420273455
road_209_3,road,209,3,63.0,test,620817.3501208128,4594889.312060985,37.15573754659619
road_209_4,road,209,4,63.0,test,620816.0063143898,4594926.242160041,37.18309880268482
road_209_5,road,209,5,63.0,test,620812.9790660273,4594963.286477826,37.19329169759041
road_209_6,road,209,6,63.0,test,620808.4392347471,4595000.193400218,37.19251661004155
road_210_0,road,210,0,63.0,test,620802.3916027009,4595032.819275505,29.673815298684065
road_211_0,road,211,0,63.0,test,620676.5410857004,4594896.248396352,32.109099041837446
road_211_1,road,211,1,51.0,train,620682.3595331819,4594864.679097779,32.10277981180953
road_211_2,road,211,2,51.0,train,620693.2440338845,4594835.100629114,32.08224550425364
road_211_3,road,211,3,51.0,train,620718.8885650467,4594816.071060276,32.09909114520205
road_212_0,road,212,0,63.0,test,620660.554653615,4594923.372344452,32.82211246324928
road_212_1,road,212,1,63.0,test,620636.6408821294,4594945.764629848,32.88575966053988
road_212_2,road,212,2,62.0,train,620620.2465572656,4594974.205185964,32.87757795562319
road_212_3,road,212,3,62.0,train,620602.4172264987,4595001.691058298,32.897857229091834
road_213_0,road,213,0,62.0,train,620591.8601411239,4594994.024652856,35.75860004108595
road_213_1,road,213,1,62.0,train,620591.9318776649,4594958.448374233,36.36195912967236
road_213_2,road,213,2,62.0,train,620578.6009833565,4594924.676010801,36.416445907887486
road_213_3,road,213,3,62.0,train,620550.7248719865,4594907.307657249,36.28171309205746
road_213_4,road,213,4,62.0,train,620514.7300994081,4594909.20598385,36.39147261393787
road_213_5,road,213,5,62.0,train,620478.5920932497,4594913.085534396,36.4080499690619
road_213_6,road,213,6,62.0,train,620442.3421224274,4594913.64942204,36.38773277226527
road_214_0,road,214,0,40.0,train,621309.2544542715,4594259.259762557,38.93571118652872
road_214_1,road,214,1,40.0,train,621336.09891141,4594231.540722294,38.863617412043816
road_214_2,road,214,2,40.0,train,621373.8160076855,4594228.18854068,38.860176698990685
road_214_3,road,214,3,41.0,train,621407.0493212991,4594247.734088251,38.91441859081269
road_214_4,road,214,4,41.0,train,621436.4333730529,4594273.15764888,38.89908010845753
road_215_0,road,215,0,41.0,train,621470.4936293815,4594288.13612776,36.15320858502333
road_215_1,road,215,1,41.0,train,621506.0254363456,4594284.580116393,36.199944516124994
road_215_2,road,215,2,41.0,train,621539.469280078,4594271.109145554,36.16601951933397
road_215_3,road,215,3,41.0,train,621566.5946847469,4594247.542218008,36.18624842297832
road_216_0,road,216,0,41.0,train,621582.1339145731,4594252.533451247,30.01972194650116
road_216_1,road,216,1,41.0,train,621574.9862183421,4594281.608843147,30.03808748402484
road_216_2,road,216,2,41.0,train,621568.6790090405,4594310.913734477,30.02983898784637
road_216_3,road,216,3,41.0,train,621574.445521688,4594340.196294934,30.03551779098295
road_217_0,road,217,0,41.0,train,621596.4224820922,4594226.161899576,37.45018143650061
road_217_1,road,217,1,41.0,train,621616.0462406483,4594194.613107646,37.44679299816611
road_217_2,road,217,2,41.0,train,621633.3207983084,4594162.220628788,37.42835330469401
road_217_3,road,217,3,41.0,train,621632.2906624665,4594125.107261066,37.46792006722443
road_217_4,road,217,4,29.0,train,621628.8261817015,4594087.911223579,37.4706503845762
road_218_0,road,218,0,29.0,train,621718.7362308648,4594112.695107929,35.671900846786535
road_218_1,road,218,1,41.0,train,621714.1705375953,4594147.390105364,35.74422808261316
road_218_2,road,218,2,41.0,train,621713.8968721594,4594183.031562533,35.64809948550562
road_218_3,road,218,3,41.0,train,621693.5838149334,4594212.169931805,35.74224273322079
road_218_4,road,218,4,41.0,train,621677.4638909146,4594243.84436927,35.711723673278826
road_219_0,road,219,0,42.0,train,621764.9997148261,4594191.329471055,34.290461943527234
road_219_1,road,219,1,41.0,train,621731.2939992993,4594185.073391455,34.33239647757392
road_220_0,road,220,0,41.0,train,621455.7266337975,4594265.377718579,38.56977022308231
road_220_1,road,220,1,41.0,train,621458.0879796067,4594227.678993579,38.568415741421205
road_220_2,road,220,2,41.0,train,621468.6107327279,4594190.581532087,38.582869747724544
road_220_3,road,220,3,41.0,train,621475.2983139327,4594152.877986751,38.61221033354717
road_220_4,road,220,4,29.0,train,621471.6642291857,4594114.468903835,38.610148098155335
road_221_0,road,221,0,29.0,train,621485.2762230613,4594106.714515492,36.38673472379051
road_221_1,road,221,1,29.0,train,621520.2883315898,4594096.786639332,36.706594654154586
road_221_2,road,221,2,29.0,train,621556.539508593,4594099.423020134,36.47896988184298
road_221_3,road,221,3,29.0,train,621573.973220123,4594124.97763354,36.71916255147366
road_221_4,road,221,4,41.0,train,621582.5514482344,4594160.583841834,36.72179731073287
road_221_5,road,221,5,41.0,train,621595.4507203209,4594194.87396514,36.69238391170244
road_222_0,road,222,0,29.0,train,621743.7268174323,4594091.547280934,34.069047333929475
road_222_1,road,222,1,30.0,train,621776.0251540367,4594080.806471372,34.08680086558702
road_222_2,road,222,2,30.0,train,621808.9135058273,4594072.016889134,34.074002995409124
road_222_3,road,222,3,30.0,train,621842.6855152126,4594068.584032673,33.93377719486336
road_222_4,road,222,4,30.0,train,621867.5944999717,4594050.904016474,34.061054921262
road_223_0,road,223,0,30.0,train,621873.3790531337,4594017.306790838,34.367527911113214
road_223_1,road,223,1,30.0,train,621889.0390248658,4593987.720821787,34.23435372195701
road_223_2,road,223,2,30.0,train,621922.4915569467,4593982.3567194,34.349120385293475
road_223_3,road,223,3,30.0,train,621955.0905593361,4593992.577264879,34.34660294824813
road_223_4,road,223,4,30.0,train,621976.0579591437,4594016.030803615,33.9556905143676
road_224_0,road,224,0,30.0,train,621866.1303246876,4593986.713905417,38.30794607288797
road_224_1,road,224,1,30.0,train,621828.2384855038,4593981.496808868,38.28858785392357
road_224_2,road,224,2,30.0,train,621790.4928849762,4593986.642617163,38.3055818774527
road_224_3,road,224,3,30.0,train,621752.9226744307,4593993.8448168775,38.28554097770318
road_224_4,road,224,4,29.0,train,621715.2306116733,4593998.760704971,38.28581167503647
road_224_5,road,224,5,29.0,train,621677.5466233332,4594005.200977704,38.28776105713629
road_224_6,road,224,6,29.0,train,621641.5194025872,4594017.2174927145,37.80050240506091
road_224_7,road,224,7,29.0,train,621632.2927595914,4594050.257957242,38.30975683669864
road_225_0,road,225,0,42.0,train,621956.5709221204,4594223.236969079,35.13509969334131
road_225_1,road,225,1,42.0,train,621928.3999528022,4594241.160663704,35.58804854670393
road_225_2,road,225,2,42.0,train,621897.3573889188,4594258.534993004,35.605613496772406
road_225_3,road,225,3,42.0,train,621866.1287242086,4594275.158578682,35.573733418412054
road_225_4,road,225,4,42.0,train,621837.6416713714,4594295.276332521,35.44385290815974
road_225_5,road,225,5,42.0,train,621807.0097954511,4594312.833927944,35.5909176044922
road_225_6,road,225,6,42.0,train,621774.4231392607,4594326.856881892,35.58707971965574
road_226_0,road,226,0,42.0,train,621991.4646972435,4594193.503424757,35.8577598382741
road_226_1,road,226,1,42.0,train,621970.2706710056,4594222.030469797,35.48167522005225
road_227_0,road,227,0,87.0,train,620773.4683167202,4595653.192181813,35.79073737281678
road_227_1,road,227,1,87.0,train,620809.176785356,4595651.521732662,35.80351183680797
road_227_2,road,227,2,87.0,train,620844.3058846372,4595647.425467766,35.74492791917578
road_227_3,road,227,3,87.0,train,620876.2237027894,4595631.56335776,35.79473329132946
road_227_4,road,227,4,75.0,train,620911.0023503997,4595623.862403576,35.78568241400387
road_227_5,road,227,5,75.0,train,620944.5342469756,4595612.684383474,35.611371047976164
road_227_6,road,227,6,75.0,train,620979.1261742454,4595611.171820096,35.80063508681474
road_228_0,road,228,0,87.0,train,620641.0950034055,4595764.902546258,30.42065707684137
road_228_1,road,228,1,86.0,val,620611.4824342699,4595758.3253488885,30.35068898433609
road_228_2,road,228,2,86.0,val,620591.7657597008,4595737.764040247,30.38423794817136
road_228_3,road,228,3,86.0,val,620572.8169112075,4595714.120500801,30.399046975049917
road_229_0,road,229,0,100.0,train,621225.8573305715,4596011.198896261,39.66022154594948
road_229_1,road,229,1,100.0,train,621255.3125759967,4596037.756789438,39.660221546573126
road_229_2,road,229,2,100.0,train,621284.08420028,4596065.028890814,39.658472018903616
road_229_3,road,229,3,100.0,train,621311.854473985,4596093.342768781,39.66022154632708
road_229_4,road,229,4,100.0,train,621339.6460778206,4596121.636901493,39.66021823417978
road_229_5,road,229,5,100.0,train,621367.4895776046,4596149.879999084,39.66022154636377
road_229_6,road,229,6,101.0,val,621395.3330755547,4596178.123094814,39.66021300910276
road_229_7,road,229,7,101.0,val,621422.8044252441,4596206.727652101,39.66022154582242
road_229_8,road,229,8,101.0,val,621450.2548230863,4596235.352736892,39.66021814776168
road_229_9,road,229,9,101.0,val,621477.9285121532,4596263.762241846,39.66022154590702
road_229_10,road,229,10,101.0,val,621505.4890760869,4596292.274391854,39.65124436071145
road_229_11,road,229,11,101.0,val,621530.7331698583,4596322.767658407,39.65325513889284
road_229_12,road,229,12,101.0,val,621545.6551264491,4596359.233584195,39.64438082845437
road_229_13,road,229,13,113.0,test,621550.1068221765,4596398.443309209,39.62075531599811
road_229_14,road,229,14,113.0,test,621541.0368560404,4596436.903252088,39.65942160542654
road_229_15,road,229,15,113.0,test,621528.5147603197,4596474.532268288,39.66010196525969
road_229_16,road,229,16,113.0,test,621516.0565408822,4596512.152932324,39.656133183035486
road_229_17,road,229,17,113.0,test,621499.260789089,4596548.014619152,39.65284258872583
road_229_18,road,229,18,113.0,test,621477.0350782922,4596580.813544063,39.65926992214649
road_229_19,road,229,19,113.0,test,621451.0142699723,4596610.547722509,39.54762112624655
road_230_0,road,230,0,88.0,train,621284.6631094443,4595982.12500848,28.6497440411897
road_230_1,road,230,1,100.0,train,621286.5383814991,4596008.839273059,28.526077038477272
road_230_2,road,230,2,100.0,train,621270.7240287057,4596032.630957211,28.64945763311906
road_231_0,road,231,0,100.0,train,621356.903619829,4596081.020946681,27.695916487235017
road_231_1,road,231,1,100.0,train,621341.5777812109,4596103.872143636,27.69597079783552
road_232_0,road,232,0,103.0,train,622160.0320116273,4596019.125912669,37.59510168532309
road_232_1,road,232,1,103.0,train,622159.9886907886,4596056.670421256,37.57597946083575
road_232_2,road,232,2,103.0,train,622148.0961269047,4596092.319819384,37.59692767759537
road_232_3,road,232,3,103.0,train,622136.9206680866,4596128.214198349,37.5969608197739
road_232_4,road,232,4,103.0,train,622127.9062841054,4596164.694611451,37.595716618475656
road_232_5,road,232,5,102.0,val,622120.5479261435,4596201.547668108,37.59061734651834
road_232_6,road,232,6,102.0,val,622107.0902254098,4596236.559674556,37.57980442478707
road_232_7,road,232,7,102.0,val,622087.1878131605,4596268.422903284,37.59588619650435
road_232_8,road,232,8,102.0,val,622071.5551473122,4596302.185679137,37.5639372814768
road_232_9,road,232,9,102.0,val,622065.1703106401,4596339.219188325,37.59686724470677
road_232_10,road,232,10,114.0,train,622059.798175103,4596376.427944111,37.59424572937319
road_232_11,road,232,11,114.0,train,622053.2735359512,4596413.428052343,37.59030192922312
road_232_12,road,232,12,114.0,train,622042.8742217104,4596449.508284939,37.59166910537164
road_233_0,road,233,0,114.0,train,622019.945270159,4596472.729016843,38.363626327108655
road_233_1,road,233,1,114.0,train,621982.8789757816,4596482.621319208,38.363626326868506
road_233_2,road,233,2,114.0,train,621945.7607244003,4596492.310902374,38.363505667398165
road_233_3,road,233,3,114.0,train,621908.5005673172,4596501.445665106,38.36362632701647
road_233_4,road,233,4,114.0,train,621871.240479485,4596510.5804108605,38.36336306396076
road_233_5,road,233,5,114.0,train,621834.1617096271,4596520.411809035,38.36362632693903
road_233_6,road,233,6,114.0,train,621797.1834041438,4596530.628107216,38.36362632693901
road_233_7,road,233,7,114.0,train,621760.2050988894,4596540.8444053335,38.363625851557074
road_233_8,road,233,8,113.0,test,621723.2188089675,4596551.031743325,38.36362632687405
road_233_9,road,233,9,113.0,test,621686.2294610392,4596561.207988448,38.36362632712108
road_233_10,road,233,10,113.0,test,621649.2549081835,4596571.43762341,38.36362404460736
road_233_11,road,233,11,113.0,test,621612.3040854711,4596581.752876109,38.363626326886816
road_233_12,road,233,12,113.0,test,621575.3532616599,4596592.068129118,38.36362632699894
road_233_13,road,233,13,113.0,test,621538.3293585149,4596602.111075806,38.36351394581075
road_233_14,road,233,14,113.0,test,621501.1751865994,4596611.667682766,38.36356673146337
road_233_15,road,233,15,113.0,test,621463.898749065,4596620.734449815,38.36362632702684
road_233_16,road,233,16,113.0,test,621426.5011618513,4596629.274099846,38.36318888456447
road_234_0,road,234,0,113.0,test,621430.4833409057,4596623.303668961,12.235245516129368
road_235_0,road,235,0,113.0,test,621389.3921522646,4596638.2996863015,38.0515086676031
road_235_1,road,235,1,112.0,train,621352.7000883974,4596648.379853019,38.0515086676031
road_235_2,road,235,2,112.0,train,621316.0080655909,4596658.460008455,38.0514235037247
road_235_3,road,235,3,112.0,train,621279.1619709029,4596667.955105451,38.05150866777625
road_235_4,road,235,4,112.0,train,621242.2616507165,4596677.244006464,38.05150866766179
road_235_5,road,235,5,112.0,train,621205.3613305301,4596686.532907477,38.0515086675489
road_235_6,road,235,6,112.0,train,621168.4611258983,4596695.8217794,38.05127034847826
road_235_7,road,235,7,112.0,train,621131.77970094,4596705.939888672,38.05150866767934
road_235_8,road,235,8,112.0,train,621095.1053312792,4596716.084242859,38.05150866767934
road_235_9,road,235,9,112.0,train,621058.4309616185,4596726.228597046,38.05150866767934
road_235_10,road,235,10,112.0,train,621021.8752073126,4596736.774329151,38.05074161938254
road_235_11,road,235,11,111.0,train,620985.5992480442,4596748.260969385,38.05150866778339
road_235_12,road,235,12,123.0,val,620949.3229231434,4596759.747725393,38.05150866778339
road_235_13,road,235,13,123.0,val,620912.8460259603,4596770.55351643,38.05048323534248
road_235_14,road,235,14,123.0,val,620876.1588598884,4596780.646983057,38.0514532713288
road_235_15,road,235,15,123.0,val,620839.5745403616,4596791.11134012,38.05150866761212
road_235_16,road,235,16,123.0,val,620803.0407539569,4596801.74833086,38.05150189385283
road_235_17,road,235,17,123.0,val,620766.5854330129,4596812.652771774,38.05109436714576
road_235_18,road,235,18,123.0,val,620729.7328113663,4596822.128310014,38.05150866770018
road_236_0,road,236,0,123.0,val,620692.2549588288,4596832.475193218,39.71998443933042
road_236_1,road,236,1,123.0,val,620654.1520760248,4596843.693369803,39.71998443921874
road_236_2,road,236,2,122.0,val,620616.0491932208,4596854.911546388,39.71998443933042
road_236_3,road,236,3,122.0,val,620577.8665988684,4596865.850734716,39.71981258298099
road_236_4,road,236,4,122.0,val,620539.5823625547,4596876.433153514,39.71998443936565
road_236_5,road,236,5,122.0,val,620501.298043419,4596887.015595206,39.719984439117525
road_236_6,road,236,6,122.0,val,620463.0137342666,4596897.598034139,39.719963724059
road_236_7,road,236,7,122.0,val,620424.82000231,4596908.50228661,39.71998443926802
road_236_8,road,236,8,122.0,val,620386.6377126833,4596919.447144888,39.71998443937993
road_236_9,road,236,9,122.0,val,620348.4554230567,4596930.392003167,39.719984439268025
road_236_10,road,236,10,122.0,val,620310.2770323468,4596941.350174179,39.71986392035117
road_236_11,road,236,11,122.0,val,620272.3233192005,4596953.062903804,39.719984439280594
road_236_12,road,236,12,121.0,train,620234.3695484747,4596964.775651199,39.71998443916935
road_236_13,road,236,13,121.0,train,620196.4157777483,4596976.488398593,39.719984439555226
road_236_14,road,236,14,121.0,train,620158.3525164614,4596987.822656827,39.719523535594206
road_236_15,road,236,15,121.0,train,620119.9953648422,4596998.137030638,39.71994744534079
road_236_16,road,236,16,121.0,train,620081.7815346636,4597008.966775369,39.719984439238495
road_236_17,road,236,17,121.0,train,620043.7093475143,4597020.279303891,39.719563785906914
road_236_18,road,236,18,121.0,train,620005.8458048764,4597032.278846007,39.719390690985726
road_236_19,road,236,19,121.0,train,619967.7833894567,4597043.618219879,39.71998443914233
road_236_20,road,236,20,121.0,train,619929.7112351048,4597054.921595203,39.71633225113701
road_236_21,road,236,21,121.0,train,619891.3816735063,4597065.222260355,39.711338364662886
road_236_22,road,236,22,120.0,train,619854.4263728218,4597077.863897183,39.39407619090527
road_236_23,road,236,23,120.0,train,619844.6254967555,4597115.010433097,39.69590242871726
road_236_24,road,236,24,132.0,train,619823.3810356215,4597145.458120202,39.43298206215188
road_237_0,road,237,0,114.0,train,622057.5251939584,4596463.15957715,39.19971917778846
road_237_1,road,237,1,114.0,train,622095.5564167739,4596453.684063951,39.19807004387655
road_237_2,road,237,2,115.0,val,622132.9682774174,4596442.092551864,39.13482136846056
road_237_3,road,237,3,115.0,val,622165.103912974,4596419.854309426,39.154049314423695
road_237_4,road,237,4,115.0,val,622190.7085271243,4596390.957787426,39.19971917796783
road_237_5,road,237,5,103.0,train,622212.4989630473,4596358.384510646,39.19716972692392
road_237_6,road,237,6,103.0,train,622236.5793265582,4596327.454684576,39.19971917784154
road_237_7,road,237,7,103.0,train,622260.6604731577,4596296.523852675,39.19971917777002
road_237_8,road,237,8,103.0,train,622284.7416191549,4596265.593021548,39.19971721769199
road_237_9,road,237,9,103.0,train,622308.7893561544,4596234.636227331,39.19971917805096
road_237_10,road,237,10,103.0,train,622332.8128781621,4596203.660617991,39.19971917731503
road_237_11,road,237,11,103.0,train,622356.8364001705,4596172.6850086525,39.19971917812231
road_237_12,road,237,12,103.0,train,622380.8599221784,4596141.709399313,39.19971917805097
road_237_13,road,237,13,103.0,train,622404.8834441862,4596110.733789973,39.19971917731503
road_237_14,road,237,14,103.0,train,622428.9069541568,4596079.758196156,39.19967989395668
road_237_15,road,237,15,103.0,train,622453.1334947576,4596048.941359653,39.199719177894025
road_237_16,road,237,16,103.0,train,622477.4114952052,4596018.164799126,39.199719177894025
road_237_17,road,237,17,92.0,test,622501.6894956529,4595987.388238599,39.199719177894025
road_237_18,road,237,18,92.0,test,622525.5034991328,4595956.260842223,39.199078607066085
road_237_19,road,237,19,92.0,test,622548.4645231132,4595924.490034061,39.19971917742114
road_237_20,road,237,20,92.0,test,622571.4256142662,4595892.719132954,39.199307961561495
road_237_21,road,237,21,92.0,test,622595.1237293837,4595861.502355228,39.19971917809025
road_237_22,road,237,22,92.0,test,622619.2950420276,4595830.641933509,39.19971917809025
road_237_23,road,237,23,92.0,test,622643.4663546708,4595799.781511789,39.19971917742883
road_237_24,road,237,24,92.0,test,622667.6376670102,4595768.921090458,39.19971819209398
road_237_25,road,237,25,92.0,test,622691.8576683173,4595738.098884667,39.19971917842443
road_237_26,road,237,26,92.0,test,622716.0927823907,4595707.28854177,39.19971917769243
road_237_27,road,237,27,92.0,test,622740.3278964638,4595676.478198872,39.19971917762046
road_237_28,road,237,28,92.0,test,622764.5630105364,4595645.667855973,39.19971917769243
road_237_29,road,237,29,80.0,train,622788.6492083436,4595614.742225849,39.19956906013803
road_237_30,road,237,30,80.0,train,622812.3810682487,4595583.542691806,39.19971917777367
road_237_31,road,237,31,80.0,train,622836.112973595,4595552.343098023,39.19971917777367
road_237_32,road,237,32,80.0,train,622859.8448789414,4595521.14350424,39.19971917777367
road_237_33,road,237,33,81.0,val,622883.5767842878,4595489.943910456,39.19971917777367
road_238_0,road,238,0,92.0,test,622502.7485131421,4595978.45941132,9.475126776618463
road_239_0,road,239,0,92.0,test,622511.0425914266,4595910.154962961,29.414126800507
road_239_1,road,239,1,92.0,test,622527.5372738524,4595933.470500578,29.399751930729614
road_240_0,road,240,0,103.0,train,622438.2216593461,4596280.196854082,37.83272568616375
road_240_1,road,240,1,103.0,train,622407.2138057637,4596258.550199083,37.83382900749326
road_240_2,road,240,2,103.0,train,622376.2238512877,4596236.916721653,37.78126372552577
road_240_3,road,240,3,103.0,train,622341.9610616284,4596221.249775486,37.8225369551665
road_241_0,road,241,0,115.0,val,622192.8408837243,4596422.179972143,39.26504472078045
road_241_1,road,241,1,115.0,val,622232.1008107921,4596424.443354332,39.45515747181104
road_241_2,road,241,2,115.0,val,622269.7419425851,4596435.449238174,39.38693623430949
road_241_3,road,241,3,115.0,val,622290.9766651522,4596467.262586729,39.34686839940628
road_241_4,road,241,4,115.0,val,622304.2324662828,4596504.357145852,39.46370267122788
road_241_5,road,241,5,115.0,val,622320.8809583518,4596540.100115373,39.428930123059104
road_241_6,road,241,6,115.0,val,622334.2638939833,4596576.938845443,39.46620771018964
road_241_7,road,241,7,115.0,val,622344.3907623359,4596615.057997527,39.463842107462526
road_241_8,road,241,8,115.0,val,622357.0869354788,4596652.421033477,39.460365805096494
road_241_9,road,241,9,115.0,val,622374.6119565665,4596687.707797664,39.41302395510543
road_241_10,road,241,10,115.0,val,622403.1932584522,4596714.190864664,39.395633322995984
road_241_11,road,241,11,115.0,val,622423.4898107848,4596746.519553888,39.45771534712578
road_241_12,road,241,12,127.0,test,622428.3730072138,4596785.526853788,39.45649385968284
road_241_13,road,241,13,127.0,test,622427.7395346757,4596824.941695192,39.41091153081013
road_241_14,road,241,14,127.0,test,622417.8460565491,4596862.434325075,39.32021132470396
road_241_15,road,241,15,127.0,test,622433.906377946,4596888.539535817,39.4314836304448
road_241_16,road,241,16,127.0,test,622462.356177913,4596914.42610704,39.41589493099831
road_241_17,road,241,17,127.0,test,622472.4851530743,4596952.256662864,39.45968358813844
road_241_18,road,241,18,127.0,test,622476.3444269871,4596991.427648907,39.45650450917286
road_241_19,road,241,19,127.0,test,622478.0513528611,4597030.79355881,39.4150106342242
road_241_20,road,241,20,127.0,test,622462.328477074,4597066.857681857,39.44660773859589
road_241_21,road,241,21,127.0,test,622450.2865176582,4597104.346912507,39.44502200593461
road_241_22,road,241,22,139.0,train,622457.3532050718,4597141.014448331,39.37987139189177
road_241_23,road,241,23,139.0,train,622481.3355295288,4597172.251391835,39.43659504174306
road_241_24,road,241,24,139.0,train,622498.4169837662,4597207.448303735,39.4538467862979
road_241_25,road,241,25,140.0,train,622504.1437544829,4597246.167323415,39.42053598045887
road_241_26,road,241,26,139.0,train,622485.0923682716,4597279.247558386,39.41029968343416
road_241_27,road,241,27,139.0,train,622449.5276558895,4597295.887373167,39.423877515742895
road_241_28,road,241,28,139.0,train,622411.6384805534,4597288.310498953,39.44062725497572
road_242_0,road,242,0,109.0,test,620177.5709856654,4596709.392230958,36.30685926777181
road_242_1,road,242,1,109.0,test,620207.9072789467,4596729.321137407,36.29075105759245
road_242_2,road,242,2,121.0,train,620235.8281364786,4596752.360171364,36.29926982066847
road_242_3,road,242,3,122.0,val,620265.6532439913,4596772.980270481,36.297283684778506
road_242_4,road,242,4,122.0,val,620295.4431769747,4596793.669636737,36.30140246176866
road_242_5,road,242,5,122.0,val,620326.9959208356,4596811.433938816,36.26252660074421
road_242_6,road,242,6,122.0,val,620342.6791048477,4596843.328880725,36.272387446228734
road_242_7,road,242,7,122.0,val,620363.3544009922,4596872.61798137,36.30191130818005
road_242_8,road,242,8,122.0,val,620384.8958591295,4596901.771816691,36.24117203735239
road_243_0,road,243,0,122.0,val,620307.3618790428,4597018.088963163,29.39841770547468
road_243_1,road,243,1,122.0,val,620294.1301888967,4596991.836547285,29.39841770459062
road_243_2,road,243,2,122.0,val,620280.898498751,4596965.584131407,29.39841770547468
road_244_0,road,244,0,133.0,train,620015.1010608566,4597294.89687796,38.41816408638305
road_244_1,road,244,1,133.0,train,620044.982210635,4597318.882627446,38.401193369353535
road_244_2,road,244,2,133.0,train,620075.3940436861,4597341.926391787,38.39684338361425
road_244_3,road,244,3,133.0,train,620112.111529536,4597352.334937651,38.31696745550709
road_244_4,road,244,4,133.0,train,620149.2288341768,4597345.07518342,38.3951192430514
road_244_5,road,244,5,133.0,train,620187.1722567842,4597339.271644207,38.41582613661421
road_244_6,road,244,6,133.0,train,620222.0924161233,4597334.535083464,37.76127846906296
road_244_7,road,244,7,133.0,train,620229.6907393293,4597297.34869086,38.36897593533156
road_244_8,road,244,8,133.0,train,620235.812849184,4597259.883163159,38.40334989488879
road_244_9,road,244,9,133.0,train,620224.973932936,4597223.867021086,38.35728479327017
road_244_10,road,244,10,133.0,train,620212.975789202,4597187.984248006,38.41812332473007
road_244_11,road,244,11,133.0,train,620207.8588346539,4597149.929760572,38.39216679580473
road_244_12,road,244,12,121.0,train,620196.6967179463,4597113.439991653,38.40425735263671
road_244_13,road,244,13,121.0,train,620177.9898100886,4597080.013393045,38.35836603798504
road_244_14,road,244,14,121.0,train,620171.9327892099,4597042.138130476,38.39574874910251
road_244_15,road,244,15,121.0,train,620158.8730461163,4597006.480655401,38.39336415028338
road_245_0,road,245,0,132.0,train,619803.539985364,4597167.807321252,38.981966616905325
road_245_1,road,245,1,132.0,train,619802.7444950745,4597206.7810759805,38.98177783906121
road_245_2,road,245,2,132.0,train,619801.4717116207,4597245.741056959,38.98196661720401
road_245_3,road,245,3,132.0,train,619799.8674356422,4597284.68975147,38.98193732109926
road_245_4,road,245,4,132.0,train,619798.0939543961,4597323.631146701,38.9815797429263
road_245_5,road,245,5,132.0,train,619798.190001044,4597362.6125620045,38.9815413156568
road_245_6,road,245,6,132.0,train,619797.6563952408,4597401.587283188,38.981966616850535
road_245_7,road,245,7,132.0,train,619796.7111356828,4597440.557284388,38.98135581055171
road_245_8,road,245,8,132.0,train,619797.1095959393,4597479.536909071,38.98196661719212
road_246_0,road,246,0,110.0,train,620514.2779099704,4596719.919012074,34.94719565220023
road_246_1,road,246,1,110.0,train,620540.55355807,4596739.603513204,35.10086606292975
road_246_2,road,246,2,122.0,val,620559.929821139,4596768.329720076,35.11914687244074
road_246_3,road,246,3,122.0,val,620587.9908741758,4596789.196552219,35.063004598116706
road_246_4,road,246,4,122.0,val,620597.6919406938,4596821.838699447,35.145156371417855
road_247_0,road,247,0,123.0,val,620731.9433984742,4596840.400641286,36.780827536006896
road_247_1,road,247,1,123.0,val,620732.149546987,4596876.900733649,36.79176614594392
road_247_2,road,247,2,123.0,val,620729.2781438206,4596913.431099502,36.79900660692422
road_247_3,road,247,3,123.0,val,620722.0115485889,4596949.501987308,36.79921443479324
road_248_0,road,248,0,123.0,val,620814.5990762671,4596815.457131493,38.93662035432335
road_248_1,road,248,1,123.0,val,620836.1563490726,4596847.621996743,38.94657062334284
road_248_2,road,248,2,123.0,val,620848.6365430952,4596884.39970245,38.93848237709117
road_248_3,road,248,3,123.0,val,620861.3634143395,4596921.114008977,38.88621523692501
road_248_4,road,248,4,123.0,val,620889.7039868128,4596946.475708156,38.93037439137072
road_248_5,road,248,5,123.0,val,620919.9699028054,4596970.967656221,38.95244725506473
road_248_6,road,248,6,123.0,val,620950.8070408201,4596994.756788579,38.94341014234527
road_248_7,road,248,7,123.0,val,620978.5587072431,4597021.985219265,38.948199419303975
road_248_8,road,248,8,124.0,train,621006.6895939052,4597048.89250636,38.94448204378186
road_249_0,road,249,0,123.0,val,620913.8377708436,4596860.885847717,33.16362860711104
road_249_1,road,249,1,123.0,val,620937.6134889658,4596883.981585663,33.16450507944962
road_249_2,road,249,2,123.0,val,620961.9389831462,4596906.415649247,33.15533733776751
road_249_3,road,249,3,123.0,val,620977.5067458047,4596935.437742539,33.14711327665091
road_250_0,road,250,0,124.0,train,621033.4335892693,4597076.893994948,38.53383863927397
road_250_1,road,250,1,124.0,train,621058.1552398843,4597106.169928356,38.48474843945908
road_250_2,road,250,2,136.0,train,621060.0444241462,4597143.689697815,38.52747010793516
road_251_0,road,251,0,136.0,train,621058.3344978264,4597178.859590579,31.986632479867406
road_251_1,road,251,1,136.0,train,621067.2678645764,4597209.119725456,31.969185239834708
road_251_2,road,251,2,136.0,train,621081.0070971039,4597237.790149954,32.003045397795645
road_251_3,road,251,3,136.0,train,621094.1717266354,4597266.6788266245,31.997527634989
road_251_4,road,251,4,136.0,train,621104.497571953,4597296.76600143,31.96969214612765
road_252_0,road,252,0,136.0,train,621083.1614703945,4597203.203601164,38.67931473429735
road_252_1,road,252,1,136.0,train,621115.3059763622,4597186.498231826,38.73397603001925
road_252_2,road,252,2,136.0,train,621153.5695192306,4597181.217733622,38.750313824047886
road_252_3,road,252,3,136.0,train,621191.8900533991,4597177.393398144,38.58063728609609
road_252_4,road,252,4,136.0,train,621222.7511320846,4597197.328067981,38.747208868961415
road_252_5,road,252,5,136.0,train,621235.4149837065,4597233.391493913,38.75199207810704
road_253_0,road,253,0,136.0,train,621245.138479617,4597268.792679884,34.88603076557486
road_253_1,road,253,1,136.0,train,621258.4020109156,4597301.031907321,34.856339436903426
road_253_2,road,253,2,136.0,train,621280.4570350811,4597327.550499277,34.85112030550204
road_253_3,road,253,3,136.0,train,621297.6351392826,4597357.720514896,34.85080190094442
road_254_0,road,254,0,136.0,train,621328.8902284635,4597135.02524603,38.169696092824765
road_254_1,road,254,1,136.0,train,621290.8249749105,4597134.355706858,38.176158440018014
road_254_2,road,254,2,136.0,train,621257.0097618086,4597150.064011012,38.15766926866621
road_254_3,road,254,3,136.0,train,621227.0724904311,4597173.592705246,38.18431395754991
road_255_0,road,255,0,137.0,train,621432.8340617282,4597167.418627021,34.02937091987033
road_255_1,road,255,1,137.0,train,621414.6480782846,4597195.899046638,33.98134303935091
road_255_2,road,255,2,137.0,train,621386.0706574551,4597206.848117104,33.81586984593997
road_255_3,road,255,3,136.0,train,621362.8702540948,4597182.802673577,34.001850966568746
road_255_4,road,255,4,136.0,train,621353.6575332532,4597150.358630637,34.02972091527301
road_256_0,road,256,0,137.0,train,621450.4226380045,4597142.595676092,26.85855585658605
road_257_0,road,257,0,136.0,train,621092.7836743343,4597209.341894618,24.976674186626155
road_258_0,road,258,0,136.0,train,621010.4797313393,4597165.410168426,32.73680961647855
road_258_1,road,258,1,136.0,train,621042.36343021,4597159.444142874,32.810410591291486
road_259_0,road,259,0,123.0,val,620789.9360876516,4597009.994095262,34.991883757196774
road_259_1,road,259,1,123.0,val,620761.7175108712,4596989.84090619,34.986748576475335
road_259_2,road,259,2,123.0,val,620728.1399876323,4596980.401606882,34.87649179898788
road_260_0,road,260,0,122.0,val,620603.6334982098,4597010.643991412,31.54802710514996
road_260_1,road,260,1,123.0,val,620632.8759936603,4596998.813118534,31.55076546189006
road_260_2,road,260,2,123.0,val,620663.2832012023,4596990.982123426,31.525852525828128
road_260_3,road,260,3,123.0,val,620693.7163752142,4596983.459779905,31.54582706005557
road_261_0,road,261,0,122.0,val,620502.3262716307,4597039.253508561,36.27494158207592
road_261_1,road,261,1,122.0,val,620538.1669855651,4597035.294886924,36.2298754414896
road_261_2,road,261,2,122.0,val,620572.6300707285,4597024.308321545,36.27918664065748
road_262_0,road,262,0,113.0,test,621435.2687425064,4596645.224930893,37.8795387267405
road_262_1,road,262,1,113.0,test,621428.7846290389,4596682.479004316,37.872045692127365
road_262_2,road,262,2,113.0,test,621430.4152989353,4596720.028357303,37.86137256111312
road_262_3,road,262,3,125.0,train,621444.3786352717,4596755.130885479,37.87708982081556
road_262_4,road,262,4,125.0,train,621464.739273376,4596786.906949726,37.84916612651271
road_262_5,road,262,5,125.0,train,621488.972846204,4596815.913355261,37.8619775561504
road_262_6,road,262,6,125.0,train,621517.9363488597,4596840.195777032,37.85035577224726
road_262_7,road,262,7,125.0,train,621553.7840308466,4596852.266863738,37.8491893890311
road_262_8,road,262,8,125.0,train,621591.2547531262,4596856.138524255,37.8764146686021
road_262_9,road,262,9,125.0,train,621629.1291539534,4596856.518876972,37.87798364391283
road_262_10,road,262,10,125.0,train,621666.96087135,4596854.774040061,37.880080405053214
road_262_11,road,262,11,125.0,train,621704.8277617027,4596853.783411746,37.88005071131637
road_262_12,road,262,12,125.0,train,621742.5040025876,4596854.077047224,37.85567355874806
road_262_13,road,262,13,126.0,train,621778.2038723083,4596866.380632652,37.822308309909936
road_262_14,road,262,14,126.0,train,621805.7935392817,4596891.148371012,37.82418672113926
road_262_15,road,262,15,126.0,train,621815.2550614385,4596927.43353934,37.878789030353325
road_262_16,road,262,16,126.0,train,621823.7535633695,4596963.918798223,37.74389143872772
road_263_0,road,263,0,126.0,train,621843.0647737914,4596955.960141031,36.78591376470464
road_263_1,road,263,1,126.0,train,621865.0743207667,4596926.479250558,36.81009379228679
road_263_2,road,263,2,126.0,train,621884.9833615725,4596895.524056409,36.81139101189997
road_263_3,road,263,3,126.0,train,621906.3134356905,4596865.549065104,36.796357607958576
road_263_4,road,263,4,126.0,train,621919.7939333786,4596832.3777379645,36.75599656021593
road_263_5,road,263,5,126.0,train,621931.9023329588,4596798.151027716,36.79724199701479
road_263_6,road,263,6,126.0,train,621952.2011663942,4596767.472923643,36.80914402790046
road_263_7,road,263,7,126.0,train,621984.9965882425,4596757.336764214,36.73379588133527
road_263_8,road,263,8,126.0,train,622020.5642585196,4596753.654212432,36.70285478712513
road_263_9,road,263,9,114.0,train,622050.9275971998,4596733.140986048,36.76685140206176
road_263_10,road,263,10,114.0,train,622086.6479961947,4596729.525536147,36.74006240422587
road_263_11,road,263,11,114.0,train,622123.1086211787,4596725.392526778,36.80867743262448
road_264_0,road,264,0,114.0,train,622101.0198072245,4596743.910960349,37.79038180329764
road_264_1,road,264,1,127.0,test,622125.7525587215,4596772.463799204,37.7818641211514
road_264_2,road,264,2,127.0,test,622146.3516746146,4596804.054991801,37.78914487659247
road_264_3,road,264,3,127.0,test,622169.4267973008,4596833.581641801,37.598819473684685
road_264_4,road,264,4,127.0,test,622177.3849602569,4596869.6679685,37.66042111516643
road_264_5,road,264,5,127.0,test,622162.2796357269,4596902.448175228,37.781281037036
road_264_6,road,264,6,127.0,test,622133.8788352078,4596927.339516725,37.77772856523356
road_264_7,road,264,7,126.0,train,622102.1659443878,4596947.414491582,37.71705884830416
road_264_8,road,264,8,126.0,train,622068.4081417017,4596962.923330952,37.78105870549309
road_264_9,road,264,9,126.0,train,622032.5226812186,4596974.391953025,37.77530135700501
road_264_10,road,264,10,126.0,train,622000.9880865322,4596994.994164586,37.78581928865282
road_264_11,road,264,11,126.0,train,621965.917935325,4597007.028652684,37.72520781491251
road_264_12,road,264,12,126.0,train,621928.6516044922,4597002.859000278,37.77341110823683
road_264_13,road,264,13,126.0,train,621893.7930615532,4596988.673833846,37.78177703295352
road_264_14,road,264,14,126.0,train,621857.4351055389,4596978.514784038,37.7903220709887
road_265_0,road,265,0,126.0,train,622029.4658151723,4596997.040355406,37.86628312056652
road_265_1,road,265,1,126.0,train,622020.7131212149,4597033.262111675,37.94665293717905
road_265_2,road,265,2,126.0,train,622003.1570973552,4597066.872483579,37.94461977757473
road_265_3,road,265,3,126.0,train,621980.0250453625,4597096.787230272,37.935981609024616
road_265_4,road,265,4,138.0,test,621960.441444269,4597129.101764596,37.945679475633504
road_265_5,road,265,5,138.0,test,621952.4781457989,4597165.976848289,37.9524880042487
road_265_6,road,265,6,138.0,test,621943.0489695714,4597202.740011847,37.956521622349605
road_265_7,road,265,7,138.0,test,621931.7232687813,4597238.945857558,37.94788880564342
road_265_8,road,265,8,138.0,test,621926.4334298376,4597275.955133559,37.883825808810336
road_265_9,road,265,9,138.0,test,621932.3352243091,4597313.012322761,37.95449933559568
road_265_10,road,265,10,138.0,test,621926.4839287496,4597350.508433928,37.95757580512971
road_265_11,road,265,11,138.0,test,621917.2908183081,4597387.278278735,37.87681047098759
road_265_12,road,265,12,138.0,test,621895.5549163482,4597417.836724924,37.95286525965355
road_265_13,road,265,13,138.0,test,621867.4565933297,4597443.226174101,37.935157971469664
road_265_14,road,265,14,138.0,test,621833.6097276708,4597458.07268302,37.8986648030408
road_265_15,road,265,15,138.0,test,621795.9711325982,4597454.826671493,37.89850548506295
road_266_0,road,266,0,137.0,train,621545.0996928565,4597223.367069402,39.17861354643156
road_266_1,road,266,1,137.0,train,621582.8588031288,4597213.632460874,39.01348214652751
road_266_2,road,266,2,137.0,train,621607.0155822268,4597183.16371097,39.16026607336267
road_266_3,road,266,3,137.0,train,621623.1021382463,4597147.948202957,39.17456343676572
road_266_4,road,266,4,125.0,train,621637.11441656,4597111.396831416,39.18041601108345
road_266_5,road,266,5,125.0,train,621651.6505292102,4597075.089849095,39.07744387208226
road_266_6,road,266,6,125.0,train,621679.7800969352,4597049.207806444,39.17376450209569
road_266_7,road,266,7,125.0,train,621714.5478447747,4597031.23705311,39.1504026087454
road_266_8,road,266,8,125.0,train,621748.293981444,4597012.799347513,39.03390496746685
road_266_9,road,266,9,126.0,train,621779.2846502815,4596992.364883371,39.148036899389886
road_266_10,road,266,10,126.0,train,621810.023187858,4596970.0498086335,39.0637355001895
road_267_0,road,267,0,125.0,train,621711.0547602305,4596973.848606771,35.350937083603924
road_267_1,road,267,1,125.0,train,621746.3780664786,4596974.301675725,35.35448824864982
road_267_2,road,267,2,126.0,train,621780.9832653607,4596969.461138081,35.17193918353877
road_268_0,road,268,0,125.0,train,621614.6178873822,4596968.302812361,31.745491987332603
road_268_1,road,268,1,125.0,train,621646.2355141443,4596966.927803048,31.758596168809827
road_268_2,road,268,2,125.0,train,621677.9317312407,4596968.564582339,31.76258443434115
road_269_0,road,269,0,50.0,train,620549.5186977163,4594636.743796626,35.4652574546264
road_269_1,road,269,1,50.0,train,620574.4335749903,4594661.903027512,35.5275447092966
road_269_2,road,269,2,50.0,train,620604.4745943145,4594680.737533506,35.49076818860054
road_269_3,road,269,3,51.0,train,620639.5811480065,4594681.957857734,35.537491681274645
road_269_4,road,269,4,51.0,train,620673.1400222004,4594670.339962869,35.55539169521345
road_269_5,road,269,5,51.0,train,620706.6888685,4594658.608226019,35.55447003476332
road_270_0,road,270,0,51.0,train,620734.538279803,4594647.423700837,24.51125142511069
road_271_0,road,271,0,50.0,train,620620.0830317438,4594665.95948298,37.67741479714054
road_271_1,road,271,1,51.0,train,620635.9028320212,4594631.815371264,37.674651369812125
road_271_2,road,271,2,51.0,train,620647.5464028522,4594596.032571515,37.604798755826266
road_271_3,road,271,3,51.0,train,620671.5367830358,4594569.428352304,37.60455608028153
road_271_4,road,271,4,51.0,train,620705.7930492427,4594553.832762523,37.67654590873864
road_271_5,road,271,5,51.0,train,620737.7411879799,4594534.032951581,37.67757237747905
road_271_6,road,271,6,51.0,train,620770.8134933354,4594516.148787564,37.61956659389695
road_271_7,road,271,7,39.0,val,620801.2603279894,4594494.939472781,37.67573768524721
road_272_0,road,272,0,38.0,train,620585.5225802538,4594426.983674159,38.9674699713127
road_272_1,road,272,1,38.0,train,620562.3125603575,4594458.125724983,38.9642380918223
road_272_2,road,272,2,38.0,train,620534.9586353414,4594485.8697199775,38.98446691869419
road_272_3,road,272,3,50.0,train,620508.8351413538,4594513.958026248,38.93188722968885
road_272_4,road,272,4,50.0,train,620498.5430983193,4594551.524990692,38.98491914933128
road_272_5,road,272,5,50.0,train,620488.3183130522,4594589.1258402085,38.97976306415505
road_272_6,road,272,6,50.0,train,620477.7163144506,4594626.597958267,38.96492828094201
road_272_7,road,272,7,50.0,train,620456.7042024798,4594658.89946307,38.85499641540302
road_272_8,road,272,8,50.0,train,620442.372664667,4594694.401434795,38.9710097466058
road_272_9,road,272,9,50.0,train,620427.2162505643,4594730.09362994,38.95889314410961
road_272_10,road,272,10,50.0,train,620403.8018186528,4594761.098878616,38.98264561895333
road_272_11,road,272,11,50.0,train,620384.722549127,4594795.093895047,38.98414658689344
road_272_12,road,272,12,50.0,train,620365.6824578319,4594829.057454432,38.946899495355545
road_273_0,road,273,0,50.0,train,620525.4208460563,4594618.538032118,27.30430822424544
road_273_1,road,273,1,50.0,train,620513.3785227527,4594594.101846316,27.315124177326705
road_273_2,road,273,2,50.0,train,620503.4280406118,4594568.67018053,27.31455584104232
road_274_0,road,274,0,50.0,train,620519.7555179027,4594634.2267726725,36.78256054343396
road_274_1,road,274,1,50.0,train,620483.540556211,4594639.490748607,36.74160349803368
road_275_0,road,275,0,38.0,train,620612.8860577854,4594399.842634638,38.29313319810958
road_275_1,road,275,1,39.0,val,620642.310647226,4594375.355628977,38.29012170207844
road_275_2,road,275,2,39.0,val,620665.32436763,4594347.126466545,38.16097302601983
road_275_3,road,275,3,39.0,val,620655.766413913,4594312.0537999,38.06653148944607
road_275_4,road,275,4,38.0,train,620618.1235624653,4594308.491972557,38.28963392747774
road_275_5,road,275,5,38.0,train,620579.9094290592,4594307.902510292,38.24821345907161
road_275_6,road,275,6,38.0,train,620542.3343367776,4594313.013077022,38.292037507428006
road_276_0,road,276,0,39.0,val,620680.7568476613,4594347.206955609,35.1007268859331
road_277_0,road,277,0,51.0,train,620958.5621787712,4594581.290692114,37.26086740413668
road_277_1,road,277,1,51.0,train,620972.2711237363,4594546.782412339,37.21234356781149
road_277_2,road,277,2,51.0,train,620981.656144892,4594511.281695847,37.246567244227286
road_277_3,road,277,3,39.0,val,620983.3158224102,4594474.189526024,37.25289775766841
road_277_4,road,277,4,39.0,val,620997.8603469857,4594440.024000587,37.254001217335045
road_278_0,road,278,0,40.0,train,621160.8034250689,4594408.270597578,32.81949114008457
road_278_1,road,278,1,40.0,train,621186.6561452948,4594427.95936701,32.754631746407526
road_278_2,road,278,2,40.0,train,621218.5906931943,4594430.463625022,32.82323170618305
road_278_3,road,278,3,40.0,train,621248.497167434,4594417.129518941,32.84465445890238
road_279_0,road,279,0,40.0,train,621198.5763782769,4594298.589440376,34.48915475642609
road_279_1,road,279,1,40.0,train,621186.0266779496,4594266.49701161,34.52062790690915
road_279_2,road,279,2,40.0,train,621177.3286615266,4594233.106605242,34.50781127941308
road_280_0,road,280,0,40.0,train,621173.4931575843,4594198.740450348,37.29578743981611
road_280_1,road,280,1,40.0,train,621184.6751329572,4594163.19408081,37.27289630443827
road_280_2,road,280,2,40.0,train,621196.995691091,4594128.235963923,37.2789887530822
road_280_3,road,280,3,28.0,train,621203.3899891711,4594091.781707306,37.302188421379086
road_280_4,road,280,4,28.0,train,621203.0340290745,4594054.498113235,37.30333495533641
road_280_5,road,280,5,28.0,train,621199.8407672866,4594017.402775463,37.29089414108893
road_280_6,road,280,6,28.0,train,621201.2210434733,4593981.152811097,37.23701570908108
road_280_7,road,280,7,28.0,train,621216.8703733655,4593947.373366587,37.25603818130392
road_280_8,road,280,8,28.0,train,621219.3281324012,4593910.522841299,36.8120866897797
road_280_9,road,280,9,28.0,train,621189.8467298793,4593898.036632163,37.29407923851534
road_280_10,road,280,10,28.0,train,621152.6792599818,4593900.179791376,37.30184013630787
road_280_11,road,280,11,28.0,train,621116.1209002249,4593906.86182381,37.23364822755365
road_280_12,road,280,12,28.0,train,621081.3225915837,4593909.922423891,36.8992003316984
road_281_0,road,281,0,28.0,train,621078.4142934706,4593874.497148389,36.76826969560365
road_281_1,road,281,1,28.0,train,621086.9957002917,4593838.873993062,36.65104508820789
road_281_2,road,281,2,28.0,train,621109.4109435516,4593810.594973424,36.76543656833811
road_281_3,road,281,3,28.0,train,621128.3409419188,4593780.01830911,36.70845425090663
road_281_4,road,281,4,16.0,train,621125.6208416162,4593743.60874754,36.7574070536483
road_281_5,road,281,5,16.0,train,621111.8434506527,4593710.2263316205,36.40747665311016
road_281_6,road,281,6,16.0,train,621076.6357324232,4593700.49237264,36.76435183514708
road_281_7,road,281,7,16.0,train,621043.89304554,4593684.531055863,36.61595968403492
road_281_8,road,281,8,16.0,train,621019.4107472075,4593658.225412299,36.59578789755669
road_282_0,road,282,0,16.0,train,621102.9789248697,4593693.183677985,30.42873801489905
road_282_1,road,282,1,16.0,train,621095.342456826,4593663.73697832,30.50178683079005
road_282_2,road,282,2,16.0,train,621087.876745021,4593634.176362146,30.50159841017112
road_282_3,road,282,3,16.0,train,621081.5147149801,4593604.3765167575,30.486108418130424
road_283_0,road,283,0,16.0,train,621109.7687048613,4593665.460928282,30.2370492293121
road_283_1,road,283,1,16.0,train,621129.749896227,4593642.885475619,30.178570657213623
road_283_2,road,283,2,16.0,train,621149.8924420221,4593621.053334654,30.20382004915013
road_284_0,road,284,0,16.0,train,621026.8372926551,4593638.922614374,38.55337999817869
road_284_1,road,284,1,16.0,train,621034.899999595,4593601.580381951,38.589487976753446
road_284_2,road,284,2,16.0,train,621062.0660336305,4593575.418947833,38.71888734375666
road_284_3,road,284,3,16.0,train,621085.6021843356,4593570.852733323,37.92155091783294
road_285_0,road,285,0,28.0,train,621229.7008244349,4593777.683296366,36.84214795759594
road_285_1,road,285,1,28.0,train,621214.670549823,4593809.970162973,36.81588050661303
road_285_2,road,285,2,28.0,train,621218.0688677634,4593846.614560379,36.85660843346526
road_285_3,road,285,3,28.0,train,621218.9769166117,4593883.426424202,36.852488001265705
road_286_0,road,286,0,40.0,train,621016.7539740183,4594419.657793402,34.260871247865154
road_286_1,road,286,1,40.0,train,621044.094289269,4594399.198477558,34.31716721018934
road_286_2,road,286,2,40.0,train,621068.5784128614,4594375.182915213,34.31942515177819
road_286_3,road,286,3,40.0,train,621092.017637233,4594350.136519747,34.317020553920514
road_286_4,road,286,4,40.0,train,621117.6756818326,4594327.659127972,34.23629594694848
road_286_5,road,286,5,40.0,train,621150.1223846724,4594317.009044236,34.31827904567893
road_286_6,road,286,6,40.0,train,621183.1529756434,4594307.934406901,34.310881785938385
road_287_0,road,287,0,39.0,val,620926.1328232875,4594387.8202712005,32.58031681934676
road_287_1,road,287,1,39.0,val,620956.0101028557,4594400.568599648,32.57784264555285
road_287_2,road,287,2,39.0,val,620985.7453184072,4594413.765711739,32.55276275830792
road_288_0,road,288,0,39.0,val,620855.6217393597,4594340.15986272,27.59977913544853
road_288_1,road,288,1,39.0,val,620878.6815165958,4594355.2657967135,27.605875847558156
road_288_2,road,288,2,39.0,val,620901.1278094194,4594371.300293282,27.590964858560422
road_289_0,road,289,0,39.0,val,620768.4860847587,4594304.935042288,32.322469172940146
road_289_1,road,289,1,39.0,val,620799.617507851,4594313.032422236,32.32506076417494
road_289_2,road,289,2,39.0,val,620829.2965380013,4594325.853701785,32.336915903608364
road_290_0,road,290,0,38.0,train,620431.4807729359,4594283.058050971,38.855373431412126
road_290_1,road,290,1,38.0,train,620466.6649263854,4594299.481442266,38.8728674193082
road_290_2,road,290,2,38.0,train,620504.526976775,4594307.724255489,38.85890715292408
road_291_0,road,291,0,38.0,train,620417.0139575406,4594255.523634351,38.5828608108362
road_291_1,road,291,1,38.0,train,620447.3928643491,4594232.571164964,38.60122296620815
road_291_2,road,291,2,38.0,train,620481.3577050712,4594214.681708728,38.59371184433799
road_291_3,road,291,3,38.0,train,620508.5502847808,4594187.556663376,38.59267138144483
road_291_4,road,291,4,38.0,train,620539.2878430501,4594164.334955915,38.60455770576795
road_291_5,road,291,5,38.0,train,620568.2415669656,4594138.831647555,38.6107085761182
road_291_6,road,291,6,26.0,train,620599.3964601282,4594122.266647119,38.31283716341496
road_291_7,road,291,7,39.0,val,620637.1352397333,4594129.683322515,38.61238071238285
road_291_8,road,291,8,39.0,val,620675.3583308288,4594135.0301308725,38.60614338819483
road_291_9,road,291,9,39.0,val,620713.8110849282,4594137.877537432,38.614814551107614
road_291_10,road,291,10,39.0,val,620751.4611247136,4594133.701245126,38.52874897705559
road_291_11,road,291,11,27.0,train,620779.7236029749,4594108.315509784,38.52240021681267
road_291_12,road,291,12,27.0,train,620797.1567494825,4594073.9528311,38.587695105154296
road_291_13,road,291,13,27.0,train,620806.2272056295,4594036.651997489,38.61349004989985
road_291_14,road,291,14,27.0,train,620812.0285895446,4593998.535368047,38.58860804131828
road_291_15,road,291,15,27.0,train,620824.6981914161,4593966.189711724,35.93671200629949
road_291_16,road,291,16,27.0,train,620845.2837393336,4593996.79956773,38.55749011864126
road_291_17,road,291,17,27.0,train,620859.5285390399,4594032.55149279,38.5716534202719
road_291_18,road,291,18,27.0,train,620873.529537975,4594067.857159102,38.57502802738773
road_291_19,road,291,19,27.0,train,620894.4498582401,4594100.043269501,38.580102552672095
road_291_20,road,291,20,39.0,val,620900.2669822611,4594137.515457342,38.589599655660976
road_291_21,road,291,21,39.0,val,620893.0967203262,4594175.403093644,38.54953485673804
road_291_22,road,291,22,39.0,val,620873.3868692359,4594182.395722108,38.57219585349402
road_291_23,road,291,23,39.0,val,620838.7579726371,4594165.710708467,38.607673990105056
road_291_24,road,291,24,39.0,val,620801.6304456211,4594155.275798167,38.60707652777822
road_291_25,road,291,25,39.0,val,620765.1210565427,4594142.830808768,38.60810482526772
road_292_0,road,292,0,39.0,val,620905.3853934582,4594203.781055705,38.48308094205461
road_292_1,road,292,1,39.0,val,620936.8156321571,4594225.942451797,38.484159068959634
road_292_2,road,292,2,39.0,val,620967.7460441795,4594248.765244316,38.44518730575963
road_292_3,road,292,3,39.0,val,620996.2186070153,4594274.477462827,38.43450970202296
road_292_4,road,292,4,40.0,train,621021.9623125595,4594301.374594787,38.45115097335892
road_292_5,road,292,5,40.0,train,621033.3504140547,4594338.035069647,38.48528786199014
road_293_0,road,293,0,25.0,train,620218.510572368,4594088.818143074,35.39463293150444
road_293_1,road,293,1,26.0,train,620252.2122172551,4594099.067059044,35.33304980243518
road_293_2,road,293,2,26.0,train,620280.851686396,4594118.918176063,35.39325620732958
road_293_3,road,293,3,38.0,train,620302.2048994746,4594147.050388952,35.38572319155033
road_293_4,road,293,4,38.0,train,620325.7829032285,4594173.062642206,35.37857591810162
road_293_5,road,293,5,38.0,train,620348.4911841677,4594200.143752338,35.39084886465166
road_293_6,road,293,6,38.0,train,620374.2167453744,4594224.441514599,35.3960693290643
road_293_7,road,293,7,38.0,train,620398.9741555271,4594249.695593992,35.3957942038711
road_294_0,road,294,0,38.0,train,620340.9852950613,4594160.980299849,38.76715268367296
road_294_1,road,294,1,38.0,train,620372.7771681617,4594139.213731411,38.76314003714787
road_294_2,road,294,2,38.0,train,620410.2310346725,4594129.486827632,38.75660364576454
road_294_3,road,294,3,26.0,train,620448.0544669806,4594121.386727859,38.68078479438829
road_294_4,road,294,4,26.0,train,620481.7252127869,4594103.106742663,38.73538191419678
road_294_5,road,294,5,26.0,train,620510.6241862319,4594077.623113316,38.704202821784406
road_294_6,road,294,6,26.0,train,620522.3013324735,4594040.706419587,38.76382026435559
road_294_7,road,294,7,26.0,train,620535.9282292924,4594004.431466132,38.7650827959662
road_294_8,road,294,8,26.0,train,620540.6514636689,4593967.038979456,38.690036454331135
road_294_9,road,294,9,26.0,train,620532.1805228494,4593929.2512870105,38.767273088876806
road_294_10,road,294,10,26.0,train,620524.7815580227,4593891.211982288,38.76753224921716
road_294_11,road,294,11,26.0,train,620518.177569617,4593853.011090011,38.76753291144945
road_294_12,road,294,12,26.0,train,620511.546809425,4593814.815238478,38.76671900699797
road_294_13,road,294,13,26.0,train,620503.5875423254,4593776.874537761,38.76753241080656
road_294_14,road,294,14,14.0,train,620495.3381330837,4593738.999437988,38.7616615461059
road_294_15,road,294,15,14.0,train,620482.822801879,4593702.310787023,38.76744588617601
road_294_16,road,294,16,14.0,train,620470.9034419714,4593665.421922987,38.7674919722088
road_294_17,road,294,17,14.0,train,620459.3677324237,4593628.412568809,38.76359521759794
road_294_18,road,294,18,14.0,train,620450.224565192,4593590.791533001,38.763121369943335
road_294_19,road,294,19,14.0,train,620438.8081501566,4593554.158878786,38.61599200305448
road_294_20,road,294,20,14.0,train,620431.2200443133,4593517.310516314,38.66806392391759
road_294_21,road,294,21,14.0,train,620431.8628822957,4593478.740424329,38.76555010320366
road_294_22,road,294,22,14.0,train,620429.109191567,4593440.121533359,38.76266029388079
road_294_23,road,294,23,14.0,train,620427.9199493122,4593401.473602982,38.75628861392854
road_294_24,road,294,24,2.0,test,620430.3155682813,4593362.794026378,38.76724984122125
road_294_25,road,294,25,2.0,test,620432.8213181547,4593324.111486413,38.76331020889305
road_294_26,road,294,26,2.0,test,620438.66447371,4593285.885358705,38.65062613384599
road_294_27,road,294,27,2.0,test,620457.4397923294,4593252.443149365,38.76646455427152
road_294_28,road,294,28,2.0,test,620464.5374040584,4593219.263015193,37.98344075773863
road_294_29,road,294,29,2.0,test,620426.4109595491,4593217.759097816,38.75933774627359
road_294_30,road,294,30,2.0,test,620387.8770407477,4593221.329432123,38.7266542721978
road_294_31,road,294,31,2.0,test,620353.32039689,4593237.56149611,38.76688561821234
road_295_0,road,295,0,25.0,train,620193.0402280021,4594100.071384704,39.41532880075514
road_295_1,road,295,1,37.0,val,620184.070727916,4594138.615139521,39.73195080385581
road_295_2,road,295,2,37.0,val,620175.1190390337,4594177.325422818,39.73194974967372
road_295_3,road,295,3,37.0,val,620166.3127767874,4594216.068990105,39.731663063173976
road_295_4,road,295,4,37.0,val,620156.1265883478,4594254.472870733,39.73195080344046
road_295_5,road,295,5,37.0,val,620146.0675692931,4594292.908794942,39.73186560371754
road_295_6,road,295,6,37.0,val,620136.9491649957,4594331.580197607,39.73190428004706
road_295_7,road,295,7,37.0,val,620127.587354483,4594370.193073496,39.7319508035443
road_295_8,road,295,8,37.0,val,620118.1009571616,4594408.775921766,39.73195080444869
road_295_9,road,295,9,37.0,val,620108.4723295227,4594447.3228512565,39.73187008289538
road_295_10,road,295,10,37.0,val,620098.8986921419,4594485.879801917,39.73145881345158
road_295_11,road,295,11,49.0,train,620091.1744496324,4594524.826458509,39.72713746158077
road_295_12,road,295,12,49.0,train,620085.1827256472,4594564.070785909,39.72346035883245
road_295_13,road,295,13,49.0,train,620080.8778130462,4594603.536626846,39.73072165870174
road_295_14,road,295,14,49.0,train,620074.29002743,4594642.690930382,39.72717888173357
road_295_15,road,295,15,49.0,train,620062.880286312,4594680.695652313,39.72978442921866
road_295_16,road,295,16,49.0,train,620049.5420215228,4594717.977832735,39.70872916816827
road_295_17,road,295,17,49.0,train,620044.0472035091,4594757.303034238,39.73194501493347
road_295_18,road,295,18,49.0,train,620039.0646004474,4594796.721194627,39.731699545194296
road_295_19,road,295,19,49.0,train,620035.4889881102,4594836.286755926,39.73104109423738
road_295_20,road,295,20,61.0,val,620030.4950591772,4594875.698285189,39.73187313065184
road_295_21,road,295,21,61.0,val,620023.8593472355,4594914.871824622,39.7312973234366
road_295_22,road,295,22,61.0,val,620016.0344577831,4594953.824727704,39.73195080375883
road_295_23,road,295,23,61.0,val,620008.131527307,4594992.761795715,39.73002942440429
road_295_24,road,295,24,61.0,val,619997.1121519939,4595030.933412823,39.73114471379691
road_295_25,road,295,25,61.0,val,619984.9659012278,4595068.752607728,39.73195080465517
road_295_26,road,295,26,61.0,val,619972.150004509,4595106.360787491,39.73194051390484
road_295_27,road,295,27,61.0,val,619959.3739469127,4595143.981548662,39.73188322414553
road_295_28,road,295,28,61.0,val,619945.8627585435,4595181.345510156,39.73176455690391
road_295_29,road,295,29,61.0,val,619933.0558878619,4595218.953831608,39.73115551661482
road_295_30,road,295,30,73.0,test,619919.4704800022,4595256.280726904,39.73195080425248
road_295_31,road,295,31,73.0,test,619905.2155079019,4595293.3674262855,39.731950723834686
road_295_32,road,295,32,73.0,test,619890.5556508079,4595330.289179647,39.73109946708681
road_296_0,road,296,0,72.0,train,619859.7558697844,4595333.555264305,34.47705263459849
road_296_1,road,296,1,72.0,train,619872.1158524161,4595364.426284667,34.61496664751692
road_296_2,road,296,2,73.0,test,619878.8834828471,4595365.112524197,34.0261222671816
road_297_0,road,297,0,73.0,test,619875.3153972785,4595345.062514499,16.30327356876658
road_298_0,road,298,0,72.0,train,619870.3992243104,4595401.13718185,39.44160190274504
road_298_1,road,298,1,72.0,train,619862.013199996,4595439.676709884,39.44111268451578
road_298_2,road,298,2,72.0,train,619854.3879337793,4595478.370999953,39.44157980625071
road_298_3,road,298,3,72.0,train,619846.6524636248,4595517.046165761,39.44077271618709
road_298_4,road,298,4,72.0,train,619840.438193276,4595555.989882725,39.44157971414394
road_298_5,road,298,5,72.0,train,619835.2795729465,4595595.085049303,39.44103824451866
road_298_6,road,298,6,84.0,train,619831.1712255882,4595634.311721422,39.4414141402788
road_298_7,road,298,7,84.0,train,619827.8066009758,4595673.60850854,39.44107518339178
road_298_8,road,298,8,84.0,train,619823.3186288599,4595712.788592731,39.44139379630308
road_298_9,road,298,9,84.0,train,619819.8367159008,4595752.0756121725,39.44147277287405
road_298_10,road,298,10,84.0,train,619815.7285358583,4595791.301995048,39.44036941518836
road_298_11,road,298,11,84.0,train,619813.2399646421,4595830.647002758,39.44160190236883
road_298_12,road,298,12,84.0,train,619811.6517499803,4595870.056529289,39.44143067510564
road_298_13,road,298,13,84.0,train,619810.5134968881,4595909.48059597,39.44160190198542
road_298_14,road,298,14,84.0,train,619809.5798415602,4595948.911138262,39.44159029999408
road_298_15,road,298,15,84.0,train,619808.4002998365,4595988.335092709,39.44160190268592
road_298_16,road,298,16,96.0,train,619807.8370194844,4596027.760498374,39.44037215411475
road_298_17,road,298,17,96.0,train,619808.9102443854,4596067.186880988,39.441601902430975
road_298_18,road,298,18,96.0,train,619809.1472559375,4596106.616281696,39.44015043670628
road_298_19,road,298,19,96.0,train,619808.2322644683,4596146.046524693,39.44156537277773
road_298_20,road,298,20,96.0,train,619807.097024232,4596185.471489352,39.44160190289414
road_298_21,road,298,21,96.0,train,619805.7787810917,4596224.8906008005,39.441576761931096
road_298_22,road,298,22,96.0,train,619803.938907269,4596264.288571781,39.4402399776755
road_298_23,road,298,23,96.0,train,619804.0300522925,4596303.728819968,39.441526885860014
road_298_24,road,298,24,96.0,train,619803.7315335505,4596343.168844239,39.44160190251632
road_298_25,road,298,25,108.0,val,619802.9827964951,4596382.596519184,39.44002568600106
road_298_26,road,298,26,108.0,val,619800.6066895677,4596421.965487232,39.44118955055389
road_298_27,road,298,27,108.0,val,619799.4606165362,4596461.3874205,39.44160190313448
road_298_28,road,298,28,108.0,val,619798.5924564325,4596500.819273386,39.44159975633461
road_298_29,road,298,29,108.0,val,619797.9374380062,4596540.255434798,39.44160190296637
road_298_30,road,298,30,108.0,val,619798.1119870505,4596579.678501848,39.43874617789183
road_298_31,road,298,31,108.0,val,619800.0353095401,4596619.070605609,39.441524036680384
road_298_32,road,298,32,108.0,val,619801.1227517731,4596658.494383486,39.436021379115566
road_298_33,road,298,33,108.0,val,619805.2437253464,4596697.694226101,39.44133775300007
road_298_34,road,298,34,108.0,val,619809.4411823003,4596736.910345678,39.44099812460182
road_298_35,road,298,35,120.0,train,619812.0417599626,4596776.250893818,39.42959246009766
road_298_36,road,298,36,120.0,train,619808.0255553346,4596815.44126363,39.44160190301963
road_298_37,road,298,37,120.0,train,619803.586534773,4596854.6312779095,39.44147081041182
road_298_38,road,298,38,120.0,train,619799.4786701957,4596893.858311772,39.44160055586335
road_298_39,road,298,39,120.0,train,619795.3031803209,4596933.077690321,39.440448002298176
road_298_40,road,298,40,120.0,train,619789.7583340859,4596972.124585203,39.44144768552143
road_298_41,road,298,41,120.0,train,619787.1833875531,4597011.402663358,39.42725004140412
road_298_42,road,298,42,120.0,train,619790.7980877468,4597050.596157616,39.44156668072354
road_298_43,road,298,43,120.0,train,619795.9689998706,4597089.6971149165,39.44160087848481
road_298_44,road,298,44,132.0,train,619801.2814875817,4597128.779302605,39.4416019025312
road_299_0,road,299,0,120.0,train,619658.974041242,4597009.085815178,35.45286930668048
road_299_1,road,299,1,120.0,train,619681.0515611664,4597036.707838823,35.37215410028933
road_299_2,road,299,2,120.0,train,619712.8610833567,4597050.139934821,35.43563930618588
road_299_3,road,299,3,120.0,train,619746.8259992235,4597060.126333901,35.458234843889414
road_299_4,road,299,4,120.0,train,619779.9270570516,4597072.29074598,35.38786909225156
road_300_0,road,300,0,120.0,train,619760.312888668,4597102.324253838,34.53807847403789
road_300_1,road,300,1,132.0,train,619784.1298045039,4597126.804246884,34.517564427696605
road_301_0,road,301,0,134.0,val,620251.5541031092,4597399.679424629,27.21711584808598
road_301_1,road,301,1,133.0,train,620240.7491986715,4597374.827888938,27.22723840214138
road_301_2,road,301,2,133.0,train,620227.8379837179,4597350.85678629,27.2272933728056
road_302_0,road,302,0,133.0,train,620244.0588097034,4597422.149995198,29.987242254926155
road_302_1,road,302,1,133.0,train,620221.2750412831,4597441.643036933,29.98460522195396
road_302_2,road,302,2,133.0,train,620201.3576324562,4597463.999028428,29.978613347601254
road_303_0,road,303,0,134.0,val,620272.4296927819,4597411.414912044,33.76652710997956
road_303_1,road,303,1,134.0,val,620305.3799786647,4597404.144963804,33.78533862664259
road_303_2,road,303,2,134.0,val,620334.3571241698,4597417.042915962,33.72190335562284
road_303_3,road,303,3,134.0,val,620361.7756223283,4597436.674034538,33.80340192440197
road_303_4,road,303,4,134.0,val,620390.3144938485,4597454.700754126,33.734279146998254
road_303_5,road,303,5,134.0,val,620407.4939166856,4597482.755064354,33.73058448874852
road_304_0,road,304,0,134.0,val,620316.2435702824,4597384.536462931,38.27291319554512
road_304_1,road,304,1,134.0,val,620327.9908412272,4597350.484250414,38.20960758901053
road_304_2,road,304,2,134.0,val,620349.0596582672,4597318.965005524,38.19942721129523
road_304_3,road,304,3,134.0,val,620383.5568925141,4597302.778785034,38.3296101151837
road_304_4,road,304,4,134.0,val,620421.3785932073,4597296.674989646,38.32742625330185
road_304_5,road,304,5,134.0,val,620459.6681653119,4597297.676214296,38.32201921140298
road_304_6,road,304,6,134.0,val,620496.9958926338,4597289.802270845,38.31303657254943
road_304_7,road,304,7,134.0,val,620532.4809854461,4597301.263128125,38.26310676210683
road_304_8,road,304,8,134.0,val,620557.329160079,4597329.897946712,38.33419991569874
road_304_9,road,304,9,134.0,val,620568.167086005,4597364.848151945,38.20319032738245
road_304_10,road,304,10,134.0,val,620565.7705609697,4597402.860602896,38.34418855992087
road_304_11,road,304,11,134.0,val,620568.0242130287,4597441.077294733,38.31312078480565
road_304_12,road,304,12,134.0,val,620563.9923333079,4597479.170173072,38.33934703869858
road_305_0,road,305,0,133.0,train,620209.9065155387,4597350.785858859,33.12922490039486
road_306_0,road,306,0,133.0,train,620240.0409109642,4597331.80348964,39.68973697945093
road_306_1,road,306,1,134.0,val,620272.0735299793,4597308.546875055,39.67003795639751
road_306_2,road,306,2,134.0,val,620304.2027906221,4597285.430794004,39.69072092181932
road_306_3,road,306,3,134.0,val,620335.4815051358,4597261.029455685,39.681364170652046
road_306_4,road,306,4,134.0,val,620371.2561829687,4597244.2818559455,39.68824440216399
road_306_5,road,306,5,134.0,val,620409.5305734244,4597244.376853677,39.41156073412266
road_306_6,road,306,6,134.0,val,620445.1975817148,4597245.894771996,38.99583665990533
road_306_7,road,306,7,134.0,val,620477.6072138955,4597254.620803627,39.12037773906874
road_306_8,road,306,8,134.0,val,620504.6366497073,4597228.094555603,38.84091196040989
road_306_9,road,306,9,134.0,val,620536.1732431065,4597213.625463245,39.625425107878826
road_306_10,road,306,10,134.0,val,620568.9527442025,4597194.151113621,39.5967620628862
road_306_11,road,306,11,134.0,val,620579.4933281719,4597157.010094267,39.24398427278593
road_306_12,road,306,12,134.0,val,620607.3347177492,4597131.320388074,39.59530683768735
road_306_13,road,306,13,122.0,val,620624.8641465013,4597098.562502232,38.448820528654885
road_306_14,road,306,14,123.0,val,620662.8833206386,4597106.668054093,39.664617654152295
road_307_0,road,307,0,122.0,val,620581.1651804908,4597033.836103508,26.766335995566795
road_307_1,road,307,1,122.0,val,620584.8407905995,4597059.863812044,26.786398682874403
road_307_2,road,307,2,122.0,val,620602.1622923788,4597079.61200752,26.751340928463826
road_308_0,road,308,0,123.0,val,620789.9695709146,4597037.493388303,38.90450345927813
road_308_1,road,308,1,123.0,val,620764.2853002999,4597066.706937674,38.93304789486893
road_308_2,road,308,2,123.0,val,620737.7204308667,4597094.837078505,38.565043144564086
road_308_3,road,308,3,123.0,val,620701.8457319222,4597104.684231852,38.93460351254507
road_309_0,road,309,0,124.0,train,621005.6871363276,4596799.732375892,36.27987666230187
road_309_1,road,309,1,124.0,train,621036.2026446895,4596780.246255676,36.14543242875828
road_309_2,road,309,2,112.0,train,621048.6841023122,4596746.793318331,36.314628703510905
road_310_0,road,310,0,124.0,train,621072.2929675238,4596831.47243193,38.72553402826851
road_310_1,road,310,1,124.0,train,621055.1901363698,4596807.019298461,39.16094041085585
road_310_2,road,310,2,124.0,train,621053.8187114076,4596767.909426048,39.15711455634314
road_311_0,road,311,0,124.0,train,621057.2656836959,4596850.353356875,38.89569546849715
road_311_1,road,311,1,124.0,train,621058.0387340669,4596889.241367744,38.89569418907694
road_311_2,road,311,2,124.0,train,621058.7586925178,4596928.129678233,38.89425459136301
road_311_3,road,311,3,124.0,train,621057.1162725387,4596966.982497098,38.89499713420608
road_311_4,road,311,4,124.0,train,621058.1912360211,4597005.695540546,38.842992549517085
road_311_5,road,311,5,124.0,train,621067.6208589305,4597042.631920651,38.73167910190746
road_311_6,road,311,6,124.0,train,621061.4309445285,4597080.456005309,38.85254973130657
road_312_0,road,312,0,135.0,train,620726.3164244024,4597444.789741764,36.745201003617815
road_312_1,road,312,1,135.0,train,620724.632673068,4597481.343374292,36.75550752597271
road_313_0,road,313,0,135.0,train,620746.4347808998,4597414.821851421,37.6241360104277
road_313_1,road,313,1,135.0,train,620777.4978747743,4597393.718134701,37.63381598185845
road_313_2,road,313,2,135.0,train,620810.563000858,4597376.217832199,37.33083467923993
road_313_3,road,313,3,135.0,train,620805.22281604,4597343.82133115,37.582705879247456
road_313_4,road,313,4,135.0,train,620779.6268153209,4597316.450116793,37.61016267427416
road_313_5,road,313,5,135.0,train,620758.1916772982,4597285.708741299,37.58324054940615
road_313_6,road,313,6,135.0,train,620734.5359297764,4597257.197418899,37.61326715602173
road_313_7,road,313,7,135.0,train,620720.509802906,4597224.757055729,37.34806316456547
road_313_8,road,313,8,135.0,train,620742.2918067321,4597200.755469963,37.5195300984567
road_313_9,road,313,9,135.0,train,620777.833600728,4597210.568602794,37.62875794042994
road_314_0,road,314,0,,unused,698871.9462306672,4647658.673137671,35.119531082728464
road_314_1,road,314,1,,unused,698864.0044635073,4647625.601169715,35.43403764127258
road_314_2,road,314,2,,unused,698862.226137835,4647590.225240455,35.43627666017442
road_314_3,road,314,3,,unused,698861.9972666947,4647554.799813332,35.43496554705059
road_314_4,road,314,4,,unused,698862.6145234886,4647519.371675781,35.43494543168045
road_314_5,road,314,5,,unused,698862.4758231977,4647483.976912607,35.427232339734864
road_315_0,road,315,0,,unused,699131.7403392895,4647952.6316445,39.62722181823506
road_315_1,road,315,1,,unused,699171.1029063255,4647948.545732647,39.55743321855432
road_315_2,road,315,2,,unused,699206.9948158133,4647959.898052145,39.45353727460973
road_315_3,road,315,3,,unused,699228.1771075595,4647993.153616871,39.62671009626565
road_315_4,road,315,4,,unused,699248.2684820304,4648027.272170161,39.62186570460906
road_315_5,road,315,5,,unused,699270.4402569304,4648060.107085285,39.62692190945182
road_315_6,road,315,6,,unused,699292.9410783753,4648092.721687664,39.62737814950127
road_315_7,road,315,7,,unused,699318.0157837396,4648123.132805781,39.59808661925357
road_315_8,road,315,8,,unused,699343.8289192378,4648153.004529238,39.61789057571024
road_315_9,road,315,9,,unused,699372.8322914568,4648179.868834032,39.61038095902071
road_315_10,road,315,10,,unused,699394.9666992946,4648212.565768867,39.61329029293185
road_315_11,road,315,11,,unused,699402.5886913837,4648250.979105322,39.60226961297425
road_315_12,road,315,12,,unused,699400.7886424898,4648290.46362865,39.60607253779005
road_315_13,road,315,13,,unused,699407.0070461222,4648329.26269881,39.59946066890376
road_315_14,road,315,14,,unused,699414.9467583875,4648366.241009414,39.36792379242385
road_315_15,road,315,15,,unused,699420.5172883163,4648405.025385306,39.62720470798239
road_315_16,road,315,16,,unused,699425.6758457229,4648444.098522916,39.55820510588514
road_315_17,road,315,17,,unused,699415.5604620845,4648481.996140021,39.61768803488281
road_315_18,road,315,18,,unused,699397.9694211887,4648517.372129046,39.61799532274201
road_315_19,road,315,19,,unused,699370.8384951964,4648545.695095649,39.627068665238966
road_315_20,road,315,20,,unused,699346.2254391353,4648575.650873976,39.589818963913885
road_315_21,road,315,21,,unused,699331.5746078747,4648612.405643825,39.61484200570221
road_315_22,road,315,22,,unused,699320.1997185461,4648650.306970879,39.60782837281793
road_315_23,road,315,23,,unused,699314.467991157,4648689.155874584,39.5838758297915
road_315_24,road,315,24,,unused,699322.9878507417,4648727.800225752,39.6262231905181
road_316_0,road,316,0,,unused,699310.7900574207,4648727.648879903,20.0613110666049
road_316_1,road,316,1,,unused,699313.6600649706,4648707.91433623,20.05891298951645
road_317_0,road,317,0,,unused,699260.9547897709,4648677.716731935,37.53902446602653
road_317_1,road,317,1,,unused,699275.7191504872,4648643.238622805,37.555707586987474
road_317_2,road,317,2,,unused,699298.7314323569,4648613.725380437,37.5503601438686
road_317_3,road,317,3,,unused,699328.1760912951,4648590.460835458,37.567267724231456
road_318_0,road,318,0,,unused,699348.9150972434,4648625.088793094,27.009703257826928
road_318_1,road,318,1,,unused,699332.9389316257,4648646.802097712,27.016219167330167
road_318_2,road,318,2,,unused,699322.541364007,4648671.703649896,26.98286608227591
road_319_0,road,319,0,,unused,699293.1718737693,4648555.741155244,35.34140257107653
road_319_1,road,319,1,,unused,699312.7441166211,4648583.416417187,35.36290485564488
road_320_0,road,320,0,,unused,699280.408730211,4648619.204691604,32.36999876908733
road_320_1,road,320,1,,unused,699300.814436937,4648594.256012083,32.37728436822903
road_321_0,road,321,0,,unused,699376.6937922715,4648607.365732148,39.37594556408932
road_321_1,road,321,1,,unused,699411.4279677583,4648588.913828412,39.358890038226654
road_321_2,road,321,2,,unused,699448.66652304,4648576.33253429,39.35924456198667
road_321_3,road,321,3,,unused,699482.9985492202,4648557.608585397,39.33885824428713
road_321_4,road,321,4,,unused,699504.3619915188,4648524.718109943,39.37514896970563
road_321_5,road,321,5,,unused,699518.6997146192,4648488.303889202,39.37198613307306
road_321_6,road,321,6,,unused,699526.7106259132,4648449.859545686,39.37019411218189
road_321_7,road,321,7,,unused,699531.6119330053,4648410.796346466,39.37259936024007
road_321_8,road,321,8,,unused,699537.9559911451,4648372.040550984,39.35323137571626
road_321_9,road,321,9,,unused,699539.2900229441,4648332.786105128,39.35566141091631
road_321_10,road,321,10,,unused,699545.3317479002,4648293.947376203,39.36398974343184
road_321_11,road,321,11,,unused,699545.5303071738,4648254.611313185,39.36756639365329
road_321_12,road,321,12,,unused,699546.7329191476,4648215.285769201,39.36757057115637
road_321_13,road,321,13,,unused,699551.3690298245,4648176.247930622,39.37600782522486
road_321_14,road,321,14,,unused,699561.1378919637,4648138.248737357,39.36416233473832
road_321_15,road,321,15,,unused,699580.3088285542,4648103.982748294,39.33813174930744
road_321_16,road,321,16,,unused,699608.1007158277,4648076.935875618,39.34611005391239
road_321_17,road,321,17,,unused,699645.1267468509,4648064.55091418,39.3096702986026
road_321_18,road,321,18,,unused,699681.7019179343,4648050.832502992,39.37599411225622
road_321_19,road,321,19,,unused,699717.7054786074,4648035.33261264,39.22384365367319
road_321_20,road,321,20,,unused,699751.2547788875,4648017.208296397,39.36354440441859
road_321_21,road,321,21,,unused,699783.9511595235,4647995.296827855,39.36669981987624
road_321_22,road,321,22,,unused,699814.3224686894,4647970.255020551,39.37468527007099
road_321_23,road,321,23,,unused,699846.267761351,4647947.267205725,39.36582586207864
road_321_24,road,321,24,,unused,699882.1547630689,4647931.36478994,39.37536597572259
road_321_25,road,321,25,,unused,699919.5763923222,4647919.3774399245,39.34755893444409
road_321_26,road,321,26,,unused,699958.7602072838,4647917.812900848,39.37515915660693
road_321_27,road,321,27,,unused,699998.0757954856,4647918.09591491,39.357991257860775
road_321_28,road,321,28,,unused,700035.4369137557,4647928.998053608,39.37080205368781
road_321_29,road,321,29,,unused,700069.7831576654,4647948.225004094,39.35666593891287
road_321_30,road,321,30,,unused,700098.6658041499,4647974.945862223,39.36277893442163
road_321_31,road,321,31,,unused,700130.331254208,4647998.119952817,39.37600782551011
road_321_32,road,321,32,,unused,700166.3259801336,4648012.393825729,39.260685646580654
road_321_33,road,321,33,,unused,700204.7108068285,4648007.265199088,39.37328138353445
road_321_34,road,321,34,,unused,700242.4351473347,4647998.486949661,38.17533283644436
road_321_35,road,321,35,,unused,700237.0550430724,4647968.909372238,39.367347817232826
road_321_36,road,321,36,,unused,700219.743328844,4647933.69480795,39.33416823007546
road_321_37,road,321,37,,unused,700189.4972369716,4647908.521819375,39.37399057032
road_321_38,road,321,38,,unused,700161.830012702,4647880.758097878,39.33673048078813
road_321_39,road,321,39,,unused,700134.1521024297,4647853.141517173,39.33931205353
road_321_40,road,321,40,,unused,700104.2766582392,4647828.079850258,39.31976150144066
road_321_41,road,321,41,,unused,700077.8523820052,4647799.014500836,39.36852334441888
road_321_42,road,321,42,,unused,700050.2053507726,4647771.009629658,39.37303406849844
road_321_43,road,321,43,,unused,700017.7664870658,4647750.338734468,39.279322490866726
road_321_44,road,321,44,,unused,699978.515339294,4647749.546580452,39.37559538413463
road_321_45,road,321,45,,unused,699939.2828811256,4647748.409163799,39.35558990670643
road_321_46,road,321,46,,unused,699900.2644579228,4647743.533132639,39.328545709658776
road_321_47,road,321,47,,unused,699862.1717426394,4647751.465619164,39.367054143080125
road_322_0,road,322,0,,unused,699652.9740907319,4648049.523420204,38.307081308798665
road_322_1,road,322,1,,unused,699615.1814219418,4648043.726599842,38.19646766529431
road_322_2,road,322,2,,unused,699579.8528187408,4648057.314778192,38.29097469059239
road_322_3,road,322,3,,unused,699553.3681727243,4648084.73878034,38.31133222568299
road_322_4,road,322,4,,unused,699524.085507799,4648109.167347997,38.30993891514632
road_322_5,road,322,5,,unused,699498.8858120028,4648136.258900625,38.19427421180818
road_322_6,road,322,6,,unused,699499.1481114004,4648174.180239662,38.29853072332352
road_323_0,road,323,0,,unused,699549.9190939533,4648107.99773487,32.65696565114502
road_323_1,road,323,1,,unused,699553.546205081,4648140.304009676,32.66250682401765
road_324_0,road,324,0,,unused,699561.4251639436,4648559.425226539,38.44099091486392
road_324_1,road,324,1,,unused,699537.4443164932,4648589.228264875,38.447508561494246
road_324_2,road,324,2,,unused,699506.961985204,4648612.422357899,38.46073794384071
road_324_3,road,324,3,,unused,699481.0559057288,4648640.086407823,38.43670841618167
road_324_4,road,324,4,,unused,699460.7227439778,4648672.575927883,38.46051313396479
road_324_5,road,324,5,,unused,699432.6234133075,4648698.422248242,38.46981771820655
road_324_6,road,324,6,,unused,699400.292639209,4648719.102555797,38.45968473123402
road_324_7,road,324,7,,unused,699365.8158531294,4648735.877927092,38.39490420097477
road_324_8,road,324,8,,unused,699329.810845102,4648728.508950009,38.28337243230411
road_325_0,road,325,0,,unused,699344.7370497081,4648644.580475186,39.47195154367531
road_325_1,road,325,1,,unused,699346.6620450185,4648683.084486205,39.60246355438165
road_325_2,road,325,2,,unused,699346.9885677635,4648722.120951337,39.39710387205892
road_326_0,road,326,0,,unused,699390.9119902413,4648630.578740147,34.23915085163621
road_326_1,road,326,1,,unused,699363.21716779,4648650.306344902,34.16436516934117
road_326_2,road,326,2,,unused,699351.076838632,4648681.0638014935,34.24353760990285
road_326_3,road,326,3,,unused,699357.8537902804,4648711.911930608,33.73480209791386
road_326_4,road,326,4,,unused,699390.2611111922,4648710.463621842,34.20157249742195
road_327_0,road,327,0,,unused,699240.0959759654,4648710.172430069,39.63818799023719
road_327_1,road,327,1,,unused,699217.3478782043,4648742.28800604,39.63259798093706
road_327_2,road,327,2,,unused,699187.8860977815,4648768.506015715,39.64495525885213
road_327_3,road,327,3,,unused,699153.1191779771,4648787.243865433,39.6281677149261
road_327_4,road,327,4,,unused,699118.1851743493,4648805.880367544,39.640693816432375
road_327_5,road,327,5,,unused,699082.2671576804,4648822.59229761,39.641998321665525
road_327_6,road,327,6,,unused,699045.2659070409,4648836.074721854,39.61739844872642
road_328_0,road,328,0,,unused,699172.1821593025,4648798.77460443,36.30207918817068
road_328_1,road,328,1,,unused,699205.0674100042,4648811.440109313,36.426582678852895
road_328_2,road,328,2,,unused,699234.7254821274,4648831.42196976,36.412281092175135
road_328_3,road,328,3,,unused,699258.8668436388,4648858.2240909785,36.44562670413109
road_329_0,road,329,0,,unused,699115.0173085376,4648662.932595557,37.16576803664961
road_329_1,road,329,1,,unused,699127.6309597634,4648697.772164215,37.15351042772283
road_329_2,road,329,2,,unused,699143.0016699189,4648731.502757433,37.18359142779597
road_329_3,road,329,3,,unused,699157.2331150335,4648765.713683656,37.17391737860712
road_330_0,road,330,0,,unused,698819.3157208316,4648451.655482885,36.2889893429512
road_330_1,road,330,1,,unused,698817.3766423331,4648487.844925266,36.28706392933822
road_330_2,road,330,2,,unused,698812.6835029776,4648523.824172772,36.28253972293886
road_330_3,road,330,3,,unused,698801.797549672,4648558.369542292,36.238424822632
road_330_4,road,330,4,,unused,698770.382123654,4648575.869038979,36.24641609872817
road_331_0,road,331,0,,unused,698806.9455821681,4648575.072387366,38.30436637431151
road_331_1,road,331,1,,unused,698809.5731860066,4648613.152238625,38.29825078306048
road_331_2,road,331,2,,unused,698802.9172150458,4648650.550281431,38.29547554258622
road_331_3,road,331,3,,unused,698785.1448805039,4648684.390611471,38.30794308704741
road_331_4,road,331,4,,unused,698771.8014915821,4648720.279968903,38.30738982685574
road_331_5,road,331,5,,unused,698754.2040605298,4648753.999443377,38.29735601110739
road_331_6,road,331,6,,unused,698733.9942984927,4648786.050090037,38.21111752154857
road_331_7,road,331,7,,unused,698710.7598874426,4648816.434943366,38.31021050219272
road_331_8,road,331,8,,unused,698682.239281141,4648841.888256989,38.31098712218919
road_331_9,road,331,9,,unused,698651.3228688592,4648862.642582082,38.18819864507076
road_331_10,road,331,10,,unused,698614.3231960618,4648868.8196747145,38.31183755339767
road_331_11,road,331,11,,unused,698576.0786519495,4648867.74930855,38.31481558128256
road_331_12,road,331,12,,unused,698538.0354577311,4648870.307252975,38.30009209767808
road_331_13,road,331,13,,unused,698502.7343267858,4648884.702188267,38.28169584027152
road_331_14,road,331,14,,unused,698471.2741928792,4648904.765334064,38.28352991588343
road_331_15,road,331,15,,unused,698436.0413614616,4648919.757868239,38.31187667665033
road_331_16,road,331,16,,unused,698399.4568567041,4648931.069698217,38.3175969234145
road_331_17,road,331,17,,unused,698362.0664809622,4648939.30982252,38.31521703980842
road_332_0,road,332,0,,unused,698676.907571228,4648885.700616713,27.32134075009405
road_332_1,road,332,1,,unused,698701.709474462,4648897.023086165,27.330574930620244
road_332_2,road,332,2,,unused,698726.5990032025,4648907.936211883,27.298358534191696
road_333_0,road,333,0,,unused,698741.3171017902,4648911.539645352,28.5948042339826
road_333_1,road,333,1,,unused,698767.6309041659,4648922.729614516,28.597953987786735
road_333_2,road,333,2,,unused,698790.0868039184,4648940.018337376,28.58246424254256
road_334_0,road,334,0,,unused,698802.8180203512,4648731.262154938,36.571882665042544
road_334_1,road,334,1,,unused,698805.8777277387,4648767.58674196,36.555121779305054
road_335_0,road,335,0,,unused,699273.81655612,4647276.537815764,38.76372945686671
road_335_1,road,335,1,,unused,699293.0206878739,4647242.972562281,38.76754878258237
road_335_2,road,335,2,,unused,699307.5714558613,4647207.070640496,38.76319054424872
road_335_3,road,335,3,,unused,699317.3413086327,4647169.701360707,38.73356594593269
road_335_4,road,335,4,,unused,699323.8843326843,4647132.373449398,38.61294373938557
road_335_5,road,335,5,,unused,699348.7868540466,4647102.949105243,38.61400035472184
road_335_6,road,335,6,,unused,699356.4656858826,4647065.71151392,38.75471195249195
road_335_7,road,335,7,,unused,699358.4685163031,4647027.020499136,38.75662510113637
road_335_8,road,335,8,,unused,699371.053222783,4646991.191689268,38.73673104477378
road_335_9,road,335,9,,unused,699390.4831826745,4646957.731134146,38.7671707778055
road_335_10,road,335,10,,unused,699408.0695462915,4646924.533264047,36.58839745913366
road_335_11,road,335,11,,unused,699434.6846041132,4646945.746360015,38.74745379047592
road_335_12,road,335,12,,unused,699464.9039906621,4646967.076333294,38.38637976163905
road_335_13,road,335,13,,unused,699485.5367296154,4646965.530311074,37.46638128959921
road_335_14,road,335,14,,unused,699484.9262120597,4647003.570357961,38.70985185566711
road_335_15,road,335,15,,unused,699459.8733060198,4647030.5787061965,38.75769381696336
road_335_16,road,335,16,,unused,699429.2176131622,4647054.06324873,38.60368474401662
road_335_17,road,335,17,,unused,699414.7414354593,4647087.639432991,38.72723544972375
road_335_18,road,335,18,,unused,699412.6827497808,4647126.328617211,38.76088236875892
road_336_0,road,336,0,,unused,699422.5679352519,4647043.956614696,34.71939664464321
road_336_1,road,336,1,,unused,699431.3402591642,4647010.459096144,34.74239876103132
road_336_2,road,336,2,,unused,699449.125551485,4646981.09045425,34.72120381148437
road_337_0,road,337,0,,unused,699477.5297261478,4647034.706829136,34.08155911246111
road_337_1,road,337,1,,unused,699474.7682308689,4647068.663345776,34.07801816669196
road_337_2,road,337,2,,unused,699473.7903918095,4647102.716812937,34.07428084313406
road_337_3,road,337,3,,unused,699464.2417487258,4647135.095015399,33.90418620484425
road_337_4,road,337,4,,unused,699435.4703023755,4647149.768499455,34.068006332970675
road_338_0,road,338,0,,unused,699453.8523469571,4647158.681581532,37.861746255932246
road_338_1,road,338,1,,unused,699442.0321820552,4647194.527759845,37.84653256547009
road_338_2,road,338,2,,unused,699426.8363822735,4647229.173424877,37.82164565259838
road_338_3,road,338,3,,unused,699428.7075035385,4647265.420517276,37.48935658146685
road_338_4,road,338,4,,unused,699459.1823870844,4647280.048767308,37.84662382340932
road_338_5,road,338,5,,unused,699495.4513822341,4647269.270404109,37.85859177560143
road_338_6,road,338,6,,unused,699529.1131888597,4647252.099981183,37.85958128569647
road_338_7,road,338,7,,unused,699560.9683877747,4647231.79219464,37.85022566489627
road_338_8,road,338,8,,unused,699583.0646159713,4647201.244100178,37.84141007573267
road_339_0,road,339,0,,unused,699222.4327612844,4647205.834838767,39.69563290715956
road_339_1,road,339,1,,unused,699229.4150086513,4647244.692014382,39.74008201758223
road_339_2,road,339,2,,unused,699250.5374852685,4647278.340765814,39.78970106102419
road_340_0,road,340,0,,unused,700304.3317430518,4647846.638084841,38.939205885527166
road_340_1,road,340,1,,unused,700328.017382249,4647877.5278417785,38.93103867763244
road_340_2,road,340,2,,unused,700349.6655810473,4647908.753245688,38.81654455928989
road_340_3,road,340,3,,unused,700364.3735429229,4647944.645654899,38.93507491462732
road_340_4,road,340,4,,unused,700384.453105121,4647977.984999154,38.93735061104913
road_340_5,road,340,5,,unused,700406.2798669481,4648010.216530708,38.92593213241369
road_340_6,road,340,6,,unused,700434.5242806778,4648036.618842305,38.91145029379285
road_341_0,road,341,0,,unused,700185.445116199,4647812.111560562,33.84629153388915
road_341_1,road,341,1,,unused,700195.6056636702,4647844.331972418,33.854054830915665
road_341_2,road,341,2,,unused,700201.6609611918,4647877.619745857,33.85345645481642
road_341_3,road,341,3,,unused,700207.956390522,4647910.866457205,33.84338717053141
road_342_0,road,342,0,,unused,699579.0554361235,4648525.134854515,38.67455649426138
road_342_1,road,342,1,,unused,699602.5095130281,4648494.628795639,38.64954369504447
road_342_2,road,342,2,,unused,699616.5316726149,4648458.896982838,38.67721090962325
road_342_3,road,342,3,,unused,699640.0998375448,4648428.906595203,38.66285219765618
road_342_4,road,342,4,,unused,699662.3650892103,4648397.448861366,38.643030580992985
road_342_5,road,342,5,,unused,699690.779556177,4648371.418868954,38.6216016738388
road_342_6,road,342,6,,unused,699694.159450276,4648333.320822815,38.68479060212668
road_342_7,road,342,7,,unused,699704.3696461776,4648296.256840943,38.68154007794315
road_342_8,road,342,8,,unused,699722.8583027635,4648262.3535699295,38.69469513412873
road_342_9,road,342,9,,unused,699746.3256872175,4648232.262269146,38.629405126162965
road_342_10,road,342,10,,unused,699770.7979052593,4648202.531712562,38.66236465303436
road_342_11,road,342,11,,unused,699800.2875677027,4648178.050304037,38.64548082348269
road_342_12,road,342,12,,unused,699837.1643157753,4648168.150061894,38.689339044379246
road_342_13,road,342,13,,unused,699875.8241138848,4648169.085318489,38.68013847404991
road_342_14,road,342,14,,unused,699913.6727376746,4648176.579908543,38.66764541046378
road_342_15,road,342,15,,unused,699951.7982895165,4648182.13487148,38.67723238226084
road_342_16,road,342,16,,unused,699990.1904066991,4648186.789558698,38.69265682574937
road_342_17,road,342,17,,unused,700028.4917327275,4648191.647832369,38.69132187404141
road_342_18,road,342,18,,unused,700065.8770906258,4648201.566311301,38.69231708565195
road_342_19,road,342,19,,unused,700088.8434665442,4648218.910719617,37.57517547153747
road_342_20,road,342,20,,unused,700055.1413290903,4648236.403965178,38.6842121423108
road_342_21,road,342,21,,unused,700018.5979773003,4648249.003624485,38.68874237939957
road_342_22,road,342,22,,unused,699983.6491779457,4648265.159238954,38.66089099015189
road_342_23,road,342,23,,unused,699950.7048938032,4648285.311742411,38.640136087176366
road_342_24,road,342,24,,unused,699924.8431419631,4648313.960058288,38.68703302210937
road_342_25,road,342,25,,unused,699904.4610716772,4648346.768715775,38.65442469793942
road_342_26,road,342,26,,unused,699888.4478430029,4648381.621324552,38.679676343238526
road_342_27,road,342,27,,unused,699885.795721618,4648419.841155535,38.63782550199444
road_342_28,road,342,28,,unused,699898.2625187502,4648456.150966805,38.68327759898179
road_343_0,road,343,0,,unused,699917.3794268067,4648490.317428325,35.15668104582093
road_343_1,road,343,1,,unused,699930.3240644108,4648522.947994763,35.14550710903348
road_343_2,road,343,2,,unused,699939.7984736081,4648556.665236665,35.15919209398716
road_343_3,road,343,3,,unused,699942.8231494714,4648591.590651671,35.16419605733516
road_343_4,road,343,4,,unused,699944.1054126595,4648626.72657916,35.16372714781075
road_343_5,road,343,5,,unused,699947.8049893718,4648661.616734821,35.06757934692446
road_343_6,road,343,6,,unused,699973.7024123461,4648683.578096925,35.13909284883933
road_343_7,road,343,7,,unused,700006.5246966971,4648695.935381509,35.14409107445386
road_344_0,road,344,0,,unused,699931.7709004672,4648763.810171595,37.135992463705975
road_344_1,road,344,1,,unused,699953.3495323538,4648733.653464111,37.13118806159893
road_344_2,road,344,2,,unused,699968.0061249376,4648699.707050027,37.09606088325402
road_345_0,road,345,0,,unused,699927.4090975457,4648635.619807478,38.60153322647562
road_345_1,road,345,1,,unused,699894.8296169332,4648655.231276631,38.51949482220625
road_345_2,road,345,2,,unused,699860.0942943784,4648670.670512248,38.57724602906572
road_345_3,road,345,3,,unused,699825.128391613,4648686.085572542,38.561979264035365
road_345_4,road,345,4,,unused,699787.9110741861,4648695.7655759845,38.55727994577245
road_345_5,road,345,5,,unused,699751.4166814781,4648706.8560764,38.5719533401332
road_345_6,road,345,6,,unused,699713.9202217422,4648702.977406856,38.55426172472113
road_345_7,road,345,7,,unused,699679.1123509653,4648686.463009077,38.60537135654338
road_345_8,road,345,8,,unused,699646.8334401391,4648665.320169086,38.60512606580433
road_345_9,road,345,9,,unused,699614.042542616,4648647.661373844,35.97650792704985
road_345_10,road,345,10,,unused,699626.9639762221,4648633.081744078,38.48835021730584
road_346_0,road,346,0,,unused,700035.786928732,4648622.933040694,32.11086777066402
road_346_1,road,346,1,,unused,700023.8007583072,4648651.911829009,32.06820913753506
road_346_2,road,346,2,,unused,700021.5490080857,4648683.6971574025,32.05998174698444
road_347_0,road,347,0,,unused,699956.5783296849,4648617.002772094,29.83092069982001
road_347_1,road,347,1,,unused,699950.7550812642,4648646.169801089,29.85968647599502
road_348_0,road,348,0,,unused,697968.0927690915,4648539.881376176,38.38435739070921
road_348_1,road,348,1,,unused,697930.3699161424,4648546.943336594,38.379402801836896
road_348_2,road,348,2,,unused,697894.0739575846,4648559.050458103,38.374267341194646
road_349_0,road,349,0,,unused,697824.6034468587,4648600.978227665,30.60976506774548
road_349_1,road,349,1,,unused,697801.7331810354,4648621.310756839,30.608102625213277
road_349_2,road,349,2,,unused,697783.1185006221,4648645.503505716,30.580561779714422
road_349_3,road,349,3,,unused,697769.9286599908,4648672.820919572,30.539185383374317
road_350_0,road,350,0,,unused,697846.6717474659,4648583.715299637,23.18572362351619
road_350_1,road,350,1,,unused,697865.9610729929,4648570.913019054,23.127732266703823
road_351_0,road,351,0,,unused,697865.2700605595,4648583.838872348,39.394199769143206
road_352_0,road,352,0,,unused,697864.6692331753,4648617.674878998,33.14842231734002
road_352_1,road,352,1,,unused,697874.2009900702,4648649.36633263,33.153458795402464
road_352_2,road,352,2,,unused,697884.8972590821,4648680.645169018,33.07142991555086
road_352_3,road,352,3,,unused,697879.1508391215,4648713.022155406,33.15323761442156
road_353_0,road,353,0,,unused,697836.8105793349,4648590.823690539,1.1735906670748584
road_354_0,road,354,0,,unused,697985.693439305,4648336.172053279,28.557696860412328
road_354_1,road,354,1,,unused,698006.1192407986,4648316.63197088,28.50770915430377
road_354_2,road,354,2,,unused,698028.9625440595,4648299.727735776,28.470726730697105
road_355_0,road,355,0,,unused,698070.613171431,4648278.804560046,32.65466519180878
road_356_0,road,356,0,,unused,698139.4627832662,4648258.918589244,34.33818528357954
road_356_1,road,356,1,,unused,698171.5884292321,4648270.94295629,34.312298098051855
road_356_2,road,356,2,,unused,698195.6987573414,4648294.884553271,34.36331437144049
road_356_3,road,356,3,,unused,698213.9502318997,4648323.874137831,34.33981678436449
road_356_4,road,356,4,,unused,698215.8414929883,4648357.418151899,34.35819104779723
road_357_0,road,357,0,,unused,698346.8626113568,4648279.564807668,39.27784979513275
road_357_1,road,357,1,,unused,698354.5423357078,4648317.530838842,39.37721567959135
road_357_2,road,357,2,,unused,698351.8280196649,4648356.563121721,39.35896028785516
road_357_3,road,357,3,,unused,698347.9251184001,4648394.885588838,39.330389584059645
road_358_0,road,358,0,,unused,698368.319296911,4648336.273263168,28.80549745435556
road_358_1,road,358,1,,unused,698395.5291554007,4648340.768342305,28.84287161990548
road_358_2,road,358,2,,unused,698418.0052149222,4648358.813709733,28.833086944763835
road_359_0,road,359,0,,unused,698418.4320223106,4648295.130309361,30.24216933769536
road_359_1,road,359,1,,unused,698425.2146826123,4648324.470509986,30.22180786514088
road_359_2,road,359,2,,unused,698428.5191498664,4648354.415357704,30.23955103591579
road_360_0,road,360,0,,unused,698576.2373849936,4648568.797711444,36.03703202345842
road_360_1,road,360,1,,unused,698596.3995440073,4648598.636560894,36.05723079726863
road_360_2,road,360,2,,unused,698615.0094924298,4648629.504246552,36.060773662551945
road_361_0,road,361,0,,unused,699713.0718583066,4648451.968922295,37.7152269705646
road_361_1,road,361,1,,unused,699728.7495964807,4648485.826812204,37.72266236120201
road_361_2,road,361,2,,unused,699745.6370071719,4648519.178667956,37.75684834269328
road_361_3,road,361,3,,unused,699755.3612041639,4648555.540515827,37.74837267176076
road_361_4,road,361,4,,unused,699758.4558946361,4648592.546542622,37.72167722555288
road_361_5,road,361,5,,unused,699747.8676428633,4648628.560055824,37.74115790260214
road_361_6,road,361,6,,unused,699724.3020660847,4648657.599683628,37.72294938056795
road_362_0,road,362,0,,unused,699812.3356964501,4648553.231524327,36.206094297075694
road_362_1,road,362,1,,unused,699805.0710310609,4648588.590477054,36.13812666244042
road_362_2,road,362,2,,unused,699781.8999529679,4648614.458401553,36.21493851525033
road_362_3,road,362,3,,unused,699751.7980924259,4648634.483408839,36.20527282478065
road_363_0,road,363,0,,unused,699777.7061280502,4648441.0978770405,30.86995792974369
road_363_1,road,363,1,,unused,699790.6861398066,4648469.09886985,30.87115133651783
road_363_2,road,363,2,,unused,699803.0947764469,4648497.355931641,30.870774795477
road_363_3,road,363,3,,unused,699818.8277643801,4648523.405335401,30.20239669077952
road_364_0,road,364,0,,unused,699832.8535797307,4648547.141147756,36.12182325899877
road_364_1,road,364,1,,unused,699845.811244034,4648579.852080074,36.13447503640159
road_364_2,road,364,2,,unused,699833.5836105632,4648612.781411008,36.14403236648835
road_364_3,road,364,3,,unused,699809.1529419539,4648639.101259456,36.13615007896479
road_364_4,road,364,4,,unused,699789.9955751793,4648669.553316986,36.14077817782885
road_364_5,road,364,5,,unused,699762.0649076374,4648692.371130254,36.15714175093748
road_365_0,road,365,0,,unused,699620.6192988914,4648167.901788363,37.06867862869892
road_365_1,road,365,1,,unused,699611.1642380548,4648203.503609087,37.08814354689379
road_365_2,road,365,2,,unused,699618.716223473,4648239.251748628,37.092974341967775
road_365_3,road,365,3,,unused,699632.6122454538,4648273.558271073,37.09307078434653
road_365_4,road,365,4,,unused,699638.7889339562,4648310.134567222,37.108231664458415
road_366_0,road,366,0,,unused,699643.5152973282,4648141.347857055,33.583229876560026
road_366_1,road,366,1,,unused,699671.1705122611,4648122.490192161,33.58618895586801
road_366_2,road,366,2,,unused,699695.9705611119,4648100.298628067,33.571979846782135
road_366_3,road,366,3,,unused,699726.1470162758,4648085.85709682,33.566734395366666
road_366_4,road,366,4,,unused,699754.1294602145,4648067.637569118,33.60753141395393
road_366_5,road,366,5,,unused,699779.6989512186,4648045.862502846,33.598864538910945
road_367_0,road,367,0,,unused,699616.9420920843,4648211.967030022,22.352114650847845
road_368_0,road,368,0,,unused,699631.058166261,4648185.690985397,37.38490876624839
road_368_1,road,368,1,,unused,699649.7985833758,4648153.58079779,37.35533645594443
road_369_0,road,369,0,,unused,699736.8866411366,4648123.07710858,38.96796180943998
road_369_1,road,369,1,,unused,699763.8185488615,4648095.084194221,38.725931424252856
road_369_2,road,369,2,,unused,699768.6339271736,4648066.6423975695,37.98020743414919
road_370_0,road,370,0,,unused,699682.808306655,4648159.69662064,31.441856361536075
road_370_1,road,370,1,,unused,699710.8988991184,4648146.185989104,31.4961239668306
road_371_0,road,371,0,,unused,699965.6569496376,4648287.726633846,36.53806006434166
road_371_1,road,371,1,,unused,700002.1098335743,4648288.328794506,36.53014301416248
road_371_2,road,371,2,,unused,700038.4920895644,4648289.839222501,36.51729951479949
road_371_3,road,371,3,,unused,700073.0116863517,4648301.685848222,36.52984139136227
road_371_4,road,371,4,,unused,700107.5667147526,4648313.500139221,36.53669556312244
road_372_0,road,372,0,,unused,700053.0113343645,4648285.384651543,37.269500714600106
road_372_1,road,372,1,,unused,700088.8868921645,4648275.935551569,37.25070943014793
road_372_2,road,372,2,,unused,700124.0352276178,4648284.558720533,37.2531284847208
road_373_0,road,373,0,,unused,700137.5879597564,4648275.917661049,23.44019626588482
road_373_1,road,373,1,,unused,700114.6602891607,4648273.62611762,23.52661554016332
road_374_0,road,374,0,,unused,699824.5553399929,4648344.019093877,39.65181170009602
road_374_1,road,374,1,,unused,699855.5884649289,4648320.032335805,39.599663354555474
road_374_2,road,374,2,,unused,699886.9767370241,4648297.222166641,39.649825367406535
road_374_3,road,374,3,,unused,699923.3529440254,4648287.079926014,39.30158917136305
road_375_0,road,375,0,,unused,699823.0081951419,4648292.811695925,38.45605130451137
road_375_1,road,375,1,,unused,699860.1084656923,4648283.647799929,38.39537768364582
road_375_2,road,375,2,,unused,699898.3963788035,4648282.305203769,38.45550613518104
road_376_0,road,376,0,,unused,699787.3824862989,4648304.270405752,36.48095280298114
road_376_1,road,376,1,,unused,699754.3907077524,4648319.715830833,36.460496525982485
road_376_2,road,376,2,,unused,699723.0887332471,4648338.23088665,36.4799067923256
road_377_0,road,377,0,,unused,697888.7175034472,4648719.671162751,30.775364726684227
road_377_1,road,377,1,,unused,697913.4534890584,4648701.445912413,30.77640225435565
road_377_2,road,377,2,,unused,697940.6168223415,4648687.074111696,30.7844303163997
road_377_3,road,377,3,,unused,697968.3287682831,4648673.833675416,30.76789127933208
road_378_0,road,378,0,,unused,697923.4183048779,4648712.080861239,35.9188412366648
road_378_1,road,378,1,,unused,697909.3841280161,4648745.070268365,35.960182471345504
road_378_2,road,378,2,,unused,697895.5168667786,4648778.101347268,35.97905226260857
road_378_3,road,378,3,,unused,697871.3640638877,4648800.283010446,35.493198310422834
road_378_4,road,378,4,,unused,697850.3148545097,4648775.27198504,35.16548794442141
road_378_5,road,378,5,,unused,697870.0520594788,4648746.088997044,35.97777625743102
road_379_0,road,379,0,,unused,697982.0325465468,4648645.8266523145,39.37409681398856
road_379_1,road,379,1,,unused,697984.6314936136,4648606.609901048,39.38108604600934
road_379_2,road,379,2,,unused,697988.8277106979,4648567.4620423205,39.36314660913436
road_379_3,road,379,3,,unused,697988.1868175684,4648528.404463079,39.33894189218945
road_379_4,road,379,4,,unused,697995.4950513588,4648489.822837167,39.2996733082787
road_379_5,road,379,5,,unused,698020.4444757209,4648461.120094386,39.25644737691875
road_379_6,road,379,6,,unused,698059.4646322136,4648456.964861336,39.36477860255069
road_379_7,road,379,7,,unused,698098.4299268193,4648461.365003004,39.36520242013517
road_379_8,road,379,8,,unused,698136.6692061279,4648470.685963507,39.3525919273144
road_379_9,road,379,9,,unused,698167.2226097019,4648494.773160225,39.38082458700784
road_379_10,road,379,10,,unused,698198.7322187399,4648518.369667376,39.37931738324399
road_379_11,road,379,11,,unused,698231.8551984589,4648539.639207299,39.37311880047648
road_379_12,road,379,12,,unused,698266.8746098957,4648557.2699683765,39.2162763446494
road_379_13,road,379,13,,unused,698304.9297022525,4648556.519974967,39.37853253410719
road_379_14,road,379,14,,unused,698343.3078356584,4648548.917295381,39.34085159220245
road_379_15,road,379,15,,unused,698378.740614193,4648532.47926878,39.311135589563705
road_379_16,road,379,16,,unused,698408.2789050383,4648506.49301568,39.38072245980616
road_379_17,road,379,17,,unused,698437.7789894211,4648480.419328281,39.38054545317814
road_379_18,road,379,18,,unused,698468.3658017244,4648455.792577222,39.17736460229476
road_379_19,road,379,19,,unused,698507.2458320956,4648452.587770223,39.37023405126352
road_379_20,road,379,20,,unused,698546.4545017818,4648456.015774789,39.37966563474255
road_379_21,road,379,21,,unused,698585.4572013477,4648461.32030086,39.37516892753275
road_379_22,road,379,22,,unused,698622.9232820967,4648473.021775299,39.369820714556575
road_379_23,road,379,23,,unused,698658.0653926786,4648490.457160098,39.144439755007824
road_379_24,road,379,24,,unused,698694.5941960562,4648482.775014168,39.32423833874194
road_379_25,road,379,25,,unused,698729.0958995961,4648463.8633742295,39.37122993705131
road_379_26,road,379,26,,unused,698761.8216567972,4648442.431266161,39.32463870590732
road_379_27,road,379,27,,unused,698799.6155764266,4648432.003744255,39.35988417439893
road_380_0,road,380,0,,unused,698125.9238960983,4648560.144474377,32.47275018845954
road_380_1,road,380,1,,unused,698114.0465462775,4648590.366743336,32.4726310169434
road_380_2,road,380,2,,unused,698102.7347822053,4648620.793595747,32.46062523623472
road_380_3,road,380,3,,unused,698097.7583784864,4648652.843090904,32.47279617621801
road_381_0,road,381,0,,unused,697912.3908073016,4648798.324420492,37.57924750199301
road_381_1,road,381,1,,unused,697941.707458197,4648775.3009326905,37.59516610519265
road_381_2,road,381,2,,unused,697973.5313348693,4648755.896948789,36.99462089194613
road_381_3,road,381,3,,unused,697981.7777021262,4648723.988194374,37.595149841006354
road_381_4,road,381,4,,unused,697981.4086642793,4648686.459920895,37.59397393474821
road_382_0,road,382,0,,unused,697982.5810039822,4648666.592172425,2.2384861324870244
road_383_0,road,383,0,,unused,697741.6088981215,4648690.751391316,39.39732823269176
road_383_1,road,383,1,,unused,697735.725151176,4648704.845798162,36.265280542778406
road_383_2,road,383,2,,unused,697766.4593827734,4648726.765209992,39.393587024940246
road_383_3,road,383,3,,unused,697800.9881117004,4648740.546151425,38.99840906417101
road_383_4,road,383,4,,unused,697839.6626041144,4648744.090568051,39.406814455523104
road_384_0,road,384,0,,unused,697864.1389764337,4648747.475572357,10.011887681052352
road_385_0,road,385,0,,unused,697835.559328635,4648788.363116237,33.67179081188453
road_385_1,road,385,1,,unused,697809.6504996823,4648809.831112755,33.64790617235416
road_385_2,road,385,2,,unused,697783.7882662395,4648831.199657165,33.65679830051313
road_385_3,road,385,3,,unused,697755.9502794765,4648849.675242219,33.65147544871503
road_385_4,road,385,4,,unused,697736.4386784363,4648876.968241875,33.654429988884466
road_386_0,road,386,0,,unused,697882.345588366,4648932.5474630585,36.05291635364139
road_386_1,road,386,1,,unused,697916.5841349976,4648921.521776971,36.04866233517723
road_386_2,road,386,2,,unused,697952.3911260578,4648917.96967543,36.04758843842798
road_386_3,road,386,3,,unused,697957.2841788796,4648931.227102421,35.66029441404935
road_386_4,road,386,4,,unused,697930.8981812542,4648955.242222432,35.88579697920254
road_386_5,road,386,5,,unused,697897.7615930365,4648964.274070092,36.03692585635014
road_386_6,road,386,6,,unused,697862.0338525292,4648959.864007673,36.04317106676974
road_386_7,road,386,7,,unused,697829.9931686029,4648971.66987299,35.853888715733824
road_386_8,road,386,8,,unused,697796.63696718,4648980.198582708,35.973645945602016
road_386_9,road,386,9,,unused,697761.2332326054,4648974.970772522,35.94648693957886
road_387_0,road,387,0,,unused,697977.95942688,4648903.642412562,34.34401702695336
road_387_1,road,387,1,,unused,697983.0006713031,4648869.709028571,34.37948906665229
road_387_2,road,387,2,,unused,697989.0675446389,4648835.970344839,34.37330127394547
road_387_3,road,387,3,,unused,697990.312948601,4648801.67429923,34.40056552246135
road_387_4,road,387,4,,unused,697987.789753445,4648767.384380859,34.382866768776104
road_388_0,road,388,0,,unused,698220.5648477401,4648842.331265502,38.63144894163206
road_388_1,road,388,1,,unused,698246.8786547094,4648870.60554246,38.62055152789624
road_388_2,road,388,2,,unused,698271.153965659,4648898.384508537,38.15372524843659
road_388_3,road,388,3,,unused,698259.8065806612,4648933.873048201,37.68851661985245
road_388_4,road,388,4,,unused,698222.9499416143,4648928.469803576,38.618488519982456
road_388_5,road,388,5,,unused,698185.7006455613,4648918.758319404,38.562643140451335
road_388_6,road,388,6,,unused,698148.4900469745,4648927.265413594,38.631406219728
road_388_7,road,388,7,,unused,698111.6847125593,4648939.002606269,38.631665242506735
road_388_8,road,388,8,,unused,698074.8512718573,4648950.629829821,38.62612292637608
road_388_9,road,388,9,,unused,698038.3567898087,4648962.150741748,38.466009601995694
road_388_10,road,388,10,,unused,698003.0400269299,4648955.459201499,38.34466484215875
road_388_11,road,388,11,,unused,697986.2738286845,4648921.0538540175,38.631351677535065
road_389_0,road,389,0,,unused,698131.3351674335,4648716.535678735,39.08000022493514
road_389_1,road,389,1,,unused,698157.7376128095,4648745.071077782,39.15875972286106
road_389_2,road,389,2,,unused,698175.7216553737,4648779.724420493,39.19226509798
road_389_3,road,389,3,,unused,698193.7351672412,4648814.179792374,39.14614571957769
road_390_0,road,390,0,,unused,698141.2346088522,4648688.301469496,39.509760894860754
road_390_1,road,390,1,,unused,698178.1772829645,4648674.975283257,39.54030414672485
road_390_2,road,390,2,,unused,698216.9308233425,4648667.182881372,39.53802913820135
road_390_3,road,390,3,,unused,698251.7880811278,4648674.060972987,39.23900162268714
road_390_4,road,390,4,,unused,698281.7550270702,4648699.361120188,39.515317999635016
road_390_5,road,390,5,,unused,698317.4422097664,4648716.13853304,39.53987480337506
road_390_6,road,390,6,,unused,698354.4746238393,4648729.995489254,39.54038010857687
road_390_7,road,390,7,,unused,698391.5923999357,4648743.489688881,39.50736256373371
road_390_8,road,390,8,,unused,698430.7487528499,4648748.848824621,39.540357996165376
road_390_9,road,390,9,,unused,698469.7561288389,4648755.271449244,39.52752335117135
road_391_0,road,391,0,,unused,698324.6148430008,4648435.604422204,37.1462839963682
road_391_1,road,391,1,,unused,698359.768175934,4648447.58973717,37.14572731907179
road_391_2,road,391,2,,unused,698395.3234316511,4648458.330243622,37.14567465545801
road_391_3,road,391,3,,unused,698431.4049844509,4648467.015269459,37.14400562231984
road_392_0,road,392,0,,unused,698290.3293066095,4648422.04478892,36.63756269458585
road_392_1,road,392,1,,unused,698255.0259782712,4648415.326277525,36.33384217677395
road_392_2,road,392,2,,unused,698225.0696837037,4648434.868399401,36.58801998643174
road_392_3,road,392,3,,unused,698190.2547489639,4648446.181408004,36.64447384358476
road_392_4,road,392,4,,unused,698158.8901774548,4648463.134878644,36.533324951421726
road_393_0,road,393,0,,unused,698639.102393596,4648651.486528813,33.71631378092672
road_393_1,road,393,1,,unused,698671.6137301432,4648660.320528611,33.71990281929562
road_393_2,road,393,2,,unused,698704.8065753554,4648666.22600672,33.709968667912875
road_393_3,road,393,3,,unused,698738.2569771385,4648668.890079026,33.67303708825365
road_393_4,road,393,4,,unused,698769.669925467,4648657.854743135,33.71077611078518
road_393_5,road,393,5,,unused,698795.5897740311,4648636.339935685,33.722085560783505
road_394_0,road,394,0,,unused,698748.9116073083,4648678.711713697,35.93488864647893
road_394_1,road,394,1,,unused,698725.416455383,4648705.549087575,35.972920272326945
road_394_2,road,394,2,,unused,698700.2504381598,4648730.889687469,35.7300344034225
road_394_3,road,394,3,,unused,698668.4217719312,4648744.374234935,35.95646504382414
road_394_4,road,394,4,,unused,698632.6221944907,4648747.082296396,35.97049893415868
road_394_5,road,394,5,,unused,698596.7321626006,4648745.260120328,35.91874449907026
road_394_6,road,394,6,,unused,698563.8114797632,4648733.138413067,35.91985766431095
road_394_7,road,394,7,,unused,698540.7027011559,4648705.616168741,35.97292726810833
road_394_8,road,394,8,,unused,698518.3092357132,4648677.527362149,35.96003240632841
road_395_0,road,395,0,,unused,698776.3289885512,4648729.17997803,36.128390773280415
road_396_0,road,396,0,,unused,698803.3437459513,4648705.919399738,36.93371080160902
road_396_1,road,396,1,,unused,698833.4106938541,4648685.281475036,36.90478528033342
road_396_2,road,396,2,,unused,698867.8385433817,4648673.225494299,36.851585765928064
road_396_3,road,396,3,,unused,698897.3695259696,4648691.924125345,36.88380530932597
road_396_4,road,396,4,,unused,698917.9999485245,4648722.5199821545,36.932490902708274
road_396_5,road,396,5,,unused,698939.0152693519,4648752.705274705,36.83704287045021
road_396_6,road,396,6,,unused,698973.9719855036,4648760.960832664,36.92602699440757
road_396_7,road,396,7,,unused,699010.7882638971,4648762.743548659,36.93402504151829
road_396_8,road,396,8,,unused,699047.0625970542,4648769.305599091,36.93000067936756
road_396_9,road,396,9,,unused,699083.4416575155,4648774.581496855,36.92081788481398
road_396_10,road,396,10,,unused,699117.2190133237,4648789.33956711,36.93583369783219
road_397_0,road,397,0,,unused,698835.8141048015,4648423.591108777,38.64003359078266
road_397_1,road,397,1,,unused,698868.0018643475,4648402.480069868,38.41309186994521
road_397_2,road,397,2,,unused,698879.3346930644,4648366.251223486,38.62370459755613
road_397_3,road,397,3,,unused,698888.4019008648,4648328.786779895,38.62897144239841
road_397_4,road,397,4,,unused,698901.4551485633,4648292.68905398,38.588659137044594
road_397_5,road,397,5,,unused,698900.6338887764,4648254.309552757,38.63829802132309
road_397_6,road,397,6,,unused,698904.2359347214,4648215.877447546,38.58750163162863
road_397_7,road,397,7,,unused,698927.5409462376,4648188.307837228,38.39128657591294
road_397_8,road,397,8,,unused,698965.8492499997,4648192.237133984,38.64002941818927
road_397_9,road,397,9,,unused,699004.276546024,4648196.28504869,38.63980524464225
road_397_10,road,397,10,,unused,699042.8681479428,4648198.2023976445,38.63859964755021
road_397_11,road,397,11,,unused,699081.4939392718,4648198.82817561,38.64003359084706
road_397_12,road,397,12,,unused,699120.1275989355,4648199.099848303,38.63939724392428
road_397_13,road,397,13,,unused,699158.7080352589,4648201.238945249,38.63998688008368
road_397_14,road,397,14,,unused,699197.2985422015,4648203.187534758,38.64003359086669
road_397_15,road,397,15,,unused,699235.8969608627,4648204.980257994,38.64002282077958
road_397_16,road,397,16,,unused,699274.5217349047,4648206.065891433,38.64003359085348
road_398_0,road,398,0,,unused,699304.190725913,4648197.589494445,31.64844380162172
road_398_1,road,398,1,,unused,699309.2829222798,4648166.138816959,32.45883924396046
road_398_2,road,398,2,,unused,699311.4492685585,4648133.78464491,32.46402632299256
road_399_0,road,399,0,,unused,699109.3695707541,4647972.495833311,39.01575959761874
road_399_1,road,399,1,,unused,699122.1984111223,4648009.617518628,39.597370744844426
road_399_2,road,399,2,,unused,699133.1497889087,4648047.517085568,39.41734293685237
road_399_3,road,399,3,,unused,699120.6277487044,4648083.084494862,39.5111101876447
road_399_4,road,399,4,,unused,699091.2503592214,4648108.496203247,39.56564807922402
road_399_5,road,399,5,,unused,699051.9519097633,4648108.858100716,39.35243808724675
road_399_6,road,399,6,,unused,699014.5303428273,4648114.971837179,39.60235620640523
road_399_7,road,399,7,,unused,698978.6012843543,4648131.628082324,39.602391991094265
road_399_8,road,399,8,,unused,698943.6132939598,4648149.9950498855,39.52281160991927
road_399_9,road,399,9,,unused,698915.3752083268,4648176.606436289,39.448078152196224
road_400_0,road,400,0,,unused,698993.05862608,4647725.572771738,37.24897415116958
road_400_1,road,400,1,,unused,699019.3517749388,4647751.957496211,37.24897219402365
road_400_2,road,400,2,,unused,699045.2600442349,4647778.689813495,37.24300300100697
road_400_3,road,400,3,,unused,699068.0583648857,4647808.138836562,37.24211991808864
road_400_4,road,400,4,,unused,699085.6789761838,4647840.764096983,37.24897415188576
road_400_5,road,400,5,,unused,699102.713139933,4647873.841368247,37.24796459110792
road_400_6,road,400,6,,unused,699117.023159685,4647906.768368907,36.93705733820271
road_400_7,road,400,7,,unused,699109.5360037028,4647943.097513897,37.248933878190165
road_401_0,road,401,0,,unused,699368.9004130573,4647996.859376058,38.81850348434993
road_401_1,road,401,1,,unused,699406.2696939909,4647986.874091846,38.83805087961566
road_401_2,road,401,2,,unused,699445.0094934286,4647988.254460765,38.859677503053625
road_401_3,road,401,3,,unused,699483.6283684709,4647988.694974953,38.78743717644793
road_401_4,road,401,4,,unused,699521.6361341759,4647983.434992661,38.84228903682291
road_401_5,road,401,5,,unused,699560.1113965432,4647988.347857123,38.84373607047484
road_401_6,road,401,6,,unused,699598.9048652312,4647986.9433731735,38.823350124389805
road_401_7,road,401,7,,unused,699636.5932714273,4647979.319171263,38.86422265611358
road_401_8,road,401,8,,unused,699673.3230442953,4647966.845946532,38.85324652654563
road_401_9,road,401,9,,unused,699711.8440192711,4647962.313103498,38.85462786653876
road_401_10,road,401,10,,unused,699750.6474689523,4647960.451447402,38.84167442278388
road_401_11,road,401,11,,unused,699788.276392579,4647950.988454301,38.86052611696096
road_401_12,road,401,12,,unused,699825.1059387281,4647938.584640635,38.863860352217
road_401_13,road,401,13,,unused,699862.0989567843,4647928.646317119,38.75027700608862
road_402_0,road,402,0,,unused,699765.6936840573,4648023.410189425,39.05686624650723
road_402_1,road,402,1,,unused,699804.6060737552,4648026.756482711,39.0551494939532
road_402_2,road,402,2,,unused,699843.5891221756,4648028.893977547,39.05686624656524
road_402_3,road,402,3,,unused,699882.6305085688,4648029.993499942,39.05686624668161
road_402_4,road,402,4,,unused,699921.6718949621,4648031.093022336,39.05686624659146
road_402_5,road,402,5,,unused,699960.7133450013,4648032.190196926,39.05686242790161
road_402_6,road,402,6,,unused,699999.7585618059,4648033.143977058,39.05686624657595
road_402_7,road,402,7,,unused,700038.8037805193,4648034.097757237,39.05686624657595
road_402_8,road,402,8,,unused,700077.8489992326,4648035.051537416,39.05686624657595
road_402_9,road,402,9,,unused,700116.7930308466,4648037.225100611,39.05366857192451
road_402_10,road,402,10,,unused,700155.4425721399,4648042.818224843,39.050622753500384
road_402_11,road,402,11,,unused,700194.4443820618,4648044.623492606,39.05686624667856
road_402_12,road,402,12,,unused,700233.4739007055,4648046.08479042,39.05686610493568
road_402_13,road,402,13,,unused,700272.5038303158,4648047.535097313,39.05686624659572
road_402_14,road,402,14,,unused,700311.5337599969,4648048.985404209,39.05686624659572
road_402_15,road,402,15,,unused,700350.5711937741,4648050.0650058575,39.05643979977231
road_402_16,road,402,16,,unused,700389.6277532846,4648050.15047264,39.05686624658392
road_402_17,road,402,17,,unused,700428.6845260181,4648050.235939889,39.05686624658392
road_403_0,road,403,0,,unused,700465.5981095189,4648051.593760771,34.86973093571669
road_403_1,road,403,1,,unused,700497.9864932426,4648061.593941097,34.74517848042951
road_403_2,road,403,2,,unused,700526.7908426179,4648081.085446476,34.86854217874868
road_403_3,road,403,3,,unused,700554.5395500888,4648102.200299927,34.86890264256473
road_403_4,road,403,4,,unused,700583.3544528958,4648121.829540954,34.869730935748535
road_403_5,road,403,5,,unused,700612.0382242039,4648141.631562102,34.86465266175961
road_403_6,road,403,6,,unused,700638.8928129149,4648163.870090135,34.86973093591249
road_404_0,road,404,0,,unused,699824.3324137969,4647761.766035473,39.966450308487225
road_404_1,road,404,1,,unused,699785.5098670982,4647770.957169186,39.96728867071479
road_404_2,road,404,2,,unused,699746.248995165,4647778.090943961,39.94884295120371
road_404_3,road,404,3,,unused,699706.6553060202,4647780.656347144,39.969698687575686
road_404_4,road,404,4,,unused,699666.7940626553,4647782.622156518,39.965826971555884
road_404_5,road,404,5,,unused,699626.8456481326,4647781.641293945,39.97390489921237
road_404_6,road,404,6,,unused,699586.8984696079,4647780.389402562,39.97279580546186
road_404_7,road,404,7,,unused,699546.9984030983,4647778.223770324,39.97454120364149
road_404_8,road,404,8,,unused,699507.262816377,4647774.765251743,39.87769504558223
road_404_9,road,404,9,,unused,699467.8896473588,4647778.730481272,39.94466616958444
road_404_10,road,404,10,,unused,699428.9120233327,4647772.3252602285,39.90887981214257
road_404_11,road,404,11,,unused,699389.0452315081,4647773.92724403,39.97454120354608
road_404_12,road,404,12,,unused,699349.1502907802,4647776.273656747,39.97300079990076
road_404_13,road,404,13,,unused,699309.1879608892,4647777.197641225,39.97317632184184
road_404_14,road,404,14,,unused,699269.2297953281,4647776.58915552,39.97103727117704
road_404_15,road,404,15,,unused,699229.6591856458,4647771.8246387215,39.96616574363976
road_405_0,road,405,0,,unused,700046.8808269773,4647750.914678943,24.791062834367747
road_405_1,road,405,1,,unused,700071.5865335619,4647748.859232859,24.791062834251733
road_406_0,road,406,0,,unused,700030.6311608122,4647752.515775425,7.87753963276342
road_407_0,road,407,0,,unused,700100.5522371433,4647749.429793265,33.37911351175326
road_407_1,road,407,1,,unused,700133.6892921069,4647753.233671217,33.3395274846156
road_407_2,road,407,2,,unused,700166.4297260463,4647750.921196204,32.76688177286519
road_407_3,road,407,3,,unused,700176.1785296942,4647779.8751834575,33.37954635531106
road_408_0,road,408,0,,unused,700319.6315152806,4647889.99833327,33.4487785111748
road_408_1,road,408,1,,unused,700286.5879861346,4647894.631899625,33.45550415901074
road_408_2,road,408,2,,unused,700254.9976155559,4647903.166451143,33.41758218741398
road_408_3,road,408,3,,unused,700231.3481821446,4647926.18097423,33.40338109523574
road_409_0,road,409,0,,unused,700022.2578655053,4647897.145195792,39.89486216336872
road_409_1,road,409,1,,unused,700047.1921095363,4647928.241239793,39.892299938999976
road_410_0,road,410,0,,unused,700080.7712886932,4647849.006850511,33.86059869010337
road_410_1,road,410,1,,unused,700114.6242799315,4647849.655172402,33.8605632899365
road_411_0,road,411,0,,unused,700045.9125553044,4647842.795024402,37.65939798036771
road_411_1,road,411,1,,unused,700009.3582411981,4647833.776610982,37.65049592206531
road_411_2,road,411,2,,unused,699972.2318250921,4647828.825741812,37.53360382852908
road_411_3,road,411,3,,unused,699936.0445636337,4647834.204372538,37.61213286559002
road_411_4,road,411,4,,unused,699898.8162155842,4647831.506121981,37.62989389884894
road_411_5,road,411,5,,unused,699861.678866692,4647830.76887685,37.61870093426027
road_411_6,road,411,6,,unused,699824.8797313826,4647838.0079415655,37.63068627448506
road_411_7,road,411,7,,unused,699790.6856867527,4647853.635564013,37.61413668197405
road_411_8,road,411,8,,unused,699761.7263200249,4647877.240218158,37.653897418360245
road_412_0,road,412,0,,unused,699998.5462400655,4647867.541144383,29.449644689443534
road_412_1,road,412,1,,unused,699975.6863584379,4647849.490791546,29.452790785877436
road_412_2,road,412,2,,unused,699948.6158728865,4647838.028089506,29.45204046156104
road_413_0,road,413,0,,unused,700009.1471275536,4647880.0093010105,3.303394067336788
road_414_0,road,414,0,,unused,699833.8081284098,4647908.32051711,34.959710818360165
road_414_1,road,414,1,,unused,699859.9748632117,4647885.313057276,34.9968292767844
road_414_2,road,414,2,,unused,699891.6263455023,4647875.771788259,35.05219095693442
road_414_3,road,414,3,,unused,699926.6470708124,4647874.424831014,35.05281268069001
road_414_4,road,414,4,,unused,699961.3844089251,4647877.499332947,35.026785714561775
road_414_5,road,414,5,,unused,699995.7746109226,4647884.003932824,35.04773031076797
road_415_0,road,415,0,,unused,699877.5389259673,4647866.261639278,25.75220427595697
road_415_1,road,415,1,,unused,699884.1067672078,4647841.786520979,25.763854486589143
road_416_0,road,416,0,,unused,699790.3382891341,4647780.158365852,36.12265931490623
road_416_1,road,416,1,,unused,699824.2567563155,4647792.31672408,35.9808281115342
road_416_2,road,416,2,,unused,699848.96407148,4647815.895322316,36.12729526830638
road_417_0,road,417,0,,unused,699906.0689145101,4647776.572586835,30.181178394813053
road_417_1,road,417,1,,unused,699931.2516278501,4647760.107110365,30.141410615492983
road_418_0,road,418,0,,unused,699726.2705106577,4647887.959226533,38.08462459112001
road_418_1,road,418,1,,unused,699689.3282193459,4647888.153704377,37.95679516425773
road_418_2,road,418,2,,unused,699652.7920394482,4647878.836532426,38.02287075422905
road_418_3,road,418,3,,unused,699614.8621727863,4647881.225905305,38.07758888573681
road_418_4,road,418,4,,unused,699576.9649833842,4647880.2008398,38.077763575685736
road_418_5,road,418,5,,unused,699539.0061693682,4647882.308686597,38.08507798964957
road_418_6,road,418,6,,unused,699501.229810706,4647886.861041909,38.08857363145232
road_418_7,road,418,7,,unused,699463.6034121066,4647892.720075106,38.07152924028467
road_418_8,road,418,8,,unused,699425.7729870167,4647890.04509393,38.08247259207266
road_418_9,road,418,9,,unused,699388.1468831674,4647885.030055623,37.88671224169158
road_418_10,road,418,10,,unused,699353.6961224374,4647898.278719986,37.92629939962036
road_418_11,road,418,11,,unused,699316.0664430028,4647893.84457738,38.0846484284247
road_418_12,road,418,12,,unused,699278.1961629929,4647890.145195791,38.08857363144931
road_418_13,road,418,13,,unused,699240.1643021038,4647888.07029944,38.088263728863325
road_418_14,road,418,14,,unused,699202.2087197349,4647884.917294656,38.0873882453806
road_418_15,road,418,15,,unused,699164.1816229597,4647882.977856965,38.08857363159324
road_418_16,road,418,16,,unused,699126.112720434,4647881.753887289,38.08857363144695
road_419_0,road,419,0,,unused,699766.7396685197,4647686.001131151,39.981747337402616
road_419_1,road,419,1,,unused,699805.1711246547,4647675.031074047,39.966284944617485
road_419_2,road,419,2,,unused,699844.2261641348,4647667.092857729,39.97901143196052
road_419_3,road,419,3,,unused,699883.5218001375,4647659.918236322,39.97143410496992
road_419_4,road,419,4,,unused,699923.4535711925,4647658.578966331,39.97883847111554
road_419_5,road,419,5,,unused,699963.1326259329,4647657.973070971,39.90166248469065
road_419_6,road,419,6,,unused,700002.265332978,4647650.825988437,39.88839777710157
road_419_7,road,419,7,,unused,700039.5031099631,4647663.852445166,39.96091464370906
road_419_8,road,419,8,,unused,700068.7154061614,4647690.520276557,39.94941008273248
road_420_0,road,420,0,,unused,700109.8063232071,4647737.931319327,29.09226968840996
road_420_1,road,420,1,,unused,700092.5424382865,4647714.985221758,29.01465010901877
road_421_0,road,421,0,,unused,699525.9331917936,4648039.757761315,28.855783247935992
road_421_1,road,421,1,,unused,699554.7184389068,4648040.7510076575,28.869395061254973
road_421_2,road,421,2,,unused,699583.2470716445,4648042.789014298,28.803792313369808
road_422_0,road,422,0,,unused,699421.5723129658,4648075.233750569,36.35836933430461
road_422_1,road,422,1,,unused,699416.9133333848,4648111.172505662,36.34723391145667
road_422_2,road,422,2,,unused,699413.3982580652,4648147.250805971,36.3567878867236
road_422_3,road,422,3,,unused,699414.7608883014,4648183.563223436,36.35691582544331
road_422_4,road,422,4,,unused,699414.5088439096,4648219.919317305,36.357559292950974
road_422_5,road,422,5,,unused,699409.7741796366,4648255.802324519,36.31538341019367
road_423_0,road,423,0,,unused,699464.1017396783,4648093.4197916575,39.79513190926443
road_423_1,road,423,1,,unused,699461.337365768,4648133.055411822,39.78815820643743
road_423_2,road,423,2,,unused,699466.9709406238,4648172.423816331,39.79713387114591
road_423_3,road,423,3,,unused,699476.5920354341,4648211.0409986125,39.80132923251156
road_423_4,road,423,4,,unused,699489.5337444925,4648248.520492517,39.78545787175543
road_423_5,road,423,5,,unused,699499.34976093,4648286.253540458,39.73138964055965
road_423_6,road,423,6,,unused,699499.3360767842,4648326.01404439,39.80220901790032
road_423_7,road,423,7,,unused,699497.1002535168,4648365.753756646,39.802918300403135
road_423_8,road,423,8,,unused,699488.0139169089,4648404.471314181,39.7598926463689
road_423_9,road,423,9,,unused,699477.0039860257,4648442.374212901,39.80231786255128
road_423_10,road,423,10,,unused,699464.2845157346,4648480.075686277,39.79840977433314
road_424_0,road,424,0,,unused,699599.2549035477,4648469.237888979,38.681359480171125
road_424_1,road,424,1,,unused,699586.2377642513,4648432.848829487,38.67607987253495
road_424_2,road,424,2,,unused,699582.1429627622,4648394.596108166,38.67740541085794
road_424_3,road,424,3,,unused,699584.7524686282,4648356.052762485,38.677017490981264
road_424_4,road,424,4,,unused,699586.3656274807,4648317.474266476,38.687589624730336
road_424_5,road,424,5,,unused,699587.0416614054,4648278.798946947,38.682493674541696
road_424_6,road,424,6,,unused,699589.2961528494,4648240.212248869,38.687651274723
road_424_7,road,424,7,,unused,699593.0990832208,4648201.772722353,38.56867514914544
road_424_8,road,424,8,,unused,699581.3694892714,4648165.273793174,38.55558649980641
road_424_9,road,424,9,,unused,699593.4489731097,4648129.603434552,38.643052353272765
road_424_10,road,424,10,,unused,699623.0324467156,4648105.256907444,38.68472039318527
road_424_11,road,424,11,,unused,699657.1619431872,4648087.041567269,38.6876557402926
road_424_12,road,424,12,,unused,699691.2579764731,4648068.788704218,38.67110787652654
road_424_13,road,424,13,,unused,699721.1463263966,4648044.253538368,38.68709870640245
road_425_0,road,425,0,,unused,699632.7051860878,4648114.020285765,30.454885801885183
road_425_1,road,425,1,,unused,699628.4006644159,4648144.169434383,30.454885801901632
road_426_0,road,426,0,,unused,699792.1890436856,4648251.781663244,39.05047523580152
road_426_1,road,426,1,,unused,699828.314594026,4648238.160951024,38.97719613040703
road_426_2,road,426,2,,unused,699866.4238802072,4648233.081238473,39.067094367345305
road_426_3,road,426,3,,unused,699904.2373222382,4648223.481288369,39.0686346554952
road_426_4,road,426,4,,unused,699943.2316333752,4648222.224456331,39.07639056892148
road_426_5,road,426,5,,unused,699982.2209584318,4648220.144172745,39.0601488943952
road_426_6,road,426,6,,unused,700017.8487760202,4648205.945807746,38.9983124930912
road_427_0,road,427,0,,unused,700042.1094884624,4648587.402490459,36.463628481599926
road_427_1,road,427,1,,unused,700048.5327681364,4648552.453629054,36.36289219125353
road_427_2,road,427,2,,unused,700078.1764092131,4648542.520061324,36.3690658810048
road_427_3,road,427,3,,unused,700107.2028804704,4648563.127789552,36.45145885359357
road_427_4,road,427,4,,unused,700138.5693188829,4648579.995066541,36.3264649356616
road_427_5,road,427,5,,unused,700153.3691942479,4648612.889945184,36.46413294535546
road_427_6,road,427,6,,unused,700163.8098351565,4648647.797543173,36.46116442013241
road_427_7,road,427,7,,unused,700173.2728147515,4648683.002428581,36.46385745796549
road_427_8,road,427,8,,unused,700180.316013643,4648718.768253037,36.45639027418602
road_428_0,road,428,0,,unused,699413.3991246939,4648770.864728326,38.58507783715184
road_428_1,road,428,1,,unused,699451.7328140601,4648768.68469396,38.38795902302903
road_428_2,road,428,2,,unused,699487.893613085,4648759.631316742,38.5858463775391
road_428_3,road,428,3,,unused,699524.5457432069,4648747.612413804,38.561866807964215
road_428_4,road,428,4,,unused,699561.4591721067,4648737.153003541,38.58926079528425
road_428_5,road,428,5,,unused,699599.4843250618,4648738.636716783,38.533740844851735
road_428_6,road,428,6,,unused,699632.3486820859,4648758.43987409,38.56771453524672
road_429_0,road,429,0,,unused,699741.9293132295,4648554.223909996,35.61074290639522
road_429_1,road,429,1,,unused,699719.0350135205,4648580.74371168,35.49637691111874
road_429_2,road,429,2,,unused,699686.223074244,4648575.966851859,35.45729532758164
road_429_3,road,429,3,,unused,699667.4717846514,4648546.648282599,35.58205820075279
road_430_0,road,430,0,,unused,698831.7492721742,4648444.550370454,33.374396012363874
road_430_1,road,430,1,,unused,698854.8076107698,4648468.497003359,33.32597804337948
road_430_2,road,430,2,,unused,698883.7714060805,4648484.499288688,33.308069021346775
road_430_3,road,430,3,,unused,698916.4648945701,4648490.299917548,33.374642877205275
road_430_4,road,430,4,,unused,698949.7762434024,4648491.530259123,33.37716737802516
road_431_0,road,431,0,,unused,698835.1573020215,4648526.796025799,39.67300909586357
road_431_1,road,431,1,,unused,698873.1780637051,4648537.811478135,39.62648793477008
road_431_2,road,431,2,,unused,698911.869702603,4648542.673400328,39.55844676959212
road_431_3,road,431,3,,unused,698937.3568074951,4648572.786748577,39.64025029188222
road_431_4,road,431,4,,unused,698955.0140424321,4648608.154524144,39.636168461284726
road_431_5,road,431,5,,unused,698985.9570361943,4648630.95145609,39.56233755302176
road_431_6,road,431,6,,unused,699023.3931314715,4648643.512043758,39.65067502784697
road_431_7,road,431,7,,unused,699061.1937992366,4648639.158125069,39.58507114818865
road_432_0,road,432,0,,unused,698865.8943233922,4648584.582343277,31.26518704811953
road_432_1,road,432,1,,unused,698838.8990208779,4648599.464235072,31.23886624993269
road_432_2,road,432,2,,unused,698817.7209176266,4648622.375013392,31.281424631168136
road_433_0,road,433,0,,unused,698849.8635575745,4648768.228066827,36.62181075222249
road_433_1,road,433,1,,unused,698826.5049753172,4648795.551065613,36.85783404809451
road_433_2,road,433,2,,unused,698799.0167944672,4648819.912668572,36.8067493060188
road_433_3,road,433,3,,unused,698764.8176708462,4648832.54827618,36.421114378049815
road_433_4,road,433,4,,unused,698736.504134481,4648813.299608393,36.76516206371442
road_434_0,road,434,0,,unused,698847.3362997253,4648923.967937515,39.64092734275588
road_434_1,road,434,1,,unused,698823.58155408,4648904.490781468,38.31475519822915
road_434_2,road,434,2,,unused,698859.5537000224,4648894.5040405225,39.632261656197954
road_434_3,road,434,3,,unused,698899.1577057409,4648893.513001049,39.65915267944071
road_434_4,road,434,4,,unused,698938.7429001775,4648892.607350874,39.640583426708616
road_434_5,road,434,5,,unused,698977.9288612636,4648897.162141761,39.64182207535165
road_434_6,road,434,6,,unused,699014.3458764972,4648911.972069928,39.26939138382065
road_434_7,road,434,7,,unused,699042.9060703265,4648889.825457364,39.66405066456704
road_434_8,road,434,8,,unused,699068.5884968571,4648859.628031073,39.63757596273239
road_434_9,road,434,9,,unused,699097.9567802004,4648833.288020821,39.66570266445521
road_435_0,road,435,0,,unused,699105.9462106054,4648839.763599655,38.85854174929661
road_435_1,road,435,1,,unused,699141.2927904258,4648836.32908837,38.55621078446746
road_435_2,road,435,2,,unused,699179.4315123878,4648830.930347047,39.08788844716644
road_435_3,road,435,3,,unused,699218.4826476997,4648830.3755708365,39.08945044648385
road_436_0,road,436,0,,unused,698843.5129994975,4648612.729519439,37.79640595385107
road_436_1,road,436,1,,unused,698881.1810352076,4648613.965574671,37.80140454131556
road_436_2,road,436,2,,unused,698915.5661813772,4648629.116052772,37.73965614974821
road_436_3,road,436,3,,unused,698938.6704830088,4648658.640607258,37.76534562157542
road_436_4,road,436,4,,unused,698971.0629191633,4648672.947642734,37.71421568364923
road_436_5,road,436,5,,unused,699008.3231113979,4648673.004128975,37.26327947847781
road_436_6,road,436,6,,unused,699036.444463173,4648691.865354302,37.74923977066529
road_436_7,road,436,7,,unused,699068.9601051129,4648710.546774682,37.649554175291954
road_436_8,road,436,8,,unused,699104.7354455307,4648712.482031599,36.67686170464799
road_436_9,road,436,9,,unused,699124.5334555154,4648741.736193363,37.702779949686125
road_436_10,road,436,10,,unused,699149.9225365857,4648769.506210782,37.73134805268913
road_437_0,road,437,0,,unused,698263.803618612,4648773.902642257,30.254935668953344
road_437_1,road,437,1,,unused,698234.5283910427,4648766.402697532,30.30247389269433
road_437_2,road,437,2,,unused,698205.9910258868,4648756.35187684,30.306883553884
road_437_3,road,437,3,,unused,698176.9638591007,4648749.502091812,30.22156785910017
road_438_0,road,438,0,,unused,698265.109603598,4648748.251415964,34.64362859833972
road_438_1,road,438,1,,unused,698232.8994928963,4648735.779611672,34.73582848411901
road_438_2,road,438,2,,unused,698201.6566277642,4648723.153700296,33.59200266461214
road_438_3,road,438,3,,unused,698208.3567340372,4648711.169967221,34.60564619480702
road_438_4,road,438,4,,unused,698242.5630628909,4648716.796678077,34.81208497994005
road_438_5,road,438,5,,unused,698276.417664589,4648714.488922691,34.74982896077464
road_439_0,road,439,0,,unused,698346.7266978949,4648747.270035877,37.94768178311644
road_439_1,road,439,1,,unused,698335.9632190076,4648783.549993656,37.96466938908591
road_439_2,road,439,2,,unused,698319.2167051269,4648815.078377665,37.45325548437589
road_439_3,road,439,3,,unused,698282.2139514897,4648808.084735727,37.958624582581926
road_439_4,road,439,4,,unused,698244.2610440808,4648807.493658602,37.96692373133373
road_439_5,road,439,5,,unused,698206.3738477596,4648805.690580463,37.96164053544546
road_440_0,road,440,0,,unused,697835.7146733424,4648874.120162035,36.01132624536737
road_440_1,road,440,1,,unused,697861.1534199085,4648849.576403102,35.92349137856919
road_440_2,road,440,2,,unused,697886.5106115564,4648824.417994888,36.024777735779544
road_441_0,road,441,0,,unused,697787.4108685834,4648838.200046015,32.87885919424848
road_441_1,road,441,1,,unused,697819.8388969898,4648843.182237303,32.891346830315605
road_441_2,road,441,2,,unused,697852.713816848,4648843.528526205,32.9022573154571
road_442_0,road,442,0,,unused,697724.1228857106,4648789.115675348,32.69791372742449
road_442_1,road,442,1,,unused,697748.3856793623,4648767.220779481,32.68424409768199
road_442_2,road,442,2,,unused,697773.1241278632,4648746.289219007,32.62205442903341
road_443_0,road,443,0,,unused,697761.5775666062,4648746.069418894,23.78131040569057
road_443_1,road,443,1,,unused,697737.8629230564,4648747.788784088,23.79166190131196
road_444_0,road,444,0,,unused,698025.5809534314,4648798.364542911,30.59019828610633
road_444_1,road,444,1,,unused,698009.0455886244,4648824.083102313,30.59731595781452
road_444_2,road,444,2,,unused,697992.2891862803,4648849.673637773,30.59824182763934
road_445_0,road,445,0,,unused,698047.5835713382,4648774.699012545,34.07429494657528
road_445_1,road,445,1,,unused,698079.3313917288,4648766.024607679,33.908340006320486
road_445_2,road,445,2,,unused,698111.990868271,4648774.019155251,34.11103727288663
road_445_3,road,445,3,,unused,698144.1047567987,4648784.846268673,34.01973200428969
road_445_4,road,445,4,,unused,698170.3451682988,4648805.663643225,34.105104387599724
road_446_0,road,446,0,,unused,698097.6501568541,4648801.608511518,27.58794388856346
road_446_1,road,446,1,,unused,698125.2225722494,4648802.113903052,27.585854030485145
road_446_2,road,446,2,,unused,698152.7497614216,4648803.849230578,27.586922550161127
road_447_0,road,447,0,,unused,698140.0374972435,4648275.036134434,38.325327207125305
road_447_1,road,447,1,,unused,698104.7361267199,4648271.759322123,38.790794143152205
road_448_0,road,448,0,,unused,698115.1410760354,4648292.904069919,36.56095471310313
road_448_1,road,448,1,,unused,698146.7456303054,4648308.233863733,36.66159973650938
road_449_0,road,449,0,,unused,698076.4781244333,4648305.340221559,38.70187645177049
road_449_1,road,449,1,,unused,698042.2500349493,4648322.845220382,38.7239010923868
road_450_0,road,450,0,,unused,697900.135712887,4648365.814091279,35.834873579283034
road_450_1,road,450,1,,unused,697928.6155063258,4648344.86394885,35.85352931041794
road_450_2,road,450,2,,unused,697954.6209736437,4648320.228109924,35.87241583394563
road_450_3,road,450,3,,unused,697982.3302186851,4648297.478900011,35.85906676399094
road_451_0,road,451,0,,unused,697905.3480518796,4648389.531745273,37.94436245115792
road_451_1,road,451,1,,unused,697941.6087703103,4648396.974015381,37.85759315970548
road_451_2,road,451,2,,unused,697974.9714397189,4648379.3713560905,37.94700743659118
road_452_0,road,452,0,,unused,699474.9177345383,4647972.562759533,36.90997677128041
road_452_1,road,452,1,,unused,699484.928954368,4647937.055866271,36.88156112698677
road_452_2,road,452,2,,unused,699496.5858611909,4647902.562874541,36.90230829036491
road_453_0,road,453,0,,unused,699418.1694718559,4647931.857452546,38.28956342452867
road_453_1,road,453,1,,unused,699453.9870659043,4647929.940607096,38.3722579971076
road_453_2,road,453,2,,unused,699488.5080131799,4647942.458760781,38.07630386879144
road_453_3,road,453,3,,unused,699525.5393060199,4647934.779388978,38.33444924009684
road_453_4,road,453,4,,unused,699562.2881757374,4647944.611384998,38.30308166229186
road_453_5,road,453,5,,unused,699599.6116459932,4647936.918692521,38.39405007472171
road_454_0,road,454,0,,unused,699812.0589482192,4648498.791234917,36.8355417911755
road_454_1,road,454,1,,unused,699805.5499671034,4648462.541144126,36.83281776206477
road_454_2,road,454,2,,unused,699792.9302844765,4648428.154518413,36.82287214646882
road_454_3,road,454,3,,unused,699776.5432730612,4648395.178592046,36.82787635138628
road_455_0,road,455,0,,unused,699736.630386887,4648729.828538046,38.2521280268506
road_455_1,road,455,1,,unused,699699.1519216748,4648724.640168332,38.32594450169118
road_455_2,road,455,2,,unused,699661.0492144465,4648721.947967682,38.25476822421939
road_455_3,road,455,3,,unused,699624.207414508,4648714.275792223,38.306312005409616
road_456_0,road,456,0,,unused,699578.9825432337,4648771.06611909,36.451141265298304
road_456_1,road,456,1,,unused,699543.3141192683,4648778.020318015,36.438348222276645
road_456_2,road,456,2,,unused,699508.6066108388,4648789.117810606,36.445201360881
road_456_3,road,456,3,,unused,699475.1168008094,4648803.443366293,36.44891694902636
road_456_4,road,456,4,,unused,699442.2149895958,4648819.077320875,36.45022311164373
road_456_5,road,456,5,,unused,699410.1305131085,4648836.361761672,36.44605179521904
road_456_6,road,456,6,,unused,699374.5582486918,4648843.040006788,36.446022457329306
road_456_7,road,456,7,,unused,699338.2497389019,4648843.850021895,36.42417163622116
road_456_8,road,456,8,,unused,699302.534346329,4648836.671293222,36.45106925926648
road_456_9,road,456,9,,unused,699267.0352162414,4648828.395752405,36.45114126518503
road_456_10,road,456,10,,unused,699231.6718035247,4648819.575242332,36.450690145770864
road_457_0,road,457,0,,unused,699229.8961054762,4648743.28089681,31.84456442592446
road_457_1,road,457,1,,unused,699261.1280711782,4648745.708202996,31.84805339985633
road_457_2,road,457,2,,unused,699292.5438485262,4648740.836964022,31.84465216230219
road_458_0,road,458,0,,unused,699619.2170617724,4648672.348593543,24.212795705775896
road_458_1,road,458,1,,unused,699643.3983670317,4648671.544457207,24.208844125005463
road_459_0,road,459,0,,unused,700127.0496048298,4648153.772364058,35.33778897664012
road_459_1,road,459,1,,unused,700110.8888755443,4648122.600377278,35.352041925078055
road_459_2,road,459,2,,unused,700101.1113002006,4648088.726446551,35.2988693158356
road_459_3,road,459,3,,unused,700080.6337985834,4648060.582352056,35.2983285457882
road_460_0,road,460,0,,unused,700167.2832681834,4648065.247959026,36.86006840711843
road_460_1,road,460,1,,unused,700181.3606048083,4648099.220564236,36.86472901240821
road_460_2,road,460,2,,unused,700195.5137542981,4648133.2109592,36.86277533202945
road_460_3,road,460,3,,unused,700215.1961249444,4648164.148262232,36.83259723338227
road_460_4,road,460,4,,unused,700241.6893234206,4648189.70909065,36.86179135299029
road_460_5,road,460,5,,unused,700264.7907952161,4648218.348043482,36.85374871179368
road_461_0,road,461,0,,unused,700131.2800356345,4648239.31726096,38.852230929425176
road_461_1,road,461,1,,unused,700163.7177428664,4648244.041278631,38.5217277653768
road_461_2,road,461,2,,unused,700176.8541268583,4648279.979544371,38.9994735753832
road_461_3,road,461,3,,unused,700203.0969209259,4648308.471074051,38.98117206804096
road_461_4,road,461,4,,unused,700237.9062276618,4648325.976645254,39.00698599525366
road_461_5,road,461,5,,unused,700271.2443782679,4648345.880851879,38.99646829195104
road_461_6,road,461,6,,unused,700300.3369590109,4648371.783872409,39.00016149088182
road_461_7,road,461,7,,unused,700325.7732108613,4648401.145677968,38.99029056015456
road_462_0,road,462,0,,unused,699599.7732445125,4647677.35756635,33.881483982707394
road_462_1,road,462,1,,unused,699633.350407123,4647681.816392683,33.88233643368504
road_462_2,road,462,2,,unused,699667.0594821378,4647685.048043824,33.865370367131675
road_462_3,road,462,3,,unused,699700.4929063333,4647689.687112991,33.881386118636
road_462_4,road,462,4,,unused,699734.0954000521,4647693.538162647,33.8377885310439
road_463_0,road,463,0,,unused,700058.6715270471,4647703.764130505,37.41260104495299
road_463_1,road,463,1,,unused,700021.2820938529,4647704.3765561525,37.41301698816775
road_463_2,road,463,2,,unused,699983.8841816812,4647703.322843627,37.41249055813847
road_463_3,road,463,3,,unused,699946.4856176184,4647703.370005181,37.41275841103959
road_463_4,road,463,4,,unused,699909.1048148145,4647701.910689842,37.413211865539125
road_463_5,road,463,5,,unused,699871.7887896341,4647699.6153004095,37.39756828600508
road_463_6,road,463,6,,unused,699837.8120681995,4647709.598173801,37.22224364946624
road_463_7,road,463,7,,unused,699807.3166491474,4647730.215455317,37.40495026404294
road_463_8,road,463,8,,unused,699771.9143468704,4647742.042292192,37.27450412845084
road_463_9,road,463,9,,unused,699743.6388576473,4647764.014667194,37.3888112627678
road_464_0,road,464,0,,unused,699903.4163465168,4647715.082494573,35.92861533550102
road_464_1,road,464,1,,unused,699929.6674588158,4647738.931071597,35.87524475582777
road_465_0,road,465,0,,unused,699911.4470407341,4647736.691797948,30.34541948741237
road_465_1,road,465,1,,unused,699933.4652264832,4647717.031302861,30.36069270416818
road_466_0,road,466,0,,unused,699911.6925341745,4647786.664347637,34.17689370143528
road_466_1,road,466,1,,unused,699945.8596251119,4647786.125942931,34.172245294704
road_466_2,road,466,2,,unused,699979.6811739914,4647790.008225373,34.143677319139705
road_466_3,road,466,3,,unused,700013.4036632392,4647789.818015674,34.15469203316418
road_466_4,road,466,4,,unused,700047.2085796702,4647785.249237044,34.1695000241408
road_467_0,road,467,0,,unused,699854.7303977215,4647804.760466213,31.477182313634184
road_467_1,road,467,1,,unused,699882.5252222039,4647818.954603061,31.40735635427476
road_468_0,road,468,0,,unused,699817.1186415744,4648017.241729839,37.56121359531108
road_468_1,road,468,1,,unused,699846.3607951981,4647993.890610052,37.55222037504723
road_468_2,road,468,2,,unused,699875.9519318558,4647970.863636733,37.5714405063643
road_468_3,road,468,3,,unused,699904.011165303,4647946.030515488,37.53176414567952
road_468_4,road,468,4,,unused,699939.8346022129,4647935.518852439,37.569720348277286
road_468_5,road,468,5,,unused,699975.0012709273,4647922.372944676,37.564034833592245
road_469_0,road,469,0,,unused,700279.6946948897,4648082.380058516,31.930329497697297
road_469_1,road,469,1,,unused,700309.4775681769,4648070.872752197,31.92808295781971
road_469_2,road,469,2,,unused,700338.3811373828,4648057.417473534,31.93039772928589
road_470_0,road,470,0,,unused,700603.1681940128,4648218.668346687,29.681984163379717
road_470_1,road,470,1,,unused,700622.9051829388,4648197.22360371,29.650846584332932
road_470_2,road,470,2,,unused,700626.1291413892,4648167.903011698,29.7398802534675
road_471_0,road,471,0,,unused,700463.803880103,4648062.489321516,39.60697913375703
road_471_1,road,471,1,,unused,700498.1028305164,4648082.259386946,39.60978350497764
road_471_2,road,471,2,,unused,700525.1003717667,4648110.305410744,39.59660819762305
road_471_3,road,471,3,,unused,700542.3203771698,4648145.905611158,39.57171960073559
road_471_4,road,471,4,,unused,700569.2668922279,4648174.281586748,39.49112137026872
road_471_5,road,471,5,,unused,700591.523291499,4648206.652691589,39.57138914154452
road_472_0,road,472,0,,unused,700561.7039657194,4648245.379788089,23.07639352442412
road_472_1,road,472,1,,unused,700580.4625818735,4648232.1733491095,23.155143979314698
road_473_0,road,473,0,,unused,700565.2765036672,4648273.062625918,35.14748837589282
road_473_1,road,473,1,,unused,700595.693607617,4648289.40505381,35.18689004189019
road_473_2,road,473,2,,unused,700610.3354770732,4648312.653039499,34.417081243488944
road_473_3,road,473,3,,unused,700583.6199667715,4648334.921696596,35.22101758973412
road_473_4,road,473,4,,unused,700556.693606509,4648357.479208753,35.21802470952608
road_474_0,road,474,0,,unused,700520.3451692327,4648578.143309046,37.79768742185587
road_474_1,road,474,1,,unused,700516.3932217769,4648540.97131048,37.853818274691285
road_474_2,road,474,2,,unused,700518.1679177923,4648503.190756179,37.84790517935186
road_474_3,road,474,3,,unused,700519.9972828566,4648465.433002051,37.860350126759
road_474_4,road,474,4,,unused,700523.637723902,4648427.7704654,37.85608532070351
road_474_5,road,474,5,,unused,700540.495393829,4648408.0079336,36.03749938432889
road_474_6,road,474,6,,unused,700576.7170153217,4648413.495475158,37.85427938709936
road_474_7,road,474,7,,unused,700613.5303298401,4648417.92561561,37.53773286087475
road_474_8,road,474,8,,unused,700634.7570924647,4648448.6688566245,37.73767345646035
road_474_9,road,474,9,,unused,700666.4092777777,4648462.403625467,37.816771557358486
road_475_0,road,475,0,,unused,700535.0520547993,4648432.021482219,36.37371552447413
road_475_1,road,475,1,,unused,700547.2901538142,4648466.222546917,36.27595783768493
road_475_2,road,475,2,,unused,700566.4363927877,4648495.894249861,36.22636647957889
road_475_3,road,475,3,,unused,700580.5265683905,4648529.356644676,36.390198679854166
road_475_4,road,475,4,,unused,700596.8379206372,4648561.859446539,36.3905576403205
road_475_5,road,475,5,,unused,700615.3258631174,4648593.193251926,36.3723939871428
road_475_6,road,475,6,,unused,700639.9488783923,4648619.093951588,36.09404577034669
road_475_7,road,475,7,,unused,700641.9465295144,4648652.494580866,36.30794599735501
road_476_0,road,476,0,,unused,699832.742417308,4648527.384726602,30.1834905529658
road_476_1,road,476,1,,unused,699838.6809295155,4648497.822669182,30.163211611492308
road_476_2,road,476,2,,unused,699836.8943108929,4648467.919878786,30.176721307436708
road_477_0,road,477,0,,unused,699854.2968988402,4648562.323812644,30.55460271627065
road_477_1,road,477,1,,unused,699879.1204824835,4648578.757681323,30.638816048276595
road_477_2,road,477,2,,unused,699903.7338580253,4648596.810752976,30.626274004730742
road_477_3,road,477,3,,unused,699923.2677893891,4648620.256217098,30.654107150358747
road_478_0,road,478,0,,unused,699524.0269034279,4648393.407729198,35.30208067476953
road_478_1,road,478,1,,unused,699511.0721537411,4648361.2317401925,35.30244634271408
road_478_2,road,478,2,,unused,699525.1963524644,4648346.753740846,34.080021766334255
road_479_0,road,479,0,,unused,699425.8862466541,4648326.1371774655,39.23715667347553
road_479_1,road,479,1,,unused,699443.2206932603,4648292.314808875,39.51172267045403
road_479_2,road,479,2,,unused,699461.5753816662,4648257.57819118,39.44649276330859
road_479_3,road,479,3,,unused,699467.6552807335,4648218.882198583,39.50041431979708
road_480_0,road,480,0,,unused,699427.34361195,4648113.958493001,26.668105498691737
road_480_1,road,480,1,,unused,699448.2439186712,4648130.165983664,26.584569430744114
road_481_0,road,481,0,,unused,700212.9839320704,4648118.633063528,36.55518985506661
road_481_1,road,481,1,,unused,700248.6040470089,4648111.005708315,36.56552737884603
road_481_2,road,481,2,,unused,700284.0132827841,4648101.90415368,36.55982351528654
road_481_3,road,481,3,,unused,700320.4218049081,4648100.814581135,36.57301580714606
road_481_4,road,481,4,,unused,700356.6988423745,4648104.835582981,36.48235953333644
road_481_5,road,481,5,,unused,700360.0434740117,4648124.929790817,34.96358242471511
road_481_6,road,481,6,,unused,700329.6129150738,4648143.724686788,36.57430420442586
road_481_7,road,481,7,,unused,700298.4546571582,4648162.729279402,36.53202540167718
road_481_8,road,481,8,,unused,700263.3961857798,4648172.170723219,36.52889297250362
road_481_9,road,481,9,,unused,700228.4444507103,4648162.657490596,36.549679261932006
road_482_0,road,482,0,,unused,700240.142110029,4648435.832727336,38.55390620635635
road_482_1,road,482,1,,unused,700259.2876657001,4648469.028860119,38.51776363204903
road_482_2,road,482,2,,unused,700289.0997092844,4648492.799207926,38.5234597780311
road_482_3,road,482,3,,unused,700323.1675371453,4648510.761007212,38.55333773768716
road_482_4,road,482,4,,unused,700357.2504440058,4648528.780285169,38.55386658975546
road_483_0,road,483,0,,unused,699950.988729464,4648305.222185549,20.135215276925702
road_483_1,road,483,1,,unused,699932.7814371288,4648313.562284257,20.116826185881195
road_484_0,road,484,0,,unused,699979.0724829193,4648298.433865481,39.03809710873849
road_484_1,road,484,1,,unused,700017.4913692498,4648302.688098802,39.04277451619905
road_484_2,road,484,2,,unused,700053.8399303034,4648316.837654373,39.04584402951694
road_484_3,road,484,3,,unused,700089.9521272043,4648331.499793358,39.03335447737735
road_484_4,road,484,4,,unused,700125.9411174132,4648346.506448993,39.04620600793176
road_485_0,road,485,0,,unused,700488.8175308519,4648204.519096723,34.1597524748314
road_485_1,road,485,1,,unused,700521.6720030444,4648213.703376215,34.15195751288918
road_485_2,road,485,2,,unused,700550.1169593742,4648232.348008917,34.171713988104
road_486_0,road,486,0,,unused,700032.3226434257,4647880.3221705565,36.44131999293538
road_486_1,road,486,1,,unused,700067.2791303922,4647882.533162002,36.56879816074919
road_486_2,road,486,2,,unused,700094.5497940464,4647905.040822725,36.50105502069328
road_486_3,road,486,3,,unused,700106.75991409,4647939.247214539,36.58623035982042
road_486_4,road,486,4,,unused,700115.4192316196,4647974.761877362,36.585383155957786
road_487_0,road,487,0,,unused,699679.5305065716,4647832.79304623,36.51288540790184
road_487_1,road,487,1,,unused,699643.2651767161,4647836.550303943,36.502822335658166
road_487_2,road,487,2,,unused,699606.8410187289,4647834.513983832,36.506383333672616
road_487_3,road,487,3,,unused,699570.4130467186,4647832.694031959,36.512861294554064
road_487_4,road,487,4,,unused,699533.9729896502,4647831.605871123,36.47988825411512
road_487_5,road,487,5,,unused,699497.6831235192,4647832.007500272,36.51282591948838
road_487_6,road,487,6,,unused,699461.4889830989,4647836.237879383,36.36990924223238
road_487_7,road,487,7,,unused,699434.7925809781,4647858.867148135,36.47126873280121
road_487_8,road,487,8,,unused,699402.3313284679,4647875.058509478,36.51288745397351
road_488_0,road,488,0,,unused,699632.4152628415,4647940.638604147,37.31307789771628
road_488_1,road,488,1,,unused,699669.8577312015,4647941.698596296,37.66261593536379
road_489_0,road,489,0,,unused,699808.3346224191,4647923.463832949,28.607540160742097
road_489_1,road,489,1,,unused,699791.5636386097,4647946.639679391,28.607344484423542
road_489_2,road,489,2,,unused,699775.3459534848,4647970.204057608,28.607540160796223
road_490_0,road,490,0,,unused,700105.2594894421,4648202.763012419,27.751965482399623
road_490_1,road,490,1,,unused,700123.6516765968,4648182.355112648,27.778603503435868
road_491_0,road,491,0,,unused,700023.2157740138,4648078.446540062,33.134264359463806
road_491_1,road,491,1,,unused,700041.3960176735,4648105.973242609,33.09432732273829
road_491_2,road,491,2,,unused,700060.3435766543,4648132.849948525,33.13976933810079
road_491_3,road,491,3,,unused,700074.8591026245,4648162.593329668,33.14763673835497
road_491_4,road,491,4,,unused,700089.1955217263,4648192.446576876,33.145066172850605
road_492_0,road,492,0,,unused,700177.84560255,4648123.272690172,39.31138987710565
road_492_1,road,492,1,,unused,700159.6905070705,4648158.286843497,39.84670398862161
road_493_0,road,493,0,,unused,699538.091157176,4647671.168820708,39.68159982856288
road_493_1,road,493,1,,unused,699576.7242940005,4647662.110828233,39.68156015207744
road_493_2,road,493,2,,unused,699615.305520487,4647652.852868167,39.68079755852761
road_493_3,road,493,3,,unused,699654.1690203588,4647644.878525898,39.68056836474124
road_493_4,road,493,4,,unused,699693.3959100385,4647638.8925570585,39.68140481851833
road_493_5,road,493,5,,unused,699732.5216874467,4647632.300822591,39.6815998284877
road_493_6,road,493,6,,unused,699771.5483099399,4647625.131919154,39.67759471643895
road_493_7,road,493,7,,unused,699811.011574605,4647621.072951965,39.68063870324102
road_493_8,road,493,8,,unused,699850.5952254758,4647618.382890552,39.68159982863397
road_494_0,road,494,0,,unused,699534.7957610369,4647677.935948928,32.38978539763079
road_494_1,road,494,1,,unused,699567.126256452,4647677.186361844,32.39476855862468
road_495_0,road,495,0,,unused,699502.807669219,4647678.89772648,32.56509311290578
road_495_1,road,495,1,,unused,699471.3732560853,4647687.279726665,32.56730413417642
road_495_2,road,495,2,,unused,699458.607840651,4647703.069400062,31.76082503767967
road_495_3,road,495,3,,unused,699472.2019685294,4647732.125522495,32.55839205994698
road_495_4,road,495,4,,unused,699490.2686862376,4647758.960762992,32.431769554545625
road_496_0,road,496,0,,unused,699859.1829730606,4648461.48351568,39.98450550107188
road_496_1,road,496,1,,unused,699874.2290396944,4648498.51157254,39.99326926594164
road_496_2,road,496,2,,unused,699888.1536565354,4648535.989411722,39.994602246092086
road_496_3,road,496,3,,unused,699900.8780862044,4648573.85455755,39.89899494091399
road_497_0,road,497,0,,unused,700420.4975563217,4648229.265476067,28.47063412711178
road_497_1,road,497,1,,unused,700427.9916575816,4648256.651360745,28.48691612486574
road_497_2,road,497,2,,unused,700436.7709496368,4648283.692737174,28.40083677150801
road_498_0,road,498,0,,unused,700330.4826830517,4647597.176010884,35.894940302412046
road_498_1,road,498,1,,unused,700361.1391229153,4647615.690831271,35.902351237626874
road_498_2,road,498,2,,unused,700389.9801619822,4647637.060331489,35.90281826250326
road_498_3,road,498,3,,unused,700417.6767561503,4647659.793659586,35.887644032764285
road_498_4,road,498,4,,unused,700441.579784343,4647686.505262051,35.90125341117001
road_498_5,road,498,5,,unused,700462.7936033612,4647715.405902972,35.89165593048973
road_498_6,road,498,6,,unused,700487.7264226734,4647741.157245906,35.89107583935168
road_499_0,road,499,0,,unused,700304.9532461212,4647573.890824939,35.854804909725694
road_499_1,road,499,1,,unused,700281.4426261972,4647546.969990775,35.83513030013807
road_499_2,road,499,2,,unused,700269.2625389496,4647513.599884032,35.81223631146754
road_499_3,road,499,3,,unused,700271.0479701222,4647477.893685978,35.854300186551185
road_499_4,road,499,4,,unused,700276.4532394441,4647442.450785264,35.85452315000566
road_499_5,road,499,5,,unused,700280.3101001432,4647406.821346355,35.85668782620448
road_500_0,road,500,0,,unused,700339.1739485033,4647444.859370943,39.600575891145965
road_500_1,road,500,1,,unused,700353.603716681,4647481.724509139,39.59152569323612
road_500_2,road,500,2,,unused,700364.934621545,4647519.5677961325,39.59907415899702
road_500_3,road,500,3,,unused,700371.6000695705,4647558.461033682,39.380607798766526
road_500_4,road,500,4,,unused,700360.0512708597,4647595.188167344,39.57304321227159
road_501_0,road,501,0,,unused,700464.9345871812,4647463.029395491,28.862184401502216
road_501_1,road,501,1,,unused,700464.0011411117,4647491.868725326,28.85602154477716
road_501_2,road,501,2,,unused,700468.6862007106,4647520.143255157,28.81840728747725
road_502_0,road,502,0,,unused,698560.7865960294,4648822.478730181,38.27192618090626
road_502_1,road,502,1,,unused,698523.3930186562,4648814.589479109,38.28204638284621
road_502_2,road,502,2,,unused,698501.3167835781,4648829.98768458,37.15353364036522
road_502_3,road,502,3,,unused,698499.410503739,4648867.627806143,38.282049735385456
road_503_0,road,503,0,,unused,698858.8668935705,4648636.795958306,35.14415951328784
road_503_1,road,503,1,,unused,698862.1877072977,4648602.026259844,35.09873361981646
road_503_2,road,503,2,,unused,698869.7566381617,4648568.266538512,35.13411439634962
road_503_3,road,503,3,,unused,698869.9511843504,4648533.131126737,35.151583478720696
road_503_4,road,503,4,,unused,698872.464395682,4648498.094865453,35.14777647626158
road_504_0,road,504,0,,unused,697610.9125286642,4647015.421079282,37.35987333482655
road_504_1,road,504,1,,unused,697636.9023952837,4647042.259112214,37.35988729503547
road_504_2,road,504,2,,unused,697660.5461006876,4647070.991931655,37.33166318647747
road_504_3,road,504,3,,unused,697677.796667961,4647104.026969902,37.35681758468044
road_504_4,road,504,4,,unused,697691.8451757825,4647138.6274770135,37.35750203860911
road_504_5,road,504,5,,unused,697707.5877076307,4647172.504930073,37.35847691199476
road_504_6,road,504,6,,unused,697724.574377873,4647205.759834319,37.34383870288429
road_504_7,road,504,7,,unused,697736.3128794105,4647240.369774655,35.90354194297299
road_504_8,road,504,8,,unused,697723.2471130955,4647241.194345601,37.34616569386815
road_504_9,road,504,9,,unused,697690.3564949173,4647223.6865685405,37.284371366162695
road_505_0,road,505,0,,unused,697753.7426779093,4647269.78053187,38.85165698841687
road_505_1,road,505,1,,unused,697784.5923534426,4647292.935928767,38.84933158586232
road_505_2,road,505,2,,unused,697818.3947630393,4647311.340290482,38.72466125331371
road_505_3,road,505,3,,unused,697857.1242919236,4647311.390115591,38.83334384197121
road_505_4,road,505,4,,unused,697895.5294219085,4647306.286427548,38.83513813080795
road_505_5,road,505,5,,unused,697933.8414073334,4647311.848538922,38.83513764024784
road_505_6,road,505,6,,unused,697968.1960004283,4647329.417279982,38.850589123101145
road_505_7,road,505,7,,unused,698000.8469219086,4647350.453076487,38.84641445625049
road_506_0,road,506,0,,unused,697529.050486437,4647139.812886369,33.22212628551692
road_506_1,road,506,1,,unused,697544.2750654938,4647169.211950052,33.22270692334926
road_506_2,road,506,2,,unused,697544.1604759735,4647187.84883031,31.38248352080434
road_506_3,road,506,3,,unused,697518.5701157484,4647168.166501283,33.23535006550742
road_507_0,road,507,0,,unused,697461.3806970682,4647056.160940414,39.93530013083019
road_507_1,road,507,1,,unused,697501.1845851898,4647053.068018996,39.92878999334626
road_507_2,road,507,2,,unused,697540.8615819644,4647053.165621158,39.52635269397859
road_507_3,road,507,3,,unused,697572.5801165826,4647076.151611348,39.84811743292462
road_507_4,road,507,4,,unused,697593.9268635286,4647107.786883284,39.35669999451279
road_507_5,road,507,5,,unused,697588.52374552,4647134.605316769,39.10417022028459
road_507_6,road,507,6,,unused,697550.9181866974,4647124.318972559,39.75133164905349
road_508_0,road,508,0,,unused,697440.410652289,4646978.687984847,32.83651187231431
road_508_1,road,508,1,,unused,697471.7641800294,4646987.111174522,32.86611709860884
road_508_2,road,508,2,,unused,697496.4946635716,4647008.313978166,32.861393721095084
road_508_3,road,508,3,,unused,697512.4690067682,4647036.921867813,32.88662860782953
road_509_0,road,509,0,,unused,697581.4879724779,4646994.339152531,36.29612618938612
road_509_1,road,509,1,,unused,697547.5418139048,4646981.533597651,36.296303212316495
road_509_2,road,509,2,,unused,697512.7408213014,4646973.177359126,36.26027529767282
road_509_3,road,509,3,,unused,697477.3375516224,4646979.124102121,36.28262526976574
road_510_0,road,510,0,,unused,699491.1210904471,4647010.3957799245,37.13394620914245
road_510_1,road,510,1,,unused,699522.1985399883,4646991.361511359,37.140728540684606
road_510_2,road,510,2,,unused,699538.4939549582,4646958.2610329,37.12879198264628
road_510_3,road,510,3,,unused,699538.4295219582,4646921.928832219,37.12093255793558
road_510_4,road,510,4,,unused,699533.3239108033,4646885.53212158,37.18334045476472
road_510_5,road,510,5,,unused,699538.3805413834,4646848.693646008,37.185732165632174
road_510_6,road,510,6,,unused,699540.2044490153,4646811.713140307,37.17098342054616
road_510_7,road,510,7,,unused,699538.719756058,4646775.038495476,36.419496608475534
road_510_8,road,510,8,,unused,699526.9492274341,4646765.324016802,36.46775056596828
road_510_9,road,510,9,,unused,699504.9300378439,4646794.829701249,37.18365868909424
road_510_10,road,510,10,,unused,699482.4947288454,4646824.393411605,37.15433577658172
road_510_11,road,510,11,,unused,699473.5098791096,4646859.602122534,37.17638313201085
road_510_12,road,510,12,,unused,699478.9111417794,4646896.300337384,37.17027074237826
road_510_13,road,510,13,,unused,699484.353048673,4646932.835103176,37.182674685254064
road_511_0,road,511,0,,unused,699548.9701975056,4646895.284158204,38.03499704852821
road_511_1,road,511,1,,unused,699581.5295411261,4646914.052408203,37.61995623752462
road_511_2,road,511,2,,unused,699581.886278019,4646951.870168128,38.04758671114632
road_511_3,road,511,3,,unused,699581.7798512133,4646989.8967833575,38.0488016079532
road_511_4,road,511,4,,unused,699574.3242464624,4647024.938965594,34.02796183851619
road_511_5,road,511,5,,unused,699585.1116893631,4647016.469144347,38.02062269923019
road_511_6,road,511,6,,unused,699615.782120957,4646996.239859666,37.56303871973616
road_511_7,road,511,7,,unused,699623.7674379096,4646961.885847791,38.04250308763212
road_511_8,road,511,8,,unused,699626.3658296862,4646924.171966172,37.58161007801809
road_511_9,road,511,9,,unused,699599.468111402,4646907.000920962,37.82242583392217
road_512_0,road,512,0,,unused,699483.2817710871,4647094.599133066,21.57444511412232
road_512_1,road,512,1,,unused,699474.6074206737,4647114.293869624,21.5662561484666
road_513_0,road,513,0,,unused,699497.7107547355,4647071.48468225,33.59759925341098
road_513_1,road,513,1,,unused,699512.647645771,4647041.683095955,33.596121537270726
road_513_2,road,513,2,,unused,699519.5985876903,4647008.886677858,33.607085528813585
road_514_0,road,514,0,,unused,699622.7972432382,4647005.968488937,36.78545117943354
road_514_1,road,514,1,,unused,699620.9966822278,4647042.610189433,36.77217943318206
road_514_2,road,514,2,,unused,699621.1174269188,4647079.233875539,36.73756175149271
road_514_3,road,514,3,,unused,699610.1296129151,4647113.96018099,36.77394194910296
road_514_4,road,514,4,,unused,699588.4575307742,4647143.603738109,36.77751161072847
road_514_5,road,514,5,,unused,699565.0990615563,4647171.822524827,36.696560706601865
road_514_6,road,514,6,,unused,699534.6855363939,4647191.581778054,36.6102541553433
road_514_7,road,514,7,,unused,699522.6639329141,4647224.197998272,36.39303416513255
road_514_8,road,514,8,,unused,699499.3798789952,4647251.353601339,36.76883299158516
road_515_0,road,515,0,,unused,699497.5756156122,4647087.578346155,39.60023039084239
road_515_1,road,515,1,,unused,699518.4729359491,4647091.357362827,39.2972596460564
road_515_2,road,515,2,,unused,699518.8389959034,4647130.680625536,39.587038297742616
road_516_0,road,516,0,,unused,699520.0815199087,4647061.050692066,31.154652957992944
road_516_1,road,516,1,,unused,699524.316964102,4647030.193378023,31.15888966600685
road_516_2,road,516,2,,unused,699527.0986664309,4646999.188893776,31.15750198434626
road_517_0,road,517,0,,unused,699609.0865760846,4647022.133031993,35.6595179762178
road_517_1,road,517,1,,unused,699585.9663213053,4647047.895023426,35.65719474700263
road_517_2,road,517,2,,unused,699567.7884499449,4647078.537391046,35.66550637706512
road_517_3,road,517,3,,unused,699550.0407881137,4647109.467588698,35.662727327823355
road_517_4,road,517,4,,unused,699530.528287991,4647138.509325477,35.632763808037744
road_517_5,road,517,5,,unused,699503.0525001552,4647161.221966834,35.66561984637993
road_517_6,road,517,6,,unused,699476.1683966625,4647184.614034321,35.65427467274989
road_517_7,road,517,7,,unused,699459.2110271396,4647215.315240779,35.63893912440457
road_517_8,road,517,8,,unused,699435.9842227204,4647241.633406976,35.664104628659814
road_518_0,road,518,0,,unused,699634.4662732502,4646939.315644011,36.80499429966205
road_518_1,road,518,1,,unused,699656.2151215915,4646967.747619547,36.68584243479329
road_518_2,road,518,2,,unused,699675.3295608909,4646994.758769929,36.26536578165798
road_518_3,road,518,3,,unused,699676.390383024,4647031.271679522,36.79674299379583
road_518_4,road,518,4,,unused,699680.2842031578,4647067.844686603,36.80440781057429
road_518_5,road,518,5,,unused,699684.7808725275,4647104.238244379,36.6268492967048
road_518_6,road,518,6,,unused,699670.6655917077,4647137.855326426,36.32013971101448
road_518_7,road,518,7,,unused,699641.3370807759,4647156.713030253,36.67114590172547
road_518_8,road,518,8,,unused,699611.0871496063,4647176.617334202,36.804323273879845
road_519_0,road,519,0,,unused,699362.3442138742,4647289.483096167,37.673028859350616
road_519_1,road,519,1,,unused,699360.1786184628,4647252.022516953,37.65342752064655
road_519_2,road,519,2,,unused,699366.6007980296,4647215.087245008,37.67854573797271
road_519_3,road,519,3,,unused,699373.570746835,4647178.089472223,37.65652442659266
road_520_0,road,520,0,,unused,699410.5034081524,4647280.678859484,38.31909040495388
road_520_1,road,520,1,,unused,699382.4235828894,4647305.320981281,38.371477832764114
road_520_2,road,520,2,,unused,699353.8384707725,4647330.837799327,38.38311589497123
road_520_3,road,520,3,,unused,699320.8464810482,4647350.407073606,38.3369290181482
road_520_4,road,520,4,,unused,699295.1216270402,4647378.821574754,38.38543449910957
road_520_5,road,520,5,,unused,699266.4914859602,4647404.126888123,38.36180924188913
road_521_0,road,521,0,,unused,699264.2486226913,4647310.677449309,35.087397871862244
road_521_1,road,521,1,,unused,699264.6748266496,4647345.754843389,35.075005017942004
road_521_2,road,521,2,,unused,699256.3599058941,4647379.723142239,35.072921552111005
road_521_3,road,521,3,,unused,699244.8458588908,4647411.762563372,33.021321337517776
road_522_0,road,522,0,,unused,699225.3528714139,4647430.513441135,39.87760146537351
road_522_1,road,522,1,,unused,699193.0342908907,4647453.8007020205,39.87150109610634
road_522_2,road,522,2,,unused,699160.7051271435,4647476.930559452,39.81447738386487
road_522_3,road,522,3,,unused,699133.1783180332,4647505.439979469,39.855990407248925
road_522_4,road,522,4,,unused,699100.5850235621,4647528.295942165,39.87541628697451
road_522_5,road,522,5,,unused,699068.4979751309,4647551.940680846,39.87745633492776
road_522_6,road,522,6,,unused,699036.488620295,4647575.657996691,39.87201713569655
road_522_7,road,522,7,,unused,699002.6340974619,4647596.304563861,39.834878832376496
road_522_8,road,522,8,,unused,698967.0697462573,4647613.774241312,39.8653349380488
road_522_9,road,522,9,,unused,698935.6827493204,4647638.230177068,39.87096550006628
road_522_10,road,522,10,,unused,698902.7275321275,4647660.642272645,39.8736849402096
road_523_0,road,523,0,,unused,699675.3443471882,4646962.753062806,30.771326310958333
road_523_1,road,523,1,,unused,699675.2578538789,4646932.044373467,30.780223068284123
road_523_2,road,523,2,,unused,699675.411895011,4646901.26809649,30.78113960563764
road_524_0,road,524,0,,unused,699654.802522779,4646953.738992517,21.14624270214329
road_524_1,road,524,1,,unused,699667.2172451917,4646936.6341336,21.129180145656424
road_525_0,road,525,0,,unused,698952.657218424,4647575.721679463,30.843846212242145
road_525_1,road,525,1,,unused,698933.9558723841,4647600.196084341,30.84079814062932
road_525_2,road,525,2,,unused,698914.6615122488,4647624.2413672665,30.84233639294388
road_525_3,road,525,3,,unused,698900.1810830483,4647651.383235173,30.843663913447426
road_526_0,road,526,0,,unused,698971.8160801864,4647548.51015943,35.715805164119075
road_526_1,road,526,1,,unused,698993.9568832237,4647520.5181757305,35.707000117188855
road_526_2,road,526,2,,unused,699012.2344937633,4647489.877604914,35.71805803073019
road_526_3,road,526,3,,unused,699030.2786575155,4647459.074778794,35.711535800043634
road_526_4,road,526,4,,unused,699050.4940869791,4647440.073991525,34.294450371906755
road_526_5,road,526,5,,unused,699058.6571887921,4647473.478092102,35.60413282256695
road_526_6,road,526,6,,unused,699049.7300494444,4647507.120606645,35.71814752101281
road_527_0,road,527,0,,unused,698992.733258842,4647359.571184295,35.288615661536014
road_527_1,road,527,1,,unused,699027.9229890491,4647362.211124308,35.2886156616521
road_527_2,road,527,2,,unused,699063.1218351455,4647364.708849878,35.2883289441571
road_527_3,road,527,3,,unused,699098.3641863903,4647366.512445237,35.288615661614365
road_527_4,road,527,4,,unused,699133.6066808063,4647368.316047923,35.2886156614981
road_527_5,road,527,5,,unused,699168.7832696217,4647370.979326221,35.28751553908681
road_527_6,road,527,6,,unused,699203.8836958198,4647374.613559912,35.28861566154414
road_527_7,road,527,7,,unused,699239.0250761682,4647377.782547402,35.2883159661206
road_528_0,road,528,0,,unused,699070.4187245154,4647434.64978677,37.91427801894287
road_528_1,road,528,1,,unused,699108.2734450602,4647436.77407728,37.91427801900693
road_528_2,road,528,2,,unused,699146.1267229696,4647438.898286835,37.91138820859239
road_528_3,road,528,3,,unused,699183.7295970328,4647443.685886234,37.91427801898655
road_529_0,road,529,0,,unused,699035.7190913582,4647433.193287907,31.597438313779733
road_529_1,road,529,1,,unused,699004.1609102442,4647431.555774468,31.604094520155524
road_529_2,road,529,2,,unused,698972.6737931371,4647428.870364603,31.60493231740584
road_529_3,road,529,3,,unused,698941.1782429917,4647426.367796057,31.604180784974854
road_530_0,road,530,0,,unused,699047.6218525125,4647434.235869035,0.8581176361603824
road_531_0,road,531,0,,unused,698890.8635242764,4647561.660519511,35.109379203693294
road_531_1,road,531,1,,unused,698918.362362664,4647539.986096291,35.10559630674112
road_531_2,road,531,2,,unused,698940.9861552928,4647513.464153323,35.08046112153811
road_531_3,road,531,3,,unused,698961.2909400357,4647485.076903347,35.05913838290315
road_531_4,road,531,4,,unused,698991.584926745,4647467.694739804,34.97943057119899
road_531_5,road,531,5,,unused,699014.214681159,4647441.179989631,35.005285507713445
road_532_0,road,532,0,,unused,699038.7857501082,4647418.363110367,34.35171996730817
road_532_1,road,532,1,,unused,699057.4721988757,4647389.62940309,34.29345952229887
road_532_2,road,532,2,,unused,699085.664074799,4647370.829141163,34.16729577104529
road_532_3,road,532,3,,unused,699107.5167671972,4647345.610282978,34.33917710699677
road_533_0,road,533,0,,unused,699213.1587086299,4647456.916466903,38.87387469007404
road_533_1,road,533,1,,unused,699251.9226727794,4647457.586363844,38.88746601369157
road_533_2,road,533,2,,unused,699290.7183897889,4647456.984757675,38.87386772453051
road_533_3,road,533,3,,unused,699329.2982651031,4647461.705492691,38.88838015096556
road_533_4,road,533,4,,unused,699368.0335382657,4647463.4787799325,38.88843441607517
road_533_5,road,533,5,,unused,699406.9016905572,4647462.367090016,38.88520141085346
road_533_6,road,533,6,,unused,699445.7571655168,4647463.876216977,38.8886368187861
road_533_7,road,533,7,,unused,699484.6378509281,4647464.663967072,38.88869273822408
road_533_8,road,533,8,,unused,699523.5211113335,4647465.117755948,38.88828095037885
road_534_0,road,534,0,,unused,699492.6727678603,4647275.839805547,32.75208481772196
road_534_1,road,534,1,,unused,699465.0722094631,4647293.304492008,32.77319902580878
road_534_2,road,534,2,,unused,699435.5655657465,4647307.481813681,32.77197602703052
road_534_3,road,534,3,,unused,699406.070965886,4647321.485960115,32.74899968237852
road_534_4,road,534,4,,unused,699375.3392700986,4647332.2949930895,32.599109733883154
road_535_0,road,535,0,,unused,699357.4329342258,4647344.87588479,39.531633773167385
road_535_1,road,535,1,,unused,699330.0180981497,4647373.054414768,39.48309739266104
road_535_2,road,535,2,,unused,699298.3582338094,4647396.087746151,39.42771252374696
road_536_0,road,536,0,,unused,699424.1782109597,4647280.038125358,32.24439404078531
road_537_0,road,537,0,,unused,699692.0840480708,4646924.63771597,38.41168027913372
road_537_1,road,537,1,,unused,699729.3462402631,4646928.572595144,38.44607622889586
road_537_2,road,537,2,,unused,699767.1356825756,4646935.511601228,38.44259793086875
road_537_3,road,537,3,,unused,699805.4108980801,4646938.53968003,38.44633491557301
road_537_4,road,537,4,,unused,699843.8419908273,4646939.621247634,38.446283149490085
road_537_5,road,537,5,,unused,699882.2635427447,4646940.99524771,38.44633491563511
road_537_6,road,537,6,,unused,699920.6889087594,4646941.812694114,38.44489329947714
road_537_7,road,537,7,,unused,699959.1273349175,4646941.119841012,38.44612639038571
road_537_8,road,537,8,,unused,699997.5695315258,4646941.266196626,38.43882402356163
road_537_9,road,537,9,,unused,700032.5434149127,4646945.848772859,36.3883734437207
road_537_10,road,537,10,,unused,700021.4740562139,4646971.115339866,38.438583738561086
road_537_11,road,537,11,,unused,699989.1025891007,4646991.667074488,38.4369184342393
road_537_12,road,537,12,,unused,699958.1777631076,4647014.413177143,38.44584766907153
road_537_13,road,537,13,,unused,699928.6254795305,4647038.970016862,38.41283781066632
road_537_14,road,537,14,,unused,699895.8833361381,4647058.698652546,38.43939846005285
road_537_15,road,537,15,,unused,699858.4176565201,4647066.885142759,38.43588063205825
road_537_16,road,537,16,,unused,699820.4217347738,4647072.347950544,38.44419698594131
road_537_17,road,537,17,,unused,699783.4460427454,4647082.551285277,38.4334258902419
road_537_18,road,537,18,,unused,699747.350005008,4647095.3707052935,38.338565120071294
road_537_19,road,537,19,,unused,699716.5047887632,4647117.971436676,38.394756710422016
road_537_20,road,537,20,,unused,699686.7187651773,4647140.29188293,38.37482072553986
road_538_0,road,538,0,,unused,699617.2635395933,4646889.733616031,36.52570879116087
road_538_1,road,538,1,,unused,699650.43008774,4646877.812587311,36.728616562119925
road_538_2,road,538,2,,unused,699687.0885573705,4646879.473185992,36.802218542591845
road_538_3,road,538,3,,unused,699723.6628632487,4646883.300965549,36.79645716525527
road_538_4,road,538,4,,unused,699760.4462168724,4646882.961195806,36.80018575959711
road_538_5,road,538,5,,unused,699797.214467138,4646882.035973435,36.80164196786588
road_538_6,road,538,6,,unused,699834.0102494012,4646882.71410486,36.80241918592737
road_538_7,road,538,7,,unused,699870.797992427,4646883.694032064,36.79954075361819
road_538_8,road,538,8,,unused,699907.38813922,4646887.324703212,36.7882906592108
road_538_9,road,538,9,,unused,699942.7669435103,4646897.407455064,36.80215413560813
road_538_10,road,538,10,,unused,699977.3560460961,4646909.723283763,36.78405557553279
road_538_11,road,538,11,,unused,700009.0560953557,4646928.299319657,36.79994857518509
road_539_0,road,539,0,,unused,699557.7126482624,4646769.945951801,38.380912181074976
road_539_1,road,539,1,,unused,699590.113828412,4646790.507950486,38.37992933595199
road_539_2,road,539,2,,unused,699627.3261990405,4646799.396710408,38.362516157971406
road_539_3,road,539,3,,unused,699664.8165813537,4646807.451355274,38.37979034418654
road_539_4,road,539,4,,unused,699701.7378854635,4646817.878557695,38.37566535622093
road_539_5,road,539,5,,unused,699737.0716366023,4646832.396282361,38.36601188439084
road_539_6,road,539,6,,unused,699772.7656940019,4646846.165774579,38.38145652245216
road_539_7,road,539,7,,unused,699809.579571303,4646856.956568224,38.38112460798708
road_539_8,road,539,8,,unused,699846.7800324749,4646866.383107091,38.37535924432253
road_539_9,road,539,9,,unused,699882.7335378735,4646879.808740827,38.381456522282
road_540_0,road,540,0,,unused,699178.9147515862,4647358.531362666,31.37231167212101
road_540_1,road,540,1,,unused,699197.9361157652,4647333.585204802,31.36979287353938
road_540_2,road,540,2,,unused,699214.8231128431,4647307.171007563,31.34643150447321
road_540_3,road,540,3,,unused,699235.4061178368,4647283.770120895,31.36746880745365
road_541_0,road,541,0,,unused,699073.3875151678,4647478.225777664,32.42030957719936
road_541_1,road,541,1,,unused,699099.0964886125,4647458.617739394,32.415565172537555
road_541_2,road,541,2,,unused,699123.0842770562,4647436.824244574,32.403271933268655
road_541_3,road,541,3,,unused,699142.7269502943,4647411.567544964,32.43051653149718
road_541_4,road,541,4,,unused,699159.8615162383,4647384.110711196,32.420198768958244
road_542_0,road,542,0,,unused,698907.7801703141,4647671.569131254,39.207635617950224
road_542_1,road,542,1,,unused,698946.917288838,4647672.536632508,39.222402116759646
road_542_2,road,542,2,,unused,698985.5456285523,4647666.383617728,39.19661801458318
road_542_3,road,542,3,,unused,699023.7761694643,4647658.609675529,39.220216779902096
road_542_4,road,542,4,,unused,699060.3660637618,4647644.510356343,39.204553954781325
road_542_5,road,542,5,,unused,699094.4103515676,4647625.23761984,39.19982800994465
road_542_6,road,542,6,,unused,699123.560697142,4647599.164591768,39.22462874146361
road_542_7,road,542,7,,unused,699152.2367392235,4647572.512653304,39.1691907370215
road_542_8,road,542,8,,unused,699188.6687720881,4647559.827778918,39.22044665771791
road_542_9,road,542,9,,unused,699225.7217247585,4647547.049285858,39.203211138013245
road_542_10,road,542,10,,unused,699264.4363235285,4647541.053713597,39.22358781864256
road_543_0,road,543,0,,unused,700013.6816543129,4646893.307378782,36.229571315126805
road_543_1,road,543,1,,unused,699977.6599347831,4646890.176406262,36.21807951937272
road_543_2,road,543,2,,unused,699941.4489802301,4646891.068058133,36.229571315165934
road_544_0,road,544,0,,unused,700055.9224670499,4646844.054235585,38.14814555029577
road_544_1,road,544,1,,unused,700017.7894503233,4646842.979971066,38.14814555041215
road_544_2,road,544,2,,unused,699979.6566327718,4646841.905712158,38.1477470419524
road_544_3,road,544,3,,unused,699941.5719809809,4646839.711006235,38.14814555038386
road_544_4,road,544,4,,unused,699903.4890253054,4646837.481769606,38.14814555032207
road_544_5,road,544,5,,unused,699865.4011350607,4646835.357372258,38.14805505618901
road_544_6,road,544,6,,unused,699827.2760452634,4646834.032576163,38.14814555029689
road_544_7,road,544,7,,unused,699789.1510068716,4646832.707781855,38.14795218314165
road_544_8,road,544,8,,unused,699751.0539458834,4646830.740196279,38.1481455502881
road_545_0,road,545,0,,unused,700011.4879950999,4646996.113983226,36.285656666171135
road_545_1,road,545,1,,unused,699975.2237830481,4646995.260521194,36.283043795668014
road_545_2,road,545,2,,unused,699939.0518399845,4646992.406645465,36.28565666612363
road_545_3,road,545,3,,unused,699902.8918073098,4646989.401723484,36.28559488601202
road_545_4,road,545,4,,unused,699866.7742933045,4646985.912909926,36.28565666610586
road_545_5,road,545,5,,unused,699830.6536846638,4646982.456126802,36.28565473065623
road_545_6,road,545,6,,unused,699794.5231542812,4646979.105921255,36.28563564132606
road_545_7,road,545,7,,unused,699758.3467053714,4646977.469125579,36.27445259461126
road_545_8,road,545,8,,unused,699723.1719763483,4646984.0519802375,36.271483044241066
road_546_0,road,546,0,,unused,699767.4792494572,4647012.602973936,37.40233507738439
road_546_1,road,546,1,,unused,699769.4893967132,4646975.257183372,37.39976662908905
road_546_2,road,546,2,,unused,699773.9793279034,4646938.127999168,37.39958635663424
road_546_3,road,546,3,,unused,699775.9342602534,4646900.779543591,37.40233507772789
road_547_0,road,547,0,,unused,699705.4184319562,4647007.206007693,32.34676294735011
road_547_1,road,547,1,,unused,699727.6646482231,4647025.579872415,32.35313958845626
road_547_2,road,547,2,,unused,699757.2525284284,4647038.13406589,32.13013543951244
road_548_0,road,548,0,,unused,699783.2694495419,4647038.568411003,38.18851336483351
road_548_1,road,548,1,,unused,699821.2920626586,4647041.273975583,38.20563849590663
road_548_2,road,548,2,,unused,699859.4448211351,4647040.790651892,38.18880898813893
road_548_3,road,548,3,,unused,699897.2336108902,4647045.526474164,38.20763919170941
road_549_0,road,549,0,,unused,700043.9422243059,4647051.324651154,35.69146669985055
road_549_1,road,549,1,,unused,700008.4230658328,4647047.900238439,35.686799717963495
road_549_2,road,549,2,,unused,699972.8317636219,4647046.356410928,35.68459047454663
road_549_3,road,549,3,,unused,699937.1788918121,4647047.024189477,35.691466699860825
road_550_0,road,550,0,,unused,699690.4878544294,4646975.300410624,34.3991861448339
road_550_1,road,550,1,,unused,699724.7625241228,4646973.364690788,34.30199269800185
road_551_0,road,551,0,,unused,699626.1436203285,4646784.985615121,38.45986684484538
road_551_1,road,551,1,,unused,699662.3851035384,4646777.014986443,38.487432676315336
road_551_2,road,551,2,,unused,699700.75343305,4646778.297538651,38.49012165651122
road_551_3,road,551,3,,unused,699738.8921486988,4646777.010526711,38.4423482077199
road_551_4,road,551,4,,unused,699777.2016136871,4646774.864297291,38.46975531625759
road_551_5,road,551,5,,unused,699815.1567117979,4646780.622823644,38.48243686907228
road_551_6,road,551,6,,unused,699853.4413407583,4646783.867437258,38.48781389261223
road_551_7,road,551,7,,unused,699891.8689384891,4646782.747751278,38.48299653272844
road_551_8,road,551,8,,unused,699930.2885730077,4646784.744045365,38.48194514427086
road_551_9,road,551,9,,unused,699968.7218265765,4646784.972165132,38.48616564064828
road_551_10,road,551,10,,unused,700007.1227619051,4646787.529339384,38.48933099811297
road_551_11,road,551,11,,unused,700045.3653228964,4646790.189314417,38.33777282731598
road_552_0,road,552,0,,unused,700060.7932925652,4646949.512602147,38.811936807179976
road_552_1,road,552,1,,unused,700099.2333126296,4646946.498674988,38.77586963208477
road_552_2,road,552,2,,unused,700135.4646596687,4646933.008533388,38.805960595463056
road_552_3,road,552,3,,unused,700172.9365394713,4646923.158645945,38.80197253779927
road_552_4,road,552,4,,unused,700211.0263076066,4646925.841540605,38.79716207649316
road_552_5,road,552,5,,unused,700247.9372567369,4646936.774648392,38.695301118271225
road_552_6,road,552,6,,unused,700273.5768573997,4646965.69219323,38.80004877285204
road_552_7,road,552,7,,unused,700298.3800639403,4646993.796940834,36.28973999975908
road_552_8,road,552,8,,unused,700280.4378828659,4647007.254716404,38.82287147932812
road_552_9,road,552,9,,unused,700242.1233059688,4647013.487387982,38.81429123411517
road_552_10,road,552,10,,unused,700203.5310742311,4647016.325510171,38.790745430748274
road_552_11,road,552,11,,unused,700165.6226184755,4647009.989179408,38.80476543376796
road_552_12,road,552,12,,unused,700127.0448087663,4647007.311123021,38.72955879224392
road_552_13,road,552,13,,unused,700090.7680706887,4646996.6095588,38.810798178564994
road_552_14,road,552,14,,unused,700065.9634129148,4646968.169858804,38.694620510117375
road_553_0,road,553,0,,unused,700107.075574813,4646874.573060936,36.62162828241744
road_553_1,road,553,1,,unused,700138.8881783633,4646856.58736026,36.62675464174099
road_553_2,road,553,2,,unused,700170.9093779054,4646840.015194222,35.50275420196726
road_553_3,road,553,3,,unused,700156.7339846734,4646810.075709392,36.625948469563
road_553_4,road,553,4,,unused,700134.3279221385,4646781.1406951165,36.60929084993138
road_553_5,road,553,5,,unused,700104.3829987297,4646761.387192206,36.237118677355305
road_553_6,road,553,6,,unused,700074.5005302391,4646767.828370395,36.62145407256492
road_554_0,road,554,0,,unused,700290.4365228346,4647014.515379139,38.986137975799934
road_554_1,road,554,1,,unused,700255.5951353062,4647031.47125089,38.97346377278987
road_554_2,road,554,2,,unused,700220.2900963441,4647047.699270842,38.98613797598102
road_554_3,road,554,3,,unused,700186.3822000865,4647066.932911075,38.98541990629588
road_555_0,road,555,0,,unused,699500.7445802884,4647287.576986192,35.28480856541772
road_555_1,road,555,1,,unused,699535.8139430754,4647289.46287993,35.2752906605008
road_555_2,road,555,2,,unused,699570.554808191,4647283.361851388,35.29400956534668
road_555_3,road,555,3,,unused,699604.4543343771,4647273.773558372,35.283405396606845
road_555_4,road,555,4,,unused,699639.4566101326,4647269.913764615,35.28116274235039
road_555_5,road,555,5,,unused,699674.6932996771,4647271.7930325465,35.29415967770425
road_555_6,road,555,6,,unused,699709.9113125014,4647272.561822723,35.278740460055204
road_556_0,road,556,0,,unused,699438.8152603869,4647315.365703811,38.07561652040014
road_556_1,road,556,1,,unused,699476.8370841462,4647316.763320785,38.07852908096476
road_556_2,road,556,2,,unused,699514.8119809894,4647319.46365242,38.0742544132256
road_556_3,road,556,3,,unused,699552.6600574926,4647322.967394426,38.08042439851468
road_556_4,road,556,4,,unused,699590.1085206252,4647329.77259906,38.07989205010361
road_556_5,road,556,5,,unused,699592.1738949011,4647341.87769703,36.582943445926354
road_556_6,road,556,6,,unused,699557.2743919379,4647354.983747435,38.03297181943479
road_556_7,road,556,7,,unused,699520.6963700227,4647364.250248166,38.07802526657437
road_556_8,road,556,8,,unused,699482.6874594544,4647365.890826856,38.079465430990446
road_556_9,road,556,9,,unused,699444.6543890818,4647365.329032058,38.00176279690925
road_556_10,road,556,10,,unused,699409.2454960111,4647379.130096844,38.075427511489615
road_556_11,road,556,11,,unused,699375.4750964075,4647396.717460885,38.08043748247263
road_556_12,road,556,12,,unused,699341.3745312921,4647413.620464035,38.07783924645776
road_556_13,road,556,13,,unused,699306.9184045505,4647429.799788496,38.07993087465336
road_556_14,road,556,14,,unused,699273.3802850101,4647447.80688292,38.07971315819
road_557_0,road,557,0,,unused,699895.3885810972,4647075.995425409,37.63521275739927
road_557_1,road,557,1,,unused,699929.073197886,4647092.702525901,37.72206443871261
road_557_2,road,557,2,,unused,699960.4520474523,4647113.502962954,37.72235015312029
road_557_3,road,557,3,,unused,699991.489128297,4647134.105835276,37.68288855995304
road_557_4,road,557,4,,unused,700028.412124626,4647141.543410833,37.68245596675221
road_557_5,road,557,5,,unused,700065.5036592416,4647145.949305306,37.68735572212846
road_557_6,road,557,6,,unused,700101.44369334,4647157.156137367,37.6636809006782
road_557_7,road,557,7,,unused,700138.5682486743,4647156.14432348,37.68633516671493
road_557_8,road,557,8,,unused,700175.131214122,4647148.665142944,37.7277027773759
road_557_9,road,557,9,,unused,700212.7016251002,4647145.9053107705,37.71283767614237
road_557_10,road,557,10,,unused,700250.3168896218,4647145.826110796,37.72807378891864
road_557_11,road,557,11,,unused,700287.9951218042,4647145.424781995,37.71878275047088
road_558_0,road,558,0,,unused,700100.222069388,4646897.066608356,33.24443008001883
road_558_1,road,558,1,,unused,700124.575633801,4646919.521921635,33.229938413790734
road_559_0,road,559,0,,unused,700143.438608825,4646965.492952311,34.88906023441909
road_559_1,road,559,1,,unused,700112.2288770939,4646951.248239168,34.68020868998965
road_560_0,road,560,0,,unused,700037.1379862408,4647413.036812068,39.26030345110036
road_560_1,road,560,1,,unused,700074.0773375226,4647400.717916442,39.24077030904612
road_560_2,road,560,2,,unused,700107.0627664161,4647379.695753809,39.26001073898654
road_560_3,road,560,3,,unused,700137.9861240097,4647355.526162333,39.24090722501442
road_560_4,road,560,4,,unused,700164.2097784,4647326.369977179,39.21235647900748
road_560_5,road,560,5,,unused,700197.8056912298,4647306.674054074,39.25644483490835
road_560_6,road,560,6,,unused,700234.9871227879,4647294.376204806,39.253614298699134
road_560_7,road,560,7,,unused,700273.8668881631,4647290.273257191,39.2402399684132
road_560_8,road,560,8,,unused,700312.9744605238,4647292.886130428,39.26015699378151
road_560_9,road,560,9,,unused,700352.100607891,4647296.075974357,39.26030345101538
road_561_0,road,561,0,,unused,700087.9955151723,4647320.407160071,36.97610215342711
road_561_1,road,561,1,,unused,700051.2247383603,4647316.5449585775,36.97660938384799
road_561_2,road,561,2,,unused,700014.3480159397,4647315.951203415,36.9630182333399
road_561_3,road,561,3,,unused,699977.77116894,4647312.474235566,36.9303064317909
road_561_4,road,561,4,,unused,699945.6909258536,4647295.3182427,35.92044566467072
road_561_5,road,561,5,,unused,699945.8902819094,4647309.514189805,36.9766649442157
road_561_6,road,561,6,,unused,699966.524418751,4647340.183434826,36.9751430097832
road_561_7,road,561,7,,unused,699988.2620671687,4647370.092853641,36.97663500662158
road_561_8,road,561,8,,unused,700008.789006755,4647400.767177954,36.97020046634051
road_562_0,road,562,0,,unused,700392.5130675521,4647187.164124663,36.356652051712885
road_562_1,road,562,1,,unused,700423.9059839224,4647205.266479601,36.31462014756051
road_562_2,road,562,2,,unused,700459.8564614657,4647209.063391764,36.32584122939089
road_562_3,road,562,3,,unused,700490.2380476539,4647226.185199719,36.2623941395634
road_562_4,road,562,4,,unused,700506.9536475106,4647257.816365217,36.34576670685105
road_563_0,road,563,0,,unused,699932.2433000655,4647272.944446558,28.713423212251996
road_563_1,road,563,1,,unused,699960.1702324708,4647278.759462571,28.81150959393233
road_563_2,road,563,2,,unused,699988.7998161628,4647281.610193862,28.80521111761804
road_564_0,road,564,0,,unused,699754.8681182613,4647180.060450893,35.255410361644145
road_564_1,road,564,1,,unused,699789.2527297626,4647187.413348643,35.35242688351892
road_564_2,road,564,2,,unused,699824.214565136,4647186.860012702,35.336545145545664
road_565_0,road,565,0,,unused,699722.033561564,4647187.805929795,29.678925762203228
road_565_1,road,565,1,,unused,699695.0103158444,4647199.723378875,29.655148124486114
road_565_2,road,565,2,,unused,699668.7873304907,4647213.094937302,29.636374331792094
road_566_0,road,566,0,,unused,699858.6036114278,4647193.886157772,37.9495907625855
road_566_1,road,566,1,,unused,699887.2374870984,4647218.663152532,37.95950323599201
road_566_2,road,566,2,,unused,699910.8078033681,4647248.37196764,37.96265620423278
road_567_0,road,567,0,,unused,699929.0875071001,4647284.063490057,13.636432718119964
road_568_0,road,568,0,,unused,699922.7614961104,4647271.640055506,14.609502568857057
road_569_0,road,569,0,,unused,699928.1864975874,4647250.911677049,34.48328742779708
road_569_1,road,569,1,,unused,699962.6079726118,4647249.922752135,34.4876594347929
road_569_2,road,569,2,,unused,699996.5454376395,4647254.606478881,34.456980246294535
road_569_3,road,569,3,,unused,700029.6492986081,4647263.305898596,34.43438504420503
road_569_4,road,569,4,,unused,700064.0449317512,4647262.544559848,34.48732135718046
road_569_5,road,569,5,,unused,700097.9334872485,4647264.145700281,34.27829906715412
road_569_6,road,569,6,,unused,700130.855610783,4647267.732462872,34.39567717044336
road_570_0,road,570,0,,unused,700122.6309931925,4647320.261650938,32.80514555799101
road_570_1,road,570,1,,unused,700151.5082252505,4647304.902013213,32.80303060451904
road_570_2,road,570,2,,unused,700182.0198106368,4647294.529137309,32.8063666831361
road_570_3,road,570,3,,unused,700214.8259803053,4647294.719658018,32.82430163748067
road_571_0,road,571,0,,unused,699975.9494229127,4647329.328817009,38.800982987659545
road_571_1,road,571,1,,unused,700007.937527001,4647349.240255388,39.0058487718738
road_571_2,road,571,2,,unused,700046.9306092628,4647347.811192443,39.05065515711676
road_571_3,road,571,3,,unused,700085.6466376137,4647342.995262821,39.04472811323304
road_571_4,road,571,4,,unused,700124.1547249539,4647345.924010904,39.033591389076
road_572_0,road,572,0,,unused,699526.4939948258,4647263.252492133,36.66960419191021
road_572_1,road,572,1,,unused,699563.0961314333,4647265.465711681,36.67086137577055
road_572_2,road,572,2,,unused,699599.6937038215,4647267.563079986,36.6609432600254
road_573_0,road,573,0,,unused,699579.3902353188,4647237.439702789,38.63350834814323
road_573_1,road,573,1,,unused,699617.6229357929,4647240.366388359,38.56370654487881
road_573_2,road,573,2,,unused,699654.2730733876,4647230.566783224,38.57910659675871
road_573_3,road,573,3,,unused,699692.7551817612,4647233.376604376,38.66049176999092
road_573_4,road,573,4,,unused,699731.2018936544,4647236.27315906,38.63278287926916
road_573_5,road,573,5,,unused,699769.7113062186,4647236.145793431,38.58878358149792
road_574_0,road,574,0,,unused,699109.1826602706,4647537.666478288,36.65764702026397
road_574_1,road,574,1,,unused,699145.7117651697,4647540.688967571,36.65582356904346
road_574_2,road,574,2,,unused,699182.3211856522,4647540.751075682,36.65414125097908
road_574_3,road,574,3,,unused,699218.9126003699,4647540.800502102,36.63892720863849
road_575_0,road,575,0,,unused,699755.2859265767,4647827.443866981,37.00960914290622
road_575_1,road,575,1,,unused,699762.0623723225,4647861.430141367,37.30401036684219
road_576_0,road,576,0,,unused,699792.1746287956,4648063.857664505,34.52831766439645
road_576_1,road,576,1,,unused,699826.6427048485,4648063.948393667,34.431742464336786
road_576_2,road,576,2,,unused,699859.3527585778,4648054.823743588,34.41964342386072
road_576_3,road,576,3,,unused,699891.9399521122,4648065.1917764265,34.52809518422433
road_577_0,road,577,0,,unused,699963.0286738041,4648585.600537033,35.082071960494964
road_577_1,road,577,1,,unused,699965.7314873715,4648550.639954283,35.07752392124134
road_577_2,road,577,2,,unused,699970.5068285943,4648515.893129479,35.08027259741684
road_577_3,road,577,3,,unused,699976.5043236098,4648481.352529931,35.07548047261628
road_578_0,road,578,0,,unused,700516.1216067737,4648182.684291374,21.429458206315616
road_578_1,road,578,1,,unused,700520.4350179115,4648202.562110768,21.47634321021536
road_579_0,road,579,0,,unused,699943.486202407,4647119.506056507,32.36322498380244
road_579_1,road,579,1,,unused,699948.6356942263,4647150.716228403,32.36172670069095
road_579_2,road,579,2,,unused,699966.8972492117,4647177.06527658,32.36046425666668
road_579_3,road,579,3,,unused,699989.2508505901,4647200.438654604,32.328316303699694
road_580_0,road,580,0,,unused,699849.5779825846,4646359.474299047,38.36267570477069
road_580_1,road,580,1,,unused,699870.4212534345,4646327.281445956,38.35947499060141
road_580_2,road,580,2,,unused,699893.5730053205,4646296.837739798,38.356058953105936
road_580_3,road,580,3,,unused,699917.165923842,4646267.026635738,38.34898884763547
road_580_4,road,580,4,,unused,699940.702101088,4646236.819111468,38.35079120481879
road_580_5,road,580,5,,unused,699964.8421493648,4646207.114030004,38.34363265450345
road_581_0,road,581,0,,unused,698249.123200753,4648649.03570714,32.32139379708746
road_581_1,road,581,1,,unused,698262.5670859083,4648619.648685463,32.31155602371758
road_581_2,road,581,2,,unused,698272.9906413563,4648589.113930848,32.32148277375769
road_582_0,road,582,0,,unused,699029.540460855,4648210.805660579,35.53268102480399
road_582_1,road,582,1,,unused,699053.9510151654,4648236.562906782,35.53914286226331
road_582_2,road,582,2,,unused,699081.5147532639,4648258.669702491,35.50612686775788
road_582_3,road,582,3,,unused,699108.4950577916,4648280.543959157,35.39767842218687
road_582_4,road,582,4,,unused,699112.8495906122,4648315.073266097,35.53949581482145
road_582_5,road,582,5,,unused,699111.6468487022,4648350.455068631,35.53777803279039
road_582_6,road,582,6,,unused,699104.9862262859,4648385.36280411,35.538895748888955
road_582_7,road,582,7,,unused,699097.2403324818,4648420.047607209,35.53949581454709
road_583_0,road,583,0,,unused,699378.8745347802,4648775.288928123,33.926084194434495
road_583_1,road,583,1,,unused,699348.7272164408,4648788.985643865,33.93755992297151
road_583_2,road,583,2,,unused,699316.7238169016,4648781.046819533,33.90662914924873
road_584_0,road,584,0,,unused,699342.784353632,4648757.425115717,35.39584721864917
road_584_1,road,584,1,,unused,699376.618716346,4648766.920729461,35.434976871506265
road_585_0,road,585,0,,unused,699419.4120399475,4648761.968132876,34.834049392292904
road_585_1,road,585,1,,unused,699450.0975254136,4648745.634056644,34.81594604004334
road_585_2,road,585,2,,unused,699481.2957540338,4648730.179844584,34.834083619336425
road_585_3,road,585,3,,unused,699512.3859692769,4648714.484510246,34.83436735036993
road_586_0,road,586,0,,unused,699664.1590772934,4648768.212451895,29.779119201288275
road_586_1,road,586,1,,unused,699692.5131948864,4648776.189739824,29.747831755730296
road_587_0,road,587,0,,unused,699849.9189695173,4648644.783949077,28.961439669882598
road_587_1,road,587,1,,unused,699873.3863799883,4648627.82940504,28.950539433617244
road_587_2,road,587,2,,unused,699892.8531982122,4648606.538511332,28.92108568709072
road_588_0,road,588,0,,unused,699394.3212117242,4648541.234960564,33.74501561989927
road_588_1,road,588,1,,unused,699422.8922316721,4648558.420976161,33.809249409918884
road_589_0,road,589,0,,unused,699238.362027141,4648761.226338943,32.37963242853708
road_589_1,road,589,1,,unused,699259.016720948,4648785.612927336,32.33387342729
road_589_2,road,589,2,,unused,699290.4611563332,4648791.318695446,32.35501487464206
road_590_0,road,590,0,,unused,698347.7587831222,4648812.957868933,34.77362150601886
road_590_1,road,590,1,,unused,698382.4815038478,4648811.075199538,34.77535165743991
road_590_2,road,590,2,,unused,698417.1970131487,4648811.2071361495,34.75870295314466
road_590_3,road,590,3,,unused,698451.610180046,4648815.772525489,34.76637697604972
road_590_4,road,590,4,,unused,698486.2327010116,4648815.733139619,34.74494179348417
road_591_0,road,591,0,,unused,698318.0294714948,4648832.9317953,37.35429195790361
road_591_1,road,591,1,,unused,698309.9344759082,4648869.396628054,37.35435852458321
road_591_2,road,591,2,,unused,698289.3939475947,4648893.4237663895,36.92830055112732
road_592_0,road,592,0,,unused,698328.6105858334,4648811.880103994,4.286275121332039
road_593_0,road,593,0,,unused,698126.2748823161,4648608.828559364,39.25975377714033
road_593_1,road,593,1,,unused,698165.4948789958,4648608.235597343,39.25291855778396
road_593_2,road,593,2,,unused,698202.185856613,4648620.522422174,39.22441303055953
road_593_3,road,593,3,,unused,698235.6670958704,4648639.596899105,39.16424288581101
road_594_0,road,594,0,,unused,697856.7564455782,4648562.9477334935,35.71754002094065
road_594_1,road,594,1,,unused,697821.0336503589,4648561.160714105,35.81744144869812
road_594_2,road,594,2,,unused,697786.0465735878,4648563.930427297,35.77998910462109
road_594_3,road,594,3,,unused,697756.6671073202,4648584.063420953,35.81361420998934
road_594_4,road,594,4,,unused,697731.436216892,4648609.346850127,35.78625651714788
road_594_5,road,594,5,,unused,697704.4016695517,4648632.675695024,35.7763975345307
road_595_0,road,595,0,,unused,697778.7095762063,4648561.196617124,30.501396880459183
road_595_1,road,595,1,,unused,697748.4866523211,4648565.07367148,30.50173646466749
road_595_2,road,595,2,,unused,697718.077953202,4648565.124625833,30.504354076561054
road_595_3,road,595,3,,unused,697688.1728053647,4648560.783800948,30.34033697586514
road_596_0,road,596,0,,unused,698040.847924776,4648298.762807754,39.24510239226399
road_596_1,road,596,1,,unused,698009.9147313121,4648322.914735294,39.24510239217223
road_596_2,road,596,2,,unused,697978.9890159384,4648347.060824113,39.226127408872685
road_596_3,road,596,3,,unused,697946.2904611146,4648368.437220838,39.14152092165535
road_596_4,road,596,4,,unused,697908.55632652,4648378.400230257,39.197087133973135
road_597_0,road,597,0,,unused,699774.5660593604,4648707.630816249,37.76768190333382
road_597_1,road,597,1,,unused,699807.7704860691,4648724.606317434,37.80444537264268
road_597_2,road,597,2,,unused,699842.6498940942,4648731.046142245,37.64775475002193
road_597_3,road,597,3,,unused,699878.0886758888,4648718.559083144,37.84959570483731
road_597_4,road,597,4,,unused,699912.7684032352,4648703.659479251,37.77218195079967
road_597_5,road,597,5,,unused,699940.6057963787,4648679.227980388,37.85172641768993
road_598_0,road,598,0,,unused,700391.8708097694,4647549.066251472,36.56540892000011
road_598_1,road,598,1,,unused,700415.9867656871,4647576.32669185,36.55343339941196
road_598_2,road,598,2,,unused,700444.0131124373,4647599.7438844405,36.56350376318743
road_598_3,road,598,3,,unused,700471.9214682719,4647623.35871033,36.55986854207811
road_598_4,road,598,4,,unused,700502.9803935887,4647642.283177529,36.53553492697767
road_598_5,road,598,5,,unused,700536.7440692678,4647655.961139833,36.52375453378685
road_598_6,road,598,6,,unused,700572.8335128913,4647659.1122299,36.50261368984875
road_599_0,road,599,0,,unused,700570.5075585076,4647626.910585327,34.54076115668914
road_599_1,road,599,1,,unused,700541.3933207336,4647645.305419839,34.54858064235863
road_600_0,road,600,0,,unused,700143.6463935818,4646775.221287169,32.59915196428735
road_600_1,road,600,1,,unused,700174.8861689619,4646784.575612748,32.63422815759981
road_600_2,road,600,2,,unused,700204.8427736546,4646797.210023666,32.648406944007604
road_600_3,road,600,3,,unused,700234.2419606119,4646811.378729064,32.62844020063143
road_600_4,road,600,4,,unused,700265.5176925007,4646820.2283357,32.644311389816856
road_601_0,road,601,0,,unused,700326.0496064507,4646999.584471216,39.30083811715008
road_601_1,road,601,1,,unused,700363.028246476,4646986.299339059,39.3040673563142
road_601_2,road,601,2,,unused,700397.679239008,4646967.846014648,39.29862612984567
road_602_0,road,602,0,,unused,700384.3721538499,4647309.432564063,35.267761269227954
road_602_1,road,602,1,,unused,700405.7541715923,4647337.033954371,35.31184651366208
road_602_2,road,602,2,,unused,700419.0083858109,4647369.666017519,35.307922326709324
road_602_3,road,602,3,,unused,700423.3336556606,4647404.424153105,35.31815249136715
road_602_4,road,602,4,,unused,700424.4518138252,4647439.708886948,35.315457291943915
road_602_5,road,602,5,,unused,700421.4216433584,4647474.771552123,35.29873115394897
road_603_0,road,603,0,,unused,700378.3690340229,4647415.137338144,34.59938637835494
road_603_1,road,603,1,,unused,700387.0572570089,4647381.85819097,34.57083424139006
road_603_2,road,603,2,,unused,700386.6833468686,4647347.357630037,34.5685916638927
road_603_3,road,603,3,,unused,700377.4787314472,4647314.052923247,34.60206094997193
road_604_0,road,604,0,,unused,700436.8589125467,4647411.444746928,31.54602813790952
road_604_1,road,604,1,,unused,700458.2974230206,4647434.359494411,31.55052898619538
road_605_0,road,605,0,,unused,700474.8459265421,4647442.872497252,30.117702104715004
road_605_1,road,605,1,,unused,700493.3053307321,4647419.222799126,30.093064477470985
road_605_2,road,605,2,,unused,700502.5274062351,4647390.704561027,30.10234071005229
road_605_3,road,605,3,,unused,700508.4179512026,4647361.331715448,30.096028703703208
road_606_0,road,606,0,,unused,700533.2983213391,4647359.014348059,35.24185345415343
road_606_1,road,606,1,,unused,700532.4335665995,4647393.82919526,35.23547215680053
road_606_2,road,606,2,,unused,700523.1946150895,4647427.781802499,35.26469849675722
road_606_3,road,606,3,,unused,700511.663531159,4647461.083034569,35.25955812378912
road_606_4,road,606,4,,unused,700494.7580033304,4647491.808825187,35.1998968358366
road_606_5,road,606,5,,unused,700486.5273440201,4647525.489442516,35.22300217143495
road_607_0,road,607,0,,unused,700326.7777179278,4647605.348655648,31.271077592736365
road_607_1,road,607,1,,unused,700342.7483430215,4647632.171122434,31.223569239611976
road_607_2,road,607,2,,unused,700350.7635388972,4647661.897215259,31.26497994291572
road_608_0,road,608,0,,unused,700466.1741869836,4647421.689673856,33.73827714436767
road_608_1,road,608,1,,unused,700475.0739994957,4647389.257691669,33.7441451307807
road_608_2,road,608,2,,unused,700478.2900216876,4647355.827806954,33.68400316046417
road_608_3,road,608,3,,unused,700463.1596265973,4647325.989386895,33.750333546039535
road_609_0,road,609,0,,unused,698962.910460644,4647373.73279317,39.45638769134035
road_609_1,road,609,1,,unused,698938.3248360407,4647404.592759317,39.456411672142494
road_609_2,road,609,2,,unused,698913.6660873588,4647435.394603161,39.456409869879046
road_609_3,road,609,3,,unused,698889.0458809065,4647466.227277148,39.45641167171812
road_610_0,road,610,0,,unused,698985.8245785654,4647342.622525766,37.80463714137997
road_610_1,road,610,1,,unused,699007.4110032937,4647311.619515301,37.7847118645012
road_610_2,road,610,2,,unused,699034.0101924337,4647284.769551467,37.80463714108212
road_610_3,road,610,3,,unused,699060.6157331449,4647257.913176182,37.80276170426832
road_610_4,road,610,4,,unused,699088.9109478412,4647232.8448951645,37.80345359885846
road_610_5,road,610,5,,unused,699116.3664146751,4647206.886130297,37.80463714130093
road_610_6,road,610,6,,unused,699142.9877929116,4647180.044223735,37.804508524782776
road_610_7,road,610,7,,unused,699170.059365574,4647153.657120456,37.80463714191774
road_610_8,road,610,8,,unused,699197.1816303275,4647127.321388567,37.804569161566704
road_610_9,road,610,9,,unused,699224.4861752726,4647101.1755169295,37.8046371412419
road_610_10,road,610,10,,unused,699251.9179675366,4647075.162301777,37.80463714179827
road_610_11,road,610,11,,unused,699279.3497598001,4647049.149086623,37.80463714115743
road_611_0,road,611,0,,unused,699376.7336119091,4648008.674044379,39.93296357436867
road_611_1,road,611,1,,unused,699416.6611347495,4648009.333210252,39.932963574353295
road_611_2,road,611,2,,unused,699456.5886575901,4648009.992376125,39.93296357436866
road_611_3,road,611,3,,unused,699496.5156839091,4648010.6515338,39.93197039569189
road_611_4,road,611,4,,unused,699536.3699301378,4648013.145553075,39.93296357429793
road_611_5,road,611,5,,unused,699576.221489406,4648015.694043553,39.93296357441411
road_611_6,road,611,6,,unused,699616.0730486742,4648018.242534033,39.93296357429793
road_611_7,road,611,7,,unused,699655.9246079425,4648020.791024512,39.93296357441411
road_611_8,road,611,8,,unused,699695.7782006881,4648023.291545866,39.931364764958566
road_611_9,road,611,9,,unused,699735.7072909628,4648022.796081326,39.93296357436856
road_612_0,road,612,0,,unused,700365.3400977534,4647634.035982036,31.29149740414196
road_612_1,road,612,1,,unused,700367.6185101039,4647665.189808546,31.283471049336708
road_612_2,road,612,2,,unused,700375.2307462621,4647695.324487864,31.22958936367353
road_612_3,road,612,3,,unused,700390.7944497946,4647722.095908464,31.248679387053144
road_613_0,road,613,0,,unused,700458.8918704715,4647539.038573723,39.47127995577681
road_613_1,road,613,1,,unused,700483.7592970565,4647569.092762276,39.43532297659385
road_613_2,road,613,2,,unused,700519.8436620334,4647582.64882047,39.47828317379541
road_614_0,road,614,0,,unused,700462.7456354257,4647529.310097824,32.449623260533755
road_614_1,road,614,1,,unused,700492.2690769783,4647542.305928716,32.43061050041517
road_614_2,road,614,2,,unused,700523.9295416218,4647548.435831936,32.4524758977045
road_614_3,road,614,3,,unused,700556.3596589947,4647549.685582434,32.46994356994534
road_615_0,road,615,0,,unused,699230.8880838802,4647171.377868259,33.228857778915035
road_615_1,road,615,1,,unused,699247.6589008726,4647142.814410757,33.17961336584456
road_615_2,road,615,2,,unused,699256.094884043,4647110.783074762,33.23169798957676
road_615_3,road,615,3,,unused,699264.3451290424,4647078.638218883,33.217217533334065
road_616_0,road,616,0,,unused,699196.1177991666,4647148.73334908,29.260323383753903
road_616_1,road,616,1,,unused,699216.6874473137,4647169.532985392,29.26141521131578
road_617_0,road,617,0,,unused,699901.2584094502,4647818.65417238,39.90869705323136
road_617_1,road,617,1,,unused,699940.8228554929,4647823.008584844,39.90796428465918
road_618_0,road,618,0,,unused,699912.2604762011,4648300.084842553,37.19965276229856
road_618_1,road,618,1,,unused,699883.9774461852,4648324.197864541,37.19175133982054
road_618_2,road,618,2,,unused,699859.9512278179,4648352.557098552,37.16565014460346
road_618_3,road,618,3,,unused,699848.5188255898,4648386.95990342,37.181688219348416
road_618_4,road,618,4,,unused,699850.3909568443,4648424.004277486,37.17291085479843
road_619_0,road,619,0,,unused,699773.0672213936,4648364.89056374,27.124023367468443
road_619_1,road,619,1,,unused,699775.1551734871,4648337.946184522,27.063757238931824
road_619_2,road,619,2,,unused,699783.8978033471,4648313.018442189,27.09484184832992
road_620_0,road,620,0,,unused,699761.8303947857,4648259.046170274,23.87933109386809
road_620_1,road,620,1,,unused,699738.2054598125,4648259.331962855,23.863898674845988
road_621_0,road,621,0,,unused,699787.8743269229,4648263.863920115,39.79455846391611
road_621_1,road,621,1,,unused,699827.5359778107,4648262.418322867,39.921401187072846
road_621_2,road,621,2,,unused,699867.3911682563,4648260.404567439,39.92274835681911
road_621_3,road,621,3,,unused,699907.1865927655,4648263.512208666,39.9299272140929
road_622_0,road,622,0,,unused,699504.2182634985,4648207.819230952,29.78743236433598
road_622_1,road,622,1,,unused,699509.1829515173,4648237.179517243,29.774179876291832
road_623_0,road,623,0,,unused,699353.5043136764,4648110.16350418,35.020628632026586
road_623_1,road,623,1,,unused,699352.249056154,4648144.804154764,35.06677819550586
road_624_0,road,624,0,,unused,698715.618925176,4648567.640304114,38.73698293024373
road_624_1,road,624,1,,unused,698754.1117021908,4648571.223068284,38.73601727174586
road_625_0,road,625,0,,unused,698626.1800142535,4648516.6648925245,37.355947523274224
road_625_1,road,625,1,,unused,698595.6930515604,4648496.714754538,37.29321198317796
road_625_2,road,625,2,,unused,698559.5165751948,4648491.486919886,36.45118199438568
road_625_3,road,625,3,,unused,698574.3189445053,4648516.600228366,37.30512045487714
road_625_4,road,625,4,,unused,698601.0836982378,4648542.008336355,37.35120571428665
road_626_0,road,626,0,,unused,697804.4847130626,4648547.555583314,35.74977797372725
road_626_1,road,626,1,,unused,697829.0898213192,4648522.2993983785,35.5741236235352
road_626_2,road,626,2,,unused,697850.6766888149,4648494.009746592,35.72596248530838
road_627_0,road,627,0,,unused,699716.6372284673,4647138.038035453,36.39069254859554
road_627_1,road,627,1,,unused,699752.734770358,4647136.589257857,36.473852809051785
road_627_2,road,627,2,,unused,699788.980701843,4647140.541045786,36.472515599988775
road_627_3,road,627,3,,unused,699825.3486271813,4647142.373786044,36.4559957756499
road_627_4,road,627,4,,unused,699861.4300228229,4647142.108656524,36.43373806175581
road_627_5,road,627,5,,unused,699896.1270514438,4647153.091432199,36.45195676575161
road_627_6,road,627,6,,unused,699926.4992506113,4647172.581219996,36.449337596692274
road_627_7,road,627,7,,unused,699946.2446473653,4647203.001004016,36.46565531731807
road_627_8,road,627,8,,unused,699963.5946813411,4647234.633398404,36.44915734531445
road_628_0,road,628,0,,unused,699626.807981389,4647327.988576614,36.80822585925653
road_628_1,road,628,1,,unused,699660.3349907477,4647313.0456056725,36.78773728207214
road_628_2,road,628,2,,unused,699695.0945901778,4647301.754944347,36.714613658660426
road_628_3,road,628,3,,unused,699727.0653428094,4647285.349863196,35.96939812591785
road_629_0,road,629,0,,unused,699739.7201048719,4647269.055241405,36.074643249617054
road_629_1,road,629,1,,unused,699771.1617449821,4647251.647565426,36.03070826700517
road_630_0,road,630,0,,unused,699571.4523536654,4647318.0312521625,32.39326999676446
road_630_1,road,630,1,,unused,699599.3164072105,4647301.6367008565,32.405403426618435
road_631_0,road,631,0,,unused,699133.9155563759,4647521.719051729,38.947556155762776
road_631_1,road,631,1,,unused,699172.23633129,4647521.152767337,38.95648635703194
road_631_2,road,631,2,,unused,699210.9010034855,4647516.970622165,38.91386950132933
road_631_3,road,631,3,,unused,699249.2304065827,4647510.540535649,38.95125936453256
road_631_4,road,631,4,,unused,699287.7670107123,4647505.189482049,38.95185828571465
road_631_5,road,631,5,,unused,699326.4752582354,4647501.743642136,38.93090360391837
road_631_6,road,631,6,,unused,699364.7688238741,4647494.653513181,38.95791710683309
road_631_7,road,631,7,,unused,699403.039897439,4647487.371195033,38.95793986141951
road_631_8,road,631,8,,unused,699441.4738790685,4647481.30389902,38.950706343645365
road_632_0,road,632,0,,unused,698270.1075983897,4646594.922042315,39.64678799099592
road_632_1,road,632,1,,unused,698302.7355610633,4646573.091386168,39.7410998064227
road_632_2,road,632,2,,unused,698333.8016808609,4646548.408413246,39.73650423517368
road_632_3,road,632,3,,unused,698366.1314928624,4646525.367308924,39.73092051721676
road_632_4,road,632,4,,unused,698402.584482509,4646510.351273175,39.73322091621733
road_632_5,road,632,5,,unused,698442.1472928637,4646509.508437137,39.73827131169446
road_632_6,road,632,6,,unused,698481.8051684236,4646509.064992308,39.73236407444499
road_632_7,road,632,7,,unused,698521.2935605729,4646513.501270639,39.74505845540608
road_632_8,road,632,8,,unused,698560.7527037639,4646517.713624645,39.72600159294852
road_632_9,road,632,9,,unused,698600.2259524341,4646521.252947807,39.742607079402326
road_632_10,road,632,10,,unused,698639.064241833,4646528.6597434,39.564589399661024
road_632_11,road,632,11,,unused,698667.8013890623,4646553.812589852,39.7460006999784
road_632_12,road,632,12,,unused,698691.0509984958,4646586.043567199,39.74579134449103
road_632_13,road,632,13,,unused,698712.0725110653,4646619.380579305,39.70765133810516
road_632_14,road,632,14,,unused,698720.8572750854,4646657.933907258,39.72299755383386
road_632_15,road,632,15,,unused,698726.7461642486,4646697.052514983,39.67428600710492
road_632_16,road,632,16,,unused,698713.6067499315,4646731.751632578,39.47352989756499
road_632_17,road,632,17,,unused,698675.0483043728,4646737.628277976,39.74464713663927
road_632_18,road,632,18,,unused,698635.3864642396,4646735.242134623,39.74343444342726
road_632_19,road,632,19,,unused,698595.7040633715,4646735.991770704,39.73831392623816
road_632_20,road,632,20,,unused,698556.0212490632,4646734.300023235,39.744420455823935
road_632_21,road,632,21,,unused,698516.3442542554,4646735.230679521,39.72968784904111
road_632_22,road,632,22,,unused,698477.6623265906,4646744.140229809,39.7455687217093
road_633_0,road,633,0,,unused,698737.4491533665,4646601.876530762,31.928353872618533
road_633_1,road,633,1,,unused,698739.1363563754,4646633.757869085,31.92845735956574
road_633_2,road,633,2,,unused,698740.2102714765,4646665.662677219,31.92736144697863
road_633_3,road,633,3,,unused,698740.7517047626,4646697.498037049,31.91452950112832
road_634_0,road,634,0,,unused,698723.5535706402,4646484.954822498,30.26791900058897
road_634_1,road,634,1,,unused,698716.2743629591,4646513.566897399,30.227188882715296
road_634_2,road,634,2,,unused,698721.2325098988,4646543.411032172,30.279945598508373
road_634_3,road,634,3,,unused,698729.8989453183,4646572.257018878,30.27823420534885
road_635_0,road,635,0,,unused,698728.982186015,4646451.755785857,38.7015170849516
road_635_1,road,635,1,,unused,698727.4326876429,4646413.350674727,38.70674506857178
road_636_0,road,636,0,,unused,698441.4160099019,4646229.446012362,34.938302315769185
road_636_1,road,636,1,,unused,698449.7222798679,4646263.380288607,34.9386600815019
road_636_2,road,636,2,,unused,698457.7115585338,4646297.361104758,34.932505021818834
road_636_3,road,636,3,,unused,698461.1289490282,4646332.050640452,34.888482947883105
road_636_4,road,636,4,,unused,698445.0386362291,4646359.279476604,34.626679574625214
road_636_5,road,636,5,,unused,698412.6586571294,4646347.389350299,34.89241484203964
road_636_6,road,636,6,,unused,698379.2720492312,4646345.401299847,34.87551966904371
road_637_0,road,637,0,,unused,698714.0788325189,4646161.645878358,35.728234709080674
road_637_1,road,637,1,,unused,698735.9645584077,4646189.576949706,35.71432237170016
road_637_2,road,637,2,,unused,698747.5153009078,4646223.197458411,35.728558860572846
road_637_3,road,637,3,,unused,698760.842191894,4646256.32554933,35.731594737677426
road_637_4,road,637,4,,unused,698776.9272713378,4646288.184613616,35.74040210919009
road_637_5,road,637,5,,unused,698787.2228517095,4646322.239048702,35.73573392420959
road_638_0,road,638,0,,unused,698344.910406419,4646560.443262751,39.53878356009038
road_638_1,road,638,1,,unused,698381.7782225907,4646574.497210868,39.53875996684536
road_638_2,road,638,2,,unused,698419.5087806658,4646581.253383202,39.463430104917286
road_638_3,road,638,3,,unused,698457.5224337968,4646572.721455535,39.468951265680346
road_638_4,road,638,4,,unused,698496.5911023204,4646577.377884066,39.4925244708532
road_638_5,road,638,5,,unused,698534.7899243137,4646586.466824785,39.524922941860105
road_639_0,road,639,0,,unused,698474.090142956,4646668.72585456,37.84563040755312
road_639_1,road,639,1,,unused,698511.7841159105,4646666.757213095,37.83496513845864
road_639_2,road,639,2,,unused,698549.0535979151,4646660.471119108,37.83927147780795
road_639_3,road,639,3,,unused,698586.5497026967,4646662.6980070025,37.85110234091032
road_639_4,road,639,4,,unused,698621.2813779067,4646677.162002135,37.84911323553919
road_639_5,road,639,5,,unused,698654.807816347,4646694.681659023,37.85981406291801
road_640_0,road,640,0,,unused,698659.0987686755,4646962.535721517,38.37621957703282
road_640_1,road,640,1,,unused,698696.8642983378,4646969.334416098,38.3761757088587
road_640_2,road,640,2,,unused,698732.3372248906,4646964.465331412,37.99497115350948
road_640_3,road,640,3,,unused,698751.6220310988,4646931.800305211,38.34267953560848
road_640_4,road,640,4,,unused,698768.3317819686,4646897.452259042,38.35859823984698
road_640_5,road,640,5,,unused,698790.6278212059,4646866.2372242,38.36245586429872
road_640_6,road,640,6,,unused,698808.5875589604,4646832.39039291,38.37613443274149
road_640_7,road,640,7,,unused,698825.3245570171,4646797.858045966,38.37621957746919
road_640_8,road,640,8,,unused,698837.9258588449,4646761.961279026,38.36437124031949
road_640_9,road,640,9,,unused,698843.1940208463,4646724.031078815,38.35853675954029
road_640_10,road,640,10,,unused,698843.0625715496,4646685.665904738,38.372261774774856
road_640_11,road,640,11,,unused,698840.1714086228,4646647.420285813,38.368999819472414
road_640_12,road,640,12,,unused,698832.6891073359,4646609.953632483,38.36082463225656
road_640_13,road,640,13,,unused,698818.514208658,4646574.2998075215,38.37568524195156
road_640_14,road,640,14,,unused,698803.0943772293,4646539.161969532,38.37598974314759
road_640_15,road,640,15,,unused,698787.8922069485,4646503.971153509,38.296225144881504
road_640_16,road,640,16,,unused,698782.8852583171,4646466.567074449,38.37621957654093
road_641_0,road,641,0,,unused,698402.9441894507,4646013.340125502,38.22843702783956
road_641_1,road,641,1,,unused,698421.1624469734,4646046.892446876,38.20766028062614
road_641_2,road,641,2,,unused,698432.1398178561,4646083.07201686,38.21757895549888
road_641_3,road,641,3,,unused,698440.0502912159,4646120.367017688,38.19333532715704
road_641_4,road,641,4,,unused,698452.7763555046,4646156.041394593,38.18015485401524
road_641_5,road,641,5,,unused,698455.9902578773,4646193.82468221,38.23451665080175
road_642_0,road,642,0,,unused,698431.2380740294,4646195.323223241,37.45951776013952
road_642_1,road,642,1,,unused,698410.4145949417,4646164.43726138,37.50111703998076
road_642_2,road,642,2,,unused,698400.6814753438,4646128.501783638,37.4983670175374
road_642_3,road,642,3,,unused,698398.3097334066,4646091.343043569,37.51238242293044
road_642_4,road,642,4,,unused,698396.4317387352,4646054.015252818,37.47747437807255
road_642_5,road,642,5,,unused,698392.9253364879,4646016.912976129,37.501350222589046
road_643_0,road,643,0,,unused,698505.8454237526,4646221.457421892,38.28941171861192
road_643_1,road,643,1,,unused,698501.3519261505,4646183.522570869,38.23211926489756
road_643_2,road,643,2,,unused,698486.9436111309,4646148.575457241,38.2610286159906
road_643_3,road,643,3,,unused,698476.3570290465,4646111.956446847,38.27068801156598
road_643_4,road,643,4,,unused,698459.3631698599,4646077.6723958375,38.27700775375208
road_643_5,road,643,5,,unused,698448.6232739508,4646041.191139367,38.2408292896927
road_643_6,road,643,6,,unused,698437.4452887864,4646004.7368055545,38.272882669446574
road_644_0,road,644,0,,unused,698434.3279817278,4646015.21868737,34.973130989863606
road_644_1,road,644,1,,unused,698440.8003884497,4646048.980637682,34.88153541704523
road_645_0,road,645,0,,unused,698592.4034339453,4646256.138438968,36.047930447893904
road_645_1,road,645,1,,unused,698589.6769531884,4646220.235348266,36.04915366293967
road_645_2,road,645,2,,unused,698579.891617495,4646185.536611273,36.05516869830415
road_645_3,road,645,3,,unused,698572.1767587867,4646150.369549459,36.03720436032978
road_645_4,road,645,4,,unused,698569.3873236369,4646114.698882558,36.03141508323168
road_645_5,road,645,5,,unused,698549.1381872336,4646085.245011858,36.0306719758869
road_645_6,road,645,6,,unused,698533.9683008817,4646053.458842248,35.82198483190513
road_645_7,road,645,7,,unused,698511.5390257608,4646026.142404975,35.8932407004981
road_645_8,road,645,8,,unused,698490.5172990772,4645998.054145293,36.05255709936311
road_646_0,road,646,0,,unused,698493.80298885,4646035.010992729,39.35309539965455
road_646_1,road,646,1,,unused,698496.9159060493,4646073.97457668,39.39231300339542
road_646_2,road,646,2,,unused,698504.133937645,4646112.60106343,39.378422490721874
road_646_3,road,646,3,,unused,698512.8908211064,4646150.719937654,39.3991612665554
road_646_4,road,646,4,,unused,698509.886986986,4646189.767118047,39.26250342940129
road_647_0,road,647,0,,unused,698488.3336289687,4646106.9320749855,32.196122546128066
road_648_0,road,648,0,,unused,698412.7478857088,4646276.185258109,33.86227908107771
road_648_1,road,648,1,,unused,698425.8988893371,4646306.433469209,33.86716470486218
road_648_2,road,648,2,,unused,698432.2611969591,4646339.319844445,33.933780589557585
road_649_0,road,649,0,,unused,698334.4025454466,4646405.810589028,37.99398086210361
road_649_1,road,649,1,,unused,698367.6714625752,4646388.048450717,37.97758380975475
road_649_2,road,649,2,,unused,698405.0573093075,4646384.831957874,37.919793157128254
road_649_3,road,649,3,,unused,698436.638584727,4646403.818433232,37.93649377104008
road_650_0,road,650,0,,unused,698627.1377211908,4646401.406478917,32.186499489558656
road_650_1,road,650,1,,unused,698630.474700236,4646433.00107779,32.09909279606035
road_650_2,road,650,2,,unused,698642.3865267705,4646462.771674144,32.18605693930708
road_650_3,road,650,3,,unused,698643.9270614898,4646494.88621724,32.20199926559751
road_651_0,road,651,0,,unused,698637.2481381571,4646197.18437056,34.50947118095783
road_651_1,road,651,1,,unused,698647.2085843951,4646230.087857887,34.525022940062286
road_651_2,road,651,2,,unused,698651.4976136456,4646264.290234274,34.527483655615484
road_651_3,road,651,3,,unused,698653.6934297299,4646298.719968996,34.49446168614278
road_652_0,road,652,0,,unused,698556.6029223368,4645988.228187922,32.16000399761489
road_652_1,road,652,1,,unused,698572.3910537018,4646016.056309028,32.187499814639
road_652_2,road,652,2,,unused,698580.8521625728,4646047.0890573,32.205416412290695
road_653_0,road,653,0,,unused,698479.1174731954,4646254.355762376,34.80584109233075
road_653_1,road,653,1,,unused,698482.9714719945,4646288.753360874,35.04167736580636
road_653_2,road,653,2,,unused,698489.2716137618,4646322.707103622,35.03177234559344
road_654_0,road,654,0,,unused,698679.1086557121,4646402.922375851,32.32914345100248
road_654_1,road,654,1,,unused,698682.6784386992,4646434.941684037,32.33963423116615
road_654_2,road,654,2,,unused,698691.8548056277,4646465.8977950215,32.32299239543784
road_654_3,road,654,3,,unused,698693.1668866399,4646497.813797971,32.24055514483517
road_655_0,road,655,0,,unused,698209.6952163216,4646366.655808131,38.24685211100174
road_655_1,road,655,1,,unused,698202.3322748947,4646404.09262713,38.25453090829818
road_655_2,road,655,2,,unused,698194.5515435522,4646441.540928712,38.2525330778783
road_655_3,road,655,3,,unused,698191.0105485943,4646479.577669131,38.25157613991342
road_655_4,road,655,4,,unused,698190.3826155743,4646517.804663919,38.24731883637727
road_655_5,road,655,5,,unused,698184.6865035343,4646555.622246115,38.24747243873229
road_656_0,road,656,0,,unused,698222.7717602323,4646333.73160624,34.59312900751129
road_656_1,road,656,1,,unused,698224.6839389702,4646299.18692081,34.65740550626615
road_656_2,road,656,2,,unused,698231.2328361348,4646265.286563156,34.66988582208372
road_656_3,road,656,3,,unused,698242.7435220637,4646232.594465077,34.67353213427309
road_656_4,road,656,4,,unused,698254.4723789194,4646199.96681364,34.67102198759411
road_656_5,road,656,5,,unused,698267.5331245635,4646167.888525792,34.65936585915382
road_656_6,road,656,6,,unused,698286.0983294931,4646138.968251299,34.61235286211084
road_657_0,road,657,0,,unused,698400.897610658,4646238.929931304,36.79287969776931
road_657_1,road,657,1,,unused,698388.3856464121,4646204.4682191145,36.724310194182365
road_657_2,road,657,2,,unused,698371.3911091319,4646172.25165698,36.78782874612308
road_657_3,road,657,3,,unused,698361.2045807897,4646137.213614537,36.42127665589946
road_657_4,road,657,4,,unused,698353.3947645006,4646103.035768044,36.34322761634521
road_657_5,road,657,5,,unused,698367.3695469726,4646098.690803692,36.78360881514198
road_657_6,road,657,6,,unused,698388.5237614231,4646128.559265716,36.74821884399767
road_658_0,road,658,0,,unused,698237.5188480471,4646217.646307175,36.91951787498556
road_658_1,road,658,1,,unused,698234.2339689491,4646180.919338699,36.91364214259234
road_658_2,road,658,2,,unused,698233.2265491064,4646144.100013361,36.892357384798736
road_658_3,road,658,3,,unused,698245.7525217715,4646109.611023363,36.88270830395958
road_658_4,road,658,4,,unused,698250.3235674723,4646073.667789684,36.930475613450525
road_658_5,road,658,5,,unused,698245.5396148141,4646037.492333395,36.656153629887655
road_659_0,road,659,0,,unused,698492.6755262157,4646675.226189156,35.56527735962507
road_659_1,road,659,1,,unused,698524.3983028791,4646691.18385692,35.57206031618868
road_659_2,road,659,2,,unused,698554.9566182591,4646709.360697628,35.569748924131325
road_659_3,road,659,3,,unused,698586.7910560863,4646725.222200727,35.571876578115315
road_660_0,road,660,0,,unused,698363.3934273573,4646550.483055762,37.98724075096381
road_660_1,road,660,1,,unused,698399.1801610242,4646538.89100704,37.9894557202603
road_660_2,road,660,2,,unused,698436.4182730385,4646543.632567004,38.01303622031136
road_660_3,road,660,3,,unused,698473.4475895106,4646551.370088027,38.02919733780072
road_660_4,road,660,4,,unused,698511.3220508199,4646548.584947818,37.97844650250568
road_660_5,road,660,5,,unused,698544.2775910076,4646563.203046586,37.97624239071581
road_661_0,road,661,0,,unused,698037.7059002913,4646383.664300001,37.625069008492495
road_661_1,road,661,1,,unused,698058.9194374894,4646352.596484016,37.624489889145785
road_661_2,road,661,2,,unused,698079.9152374181,4646321.386978568,37.62414443595338
road_661_3,road,661,3,,unused,698102.1282040279,4646291.019321757,37.62506874244194
road_661_4,road,661,4,,unused,698124.2214160163,4646260.565426477,37.624043054493605
road_662_0,road,662,0,,unused,698421.1013046157,4647241.517735855,36.10862888498848
road_662_1,road,662,1,,unused,698450.1251165163,4647220.04304968,36.107743038917015
road_662_2,road,662,2,,unused,698477.6091361236,4647196.728145059,36.09729564868576
road_662_3,road,662,3,,unused,698504.8912403581,4647173.261962623,36.08844177367473
road_662_4,road,662,4,,unused,698527.4119844609,4647145.22656302,36.1065315098933
road_663_0,road,663,0,,unused,698484.6129875436,4647001.270418972,35.462135078583024
road_663_1,road,663,1,,unused,698481.1929159822,4647036.549116689,35.467176238938094
road_663_2,road,663,2,,unused,698478.9464758799,4647071.839959963,35.44103499103299
road_663_3,road,663,3,,unused,698466.6636883618,4647104.584071622,35.39473955073905
road_663_4,road,663,4,,unused,698438.848459526,4647125.720801325,35.46467297937317
road_663_5,road,663,5,,unused,698407.2486184001,4647140.306244973,35.45933852744493
road_664_0,road,664,0,,unused,698734.2404576663,4646838.641308055,28.32674463660718
road_664_1,road,664,1,,unused,698762.3040202461,4646836.210392858,28.29272054780641
road_664_2,road,664,2,,unused,698790.4836248481,4646838.945070005,28.331401382139298
road_665_0,road,665,0,,unused,698704.4003013386,4646837.735988776,32.090809524814894
road_665_1,road,665,1,,unused,698672.5222686215,4646834.353497003,32.08021460307754
road_665_2,road,665,2,,unused,698640.6255841135,4646837.117033507,32.054181479861406
road_665_3,road,665,3,,unused,698608.9057113193,4646833.908094396,32.08881219447434
road_665_4,road,665,4,,unused,698577.0622201342,4646830.56136682,32.08587722026499
road_666_0,road,666,0,,unused,698741.6684571897,4646560.932549505,37.00284860442253
road_666_1,road,666,1,,unused,698773.9309576179,4646576.931579521,36.9190380767438
road_666_2,road,666,2,,unused,698788.3924515982,4646610.822057269,36.83364392070808
road_666_3,road,666,3,,unused,698780.3583946849,4646644.428283628,36.929589630198805
road_666_4,road,666,4,,unused,698779.6258192691,4646681.321757703,37.00301117823328
road_666_5,road,666,5,,unused,698778.3614899785,4646718.301048727,37.00134106708014
road_667_0,road,667,0,,unused,698244.883128579,4646252.690667057,35.223893443986874
road_667_1,road,667,1,,unused,698244.8629359656,4646287.815845727,35.22744037163346
road_667_2,road,667,2,,unused,698251.5033048729,4646322.18371705,35.221911507309784
road_667_3,road,667,3,,unused,698250.9050251864,4646356.640910921,35.21772885696266
road_667_4,road,667,4,,unused,698235.5046105316,4646388.307607412,35.26069473488213
road_667_5,road,667,5,,unused,698222.7248441528,4646421.0951604005,35.254519034625524
road_668_0,road,668,0,,unused,698343.6261075758,4646773.723974101,37.72316205783818
road_668_1,road,668,1,,unused,698364.550156857,4646742.926602843,37.74611946020399
road_668_2,road,668,2,,unused,698382.8029827181,4646709.890361792,37.76379592096203
road_669_0,road,669,0,,unused,698254.9306266154,4646298.530661671,32.216120959885814
road_669_1,road,669,1,,unused,698258.8761320672,4646266.644099508,32.22044563616039
road_669_2,road,669,2,,unused,698263.5652418147,4646235.082182499,32.17385191477075
road_669_3,road,669,3,,unused,698271.848806133,4646204.194075626,32.237448567530826
road_669_4,road,669,4,,unused,698285.4304898792,4646175.223053327,32.10601130667686
road_670_0,road,670,0,,unused,699984.8555282304,4646227.053693052,35.13820045558802
road_670_1,road,670,1,,unused,699966.7818625367,4646257.187255342,35.138192423497884
road_670_2,road,670,2,,unused,699948.2564522923,4646287.016502364,35.1330985230954
road_670_3,road,670,3,,unused,699924.586717456,4646312.803300996,35.130626956497906
road_670_4,road,670,4,,unused,699903.1222950974,4646340.525732227,35.137831335017026
road_670_5,road,670,5,,unused,699892.3313075816,4646372.686224614,35.023386286820624
road_670_6,road,670,6,,unused,699895.7754855269,4646407.509289986,35.08544342131343
road_671_0,road,671,0,,unused,699830.3039287112,4646392.550257826,38.88704935776323
road_671_1,road,671,1,,unused,699806.8215040874,4646422.645993513,38.80154701169036
road_671_2,road,671,2,,unused,699820.0832653332,4646455.111912363,38.92254342806672
road_671_3,road,671,3,,unused,699852.5154411052,4646474.821856404,38.88951017292513
road_671_4,road,671,4,,unused,699891.4060215176,4646476.318934591,38.96178398932866
road_671_5,road,671,5,,unused,699930.2902486251,4646478.704870368,38.95699260469976
road_671_6,road,671,6,,unused,699969.2052748777,4646478.086865267,38.95866671726873
road_671_7,road,671,7,,unused,700008.014580069,4646475.248243583,38.95951527318613
road_672_0,road,672,0,,unused,699871.757907065,4646441.112909995,33.394679275988324
road_672_1,road,672,1,,unused,699898.0822028461,4646456.136565931,33.84671133410619
road_672_2,road,672,2,,unused,699928.1231196305,4646471.651869888,33.84815766673233
road_673_0,road,673,0,,unused,700087.9493563134,4647379.886120289,39.957341577274505
road_673_1,road,673,1,,unused,700048.0024397272,4647379.53718807,39.961536741524384
road_674_0,road,674,0,,unused,700070.3358507305,4647393.501058564,34.78574239700167
road_674_1,road,674,1,,unused,700035.594568785,4647392.01724952,34.76805187641003
road_674_2,road,674,2,,unused,700003.2355474029,4647381.890561892,34.7070737217593
road_675_0,road,675,0,,unused,700105.7989095121,4647393.0871865,30.84811972920887
road_675_1,road,675,1,,unused,700136.489290463,4647391.166802546,30.86145494940741
road_675_2,road,675,2,,unused,700166.9842560745,4647395.014293502,30.86426233981704
road_676_0,road,676,0,,unused,700365.7919087424,4647477.649439795,31.584357878764145
road_676_1,road,676,1,,unused,700373.0519889795,4647447.71169957,31.71432630095455
road_677_0,road,677,0,,unused,700413.8616301134,4647721.074312935,30.836233121157736
road_677_1,road,677,1,,unused,700438.642685105,4647703.827466913,30.762719083695973
road_678_0,road,678,0,,unused,699045.3929110634,4647346.760722938,39.43315832266575
road_678_1,road,678,1,,unused,699066.7277417498,4647313.815538636,39.35107600780383
road_678_2,road,678,2,,unused,699096.9223236266,4647290.552429562,39.40382342111166
road_678_3,road,678,3,,unused,699125.0077202021,4647265.515554716,39.43309147285825
road_678_4,road,678,4,,unused,699148.8640528587,4647236.066051518,39.3818051137427
road_678_5,road,678,5,,unused,699182.7977350097,4647217.02179121,39.439575514968624
road_678_6,road,678,6,,unused,699206.9524926613,4647186.077419112,39.23582107099104
road_679_0,road,679,0,,unused,698084.9637737842,4646415.292186669,38.71190156333208
road_679_1,road,679,1,,unused,698122.7145840214,4646423.063577644,38.70646563313119
road_679_2,road,679,2,,unused,698160.5526746234,4646430.845077251,38.73599985034677
road_679_3,road,679,3,,unused,698198.8794730698,4646436.391056497,38.73998710196213
road_680_0,road,680,0,,unused,698266.7211880543,4646333.9089402575,32.24058862530238
road_680_1,road,680,1,,unused,698279.5675489273,4646304.765582955,32.203525910021696
road_680_2,road,680,2,,unused,698274.1120686842,4646273.354471112,32.27963477152752
road_680_3,road,680,3,,unused,698267.0522297631,4646241.949912877,32.12883036711245
road_681_0,road,681,0,,unused,698263.5034104994,4646312.943630016,34.56070891248193
road_682_0,road,682,0,,unused,698569.4746561598,4646253.866725162,36.14357065666041
road_682_1,road,682,1,,unused,698558.9740725611,4646219.274702905,36.19242247401391
road_683_0,road,683,0,,unused,698454.8817034825,4646221.854223465,35.980027589767545
road_683_1,road,683,1,,unused,698488.1669760281,4646235.509461741,35.97954771146599
road_683_2,road,683,2,,unused,698520.9407598608,4646250.333483618,35.970177354667136
road_683_3,road,683,3,,unused,698551.7651340779,4646268.757110152,35.9539849485529
road_683_4,road,683,4,,unused,698585.6016446691,4646280.829772106,35.97259697799251
road_683_5,road,683,5,,unused,698617.3750437008,4646297.679855959,35.95720802270749
road_683_6,road,683,6,,unused,698645.3041539754,4646320.321922943,35.98002759022206
road_684_0,road,684,0,,unused,699129.0269556189,4646203.726222452,37.7199589993084
road_684_1,road,684,1,,unused,699101.8480257946,4646229.755218925,37.655834264570814
road_684_2,road,684,2,,unused,699065.8437489779,4646240.710011276,37.675054794279625
road_684_3,road,684,3,,unused,699028.8298363404,4646235.771909966,37.71985164255803
road_684_4,road,684,4,,unused,698997.1284553878,4646216.818077529,37.672404886435416
road_684_5,road,684,5,,unused,698974.410198106,4646187.753294215,37.601951092528736
road_685_0,road,685,0,,unused,699098.5893470723,4646174.698386087,34.57066136209697
road_685_1,road,685,1,,unused,699096.4204026243,4646208.821210977,34.49989129646722
road_685_2,road,685,2,,unused,699092.4461795638,4646242.798625493,34.539733889959976
road_685_3,road,685,3,,unused,699084.6495974346,4646276.224097623,34.521076483658554
road_685_4,road,685,4,,unused,699064.2908175897,4646299.343620139,33.51026863194636
road_685_5,road,685,5,,unused,699038.7526074223,4646277.410613284,34.57195053284315
road_686_0,road,686,0,,unused,699733.2627780358,4646422.477161991,39.60182957761125
road_686_1,road,686,1,,unused,699772.8372294637,4646423.546326577,39.59425594836638
road_686_2,road,686,2,,unused,699811.9646820516,4646428.7850586735,39.5831524096488
road_686_3,road,686,3,,unused,699851.5559421198,4646429.177154399,39.60335261425268
road_686_4,road,686,4,,unused,699890.5849465395,4646425.429496447,39.58090509508691
road_686_5,road,686,5,,unused,699927.8420306352,4646412.0856160605,39.60219966297849
road_686_6,road,686,6,,unused,699963.9303382074,4646395.797236992,39.603355824471095
road_686_7,road,686,7,,unused,699997.8347846268,4646376.212645559,39.55495923450524
road_686_8,road,686,8,,unused,700026.2858777996,4646348.810811082,39.588722013661226
road_686_9,road,686,9,,unused,700059.4600495696,4646327.382977109,39.60292494234936
road_686_10,road,686,10,,unused,700095.9097221997,4646313.1513319975,39.54647903595328
road_686_11,road,686,11,,unused,700135.2600301617,4646310.120526683,39.597480170836825
road_687_0,road,687,0,,unused,699853.2172700887,4646487.076670908,37.52013555244803
road_687_1,road,687,1,,unused,699879.2209260098,4646513.976989823,37.46694597886509
road_687_2,road,687,2,,unused,699913.573376367,4646527.471924669,37.289588025619686
road_687_3,road,687,3,,unused,699950.114352227,4646522.898098089,37.51943274910391
road_687_4,road,687,4,,unused,699987.5037502768,4646525.802675718,37.486952049250064
road_687_5,road,687,5,,unused,700024.7473027672,4646522.307838476,37.5114721932958
road_687_6,road,687,6,,unused,700056.9931878368,4646516.831335224,37.20869568517072
road_687_7,road,687,7,,unused,700039.0997114695,4646485.0100589525,36.699361150136085
road_688_0,road,688,0,,unused,700172.4399237676,4646312.133641367,35.23069640428875
road_688_1,road,688,1,,unused,700206.8555750081,4646311.209389608,35.286874834259805
road_688_2,road,688,2,,unused,700241.4124010034,4646305.101893742,35.28777885680408
road_689_0,road,689,0,,unused,699561.1870880027,4647727.940745906,32.57982539091984
road_689_1,road,689,1,,unused,699593.7478927134,4647728.356662268,32.575723768460584
road_689_2,road,689,2,,unused,699625.879044535,4647723.719081954,32.545848636579606
road_690_0,road,690,0,,unused,699659.5731301612,4647728.527451016,37.47760626580879
road_690_1,road,690,1,,unused,699692.3775780484,4647745.84841797,37.49335724334757
road_690_2,road,690,2,,unused,699721.8509173561,4647769.018498157,37.49617852216831
road_691_0,road,691,0,,unused,699093.7585162815,4647803.867444678,39.21135788365871
road_691_1,road,691,1,,unused,699130.499541098,4647790.172019825,39.2111706444607
road_691_2,road,691,2,,unused,699167.4312895773,4647777.010004138,39.20292764606537
road_691_3,road,691,3,,unused,699205.3898357941,4647767.636595262,39.19286107928687
road_691_4,road,691,4,,unused,699242.0841356078,4647754.078776618,39.21135788380285
road_691_5,road,691,5,,unused,699278.6890897247,4647740.044962081,39.21021795263856
road_691_6,road,691,6,,unused,699315.6191237217,4647726.902951093,39.18722751186024
road_691_7,road,691,7,,unused,699297.6134139876,4647712.495720408,39.211357883652894
road_691_8,road,691,8,,unused,699261.04704438,4647698.412722673,39.20679522221671
road_691_9,road,691,9,,unused,699223.5145834563,4647687.070426967,39.21088887652457
road_691_10,road,691,10,,unused,699185.6777638635,4647676.800967877,39.21121622416077
road_691_11,road,691,11,,unused,699147.9884635733,4647665.996746807,39.211357883863926
road_692_0,road,692,0,,unused,699251.3349789678,4648006.972337906,31.384645081207445
road_692_1,road,692,1,,unused,699282.7174129011,4648007.324884385,31.384183125029743
road_692_2,road,692,2,,unused,699314.0976658914,4648007.132991613,31.3846450813086
road_692_3,road,692,3,,unused,699345.472013063,4648006.475859202,31.37781132225576
road_693_0,road,693,0,,unused,699679.2216844291,4648304.757940106,28.671680440421177
road_693_1,road,693,1,,unused,699686.528648072,4648332.221625141,28.650005081692345
road_694_0,road,694,0,,unused,699641.318666726,4648267.646073702,33.798563772855374
road_694_1,road,694,1,,unused,699661.380486789,4648285.697995721,35.66817902263177
road_695_0,road,695,0,,unused,699537.9232531952,4648444.790998775,36.89424453468315
road_695_1,road,695,1,,unused,699574.0269340804,4648440.752077091,36.89891527009566
road_696_0,road,696,0,,unused,699485.5067054054,4648660.143161832,20.85879002820761
road_696_1,road,696,1,,unused,699487.5004199131,4648639.401167577,20.853978812831063
road_697_0,road,697,0,,unused,699429.6979734229,4648722.642573346,25.04711752122788
road_697_1,road,697,1,,unused,699404.737582211,4648724.233266925,25.052061759494627
road_698_0,road,698,0,,unused,699366.8258897425,4648792.657246482,35.26174565634018
road_698_1,road,698,1,,unused,699401.9346595609,4648794.621754429,35.2554453838184
road_698_2,road,698,2,,unused,699436.9619799864,4648796.049605146,35.23348471177873
road_698_3,road,698,3,,unused,699471.4305886773,4648790.89690907,34.963772830094854
road_699_0,road,699,0,,unused,699498.3890504622,4648784.434047685,28.82270454678776
road_699_1,road,699,1,,unused,699513.3767466435,4648759.817240672,28.81870891628016
road_700_0,road,700,0,,unused,700109.7446070653,4648214.185654784,35.03398752186965
road_700_1,road,700,1,,unused,700143.9163386156,4648221.85696948,35.024649973432815
road_700_2,road,700,2,,unused,700178.7931988497,4648224.888269195,35.030852616554284
road_700_3,road,700,3,,unused,700212.6326330288,4648232.790498767,34.98054828288173
road_700_4,road,700,4,,unused,700244.4387789887,4648246.774285413,34.99083368480958
road_700_5,road,700,5,,unused,700279.1584759757,4648247.978322032,34.53459165065283
road_701_0,road,701,0,,unused,699669.6497597707,4648186.408702677,30.537452725618188
road_701_1,road,701,1,,unused,699679.8522250525,4648214.8476689495,30.641350140714447
road_701_2,road,701,2,,unused,699681.9842365633,4648245.255004949,30.66124838608389
road_701_3,road,701,3,,unused,699678.749013262,4648275.633419368,30.665998365165255
road_702_0,road,702,0,,unused,699639.3105546061,4648244.049244956,36.55740754817887
road_702_1,road,702,1,,unused,699635.2157922067,4648207.900491344,36.43186900123586
road_702_2,road,702,2,,unused,699654.9782318291,4648177.818895696,36.52954758535139
road_703_0,road,703,0,,unused,698431.609303146,4648594.476876471,35.5927451138393
road_703_1,road,703,1,,unused,698454.6178454154,4648621.506934232,35.60317299096212
road_703_2,road,703,2,,unused,698479.6831182822,4648642.843241811,35.293665719426244
road_703_3,road,703,3,,unused,698513.1986265637,4648651.926565033,34.963940555960406
road_704_0,road,704,0,,unused,698070.3996701353,4648934.749502499,38.95758744195415
road_704_1,road,704,1,,unused,698079.8658573726,4648897.427024591,38.89861397043043
road_704_2,road,704,2,,unused,698074.0917711337,4648858.945225514,38.95415990804487
road_704_3,road,704,3,,unused,698070.1166832807,4648820.415476646,38.92616936991164
road_704_4,road,704,4,,unused,698083.2064736343,4648784.303036762,38.91473510158194
road_705_0,road,705,0,,unused,698079.0286065182,4648800.958969936,9.901570285146809
road_706_0,road,706,0,,unused,697744.0427119759,4648895.131234134,34.8756879357488
road_706_1,road,706,1,,unused,697779.0174050889,4648895.52162739,35.13137760117907
road_706_2,road,706,2,,unused,697813.9122257875,4648891.447944827,35.13726831605081
road_706_3,road,706,3,,unused,697848.9255697603,4648888.643510922,35.13510879943684
road_706_4,road,706,4,,unused,697884.0511539342,4648888.406331012,35.1358652443478
road_706_5,road,706,5,,unused,697917.9423308898,4648881.4341953695,35.06687894142355
road_706_6,road,706,6,,unused,697949.8367035174,4648866.941544104,35.12002620852264
road_707_0,road,707,0,,unused,697849.076861324,4648941.979769641,33.25174514622129
road_707_1,road,707,1,,unused,697816.0306253311,4648939.1509410925,33.27680009655759
road_707_2,road,707,2,,unused,697783.3500238847,4648933.74240128,32.97483755654322
road_707_3,road,707,3,,unused,697753.4635792762,4648939.461051209,33.28116417404038
road_708_0,road,708,0,,unused,698274.6275689359,4648638.337772524,38.79366453139991
road_708_1,road,708,1,,unused,698313.3853468202,4648639.105315389,38.817858302073375
road_708_2,road,708,2,,unused,698352.156942189,4648637.385387748,38.82044122426098
road_708_3,road,708,3,,unused,698389.169314143,4648630.361632095,38.63009289958009
road_708_4,road,708,4,,unused,698408.2655101583,4648597.179932403,38.8061471222378
road_709_0,road,709,0,,unused,699955.963657278,4648578.352197257,29.86917258391757
road_709_1,road,709,1,,unused,699946.1450880199,4648550.204846537,29.882981414469125
road_709_2,road,709,2,,unused,699934.4230736021,4648522.901764631,29.88770567092458
road_710_0,road,710,0,,unused,699971.1676988191,4648609.521877154,30.99415010324069
road_710_1,road,710,1,,unused,699981.9336650738,4648638.203085519,30.969595827210878
road_710_2,road,710,2,,unused,699976.7516704756,4648668.161696236,30.977983485160436
road_711_0,road,711,0,,unused,700297.3239533448,4648250.71880798,39.80752791825071
road_711_1,road,711,1,,unused,700336.2706984668,4648258.784454532,39.808560337749526
road_711_2,road,711,2,,unused,700373.0242329583,4648273.441177089,39.67265470448891
road_711_3,road,711,3,,unused,700398.5524210262,4648302.740989707,39.81205012445221
road_711_4,road,711,4,,unused,700421.1242493246,4648335.503923167,39.80734730803172
road_711_5,road,711,5,,unused,700444.546486202,4648367.611563543,39.80372479346873
road_711_6,road,711,6,,unused,700470.3874965354,4648396.967902954,39.70615946640166
road_711_7,road,711,7,,unused,700509.4589574245,4648401.2977505205,39.81256226177029
road_712_0,road,712,0,,unused,700537.7599763477,4648386.7604151005,35.27829703424434
road_713_0,road,713,0,,unused,700313.649017967,4648404.616673352,38.94311383540301
road_713_1,road,713,1,,unused,700334.9309620623,4648435.721939387,38.936217232938766
road_713_2,road,713,2,,unused,700358.3336865107,4648465.633120293,38.93732785086982
road_713_3,road,713,3,,unused,700367.8461077991,4648503.416201151,39.03709731559749
road_713_4,road,713,4,,unused,700376.0602871375,4648541.572208491,39.03624959851031
road_713_5,road,713,5,,unused,700382.1667462233,4648580.121703099,39.038070133663446
road_713_6,road,713,6,,unused,700392.312238833,4648617.479926088,38.98901512231389
road_713_7,road,713,7,,unused,700412.146007737,4648650.981038579,39.03804699273941
road_714_0,road,714,0,,unused,697954.7659845924,4646675.372875582,39.081911668113456
road_714_1,road,714,1,,unused,697951.4598233606,4646714.059056787,39.05400604815969
road_714_2,road,714,2,,unused,697962.8369292557,4646751.097199388,39.11143532747394
road_714_3,road,714,3,,unused,697980.4006186278,4646786.044707133,39.11418541035322
road_714_4,road,714,4,,unused,697999.0823825821,4646820.064552724,39.04241465960816
road_714_5,road,714,5,,unused,698031.6898413587,4646838.457001866,38.91536643053957
road_714_6,road,714,6,,unused,698061.6362554175,4646854.979761233,39.01079126512669
road_714_7,road,714,7,,unused,698068.4913371035,4646892.291354357,37.154841108368736
road_714_8,road,714,8,,unused,698086.121700306,4646922.043865591,39.09449715634656
road_714_9,road,714,9,,unused,698102.778719928,4646957.401448354,39.11244265145843
road_715_0,road,715,0,,unused,698057.7051387357,4646826.144964463,37.72926712255226
road_715_1,road,715,1,,unused,698041.746484202,4646792.085808986,37.7835619898044
road_715_2,road,715,2,,unused,698018.9882310235,4646762.203469656,37.7806544554373
road_715_3,road,715,3,,unused,697993.7565323425,4646734.11801523,37.77832572337339
road_715_4,road,715,4,,unused,697980.5323907366,4646704.580682412,36.870173971849205
road_715_5,road,715,5,,unused,697982.4679355959,4646667.715142383,37.80200812209997
road_716_0,road,716,0,,unused,698239.326410131,4646612.530322816,34.64586644879292
road_716_1,road,716,1,,unused,698213.9836148772,4646635.949969523,34.63255796639006
road_716_2,road,716,2,,unused,698198.5194936817,4646636.167090747,34.492941832418325
road_716_3,road,716,3,,unused,698204.5679083656,4646602.196459281,34.64136603137551
road_716_4,road,716,4,,unused,698209.1988462239,4646567.994480841,34.634740364254284
road_716_5,road,716,5,,unused,698225.0373183979,4646560.601375056,33.35607046009403
road_716_6,road,716,6,,unused,698236.8028916636,4646592.303864043,34.30428729528113
road_717_0,road,717,0,,unused,698278.0262001475,4646769.055429627,36.00388279210188
road_717_1,road,717,1,,unused,698312.451406416,4646778.98702372,35.99757083974797
road_717_2,road,717,2,,unused,698341.4447827742,4646798.670622124,35.97411049152772
road_717_3,road,717,3,,unused,698363.5181202221,4646827.093077794,36.006173507300446
road_717_4,road,717,4,,unused,698384.6329096496,4646856.248189431,35.98979491153103
road_717_5,road,717,5,,unused,698410.0280861848,4646881.616760761,36.005333757913455
road_718_0,road,718,0,,unused,698739.6551588622,4646969.322150541,38.576271112608566
road_718_1,road,718,1,,unused,698770.8598070608,4646946.472096239,38.8245405661436
road_718_2,road,718,2,,unused,698797.7296252577,4646918.57469076,38.83898118748033
road_718_3,road,718,3,,unused,698820.1113818017,4646886.847963144,38.84450532465088
road_718_4,road,718,4,,unused,698846.0724700527,4646858.275776414,38.7483303190419
road_718_5,road,718,5,,unused,698865.5200765555,4646826.450973158,38.849139896187125
road_719_0,road,719,0,,unused,698865.9845769443,4646842.92997753,13.030457000644658
road_720_0,road,720,0,,unused,698563.1678958588,4646634.32250307,37.04627215348025
road_720_1,road,720,1,,unused,698526.6567445841,4646635.716791336,37.12113161663093
road_720_2,road,720,2,,unused,698489.7116151488,4646632.855333253,37.127756332960594
road_720_3,road,720,3,,unused,698453.308777825,4646626.978705944,37.10861019480362
road_720_4,road,720,4,,unused,698416.5539634158,4646622.208186045,37.12002852815659
road_720_5,road,720,5,,unused,698381.1791685418,4646627.381650033,36.67062842013578
road_720_6,road,720,6,,unused,698403.5013383515,4646651.9848233005,37.127557130500506
road_720_7,road,720,7,,unused,698437.106402501,4646667.547420872,37.068801684711
road_721_0,road,721,0,,unused,698450.987177231,4646135.650137734,30.150851089508716
road_721_1,road,721,1,,unused,698459.2604192562,4646107.031176415,30.15130612552598
road_722_0,road,722,0,,unused,698349.274106119,4646141.419903768,36.593659522382765
road_722_1,road,722,1,,unused,698345.9195087021,4646177.404119074,36.484620398234775
road_722_2,road,722,2,,unused,698354.2836260006,4646212.511743773,36.56874468285903
road_722_3,road,722,3,,unused,698350.7449315377,4646248.781238163,36.59482265367417
road_722_4,road,722,4,,unused,698353.9622179064,4646285.106741679,36.462118823174166
road_722_5,road,722,5,,unused,698383.4506443703,4646297.219098726,36.4171218468088
road_722_6,road,722,6,,unused,698402.204450622,4646266.980573834,36.57792082495884
road_723_0,road,723,0,,unused,698406.7484490629,4646258.344373968,3.955470617662006
road_724_0,road,724,0,,unused,698297.4819503705,4646106.0846702885,38.649089247038
road_724_1,road,724,1,,unused,698293.3213014832,4646067.731300127,38.6701736528124
road_724_2,road,724,2,,unused,698293.8846567741,4646029.461595321,37.90836472771375
road_724_3,road,724,3,,unused,698319.1118752717,4646036.989606306,38.49525412919292
road_724_4,road,724,4,,unused,698326.8044994579,4646074.660813371,38.56970647995257
road_724_5,road,724,5,,unused,698311.5776745297,4646109.310109788,38.62486907915188
road_725_0,road,725,0,,unused,697468.6142475941,4647179.690674354,37.73171720385702
road_725_1,road,725,1,,unused,697490.6918856362,4647210.265248201,37.737378316808886
road_725_2,road,725,2,,unused,697510.2018647555,4647242.394870371,37.56307988465133
road_725_3,road,725,3,,unused,697543.9328127796,4647248.166951003,37.68123753277795
road_725_4,road,725,4,,unused,697579.0621114569,4647234.505134353,37.73584554218953
road_725_5,road,725,5,,unused,697616.1141383309,4647228.44654558,37.732680024374034
road_725_6,road,725,6,,unused,697653.7663875137,4647226.144472435,37.73071885954359
road_726_0,road,726,0,,unused,697667.3625949526,4647176.475529418,37.08713453173586
road_726_1,road,726,1,,unused,697688.2134361549,4647207.063245373,37.07705112234076
road_727_0,road,727,0,,unused,697691.1916838258,4647185.042853214,31.57805008298089
road_727_1,road,727,1,,unused,697707.4925058906,4647158.2720088,31.442784766400067
road_727_2,road,727,2,,unused,697734.5920179016,4647155.575407405,31.52156361622564
road_728_0,road,728,0,,unused,697737.1275335257,4647140.659531809,38.85222119467946
road_728_1,road,728,1,,unused,697771.6931481865,4647151.954289008,38.86674719057921
road_728_2,road,728,2,,unused,697790.1365618065,4647185.632165246,38.87219883677248
road_728_3,road,728,3,,unused,697801.3075741869,4647222.850680092,38.92570438920902
road_728_4,road,728,4,,unused,697813.8989600886,4647259.461705581,38.93681598681515
road_728_5,road,728,5,,unused,697828.3267331517,4647295.588730728,38.9144301211947
road_729_0,road,729,0,,unused,697498.757191559,4647337.448387569,38.24878396630056
road_729_1,road,729,1,,unused,697530.8276325465,4647318.075537117,37.97446287159446
road_729_2,road,729,2,,unused,697568.4867362374,4647323.199450674,38.24505733821569
road_729_3,road,729,3,,unused,697603.055229289,4647319.967448189,37.86135057319906
road_729_4,road,729,4,,unused,697602.4998297599,4647282.231169284,38.21769884427516
road_729_5,road,729,5,,unused,697587.8751700384,4647247.690729046,37.89602567087059
road_730_0,road,730,0,,unused,697486.979527303,4647215.440411921,39.0335984274963
road_730_1,road,730,1,,unused,697493.7813445097,4647253.623680686,38.99692178958995
road_730_2,road,730,2,,unused,697497.4703225155,4647292.228132279,39.01978873700973
road_730_3,road,730,3,,unused,697489.2816103513,4647330.272933311,38.99775559177668
road_731_0,road,731,0,,unused,697500.4899647136,4647198.548607648,34.43129256125567
road_731_1,road,731,1,,unused,697534.8887068765,4647199.32887023,34.435582822134464
road_731_2,road,731,2,,unused,697569.2801310924,4647200.932392796,34.429134939590895
road_731_3,road,731,3,,unused,697603.6323709703,4647202.7240977455,34.43545591796173
road_731_4,road,731,4,,unused,697637.8956707275,4647205.85359314,34.428706044277874
road_731_5,road,731,5,,unused,697671.5423319546,4647208.316732605,33.12110183030283
road_732_0,road,732,0,,unused,697609.4523232385,4647434.453221222,34.76935246396516
road_732_1,road,732,1,,unused,697643.0005538838,4647425.563104415,34.75997202523578
road_732_2,road,732,2,,unused,697674.3460730657,4647412.891078658,32.91613078083889
road_732_3,road,732,3,,unused,697674.3616793676,4647394.90163199,34.719831180692225
road_732_4,road,732,4,,unused,697655.4360484115,4647366.655323385,34.764620121155275
road_732_5,road,732,5,,unused,697644.5219409588,4647333.818167007,34.66934436606809
road_732_6,road,732,6,,unused,697617.1369290157,4647320.928962,34.74163598671524
road_733_0,road,733,0,,unused,697706.1004165164,4647410.197788036,33.9893919339814
road_733_1,road,733,1,,unused,697737.3697628562,4647422.940539871,34.02327395856229
road_733_2,road,733,2,,unused,697767.2627253238,4647437.283545695,32.31437923478462
road_733_3,road,733,3,,unused,697764.8190291823,4647457.255563227,34.00787218747111
road_733_4,road,733,4,,unused,697736.8727419385,4647472.738489333,33.66998240085872
road_734_0,road,734,0,,unused,697794.2837250109,4647435.254647477,33.16029388800321
road_734_1,road,734,1,,unused,697821.0298920601,4647415.704181412,33.15613102192005
road_734_2,road,734,2,,unused,697843.6521394284,4647391.62284893,33.144326015500354
road_734_3,road,734,3,,unused,697854.763871051,4647360.935987899,33.160630136169765
road_734_4,road,734,4,,unused,697857.1735876934,4647327.882335741,33.14518712873395
road_735_0,road,735,0,,unused,697970.8392332519,4646892.483355621,32.58587795022725
road_735_1,road,735,1,,unused,697977.53393529,4646924.366205557,32.58549550907041
road_735_2,road,735,2,,unused,697983.5951406731,4646956.371377361,32.581756553793895
road_735_3,road,735,3,,unused,697991.8640852183,4646987.8460038,32.54366463715482
road_736_0,road,736,0,,unused,698048.3847427563,4646794.315551573,29.8309471407774
road_736_1,road,736,1,,unused,698074.6213567632,4646806.608012873,29.06351684861647
road_736_2,road,736,2,,unused,698075.1589346249,4646784.595831854,29.830013230739937
road_737_0,road,737,0,,unused,698127.0103970139,4646885.328025582,38.26038653732036
road_737_1,road,737,1,,unused,698165.1977209076,4646887.258983421,38.25825676823448
road_737_2,road,737,2,,unused,698203.2805729504,4646890.344236165,38.249756294666085
road_737_3,road,737,3,,unused,698239.187082941,4646882.873812001,38.056060497759226
road_737_4,road,737,4,,unused,698263.704710956,4646856.063207439,38.11764884742648
road_737_5,road,737,5,,unused,698265.1464921853,4646818.153363243,38.23012051242743
road_737_6,road,737,6,,unused,698265.637615658,4646780.133963208,38.20500670461887
road_738_0,road,738,0,,unused,698433.5541351142,4646904.406796999,29.722953469869196
road_738_1,road,738,1,,unused,698449.418322473,4646929.363652899,29.7419306547931
road_738_2,road,738,2,,unused,698464.3880037084,4646955.015222754,29.722345470127355
road_739_0,road,739,0,,unused,698545.8152663971,4646685.370586905,32.194153708010305
road_739_1,road,739,1,,unused,698574.7656099251,4646671.353446042,32.1954870341063
road_740_0,road,740,0,,unused,698479.2295546137,4646615.990990764,39.99547936995021
road_740_1,road,740,1,,unused,698518.9990603345,4646619.935645194,39.99553945794551
road_740_2,road,740,2,,unused,698558.9236018907,4646621.962336739,39.96979366540107
road_741_0,road,741,0,,unused,698597.4109779189,4646538.281196009,35.498146923911655
road_741_1,road,741,1,,unused,698592.4104764395,4646573.325136556,35.52091093927228
road_741_2,road,741,2,,unused,698580.1727656377,4646606.566086261,35.52274651702309
road_742_0,road,742,0,,unused,698590.7643862201,4646634.166438613,33.79729725927167
road_742_1,road,742,1,,unused,698624.3817186431,4646630.934759976,33.99241108523615
road_742_2,road,742,2,,unused,698642.1551335749,4646611.203335756,33.5758644597015
road_742_3,road,742,3,,unused,698633.8562922151,4646578.510276757,33.99169771984193
road_742_4,road,742,4,,unused,698633.9384116391,4646544.845532632,33.977821873386546
road_743_0,road,743,0,,unused,698631.6982639213,4646345.048048919,24.95963079617377
road_743_1,road,743,1,,unused,698654.946291724,4646336.8221438825,24.450366656585256
road_744_0,road,744,0,,unused,698680.4467594174,4646327.875317547,36.43845731370805
road_744_1,road,744,1,,unused,698706.2493751148,4646303.300950336,36.50911208103094
road_745_0,road,745,0,,unused,699093.9279756946,4646290.471682271,31.208044121567504
road_746_0,road,746,0,,unused,699108.3848386065,4646300.37526944,39.21437055204796
road_746_1,road,746,1,,unused,699073.1056983395,4646317.400141127,39.23946053384129
road_746_2,road,746,2,,unused,699034.2718622682,4646322.656486729,39.25644994420268
road_747_0,road,747,0,,unused,700097.373430085,4646330.011194862,35.92813057981607
road_747_1,road,747,1,,unused,700093.1303949562,4646365.650376982,35.917587799217216
road_747_2,road,747,2,,unused,700090.8725890353,4646401.48367162,35.92190587062766
road_748_0,road,748,0,,unused,700061.9760333084,4647252.425406331,31.940574982360125
road_748_1,road,748,1,,unused,700051.6859240197,4647223.822143526,32.06558367647536
road_748_2,road,748,2,,unused,700052.1189217173,4647192.035869401,32.0438597387756
road_748_3,road,748,3,,unused,700060.203026597,4647161.124865448,32.07640173553411
road_749_0,road,749,0,,unused,699952.628537078,4647129.259918292,30.13590794496397
road_750_0,road,750,0,,unused,699778.3146520497,4647168.364174101,34.668310064023096
road_750_1,road,750,1,,unused,699812.5752258874,4647167.190974488,34.65862007902012
road_750_2,road,750,2,,unused,699838.9628298988,4647170.034312096,34.39971152648435
road_751_0,road,751,0,,unused,699787.876595706,4647154.550367747,30.43516175427709
road_751_1,road,751,1,,unused,699817.6096392068,4647159.075322209,30.434953459282102
road_752_0,road,752,0,,unused,699589.9919984249,4647251.047823796,31.270560134057867
road_752_1,road,752,1,,unused,699560.2311750972,4647259.632304733,31.355589923018684
road_753_0,road,753,0,,unused,699512.1892172667,4647191.906750981,30.613234028882143
road_753_1,road,753,1,,unused,699524.8838543945,4647165.386136762,30.501184850797465
road_753_2,road,753,2,,unused,699546.5169944776,4647165.66985758,30.044384465710333
road_754_0,road,754,0,,unused,699708.391120001,4648188.318453081,35.56724761581537
road_754_1,road,754,1,,unused,699718.2546956751,4648154.636090803,35.5848763588466
road_755_0,road,755,0,,unused,699979.752468134,4648099.663999174,37.95846770993388
road_755_1,road,755,1,,unused,699977.4429326134,4648065.560652607,37.50855192534013
road_755_2,road,755,2,,unused,700008.5354052308,4648081.572353557,37.91462392081305
road_755_3,road,755,3,,unused,700025.1000794562,4648115.654988701,37.98691557069944
road_756_0,road,756,0,,unused,700015.7844970641,4648081.099555737,30.59673252025638
road_757_0,road,757,0,,unused,700417.4816918052,4648461.9854381215,34.08907278578786
road_757_1,road,757,1,,unused,700445.0528537814,4648480.074197533,34.084966875433494
road_757_2,road,757,2,,unused,700462.3082246709,4648509.461877803,34.10868310894394
road_757_3,road,757,3,,unused,700485.9519711527,4648533.900868171,34.11390513899801
road_757_4,road,757,4,,unused,700503.6130805803,4648562.936869212,34.04316433929044
road_758_0,road,758,0,,unused,699785.6802964297,4648733.180649095,39.04921499677927
road_758_1,road,758,1,,unused,699764.8164177194,4648764.931794194,39.01636021688046
road_759_0,road,759,0,,unused,699124.9895215215,4648327.57518478,39.61325663516567
road_759_1,road,759,1,,unused,699160.4297160149,4648340.173413296,39.52388039411841
road_759_2,road,759,2,,unused,699194.7604373499,4648354.885722645,39.62652488833451
road_760_0,road,760,0,,unused,699132.1309862576,4648353.487981993,37.75153267684938
road_760_1,road,760,1,,unused,699138.883336886,4648389.74512958,37.93572668097423
road_760_2,road,760,2,,unused,699142.6137060785,4648427.115145648,37.90514454274134
road_760_3,road,760,3,,unused,699144.0521874428,4648464.131057773,37.94855611111074
road_761_0,road,761,0,,unused,699129.6664077311,4648509.289210337,20.03754867866044
road_761_1,road,761,1,,unused,699139.2261062785,4648491.698923308,20.031316664773488
road_762_0,road,762,0,,unused,699156.1688484739,4648492.783950421,31.166892192930646
road_762_1,road,762,1,,unused,699176.2937441537,4648515.259159854,31.110004979444128
road_762_2,road,762,2,,unused,699168.8132809709,4648544.974353062,31.135711268730677
road_762_3,road,762,3,,unused,699160.2949676894,4648574.784798375,31.170576894032912
road_763_0,road,763,0,,unused,697809.3160723571,4648458.141610712,32.74803249516113
road_763_1,road,763,1,,unused,697841.6797103381,4648455.055719474,32.54576053215471
road_763_2,road,763,2,,unused,697871.4148057305,4648442.50561355,32.72488696485267
road_763_3,road,763,3,,unused,697897.4531125026,4648422.914484648,32.710877736915776
road_763_4,road,763,4,,unused,697924.0484426807,4648404.519291014,32.29713217504425
road_764_0,road,764,0,,unused,698040.9045081713,4646443.018354228,36.44844882906295
road_764_1,road,764,1,,unused,698057.3770833871,4646475.52894828,36.445325976108464
road_764_2,road,764,2,,unused,698072.6240327553,4646508.607062833,36.44820589152477
road_764_3,road,764,3,,unused,698087.1881423153,4646542.015096852,36.44787364499886
road_764_4,road,764,4,,unused,698100.2923159576,4646575.977982698,36.42485342642576
road_764_5,road,764,5,,unused,698102.497315734,4646612.003060346,36.38640051771938
road_764_6,road,764,6,,unused,698118.1420221877,4646636.322798795,35.98686844011942
road_764_7,road,764,7,,unused,698142.1560420542,4646611.465957851,36.38773510255753
road_764_8,road,764,8,,unused,698165.0311351096,4646584.064147847,36.41755372263334
road_765_0,road,765,0,,unused,698178.0639806766,4646591.708818082,35.2539127005676
road_765_1,road,765,1,,unused,698172.3848956431,4646626.493774662,35.251687772083734
road_765_2,road,765,2,,unused,698168.8668174585,4646661.55236114,35.24874072748917
road_765_3,road,765,3,,unused,698176.1437268001,4646695.110797027,35.17335022411064
road_765_4,road,765,4,,unused,698187.0483481245,4646728.328221577,35.183850010485585
road_765_5,road,765,5,,unused,698208.4738323892,4646755.669732417,35.25325286630614
road_765_6,road,765,6,,unused,698231.0455051342,4646782.439504053,35.24515259192444
road_765_7,road,765,7,,unused,698250.2504897463,4646811.594588661,35.20166933162666
road_766_0,road,766,0,,unused,698260.9178026313,4647207.167199108,35.88070254857115
road_766_1,road,766,1,,unused,698294.0716723523,4647220.274817004,35.93342785403459
road_766_2,road,766,2,,unused,698329.738480691,4647224.437013201,35.93897268418856
road_766_3,road,766,3,,unused,698365.3716079041,4647222.045254322,35.89882167044027
road_767_0,road,767,0,,unused,698293.3535364481,4647108.96420873,32.461035234571604
road_767_1,road,767,1,,unused,698319.7355209492,4647127.751398234,32.46330118585389
road_768_0,road,768,0,,unused,698487.4028249022,4646976.694650679,36.80385061060769
road_768_1,road,768,1,,unused,698511.7286849063,4647003.96730358,36.76571057908833
road_769_0,road,769,0,,unused,698235.4520286438,4646045.709162921,33.48672375768764
road_769_1,road,769,1,,unused,698223.6634584748,4646077.052262944,33.486712938379924
road_769_2,road,769,2,,unused,698211.9631170831,4646108.4283231925,33.48672375752191
road_769_3,road,769,3,,unused,698200.4494871218,4646139.865096175,33.47155120344964
road_769_4,road,769,4,,unused,698185.029463209,4646169.441764686,33.44091441076307
road_769_5,road,769,5,,unused,698165.7615064803,4646196.4049100345,33.46574147674316
road_770_0,road,770,0,,unused,697755.7051124111,4646262.201548591,39.44768446445984
road_770_1,road,770,1,,unused,697758.1510432679,4646301.317413472,39.44700047121255
road_770_2,road,770,2,,unused,697761.2200400176,4646340.153976739,39.44271621145567
road_770_3,road,770,3,,unused,697753.413520575,4646378.760024152,39.45667662899312
road_770_4,road,770,4,,unused,697755.5616628714,4646417.394894014,39.40359629220147
road_771_0,road,771,0,,unused,697995.60838682,4646460.734417512,35.468701621870466
road_771_1,road,771,1,,unused,697998.4704757377,4646425.390590378,35.481914684118415
road_771_2,road,771,2,,unused,698001.9402630138,4646390.133140964,35.4685197994701
road_771_3,road,771,3,,unused,698010.9582997451,4646355.823838991,35.48182684415814
road_771_4,road,771,4,,unused,698020.3914786314,4646321.626046987,35.47894531470622
road_771_5,road,771,5,,unused,698023.5270022063,4646286.66863689,35.43429327066737
road_772_0,road,772,0,,unused,698247.9327849319,4646392.098297091,36.38117280909315
road_773_0,road,773,0,,unused,698204.0649949835,4646146.579760821,33.63915450598317
road_773_1,road,773,1,,unused,698206.4235682223,4646180.082650367,33.62913216694323
road_773_2,road,773,2,,unused,698201.182948744,4646212.953989381,33.61167900078591
road_773_3,road,773,3,,unused,698185.6976760622,4646242.529741865,33.60498148158627
road_773_4,road,773,4,,unused,698167.5475798649,4646269.795989964,32.64656307950477
road_773_5,road,773,5,,unused,698137.0923350571,4646268.630509,33.6396612808363
road_774_0,road,774,0,,unused,698423.1577057937,4646468.801761533,34.44396575149318
road_774_1,road,774,1,,unused,698388.9754891216,4646464.829791603,34.444590229161136
road_774_2,road,774,2,,unused,698354.5510780263,4646463.886112996,34.45020385091634
road_774_3,road,774,3,,unused,698320.3454145131,4646466.53115062,34.37825022117769
road_774_4,road,774,4,,unused,698291.0957273031,4646483.573651132,34.44888164477641
road_774_5,road,774,5,,unused,698265.8678434339,4646506.671391257,34.400669045453924
road_775_0,road,775,0,,unused,698084.7026363421,4646247.109591319,33.076666672769335
road_775_1,road,775,1,,unused,698082.7917944475,4646280.130127614,33.07682748355582
road_775_2,road,775,2,,unused,698081.7051061791,4646313.182163792,33.073386872839926
road_775_3,road,775,3,,unused,698079.0805001869,4646346.139239202,33.07477270229268
road_776_0,road,776,0,,unused,697994.7146750435,4646530.096312312,38.06085562860764
road_776_1,road,776,1,,unused,697988.7612768994,4646567.532014461,38.09563874365432
road_777_0,road,777,0,,unused,697672.5647996035,4646233.075746253,32.958202128757605
road_777_1,road,777,1,,unused,697698.1311732633,4646212.6577693,32.90780854225876
road_777_2,road,777,2,,unused,697714.0665417482,4646184.021293338,32.92706456655486
road_777_3,road,777,3,,unused,697719.7648291274,4646153.103557492,32.9769090637711
road_777_4,road,777,4,,unused,697713.92990875,4646120.696318954,33.018681703583795
road_778_0,road,778,0,,unused,697763.684501206,4646109.321808481,31.344231080231573
road_778_1,road,778,1,,unused,697755.7917644237,4646139.616158082,31.31761266938642
road_778_2,road,778,2,,unused,697740.8012615509,4646166.823431313,31.342182146238688
road_778_3,road,778,3,,unused,697719.7614219422,4646189.93988956,31.26484069017705
road_779_0,road,779,0,,unused,698641.2639761755,4646915.128071176,35.7055663593391
road_779_1,road,779,1,,unused,698675.8467158901,4646922.775847727,35.741755934374794
road_779_2,road,779,2,,unused,698711.0881313811,4646916.943357443,35.777211273309554
road_779_3,road,779,3,,unused,698745.7378778325,4646908.390673026,35.76262175700449
road_780_0,road,780,0,,unused,699308.7244389957,4646142.948603382,39.3990056025373
road_780_1,road,780,1,,unused,699286.8616035618,4646175.527159614,39.39255033819343
road_780_2,road,780,2,,unused,699256.1677327397,4646200.154197263,39.40510209390271
road_780_3,road,780,3,,unused,699220.6938002205,4646217.238297276,39.398004613942966
road_780_4,road,780,4,,unused,699185.9495866194,4646235.69216684,39.397795718170286
road_781_0,road,781,0,,unused,699238.321429944,4646042.734285424,35.38790455224924
road_781_1,road,781,1,,unused,699205.4418604414,4646053.4763011485,35.2757840483568
road_781_2,road,781,2,,unused,699170.594621777,4646057.551944066,35.3050557569049
road_781_3,road,781,3,,unused,699149.3582484126,4646085.494672024,35.411374086113746
road_781_4,road,781,4,,unused,699127.1245762166,4646112.750804942,35.388414773396505
road_781_5,road,781,5,,unused,699107.814071834,4646142.418487216,35.415414034669354
road_782_0,road,782,0,,unused,700148.3101593343,4646243.917314829,37.7482125125959
road_782_1,road,782,1,,unused,700172.8080959918,4646215.259723347,37.6662126567508
road_782_2,road,782,2,,unused,700206.7876458251,4646207.35682646,37.28645151725739
road_782_3,road,782,3,,unused,700202.5714717547,4646242.2247955,37.71247665238895
road_782_4,road,782,4,,unused,700174.4680362907,4646267.178390104,37.74786155902191
road_782_5,road,782,5,,unused,700144.8095509339,4646290.513413572,37.741479894437845
road_783_0,road,783,0,,unused,700119.9493748383,4646249.498289343,38.0599101688597
road_783_1,road,783,1,,unused,700084.1240540566,4646237.089565358,38.07254859814656
road_783_2,road,783,2,,unused,700047.1803170515,4646227.95750036,38.071107614315295
road_783_3,road,783,3,,unused,700009.638861246,4646222.403144719,38.016871269815134
road_784_0,road,784,0,,unused,700216.2135351105,4646265.862621493,33.11707050499029
road_784_1,road,784,1,,unused,700183.4109525416,4646270.287681186,33.11928116503541
road_785_0,road,785,0,,unused,700237.7228458826,4646273.333304205,21.271578242695043
road_785_1,road,785,1,,unused,700243.365611812,4646294.373111008,22.444684702610683
road_786_0,road,786,0,,unused,700173.9442472165,4646289.965120844,37.57791860042107
road_786_1,road,786,1,,unused,700203.5218181144,4646313.07445869,37.58224689919869
road_786_2,road,786,2,,unused,700231.689298508,4646337.954873812,37.58624922421146
road_786_3,road,786,3,,unused,700258.1841921404,4646364.482806134,37.571313497508974
road_786_4,road,786,4,,unused,700277.8691778455,4646396.462179426,37.573384260372144
road_787_0,road,787,0,,unused,700244.339211319,4646166.864838875,35.296664203136004
road_787_1,road,787,1,,unused,700213.575100619,4646183.320505896,35.22819169943535
road_787_2,road,787,2,,unused,700213.7039800461,4646216.010648348,35.250086904579504
road_787_3,road,787,3,,unused,700229.3249874606,4646247.466553574,35.34813257471603
road_788_0,road,788,0,,unused,699891.5674048654,4646229.4418864185,39.67329962395786
road_788_1,road,788,1,,unused,699863.6262008544,4646257.567984117,39.671240245012434
road_788_2,road,788,2,,unused,699838.4060588653,4646288.151805086,39.6701813239076
road_788_3,road,788,3,,unused,699811.9167945726,4646317.635517687,39.673245813245344
road_788_4,road,788,4,,unused,699786.6602436289,4646348.194518022,39.67159272313904
road_788_5,road,788,5,,unused,699759.5233217435,4646377.123634285,39.67535367555418
road_788_6,road,788,6,,unused,699728.2119151151,4646400.836580149,39.59575291315118
road_789_0,road,789,0,,unused,699915.9863226813,4646202.948926398,32.696391459564964
road_789_1,road,789,1,,unused,699941.293195659,4646183.388450033,32.70768320926124
road_789_2,road,789,2,,unused,699968.7002911994,4646187.346384693,32.07809897347784
road_790_0,road,790,0,,unused,700083.7957881492,4646503.9709534,33.933929860956994
road_790_1,road,790,1,,unused,700086.257516106,4646470.127187893,33.93345523423921
road_790_2,road,790,2,,unused,700087.8780625038,4646436.2352753095,33.933929860306115
road_791_0,road,791,0,,unused,699992.174500917,4646462.736982176,26.00348277812336
road_791_1,road,791,1,,unused,699991.3321598083,4646436.794280601,25.98759141408556
road_792_0,road,792,0,,unused,699920.4910048607,4646422.592585347,37.3234772792818
road_792_1,road,792,1,,unused,699957.8041912802,4646422.72724528,37.32273421757516
road_792_2,road,792,2,,unused,699995.0964381612,4646423.81828488,37.31916538984413
road_792_3,road,792,3,,unused,700032.3678587906,4646425.119763836,37.32477181456619
road_792_4,road,792,4,,unused,700069.5450975716,4646428.321241269,37.3234927761021
road_793_0,road,793,0,,unused,700069.8879982794,4646521.150289277,25.28303341331797
road_794_0,road,794,0,,unused,699886.0433919082,4646128.299084988,38.06552114094703
road_794_1,road,794,1,,unused,699904.9786344899,4646095.753087415,38.01281707067776
road_794_2,road,794,2,,unused,699922.4962655652,4646062.05162606,38.05222627873283
road_794_3,road,794,3,,unused,699945.5745403619,4646031.861995601,38.01959664246311
road_794_4,road,794,4,,unused,699959.0134351752,4645996.622780113,38.04511121025256
road_794_5,road,794,5,,unused,699972.1464606732,4645960.999482812,38.05112765398316
road_794_6,road,794,6,,unused,699989.3518068087,4645929.514813109,37.707157231933785
road_794_7,road,794,7,,unused,700002.4542729452,4645957.51329502,38.02605109199912
road_794_8,road,794,8,,unused,699993.2475822414,4645994.262321151,38.01397487902008
road_794_9,road,794,9,,unused,699985.9468855215,4646031.480005428,38.058235987982016
road_794_10,road,794,10,,unused,699984.6327586782,4646069.505928094,38.05288461866266
road_794_11,road,794,11,,unused,699988.792936566,4646107.20051504,37.953482455404135
road_795_0,road,795,0,,unused,699987.0135035632,4646181.759619096,29.22643674560156
road_796_0,road,796,0,,unused,698197.8185824796,4646915.027419684,33.55344648845124
road_796_1,road,796,1,,unused,698177.7346010454,4646938.524070083,33.411595876963645
road_796_2,road,796,2,,unused,698145.4596562061,4646941.902701626,33.4338898136167
road_796_3,road,796,3,,unused,698128.424385291,4646969.95210838,33.59458288086203
road_797_0,road,797,0,,unused,698247.4929647795,4647054.2227264205,37.22172756375589
road_797_1,road,797,1,,unused,698250.9499717603,4647091.280625891,37.2208623110782
road_797_2,road,797,2,,unused,698253.8490955372,4647128.383324883,37.221728822144655
road_798_0,road,798,0,,unused,699878.1255852224,4647318.685476575,37.49767406536012
road_799_0,road,799,0,,unused,700018.5263154407,4647282.469340903,30.67504988941974
road_799_1,road,799,1,,unused,700049.1277313452,4647284.466985426,30.675246881235136
road_800_0,road,800,0,,unused,699469.2585073247,4648680.056008918,37.02279149975735
road_801_0,road,801,0,,unused,699529.207550304,4648660.838207182,30.825426470150624
road_801_1,road,801,1,,unused,699499.1257932273,4648667.681426126,30.918800002419957
road_802_0,road,802,0,,unused,698109.0337765474,4646336.508716677,32.85582786622444
road_802_1,road,802,1,,unused,698107.4307009627,4646369.244609254,32.937487101252266
road_802_2,road,802,2,,unused,698105.7963274036,4646402.13679068,32.96585275017851
road_803_0,road,803,0,,unused,698157.5288637445,4646178.142356681,33.93641910092964
road_803_1,road,803,1,,unused,698128.8899926934,4646164.5592433605,33.32954237420671
road_803_2,road,803,2,,unused,698103.0128421751,4646184.6547816,34.15390359224702
road_803_3,road,803,3,,unused,698086.7399844789,4646213.679625139,34.13304808413959
road_804_0,road,804,0,,unused,698010.9471786446,4646101.550481827,30.38213405162701
road_804_1,road,804,1,,unused,698008.2878020393,4646131.580308938,30.365862675672325
road_804_2,road,804,2,,unused,697996.0177803097,4646159.076087168,30.33859375442276
road_804_3,road,804,3,,unused,697973.1489290993,4646178.545836797,30.255464087038128
road_805_0,road,805,0,,unused,698469.7164941521,4646416.052021883,33.46715496932622
road_805_1,road,805,1,,unused,698495.7409452848,4646435.928537922,33.61796110753471
road_805_2,road,805,2,,unused,698511.9130454888,4646465.083314209,33.711769956141154
road_805_3,road,805,3,,unused,698532.1818619297,4646491.923631443,33.72237962256969
road_806_0,road,806,0,,unused,699792.818085432,4647090.120480207,38.81777471387174
road_806_1,road,806,1,,unused,699827.8417494509,4647106.968336396,39.82091054879872
road_806_2,road,806,2,,unused,699865.1889275088,4647120.378109559,39.80182738258504
road_806_3,road,806,3,,unused,699900.5176356139,4647138.089442004,39.60108959150627
road_806_4,road,806,4,,unused,699933.1414368179,4647159.863490634,39.4425089522857
road_807_0,road,807,0,,unused,699652.2086403659,4647210.221278852,38.27899985083508
road_807_1,road,807,1,,unused,699677.9137297389,4647184.459111385,38.26406154302136
road_807_2,road,807,2,,unused,699714.1209869139,4647172.826888275,38.06189079292157
road_807_3,road,807,3,,unused,699750.2741583018,4647175.887186561,35.55202447435617
road_808_0,road,808,0,,unused,699748.144555911,4647168.952086306,26.710200502737777
road_809_0,road,809,0,,unused,699737.6713367562,4647186.074922284,1.8168420160137608
road_810_0,road,810,0,,unused,699869.0910829521,4647266.403386646,34.23794627121814
road_810_1,road,810,1,,unused,699836.4305602435,4647257.212181765,34.296195530280094
road_810_2,road,810,2,,unused,699804.2467235145,4647246.264690443,34.22140783690815
road_811_0,road,811,0,,unused,699865.2385427379,4647277.811414739,34.78013414596057
road_812_0,road,812,0,,unused,700001.0593402175,4647418.817348439,34.58241049892622
road_812_1,road,812,1,,unused,699970.9088117039,4647435.368104457,35.71887716182347
road_812_2,road,812,2,,unused,699940.520389908,4647453.438798621,35.91558131124996
road_812_3,road,812,3,,unused,699914.5418712079,4647478.16009531,35.945161410773125
road_813_0,road,813,0,,unused,700361.9080172518,4647186.727483164,34.13174414021631
road_813_1,road,813,1,,unused,700351.8080517271,4647215.065632934,34.22750514268815
road_813_2,road,813,2,,unused,700361.7977164382,4647247.724775776,34.31946490190405
road_813_3,road,813,3,,unused,700368.9136876315,4647280.994416329,34.038275855284674
road_814_0,road,814,0,,unused,700286.2881507186,4647029.404909121,34.51491312315086
road_814_1,road,814,1,,unused,700320.952159112,4647033.812345183,35.51282547595426
road_814_2,road,814,2,,unused,700355.2142069021,4647042.363441169,35.402962852653594
road_814_3,road,814,3,,unused,700387.3426318426,4647057.078815196,35.49879512662308
road_814_4,road,814,4,,unused,700391.6549525899,4647072.451836695,34.2785350030507
road_814_5,road,814,5,,unused,700373.1019548655,4647100.862802206,35.640296070612706
road_814_6,road,814,6,,unused,700363.4616814847,4647132.716356553,35.43006538408052
road_814_7,road,814,7,,unused,700335.5414996458,4647153.093704601,33.88165640145107
road_814_8,road,814,8,,unused,700365.9690051316,4647164.141483283,35.50424744793612
road_815_0,road,815,0,,unused,700420.0674867483,4647059.720412244,30.448704310364885
road_815_1,road,815,1,,unused,700450.3991365125,4647060.073700288,30.54459909666024
road_815_2,road,815,2,,unused,700480.3409754491,4647065.559082431,30.429137301290886
road_816_0,road,816,0,,unused,699357.7373243544,4647368.293464618,37.74755827697817
road_816_1,road,816,1,,unused,699353.8563173248,4647395.538439887,39.178722829297705
road_817_0,road,817,0,,unused,698488.1709555777,4648499.574199171,35.150038284771654
road_817_1,road,817,1,,unused,698495.8422914955,4648533.801793502,35.14758439944472
road_817_2,road,817,2,,unused,698505.5376723252,4648567.506193933,35.18999930832517
road_817_3,road,817,3,,unused,698515.7105459026,4648601.052559418,35.20290093627551
road_817_4,road,817,4,,unused,698518.1679363957,4648636.1377217285,35.23974319566021
road_818_0,road,818,0,,unused,698547.9922310954,4648551.269983361,33.21100383567253
road_818_1,road,818,1,,unused,698515.6209913235,4648544.141176718,33.40127587505522
road_819_0,road,819,0,,unused,698485.0517502677,4648546.515311996,30.20830712079521
road_819_1,road,819,1,,unused,698458.7725808405,4648558.978923329,30.83043305552009
road_819_2,road,819,2,,unused,698435.9307129288,4648579.107859541,30.10513664140509
road_820_0,road,820,0,,unused,698408.5800790881,4648569.2457993785,32.857375834518066
road_820_1,road,820,1,,unused,698394.650426394,4648540.945870365,32.96096426401343
road_820_2,road,820,2,,unused,698414.0820741388,4648515.474470492,33.00765920155513
road_820_3,road,820,3,,unused,698436.2252231499,4648491.066522797,33.00054547801032
road_821_0,road,821,0,,unused,698597.086860479,4648673.31096485,36.55846044720487
road_821_1,road,821,1,,unused,698571.5102693469,4648649.3598289145,36.63433471668612
road_821_2,road,821,2,,unused,698535.6225115678,4648645.903674007,36.63922236395083
road_822_0,road,822,0,,unused,698582.4402238779,4648699.03341396,28.979388854360188
road_822_1,road,822,1,,unused,698560.9390943858,4648679.834745087,28.991123012603087
road_822_2,road,822,2,,unused,698541.8023080347,4648659.0102001615,28.770843414884865
road_823_0,road,823,0,,unused,698498.6414505108,4648765.752232153,30.862655234408187
road_823_1,road,823,1,,unused,698501.5522857992,4648796.274300351,31.042477733625645
road_824_0,road,824,0,,unused,698537.1580245688,4648778.5801601,25.280037857289766
road_824_1,road,824,1,,unused,698513.1886769104,4648781.633315694,23.50487835203801
road_825_0,road,825,0,,unused,698582.0023574972,4648857.440752871,23.80178079889477
road_825_1,road,825,1,,unused,698577.7622853898,4648836.893835542,18.437881499346997
road_826_0,road,826,0,,unused,698596.5233471458,4648832.750477879,36.15086777594856
road_826_1,road,826,1,,unused,698632.2202171227,4648828.824015895,36.2410618283577
road_826_2,road,826,2,,unused,698668.1586969625,4648830.962109235,36.20673395405066
road_827_0,road,827,0,,unused,698859.565957333,4648671.721507801,34.749834771881915
road_827_1,road,827,1,,unused,698859.544791344,4648706.375013794,34.78390388368969
road_827_2,road,827,2,,unused,698863.7337032125,4648740.632473034,34.667040514035854
road_828_0,road,828,0,,unused,698803.9799355482,4648709.47801877,7.216784497012847
road_829_0,road,829,0,,unused,699494.7436415198,4648425.52603802,22.31582505088868
road_829_1,road,829,1,,unused,699500.1467237271,4648445.414748256,22.40390050659426
road_830_0,road,830,0,,unused,700161.4983736875,4648355.801528438,34.92347717311779
road_830_1,road,830,1,,unused,700194.9672932489,4648365.739687769,34.95520957424245
road_830_2,road,830,2,,unused,700223.8180651104,4648382.335973572,32.63815034154357
road_830_3,road,830,3,,unused,700223.4146793828,4648403.431514103,34.40694843966053
road_831_0,road,831,0,,unused,700266.8455234658,4648374.243722229,29.590658808019537
road_831_1,road,831,1,,unused,700237.7612612942,4648375.951585359,29.66648591053906
road_832_0,road,832,0,,unused,700071.3341249181,4647961.159685999,31.68156770970975
road_832_1,road,832,1,,unused,700087.5859589489,4647987.7795926025,31.84116147400944
road_832_2,road,832,2,,unused,700088.5698752865,4648019.529332274,31.89205834031309
road_833_0,road,833,0,,unused,699313.0496797626,4647953.441627035,29.90953274395336
road_833_1,road,833,1,,unused,699331.5736221811,4647930.002229639,30.110913968244105
road_833_2,road,833,2,,unused,699353.0552914562,4647909.324872267,29.97762323868159
road_834_0,road,834,0,,unused,699744.4682453071,4648064.040007986,26.373335014577883
road_834_1,road,834,1,,unused,699717.7239862871,4648063.967100102,27.60973828831778
road_835_0,road,835,0,,unused,699689.824212626,4648135.013145042,33.79019083080003
road_835_1,road,835,1,,unused,699663.1576347362,4648154.776868774,33.79108634725716
road_836_0,road,836,0,,unused,699742.0475460812,4648096.303616192,26.38225277323692
road_836_1,road,836,1,,unused,699716.1002094902,4648099.320822534,26.216154128420413
road_837_0,road,837,0,,unused,700070.2838539382,4647277.882037877,31.53929209424612
road_837_1,road,837,1,,unused,700077.5560834715,4647304.828353619,31.3333746378178
road_837_2,road,837,2,,unused,700107.7415914879,4647312.41028676,31.3655099745184
road_837_3,road,837,3,,unused,700136.1441406126,4647300.541098087,31.393452782252204
road_838_0,road,838,0,,unused,700421.5514086005,4646942.485133663,34.011201100740635
road_838_1,road,838,1,,unused,700402.9214828524,4646914.763122138,34.178247648007385
road_838_2,road,838,2,,unused,700378.4012760443,4646891.149371906,34.117278951692086
road_838_3,road,838,3,,unused,700349.1344098465,4646874.335868428,34.03750400201578
road_838_4,road,838,4,,unused,700321.472246799,4646856.367713304,34.172917520176675
road_838_5,road,838,5,,unused,700302.4185387937,4646829.047268327,34.036434250172874
road_839_0,road,839,0,,unused,700389.5067733725,4647119.482752031,34.55265461316564
road_839_1,road,839,1,,unused,700423.9354439792,4647117.428309348,34.54814732684616
road_839_2,road,839,2,,unused,700457.5423105648,4647122.794295859,34.51941089124351
road_840_0,road,840,0,,unused,700318.6070379801,4647151.497537012,33.05334743408456
road_840_1,road,840,1,,unused,700289.4121950452,4647137.687217636,32.88154681204296
road_840_2,road,840,2,,unused,700256.875882931,4647137.351034491,33.22255677892889
road_841_0,road,841,0,,unused,700284.7903164751,4647194.628390369,32.11717572550513
road_841_1,road,841,1,,unused,700253.2292773094,4647189.822447591,32.21402292031156
road_841_2,road,841,2,,unused,700221.0754166596,4647188.655241601,32.159789118088725
road_841_3,road,841,3,,unused,700191.1615544372,4647178.278281733,32.10776588882312
road_841_4,road,841,4,,unused,700164.6417268921,4647160.863788809,31.855671741115422
road_842_0,road,842,0,,unused,700157.6407724243,4647270.915337907,22.133892452580767
road_842_1,road,842,1,,unused,700135.811102242,4647269.622955718,21.804060535985137
road_843_0,road,843,0,,unused,699626.2308322368,4647369.551020157,36.81344392778891
road_843_1,road,843,1,,unused,699589.4319316307,4647368.516337594,36.8134439279
road_843_2,road,843,2,,unused,699553.0486479447,4647366.692165639,36.10460725320162
road_844_0,road,844,0,,unused,699580.5328340007,4646893.746455655,34.86820349646773
road_844_1,road,844,1,,unused,699581.4927698331,4646858.94783142,34.91152815866892
road_844_2,road,844,2,,unused,699583.9214276797,4646824.154119443,34.91097573196767
road_844_3,road,844,3,,unused,699586.7784298384,4646789.418431398,34.89967597580522
road_844_4,road,844,4,,unused,699589.8520110768,4646754.727365511,34.835967396734915
road_845_0,road,845,0,,unused,700319.8337885858,4646942.289798501,34.8126721061291
road_845_1,road,845,1,,unused,700354.1458359808,4646947.437987569,34.763448110651495
road_845_2,road,845,2,,unused,700387.5575227333,4646957.052362022,34.90352452770467
road_846_0,road,846,0,,unused,700473.0272066185,4647037.909128494,36.8541442649481
road_846_1,road,846,1,,unused,700436.3223554522,4647040.97136674,36.91505470360527
road_846_2,road,846,2,,unused,700415.4874075458,4647046.464236274,34.23084379695606
road_847_0,road,847,0,,unused,700399.3865503572,4647078.394911591,34.930458352870275
road_848_0,road,848,0,,unused,700488.1497623394,4647120.148286872,30.34844253109673
road_849_0,road,849,0,,unused,700420.8794268765,4647184.340806279,37.05133747482564
road_849_1,road,849,1,,unused,700455.6698366938,4647175.632253121,37.41927550663419
road_849_2,road,849,2,,unused,700492.2042501838,4647168.867511542,37.52112229026287
road_850_0,road,850,0,,unused,700329.7141496696,4647245.002286349,30.047162437781683
road_850_1,road,850,1,,unused,700352.5449470063,4647264.444994918,30.1418650285915
road_851_0,road,851,0,,unused,700354.1325088573,4647330.435040151,37.28754818090248
road_851_1,road,851,1,,unused,700320.1206858672,4647315.627497844,37.32825549944416
road_851_2,road,851,2,,unused,700291.4999932046,4647298.157194864,30.37580463326561
road_852_0,road,852,0,,unused,700519.1575830206,4647756.874128524,36.15916059872989
road_852_1,road,852,1,,unused,700550.8954227137,4647760.216879701,36.33154460185528
road_852_2,road,852,2,,unused,700582.5301890627,4647744.600919828,36.389982524983125
road_853_0,road,853,0,,unused,700447.641932441,4648027.412009195,36.98839916117938
road_853_1,road,853,1,,unused,700482.3038168927,4648035.3860280365,38.95458950744606
road_853_2,road,853,2,,unused,700512.1152980258,4648060.192894296,39.01819219862607
road_854_0,road,854,0,,unused,700350.0148514109,4648172.993039231,27.709724737117533
road_854_1,road,854,1,,unused,700322.9283292776,4648169.543561399,27.848496665936374
road_854_2,road,854,2,,unused,700295.569603007,4648170.232623577,26.948044433146325
road_855_0,road,855,0,,unused,700436.8985727034,4648219.595699244,36.608961415054885
road_855_1,road,855,1,,unused,700457.5003579841,4648248.29779016,37.04419281216181
road_856_0,road,856,0,,unused,700629.2820022301,4648293.742164608,37.38897109057094
road_856_1,road,856,1,,unused,700656.3336061247,4648268.163253603,37.36899730546394
road_856_2,road,856,2,,unused,700656.064628015,4648251.073314041,36.57705062116103
road_856_3,road,856,3,,unused,700619.24510428,4648247.4724018825,37.45919928156548
road_856_4,road,856,4,,unused,700583.0779576066,4648243.851407652,35.34476604171538
road_857_0,road,857,0,,unused,700064.2444015959,4648332.467214928,35.46962575071573
road_857_1,road,857,1,,unused,700030.4251975131,4648342.73771022,35.6299826253244
road_857_2,road,857,2,,unused,699995.2486656666,4648339.65609439,35.66322684373631
road_857_3,road,857,3,,unused,699960.2566685335,4648333.881547478,35.546810355687214
road_857_4,road,857,4,,unused,699925.2635712782,4648339.506136699,35.471981967798364
road_858_0,road,858,0,,unused,699429.1454434453,4648543.994080798,29.96023665770484
road_858_1,road,858,1,,unused,699400.675588954,4648550.665209514,29.72182748282828
road_859_0,road,859,0,,unused,699528.3885370316,4648613.653404357,33.36065775206612
road_859_1,road,859,1,,unused,699557.5542014826,4648629.493639273,33.37631085362227
road_859_2,road,859,2,,unused,699586.4902488728,4648645.562101264,33.040921667689844
road_860_0,road,860,0,,unused,699830.5224318675,4648713.829844232,34.96087943498354
road_860_1,road,860,1,,unused,699851.0828975908,4648685.846701548,34.917593178407
road_860_2,road,860,2,,unused,699879.4333417349,4648667.118896963,34.88764967182023
road_861_0,road,861,0,,unused,699805.6867593651,4648704.796456321,31.30655939610735
road_862_0,road,862,0,,unused,699529.4659899595,4646911.516876733,27.683909492850457
road_862_1,road,862,1,,unused,699527.9024015092,4646939.11796322,27.682148447084607
road_862_2,road,862,2,,unused,699528.6898647062,4646966.771942749,27.671889617287256
road_863_0,road,863,0,,unused,700523.8037459453,4647535.603631894,32.320957049553655
road_863_1,road,863,1,,unused,700524.6158427225,4647503.694299845,32.353635231786605
road_863_2,road,863,2,,unused,700542.2840032767,4647476.788703722,32.35230621737522
road_864_0,road,864,0,,unused,698367.8772273589,4646920.13166008,30.446924030359565
road_864_1,road,864,1,,unused,698371.5160478943,4646950.352384162,30.580273681170176
road_864_2,road,864,2,,unused,698375.6558599372,4646980.514269018,30.570613731237437
road_864_3,road,864,3,,unused,698380.6593121974,4647010.626381432,30.56101698850488
road_865_0,road,865,0,,unused,698121.2318701072,4646969.153903122,32.558153592861906
road_865_1,road,865,1,,unused,698118.911780622,4646936.722523127,32.56028574720807
road_865_2,road,865,2,,unused,698111.3540994714,4646905.261019915,32.56299217360403
road_865_3,road,865,3,,unused,698090.3362593562,4646887.299787521,31.755229534861705
road_866_0,road,866,0,,unused,698070.4818573913,4646861.335681818,26.116322278350932
road_866_1,road,866,1,,unused,698090.0337447741,4646878.011121731,25.34472699603688
road_867_0,road,867,0,,unused,698103.2942630413,4646434.099274659,31.494996405999327
road_867_1,road,867,1,,unused,698106.3699556162,4646465.127018609,31.462948304582547
road_867_2,road,867,2,,unused,698117.7474778927,4646494.313151774,31.47096546923262
road_867_3,road,867,3,,unused,698126.9063305277,4646524.411416062,31.49809533091945
road_868_0,road,868,0,,unused,698139.5129424037,4646147.747955215,33.44426548195648
road_868_1,road,868,1,,unused,698156.9487823494,4646120.067770092,33.459015056905734
road_868_2,road,868,2,,unused,698162.6425320201,4646087.166929941,33.50354371729148
road_868_3,road,868,3,,unused,698165.3507508013,4646054.055077416,33.50683377979452
road_869_0,road,869,0,,unused,697738.8046915957,4646241.517453847,34.43730736170079
road_869_1,road,869,1,,unused,697707.1785536543,4646254.480145425,34.51268145802789
road_869_2,road,869,2,,unused,697672.7465185196,4646253.203209126,34.51620615206807
road_869_3,road,869,3,,unused,697642.5056161444,4646245.10065912,33.35085103312881
road_870_0,road,870,0,,unused,697927.1100493312,4647398.648373059,33.1981892959682
road_870_1,road,870,1,,unused,697901.3064772991,4647378.533729171,33.22724053121722
road_870_2,road,870,2,,unused,697870.6070287134,4647366.497027203,33.10704767520602
road_871_0,road,871,0,,unused,698325.22413372,4648856.909423768,30.340794346360124
road_871_1,road,871,1,,unused,698351.0008677662,4648843.158795215,30.174403079985883
road_871_2,road,871,2,,unused,698366.9773792643,4648817.686727084,30.27424435811367
road_872_0,road,872,0,,unused,697875.2135804319,4648504.342366643,30.13240527004424
road_872_1,road,872,1,,unused,697870.5593871167,4648533.357029286,30.07327628678677
road_872_2,road,872,2,,unused,697850.0410778575,4648555.173198096,30.001951150628628
road_873_0,road,873,0,,unused,697830.2715629197,4648575.334950108,35.068288442878384
road_873_1,road,873,1,,unused,697806.6535956792,4648601.153976308,35.29025080429965
road_874_0,road,874,0,,unused,698134.8842982922,4648527.745233953,35.142778311115364
road_874_1,road,874,1,,unused,698140.6027866335,4648493.316335704,35.18874357349581
road_875_0,road,875,0,,unused,698328.9810036428,4648942.564462571,28.302223476567164
road_875_1,road,875,1,,unused,698300.6673886488,4648941.77503941,28.375551001952296
road_875_2,road,875,2,,unused,698272.6562000627,4648938.982436978,28.261796943294083
road_876_0,road,876,0,,unused,698287.2629433349,4648905.38434023,34.61763711388246
road_876_1,road,876,1,,unused,698316.8853108576,4648923.141592191,34.73349588048309
road_876_2,road,876,2,,unused,698342.9850002035,4648919.85797345,34.563103461772805
road_876_3,road,876,3,,unused,698369.6652425752,4648900.388606582,31.836681731158265
road_876_4,road,876,4,,unused,698353.7905269815,4648894.738209424,34.76908189547921
road_876_5,road,876,5,,unused,698319.4575885194,4648897.751518602,34.691534147440784
road_877_0,road,877,0,,unused,699129.7301050336,4648535.962338851,37.15541456804979
road_877_1,road,877,1,,unused,699143.3172365683,4648570.320117343,37.09533938171108
road_878_0,road,878,0,66.0,train,622118.2204992865,4595173.6017945465,37.13732047623427
road_879_0,road,879,0,67.0,train,622185.7191679828,4595205.069517551,31.809979872419383
road_879_1,road,879,1,67.0,train,622160.0000138114,4595223.585780703,31.796246329198137
road_880_0,road,880,0,79.0,train,622133.0099969988,4595529.453763534,36.30491654505288
road_880_1,road,880,1,78.0,train,622097.1591322367,4595524.57921283,36.26040312516952
road_880_2,road,880,2,78.0,train,622062.0267733678,4595528.096351841,36.15450666150112
road_880_3,road,880,3,78.0,train,622036.1437648291,4595553.298928514,36.17503979933723
road_880_4,road,880,4,78.0,train,622016.9030503102,4595583.790298954,36.16588482406346
road_881_0,road,881,0,43.0,train,622258.8184481747,4594497.30056104,36.90255507383391
road_881_1,road,881,1,55.0,train,622236.1430137436,4594526.387072102,37.02322745853364
road_882_0,road,882,0,55.0,train,622224.0128744799,4594540.880579927,0.8123260381379878
road_883_0,road,883,0,55.0,train,622223.5523108852,4594541.408511787,0.5945428168913532
road_884_0,road,884,0,54.0,val,622087.8674853095,4594752.9670974845,35.87746287641593
road_884_1,road,884,1,54.0,val,622114.2252770156,4594731.088585549,36.064787295971286
road_885_0,road,885,0,54.0,val,622123.1527480518,4594870.819573117,28.001639504407592
road_885_1,road,885,1,66.0,train,622104.9444430106,4594891.571654702,28.115686654944803
road_885_2,road,885,2,66.0,train,622084.6351473593,4594910.485769005,28.119117969987173
road_886_0,road,886,0,76.0,train,621236.2800887479,4595417.071294814,34.033149160592785
road_886_1,road,886,1,76.0,train,621250.8165751597,4595386.44145647,34.02199495612134
road_887_0,road,887,0,88.0,train,621310.164076662,4595651.570836538,34.99540122780657
road_888_0,road,888,0,90.0,val,621872.9791310264,4595760.729569906,12.927426904333505
road_889_0,road,889,0,91.0,val,622159.0086507108,4595746.447500833,27.32731597845503
road_889_1,road,889,1,91.0,val,622174.2508584586,4595723.759414169,27.445269475241258
road_889_2,road,889,2,91.0,val,622184.6291981048,4595699.702256958,27.19372150479439
road_890_0,road,890,0,91.0,val,622258.310070821,4595698.346502828,33.1666849040539
road_890_1,road,890,1,91.0,val,622225.3822281532,4595700.969239804,33.1756028980429
road_891_0,road,891,0,91.0,val,622226.3339450723,4595692.570932901,19.499936667825125
road_892_0,road,892,0,67.0,train,622154.4355181392,4595039.132203714,19.90651945157625
road_892_1,road,892,1,67.0,train,622174.0001734794,4595043.564675887,20.44394817202138
road_893_0,road,893,0,55.0,train,622244.7892280407,4594509.053590891,7.609689717202453
road_894_0,road,894,0,43.0,train,622423.9509521277,4594481.986995065,37.395484242080045
road_894_1,road,894,1,43.0,train,622434.5601172835,4594446.209926801,37.38637724599411
road_894_2,road,894,2,43.0,train,622449.4403745125,4594411.957280254,37.39890385431841
road_894_3,road,894,3,43.0,train,622453.6190412911,4594375.125638688,37.32399379710797
road_894_4,road,894,4,43.0,train,622436.0960132029,4594342.731280379,37.29883054353909
road_894_5,road,894,5,43.0,train,622405.4200575054,4594323.544922944,37.25247641197408
road_894_6,road,894,6,43.0,train,622371.3532479367,4594337.150625804,37.16763284119901
road_894_7,road,894,7,43.0,train,622346.0494446966,4594364.435787912,37.371450033978
road_894_8,road,894,8,43.0,train,622327.3254057969,4594396.607865623,37.35159425527342
road_894_9,road,894,9,43.0,train,622308.6638287617,4594428.843646591,37.31407244270755
road_894_10,road,894,10,43.0,train,622293.4777135736,4594462.425236676,37.30980865758861
road_894_11,road,894,11,43.0,train,622311.1338643361,4594494.636429885,37.3697797107069
road_895_0,road,895,0,43.0,train,622282.1073538729,4594474.046230272,29.072619143783207
road_896_0,road,896,0,68.0,train,622627.3327722866,4595028.619140723,39.44034408817522
road_896_1,road,896,1,68.0,train,622639.6907252528,4594991.75674,39.43162461128759
road_896_2,road,896,2,68.0,train,622652.7124077359,4594954.629615842,39.43556304456743
road_896_3,road,896,3,68.0,train,622669.1021268375,4594918.921076529,39.51029912415315
road_896_4,road,896,4,68.0,train,622682.3289723052,4594881.773947238,39.51692818400151
road_896_5,road,896,5,56.0,test,622689.0332006551,4594842.84904091,39.54233159554399
road_896_6,road,896,6,56.0,test,622697.4160096606,4594804.232368365,39.53607756618068
road_896_7,road,896,7,56.0,test,622707.8424187958,4594766.338612765,39.50608466114364
road_896_8,road,896,8,56.0,test,622718.7172310359,4594728.408261741,39.54336866290883
road_896_9,road,896,9,56.0,test,622725.7120170172,4594689.53566534,39.55228249092759
road_896_10,road,896,10,56.0,test,622741.1230407835,4594653.71017384,39.51355145578111
road_896_11,road,896,11,56.0,test,622773.2187771318,4594631.199491658,39.439865999734096
road_896_12,road,896,12,56.0,test,622812.3927641027,4594631.338145519,39.49536029781617
road_896_13,road,896,13,56.0,test,622847.6265226301,4594647.14954037,39.0484396259746
road_896_14,road,896,14,57.0,train,622883.2988413238,4594662.768125123,39.49344494268077
road_896_15,road,896,15,57.0,train,622913.6163372495,4594686.730653404,39.16195309503952
road_896_16,road,896,16,57.0,train,622940.8780173302,4594714.324714279,39.445450245885
road_896_17,road,896,17,57.0,train,622958.938364378,4594749.176953597,39.50416388068733
road_896_18,road,896,18,57.0,train,622982.0283335783,4594781.002793884,39.467587717992
road_896_19,road,896,19,57.0,train,623009.1336462791,4594809.530213987,39.50078405251807
road_896_20,road,896,20,57.0,train,623036.7672870825,4594837.317239266,39.532389697750126
road_896_21,road,896,21,57.0,train,623059.3003889661,4594869.63172619,39.47076769178889
road_896_22,road,896,22,69.0,train,623089.0347575633,4594895.188800981,39.47929854306626
road_896_23,road,896,23,69.0,train,623117.3873247326,4594922.227490032,39.4628878555244
road_896_24,road,896,24,69.0,train,623137.5109188928,4594955.936905363,39.40845155562779
road_896_25,road,896,25,69.0,train,623150.9204703171,4594992.809962086,39.520233487951415
road_896_26,road,896,26,69.0,train,623165.1900764353,4595029.524089697,39.45136779814376
road_897_0,road,897,0,56.0,test,622768.9484592165,4594620.936859519,38.77390153449182
road_897_1,road,897,1,56.0,test,622730.6650433042,4594621.247590563,39.19162077805188
road_897_2,road,897,2,56.0,test,622695.2724190563,4594638.06085126,39.2565889391879
road_897_3,road,897,3,56.0,test,622667.6138960135,4594665.306713354,39.31003534968009
road_897_4,road,897,4,56.0,test,622650.5556949741,4594700.394165988,39.41505894758103
road_897_5,road,897,5,56.0,test,622635.4955475505,4594736.761588513,39.41779575977842
road_897_6,road,897,6,56.0,test,622617.7551558749,4594771.959291346,39.45794856501644
road_897_7,road,897,7,56.0,test,622595.9113650842,4594804.397210334,39.2803815617427
road_897_8,road,897,8,56.0,test,622567.3908601595,4594830.578478304,39.34195358377229
road_898_0,road,898,0,56.0,test,622666.4584514438,4594782.301470767,39.47190109215241
road_898_1,road,898,1,56.0,test,622637.7423475172,4594807.800852343,39.43355153574923
road_898_2,road,898,2,56.0,test,622614.020419172,4594839.13961286,39.467741886985024
road_898_3,road,898,3,56.0,test,622592.424588749,4594872.092441817,39.42290057467304
road_898_4,road,898,4,68.0,train,622573.147363058,4594906.128779408,39.56109574236617
road_898_5,road,898,5,68.0,train,622567.8777915207,4594944.98795709,39.59138860640475
road_898_6,road,898,6,68.0,train,622573.3161893935,4594983.859815951,39.52286900815475
road_899_0,road,899,0,57.0,train,622901.1856743455,4594580.547029787,39.50501621607154
road_899_1,road,899,1,56.0,test,622862.9819402467,4594571.180021661,39.45495422025748
road_899_2,road,899,2,56.0,test,622824.6167525841,4594564.1591804,39.56608741748437
road_899_3,road,899,3,56.0,test,622785.7891584804,4594557.134170442,39.40763158474961
road_899_4,road,899,4,56.0,test,622747.2116533847,4594549.415415632,39.35432667484928
road_899_5,road,899,5,56.0,test,622709.7771623593,4594556.495502516,39.40401130430809
road_899_6,road,899,6,56.0,test,622682.4968958044,4594583.04322092,39.4431641349509
road_899_7,road,899,7,56.0,test,622686.1748706952,4594621.410455691,39.41335774555615
road_900_0,road,900,0,57.0,train,622906.5448615628,4594543.219530445,34.133710894379995
road_900_1,road,900,1,56.0,test,622872.5667776992,4594539.460208786,34.36612214719316
road_900_2,road,900,2,56.0,test,622839.4660936039,4594531.387255118,34.39552073562147
road_900_3,road,900,3,56.0,test,622806.704216256,4594521.165859282,34.42332061416458
road_900_4,road,900,4,56.0,test,622773.4459453053,4594514.295089427,34.39256962861947
road_900_5,road,900,5,56.0,test,622741.6763978819,4594525.716073393,34.263134373854406
road_900_6,road,900,6,56.0,test,622718.9893340507,4594546.002917737,27.260567191027008
road_901_0,road,901,0,68.0,train,622680.9730639303,4594919.694119177,36.204534996906105
road_901_1,road,901,1,68.0,train,622697.2573312634,4594952.0760286655,36.44619111563805
road_901_2,road,901,2,68.0,train,622717.0126178539,4594982.326661815,36.234299462918486
road_901_3,road,901,3,68.0,train,622698.7066824399,4595002.545568955,36.40894868499934
road_901_4,road,901,4,68.0,train,622666.5628293412,4595019.558678252,36.43265438780696
road_901_5,road,901,5,68.0,train,622637.6342363808,4595040.826441409,36.46156847100656
road_902_0,road,902,0,68.0,train,622604.4818292488,4595040.448602543,31.968225031242348
road_902_1,road,902,1,68.0,train,622582.8874944766,4595017.417640746,31.937272842287328
road_903_0,road,903,0,56.0,test,622594.6419912552,4594748.867560142,37.68118233762159
road_903_1,road,903,1,56.0,test,622606.7865527633,4594713.3049103785,37.80462075500935
road_903_2,road,903,2,56.0,test,622616.6841839545,4594676.95045687,37.781642189218
road_903_3,road,903,3,56.0,test,622613.4644528717,4594639.729058511,37.76069591815627
road_903_4,road,903,4,56.0,test,622624.4442966008,4594604.086939705,37.78455854850935
road_903_5,road,903,5,56.0,test,622635.0219630933,4594568.337167713,37.77656146740286
road_903_6,road,903,6,56.0,test,622651.1456856901,4594534.337942497,37.79654328578772
road_903_7,road,903,7,44.0,train,622665.5575239056,4594499.797860987,37.66839354287253
road_904_0,road,904,0,56.0,test,622600.2870775713,4594673.243293701,35.27270583389944
road_904_1,road,904,1,56.0,test,622613.1272695407,4594641.648692054,34.213929871755894
road_905_0,road,905,0,57.0,train,623109.4957803059,4594710.5040258905,32.83333456156693
road_905_1,road,905,1,57.0,train,623127.5296686956,4594737.866371559,32.97452241440135
road_905_2,road,905,2,57.0,train,623146.568217129,4594764.497412381,32.85334140032919
road_905_3,road,905,3,57.0,train,623164.8538166651,4594791.570682724,32.964852403183166
road_905_4,road,905,4,57.0,train,623172.998543387,4594823.234106249,32.9633227529183
road_906_0,road,906,0,57.0,train,623187.5530398978,4594855.976530761,39.08167753819234
road_906_1,road,906,1,69.0,train,623201.5173683821,4594891.60901816,39.13034539081324
road_906_2,road,906,2,69.0,train,623206.3698438017,4594930.345491131,39.16522616691624
road_906_3,road,906,3,69.0,train,623188.9656789495,4594943.380483232,37.91301958614756
road_906_4,road,906,4,69.0,train,623158.890213481,4594919.61735901,39.0437458595837
road_906_5,road,906,5,69.0,train,623133.5300604597,4594890.801585463,39.07558401182354
road_906_6,road,906,6,57.0,train,623127.3366483017,4594852.489538274,39.057399397125366
road_907_0,road,907,0,57.0,train,623114.5967191736,4594827.920123345,16.591348332232577
road_908_0,road,908,0,57.0,train,623014.889813174,4594802.707426993,28.38533678281486
road_908_1,road,908,1,57.0,train,623006.2358721874,4594775.394164173,29.072368801356635
road_909_0,road,909,0,44.0,train,622767.0178519464,4594491.050851495,32.71653238536766
road_909_1,road,909,1,44.0,train,622734.4490438537,4594494.138819412,32.737246191316395
road_909_2,road,909,2,56.0,test,622707.7314284323,4594511.764579881,32.75889841735397
road_909_3,road,909,3,56.0,test,622691.1760306437,4594539.912531777,32.760989971579434
road_909_4,road,909,4,56.0,test,622682.2947348902,4594571.242939858,32.49136936646469
road_910_0,road,910,0,44.0,train,622859.4665981198,4594498.670949324,28.990392325538814
road_910_1,road,910,1,57.0,train,622886.5526708391,4594508.416807633,28.795476960271483
road_910_2,road,910,2,57.0,train,622903.6787025024,4594530.214707588,28.905002456815385
road_911_0,road,911,0,68.0,train,622521.552047864,4594914.465358146,35.85927209407065
road_911_1,road,911,1,68.0,train,622513.7532045806,4594949.177529898,35.919918189690435
road_911_2,road,911,2,68.0,train,622519.0958972547,4594982.694497143,35.938523854166355
road_911_3,road,911,3,68.0,train,622529.4714918378,4595017.069996457,35.92773866575225
road_912_0,road,912,0,68.0,train,622540.7744558536,4595048.944137924,31.80546022726206
road_912_1,road,912,1,68.0,train,622552.3829874806,4595078.387620647,31.85251827518421
road_912_2,road,912,2,68.0,train,622569.3130902143,4595105.232596105,31.79166702838445
road_913_0,road,913,0,68.0,train,622615.060293531,4595064.855788106,38.41943065400071
road_913_1,road,913,1,68.0,train,622606.6051437942,4595102.317094863,38.4314559539507
road_913_2,road,913,2,68.0,train,622595.8419506045,4595139.136968026,38.431093517960704
road_913_3,road,913,3,68.0,train,622586.3155469688,4595176.278563237,38.44154536092492
road_913_4,road,913,4,68.0,train,622575.0476735926,4595212.908461962,38.39692145733176
road_913_5,road,913,5,80.0,train,622566.9698936263,4595250.433538939,38.4554499258666
road_914_0,road,914,0,80.0,train,622560.7132198992,4595286.415290285,36.06723373744796
road_914_1,road,914,1,80.0,train,622569.3524381979,4595321.291351251,36.10677876930964
road_914_2,road,914,2,80.0,train,622575.5510041865,4595356.804961322,36.11934490841432
road_914_3,road,914,3,80.0,train,622583.0190791063,4595392.038834084,36.10858265535236
road_914_4,road,914,4,80.0,train,622589.7250460933,4595427.481260393,36.09690165572471
road_914_5,road,914,5,80.0,train,622603.500914664,4595460.520590363,36.13365721385191
road_914_6,road,914,6,80.0,train,622624.4426502127,4595489.92848913,36.09090448229771
road_915_0,road,915,0,80.0,train,622651.1330508444,4595504.22138308,32.882184915867654
road_915_1,road,915,1,80.0,train,622683.955583817,4595501.878977035,33.089197712692005
road_915_2,road,915,2,80.0,train,622716.3617252134,4595506.718687157,33.05333066764668
road_915_3,road,915,3,80.0,train,622742.9627464482,4595525.323262616,33.069881008445755
road_915_4,road,915,4,80.0,train,622764.8090311822,4595549.383433254,32.90307566040453
road_916_0,road,916,0,80.0,train,622793.973358246,4595556.371848715,27.52828785034723
road_916_1,road,916,1,80.0,train,622821.3012218403,4595555.8459937405,27.18499582010167
road_917_0,road,917,0,80.0,train,622707.5466168183,4595405.315810341,36.10281157759374
road_917_1,road,917,1,80.0,train,622719.5991260017,4595439.194595153,36.20552609005583
road_917_2,road,917,2,80.0,train,622731.5043762435,4595473.249833167,36.16846451244023
road_917_3,road,917,3,80.0,train,622743.463722786,4595506.0988603365,35.62016376977667
road_918_0,road,918,0,80.0,train,622733.5353108227,4595541.053053413,34.40259787739841
road_918_1,road,918,1,80.0,train,622717.2544492441,4595571.256700648,34.49177242965273
road_918_2,road,918,2,80.0,train,622699.2975543842,4595600.499577597,34.46351784748861
road_918_3,road,918,3,92.0,test,622676.3874735755,4595625.99357834,34.44517626553772
road_919_0,road,919,0,92.0,test,622572.9676587904,4595736.405449679,31.239472044940637
road_919_1,road,919,1,92.0,test,622577.815634512,4595767.205337422,31.21866412878008
road_919_2,road,919,2,92.0,test,622590.4974986103,4595795.557719291,31.180601235871915
road_919_3,road,919,3,92.0,test,622606.5771331174,4595822.204351892,31.21488634680053
road_920_0,road,920,0,92.0,test,622628.0193969461,4595949.397040149,34.39834610399285
road_920_1,road,920,1,92.0,test,622603.7981387704,4595925.017558797,34.383897082527824
road_920_2,road,920,2,92.0,test,622588.7697888835,4595894.308140448,34.48012959983544
road_921_0,road,921,0,92.0,test,622656.8549698172,4595972.202930005,39.40523611043941
road_921_1,road,921,1,92.0,test,622686.7991701373,4595997.576176445,39.4247702286125
road_921_2,road,921,2,104.0,test,622719.617578994,4596019.166570134,39.39349422990281
road_921_3,road,921,3,104.0,test,622750.9353250251,4596042.942140467,39.32559705804112
road_921_4,road,921,4,104.0,test,622773.7917755552,4596074.077093835,38.36099846928143
road_921_5,road,921,5,104.0,test,622795.12869496,4596064.28412533,39.49592542312676
road_921_6,road,921,6,104.0,test,622813.2129340358,4596029.308245516,39.47295967083466
road_921_7,road,921,7,92.0,test,622827.922795475,4595992.768784151,39.54897858260785
road_922_0,road,922,0,104.0,test,622771.5359010001,4596101.821154228,36.58623976642417
road_922_1,road,922,1,104.0,test,622760.8135052549,4596135.949891721,36.50879010365107
road_922_2,road,922,2,104.0,test,622737.9258970139,4596162.402080685,36.45230844713184
road_923_0,road,923,0,104.0,test,622811.7733240762,4596132.502410071,36.53490199947803
road_923_1,road,923,1,104.0,test,622775.8984914663,4596135.874178375,36.39766335291298
road_924_0,road,924,0,92.0,test,622740.8515343138,4595702.626718315,37.311703611708126
road_924_1,road,924,1,92.0,test,622770.663081219,4595725.486415559,38.87678176724198
road_924_2,road,924,2,92.0,test,622796.5561348026,4595752.891859109,37.69180272284016
road_924_3,road,924,3,92.0,test,622806.5668871104,4595779.622136736,38.88444949345404
road_924_4,road,924,4,92.0,test,622789.4273048518,4595814.181546812,38.90708707284493
road_924_5,road,924,5,92.0,test,622779.964090193,4595851.216344482,38.93467533904055
road_924_6,road,924,6,92.0,test,622794.9452604268,4595886.191799178,38.783794393667975
road_925_0,road,925,0,92.0,test,622744.1760300631,4595853.960147603,30.720678887019886
road_925_1,road,925,1,92.0,test,622769.8737576104,4595869.223410205,30.694154914823667
road_926_0,road,926,0,92.0,test,622812.7788495488,4595738.25330516,32.536196298368544
road_926_1,road,926,1,92.0,test,622839.5513047893,4595721.608567149,32.65867738843778
road_926_2,road,926,2,92.0,test,622863.6322563608,4595700.458568204,32.6447390111819
road_926_3,road,926,3,93.0,test,622890.9555582146,4595682.7052584365,32.60682643902372
road_927_0,road,927,0,93.0,test,622922.0786727624,4595683.043559047,33.83568127243811
road_927_1,road,927,1,93.0,test,622939.6356716612,4595710.919854919,34.06664934130258
road_927_2,road,927,2,93.0,test,622969.4678186083,4595725.122260737,34.152304902116775
road_928_0,road,928,0,93.0,test,622913.3029587816,4595668.950380184,37.244636239840816
road_928_1,road,928,1,93.0,test,622947.9244611319,4595654.203605012,38.42395195377063
road_928_2,road,928,2,93.0,test,622983.2651589173,4595653.924760787,38.14110099291186
road_928_3,road,928,3,93.0,test,622991.2394958343,4595690.652031688,38.50926528907882
road_928_4,road,928,4,93.0,test,622984.0421736994,4595726.577830654,34.96886809828086
road_929_0,road,929,0,93.0,test,622973.5205021517,4595756.603795211,27.386671933886564
road_929_1,road,929,1,93.0,test,622965.9598538954,4595782.889992847,27.40110038206635
road_930_0,road,930,0,93.0,test,622952.8249829238,4595809.438982385,31.90953238455924
road_930_1,road,930,1,93.0,test,622940.2121954896,4595838.714006109,31.937706638608443
road_930_2,road,930,2,93.0,test,622932.4913310022,4595869.72578266,32.0262669832342
road_931_0,road,931,0,93.0,test,622926.6984696725,4595903.074853015,36.03610434927565
road_931_1,road,931,1,93.0,test,622932.3211680772,4595938.444017389,36.0739735593127
road_932_0,road,932,0,93.0,test,622927.8880589078,4595973.922472051,36.21127185941382
road_932_1,road,932,1,105.0,train,622923.9671118608,4596009.978691866,36.64914857233843
road_933_0,road,933,0,92.0,test,622820.456260976,4595915.315708064,39.32912799985268
road_933_1,road,933,1,92.0,test,622828.1984191178,4595953.553155978,39.51653357724962
road_934_0,road,934,0,81.0,val,622897.3327554817,4595495.993899926,29.436783533568157
road_934_1,road,934,1,81.0,val,622912.8818295535,4595517.869385569,29.37130565792412
road_934_2,road,934,2,81.0,val,622898.0212178186,4595543.19299933,29.602909379161467
road_935_0,road,935,0,81.0,val,622928.6754706145,4595526.843196119,39.553489855135446
road_935_1,road,935,1,81.0,val,622952.0357152196,4595558.776986524,39.74083536054488
road_935_2,road,935,2,81.0,val,622974.4591634544,4595591.553195711,39.793074585608906
road_935_3,road,935,3,93.0,test,622981.0180391973,4595630.139604287,39.24270496640493
road_936_0,road,936,0,81.0,val,622906.3067582197,4595460.674409316,34.93637192986333
road_936_1,road,936,1,81.0,val,622928.1675337101,4595433.619953261,34.89041508361336
road_936_2,road,936,2,81.0,val,622949.9951038015,4595406.39404299,34.949504838187
road_936_3,road,936,3,81.0,val,622971.7917354809,4595379.128867024,34.96344934721026
road_937_0,road,937,0,81.0,val,622994.0284104185,4595352.056979341,33.11446262231428
road_937_1,road,937,1,81.0,val,623017.3750162051,4595326.18724992,36.88952087465252
road_937_2,road,937,2,81.0,val,623031.6311887649,4595322.93930472,36.34120688531766
road_937_3,road,937,3,81.0,val,623031.3514831547,4595359.555942189,36.94321652169992
road_937_4,road,937,4,81.0,val,623029.9726790395,4595396.28044133,36.88623087266402
road_937_5,road,937,5,81.0,val,623043.6620257136,4595430.212135332,36.830121544282605
road_938_0,road,938,0,93.0,test,623042.3174664112,4595752.089141217,35.49439781023938
road_938_1,road,938,1,93.0,test,623011.9271938257,4595770.326181576,35.61055306645014
road_938_2,road,938,2,93.0,test,622979.9031107174,4595784.980325183,35.179080846633866
road_939_0,road,939,0,93.0,test,622997.3791076235,4595946.638991575,32.06136105532662
road_939_1,road,939,1,93.0,test,622967.934849222,4595959.153270773,32.15262749269394
road_939_2,road,939,2,93.0,test,622941.7057198186,4595977.502304809,32.16719023611092
road_940_0,road,940,0,93.0,test,623013.5243321125,4595893.345131006,32.33475752177082
road_940_1,road,940,1,93.0,test,623012.8725096759,4595924.793734423,31.999638098739624
road_941_0,road,941,0,93.0,test,623029.6187079393,4595924.809045113,33.51870975384635
road_942_0,road,942,0,93.0,test,622989.0619696287,4595857.622001248,26.77301114635935
road_942_1,road,942,1,93.0,test,623006.0483104776,4595878.266571029,26.757773601245702
road_943_0,road,943,0,93.0,test,622984.0595281114,4595968.126186874,31.161679777160806
road_943_1,road,943,1,93.0,test,623006.4463079934,4595990.98939136,33.20268828351205
road_943_2,road,943,2,105.0,train,623025.0705244701,4596018.441048865,33.21773209090218
road_943_3,road,943,3,105.0,train,623041.1235891696,4596047.282635567,33.047582031015295
road_944_0,road,944,0,105.0,train,623057.0227412662,4596075.997010441,35.295499657893345
road_944_1,road,944,1,105.0,train,623033.2595507145,4596098.623472064,35.40010500978332
road_944_2,road,944,2,105.0,train,623002.2864985045,4596114.134793304,35.526596290998484
road_944_3,road,944,3,105.0,train,622973.3571637014,4596133.917958259,35.43905514081424
road_945_0,road,945,0,105.0,train,622914.7239257959,4596042.2767732525,30.894546013805492
road_945_1,road,945,1,105.0,train,622914.4234164249,4596072.303168844,30.811903664440727
road_945_2,road,945,2,105.0,train,622905.1025945809,4596101.060525137,30.785962732251747
road_945_3,road,945,3,105.0,train,622900.018931214,4596131.0729375705,30.91116981028033
road_946_0,road,946,0,105.0,train,622893.0020723962,4596162.14296042,33.114159505955065
road_946_1,road,946,1,104.0,test,622868.4861849061,4596183.495371117,33.050421978014306
road_946_2,road,946,2,104.0,test,622843.8453090957,4596205.335743833,33.13547004806932
road_947_0,road,947,0,104.0,test,622823.040840995,4596231.7660484975,37.63985804671117
road_947_1,road,947,1,104.0,test,622800.5495802045,4596260.284519957,37.20146125375707
road_947_2,road,947,2,104.0,test,622791.6192126507,4596224.189384483,37.649992958603846
road_947_3,road,947,3,104.0,test,622778.8271574186,4596188.898727014,37.66937299226671
road_947_4,road,947,4,104.0,test,622769.4459754695,4596153.726180766,36.20155889382427
road_948_0,road,948,0,104.0,test,622793.7284534468,4596276.551174779,35.15807681378994
road_948_1,road,948,1,104.0,test,622775.6445878432,4596306.197322615,35.20956691501613
road_948_2,road,948,2,104.0,test,622764.995763994,4596339.683882759,35.16101015339602
road_948_3,road,948,3,104.0,test,622738.4297664062,4596350.716310632,35.01417742917739
road_949_0,road,949,0,104.0,test,622720.1124264649,4596333.493761389,39.729941702582686
road_949_1,road,949,1,104.0,test,622722.1527350383,4596293.904077773,39.839684682630775
road_949_2,road,949,2,104.0,test,622718.8590089855,4596254.513727542,39.72667216142276
road_950_0,road,950,0,104.0,test,622741.2582263064,4596173.451875378,26.526910613509653
road_950_1,road,950,1,104.0,test,622736.4450488084,4596199.504908889,26.73973122392744
road_950_2,road,950,2,104.0,test,622725.1988505828,4596223.546084446,26.40723264789539
road_951_0,road,951,0,104.0,test,622714.3432513876,4596371.734137196,39.63159783558029
road_951_1,road,951,1,116.0,train,622688.2656913735,4596396.855626997,39.65722827474807
road_951_2,road,951,2,116.0,train,622651.8892156375,4596394.288662685,39.21538877216613
road_951_3,road,951,3,116.0,train,622616.8191950348,4596376.325510379,39.66000424994117
road_952_0,road,952,0,116.0,train,622648.7190545538,4596408.132598373,37.945947437446186
road_952_1,road,952,1,116.0,train,622611.8841823088,4596416.068833308,37.90607938667301
road_953_0,road,953,0,116.0,train,622627.6122524728,4596433.9621582655,39.05638294816244
road_953_1,road,953,1,116.0,train,622631.1337656241,4596472.556774169,39.05497638592815
road_953_2,road,953,2,116.0,train,622628.7752093729,4596511.367445089,39.034952870184064
road_953_3,road,953,3,116.0,train,622623.1269811612,4596546.125839533,38.18055609732848
road_953_4,road,953,4,116.0,train,622588.7723230853,4596563.505436463,39.05484231653014
road_954_0,road,954,0,116.0,train,622630.2990470399,4596562.136687639,37.20937659674132
road_954_1,road,954,1,116.0,train,622627.330933545,4596599.202207666,37.21354012118898
road_954_2,road,954,2,116.0,train,622628.3482042659,4596636.010507516,37.14059246507694
road_954_3,road,954,3,116.0,train,622630.9657181279,4596672.638301581,37.20578844666355
road_954_4,road,954,4,116.0,train,622625.3456407773,4596709.327705268,37.204133020588685
road_954_5,road,954,5,116.0,train,622623.76610218,4596746.266103444,37.16406604352137
road_955_0,road,955,0,116.0,train,622583.398709347,4596745.720392758,33.51565715875891
road_955_1,road,955,1,128.0,train,622614.902884473,4596757.165661498,33.53879200768405
road_956_0,road,956,0,128.0,train,622620.5427128508,4596754.234987294,11.113845181864114
road_957_0,road,957,0,116.0,train,622636.3944779027,4596721.859006916,31.414986749047404
road_957_1,road,957,1,116.0,train,622661.1339116762,4596741.112029791,31.38969353227507
road_957_2,road,957,2,128.0,train,622676.3429024599,4596767.170101558,31.374250971483605
road_957_3,road,957,3,128.0,train,622694.9989254795,4596791.941940253,31.41171380574245
road_958_0,road,958,0,116.0,train,622686.0196866831,4596743.235249534,34.6737033440134
road_959_0,road,959,0,128.0,train,622634.5846910414,4596780.108711958,34.3075144227001
road_959_1,road,959,1,128.0,train,622629.6853714685,4596813.929774956,34.32536027725306
road_959_2,road,959,2,128.0,train,622623.8835133223,4596847.61560135,34.29096615592057
road_959_3,road,959,3,128.0,train,622613.6395688453,4596880.364214842,34.338531908146976
road_959_4,road,959,4,128.0,train,622599.4453439097,4596911.563457943,34.33410132814716
road_959_5,road,959,5,128.0,train,622582.1110813355,4596941.117737342,34.26437642316132
road_959_6,road,959,6,128.0,train,622581.9594262291,4596974.140462435,34.260862718612024
road_960_0,road,960,0,128.0,train,622572.6267966783,4597006.577523957,39.48990205004164
road_960_1,road,960,1,128.0,train,622536.2353524287,4597020.560688662,39.49298933585183
road_960_2,road,960,2,127.0,test,622497.9553645824,4597030.093827598,39.4780836689479
road_961_0,road,961,0,127.0,test,622399.9703060186,4596885.180515447,30.69815697190312
road_961_1,road,961,1,127.0,test,622377.5322369608,4596906.11646431,30.710644246428096
road_961_2,road,961,2,127.0,test,622353.426336597,4596914.390964917,29.764505772387533
road_961_3,road,961,3,127.0,test,622333.7383153525,4596891.648882792,30.678919673659824
road_962_0,road,962,0,127.0,test,622346.6159837493,4596929.087284144,32.190772558951245
road_962_1,road,962,1,127.0,test,622323.7807293078,4596951.694034165,32.174466045247875
road_962_2,road,962,2,127.0,test,622305.9198570761,4596978.082338107,32.173604260082264
road_962_3,road,962,3,127.0,test,622296.3691190402,4597008.736755076,32.19426758529443
road_962_4,road,962,4,127.0,test,622284.8853247926,4597038.7815846,32.18565094107319
road_963_0,road,963,0,139.0,train,622303.6208526802,4597228.510831766,38.44963161934942
road_963_1,road,963,1,139.0,train,622338.8297889644,4597213.462330506,38.44608831680472
road_963_2,road,963,2,139.0,train,622367.5160432468,4597233.698027467,38.5813680571675
road_963_3,road,963,3,139.0,train,622382.8787337657,4597269.102787509,38.61238387586688
road_964_0,road,964,0,139.0,train,622320.647053782,4597188.867100958,20.308033296096625
road_964_1,road,964,1,139.0,train,622326.5924415061,4597208.078589541,20.20964300946762
road_965_0,road,965,0,139.0,train,622430.9843259162,4597308.806270563,36.421552001634105
road_965_1,road,965,1,139.0,train,622413.4792995303,4597338.935252911,34.60800819511282
road_965_2,road,965,2,139.0,train,622403.5376228049,4597334.355719869,36.44048883914401
road_965_3,road,965,3,139.0,train,622391.3721108503,4597300.191757721,36.42748322471756
road_966_0,road,966,0,139.0,train,622416.398443123,4597372.43548999,37.079141594901806
road_966_1,road,966,1,139.0,train,622425.1041729534,4597408.476150807,37.07765449417039
road_966_2,road,966,2,139.0,train,622431.3844423929,4597445.007890193,37.07436247749997
road_966_3,road,966,3,139.0,train,622430.3207967274,4597481.794324218,37.06470105466231
road_967_0,road,967,0,138.0,test,621933.5666412478,4597139.600767548,38.56372930502389
road_967_1,road,967,1,138.0,test,621965.8550742521,4597157.577278586,38.527395980327135
road_967_2,road,967,2,138.0,test,621988.2663481778,4597188.9078621,38.5962862911677
road_967_3,road,967,3,138.0,test,622009.4844218665,4597221.117951215,38.593705041746325
road_967_4,road,967,4,138.0,test,622027.6074204892,4597255.194091463,38.598021802017534
road_967_5,road,967,5,138.0,test,622046.6091331145,4597288.780579534,38.592679530310846
road_967_6,road,967,6,138.0,test,622074.1163883967,4597315.6011153525,38.56057877461505
road_967_7,road,967,7,138.0,test,622102.4165987703,4597341.402011713,38.58632280723288
road_967_8,road,967,8,139.0,train,622132.8204454501,4597364.963972237,38.57241337827704
road_967_9,road,967,9,139.0,train,622142.8944590358,4597394.450682518,38.52374049129216
road_967_10,road,967,10,139.0,train,622129.753960769,4597429.114308117,38.51866943144789
road_968_0,road,968,0,139.0,train,622161.3046252884,4597396.366289798,36.69767711374035
road_968_1,road,968,1,139.0,train,622181.5461295589,4597426.856746438,36.67511849142944
road_968_2,road,968,2,139.0,train,622197.0065367279,4597460.015205178,36.67322502726477
road_969_0,road,969,0,139.0,train,622248.5142287115,4597441.917605049,35.19482959474428
road_969_1,road,969,1,139.0,train,622218.3935681124,4597427.553211499,35.310913685485566
road_969_2,road,969,2,139.0,train,622187.2840696111,4597412.130378042,35.322092391053545
road_970_0,road,970,0,139.0,train,622252.0025531696,4597453.510242413,30.51036090669948
road_970_1,road,970,1,139.0,train,622248.1482970951,4597483.464053334,30.61094878551296
road_971_0,road,971,0,139.0,train,622154.2139918371,4597157.053777347,33.69252792717492
road_971_1,road,971,1,139.0,train,622137.317076262,4597185.846408076,33.64757493872475
road_971_2,road,971,2,139.0,train,622132.0242957898,4597219.053786078,33.669186232659456
road_971_3,road,971,3,138.0,test,622121.4017434727,4597250.830225116,33.67699304337402
road_971_4,road,971,4,138.0,test,622115.9479762155,4597283.979816481,33.66751474850716
road_971_5,road,971,5,138.0,test,622099.0163290318,4597312.922673259,33.69799275066475
road_972_0,road,972,0,138.0,test,622021.7278631,4597149.424579903,33.587353493444084
road_972_1,road,972,1,138.0,test,621997.4090779176,4597172.218832153,33.54737981084352
road_973_0,road,973,0,138.0,test,622009.6891057906,4597337.28554179,31.93490066107753
road_973_1,road,973,1,138.0,test,622013.3367287761,4597305.642794311,31.937957845594035
road_973_2,road,973,2,138.0,test,622022.3587741392,4597275.169255553,31.93448488057201
road_974_0,road,974,0,138.0,test,621784.3702813091,4597251.387575383,35.12111932496439
road_974_1,road,974,1,138.0,test,621815.1714314704,4597234.6718617845,35.0959653620151
road_974_2,road,974,2,138.0,test,621846.8115083869,4597220.67751203,35.07230797305052
road_974_3,road,974,3,138.0,test,621880.9876400152,4597228.070866977,35.11880978809445
road_974_4,road,974,4,138.0,test,621912.3993755521,4597243.612004726,35.12905029927813
road_975_0,road,975,0,138.0,test,621914.4815974825,4597303.874857312,37.90334375857954
road_975_1,road,975,1,138.0,test,621886.0021224626,4597291.044616176,37.70138841616371
road_975_2,road,975,2,138.0,test,621903.890519422,4597260.221671916,37.88168217544641
road_976_0,road,976,0,138.0,test,621800.0237683675,4597162.915821799,28.54125601694685
road_976_1,road,976,1,138.0,test,621818.2422337801,4597184.286962271,28.55506214016025
road_976_2,road,976,2,138.0,test,621831.5540759072,4597209.511179482,28.55085791397656
road_977_0,road,977,0,137.0,train,621645.6618559888,4597323.223615701,35.395711787022286
road_977_1,road,977,1,137.0,train,621661.3027639625,4597354.959110017,35.38019552602678
road_977_2,road,977,2,137.0,train,621681.9280936539,4597383.351353894,35.26549493018097
road_977_3,road,977,3,137.0,train,621708.970108281,4597404.85634569,35.39712167089299
road_977_4,road,977,4,137.0,train,621735.5757225703,4597428.126037615,35.39887835561132
road_977_5,road,977,5,138.0,test,621762.6798535547,4597449.927323356,35.38811616047254
road_978_0,road,978,0,137.0,train,621744.3496510856,4597413.670636455,34.204178456901154
road_979_0,road,979,0,138.0,test,621777.3307395936,4597400.375542737,37.37326699118467
road_979_1,road,979,1,138.0,test,621773.8538311981,4597436.545142785,38.93813435867797
road_980_0,road,980,0,138.0,test,621781.2326351773,4597474.076219248,30.6496951363897
road_980_1,road,980,1,138.0,test,621785.8796822458,4597497.828317536,29.060633033051182
road_980_2,road,980,2,138.0,test,621812.4365770521,4597484.946498032,30.68016049625332
road_980_3,road,980,3,138.0,test,621837.0167104453,4597466.716742574,30.669109575850584
road_981_0,road,981,0,137.0,train,621717.6575022361,4597492.618702033,27.459356506135958
road_981_1,road,981,1,137.0,train,621741.689246033,4597479.40928753,27.450387750317148
road_981_2,road,981,2,138.0,test,621765.7572583201,4597466.345739874,27.44302683656089
road_982_0,road,982,0,138.0,test,621876.6387443633,4597455.541965502,30.83900246109803
road_982_1,road,982,1,138.0,test,621883.9660672294,4597483.723068561,30.821686681154084
road_983_0,road,983,0,138.0,test,621898.0316285369,4597471.340646326,32.47751025015987
road_983_1,road,983,1,138.0,test,621922.0141948543,4597492.689137466,32.47485649797218
road_984_0,road,984,0,126.0,train,621999.7925926284,4596819.204282285,36.55506685964105
road_984_1,road,984,1,126.0,train,621965.1858169467,4596819.871725513,36.53731951731663
road_984_2,road,984,2,126.0,train,621931.1950148386,4596828.593678743,36.5551718454053
road_985_0,road,985,0,125.0,train,621543.4215523874,4596868.359170158,37.91163657563443
road_985_1,road,985,1,125.0,train,621535.888380503,4596905.344077639,37.897802385856856
road_985_2,road,985,2,125.0,train,621523.9494690594,4596941.2874614,37.9130586761773
road_986_0,road,986,0,125.0,train,621477.0265552738,4596830.219866855,37.372980348123775
road_986_1,road,986,1,125.0,train,621448.0277087569,4596853.550681221,37.32448607629469
road_986_2,road,986,2,125.0,train,621413.3662562832,4596866.9357406655,37.34121870275935
road_986_3,road,986,3,125.0,train,621380.2851864074,4596884.271024302,37.37068525956735
road_986_4,road,986,4,124.0,train,621349.452630653,4596905.242089434,37.38195767640149
road_986_5,road,986,5,124.0,train,621319.7862550913,4596927.985331583,37.38205674007029
road_986_6,road,986,6,124.0,train,621290.9043291796,4596951.673663791,37.37886563401396
road_987_0,road,987,0,124.0,train,621342.1881803173,4596927.765034497,29.72348052425645
road_987_1,road,987,1,124.0,train,621360.1258572264,4596949.94739794,29.827996025444392
road_988_0,road,988,0,113.0,test,621418.902265708,4596682.768562534,25.292996725864235
road_988_1,road,988,1,113.0,test,621397.843541537,4596695.790656832,25.25309310935487
road_989_0,road,989,0,113.0,test,621611.8636308047,4596601.123269576,37.79332831319153
road_989_1,road,989,1,113.0,test,621611.972210419,4596638.907788006,37.79614065297195
road_989_2,road,989,2,113.0,test,621611.7225481423,4596676.617670358,37.78935556210969
road_989_3,road,989,3,113.0,test,621619.0788720067,4596711.461500883,37.666819013971136
road_990_0,road,990,0,114.0,train,621848.615998033,4596532.228513991,30.551444631303315
road_990_1,road,990,1,114.0,train,621860.8122749641,4596560.184205895,30.55156175679036
road_990_2,road,990,2,114.0,train,621875.6149246972,4596586.853268231,30.53962617620958
road_990_3,road,990,3,114.0,train,621898.4816267095,4596598.138868937,30.15355301153055
road_991_0,road,991,0,114.0,train,621878.6071180353,4596614.771691097,31.1767641441338
road_991_1,road,991,1,114.0,train,621858.6400832356,4596638.695062993,31.182129180872455
road_991_2,road,991,2,114.0,train,621837.3257055152,4596661.440870978,31.184611603528538
road_991_3,road,991,3,114.0,train,621815.4584657854,4596683.6726701,31.18449791617685
road_992_0,road,992,0,114.0,train,621820.7896391139,4596540.25803247,34.92584011884041
road_992_1,road,992,1,114.0,train,621802.3943811043,4596569.940211142,35.04045104318288
road_993_0,road,993,0,113.0,test,621581.6362427481,4596440.527526191,36.80479546073686
road_993_1,road,993,1,113.0,test,621548.5612294836,4596456.571481159,36.812564950078254
road_994_0,road,994,0,113.0,test,621522.9600519871,4596441.039111418,32.10460009041799
road_995_0,road,995,0,113.0,test,621509.5918249161,4596587.842890832,20.7560254014697
road_995_1,road,995,1,113.0,test,621496.4478373998,4596603.60662086,20.71326400554268
road_996_0,road,996,0,113.0,test,621481.0584348836,4596551.84257878,32.780988901247056
road_996_1,road,996,1,113.0,test,621462.3815442631,4596576.477369098,32.86092579342182
road_997_0,road,997,0,112.0,train,621372.6007146492,4596600.83949192,35.29134279528221
road_997_1,road,997,1,112.0,train,621356.2943096388,4596631.806906508,35.232041170137514
road_998_0,road,998,0,112.0,train,621252.1375913032,4596684.972552655,19.8387430172477
road_999_0,road,999,0,124.0,train,621237.6271990616,4596843.414352698,33.36908453030631
road_999_1,road,999,1,124.0,train,621204.2903562484,4596844.409564908,33.353788433188235
road_999_2,road,999,2,124.0,train,621171.2405439032,4596848.658273205,33.36255992917962
road_999_3,road,999,3,124.0,train,621138.0423932223,4596849.3308776645,33.34838816758307
road_999_4,road,999,4,124.0,train,621105.8687691111,4596841.311628743,33.340556451927306
road_1000_0,road,1000,0,124.0,train,621106.5826151078,4596963.965361191,32.83994590886838
road_1000_1,road,1000,1,124.0,train,621073.9118688634,4596961.015265445,32.83779009448115
road_1001_0,road,1001,0,124.0,train,621104.7473074555,4597109.559042345,34.364923737521664
road_1001_1,road,1001,1,136.0,train,621075.9106466182,4597127.2244332135,34.46259128822762
road_1002_0,road,1002,0,123.0,val,620810.1929186054,4597034.620140353,28.820547400624736
road_1002_1,road,1002,1,123.0,val,620825.2155768846,4597059.05411429,28.84502133034494
road_1003_0,road,1003,0,136.0,train,621096.5478516187,4597330.442416707,38.284673445241815
road_1003_1,road,1003,1,136.0,train,621084.1591152914,4597366.489520612,38.1874364132853
road_1003_2,road,1003,2,136.0,train,621087.7578033202,4597403.876592358,38.24869377351708
road_1003_3,road,1003,3,136.0,train,621085.6720878311,4597441.840963127,38.2834375931484
road_1003_4,road,1003,4,136.0,train,621080.2749417298,4597479.696243427,38.28264740842371
road_1004_0,road,1004,0,135.0,train,620980.9397334039,4597388.770611456,34.10923476363556
road_1004_1,road,1004,1,136.0,train,621002.642827778,4597411.774062121,33.90386870196334
road_1004_2,road,1004,2,136.0,train,621036.2037980874,4597407.358786723,34.18497328837438
road_1004_3,road,1004,3,136.0,train,621068.3293460887,4597396.105937481,34.171258575260936
road_1005_0,road,1005,0,136.0,train,621108.8795269197,4597362.953467024,24.4798488933715
road_1005_1,road,1005,1,136.0,train,621093.2716972899,4597381.439351872,24.589065424515557
road_1006_0,road,1006,0,136.0,train,621097.2707460714,4597412.548198834,26.08322694196654
road_1006_1,road,1006,1,136.0,train,621110.416578811,4597435.080760388,26.139952714662787
road_1007_0,road,1007,0,103.0,train,622485.9931743464,4596035.22240679,36.45817957709926
road_1007_1,road,1007,1,104.0,test,622519.1809604088,4596049.855997846,36.46436145449783
road_1007_2,road,1007,2,104.0,test,622548.6554973256,4596070.731925836,36.414944390065614
road_1008_0,road,1008,0,104.0,test,622550.5584246919,4596099.790779329,31.545045461080043
road_1008_1,road,1008,1,104.0,test,622547.4142725959,4596128.846523529,31.589652902208563
road_1008_2,road,1008,2,104.0,test,622572.0352602517,4596148.133602818,31.75779744392728
road_1008_3,road,1008,3,104.0,test,622588.8006584222,4596173.417117003,31.577763488996457
road_1009_0,road,1009,0,103.0,train,622173.1057302163,4596222.652842648,34.2068607664774
road_1009_1,road,1009,1,103.0,train,622149.1693287526,4596247.07153137,34.20573019973505
road_1009_2,road,1009,2,103.0,train,622126.9146388214,4596273.034251252,34.20748835928256
road_1009_3,road,1009,3,102.0,val,622104.4480289494,4596298.818437681,34.19646215679312
road_1009_4,road,1009,4,102.0,val,622079.2215270405,4596321.8045916855,34.18239606098519
road_1010_0,road,1010,0,102.0,val,622113.8109250496,4596165.733490928,37.0125342634604
road_1010_1,road,1010,1,102.0,val,622083.5489852763,4596186.847501733,36.99797641707609
road_1011_0,road,1011,0,103.0,train,622184.4789098885,4596089.772600109,29.341386304202253
road_1011_1,road,1011,1,103.0,train,622165.0604321504,4596111.756602729,29.34317122021993
road_1011_2,road,1011,2,103.0,train,622145.3977254974,4596133.498864889,29.31311127010861
road_1012_0,road,1012,0,103.0,train,622338.12173251,4596124.051630806,33.531469267013435
road_1012_1,road,1012,1,103.0,train,622349.7597901549,4596155.274451119,33.50090930882486
road_1013_0,road,1013,0,103.0,train,622141.1043282283,4596021.888529427,38.14944970432308
road_1013_1,road,1013,1,102.0,val,622103.2424490876,4596021.081890611,38.1290673531275
road_1013_2,road,1013,2,102.0,val,622065.4784560569,4596016.88481692,38.10236540429771
road_1013_3,road,1013,3,102.0,val,622028.4592677146,4596024.984110898,38.11079105740943
road_1013_4,road,1013,4,102.0,val,621990.8610660445,4596019.59311007,38.1317214293186
road_1013_5,road,1013,5,102.0,val,621956.8319134527,4596004.174274558,38.1352136185328
road_1014_0,road,1014,0,102.0,val,622046.0975277706,4596037.755210365,38.06718333013188
road_1014_1,road,1014,1,102.0,val,622054.5361361493,4596073.62056345,38.09699372842508
road_1014_2,road,1014,2,102.0,val,622044.0192476595,4596109.263464263,38.1143961784549
road_1014_3,road,1014,3,102.0,val,622024.2780195423,4596141.675912159,38.09980102286657
road_1014_4,road,1014,4,102.0,val,622008.6622241839,4596176.395229397,38.11789721726364
road_1014_5,road,1014,5,102.0,val,621986.3057966332,4596206.993127786,38.11145386093162
road_1014_6,road,1014,6,102.0,val,621960.9273829478,4596235.207909395,38.10176962855012
road_1014_7,road,1014,7,102.0,val,621940.0200255777,4596267.032164093,38.07060136541665
road_1014_8,road,1014,8,102.0,val,621910.3348021035,4596288.57021136,38.0740177263425
road_1014_9,road,1014,9,102.0,val,621874.6142419091,4596299.934033265,38.06133541263775
road_1015_0,road,1015,0,102.0,val,621837.9262462854,4596306.012275956,37.13136738935142
road_1015_1,road,1015,1,102.0,val,621804.3094228947,4596321.67776627,37.12818311036963
road_1015_2,road,1015,2,102.0,val,621772.7000347594,4596341.128035953,37.12318701430958
road_1015_3,road,1015,3,101.0,val,621738.6501415181,4596355.857745262,37.13165232705198
road_1015_4,road,1015,4,101.0,val,621703.2122437673,4596366.652700563,37.06177248180036
road_1015_5,road,1015,5,101.0,val,621666.7580286509,4596361.504365341,37.08771405339335
road_1015_6,road,1015,6,101.0,val,621630.1569902307,4596365.234524796,37.051673504585885
road_1015_7,road,1015,7,101.0,val,621595.3860377742,4596354.428556474,37.126563685666696
road_1015_8,road,1015,8,101.0,val,621561.1562395868,4596347.32310924,37.04125253153602
road_1016_0,road,1016,0,101.0,val,621516.4926081152,4596201.267299888,28.507752949272827
road_1016_1,road,1016,1,101.0,val,621496.4144925306,4596221.495832309,28.506776574826723
road_1016_2,road,1016,2,101.0,val,621475.4292119863,4596240.785294631,28.50775294947021
road_1017_0,road,1017,0,101.0,val,621400.3157796619,4596156.08172616,38.13844733844749
road_1017_1,road,1017,1,101.0,val,621429.4932982416,4596131.58944138,38.10471917457812
road_1017_2,road,1017,2,101.0,val,621457.529623532,4596106.218600657,38.13199773112921
road_1017_3,road,1017,3,101.0,val,621479.4933230674,4596075.37661433,38.06943253479706
road_1017_4,road,1017,4,101.0,val,621494.5082982776,4596040.378713151,38.123540110286406
road_1017_5,road,1017,5,101.0,val,621516.6834344162,4596009.458770997,38.13898287558733
road_1018_0,road,1018,0,101.0,val,621549.3986759754,4596006.6209171545,38.3350088156526
road_1018_1,road,1018,1,101.0,val,621581.0134281914,4596028.292337282,38.32805323563831
road_1018_2,road,1018,2,101.0,val,621615.2838577704,4596045.327641929,38.33298361393723
road_1018_3,road,1018,3,101.0,val,621648.0313628236,4596065.255003802,38.33987194634926
road_1018_4,road,1018,4,101.0,val,621681.1950701019,4596084.478749028,38.33965912837636
road_1018_5,road,1018,5,101.0,val,621712.5421224058,4596106.452540019,38.32892542782201
road_1018_6,road,1018,6,101.0,val,621740.7210591964,4596132.427261193,38.33938719549143
road_1018_7,road,1018,7,102.0,val,621768.0148825557,4596159.288980735,38.33088791511372
road_1019_0,road,1019,0,89.0,train,621611.3777154031,4595988.214287152,35.358108364793154
road_1019_1,road,1019,1,101.0,val,621609.1195760409,4596023.497951089,35.35784428264148
road_1020_0,road,1020,0,102.0,val,621841.2504720006,4596007.860795198,33.9800282828023
road_1020_1,road,1020,1,102.0,val,621847.109998031,4596041.136548993,33.964829699539656
road_1020_2,road,1020,2,102.0,val,621854.8034680801,4596073.995972759,33.93788404766166
road_1020_3,road,1020,3,102.0,val,621872.2594175934,4596102.19542924,33.101969618277984
road_1020_4,road,1020,4,102.0,val,621904.2680795798,4596094.075723623,33.98076898036992
road_1021_0,road,1021,0,102.0,val,621855.5427259852,4596114.47986649,39.300433525594606
road_1021_1,road,1021,1,102.0,val,621827.7333607224,4596141.982785458,39.255398647856126
road_1021_2,road,1021,2,102.0,val,621793.8461113896,4596160.863884595,39.09936237335869
road_1022_0,road,1022,0,102.0,val,621803.7074016085,4596119.261147723,30.831333055687573
road_1022_1,road,1022,1,102.0,val,621790.9723487677,4596147.1316856025,30.841430157394903
road_1023_0,road,1023,0,102.0,val,621774.3379493118,4596192.672071872,38.77836723553624
road_1023_1,road,1023,1,102.0,val,621753.5485038873,4596225.162845227,38.63215685756852
road_1023_2,road,1023,2,101.0,val,621718.7520005319,4596241.772561205,38.706660753645934
road_1023_3,road,1023,3,101.0,val,621681.3946686584,4596248.864401084,38.81458120934291
road_1023_4,road,1023,4,101.0,val,621642.7276195991,4596251.668951319,38.77188855264166
road_1023_5,road,1023,5,101.0,val,621606.7295319064,4596265.541666127,38.74952477961486
road_1023_6,road,1023,6,101.0,val,621577.3021118186,4596289.723911442,38.78105730858388
road_1023_7,road,1023,7,101.0,val,621546.0729626585,4596312.0361024365,38.79858199838722
road_1024_0,road,1024,0,101.0,val,621450.6156827979,4596262.605519158,37.58083139257904
road_1024_1,road,1024,1,101.0,val,621423.8428228586,4596288.931835535,37.57815821119169
road_1024_2,road,1024,2,101.0,val,621395.1200350719,4596313.159360905,37.58574080110629
road_1024_3,road,1024,3,100.0,train,621366.86553324,4596337.931876373,37.57881180132145
road_1024_4,road,1024,4,100.0,train,621336.439142735,4596352.605112194,37.25914285954188
road_1024_5,road,1024,5,100.0,train,621302.2872875263,4596337.429925657,37.48425471168006
road_1024_6,road,1024,6,100.0,train,621286.0390218019,4596310.212813616,37.13784327226653
road_1025_0,road,1025,0,100.0,train,621336.6764913596,4596369.233005144,30.947138956529603
road_1025_1,road,1025,1,112.0,train,621351.0760512901,4596396.524113725,31.532309914717537
road_1026_0,road,1026,0,112.0,train,621323.5059800986,4596379.85673832,32.62084168542198
road_1026_1,road,1026,1,112.0,train,621299.6704182612,4596402.122824316,32.6210456446596
road_1026_2,road,1026,2,112.0,train,621276.7667859696,4596425.341306129,32.61888465462653
road_1026_3,road,1026,3,112.0,train,621252.790694342,4596447.372892097,32.61942347355559
road_1026_4,road,1026,4,112.0,train,621227.1115494901,4596467.476063862,32.620808726052886
road_1027_0,road,1027,0,112.0,train,621282.9840201804,4596429.696562476,34.50622868268462
road_1027_1,road,1027,1,112.0,train,621266.4823555318,4596459.290725247,34.52520341278138
road_1027_2,road,1027,2,112.0,train,621235.9940630303,4596473.811155947,34.50311732893692
road_1028_0,road,1028,0,112.0,train,621201.3571389633,4596490.384584515,36.37212711038474
road_1028_1,road,1028,1,112.0,train,621174.7871144676,4596515.208064448,36.36974513537656
road_1028_2,road,1028,2,112.0,train,621147.7949222317,4596539.465690591,36.360451946636026
road_1028_3,road,1028,3,112.0,train,621123.287388528,4596566.311339519,36.37142195878496
road_1028_4,road,1028,4,112.0,train,621098.7154840466,4596593.12350846,36.37204211757678
road_1028_5,road,1028,5,112.0,train,621074.4520739502,4596620.209944391,36.365764191512405
road_1028_6,road,1028,6,112.0,train,621050.7491588293,4596647.433360327,36.3384614721075
road_1028_7,road,1028,7,112.0,train,621032.2006508101,4596648.940509764,33.95975156548812
road_1028_8,road,1028,8,112.0,train,621016.1965051763,4596617.647135753,36.36862087295985
road_1028_9,road,1028,9,112.0,train,621000.2601843666,4596585.137614998,36.35561488626364
road_1029_0,road,1029,0,112.0,train,621034.9951008817,4596680.985067096,34.355628629693456
road_1029_1,road,1029,1,112.0,train,621041.8195787884,4596713.085494216,34.26713251664663
road_1030_0,road,1030,0,112.0,train,621219.7824018516,4596493.878722662,32.36794499114127
road_1030_1,road,1030,1,112.0,train,621232.1824539554,4596523.773435222,32.3666119530207
road_1030_2,road,1030,2,112.0,train,621245.3865224319,4596553.295071268,32.36888849361215
road_1031_0,road,1031,0,112.0,train,621150.5501674446,4596426.86235792,33.25338602805692
road_1031_1,road,1031,1,112.0,train,621175.0779154664,4596449.088731259,33.222148268159174
road_1031_2,road,1031,2,112.0,train,621198.0370646811,4596472.043196608,33.225222290676435
road_1032_0,road,1032,0,112.0,train,621183.2797130373,4596449.250415268,28.703885981447318
road_1032_1,road,1032,1,112.0,train,621205.3743923964,4596467.0504635,28.67574752020127
road_1033_0,road,1033,0,100.0,train,621165.5630082876,4596250.178505091,39.65036885286896
road_1033_1,road,1033,1,100.0,train,621199.6371996994,4596229.940313529,39.67189287639186
road_1033_2,road,1033,2,100.0,train,621234.5969911508,4596211.286433728,39.58162868743955
road_1033_3,road,1033,3,100.0,train,621264.526109408,4596186.261819256,39.665147901776336
road_1033_4,road,1033,4,100.0,train,621292.2447704234,4596157.997495562,39.669183265722
road_1033_5,road,1033,5,100.0,train,621319.3423388815,4596129.089477259,39.66551745492971
road_1034_0,road,1034,0,88.0,train,621095.7910990606,4595985.834579678,35.879304877075135
road_1034_1,road,1034,1,100.0,train,621095.6621659218,4596021.667912724,35.8882641019144
road_1034_2,road,1034,2,100.0,train,621095.7168884967,4596057.553700258,35.88515988865188
road_1034_3,road,1034,3,100.0,train,621083.8955140915,4596089.693329211,35.729207351250686
road_1034_4,road,1034,4,100.0,train,621058.3121415452,4596114.602015571,35.88666742509916
road_1034_5,road,1034,5,100.0,train,621031.3084926624,4596138.228787969,35.883559153882395
road_1034_6,road,1034,6,100.0,train,621002.8275779356,4596159.955699164,35.8849369328952
road_1035_0,road,1035,0,99.0,train,620978.9894012321,4596186.487478908,38.49478121796572
road_1035_1,road,1035,1,99.0,train,620975.8483053148,4596224.882269717,38.58379314985174
road_1035_2,road,1035,2,99.0,train,620971.6830416354,4596262.97871358,38.56784472039558
road_1035_3,road,1035,3,99.0,train,620956.9576777939,4596298.564073983,38.58299119300813
road_1035_4,road,1035,4,99.0,train,620947.8118361937,4596335.884374147,38.56917570071703
road_1035_5,road,1035,5,99.0,train,620949.5901014191,4596374.395278249,38.58763696356999
road_1036_0,road,1036,0,99.0,train,620955.242918375,4596135.813177224,31.95531948039101
road_1036_1,road,1036,1,99.0,train,620977.2211392918,4596157.16189282,31.948561115425417
road_1037_0,road,1037,0,99.0,train,620902.2888144642,4596100.244147943,36.56580704279818
road_1037_1,road,1037,1,99.0,train,620937.0352444336,4596110.306112778,36.48211442647637
road_1038_0,road,1038,0,87.0,train,620807.3300013839,4595670.339525701,37.79394089746849
road_1038_1,road,1038,1,87.0,train,620801.6690675531,4595705.613065936,37.64152646857859
road_1038_2,road,1038,2,87.0,train,620826.3583085884,4595733.261167623,37.60473841188525
road_1038_3,road,1038,3,87.0,train,620831.6086697708,4595769.830954325,37.695693792342
road_1038_4,road,1038,4,87.0,train,620861.7989998059,4595788.460310548,37.76908313984731
road_1039_0,road,1039,0,74.0,test,620607.5971731913,4595357.859443209,37.328701376055136
road_1039_1,road,1039,1,75.0,train,620636.508570714,4595379.230388498,37.63074961599459
road_1039_2,road,1039,2,75.0,train,620662.2436516039,4595401.749998627,37.15354814807196
road_1039_3,road,1039,3,75.0,train,620634.131511043,4595425.828431442,37.6385690529908
road_1039_4,road,1039,4,74.0,test,620598.9987316427,4595439.117290055,37.645974822913225
road_1039_5,road,1039,5,74.0,test,620562.6570771089,4595448.87907975,37.650047114914415
road_1039_6,road,1039,6,74.0,test,620530.1791175517,4595465.73923619,37.49342163024034
road_1039_7,road,1039,7,74.0,test,620512.3801258617,4595497.876022249,37.60706981361387
road_1039_8,road,1039,8,74.0,test,620489.800316143,4595527.246409904,37.61975166863814
road_1039_9,road,1039,9,74.0,test,620456.3870026992,4595544.453634896,37.645905325418056
road_1039_10,road,1039,10,74.0,test,620425.6051724113,4595566.033601629,37.6032577404787
road_1039_11,road,1039,11,74.0,test,620400.1972878362,4595593.154306827,37.65211598374219
road_1040_0,road,1040,0,73.0,test,620193.9772424757,4595522.224531338,38.26695613746251
road_1040_1,road,1040,1,73.0,test,620224.2912352333,4595545.559372251,38.26902904807797
road_1040_2,road,1040,2,74.0,test,620254.7996856931,4595568.648407039,38.259006793700415
road_1040_3,road,1040,3,74.0,test,620288.2320651427,4595587.257363636,38.26595021400714
road_1040_4,road,1040,4,74.0,test,620323.765447982,4595601.116387138,38.24473479790563
road_1040_5,road,1040,5,74.0,test,620361.438530536,4595598.282412439,38.21709490989952
road_1041_0,road,1041,0,74.0,test,620265.3653399477,4595590.212288328,38.760141904923074
road_1041_1,road,1041,1,86.0,val,620269.2800975222,4595628.16464541,38.90685912943985
road_1042_0,road,1042,0,73.0,test,620241.0925529922,4595586.109920069,38.25541902347816
road_1042_1,road,1042,1,73.0,test,620209.553993168,4595605.001339583,38.12043696150793
road_1043_0,road,1043,0,85.0,test,620189.5312546112,4595637.185481574,37.93606228732244
road_1043_1,road,1043,1,85.0,test,620167.0658855069,4595667.724415155,37.929092533226594
road_1043_2,road,1043,2,85.0,test,620139.9344291666,4595694.056716092,37.93603373351239
road_1043_3,road,1043,3,85.0,test,620112.0519785497,4595719.751562138,37.93082098468029
road_1043_4,road,1043,4,85.0,test,620080.8674871898,4595741.283543418,37.91468667082397
road_1043_5,road,1043,5,85.0,test,620052.0954043412,4595765.742337581,37.93700977755449
road_1043_6,road,1043,6,85.0,test,620024.396445284,4595791.655798721,37.935116992793255
road_1043_7,road,1043,7,85.0,test,619995.0758803923,4595815.702213394,37.93380174078305
road_1044_0,road,1044,0,85.0,test,619982.3145352125,4595646.836002031,38.75300543581437
road_1044_1,road,1044,1,85.0,test,620003.2897494868,4595679.3475746345,38.73946194891002
road_1044_2,road,1044,2,85.0,test,620024.8877184477,4595711.326707968,38.7539755178745
road_1044_3,road,1044,3,85.0,test,620052.4362499171,4595738.335206729,38.73658046518555
road_1045_0,road,1045,0,85.0,test,620098.8152283364,4595676.630295065,32.58786356647241
road_1045_1,road,1045,1,85.0,test,620130.3731577712,4595681.147103117,32.586082340743225
road_1046_0,road,1046,0,85.0,test,620082.1927996526,4595693.307843216,30.247930181254866
road_1046_1,road,1046,1,85.0,test,620085.1496496525,4595723.344446611,30.26210559194697
road_1047_0,road,1047,0,85.0,test,620158.6318634242,4595695.576669445,29.031156669988075
road_1047_1,road,1047,1,85.0,test,620166.0850964873,4595723.596147795,29.023761825027837
road_1047_2,road,1047,2,85.0,test,620176.8329029629,4595750.563369551,29.03692538890196
road_1048_0,road,1048,0,85.0,test,619964.6673005124,4595833.822718415,33.192268383286155
road_1048_1,road,1048,1,85.0,test,619943.1880627233,4595858.982841059,33.251023046403404
road_1048_2,road,1048,2,85.0,test,619927.0075219448,4595887.889366037,33.25955206104097
road_1048_3,road,1048,3,85.0,test,619907.6524838236,4595914.776183526,33.25505600586402
road_1049_0,road,1049,0,85.0,test,619917.1912082123,4595930.564353588,39.88411853274634
road_1049_1,road,1049,1,85.0,test,619955.9267255928,4595938.843937712,39.83853425936022
road_1049_2,road,1049,2,85.0,test,619995.0480653164,4595939.361654429,39.89048821828165
road_1049_3,road,1049,3,85.0,test,620034.4385281747,4595944.902192413,39.82846603424687
road_1049_4,road,1049,4,85.0,test,620068.4807898512,4595964.799537854,39.88509691271897
road_1049_5,road,1049,5,85.0,test,620099.1981997346,4595989.429080161,39.80949070952205
road_1050_0,road,1050,0,85.0,test,620143.2199374047,4595932.980849383,38.98273076159518
road_1050_1,road,1050,1,85.0,test,620105.0144763787,4595940.142340741,39.09562433580637
road_1050_2,road,1050,2,85.0,test,620066.2959949871,4595943.888669729,39.07058266285606
road_1051_0,road,1051,0,86.0,val,620267.4032250383,4595791.260195694,38.97060017032203
road_1051_1,road,1051,1,85.0,test,620238.7693048834,4595816.983241706,38.994608396917016
road_1051_2,road,1051,2,85.0,test,620221.1188168597,4595851.711912375,38.96959641919828
road_1051_3,road,1051,3,85.0,test,620205.2656943192,4595886.851285307,38.83901591146482
road_1051_4,road,1051,4,85.0,test,620173.1340761691,4595908.045185411,38.95117123723655
road_1052_0,road,1052,0,85.0,test,620072.3896397611,4595893.6447273735,27.97206377190628
road_1052_1,road,1052,1,85.0,test,620051.3314403347,4595912.019869297,27.958358665444614
road_1052_2,road,1052,2,85.0,test,620035.5199232675,4595934.770182719,27.932079405766267
road_1053_0,road,1053,0,97.0,train,620238.797973579,4596034.066718313,37.68006118888074
road_1053_1,road,1053,1,97.0,train,620203.477162884,4596024.762248274,37.795226360607145
road_1053_2,road,1053,2,97.0,train,620170.2297822163,4596006.8001810135,37.78765722655177
road_1053_3,road,1053,3,85.0,test,620134.3737714597,4595996.721034967,37.73788183094429
road_1054_0,road,1054,0,86.0,val,620258.9285970889,4595849.239892881,21.681368283269208
road_1054_1,road,1054,1,85.0,test,620239.0855013739,4595840.521365964,21.67855912991604
road_1055_0,road,1055,0,85.0,test,619884.7873700791,4595939.485515405,34.3867079085939
road_1055_1,road,1055,1,84.0,train,619863.859868946,4595966.6931512505,34.3628278766758
road_1055_2,road,1055,2,84.0,train,619845.8606845711,4595995.194608492,34.29415775707686
road_1055_3,road,1055,3,96.0,train,619821.6418019879,4596018.522578562,33.91434619913763
road_1056_0,road,1056,0,97.0,train,619901.7853776091,4596073.37057158,39.62047284916695
road_1056_1,road,1056,1,96.0,train,619865.7384350079,4596056.985644805,39.59575906780574
road_1056_2,road,1056,2,96.0,train,619827.705172731,4596046.361490956,39.47502970056486
road_1057_0,road,1057,0,96.0,train,619820.2799532319,4596034.748059281,24.18994578683208
road_1058_0,road,1058,0,97.0,train,619969.5805433908,4596031.159601601,28.25220277228348
road_1058_1,road,1058,1,97.0,train,619948.4662010364,4596049.861363799,28.246748416858463
road_1058_2,road,1058,2,97.0,train,619929.4534921118,4596070.741579629,28.241603769772155
road_1059_0,road,1059,0,97.0,train,619937.9739197975,4596089.345402479,39.49797401797514
road_1059_1,road,1059,1,97.0,train,619972.9538433948,4596107.6177898245,39.47851075458453
road_1059_2,road,1059,2,97.0,train,620005.5707673691,4596129.773292057,39.47291061295941
road_1059_3,road,1059,3,97.0,train,620034.816018786,4596155.834488901,39.47749678483244
road_1059_4,road,1059,4,97.0,train,620060.8145767404,4596185.541218428,39.49722461203657
road_1059_5,road,1059,5,97.0,train,620086.5646412125,4596215.465091787,39.49506805539591
road_1059_6,road,1059,6,97.0,train,620113.8090346655,4596232.728596316,38.99840823357801
road_1059_7,road,1059,7,97.0,train,620134.701131223,4596199.548325182,39.49860062893212
road_1059_8,road,1059,8,97.0,train,620155.3785996614,4596165.942323874,39.42213308121856
road_1059_9,road,1059,9,97.0,train,620160.5910291251,4596127.68898011,39.44074214623896
road_1059_10,road,1059,10,97.0,train,620151.8988606475,4596089.416238507,39.48991797275228
road_1059_11,road,1059,11,97.0,train,620141.9050983276,4596051.472888003,39.46471954684793
road_1060_0,road,1060,0,84.0,train,619778.6338277133,4595844.372495982,34.142727048687526
road_1060_1,road,1060,1,84.0,train,619799.0237343002,4595817.208362553,34.09575806861529
road_1061_0,road,1061,0,84.0,train,619763.3930600692,4595877.536871728,39.24931074464239
road_1061_1,road,1061,1,84.0,train,619727.7000542664,4595890.218920466,39.426886881019634
road_1061_2,road,1061,2,84.0,train,619689.2075539464,4595892.286147904,39.256687143591485
road_1061_3,road,1061,3,84.0,train,619658.3987959999,4595868.08973878,39.39619212004171
road_1061_4,road,1061,4,84.0,train,619629.2712684677,4595841.991428217,39.38193533727031
road_1062_0,road,1062,0,84.0,train,619727.1546739415,4595907.528295741,33.82861243812287
road_1062_1,road,1062,1,84.0,train,619725.1001637052,4595940.248858089,33.417556187829305
road_1062_2,road,1062,2,84.0,train,619696.717498646,4595957.394607539,33.798551521130406
road_1063_0,road,1063,0,84.0,train,619726.2254370629,4595959.409683369,36.64647022294415
road_1063_1,road,1063,1,84.0,train,619726.2618276043,4595995.99205185,36.61461164954567
road_1063_2,road,1063,2,96.0,train,619715.4974194352,4596030.3687220365,36.586839446172725
road_1063_3,road,1063,3,96.0,train,619695.4507687559,4596060.852266776,36.61623756083011
road_1063_4,road,1063,4,96.0,train,619672.3721483938,4596089.175685296,36.566851293501394
road_1063_5,road,1063,5,96.0,train,619639.5599614364,4596099.40302279,36.57450998244701
road_1063_6,road,1063,6,96.0,train,619609.158379542,4596118.79746821,36.63200153784812
road_1064_0,road,1064,0,84.0,train,619520.3962458045,4595864.665854505,39.12457595812429
road_1064_1,road,1064,1,84.0,train,619556.7193981635,4595851.090014437,39.20707031996713
road_1064_2,road,1064,2,84.0,train,619592.1845246786,4595834.460350069,39.142751661932365
road_1065_0,road,1065,0,84.0,train,619515.2150792668,4595825.361104827,29.76784932734544
road_1065_1,road,1065,1,84.0,train,619544.7309955511,4595829.444004661,29.843421059122083
road_1065_2,road,1065,2,84.0,train,619574.1544247557,4595834.251011497,29.8425996726688
road_1066_0,road,1066,0,84.0,train,619567.825799343,4595840.816235404,15.986930539166847
road_1067_0,road,1067,0,84.0,train,619547.1753621465,4595771.834650582,38.86545509308319
road_1067_1,road,1067,1,84.0,train,619547.3276319259,4595810.693116135,38.86326734176944
road_1068_0,road,1068,0,72.0,train,619513.2409383383,4595606.331575826,35.85560804452778
road_1068_1,road,1068,1,84.0,train,619534.2123434511,4595635.13450583,35.885384371199585
road_1068_2,road,1068,2,84.0,train,619552.661141737,4595665.894559954,35.88240349398856
road_1068_3,road,1068,3,84.0,train,619559.0075513456,4595700.027277973,35.85350604014357
road_1068_4,road,1068,4,84.0,train,619549.8262293803,4595734.589059339,35.86646989411792
road_1069_0,road,1069,0,84.0,train,619568.5142100742,4595673.536539025,37.84605487082323
road_1069_1,road,1069,1,84.0,train,619597.9101549654,4595697.245068256,37.85684537447303
road_1069_2,road,1069,2,84.0,train,619625.382326203,4595723.237412844,37.8059062732891
road_1069_3,road,1069,3,84.0,train,619661.9684258017,4595732.67289371,37.84744578798582
road_1070_0,road,1070,0,84.0,train,619634.2316182756,4595735.027084489,30.433869327415792
road_1070_1,road,1070,1,84.0,train,619651.8945176789,4595759.593954943,30.40397245386581
road_1070_2,road,1070,2,84.0,train,619663.5756753315,4595787.669841255,30.432104859189632
road_1070_3,road,1070,3,84.0,train,619677.3250214934,4595814.795888267,30.431538120440425
road_1071_0,road,1071,0,72.0,train,619835.3774722774,4595480.294745696,38.57402712144619
road_1071_1,road,1071,1,72.0,train,619798.9832511388,4595492.957750154,38.58585778172745
road_1071_2,road,1071,2,72.0,train,619765.8477282069,4595512.569857948,38.58511112618526
road_1071_3,road,1071,3,72.0,train,619736.7355311089,4595537.757257543,38.56264263282861
road_1071_4,road,1071,4,72.0,train,619702.2099438901,4595554.794845811,38.529454150678205
road_1071_5,road,1071,5,72.0,train,619664.0928689395,4595555.13828972,38.59248496566326
road_1071_6,road,1071,6,72.0,train,619626.1087708356,4595548.485551869,38.54918073365487
road_1071_7,road,1071,7,72.0,train,619592.5908304903,4595530.048385494,38.56930165243355
road_1071_8,road,1071,8,72.0,train,619556.6932588607,4595516.180160689,38.59097194845571
road_1071_9,road,1071,9,72.0,train,619519.6912820949,4595505.307178734,38.59408660551992
road_1072_0,road,1072,0,72.0,train,619831.2333049852,4595320.043822842,35.91995137460402
road_1072_1,road,1072,1,72.0,train,619803.6628005926,4595336.486561584,35.50112952628964
road_1072_2,road,1072,2,72.0,train,619800.0965702503,4595372.099830818,36.10591502269328
road_1072_3,road,1072,3,72.0,train,619792.3075007617,4595407.109367098,35.90909122492939
road_1072_4,road,1072,4,72.0,train,619798.9563925376,4595439.333781304,36.06711484694164
road_1072_5,road,1072,5,72.0,train,619821.5534401783,4595465.948779413,35.91424297355686
road_1073_0,road,1073,0,72.0,train,619678.9791297232,4595430.058664121,32.876559739270604
road_1073_1,road,1073,1,72.0,train,619709.1372569777,4595437.869072758,32.95952898655742
road_1073_2,road,1073,2,72.0,train,619740.2287105081,4595426.971974067,32.99373428169756
road_1073_3,road,1073,3,72.0,train,619772.6042150352,4595421.015067379,32.98301501386246
road_1074_0,road,1074,0,48.0,train,619512.0518848796,4594690.485816722,36.16041654987726
road_1074_1,road,1074,1,48.0,train,619528.8565906765,4594722.446396476,36.07950368163885
road_1074_2,road,1074,2,48.0,train,619533.8071495248,4594757.760291055,36.13903356971176
road_1074_3,road,1074,3,48.0,train,619530.110962581,4594793.558985284,36.0800534379324
road_1074_4,road,1074,4,48.0,train,619542.3268023559,4594826.271017243,36.10353937098568
road_1074_5,road,1074,5,48.0,train,619556.0320205577,4594858.851299279,36.14507281080788
road_1074_6,road,1074,6,60.0,val,619558.7670558146,4594894.631736707,35.70698399238932
road_1074_7,road,1074,7,60.0,val,619534.4362807521,4594878.776790028,36.13193428259712
road_1074_8,road,1074,8,48.0,train,619514.9441663891,4594848.512528769,36.07200694394446
road_1075_0,road,1075,0,60.0,val,619570.2184164464,4594914.305891112,38.021736191821645
road_1075_1,road,1075,1,60.0,val,619592.5084043216,4594944.825974988,38.01361356823735
road_1075_2,road,1075,2,60.0,val,619609.1701827014,4594978.997472862,38.023099593162506
road_1075_3,road,1075,3,60.0,val,619624.0328374945,4595013.930162235,38.01718182015471
road_1075_4,road,1075,4,60.0,val,619633.3757956361,4595050.769653493,38.00368947052834
road_1075_5,road,1075,5,60.0,val,619653.2103825702,4595082.291830953,37.930568878021134
road_1075_6,road,1075,6,60.0,val,619679.4759535994,4595088.034785685,37.5771585843718
road_1075_7,road,1075,7,60.0,val,619683.6598082809,4595051.379100062,37.98640003447417
road_1076_0,road,1076,0,60.0,val,619647.0607560298,4595094.702553874,36.009218372585025
road_1076_1,road,1076,1,60.0,val,619611.8545166081,4595101.863401697,36.0416313915982
road_1076_2,road,1076,2,60.0,val,619579.0513664337,4595115.378509928,35.36716746447077
road_1076_3,road,1076,3,60.0,val,619551.0411648451,4595104.206575129,36.05166612183526
road_1076_4,road,1076,4,60.0,val,619529.568138443,4595075.880012581,35.98619774699061
road_1076_5,road,1076,5,60.0,val,619526.7982947341,4595040.0930181,36.04877409715314
road_1076_6,road,1076,6,60.0,val,619511.9426308256,4595007.29300331,36.00771770630182
road_1077_0,road,1077,0,60.0,val,619559.0463481738,4595135.725892045,36.83408347460315
road_1077_1,road,1077,1,60.0,val,619542.6756400589,4595166.88843507,36.80190661916336
road_1077_2,road,1077,2,60.0,val,619548.0846341158,4595203.116017351,36.833995073062844
road_1077_3,road,1077,3,60.0,val,619550.6279054487,4595239.859015756,36.84269738885889
road_1078_0,road,1078,0,60.0,val,619663.3545045673,4595113.308410717,32.824737690077846
road_1078_1,road,1078,1,60.0,val,619653.7539552595,4595144.25653452,32.289357304982026
road_1078_2,road,1078,2,60.0,val,619674.9938433898,4595163.362869132,32.78903289211249
road_1078_3,road,1078,3,60.0,val,619703.4076771614,4595179.442455279,32.80859475449319
road_1078_4,road,1078,4,60.0,val,619724.3553982094,4595204.390776781,32.82215960400214
road_1079_0,road,1079,0,60.0,val,619745.432567699,4595230.072872675,33.978890845969985
road_1079_1,road,1079,1,72.0,train,619766.8590903854,4595255.817755992,33.14515069769667
road_1079_2,road,1079,2,60.0,val,619787.3571475042,4595247.754963682,33.907240596056205
road_1079_3,road,1079,3,60.0,val,619791.4742831298,4595215.3180562975,33.88669963068672
road_1079_4,road,1079,4,60.0,val,619789.7244329854,4595181.6524840575,33.96018853241565
road_1080_0,road,1080,0,72.0,train,619786.6359952935,4595279.692529928,38.60175065257416
road_1080_1,road,1080,1,72.0,train,619804.754538099,4595308.839252625,38.53982452371967
road_1081_0,road,1081,0,72.0,train,619814.136501012,4595299.382993159,20.508931051764005
road_1081_1,road,1081,1,72.0,train,619831.6976503008,4595309.7184286695,20.48303750788152
road_1082_0,road,1082,0,72.0,train,619699.031286448,4595311.610736446,31.82609776434709
road_1082_1,road,1082,1,72.0,train,619730.2686967285,4595313.747224218,31.75530124354
road_1082_2,road,1082,2,72.0,train,619757.8841128481,4595328.898947722,31.748558515449485
road_1082_3,road,1082,3,72.0,train,619788.9774371133,4595328.635558623,31.822215937537628
road_1083_0,road,1083,0,72.0,train,619874.8096288816,4595476.2723033205,39.459132105928745
road_1083_1,road,1083,1,73.0,test,619914.2500576217,4595477.217137712,39.45750307539129
road_1083_2,road,1083,2,73.0,test,619953.5879008714,4595480.231440178,39.45977162453756
road_1083_3,road,1083,3,73.0,test,619992.9565409527,4595482.826013606,39.457021830165175
road_1083_4,road,1083,4,73.0,test,620032.3514276929,4595484.62154195,39.45904464074308
road_1083_5,road,1083,5,73.0,test,620071.2611456362,4595486.78713096,38.51836827856617
road_1083_6,road,1083,6,73.0,test,620081.074301433,4595520.256026724,39.443406713259954
road_1084_0,road,1084,0,73.0,test,620096.3336307774,4595487.870728942,35.39900865005192
road_1084_1,road,1084,1,73.0,test,620131.7135785449,4595488.192354539,35.386083360407234
road_1084_2,road,1084,2,73.0,test,620165.0284678184,4595499.493236934,35.3886920187076
road_1085_0,road,1085,0,73.0,test,620177.6077200536,4595451.979957721,27.581237315994414
road_1085_1,road,1085,1,73.0,test,620191.1183557322,4595475.951985914,27.70779207734016
road_1085_2,road,1085,2,73.0,test,620190.9194753148,4595502.66974297,27.675413585858
road_1086_0,road,1086,0,73.0,test,619920.4351250578,4595311.7562144585,21.54627503177571
road_1086_1,road,1086,1,73.0,test,619903.9100740633,4595324.396321303,21.449162699755988
road_1087_0,road,1087,0,84.0,train,619848.8491550894,4595894.2060251,29.927739183030567
road_1087_1,road,1087,1,84.0,train,619851.0403243081,4595923.945348016,29.89837955429255
road_1087_2,road,1087,2,84.0,train,619861.1513667403,4595952.069286877,29.924920303755457
road_1088_0,road,1088,0,84.0,train,619855.4212009094,4595907.053897779,13.283458954468989
road_1089_0,road,1089,0,85.0,test,619923.6356613035,4595944.748831549,31.89896897055031
road_1089_1,road,1089,1,85.0,test,619895.6879443267,4595960.1156444,31.89833636028053
road_1089_2,road,1089,2,84.0,train,619868.3002250198,4595976.254630867,31.8853016740917
road_1090_0,road,1090,0,96.0,train,619695.4271829781,4596245.516461136,32.41187535590194
road_1090_1,road,1090,1,96.0,train,619726.6034394661,4596238.592307216,32.532738773506914
road_1090_2,road,1090,2,96.0,train,619756.0187609969,4596249.752620888,32.481413904158295
road_1090_3,road,1090,3,96.0,train,619788.1464280069,4596253.552131741,32.5645235614701
road_1091_0,road,1091,0,96.0,train,619821.1551015365,4596280.408061062,35.2136114518474
road_1091_1,road,1091,1,96.0,train,619850.3765945558,4596299.795879851,35.26972957021886
road_1091_2,road,1091,2,97.0,train,619876.5355095213,4596323.399779498,35.244050181784736
road_1091_3,road,1091,3,97.0,train,619894.2285922514,4596353.860382002,35.26675653417725
road_1092_0,road,1092,0,109.0,test,619918.7804189625,4596378.516591245,33.086645449747095
road_1092_1,road,1092,1,109.0,test,619942.4077932514,4596401.607941325,33.093866807459406
road_1093_0,road,1093,0,97.0,train,619904.4586423438,4596368.87841725,1.5831798442642788
road_1094_0,road,1094,0,109.0,test,619967.5441861908,4596427.061711421,38.63491134379213
road_1094_1,road,1094,1,109.0,test,619998.9314259702,4596449.4189970605,38.58315730984754
road_1094_2,road,1094,2,109.0,test,620026.826482802,4596475.40602237,38.63863354291131
road_1094_3,road,1094,3,109.0,test,620051.0638466089,4596505.468662099,38.631204129685216
road_1094_4,road,1094,4,109.0,test,620075.097137474,4596535.653558711,38.61735000319222
road_1094_5,road,1094,5,109.0,test,620092.6042729111,4596569.946240569,38.6366163118981
road_1094_6,road,1094,6,109.0,test,620106.3577620893,4596606.043519513,38.63822691486607
road_1094_7,road,1094,7,109.0,test,620122.7259679775,4596640.814722239,38.28358448992432
road_1094_8,road,1094,8,109.0,test,620153.5071642853,4596659.0567441685,38.54629526232549
road_1095_0,road,1095,0,109.0,test,620141.3514862462,4596666.66300055,25.900408682712666
road_1095_1,road,1095,1,109.0,test,620155.5025183263,4596688.345416286,25.902004061465515
road_1096_0,road,1096,0,109.0,test,620238.1821901225,4596635.091187957,30.505111827264194
road_1096_1,road,1096,1,109.0,test,620225.7721318122,4596662.68269804,30.424193597091136
road_1096_2,road,1096,2,109.0,test,620224.7185442331,4596693.080745081,30.503733395654717
road_1096_3,road,1096,3,109.0,test,620224.4080883064,4596723.464018326,30.48168271191361
road_1097_0,road,1097,0,109.0,test,619940.6028267983,4596422.819500483,30.22423604046945
road_1097_1,road,1097,1,109.0,test,619919.3700583575,4596443.211817681,30.11872949886095
road_1097_2,road,1097,2,109.0,test,619889.934289026,4596449.39410982,30.222320557180563
road_1097_3,road,1097,3,108.0,val,619862.8564833173,4596441.552804742,29.946276057180327
road_1098_0,road,1098,0,109.0,test,619926.7732361016,4596454.215563882,35.07102695397842
road_1098_1,road,1098,1,109.0,test,619924.244698057,4596488.962732839,35.06359892010589
road_1099_0,road,1099,0,109.0,test,619879.3392362454,4596746.113688756,35.760284322754586
road_1099_1,road,1099,1,109.0,test,619909.6552761575,4596727.204125168,35.75729670659201
road_1099_2,road,1099,2,109.0,test,619942.7322495447,4596713.696809416,35.757331079376165
road_1099_3,road,1099,3,109.0,test,619974.6748004452,4596697.842640744,35.7408560865563
road_1099_4,road,1099,4,109.0,test,620001.2588355638,4596674.222603887,35.7438772696006
road_1099_5,road,1099,5,109.0,test,620021.7062397329,4596645.058787888,35.75385926693404
road_1099_6,road,1099,6,109.0,test,620036.058521576,4596612.423308887,35.74090083547319
road_1099_7,road,1099,7,109.0,test,620055.9300541654,4596583.890066844,35.65633797120601
road_1100_0,road,1100,0,110.0,train,620254.1132526713,4596604.93650964,37.70413905452107
road_1100_1,road,1100,1,110.0,train,620274.1174832322,4596573.096386005,37.70204535220243
road_1100_2,road,1100,2,110.0,train,620292.5259145394,4596540.200026081,37.72203971680034
road_1100_3,road,1100,3,110.0,train,620312.3379566015,4596508.299832682,37.68649235036186
road_1100_4,road,1100,4,110.0,train,620341.8081217713,4596484.916751429,37.70584774069202
road_1100_5,road,1100,5,110.0,train,620376.2522273092,4596469.563045759,37.71987892100127
road_1100_6,road,1100,6,110.0,train,620407.6739421748,4596449.344395951,37.29256244511206
road_1100_7,road,1100,7,110.0,train,620438.4588940714,4596454.187179233,37.65586470267983
road_1100_8,road,1100,8,110.0,train,620463.1999051577,4596482.179735867,37.65384816565624
road_1100_9,road,1100,9,110.0,train,620472.2383868939,4596518.293190797,37.28028223799498
road_1100_10,road,1100,10,110.0,train,620454.7139670531,4596545.709625197,37.44259861082445
road_1100_11,road,1100,11,110.0,train,620419.0763848366,4596546.359245655,37.71433371517492
road_1100_12,road,1100,12,110.0,train,620381.4726664153,4596544.209404131,37.72080944735001
road_1100_13,road,1100,13,110.0,train,620343.9583361585,4596544.104991959,37.69136409064734
road_1100_14,road,1100,14,110.0,train,620307.37264802,4596551.770599071,37.601076293159
road_1101_0,road,1101,0,110.0,train,620283.9247411987,4596526.37101,35.16631372993528
road_1101_1,road,1101,1,110.0,train,620280.6763657145,4596491.415049424,35.172684002389566
road_1101_2,road,1101,2,110.0,train,620288.8594738919,4596457.571467545,35.14143900428385
road_1101_3,road,1101,3,110.0,train,620312.0020270039,4596431.891818866,34.986142233183
road_1101_4,road,1101,4,110.0,train,620308.154562403,4596399.406946971,32.82762776865468
road_1101_5,road,1101,5,110.0,train,620297.4457750224,4596411.688894854,35.17675801963819
road_1102_0,road,1102,0,110.0,train,620288.7727275372,4596439.009832118,22.19178520248466
road_1102_1,road,1102,1,110.0,train,620283.9319705983,4596460.574045926,22.184686151220205
road_1103_0,road,1103,0,98.0,train,620311.0660225207,4596370.209888745,37.54536683547458
road_1103_1,road,1103,1,98.0,train,620318.7232006951,4596333.931975432,37.59510836340127
road_1103_2,road,1103,2,98.0,train,620322.3566142312,4596296.596153031,37.52489210852672
road_1104_0,road,1104,0,109.0,test,620220.5533347257,4596394.17706572,32.42312641267738
road_1104_1,road,1104,1,109.0,test,620227.3756087307,4596425.529863199,32.37960867263354
road_1104_2,road,1104,2,109.0,test,620247.6609994528,4596450.029502572,32.46510153619532
road_1104_3,road,1104,3,110.0,train,620269.6226426788,4596473.668395886,32.46170928658392
road_1105_0,road,1105,0,109.0,test,620196.8994737698,4596510.956663092,32.2772563730089
road_1105_1,road,1105,1,109.0,test,620210.7722347144,4596540.069934521,32.28555582577344
road_1105_2,road,1105,2,109.0,test,620229.6572298784,4596566.200249,32.28612875399374
road_1105_3,road,1105,3,109.0,test,620246.1554401418,4596593.891983649,32.281102256849785
road_1106_0,road,1106,0,122.0,val,620595.1827256903,4596901.414807953,25.928274402854957
road_1106_1,road,1106,1,122.0,val,620588.3194319912,4596876.4116552295,25.928407675757803
road_1107_0,road,1107,0,123.0,val,620730.0947135516,4596802.375334743,39.15097154242173
road_1107_1,road,1107,1,123.0,val,620734.469209762,4596763.547695052,39.08962387278128
road_1107_2,road,1107,2,111.0,train,620729.8758292032,4596724.96467453,39.1477857427677
road_1107_3,road,1107,3,111.0,train,620727.9450401013,4596685.884861486,39.14950286577034
road_1107_4,road,1107,4,111.0,train,620727.7768300809,4596646.843842492,39.00679100278226
road_1107_5,road,1107,5,111.0,train,620747.4548224751,4596615.107832352,39.151345062271545
road_1107_6,road,1107,6,111.0,train,620776.335478625,4596588.733582388,39.07546167133854
road_1107_7,road,1107,7,111.0,train,620799.6705137116,4596594.263116179,39.15201229242605
road_1107_8,road,1107,8,111.0,train,620813.7210728448,4596630.706460363,38.98291014974123
road_1107_9,road,1107,9,111.0,train,620842.9726764777,4596653.661703149,39.05042100812872
road_1107_10,road,1107,10,111.0,train,620865.3108200211,4596685.426014694,39.1522697694147
road_1107_11,road,1107,11,111.0,train,620884.5733287765,4596719.437559412,39.15089887345695
road_1107_12,road,1107,12,123.0,val,620904.2185194856,4596753.292045748,39.15373596636246
road_1108_0,road,1108,0,111.0,train,620758.1530422086,4596744.071504129,20.98324323290693
road_1108_1,road,1108,1,123.0,val,620741.6266254936,4596754.124426348,21.398607543620034
road_1109_0,road,1109,0,111.0,train,620739.4738374307,4596732.889043499,29.364195643808397
road_1110_0,road,1110,0,111.0,train,620712.167146776,4596676.72788505,31.45617390556967
road_1110_1,road,1110,1,111.0,train,620681.2831187303,4596679.225741497,31.221711301621653
road_1110_2,road,1110,2,111.0,train,620656.6038958968,4596698.024151688,31.484123321088127
road_1111_0,road,1111,0,111.0,train,620804.8079460931,4596564.699400188,35.46741441032431
road_1111_1,road,1111,1,111.0,train,620830.5517943968,4596540.338272685,35.449154233280225
road_1111_2,road,1111,2,111.0,train,620850.3487097152,4596511.228635746,35.449390650947166
road_1111_3,road,1111,3,111.0,train,620875.3181802478,4596486.055789165,35.467353082711604
road_1111_4,road,1111,4,111.0,train,620899.97529355,4596460.565575406,35.46571421087528
road_1111_5,road,1111,5,111.0,train,620925.9663254627,4596436.46215586,35.466690404458014
road_1111_6,road,1111,6,111.0,train,620949.7825746601,4596411.167239966,35.327876798558975
road_1112_0,road,1112,0,123.0,val,620763.7665725079,4596768.851739649,33.30575111244148
road_1112_1,road,1112,1,123.0,val,620742.6557617557,4596794.584624987,33.30048801523857
road_1113_0,road,1113,0,123.0,val,620838.8887974513,4596824.335029407,27.848804826911653
road_1113_1,road,1113,1,123.0,val,620866.1850722871,4596827.550677088,27.864282637608103
road_1113_2,road,1113,2,123.0,val,620890.1094935444,4596841.663172911,27.91480959485484
road_1114_0,road,1114,0,133.0,train,620100.1567619966,4597364.607456232,39.553551715963415
road_1114_1,road,1114,1,133.0,train,620079.9004033952,4597398.223831647,39.51821339808784
road_1114_2,road,1114,2,133.0,train,620044.1934485377,4597414.25005609,39.677691229795656
road_1114_3,road,1114,3,133.0,train,620006.9399630915,4597427.387386856,39.65531721247456
road_1114_4,road,1114,4,133.0,train,619967.5309957532,4597430.6633229805,39.66412707510992
road_1114_5,road,1114,5,133.0,train,619928.274068747,4597425.297901127,39.67881312313461
road_1114_6,road,1114,6,133.0,train,619889.3648295964,4597418.047993857,39.57991338415989
road_1114_7,road,1114,7,132.0,train,619851.8285865528,4597429.086689909,39.67687674528432
road_1114_8,road,1114,8,132.0,train,619816.4896348414,4597446.254936868,39.59835219390162
road_1115_0,road,1115,0,132.0,train,619824.2433251138,4597292.9690032005,34.507044213101025
road_1115_1,road,1115,1,132.0,train,619822.7958290346,4597327.300593216,34.51693341509211
road_1115_2,road,1115,2,132.0,train,619819.5291817866,4597361.615751732,34.531081218272604
road_1115_3,road,1115,3,132.0,train,619815.097563937,4597395.838131182,34.52759735575157
road_1115_4,road,1115,4,132.0,train,619809.253543234,4597429.729784129,34.53044913258769
road_1116_0,road,1116,0,133.0,train,620009.1681028127,4597435.73862091,33.1896001102196
road_1116_1,road,1116,1,133.0,train,619980.8299063062,4597453.150255498,33.449330721809815
road_1116_2,road,1116,2,133.0,train,619956.2267473156,4597475.668760565,33.462241622667825
road_1117_0,road,1117,0,120.0,train,619710.4886923375,4597056.529212164,33.88399367345643
road_1117_1,road,1117,1,120.0,train,619733.582754515,4597080.989055852,33.87357166933847
road_1118_0,road,1118,0,120.0,train,619640.3427336804,4596978.725088798,35.85490136067488
road_1118_1,road,1118,1,120.0,train,619620.3031143814,4596949.054020993,35.858459692529024
road_1118_2,road,1118,2,120.0,train,619595.7332868077,4596923.002219637,35.857105469804246
road_1118_3,road,1118,3,120.0,train,619571.5867425541,4596896.712232391,35.83754309778361
road_1118_4,road,1118,4,120.0,train,619556.741368005,4596864.260199716,35.85829946204792
road_1118_5,road,1118,5,120.0,train,619539.1294712092,4596833.06790969,35.85604345760839
road_1118_6,road,1118,6,120.0,train,619514.0969846466,4596807.524176956,35.86356560868788
road_1119_0,road,1119,0,120.0,train,619549.4765886536,4596891.701165496,32.98607409165245
road_1119_1,road,1119,1,120.0,train,619534.4050791344,4596919.992445753,33.22971172318748
road_1119_2,road,1119,2,120.0,train,619527.8023522965,4596952.5051752245,33.21960778952255
road_1119_3,road,1119,3,120.0,train,619530.0978948486,4596985.47542204,33.237439511529885
road_1120_0,road,1120,0,120.0,train,619525.5210494701,4597017.346755674,34.22637635045082
road_1120_1,road,1120,1,120.0,train,619546.5632236676,4597035.311423403,34.8005017849621
road_1120_2,road,1120,2,120.0,train,619559.743007695,4597062.982566816,35.0090081119398
road_1121_0,road,1121,0,120.0,train,619634.9403652424,4596944.9066393785,29.26997389556955
road_1121_1,road,1121,1,120.0,train,619645.954124427,4596917.822808653,29.32401823270469
road_1122_0,road,1122,0,120.0,train,619646.156500837,4596885.300606207,37.2712242097585
road_1122_1,road,1122,1,120.0,train,619636.0175527396,4596849.612805037,37.265417880763
road_1122_2,road,1122,2,120.0,train,619633.0218149977,4596812.498925066,37.273593742299575
road_1122_3,road,1122,3,120.0,train,619622.9588679394,4596776.796189413,37.231837573081634
road_1122_4,road,1122,4,108.0,val,619620.4110891402,4596739.754649388,37.26262545108111
road_1122_5,road,1122,5,108.0,val,619634.7241979707,4596706.860481894,37.11504669599848
road_1122_6,road,1122,6,108.0,val,619651.5849670789,4596675.435393246,36.064664292445855
road_1122_7,road,1122,7,108.0,val,619673.1673159956,4596692.393821296,37.1630054240931
road_1122_8,road,1122,8,108.0,val,619672.7435114016,4596728.692502861,37.29213726426515
road_1123_0,road,1123,0,108.0,val,619543.1618083459,4596674.126774734,33.89757557191262
road_1123_1,road,1123,1,108.0,val,619531.6904713267,4596705.819203224,33.76180933616926
road_1123_2,road,1123,2,108.0,val,619508.9243947429,4596710.663551799,33.623306439668674
road_1123_3,road,1123,3,108.0,val,619504.780480514,4596677.0978220645,34.029845574466584
road_1124_0,road,1124,0,108.0,val,619509.2720602523,4596735.572622497,34.36011386234237
road_1124_1,road,1124,1,120.0,train,619515.435299013,4596769.31442346,34.352210724257695
road_1124_2,road,1124,2,120.0,train,619526.2519870062,4596801.865727006,34.348516875189546
road_1125_0,road,1125,0,108.0,val,619510.4605867995,4596444.072042264,32.12907630585639
road_1125_1,road,1125,1,108.0,val,619541.3948122297,4596446.593105131,32.26966851226872
road_1125_2,road,1125,2,108.0,val,619530.8499713694,4596474.201627112,32.34169459948703
road_1125_3,road,1125,3,108.0,val,619516.3516334129,4596502.980490907,32.36548073297003
road_1126_0,road,1126,0,108.0,val,619554.8113494213,4596432.87061534,39.72966547312858
road_1126_1,road,1126,1,108.0,val,619591.9437780657,4596419.380015591,39.76728863032679
road_1126_2,road,1126,2,108.0,val,619624.3810728319,4596397.188446791,39.679175400598425
road_1126_3,road,1126,3,108.0,val,619656.6956516961,4596414.666687921,39.655448686035584
road_1126_4,road,1126,4,108.0,val,619663.4540960026,4596453.350337326,39.7762329928478
road_1127_0,road,1127,0,108.0,val,619786.2112389802,4596382.203950468,35.95714067780862
road_1127_1,road,1127,1,108.0,val,619751.5307040573,4596389.092398495,35.94365312657947
road_1127_2,road,1127,2,108.0,val,619715.8428241252,4596386.128624986,35.98010353076356
road_1128_0,road,1128,0,73.0,test,620081.5641068425,4595469.405330724,38.1029926674554
road_1128_1,road,1128,1,73.0,test,620074.3287158036,4595432.043150269,38.11300878284956
road_1128_2,road,1128,2,73.0,test,620062.2174988331,4595395.922743475,38.126501594780535
road_1128_3,road,1128,3,73.0,test,620053.3451580493,4595358.845318915,38.12891674121863
road_1128_4,road,1128,4,73.0,test,620048.5338279328,4595321.173496886,38.1174381100529
road_1128_5,road,1128,5,73.0,test,620047.112230528,4595283.130534982,38.07494390640623
road_1128_6,road,1128,6,61.0,val,620059.0792008326,4595247.779656822,38.12488048619352
road_1128_7,road,1128,7,61.0,val,620083.2338886554,4595218.436172479,38.065015234160384
road_1128_8,road,1128,8,61.0,val,620103.9971022794,4595187.272113031,38.12313091149428
road_1128_9,road,1128,9,61.0,val,620122.0499654484,4595153.806854205,38.11890198206407
road_1128_10,road,1128,10,61.0,val,620135.9359413839,4595118.39526368,38.12853650918809
road_1128_11,road,1128,11,61.0,val,620149.9599892513,4595082.940792808,38.12916356208223
road_1129_0,road,1129,0,61.0,val,620082.5615143453,4595198.468921402,29.978741476202543
road_1129_1,road,1129,1,61.0,val,620059.9896018885,4595178.817489847,29.956355610011894
road_1130_0,road,1130,0,61.0,val,620106.7604544738,4595220.337708137,35.67748537096803
road_1130_1,road,1130,1,61.0,val,620140.1309279463,4595230.434386349,35.686336534258146
road_1130_2,road,1130,2,73.0,test,620167.8545862973,4595252.904203295,35.79378230438609
road_1130_3,road,1130,3,73.0,test,620182.9942860528,4595283.485142679,35.719399596629934
road_1131_0,road,1131,0,73.0,test,620229.7161182995,4595261.368210659,33.75446321012104
road_1131_1,road,1131,1,73.0,test,620199.8271705607,4595275.58530639,33.7081881578485
road_1132_0,road,1132,0,73.0,test,619912.5165031297,4595446.703997787,20.954250762805398
road_1132_1,road,1132,1,73.0,test,619906.4101712002,4595466.554852814,20.97314080162318
road_1133_0,road,1133,0,73.0,test,619925.142765673,4595488.693968988,20.967955245402276
road_1133_1,road,1133,1,73.0,test,619923.8827712645,4595509.612377502,20.96318346153716
road_1134_0,road,1134,0,85.0,test,619875.4903699828,4595668.447365508,36.4802562271629
road_1134_1,road,1134,1,85.0,test,619883.915750415,4595703.931558568,36.47981524946218
road_1134_2,road,1134,2,85.0,test,619888.7574080818,4595739.980427772,36.47021694393199
road_1135_0,road,1135,0,61.0,val,620178.5732079248,4595194.704454633,36.06548430980161
road_1135_1,road,1135,1,61.0,val,620150.5288308214,4595217.328322588,36.05810519580372
road_1136_0,road,1136,0,60.0,val,619581.2562590264,4594994.0299425945,22.034330330306364
road_1136_1,road,1136,1,60.0,val,619596.9162752376,4594978.877384543,22.03390855072414
road_1137_0,road,1137,0,60.0,val,619722.4601031463,4594889.905871769,37.158627602637786
road_1137_1,road,1137,1,60.0,val,619754.4876667607,4594906.611306974,37.154427101414186
road_1137_2,road,1137,2,60.0,val,619778.339403985,4594934.922574905,37.036451579485934
road_1137_3,road,1137,3,60.0,val,619812.6567580866,4594946.733287231,37.13759361305648
road_1137_4,road,1137,4,60.0,val,619849.4257179089,4594947.310684524,37.1578753452655
road_1137_5,road,1137,5,61.0,val,619884.3738813732,4594959.8313283175,37.15518141928906
road_1137_6,road,1137,6,61.0,val,619921.3666986588,4594962.12025263,37.04632920511028
road_1137_7,road,1137,7,61.0,val,619955.608101781,4594975.119355722,37.17609757735193
road_1137_8,road,1137,8,61.0,val,619992.55717914,4594977.922143959,37.18463231974128
road_1138_0,road,1138,0,61.0,val,619940.7858046085,4594920.77543247,31.63969071602429
road_1138_1,road,1138,1,61.0,val,619923.1171208118,4594946.812492297,31.58379254393113
road_1139_0,road,1139,0,60.0,val,619846.6679233633,4594964.154641773,34.01316697810972
road_1139_1,road,1139,1,60.0,val,619839.4317665807,4594997.069803687,33.8766960085564
road_1139_2,road,1139,2,60.0,val,619812.1478934649,4595011.895000434,33.91471113366271
road_1140_0,road,1140,0,61.0,val,619962.017923132,4595030.454127422,22.57851839258077
road_1140_1,road,1140,1,61.0,val,619983.5685867842,4595037.152386508,22.581001761061465
road_1141_0,road,1141,0,61.0,val,620042.8057232769,4595008.74740717,31.37773615819715
road_1141_1,road,1141,1,61.0,val,620014.3563148748,4595021.7713865,31.60907571360964
road_1142_0,road,1142,0,49.0,train,619965.2936333347,4594791.182414878,33.79614047671757
road_1142_1,road,1142,1,49.0,train,619995.9587979559,4594777.063346385,33.86099391416148
road_1142_2,road,1142,2,49.0,train,620026.3596165561,4594763.130747207,33.7766165311619
road_1143_0,road,1143,0,49.0,train,620101.5558044369,4594571.655926968,35.90787380156943
road_1143_1,road,1143,1,49.0,train,620120.7533545081,4594585.567094612,35.552971199670765
road_1143_2,road,1143,2,49.0,train,620109.4483327187,4594618.966098166,35.86541365912589
road_1144_0,road,1144,0,37.0,val,620081.7217098783,4594495.877832213,29.974451108034344
road_1144_1,road,1144,1,37.0,val,620064.0423074319,4594487.335893888,27.50309814140024
road_1145_0,road,1145,0,49.0,train,620055.8549944343,4594512.504067139,35.9987960409182
road_1145_1,road,1145,1,49.0,train,620054.061264849,4594547.991783338,35.97226659023525
road_1145_2,road,1145,2,49.0,train,620045.3586517049,4594581.855481443,35.996542523393835
road_1145_3,road,1145,3,49.0,train,620024.5870916875,4594611.268979563,36.02984890326786
road_1145_4,road,1145,4,49.0,train,620006.6999171844,4594642.017144621,35.57406302266382
road_1145_5,road,1145,5,49.0,train,619980.1341862433,4594660.992105646,35.92860330646977
road_1146_0,road,1146,0,49.0,train,619997.2416589453,4594671.829831414,38.775061963947664
road_1146_1,road,1146,1,49.0,train,619964.4403668889,4594691.16625506,38.94737724720119
road_1146_2,road,1146,2,49.0,train,619926.2767889431,4594698.913295652,38.953460977177166
road_1146_3,road,1146,3,49.0,train,619887.6344340467,4594703.512993953,38.94169300468635
road_1146_4,road,1146,4,48.0,train,619852.571860344,4594716.220302467,38.8410353440874
road_1146_5,road,1146,5,48.0,train,619834.3175610362,4594750.275552695,38.95087107039909
road_1147_0,road,1147,0,37.0,val,620039.193895327,4594497.05028489,39.64425824747162
road_1147_1,road,1147,1,37.0,val,619999.7788941322,4594493.456853443,39.641073719733626
road_1147_2,road,1147,2,37.0,val,619960.6619723925,4594495.91437428,39.5761168867529
road_1147_3,road,1147,3,49.0,train,619924.9570890281,4594511.981404732,39.55087633416487
road_1147_4,road,1147,4,49.0,train,619897.3890079353,4594537.273763251,39.56741332631444
road_1147_5,road,1147,5,48.0,train,619859.7906060672,4594547.183743571,39.51350158917212
road_1148_0,road,1148,0,49.0,train,619908.4718740158,4594550.942071373,39.41818830484814
road_1148_1,road,1148,1,49.0,train,619891.1804188245,4594586.144268471,39.420655221718455
road_1148_2,road,1148,2,48.0,train,619856.3958741436,4594603.975140421,39.49744475481605
road_1148_3,road,1148,3,48.0,train,619821.9025036369,4594623.080408258,39.44559920258423
road_1148_4,road,1148,4,48.0,train,619791.778783635,4594647.926889628,39.278037117473126
road_1148_5,road,1148,5,48.0,train,619756.8242868313,4594642.413886402,39.46017155171745
road_1148_6,road,1148,6,48.0,train,619731.5945595047,4594612.28345883,39.472770289475406
road_1148_7,road,1148,7,48.0,train,619714.0483232248,4594577.024970412,39.47354119325897
road_1148_8,road,1148,8,48.0,train,619686.8289592192,4594548.726387839,39.43426055621411
road_1149_0,road,1149,0,48.0,train,619766.9595462786,4594670.530652285,36.57675387717964
road_1149_1,road,1149,1,48.0,train,619738.1091921154,4594689.968154282,36.55428255421669
road_1149_2,road,1149,2,48.0,train,619708.2338982532,4594677.329141919,36.47368363527977
road_1150_0,road,1150,0,48.0,train,619698.26653981,4594690.357392998,35.91572433153961
road_1150_1,road,1150,1,48.0,train,619663.855769775,4594698.81515791,35.263528160458435
road_1150_2,road,1150,2,48.0,train,619670.6660557826,4594733.375692137,35.935373511435046
road_1151_0,road,1151,0,48.0,train,619645.0792916598,4594698.492816514,35.296536518504055
road_1151_1,road,1151,1,48.0,train,619618.28427581,4594676.940553115,35.23141681370969
road_1151_2,road,1151,2,48.0,train,619589.7086322525,4594657.813802552,35.29326377034411
road_1151_3,road,1151,3,48.0,train,619557.2117005744,4594665.020839952,35.4418898387998
road_1151_4,road,1151,4,48.0,train,619522.7863598907,4594672.025828806,35.45731828407634
road_1152_0,road,1152,0,48.0,train,619610.9304095824,4594653.307894372,39.244465466228455
road_1152_1,road,1152,1,48.0,train,619608.5799041156,4594614.229114222,39.18528825697724
road_1152_2,road,1152,2,48.0,train,619591.5405932319,4594579.258178583,39.238168933450766
road_1152_3,road,1152,3,48.0,train,619573.9112985806,4594544.236129734,39.242524999773416
road_1153_0,road,1153,0,49.0,train,620136.5700208282,4594565.599579397,35.40792304765132
road_1153_1,road,1153,1,49.0,train,620169.4602474881,4594577.839075616,35.39450459702907
road_1153_2,road,1153,2,49.0,train,620201.4504106281,4594592.294600611,35.431182930739595
road_1153_3,road,1153,3,49.0,train,620235.5904337675,4594601.151143506,35.232084411977986
road_1153_4,road,1153,4,50.0,train,620256.2371288239,4594628.265369727,35.39266881156288
road_1153_5,road,1153,5,50.0,train,620259.7358026492,4594662.91964059,35.018892824358815
road_1153_6,road,1153,6,49.0,train,620229.1055475593,4594677.226486468,35.256440213838225
road_1154_0,road,1154,0,50.0,train,620270.409825545,4594676.599259937,34.978736457610054
road_1154_1,road,1154,1,50.0,train,620287.0796938782,4594707.313891363,34.96692304534053
road_1154_2,road,1154,2,50.0,train,620310.0460216262,4594733.482838432,34.981760932644335
road_1154_3,road,1154,3,50.0,train,620331.097253612,4594760.622410125,34.91994412212641
road_1154_4,road,1154,4,50.0,train,620334.6435958649,4594795.355149272,34.98224154395293
road_1154_5,road,1154,5,50.0,train,620342.422702923,4594829.330275108,34.921485087513645
road_1155_0,road,1155,0,50.0,train,620317.9172876677,4594672.965725029,29.644727307911925
road_1155_1,road,1155,1,50.0,train,620291.7868658096,4594686.592306298,29.618463106224667
road_1156_0,road,1156,0,50.0,train,620293.755968402,4594665.448529623,34.91583355923458
road_1156_1,road,1156,1,50.0,train,620295.8361284442,4594631.479813942,34.94451061223662
road_1156_2,road,1156,2,50.0,train,620301.3679700611,4594597.065719402,34.939925802134695
road_1156_3,road,1156,3,50.0,train,620321.8567698727,4594574.586838863,34.97778331198163
road_1157_0,road,1157,0,49.0,train,620183.1625156632,4594567.297271426,33.854304261818285
road_1157_1,road,1157,1,49.0,train,620198.2333738839,4594537.27265553,33.863982782085
road_1157_2,road,1157,2,49.0,train,620214.732744043,4594507.918655937,33.723299720856495
road_1157_3,road,1157,3,37.0,val,620244.1842775638,4594497.37901911,33.839801809496635
road_1157_4,road,1157,4,38.0,train,620277.4682871347,4594491.620936998,33.88523350901944
road_1157_5,road,1157,5,38.0,train,620308.9110377026,4594481.340420374,33.743491793367056
road_1158_0,road,1158,0,50.0,train,620402.05771617,4594795.278709354,30.43045167739504
road_1158_1,road,1158,1,50.0,train,620430.1719647456,4594806.912877836,30.435361970442656
road_1159_0,road,1159,0,50.0,train,620431.6528621116,4594824.815191454,32.55158237052381
road_1159_1,road,1159,1,50.0,train,620409.7702474629,4594847.8818402765,32.50396568736857
road_1160_0,road,1160,0,50.0,train,620415.778227095,4594859.17218459,33.66536172931749
road_1160_1,road,1160,1,62.0,train,620418.0057248368,4594892.400110732,33.65033986973881
road_1161_0,road,1161,0,50.0,train,620323.602089125,4594824.767485454,36.41066912023859
road_1161_1,road,1161,1,50.0,train,620319.6197280294,4594803.018154681,36.79750697254713
road_1162_0,road,1162,0,50.0,train,620343.4805243072,4594858.479776926,35.58766879107284
road_1162_1,road,1162,1,62.0,train,620315.9420537712,4594880.698795552,35.54523837042695
road_1162_2,road,1162,2,62.0,train,620286.1778109518,4594899.45484721,35.564549316877205
road_1162_3,road,1162,3,62.0,train,620264.804041977,4594903.2805916285,35.238390625978035
road_1162_4,road,1162,4,50.0,train,620254.6244524142,4594874.837321336,35.01896573479674
road_1162_5,road,1162,5,61.0,val,620223.7508034953,4594890.01582066,35.578784454556256
road_1163_0,road,1163,0,49.0,train,620232.2532037309,4594813.248054103,32.22937410093304
road_1163_1,road,1163,1,50.0,train,620254.7234045606,4594835.987231927,32.205056148730264
road_1163_2,road,1163,2,50.0,train,620266.2424518273,4594865.985054426,32.20595955244664
road_1164_0,road,1164,0,62.0,train,620263.1167444086,4594932.101153726,38.07215538041625
road_1164_1,road,1164,1,61.0,val,620241.3846251771,4594963.119842746,38.07154249555682
road_1164_2,road,1164,2,61.0,val,620214.2942996599,4594989.870324594,38.07552113933623
road_1164_3,road,1164,3,61.0,val,620188.5778898948,4595017.86740683,38.059849974422654
road_1164_4,road,1164,4,61.0,val,620165.6335259452,4595048.236511817,38.064558673734496
road_1165_0,road,1165,0,62.0,train,620309.1347224982,4595030.687884402,35.09899552204693
road_1165_1,road,1165,1,62.0,train,620274.3580392433,4595029.242685509,35.07746456019235
road_1165_2,road,1165,2,61.0,val,620239.3719406525,4595030.177705622,35.08200266474323
road_1165_3,road,1165,3,61.0,val,620205.1610942057,4595022.431033072,35.10433807954045
road_1166_0,road,1166,0,62.0,train,620583.4905312941,4595029.133323485,39.1519122848634
road_1166_1,road,1166,1,62.0,train,620546.6184226375,4595038.399772375,39.47186141153754
road_1166_2,road,1166,2,62.0,train,620507.6070162473,4595044.167108182,39.45063960677977
road_1166_3,road,1166,3,62.0,train,620472.437418969,4595060.420301685,39.41395361687916
road_1166_4,road,1166,4,62.0,train,620441.8678144906,4595085.131969583,39.46681906561113
road_1166_5,road,1166,5,62.0,train,620417.014256353,4595115.791148143,39.47273020061772
road_1166_6,road,1166,6,62.0,train,620391.1517012774,4595145.492930855,39.39787345542371
road_1166_7,road,1166,7,62.0,train,620382.0815241651,4595183.341564033,39.36093580660899
road_1166_8,road,1166,8,62.0,train,620354.9831229391,4595211.072354419,39.45315329809027
road_1166_9,road,1166,9,62.0,train,620331.0609375217,4595242.231609583,39.46173059670201
road_1166_10,road,1166,10,74.0,test,620320.0951375754,4595280.088277734,39.41929298658575
road_1166_11,road,1166,11,74.0,test,620318.939071468,4595318.948732472,39.44954975436871
road_1166_12,road,1166,12,74.0,test,620315.4753351317,4595357.408559907,39.45265140608169
road_1166_13,road,1166,13,74.0,test,620301.9790751681,4595393.879986233,39.32109563421784
road_1166_14,road,1166,14,74.0,test,620274.0610393516,4595418.787471308,39.42792924165052
road_1166_15,road,1166,15,74.0,test,620265.1732126952,4595457.166571451,39.46020080473292
road_1166_16,road,1166,16,73.0,test,620249.4396858914,4595492.779639693,39.44546669149823
road_1166_17,road,1166,17,73.0,test,620231.9268693369,4595527.977623642,39.457590708822295
road_1167_0,road,1167,0,74.0,test,620304.6289015572,4595463.858196151,38.56926811180704
road_1167_1,road,1167,1,74.0,test,620271.9574895558,4595483.8701628,38.529321862141785
road_1168_0,road,1168,0,74.0,test,620308.4099743462,4595326.576283676,29.825774874195304
road_1169_0,road,1169,0,74.0,test,620417.7988161723,4595330.139641609,30.320487108235355
road_1169_1,road,1169,1,74.0,test,620393.2670765665,4595347.2047513705,30.24115357922063
road_1169_2,road,1169,2,74.0,test,620364.8371299912,4595341.0905357925,30.34318390763545
road_1169_3,road,1169,3,74.0,test,620336.0910603309,4595335.505031206,30.31608599739508
road_1170_0,road,1170,0,62.0,train,620328.629613626,4595197.494732655,24.389214944486955
road_1170_1,road,1170,1,62.0,train,620332.7385063005,4595221.516007636,24.390803920636746
road_1171_0,road,1171,0,62.0,train,620408.1430327023,4595192.889057451,20.413839318022337
road_1171_1,road,1171,1,62.0,train,620387.7531931342,4595191.899472644,20.413839318138617
road_1172_0,road,1172,0,61.0,val,620169.3988048766,4595074.224047514,29.468417634172617
road_1172_1,road,1172,1,61.0,val,620195.7670239112,4595087.07856692,29.53643243643867
road_1172_2,road,1172,2,61.0,val,620222.8365151044,4595097.775903518,29.50074414588346
road_1173_0,road,1173,0,62.0,train,620578.6035659991,4595050.423098971,32.79231954825726
road_1173_1,road,1173,1,62.0,train,620595.3283135807,4595076.846150425,32.82090483678523
road_1173_2,road,1173,2,62.0,train,620623.5301228317,4595091.247571792,32.72762197168162
road_1174_0,road,1174,0,50.0,train,620580.7916900967,4594837.719490023,29.20458935485937
road_1174_1,road,1174,1,50.0,train,620570.4481429678,4594864.944886558,29.18134930809812
road_1174_2,road,1174,2,62.0,train,620567.430931344,4594893.941267771,29.19488907576706
road_1175_0,road,1175,0,51.0,train,620898.9323973603,4594702.633462948,30.05927694484167
road_1175_1,road,1175,1,51.0,train,620879.3835176242,4594724.107322089,29.906768498582093
road_1175_2,road,1175,2,51.0,train,620862.1239530462,4594748.620234461,30.103906194463825
road_1176_0,road,1176,0,63.0,test,620838.8899719088,4594884.908151036,29.76230521775063
road_1176_1,road,1176,1,51.0,train,620827.723189399,4594857.671318929,29.573506616314493
road_1176_2,road,1176,2,51.0,train,620802.1974979205,4594843.326747714,29.737763331928164
road_1177_0,road,1177,0,62.0,train,620454.3073705148,4595099.33935438,37.9886860926056
road_1177_1,road,1177,1,62.0,train,620478.6526301721,4595128.381703402,37.94983449340791
road_1177_2,road,1177,2,62.0,train,620508.3166008404,4595151.639972756,37.98082120364843
road_1177_3,road,1177,3,62.0,train,620537.9940185773,4595175.309970662,37.99051961413068
road_1177_4,road,1177,4,62.0,train,620566.0181024018,4595199.961791943,37.82873159716247
road_1177_5,road,1177,5,62.0,train,620603.6066595935,4595204.893637398,37.9965064005571
road_1177_6,road,1177,6,63.0,test,620640.937903999,4595211.817125626,37.99674074076282
road_1177_7,road,1177,7,63.0,test,620677.5808732089,4595209.978716957,37.69358102133282
road_1178_0,road,1178,0,74.0,test,620570.7897839027,4595615.723105587,37.63851063896493
road_1178_1,road,1178,1,86.0,val,620550.7748076542,4595647.115496026,37.7394013094242
road_1178_2,road,1178,2,86.0,val,620528.8356832151,4595677.741938988,37.739323484328445
road_1179_0,road,1179,0,39.0,val,620898.9208640356,4594327.51561155,23.044827013010146
road_1179_1,road,1179,1,39.0,val,620885.2724986249,4594345.697068904,23.233115335828085
road_1180_0,road,1180,0,25.0,train,620201.3181785423,4594065.720812491,39.95289212331557
road_1180_1,road,1180,1,25.0,train,620210.5580317252,4594026.853216983,39.95231138237587
road_1180_2,road,1180,2,25.0,train,620218.8187704006,4593987.7725905,39.940734096012086
road_1180_3,road,1180,3,25.0,train,620215.8549897427,4593948.082878472,39.9341769184003
road_1180_4,road,1180,4,25.0,train,620203.5941584705,4593910.06873548,39.9525140893037
road_1180_5,road,1180,5,25.0,train,620190.3847049543,4593872.4080986185,39.94996731118124
road_1180_6,road,1180,6,25.0,train,620180.3143205837,4593833.750342538,39.95240173493819
road_1180_7,road,1180,7,25.0,train,620171.4900940055,4593794.790465471,39.95206485654191
road_1180_8,road,1180,8,25.0,train,620163.6583505779,4593755.616556674,39.94615378651729
road_1180_9,road,1180,9,13.0,train,620153.3872937366,4593717.062313861,39.95287133797004
road_1180_10,road,1180,10,13.0,train,620140.6619064239,4593679.293117514,39.91438352893274
road_1180_11,road,1180,11,13.0,train,620118.7284252215,4593645.924141711,39.95222350558752
road_1180_12,road,1180,12,13.0,train,620098.2033755314,4593611.675122102,39.92168425680848
road_1180_13,road,1180,13,13.0,train,620096.9669909354,4593571.794097166,39.94775408016638
road_1180_14,road,1180,14,13.0,train,620095.9837392794,4593531.891846821,39.95268460969852
road_1180_15,road,1180,15,13.0,train,620092.0619968725,4593492.138639281,39.943450004243566
road_1180_16,road,1180,16,13.0,train,620091.1212277976,4593452.25999067,39.95286791102792
road_1180_17,road,1180,17,13.0,train,620092.048305949,4593412.318415256,39.95258123995572
road_1180_18,road,1180,18,1.0,test,620093.8335744109,4593372.40572846,39.95272937208614
road_1180_19,road,1180,19,1.0,test,620094.2078761959,4593332.486856917,39.94622611179291
road_1181_0,road,1181,0,1.0,test,620089.7428018982,4593294.697755703,36.19651483327878
road_1181_1,road,1181,1,1.0,test,620083.9824117887,4593258.964394429,36.19389156643778
road_1181_2,road,1181,2,1.0,test,620075.6449517893,4593223.772548461,36.196515221881086
road_1181_3,road,1181,3,1.0,test,620065.991463003,4593188.887006202,36.19660335992141
road_1181_4,road,1181,4,1.0,test,620056.4230992127,4593153.97814322,36.19659365575957
road_1181_5,road,1181,5,1.0,test,620046.9874946214,4593119.033060952,36.19648360137053
road_1181_6,road,1181,6,1.0,test,620037.0068618295,4593084.241309377,36.1965267357534
road_1181_7,road,1181,7,1.0,test,620027.1956111987,4593049.406623832,36.1855332945832
road_1181_8,road,1181,8,1.0,test,620014.4777945809,4593015.624289318,36.19650532358915
road_1182_0,road,1182,0,13.0,train,620108.0052745639,4593455.021005992,38.76598554991507
road_1182_1,road,1182,1,13.0,train,620139.0083192904,4593478.259624521,38.76294976134137
road_1182_2,road,1182,2,13.0,train,620170.3588277854,4593500.921947899,38.753066648302685
road_1183_0,road,1183,0,13.0,train,620110.3883328572,4593650.167055318,19.831447965709312
road_1184_0,road,1184,0,13.0,train,620080.3640165858,4593615.363427694,37.82295393084093
road_1184_1,road,1184,1,13.0,train,620044.4373628293,4593625.269810255,37.65581336352237
road_1184_2,road,1184,2,13.0,train,620024.11540035,4593656.124979551,37.791795717563474
road_1185_0,road,1185,0,25.0,train,620181.2407644389,4594071.494946128,39.33669500634672
road_1185_1,road,1185,1,25.0,train,620142.2087960448,4594076.138000051,39.288023321895466
road_1185_2,road,1185,2,25.0,train,620103.2985968487,4594075.129633455,39.33646400652341
road_1185_3,road,1185,3,25.0,train,620066.2296617712,4594063.554657036,39.15730035951442
road_1185_4,road,1185,4,25.0,train,620027.5451755965,4594061.134933718,39.317389540112416
road_1185_5,road,1185,5,25.0,train,619988.2411603989,4594059.9225825975,39.33540345639845
road_1185_6,road,1185,6,25.0,train,619949.0416406755,4594061.921571867,39.33205718822053
road_1185_7,road,1185,7,25.0,train,619909.9249764708,4594064.386969362,39.31775507063227
road_1185_8,road,1185,8,24.0,train,619870.8913685303,4594060.240182317,39.286916653009264
road_1185_9,road,1185,9,24.0,train,619835.1249081218,4594074.4032600215,39.3219732681145
road_1185_10,road,1185,10,24.0,train,619802.2334075928,4594095.098449469,39.27152930664842
road_1185_11,road,1185,11,24.0,train,619764.9263182955,4594107.311940369,39.32908573264832
road_1185_12,road,1185,12,24.0,train,619729.7385293371,4594124.752477364,39.26508528707383
road_1185_13,road,1185,13,36.0,test,619691.5901423948,4594132.772253399,39.31390949481595
road_1185_14,road,1185,14,36.0,test,619653.2884656258,4594141.554865554,39.333593686738496
road_1185_15,road,1185,15,36.0,test,619615.8291314348,4594146.925799296,39.12775473235151
road_1185_16,road,1185,16,36.0,test,619582.375116136,4594127.786246696,39.254765275611454
road_1185_17,road,1185,17,24.0,train,619549.8219808653,4594105.783911695,39.335228238019305
road_1185_18,road,1185,18,24.0,train,619517.5244265535,4594083.407622809,39.29995149668829
road_1186_0,road,1186,0,36.0,test,619622.7404878434,4594163.329966045,39.10499679419198
road_1187_0,road,1187,0,24.0,train,619774.4410043507,4594085.186396669,38.04671816189301
road_1187_1,road,1187,1,24.0,train,619781.0074674478,4594051.727406996,37.57268632170767
road_1187_2,road,1187,2,24.0,train,619814.9135662961,4594066.72955884,38.05520101462964
road_1188_0,road,1188,0,24.0,train,619814.2478198115,4594078.986680894,24.070238093517386
road_1189_0,road,1189,0,24.0,train,619711.884035357,4594008.907697128,32.102588293551875
road_1189_1,road,1189,1,24.0,train,619733.8274037874,4594032.252929019,32.092977054349724
road_1189_2,road,1189,2,24.0,train,619759.3258579382,4594051.26596927,32.07894412874391
road_1190_0,road,1190,0,24.0,train,619689.5883920767,4593993.370691387,22.37552482179763
road_1191_0,road,1191,0,24.0,train,619673.1817238153,4594001.26425591,28.80738703223271
road_1191_1,road,1191,1,24.0,train,619652.9514648092,4594021.777094791,28.82204002337079
road_1191_2,road,1191,2,24.0,train,619633.8668781124,4594043.29847947,28.743167750898827
road_1192_0,road,1192,0,24.0,train,619671.3975684898,4593971.637398052,37.588868044341616
road_1192_1,road,1192,1,24.0,train,619651.5367139819,4593939.902531952,37.48373358402818
road_1192_2,road,1192,2,24.0,train,619619.5406881316,4593921.190463146,37.582792375127305
road_1192_3,road,1192,3,24.0,train,619593.2050416465,4593895.329034621,37.5368428681248
road_1192_4,road,1192,4,24.0,train,619569.9819282361,4593866.315000064,37.58751086109809
road_1192_5,road,1192,5,24.0,train,619543.8604550255,4593839.576317331,37.24793728329666
road_1192_6,road,1192,6,24.0,train,619513.6060428452,4593852.945662855,37.52772391538797
road_1193_0,road,1193,0,24.0,train,619637.698715309,4593941.130950435,20.870822845467785
road_1194_0,road,1194,0,24.0,train,619552.9425631346,4593833.19241359,23.47649029152334
road_1195_0,road,1195,0,24.0,train,619532.0762277249,4593823.493801235,27.69935302462301
road_1195_1,road,1195,1,24.0,train,619513.8044135637,4593809.88691899,27.249371360836506
road_1196_0,road,1196,0,24.0,train,619503.5511970735,4593791.213327173,34.19123477815289
road_1197_0,road,1197,0,12.0,train,619508.0007793582,4593733.775403882,27.85294892499584
road_1197_1,road,1197,1,24.0,train,619511.0699315484,4593761.415918465,27.85550819882312
road_1198_0,road,1198,0,24.0,train,619545.9682680628,4593806.375113637,38.26717547818068
road_1198_1,road,1198,1,24.0,train,619583.1700398419,4593797.484255119,38.26289573511352
road_1198_2,road,1198,2,24.0,train,619618.973600901,4593783.9820339605,38.27212163026872
road_1199_0,road,1199,0,24.0,train,619630.6118953138,4593798.769973193,35.608269680741046
road_1199_1,road,1199,1,24.0,train,619645.5167834318,4593830.59440401,35.58192585578117
road_1199_2,road,1199,2,24.0,train,619670.1418226653,4593856.189674606,35.476130761830206
road_1199_3,road,1199,3,24.0,train,619699.8590916514,4593873.330767381,35.52912045235813
road_1199_4,road,1199,4,24.0,train,619723.8161014062,4593899.514155025,35.622024779351
road_1200_0,road,1200,0,24.0,train,619653.5105012894,4593774.769770212,33.42184243841571
road_1200_1,road,1200,1,24.0,train,619685.5118344056,4593765.537677976,33.46239651292806
road_1201_0,road,1201,0,24.0,train,619682.3336470905,4593757.491707539,25.21985542275248
road_1202_0,road,1202,0,24.0,train,619710.1699199127,4593768.303687166,25.689903227752552
road_1202_1,road,1202,1,24.0,train,619732.38421381,4593781.146718008,25.687330714297357
road_1203_0,road,1203,0,24.0,train,619719.3193971445,4593753.931194044,38.501016441188426
road_1203_1,road,1203,1,12.0,train,619756.1554917397,4593748.238974592,38.41743318946955
road_1203_2,road,1203,2,24.0,train,619794.3256645594,4593752.060204162,38.40761423712465
road_1203_3,road,1203,3,24.0,train,619827.7307710072,4593768.278138939,38.51283719531312
road_1203_4,road,1203,4,24.0,train,619855.4741680607,4593794.796672967,38.49402573135342
road_1203_5,road,1203,5,25.0,train,619882.8896012498,4593821.337244048,38.49135346593384
road_1203_6,road,1203,6,25.0,train,619919.1107029042,4593834.2491243,38.51362634868887
road_1203_7,road,1203,7,25.0,train,619955.9864794087,4593845.061695099,38.42696197962109
road_1203_8,road,1203,8,25.0,train,619982.7917818598,4593871.872648816,38.503968731508586
road_1203_9,road,1203,9,25.0,train,620004.1403190307,4593903.9161037095,38.50758962691424
road_1203_10,road,1203,10,25.0,train,620024.1479221274,4593936.715143943,38.513734838615306
road_1203_11,road,1203,11,25.0,train,620041.4246613233,4593971.123579814,38.49120644228584
road_1203_12,road,1203,12,25.0,train,620049.9218468262,4594008.566561466,38.51339967219905
road_1203_13,road,1203,13,25.0,train,620058.9683269118,4594045.764318185,38.47193608519164
road_1204_0,road,1204,0,25.0,train,620128.8931939917,4593910.347563753,31.535664792830044
road_1204_1,road,1204,1,25.0,train,620107.273095957,4593932.392576852,31.602844145839843
road_1204_2,road,1204,2,25.0,train,620079.1007860207,4593946.6392678,31.6103950491754
road_1204_3,road,1204,3,25.0,train,620053.9495456064,4593965.5850482425,31.556262118739028
road_1205_0,road,1205,0,24.0,train,619858.0302402092,4593881.082780327,26.971714570593235
road_1205_1,road,1205,1,24.0,train,619863.7075859599,4593854.711957233,26.980613566790627
road_1205_2,road,1205,2,24.0,train,619870.8216153858,4593828.696818329,26.981311042963327
road_1206_0,road,1206,0,25.0,train,619979.2298617201,4593809.432224005,28.323987316007045
road_1206_1,road,1206,1,25.0,train,619966.1790103826,4593834.523377058,28.33121806578983
road_1207_0,road,1207,0,24.0,train,619867.1104812697,4593777.771986824,23.74886701918569
road_1207_1,road,1207,1,24.0,train,619844.49006147,4593771.660129954,23.6839842995103
road_1208_0,road,1208,0,12.0,train,619636.3657328454,4593676.265171791,38.26717771847232
road_1208_1,road,1208,1,12.0,train,619671.4861937342,4593665.069055593,38.4580618749706
road_1208_2,road,1208,2,12.0,train,619699.1444993465,4593666.971702739,37.18106483484631
road_1208_3,road,1208,3,12.0,train,619727.2930304006,4593692.2144130925,38.47605093210422
road_1208_4,road,1208,4,12.0,train,619758.2969932987,4593714.982992629,38.47411399574601
road_1208_5,road,1208,5,12.0,train,619788.980723241,4593738.064306884,38.4221285351001
road_1209_0,road,1209,0,12.0,train,619515.0978083382,4593562.469724301,34.9391745069825
road_1209_1,road,1209,1,12.0,train,619548.4177339149,4593572.057555358,34.998106411772774
road_1209_2,road,1209,2,12.0,train,619582.0092447834,4593563.605315254,35.01550527869611
road_1209_3,road,1209,3,12.0,train,619616.8398086003,4593560.7234606445,35.03996328666064
road_1209_4,road,1209,4,12.0,train,619643.2109163142,4593578.681541087,35.05629192235315
road_1209_5,road,1209,5,12.0,train,619666.0614890046,4593605.200102149,35.05279596767493
road_1209_6,road,1209,6,12.0,train,619682.556332786,4593635.976438891,35.04744113893654
road_1210_0,road,1210,0,12.0,train,619716.5842167631,4593596.13032913,27.62435285413726
road_1210_1,road,1210,1,12.0,train,619706.061898932,4593621.555904508,27.66244925968878
road_1210_2,road,1210,2,12.0,train,619699.5050711811,4593648.422442597,27.658709463731533
road_1211_0,road,1211,0,12.0,train,619733.6130917254,4593593.3342640735,30.81877805518186
road_1211_1,road,1211,1,12.0,train,619759.7640899504,4593608.609170014,30.892031518465856
road_1211_2,road,1211,2,12.0,train,619787.2881070386,4593622.300472281,30.90830898689886
road_1211_3,road,1211,3,12.0,train,619814.2519519824,4593636.677511458,30.89791003040757
road_1212_0,road,1212,0,12.0,train,619733.556357514,4593529.594032884,37.29810251888713
road_1212_1,road,1212,1,12.0,train,619720.8512040375,4593564.315367465,37.26596855521401
road_1213_0,road,1213,0,12.0,train,619609.2433704401,4593544.906266324,39.66569716338125
road_1213_1,road,1213,1,12.0,train,619583.4821918579,4593514.745552243,39.66587135831543
road_1213_2,road,1213,2,12.0,train,619558.765140445,4593483.76790836,39.661031967289176
road_1213_3,road,1213,3,12.0,train,619535.7675359325,4593451.452687159,39.66582840252676
road_1213_4,road,1213,4,12.0,train,619512.7195245889,4593419.222984828,39.65964431199573
road_1214_0,road,1214,0,12.0,train,619600.0640096603,4593512.11714327,21.015038738487437
road_1214_1,road,1214,1,12.0,train,619583.6184913256,4593502.011757585,20.95757128838384
road_1215_0,road,1215,0,12.0,train,619638.2725353169,4593419.128237212,33.02887083149146
road_1215_1,road,1215,1,12.0,train,619663.502320008,4593439.949303542,32.96705875990971
road_1215_2,road,1215,2,12.0,train,619694.0157748144,4593452.145584953,32.9963587275933
road_1215_3,road,1215,3,12.0,train,619717.206131887,4593475.070022669,33.03005571770292
road_1215_4,road,1215,4,12.0,train,619739.4820513509,4593498.1162141925,31.836566923901973
road_1216_0,road,1216,0,12.0,train,619767.350827364,4593472.568857997,24.597934485148897
road_1216_1,road,1216,1,12.0,train,619750.7067794472,4593490.676664861,24.59607909518666
road_1217_0,road,1217,0,12.0,train,619792.9759459224,4593471.058057017,39.81144697980152
road_1217_1,road,1217,1,12.0,train,619828.3332750075,4593472.101835947,39.52265513668864
road_1217_2,road,1217,2,12.0,train,619853.5780091208,4593502.3091725,39.84889848036082
road_1218_0,road,1218,0,12.0,train,619770.5931949925,4593445.104848299,39.631633617728816
road_1218_1,road,1218,1,12.0,train,619748.1473009789,4593421.155879871,39.312256745157946
road_1219_0,road,1219,0,12.0,train,619755.4513327155,4593403.261895742,39.94284153309472
road_1219_1,road,1219,1,0.0,train,619747.617342483,4593364.33229252,39.94453339935346
road_1219_2,road,1219,2,0.0,train,619738.6337931411,4593325.487104829,39.92648647101004
road_1219_3,road,1219,3,0.0,train,619726.6146995868,4593287.702014706,39.910552322449576
road_1219_4,road,1219,4,0.0,train,619710.0920089554,4593251.491416012,39.88956883159887
road_1219_5,road,1219,5,0.0,train,619677.939674881,4593235.107417478,39.83013329559637
road_1219_6,road,1219,6,0.0,train,619638.1825572837,4593237.882798763,39.95022433518332
road_1219_7,road,1219,7,0.0,train,619598.754122672,4593233.576102596,39.8948816808912
road_1219_8,road,1219,8,0.0,train,619559.0128848279,4593233.21556832,39.952341223780586
road_1219_9,road,1219,9,0.0,train,619519.155461062,4593230.997233027,39.95006933100999
road_1220_0,road,1220,0,0.0,train,619518.3521159705,4593167.738002996,39.870642720327005
road_1220_1,road,1220,1,0.0,train,619554.097909622,4593184.270138377,39.84291363524006
road_1220_2,road,1220,2,0.0,train,619577.9949882979,4593215.7938153045,39.89172011152556
road_1221_0,road,1221,0,0.0,train,619608.376807666,4593250.871046398,29.060740105191154
road_1221_1,road,1221,1,0.0,train,619610.7473110111,4593278.835302257,28.99609499261672
road_1222_0,road,1222,0,0.0,train,619615.3684795494,4593221.641494276,39.86252236078896
road_1222_1,road,1222,1,0.0,train,619620.3637541082,4593182.307567119,39.89280891895775
road_1222_2,road,1222,2,0.0,train,619619.7400686725,4593142.823619594,39.88006494771389
road_1222_3,road,1222,3,0.0,train,619608.4293638747,4593104.857455698,39.94594353318338
road_1222_4,road,1222,4,0.0,train,619589.53101709,4593069.675427448,39.95155558902508
road_1223_0,road,1223,0,12.0,train,619824.750876653,4593444.988094299,39.756482759503086
road_1223_1,road,1223,1,12.0,train,619854.5026342613,4593419.737061093,39.81316654266247
road_1223_2,road,1223,2,12.0,train,619871.1471315079,4593384.63097687,39.850575785108326
road_1223_3,road,1223,3,1.0,test,619881.2222842313,4593346.39643048,39.81441319960677
road_1223_4,road,1223,4,1.0,test,619909.2225879465,4593319.030627499,39.63706474642735
road_1223_5,road,1223,5,1.0,test,619946.5053294848,4593326.776942303,39.75954875165794
road_1223_6,road,1223,6,1.0,test,619982.5719481066,4593310.245015036,39.8523564494838
road_1223_7,road,1223,7,1.0,test,620013.5573873863,4593285.510152148,39.81878558868235
road_1224_0,road,1224,0,1.0,test,619930.9765622695,4593308.908940181,29.88291289926612
road_1224_1,road,1224,1,1.0,test,619912.7925608662,4593288.342679212,29.97217571285899
road_1224_2,road,1224,2,1.0,test,619884.6589382401,4593278.446155834,29.964674601421937
road_1224_3,road,1224,3,0.0,train,619858.2204243114,4593265.161599593,30.00306158606899
road_1225_0,road,1225,0,1.0,test,619908.4591522766,4593239.688228905,36.21071355861972
road_1225_1,road,1225,1,1.0,test,619919.4927247679,4593273.496133979,36.160173222595866
road_1226_0,road,1226,0,0.0,train,619873.5813112453,4593147.930972078,33.750924367597634
road_1226_1,road,1226,1,1.0,test,619893.6106330764,4593175.074005899,33.75038852637833
road_1226_2,road,1226,2,1.0,test,619908.9794325148,4593204.757282591,33.742147284273514
road_1227_0,road,1227,0,1.0,test,619925.9206530749,4593197.539429398,38.924808236191446
road_1227_1,road,1227,1,1.0,test,619962.6860944303,4593185.561422541,38.975567460523095
road_1228_0,road,1228,0,0.0,train,619771.7318113532,4593017.485811037,36.927436787792345
road_1228_1,road,1228,1,0.0,train,619765.066601845,4593053.747152963,37.01110639051579
road_1228_2,road,1228,2,0.0,train,619764.5722211301,4593090.40871738,36.978632262682495
road_1229_0,road,1229,0,1.0,test,619891.6262167826,4593034.882433148,34.87150098856337
road_1229_1,road,1229,1,1.0,test,619917.9368700951,4593056.799244327,34.8407861619517
road_1229_2,road,1229,2,1.0,test,619952.0009765183,4593062.649313702,34.905432123695334
road_1229_3,road,1229,3,1.0,test,619977.5620945356,4593083.529849774,34.89160430025127
road_1229_4,road,1229,4,1.0,test,619999.1537766315,4593109.771865514,34.86398988637753
road_1229_5,road,1229,5,1.0,test,620015.221605127,4593140.372211753,34.882833133900704
road_1229_6,road,1229,6,1.0,test,620039.7220848963,4593158.086775291,34.559838983456125
road_1230_0,road,1230,0,1.0,test,620018.1042535012,4593163.048379622,28.00266388108803
road_1230_1,road,1230,1,1.0,test,619993.0018165477,4593175.315714091,28.045718793761168
road_1231_0,road,1231,0,1.0,test,620073.5491076794,4593141.767178419,39.65311494381841
road_1231_1,road,1231,1,1.0,test,620109.392300201,4593127.372301625,39.46835947196007
road_1231_2,road,1231,2,1.0,test,620131.152809623,4593094.518421838,39.642837468584624
road_1231_3,road,1231,3,1.0,test,620159.4840561956,4593066.828590833,39.65685454937648
road_1231_4,road,1231,4,1.0,test,620191.289907811,4593043.539186953,39.63981802797067
road_1231_5,road,1231,5,1.0,test,620221.2750605245,4593018.662727555,39.615208826733735
road_1232_0,road,1232,0,1.0,test,620060.1113253651,4593232.846100944,39.34658192696202
road_1232_1,road,1232,1,1.0,test,620031.7013754103,4593259.8209535545,39.13071250622937
road_1232_2,road,1232,2,1.0,test,619995.3001714172,4593267.95136758,39.36056030740787
road_1233_0,road,1233,0,1.0,test,620022.0026394969,4593267.131406834,0.747159126930622
road_1234_0,road,1234,0,1.0,test,620027.8065924338,4593283.5594509095,35.265829682561765
road_1234_1,road,1234,1,1.0,test,620047.0792338563,4593311.943662398,35.2690528577814
road_1235_0,road,1235,0,1.0,test,619937.397310625,4593303.137228522,21.222779390681367
road_1235_1,road,1235,1,1.0,test,619954.7046398261,4593315.230229792,21.234062175501546
road_1236_0,road,1236,0,1.0,test,619933.2642502803,4593345.14738273,37.27036254189141
road_1236_1,road,1236,1,13.0,train,619940.1139893777,4593381.626491785,37.288620637122776
road_1236_2,road,1236,2,13.0,train,619952.4581913241,4593416.794278747,37.29304267018726
road_1236_3,road,1236,3,13.0,train,619967.9366028701,4593450.707744629,37.28915874149385
road_1236_4,road,1236,4,13.0,train,619987.7321532386,4593482.283256867,37.28480717749464
road_1236_5,road,1236,5,13.0,train,620005.0667659417,4593515.118774851,37.2760218238512
road_1236_6,road,1236,6,13.0,train,620022.0768065501,4593547.808505189,37.11143860413099
road_1236_7,road,1236,7,13.0,train,620054.6613166549,4593554.568858528,36.84985717656363
road_1236_8,road,1236,8,13.0,train,620081.4334362065,4593570.87060362,37.22385922157456
road_1237_0,road,1237,0,13.0,train,620068.6207100418,4593503.025356173,32.01234436984152
road_1237_1,road,1237,1,13.0,train,620063.2963606232,4593534.240722722,32.01377669936869
road_1238_0,road,1238,0,13.0,train,620118.2689542855,4593418.559266614,25.17719452813393
road_1238_1,road,1238,1,13.0,train,620104.4959265009,4593439.151154037,25.150400781640947
road_1239_0,road,1239,0,13.0,train,620128.7025647397,4593483.21240281,32.2646826577493
road_1240_0,road,1240,0,1.0,test,620155.8625249835,4593088.061802509,33.76151726087698
road_1240_1,road,1240,1,1.0,test,620188.1069234408,4593095.00197111,33.51041594213367
road_1240_2,road,1240,2,1.0,test,620202.802742139,4593123.638108302,33.74895997906947
road_1240_3,road,1240,3,1.0,test,620214.6938851669,4593154.076068245,33.659829914962216
road_1240_4,road,1240,4,1.0,test,620245.3361465201,4593167.224097956,33.7342198987862
road_1240_5,road,1240,5,2.0,test,620277.0951288446,4593178.005272038,33.665366101259735
road_1241_0,road,1241,0,2.0,test,620278.9857901688,4593197.993332444,28.015730200138748
road_1241_1,road,1241,1,2.0,test,620258.5696523516,4593217.131047965,27.999924078843748
road_1241_2,road,1241,2,1.0,test,620238.4167627781,4593236.414336959,27.992226780277825
road_1242_0,road,1242,0,2.0,test,620290.1030622921,4593204.866723457,27.79453600876272
road_1242_1,road,1242,1,2.0,test,620301.6101139282,4593229.806460612,27.740861037475923
road_1242_2,road,1242,2,2.0,test,620323.4541014041,4593246.537849532,27.78076781418996
road_1243_0,road,1243,0,2.0,test,620356.948049727,4593151.41518388,30.281945338867363
road_1243_1,road,1243,1,2.0,test,620363.0045987136,4593180.899558815,30.29448875489672
road_1243_2,road,1243,2,2.0,test,620371.881827068,4593209.4888052605,30.31952584998353
road_1244_0,road,1244,0,2.0,test,620366.8010789606,4593242.102669319,31.13656760934665
road_1245_0,road,1245,0,2.0,test,620491.9543302603,4593146.718107292,31.589017769336763
road_1245_1,road,1245,1,2.0,test,620490.5485152863,4593178.183853529,31.63168162363595
road_1245_2,road,1245,2,2.0,test,620478.0350304617,4593206.998051046,31.6178661926034
road_1246_0,road,1246,0,2.0,test,620506.3295871563,4593218.643203373,25.206508058018223
road_1246_1,road,1246,1,2.0,test,620481.438938686,4593217.941097694,25.365166731893765
road_1247_0,road,1247,0,2.0,test,620498.9440789219,4593361.946016124,35.718532811624385
road_1247_1,road,1247,1,2.0,test,620463.602645745,4593364.0331829125,35.59224965809342
road_1247_2,road,1247,2,14.0,train,620443.1745753384,4593390.289575895,35.50326753053625
road_1248_0,road,1248,0,14.0,train,620389.6891031058,4593437.265699646,39.50844677833596
road_1248_1,road,1248,1,14.0,train,620413.8901723354,4593468.156867646,39.423810882712
road_1249_0,road,1249,0,14.0,train,620383.5089807884,4593498.745005457,29.304328636208734
road_1249_1,road,1249,1,14.0,train,620401.6980025646,4593476.564974637,29.254629994571896
road_1250_0,road,1250,0,13.0,train,620195.3164490963,4593523.437144183,28.97036838155585
road_1250_1,road,1250,1,13.0,train,620217.2594037638,4593542.247755284,28.971372333525306
road_1251_0,road,1251,0,14.0,train,620457.7002074816,4593686.026332297,38.738881854220246
road_1251_1,road,1251,1,14.0,train,620419.5438526219,4593682.94915618,38.71288732428312
road_1251_2,road,1251,2,14.0,train,620383.6477513051,4593670.287524113,38.75647762424124
road_1251_3,road,1251,3,14.0,train,620352.1694411465,4593647.781067287,38.77264190483251
road_1251_4,road,1251,4,14.0,train,620320.191694122,4593635.381886225,38.53868642720787
road_1251_5,road,1251,5,14.0,train,620295.306326683,4593664.547497623,38.66043563631439
road_1251_6,road,1251,6,14.0,train,620265.859870538,4593684.410257064,38.51649562231671
road_1252_0,road,1252,0,14.0,train,620287.1571690253,4593577.39682346,27.20125352721788
road_1252_1,road,1252,1,14.0,train,620302.5387656116,4593599.819361347,27.20574619163763
road_1252_2,road,1252,2,14.0,train,620319.6491611475,4593620.692084551,27.18505748521761
road_1253_0,road,1253,0,13.0,train,620246.7595511072,4593685.750241397,33.78592402468836
road_1253_1,road,1253,1,14.0,train,620255.3929207626,4593715.285390294,33.155840967423494
road_1254_0,road,1254,0,13.0,train,620227.9902347979,4593656.786159395,37.18648372066189
road_1255_0,road,1255,0,25.0,train,620183.6846089468,4593757.240197791,38.7380053685514
road_1255_1,road,1255,1,13.0,train,620221.2148133324,4593747.955073291,38.7240689195236
road_1255_2,road,1255,2,14.0,train,620259.1204847802,4593741.873283252,38.7006607252111
road_1255_3,road,1255,3,26.0,train,620296.5905298812,4593751.053046647,38.74771237272753
road_1255_4,road,1255,4,26.0,train,620333.8784484927,4593761.174970546,38.74530974202069
road_1255_5,road,1255,5,26.0,train,620371.5573389293,4593770.146332258,38.75073328860387
road_1255_6,road,1255,6,26.0,train,620408.9311516403,4593777.387382079,37.456139388467136
road_1255_7,road,1255,7,26.0,train,620434.5121465434,4593762.791447531,38.74395145502799
road_1256_0,road,1256,0,26.0,train,620440.1811919747,4593785.727517275,29.34522958840713
road_1256_1,road,1256,1,26.0,train,620449.3859446112,4593813.587258083,29.43722652012324
road_1256_2,road,1256,2,26.0,train,620458.8502519965,4593841.419057411,29.42996157366032
road_1257_0,road,1257,0,25.0,train,620207.6676017364,4593783.841160811,30.313516023290926
road_1257_1,road,1257,1,25.0,train,620232.3662483023,4593801.123315335,30.30898588720171
road_1257_2,road,1257,2,26.0,train,620251.505161,4593824.432240457,30.28841116537567
road_1257_3,road,1257,3,26.0,train,620260.4181935833,4593853.318493551,30.325150041414727
road_1258_0,road,1258,0,26.0,train,620261.9161893855,4593786.852954602,32.37166193737829
road_1258_1,road,1258,1,26.0,train,620261.2970980292,4593819.064347974,32.328590856497875
road_1259_0,road,1259,0,26.0,train,620253.8078342465,4593756.544241769,30.9439525420898
road_1260_0,road,1260,0,26.0,train,620267.5567056234,4593884.139560853,33.03348006786682
road_1260_1,road,1260,1,26.0,train,620277.7550436916,4593915.538900642,33.03251642408976
road_1260_2,road,1260,2,26.0,train,620285.5321571982,4593947.642151687,33.03534386247055
road_1261_0,road,1261,0,26.0,train,620264.1906165286,4593928.834964803,33.40981714876641
road_1261_1,road,1261,1,25.0,train,620236.210907936,4593937.077585377,33.25490315720295
road_1261_2,road,1261,2,25.0,train,620227.0457473631,4593969.112220936,33.422086844538114
road_1262_0,road,1262,0,25.0,train,620216.9514255077,4593896.513477818,35.7977187358841
road_1262_1,road,1262,1,26.0,train,620251.7744499902,4593892.707027637,35.18833353641972
road_1262_2,road,1262,2,25.0,train,620240.2880025008,4593862.351769688,35.5545384627824
road_1262_3,road,1262,3,25.0,train,620206.3944403068,4593867.821818,35.840032487516886
road_1263_0,road,1263,0,26.0,train,620293.0724690222,4593981.797204488,37.428815255449166
road_1263_1,road,1263,1,26.0,train,620295.9693727694,4594017.853296325,37.44603922910525
road_1263_2,road,1263,2,26.0,train,620287.4860327755,4594054.328939799,37.46901725431231
road_1263_3,road,1263,3,26.0,train,620276.5242925073,4594090.052977689,37.46281393277649
road_1264_0,road,1264,0,26.0,train,620365.1360443127,4594051.58107205,34.931124197921605
road_1264_1,road,1264,1,26.0,train,620366.7357144101,4594086.284012062,34.94058213786668
road_1264_2,road,1264,2,26.0,train,620373.3835951198,4594120.568745897,34.94151779876803
road_1265_0,road,1265,0,26.0,train,620520.0895332228,4593949.694433388,32.99353871746244
road_1265_1,road,1265,1,26.0,train,620487.6238679234,4593954.847377356,32.90641876767438
road_1265_2,road,1265,2,26.0,train,620464.0775534651,4593976.956779362,32.981566132659445
road_1265_3,road,1265,3,26.0,train,620446.8409651555,4594005.043754841,32.964329885105315
road_1266_0,road,1266,0,26.0,train,620386.2046638546,4594030.206561162,34.66521347428571
road_1266_1,road,1266,1,26.0,train,620420.1473215753,4594023.351956796,34.68022083335922
road_1267_0,road,1267,0,26.0,train,620530.3004276021,4593977.753364848,26.78014637604298
road_1268_0,road,1268,0,26.0,train,620470.7010458048,4594120.418707531,33.18550770820936
road_1268_1,road,1268,1,26.0,train,620503.7922743482,4594119.190279303,33.17630450431788
road_1268_2,road,1268,2,26.0,train,620536.8904668888,4594119.467820674,33.185016051947485
road_1268_3,road,1268,3,26.0,train,620570.0222232098,4594120.332086236,33.179105756556496
road_1269_0,road,1269,0,37.0,val,620158.5976092508,4594319.656844466,37.29206238558806
road_1269_1,road,1269,1,37.0,val,620188.7287402038,4594341.431805843,37.29764866324887
road_1269_2,road,1269,2,37.0,val,620220.3065063455,4594360.393358144,37.24715390571513
road_1269_3,road,1269,3,38.0,train,620257.2051093644,4594364.489917384,37.276423927888914
road_1269_4,road,1269,4,38.0,train,620293.9670946553,4594359.062651711,37.30192926390831
road_1269_5,road,1269,5,38.0,train,620331.1085029349,4594357.40079431,37.29876375929751
road_1269_6,road,1269,6,38.0,train,620368.1304107102,4594361.695425143,37.30313268234691
road_1269_7,road,1269,7,38.0,train,620405.302555776,4594363.991988054,37.30141289694711
road_1269_8,road,1269,8,38.0,train,620438.6609622866,4594366.657567311,36.3628296876724
road_1270_0,road,1270,0,38.0,train,620375.1169472246,4594377.756376522,32.69115376929349
road_1271_0,road,1271,0,38.0,train,620279.745517712,4594376.575713672,38.07957883909901
road_1272_0,road,1272,0,37.0,val,620185.3863276994,4594315.57541927,36.58905914207632
road_1272_1,road,1272,1,37.0,val,620213.5412452497,4594292.5866457485,36.565984353736944
road_1272_2,road,1272,2,37.0,val,620235.8790886381,4594263.67103577,36.5509325242007
road_1272_3,road,1272,3,37.0,val,620248.1272082649,4594229.460949901,36.57282223506908
road_1272_4,road,1272,4,38.0,train,620251.6402437941,4594193.097398597,36.58824772669844
road_1273_0,road,1273,0,37.0,val,620104.870576893,4594384.860325862,37.500969229958734
road_1273_1,road,1273,1,37.0,val,620067.5656728675,4594385.297927326,37.52840701206011
road_1273_2,road,1273,2,37.0,val,620030.4880511503,4594389.7713892665,37.33931813513326
road_1273_3,road,1273,3,37.0,val,620008.4334792211,4594361.649804785,37.53470298280713
road_1274_0,road,1274,0,36.0,test,619520.0865034028,4594369.582089467,39.76989574952903
road_1274_1,road,1274,1,36.0,test,619559.7483046415,4594367.816864276,39.77543928612223
road_1274_2,road,1274,2,36.0,test,619599.5114024407,4594368.603738187,39.7753743139164
road_1274_3,road,1274,3,36.0,test,619639.2445292679,4594369.940178156,39.776290190543136
road_1274_4,road,1274,4,36.0,test,619678.3074355378,4594376.289724741,39.74787058927293
road_1274_5,road,1274,5,36.0,test,619717.8251011892,4594379.006051751,39.632961985893374
road_1274_6,road,1274,6,36.0,test,619732.7622911066,4594347.458267674,39.68259531361808
road_1274_7,road,1274,7,36.0,test,619753.5161947823,4594318.926933164,39.49090453870439
road_1274_8,road,1274,8,36.0,test,619792.4814944034,4594312.504500436,39.7726709459409
road_1274_9,road,1274,9,36.0,test,619832.1552604104,4594309.741967341,39.77464853204071
road_1274_10,road,1274,10,36.0,test,619871.9260908724,4594309.567645179,39.77481547085132
road_1274_11,road,1274,11,37.0,val,619911.5157208355,4594306.411864844,39.70605012410775
road_1274_12,road,1274,12,37.0,val,619949.1062585809,4594315.401020852,39.724392784760624
road_1274_13,road,1274,13,37.0,val,619984.2360271786,4594333.197347262,39.6699533827899
road_1275_0,road,1275,0,37.0,val,619954.8997163523,4594336.46774473,27.939029445378655
road_1276_0,road,1276,0,24.0,train,619795.1820513605,4594116.465467242,36.833394795742265
road_1276_1,road,1276,1,36.0,test,619802.9085681349,4594152.454603411,36.83304564562968
road_1276_2,road,1276,2,36.0,test,619818.4152158014,4594185.8332278775,36.84696216776994
road_1276_3,road,1276,3,36.0,test,619835.7091453689,4594218.357763353,36.838175661224135
road_1276_4,road,1276,4,36.0,test,619843.8650714961,4594254.252373818,36.83072672877287
road_1276_5,road,1276,5,36.0,test,619844.8202366667,4594291.049055991,36.846850886894536
road_1277_0,road,1277,0,36.0,test,619794.8794694876,4594219.046189115,27.22638037509353
road_1277_1,road,1277,1,36.0,test,619810.4994191087,4594196.7500605285,27.22065423540956
road_1278_0,road,1278,0,36.0,test,619816.6825840023,4594152.065020744,30.72387847241433
road_1278_1,road,1278,1,36.0,test,619844.6173373454,4594164.062013467,30.366486422914896
road_1278_2,road,1278,2,36.0,test,619832.485434769,4594180.498931171,30.27309588088905
road_1279_0,road,1279,0,36.0,test,619604.7136934213,4594306.1626715055,34.839042368618166
road_1279_1,road,1279,1,36.0,test,619631.4912029079,4594327.512448294,34.821307065778974
road_1279_2,road,1279,2,36.0,test,619651.6384428211,4594354.115171343,34.76830333625048
road_1280_0,road,1280,0,36.0,test,619553.556183297,4594326.671478243,29.03081994091742
road_1280_1,road,1280,1,36.0,test,619560.4590711999,4594354.851350207,29.024378275234724
road_1281_0,road,1281,0,36.0,test,619543.5300956907,4594391.218719428,18.97914227641813
road_1281_1,road,1281,1,36.0,test,619551.4609342654,4594377.77910285,20.41905880432445
road_1282_0,road,1282,0,36.0,test,619815.2968240833,4594379.575579683,28.80207287596581
road_1282_1,road,1282,1,36.0,test,619817.4196049185,4594350.981938514,28.838839731684025
road_1282_2,road,1282,2,36.0,test,619810.3977435058,4594324.528915007,28.624501391342815
road_1283_0,road,1283,0,36.0,test,619825.6086649969,4594343.615338208,25.42901046922433
road_1283_1,road,1283,1,36.0,test,619837.2952971855,4594321.223449395,25.378358373289323
road_1284_0,road,1284,0,37.0,val,620071.8366079867,4594443.635229001,21.068118588999205
road_1284_1,road,1284,1,37.0,val,620072.222710195,4594464.6170459045,21.044449450800165
road_1285_0,road,1285,0,37.0,val,620065.3472030555,4594418.592958704,32.431743258558114
road_1285_1,road,1285,1,37.0,val,620040.0292006629,4594398.666150858,32.403068456335475
road_1286_0,road,1286,0,37.0,val,620109.0339778755,4594354.017954932,21.00437080926698
road_1286_1,road,1286,1,37.0,val,620108.3881224528,4594374.947621955,21.003890071394828
road_1287_0,road,1287,0,49.0,train,619955.9808977637,4594514.320799524,29.899832356172556
road_1288_0,road,1288,0,98.0,train,620354.0545619548,4596275.692057161,39.38764778076828
road_1288_1,road,1288,1,98.0,train,620389.2186995987,4596258.003122009,39.38484265734826
road_1288_2,road,1288,2,98.0,train,620423.6555058316,4596239.031784034,39.33626074370144
road_1288_3,road,1288,3,98.0,train,620450.9650693977,4596210.880421359,39.38169549750099
road_1288_4,road,1288,4,98.0,train,620475.844136301,4596203.984336337,38.27668128459498
road_1288_5,road,1288,5,98.0,train,620497.5604682215,4596236.171924948,39.38200790843502
road_1288_6,road,1288,6,98.0,train,620521.8811486929,4596266.944417678,39.3241690549091
road_1288_7,road,1288,7,98.0,train,620548.3787840337,4596295.629862947,39.36250045090205
road_1288_8,road,1288,8,98.0,train,620580.7545517663,4596317.877969992,39.38216457290797
road_1288_9,road,1288,9,98.0,train,620611.8483921115,4596340.684901311,38.894256337280574
road_1288_10,road,1288,10,98.0,train,620606.4841382995,4596364.243649738,39.10724495559274
road_1288_11,road,1288,11,110.0,train,620573.5794146801,4596385.50528321,39.31466446573221
road_1288_12,road,1288,12,110.0,train,620537.7823485173,4596397.594969238,39.239806516550566
road_1288_13,road,1288,13,110.0,train,620499.1335175282,4596404.080142012,39.368650711572016
road_1288_14,road,1288,14,110.0,train,620460.6278745708,4596410.783433621,39.31323667430311
road_1288_15,road,1288,15,110.0,train,620426.1257741873,4596429.046226174,39.32367793675316
road_1289_0,road,1289,0,110.0,train,620303.6400704401,4596717.621744623,31.790883466236536
road_1289_1,road,1289,1,110.0,train,620272.1454234874,4596721.368170166,31.796529669240325
road_1289_2,road,1289,2,109.0,test,620240.473966119,4596723.868925828,31.78789897200534
road_1290_0,road,1290,0,109.0,test,620088.8937693817,4596724.651012336,32.2844776000297
road_1290_1,road,1290,1,109.0,test,620119.9085277988,4596715.844440607,32.28486865379236
road_1290_2,road,1290,2,109.0,test,620151.0748038378,4596707.592629543,32.30165283754917
road_1291_0,road,1291,0,121.0,train,620213.0251919711,4596754.85714196,37.21167817240487
road_1291_1,road,1291,1,121.0,train,620177.4504418379,4596765.6369331945,37.532746820652896
road_1291_2,road,1291,2,121.0,train,620168.1457251788,4596800.858616186,37.67859822253818
road_1291_3,road,1291,3,121.0,train,620165.0912444133,4596837.883345979,36.79121842540913
road_1291_4,road,1291,4,121.0,train,620191.974596247,4596846.860509788,37.6702139224696
road_1292_0,road,1292,0,121.0,train,620148.3554791956,4596854.144725179,34.98058930557653
road_1292_1,road,1292,1,121.0,train,620118.2456765819,4596871.422735388,34.833511653592694
road_1292_2,road,1292,2,121.0,train,620085.1942882669,4596866.933214613,34.940665676501645
road_1293_0,road,1293,0,132.0,train,619785.5131613873,4597407.701537982,32.62059773565067
road_1293_1,road,1293,1,132.0,train,619763.8994587747,4597431.95468252,32.614694227891555
road_1293_2,road,1293,2,132.0,train,619745.7415324547,4597458.993804861,32.62106864207558
road_1293_3,road,1293,3,132.0,train,619729.0217531562,4597486.989854726,32.620299292809484
road_1294_0,road,1294,0,132.0,train,619703.5765775992,4597432.253193695,29.630721167834924
road_1294_1,road,1294,1,132.0,train,619731.9167439142,4597423.891290069,29.60311495830552
road_1294_2,road,1294,2,132.0,train,619760.6563245221,4597417.087847136,29.62080744672285
road_1295_0,road,1295,0,132.0,train,619711.018731032,4597398.702113406,21.4178423268374
road_1295_1,road,1295,1,132.0,train,619711.6190060606,4597419.992685594,21.40022664254267
road_1296_0,road,1296,0,132.0,train,619692.2278387432,4597455.451613096,35.771645569807774
road_1296_1,road,1296,1,132.0,train,619708.2534792682,4597485.996900435,35.77873750482003
road_1297_0,road,1297,0,132.0,train,619690.8290459343,4597486.883814544,25.618546275506414
road_1297_1,road,1297,1,132.0,train,619666.8117733933,4597495.654357085,25.616310812188804
road_1298_0,road,1298,0,132.0,train,619712.2776450091,4597469.979396284,29.694588592710485
road_1298_1,road,1298,1,132.0,train,619737.221751533,4597454.051685153,29.66768639382974
road_1299_0,road,1299,0,132.0,train,619678.1282335814,4597446.72221375,29.58034042224217
road_1299_1,road,1299,1,132.0,train,619655.0524022152,4597465.171497771,29.5578203224743
road_1299_2,road,1299,2,132.0,train,619636.4736268586,4597487.255565852,29.475257460289104
road_1300_0,road,1300,0,132.0,train,619625.8389694405,4597382.818333665,35.995305117487305
road_1300_1,road,1300,1,132.0,train,619656.6880392222,4597399.582691361,36.05554819726911
road_1300_2,road,1300,2,132.0,train,619682.6603867349,4597421.296040188,36.13768218889648
road_1301_0,road,1301,0,132.0,train,619681.1378318083,4597255.103215997,33.71861281425904
road_1301_1,road,1301,1,132.0,train,619673.611500066,4597287.936214587,33.73230945987173
road_1301_2,road,1301,2,132.0,train,619668.7571238765,4597321.287516456,33.712284125679325
road_1301_3,road,1301,3,132.0,train,619656.1288226793,4597351.415780566,33.52704027384203
road_1301_4,road,1301,4,132.0,train,619664.4973196117,4597383.747337527,33.72229112115157
road_1302_0,road,1302,0,132.0,train,619645.7137105468,4597333.229370111,38.50107925777577
road_1302_1,road,1302,1,132.0,train,619610.6718228313,4597317.866431882,38.50566894468969
road_1302_2,road,1302,2,132.0,train,619575.9816349961,4597302.080996481,38.50127841881839
road_1302_3,road,1302,3,132.0,train,619545.6710274525,4597278.427654802,38.511202819187424
road_1302_4,road,1302,4,132.0,train,619515.2339604124,4597255.508227066,38.46231644463632
road_1303_0,road,1303,0,132.0,train,619619.9624619811,4597333.7260207385,33.15331633974221
road_1304_0,road,1304,0,132.0,train,619604.8000368994,4597304.446076543,30.38198692024058
road_1305_0,road,1305,0,132.0,train,619729.5277242571,4597410.732782893,38.28791184151882
road_1306_0,road,1306,0,132.0,train,619702.6362239612,4597445.2179390965,27.751843891824777
road_1306_1,road,1306,1,132.0,train,619730.1678889926,4597447.1978368135,27.75332168899836
road_1306_2,road,1306,2,132.0,train,619751.6309734106,4597432.584690923,27.679250435638394
road_1307_0,road,1307,0,132.0,train,619572.9202636674,4597248.691105215,32.184937362854264
road_1307_1,road,1307,1,132.0,train,619575.0208758998,4597264.424271888,30.93614422858921
road_1307_2,road,1307,2,132.0,train,619600.6716518322,4597273.714092507,31.89330303370225
road_1308_0,road,1308,0,132.0,train,619583.043359463,4597227.51304771,29.44603277392992
road_1308_1,road,1308,1,132.0,train,619571.8904842027,4597200.281723176,29.434587121586155
road_1308_2,road,1308,2,132.0,train,619555.6304972738,4597175.922991461,29.428210570308934
road_1309_0,road,1309,0,132.0,train,619601.1362780484,4597240.285196024,27.87845781858936
road_1309_1,road,1309,1,132.0,train,619628.0412322782,4597235.054945963,27.748703374781925
road_1309_2,road,1309,2,132.0,train,619647.6090408196,4597215.697320981,27.725065264351
road_1310_0,road,1310,0,132.0,train,619617.5142765611,4597249.618943171,22.40261857092652
road_1310_1,road,1310,1,132.0,train,619607.7489674214,4597269.655408599,22.41751984251269
road_1311_0,road,1311,0,132.0,train,619699.3385796591,4597226.424732101,35.667824452897385
road_1311_1,road,1311,1,132.0,train,619730.632459642,4597210.521333725,35.70202747190522
road_1311_2,road,1311,2,132.0,train,619756.5112408099,4597186.414126891,35.69350636107403
road_1311_3,road,1311,3,132.0,train,619787.4198006028,4597168.610323696,35.73940516443854
road_1312_0,road,1312,0,132.0,train,619673.138677996,4597204.43578795,29.373125208430302
road_1312_1,road,1312,1,132.0,train,619698.0520019145,4597188.984773203,29.40976900525844
road_1313_0,road,1313,0,133.0,train,619967.5884021414,4597373.388782813,29.70805771099472
road_1313_1,road,1313,1,133.0,train,619989.9511038667,4597390.59443587,29.867913065660854
road_1313_2,road,1313,2,133.0,train,620009.2059958593,4597413.387445083,29.86822391696346
road_1314_0,road,1314,0,133.0,train,620026.3257102577,4597448.886403121,39.17243944034252
road_1315_0,road,1315,0,133.0,train,620035.7801892266,4597433.604040011,36.059312012587576
road_1315_1,road,1315,1,133.0,train,620069.5719022538,4597446.005905191,36.04476135960873
road_1315_2,road,1315,2,133.0,train,620102.591191026,4597460.346000301,36.045927176931656
road_1315_3,road,1315,3,133.0,train,620135.6119822635,4597474.696329879,36.05646438505647
road_1316_0,road,1316,0,133.0,train,620093.0017582867,4597304.647644406,29.105049379265672
road_1316_1,road,1316,1,133.0,train,620070.5129472717,4597322.736048738,29.161046311909097
road_1317_0,road,1317,0,134.0,val,620415.4414386576,4597385.621113488,32.27544332902023
road_1317_1,road,1317,1,134.0,val,620392.0799755545,4597406.177226257,32.20049726909642
road_1317_2,road,1317,2,134.0,val,620362.8800787068,4597417.37534912,32.27985038871438
road_1318_0,road,1318,0,134.0,val,620365.1413621844,4597488.333939822,28.760880231965224
road_1318_1,road,1318,1,134.0,val,620393.9093739268,4597489.073916028,28.823986649694746
road_1319_0,road,1319,0,98.0,train,620450.4674598133,4596177.92607005,38.75382623384587
road_1319_1,road,1319,1,98.0,train,620422.1681349017,4596153.897905836,38.66154025940671
road_1319_2,road,1319,2,98.0,train,620416.3920248817,4596117.091333852,38.68729058448562
road_1319_3,road,1319,3,98.0,train,620422.7979807915,4596079.2933776025,38.76185536422776
road_1319_4,road,1319,4,98.0,train,620427.9407357888,4596040.902511135,38.773979000274096
road_1319_5,road,1319,5,98.0,train,620438.062110169,4596005.329033352,37.51441317407829
road_1319_6,road,1319,6,98.0,train,620475.7099767955,4596010.820878854,38.74673858275429
road_1319_7,road,1319,7,98.0,train,620512.582598815,4596007.919796156,38.677856358458286
road_1319_8,road,1319,8,86.0,val,620549.478256307,4595998.72890271,38.718707474035455
road_1319_9,road,1319,9,86.0,val,620584.5995706264,4595984.318933298,38.67820587704063
road_1319_10,road,1319,10,86.0,val,620620.7590005696,4595988.667746127,38.70314244499125
road_1319_11,road,1319,11,99.0,train,620656.4861437267,4596003.056664115,38.75765193212165
road_1319_12,road,1319,12,99.0,train,620692.743732127,4596016.691250502,38.75967748029009
road_1319_13,road,1319,13,99.0,train,620728.2067333307,4596031.228413661,38.73497424591004
road_1319_14,road,1319,14,99.0,train,620765.0789666348,4596042.799005396,38.75585975319295
road_1319_15,road,1319,15,99.0,train,620802.2845448799,4596053.277181295,38.759510409398914
road_1319_16,road,1319,16,99.0,train,620838.7493970129,4596066.3956091525,38.74679768873556
road_1319_17,road,1319,17,99.0,train,620874.5494358776,4596075.945114513,38.46400947926762
road_1320_0,road,1320,0,99.0,train,620874.0371964696,4596100.780423105,34.20920558035844
road_1320_1,road,1320,1,99.0,train,620850.4467898314,4596125.296556012,34.27119434099447
road_1320_2,road,1320,2,99.0,train,620820.2181302699,4596140.734613852,34.232129559749296
road_1320_3,road,1320,3,99.0,train,620789.9974959126,4596156.718914491,34.26818760703908
road_1320_4,road,1320,4,99.0,train,620761.2190939356,4596175.073576221,34.259237173378914
road_1321_0,road,1321,0,99.0,train,620874.0461345441,4596114.350320897,27.829694385905626
road_1321_1,road,1321,1,99.0,train,620879.5406596053,4596141.381898794,27.87169162127782
road_1321_2,road,1321,2,99.0,train,620879.1715540432,4596168.885921387,27.852226929649245
road_1322_0,road,1322,0,99.0,train,620752.0649267099,4596050.340273813,20.15162673064244
road_1322_1,road,1322,1,99.0,train,620745.0496465003,4596069.1777486885,20.154209443231057
road_1323_0,road,1323,0,86.0,val,620361.1635150139,4595982.462581914,31.781985885469048
road_1323_1,road,1323,1,86.0,val,620392.5839665813,4595984.987467751,31.7249965159753
road_1323_2,road,1323,2,86.0,val,620421.1585010883,4595998.574792506,31.770729802280385
road_1324_0,road,1324,0,86.0,val,620392.1762033497,4595912.096218773,29.736520912160948
road_1324_1,road,1324,1,86.0,val,620390.677629646,4595941.64581198,29.70404965373183
road_1324_2,road,1324,2,86.0,val,620395.212756787,4595970.98938281,29.73343842907559
road_1325_0,road,1325,0,86.0,val,620328.5716873653,4595976.468233564,36.72121262797676
road_1325_1,road,1325,1,98.0,train,620301.8485654991,4596000.746365384,36.92626760969888
road_1325_2,road,1325,2,98.0,train,620274.189879662,4596024.712074239,36.95140566333818
road_1326_0,road,1326,0,86.0,val,620387.6839171622,4595859.538908827,25.40383893860793
road_1326_1,road,1326,1,86.0,val,620390.7180563362,4595884.688998116,25.41069401255416
road_1327_0,road,1327,0,86.0,val,620391.4503236987,4595828.049562026,38.089822041266586
road_1327_1,road,1327,1,86.0,val,620390.3206252155,4595790.034972198,38.09855929665453
road_1327_2,road,1327,2,86.0,val,620385.9882802112,4595752.199999922,38.09072285505355
road_1327_3,road,1327,3,86.0,val,620388.0182158529,4595714.321624386,38.05692181019004
road_1327_4,road,1327,4,86.0,val,620388.3122122756,4595676.653730774,38.06735929778207
road_1327_5,road,1327,5,86.0,val,620402.6897501083,4595641.711743338,38.095613059572166
road_1328_0,road,1328,0,97.0,train,620041.5804315293,4596123.709868793,20.036309591872595
road_1328_1,road,1328,1,97.0,train,620035.2643245425,4596142.716084853,20.0347248606974
road_1329_0,road,1329,0,97.0,train,620219.9369656409,4596362.753164365,31.259913293779285
road_1329_1,road,1329,1,97.0,train,620219.3263022624,4596331.512124498,31.334044656712088
road_1329_2,road,1329,2,97.0,train,620216.6998311186,4596300.354024506,31.33004098980257
road_1330_0,road,1330,0,97.0,train,620183.7382683802,4596329.808633757,25.031393485103276
road_1330_1,road,1330,1,97.0,train,620207.9559043446,4596335.650374989,25.032451558631728
road_1331_0,road,1331,0,97.0,train,620122.2533917696,4596302.328559505,37.0835748412465
road_1331_1,road,1331,1,97.0,train,620155.8740395425,4596317.123761996,37.10575113112929
road_1332_0,road,1332,0,109.0,test,620102.4532690385,4596524.278523927,36.09559908070511
road_1332_1,road,1332,1,109.0,test,620126.824497634,4596550.608511166,36.02113527250699
road_1332_2,road,1332,2,109.0,test,620141.4217329016,4596582.232776507,36.10460828313982
road_1332_3,road,1332,3,109.0,test,620155.4162777041,4596615.240538439,36.1104506344851
road_1332_4,road,1332,4,109.0,test,620165.5047337883,4596649.908496372,36.12536539838522
road_1333_0,road,1333,0,97.0,train,619946.7094615316,4596306.557397342,30.73239822158285
road_1333_1,road,1333,1,97.0,train,619937.1313061969,4596335.725786641,30.713696503439564
road_1333_2,road,1333,2,97.0,train,619923.3971004316,4596362.885628476,30.72567609829033
road_1334_0,road,1334,0,111.0,train,620782.6258262895,4596559.479164977,39.231407288290974
road_1334_1,road,1334,1,111.0,train,620768.2151149326,4596522.995802568,39.22832014376726
road_1334_2,road,1334,2,111.0,train,620752.5904888487,4596487.979317747,37.72490922985664
road_1334_3,road,1334,3,111.0,train,620742.4001804312,4596514.784586577,39.2287475955507
road_1334_4,road,1334,4,111.0,train,620738.3181532486,4596553.688802431,39.193676633376654
road_1334_5,road,1334,5,111.0,train,620747.5972410523,4596591.584992359,39.225805615989245
road_1335_0,road,1335,0,111.0,train,620742.0658842933,4596470.632278774,27.645784299800248
road_1335_1,road,1335,1,111.0,train,620730.6945359616,4596445.596914686,27.672098069108515
road_1336_0,road,1336,0,111.0,train,620858.2888425475,4596443.048723282,38.27220966668751
road_1336_1,road,1336,1,111.0,train,620858.7544199759,4596481.205641565,38.26512785019107
road_1337_0,road,1337,0,110.0,train,620485.8377270114,4596537.222519728,37.28801742089081
road_1337_1,road,1337,1,110.0,train,620517.1554350054,4596555.260571121,37.14394766325066
road_1337_2,road,1337,2,110.0,train,620552.8993033711,4596545.108432678,37.25829864505764
road_1337_3,road,1337,3,110.0,train,620590.0776176893,4596545.697976794,37.27323395665915
road_1337_4,road,1337,4,110.0,train,620623.5976074744,4596560.847271526,37.25227129043741
road_1337_5,road,1337,5,111.0,train,620649.0090068565,4596587.53142604,37.2587406811553
road_1337_6,road,1337,6,111.0,train,620679.5468010544,4596608.833734954,37.27063360044053
road_1337_7,road,1337,7,111.0,train,620713.3618694838,4596623.932615977,37.28616996512367
road_1338_0,road,1338,0,110.0,train,620624.9487961994,4596655.78253314,34.11038992268166
road_1338_1,road,1338,1,111.0,train,620635.7290182736,4596688.110832816,34.11701731183365
road_1339_0,road,1339,0,122.0,val,620608.1875146277,4596847.248265526,21.101560078557284
road_1340_0,road,1340,0,123.0,val,620714.4516588532,4596802.78415159,34.912668521185054
road_1340_1,road,1340,1,123.0,val,620680.4388159781,4596808.603778203,34.95348029807375
road_1340_2,road,1340,2,123.0,val,620647.6141959438,4596820.052401459,35.01738992052102
road_1340_3,road,1340,3,122.0,val,620615.1463300703,4596832.526393094,34.965669930263985
road_1341_0,road,1341,0,122.0,val,620616.038644488,4597094.578843512,14.292698471703403
road_1342_0,road,1342,0,123.0,val,620688.3956643225,4597124.028204792,39.2950730770375
road_1342_1,road,1342,1,135.0,train,620691.9362076364,4597162.03614137,39.786463972269615
road_1342_2,road,1342,2,135.0,train,620707.3697761721,4597197.969602026,39.59217659888731
road_1343_0,road,1343,0,135.0,train,620700.6787458364,4597167.175453097,25.468623653798016
road_1343_1,road,1343,1,135.0,train,620710.9419225651,4597189.07201321,25.48222093763339
road_1344_0,road,1344,0,134.0,val,620457.6207158102,4597267.260309482,20.1873197419751
road_1344_1,road,1344,1,134.0,val,620455.4660535465,4597287.331967688,20.18741246787776
road_1345_0,road,1345,0,99.0,train,620638.5444824451,4596347.695414813,37.17822242582617
road_1345_1,road,1345,1,99.0,train,620666.8374476472,4596371.574519954,37.26467219987114
road_1345_2,road,1345,2,111.0,train,620699.6333353048,4596389.072562325,37.19405659800989
road_1345_3,road,1345,3,111.0,train,620721.0637751962,4596414.655039038,37.14312234029247
road_1346_0,road,1346,0,99.0,train,620666.9930625609,4596353.827647992,29.939726870308768
road_1346_1,road,1346,1,99.0,train,620694.1297967206,4596342.201862569,29.85177475025115
road_1346_2,road,1346,2,99.0,train,620718.9563070212,4596353.494066212,29.79566273749428
road_1346_3,road,1346,3,111.0,train,620719.3626751665,4596383.237853924,30.00403204681619
road_1347_0,road,1347,0,124.0,train,621139.2256049435,4596967.271442442,32.94073190066702
road_1347_1,road,1347,1,124.0,train,621171.685701611,4596961.851634393,32.97414200484774
road_1347_2,road,1347,2,124.0,train,621204.3597509359,4596957.906858562,32.97386173668488
road_1347_3,road,1347,3,124.0,train,621237.0400540358,4596953.99402797,32.973701176798656
road_1347_4,road,1347,4,124.0,train,621269.9233368515,4596952.684294834,32.95424975848458
road_1348_0,road,1348,0,125.0,train,621469.7778774924,4597090.770694563,29.006794341075235
road_1348_1,road,1348,1,125.0,train,621461.4939063773,4597118.546200434,29.003819809123087
road_1349_0,road,1349,0,27.0,train,620824.5145635849,4593765.24147446,39.75630737979233
road_1349_1,road,1349,1,27.0,train,620814.690370372,4593803.753667826,39.74900290570576
road_1349_2,road,1349,2,27.0,train,620804.9659912346,4593842.232346193,39.72138187121173
road_1349_3,road,1349,3,27.0,train,620785.2047194176,4593870.187327835,39.06684859903354
road_1349_4,road,1349,4,27.0,train,620752.6239276159,4593848.36417058,39.74502486947444
road_1349_5,road,1349,5,27.0,train,620717.5764919842,4593829.768912895,39.74592408989535
road_1349_6,road,1349,6,27.0,train,620690.2010854476,4593806.787479341,38.48278255965249
road_1349_7,road,1349,7,27.0,train,620708.5370617299,4593803.847275334,37.2647131718953
road_1350_0,road,1350,0,15.0,test,620813.1848351399,4593744.492010001,32.84139393417202
road_1350_1,road,1350,1,15.0,test,620780.701477437,4593749.22312157,32.866782639968534
road_1350_2,road,1350,2,27.0,train,620751.3393837342,4593763.503215109,32.87545989349566
road_1350_3,road,1350,3,27.0,train,620723.5141961284,4593780.924556886,32.86917095558302
road_1351_0,road,1351,0,27.0,train,620671.5682521514,4593821.127131691,38.88556318384448
road_1351_1,road,1351,1,27.0,train,620633.0210993792,4593820.638297536,38.976342182380826
road_1351_2,road,1351,2,26.0,train,620595.3941696751,4593811.635556811,38.890082296537145
road_1351_3,road,1351,3,26.0,train,620559.9226946362,4593795.832903488,38.9687589175141
road_1351_4,road,1351,4,26.0,train,620523.9926917327,4593780.805320796,38.97644931947552
road_1352_0,road,1352,0,26.0,train,620504.284426963,4593772.721958239,3.632844186159249
road_1353_0,road,1353,0,26.0,train,620564.9839233933,4593896.156991774,36.80519848089104
road_1353_1,road,1353,1,26.0,train,620545.3262394567,4593927.105317873,36.78061409647837
road_1354_0,road,1354,0,26.0,train,620622.07220107,4593959.742624339,34.68780858147316
road_1354_1,road,1354,1,26.0,train,620587.5598961831,4593957.168912064,34.66498607787303
road_1354_2,road,1354,2,26.0,train,620557.4682470564,4593940.693834785,34.71880765192424
road_1355_0,road,1355,0,27.0,train,620640.9252692383,4593980.106469036,34.6872165655671
road_1355_1,road,1355,1,27.0,train,620639.0238307698,4594014.587451294,34.53351818703814
road_1355_2,road,1355,2,27.0,train,620633.8089410119,4594047.76982767,34.661677977583295
road_1355_3,road,1355,3,26.0,train,620618.5705056168,4594078.701885789,34.598484708211004
road_1355_4,road,1355,4,26.0,train,620598.8950261015,4594106.160599345,34.62601174207923
road_1356_0,road,1356,0,27.0,train,620806.0086991813,4593958.814819573,35.26005092065164
road_1356_1,road,1356,1,27.0,train,620773.650885742,4593972.351875563,35.43989327686624
road_1356_2,road,1356,2,27.0,train,620745.0711933012,4593991.60315717,35.25234900720632
road_1356_3,road,1356,3,27.0,train,620733.1382855118,4594024.779758407,35.46905696060687
road_1357_0,road,1357,0,27.0,train,620750.0353624347,4593957.003459623,20.36855805361925
road_1357_1,road,1357,1,27.0,train,620747.5778791528,4593977.164073712,20.36854200571773
road_1358_0,road,1358,0,27.0,train,620787.5441911252,4593887.661844594,32.28913018233588
road_1358_1,road,1358,1,27.0,train,620793.0638607953,4593919.436910899,32.22947838122965
road_1358_2,road,1358,2,27.0,train,620808.2192666117,4593947.414671151,32.31175831391416
road_1359_0,road,1359,0,27.0,train,620830.0250707808,4593946.781872976,36.92177408618567
road_1359_1,road,1359,1,27.0,train,620843.3991360125,4593912.432117613,36.88741778676842
road_1359_2,road,1359,2,27.0,train,620854.5363198625,4593877.517738651,36.90652552156456
road_1359_3,road,1359,3,27.0,train,620852.7076005148,4593840.998382989,36.82996233987194
road_1359_4,road,1359,4,27.0,train,620855.4098627722,4593805.192035842,36.92187266816355
road_1359_5,road,1359,5,27.0,train,620868.7436018022,4593770.826973347,36.87041495457928
road_1359_6,road,1359,6,15.0,test,620873.3183507257,4593734.66827581,36.90163064164214
road_1359_7,road,1359,7,15.0,test,620882.1289742532,4593698.925619317,36.91203782971726
road_1359_8,road,1359,8,15.0,test,620900.237231859,4593667.59627477,36.80780192872926
road_1360_0,road,1360,0,15.0,test,620877.8823128493,4593688.957006125,30.00082877522681
road_1360_1,road,1360,1,15.0,test,620859.9786633155,4593712.926685545,30.039493255307768
road_1360_2,road,1360,2,15.0,test,620838.830070173,4593734.220421095,30.045660797108443
road_1361_0,road,1361,0,15.0,test,620853.7241993422,4593746.111002414,39.03725138065933
road_1362_0,road,1362,0,15.0,test,620871.6512678304,4593613.463662957,33.963294469719045
road_1362_1,road,1362,1,15.0,test,620897.1386938537,4593635.217179102,33.5802488052882
road_1362_2,road,1362,2,15.0,test,620896.2088677268,4593663.866164205,33.92521200501257
road_1363_0,road,1363,0,15.0,test,620942.4198601376,4593675.355378276,35.83707866396432
road_1363_1,road,1363,1,15.0,test,620906.708528738,4593675.8923046,35.81761034816177
road_1364_0,road,1364,0,15.0,test,620905.4395629938,4593669.908944495,12.698087913820869
road_1365_0,road,1365,0,15.0,test,620931.0282620168,4593534.717573251,30.66594883176535
road_1365_1,road,1365,1,15.0,test,620922.0217809015,4593564.010460907,30.665295015301812
road_1365_2,road,1365,2,15.0,test,620912.7359652923,4593593.203018578,30.657278019322337
road_1365_3,road,1365,3,15.0,test,620908.7057847304,4593623.529327133,30.650388559438653
road_1366_0,road,1366,0,15.0,test,620905.9914540375,4593574.184116731,24.71602197091617
road_1367_0,road,1367,0,15.0,test,620927.0871459545,4593611.482690676,35.51423001713259
road_1368_0,road,1368,0,15.0,test,620938.6814311044,4593620.071815716,29.37404482140252
road_1368_1,road,1368,1,15.0,test,620920.4665092544,4593641.458978287,29.42230948579249
road_1369_0,road,1369,0,15.0,test,620912.4427133629,4593635.639176255,26.28802520660569
road_1370_0,road,1370,0,15.0,test,620959.1194927375,4593604.241531737,30.408835111917192
road_1370_1,road,1370,1,15.0,test,620983.7572040369,4593605.717588327,29.93366621400876
road_1370_2,road,1370,2,15.0,test,620999.03493052,4593631.826846057,30.57133132556072
road_1371_0,road,1371,0,16.0,train,621024.9710463282,4593682.499019491,31.257765145192835
road_1371_1,road,1371,1,15.0,test,620996.6451447795,4593695.209966172,31.168441772791738
road_1371_2,road,1371,2,15.0,test,620972.2061968667,4593681.7235015305,30.914022684699848
road_1372_0,road,1372,0,15.0,test,620978.6629612022,4593673.536721256,19.04782490077088
road_1373_0,road,1373,0,15.0,test,620935.5012905984,4593563.492176154,29.675947402844088
road_1373_1,road,1373,1,15.0,test,620942.7432123998,4593591.888074229,29.739899531765857
road_1374_0,road,1374,0,28.0,train,621155.7779444088,4594033.148153844,31.335212071517724
road_1374_1,road,1374,1,28.0,train,621186.804776878,4594029.326460692,31.38067600030305
road_1375_0,road,1375,0,28.0,train,621248.9876864746,4594101.6271197405,34.99646073575894
road_1375_1,road,1375,1,28.0,train,621216.5876282318,4594114.920543082,35.05894891601498
road_1376_0,road,1376,0,40.0,train,621043.3464259714,4594375.535387139,39.17770321368855
road_1377_0,road,1377,0,51.0,train,620830.8366844294,4594577.078417205,36.54449684352075
road_1377_1,road,1377,1,51.0,train,620807.5905377597,4594603.806662054,36.54293885597114
road_1378_0,road,1378,0,16.0,train,621249.8515100649,4593749.928640374,33.99945597124505
road_1378_1,road,1378,1,16.0,train,621255.8806258073,4593716.469237636,34.03535191184869
road_1378_2,road,1378,2,16.0,train,621267.3220000037,4593684.485955935,34.05072163569184
road_1379_0,road,1379,0,28.0,train,621231.1363991502,4593974.434804104,35.67111670303654
road_1379_1,road,1379,1,28.0,train,621211.6410128158,4594004.2563621,35.6579350757053
road_1380_0,road,1380,0,28.0,train,621231.6565741048,4593933.816919634,28.74591441145425
road_1380_1,road,1380,1,28.0,train,621245.5954355377,4593946.412559575,29.169817785558397
road_1381_0,road,1381,0,28.0,train,621231.6135451955,4593919.197630856,23.894393614137485
road_1381_1,road,1381,1,28.0,train,621248.314789746,4593924.848906581,23.508033996609853
road_1382_0,road,1382,0,15.0,test,620948.2528651032,4593507.831458323,36.76505675390904
road_1382_1,road,1382,1,15.0,test,620968.0408668241,4593477.217759911,36.81231808315355
road_1382_2,road,1382,2,16.0,train,621002.4994829363,4593467.109793506,36.85905954986513
road_1382_3,road,1382,3,16.0,train,621037.9982992039,4593458.714867202,36.88697586101687
road_1382_4,road,1382,4,16.0,train,621074.4202809862,4593462.305180304,36.87437447537564
road_1382_5,road,1382,5,16.0,train,621110.1976102182,4593470.841707616,36.85587966676229
road_1382_6,road,1382,6,16.0,train,621143.1150860507,4593486.212767404,36.82859527096519
road_1382_7,road,1382,7,16.0,train,621158.6547763657,4593517.741767377,36.61691441704876
road_1382_8,road,1382,8,16.0,train,621140.7718514289,4593548.02622035,36.85784372031898
road_1383_0,road,1383,0,16.0,train,621164.5768227029,4593541.737176573,32.99191678086163
road_1383_1,road,1383,1,16.0,train,621187.6631218876,4593561.705776041,32.921598307175735
road_1384_0,road,1384,0,15.0,test,620870.5724803109,4593496.283289845,32.25865139473119
road_1384_1,road,1384,1,15.0,test,620901.617235162,4593488.973535759,32.18440484253787
road_1384_2,road,1384,2,15.0,test,620927.6412629841,4593505.262143871,32.171217862333975
road_1385_0,road,1385,0,15.0,test,620837.0675522386,4593499.214958398,38.46029987796338
road_1385_1,road,1385,1,15.0,test,620826.2262494504,4593466.51871876,38.52895470897182
road_1385_2,road,1385,2,15.0,test,620840.2248701686,4593430.82950106,38.57936011811383
road_1385_3,road,1385,3,15.0,test,620867.394770731,4593403.7896253625,38.63914610684091
road_1385_4,road,1385,4,3.0,test,620888.0710986038,4593371.330346027,38.47804309793043
road_1385_5,road,1385,5,3.0,test,620867.1507401775,4593339.241619592,38.65482707937332
road_1385_6,road,1385,6,3.0,test,620837.7766041658,4593316.222597637,38.576621897323946
road_1385_7,road,1385,7,3.0,test,620800.7718394982,4593320.563944246,38.661940795529695
road_1385_8,road,1385,8,3.0,test,620772.4757930274,4593346.540656353,38.51289546456592
road_1385_9,road,1385,9,3.0,test,620735.9046143699,4593354.230744316,38.59150845824275
road_1385_10,road,1385,10,3.0,test,620701.0608769787,4593339.730910458,38.63310600467152
road_1385_11,road,1385,11,3.0,test,620664.4358254474,4593328.981088373,38.64031801097108
road_1385_12,road,1385,12,3.0,test,620633.2880514045,4593309.24206277,36.9904721696736
road_1385_13,road,1385,13,2.0,test,620612.8836044619,4593323.964313367,38.58633068560831
road_1385_14,road,1385,14,2.0,test,620607.9019668846,4593360.175662728,38.64954074727535
road_1385_15,road,1385,15,14.0,train,620609.3209229341,4593398.549153865,38.643652809588
road_1385_16,road,1385,16,14.0,train,620599.5806909045,4593435.58285659,38.08778624715073
road_1385_17,road,1385,17,14.0,train,620603.5480806442,4593452.286478065,36.86733999465384
road_1386_0,road,1386,0,14.0,train,620566.7560723848,4593454.073041706,38.66462647721813
road_1386_1,road,1386,1,14.0,train,620537.6456077495,4593478.626744683,38.71779616920895
road_1386_2,road,1386,2,14.0,train,620517.3932937437,4593511.462178949,38.725359971588446
road_1386_3,road,1386,3,14.0,train,620508.222250365,4593549.085457666,38.73915487869394
road_1386_4,road,1386,4,14.0,train,620500.438729786,4593586.949622068,38.60490282155744
road_1386_5,road,1386,5,14.0,train,620473.7393627593,4593610.772947018,38.7117623175272
road_1387_0,road,1387,0,14.0,train,620619.3190470655,4593462.222564674,33.57332004014041
road_1387_1,road,1387,1,15.0,test,620637.5155865756,4593490.190472465,33.51268342516223
road_1387_2,road,1387,2,15.0,test,620639.6526056111,4593523.533285718,33.575646751852005
road_1387_3,road,1387,3,15.0,test,620640.3640181255,4593555.840268243,33.098421914147295
road_1387_4,road,1387,4,15.0,test,620630.7328478443,4593585.4287300045,33.53837225700093
road_1387_5,road,1387,5,15.0,test,620631.3697611481,4593618.850646789,33.5869012624011
road_1388_0,road,1388,0,15.0,test,620642.1262896438,4593478.639924675,18.401231934687143
road_1389_0,road,1389,0,2.0,test,620256.0619682556,4593371.8445253605,35.44940708964591
road_1389_1,road,1389,1,2.0,test,620281.6156976478,4593359.565148494,35.465051544586565
road_1389_2,road,1389,2,2.0,test,620315.0120104041,4593368.862616724,35.55432182649698
road_1389_3,road,1389,3,14.0,train,620349.1260393927,4593377.957297834,35.2853102239684
road_1389_4,road,1389,4,14.0,train,620369.0068785718,4593406.452040831,35.20193379395435
road_1390_0,road,1390,0,14.0,train,620345.7498561139,4593512.21134691,31.49561636569427
road_1390_1,road,1390,1,14.0,train,620319.0797549401,4593524.533359098,31.73053417281464
road_1390_2,road,1390,2,14.0,train,620310.4539231455,4593529.873227809,30.486873559824307
road_1390_3,road,1390,3,14.0,train,620334.7940056737,4593548.976043792,31.70610911671207
road_1391_0,road,1391,0,14.0,train,620502.6681921368,4593646.750809185,25.67581580634781
road_1391_1,road,1391,1,14.0,train,620477.2040556191,4593643.576815415,25.685091432999908
road_1392_0,road,1392,0,3.0,test,620703.5920660971,4593077.640608401,36.474962112908
road_1392_1,road,1392,1,3.0,test,620694.7689001075,4593112.989228019,36.47020306093303
road_1392_2,road,1392,2,3.0,test,620681.2033146896,4593146.805874091,36.477754766325376
road_1392_3,road,1392,3,3.0,test,620666.1120832716,4593180.008926489,36.47673686216248
road_1392_4,road,1392,4,3.0,test,620654.1152499743,4593214.390791412,36.46166849612762
road_1392_5,road,1392,5,3.0,test,620642.0783584127,4593248.698880233,36.46654024719557
road_1392_6,road,1392,6,3.0,test,620633.3413230958,4593284.0993093895,36.47426645133103
road_1393_0,road,1393,0,3.0,test,620633.675786807,4593011.699593757,38.49428378327146
road_1393_1,road,1393,1,3.0,test,620670.5527796746,4593020.557566173,38.43946924613228
road_1393_2,road,1393,2,3.0,test,620701.8397047346,4593042.54096443,38.20776840367536
road_1394_0,road,1394,0,3.0,test,620914.2163755791,4593354.515152634,20.62374867289496
road_1394_1,road,1394,1,3.0,test,620897.3649106077,4593366.151748946,20.664307379421924
road_1395_0,road,1395,0,28.0,train,621270.2908909201,4594116.227700598,35.24074705344905
road_1395_1,road,1395,1,40.0,train,621273.4526051406,4594150.897872161,35.22554639816607
road_1396_0,road,1396,0,28.0,train,621273.9357904331,4594081.294306293,39.38968471867884
road_1397_0,road,1397,0,29.0,train,621465.2215715131,4594077.031244442,38.354548341294326
road_1397_1,road,1397,1,29.0,train,621461.3643802964,4594038.967196769,38.36868535080414
road_1397_2,road,1397,2,29.0,train,621463.2715753088,4594000.670815803,38.370202563277566
road_1397_3,road,1397,3,29.0,train,621461.9248399293,4593962.368380469,38.36993384766745
road_1397_4,road,1397,4,29.0,train,621460.1745685937,4593924.076014717,38.35499764760655
road_1397_5,road,1397,5,29.0,train,621462.7277864973,4593885.87439393,38.367105337658174
road_1397_6,road,1397,6,29.0,train,621471.9687308134,4593848.692925093,38.374916987173975
road_1397_7,road,1397,7,29.0,train,621483.5721330498,4593812.117492479,38.37671466499938
road_1397_8,road,1397,8,29.0,train,621492.7150298598,4593774.865671809,38.376746691549066
road_1397_9,road,1397,9,17.0,train,621501.9733486386,4593737.634326662,38.36455801051627
road_1397_10,road,1397,10,17.0,train,621505.8248322087,4593699.5536262905,38.37081376089827
road_1397_11,road,1397,11,17.0,train,621511.5272748057,4593661.6161248805,38.36644855607685
road_1397_12,road,1397,12,17.0,train,621504.4519781751,4593624.669400259,38.29672460493451
road_1398_0,road,1398,0,17.0,train,621530.1246098693,4593600.859864281,28.93000501329644
road_1398_1,road,1398,1,17.0,train,621517.2875290272,4593626.721143481,28.90000282785136
road_1399_0,road,1399,0,17.0,train,621485.9784689855,4593531.178065997,37.03729718777169
road_1399_1,road,1399,1,17.0,train,621498.885143323,4593496.798668524,36.95259471755442
road_1399_2,road,1399,2,17.0,train,621523.344527713,4593497.264494241,36.01342194917959
road_1399_3,road,1399,3,17.0,train,621525.2671303585,4593533.631175189,37.0262030617837
road_1399_4,road,1399,4,17.0,train,621534.2778551537,4593569.399604867,37.01829422924771
road_1400_0,road,1400,0,17.0,train,621546.5835885613,4593570.953076571,39.52842167788587
road_1400_1,road,1400,1,17.0,train,621574.4049589114,4593543.235652651,39.47485553572407
road_1400_2,road,1400,2,17.0,train,621589.9140919979,4593507.412054063,39.541400870380535
road_1400_3,road,1400,3,17.0,train,621605.4518926992,4593471.265557617,39.52595403086213
road_1400_4,road,1400,4,17.0,train,621618.5651197216,4593434.594755319,39.506519344248645
road_1400_5,road,1400,5,17.0,train,621625.185745113,4593395.678495361,39.53947030466727
road_1400_6,road,1400,6,5.0,train,621625.1741829059,4593356.174563955,39.54237550431706
road_1400_7,road,1400,7,5.0,train,621619.5320224179,4593317.246552261,39.51406943093305
road_1400_8,road,1400,8,5.0,train,621606.4967467904,4593279.965213748,39.53859990538359
road_1400_9,road,1400,9,5.0,train,621588.8862730655,4593244.666586142,39.43639844564236
road_1400_10,road,1400,10,5.0,train,621572.3807183306,4593209.1573741175,39.530177034045884
road_1400_11,road,1400,11,5.0,train,621555.9406218828,4593173.208214434,39.53551317425905
road_1400_12,road,1400,12,5.0,train,621542.928403914,4593136.005515614,39.527939677101735
road_1400_13,road,1400,13,5.0,train,621538.682668714,4593096.870362755,39.49898922631927
road_1400_14,road,1400,14,5.0,train,621539.9669794192,4593057.469191219,39.540153328481416
road_1400_15,road,1400,15,5.0,train,621547.650709918,4593018.709914389,39.541854877956666
road_1401_0,road,1401,0,5.0,train,621513.2899774278,4593018.627251443,38.02599182349989
road_1401_1,road,1401,1,5.0,train,621512.0923022763,4593056.35035823,38.12100742588342
road_1401_2,road,1401,2,5.0,train,621516.358868113,4593094.221291045,38.12183261355701
road_1401_3,road,1401,3,5.0,train,621521.1196529634,4593131.981991136,38.0923238899024
road_1401_4,road,1401,4,5.0,train,621527.871409709,4593169.227179131,38.09784084074736
road_1401_5,road,1401,5,5.0,train,621528.4075769259,4593207.272221433,38.07163220680171
road_1401_6,road,1401,6,5.0,train,621532.2463677294,4593244.8979753405,38.11028381085371
road_1401_7,road,1401,7,5.0,train,621534.0839365238,4593282.636228305,38.06726062669853
road_1401_8,road,1401,8,5.0,train,621542.6775139347,4593319.181252314,37.20276484775119
road_1401_9,road,1401,9,5.0,train,621512.2422093881,4593313.943919099,37.709996927330415
road_1401_10,road,1401,10,5.0,train,621518.5819282923,4593288.878430156,35.90664280998698
road_1402_0,road,1402,0,5.0,train,621551.5497718102,4593296.529392297,33.675234724615784
road_1402_1,road,1402,1,5.0,train,621570.9124607471,4593323.831020868,33.79002189179616
road_1402_2,road,1402,2,5.0,train,621582.7175277937,4593355.4124327125,33.817857135561255
road_1402_3,road,1402,3,17.0,train,621590.3377420419,4593387.839845418,33.800821304374324
road_1402_4,road,1402,4,17.0,train,621590.5437956766,4593421.518779898,33.8104507003348
road_1402_5,road,1402,5,17.0,train,621600.5934912681,4593453.73742149,33.83135283727471
road_1403_0,road,1403,0,17.0,train,621640.2839719678,4593492.791202301,28.17504609197692
road_1403_1,road,1403,1,17.0,train,621613.6809188351,4593483.511612531,28.175046091867
road_1404_0,road,1404,0,5.0,train,621543.5547603506,4593341.382563198,32.78713104000712
road_1404_1,road,1404,1,5.0,train,621535.332867213,4593372.765398984,32.80318618486241
road_1404_2,road,1404,2,17.0,train,621535.5231093587,4593405.588885377,32.871198011569895
road_1404_3,road,1404,3,17.0,train,621533.1507836871,4593438.340928911,32.859772895941305
road_1404_4,road,1404,4,17.0,train,621527.0431124857,4593470.593634591,32.86989043897039
road_1405_0,road,1405,0,17.0,train,621486.2979375565,4593375.12530304,30.43427167501404
road_1405_1,road,1405,1,5.0,train,621488.9496282506,4593344.8369611725,30.433530210102283
road_1405_2,road,1405,2,5.0,train,621497.6466176849,4593316.094997927,30.253143836481424
road_1406_0,road,1406,0,5.0,train,621493.5087466197,4593275.768385123,36.54287510841422
road_1406_1,road,1406,1,5.0,train,621487.1308030153,4593239.7298343815,36.68738810561719
road_1406_2,road,1406,2,5.0,train,621485.5541746193,4593203.179004676,36.692454608158265
road_1406_3,road,1406,3,5.0,train,621491.3273435866,4593167.017906371,36.692196986836855
road_1407_0,road,1407,0,5.0,train,621484.6202923117,4593168.667948424,38.349404975600265
road_1407_1,road,1407,1,5.0,train,621481.2500299623,4593130.493399988,38.35391701048318
road_1407_2,road,1407,2,5.0,train,621478.3449540478,4593092.266108557,38.33904037433671
road_1407_3,road,1407,3,5.0,train,621480.0867486633,4593054.181195382,38.24889480289973
road_1407_4,road,1407,4,5.0,train,621486.7697578891,4593017.252196388,38.33846080597179
road_1408_0,road,1408,0,5.0,train,621643.0276450816,4593017.194802683,36.64882621265073
road_1408_1,road,1408,1,5.0,train,621635.822202761,4593053.119015769,36.65046090839009
road_1408_2,road,1408,2,5.0,train,621625.7435639093,4593088.267905655,36.613122966610405
road_1408_3,road,1408,3,5.0,train,621615.912455725,4593123.128238508,36.58330410271765
road_1408_4,road,1408,4,5.0,train,621622.8708436046,4593158.716542736,36.645598363028704
road_1408_5,road,1408,5,5.0,train,621630.5894301297,4593194.538824247,36.64752281020995
road_1408_6,road,1408,6,5.0,train,621636.7572203516,4593230.606891712,36.63803312400437
road_1408_7,road,1408,7,5.0,train,621645.0908584617,4593266.204035622,36.64646995034022
road_1408_8,road,1408,8,5.0,train,621649.0554539078,4593302.537564214,36.56979650983309
road_1408_9,road,1408,9,5.0,train,621635.6334119865,4593336.183666448,36.642411092813646
road_1408_10,road,1408,10,5.0,train,621629.8865976817,4593372.153035769,36.64495396099581
road_1409_0,road,1409,0,5.0,train,621609.4778620114,4593199.045921231,22.44039427868313
road_1409_1,road,1409,1,5.0,train,621626.8785362589,4593213.175094953,22.442515494645747
road_1410_0,road,1410,0,5.0,train,621636.7231446656,4593144.594563243,34.2315938754395
road_1411_0,road,1411,0,5.0,train,621600.6603436489,4593103.451143567,21.413261644461983
road_1411_1,road,1411,1,5.0,train,621608.2155783286,4593123.442281939,21.33807152967434
road_1412_0,road,1412,0,5.0,train,621641.8688992425,4593068.689941213,36.80212834617604
road_1413_0,road,1413,0,5.0,train,621683.4880442993,4593020.095705112,39.27575658778298
road_1413_1,road,1413,1,5.0,train,621684.6238192493,4593059.070029623,39.279937739522026
road_1413_2,road,1413,2,5.0,train,621687.8915978078,4593098.15581184,39.28711577167581
road_1413_3,road,1413,3,5.0,train,621690.4360124571,4593137.352281813,39.28859698177683
road_1413_4,road,1413,4,5.0,train,621692.5551271752,4593176.576053184,39.28788067182606
road_1413_5,road,1413,5,5.0,train,621697.9173049591,4593215.414592186,39.26849396869645
road_1413_6,road,1413,6,5.0,train,621696.1429558884,4593254.099975866,39.26431395419215
road_1413_7,road,1413,7,5.0,train,621695.6198708595,4593292.942634342,39.21283338909517
road_1413_8,road,1413,8,5.0,train,621705.0045701419,4593331.036555034,39.26594986290187
road_1413_9,road,1413,9,5.0,train,621718.8745844798,4593367.693090963,39.28390398079197
road_1413_10,road,1413,10,17.0,train,621730.3533061842,4593405.205469202,39.282360867557465
road_1413_11,road,1413,11,17.0,train,621737.5014406155,4593443.828619987,39.28847979222035
road_1413_12,road,1413,12,17.0,train,621745.8156237635,4593482.2252067,39.28645701267774
road_1413_13,road,1413,13,18.0,train,621750.1431653453,4593521.185974924,39.25931135518766
road_1413_14,road,1413,14,17.0,train,621743.7374278359,4593559.673818188,39.27219375462256
road_1413_15,road,1413,15,17.0,train,621727.5356407181,4593595.376455435,39.26284557225517
road_1413_16,road,1413,16,17.0,train,621720.783658308,4593633.549603704,39.28179700675554
road_1413_17,road,1413,17,17.0,train,621718.09290654,4593672.687552475,39.25932936825722
road_1413_18,road,1413,18,17.0,train,621702.0181046325,4593708.298345819,39.2823414670723
road_1413_19,road,1413,19,17.0,train,621675.159660067,4593736.223606354,39.218249199320574
road_1413_20,road,1413,20,29.0,train,621638.8032682063,4593750.580869135,39.06511469147334
road_1414_0,road,1414,0,17.0,train,621613.3789069038,4593734.388301225,37.8356151052071
road_1414_1,road,1414,1,17.0,train,621608.9911707483,4593697.457090467,37.82752926264634
road_1414_2,road,1414,2,17.0,train,621614.2707325487,4593660.032551533,37.8376400849234
road_1414_3,road,1414,3,17.0,train,621615.344649767,4593622.272506559,37.72350318605196
road_1414_4,road,1414,4,17.0,train,621595.3305421093,4593592.67920133,37.84674014172196
road_1414_5,road,1414,5,17.0,train,621577.5971404,4593560.359569328,37.74031274729911
road_1415_0,road,1415,0,17.0,train,621573.0035371317,4593582.528441551,34.41305807854819
road_1415_1,road,1415,1,17.0,train,621569.8936836774,4593616.745356022,34.410421127700545
road_1415_2,road,1415,2,17.0,train,621573.513070792,4593650.919767058,34.402516446548425
road_1415_3,road,1415,3,17.0,train,621567.608076286,4593684.549548063,34.402518970225145
road_1415_4,road,1415,4,17.0,train,621556.3501387922,4593716.933578521,34.410221471866194
road_1415_5,road,1415,5,17.0,train,621538.2979054619,4593746.210178781,34.419414311027424
road_1416_0,road,1416,0,17.0,train,621629.3156958289,4593603.666999536,35.37783728021438
road_1416_1,road,1416,1,17.0,train,621656.1065594851,4593581.103576099,35.35566669203552
road_1416_2,road,1416,2,17.0,train,621664.2645299233,4593547.576737364,35.38727989282388
road_1416_3,road,1416,3,17.0,train,621655.9131134594,4593514.561623106,34.903462663506495
road_1417_0,road,1417,0,5.0,train,621737.9524154902,4593312.387460485,37.914605657934445
road_1417_1,road,1417,1,6.0,train,621750.8417509554,4593347.768548547,38.056881034311154
road_1417_2,road,1417,2,18.0,train,621764.1182809557,4593383.406986628,38.05096773762447
road_1417_3,road,1417,3,18.0,train,621783.7538267706,4593415.800085513,38.05038152552889
road_1417_4,road,1417,4,18.0,train,621809.7137706039,4593443.555727392,38.05521148669826
road_1417_5,road,1417,5,18.0,train,621837.0089852351,4593469.992019385,38.03101315649665
road_1418_0,road,1418,0,18.0,train,621849.7491682617,4593504.706355863,36.81431117092124
road_1418_1,road,1418,1,18.0,train,621846.0008786065,4593541.070195405,36.81836214706129
road_1418_2,road,1418,2,18.0,train,621839.2775808659,4593577.23792436,36.82309987788268
road_1418_3,road,1418,3,18.0,train,621824.7745556136,4593610.783677666,36.78117395404057
road_1418_4,road,1418,4,18.0,train,621800.0163865428,4593637.906284504,36.81848389556198
road_1418_5,road,1418,5,18.0,train,621774.2185388334,4593664.144269604,36.81270958205514
road_1418_6,road,1418,6,17.0,train,621749.2990071668,4593690.869082731,36.80593093070685
road_1418_7,road,1418,7,17.0,train,621716.423707428,4593707.048220288,36.8092033008146
road_1419_0,road,1419,0,18.0,train,621900.7425532519,4593627.12506321,36.764413839079324
road_1419_1,road,1419,1,18.0,train,621876.188553672,4593653.770450869,36.74199717941944
road_1419_2,road,1419,2,18.0,train,621853.5547858091,4593681.820215115,36.55239448640047
road_1419_3,road,1419,3,18.0,train,621835.1387735872,4593656.312721095,36.69724728549929
road_1419_4,road,1419,4,18.0,train,621832.7132021585,4593619.662550914,36.76906681722805
road_1420_0,road,1420,0,6.0,train,621784.6886157003,4593197.78688245,35.79202613513814
road_1420_1,road,1420,1,6.0,train,621780.6290185085,4593233.306485798,35.78778216606039
road_1420_2,road,1420,2,6.0,train,621780.6482167622,4593269.01288618,35.77834628057165
road_1420_3,road,1420,3,6.0,train,621789.0864233474,4593303.779385025,35.79151825844649
road_1420_4,road,1420,4,6.0,train,621797.1005463331,4593338.651968868,35.77647962817935
road_1420_5,road,1420,5,6.0,train,621813.8938405736,4593369.88238111,35.733888143107066
road_1420_6,road,1420,6,18.0,train,621833.414100966,4593399.45083507,35.789374680372056
road_1420_7,road,1420,7,18.0,train,621844.0802369155,4593433.1159583,35.731157921904924
road_1420_8,road,1420,8,18.0,train,621846.4634423077,4593468.759970517,35.78959596435123
road_1421_0,road,1421,0,29.0,train,621633.0213297886,4593769.7456693975,36.93675811668187
road_1421_1,road,1421,1,29.0,train,621653.4971630749,4593800.011014727,36.933816659098376
road_1421_2,road,1421,2,29.0,train,621664.1321213839,4593834.944466635,36.943091025279486
road_1421_3,road,1421,3,29.0,train,621661.1038543523,4593871.73344492,36.964767569814754
road_1421_4,road,1421,4,29.0,train,621641.8214797138,4593882.769546585,36.019813826131305
road_1421_5,road,1421,5,29.0,train,621606.6735976726,4593873.697531055,36.96139094116406
road_1422_0,road,1422,0,29.0,train,621657.6687108234,4593907.35726132,33.19597663436886
road_1422_1,road,1422,1,29.0,train,621654.1565285567,4593940.206963859,33.17807108160243
road_1422_2,road,1422,2,29.0,train,621645.3346010018,4593972.195490554,33.1939984830918
road_1422_3,road,1422,3,29.0,train,621637.7819228098,4594004.50858812,33.19584162272702
road_1423_0,road,1423,0,29.0,train,621571.0362450639,4594084.577452862,36.53765050455682
road_1423_1,road,1423,1,29.0,train,621579.8761349379,4594049.230981351,36.556886578106
road_1423_2,road,1423,2,29.0,train,621582.0114803751,4594012.774634417,36.57847366029858
road_1423_3,road,1423,3,29.0,train,621586.4303585939,4593976.570524634,36.5771426766112
road_1424_0,road,1424,0,29.0,train,621692.4345600555,4594094.933337132,23.834209341430096
road_1424_1,road,1424,1,29.0,train,621716.1565302623,4594094.457559373,23.821837859871525
road_1425_0,road,1425,0,41.0,train,621598.259908171,4594348.755064905,38.01893054126089
road_1426_0,road,1426,0,41.0,train,621501.7808626674,4594417.129390352,29.43908323327627
road_1426_1,road,1426,1,41.0,train,621515.6158976728,4594442.3475745,29.249524160446725
road_1427_0,road,1427,0,40.0,train,621272.1936040105,4594415.084073981,22.34861049205643
road_1428_0,road,1428,0,42.0,train,621950.9244072955,4594244.460182988,32.15220356642534
road_1428_1,road,1428,1,42.0,train,621937.2611080986,4594273.287023641,32.176906138514205
road_1428_2,road,1428,2,42.0,train,621917.35880205,4594298.5091010425,32.175354324738805
road_1428_3,road,1428,3,42.0,train,621896.7940118993,4594323.137653361,32.13561953518526
road_1428_4,road,1428,4,42.0,train,621879.6576062115,4594350.122709019,32.17724591659048
road_1429_0,road,1429,0,42.0,train,621853.6100826483,4594316.856950384,39.849616948637575
road_1429_1,road,1429,1,42.0,train,621877.6026820823,4594285.668865577,39.815247441852335
road_1430_0,road,1430,0,30.0,train,621961.8579275844,4594068.552666535,38.456808952821504
road_1430_1,road,1430,1,30.0,train,621961.8308194833,4594106.911496367,38.44164374791088
road_1430_2,road,1430,2,42.0,train,621946.7666083374,4594141.566017102,38.44909879822091
road_1430_3,road,1430,3,42.0,train,621928.2086151986,4594175.154989956,38.461044887240845
road_1430_4,road,1430,4,42.0,train,621902.5079055985,4594202.988305141,38.41904633421876
road_1430_5,road,1430,5,42.0,train,621866.8798565911,4594206.021131955,38.10211040264396
road_1431_0,road,1431,0,30.0,train,622012.7213358075,4594059.313685219,28.235417453886317
road_1431_1,road,1431,1,30.0,train,621998.3735321601,4594083.495053325,28.235339765235626
road_1432_0,road,1432,0,30.0,train,621955.9011375246,4593973.937770029,39.36693361473039
road_1432_1,road,1432,1,30.0,train,621943.7672686504,4593937.207666413,39.27126911506935
road_1432_2,road,1432,2,30.0,train,621912.0225769825,4593914.752261601,39.39718778812119
road_1432_3,road,1432,3,30.0,train,621877.2543101083,4593896.614586273,39.36937177286005
road_1432_4,road,1432,4,30.0,train,621839.3452856508,4593893.224637415,39.29034956665047
road_1432_5,road,1432,5,30.0,train,621801.8669320645,4593904.29654345,39.23199424392204
road_1432_6,road,1432,6,30.0,train,621768.7012990783,4593890.359170076,39.22776178906884
road_1433_0,road,1433,0,30.0,train,621928.1400701599,4593846.048155988,39.23559101929182
road_1433_1,road,1433,1,30.0,train,621955.1770284179,4593873.623426399,39.24438587230697
road_1433_2,road,1433,2,30.0,train,621975.288522412,4593907.099238211,39.25833328552741
road_1433_3,road,1433,3,30.0,train,622002.4828891661,4593935.362732194,39.26071783284082
road_1434_0,road,1434,0,30.0,train,621944.2982439573,4593884.049113288,34.17099858899742
road_1434_1,road,1434,1,30.0,train,621912.8901400192,4593897.226543704,34.2667601918266
road_1435_0,road,1435,0,18.0,train,621971.0251983074,4593737.130015342,38.72070807998148
road_1435_1,road,1435,1,30.0,train,621964.6347705581,4593768.69382485,38.43921553227203
road_1435_2,road,1435,2,30.0,train,621926.635349373,4593775.933075784,39.013275578162
road_1435_3,road,1435,3,30.0,train,621889.0913288131,4593785.307611412,38.93862979091228
road_1435_4,road,1435,4,30.0,train,621850.1570621439,4593786.60397043,39.00973835292257
road_1435_5,road,1435,5,30.0,train,621813.0340580302,4593797.265701721,39.00272604771884
road_1435_6,road,1435,6,30.0,train,621781.8582534178,4593820.27116112,38.72011815378905
road_1435_7,road,1435,7,30.0,train,621766.435168962,4593851.606370376,38.90363822450852
road_1436_0,road,1436,0,30.0,train,621909.6044972059,4593796.683524953,33.86971748518062
road_1436_1,road,1436,1,30.0,train,621939.6223331771,4593811.896165235,33.85930755270731
road_1436_2,road,1436,2,30.0,train,621969.0416270542,4593827.182719262,33.75444959015181
road_1436_3,road,1436,3,30.0,train,621986.8310349453,4593855.7894479735,33.88612818249869
road_1436_4,road,1436,4,30.0,train,622004.3539040436,4593884.5430696495,33.88002812048181
road_1437_0,road,1437,0,31.0,train,622240.1467780236,4594063.908477105,36.3169822771054
road_1437_1,road,1437,1,31.0,train,622235.9936757899,4594099.976500021,36.31629639657753
road_1437_2,road,1437,2,43.0,train,622230.5068463077,4594135.869295109,36.31674817986327
road_1437_3,road,1437,3,43.0,train,622223.8224400465,4594171.565588548,36.316760680906185
road_1437_4,road,1437,4,43.0,train,622217.8686821416,4594207.39055136,36.31698221745655
road_1437_5,road,1437,5,43.0,train,622211.9727337593,4594243.225734994,36.3169765170301
road_1437_6,road,1437,6,43.0,train,622206.0250003431,4594279.048765853,36.31001215645319
road_1438_0,road,1438,0,43.0,train,622215.1862639254,4594163.224032297,32.03794857226681
road_1439_0,road,1439,0,31.0,train,622325.076891438,4594089.169766283,32.43814287909867
road_1439_1,road,1439,1,31.0,train,622296.1516596213,4594102.666721557,32.64041143309999
road_1439_2,road,1439,2,31.0,train,622267.8726498216,4594118.924922682,32.630225180745015
road_1439_3,road,1439,3,43.0,train,622240.354997358,4594135.673577483,32.593470409898025
road_1440_0,road,1440,0,43.0,train,622298.6580736287,4594244.150231998,30.638430452405014
road_1440_1,road,1440,1,43.0,train,622271.8574266484,4594258.825373018,30.665488053000043
road_1440_2,road,1440,2,43.0,train,622243.6077212063,4594270.431194647,30.71932459845683
road_1440_3,road,1440,3,43.0,train,622216.3684453876,4594284.552352572,30.724836097460184
road_1441_0,road,1441,0,43.0,train,622417.9983383226,4594222.979727636,39.132096339959936
road_1441_1,road,1441,1,43.0,train,622398.3781379755,4594237.144826471,37.630962712073554
road_1441_2,road,1441,2,43.0,train,622392.5642422984,4594275.041041392,39.2544155869948
road_1441_3,road,1441,3,43.0,train,622384.979864792,4594313.436969682,39.268114610631095
road_1442_0,road,1442,0,43.0,train,622368.2386168488,4594316.574799761,38.3050613059227
road_1442_1,road,1442,1,43.0,train,622333.2291420638,4594312.757978899,38.24575422531286
road_1443_0,road,1443,0,43.0,train,622283.8559759466,4594424.69883949,28.92448170098571
road_1443_1,road,1443,1,43.0,train,622265.2388812067,4594446.489908168,28.91076890018781
road_1443_2,road,1443,2,43.0,train,622262.8727751329,4594474.249047242,28.74473009582074
road_1444_0,road,1444,0,43.0,train,622305.5234844452,4594333.104878842,33.195923395907734
road_1444_1,road,1444,1,43.0,train,622274.8425366154,4594344.480851353,33.16205721765702
road_1444_2,road,1444,2,43.0,train,622247.9379782142,4594363.117870073,33.21537204922624
road_1444_3,road,1444,3,43.0,train,622228.8363912001,4594390.104674828,33.10468095687292
road_1445_0,road,1445,0,55.0,train,622476.6763009402,4594583.041871468,38.99363921901278
road_1445_1,road,1445,1,56.0,test,622502.3110360694,4594611.0259851,38.93134078481212
road_1445_2,road,1445,2,56.0,test,622508.0756488532,4594649.466416952,39.04183262590584
road_1445_3,road,1445,3,56.0,test,622509.2063733876,4594688.348671103,38.98289494871927
road_1445_4,road,1445,4,56.0,test,622506.0156677993,4594726.189995833,39.00330714195683
road_1446_0,road,1446,0,43.0,train,622385.2544956548,4594489.557461808,29.747753044451176
road_1446_1,road,1446,1,43.0,train,622404.5233558447,4594467.055275348,29.705907690166843
road_1446_2,road,1446,2,43.0,train,622424.5638184062,4594445.453230878,29.70980540564801
road_1447_0,road,1447,0,43.0,train,622454.877620371,4594482.16941415,39.32163667782947
road_1447_1,road,1447,1,43.0,train,622482.4693681374,4594455.071518338,39.365303300366186
road_1447_2,road,1447,2,43.0,train,622482.4835790953,4594416.581291274,39.460944567580185
road_1447_3,road,1447,3,43.0,train,622465.4599325648,4594381.122837238,39.49439546838856
road_1448_0,road,1448,0,55.0,train,622421.4246462185,4594542.482443333,17.780045193973613
road_1449_0,road,1449,0,44.0,train,622507.860059459,4594482.323923959,39.744917868029134
road_1449_1,road,1449,1,44.0,train,622530.4801261765,4594449.7377583375,39.76817084592663
road_1449_2,road,1449,2,44.0,train,622554.4348043995,4594418.204229242,39.74597459867553
road_1449_3,road,1449,3,44.0,train,622578.4077782804,4594386.642572995,39.759435557047006
road_1449_4,road,1449,4,44.0,train,622604.694265843,4594356.884883325,39.73973433745307
road_1449_5,road,1449,5,44.0,train,622631.4862024566,4594329.23466551,39.610321781566846
road_1449_6,road,1449,6,44.0,train,622668.9325133354,4594339.38035162,39.69827270986164
road_1450_0,road,1450,0,44.0,train,622573.9142726965,4594277.202690195,35.413534685911806
road_1450_1,road,1450,1,44.0,train,622569.9789069468,4594310.00653266,35.68419001612928
road_1450_2,road,1450,2,44.0,train,622547.3158901773,4594337.041529714,35.580223631398425
road_1450_3,road,1450,3,44.0,train,622536.3441649165,4594370.894973668,35.718882106390794
road_1450_4,road,1450,4,44.0,train,622531.6400930177,4594406.260504368,35.72476346584683
road_1450_5,road,1450,5,44.0,train,622525.9016091335,4594441.512019158,35.724397334292775
road_1451_0,road,1451,0,44.0,train,622546.4585754421,4594442.861539136,35.08564623060392
road_1451_1,road,1451,1,44.0,train,622537.3052513375,4594476.527472404,35.09756199289939
road_1451_2,road,1451,2,56.0,test,622532.6150182582,4594511.176140838,35.08701605615382
road_1451_3,road,1451,3,56.0,test,622532.3706485151,4594546.210161465,35.105607423840084
road_1451_4,road,1451,4,56.0,test,622528.0256730566,4594580.902019574,35.103141883256306
road_1452_0,road,1452,0,55.0,train,622441.3837312369,4594631.428582428,38.21856713657823
road_1453_0,road,1453,0,67.0,train,622491.8986573732,4595244.155684419,36.50725767849461
road_1453_1,road,1453,1,80.0,train,622506.1829335323,4595277.138031938,36.48773200539184
road_1453_2,road,1453,2,80.0,train,622512.6712700414,4595312.406272966,36.60242927941199
road_1453_3,road,1453,3,80.0,train,622513.4164651143,4595348.925923092,36.59384669737357
road_1453_4,road,1453,4,80.0,train,622503.6850616588,4595384.153588385,36.60654779352487
road_1453_5,road,1453,5,79.0,train,622491.9873838344,4595418.836410605,36.60700062458121
road_1454_0,road,1454,0,79.0,train,622475.3602511463,4595264.925358527,23.98617139683533
road_1454_1,road,1454,1,67.0,train,622480.4954164336,4595241.860567072,23.89899006078221
road_1455_0,road,1455,0,80.0,train,622524.0008437722,4595289.063337556,25.05518854569031
road_1455_1,road,1455,1,80.0,train,622548.2478210207,4595283.502952722,25.02356696379165
road_1456_0,road,1456,0,79.0,train,622443.9741801454,4595601.245965893,37.52835168848629
road_1456_1,road,1456,1,79.0,train,622476.4108403829,4595617.418580936,37.503659294519984
road_1456_2,road,1456,2,80.0,train,622509.8409703227,4595606.958292537,37.4832961315226
road_1456_3,road,1456,3,80.0,train,622532.5282451018,4595577.401736492,37.54521893435436
road_1456_4,road,1456,4,80.0,train,622554.8622430373,4595547.355347706,37.530308389546754
road_1456_5,road,1456,5,80.0,train,622583.0955450328,4595522.809152582,37.419321312048126
road_1456_6,road,1456,6,80.0,train,622618.5809352744,4595512.695131493,37.44552205728853
road_1457_0,road,1457,0,115.0,val,622458.2764828559,4596484.242035551,38.50558416945525
road_1457_1,road,1457,1,115.0,val,622447.7783006156,4596521.120186436,38.47229624864348
road_1457_2,road,1457,2,115.0,val,622440.3301134825,4596558.159696562,38.47557641292862
road_1457_3,road,1457,3,115.0,val,622453.9555104038,4596594.120923546,38.50063720984418
road_1458_0,road,1458,0,115.0,val,622317.06058204,4596486.849203954,38.63711287295766
road_1458_1,road,1458,1,115.0,val,622355.0712500489,4596492.330937949,38.640680079398976
road_1458_2,road,1458,2,115.0,val,622391.0329932725,4596506.346473999,38.63744036750322
road_1458_3,road,1458,3,115.0,val,622427.1463984776,4596519.872408498,38.633267968593096
road_1459_0,road,1459,0,115.0,val,622299.9400716897,4596535.350534854,33.61828766768672
road_1459_1,road,1459,1,115.0,val,622270.44107711,4596551.2881629225,33.57285874741127
road_1460_0,road,1460,0,115.0,val,622190.9680529105,4596441.465440524,38.75356557675416
road_1461_0,road,1461,0,115.0,val,622260.4979489326,4596481.888628594,23.925687085173838
road_1461_1,road,1461,1,115.0,val,622278.0488559677,4596465.836083252,23.876479634983493
road_1462_0,road,1462,0,115.0,val,622327.4120950401,4596715.072437898,27.585915557064045
road_1462_1,road,1462,1,115.0,val,622337.3090088065,4596689.393972234,27.586685964302625
road_1462_2,road,1462,2,115.0,val,622349.8043083034,4596664.817227531,27.58746976970632
road_1463_0,road,1463,0,102.0,val,621922.2469659987,4596361.224900384,39.30306660547571
road_1463_1,road,1463,1,114.0,train,621891.8889549983,4596386.104045371,39.289262248976165
road_1463_2,road,1463,2,114.0,train,621857.5319307067,4596405.060023532,39.30208423738478
road_1463_3,road,1463,3,114.0,train,621823.0621370472,4596423.943533073,39.30584418308168
road_1463_4,road,1463,4,114.0,train,621790.5813800653,4596445.990360609,39.22688607149786
road_1463_5,road,1463,5,114.0,train,621788.6355368042,4596474.949175068,38.87845742956311
road_1463_6,road,1463,6,114.0,train,621809.712977665,4596506.819454813,39.28458254230451
road_1464_0,road,1464,0,137.0,train,621512.9434279758,4597453.210691762,39.20011420362366
road_1464_1,road,1464,1,137.0,train,621514.5485550774,4597490.648920061,38.71130256072951
road_1465_0,road,1465,0,139.0,train,622359.2654802075,4597358.24258925,34.111043596068626
road_1465_1,road,1465,1,139.0,train,622389.9860590446,4597344.489727617,34.19988295037179
road_1466_0,road,1466,0,128.0,train,622587.6701685174,4596862.093174961,23.758001163677893
road_1466_1,road,1466,1,128.0,train,622601.4208307228,4596880.848734159,23.74689649622236
road_1467_0,road,1467,0,103.0,train,622327.5752111553,4596346.739146347,36.544324739953225
road_1467_1,road,1467,1,103.0,train,622314.0426362051,4596314.542680108,36.73501731015032
road_1467_2,road,1467,2,103.0,train,622292.723669144,4596284.774579421,36.77116392338129
road_1468_0,road,1468,0,103.0,train,622437.6410848534,4596229.989120594,27.315934214844173
road_1468_1,road,1468,1,103.0,train,622419.6798555823,4596250.422317762,27.31300642338766
road_1469_0,road,1469,0,104.0,test,622719.6178319339,4596065.657053431,26.312978173355543
road_1469_1,road,1469,1,104.0,test,622727.2595203004,4596040.48116363,26.31419148799367
road_1470_0,road,1470,0,105.0,train,623047.968857202,4596238.559090234,36.93966835955001
road_1470_1,road,1470,1,105.0,train,623028.1235427385,4596269.679969162,36.9388407173714
road_1470_2,road,1470,2,105.0,train,623008.321970691,4596300.840332676,36.93672048407755
road_1470_3,road,1470,3,105.0,train,622990.5172458818,4596333.185874599,36.93537031281646
road_1470_4,road,1470,4,105.0,train,622975.384125362,4596366.870637419,36.93960809304231
road_1470_5,road,1470,5,117.0,train,622953.4571527875,4596393.295483628,36.66635973749394
road_1470_6,road,1470,6,117.0,train,622919.7741517267,4596380.651379209,36.89773744347841
road_1470_7,road,1470,7,105.0,train,622883.5204375006,4596374.10330967,36.917501955677785
road_1470_8,road,1470,8,104.0,test,622846.8764942405,4596374.58943262,36.905969636961686
road_1470_9,road,1470,9,104.0,test,622813.6004289165,4596359.444367294,36.92139021423306
road_1470_10,road,1470,10,104.0,test,622783.0050210054,4596339.074797494,36.90146433475592
road_1471_0,road,1471,0,104.0,test,622744.5633000769,4596374.162541248,38.23927750396042
road_1471_1,road,1471,1,116.0,train,622738.2583658048,4596411.66078744,38.21949654101252
road_1471_2,road,1471,2,116.0,train,622741.4396040591,4596449.616135467,38.21227790584478
road_1471_3,road,1471,3,116.0,train,622735.9255231216,4596487.250293599,38.19857937941357
road_1471_4,road,1471,4,116.0,train,622740.6089827692,4596524.633500887,38.238359663850126
road_1472_0,road,1472,0,116.0,train,622809.2485820558,4596433.078521269,30.455052819285115
road_1472_1,road,1472,1,116.0,train,622781.38437362,4596421.073675721,30.475464839436093
road_1472_2,road,1472,2,116.0,train,622753.0680922987,4596409.848749831,30.473736743825462
road_1473_0,road,1473,0,116.0,train,622734.1813098422,4596553.528200106,33.18961960553183
road_1473_1,road,1473,1,116.0,train,622712.7087844504,4596578.045142685,33.222780582866775
road_1474_0,road,1474,0,116.0,train,622756.4702184178,4596559.873730972,39.48466826906458
road_1474_1,road,1474,1,116.0,train,622774.0131499058,4596595.204044028,39.47342001683595
road_1474_2,road,1474,2,116.0,train,622794.2687143186,4596628.88529077,39.47486935641382
road_1474_3,road,1474,3,116.0,train,622823.1167562103,4596655.792051501,39.48390698499287
road_1474_4,road,1474,4,116.0,train,622850.6594882117,4596684.056002998,39.47676136446309
road_1474_5,road,1474,5,117.0,train,622875.4664681356,4596714.700103907,39.47674639723
road_1474_6,road,1474,6,117.0,train,622902.4871354275,4596743.422080007,39.484779462470414
road_1474_7,road,1474,7,129.0,test,622930.6579087777,4596771.08610056,39.48437140530815
road_1474_8,road,1474,8,129.0,test,622960.2416457443,4596797.164187367,39.45389314848334
road_1474_9,road,1474,9,129.0,test,622994.078224481,4596815.107651896,37.68747291426739
road_1474_10,road,1474,10,129.0,test,622973.3728862699,4596843.025866761,39.48131807959669
road_1474_11,road,1474,11,129.0,test,622943.7680659605,4596867.056001521,37.30749042706069
road_1474_12,road,1474,12,129.0,test,622940.0286068567,4596830.771882156,39.44257351420065
road_1474_13,road,1474,13,129.0,test,622939.1900270209,4596791.916684277,39.46370430862245
road_1475_0,road,1475,0,129.0,test,622951.648704576,4596822.622747653,20.517814410035424
road_1476_0,road,1476,0,129.0,test,622942.6387240099,4596886.781814906,37.28731070662369
road_1476_1,road,1476,1,129.0,test,622944.666470426,4596923.815501101,36.90914242209261
road_1476_2,road,1476,2,129.0,test,622923.7328757192,4596950.151580879,37.27856316830386
road_1476_3,road,1476,3,129.0,test,622894.9471795557,4596972.996745339,37.258957257413975
road_1476_4,road,1476,4,128.0,train,622866.0372619056,4596995.356905104,36.61565502105222
road_1476_5,road,1476,5,128.0,train,622866.0491424204,4596976.119073558,34.436169340983454
road_1477_0,road,1477,0,128.0,train,622865.9202930832,4596955.346084211,33.74178889452031
road_1477_1,road,1477,1,129.0,test,622884.6035823205,4596927.288026795,33.730187487990854
road_1477_2,road,1477,2,129.0,test,622902.1374453267,4596898.528001962,33.7009811939717
road_1477_3,road,1477,3,129.0,test,622925.917247129,4596875.310269842,33.73069545791879
road_1478_0,road,1478,0,129.0,test,622938.0214253131,4596842.970343747,21.58079251291497
road_1478_1,road,1478,1,129.0,test,622931.0580957811,4596863.368394531,21.59074628917084
road_1479_0,road,1479,0,128.0,train,622672.4532331917,4597067.091620813,35.52096252452353
road_1479_1,road,1479,1,128.0,train,622698.8621109892,4597043.588446801,35.60734160915548
road_1479_2,road,1479,2,128.0,train,622729.632189456,4597025.982415151,35.603719303408674
road_1479_3,road,1479,3,128.0,train,622760.1078609894,4597007.737740147,35.59537329976485
road_1479_4,road,1479,4,128.0,train,622788.6226895656,4596986.680407334,35.57616100212761
road_1479_5,road,1479,5,128.0,train,622812.9390961239,4596961.02003797,35.554472713010995
road_1479_6,road,1479,6,128.0,train,622845.9020046841,4596965.010337653,35.53249173163039
road_1480_0,road,1480,0,128.0,train,622851.5151376441,4597013.447700156,38.75280410478202
road_1480_1,road,1480,1,128.0,train,622848.4622139783,4597049.727232725,38.78278918790021
road_1480_2,road,1480,2,128.0,train,622855.5618907495,4597087.777044182,38.82612997287073
road_1480_3,road,1480,3,140.0,train,622859.1213080032,4597126.376598958,38.81521666517405
road_1480_4,road,1480,4,140.0,train,622872.0761390752,4597162.8424427295,38.70822289786835
road_1480_5,road,1480,5,141.0,train,622884.3423477474,4597199.149685942,38.82776810106945
road_1480_6,road,1480,6,141.0,train,622899.4848987854,4597234.816712768,38.81963817659025
road_1480_7,road,1480,7,141.0,train,622920.3259137995,4597267.394085664,38.7481922362955
road_1480_8,road,1480,8,141.0,train,622937.8501931912,4597301.401731198,38.79539078029758
road_1480_9,road,1480,9,141.0,train,622927.4803231168,4597336.691384668,38.62228158372184
road_1480_10,road,1480,10,141.0,train,622904.1957552095,4597366.923656701,38.61989300209724
road_1480_11,road,1480,11,141.0,train,622875.0829066513,4597390.393532788,38.78276474659111
road_1480_12,road,1480,12,140.0,train,622838.9981191091,4597403.355622184,38.82762627313338
road_1481_0,road,1481,0,141.0,train,622921.2982765022,4597365.704438938,34.571700762277395
road_1481_1,road,1481,1,141.0,train,622915.0448205092,4597399.509569344,34.64358861149164
road_1481_2,road,1481,2,141.0,train,622899.0621788449,4597430.202453297,34.638255156359904
road_1481_3,road,1481,3,141.0,train,622879.1624668041,4597458.389329455,34.63717134904297
road_1481_4,road,1481,4,140.0,train,622858.6593440367,4597485.939420419,34.606754877834206
road_1482_0,road,1482,0,140.0,train,622802.9824271301,4597492.26057679,29.44807686056906
road_1483_0,road,1483,0,141.0,train,622939.2988990234,4597367.377011702,35.96079401795897
road_1483_1,road,1483,1,141.0,train,622967.5464318945,4597384.655747777,35.86725528433477
road_1483_2,road,1483,2,141.0,train,622975.3854871455,4597419.200095872,35.99043074341294
road_1483_3,road,1483,3,141.0,train,622959.682148388,4597451.4340999015,36.04854714169584
road_1483_4,road,1483,4,141.0,train,622942.6058105448,4597483.154953835,36.0446727550275
road_1484_0,road,1484,0,140.0,train,622677.0539114367,4597318.815923831,39.09473855005747
road_1484_1,road,1484,1,140.0,train,622710.2589033273,4597298.637955864,39.113382554090464
road_1484_2,road,1484,2,140.0,train,622738.7833309333,4597272.339019708,39.09758378655964
road_1484_3,road,1484,3,140.0,train,622760.2817271227,4597239.725299545,39.08230345881156
road_1484_4,road,1484,4,140.0,train,622791.6427045299,4597218.242580392,39.08247001539071
road_1484_5,road,1484,5,140.0,train,622826.41739138,4597200.589521934,39.101064944276025
road_1484_6,road,1484,6,140.0,train,622860.0520179231,4597180.6700834,39.097138707169016
road_1485_0,road,1485,0,129.0,test,622922.32380513,4597106.583884023,32.31535500681534
road_1485_1,road,1485,1,141.0,train,622906.9700280714,4597135.009294233,32.31585686731404
road_1485_2,road,1485,2,141.0,train,622888.6527141973,4597161.305171846,32.22682012448082
road_1486_0,road,1486,0,129.0,test,622933.0721632611,4597119.556849752,38.189130374260834
road_1486_1,road,1486,1,141.0,train,622968.1770391706,4597134.160903385,38.32323097515663
road_1486_2,road,1486,2,141.0,train,622993.2081079325,4597162.798429704,38.358465815022775
road_1486_3,road,1486,3,141.0,train,623021.1975176004,4597175.572354411,37.23279597309494
road_1486_4,road,1486,4,141.0,train,623048.5572135882,4597150.860514492,38.24818612176729
road_1486_5,road,1486,5,141.0,train,623081.5225144746,4597131.755946239,38.19437394829593
road_1486_6,road,1486,6,129.0,test,623116.7416045092,4597120.061565158,38.34729423940355
road_1486_7,road,1486,7,141.0,train,623154.5122599464,4597125.69877152,38.339598728348406
road_1486_8,road,1486,8,141.0,train,623189.8041786203,4597140.263019005,38.35570834381026
road_1486_9,road,1486,9,141.0,train,623224.6027187473,4597156.322771004,38.34883210243044
road_1486_10,road,1486,10,142.0,train,623258.4618316938,4597174.08085398,38.31624362554184
road_1487_0,road,1487,0,141.0,train,623028.2486550057,4597195.785583742,36.475191821286245
road_1487_1,road,1487,1,141.0,train,623048.1307581791,4597226.330382782,36.4764758722874
road_1487_2,road,1487,2,141.0,train,623067.2170555202,4597256.021603853,36.299037008628616
road_1487_3,road,1487,3,141.0,train,623100.2388750155,4597270.83607778,36.44473001727113
road_1487_4,road,1487,4,141.0,train,623132.0923379415,4597286.683354007,36.409874553179385
road_1487_5,road,1487,5,141.0,train,623152.9685652871,4597316.140290738,36.213349514794814
road_1487_6,road,1487,6,141.0,train,623136.4506121157,4597345.516590691,36.47436157320894
road_1487_7,road,1487,7,141.0,train,623109.2387523336,4597369.747016525,36.47575576236709
road_1487_8,road,1487,8,141.0,train,623083.7270151136,4597395.325739684,36.42186987679337
road_1487_9,road,1487,9,141.0,train,623065.8421702546,4597426.955783309,36.47432924511693
road_1487_10,road,1487,10,141.0,train,623049.9630351596,4597459.738757567,36.4666732937226
road_1488_0,road,1488,0,141.0,train,623062.6006698703,4597348.242804329,39.40149151046924
road_1488_1,road,1488,1,141.0,train,623055.6183587427,4597309.563718923,39.40304705471669
road_1488_2,road,1488,2,141.0,train,623054.7677038499,4597270.384935183,39.266628376232426
road_1489_0,road,1489,0,141.0,train,623152.7350646715,4597346.774311638,35.48895221314921
road_1489_1,road,1489,1,141.0,train,623152.1003645803,4597382.247756894,35.48960560030584
road_1489_2,road,1489,2,141.0,train,623152.4414935835,4597417.696416974,35.485016228422
road_1489_3,road,1489,3,141.0,train,623146.434541023,4597451.311679646,35.39816291749534
road_1490_0,road,1490,0,141.0,train,623059.4230020398,4597463.560082494,22.967105417812757
road_1490_1,road,1490,1,141.0,train,623074.1947548741,4597481.111431421,22.9687809379879
road_1491_0,road,1491,0,141.0,train,623157.1723030108,4597455.854642731,33.47775919376285
road_1491_1,road,1491,1,141.0,train,623180.2476158976,4597477.428131194,33.515780447209494
road_1491_2,road,1491,2,141.0,train,623213.1446385012,4597483.188411373,33.59636279455775
road_1491_3,road,1491,3,141.0,train,623246.0154842045,4597480.225682757,33.477842263151445
road_1492_0,road,1492,0,129.0,test,623006.378834306,4596832.988600794,34.80180227817534
road_1492_1,road,1492,1,129.0,test,623020.8182718242,4596863.528616633,34.68207946598396
road_1492_2,road,1492,2,129.0,test,623010.3697357549,4596896.374647159,34.789831372876456
road_1492_3,road,1492,3,129.0,test,623008.6338482945,4596931.028729079,34.76982742602088
road_1492_4,road,1492,4,129.0,test,623023.3738588003,4596961.954857531,34.748529747752364
road_1492_5,road,1492,5,129.0,test,623053.3969600712,4596972.59184569,34.702133792412575
road_1493_0,road,1493,0,129.0,test,623010.4033379254,4596802.412300176,34.9532068885394
road_1493_1,road,1493,1,129.0,test,623028.6796901779,4596772.884859662,34.933394055054734
road_1493_2,road,1493,2,117.0,train,623042.0073056576,4596740.96782658,34.245826139267
road_1493_3,road,1493,3,117.0,train,623074.230019021,4596741.884581645,34.813771798615605
road_1493_4,road,1493,4,117.0,train,623104.6400242925,4596726.687472207,34.956174859711666
road_1494_0,road,1494,0,117.0,train,622970.5576567665,4596643.43489996,34.442783945372454
road_1494_1,road,1494,1,117.0,train,622998.7406669768,4596663.205170761,34.425945932119134
road_1494_2,road,1494,2,117.0,train,623029.3148088529,4596678.817043161,34.42630804552257
road_1494_3,road,1494,3,117.0,train,623057.8838828839,4596697.950846825,34.42756824557873
road_1494_4,road,1494,4,117.0,train,623081.5556404501,4596722.93940635,34.44277063097132
road_1495_0,road,1495,0,117.0,train,622946.3780328489,4596618.0554468185,36.84986737115009
road_1495_1,road,1495,1,117.0,train,622942.3028355591,4596582.155785264,36.80765103977538
road_1495_2,road,1495,2,117.0,train,622950.2449486975,4596546.189496845,36.88764354163385
road_1495_3,road,1495,3,117.0,train,622956.3914689801,4596509.830063834,36.86445997565095
road_1495_4,road,1495,4,117.0,train,622957.9369746512,4596473.130973318,36.886901035490325
road_1495_5,road,1495,5,117.0,train,622956.656555637,4596436.292049456,36.86945952573933
road_1495_6,road,1495,6,117.0,train,622942.1882919203,4596402.464430646,36.85146262304544
road_1496_0,road,1496,0,117.0,train,622967.4153054745,4596403.1460289145,30.277233639616504
road_1496_1,road,1496,1,117.0,train,622988.3043668858,4596424.577451722,30.120210518976396
road_1496_2,road,1496,2,117.0,train,623017.728827001,4596423.3625925975,30.269248499843307
road_1496_3,road,1496,3,117.0,train,623047.6504394648,4596419.576327936,30.163972811556032
road_1497_0,road,1497,0,105.0,train,623047.7268163444,4596309.584966678,35.915082858161895
road_1497_1,road,1497,1,105.0,train,623013.5763815924,4596320.093690737,35.92900946784531
road_1498_0,road,1498,0,105.0,train,623064.4117744562,4596327.155126637,32.53001868671943
road_1499_0,road,1499,0,105.0,train,623081.0339594187,4596313.900939587,31.26611068828365
road_1499_1,road,1499,1,105.0,train,623110.9624025037,4596322.321772463,31.284173391469395
road_1499_2,road,1499,2,105.0,train,623141.4375602129,4596329.15815381,31.28983997590111
road_1499_3,road,1499,3,105.0,train,623171.3758732881,4596337.8562273765,31.2888665065917
road_1500_0,road,1500,0,117.0,train,623115.0428766063,4596583.530815503,38.94931117521174
road_1500_1,road,1500,1,117.0,train,623121.4632499815,4596621.833532794,39.06455426490396
road_1500_2,road,1500,2,117.0,train,623126.4881973471,4596660.391820754,39.05225115735709
road_1500_3,road,1500,3,117.0,train,623123.5607070237,4596699.101282263,38.63239282463934
road_1501_0,road,1501,0,117.0,train,623136.8617920929,4596705.863415537,29.967711404826616
road_1501_1,road,1501,1,117.0,train,623166.1018207383,4596710.051784481,30.062034732157016
road_1502_0,road,1502,0,117.0,train,623195.7827899593,4596723.823349932,36.72673354849815
road_1502_1,road,1502,1,129.0,test,623203.4815809386,4596758.291669944,36.7237133722788
road_1502_2,road,1502,2,129.0,test,623191.5216319951,4596792.363366033,36.85569561999299
road_1502_3,road,1502,3,129.0,test,623167.4382339299,4596819.988695637,36.7530986143832
road_1502_4,road,1502,4,129.0,test,623148.8869020214,4596851.446929921,36.92692003750229
road_1502_5,road,1502,5,129.0,test,623130.7723517823,4596883.567981688,36.913048606119375
road_1502_6,road,1502,6,129.0,test,623128.5035237712,4596917.98440799,36.785934588980446
road_1502_7,road,1502,7,129.0,test,623152.2430160225,4596945.80260983,36.92339891680233
road_1502_8,road,1502,8,129.0,test,623180.9257409631,4596963.306281047,36.23313767859574
road_1502_9,road,1502,9,129.0,test,623210.4283866702,4596982.16618073,36.72205864814562
road_1502_10,road,1502,10,129.0,test,623245.3279120275,4596983.784014285,36.86766441042674
road_1502_11,road,1502,11,130.0,train,623280.5369394602,4596994.062187073,36.91492543710294
road_1503_0,road,1503,0,118.0,test,623320.764047667,4596742.428987405,30.53531719152694
road_1503_1,road,1503,1,130.0,train,623308.0916128583,4596769.541509876,30.601353563144706
road_1503_2,road,1503,2,130.0,train,623306.8924553173,4596797.404120671,30.40502683032008
road_1503_3,road,1503,3,130.0,train,623317.4863385028,4596825.595002467,30.605959030733025
road_1504_0,road,1504,0,130.0,train,623288.027896029,4596768.717352263,35.46277904393323
road_1504_1,road,1504,1,130.0,train,623254.4620947026,4596758.290052168,35.38946091429281
road_1504_2,road,1504,2,117.0,train,623222.751167932,4596742.74179632,35.4109534309304
road_1505_0,road,1505,0,118.0,test,623301.0355376697,4596733.840095903,36.69914577807175
road_1505_1,road,1505,1,118.0,test,623265.9874381801,4596743.943428063,36.52145488412185
road_1506_0,road,1506,0,117.0,train,623138.2350876497,4596555.81816729,36.57921224266117
road_1506_1,road,1506,1,117.0,train,623170.6823797761,4596568.591185662,36.635333541933335
road_1507_0,road,1507,0,117.0,train,623232.1768840804,4596547.549016159,28.937982456400302
road_1507_1,road,1507,1,117.0,train,623207.3789190656,4596562.12686414,28.839976231129228
road_1507_2,road,1507,2,117.0,train,623178.8088760595,4596563.669177607,28.958863485464832
road_1508_0,road,1508,0,118.0,test,623256.172525743,4596525.198115934,36.670939074108446
road_1508_1,road,1508,1,118.0,test,623281.9693512574,4596500.154416271,36.592486560038985
road_1508_2,road,1508,2,118.0,test,623318.3716405552,4596497.363604318,36.67897987153849
road_1508_3,road,1508,3,118.0,test,623353.8467991618,4596503.588249538,36.545173266125296
road_1508_4,road,1508,4,118.0,test,623377.2738428832,4596530.474902522,36.62663399124907
road_1508_5,road,1508,5,118.0,test,623404.1611812307,4596555.308118938,36.65768064814181
road_1508_6,road,1508,6,118.0,test,623424.311520941,4596585.847019487,36.683730656581545
road_1508_7,road,1508,7,118.0,test,623444.7701825772,4596616.207662183,36.63546323140796
road_1508_8,road,1508,8,118.0,test,623458.1310365296,4596650.189017292,36.66023874875808
road_1509_0,road,1509,0,118.0,test,623439.8264434928,4596637.115825536,31.08336300107151
road_1509_1,road,1509,1,118.0,test,623436.3049370366,4596667.54553873,31.07976506649304
road_1509_2,road,1509,2,118.0,test,623439.7165564072,4596698.298843405,31.104189429267414
road_1510_0,road,1510,0,118.0,test,623447.3545609064,4596587.043435246,35.07374473164852
road_1510_1,road,1510,1,118.0,test,623422.1628605266,4596563.2397383,35.03909369236262
road_1511_0,road,1511,0,118.0,test,623371.0704993339,4596377.011345048,38.52376597277095
road_1511_1,road,1511,1,118.0,test,623375.9748712135,4596415.065737858,38.51827279079694
road_1511_2,road,1511,2,118.0,test,623375.4899531576,4596453.5813532015,38.52851208391902
road_1511_3,road,1511,3,118.0,test,623372.2165943043,4596491.841630252,38.49894979896032
road_1512_0,road,1512,0,118.0,test,623473.1724292682,4596683.31796492,36.30387927453912
road_1512_1,road,1512,1,118.0,test,623475.132637314,4596719.361990073,36.36398376808316
road_1512_2,road,1512,2,130.0,train,623472.6495666667,4596755.623500432,36.363629352902
road_1512_3,road,1512,3,130.0,train,623475.4476971426,4596791.506721245,36.34131647451933
road_1512_4,road,1512,4,130.0,train,623488.283449777,4596825.514476558,36.36637700564998
road_1512_5,road,1512,5,130.0,train,623501.7371481714,4596859.297322591,36.36323246772908
road_1512_6,road,1512,6,130.0,train,623513.1748257036,4596893.797086753,36.36091064912014
road_1512_7,road,1512,7,130.0,train,623526.9848969353,4596927.288788965,36.34549482205836
road_1512_8,road,1512,8,130.0,train,623532.7534509425,4596963.088811335,36.36527719055495
road_1513_0,road,1513,0,130.0,train,623494.5773010289,4596818.072375029,39.156830857492885
road_1513_1,road,1513,1,130.0,train,623515.9654446478,4596849.772458149,39.14195674974916
road_1513_2,road,1513,2,130.0,train,623522.8963496598,4596888.249019642,39.13732422774182
road_1514_0,road,1514,0,130.0,train,623621.3180801751,4597002.648791055,36.56966785575239
road_1514_1,road,1514,1,130.0,train,623586.8746129129,4596994.021663306,36.43887785300199
road_1514_2,road,1514,2,130.0,train,623551.7796989646,4596986.170416159,36.6102039351793
road_1515_0,road,1515,0,106.0,val,623353.6465453741,4596342.388343061,39.95295328686513
road_1515_1,road,1515,1,106.0,val,623346.8653122907,4596303.277937702,39.95930983446316
road_1515_2,road,1515,2,106.0,val,623345.5727904547,4596263.401372111,39.971444187314354
road_1515_3,road,1515,3,106.0,val,623344.9851332932,4596223.471064604,39.96568518808599
road_1515_4,road,1515,4,106.0,val,623353.460690732,4596184.560138058,39.96482892575406
road_1515_5,road,1515,5,106.0,val,623358.0665573607,4596144.9124441575,39.94638985703018
road_1515_6,road,1515,6,106.0,val,623359.1492734042,4596105.079392202,39.97615381002632
road_1515_7,road,1515,7,106.0,val,623362.0744961903,4596065.242339219,39.96806773372077
road_1515_8,road,1515,8,106.0,val,623365.3941141039,4596025.444173968,39.9705004022042
road_1515_9,road,1515,9,94.0,val,623369.049458731,4595985.666411876,39.95847432637629
road_1515_10,road,1515,10,94.0,val,623365.8060950564,4595945.888747547,39.962383058713264
road_1515_11,road,1515,11,94.0,val,623357.6196486084,4595907.634021804,38.38434530274648
road_1515_12,road,1515,12,94.0,val,623327.2188013443,4595916.550715721,39.71382076502496
road_1515_13,road,1515,13,94.0,val,623316.2835800503,4595954.17647386,39.97391400481007
road_1515_14,road,1515,14,94.0,val,623309.3565955487,4595993.518723137,39.97493201520001
road_1515_15,road,1515,15,106.0,val,623301.2540492384,4596032.576779684,39.94653877762151
road_1515_16,road,1515,16,106.0,val,623278.3159698314,4596064.591006953,39.95320696166064
road_1515_17,road,1515,17,105.0,train,623243.0591682679,4596081.124047724,39.88458991460352
road_1516_0,road,1516,0,93.0,test,623199.9618360074,4595841.3108528815,35.45767702706427
road_1516_1,road,1516,1,93.0,test,623227.7203033561,4595863.347302231,35.454002156287714
road_1516_2,road,1516,2,94.0,val,623259.0229459747,4595877.634158628,35.358965819039085
road_1516_3,road,1516,3,94.0,val,623294.1642565882,4595881.859432275,35.450952345720424
road_1516_4,road,1516,4,94.0,val,623325.2885317468,4595897.09269493,35.38464788772328
road_1517_0,road,1517,0,94.0,val,623328.2790053155,4595730.651008953,39.165094638413656
road_1517_1,road,1517,1,94.0,val,623320.4072928721,4595768.5147618735,39.20491774398722
road_1517_2,road,1517,2,94.0,val,623328.0947072804,4595806.710982592,39.23398980443521
road_1517_3,road,1517,3,94.0,val,623343.9745382544,4595842.502958941,39.21845955791592
road_1517_4,road,1517,4,94.0,val,623354.4838272945,4595880.160742638,39.19358033412394
road_1518_0,road,1518,0,106.0,val,623377.7353409949,4596374.988786226,33.23681402072324
road_1518_1,road,1518,1,118.0,test,623391.4702029057,4596405.066867336,33.23951870265352
road_1518_2,road,1518,2,118.0,test,623408.7219805892,4596432.907854103,32.27507994166967
road_1518_3,road,1518,3,118.0,test,623390.5402941643,4596456.30452692,33.22663615388859
road_1519_0,road,1519,0,118.0,test,623421.9167464736,4596424.573497957,31.68616439583994
road_1519_1,road,1519,1,118.0,test,623445.4739897068,4596403.39460124,31.685952662722077
road_1519_2,road,1519,2,118.0,test,623470.4607546197,4596383.917487921,31.685595391646302
road_1520_0,road,1520,0,106.0,val,623380.8307587266,4596182.869737562,32.13450537442081
road_1520_1,road,1520,1,106.0,val,623372.3256540973,4596213.839304252,32.119996836274126
road_1520_2,road,1520,2,106.0,val,623357.4128941243,4596241.953205816,32.07674111736532
road_1521_0,road,1521,0,106.0,val,623386.2472779065,4596147.334958003,39.86434414127838
road_1521_1,road,1521,1,106.0,val,623386.7662145736,4596107.506838092,39.87150573215376
road_1521_2,road,1521,2,106.0,val,623388.2811530173,4596067.663170041,39.87376127603658
road_1521_3,road,1521,3,106.0,val,623389.6947759654,4596027.815026023,39.87271464763819
road_1521_4,road,1521,4,94.0,val,623389.4356300258,4595987.943121658,39.87367128966443
road_1521_5,road,1521,5,94.0,val,623390.5474062077,4595948.084971722,39.87377211915603
road_1521_6,road,1521,6,94.0,val,623392.0455502127,4595908.364457152,39.63499284471364
road_1521_7,road,1521,7,94.0,val,623372.5998688088,4595875.5328415455,39.6994612977239
road_1522_0,road,1522,0,94.0,val,623381.1057794135,4595859.253902774,38.14653143632556
road_1522_1,road,1522,1,94.0,val,623394.0186915695,4595824.180879666,37.39236901258082
road_1522_2,road,1522,2,94.0,val,623401.140503399,4595843.480034241,38.166561142661365
road_1522_3,road,1522,3,94.0,val,623397.4130030529,4595881.164192904,38.16174574155215
road_1523_0,road,1523,0,94.0,val,623391.0011433123,4595795.810387375,39.48895625784952
road_1523_1,road,1523,1,94.0,val,623380.5460576761,4595757.732662668,39.48730072433469
road_1523_2,road,1523,2,94.0,val,623381.8700480682,4595719.216073291,39.43703714287773
road_1523_3,road,1523,3,94.0,val,623383.1658058584,4595680.081164051,39.45934417399508
road_1523_4,road,1523,4,94.0,val,623377.8690905679,4595641.130120784,39.4734262736288
road_1523_5,road,1523,5,82.0,train,623370.6751684237,4595602.312086468,39.48823124565749
road_1523_6,road,1523,6,82.0,train,623363.1538097571,4595563.566440251,39.48878539561433
road_1524_0,road,1524,0,82.0,train,623355.14193571,4595525.34148076,38.66342942649179
road_1524_1,road,1524,1,82.0,train,623344.0765802506,4595488.40923361,38.64631337283787
road_1524_2,road,1524,2,82.0,train,623329.3290614648,4595452.685330505,38.66257331975582
road_1524_3,road,1524,3,82.0,train,623314.1457967375,4595417.157469183,38.65926890109155
road_1524_4,road,1524,4,82.0,train,623296.7800070534,4595382.622148557,38.66045174411302
road_1524_5,road,1524,5,82.0,train,623277.3370773981,4595349.302275147,38.583311724105215
road_1524_6,road,1524,6,81.0,val,623247.1323386513,4595328.850380296,38.5668709454408
road_1524_7,road,1524,7,81.0,val,623212.1365341699,4595338.581200915,37.58771809916112
road_1524_8,road,1524,8,81.0,val,623217.2097590512,4595368.1705002105,38.65683946154002
road_1524_9,road,1524,9,81.0,val,623237.7582549837,4595400.863874068,38.663307785992345
road_1524_10,road,1524,10,82.0,train,623256.3200231993,4595434.7785610575,38.66288626452925
road_1524_11,road,1524,11,82.0,train,623273.8649658705,4595469.221804436,38.66028883918148
road_1524_12,road,1524,12,82.0,train,623292.9362911036,4595502.734151697,38.63785361960334
road_1524_13,road,1524,13,82.0,train,623304.3732040186,4595539.600153946,38.65687441438888
road_1524_14,road,1524,14,82.0,train,623309.8927959913,4595577.829535453,38.66297290972997
road_1524_15,road,1524,15,82.0,train,623313.3298784007,4595616.33964872,38.66342829081094
road_1524_16,road,1524,16,94.0,val,623317.5280219378,4595654.766916265,38.662655291890175
road_1524_17,road,1524,17,94.0,val,623324.145719619,4595692.783053772,38.64995058957278
road_1525_0,road,1525,0,81.0,val,623187.3270672563,4595357.496845644,36.22764704293071
road_1525_1,road,1525,1,81.0,val,623157.9333478793,4595378.246540371,36.1936605296972
road_1525_2,road,1525,2,81.0,val,623123.1675092756,4595386.727440818,36.03832479554954
road_1525_3,road,1525,3,81.0,val,623096.8048709822,4595365.143867468,36.19853776138392
road_1526_0,road,1526,0,81.0,val,623239.1419983213,4595418.626907004,26.66738392175944
road_1526_1,road,1526,1,81.0,val,623240.1068931823,4595445.073138391,26.448307551905373
road_1526_2,road,1526,2,82.0,train,623260.9417248243,4595461.089033787,26.66726611484728
road_1527_0,road,1527,0,81.0,val,623046.2908758494,4595295.161480127,39.64348125874462
road_1527_1,road,1527,1,81.0,val,623069.5068928809,4595293.770639933,37.71494763766193
road_1527_2,road,1527,2,81.0,val,623084.5574068556,4595329.388387011,39.6507965684729
road_1528_0,road,1528,0,81.0,val,623068.4027075341,4595260.261441384,38.24084199497008
road_1528_1,road,1528,1,69.0,train,623073.2404906746,4595222.378699839,38.24342699237599
road_1528_2,road,1528,2,69.0,train,623075.1380343316,4595184.187460793,38.247966092975695
road_1528_3,road,1528,3,69.0,train,623075.7272228166,4595145.956792392,38.22609983319436
road_1528_4,road,1528,4,69.0,train,623071.5919170106,4595108.151213497,38.24831620708462
road_1528_5,road,1528,5,69.0,train,623062.975336915,4595070.888848067,38.245713707822496
road_1528_6,road,1528,6,69.0,train,623051.1916743743,4595034.522835565,38.24722589763101
road_1528_7,road,1528,7,69.0,train,623036.3981335273,4594999.271652514,38.245324994357134
road_1528_8,road,1528,8,69.0,train,623014.2150794823,4594969.608445851,38.1816025772964
road_1529_0,road,1529,0,69.0,train,622914.8751175826,4594930.004695739,35.38619706298671
road_1529_1,road,1529,1,69.0,train,622915.9523009208,4594894.688395265,35.35462691044878
road_1529_2,road,1529,2,57.0,train,622911.455421442,4594868.487568213,35.33469588032382
road_1529_3,road,1529,3,69.0,train,622928.0602805413,4594899.636962497,35.38717251130209
road_1529_4,road,1529,4,69.0,train,622954.3386269619,4594922.627624272,35.38626014673347
road_1530_0,road,1530,0,56.0,test,622837.6336650938,4594665.369782906,39.841025887975945
road_1530_1,road,1530,1,56.0,test,622834.9162900676,4594704.827926471,39.83002816896076
road_1530_2,road,1530,2,56.0,test,622845.2656137777,4594743.17088304,39.84304372472186
road_1530_3,road,1530,3,56.0,test,622856.7008712796,4594780.775748178,39.759282696781526
road_1530_4,road,1530,4,57.0,train,622880.1714408678,4594812.840618922,39.84107176718877
road_1530_5,road,1530,5,57.0,train,622902.1249481466,4594846.030727491,39.845439359660496
road_1531_0,road,1531,0,68.0,train,622722.3948860369,4595010.90969632,32.14248397544169
road_1531_1,road,1531,1,68.0,train,622730.6474288726,4595041.942801502,32.13816652802974
road_1531_2,road,1531,2,68.0,train,622743.6537268858,4595071.307528626,32.14227975508796
road_1532_0,road,1532,0,69.0,train,623204.66507115,4594969.53104314,36.15945957129111
road_1532_1,road,1532,1,69.0,train,623203.4373393784,4595005.624027936,36.14697432408632
road_1532_2,road,1532,2,69.0,train,623204.0814515724,4595041.725209728,36.14662394173114
road_1532_3,road,1532,3,69.0,train,623198.2856451856,4595070.950003786,33.06781334881587
road_1533_0,road,1533,0,69.0,train,623204.18075186,4595093.202843623,37.68075691064624
road_1533_1,road,1533,1,69.0,train,623213.0057286691,4595129.835480961,37.680756592039664
road_1533_2,road,1533,2,69.0,train,623223.1652434395,4595166.0960376365,37.67594430890388
road_1533_3,road,1533,3,69.0,train,623231.6055823934,4595202.761547235,37.66129397054156
road_1533_4,road,1533,4,69.0,train,623230.923125534,4595240.200702604,37.60492769535945
road_1533_5,road,1533,5,81.0,val,623236.084130232,4595277.029989203,37.68058988581093
road_1533_6,road,1533,6,81.0,val,623247.4210453416,4595312.806675027,37.65053732326832
road_1534_0,road,1534,0,69.0,train,623225.2794946611,4595234.397238645,35.27256632661228
road_1534_1,road,1534,1,69.0,train,623214.7576707411,4595200.74995931,35.27240450321019
road_1534_2,road,1534,2,69.0,train,623204.6991184584,4595166.950176661,35.2736810060821
road_1534_3,road,1534,3,69.0,train,623194.7028452714,4595133.124715978,35.27372544689128
road_1534_4,road,1534,4,69.0,train,623184.8329665889,4595099.265841074,35.27286220273703
road_1534_5,road,1534,5,69.0,train,623175.4441742986,4595065.276957232,35.27252037623334
road_1535_0,road,1535,0,70.0,train,623255.4442111418,4594887.502408162,31.20605245481965
road_1535_1,road,1535,1,69.0,train,623232.2837587692,4594907.794157564,31.197405851226087
road_1535_2,road,1535,2,69.0,train,623216.3434969983,4594934.601383084,31.2037148046253
road_1536_0,road,1536,0,57.0,train,623168.8595671045,4594762.944302172,36.65932637552413
road_1537_0,road,1537,0,57.0,train,623062.8370209853,4594724.55815885,31.09144397124314
road_1537_1,road,1537,1,57.0,train,623089.578237838,4594740.43192953,31.11996948912988
road_1537_2,road,1537,2,57.0,train,623118.0146543684,4594751.435183938,31.10057367606784
road_1538_0,road,1538,0,44.0,train,622798.8326260892,4594483.591301368,32.9600476318302
road_1538_1,road,1538,1,44.0,train,622831.515479935,4594486.023462668,32.933125555920974
road_1539_0,road,1539,0,44.0,train,622718.9083086897,4594457.943385226,31.82844608037961
road_1539_1,road,1539,1,44.0,train,622749.8180139468,4594465.319339305,31.815104473775847
road_1539_2,road,1539,2,44.0,train,622778.7791367602,4594478.368988011,31.83163201710787
road_1540_0,road,1540,0,44.0,train,622699.2949654642,4594468.713971278,27.577375883972596
road_1540_1,road,1540,1,44.0,train,622693.8448835539,4594495.72016828,27.57803306367172
road_1540_2,road,1540,2,56.0,test,622692.1993699509,4594523.207346253,27.573161709181456
road_1541_0,road,1541,0,44.0,train,622688.5167699353,4594493.410504605,11.111351170303744
road_1542_0,road,1542,0,44.0,train,622712.8882306821,4594438.227502953,39.59730436491068
road_1542_1,road,1542,1,44.0,train,622736.8558746844,4594408.117227146,38.28266064779911
road_1542_2,road,1542,2,44.0,train,622723.3702882872,4594387.960833777,39.49869408238457
road_1542_3,road,1542,3,44.0,train,622697.7922303625,4594361.746487002,39.53033415376211
road_1543_0,road,1543,0,44.0,train,622763.0016517483,4594390.6601168765,35.89734995234448
road_1543_1,road,1543,1,44.0,train,622795.673820203,4594405.139996545,35.978348309397326
road_1543_2,road,1543,2,44.0,train,622828.0283929124,4594420.192849204,35.87664212429743
road_1543_3,road,1543,3,44.0,train,622862.1127617289,4594430.705030633,35.973497065247976
road_1543_4,road,1543,4,45.0,test,622893.0435399892,4594448.860564034,35.969006140030146
road_1543_5,road,1543,5,45.0,test,622917.8376734336,4594474.688101127,35.943817544915134
road_1543_6,road,1543,6,45.0,test,622947.8980881993,4594494.198928288,35.97479578278201
road_1544_0,road,1544,0,82.0,train,623289.2351110697,4595354.866168195,33.39663703470517
road_1544_1,road,1544,1,82.0,train,623316.8802338517,4595373.487507031,33.38883276213732
road_1544_2,road,1544,2,82.0,train,623342.7467340286,4595394.605714786,33.396195855464214
road_1544_3,road,1544,3,82.0,train,623369.1959009072,4595414.9951254735,33.39663703509868
road_1544_4,road,1544,4,82.0,train,623396.6444107175,4595433.840458469,33.370373698268345
road_1545_0,road,1545,0,82.0,train,623387.8641031747,4595376.643480586,39.32828318470207
road_1545_1,road,1545,1,82.0,train,623393.7490147902,4595415.326089595,39.255461587525744
road_1546_0,road,1546,0,82.0,train,623331.2463703679,4595439.868140433,33.86317375499237
road_1546_1,road,1546,1,82.0,train,623352.1025377236,4595466.283479572,33.82456302859054
road_1546_2,road,1546,2,82.0,train,623379.7851973699,4595485.47844863,33.858245299993385
road_1546_3,road,1546,3,82.0,train,623409.373755779,4595501.764902842,33.87571215950456
road_1547_0,road,1547,0,70.0,train,623314.724850178,4595218.350983792,35.606465033108634
road_1547_1,road,1547,1,70.0,train,623336.2364159449,4595246.697644724,35.58173042245878
road_1547_2,road,1547,2,82.0,train,623360.3447472152,4595272.535560874,35.531532450448374
road_1547_3,road,1547,3,82.0,train,623373.8432913767,4595305.186537834,35.609616389577155
road_1547_4,road,1547,4,82.0,train,623381.2901400657,4595339.96861498,35.61005233025033
road_1548_0,road,1548,0,70.0,train,623273.6342352979,4595141.715355356,27.684689078527512
road_1548_1,road,1548,1,70.0,train,623286.1526909627,4595166.396721182,27.718129923517825
road_1548_2,road,1548,2,70.0,train,623298.3502475424,4595191.253661997,27.716784289363307
road_1549_0,road,1549,0,70.0,train,623272.0460508992,4595046.353860941,33.23165067197471
road_1549_1,road,1549,1,70.0,train,623266.1382266042,4595079.022013527,33.22607169406001
road_1549_2,road,1549,2,70.0,train,623266.6625931923,4595112.106553867,33.20998589736783
road_1550_0,road,1550,0,82.0,train,623419.9101287123,4595451.3709866805,34.80435712808009
road_1550_1,road,1550,1,82.0,train,623446.5645782152,4595473.704065986,34.81001532742845
road_1550_2,road,1550,2,82.0,train,623474.1582077495,4595494.924250823,34.8091650883593
road_1550_3,road,1550,3,82.0,train,623502.3263327802,4595515.359054509,34.809977068556584
road_1550_4,road,1550,4,82.0,train,623531.2251079741,4595534.763037131,34.809286657993326
road_1551_0,road,1551,0,82.0,train,623415.8938305934,4595459.7196118375,34.78282518927933
road_1551_1,road,1551,1,82.0,train,623428.4234415482,4595492.03499594,34.77005157133158
road_1551_2,road,1551,2,82.0,train,623440.544650861,4595523.447901531,32.610394649513154
road_1551_3,road,1551,3,82.0,train,623433.9847195278,4595519.67437281,34.71570841352015
road_1551_4,road,1551,4,82.0,train,623411.8465085819,4595495.1086568935,34.64288709887242
road_1551_5,road,1551,5,82.0,train,623406.3071721446,4595461.034834861,34.718282271423945
road_1552_0,road,1552,0,82.0,train,623454.0111540676,4595554.57675649,39.18547918300142
road_1552_1,road,1552,1,82.0,train,623456.0440455435,4595593.573381548,39.26890717559424
road_1552_2,road,1552,2,94.0,val,623456.4007108494,4595632.62400875,39.23472486768264
road_1552_3,road,1552,3,94.0,val,623461.6397523145,4595671.385703409,39.24686273724086
road_1552_4,road,1552,4,94.0,val,623464.9467881774,4595710.413472327,39.26739981926312
road_1552_5,road,1552,5,94.0,val,623469.4425954338,4595749.395110353,39.26690007794701
road_1552_6,road,1552,6,94.0,val,623472.2367208502,4595788.55803597,39.25904567913021
road_1552_7,road,1552,7,94.0,val,623469.8046552783,4595827.559879196,39.26054547168514
road_1552_8,road,1552,8,94.0,val,623462.8765860084,4595866.20158256,39.25957743019303
road_1552_9,road,1552,9,94.0,val,623458.7990040955,4595905.101942505,39.26896387471656
road_1552_10,road,1552,10,94.0,val,623459.7274892292,4595944.33215424,39.26008087010556
road_1552_11,road,1552,11,94.0,val,623466.6831001138,4595982.929100401,39.26200513083366
road_1552_12,road,1552,12,106.0,val,623469.7862311353,4596022.0324923,39.263678924466255
road_1552_13,road,1552,13,106.0,val,623469.3356920056,4596061.244237093,39.26928710248373
road_1552_14,road,1552,14,106.0,val,623466.6199251667,4596100.3379723765,39.17523608864855
road_1552_15,road,1552,15,106.0,val,623446.2193957266,4596132.667911308,39.26728688438068
road_1552_16,road,1552,16,106.0,val,623419.2034466293,4596161.099593676,39.25666592111546
road_1552_17,road,1552,17,106.0,val,623393.0458292565,4596190.248969355,39.08354172746943
road_1552_18,road,1552,18,106.0,val,623397.3014575159,4596223.505413372,38.916231088383206
road_1553_0,road,1553,0,106.0,val,623378.8959997586,4596214.328129546,25.080731423219355
road_1554_0,road,1554,0,94.0,val,623415.7805848626,4595851.971578043,34.94406332878245
road_1554_1,road,1554,1,94.0,val,623444.929265536,4595871.229332719,34.94068201916254
road_1555_0,road,1555,0,94.0,val,623457.1243411185,4595828.513046776,29.092162003739546
road_1555_1,road,1555,1,94.0,val,623432.4935960105,4595843.920781606,29.09019009500389
road_1555_2,road,1555,2,94.0,val,623411.2191003738,4595863.6539602205,29.07839276194249
road_1556_0,road,1556,0,94.0,val,623451.8733487182,4595735.721686992,33.12145974821775
road_1556_1,road,1556,1,94.0,val,623428.7062640651,4595759.297327514,33.212588144616184
road_1556_2,road,1556,2,94.0,val,623404.1045954742,4595781.342814794,33.18117121292889
road_1557_0,road,1557,0,106.0,val,623466.7707004299,4596120.51906131,35.63181671671952
road_1557_1,road,1557,1,106.0,val,623467.4193994169,4596156.143385501,35.631567303295405
road_1557_2,road,1557,2,106.0,val,623468.3105924441,4596191.734955163,35.623672509979095
road_1557_3,road,1557,3,106.0,val,623466.843705916,4596227.061997385,35.58895218979092
road_1557_4,road,1557,4,106.0,val,623454.5064479946,4596260.373359039,35.60898031315688
road_1557_5,road,1557,5,106.0,val,623452.4432457305,4596295.75273675,35.527779510430534
road_1557_6,road,1557,6,106.0,val,623465.3749738713,4596327.697419853,35.55006728455142
road_1557_7,road,1557,7,106.0,val,623485.7334846057,4596356.243890421,35.39017537951368
road_1558_0,road,1558,0,118.0,test,623469.4898667173,4596399.685980397,33.759228906532215
road_1558_1,road,1558,1,118.0,test,623495.0144442153,4596421.638927032,33.83351279440193
road_1558_2,road,1558,2,118.0,test,623510.4474324957,4596451.283699,33.8091739874543
road_1558_3,road,1558,3,118.0,test,623535.2671985425,4596473.488827726,33.87401294715051
road_1559_0,road,1559,0,105.0,train,623203.1918595771,4596340.946458847,34.60917165972503
road_1559_1,road,1559,1,105.0,train,623237.3225984304,4596345.856328662,34.65388932156081
road_1559_2,road,1559,2,106.0,val,623271.3183493062,4596352.498449205,34.651644768444626
road_1559_3,road,1559,3,106.0,val,623305.2092027938,4596351.141412926,34.613367102536
road_1559_4,road,1559,4,106.0,val,623332.692059306,4596330.466430212,34.56707038423002
road_1560_0,road,1560,0,106.0,val,623459.8314657023,4596057.918852633,37.14998468795607
road_1560_1,road,1560,1,106.0,val,623457.3975897324,4596021.217953905,37.20242706117166
road_1560_2,road,1560,2,94.0,val,623449.9856556924,4595985.253401942,37.16655505949994
road_1560_3,road,1560,3,94.0,val,623441.1600799016,4595949.3992470205,37.202445588075975
road_1560_4,road,1560,4,94.0,val,623445.3025871589,4595913.314982923,36.97444664714055
road_1560_5,road,1560,5,94.0,val,623452.7732834343,4595878.209177555,37.18038606258768
road_1560_6,road,1560,6,94.0,val,623457.7687240425,4595841.744688717,37.20005254803785
road_1561_0,road,1561,0,82.0,train,623430.7656602164,4595533.490804533,30.50564156784018
road_1561_1,road,1561,1,82.0,train,623426.6102458191,4595563.710363811,30.53933538228592
road_1561_2,road,1561,2,82.0,train,623426.1751168113,4595594.212674393,30.53792094218796
road_1562_0,road,1562,0,143.0,test,623991.1078782054,4597137.450660987,20.763533028474097
road_1562_1,road,1562,1,143.0,test,623972.8609729959,4597127.709997507,20.73275884293076
road_1563_0,road,1563,0,131.0,train,623981.7588440973,4596976.369986033,36.36026487890844
road_1563_1,road,1563,1,131.0,train,623948.3227329369,4596990.646173528,36.354432331134056
road_1563_2,road,1563,2,131.0,train,623912.1842125666,4596993.598289323,36.35413024333274
road_1563_3,road,1563,3,131.0,train,623877.373708966,4597003.929184108,36.271766661313286
road_1563_4,road,1563,4,131.0,train,623844.0985103368,4596998.222809586,36.210338000957925
road_1563_5,road,1563,5,131.0,train,623826.5680139243,4596966.548421907,36.35675434114911
road_1563_6,road,1563,6,131.0,train,623812.648577128,4596932.978409215,36.3487091219017
road_1564_0,road,1564,0,131.0,train,623891.7962790492,4596904.392766761,30.42059133922846
road_1564_1,road,1564,1,131.0,train,623915.5493782485,4596923.078043149,30.56643137045822
road_1564_2,road,1564,2,131.0,train,623933.0085869549,4596948.034654479,30.544117034120877
road_1564_3,road,1564,3,131.0,train,623947.7884792858,4596974.437832817,30.539347209524596
road_1565_0,road,1565,0,131.0,train,623898.0320560763,4596795.167684139,35.546633936175866
road_1565_1,road,1565,1,131.0,train,623927.902680849,4596814.43377614,35.54685946334752
road_1565_2,road,1565,2,131.0,train,623958.0633705454,4596833.244790905,35.54583258659769
road_1565_3,road,1565,3,131.0,train,623988.7908136769,4596850.679914018,35.406738611888215
road_1566_0,road,1566,0,131.0,train,623991.8107701072,4596881.31036687,21.04206065375218
road_1566_1,road,1566,1,131.0,train,623987.3002593582,4596861.542939412,21.12071158859916
road_1567_0,road,1567,0,131.0,train,623865.1832620195,4596775.2742200615,38.66885901372984
road_1567_1,road,1567,1,131.0,train,623835.5967622651,4596750.485012675,38.65442543484549
road_1567_2,road,1567,2,119.0,train,623814.469624977,4596719.497669946,38.53567493847942
road_1567_3,road,1567,3,119.0,train,623820.727444002,4596681.710559776,38.647398383636414
road_1567_4,road,1567,4,119.0,train,623833.0068673062,4596645.057549389,38.664324370695226
road_1567_5,road,1567,5,119.0,train,623834.6549089013,4596606.484297812,38.62733470844296
road_1567_6,road,1567,6,119.0,train,623843.5125429826,4596569.604380759,38.47542840214194
road_1567_7,road,1567,7,119.0,train,623874.0202943496,4596554.713324496,38.51868801572063
road_1567_8,road,1567,8,119.0,train,623909.5666236669,4596567.809402782,38.56058658234538
road_1567_9,road,1567,9,119.0,train,623939.7475811961,4596587.4800810525,38.15081258918697
road_1567_10,road,1567,10,119.0,train,623956.0178294796,4596620.840830509,38.67515220447045
road_1567_11,road,1567,11,119.0,train,623982.9329716972,4596648.362983772,38.64108912285634
road_1568_0,road,1568,0,119.0,train,623914.0095844684,4596593.420475046,37.12874382977319
road_1568_1,road,1568,1,119.0,train,623893.6669121905,4596623.60762853,37.07796317622999
road_1568_2,road,1568,2,119.0,train,623913.3523053868,4596654.661564379,37.21592024971471
road_1568_3,road,1568,3,119.0,train,623930.4866324775,4596687.615417852,37.207642913374514
road_1568_4,road,1568,4,119.0,train,623954.4066898929,4596715.422525078,37.234176491168334
road_1568_5,road,1568,5,119.0,train,623983.7682455285,4596738.267494439,37.23609966938506
road_1569_0,road,1569,0,119.0,train,623941.5720573992,4596565.163751012,34.34573104920639
road_1569_1,road,1569,1,119.0,train,623952.3705193017,4596544.124365443,32.26105177003485
road_1569_2,road,1569,2,119.0,train,623968.1144167528,4596573.446035154,34.345169670801326
road_1569_3,road,1569,3,119.0,train,623988.4369188612,4596601.127211182,34.35279427708565
road_1570_0,road,1570,0,119.0,train,623944.3756052873,4596518.590842481,39.7382849928673
road_1570_1,road,1570,1,119.0,train,623955.7694788639,4596481.940511886,39.691757302789526
road_1570_2,road,1570,2,119.0,train,623983.357541079,4596453.465676978,39.7717539628802
road_1571_0,road,1571,0,107.0,train,623992.5159361938,4596321.3727710135,36.18808344869916
road_1571_1,road,1571,1,107.0,train,623972.871406392,4596291.543696577,36.01649952954286
road_1571_2,road,1571,2,107.0,train,623941.8055749388,4596275.959222766,36.187557964609645
road_1571_3,road,1571,3,107.0,train,623907.9024152142,4596263.375014248,36.18073662669038
road_1571_4,road,1571,4,107.0,train,623872.642630467,4596255.668601468,36.157402490579976
road_1571_5,road,1571,5,107.0,train,623837.4771102755,4596260.124008924,36.07057972728149
road_1571_6,road,1571,6,107.0,train,623815.1781428589,4596288.136197592,36.18584301559059
road_1571_7,road,1571,7,107.0,train,623791.6358996434,4596315.520283641,36.07269395870743
road_1571_8,road,1571,8,107.0,train,623785.705675207,4596349.144228616,36.1833150253981
road_1572_0,road,1572,0,107.0,train,623852.5195875157,4596211.656405465,29.25365467981363
road_1572_1,road,1572,1,107.0,train,623855.1715007054,4596240.486359497,29.614593370502288
road_1573_0,road,1573,0,107.0,train,623803.7422818553,4596222.506526867,29.2645995488948
road_1573_1,road,1573,1,107.0,train,623826.7244508135,4596204.607283664,29.204354377214045
road_1574_0,road,1574,0,107.0,train,623806.9606569688,4596153.248667852,39.05487500485698
road_1574_1,road,1574,1,107.0,train,623826.1535703216,4596186.914522662,39.11473689495831
road_1575_0,road,1575,0,107.0,train,623886.0671908025,4596156.970994798,28.425934859372944
road_1575_1,road,1575,1,107.0,train,623857.8271551518,4596158.628399226,28.442430364583316
road_1575_2,road,1575,2,107.0,train,623833.091738108,4596171.792818706,28.379447303841275
road_1576_0,road,1576,0,107.0,train,623648.2386110369,4596181.60101423,33.48766609953161
road_1576_1,road,1576,1,107.0,train,623680.7820445525,4596176.347257255,33.68141179828207
road_1576_2,road,1576,2,107.0,train,623714.3443236642,4596177.415233633,33.604147359874254
road_1576_3,road,1576,3,107.0,train,623746.4268032204,4596185.62295499,33.63990975368378
road_1576_4,road,1576,4,107.0,train,623779.353533487,4596191.333064207,33.67716228430064
road_1576_5,road,1576,5,107.0,train,623812.4357486006,4596196.309674169,33.64255410297192
road_1577_0,road,1577,0,107.0,train,623636.3146337281,4596133.609463287,33.257088266627555
road_1577_1,road,1577,1,107.0,train,623650.2458065503,4596163.128744524,33.21140853261471
road_1578_0,road,1578,0,106.0,val,623623.6920420484,4596156.096407604,38.51613830843625
road_1578_1,road,1578,1,106.0,val,623598.2390670558,4596184.938495339,38.50371070857848
road_1578_2,road,1578,2,106.0,val,623588.9941549997,4596221.712561502,38.52126989463365
road_1578_3,road,1578,3,106.0,val,623590.507168877,4596259.268765498,38.5085442161829
road_1578_4,road,1578,4,106.0,val,623607.4814167575,4596293.847728675,38.53864071834534
road_1578_5,road,1578,5,107.0,train,623625.1606599953,4596328.090827323,38.53666231923896
road_1578_6,road,1578,6,107.0,train,623640.314668541,4596363.503256573,38.53890809206503
road_1578_7,road,1578,7,119.0,train,623653.4261049058,4596399.738618235,38.538596829586446
road_1578_8,road,1578,8,119.0,train,623665.5769823353,4596436.278913193,38.47672625537002
road_1578_9,road,1578,9,119.0,train,623681.4087802275,4596470.977882191,38.51866875847647
road_1578_10,road,1578,10,119.0,train,623688.1699238769,4596508.899661526,38.53424564849739
road_1578_11,road,1578,11,119.0,train,623699.4156503386,4596545.639923157,38.517237908725264
road_1578_12,road,1578,12,119.0,train,623714.8886182356,4596564.017060513,36.09691868959543
road_1578_13,road,1578,13,119.0,train,623721.7969027383,4596527.404385585,38.52665650832819
road_1578_14,road,1578,14,119.0,train,623734.1382802996,4596490.917329255,38.52423790399732
road_1578_15,road,1578,15,119.0,train,623739.88727907,4596452.8438391015,38.53875962537938
road_1578_16,road,1578,16,119.0,train,623743.3569928567,4596414.531162203,38.52850874841471
road_1578_17,road,1578,17,119.0,train,623751.4632467579,4596377.046619704,38.40103922159111
road_1578_18,road,1578,18,107.0,train,623770.8000547858,4596344.916464814,38.52463460219565
road_1579_0,road,1579,0,119.0,train,623714.9420865406,4596591.585793318,37.36332497750862
road_1579_1,road,1579,1,119.0,train,623719.7819734908,4596628.634171288,37.36303128239541
road_1579_2,road,1579,2,119.0,train,623723.2584309498,4596665.811307739,37.34153902372917
road_1579_3,road,1579,3,119.0,train,623720.4014705702,4596702.912506881,37.36312636903308
road_1579_4,road,1579,4,119.0,train,623712.9560416108,4596739.507204479,37.35521813670878
road_1580_0,road,1580,0,131.0,train,623701.479111257,4596800.110569491,36.231495230759705
road_1580_1,road,1580,1,131.0,train,623731.6669254481,4596790.040659437,36.59701617145445
road_1580_2,road,1580,2,131.0,train,623758.1000086075,4596764.856965797,36.57653149586383
road_1580_3,road,1580,3,119.0,train,623783.9714926946,4596740.077228234,36.31196910609072
road_1580_4,road,1580,4,119.0,train,623805.8060468641,4596713.3080255855,36.575026850862784
road_1581_0,road,1581,0,119.0,train,623752.2415457744,4596662.548623873,34.31936196327982
road_1581_1,road,1581,1,119.0,train,623756.6998335548,4596696.23693657,34.29533808523729
road_1581_2,road,1581,2,119.0,train,623771.9689909416,4596726.870220676,34.272583528325434
road_1582_0,road,1582,0,119.0,train,623758.0525744997,4596631.825574757,28.23222337613771
road_1582_1,road,1582,1,119.0,train,623760.8037535867,4596603.735215961,28.22876152235177
road_1582_2,road,1582,2,119.0,train,623761.221189347,4596575.524185433,28.231706784631065
road_1583_0,road,1583,0,119.0,train,623806.8270936424,4596568.823690342,36.66004473903304
road_1583_1,road,1583,1,119.0,train,623806.429921151,4596605.423744999,36.65531279094909
road_1583_2,road,1583,2,119.0,train,623816.1985777682,4596640.06545575,36.54010617936195
road_1584_0,road,1584,0,95.0,train,623981.0421002087,4595970.743914893,34.658607395077375
road_1584_1,road,1584,1,95.0,train,623946.7328671141,4595966.378052551,34.59515500079277
road_1584_2,road,1584,2,95.0,train,623912.7566268113,4595968.17920655,34.65169808879943
road_1584_3,road,1584,3,95.0,train,623878.2407850616,4595971.003061291,34.66137205607361
road_1584_4,road,1584,4,95.0,train,623873.5662514758,4595983.076660616,33.188342262632304
road_1584_5,road,1584,5,107.0,train,623901.9272183892,4596001.667793698,34.66278887843318
road_1585_0,road,1585,0,95.0,train,623827.7234224161,4595954.885361604,25.106335905877028
road_1585_1,road,1585,1,95.0,train,623847.9898272856,4595969.180608521,25.05365792525047
road_1586_0,road,1586,0,95.0,train,623796.4825188005,4595973.175853551,26.79633661353327
road_1586_1,road,1586,1,95.0,train,623793.8471136718,4595949.901666504,27.092724301069847
road_1586_2,road,1586,2,95.0,train,623808.0336718529,4595938.307301409,26.39126161441089
road_1587_0,road,1587,0,95.0,train,623788.7368727267,4595921.326701883,33.807775483408044
road_1587_1,road,1587,1,95.0,train,623770.3621894688,4595893.477400827,33.802843354717425
road_1587_2,road,1587,2,95.0,train,623762.7104143515,4595860.669005065,33.799434048727505
road_1587_3,road,1587,3,95.0,train,623761.0096008929,4595828.104220135,31.507757968126
road_1587_4,road,1587,4,95.0,train,623774.2602211213,4595834.764864575,33.813063587945244
road_1587_5,road,1587,5,95.0,train,623796.7041258133,4595859.990885865,33.80362162102067
road_1588_0,road,1588,0,95.0,train,623693.3071575221,4595880.232204203,31.11288245818093
road_1588_1,road,1588,1,95.0,train,623708.1966150141,4595853.214901424,31.114916702321462
road_1588_2,road,1588,2,95.0,train,623726.9732446476,4595828.451607049,31.08783053562929
road_1588_3,road,1588,3,95.0,train,623748.955125872,4595807.767207377,30.069883727386387
road_1589_0,road,1589,0,95.0,train,623949.0451726783,4595916.590194883,34.01872161379011
road_1589_1,road,1589,1,95.0,train,623981.4978933708,4595911.821158053,34.15763976089557
road_1590_0,road,1590,0,95.0,train,623684.8155992925,4595912.633021633,36.21601559686784
road_1590_1,road,1590,1,95.0,train,623673.647267963,4595946.895584704,36.17168780165376
road_1590_2,road,1590,2,95.0,train,623647.2082441212,4595963.342873015,35.25044021727223
road_1591_0,road,1591,0,95.0,train,623658.5266419713,4595872.466264951,36.32329419846625
road_1591_1,road,1591,1,95.0,train,623671.509296376,4595905.837167619,36.39595612063132
road_1592_0,road,1592,0,95.0,train,623662.0327224536,4595837.334071411,34.877074574263084
road_1592_1,road,1592,1,95.0,train,623662.2069912741,4595802.469473528,34.87198119149377
road_1592_2,road,1592,2,95.0,train,623662.8234870144,4595767.635014503,34.86226621844873
road_1592_3,road,1592,3,95.0,train,623660.3276991722,4595732.949371556,34.835839716673114
road_1592_4,road,1592,4,95.0,train,623666.6205039751,4595698.821555545,34.87769799353655
road_1593_0,road,1593,0,95.0,train,623758.3623061394,4595792.158997032,34.6348227562903
road_1593_1,road,1593,1,95.0,train,623760.7472655264,4595758.277604428,34.78791240652117
road_1593_2,road,1593,2,95.0,train,623763.3784399518,4595723.660714055,34.76100129702164
road_1593_3,road,1593,3,95.0,train,623757.3811107653,4595689.413357494,34.78882080833424
road_1594_0,road,1594,0,95.0,train,623796.9450598286,4595731.291699393,32.12004711118863
road_1594_1,road,1594,1,95.0,train,623772.2327064811,4595751.432341425,32.12696854476704
road_1595_0,road,1595,0,95.0,train,623733.6973470967,4595678.305362453,39.78261952681148
road_1595_1,road,1595,1,95.0,train,623703.0741811533,4595699.790975233,39.73224358382975
road_1596_0,road,1596,0,95.0,train,623672.5166932696,4595663.4603117695,36.82281706255058
road_1596_1,road,1596,1,95.0,train,623676.3448592257,4595626.902583844,36.80709049630492
road_1596_2,road,1596,2,83.0,train,623684.6179527135,4595591.159578217,36.79719150998358
road_1596_3,road,1596,3,83.0,train,623708.3672264338,4595567.691631398,36.50128621118805
road_1596_4,road,1596,4,83.0,train,623744.6242574139,4595565.667315509,36.73228009521931
road_1596_5,road,1596,5,83.0,train,623779.8907058932,4595564.245000579,36.76923934958401
road_1596_6,road,1596,6,83.0,train,623811.6466779879,4595547.599806765,35.368275357061606
road_1596_7,road,1596,7,83.0,train,623832.9696553138,4595558.174157308,36.80035481129867
road_1596_8,road,1596,8,83.0,train,623833.749951134,4595594.706412065,36.8174842203935
road_1596_9,road,1596,9,95.0,train,623832.1762497268,4595631.234774327,36.321477467386224
road_1596_10,road,1596,10,95.0,train,623797.4507858665,4595641.975777547,36.79586299340755
road_1596_11,road,1596,11,95.0,train,623764.7404715315,4595658.747204722,36.77009900201029
road_1597_0,road,1597,0,95.0,train,623848.7303686509,4595637.455057739,34.800485095514
road_1597_1,road,1597,1,95.0,train,623881.3465618325,4595649.475277205,34.794521156852404
road_1597_2,road,1597,2,95.0,train,623913.2389282938,4595663.210627363,34.773496240932616
road_1597_3,road,1597,3,95.0,train,623946.8978625273,4595671.931702094,34.79752529378581
road_1597_4,road,1597,4,95.0,train,623980.7430621438,4595678.826245515,34.76376990772498
road_1598_0,road,1598,0,95.0,train,623936.0796130149,4595782.007548006,39.719237488413015
road_1598_1,road,1598,1,95.0,train,623947.8146577235,4595818.105430944,39.47377312712504
road_1598_2,road,1598,2,95.0,train,623981.473813471,4595838.66360762,39.71826036491999
road_1599_0,road,1599,0,83.0,train,623964.7990243506,4595513.055163758,31.238342706216223
road_1599_1,road,1599,1,83.0,train,623987.5825221054,4595532.900609886,31.603787781989467
road_1600_0,road,1600,0,83.0,train,623834.4841842011,4595523.255731986,35.03862642873149
road_1600_1,road,1600,1,83.0,train,623849.0015723697,4595491.370455036,35.037917070547735
road_1600_2,road,1600,2,83.0,train,623862.6206566214,4595459.089288912,35.03654205719441
road_1600_3,road,1600,3,83.0,train,623879.1642786626,4595428.219854628,35.037233244223216
road_1600_4,road,1600,4,83.0,train,623895.6566233076,4595397.336005866,35.024514766179934
road_1600_5,road,1600,5,83.0,train,623918.6751384815,4595372.353575848,34.96134541044135
road_1600_6,road,1600,6,83.0,train,623950.5282793315,4595357.890209642,35.03340020946482
road_1600_7,road,1600,7,83.0,train,623983.5853448531,4595346.338031707,35.03766073947088
road_1601_0,road,1601,0,83.0,train,623819.7223207608,4595598.175662832,28.716486790467545
road_1602_0,road,1602,0,95.0,train,623635.5258178499,4595637.694676701,37.79095976091716
road_1602_1,road,1602,1,83.0,train,623658.5916660789,4595608.627399072,37.81263285130759
road_1602_2,road,1602,2,83.0,train,623676.0158461902,4595575.55533933,37.45669823935704
road_1603_0,road,1603,0,83.0,train,623660.4595136625,4595430.03409211,38.93572243384154
road_1603_1,road,1603,1,83.0,train,623680.0825228081,4595463.543221067,38.892042576277056
road_1603_2,road,1603,2,83.0,train,623712.6495362757,4595478.309360223,38.87074001727531
road_1603_3,road,1603,3,83.0,train,623751.1861868042,4595482.534674957,38.93755283537671
road_1603_4,road,1603,4,83.0,train,623790.0218497061,4595481.359180278,38.81317604435945
road_1603_5,road,1603,5,83.0,train,623821.4200820139,4595461.296399521,38.68742533449434
road_1603_6,road,1603,6,83.0,train,623853.1764516301,4595443.689312073,38.90294628802421
road_1604_0,road,1604,0,83.0,train,623816.3160720518,4595435.473221082,39.173344607972695
road_1605_0,road,1605,0,94.0,val,623606.9370274427,4595818.7071015695,38.69621707310319
road_1605_1,road,1605,1,94.0,val,623592.3429611424,4595854.362135402,38.58982277100383
road_1605_2,road,1605,2,94.0,val,623598.4677865064,4595889.233402034,38.66519146758215
road_1605_3,road,1605,3,95.0,train,623632.1487509938,4595908.107457161,38.66564214799241
road_1605_4,road,1605,4,95.0,train,623662.5290276887,4595924.738212073,38.17957263265728
road_1606_0,road,1606,0,83.0,train,623862.787157664,4595415.6785292365,24.39226877828037
road_1606_1,road,1606,1,83.0,train,623848.6099918695,4595435.437478242,24.38038077080447
road_1607_0,road,1607,0,83.0,train,623727.186480235,4595346.3245538445,30.610705973154356
road_1607_1,road,1607,1,83.0,train,623748.3678764369,4595368.355112156,30.60978567402057
road_1607_2,road,1607,2,83.0,train,623770.1146466918,4595389.814835808,30.611645393983714
road_1607_3,road,1607,3,83.0,train,623793.5943879015,4595409.277134859,30.53915905975835
road_1608_0,road,1608,0,83.0,train,623873.9790325251,4595388.164582041,35.02864798671837
road_1608_1,road,1608,1,83.0,train,623889.9298029483,4595356.990781274,35.02750674912082
road_1608_2,road,1608,2,83.0,train,623914.0140737997,4595334.776849492,34.89135616787932
road_1608_3,road,1608,3,83.0,train,623948.724973265,4595335.741484318,34.935800709042866
road_1608_4,road,1608,4,83.0,train,623981.7170759052,4595325.784641873,34.964510053413335
road_1609_0,road,1609,0,83.0,train,623775.1262430575,4595373.844457639,39.38180722420648
road_1609_1,road,1609,1,83.0,train,623814.0540757293,4595368.935794988,39.37017659659534
road_1609_2,road,1609,2,83.0,train,623850.1524061698,4595354.125897445,39.38362167428448
road_1609_3,road,1609,3,83.0,train,623885.9238515764,4595337.906156509,39.31066036308373
road_1610_0,road,1610,0,83.0,train,623812.7823723119,4595312.848464618,31.675431258917477
road_1610_1,road,1610,1,83.0,train,623785.4421405264,4595296.987757372,31.618182371853287
road_1610_2,road,1610,2,83.0,train,623769.1234163765,4595273.150505828,31.63673624947864
road_1611_0,road,1611,0,83.0,train,623769.1227154471,4595300.947837539,30.033904899231374
road_1611_1,road,1611,1,83.0,train,623766.7388081154,4595330.875617191,30.027339316007392
road_1611_2,road,1611,2,83.0,train,623758.7937144868,4595359.581552607,29.997923333554542
road_1612_0,road,1612,0,83.0,train,623750.644027495,4595328.503728433,33.40358274649106
road_1612_1,road,1612,1,83.0,train,623717.8304351585,4595325.217257888,33.39510919288707
road_1612_2,road,1612,2,83.0,train,623688.6751206018,4595309.40386908,33.39135659661654
road_1612_3,road,1612,3,83.0,train,623663.4376360362,4595288.676412896,33.12232079677426
road_1612_4,road,1612,4,83.0,train,623646.5672967866,4595260.472332433,33.28511963407421
road_1612_5,road,1612,5,71.0,train,623630.9449264676,4595231.1878108615,33.40337754299965
road_1613_0,road,1613,0,83.0,train,623642.4674970956,4595312.61272496,36.11631270428893
road_1613_1,road,1613,1,83.0,train,623643.2233722722,4595276.637792458,36.11675419991399
road_1614_0,road,1614,0,70.0,train,623613.879794841,4595200.099325421,37.65477058317306
road_1614_1,road,1614,1,70.0,train,623594.365740371,4595168.153113518,37.66639066430885
road_1614_2,road,1614,2,70.0,train,623581.1722543325,4595133.180226555,37.52721655412636
road_1614_3,road,1614,3,70.0,train,623559.3476531776,4595126.273223144,37.39079607050284
road_1614_4,road,1614,4,70.0,train,623555.7466474341,4595163.130867824,37.70073196896382
road_1614_5,road,1614,5,70.0,train,623568.1242369161,4595198.701285242,37.71564409674885
road_1614_6,road,1614,6,70.0,train,623581.233509497,4595233.948174584,37.67689726515231
road_1614_7,road,1614,7,82.0,train,623589.4850526148,4595270.605380128,37.66050163318216
road_1615_0,road,1615,0,71.0,train,623763.6448177777,4595238.597057261,39.400220108131
road_1615_1,road,1615,1,71.0,train,623755.876582988,4595201.528838381,39.14570303080957
road_1615_2,road,1615,2,71.0,train,623770.3648435214,4595167.042575958,36.77444769746095
road_1615_3,road,1615,3,71.0,train,623745.6025133902,4595165.522495475,39.31427072421965
road_1615_4,road,1615,4,71.0,train,623707.8463144868,4595159.078453203,38.45871387285904
road_1615_5,road,1615,5,71.0,train,623686.9995261681,4595186.575126092,39.41104654684087
road_1615_6,road,1615,6,71.0,train,623677.1072985685,4595223.592512866,39.3914854766668
road_1616_0,road,1616,0,71.0,train,623795.2589683705,4595159.3299693465,38.126648497595525
road_1616_1,road,1616,1,71.0,train,623833.3730563871,4595160.127191993,38.127384362425786
road_1616_2,road,1616,2,71.0,train,623871.4662539826,4595161.670693236,38.12343464775493
road_1616_3,road,1616,3,71.0,train,623908.7786616347,4595168.591726375,38.07960602905021
road_1616_4,road,1616,4,71.0,train,623943.306314142,4595182.424342832,37.964524718026006
road_1616_5,road,1616,5,71.0,train,623980.857705485,4595187.458426496,38.117240768077856
road_1617_0,road,1617,0,71.0,train,623980.5372520997,4595123.077623193,37.86636814670305
road_1617_1,road,1617,1,71.0,train,623942.88539098,4595119.652090645,37.87108156921459
road_1617_2,road,1617,2,71.0,train,623905.4286235829,4595122.964056579,37.76299250296708
road_1617_3,road,1617,3,71.0,train,623890.4155496875,4595151.462677231,37.7454606214429
road_1618_0,road,1618,0,71.0,train,623662.8747584336,4595062.353361014,31.858710168251847
road_1618_1,road,1618,1,71.0,train,623664.8599332905,4595094.130896259,31.85694468801905
road_1618_2,road,1618,2,71.0,train,623672.0047860519,4595125.127337318,31.85826376324084
road_1618_3,road,1618,3,71.0,train,623684.4091211386,4595153.536048805,31.67878847446489
road_1619_0,road,1619,0,71.0,train,623647.6239046243,4595039.429131933,35.30836174737951
road_1619_1,road,1619,1,70.0,train,623616.6647356581,4595050.365423929,35.259645451234746
road_1619_2,road,1619,2,70.0,train,623597.9136271817,4595078.278058726,35.15296085965943
road_1619_3,road,1619,3,70.0,train,623572.7418643729,4595098.489528858,35.37583956173144
road_1620_0,road,1620,0,70.0,train,623427.7474946422,4594944.567915063,36.32435015489342
road_1620_1,road,1620,1,70.0,train,623451.5459846327,4594971.926408883,36.336509507077366
road_1620_2,road,1620,2,70.0,train,623475.4924884767,4594998.883794493,36.32841452672955
road_1620_3,road,1620,3,70.0,train,623506.8367402572,4595014.908841451,36.22759638042291
road_1620_4,road,1620,4,70.0,train,623543.0312257255,4595014.249823887,36.3213251447681
road_1620_5,road,1620,5,70.0,train,623577.6855697667,4595023.879305677,36.321811395050105
road_1620_6,road,1620,6,70.0,train,623611.4003280494,4595036.848253543,36.32217698815606
road_1621_0,road,1621,0,70.0,train,623406.096075191,4594919.796549084,30.65684997328451
road_1622_0,road,1622,0,70.0,train,623558.4964491581,4594917.606519909,39.81054835396335
road_1622_1,road,1622,1,70.0,train,623562.0815903728,4594956.811279205,39.70708554169846
road_1622_2,road,1622,2,70.0,train,623555.821471497,4594995.704151211,39.80430303122829
road_1623_0,road,1623,0,70.0,train,623566.5041260843,4594988.826313049,25.7894856222314
road_1623_1,road,1623,1,70.0,train,623576.7634620419,4595012.43399023,25.77252183281524
road_1624_0,road,1624,0,71.0,train,623684.4658303856,4594924.684596444,35.28654246018771
road_1624_1,road,1624,1,71.0,train,623649.2599813573,4594922.912158204,35.28254503314064
road_1624_2,road,1624,2,70.0,train,623614.1124698836,4594924.72686355,35.280290786137904
road_1624_3,road,1624,3,70.0,train,623579.1090218889,4594929.010918947,35.285838351101496
road_1625_0,road,1625,0,71.0,train,623718.0288155809,4594917.626736599,37.45578909360633
road_1625_1,road,1625,1,71.0,train,623740.7877456491,4594888.017360762,37.42246556109839
road_1625_2,road,1625,2,59.0,train,623774.023452268,4594871.585376984,37.40263509808507
road_1625_3,road,1625,3,59.0,train,623777.5950616177,4594834.705168204,37.51539518020179
road_1625_4,road,1625,4,59.0,train,623798.8813236017,4594806.456451634,37.39722072651489
road_1625_5,road,1625,5,59.0,train,623835.0966226247,4594815.220831086,37.56750761657407
road_1625_6,road,1625,6,59.0,train,623872.3517659749,4594819.979088972,37.56405054396948
road_1625_7,road,1625,7,59.0,train,623909.4108393937,4594824.431192059,37.54658603527132
road_1625_8,road,1625,8,59.0,train,623946.7590961189,4594821.303198663,37.57002028482781
road_1625_9,road,1625,9,59.0,train,623984.1569320195,4594820.206404739,37.55501751890901
road_1626_0,road,1626,0,59.0,train,623762.7918833925,4594774.917349381,32.01224715598405
road_1626_1,road,1626,1,59.0,train,623786.8046059429,4594795.891473716,32.04236207180628
road_1627_0,road,1627,0,71.0,train,623986.0367440962,4594938.736548224,34.59982450538012
road_1627_1,road,1627,1,71.0,train,623962.9484462187,4594953.183355574,34.85579830772101
road_1627_2,road,1627,2,71.0,train,623941.0577787862,4594980.085532694,34.84627686496229
road_1628_0,road,1628,0,71.0,train,623966.5228096949,4594916.060802365,39.8855347704131
road_1628_1,road,1628,1,71.0,train,623947.5602544292,4594881.036614231,39.8796455263746
road_1628_2,road,1628,2,59.0,train,623942.7745900302,4594841.648757825,39.895262953655696
road_1629_0,road,1629,0,59.0,train,623892.7012589033,4594839.570295754,33.945959349411666
road_1629_1,road,1629,1,59.0,train,623874.9495875777,4594868.288991738,33.93584910422089
road_1629_2,road,1629,2,71.0,train,623868.8623508009,4594901.127283504,33.892432955088765
road_1629_3,road,1629,3,71.0,train,623876.1168902905,4594905.059713539,29.95097502241232
road_1629_4,road,1629,4,71.0,train,623894.9121693048,4594879.350366249,33.93785153814959
road_1630_0,road,1630,0,71.0,train,623866.5525406124,4594939.57922144,39.01173076447649
road_1630_1,road,1630,1,71.0,train,623847.2237751188,4594971.322860558,39.03102849133104
road_1630_2,road,1630,2,71.0,train,623819.5272151275,4594998.5533400085,39.007935752012266
road_1630_3,road,1630,3,71.0,train,623808.7866138146,4595035.787480281,39.03617486255272
road_1630_4,road,1630,4,71.0,train,623805.021257476,4595074.618485987,39.03643062402687
road_1630_5,road,1630,5,71.0,train,623802.8386593567,4595113.58281402,39.02657590008082
road_1631_0,road,1631,0,71.0,train,623795.2255372868,4595026.932066535,34.32529622354482
road_1631_1,road,1631,1,71.0,train,623796.3334459126,4595060.288533604,34.331946113725195
road_1632_0,road,1632,0,59.0,train,623742.683909693,4594745.4667283455,39.47117397908144
road_1632_1,road,1632,1,59.0,train,623709.9781659667,4594723.876434537,39.48605144458468
road_1632_2,road,1632,2,59.0,train,623679.8388668548,4594698.528975537,39.50421773762214
road_1632_3,road,1632,3,59.0,train,623645.939003198,4594679.1645492,39.43426474055083
road_1632_4,road,1632,4,58.0,train,623609.4623945297,4594665.090469321,39.46443657968359
road_1632_5,road,1632,5,58.0,train,623573.0609552909,4594649.90893858,39.500969467410144
road_1632_6,road,1632,6,58.0,train,623539.209289343,4594629.796937189,39.503009523015415
road_1632_7,road,1632,7,58.0,train,623504.1144420065,4594611.707032084,39.50420946948127
road_1632_8,road,1632,8,58.0,train,623468.4279768476,4594594.811662422,39.50236464976835
road_1632_9,road,1632,9,58.0,train,623431.0323761432,4594582.209676162,39.49939042847775
road_1632_10,road,1632,10,58.0,train,623395.6418863712,4594565.174924728,39.4901057028869
road_1632_11,road,1632,11,58.0,train,623363.6736695174,4594541.985437503,39.4966645600712
road_1632_12,road,1632,12,58.0,train,623332.1558108272,4594519.427058673,39.44021091766018
road_1633_0,road,1633,0,46.0,train,623348.0828376831,4594483.911628461,30.79794230564871
road_1633_1,road,1633,1,58.0,train,623340.0002908991,4594513.345804478,30.786529549293203
road_1634_0,road,1634,0,46.0,train,623277.101282591,4594485.196596975,27.468730318606863
road_1634_1,road,1634,1,58.0,train,623287.0797956653,4594508.029722975,27.31204235126457
road_1634_2,road,1634,2,58.0,train,623314.0021707518,4594513.1234639725,27.49039980178054
road_1635_0,road,1635,0,58.0,train,623346.3931118837,4594544.27736233,33.556930206816205
road_1635_1,road,1635,1,58.0,train,623359.1661147696,4594574.916925385,33.52405731402613
road_1635_2,road,1635,2,58.0,train,623378.2624309189,4594601.651205847,33.586340802600674
road_1635_3,road,1635,3,58.0,train,623403.4427179546,4594623.521350195,33.42211633995056
road_1635_4,road,1635,4,58.0,train,623424.6738927494,4594644.836679967,33.46596878661172
road_1636_0,road,1636,0,58.0,train,623424.529378598,4594680.012090746,36.91092356000825
road_1636_1,road,1636,1,58.0,train,623428.7528195238,4594716.4778674375,36.91925354365254
road_1636_2,road,1636,2,58.0,train,623427.8313049562,4594753.339931535,36.93110827356061
road_1636_3,road,1636,3,58.0,train,623420.7073936169,4594789.331091643,36.921558777254205
road_1636_4,road,1636,4,58.0,train,623411.3090786217,4594824.869369316,36.87808172430863
road_1636_5,road,1636,5,58.0,train,623407.8210457911,4594860.58061982,36.887736888577855
road_1636_6,road,1636,6,70.0,train,623389.7526376304,4594892.48013812,36.55528561694946
road_1637_0,road,1637,0,70.0,train,623424.1362385413,4595059.730588646,38.2283763861021
road_1637_1,road,1637,1,70.0,train,623435.0778999337,4595023.140735772,38.23296951713704
road_1637_2,road,1637,2,70.0,train,623442.6732995117,4594985.702587737,38.25247625799164
road_1638_0,road,1638,0,70.0,train,623496.5522698637,4595032.311305087,37.49820582323552
road_1638_1,road,1638,1,70.0,train,623493.0812620154,4595069.427345588,37.73235718972009
road_1638_2,road,1638,2,70.0,train,623494.7273510487,4595107.054097342,37.73345337647871
road_1638_3,road,1638,3,70.0,train,623495.4447805422,4595144.755738863,37.73524243414705
road_1638_4,road,1638,4,70.0,train,623507.5303083645,4595179.938155005,37.66379462855991
road_1638_5,road,1638,5,70.0,train,623521.36888364,4595215.002791319,37.73893168339999
road_1639_0,road,1639,0,70.0,train,623466.3542681428,4595132.65665972,36.51587186883743
road_1639_1,road,1639,1,70.0,train,623466.1393065116,4595096.563657341,36.52862260055064
road_1639_2,road,1639,2,70.0,train,623470.4329470923,4595060.31596416,36.52202422515552
road_1639_3,road,1639,3,70.0,train,623479.2322762525,4595024.931455181,36.47188924293179
road_1640_0,road,1640,0,70.0,train,623403.8183088568,4595231.209318646,28.848644403811107
road_1640_1,road,1640,1,82.0,train,623389.3387054068,4595252.835632759,28.73029483879998
road_1640_2,road,1640,2,82.0,train,623363.0947446629,4595260.170018151,27.88368939221158
road_1641_0,road,1641,0,59.0,train,623830.6150897901,4594776.2451803805,39.68699593068642
road_1641_1,road,1641,1,59.0,train,623857.982247334,4594804.983680366,39.68792315861922
road_1642_0,road,1642,0,59.0,train,623913.8874279221,4594699.261594633,38.62164934471506
road_1642_1,road,1642,1,59.0,train,623936.600122216,4594729.53553628,38.53376862400623
road_1642_2,road,1642,2,59.0,train,623935.7944123335,4594767.880495106,38.61001987594612
road_1642_3,road,1642,3,59.0,train,623944.4950456939,4594804.557243072,38.61995414012022
road_1643_0,road,1643,0,59.0,train,623917.7135111634,4594598.295729793,37.520340960844656
road_1643_1,road,1643,1,59.0,train,623901.1482312464,4594631.50748058,37.48711662465927
road_1643_2,road,1643,2,59.0,train,623894.1092935036,4594666.879752983,37.46667467259714
road_1644_0,road,1644,0,59.0,train,623934.8414459339,4594638.793408382,28.458424340637613
road_1644_1,road,1644,1,59.0,train,623937.5470539123,4594667.11647711,28.466092690286487
road_1644_2,road,1644,2,59.0,train,623926.5039252174,4594692.885378568,28.453464609101864
road_1645_0,road,1645,0,59.0,train,623946.1338559388,4594682.881184809,26.32881024682388
road_1646_0,road,1646,0,47.0,train,623937.560459752,4594494.102067824,36.57378737101336
road_1646_1,road,1646,1,59.0,train,623942.7244202178,4594530.176972306,36.542340129131766
road_1646_2,road,1646,2,59.0,train,623934.9673094471,4594565.841604908,36.569030882585935
road_1647_0,road,1647,0,119.0,train,623909.5560385983,4596381.333621216,37.82230554569057
road_1647_1,road,1647,1,107.0,train,623944.6750113864,4596370.399493614,37.84868017583573
road_1647_2,road,1647,2,107.0,train,623982.5060528106,4596370.417545766,37.85888827624403
road_1648_0,road,1648,0,58.0,train,623500.8281296863,4594666.002838515,37.25473635735119
road_1648_1,road,1648,1,58.0,train,623537.6765737896,4594660.898473084,37.23852279181262
road_1648_2,road,1648,2,58.0,train,623540.2581110997,4594697.414037067,37.1999609311036
road_1648_3,road,1648,3,58.0,train,623555.4007123715,4594730.93385952,37.155274420519945
road_1649_0,road,1649,0,46.0,train,623607.1524621884,4594275.94911392,39.9290876507409
road_1649_1,road,1649,1,47.0,train,623645.3165307189,4594265.465148329,39.592709741847976
road_1649_2,road,1649,2,47.0,train,623677.2786631341,4594277.626272912,39.909971186733536
road_1649_3,road,1649,3,47.0,train,623700.2031921655,4594309.54494365,39.913427531055966
road_1649_4,road,1649,4,47.0,train,623714.19753586,4594346.701624012,39.86084594352381
road_1649_5,road,1649,5,47.0,train,623712.8264556029,4594384.836388944,39.92021455104489
road_1649_6,road,1649,6,47.0,train,623695.5975866417,4594420.679046439,39.884420775864186
road_1649_7,road,1649,7,47.0,train,623698.447259586,4594458.323168908,39.8208610471901
road_1649_8,road,1649,8,47.0,train,623724.0656455725,4594488.497400786,39.91057775991119
road_1649_9,road,1649,9,59.0,train,623761.2020358194,4594501.251157257,39.91079964544492
road_1649_10,road,1649,10,59.0,train,623797.8897756144,4594515.487495638,39.87128463759224
road_1649_11,road,1649,11,59.0,train,623814.7827033368,4594550.521300505,39.903983088245546
road_1649_12,road,1649,12,59.0,train,623826.0940080722,4594588.74645455,39.87048023275741
road_1649_13,road,1649,13,59.0,train,623850.2496281822,4594619.901023066,39.93426800469853
road_1649_14,road,1649,14,59.0,train,623879.8187806467,4594646.541582736,39.92553384659228
road_1650_0,road,1650,0,47.0,train,623891.7126314342,4594371.565813063,32.441996321235095
road_1650_1,road,1650,1,47.0,train,623908.251858288,4594399.152972248,32.45273584390958
road_1650_2,road,1650,2,47.0,train,623917.8939178097,4594430.024377922,32.513932875054074
road_1650_3,road,1650,3,47.0,train,623927.2803058652,4594461.141951186,32.51195411431095
road_1651_0,road,1651,0,59.0,train,623734.0250335165,4594511.784617296,35.62720319182474
road_1651_1,road,1651,1,59.0,train,623702.6036480347,4594510.500298855,35.57079293806856
road_1651_2,road,1651,2,47.0,train,623670.2897891427,4594497.380704937,35.36132648590513
road_1652_0,road,1652,0,58.0,train,623598.3713986239,4594510.473112815,35.73869876153789
road_1652_1,road,1652,1,46.0,train,623621.3988921717,4594484.34633481,35.976586856434274
road_1652_2,road,1652,2,47.0,train,623656.9580202175,4594488.561762225,36.03473789716955
road_1653_0,road,1653,0,59.0,train,623662.9114316818,4594525.611868909,30.979592531302227
road_1653_1,road,1653,1,59.0,train,623667.3855245735,4594555.990594496,31.044169507277974
road_1653_2,road,1653,2,59.0,train,623674.987464086,4594585.805786301,31.05724556193894
road_1653_3,road,1653,3,59.0,train,623684.5049700836,4594615.061258341,30.92653682244088
road_1654_0,road,1654,0,47.0,train,623825.6312593828,4594494.667903734,23.655001034150985
road_1654_1,road,1654,1,59.0,train,623813.000378634,4594514.539053154,23.65071800786877
road_1655_0,road,1655,0,47.0,train,623777.7808391155,4594413.567340487,31.903729611073253
road_1655_1,road,1655,1,47.0,train,623784.4979600491,4594444.754745204,31.90209930183794
road_1655_2,road,1655,2,47.0,train,623791.092321975,4594475.919430888,31.869235409793557
road_1655_3,road,1655,3,59.0,train,623803.2245619395,4594505.002717107,31.880380034206517
road_1656_0,road,1656,0,46.0,train,623614.7540633004,4594290.494755869,31.039651357870543
road_1656_1,road,1656,1,47.0,train,623626.3095859797,4594319.080820772,31.077132109156096
road_1657_0,road,1657,0,47.0,train,623651.0751595331,4594218.762879246,28.48484468493472
road_1657_1,road,1657,1,47.0,train,623658.2760711465,4594246.268708747,28.481643520520446
road_1658_0,road,1658,0,47.0,train,623719.6677882574,4594204.097316528,31.384998832151723
road_1658_1,road,1658,1,47.0,train,623720.0905603893,4594235.016220366,31.40805450379988
road_1658_2,road,1658,2,47.0,train,623714.1178674196,4594265.832225334,31.40824821763029
road_1658_3,road,1658,3,47.0,train,623705.38333875,4594296.002077062,31.41193750943553
road_1659_0,road,1659,0,35.0,train,623654.1395253515,4594085.139979824,34.40664265179443
road_1659_1,road,1659,1,35.0,train,623669.9609025732,4594115.689663598,34.4062293974032
road_1659_2,road,1659,2,47.0,train,623687.3589376805,4594145.355957649,34.406930565073054
road_1659_3,road,1659,3,47.0,train,623705.4897676299,4594174.59677425,34.406908966393914
road_1660_0,road,1660,0,34.0,test,623389.742120917,4594080.205083172,37.55446871352103
road_1660_1,road,1660,1,34.0,test,623395.6266564355,4594117.270935617,37.57141058170927
road_1660_2,road,1660,2,46.0,train,623409.5851449808,4594150.660774664,37.43096699195876
road_1660_3,road,1660,3,46.0,train,623446.130467848,4594150.6470026495,37.5468246272005
road_1660_4,road,1660,4,46.0,train,623483.0757966642,4594155.17277626,37.54673966131934
road_1660_5,road,1660,5,46.0,train,623520.3510107938,4594159.443620589,37.57019655058051
road_1660_6,road,1660,6,46.0,train,623554.3033770359,4594174.422929541,37.52781623098791
road_1660_7,road,1660,7,46.0,train,623587.7076015358,4594191.068891997,37.50289702312087
road_1660_8,road,1660,8,46.0,train,623612.0189698657,4594219.644053141,37.57007568112703
road_1660_9,road,1660,9,47.0,train,623641.9269103028,4594241.846713545,37.58335707234996
road_1661_0,road,1661,0,46.0,train,623519.6612830879,4594211.835197991,37.9760893955099
road_1661_1,road,1661,1,46.0,train,623546.4478722316,4594238.566505335,37.99049635148561
road_1661_2,road,1661,2,46.0,train,623573.0794024623,4594265.56167598,37.92665003080967
road_1662_0,road,1662,0,45.0,test,623198.9925377653,4594498.583466906,33.81477198902378
road_1662_1,road,1662,1,45.0,test,623232.7768949651,4594498.33175557,33.816038423181254
road_1662_2,road,1662,2,58.0,train,623266.3932467796,4594501.256437962,33.78730820886791
road_1663_0,road,1663,0,58.0,train,623294.2570151392,4594521.284014158,31.471329219865197
road_1663_1,road,1663,1,58.0,train,623317.0794659671,4594542.5318835005,31.508411449982276
road_1663_2,road,1663,2,58.0,train,623344.395502588,4594558.082245705,31.502396060757167
road_1664_0,road,1664,0,58.0,train,623346.9819712541,4594690.878519981,38.05311793148498
road_1664_1,road,1664,1,58.0,train,623361.8865181509,4594725.624714078,38.06972464987263
road_1664_2,road,1664,2,58.0,train,623372.2309214451,4594762.147848743,38.07131498997333
road_1664_3,road,1664,3,58.0,train,623379.4292260841,4594799.46153636,38.06606875664311
road_1664_4,road,1664,4,58.0,train,623383.139140416,4594836.925524603,38.06799123429822
road_1664_5,road,1664,5,58.0,train,623390.1227721891,4594874.150643348,38.07653860424175
road_1665_0,road,1665,0,58.0,train,623405.2824029467,4594796.476699608,37.18722353510823
road_1665_1,road,1665,1,58.0,train,623393.8546039023,4594761.389080028,37.090996286352905
road_1665_2,road,1665,2,58.0,train,623387.0262107516,4594724.913066686,37.18297051618164
road_1665_3,road,1665,3,58.0,train,623382.0262094208,4594688.330071639,37.15380636483294
road_1665_4,road,1665,4,58.0,train,623363.1957790836,4594656.330220264,37.1942530770196
road_1665_5,road,1665,5,58.0,train,623342.2269819771,4594625.615438278,37.18580090230638
road_1665_6,road,1665,6,58.0,train,623318.2351539899,4594597.354511716,37.15045775393023
road_1665_7,road,1665,7,58.0,train,623287.0650910554,4594577.36983291,37.18271810544127
road_1665_8,road,1665,8,58.0,train,623251.8846544786,4594566.325139327,37.15981027331862
road_1665_9,road,1665,9,57.0,train,623214.8032199584,4594566.822803723,37.143731097967695
road_1665_10,road,1665,10,57.0,train,623193.9785643697,4594550.0250337925,36.02115537390714
road_1665_11,road,1665,11,57.0,train,623182.932231266,4594515.880553047,37.11076073217441
road_1666_0,road,1666,0,57.0,train,623125.361942403,4594569.967518841,27.777734651055948
road_1666_1,road,1666,1,57.0,train,623152.9963750269,4594567.172294465,27.77580237094716
road_1666_2,road,1666,2,57.0,train,623180.725629761,4594565.588271569,27.77371782303222
road_1667_0,road,1667,0,57.0,train,623098.2393310412,4594572.4873663215,28.24009600114644
road_1667_1,road,1667,1,57.0,train,623117.7029521771,4594592.791809562,29.315834599156712
road_1667_2,road,1667,2,57.0,train,623141.27479329,4594610.19330972,29.307100338955543
road_1668_0,road,1668,0,57.0,train,623093.0913863428,4594519.32566239,34.878492671649624
road_1668_1,road,1668,1,57.0,train,623095.4906828412,4594553.990018355,34.89465828379175
road_1669_0,road,1669,0,57.0,train,623051.0598277822,4594540.86699521,35.80718786736666
road_1669_1,road,1669,1,57.0,train,623080.6265531633,4594561.013652734,35.79103656149079
road_1670_0,road,1670,0,46.0,train,623428.474270716,4594262.451484448,34.60637445533093
road_1670_1,road,1670,1,46.0,train,623462.8576163613,4594265.576230804,34.65775204150759
road_1670_2,road,1670,2,46.0,train,623497.2859569282,4594269.13977328,34.658189544196645
road_1670_3,road,1670,3,46.0,train,623531.7270730099,4594270.381353273,34.63518191129295
road_1670_4,road,1670,4,46.0,train,623565.3037726472,4594278.011952908,34.52298657505
road_1671_0,road,1671,0,46.0,train,623410.0103685369,4594271.102751854,37.88282281574651
road_1671_1,road,1671,1,46.0,train,623373.8461262592,4594281.820434461,37.850677990953336
road_1671_2,road,1671,2,46.0,train,623336.361561013,4594280.486151432,37.84710244258349
road_1671_3,road,1671,3,46.0,train,623299.5712796653,4594288.499747465,37.8409126104288
road_1671_4,road,1671,4,46.0,train,623263.0081196898,4594280.295728161,37.86456933553398
road_1671_5,road,1671,5,45.0,test,623226.42001121,4594270.689857977,37.888224639874565
road_1671_6,road,1671,6,45.0,test,623189.4445445215,4594263.606982383,37.50129822688538
road_1671_7,road,1671,7,45.0,test,623184.3207436018,4594299.973332498,37.89280472093219
road_1671_8,road,1671,8,45.0,test,623168.2827371486,4594333.084094279,36.78154578307105
road_1671_9,road,1671,9,45.0,test,623139.3002826928,4594327.03832125,37.88102722773702
road_1672_0,road,1672,0,46.0,train,623358.1266721546,4594291.873323584,21.720353854161477
road_1672_1,road,1672,1,46.0,train,623371.980830137,4594308.198054683,21.6528485056484
road_1673_0,road,1673,0,45.0,test,623172.734952546,4594255.565768206,37.13127467250682
road_1673_1,road,1673,1,45.0,test,623141.5099258929,4594235.748618286,37.13326165015295
road_1673_2,road,1673,2,45.0,test,623110.7416567429,4594215.184189669,37.12946890936394
road_1673_3,road,1673,3,45.0,test,623077.1366241134,4594199.694748862,37.14241185494123
road_1673_4,road,1673,4,45.0,test,623041.5263644974,4594197.904212936,37.04636185988283
road_1673_5,road,1673,5,45.0,test,623016.661752357,4594224.267934757,37.08763061855804
road_1673_6,road,1673,6,45.0,test,623012.8366119153,4594261.020832958,37.13580937916037
road_1673_7,road,1673,7,45.0,test,623017.7430508037,4594297.716368628,37.151004712188936
road_1673_8,road,1673,8,45.0,test,623026.3287490588,4594333.844432375,37.12646854110124
road_1673_9,road,1673,9,45.0,test,623024.8668145573,4594370.724700358,37.14862724018295
road_1673_10,road,1673,10,45.0,test,623024.517280802,4594407.792722226,37.14104205130867
road_1673_11,road,1673,11,45.0,test,623024.3109858788,4594444.909100119,37.15152227279857
road_1673_12,road,1673,12,45.0,test,623024.656759934,4594482.008233731,37.143751733388925
road_1673_13,road,1673,13,57.0,train,623023.4183370594,4594517.862116502,36.3298928002581
road_1674_0,road,1674,0,57.0,train,622975.7208623188,4594513.1254033325,31.4231328494808
road_1674_1,road,1674,1,57.0,train,623005.7992008417,4594516.193649018,31.43636456986755
road_1675_0,road,1675,0,45.0,test,623006.172739777,4594372.854066264,38.35727931842631
road_1675_1,road,1675,1,45.0,test,622972.646836665,4594354.646720017,38.338794199712325
road_1675_2,road,1675,2,45.0,test,622943.5138885998,4594330.385332871,38.41135404688529
road_1675_3,road,1675,3,45.0,test,622922.2222397511,4594298.624078199,38.12371940699117
road_1675_4,road,1675,4,45.0,test,622934.422198698,4594267.86358202,38.252869591855045
road_1675_5,road,1675,5,45.0,test,622960.2635308808,4594239.989993135,38.36017969171219
road_1675_6,road,1675,6,45.0,test,622989.796078687,4594215.670778072,38.38808380644822
road_1675_7,road,1675,7,45.0,test,623012.8678481503,4594186.230843457,37.15071130144398
road_1675_8,road,1675,8,45.0,test,623046.0717090348,4594188.072785882,38.38807283719481
road_1676_0,road,1676,0,46.0,train,623325.9957799435,4594211.9802899165,38.97343826187884
road_1676_1,road,1676,1,46.0,train,623362.4773162863,4594225.667527402,38.96526724949872
road_1676_2,road,1676,2,46.0,train,623396.5688125599,4594244.350954197,38.97226228073747
road_1677_0,road,1677,0,33.0,train,623148.085118187,4594047.441763094,34.74680971108425
road_1677_1,road,1677,1,33.0,train,623175.0041089351,4594069.337941111,34.74214904428462
road_1677_2,road,1677,2,33.0,train,623199.4430745787,4594094.024323414,34.73246539727432
road_1677_3,road,1677,3,33.0,train,623220.9778682145,4594121.190285983,34.73403923771176
road_1677_4,road,1677,4,45.0,test,623244.8487268281,4594146.389008295,34.74390221615332
road_1677_5,road,1677,5,46.0,train,623267.7312875042,4594172.516895918,34.744867034682
road_1677_6,road,1677,6,46.0,train,623293.0024205811,4594196.330909302,34.70538232472627
road_1678_0,road,1678,0,33.0,train,623025.5596943686,4594120.538110144,32.443006305312615
road_1678_1,road,1678,1,45.0,test,623040.0710903261,4594149.554734455,32.4429230005836
road_1678_2,road,1678,2,45.0,test,623054.2103610623,4594178.75438557,32.44300630470537
road_1679_0,road,1679,0,45.0,test,623046.8925367142,4594299.598773999,31.018317345493934
road_1679_1,road,1679,1,45.0,test,623025.2196450662,4594277.567269774,31.008447101997625
road_1680_0,road,1680,0,32.0,train,622788.7838204503,4594079.501785547,38.20963062190456
road_1680_1,road,1680,1,32.0,train,622822.8949123727,4594096.566017174,38.23361560482597
road_1680_2,road,1680,2,32.0,train,622858.5199795492,4594110.317767643,38.21837522292931
road_1680_3,road,1680,3,45.0,test,622893.2802736955,4594126.04081958,38.23516481385157
road_1680_4,road,1680,4,45.0,test,622927.8866715697,4594141.704665355,38.17272700037847
road_1680_5,road,1680,5,45.0,test,622963.4311345941,4594155.4838781655,38.226926230688285
road_1680_6,road,1680,6,45.0,test,622998.4470509973,4594170.821344024,38.23692292137136
road_1681_0,road,1681,0,32.0,train,622507.088657021,4594059.552076796,35.94430113615438
road_1681_1,road,1681,1,32.0,train,622542.899128029,4594060.250255012,35.966891698290034
road_1681_2,road,1681,2,32.0,train,622578.8081818434,4594058.655541286,35.944578703286844
road_1681_3,road,1681,3,32.0,train,622613.8393120139,4594050.969103262,35.94701301709465
road_1681_4,road,1681,4,32.0,train,622649.4180807642,4594045.971861776,35.95997667979176
road_1681_5,road,1681,5,32.0,train,622683.947052358,4594049.944514435,35.93856331269291
road_1681_6,road,1681,6,32.0,train,622718.1823830492,4594060.781286063,35.966089505696615
road_1681_7,road,1681,7,32.0,train,622753.0775643837,4594069.475331831,35.96658979916016
road_1682_0,road,1682,0,33.0,train,623152.7317457536,4593857.757570905,39.33005044485988
road_1682_1,road,1682,1,33.0,train,623189.3898341618,4593871.3122789925,39.37287693796089
road_1682_2,road,1682,2,33.0,train,623226.329344693,4593883.865120718,39.19910843864768
road_1682_3,road,1682,3,33.0,train,623249.4007379679,4593914.639858519,39.34847423022183
road_1682_4,road,1682,4,34.0,test,623261.6165863656,4593951.96109965,39.36857966294553
road_1682_5,road,1682,5,34.0,test,623268.90875273,4593990.371058432,39.334324940798325
road_1682_6,road,1682,6,34.0,test,623287.1834755489,4594025.032252379,39.36072539894443
road_1682_7,road,1682,7,34.0,test,623316.6921776612,4594050.432449416,39.24889037545985
road_1682_8,road,1682,8,34.0,test,623331.1129463918,4594086.8680701535,39.33547803091047
road_1682_9,road,1682,9,34.0,test,623356.5579977029,4594116.295139872,39.31318696347493
road_1682_10,road,1682,10,46.0,train,623389.9360842778,4594136.707853562,39.33853488097688
road_1683_0,road,1683,0,33.0,train,622981.1974956654,4593763.497021165,35.35783018054405
road_1683_1,road,1683,1,33.0,train,622996.7796072712,4593795.20467508,35.390666729874205
road_1683_2,road,1683,2,33.0,train,623026.4755081399,4593814.423710765,35.4296134995473
road_1683_3,road,1683,3,33.0,train,623053.331461974,4593837.388878347,35.41766841418132
road_1683_4,road,1683,4,33.0,train,623084.9218547263,4593853.068016428,35.379775023042626
road_1683_5,road,1683,5,33.0,train,623119.9537285976,4593850.826921855,35.437225543469665
road_1684_0,road,1684,0,22.0,val,623527.3232882557,4593693.569973884,39.937112011869445
road_1684_1,road,1684,1,22.0,val,623501.9193034875,4593724.383247474,39.93554522959816
road_1684_2,road,1684,2,34.0,test,623476.9497335838,4593755.503136371,39.89094428172916
road_1684_3,road,1684,3,34.0,test,623443.541312984,4593763.370947328,39.66751490607583
road_1684_4,road,1684,4,22.0,val,623407.5027848117,4593746.539754933,39.91649748905931
road_1684_5,road,1684,5,22.0,val,623369.4843119367,4593734.689877418,39.92342116180217
road_1684_6,road,1684,6,22.0,val,623332.0860893893,4593721.011013004,39.90866595406535
road_1684_7,road,1684,7,22.0,val,623294.5078508261,4593708.013420338,39.923489556167
road_1684_8,road,1684,8,22.0,val,623260.6833394035,4593686.982780039,39.93673135926362
road_1684_9,road,1684,9,21.0,train,623224.8378997953,4593670.750651896,39.81993550725564
road_1684_10,road,1684,10,21.0,train,623189.3673474429,4593687.918623923,39.925690559665085
road_1684_11,road,1684,11,21.0,train,623161.13619504,4593715.793537263,39.91063059741118
road_1684_12,road,1684,12,21.0,train,623139.7914550159,4593749.504606424,39.90340448687537
road_1684_13,road,1684,13,33.0,train,623128.6051079202,4593787.24517911,39.90909740924877
road_1684_14,road,1684,14,33.0,train,623132.5012441038,4593826.582844189,39.90481151608948
road_1685_0,road,1685,0,21.0,train,622962.4346559985,4593711.54692601,28.599843170795708
road_1685_1,road,1685,1,21.0,train,622979.0033933168,4593731.675040266,28.44662947814436
road_1686_0,road,1686,0,21.0,train,622975.5725008775,4593671.649692352,35.16182699728143
road_1686_1,road,1686,1,21.0,train,622980.6267972285,4593704.91991184,35.37283641049008
road_1687_0,road,1687,0,21.0,train,622882.1264017804,4593596.676260678,37.41214476034243
road_1687_1,road,1687,1,21.0,train,622904.4180120314,4593626.660775999,37.462021687490825
road_1687_2,road,1687,2,21.0,train,622917.7513595523,4593661.357099428,37.45592485523099
road_1687_3,road,1687,3,21.0,train,622935.7903497731,4593692.0583261615,37.45397469621639
road_1688_0,road,1688,0,20.0,train,622857.6361208799,4593568.933284667,39.3428687521294
road_1688_1,road,1688,1,20.0,train,622852.4978148692,4593531.15136679,38.901607355708464
road_1688_2,road,1688,2,20.0,train,622832.9805504561,4593500.516829501,39.31577511258663
road_1688_3,road,1688,3,20.0,train,622799.0004205684,4593481.765851237,39.21278903682008
road_1688_4,road,1688,4,20.0,train,622773.3188314534,4593452.267374203,39.31880720728776
road_1688_5,road,1688,5,20.0,train,622743.5579348489,4593426.591794941,39.3403164601222
road_1688_6,road,1688,6,20.0,train,622710.1294448631,4593406.736334489,39.25673163765346
road_1688_7,road,1688,7,20.0,train,622671.8334275318,4593406.939811723,39.0802365770194
road_1688_8,road,1688,8,8.0,val,622650.2455747992,4593374.397623332,39.32286125554255
road_1688_9,road,1688,9,8.0,val,622643.677426541,4593335.848552486,39.3220409698836
road_1688_10,road,1688,10,8.0,val,622642.4400510873,4593296.955514335,39.23635780401955
road_1688_11,road,1688,11,8.0,val,622617.8748261271,4593267.614820295,38.9763706376138
road_1688_12,road,1688,12,8.0,val,622618.2467494805,4593231.876437063,39.32214231141418
road_1688_13,road,1688,13,8.0,val,622623.0733555559,4593192.972986881,39.26673943043311
road_1688_14,road,1688,14,8.0,val,622611.6624085254,4593155.762563883,39.288834037608126
road_1688_15,road,1688,15,8.0,val,622607.309824523,4593117.3501261,39.29317517490652
road_1688_16,road,1688,16,8.0,val,622595.77401927,4593082.042946329,39.1681062215072
road_1688_17,road,1688,17,8.0,val,622582.714987495,4593047.243610807,39.16917539211128
road_1688_18,road,1688,18,8.0,val,622559.5208694516,4593017.182149678,39.191930352897785
road_1689_0,road,1689,0,7.0,val,622429.0775450991,4593015.703183892,38.84277311172421
road_1689_1,road,1689,1,7.0,val,622458.1673731398,4593040.741995504,38.89194882693423
road_1689_2,road,1689,2,7.0,val,622490.194700929,4593061.964514182,38.77855335117842
road_1689_3,road,1689,3,7.0,val,622495.8095516567,4593099.210181939,38.86977856687878
road_1689_4,road,1689,4,8.0,val,622500.9324942932,4593137.528721246,38.8977045833571
road_1689_5,road,1689,5,8.0,val,622513.059942745,4593174.4598813085,38.87417907540528
road_1689_6,road,1689,6,8.0,val,622529.8844249491,4593209.360835668,38.87000785460538
road_1689_7,road,1689,7,8.0,val,622550.3157662563,4593242.144022845,38.86970630894166
road_1689_8,road,1689,8,8.0,val,622569.7573480058,4593275.696697167,38.89805659228795
road_1689_9,road,1689,9,8.0,val,622586.0546816553,4593310.456874447,38.81803940110624
road_1689_10,road,1689,10,8.0,val,622583.6851893339,4593349.082196242,38.8982944732736
road_1689_11,road,1689,11,20.0,train,622580.449481188,4593387.82792097,38.88686200218038
road_1689_12,road,1689,12,20.0,train,622588.8263468888,4593425.20761627,38.75189798124608
road_1689_13,road,1689,13,20.0,train,622619.0536465762,4593449.344725549,38.87460715849559
road_1689_14,road,1689,14,20.0,train,622654.1943007688,4593465.949752999,38.89857142369108
road_1689_15,road,1689,15,20.0,train,622688.7560598719,4593483.798150282,38.89945677065425
road_1689_16,road,1689,16,20.0,train,622722.5862897269,4593502.850035428,38.888420534800254
road_1689_17,road,1689,17,20.0,train,622754.4829378371,4593525.005695647,38.89173989501429
road_1689_18,road,1689,18,20.0,train,622785.290045833,4593548.70962982,38.89591902215321
road_1689_19,road,1689,19,20.0,train,622816.2697864182,4593572.031732545,38.873798261171146
road_1689_20,road,1689,20,20.0,train,622848.5925717988,4593593.232925882,38.443672315981146
road_1690_0,road,1690,0,11.0,train,623774.1289708185,4593222.474682627,35.573182478855685
road_1690_1,road,1690,1,11.0,train,623809.3844453214,4593218.3877984,35.56249191473512
road_1690_2,road,1690,2,11.0,train,623844.9206002934,4593216.923492448,35.57306976334589
road_1690_3,road,1690,3,11.0,train,623880.4135648415,4593214.539175428,35.5728507118563
road_1690_4,road,1690,4,11.0,train,623915.9436141747,4593212.995645992,35.56102389625289
road_1690_5,road,1690,5,11.0,train,623950.2315663282,4593221.744487397,35.5697346410936
road_1690_6,road,1690,6,11.0,train,623983.5637354691,4593234.093713651,35.55929542128784
road_1691_0,road,1691,0,11.0,train,623776.9823603043,4593160.231246035,35.442977423228626
road_1691_1,road,1691,1,11.0,train,623812.3328837082,4593161.322920167,35.4484560420286
road_1691_2,road,1691,2,11.0,train,623847.7653064361,4593161.622892245,35.45066358159433
road_1691_3,road,1691,3,11.0,train,623882.9039724111,4593164.40027688,35.409526660110075
road_1691_4,road,1691,4,11.0,train,623916.5173937508,4593154.308092103,34.988024140498
road_1691_5,road,1691,5,11.0,train,623947.8148784154,4593162.72571472,35.31142204638587
road_1691_6,road,1691,6,11.0,train,623981.6922830683,4593160.555331556,35.31932625037741
road_1692_0,road,1692,0,11.0,train,623911.9445874913,4593141.236905146,34.411119883094315
road_1692_1,road,1692,1,11.0,train,623879.5786503373,4593129.722208831,34.42354670399708
road_1692_2,road,1692,2,11.0,train,623845.769435265,4593124.139808003,34.421245870876206
road_1692_3,road,1692,3,11.0,train,623811.5204081752,4593126.088834016,34.41946107800238
road_1692_4,road,1692,4,11.0,train,623777.527764168,4593131.511784744,34.42956597670957
road_1693_0,road,1693,0,11.0,train,623784.065230685,4593085.592794516,34.76131384949254
road_1693_1,road,1693,1,11.0,train,623818.7565845598,4593086.789719249,34.7409433822054
road_1693_2,road,1693,2,11.0,train,623853.362976252,4593086.50476049,34.75000541412611
road_1693_3,road,1693,3,11.0,train,623886.7908753674,4593094.416387665,34.74957045943961
road_1693_4,road,1693,4,11.0,train,623917.3911874641,4593110.861899542,34.76503035059373
road_1693_5,road,1693,5,11.0,train,623949.813659929,4593123.080561721,34.755297162786746
road_1693_6,road,1693,6,11.0,train,623984.3523092434,4593124.319588262,34.76607802467122
road_1694_0,road,1694,0,11.0,train,623777.3648088002,4593045.79691288,34.68639123640994
road_1694_1,road,1694,1,11.0,train,623811.9086533877,4593048.385554764,34.67984905403518
road_1694_2,road,1694,2,11.0,train,623846.1363407084,4593049.827179162,34.61699920766999
road_1694_3,road,1694,3,11.0,train,623880.6754068662,4593049.049756486,34.63946894810303
road_1694_4,road,1694,4,11.0,train,623914.2136168937,4593057.323665952,34.674185492200095
road_1694_5,road,1694,5,11.0,train,623948.5613609694,4593060.979756714,34.68123347141634
road_1694_6,road,1694,6,11.0,train,623983.2073317745,4593060.217159098,34.67628395231094
road_1695_0,road,1695,0,11.0,train,623780.7705209763,4593007.911759157,34.27762862752434
road_1695_1,road,1695,1,11.0,train,623814.3609969937,4593011.045123418,34.29657316534124
road_1695_2,road,1695,2,11.0,train,623848.6093356193,4593010.065462604,34.30865585030671
road_1695_3,road,1695,3,11.0,train,623881.1624668264,4593020.204021908,34.28425662936621
road_1695_4,road,1695,4,11.0,train,623913.977310431,4593028.503445721,34.22507778281868
road_1695_5,road,1695,5,11.0,train,623947.7001212459,4593033.949767325,34.277875802298446
road_1695_6,road,1695,6,11.0,train,623981.8654109741,4593035.055102346,34.307659059841754
road_1696_0,road,1696,0,11.0,train,623984.7186259192,4593102.684074364,31.012372711847867
road_1697_0,road,1697,0,23.0,train,623993.7213248186,4593496.038110988,30.300183244674013
road_1697_1,road,1697,1,23.0,train,623984.8233703297,4593524.948716437,30.207168531170964
road_1697_2,road,1697,2,23.0,train,623984.8405169124,4593554.646985537,30.2866195624938
road_1697_3,road,1697,3,23.0,train,623995.5716899952,4593582.869403983,30.286171162241317
road_1698_0,road,1698,0,47.0,train,623770.468043313,4594379.322257282,39.27509209487987
road_1698_1,road,1698,1,47.0,train,623783.3550688701,4594342.241361843,39.2860057254397
road_1698_2,road,1698,2,47.0,train,623795.8553440886,4594305.33359071,39.33129995966962
road_1698_3,road,1698,3,47.0,train,623798.4314565812,4594266.263710394,39.306434135376215
road_1698_4,road,1698,4,47.0,train,623807.0230906109,4594228.176013386,39.342161098395465
road_1698_5,road,1698,5,47.0,train,623814.3863296821,4594189.535030671,39.33571014790488
road_1698_6,road,1698,6,47.0,train,623821.1484958122,4594151.6181639815,39.0757890122906
road_1698_7,road,1698,7,35.0,train,623837.4237197136,4594116.251472239,39.33526178031582
road_1698_8,road,1698,8,35.0,train,623861.3771046964,4594085.304560856,39.073978429308696
road_1698_9,road,1698,9,35.0,train,623881.3644579436,4594052.528544479,39.3127317304855
road_1698_10,road,1698,10,35.0,train,623896.770581528,4594016.598626796,39.23022980009748
road_1698_11,road,1698,11,35.0,train,623913.6086548239,4593981.495525834,39.31964735828808
road_1698_12,road,1698,12,35.0,train,623923.6251618785,4593943.670360563,39.32595549673192
road_1698_13,road,1698,13,35.0,train,623927.004292765,4593905.114278444,39.26296747263088
road_1698_14,road,1698,14,35.0,train,623932.3022522834,4593866.8420573305,39.331372020161865
road_1698_15,road,1698,15,35.0,train,623929.7018492342,4593827.879694725,39.32844478228029
road_1698_16,road,1698,16,35.0,train,623925.5122815619,4593788.792639617,39.340436726428585
road_1699_0,road,1699,0,107.0,train,623781.5100374942,4596094.498438208,33.448281232154194
road_1699_1,road,1699,1,107.0,train,623814.6865148759,4596095.834720832,33.587166675575595
road_1699_2,road,1699,2,107.0,train,623840.2852997704,4596115.770214707,33.627773856628835
road_1699_3,road,1699,3,107.0,train,623857.7326694027,4596143.680664657,33.1409338177404
road_1700_0,road,1700,0,107.0,train,623953.5735588685,4596267.513440254,32.91729003103221
road_1700_1,road,1700,1,107.0,train,623923.5361558534,4596258.946344275,33.770651984057594
road_1701_0,road,1701,0,107.0,train,623963.0140673094,4596256.830727186,25.550510198790462
road_1701_1,road,1701,1,107.0,train,623987.7493870317,4596262.189308566,25.51332101723864
road_1702_0,road,1702,0,107.0,train,623948.8130814073,4596260.471639398,3.971508325187479
road_1703_0,road,1703,0,143.0,test,623760.8766353701,4597145.463843969,36.45714888275201
road_1703_1,road,1703,1,143.0,test,623788.7429987284,4597168.6429409,36.62138365831161
road_1703_2,road,1703,2,143.0,test,623823.742238289,4597178.823106977,36.68232816331036
road_1703_3,road,1703,3,143.0,test,623832.8351781045,4597209.845579492,36.58043365640263
road_1703_4,road,1703,4,143.0,test,623862.7802141211,4597226.53086502,36.512365709611785
road_1703_5,road,1703,5,143.0,test,623897.0340651665,4597236.488714396,36.60948642689066
road_1703_6,road,1703,6,143.0,test,623930.3280655786,4597248.714682853,36.45066019018508
road_1704_0,road,1704,0,143.0,test,623958.0419416142,4597269.499270479,33.32150035976795
road_1704_1,road,1704,1,143.0,test,623984.10438496,4597289.713980252,32.77031997216088
road_1704_2,road,1704,2,143.0,test,623989.0465347319,4597316.082685829,33.3554269885672
road_1704_3,road,1704,3,143.0,test,623982.0163517571,4597348.528954592,33.20538395240257
road_1705_0,road,1705,0,93.0,test,623225.6998645647,4595884.284699723,35.27770964376969
road_1705_1,road,1705,1,93.0,test,623192.5710441836,4595883.153316447,35.1463703912915
road_1705_2,road,1705,2,93.0,test,623159.5303798121,4595872.14618266,35.23347347462183
road_1705_3,road,1705,3,93.0,test,623124.4836285859,4595871.483182466,35.210315721389
road_1705_4,road,1705,4,93.0,test,623096.109419711,4595890.005823752,35.24512907815174
road_1705_5,road,1705,5,93.0,test,623061.8577850532,4595898.008795373,35.22299902822587
road_1706_0,road,1706,0,93.0,test,623031.3253726993,4595890.689731454,34.78650488829376
road_1707_0,road,1707,0,105.0,train,622884.9268473745,4596142.873762671,27.653742489286333
road_1707_1,road,1707,1,104.0,test,622857.7529548551,4596134.004655929,29.58173226329928
road_1707_2,road,1707,2,104.0,test,622829.7082456192,4596129.387354994,28.188584271130654
road_1708_0,road,1708,0,142.0,train,623548.005856511,4597486.90271489,34.73109328957185
road_1708_1,road,1708,1,142.0,train,623537.8768051134,4597455.083641059,34.673636567351444
road_1708_2,road,1708,2,142.0,train,623562.5937860284,4597431.198457793,34.82871935725314
road_1708_3,road,1708,3,142.0,train,623585.7939030398,4597405.37699357,34.75264903430143
road_1708_4,road,1708,4,142.0,train,623613.5688412519,4597385.235132415,34.64484248813993
road_1709_0,road,1709,0,143.0,test,623644.7394360163,4597378.853912602,39.04803562987632
road_1709_1,road,1709,1,143.0,test,623681.4650693206,4597392.309037507,39.37709030603614
road_1709_2,road,1709,2,143.0,test,623716.7561169683,4597408.527962729,39.39294691884622
road_1709_3,road,1709,3,143.0,test,623736.2498673005,4597442.472075081,39.51893084213191
road_1709_4,road,1709,4,143.0,test,623750.4927641796,4597479.335638041,39.61057587347394
road_1710_0,road,1710,0,143.0,test,623698.3755733805,4597383.168312181,26.87854303136476
road_1710_1,road,1710,1,143.0,test,623715.2850363529,4597400.094248502,21.780406757224007
road_1711_0,road,1711,0,143.0,test,623683.2243543089,4597399.821243313,26.19253757250425
road_1711_1,road,1711,1,143.0,test,623659.6432257922,4597411.985493404,27.48716658003926
road_1711_2,road,1711,2,143.0,test,623642.0285757937,4597432.836140431,27.54863762184152
road_1712_0,road,1712,0,142.0,train,623299.6477016064,4597355.5433168765,34.77029189774374
road_1712_1,road,1712,1,142.0,train,623278.7609384683,4597383.334239441,34.82250519720118
road_1712_2,road,1712,2,142.0,train,623257.3667452664,4597410.839834266,34.90163780607698
road_1713_0,road,1713,0,141.0,train,623197.1095110062,4597243.230668487,37.24727332771852
road_1713_1,road,1713,1,141.0,train,623233.3853221659,4597250.065128861,37.247567409211534
road_1713_2,road,1713,2,142.0,train,623266.43362376,4597266.849832264,37.135577741161526
road_1713_3,road,1713,3,142.0,train,623300.9736374137,4597279.410500471,37.233002245612745
road_1714_0,road,1714,0,141.0,train,623233.7131717006,4597262.7811169885,34.12659994974144
road_1714_1,road,1714,1,142.0,train,623255.1510226349,4597290.679523042,36.4469302551715
road_1715_0,road,1715,0,142.0,train,623324.1253976839,4597329.00367081,38.27470131841327
road_1715_1,road,1715,1,142.0,train,623354.5015520279,4597306.357500168,38.62836455453942
road_1715_2,road,1715,2,142.0,train,623383.5425401324,4597281.627251196,38.61202518369391
road_1715_3,road,1715,3,142.0,train,623403.5380769533,4597250.178380989,38.67628781440878
road_1716_0,road,1716,0,142.0,train,623418.9446464828,4597219.247850067,30.62538136348589
road_1716_1,road,1716,1,142.0,train,623434.5054106503,4597193.022560092,30.77033790814281
road_1716_2,road,1716,2,142.0,train,623457.1155874906,4597172.326829139,30.686977839257963
road_1716_3,road,1716,3,142.0,train,623481.37477472,4597153.86908455,30.603161525551403
road_1717_0,road,1717,0,142.0,train,623499.1965273701,4597128.952596369,31.183073380716596
road_1717_1,road,1717,1,130.0,train,623511.9099733633,4597100.694263325,31.314022190238227
road_1717_2,road,1717,2,130.0,train,623517.4859388798,4597069.964168481,31.275679325238897
road_1718_0,road,1718,0,141.0,train,623231.0157288384,4597435.121985175,37.38130283505133
road_1718_1,road,1718,1,141.0,train,623210.1104238103,4597465.801436902,37.68507894681531
road_1719_0,road,1719,0,142.0,train,623317.1378439886,4597299.4109305,32.94351468746609
road_1719_1,road,1719,1,142.0,train,623324.8329209958,4597330.5107670445,31.92783429372966
road_1719_2,road,1719,2,142.0,train,623321.4546248402,4597362.7099209735,32.99730085415459
road_1719_3,road,1719,3,142.0,train,623312.2430705675,4597394.375844639,33.05270606817962
road_1720_0,road,1720,0,142.0,train,623311.79022193,4597424.7714582365,30.243433908298694
road_1720_1,road,1720,1,142.0,train,623311.8960968303,4597454.998885623,30.257534251321346
road_1720_2,road,1720,2,142.0,train,623315.8449484246,4597484.826979926,30.217386896626
road_1721_0,road,1721,0,141.0,train,623044.94387312,4597260.646895263,29.46894217123162
road_1721_1,road,1721,1,141.0,train,623034.6846575972,4597287.993604963,30.774843104554307
road_1721_2,road,1721,2,141.0,train,623027.8632205314,4597317.828699811,30.781603795601423
road_1721_3,road,1721,3,141.0,train,623006.2857080438,4597338.993769714,30.728961474019723
road_1722_0,road,1722,0,141.0,train,622918.4884018765,4597422.964310205,27.86431546272882
road_1722_1,road,1722,1,141.0,train,622942.0630211713,4597417.277841836,27.77540208452457
road_1722_2,road,1722,2,141.0,train,622954.3902665171,4597392.30055606,27.98212314887317
road_1723_0,road,1723,0,141.0,train,622965.0305812225,4597368.172058111,24.963004408490285
road_1723_1,road,1723,1,141.0,train,622980.9654052557,4597349.253318698,24.713177765701573
road_1724_0,road,1724,0,127.0,test,622389.5848033333,4596771.551333852,36.43460393017208
road_1724_1,road,1724,1,127.0,test,622366.3019651191,4596798.580737359,36.31267619524736
road_1724_2,road,1724,2,127.0,test,622363.8693011717,4596834.801947719,36.48564968288024
road_1724_3,road,1724,3,127.0,test,622367.2080860359,4596871.052416783,36.49147756560318
road_1725_0,road,1725,0,68.0,train,622697.3754182953,4595218.075334519,37.72925332432583
road_1725_1,road,1725,1,68.0,train,622662.0908209616,4595224.424356386,37.62855572133505
road_1725_2,road,1725,2,68.0,train,622626.7136236684,4595215.273455518,37.75786099063694
road_1725_3,road,1725,3,68.0,train,622590.2760609243,4595225.09966705,37.83000554752689
road_1726_0,road,1726,0,126.0,train,621796.402265828,4596854.404138765,39.237890111659446
road_1726_1,road,1726,1,126.0,train,621829.4784115856,4596834.346803672,39.45859719871038
road_1726_2,road,1726,2,126.0,train,621868.1475013638,4596829.505125512,39.48532378609677
road_1726_3,road,1726,3,126.0,train,621905.2796897263,4596820.238441492,38.3944032244824
road_1727_0,road,1727,0,74.0,test,620437.2018757134,4595503.633502813,34.323879344180625
road_1727_1,road,1727,1,74.0,test,620439.4823547909,4595537.568846996,34.381629097231965
road_1728_0,road,1728,0,74.0,test,620283.1845709635,4595576.844366716,13.76066579110354
road_1729_0,road,1729,0,73.0,test,619940.8711718757,4595401.611445062,38.807921728530026
road_1729_1,road,1729,1,73.0,test,619956.0086899468,4595365.998349358,38.77615880927414
road_1729_2,road,1729,2,73.0,test,619974.9519351557,4595332.594646018,38.79721683286706
road_1729_3,road,1729,3,73.0,test,620005.1922752016,4595308.444018615,38.7366633793214
road_1729_4,road,1729,4,73.0,test,620032.5940415385,4595281.093212109,38.77401008270269
road_1730_0,road,1730,0,72.0,train,619561.2428238255,4595546.176995011,30.837369401759474
road_1730_1,road,1730,1,72.0,train,619591.4374951321,4595551.723143911,30.7086767071485
road_1731_0,road,1731,0,72.0,train,619588.9349531839,4595570.347232941,39.7944167606961
road_1731_1,road,1731,1,72.0,train,619603.9866670385,4595607.115304741,39.88255830135787
road_1731_2,road,1731,2,84.0,train,619621.9480401686,4595642.630971603,39.82280284318981
road_1731_3,road,1731,3,84.0,train,619649.5836952493,4595670.7726133,39.78848895312832
road_1731_4,road,1731,4,84.0,train,619677.2940402532,4595699.195194548,39.816025695094034
road_1732_0,road,1732,0,85.0,test,620204.3032232876,4595850.908445627,35.60604457531907
road_1732_1,road,1732,1,85.0,test,620174.8455860596,4595829.647057653,37.398566244964606
road_1732_2,road,1732,2,85.0,test,620142.39708837,4595811.214184118,37.50870440539131
road_1732_3,road,1732,3,85.0,test,620111.4361646983,4595790.263443111,37.42768708489725
road_1733_0,road,1733,0,85.0,test,620173.1630342889,4595844.812637008,29.394828356242247
road_1733_1,road,1733,1,85.0,test,620149.132159368,4595861.678312281,29.50993700350196
road_1733_2,road,1733,2,85.0,test,620123.9677705896,4595877.060123363,29.60939533548553
road_1734_0,road,1734,0,85.0,test,619979.5734955581,4595773.930054275,29.052654132513457
road_1734_1,road,1734,1,85.0,test,620001.8937577221,4595792.354039468,29.01883776360105
road_1735_0,road,1735,0,85.0,test,619880.6389753952,4595762.068376652,36.89414186772623
road_1735_1,road,1735,1,85.0,test,619915.6574530781,4595773.823682524,37.18659686080137
road_1735_2,road,1735,2,85.0,test,619951.4263819385,4595783.849952138,37.17792091904701
road_1735_3,road,1735,3,85.0,test,619985.8955047432,4595789.650260727,32.84183482788052
road_1736_0,road,1736,0,123.0,val,620995.4996570718,4596755.992976949,27.086103535357218
road_1736_1,road,1736,1,123.0,val,620984.621238565,4596780.668429768,27.64824563414984
road_1736_2,road,1736,2,123.0,val,620983.350481953,4596808.234838957,27.67650442277953
road_1737_0,road,1737,0,123.0,val,620951.0217296553,4596838.235965478,28.42972913940978
road_1737_1,road,1737,1,123.0,val,620927.7162316246,4596854.63157352,28.62258652957472
road_1738_0,road,1738,0,123.0,val,620965.2973071821,4596828.3772680815,6.363399496055518
road_1739_0,road,1739,0,123.0,val,620901.6843674276,4596873.4388769,36.07163585267666
road_1739_1,road,1739,1,123.0,val,620870.8887043706,4596892.266283625,36.204783995543
road_1740_0,road,1740,0,84.0,train,619717.0600199444,4595860.636814598,35.84134320831885
road_1740_1,road,1740,1,84.0,train,619751.3169064018,4595864.06387282,36.025942224114154
road_1741_0,road,1741,0,72.0,train,619517.3347043592,4595462.102690829,27.79470710135704
road_1741_1,road,1741,1,72.0,train,619504.535444021,4595486.618859522,27.72750235572585
road_1742_0,road,1742,0,72.0,train,619551.1923139738,4595374.207361898,38.21947621957947
road_1742_1,road,1742,1,72.0,train,619567.0787498497,4595339.47898714,38.30020523943246
road_1742_2,road,1742,2,72.0,train,619583.8827969568,4595305.180521844,38.31862233376325
road_1742_3,road,1742,3,72.0,train,619600.0231197443,4595270.531856862,38.250612368110936
road_1743_0,road,1743,0,60.0,val,619645.5936909459,4595170.697517507,37.63572965521687
road_1744_0,road,1744,0,60.0,val,619533.9588566445,4595168.551555759,20.36102475066788
road_1744_1,road,1744,1,60.0,val,619516.0536380516,4595178.061909808,20.91762866082963
road_1745_0,road,1745,0,28.0,train,621075.2078024573,4593845.528807211,36.642192973106205
road_1745_1,road,1745,1,28.0,train,621056.2047114902,4593877.153930253,37.289778710290506
road_1745_2,road,1745,2,28.0,train,621035.8921159855,4593907.974849959,37.29918902244158
road_1745_3,road,1745,3,28.0,train,621022.2231795233,4593941.20515712,37.36271806296748
road_1745_4,road,1745,4,28.0,train,621023.6211057812,4593978.505393519,37.36496553256626
road_1745_5,road,1745,5,28.0,train,621021.8882065132,4594015.778397196,37.37557267578818
road_1745_6,road,1745,6,28.0,train,621017.9292314281,4594052.916542101,37.39486100230547
road_1745_7,road,1745,7,28.0,train,621015.1846471076,4594090.153003262,37.376976574385736
road_1746_0,road,1746,0,27.0,train,620910.7846816622,4594111.031230701,38.11246310071474
road_1746_1,road,1746,1,27.0,train,620933.8667413738,4594080.688163381,38.71425438313549
road_1746_2,road,1746,2,27.0,train,620937.9425836966,4594042.820839551,38.71104993445004
road_1747_0,road,1747,0,27.0,train,620859.0445405499,4593982.844789122,36.51550713811859
road_1747_1,road,1747,1,27.0,train,620895.3124526121,4593987.026032608,36.5384149758541
road_1747_2,road,1747,2,27.0,train,620929.5328666762,4593998.899379228,36.41709895392289
road_1748_0,road,1748,0,27.0,train,620869.15231162,4594015.460197821,36.06637399341773
road_1749_0,road,1749,0,28.0,train,621006.3870215538,4594123.053640252,32.46699231594931
road_1749_1,road,1749,1,39.0,val,620975.7254056045,4594126.743901909,32.464109644806186
road_1749_2,road,1749,2,27.0,train,620944.3491775343,4594124.077552448,32.47596612380446
road_1749_3,road,1749,3,39.0,val,620915.2719888748,4594138.430839989,32.59579800590439
road_1750_0,road,1750,0,40.0,train,621001.1845889846,4594255.19714313,38.19316626416343
road_1750_1,road,1750,1,40.0,train,621005.8454054677,4594216.924155003,38.96535337135902
road_1750_2,road,1750,2,40.0,train,621007.299633804,4594177.988674615,38.984920206782974
road_1750_3,road,1750,3,40.0,train,621008.1978318765,4594140.347998068,36.323373128252165
road_1751_0,road,1751,0,39.0,val,620987.0995796844,4594286.754292405,30.621226088119784
road_1751_1,road,1751,1,39.0,val,620963.8566264708,4594306.172817385,30.54957855905253
road_1751_2,road,1751,2,39.0,val,620937.2632404758,4594321.018318782,30.53992514225192
road_1751_3,road,1751,3,39.0,val,620909.9107959244,4594333.710784218,30.395429115868343
road_1752_0,road,1752,0,39.0,val,620887.2336180826,4594212.823438079,38.20856854704319
road_1752_1,road,1752,1,39.0,val,620865.3231067712,4594242.531373657,38.69063752153744
road_1752_2,road,1752,2,39.0,val,620856.6131505334,4594280.093558647,38.82131951237159
road_1752_3,road,1752,3,39.0,val,620828.8963155535,4594304.957410396,38.644560227606064
road_1753_0,road,1753,0,39.0,val,620873.2061661493,4594223.965051136,36.432193639915646
road_1753_1,road,1753,1,39.0,val,620836.9712084337,4594233.153749958,39.19525637766719
road_1753_2,road,1753,2,39.0,val,620797.7452954816,4594233.203415343,39.29513795153038
road_1753_3,road,1753,3,39.0,val,620763.2648703434,4594246.398729885,39.17708876868319
road_1753_4,road,1753,4,39.0,val,620758.3882212484,4594284.771178715,39.35602116164608
road_1754_0,road,1754,0,39.0,val,620669.342398839,4594307.299694729,32.19491416792936
road_1754_1,road,1754,1,39.0,val,620702.058918532,4594304.975223872,33.504026519553136
road_1754_2,road,1754,2,39.0,val,620735.571096377,4594304.469853162,33.57337621311177
road_1755_0,road,1755,0,29.0,train,621683.0322153912,4593938.560744153,28.7172419995029
road_1755_1,road,1755,1,29.0,train,621672.6305127504,4593965.282615644,28.66722648945944
road_1755_2,road,1755,2,29.0,train,621673.0576538933,4593992.807764985,27.54061390194281
road_1756_0,road,1756,0,42.0,train,622123.389939322,4594289.539342081,30.20083270548904
road_1756_1,road,1756,1,42.0,train,622093.2134236201,4594291.953653504,30.453708006472493
road_1757_0,road,1757,0,42.0,train,622123.3959255074,4594295.453205573,20.69513895962738
road_1757_1,road,1757,1,42.0,train,622111.2479080887,4594312.652883956,21.530573938908056
road_1758_0,road,1758,0,42.0,train,622111.098559036,4594342.638675552,33.002830468917004
road_1758_1,road,1758,1,43.0,train,622140.8007511056,4594330.65610717,31.52479714586629
road_1759_0,road,1759,0,42.0,train,622068.0421001398,4594346.232402258,39.70901706062619
road_1759_1,road,1759,1,42.0,train,622050.5135095187,4594381.52822673,39.70164595991182
road_1759_2,road,1759,2,42.0,train,622039.1981287235,4594419.343710444,39.77045610045313
road_1759_3,road,1759,3,42.0,train,622048.7083713476,4594456.624105366,39.403177598245904
road_1760_0,road,1760,0,100.0,train,621156.426582291,4596150.813742948,37.05473662690957
road_1760_1,road,1760,1,100.0,train,621193.1381166392,4596149.44095856,36.98475430246794
road_1760_2,road,1760,2,100.0,train,621227.8989655783,4596137.350311158,37.00173355645116
road_1760_3,road,1760,3,100.0,train,621259.0437362925,4596117.643308951,37.04237041667476
road_1760_4,road,1760,4,100.0,train,621284.3053956921,4596090.685384945,37.07003461027567
road_1761_0,road,1761,0,113.0,test,621497.8926969701,4596739.073104691,38.88975254808575
road_1761_1,road,1761,1,113.0,test,621460.4731486995,4596748.240185557,39.07000744425534
road_1762_0,road,1762,0,84.0,train,619523.7375701728,4595879.595392977,32.90608006107254
road_1762_1,road,1762,1,84.0,train,619509.0644698467,4595909.50321902,33.83827839637328
road_1763_0,road,1763,0,85.0,test,619889.8951638152,4595761.90400391,7.869176045598014
road_1764_0,road,1764,0,48.0,train,619774.6714149577,4594689.656083834,34.540246970852934
road_1764_1,road,1764,1,48.0,train,619805.9160815068,4594704.911568658,35.126874372116575
road_1764_2,road,1764,2,48.0,train,619838.5875549829,4594715.007917176,33.99175772071592
road_1765_0,road,1765,0,3.0,test,620664.594597151,4593232.268882036,29.34730361395189
road_1765_1,road,1765,1,3.0,test,620692.9237258321,4593225.351360234,29.430506514068878
road_1765_2,road,1765,2,3.0,test,620715.64260917,4593206.922884995,29.529984499452624
road_1766_0,road,1766,0,3.0,test,620855.1929801798,4593061.025786449,34.30496670219276
road_1766_1,road,1766,1,3.0,test,620830.7432486366,4593083.720635422,34.54497583365171
road_1766_2,road,1766,2,3.0,test,620806.1675151954,4593107.246988598,34.568327000735586
road_1766_3,road,1766,3,3.0,test,620779.6417483469,4593129.1543531865,34.620778112122714
road_1766_4,road,1766,4,3.0,test,620757.7886260959,4593155.931557816,34.6271182351318
road_1766_5,road,1766,5,3.0,test,620737.217903757,4593183.528317093,34.5191919658523
road_1767_0,road,1767,0,3.0,test,620884.5803818064,4593045.303426325,32.82964146715564
road_1767_1,road,1767,1,3.0,test,620914.3533798358,4593033.595841531,32.997557509982784
road_1767_2,road,1767,2,3.0,test,620943.5861365079,4593021.192602701,32.89105155752867
road_1767_3,road,1767,3,3.0,test,620972.6245027403,4593006.47583379,33.00203685293785
road_1768_0,road,1768,0,3.0,test,620873.3672886608,4593300.895551042,27.15260502780488
road_1768_1,road,1768,1,3.0,test,620847.0525958812,4593297.31821778,27.164467623289223
road_1768_2,road,1768,2,3.0,test,620825.1498915713,4593307.587018319,22.338968948828292
road_1769_0,road,1769,0,125.0,train,621430.6171148862,4596878.703884097,39.790403992410894
road_1769_1,road,1769,1,125.0,train,621411.745194884,4596912.207070629,39.79387778318281
road_1769_2,road,1769,2,125.0,train,621417.6856279371,4596949.397233288,39.87131783158844
road_1770_0,road,1770,0,125.0,train,621425.7808493667,4596982.09626236,27.71301673836101
road_1770_1,road,1770,1,125.0,train,621430.496384689,4597009.400320467,27.72967518552869
road_1770_2,road,1770,2,125.0,train,621427.7774682427,4597036.835269142,27.73552642653577
road_1771_0,road,1771,0,125.0,train,621424.232596222,4597065.399654325,30.36567265626749
road_1771_1,road,1771,1,125.0,train,621414.6605141694,4597094.120265232,30.31571854782051
road_1771_2,road,1771,2,125.0,train,621407.2553059899,4597123.387960041,30.417700460220576
road_1772_0,road,1772,0,109.0,test,620232.355932621,4596613.131019876,36.29607456588061
road_1772_1,road,1772,1,109.0,test,620198.151270636,4596618.111369059,36.32310921223864
road_1772_2,road,1772,2,109.0,test,620184.3742290513,4596651.339838686,36.40056119751024
road_1772_3,road,1772,3,109.0,test,620174.8240132107,4596686.43118008,36.40230265709851
road_1773_0,road,1773,0,120.0,train,619862.858258861,4596772.461258567,31.323513934848236
road_1773_1,road,1773,1,120.0,train,619848.0697969053,4596793.10088584,31.026353489319867
road_1773_2,road,1773,2,120.0,train,619826.008969689,4596771.301348742,31.31293563078096
road_1774_0,road,1774,0,120.0,train,619853.7946711022,4596762.1217265325,24.96816762563425
road_1774_1,road,1774,1,120.0,train,619829.4927060477,4596763.876918268,23.898899280951508
road_1775_0,road,1775,0,96.0,train,619792.8999265498,4596039.268119737,32.14411690131244
road_1775_1,road,1775,1,96.0,train,619763.5649858384,4596052.074210289,32.14194703176808
road_1775_2,road,1775,2,96.0,train,619733.6214595676,4596063.132289866,32.07264267368953
road_1775_3,road,1775,3,96.0,train,619702.5124936769,4596069.896856395,32.11510287836945
road_1776_0,road,1776,0,13.0,train,620242.5681608933,4593553.853461928,30.61886915805993
road_1776_1,road,1776,1,14.0,train,620268.0166583456,4593555.895900288,30.469961819769303
road_1777_0,road,1777,0,14.0,train,620293.4238121873,4593517.763419637,17.257622724887792
road_1778_0,road,1778,0,14.0,train,620295.0624448993,4593495.041211816,36.40808681329121
road_1778_1,road,1778,1,14.0,train,620305.0081716719,4593460.178535122,36.36448498618641
road_1779_0,road,1779,0,14.0,train,620330.8571275707,4593392.748433988,36.37839449993087
road_1779_1,road,1779,1,14.0,train,620316.7682138806,4593426.350002597,36.65810178636458
road_1780_0,road,1780,0,6.0,train,621782.9821137466,4593018.3237124,37.81923578841631
road_1780_1,road,1780,1,6.0,train,621767.0228700925,4593051.610253215,37.98128912583397
road_1780_2,road,1780,2,6.0,train,621754.100890489,4593087.190089896,37.98534034687383
road_1781_0,road,1781,0,6.0,train,621793.2510754453,4593008.724712881,22.21440611040973
road_1781_1,road,1781,1,6.0,train,621814.9273634242,4593007.119707066,22.655656311193397
road_1782_0,road,1782,0,6.0,train,621808.4504482655,4593023.875722047,38.5054219986846
road_1782_1,road,1782,1,6.0,train,621809.6161969871,4593062.6931102015,39.496638282858086
road_1783_0,road,1783,0,6.0,train,621842.2174704756,4593049.65653598,33.062265998541406
road_1783_1,road,1783,1,6.0,train,621840.466891275,4593016.675838192,33.04177874628912
road_1784_0,road,1784,0,6.0,train,621848.0781411396,4593314.00655621,32.67495822823821
road_1784_1,road,1784,1,6.0,train,621860.4265143047,4593344.173590111,32.73777025704213
road_1784_2,road,1784,2,6.0,train,621875.8481187931,4593372.892672873,32.69553638418952
road_1784_3,road,1784,3,18.0,train,621880.857468075,4593404.506149772,32.8148027560828
road_1785_0,road,1785,0,18.0,train,621878.1328003957,4593431.567337244,26.132818296528427
road_1785_1,road,1785,1,18.0,train,621857.7718980382,4593438.571474518,26.635366644228405
road_1786_0,road,1786,0,69.0,train,623248.3889962633,4595022.631217634,39.58660695628261
road_1786_1,road,1786,1,70.0,train,623252.5255645037,4595061.814801819,39.63135683549996
road_1786_2,road,1786,2,69.0,train,623249.4481449708,4595101.229463439,39.67473239951666
road_1786_3,road,1786,3,69.0,train,623249.372331533,4595140.86145856,39.65923161592596
road_1787_0,road,1787,0,69.0,train,623247.1500956067,4595177.231236643,33.364932026296394
road_1787_1,road,1787,1,69.0,train,623244.8775847076,4595210.470206021,33.40350453504678
road_1787_2,road,1787,2,69.0,train,623238.7763407953,4595242.997799931,33.19732332362285
road_1788_0,road,1788,0,95.0,train,623774.0141268654,4595970.559283235,31.53602753928192
road_1788_1,road,1788,1,95.0,train,623746.7488112204,4595985.987315684,31.59162227341989
road_1789_0,road,1789,0,83.0,train,623721.8912999994,4595614.518964767,38.9839919634038
road_1789_1,road,1789,1,83.0,train,623759.418137443,4595612.275718876,38.95201332061014
road_1789_2,road,1789,2,95.0,train,623795.4008956543,4595626.6544408165,38.95111794651029
road_1790_0,road,1790,0,106.0,val,623369.6323904081,4596192.408219511,25.25256260678504
road_1790_1,road,1790,1,106.0,val,623354.014491206,4596212.831463021,26.48181801833232
road_1791_0,road,1791,0,106.0,val,623365.5664059432,4596208.239641826,22.54745275481014
road_1792_0,road,1792,0,94.0,val,623554.8105240971,4595880.9741246505,33.63452587783558
road_1792_1,road,1792,1,94.0,val,623568.9745473693,4595911.375891604,33.717284844426466
road_1792_2,road,1792,2,94.0,val,623583.3220066527,4595941.779258525,33.82264797743813
road_1792_3,road,1792,3,94.0,val,623590.5133757291,4595974.8139551245,33.83254816186762
road_1792_4,road,1792,4,106.0,val,623594.7150241997,4596008.312424925,33.831651655742505
road_1792_5,road,1792,5,106.0,val,623594.0128246769,4596042.125476363,33.83395883849728
road_1793_0,road,1793,0,94.0,val,623595.4623512656,4595949.430813066,33.91055402412454
road_1793_1,road,1793,1,94.0,val,623612.9746756911,4595978.877552446,34.73086278902072
road_1793_2,road,1793,2,107.0,train,623632.1790380358,4596007.479530454,34.6372960136605
road_1793_3,road,1793,3,107.0,train,623665.1794682198,4596016.026043464,34.64573517128756
road_1794_0,road,1794,0,106.0,val,623425.1440770976,4596233.496749228,26.71523195364185
road_1794_1,road,1794,1,106.0,val,623450.7385191467,4596227.006186446,26.76883557686551
road_1795_0,road,1795,0,106.0,val,623464.7465922539,4596228.844320377,1.652386590947155
road_1796_0,road,1796,0,82.0,train,623467.4902890831,4595505.966607533,34.18928908602432
road_1796_1,road,1796,1,82.0,train,623495.3363658668,4595524.082357954,34.72849166813376
road_1797_0,road,1797,0,82.0,train,623284.9274986896,4595501.462833855,33.89224206204192
road_1797_1,road,1797,1,82.0,train,623284.780820001,4595533.947296472,33.81163204244307
road_1797_2,road,1797,2,82.0,train,623280.8226400946,4595566.945795063,34.00328662534349
road_1797_3,road,1797,3,82.0,train,623285.0892303698,4595600.597817251,33.97302323341603
road_1797_4,road,1797,4,94.0,val,623289.6420739302,4595634.199156062,34.00017658087909
road_1798_0,road,1798,0,94.0,val,623372.3527035158,4595767.180980419,20.819129884086657
road_1798_1,road,1798,1,94.0,val,623352.8481456059,4595774.999354913,21.28224259614793
road_1799_0,road,1799,0,94.0,val,623385.8865036899,4595871.452287173,29.698233597383563
road_1800_0,road,1800,0,82.0,train,623335.3260001114,4595396.311175945,36.18443468523458
road_1800_1,road,1800,1,82.0,train,623360.0014869135,4595423.199922747,36.85048335151517
road_1800_2,road,1800,2,82.0,train,623387.9840283024,4595446.879500375,36.86512781464743
road_1801_0,road,1801,0,91.0,val,622234.9304316043,4595856.691155636,33.54718218878724
road_1801_1,road,1801,1,91.0,val,622246.1815868391,4595887.137340123,33.943441661825354
road_1801_2,road,1801,2,91.0,val,622255.0142217197,4595919.751528217,33.882582039241626
road_1801_3,road,1801,3,91.0,val,622283.326997294,4595924.583858507,33.882987536294415
road_1802_0,road,1802,0,55.0,train,622480.076700321,4594563.122745894,35.0869236167994
road_1802_1,road,1802,1,56.0,test,622513.8453340533,4594552.206481277,36.202945828242505
road_1803_0,road,1803,0,56.0,test,622519.4527641858,4594565.117146919,33.866025323851815
road_1804_0,road,1804,0,11.0,train,623985.6709156368,4593271.039455848,33.785774297999566
road_1804_1,road,1804,1,11.0,train,623960.6239682048,4593293.375056935,33.93612382986254
road_1804_2,road,1804,2,11.0,train,623938.864454978,4593319.321014373,33.85635694895415
road_1804_3,road,1804,3,11.0,train,623934.275136125,4593350.766473734,33.951435556570544
road_1804_4,road,1804,4,11.0,train,623951.0854423676,4593367.259173055,32.614691294753094
road_1804_5,road,1804,5,11.0,train,623984.1115579016,4593366.046763429,33.88692784094168
road_1805_0,road,1805,0,23.0,train,623926.4401218287,4593384.157239622,38.44412433563348
road_1805_1,road,1805,1,23.0,train,623890.8992947554,4593398.271877224,38.54900727309895
road_1805_2,road,1805,2,23.0,train,623860.3887087074,4593421.472302902,38.55832841445371
road_1805_3,road,1805,3,23.0,train,623842.2412574422,4593455.14098615,38.55593753256437
road_1805_4,road,1805,4,23.0,train,623816.1355477266,4593483.228333462,38.5259934079013
road_1805_5,road,1805,5,23.0,train,623800.9176080426,4593518.577419157,38.56494966255279
road_1806_0,road,1806,0,17.0,train,621487.1925196355,4593592.645744552,34.50772868328162
road_1806_1,road,1806,1,17.0,train,621475.2329995482,4593605.471711337,35.233182255323925
road_1806_2,road,1806,2,17.0,train,621471.018083236,4593639.9022258,35.37452833678865
road_1807_0,road,1807,0,17.0,train,621594.8563231458,4593529.039199766,27.19931340761972
road_1807_1,road,1807,1,17.0,train,621620.5351871477,4593519.987162998,27.319767781442525
road_1807_2,road,1807,2,17.0,train,621644.7667766608,4593508.667625583,27.29500426178023
road_1808_0,road,1808,0,58.0,train,623525.4445230381,4594643.656593891,37.29199330404525
not_road_0_0,not_road,0,0,64.0,train,621373.5435244419,4594893.926740942,37.286616155476175
not_road_0_1,not_road,0,1,65.0,train,621384.1161538154,4594928.587126359,37.17208963169624
not_road_0_2,not_road,0,2,65.0,train,621394.9419029319,4594963.131731489,37.51725713472199
not_road_0_3,not_road,0,3,65.0,train,621409.7399099771,4594997.589392297,37.52068640549208
not_road_0_4,not_road,0,4,65.0,train,621428.3440706166,4595030.101420118,37.52301628560699
not_road_0_5,not_road,0,5,65.0,train,621452.3510931939,4595058.388031178,37.49245330556694
not_road_0_6,not_road,0,6,65.0,train,621476.2614665102,4595087.218387554,37.49877925699389
not_road_0_7,not_road,0,7,65.0,train,621496.4016285023,4595118.636027452,37.511979175434114
not_road_1_0,not_road,1,0,64.0,train,621102.3706321577,4595175.060661482,39.41591081167845
not_road_1_1,not_road,1,1,64.0,train,621121.000578119,4595207.889244205,39.43356062060342
not_road_1_2,not_road,1,2,64.0,train,621136.9279970186,4595243.889882724,39.39898860751488
not_road_1_3,not_road,1,3,76.0,train,621161.9898924984,4595273.181714232,39.407721726957305
not_road_1_4,not_road,1,4,76.0,train,621193.834899629,4595295.937974333,39.38541147465067
not_road_1_5,not_road,1,5,76.0,train,621232.770829083,4595298.195049537,39.42628093941019
not_road_1_6,not_road,1,6,76.0,train,621269.9074906778,4595309.589910599,39.387795171081855
not_road_1_7,not_road,1,7,76.0,train,621308.657252851,4595314.802487246,39.31826052379572
not_road_2_0,not_road,2,0,76.0,train,621269.2734260884,4595323.287189083,32.5925738513074
not_road_2_1,not_road,2,1,76.0,train,621292.1239232403,4595345.240142868,32.68583781117572
not_road_3_0,not_road,3,0,78.0,train,622107.8473148078,4595435.629899231,36.6114381660859
not_road_3_1,not_road,3,1,79.0,train,622142.1786727804,4595442.208824999,36.51355914888661
not_road_3_2,not_road,3,2,79.0,train,622178.201612163,4595437.60646092,36.6227046921738
not_road_3_3,not_road,3,3,79.0,train,622214.1903906005,4595444.106629244,36.63138272382135
not_road_4_0,not_road,4,0,79.0,train,622151.9088880694,4595416.575226195,35.511980464666564
not_road_4_1,not_road,4,1,79.0,train,622183.6156584957,4595432.376660484,35.52033933733058
not_road_5_0,not_road,5,0,78.0,train,622082.7252940069,4595514.333146864,39.08186275952109
not_road_5_1,not_road,5,1,78.0,train,622119.9682492958,4595523.163154614,39.02824580250208
not_road_5_2,not_road,5,2,79.0,train,622157.6239310645,4595532.057373212,39.0724021407782
not_road_5_3,not_road,5,3,79.0,train,622194.2326991861,4595545.1395418495,39.05999059604584
not_road_5_4,not_road,5,4,79.0,train,622227.2149314005,4595565.73245565,39.05156843649099
not_road_5_5,not_road,5,5,79.0,train,622260.1473334894,4595586.210036381,39.058543911967405
not_road_5_6,not_road,5,6,79.0,train,622296.6963358943,4595599.76462706,39.10003446078767
not_road_5_7,not_road,5,7,79.0,train,622334.4121817366,4595606.056353679,38.90995747217461
not_road_6_0,not_road,6,0,90.0,val,622112.7671752849,4595668.353114692,31.651437901004705
not_road_6_1,not_road,6,1,90.0,val,622082.315155851,4595660.498687961,31.62134974509626
not_road_6_2,not_road,6,2,90.0,val,622056.5860348843,4595643.298319936,31.64405247850553
not_road_6_3,not_road,6,3,90.0,val,622026.4064656493,4595634.995062675,31.603644267948283
not_road_7_0,not_road,7,0,91.0,val,622304.2219892414,4595810.210571581,36.47393116934565
not_road_7_1,not_road,7,1,91.0,val,622295.9061204384,4595841.542768212,36.15762326887549
not_road_7_2,not_road,7,2,91.0,val,622316.7848660852,4595869.894529792,36.4526754095963
not_road_7_3,not_road,7,3,91.0,val,622316.2059257454,4595905.633559615,36.550222782247566
not_road_7_4,not_road,7,4,91.0,val,622305.7509400648,4595940.688655376,36.6161197876348
not_road_7_5,not_road,7,5,91.0,val,622296.19758684,4595976.020616375,36.60770066500992
not_road_8_0,not_road,8,0,53.0,train,621419.9581878465,4594514.584544702,33.685488882704675
not_road_8_1,not_road,8,1,53.0,train,621443.554572924,4594538.549881869,33.70353223163644
not_road_8_2,not_road,8,2,53.0,train,621463.2959379518,4594565.754842563,33.694123723063406
not_road_8_3,not_road,8,3,53.0,train,621487.4258818376,4594589.179111001,33.69805425275203
not_road_9_0,not_road,9,0,53.0,train,621525.627914292,4594632.746147373,26.424657188574532
not_road_9_1,not_road,9,1,53.0,train,621549.062098761,4594643.664941117,26.444188322930632
not_road_10_0,not_road,10,0,52.0,val,621313.5627407976,4594520.358182343,35.66410699986651
not_road_10_1,not_road,10,1,52.0,val,621340.2590514489,4594543.287351666,35.63172606150192
not_road_10_2,not_road,10,2,52.0,val,621365.9488726594,4594567.84812833,35.662367829235144
not_road_10_3,not_road,10,3,53.0,train,621391.8619265126,4594592.2567902105,35.654452819315125
not_road_10_4,not_road,10,4,53.0,train,621422.0280729657,4594611.214723751,35.64844519279697
not_road_10_5,not_road,10,5,53.0,train,621451.8750541952,4594630.573857568,35.61730500970353
not_road_11_0,not_road,11,0,52.0,val,621222.3900109237,4594740.786841198,37.41867916946158
not_road_11_1,not_road,11,1,52.0,val,621250.4533608999,4594764.659454198,37.40237022736484
not_road_11_2,not_road,11,2,52.0,val,621285.5576338802,4594777.011954429,37.41615223246927
not_road_12_0,not_road,12,0,52.0,val,621210.9643741186,4594850.399894485,29.338499445153417
not_road_12_1,not_road,12,1,52.0,val,621232.8028989544,4594869.987157044,29.345415619805244
not_road_12_2,not_road,12,2,64.0,train,621247.0266132237,4594895.557794871,29.347421290684714
not_road_13_0,not_road,13,0,52.0,val,621216.8862522967,4594848.8835812425,39.63608000199928
not_road_14_0,not_road,14,0,64.0,train,621347.2684521156,4595028.977390634,36.78180673961776
not_road_14_1,not_road,14,1,64.0,train,621374.2730193081,4595053.822631619,36.84322112282884
not_road_14_2,not_road,14,2,65.0,train,621400.6481999208,4595079.278610908,36.76268023046149
not_road_14_3,not_road,14,3,65.0,train,621429.7967300485,4595101.159316991,36.84476238858862
not_road_14_4,not_road,14,4,65.0,train,621456.2963877086,4595126.616517369,36.84305637077404
not_road_15_0,not_road,15,0,76.0,train,621257.2117461239,4595437.182772704,37.9748434785378
not_road_15_1,not_road,15,1,76.0,train,621220.7008451326,4595428.122039225,38.05636767279472
not_road_15_2,not_road,15,2,76.0,train,621184.8965250546,4595415.718377426,37.93035007143519
not_road_15_3,not_road,15,3,76.0,train,621155.5765984473,4595393.581514174,38.0309844509385
not_road_15_4,not_road,15,4,76.0,train,621128.0160979544,4595369.22292145,37.7694114458924
not_road_15_5,not_road,15,5,76.0,train,621097.6758199778,4595347.541542632,38.0748247275856
not_road_15_6,not_road,15,6,76.0,train,621062.1256424256,4595334.3664786285,38.021606516660526
not_road_16_0,not_road,16,0,88.0,train,621011.502754026,4595709.427682375,34.14166533421795
not_road_16_1,not_road,16,1,88.0,train,621029.4332650001,4595738.354872991,34.109609116758264
not_road_16_2,not_road,16,2,88.0,train,621046.3302228847,4595767.934018342,34.14728238565042
not_road_16_3,not_road,16,3,88.0,train,621061.152878588,4595798.684511015,34.14514438306323
not_road_16_4,not_road,16,4,88.0,train,621072.1276807823,4595830.971685592,34.148074378647856
not_road_16_5,not_road,16,5,88.0,train,621081.3625377722,4595863.847072349,34.14781989994604
not_road_17_0,not_road,17,0,79.0,train,622458.2923659618,4595504.602769552,31.58338345134372
not_road_17_1,not_road,17,1,79.0,train,622483.9995043617,4595521.918236448,31.5471274751098
not_road_18_0,not_road,18,0,79.0,train,622484.0423690007,4595509.328213464,37.4032293659698
not_road_19_0,not_road,19,0,79.0,train,622471.9198171727,4595457.067815647,21.572331162913
not_road_19_1,not_road,19,1,79.0,train,622490.994164029,4595466.679687468,21.51268144745423
not_road_20_0,not_road,20,0,79.0,train,622465.1284177012,4595541.007819298,30.211022002432905
not_road_20_1,not_road,20,1,79.0,train,622488.3705162933,4595560.007715344,30.21988844614001
not_road_21_0,not_road,21,0,79.0,train,622402.8520105175,4595607.900300685,39.15736381548759
not_road_21_1,not_road,21,1,79.0,train,622441.6211748875,4595612.23297471,39.125724315244526
not_road_21_2,not_road,21,2,91.0,val,622476.7288999594,4595627.949652651,38.99475311332731
not_road_22_0,not_road,22,0,91.0,val,622392.4123911088,4595802.778245203,33.420276139667166
not_road_22_1,not_road,22,1,91.0,val,622424.8321481785,4595807.54799406,33.384179379151824
not_road_22_2,not_road,22,2,91.0,val,622457.0776988063,4595810.227396119,33.30538814298015
not_road_22_3,not_road,22,3,91.0,val,622488.6054379129,4595804.321297864,32.757611606866696
not_road_23_0,not_road,23,0,91.0,val,622410.5868551194,4595819.030553967,26.95415644936389
not_road_23_1,not_road,23,1,91.0,val,622428.2773922365,4595838.720329157,26.8385126575769
not_road_23_2,not_road,23,2,91.0,val,622452.6432181974,4595850.01400216,26.929337336080582
not_road_24_0,not_road,24,0,91.0,val,622377.4416634116,4595965.427294228,34.70827542206643
not_road_24_1,not_road,24,1,91.0,val,622403.1340353012,4595987.7576646805,34.71397302531561
not_road_25_0,not_road,25,0,67.0,train,622175.1959320534,4595121.694083596,32.885924198206915
not_road_25_1,not_road,25,1,67.0,train,622206.9461463866,4595115.960136031,33.05589358377513
not_road_25_2,not_road,25,2,67.0,train,622239.82380497,4595116.048077541,33.043108779391474
not_road_25_3,not_road,25,3,67.0,train,622272.5670131388,4595111.58401667,33.06037574663673
not_road_26_0,not_road,26,0,64.0,train,621026.7943871942,4595173.166387112,37.85092214130161
not_road_26_1,not_road,26,1,64.0,train,621034.6627109891,4595136.876405464,37.792025006723456
not_road_26_2,not_road,26,2,64.0,train,621068.1552720362,4595123.48337779,37.4127280713128
not_road_26_3,not_road,26,3,64.0,train,621073.3474876079,4595090.9641207615,37.9162653592824
not_road_26_4,not_road,26,4,64.0,train,621063.532434697,4595056.224969451,37.65790237183992
not_road_26_5,not_road,26,5,64.0,train,621081.8949194002,4595023.736443065,37.88786606607098
not_road_26_6,not_road,26,6,64.0,train,621110.6977507672,4594999.174547386,37.907419778015935
not_road_26_7,not_road,26,7,64.0,train,621120.1512681416,4594969.984897045,37.15157872966064
not_road_26_8,not_road,26,8,64.0,train,621086.4199387454,4594956.495651848,37.84824913461011
not_road_26_9,not_road,26,9,64.0,train,621053.7374616382,4594938.715924785,37.87460165441661
not_road_26_10,not_road,26,10,64.0,train,621019.3912828197,4594924.415251121,37.79658505438014
not_road_27_0,not_road,27,0,53.0,train,621377.7510800132,4594863.562228157,39.899473154787486
not_road_27_1,not_road,27,1,64.0,train,621343.4872603181,4594883.564876228,39.91734547793082
not_road_27_2,not_road,27,2,64.0,train,621307.0859354094,4594898.880516207,39.86140924069738
not_road_27_3,not_road,27,3,64.0,train,621270.38454033,4594913.426114154,39.92274825458783
not_road_27_4,not_road,27,4,64.0,train,621237.706914492,4594934.320803594,39.87990375682182
not_road_27_5,not_road,27,5,64.0,train,621219.3110957649,4594969.478019858,39.7408201923874
not_road_27_6,not_road,27,6,64.0,train,621182.7899187558,4594977.401969885,39.73755183187075
not_road_27_7,not_road,27,7,64.0,train,621145.573077717,4594980.439416897,39.872718233319965
not_road_28_0,not_road,28,0,52.0,val,621224.8886080991,4594839.821871134,31.561599170194395
not_road_28_1,not_road,28,1,52.0,val,621250.7109853873,4594857.0773283,31.51145714578066
not_road_28_2,not_road,28,2,52.0,val,621277.6442579644,4594871.812571439,31.55479357422069
not_road_29_0,not_road,29,0,52.0,val,621271.1723541695,4594848.562151579,26.828318775986794
not_road_29_1,not_road,29,1,52.0,val,621295.5273816765,4594859.748672227,26.83909846259886
not_road_30_0,not_road,30,0,91.0,val,622318.7143427702,4595762.558209331,32.79956603106156
not_road_30_1,not_road,30,1,91.0,val,622287.8866961072,4595752.041629338,32.80721447636239
not_road_30_2,not_road,30,2,91.0,val,622255.5492440761,4595755.821777512,32.83195082619637
not_road_30_3,not_road,30,3,91.0,val,622223.0086430316,4595759.910673979,32.8336125412508
not_road_30_4,not_road,30,4,91.0,val,622190.5902086156,4595759.491058628,32.804262501789616
not_road_31_0,not_road,31,0,78.0,train,622045.4309173572,4595588.041538397,37.77633800501529
not_road_31_1,not_road,31,1,78.0,train,622075.9777423519,4595609.390566654,37.79104167516466
not_road_31_2,not_road,31,2,90.0,val,622107.8618890976,4595629.533762771,37.81892585303632
not_road_32_0,not_road,32,0,78.0,train,622032.5208758679,4595622.500297616,38.82394192571491
not_road_33_0,not_road,33,0,52.0,val,621302.3958991915,4594768.132287879,27.069639949429384
not_road_33_1,not_road,33,1,52.0,val,621328.3128309897,4594775.274793894,26.993440521428514
not_road_34_0,not_road,34,0,52.0,val,621291.5628288235,4594787.034736146,30.740113656671586
not_road_35_0,not_road,35,0,91.0,val,622426.0147660843,4595776.026896933,21.5075542636956
not_road_35_1,not_road,35,1,91.0,val,622407.0559740672,4595767.026206235,21.490703144280875
not_road_36_0,not_road,36,0,91.0,val,622423.8379568083,4595779.603889582,32.01043143404597
not_road_37_0,not_road,37,0,,unused,701705.5456569314,4649563.540650216,37.20690732571383
not_road_37_1,not_road,37,1,,unused,701736.7901547166,4649581.322693142,37.28953443176599
not_road_37_2,not_road,37,2,,unused,701762.6714717686,4649608.113142377,37.28654412862119
not_road_37_3,not_road,37,3,,unused,701783.1024992724,4649639.219491111,37.27912021217358
not_road_38_0,not_road,38,0,,unused,701811.2784574215,4649702.409322278,39.980694949564494
not_road_38_1,not_road,38,1,,unused,701835.2720031547,4649734.080378249,39.9454515902068
not_road_38_2,not_road,38,2,,unused,701853.587179539,4649769.409466724,39.92055668912407
not_road_38_3,not_road,38,3,,unused,701880.8026244341,4649798.3689834485,39.94355539756707
not_road_38_4,not_road,38,4,,unused,701911.0217816401,4649823.835804401,39.81516141541107
not_road_38_5,not_road,38,5,,unused,701922.3662249291,4649860.718377026,39.973385030806725
not_road_38_6,not_road,38,6,,unused,701932.4730410161,4649899.27689879,39.962426687464
not_road_38_7,not_road,38,7,,unused,701955.0644522683,4649931.18442253,39.9721418435374
not_road_38_8,not_road,38,8,,unused,701991.3578909016,4649947.552591114,39.9576203128208
not_road_38_9,not_road,38,9,,unused,702030.3921908593,4649955.206896482,39.74236857742881
not_road_38_10,not_road,38,10,,unused,702055.5059662217,4649980.302059982,39.12423563907269
not_road_38_11,not_road,38,11,,unused,702066.7859758815,4650010.724391579,39.6998303131701
not_road_38_12,not_road,38,12,,unused,702090.5361618766,4650031.102026578,39.57661879866622
not_road_38_13,not_road,38,13,,unused,702126.7365410649,4650045.211728989,39.98419294638808
not_road_38_14,not_road,38,14,,unused,702159.8034908995,4650067.646057253,39.95876387188466
not_road_38_15,not_road,38,15,,unused,702191.7464130147,4650091.214582144,39.95164578944511
not_road_38_16,not_road,38,16,,unused,702212.1542463663,4650123.1774348505,39.79320835394385
not_road_38_17,not_road,38,17,,unused,702235.3933187791,4650153.56533349,39.85604008291642
not_road_38_18,not_road,38,18,,unused,702252.846426305,4650188.110823829,39.73487474819324
not_road_38_19,not_road,38,19,,unused,702272.6916723383,4650220.542792155,39.98318319181614
not_road_38_20,not_road,38,20,,unused,702298.208192678,4650250.713500036,39.91499239289996
not_road_38_21,not_road,38,21,,unused,702312.6689530279,4650286.022796773,39.47021575784064
not_road_38_22,not_road,38,22,,unused,702351.9620557182,4650287.211904496,39.97318454310385
not_road_38_23,not_road,38,23,,unused,702391.666012688,4650282.654347351,39.98567025863212
not_road_38_24,not_road,38,24,,unused,702431.3942861831,4650278.156523574,39.984796248661446
not_road_38_25,not_road,38,25,,unused,702471.10655211,4650274.1847805865,39.872741712756486
not_road_38_26,not_road,38,26,,unused,702497.3498080024,4650297.252449151,39.86842277593685
not_road_38_27,not_road,38,27,,unused,702522.9146463585,4650327.070584042,39.98609485587876
not_road_38_28,not_road,38,28,,unused,702555.3953293802,4650350.287405838,39.98275116063674
not_road_38_29,not_road,38,29,,unused,702588.6436730208,4650369.433591071,39.62798963333583
not_road_38_30,not_road,38,30,,unused,702611.278235887,4650396.106710183,39.67017433329855
not_road_38_31,not_road,38,31,,unused,702644.1848809264,4650415.594129612,39.95936286994943
not_road_38_32,not_road,38,32,,unused,702665.0231031019,4650448.899645612,39.89109952626937
not_road_38_33,not_road,38,33,,unused,702668.2006942434,4650488.621761214,39.96371611810723
not_road_39_0,not_road,39,0,,unused,702686.2413552679,4650475.895059764,36.51027734405798
not_road_39_1,not_road,39,1,,unused,702722.4748842269,4650475.715632943,36.34712791035856
not_road_39_2,not_road,39,2,,unused,702754.6642311681,4650492.390190089,36.50230773563628
not_road_39_3,not_road,39,3,,unused,702786.1074526062,4650510.002255799,36.3585833077056
not_road_39_4,not_road,39,4,,unused,702808.2463197338,4650538.589455183,36.509200592075686
not_road_39_5,not_road,39,5,,unused,702836.7287123286,4650561.362773444,36.50884800128003
not_road_39_6,not_road,39,6,,unused,702863.6147445947,4650585.543920958,36.42751104197148
not_road_39_7,not_road,39,7,,unused,702885.6921444318,4650606.069331703,36.13318005272646
not_road_39_8,not_road,39,8,,unused,702900.4806207108,4650635.663956727,36.38192809320198
not_road_39_9,not_road,39,9,,unused,702926.8075955717,4650660.387279316,36.38559139182892
not_road_40_0,not_road,40,0,,unused,702944.4369002919,4650717.01452695,37.396813727646936
not_road_40_1,not_road,40,1,,unused,702966.8201765363,4650746.857074189,37.42497539243778
not_road_40_2,not_road,40,2,,unused,702991.5762554054,4650774.815827734,37.41754644872514
not_road_40_3,not_road,40,3,,unused,703020.3856456408,4650798.699128444,37.42610441227546
not_road_40_4,not_road,40,4,,unused,703049.1776065291,4650822.5899291895,37.42541139048591
not_road_40_5,not_road,40,5,,unused,703079.1536561061,4650844.955449762,37.42215753762429
not_road_40_6,not_road,40,6,,unused,703110.1519910551,4650865.816697378,37.41679828619697
not_road_41_0,not_road,41,0,,unused,700373.1435670156,4649405.506141304,37.315299577786895
not_road_41_1,not_road,41,1,,unused,700390.9951912019,4649383.565397032,37.65615692900905
not_road_41_2,not_road,41,2,,unused,700427.4141238026,4649390.675771983,37.84898054104603
not_road_41_3,not_road,41,3,,unused,700461.5794382679,4649404.780404893,37.79841154264638
not_road_41_4,not_road,41,4,,unused,700498.6044995729,4649400.835517346,37.93610534569699
not_road_41_5,not_road,41,5,,unused,700534.8144411335,4649391.4444575,37.830872973492056
not_road_41_6,not_road,41,6,,unused,700570.4770681564,4649403.103886082,37.918052582248656
not_road_41_7,not_road,41,7,,unused,700599.7320333264,4649426.968235978,37.94597804682317
not_road_41_8,not_road,41,8,,unused,700634.1019416937,4649437.69888918,37.92935526406272
not_road_41_9,not_road,41,9,,unused,700671.9073509985,4649434.649481342,37.95033983650937
not_road_41_10,not_road,41,10,,unused,700709.4601656728,4649430.439712666,37.927703683534574
not_road_41_11,not_road,41,11,,unused,700746.5172064594,4649422.6033180775,37.89850457422153
not_road_41_12,not_road,41,12,,unused,700783.3889456649,4649425.533478416,37.95018078689293
not_road_41_13,not_road,41,13,,unused,700819.3006793123,4649437.772947677,37.951345391261896
not_road_41_14,not_road,41,14,,unused,700855.4424618084,4649448.935542689,37.94579445412676
not_road_42_0,not_road,42,0,,unused,700812.0249117039,4649446.823640558,25.725387604359906
not_road_42_1,not_road,42,1,,unused,700817.1437808922,4649472.03424905,25.7253904499792
not_road_43_0,not_road,43,0,,unused,700828.8465751625,4649651.490694079,32.2906037257498
not_road_43_1,not_road,43,1,,unused,700821.179165498,4649620.473892347,32.26883073195504
not_road_43_2,not_road,43,2,,unused,700825.6117872035,4649589.38109622,32.33503960856076
not_road_43_3,not_road,43,3,,unused,700824.1886185526,4649557.346949623,32.267883924112375
not_road_43_4,not_road,43,4,,unused,700822.2211722118,4649525.536980187,32.33607797985464
not_road_44_0,not_road,44,0,,unused,700824.6332394794,4649700.335417956,35.1440380737016
not_road_44_1,not_road,44,1,,unused,700814.6925808714,4649731.547577785,35.23724869685273
not_road_44_2,not_road,44,2,,unused,700838.2069205734,4649754.565075219,35.24551473168024
not_road_44_3,not_road,44,3,,unused,700850.8948758563,4649786.833193075,35.13535219172711
not_road_44_4,not_road,44,4,,unused,700882.3225585726,4649801.491202495,35.198774938073136
not_road_44_5,not_road,44,5,,unused,700902.9638445158,4649825.101703852,34.54898559753517
not_road_44_6,not_road,44,6,,unused,700915.7777480356,4649853.763396938,34.357194072570245
not_road_44_7,not_road,44,7,,unused,700930.3153585076,4649881.101604445,34.83402272532276
not_road_45_0,not_road,45,0,,unused,700879.831010202,4649814.236661949,36.39225416872006
not_road_45_1,not_road,45,1,,unused,700886.4903909822,4649849.631975259,36.39864925252035
not_road_45_2,not_road,45,2,,unused,700895.9288180289,4649884.516980008,36.36282919557706
not_road_45_3,not_road,45,3,,unused,700915.4826341334,4649915.196940353,36.40012159782564
not_road_46_0,not_road,46,0,,unused,700823.8279411434,4649925.00408892,33.86508155142443
not_road_46_1,not_road,46,1,,unused,700826.6752423531,4649891.308163303,33.82270338239562
not_road_46_2,not_road,46,2,,unused,700827.6483130704,4649858.329975216,33.65303774604339
not_road_46_3,not_road,46,3,,unused,700844.2796836847,4649829.505345125,33.745216365675795
not_road_46_4,not_road,46,4,,unused,700867.8575884273,4649808.865216886,32.56294139134971
not_road_47_0,not_road,47,0,,unused,700813.0607059576,4649814.726005329,28.44988015135318
not_road_47_1,not_road,47,1,,unused,700817.5982291156,4649786.995998983,28.026747655789148
not_road_47_2,not_road,47,2,,unused,700827.9451353032,4649763.093473893,28.33118184926675
not_road_48_0,not_road,48,0,,unused,700151.8050407277,4649481.308415674,35.206931174086314
not_road_48_1,not_road,48,1,,unused,700123.0345794628,4649501.342942282,35.20705356749201
not_road_48_2,not_road,48,2,,unused,700090.8979856496,4649515.662324434,35.20456741546898
not_road_48_3,not_road,48,3,,unused,700056.7597923373,4649524.006177028,35.21220321918052
not_road_48_4,not_road,48,4,,unused,700022.5116177407,4649531.800377267,35.19774443054681
not_road_48_5,not_road,48,5,,unused,699989.6955433527,4649544.274250769,35.20594258890094
not_road_48_6,not_road,48,6,,unused,699954.8337830441,4649549.135299242,35.207759854727016
not_road_49_0,not_road,49,0,,unused,699752.3731483852,4649573.353035723,36.33657416879878
not_road_49_1,not_road,49,1,,unused,699784.9125767642,4649588.274043901,36.23435325183697
not_road_49_2,not_road,49,2,,unused,699821.0843528145,4649590.9097737465,36.33258374130438
not_road_49_3,not_road,49,3,,unused,699857.212107699,4649591.815088199,36.30147390601755
not_road_49_4,not_road,49,4,,unused,699892.1552089559,4649582.6744908765,36.2986753402268
not_road_49_5,not_road,49,5,,unused,699922.0620166273,4649562.476761683,36.32807353392279
not_road_50_0,not_road,50,0,,unused,699490.3373332793,4649588.956557877,38.00025787252397
not_road_50_1,not_road,50,1,,unused,699528.2362714336,4649587.697897545,37.99756673715572
not_road_50_2,not_road,50,2,,unused,699566.0752252386,4649584.475797662,37.99778518061856
not_road_50_3,not_road,50,3,,unused,699603.7588853835,4649579.670869457,37.99413596903555
not_road_50_4,not_road,50,4,,unused,699641.5888378742,4649576.514909124,38.00029692940657
not_road_50_5,not_road,50,5,,unused,699679.499851926,4649574.0307454895,37.9991052700273
not_road_50_6,not_road,50,6,,unused,699717.1406598506,4649568.900688032,38.00001429277444
not_road_51_0,not_road,51,0,,unused,700025.5289033937,4649239.865173961,36.77600298346648
not_road_51_1,not_road,51,1,,unused,700010.0968704686,4649271.762461587,37.00584995446654
not_road_51_2,not_road,51,2,,unused,700000.2869025965,4649307.113293282,37.20043421448353
not_road_51_3,not_road,51,3,,unused,699995.95778582,4649341.727024519,37.07365427911135
not_road_51_4,not_road,51,4,,unused,700016.4825646802,4649371.384943997,37.18346989103621
not_road_51_5,not_road,51,5,,unused,700013.7672516478,4649408.3616152415,37.25841881522633
not_road_52_0,not_road,52,0,,unused,702592.1227656808,4649818.57812693,36.79805480290516
not_road_52_1,not_road,52,1,,unused,702556.8462857332,4649808.544146617,36.635632842684544
not_road_52_2,not_road,52,2,,unused,702522.3230251122,4649798.530153445,36.78147755853431
not_road_52_3,not_road,52,3,,unused,702485.895541556,4649794.291225394,36.81370025748737
not_road_52_4,not_road,52,4,,unused,702449.9981911106,4649786.904313169,36.81893704209897
not_road_52_5,not_road,52,5,,unused,702417.3961165769,4649772.70519781,36.34692747441901
not_road_52_6,not_road,52,6,,unused,702453.0433722975,4649766.538988867,36.750860579077866
not_road_52_7,not_road,52,7,,unused,702489.2880354753,4649765.413337305,36.76572937979154
not_road_52_8,not_road,52,8,,unused,702524.3633027833,4649765.406887086,36.73514712391189
not_road_52_9,not_road,52,9,,unused,702560.2161439557,4649767.749429557,36.79137312187855
not_road_52_10,not_road,52,10,,unused,702596.838870542,4649768.133394208,36.8244438118035
not_road_53_0,not_road,53,0,,unused,702405.470287198,4649772.513510204,22.89966677994055
not_road_53_1,not_road,53,1,,unused,702383.0862665281,4649776.2347076405,22.862466237014864
not_road_54_0,not_road,54,0,,unused,703058.1470485975,4650639.749278715,36.15165540718898
not_road_54_1,not_road,54,1,,unused,703087.4035525412,4650629.223664983,35.02923940242562
not_road_54_2,not_road,54,2,,unused,703106.3779300858,4650600.618749536,35.849894827750724
not_road_54_3,not_road,54,3,,unused,703139.9863128023,4650591.2189307455,35.968869172480666
not_road_54_4,not_road,54,4,,unused,703173.1808505955,4650596.038955425,35.745086100923665
not_road_54_5,not_road,54,5,,unused,703202.9216358145,4650579.844942376,35.498051159964334
not_road_54_6,not_road,54,6,,unused,703236.6914703961,4650578.795980782,36.088010956410656
not_road_55_0,not_road,55,0,,unused,704033.8658098727,4650447.815406724,38.63882178646695
not_road_55_1,not_road,55,1,,unused,703995.8232257557,4650449.433788614,38.61496624205515
not_road_55_2,not_road,55,2,,unused,703957.7780528424,4650454.262729821,38.629900172988
not_road_55_3,not_road,55,3,,unused,703920.7334952607,4650444.532181564,38.63676417124534
not_road_55_4,not_road,55,4,,unused,703884.7791533218,4650433.841668239,38.60485862374056
not_road_55_5,not_road,55,5,,unused,703848.1249397798,4650445.497147168,38.65564094097365
not_road_55_6,not_road,55,6,,unused,703813.0463643086,4650461.707176374,38.65623913035982
not_road_55_7,not_road,55,7,,unused,703777.6889062215,4650471.830912094,38.51037032320875
not_road_55_8,not_road,55,8,,unused,703739.6652144857,4650467.3186702775,38.40188896727071
not_road_55_9,not_road,55,9,,unused,703705.3015820131,4650476.82712527,38.532865248095455
not_road_55_10,not_road,55,10,,unused,703667.5942258737,4650484.237244947,38.40141193773104
not_road_55_11,not_road,55,11,,unused,703632.8197198557,4650479.502461998,38.28897896189338
not_road_55_12,not_road,55,12,,unused,703597.220283888,4650483.135785566,38.37772005283367
not_road_55_13,not_road,55,13,,unused,703559.6436945153,4650478.8268450685,38.18434367361626
not_road_55_14,not_road,55,14,,unused,703524.723056137,4650487.140457459,38.38550213212605
not_road_55_15,not_road,55,15,,unused,703487.6324634197,4650495.822260704,38.62742146695713
not_road_56_0,not_road,56,0,,unused,703989.8566192251,4649967.9552322505,39.06277800479461
not_road_56_1,not_road,56,1,,unused,703958.4527454886,4649946.570724358,38.836807446360005
not_road_56_2,not_road,56,2,,unused,703922.4772160182,4649947.588095473,38.97525596653568
not_road_56_3,not_road,56,3,,unused,703885.9554793535,4649935.894921535,38.70389800493789
not_road_56_4,not_road,56,4,,unused,703850.9742470157,4649920.367151652,39.06177767383991
not_road_56_5,not_road,56,5,,unused,703813.9735123853,4649908.773578111,39.06761719070977
not_road_56_6,not_road,56,6,,unused,703777.8534142536,4649896.02771552,38.932758029703336
not_road_56_7,not_road,56,7,,unused,703741.267270956,4649883.323027748,38.98162011362342
not_road_56_8,not_road,56,8,,unused,703711.852494541,4649858.704242228,39.04165850075674
not_road_56_9,not_road,56,9,,unused,703681.356618873,4649834.68971156,39.06404654378648
not_road_56_10,not_road,56,10,,unused,703648.9519375438,4649813.094130593,39.052931408854086
not_road_56_11,not_road,56,11,,unused,703618.30740679,4649790.103675201,38.97492764412832
not_road_57_0,not_road,57,0,,unused,701486.0505183433,4649552.74739799,37.41717102299828
not_road_57_1,not_road,57,1,,unused,701521.7886901173,4649562.931708378,37.38833232708731
not_road_57_2,not_road,57,2,,unused,701558.0253198117,4649570.931554517,37.39973572859328
not_road_57_3,not_road,57,3,,unused,701591.8123553235,4649586.799469528,37.360618133368085
not_road_57_4,not_road,57,4,,unused,701627.9605908118,4649581.870916072,37.281212544896725
not_road_58_0,not_road,58,0,,unused,699909.204506864,4648873.8381067375,38.02987995500209
not_road_58_1,not_road,58,1,,unused,699921.5582897554,4648906.899865696,37.926452792901095
not_road_58_2,not_road,58,2,,unused,699943.0203604097,4648937.47564376,37.79207789037512
not_road_58_3,not_road,58,3,,unused,699976.3577398693,4648949.099107841,37.61245647428719
not_road_58_4,not_road,58,4,,unused,700011.4777747953,4648957.33164597,38.07080341209706
not_road_58_5,not_road,58,5,,unused,700046.812842074,4648969.06273931,38.14141404757687
not_road_59_0,not_road,59,0,,unused,699919.3324396455,4648931.257458476,39.5404228250876
not_road_59_1,not_road,59,1,,unused,699913.0884891899,4648970.165894722,39.54359853112884
not_road_59_2,not_road,59,2,,unused,699914.8489140193,4649009.5411340175,39.48466574160922
not_road_59_3,not_road,59,3,,unused,699930.9892178942,4649044.906183667,39.51136339970765
not_road_59_4,not_road,59,4,,unused,699953.903058137,4649075.7050664965,39.51909206931773
not_road_60_0,not_road,60,0,,unused,699977.6186138197,4649117.122797355,26.6372075791898
not_road_60_1,not_road,60,1,,unused,699989.750792853,4649140.556192666,26.60728496007125
not_road_60_2,not_road,60,2,,unused,699990.5278160798,4649166.857683519,26.635275352930023
not_road_61_0,not_road,61,0,,unused,698873.9081155373,4649169.917494369,36.33207711938009
not_road_61_1,not_road,61,1,,unused,698885.2041790161,4649202.038318219,36.27249663588815
not_road_61_2,not_road,61,2,,unused,698875.5808407493,4649236.424192277,36.18900873325941
not_road_61_3,not_road,61,3,,unused,698884.2636506591,4649270.247046104,36.20702470027128
not_road_61_4,not_road,61,4,,unused,698891.838431223,4649303.60913157,36.45235530622536
not_road_61_5,not_road,61,5,,unused,698898.1406978014,4649338.873576511,36.28352905990141
not_road_61_6,not_road,61,6,,unused,698898.187699155,4649374.331938986,35.91102027957599
not_road_61_7,not_road,61,7,,unused,698913.7796714995,4649405.673955405,36.14035241013648
not_road_61_8,not_road,61,8,,unused,698926.1847977005,4649439.408998633,36.4421218425252
not_road_61_9,not_road,61,9,,unused,698951.3290278418,4649464.617340015,36.315997941443015
not_road_62_0,not_road,62,0,,unused,698974.9626405826,4649513.513260301,36.53207576684526
not_road_62_1,not_road,62,1,,unused,698986.0263736452,4649548.29435834,36.54335642695282
not_road_63_0,not_road,63,0,,unused,699452.5385727559,4649585.433000652,38.22929807137065
not_road_63_1,not_road,63,1,,unused,699415.8264384985,4649574.919246433,38.2254670470971
not_road_63_2,not_road,63,2,,unused,699378.5563265481,4649566.632652435,38.23182504535641
not_road_63_3,not_road,63,3,,unused,699340.7444904224,4649566.923304628,38.21497557166423
not_road_63_4,not_road,63,4,,unused,699303.3303126448,4649574.629651896,38.23323799702575
not_road_63_5,not_road,63,5,,unused,699265.595305894,4649579.888342792,38.21559490020525
not_road_63_6,not_road,63,6,,unused,699227.837143425,4649576.354809971,38.170230921779584
not_road_63_7,not_road,63,7,,unused,699191.8272560718,4649563.63445286,38.22798612526165
not_road_63_8,not_road,63,8,,unused,699156.3101420864,4649549.590342972,38.23446862691871
not_road_63_9,not_road,63,9,,unused,699120.7406773798,4649535.626121443,38.22376297802431
not_road_63_10,not_road,63,10,,unused,699083.1743242019,4649528.730968521,38.22319859189182
not_road_64_0,not_road,64,0,,unused,699040.4205157997,4649545.626830972,38.56545565017789
not_road_64_1,not_road,64,1,,unused,699009.1178526678,4649567.511729536,38.4791162256454
not_road_64_2,not_road,64,2,,unused,698972.3122152449,4649576.805533351,38.40513087265786
not_road_64_3,not_road,64,3,,unused,698934.7263422421,4649569.21966647,38.56198999113974
not_road_65_0,not_road,65,0,,unused,698895.8417555004,4649568.740192395,39.397191929853314
not_road_65_1,not_road,65,1,,unused,698858.3673155757,4649557.163701752,39.41642476585467
not_road_65_2,not_road,65,2,,unused,698820.281723189,4649556.034986309,39.17242136103751
not_road_65_3,not_road,65,3,,unused,698784.9772687199,4649572.384976293,39.31874001199658
not_road_65_4,not_road,65,4,,unused,698753.7727246187,4649596.323820718,39.39666177950339
not_road_65_5,not_road,65,5,,unused,698730.6063728386,4649626.972796393,38.96929510424589
not_road_65_6,not_road,65,6,,unused,698743.0197510512,4649660.618596023,38.79134732064375
not_road_65_7,not_road,65,7,,unused,698722.5134702647,4649680.607345737,39.31467223807621
not_road_65_8,not_road,65,8,,unused,698685.7149391172,4649690.434496688,39.36241701908355
not_road_66_0,not_road,66,0,,unused,698646.587603027,4649726.886424113,36.64884701627975
not_road_66_1,not_road,66,1,,unused,698623.9111534889,4649755.425833469,36.64560460173072
not_road_66_2,not_road,66,2,,unused,698606.0742694817,4649787.404275451,36.64508827523937
not_road_66_3,not_road,66,3,,unused,698585.5404779868,4649816.520217386,36.21311294537041
not_road_66_4,not_road,66,4,,unused,698551.5412311199,4649807.727320944,36.6404927302423
not_road_66_5,not_road,66,5,,unused,698517.1302925878,4649795.361431506,36.64902896185562
not_road_67_0,not_road,67,0,,unused,697920.9463185638,4650001.252964594,34.52389158116557
not_road_67_1,not_road,67,1,,unused,697948.4322284269,4649980.377158661,34.523367101944224
not_road_67_2,not_road,67,2,,unused,697974.697781711,4649958.005377245,34.50073546164142
not_road_68_0,not_road,68,0,,unused,698017.0673678655,4649927.582701795,36.95881168292446
not_road_68_1,not_road,68,1,,unused,698049.3713110922,4649909.983281425,36.950119261377495
not_road_68_2,not_road,68,2,,unused,698084.782589862,4649899.470673696,36.96674452171632
not_road_68_3,not_road,68,3,,unused,698118.8414448194,4649885.112637307,36.96929884658741
not_road_68_4,not_road,68,4,,unused,698151.8254641802,4649868.602744856,36.95775349218403
not_road_68_5,not_road,68,5,,unused,698180.2707223649,4649845.311127132,36.92276012205507
not_road_68_6,not_road,68,6,,unused,698199.3060461236,4649814.01679524,36.93088755408335
not_road_69_0,not_road,69,0,,unused,698232.801857978,4649802.475288229,36.9529798732716
not_road_69_1,not_road,69,1,,unused,698269.3066958537,4649797.516749058,36.917514692647934
not_road_69_2,not_road,69,2,,unused,698303.3178171286,4649783.408471115,36.92257018335642
not_road_69_3,not_road,69,3,,unused,698338.9991259882,4649775.191309426,36.94746913481583
not_road_69_4,not_road,69,4,,unused,698375.3685924555,4649779.814034262,36.90926473132321
not_road_69_5,not_road,69,5,,unused,698409.5771370082,4649793.69521038,36.94904644922586
not_road_69_6,not_road,69,6,,unused,698445.4663261559,4649801.452583431,36.930568990135086
not_road_69_7,not_road,69,7,,unused,698482.2707017784,4649799.245485195,36.91968881754149
not_road_70_0,not_road,70,0,,unused,698808.0422932093,4649981.989351404,30.5692669664148
not_road_71_0,not_road,71,0,,unused,698800.8882367953,4649977.537609224,28.7016302681724
not_road_71_1,not_road,71,1,,unused,698789.2188715953,4649952.135553309,28.631449168874948
not_road_72_0,not_road,72,0,,unused,698778.0906339221,4649911.871974941,34.110942030330804
not_road_72_1,not_road,72,1,,unused,698754.490810061,4649887.471705619,34.175477382862866
not_road_72_2,not_road,72,2,,unused,698744.9783353622,4649856.602753618,34.16520304880865
not_road_72_3,not_road,72,3,,unused,698735.2944958331,4649825.932714619,34.029607641682134
not_road_73_0,not_road,73,0,,unused,698905.8162896717,4650409.050692266,38.88045683180911
not_road_73_1,not_road,73,1,,unused,698870.3001669014,4650395.239354583,38.95989410443889
not_road_74_0,not_road,74,0,,unused,698881.6333316808,4650409.8941324605,27.314450715176072
not_road_75_0,not_road,75,0,,unused,698968.1658562708,4650438.066091273,21.79859732238752
not_road_75_1,not_road,75,1,,unused,698951.8834330675,4650424.64839198,21.72527106509842
not_road_76_0,not_road,76,0,,unused,698918.2998800555,4650421.757044902,16.274478140559662
not_road_77_0,not_road,77,0,,unused,698915.4250992452,4650428.613960844,7.759666791571225
not_road_78_0,not_road,78,0,,unused,698891.1885513747,4650376.016106378,34.06397277847386
not_road_78_1,not_road,78,1,,unused,698870.2202463862,4650351.393464769,33.37066797686883
not_road_78_2,not_road,78,2,,unused,698840.7240166836,4650336.275387879,34.070659447752455
not_road_79_0,not_road,79,0,,unused,698870.0504377822,4650417.613778691,35.7704523278885
not_road_79_1,not_road,79,1,,unused,698882.1475715366,4650447.391774263,35.75909438421105
not_road_79_2,not_road,79,2,,unused,698905.0360689593,4650474.898994249,35.993264513634784
not_road_80_0,not_road,80,0,,unused,698892.8526965886,4650478.179709142,38.39184807800802
not_road_81_0,not_road,81,0,,unused,698841.6844325495,4649057.750854341,30.07690576334487
not_road_81_1,not_road,81,1,,unused,698845.6182125767,4649087.249133626,30.066773493253365
not_road_81_2,not_road,81,2,,unused,698845.7656803805,4649116.167634354,29.89242860426916
not_road_81_3,not_road,81,3,,unused,698857.7014730299,4649143.0863564685,30.104399861362616
not_road_82_0,not_road,82,0,75.0,train,620830.4361642969,4595472.697137263,28.28898402770712
not_road_82_1,not_road,82,1,75.0,train,620856.8653374613,4595462.728295469,28.299006665796817
not_road_82_2,not_road,82,2,75.0,train,620883.4735497059,4595454.408646072,28.189783720885213
not_road_83_0,not_road,83,0,75.0,train,620826.9466116637,4595468.060201846,18.28674438852285
not_road_84_0,not_road,84,0,75.0,train,620829.1833457601,4595460.045546943,33.764956487432634
not_road_85_0,not_road,85,0,75.0,train,620830.6922896289,4595493.284726214,39.00816951662351
not_road_85_1,not_road,85,1,75.0,train,620866.0661414318,4595507.664263283,39.16248385785492
not_road_85_2,not_road,85,2,75.0,train,620904.3836932223,4595506.321780908,39.17857848982408
not_road_86_0,not_road,86,0,75.0,train,620943.0342056785,4595500.246095735,39.26380300640229
not_road_86_1,not_road,86,1,75.0,train,620976.709410949,4595485.9108210765,38.37710019163548
not_road_86_2,not_road,86,2,75.0,train,620954.0341749717,4595469.952714852,39.156185795574594
not_road_86_3,not_road,86,3,75.0,train,620915.5939567381,4595464.364890083,39.22582683358781
not_road_87_0,not_road,87,0,75.0,train,620820.9327870181,4595498.710434799,34.906979827519244
not_road_88_0,not_road,88,0,75.0,train,620824.4619803126,4595509.463018576,37.61351560319966
not_road_89_0,not_road,89,0,75.0,train,620845.6220956825,4595448.298876727,21.104369617215404
not_road_89_1,not_road,89,1,75.0,train,620864.1398508692,4595452.403929096,16.852880179436532
not_road_90_0,not_road,90,0,75.0,train,620847.1744694608,4595455.750205069,24.219867609371036
not_road_91_0,not_road,91,0,87.0,train,620950.812767601,4595802.702993296,30.103702332684477
not_road_91_1,not_road,91,1,87.0,train,620948.3352055303,4595828.112937803,31.789986184972392
not_road_92_0,not_road,92,0,87.0,train,620969.615743135,4595791.87670784,34.111688153534594
not_road_92_1,not_road,92,1,87.0,train,620984.0248409008,4595762.474499971,34.171254665292
not_road_92_2,not_road,92,2,87.0,train,620993.6852800994,4595730.493278692,34.16445106338424
not_road_93_0,not_road,93,0,75.0,train,620957.7338071578,4595265.801310655,29.88207100776906
not_road_93_1,not_road,93,1,75.0,train,620984.3719811857,4595257.096846122,29.34691302435473
not_road_93_2,not_road,93,2,75.0,train,620977.2230431554,4595272.423848213,29.84827651753874
not_road_94_0,not_road,94,0,76.0,train,621007.3608924806,4595254.144869018,32.287579084365184
not_road_95_0,not_road,95,0,75.0,train,620986.9363274211,4595362.614019222,21.79536780677177
not_road_95_1,not_road,95,1,76.0,train,621007.2953707536,4595369.3979293415,21.733213346497816
not_road_96_0,not_road,96,0,63.0,test,620890.1879659875,4595116.764360624,34.90870373590338
not_road_96_1,not_road,96,1,63.0,test,620898.2387499256,4595150.593284976,35.0523829558591
not_road_96_2,not_road,96,2,63.0,test,620923.626537849,4595172.779152096,35.14732714034524
not_road_97_0,not_road,97,0,120.0,train,619862.0558804384,4596932.669257069,20.275642150085613
not_road_97_1,not_road,97,1,121.0,train,619876.0872766171,4596918.483531325,20.457071951040213
not_road_98_0,not_road,98,0,121.0,train,619902.8606899071,4597001.391218132,34.72283952429687
not_road_98_1,not_road,98,1,121.0,train,619934.2169446123,4596991.843636376,34.36629295691607
not_road_99_0,not_road,99,0,121.0,train,619995.4088696217,4596888.013852885,20.421634984679887
not_road_99_1,not_road,99,1,121.0,train,619985.2821999573,4596905.288142766,20.425150325524378
not_road_100_0,not_road,100,0,121.0,train,619975.6212966255,4596937.924020691,26.814178808852358
not_road_100_1,not_road,100,1,121.0,train,619961.5986162551,4596960.593616856,26.75200046265425
not_road_101_0,not_road,101,0,121.0,train,619955.3203838302,4597101.904412361,32.23586544403631
not_road_101_1,not_road,101,1,121.0,train,619984.4385548356,4597093.062635478,32.34079297076617
not_road_101_2,not_road,101,2,121.0,train,620002.5325503238,4597067.503453338,32.612301165927484
not_road_101_3,not_road,101,3,121.0,train,620021.6092919526,4597041.186375215,32.5893216260761
not_road_102_0,not_road,102,0,121.0,train,620069.4008302805,4597065.071858459,34.97138767371389
not_road_102_1,not_road,102,1,121.0,train,620047.0147853334,4597092.08649522,35.33629812328923
not_road_102_2,not_road,102,2,121.0,train,620021.1427767306,4597115.269845078,35.2713650754208
not_road_102_3,not_road,102,3,133.0,train,619991.3127664829,4597133.39736686,34.846180988144255
not_road_102_4,not_road,102,4,133.0,train,619984.0974951084,4597163.504714768,34.85488501083989
not_road_102_5,not_road,102,5,133.0,train,619992.1621130148,4597193.191729752,35.07689941611783
not_road_102_6,not_road,102,6,133.0,train,619980.9332213716,4597226.054217941,35.22390193768466
not_road_103_0,not_road,103,0,121.0,train,620135.2254637543,4597015.204510335,35.189644664781106
not_road_103_1,not_road,103,1,121.0,train,620126.2697556271,4597048.847873564,35.172810034899484
not_road_103_2,not_road,103,2,121.0,train,620106.1529953718,4597075.764954,34.79873577203795
not_road_103_3,not_road,103,3,121.0,train,620093.8295443022,4597108.175789248,35.18309227527358
not_road_103_4,not_road,103,4,133.0,train,620086.3426228231,4597141.408540179,34.978810517424506
not_road_103_5,not_road,103,5,133.0,train,620079.4452303047,4597175.546952853,35.22095417362392
not_road_103_6,not_road,103,6,133.0,train,620057.1764247369,4597202.153348688,35.1903556102434
not_road_103_7,not_road,103,7,133.0,train,620026.0557859456,4597217.56841767,35.23851629346888
not_road_104_0,not_road,104,0,133.0,train,620002.0751374182,4597173.487084073,31.28707024219988
not_road_104_1,not_road,104,1,133.0,train,620017.929737742,4597146.891852826,31.266736331775824
not_road_104_2,not_road,104,2,121.0,train,620037.709467716,4597123.540286923,31.15646439307743
not_road_105_0,not_road,105,0,121.0,train,620046.8624828298,4596993.887121541,30.017810039046854
not_road_105_1,not_road,105,1,121.0,train,620059.1595339893,4596966.622598917,29.95275049653857
not_road_105_2,not_road,105,2,121.0,train,620071.8929226255,4596940.478828764,29.897586622023347
not_road_105_3,not_road,105,3,121.0,train,620079.6981031126,4596912.080638832,29.918467762824832
not_road_106_0,not_road,106,0,,unused,697995.6549718501,4647305.284127054,35.23076998079266
not_road_106_1,not_road,106,1,,unused,698023.6183638691,4647325.478113272,35.382943860120704
not_road_106_2,not_road,106,2,,unused,698050.3344707392,4647347.567360939,35.426438493324504
not_road_106_3,not_road,106,3,,unused,698068.4695532527,4647377.944764754,35.43936466030295
not_road_106_4,not_road,106,4,,unused,698085.8860934846,4647408.709559623,35.37898123622171
not_road_106_5,not_road,106,5,,unused,698111.9756934356,4647432.451785876,35.40318215842784
not_road_106_6,not_road,106,6,,unused,698141.7687466595,4647451.195546563,35.386390417233784
not_road_106_7,not_road,106,7,,unused,698163.3597246634,4647478.796898374,35.42613431728427
not_road_107_0,not_road,107,0,,unused,698185.6314764245,4647523.694000237,37.88211911501111
not_road_107_1,not_road,107,1,,unused,698202.7726552617,4647557.389598344,37.851472746385966
not_road_107_2,not_road,107,2,,unused,698230.5455002903,4647582.637135198,37.867999788347774
not_road_107_3,not_road,107,3,,unused,698257.7362061997,4647608.887892828,37.87298902776942
not_road_107_4,not_road,107,4,,unused,698287.9249833383,4647631.765251069,37.88499893092471
not_road_107_5,not_road,107,5,,unused,698315.661667883,4647657.503270633,37.88920623122602
not_road_107_6,not_road,107,6,,unused,698345.0809673386,4647681.31959646,37.83992473147055
not_road_107_7,not_road,107,7,,unused,698369.8166772368,4647709.320406129,37.871821937608544
not_road_108_0,not_road,108,0,,unused,697933.1069381477,4647150.235620095,38.487083510373125
not_road_108_1,not_road,108,1,,unused,697951.2222676773,4647184.123503504,38.567391249428624
not_road_108_2,not_road,108,2,,unused,697963.2602456246,4647219.811244467,37.78615429993802
not_road_108_3,not_road,108,3,,unused,697959.2425112191,4647255.787329612,38.29781142679037
not_road_108_4,not_road,108,4,,unused,697974.535665159,4647283.875494444,37.42885449424538
not_road_109_0,not_road,109,0,,unused,697976.3707961446,4647220.155953812,33.59110143004855
not_road_109_1,not_road,109,1,,unused,697969.3276810733,4647248.551154224,33.37697141606396
not_road_110_0,not_road,110,0,,unused,697950.4668604895,4647230.700682705,15.47309330556639
not_road_111_0,not_road,111,0,,unused,697882.4294352448,4647090.441571057,26.927367728780823
not_road_111_1,not_road,111,1,,unused,697891.4293838603,4647114.456159941,27.103290060357725
not_road_111_2,not_road,111,2,,unused,697902.6928633436,4647138.608956746,27.10716878983944
drainage_0_0,drainage,0,0,6.0,train,622039.8878883455,4593019.098542297,17.097158947697736
drainage_1_0,drainage,1,0,6.0,train,622047.8812986525,4593004.125360613,17.242991469066304
drainage_2_0,drainage,2,0,6.0,train,621950.9145023678,4593041.727242478,19.09108333186324
drainage_3_0,drainage,3,0,6.0,train,621963.9025798063,4593028.097420194,18.695016829708774
drainage_4_0,drainage,4,0,6.0,train,621969.8407568472,4593011.25175368,19.25660298942444
drainage_5_0,drainage,5,0,6.0,train,622029.4393398282,4593040.439339829,23.970562748477143
drainage_6_0,drainage,6,0,6.0,train,622020.1364959159,4593009.33300733,21.373064712952345
drainage_7_0,drainage,7,0,6.0,train,622035.2628768609,4593067.262876861,21.60904873228009
drainage_8_0,drainage,8,0,6.0,train,622022.5,4593053.5,19.31370849898476
drainage_9_0,drainage,9,0,6.0,train,622019.5,4593042.0,7.82842712474619
drainage_10_0,drainage,10,0,6.0,train,622024.5,4593070.449747468,18.34099013108565
drainage_11_0,drainage,11,0,7.0,val,622341.6418957496,4593127.884863232,22.770360949963752
drainage_12_0,drainage,12,0,7.0,val,622322.6644067498,4593139.909569444,22.43783830816508
drainage_13_0,drainage,13,0,6.0,train,622004.8535533906,4593090.85355339,3.8284271247461903
drainage_14_0,drainage,14,0,6.0,train,622005.4982330102,4593082.312538915,16.989592471292745
drainage_15_0,drainage,15,0,6.0,train,621999.5,4593066.933074667,17.24944673932976
drainage_16_0,drainage,16,0,6.0,train,622010.7928932188,4593053.207106781,22.97056274847714
drainage_17_0,drainage,17,0,7.0,val,622355.6170576857,4593168.073616535,22.672166623087133
drainage_18_0,drainage,18,0,7.0,val,622333.6064364589,4593173.060111996,23.00953437840102
drainage_19_0,drainage,19,0,7.0,val,622312.9379074976,4593182.30397175,22.983431225119272
drainage_20_0,drainage,20,0,7.0,val,622201.365389465,4593195.192283801,23.20931485467345
drainage_21_0,drainage,21,0,7.0,val,622178.6673947764,4593197.99966569,23.833761782520774
drainage_22_0,drainage,22,0,6.0,train,621860.1982157064,4593147.873590242,19.68904402098233
drainage_23_0,drainage,23,0,6.0,train,621865.0180422544,4593130.04402814,19.362755235921156
drainage_24_0,drainage,24,0,6.0,train,621872.3972549065,4593113.086279102,18.70823155669346
drainage_25_0,drainage,25,0,6.0,train,621882.2954594586,4593097.195327941,19.8504494951456
drainage_26_0,drainage,26,0,6.0,train,621891.6896384681,4593083.822012628,13.664005240444684
drainage_27_0,drainage,27,0,6.0,train,621900.1043387763,4593073.998429229,12.956815375598758
drainage_28_0,drainage,28,0,6.0,train,621909.7310080442,4593063.452669381,16.185650120688493
drainage_29_0,drainage,29,0,6.0,train,621924.0978854239,4593055.902114577,17.24097260552654
drainage_30_0,drainage,30,0,7.0,val,622388.4459295224,4593196.035778529,22.86682440431339
drainage_31_0,drainage,31,0,7.0,val,622368.2824073681,4593205.833293257,22.354140073468844
drainage_32_0,drainage,32,0,7.0,val,622346.2113447904,4593208.566744328,24.011560466623227
drainage_33_0,drainage,33,0,7.0,val,622207.4970726774,4593213.5,23.46411066675448
drainage_34_0,drainage,34,0,6.0,train,621964.0342512312,4593119.934053798,23.45179129720085
drainage_35_0,drainage,35,0,6.0,train,621966.5,4593096.619745579,23.715526697616944
drainage_36_0,drainage,36,0,6.0,train,621980.3980272253,4593081.601972775,23.48377653910385
drainage_37_0,drainage,37,0,6.0,train,621881.9486960942,4593197.911217814,21.12589649443957
drainage_38_0,drainage,38,0,6.0,train,621877.0,4593177.5,21.795397597215445
drainage_39_0,drainage,39,0,6.0,train,621877.6239032617,4593158.585947214,20.86434886860228
drainage_40_0,drainage,40,0,6.0,train,621882.0060415751,4593118.488434352,19.89116280559761
drainage_41_0,drainage,41,0,6.0,train,621887.5554684806,4593099.48258191,20.404056127824365
drainage_42_0,drainage,42,0,7.0,val,622344.8217606177,4593225.5742611,17.061209124330794
drainage_43_0,drainage,43,0,7.0,val,622325.5061283959,4593226.112306987,23.27870454949228
drainage_44_0,drainage,44,0,7.0,val,622306.0691479731,4593233.351129462,23.189685849643453
drainage_45_0,drainage,45,0,7.0,val,622283.352571743,4593229.5,23.576829150618195
drainage_46_0,drainage,46,0,7.0,val,622261.7419724267,4593234.803093936,23.13850772091465
drainage_47_0,drainage,47,0,7.0,val,622239.964207092,4593235.0150877945,23.28910822978107
drainage_48_0,drainage,48,0,7.0,val,622218.1713365231,4593239.054377436,23.48070018062888
drainage_49_0,drainage,49,0,6.0,train,622032.0427612233,4593286.070122203,16.778163913416588
drainage_50_0,drainage,50,0,6.0,train,622039.9444829049,4593273.726664685,17.23709339706869
drainage_51_0,drainage,51,0,6.0,train,622035.5,4593256.508335154,18.615100077497093
drainage_52_0,drainage,52,0,6.0,train,622025.3993704788,4593245.043672639,17.504508034664816
drainage_53_0,drainage,53,0,6.0,train,622019.5190732584,4593227.018723319,21.84541961678825
drainage_54_0,drainage,54,0,6.0,train,622001.3231496171,4593217.376335953,21.43214177758353
drainage_55_0,drainage,55,0,6.0,train,621985.9298972965,4593204.336056668,22.024801433025807
drainage_56_0,drainage,56,0,6.0,train,621970.1875434107,4593194.748015716,20.811260859820155
drainage_57_0,drainage,57,0,6.0,train,621939.2006179633,4593167.231246341,21.80296659902397
drainage_58_0,drainage,58,0,6.0,train,621928.1671022186,4593150.042750738,19.872596922988254
drainage_59_0,drainage,59,0,6.0,train,621919.5654543964,4593132.381131568,21.876933722108035
drainage_60_0,drainage,60,0,6.0,train,621917.0201775087,4593113.864413635,21.539107535406615
drainage_61_0,drainage,61,0,6.0,train,621898.6662191099,4593235.866159466,21.520003502134283
drainage_62_0,drainage,62,0,6.0,train,621906.112880728,4593222.216529889,17.06237744142288
drainage_63_0,drainage,63,0,6.0,train,621897.2796420273,4593208.308753654,16.21896538290916
drainage_64_0,drainage,64,0,6.0,train,621892.4584478114,4593193.548193707,16.566102712898843
drainage_65_0,drainage,65,0,6.0,train,621882.732233047,4593178.732233048,22.313708498984763
drainage_66_0,drainage,66,0,7.0,val,622376.5410942176,4593257.085853269,20.110471257566047
drainage_67_0,drainage,67,0,7.0,val,622359.1705787096,4593246.630863685,21.268101209436107
drainage_68_0,drainage,68,0,7.0,val,622344.1478271907,4593231.744708774,21.251437062644147
drainage_69_0,drainage,69,0,6.0,train,621895.6464466094,4593280.35355339,17.727922061357855
drainage_70_0,drainage,70,0,6.0,train,621904.5,4593265.792893219,19.899494936611667
drainage_71_0,drainage,71,0,6.0,train,621911.1088803614,4593253.908892184,15.7526178265002
drainage_72_0,drainage,72,0,6.0,train,621907.5751458672,4593238.485530691,16.46232086769335
drainage_73_0,drainage,73,0,6.0,train,622056.0,4593332.5,5.82842712474619
drainage_74_0,drainage,74,0,6.0,train,622045.2751262658,4593323.775126265,22.611429701788865
drainage_75_0,drainage,75,0,6.0,train,622035.268856465,4593304.754112503,22.92153555168574
drainage_76_0,drainage,76,0,7.0,val,622242.1338202655,4593304.531557529,22.577342301112004
drainage_77_0,drainage,77,0,7.0,val,622219.1143819168,4593306.5,23.91393297165632
drainage_78_0,drainage,78,0,6.0,train,621978.388549183,4593364.632486392,12.607784059262508
drainage_79_0,drainage,79,0,6.0,train,621986.9064601085,4593370.382671909,12.109959423648377
drainage_80_0,drainage,80,0,6.0,train,621991.9318509671,4593355.299084321,22.501725319171197
drainage_81_0,drainage,81,0,6.0,train,621997.5,4593333.816028344,22.266500303457388
drainage_82_0,drainage,82,0,6.0,train,622006.0216506481,4593302.598633617,19.72049502789603
drainage_83_0,drainage,83,0,6.0,train,622013.1378848848,4593285.250157797,19.883213295345104
drainage_84_0,drainage,84,0,6.0,train,622015.094509415,4593266.500592569,21.590649819913736
drainage_85_0,drainage,85,0,6.0,train,622018.6006791906,4593245.374360682,22.450584775664765
drainage_86_0,drainage,86,0,6.0,train,621954.4701840653,4593335.529815935,21.414869431426208
drainage_87_0,drainage,87,0,6.0,train,621930.7593232406,4593249.883578091,20.36085714453333
drainage_88_0,drainage,88,0,6.0,train,621922.4947159862,4593214.766961197,20.807168060360222
drainage_89_0,drainage,89,0,6.0,train,621916.6614722149,4593200.893968912,20.236369844710545
drainage_90_0,drainage,90,0,6.0,train,621898.4486602732,4593192.448660273,21.206167525648976
drainage_91_0,drainage,91,0,18.0,train,622084.2104060603,4593408.5,22.799268361420516
drainage_92_0,drainage,92,0,18.0,train,622068.0246239213,4593395.68258273,21.733832651330157
drainage_93_0,drainage,93,0,18.0,train,622061.6618457797,4593377.999680197,17.88779725261327
drainage_94_0,drainage,94,0,6.0,train,622052.8169643905,4593363.816964391,18.76699948377593
drainage_95_0,drainage,95,0,6.0,train,622045.2836878338,4593351.795511606,15.57601943949623
drainage_96_0,drainage,96,0,6.0,train,622052.4921720574,4593338.416119546,14.997651521934026
drainage_97_0,drainage,97,0,6.0,train,621913.5846405379,4593287.4270886,21.4727156142508
drainage_98_0,drainage,98,0,6.0,train,621919.3458551514,4593269.345855151,20.90858198813308
drainage_99_0,drainage,99,0,18.0,train,622097.0693427838,4593396.004503424,22.333522898336103
drainage_100_0,drainage,100,0,18.0,train,622115.2088904658,4593435.534282995,17.64351558720316
drainage_101_0,drainage,101,0,18.0,train,622096.4581792887,4593435.41994867,21.271445656925973
drainage_102_0,drainage,102,0,18.0,train,622077.7350518883,4593425.882796813,22.131102536544034
drainage_103_0,drainage,103,0,18.0,train,622057.4209181395,4593426.9457618985,20.97958166885074
drainage_104_0,drainage,104,0,18.0,train,622037.7379975407,4593423.829996502,20.81343192346131
drainage_105_0,drainage,105,0,18.0,train,622024.8648697229,4593416.432706271,19.353332951238936
drainage_106_0,drainage,106,0,18.0,train,622021.1746034203,4593398.894535673,18.141206319959178
drainage_107_0,drainage,107,0,18.0,train,622026.3073380971,4593381.356581513,18.94372425927582
drainage_108_0,drainage,108,0,6.0,train,622038.1038674254,4593366.896132574,19.63540773502507
drainage_109_0,drainage,109,0,18.0,train,622112.0,4593437.5,11.828427124746192
drainage_110_0,drainage,110,0,19.0,train,622490.4098829394,4593744.653609606,22.059778838627217
drainage_111_0,drainage,111,0,31.0,train,622477.1716656265,4593762.341503617,22.636356291605395
drainage_112_0,drainage,112,0,31.0,train,622467.8767065004,4593781.641935531,22.133067935794333
drainage_113_0,drainage,113,0,31.0,train,622428.9707808904,4593834.369091729,22.45011658922413
drainage_114_0,drainage,114,0,31.0,train,622420.7129483274,4593854.062873272,22.11761026742269
drainage_115_0,drainage,115,0,31.0,train,622411.5701088671,4593895.034596328,22.145688373624576
drainage_116_0,drainage,116,0,31.0,train,622407.1414751406,4593915.9551944295,22.17872382065938
drainage_117_0,drainage,117,0,31.0,train,622394.037568319,4593933.587294998,22.29864808910836
drainage_118_0,drainage,118,0,31.0,train,622386.6360663213,4593954.118275908,21.921347895724654
drainage_119_0,drainage,119,0,31.0,train,622362.054602401,4593975.073116981,21.41773115160517
drainage_120_0,drainage,120,0,31.0,train,622344.8287576133,4593975.440851519,20.58319324168404
drainage_121_0,drainage,121,0,31.0,train,622333.5148298068,4593990.922348887,21.49301827423112
drainage_122_0,drainage,122,0,31.0,train,622315.7252240123,4593988.451403838,20.940874047133786
drainage_123_0,drainage,123,0,31.0,train,622302.3430928488,4593977.63519124,21.364214940857963
drainage_124_0,drainage,124,0,31.0,train,622284.9383819005,4593968.9383819,21.08111857215012
drainage_125_0,drainage,125,0,31.0,train,622258.0008700319,4593950.841466685,20.88048533444696
drainage_126_0,drainage,126,0,31.0,train,622237.8398846549,4593948.436805625,21.347532443207022
drainage_127_0,drainage,127,0,31.0,train,622227.7831146917,4593935.452921152,14.593876795447404
drainage_128_0,drainage,128,0,31.0,train,622222.7215997351,4593923.179449504,14.966403246001814
drainage_129_0,drainage,129,0,31.0,train,622208.8808415051,4593912.998457383,23.66473586202035
drainage_130_0,drainage,130,0,31.0,train,622186.1787555618,4593913.440514592,22.28133576972309
drainage_131_0,drainage,131,0,31.0,train,622166.4370082103,4593912.595396397,21.743398301636237
drainage_132_0,drainage,132,0,31.0,train,622147.3302903357,4593916.5,19.26718238933421
drainage_133_0,drainage,133,0,31.0,train,622130.4953311754,4593917.269318187,15.40056959738305
drainage_134_0,drainage,134,0,30.0,train,622116.7577352951,4593922.322667368,17.212456419851218
drainage_135_0,drainage,135,0,30.0,train,622086.1752631727,4593921.162229608,13.957945996104018
drainage_136_0,drainage,136,0,30.0,train,622080.1326549113,4593913.751292805,14.246201984201504
drainage_137_0,drainage,137,0,30.0,train,622073.6689077315,4593900.0027393,19.41325287273175
drainage_138_0,drainage,138,0,30.0,train,622081.697659688,4593863.460508209,18.39366416306136
drainage_139_0,drainage,139,0,30.0,train,622085.0068093416,4593844.84114728,21.42312316941501
drainage_140_0,drainage,140,0,30.0,train,622086.2836823863,4593807.001033567,20.15109427243216
drainage_141_0,drainage,141,0,30.0,train,622086.1845635601,4593787.699340192,21.5620032581398
drainage_142_0,drainage,142,0,30.0,train,622092.5927666905,4593774.976731963,15.80983043410764
drainage_143_0,drainage,143,0,30.0,train,622089.3709174389,4593759.8914601365,16.40465233067372
drainage_144_0,drainage,144,0,18.0,train,622083.5065700179,4593744.40099956,16.995756377524053
drainage_145_0,drainage,145,0,18.0,train,622075.6218368332,4593729.241878887,21.291539415763708
drainage_146_0,drainage,146,0,18.0,train,622071.0424987114,4593709.308731253,20.58801907753031
drainage_147_0,drainage,147,0,18.0,train,622068.8676177065,4593689.237103328,20.55513117710243
drainage_148_0,drainage,148,0,18.0,train,622072.7211603912,4593670.961639973,19.41320540786845
drainage_149_0,drainage,149,0,18.0,train,622069.7163259048,4593653.716325905,22.57823503316348
drainage_150_0,drainage,150,0,18.0,train,622048.1140324483,4593620.541272234,22.98298308836379
drainage_151_0,drainage,151,0,18.0,train,622041.3171193064,4593604.234697515,15.10944196972592
drainage_152_0,drainage,152,0,18.0,train,622033.0654300373,4593592.712060885,14.660995183981829
drainage_153_0,drainage,153,0,18.0,train,622015.0739059829,4593563.233814174,19.223197919947435
drainage_154_0,drainage,154,0,18.0,train,622001.9305227941,4593548.930522794,20.26887603120136
drainage_155_0,drainage,155,0,18.0,train,621986.4340039789,4593535.933832829,20.790642009263426
drainage_156_0,drainage,156,0,18.0,train,621966.9003146859,4593530.120411876,20.902712772978724
drainage_157_0,drainage,157,0,18.0,train,621942.5,4593510.5,10.82842712474619
drainage_158_0,drainage,158,0,18.0,train,621944.6992221384,4593496.292131536,19.98359220394717
drainage_159_0,drainage,159,0,18.0,train,621953.8964767536,4593482.740443462,19.412984967334825
drainage_160_0,drainage,160,0,18.0,train,621960.0712207777,4593467.127585613,19.25276542052857
drainage_161_0,drainage,161,0,18.0,train,621967.0530906863,4593432.572839838,20.42559486463661
drainage_162_0,drainage,162,0,18.0,train,621975.5033488862,4593415.824546417,20.53200865372889
drainage_163_0,drainage,163,0,18.0,train,621976.8487032454,4593400.522584488,19.885337754397742
drainage_164_0,drainage,164,0,18.0,train,621983.1420583641,4593381.9629432615,20.08552042874096
drainage_165_0,drainage,165,0,6.0,train,621993.0,4593370.0,13.071067811865476
drainage_166_0,drainage,166,0,6.0,train,621917.7187189233,4593324.768259702,23.3780435923338
drainage_167_0,drainage,167,0,6.0,train,621933.6998679662,4593308.32701095,23.501748831806964
drainage_168_0,drainage,168,0,6.0,train,621935.4552854904,4593270.859612358,23.195665114610733
drainage_169_0,drainage,169,0,18.0,train,622119.3129504368,4593469.5,18.374099126360942
drainage_170_0,drainage,170,0,18.0,train,622102.7596544372,4593463.5,17.807866730605088
drainage_171_0,drainage,171,0,18.0,train,622085.1628231595,4593463.495743217,17.788515076860406
drainage_172_0,drainage,172,0,18.0,train,622067.850274574,4593463.5,17.771616959914404
drainage_173_0,drainage,173,0,18.0,train,622050.8485965835,4593463.427156101,16.233244226493323
drainage_174_0,drainage,174,0,18.0,train,622035.7082455693,4593459.5,16.85909308506033
drainage_175_0,drainage,175,0,18.0,train,622026.5553071017,4593449.516030705,16.597850321802532
drainage_176_0,drainage,176,0,18.0,train,622024.9950155319,4593433.214783161,16.326219390898487
drainage_177_0,drainage,177,0,18.0,train,622104.7695808974,4593479.487456908,21.170798374195588
drainage_178_0,drainage,178,0,18.0,train,622085.7495317148,4593470.703605673,21.976632909525183
drainage_179_0,drainage,179,0,18.0,train,622015.7354893285,4593670.205128588,17.11230747708223
drainage_180_0,drainage,180,0,18.0,train,622024.4990299249,4593656.36721833,17.96748074323833
drainage_181_0,drainage,181,0,18.0,train,622013.6469302636,4593641.592270535,23.048143951994057
drainage_182_0,drainage,182,0,18.0,train,621994.7807238521,4593633.086696205,22.640247053849077
drainage_183_0,drainage,183,0,18.0,train,621979.7138397752,4593616.779043878,23.52119944470159
drainage_184_0,drainage,184,0,18.0,train,621965.9518439322,4593598.454072266,23.28801575534694
drainage_185_0,drainage,185,0,18.0,train,621962.5,4593578.434081216,18.57505004503135
drainage_186_0,drainage,186,0,18.0,train,621953.3660480655,4593545.938657771,17.804744411579783
drainage_187_0,drainage,187,0,18.0,train,621946.4675271321,4593532.372255596,14.550292116538555
drainage_188_0,drainage,188,0,18.0,train,621944.9625519539,4593519.955435596,13.022547913135304
drainage_189_0,drainage,189,0,18.0,train,621933.631418431,4593510.167045185,21.877257140198687
drainage_190_0,drainage,190,0,18.0,train,622121.3250185358,4593505.470050621,17.58241556492156
drainage_191_0,drainage,191,0,18.0,train,622105.857051336,4593498.5,17.85435080309873
drainage_192_0,drainage,192,0,18.0,train,622088.1708370006,4593493.516977748,19.44834658960326
drainage_193_0,drainage,193,0,18.0,train,622073.0861380094,4593483.756602215,19.000746743328943
drainage_194_0,drainage,194,0,18.0,train,622054.3251656583,4593483.375822647,19.046075672843227
drainage_195_0,drainage,195,0,18.0,train,622045.7487341649,4593468.901557315,17.491543794294966
drainage_196_0,drainage,196,0,18.0,train,622048.232541262,4593505.5,21.54440121202541
drainage_197_0,drainage,197,0,18.0,train,622028.8169520011,4593500.949969085,20.87457230198225
drainage_198_0,drainage,198,0,18.0,train,622016.5509122715,4593499.289656034,22.07984452438869
drainage_199_0,drainage,199,0,18.0,train,622008.961032686,4593460.286408802,22.34625185188489
drainage_200_0,drainage,200,0,18.0,train,622003.3364199871,4593442.161017303,21.888388318190927
drainage_201_0,drainage,201,0,18.0,train,621995.4988462916,4593421.772447159,21.96218152209599
drainage_202_0,drainage,202,0,18.0,train,622000.7088884213,4593401.516187786,21.346386952524167
drainage_203_0,drainage,203,0,18.0,train,621996.4602899619,4593382.592094393,21.962199738152982
drainage_204_0,drainage,204,0,18.0,train,622113.9918584537,4593510.004315318,14.819934362333427
drainage_205_0,drainage,205,0,18.0,train,622024.4749432933,4593528.8362107845,15.490131626638275
drainage_206_0,drainage,206,0,18.0,train,622021.3510063002,4593515.064487517,14.452365441460085
drainage_207_0,drainage,207,0,18.0,train,621946.6464466094,4593541.35355339,4.414213562373095
drainage_208_0,drainage,208,0,32.0,train,622597.526521761,4593768.037161216,22.15051655494885
drainage_209_0,drainage,209,0,32.0,train,622583.008455145,4593784.991544855,22.57576310735946
drainage_210_0,drainage,210,0,32.0,train,622570.3638190281,4593802.757047619,22.375355999245503
drainage_211_0,drainage,211,0,32.0,train,622555.074678263,4593817.383363927,22.34382251830789
drainage_212_0,drainage,212,0,32.0,train,622515.0523669332,4593869.447633067,22.717154292219583
drainage_213_0,drainage,213,0,31.0,train,622488.7071067812,4593921.5,18.899494936611664
drainage_214_0,drainage,214,0,31.0,train,622474.758444026,4593931.62745124,18.65038232698853
drainage_215_0,drainage,215,0,31.0,train,622465.0599250345,4593946.585205812,19.36663312340083
drainage_216_0,drainage,216,0,31.0,train,622464.9244332258,4593964.915537352,18.79911767254863
drainage_217_0,drainage,217,0,31.0,train,622463.5,4593984.339466094,20.32106781192124
drainage_218_0,drainage,218,0,31.0,train,622457.1127983293,4594003.378067449,22.03428568594465
drainage_219_0,drainage,219,0,31.0,train,622384.5638729223,4594018.5,21.358036503738592
drainage_220_0,drainage,220,0,31.0,train,622363.8472531897,4594013.785751911,21.497506283984222
drainage_221_0,drainage,221,0,31.0,train,622344.818406369,4594013.1065362245,17.99454775185489
drainage_222_0,drainage,222,0,31.0,train,622328.3551318977,4594011.8483371455,19.315733489720365
drainage_223_0,drainage,223,0,31.0,train,622309.6326708158,4594011.367329184,20.174239607375764
drainage_224_0,drainage,224,0,31.0,train,622294.3769999571,4594011.472561767,21.830390816792583
drainage_225_0,drainage,225,0,31.0,train,622286.5198952175,4593994.763039561,21.179505551110047
drainage_226_0,drainage,226,0,31.0,train,622269.9233781097,4593990.719090788,21.27727444088643
drainage_227_0,drainage,227,0,31.0,train,622251.7550672302,4593983.75506723,21.09444579615017
drainage_228_0,drainage,228,0,31.0,train,622237.075393917,4593972.512442503,22.025137692686023
drainage_229_0,drainage,229,0,20.0,train,622649.534126359,4593709.158327774,21.44862730340374
drainage_230_0,drainage,230,0,20.0,train,622639.759941237,4593728.240058763,22.064383482899
drainage_231_0,drainage,231,0,30.0,train,622117.883253162,4593780.075045884,21.33353753163554
drainage_232_0,drainage,232,0,30.0,train,622120.6989092381,4593758.291646837,22.967951131583877
drainage_233_0,drainage,233,0,18.0,train,622120.0713947281,4593736.971535618,21.942938829305675
drainage_234_0,drainage,234,0,18.0,train,622117.973580407,4593714.945030825,22.81784104225881
drainage_235_0,drainage,235,0,18.0,train,622113.188348377,4593693.395342398,22.01532901689542
drainage_236_0,drainage,236,0,18.0,train,622105.7153088119,4593675.879827378,21.541963121348328
drainage_237_0,drainage,237,0,18.0,train,622095.9934591992,4593657.484265368,22.29248351093434
drainage_238_0,drainage,238,0,18.0,train,622089.3694610972,4593637.189074438,22.527335260578297
drainage_239_0,drainage,239,0,18.0,train,622073.4448572289,4593621.459027151,22.87358888758552
drainage_240_0,drainage,240,0,18.0,train,622054.9949431763,4593611.076426761,20.26925048175876
drainage_241_0,drainage,241,0,19.0,train,622497.5,4593725.443551724,20.370562175683503
drainage_242_0,drainage,242,0,19.0,train,622181.0857864376,4593665.5,19.36182902513164
drainage_243_0,drainage,243,0,19.0,train,622162.1917596278,4593661.683989663,19.35185761155353
drainage_244_0,drainage,244,0,19.0,train,622145.5354394204,4593652.5499833,18.990936837219643
drainage_245_0,drainage,245,0,19.0,train,622128.1687810469,4593657.878878073,19.216877869109712
drainage_246_0,drainage,246,0,18.0,train,622109.6466100902,4593662.5,19.545076863239167
drainage_247_0,drainage,247,0,31.0,train,622243.44112414,4593907.485799484,21.07105213539138
drainage_248_0,drainage,248,0,31.0,train,622230.0,4593916.0,24.72792206135786
drainage_249_0,drainage,249,0,30.0,train,622117.1393118085,4593818.729449505,21.709020511793863
drainage_250_0,drainage,250,0,31.0,train,622410.4655299118,4593988.004443625,22.706705973561395
drainage_251_0,drainage,251,0,31.0,train,622394.0437390646,4593995.185771976,22.29408784507221
drainage_252_0,drainage,252,0,31.0,train,622375.2071067812,4593988.207106781,20.14213562373095
drainage_253_0,drainage,253,0,31.0,train,622330.5329062925,4593948.62142774,21.333929146715388
drainage_254_0,drainage,254,0,31.0,train,622312.8721327158,4593936.320858742,22.71148972939184
drainage_255_0,drainage,255,0,31.0,train,622291.6769933366,4593931.864346105,20.705846121956167
drainage_256_0,drainage,256,0,31.0,train,622271.4961292754,4593928.4469008325,22.877840536312306
drainage_257_0,drainage,257,0,31.0,train,622250.3957268853,4593921.927159806,22.034477368091515
drainage_258_0,drainage,258,0,32.0,train,622532.2084372245,4593878.791562775,20.758136399483615
drainage_259_0,drainage,259,0,32.0,train,622516.4733046426,4593892.905754528,22.15723720914326
drainage_260_0,drainage,260,0,32.0,train,622504.8244800096,4593910.758115252,21.911335192475043
drainage_261_0,drainage,261,0,30.0,train,622052.3527112008,4593752.146180513,22.002717929575816
drainage_262_0,drainage,262,0,18.0,train,622052.6524535624,4593734.600920342,19.776592917344903
drainage_263_0,drainage,263,0,30.0,train,622074.0593827331,4593768.600971043,22.337900066642945
drainage_264_0,drainage,264,0,18.0,train,622077.2608845652,4593749.075618431,21.6060336509177
drainage_265_0,drainage,265,0,44.0,train,622640.7307702738,4594134.334840587,21.79779606008181
drainage_266_0,drainage,266,0,32.0,train,622622.1664586226,4594124.332848574,22.64661009460626
drainage_267_0,drainage,267,0,32.0,train,622525.2912229066,4594107.291222907,21.488046152377024
drainage_268_0,drainage,268,0,31.0,train,622489.3608307717,4594064.608588101,20.464443260330427
drainage_269_0,drainage,269,0,31.0,train,622433.5926249919,4594057.855923034,14.885667905232337
drainage_270_0,drainage,270,0,31.0,train,622420.7513763916,4594058.248623609,14.8531354283198
drainage_271_0,drainage,271,0,31.0,train,622406.106905743,4594062.5,19.04566021663564
drainage_272_0,drainage,272,0,31.0,train,622397.6051772474,4594049.264383057,18.36012445963666
drainage_273_0,drainage,273,0,31.0,train,622383.2984197581,4594041.264485743,18.382809035893168
drainage_274_0,drainage,274,0,31.0,train,622369.5808766099,4594035.277667118,19.20943076363113
drainage_275_0,drainage,275,0,31.0,train,622358.4553099675,4594020.140899719,19.09682175559469
drainage_276_0,drainage,276,0,31.0,train,622448.1312381076,4594055.32894119,21.456684731954518
drainage_277_0,drainage,277,0,32.0,train,622555.1981588346,4593991.677394067,19.6371682727454
drainage_278_0,drainage,278,0,32.0,train,622530.1873059142,4594021.812694086,20.21161371358012
drainage_279_0,drainage,279,0,31.0,train,622483.0,4594050.5,23.48528137423857
drainage_280_0,drainage,280,0,44.0,train,622851.7672334262,4594207.902473563,22.791410019180123
drainage_281_0,drainage,281,0,44.0,train,622832.9818621904,4594220.01813781,22.82028522135355
drainage_282_0,drainage,282,0,44.0,train,622814.301348746,4594232.698651254,22.65603970670876
drainage_283_0,drainage,283,0,44.0,train,622796.1719555918,4594245.828044408,23.036541858680657
drainage_284_0,drainage,284,0,44.0,train,622776.6640950141,4594255.317641941,22.565475140978734
drainage_285_0,drainage,285,0,44.0,train,622755.3655821965,4594260.093571028,22.454213572694886
drainage_286_0,drainage,286,0,44.0,train,622740.836302213,4594255.665562957,20.0324709275933
drainage_287_0,drainage,287,0,44.0,train,622731.8766276005,4594239.550022558,19.08841164996065
drainage_288_0,drainage,288,0,44.0,train,622721.346459721,4594222.873505922,21.95233899632052
drainage_289_0,drainage,289,0,44.0,train,622705.1871740653,4594210.590841335,19.479737267698475
drainage_290_0,drainage,290,0,44.0,train,622686.8986642093,4594206.831470733,20.683686843984173
drainage_291_0,drainage,291,0,44.0,train,622680.4148020254,4594223.720420168,19.56666530719578
drainage_292_0,drainage,292,0,44.0,train,622663.8397164989,4594230.646337751,19.80417946415781
drainage_293_0,drainage,293,0,44.0,train,622615.2727133561,4594244.96048701,22.79815875164924
drainage_294_0,drainage,294,0,44.0,train,622601.4095189204,4594227.383450618,22.397682182137792
drainage_295_0,drainage,295,0,44.0,train,622565.5868500677,4594203.632458328,22.787416036053784
drainage_296_0,drainage,296,0,44.0,train,622542.7435042069,4594175.077691621,22.061241084912385
drainage_297_0,drainage,297,0,44.0,train,622526.6725612667,4594164.578085722,21.71272723246685
drainage_298_0,drainage,298,0,44.0,train,622507.5759884618,4594155.946498351,21.37258247244477
drainage_299_0,drainage,299,0,43.0,train,622477.056244528,4594127.373303204,22.407805570308504
drainage_300_0,drainage,300,0,31.0,train,622459.8043937975,4594114.916321626,22.945154131918216
drainage_301_0,drainage,301,0,31.0,train,622440.1868218663,4594108.186821867,23.060993680310563
drainage_302_0,drainage,302,0,31.0,train,622438.2125586829,4594087.956064199,22.17840929300103
drainage_303_0,drainage,303,0,31.0,train,622423.1430615159,4594072.329388683,23.50745641010386
drainage_304_0,drainage,304,0,32.0,train,622501.1990124525,4594056.50306311,16.6698140679263
drainage_305_0,drainage,305,0,31.0,train,622485.5,4593902.085786438,16.690083307998073
drainage_306_0,drainage,306,0,31.0,train,622485.4945505945,4593918.412368321,16.381235651177164
drainage_307_0,drainage,307,0,44.0,train,622823.0576244656,4594353.5,23.63348158353181
drainage_308_0,drainage,308,0,44.0,train,622806.6620688362,4594338.175712676,23.02727306077096
drainage_309_0,drainage,309,0,44.0,train,622793.0639772548,4594323.222809278,18.85586112914356
drainage_310_0,drainage,310,0,44.0,train,622775.310893999,4594316.961195314,20.41719496171107
drainage_311_0,drainage,311,0,44.0,train,622768.3535533906,4594307.64644661,12.899494936611667
drainage_312_0,drainage,312,0,44.0,train,622765.527430245,4594296.394400059,14.95397187555697
drainage_313_0,drainage,313,0,44.0,train,622758.8675948774,4594283.023713325,15.19857714432656
drainage_314_0,drainage,314,0,44.0,train,622750.4868722904,4594270.384280713,15.474341463223055
drainage_315_0,drainage,315,0,31.0,train,622420.5405563986,4593937.459443601,19.56847756517063
drainage_316_0,drainage,316,0,30.0,train,622072.5109274471,4593915.827330211,23.011823586938757
drainage_317_0,drainage,317,0,33.0,train,622951.3378458126,4593991.16876647,20.90318124223781
drainage_318_0,drainage,318,0,33.0,train,622937.6047558547,4594006.900213209,21.15327251264188
drainage_319_0,drainage,319,0,33.0,train,622925.0928129429,4594023.907187057,21.50223033792336
drainage_320_0,drainage,320,0,33.0,train,622908.3369594734,4594036.757982711,21.04735272565501
drainage_321_0,drainage,321,0,33.0,train,622891.9570952336,4594048.935944034,21.582737236014168
drainage_322_0,drainage,322,0,44.0,train,622758.7574681704,4594137.314074749,21.792256423539445
drainage_323_0,drainage,323,0,44.0,train,622743.8127406499,4594152.643195783,21.686138959437542
drainage_324_0,drainage,324,0,44.0,train,622730.79801967,4594169.146287543,22.19472934358272
drainage_325_0,drainage,325,0,44.0,train,622716.247440975,4594184.921954478,21.432376304279835
drainage_326_0,drainage,326,0,44.0,train,622700.067653858,4594197.211443729,21.724527149506336
drainage_327_0,drainage,327,0,31.0,train,622479.7427380882,4593988.748692827,12.54050370330173
drainage_328_0,drainage,328,0,31.0,train,622469.6781785282,4593995.5,12.606030765988727
drainage_329_0,drainage,329,0,32.0,train,622683.0455662867,4594103.853990152,23.647282264110338
drainage_330_0,drainage,330,0,32.0,train,622672.3681368369,4594124.627576993,23.397680144510176
drainage_331_0,drainage,331,0,31.0,train,622311.5359829651,4594037.578979716,17.99967450803091
drainage_332_0,drainage,332,0,31.0,train,622308.5,4594024.5,19.313708498984763
drainage_333_0,drainage,333,0,45.0,test,622978.4001631013,4594379.786829611,23.294272493283223
drainage_334_0,drainage,334,0,45.0,test,622967.1974575797,4594399.3330702735,23.442094748386843
drainage_335_0,drainage,335,0,45.0,test,622949.2787003996,4594413.7212996,23.07612243019946
drainage_336_0,drainage,336,0,45.0,test,622932.3700193883,4594406.870019388,23.156357264901665
drainage_337_0,drainage,337,0,45.0,test,622914.4979222878,4594396.060542444,21.379230109123014
drainage_338_0,drainage,338,0,45.0,test,622887.0043570887,4594387.058847708,17.130424799692697
drainage_339_0,drainage,339,0,44.0,train,622874.4011496225,4594376.401149622,16.979830661893462
drainage_340_0,drainage,340,0,44.0,train,622861.4071551805,4594367.5401788885,16.59336097643081
drainage_341_0,drainage,341,0,44.0,train,622842.5139823393,4594365.5,22.23710367790749
drainage_342_0,drainage,342,0,44.0,train,622822.113232695,4594364.735189546,19.806055103164237
drainage_343_0,drainage,343,0,44.0,train,622785.1675910897,4594376.261783791,21.25902697915916
drainage_344_0,drainage,344,0,44.0,train,622765.7136211693,4594369.425133005,21.781509017772244
drainage_345_0,drainage,345,0,44.0,train,622748.4451221345,4594357.769911173,21.36289373446917
drainage_346_0,drainage,346,0,44.0,train,622753.8292357625,4594339.770690489,20.77896809034277
drainage_347_0,drainage,347,0,44.0,train,622764.4295755081,4594322.71614356,20.986777281158425
drainage_348_0,drainage,348,0,31.0,train,622397.3330004379,4594090.846073655,23.31695690189919
drainage_349_0,drainage,349,0,31.0,train,622378.2337172634,4594079.030409639,23.971797190425253
drainage_350_0,drainage,350,0,31.0,train,622363.3134648809,4594060.313464881,24.276925887019512
drainage_351_0,drainage,351,0,31.0,train,622344.0799294577,4594048.556337127,23.41952064188211
drainage_352_0,drainage,352,0,31.0,train,622324.5996599272,4594037.049816458,23.72306416410203
drainage_353_0,drainage,353,0,31.0,train,622195.2415756352,4594061.758424365,22.23510399311042
drainage_354_0,drainage,354,0,31.0,train,622200.3557634602,4594042.662585565,20.20318216894698
drainage_355_0,drainage,355,0,31.0,train,622155.795550407,4593924.50249481,21.37424514045029
drainage_356_0,drainage,356,0,42.0,train,622024.3819163468,4594266.1598727405,20.939323304409577
drainage_357_0,drainage,357,0,42.0,train,622038.0695525882,4594251.746578605,19.910827017909632
drainage_358_0,drainage,358,0,42.0,train,622055.3379331043,4594243.97930933,20.16005443197279
drainage_359_0,drainage,359,0,42.0,train,622070.7610257338,4594232.029422807,20.614959259412277
drainage_360_0,drainage,360,0,42.0,train,622075.5051773188,4594215.02207319,15.783888025775482
drainage_361_0,drainage,361,0,42.0,train,622076.5,4594199.08881419,16.487246797434064
drainage_362_0,drainage,362,0,42.0,train,622083.7400082358,4594182.818518374,19.43698997166087
drainage_363_0,drainage,363,0,42.0,train,622097.7203242216,4594169.5,21.058953544600392
drainage_364_0,drainage,364,0,42.0,train,622109.9367734711,4594156.260810742,20.47026119336392
drainage_365_0,drainage,365,0,42.0,train,622122.1953931623,4594141.362686409,21.28015436371353
drainage_366_0,drainage,366,0,31.0,train,622133.2537763314,4594123.943072485,20.362540924920477
drainage_367_0,drainage,367,0,31.0,train,622138.2560789353,4594105.408711755,20.014951412723818
drainage_368_0,drainage,368,0,31.0,train,622141.2820891816,4594092.759715206,20.607496071082775
drainage_369_0,drainage,369,0,31.0,train,622156.6802712946,4594080.155341199,21.184708820039816
drainage_370_0,drainage,370,0,31.0,train,622171.0056595459,4594065.084321458,21.82378850672968
drainage_371_0,drainage,371,0,31.0,train,622166.9230833317,4594043.928972921,22.534631894729703
drainage_372_0,drainage,372,0,31.0,train,622166.5,4594021.547121581,22.786672946153157
drainage_373_0,drainage,373,0,31.0,train,622154.1749382482,4593988.494944151,21.83693485139649
drainage_374_0,drainage,374,0,31.0,train,622143.017079381,4593970.969708835,21.132283219034694
drainage_375_0,drainage,375,0,31.0,train,622127.7261089226,4593957.0988974245,20.80430936299291
drainage_376_0,drainage,376,0,30.0,train,622109.8414167489,4593948.161474855,21.459592907537058
drainage_377_0,drainage,377,0,30.0,train,622096.5614687786,4593932.552751608,21.803107547824727
drainage_378_0,drainage,378,0,45.0,test,622972.6451914202,4594485.001659871,19.17548169433554
drainage_379_0,drainage,379,0,45.0,test,622958.4847621021,4594474.1225557085,18.91385624293929
drainage_380_0,drainage,380,0,45.0,test,622953.5,4594456.688620073,17.982085374386873
drainage_381_0,drainage,381,0,45.0,test,622941.0637318835,4594452.154316922,17.33917875646944
drainage_382_0,drainage,382,0,45.0,test,622929.3981742582,4594441.607089722,18.500661722482384
drainage_383_0,drainage,383,0,45.0,test,622924.7048979511,4594424.011609634,19.65281593813236
drainage_384_0,drainage,384,0,45.0,test,622910.9593476723,4594411.869787592,20.10637021524522
drainage_385_0,drainage,385,0,31.0,train,622181.6533983379,4594077.669686222,19.94289936528828
drainage_386_0,drainage,386,0,42.0,train,622108.5,4594128.982016059,16.736431426192826
drainage_387_0,drainage,387,0,30.0,train,622115.4703907806,4594114.833142404,16.70636348350119
drainage_388_0,drainage,388,0,31.0,train,622126.6682824191,4594103.385130277,16.823956574986752
drainage_389_0,drainage,389,0,57.0,train,623002.876497642,4594540.695458967,21.49541783382089
drainage_390_0,drainage,390,0,57.0,train,622987.5157877603,4594539.567989567,23.67357500465689
drainage_391_0,drainage,391,0,57.0,train,622972.9884970445,4594524.274188764,21.457814017670135
drainage_392_0,drainage,392,0,57.0,train,622942.598200087,4594514.824790155,19.455600498392684
drainage_393_0,drainage,393,0,45.0,test,622936.4982355569,4594497.093599092,20.335920334292886
drainage_394_0,drainage,394,0,45.0,test,622933.3958274963,4594478.255667175,18.84561540805464
drainage_395_0,drainage,395,0,45.0,test,622932.5568142647,4594459.43324971,20.118230527464924
drainage_396_0,drainage,396,0,44.0,train,622598.2934144457,4594141.742653832,22.19321741980096
drainage_397_0,drainage,397,0,44.0,train,622580.6402206761,4594148.04445482,22.61080468362012
drainage_398_0,drainage,398,0,44.0,train,622562.0250075699,4594147.394142479,21.084939546932794
drainage_399_0,drainage,399,0,44.0,train,622547.8701119547,4594138.161397347,21.68444793027577
drainage_400_0,drainage,400,0,45.0,test,622899.5,4594361.070467236,22.859065529467514
drainage_401_0,drainage,401,0,45.0,test,622888.7928932188,4594374.5,23.07106781186548
drainage_402_0,drainage,402,0,47.0,train,623999.5,4594207.5,4.0
drainage_403_0,drainage,403,0,42.0,train,622060.853008906,4594210.36074927,19.52423887295309
drainage_404_0,drainage,404,0,42.0,train,622070.9357238363,4594195.168884553,18.78793166794472
drainage_405_0,drainage,405,0,41.0,train,621745.0882614154,4594462.888944553,16.08316148163904
drainage_406_0,drainage,406,0,42.0,train,621759.4924070521,4594458.438250981,15.535460709367538
drainage_407_0,drainage,407,0,42.0,train,621776.2071067812,4594453.792893219,22.48528137423857
drainage_408_0,drainage,408,0,42.0,train,621787.5,4594452.5,2.8284271247461903
drainage_409_0,drainage,409,0,42.0,train,621792.5582694989,4594444.697746491,15.964086566915132
drainage_410_0,drainage,410,0,42.0,train,621803.2426242563,4594432.757375744,16.242594213718405
drainage_411_0,drainage,411,0,42.0,train,621806.5720541379,4594416.2511191545,19.17901382471437
drainage_412_0,drainage,412,0,42.0,train,621793.7525487598,4594403.141670745,18.51883396197657
drainage_413_0,drainage,413,0,42.0,train,621783.5,4594391.0,15.48528137423857
drainage_414_0,drainage,414,0,42.0,train,621796.0964026339,4594381.892792031,21.48752899518753
drainage_415_0,drainage,415,0,42.0,train,621814.3436796572,4594370.164103228,22.1429760126812
drainage_416_0,drainage,416,0,42.0,train,621835.5390672113,4594366.494963282,22.709572789175365
drainage_417_0,drainage,417,0,42.0,train,621853.5273823172,4594378.5,22.176341547541423
drainage_418_0,drainage,418,0,42.0,train,621874.6715604746,4594376.914010049,20.489768842582336
drainage_419_0,drainage,419,0,42.0,train,621894.7108845853,4594378.880378947,20.144327758058857
drainage_420_0,drainage,420,0,42.0,train,621913.3855294291,4594381.879907352,18.589327886161254
drainage_421_0,drainage,421,0,42.0,train,621923.8786796564,4594393.5,23.72792206135786
drainage_422_0,drainage,422,0,42.0,train,621941.5,4594381.621320344,24.72792206135785
drainage_423_0,drainage,423,0,42.0,train,621944.3085056486,4594360.909279169,21.95763562786015
drainage_424_0,drainage,424,0,42.0,train,621945.5789157961,4594340.387897056,21.04675667804129
drainage_425_0,drainage,425,0,42.0,train,621943.7887965373,4594323.797802836,13.700582638185695
drainage_426_0,drainage,426,0,42.0,train,621946.6848089204,4594311.315191079,13.619417060129043
drainage_427_0,drainage,427,0,42.0,train,621960.0020843012,4594310.349217287,18.901028324297908
drainage_428_0,drainage,428,0,42.0,train,621976.8021229372,4594316.042463182,19.57319981532659
drainage_429_0,drainage,429,0,42.0,train,621993.9125962306,4594309.309872005,18.82707094990852
drainage_430_0,drainage,430,0,42.0,train,622008.6171355655,4594299.382864434,19.033770060683395
drainage_431_0,drainage,431,0,42.0,train,622022.5382481377,4594285.461751862,20.52857668495109
drainage_432_0,drainage,432,0,42.0,train,622032.2698425322,4594268.299739176,20.13783632658009
drainage_433_0,drainage,433,0,42.0,train,622042.0857864376,4594254.914213562,15.31370849898476
drainage_434_0,drainage,434,0,44.0,train,622835.1331130576,4594270.866886943,19.55554183236683
drainage_435_0,drainage,435,0,44.0,train,622820.4231963659,4594283.576803634,19.78190877972084
drainage_436_0,drainage,436,0,44.0,train,622776.8938707032,4594305.1008420605,17.357101930323175
drainage_437_0,drainage,437,0,44.0,train,622839.8563655133,4594301.019919415,20.704570002340468
drainage_438_0,drainage,438,0,44.0,train,622821.986188039,4594311.013811962,21.42308652246585
drainage_439_0,drainage,439,0,42.0,train,622045.7629535912,4594283.071670554,22.30234068551825
drainage_440_0,drainage,440,0,42.0,train,622042.5,4594267.292893219,14.071067811865476
drainage_441_0,drainage,441,0,45.0,test,622909.1481713805,4594376.870375382,22.121828440443814
drainage_442_0,drainage,442,0,52.0,val,621291.4456515136,4594500.60985644,20.388467831943736
drainage_443_0,drainage,443,0,52.0,val,621319.3927397829,4594529.866165723,20.72612589567581
drainage_444_0,drainage,444,0,52.0,val,621335.5969035269,4594542.141649417,20.649739624885264
drainage_445_0,drainage,445,0,52.0,val,621353.044922295,4594551.328941617,21.98929824134251
drainage_446_0,drainage,446,0,52.0,val,621365.7301606172,4594568.730160617,22.570132025426624
drainage_447_0,drainage,447,0,53.0,train,621382.8568716828,4594581.758572389,20.704108976604644
drainage_448_0,drainage,448,0,53.0,train,621401.459890572,4594591.570259915,22.399399085315835
drainage_449_0,drainage,449,0,53.0,train,621418.5882429084,4594605.098727186,22.319409083321403
drainage_450_0,drainage,450,0,53.0,train,621435.7092199861,4594617.835949671,21.121816564441524
drainage_451_0,drainage,451,0,53.0,train,621454.4788483268,4594625.291253564,21.621406397394576
drainage_452_0,drainage,452,0,53.0,train,621468.2795232498,4594638.782391025,21.77800810721574
drainage_453_0,drainage,453,0,53.0,train,621483.5243647282,4594639.475635272,18.583952982575667
drainage_454_0,drainage,454,0,53.0,train,621494.9267321845,4594648.873365991,19.384511265405383
drainage_455_0,drainage,455,0,53.0,train,621505.928791253,4594663.712750514,19.043352598871238
drainage_456_0,drainage,456,0,53.0,train,621515.809250022,4594679.246242131,19.029078158274583
drainage_457_0,drainage,457,0,53.0,train,621527.9756128361,4594693.552716333,19.259551073739637
drainage_458_0,drainage,458,0,53.0,train,621542.9612220217,4594693.885581906,18.682535979107875
drainage_459_0,drainage,459,0,53.0,train,621558.5905372113,4594687.70876851,18.97976257736895
drainage_460_0,drainage,460,0,53.0,train,621568.5483519017,4594673.034787322,17.590723598612712
drainage_461_0,drainage,461,0,53.0,train,621566.4583617259,4594657.146899294,18.670104654167314
drainage_462_0,drainage,462,0,53.0,train,621576.0,4594641.0,22.72792206135786
drainage_463_0,drainage,463,0,53.0,train,621581.5,4594632.0,1.0
drainage_464_0,drainage,464,0,53.0,train,621584.5,4594621.359711763,21.664979883054677
drainage_465_0,drainage,465,0,53.0,train,621592.055093853,4594603.500126205,20.208882058274327
drainage_466_0,drainage,466,0,53.0,train,621606.2673964228,4594592.505915541,21.069608080775204
drainage_467_0,drainage,467,0,53.0,train,621616.4996576967,4594576.512574662,17.44840901834997
drainage_468_0,drainage,468,0,53.0,train,621631.0111863025,4594569.651737937,16.1588358639283
drainage_469_0,drainage,469,0,53.0,train,621642.5,4594570.5,9.65685424949238
drainage_470_0,drainage,470,0,53.0,train,621651.4833657384,4594563.682950026,14.884228566728888
drainage_471_0,drainage,471,0,53.0,train,621663.22168815,4594554.819591848,15.423112379900886
drainage_472_0,drainage,472,0,53.0,train,621667.071862762,4594536.39000456,22.56652185879334
drainage_473_0,drainage,473,0,53.0,train,621678.4091947288,4594518.815362616,22.62017675740282
drainage_474_0,drainage,474,0,53.0,train,621688.979972942,4594502.735380554,22.90076676118926
drainage_475_0,drainage,475,0,41.0,train,621706.6569627946,4594494.421990343,17.205120907086837
drainage_476_0,drainage,476,0,41.0,train,621719.9370311256,4594484.087616756,17.090014111842187
drainage_477_0,drainage,477,0,41.0,train,621732.1908932492,4594472.828475335,16.52307405512202
drainage_478_0,drainage,478,0,44.0,train,622703.0028192418,4594347.470717652,15.320868599883202
drainage_479_0,drainage,479,0,44.0,train,622713.4657599502,4594343.365197998,14.541479097672164
drainage_480_0,drainage,480,0,44.0,train,622720.1349720061,4594328.432450417,20.203384013189407
drainage_481_0,drainage,481,0,44.0,train,622724.3527991823,4594314.939560487,20.309622736720016
drainage_482_0,drainage,482,0,44.0,train,622716.6046636037,4594297.374294182,20.152214739655264
drainage_483_0,drainage,483,0,44.0,train,622709.9281862178,4594278.313866495,20.5964607174406
drainage_484_0,drainage,484,0,44.0,train,622684.3876173255,4594265.47254332,16.288474537549416
drainage_485_0,drainage,485,0,44.0,train,622674.4096254398,4594253.809965235,15.793820376597118
drainage_486_0,drainage,486,0,44.0,train,622675.3718992936,4594238.15343273,15.758546620726529
drainage_487_0,drainage,487,0,63.0,test,620885.5,4594878.0,6.656854249492381
drainage_488_0,drainage,488,0,63.0,test,620894.9872646453,4594882.58328504,15.746151302914193
drainage_489_0,drainage,489,0,63.0,test,620910.2258469296,4594887.507393571,16.44837242909206
drainage_490_0,drainage,490,0,63.0,test,620924.5050983098,4594895.508743805,16.478573247441037
drainage_491_0,drainage,491,0,63.0,test,620940.5262940446,4594904.186344542,20.957993757980763
drainage_492_0,drainage,492,0,63.0,test,620958.3247431502,4594911.476285193,20.062339950271188
drainage_493_0,drainage,493,0,63.0,test,620977.0037661936,4594915.010021279,20.564109129437377
drainage_494_0,drainage,494,0,63.0,test,620996.4612519363,4594917.3229331495,20.00399415595152
drainage_495_0,drainage,495,0,64.0,train,621014.6994911791,4594924.6862230655,20.148393250213942
drainage_496_0,drainage,496,0,64.0,train,621030.365265723,4594922.436942613,16.200512532350157
drainage_497_0,drainage,497,0,64.0,train,621042.623581978,4594932.63896411,16.834876442711437
drainage_498_0,drainage,498,0,64.0,train,621058.9505935162,4594937.842301193,21.090341922791616
drainage_499_0,drainage,499,0,64.0,train,621071.849115258,4594953.524262061,21.137600825059764
drainage_500_0,drainage,500,0,64.0,train,621092.4960577472,4594957.5,22.42054261909339
drainage_501_0,drainage,501,0,64.0,train,621112.6585706684,4594963.16520492,21.602834544951943
drainage_502_0,drainage,502,0,64.0,train,621126.5,4594978.351746906,21.231027997632157
drainage_503_0,drainage,503,0,64.0,train,621133.7355209833,4594980.26206253,16.006513931902703
drainage_504_0,drainage,504,0,64.0,train,621147.0595635457,4594974.99741585,15.677780733738665
drainage_505_0,drainage,505,0,64.0,train,621160.8171588386,4594982.509356259,15.873085498857652
drainage_506_0,drainage,506,0,64.0,train,621175.7176816948,4594981.311568656,16.800591440085473
drainage_507_0,drainage,507,0,64.0,train,621188.3051518983,4594970.941357682,16.473600202146798
drainage_508_0,drainage,508,0,64.0,train,621204.1362918095,4594968.561661746,18.674161932778148
drainage_509_0,drainage,509,0,64.0,train,621211.7539439417,4594972.667679113,20.248693807881725
drainage_510_0,drainage,510,0,64.0,train,621221.5668264993,4594955.606241589,19.77609024233183
drainage_511_0,drainage,511,0,64.0,train,621227.5,4594941.878679656,12.071067811865476
drainage_512_0,drainage,512,0,64.0,train,621238.3535533906,4594932.64644661,18.899494936611664
drainage_513_0,drainage,513,0,64.0,train,621250.5,4594924.707106781,14.071067811865474
drainage_514_0,drainage,514,0,64.0,train,621257.9077524771,4594908.403646432,22.99991382226957
drainage_515_0,drainage,515,0,64.0,train,621277.0416417237,4594897.5,22.970669071533283
drainage_516_0,drainage,516,0,64.0,train,621297.9054916946,4594902.25550033,22.160434544417026
drainage_517_0,drainage,517,0,64.0,train,621300.425516181,4594883.320593639,19.9563325837549
drainage_518_0,drainage,518,0,52.0,val,621313.0367644877,4594872.16967698,17.64044568715338
drainage_519_0,drainage,519,0,64.0,train,621329.2956157364,4594878.109032546,17.558296043655723
drainage_520_0,drainage,520,0,52.0,val,621346.9888539744,4594874.83986811,19.357485105855943
drainage_521_0,drainage,521,0,52.0,val,621364.3786796564,4594870.5,19.899494936611667
drainage_522_0,drainage,522,0,53.0,train,621379.677703241,4594863.768459135,15.73435511631228
drainage_523_0,drainage,523,0,53.0,train,621392.7425324548,4594856.743363808,14.35099947349808
drainage_524_0,drainage,524,0,53.0,train,621404.739623499,4594847.260376501,16.803134394627783
drainage_525_0,drainage,525,0,53.0,train,621411.0,4594837.0,9.414213562373096
drainage_526_0,drainage,526,0,53.0,train,621416.2523574239,4594825.733306494,16.655916956758237
drainage_527_0,drainage,527,0,53.0,train,621431.8744513557,4594823.5,17.51240152184054
drainage_528_0,drainage,528,0,53.0,train,621447.7483417538,4594817.5,17.833823734935784
drainage_529_0,drainage,529,0,53.0,train,621464.030777515,4594809.356287618,19.02405991307476
drainage_530_0,drainage,530,0,53.0,train,621469.4740603302,4594792.78274612,19.398930834922464
drainage_531_0,drainage,531,0,53.0,train,621478.3589855937,4594779.00137944,19.96819323594486
drainage_532_0,drainage,532,0,53.0,train,621493.1855234349,4594772.365861296,18.438391405165063
drainage_533_0,drainage,533,0,53.0,train,621507.5335989281,4594763.466648965,17.300742752126745
drainage_534_0,drainage,534,0,53.0,train,621523.380282602,4594758.886411304,17.359903617546387
drainage_535_0,drainage,535,0,53.0,train,621529.5067037657,4594745.806849323,17.01233902564388
drainage_536_0,drainage,536,0,53.0,train,621528.8693699233,4594727.6874408,20.18912894641428
drainage_537_0,drainage,537,0,53.0,train,621534.6528792437,4594708.425794778,20.836008297976804
drainage_538_0,drainage,538,0,42.0,train,621905.3798367531,4594363.133142837,22.93779313320414
drainage_539_0,drainage,539,0,42.0,train,621924.2546175777,4594353.096264049,21.7199449610274
drainage_540_0,drainage,540,0,42.0,train,621938.4000800095,4594339.397078699,20.58671940078818
drainage_541_0,drainage,541,0,44.0,train,622634.077460091,4594277.4481385145,21.909504433973293
drainage_542_0,drainage,542,0,44.0,train,622628.6338485761,4594260.128454324,22.475630912408946
drainage_543_0,drainage,543,0,42.0,train,622035.02804003,4594282.295605104,23.092879887108268
drainage_544_0,drainage,544,0,42.0,train,621898.0,4594391.5,7.82842712474619
drainage_545_0,drainage,545,0,42.0,train,621908.2928932188,4594391.707106781,14.242640687119286
drainage_546_0,drainage,546,0,44.0,train,622637.1897853654,4594337.703554515,20.7415118102151
drainage_547_0,drainage,547,0,44.0,train,622655.6487003743,4594331.351299626,21.15201900780464
drainage_548_0,drainage,548,0,44.0,train,622667.9794412354,4594316.554947924,20.482094420390972
drainage_549_0,drainage,549,0,44.0,train,622678.406616748,4594300.6304170415,20.77433414228728
drainage_550_0,drainage,550,0,44.0,train,622685.9393461229,4594282.358777593,21.0436638235971
drainage_551_0,drainage,551,0,41.0,train,621525.5642587437,4594465.995228496,22.30990169178434
drainage_552_0,drainage,552,0,41.0,train,621542.0500351165,4594480.41817104,21.96412107641287
drainage_553_0,drainage,553,0,41.0,train,621554.7331419765,4594497.516176441,21.456217254652024
drainage_554_0,drainage,554,0,53.0,train,621569.090734495,4594512.546800917,21.36432636466565
drainage_555_0,drainage,555,0,44.0,train,622749.5825233256,4594395.036241269,23.46656107606148
drainage_556_0,drainage,556,0,44.0,train,622763.5266380806,4594388.195321823,20.07249948641591
drainage_557_0,drainage,557,0,44.0,train,622726.2338855789,4594369.295456111,21.5090709317824
drainage_558_0,drainage,558,0,44.0,train,622593.5,4594432.5,4.82842712474619
drainage_559_0,drainage,559,0,44.0,train,622609.9787377462,4594417.302603119,15.365118639381484
drainage_560_0,drainage,560,0,44.0,train,622619.5044932018,4594405.7169466335,16.540389033908212
drainage_561_0,drainage,561,0,44.0,train,622626.3915109638,4594390.785715691,19.89840711214967
drainage_562_0,drainage,562,0,44.0,train,622628.6520061258,4594374.246806124,18.935462230002116
drainage_563_0,drainage,563,0,44.0,train,622630.5,4594355.583685256,20.41634407848128
drainage_564_0,drainage,564,0,53.0,train,621449.4374626046,4594546.963159869,23.46740566041733
drainage_565_0,drainage,565,0,53.0,train,621463.9120008637,4594564.845570031,22.86267340730808
drainage_566_0,drainage,566,0,53.0,train,621476.1251747387,4594584.1251747385,23.151532096177696
drainage_567_0,drainage,567,0,53.0,train,621495.3885393554,4594595.926993194,23.082909262756573
drainage_568_0,drainage,568,0,53.0,train,621503.5919112453,4594615.261377849,23.037211826071225
drainage_569_0,drainage,569,0,53.0,train,621517.214283016,4594629.39353095,23.47412809348102
drainage_570_0,drainage,570,0,53.0,train,621537.2143561195,4594639.999734308,22.78943124709988
drainage_571_0,drainage,571,0,53.0,train,621558.6227414125,4594646.075698717,22.31929902317544
drainage_572_0,drainage,572,0,51.0,train,620876.3535533906,4594870.35355339,18.556349186104047
drainage_573_0,drainage,573,0,53.0,train,621436.868874419,4594530.86887442,17.461612410681553
drainage_574_0,drainage,574,0,52.0,val,621335.6918769608,4594521.69187696,16.331502139383808
drainage_575_0,drainage,575,0,52.0,val,621343.5733807015,4594535.573380701,16.35945914646777
drainage_576_0,drainage,576,0,57.0,train,623062.4536078633,4594619.104402021,21.60888743378668
drainage_577_0,drainage,577,0,57.0,train,623041.9813817007,4594614.058495971,21.54420132088495
drainage_578_0,drainage,578,0,57.0,train,622999.1942653062,4594608.5,21.618288160608163
drainage_579_0,drainage,579,0,57.0,train,622979.3189195951,4594602.105025223,21.887574463536
drainage_580_0,drainage,580,0,57.0,train,622963.806298485,4594587.806298485,20.818639499058623
drainage_581_0,drainage,581,0,57.0,train,622953.5813603294,4594570.868371512,20.81622288604546
drainage_582_0,drainage,582,0,57.0,train,622945.3833690556,4594553.113890833,19.33979429141973
drainage_583_0,drainage,583,0,57.0,train,622942.9481257788,4594533.402711297,21.132710110801064
drainage_584_0,drainage,584,0,44.0,train,622869.769064732,4594460.543264317,20.010670671021725
drainage_585_0,drainage,585,0,44.0,train,622852.192608064,4594449.969906167,21.64948406405088
drainage_586_0,drainage,586,0,44.0,train,622841.5186016173,4594431.071328827,23.238777854065454
drainage_587_0,drainage,587,0,44.0,train,622832.4235098077,4594411.269357393,22.176086934173373
drainage_588_0,drainage,588,0,44.0,train,622818.3917190806,4594395.175921658,22.27520493173602
drainage_589_0,drainage,589,0,44.0,train,622804.1422552245,4594379.190172188,22.83574330922465
drainage_590_0,drainage,590,0,57.0,train,623236.8607972391,4594604.5,21.7539615033512
drainage_591_0,drainage,591,0,57.0,train,623215.7141137441,4594601.168396624,22.02384128025924
drainage_592_0,drainage,592,0,57.0,train,623196.4535778734,4594593.8073256025,20.97453893727721
drainage_593_0,drainage,593,0,57.0,train,623176.7694115622,4594598.5,21.5509096547418
drainage_594_0,drainage,594,0,57.0,train,623157.8655818154,4594606.9465210205,21.433970492253096
drainage_595_0,drainage,595,0,57.0,train,623139.3960420307,4594614.978601952,21.317423132173804
drainage_596_0,drainage,596,0,57.0,train,623120.5872756847,4594621.65891658,22.70637560000658
drainage_597_0,drainage,597,0,57.0,train,623100.1724621205,4594623.827537879,21.92132203770389
drainage_598_0,drainage,598,0,57.0,train,623088.1816634117,4594627.181663412,15.042527464950144
drainage_599_0,drainage,599,0,57.0,train,623077.0132214945,4594619.013221495,14.319566396412403
drainage_600_0,drainage,600,0,58.0,train,623280.4713234887,4594600.745043564,16.57924537593214
drainage_601_0,drainage,601,0,58.0,train,623268.1374651501,4594610.867897794,15.93817181505981
drainage_602_0,drainage,602,0,58.0,train,623254.3535533906,4594612.35355339,19.72792206135785
drainage_603_0,drainage,603,0,64.0,train,621202.4646384257,4594954.070585079,18.3519534193376
drainage_604_0,drainage,604,0,64.0,train,621218.1433701201,4594951.386060129,19.15047434778204
drainage_605_0,drainage,605,0,56.0,test,622633.5,4594519.573458812,22.0724145275243
drainage_606_0,drainage,606,0,44.0,train,622634.9103167597,4594497.851043048,22.155043636454423
drainage_607_0,drainage,607,0,44.0,train,622625.7784155244,4594458.881385207,20.926596399051288
drainage_608_0,drainage,608,0,44.0,train,622619.9184821813,4594443.797719342,18.196140839600204
drainage_609_0,drainage,609,0,44.0,train,622625.0108913382,4594426.860118427,19.364133039857528
drainage_610_0,drainage,610,0,44.0,train,622626.9523219457,4594409.522475431,18.49113135950548
drainage_611_0,drainage,611,0,56.0,test,622556.6976257307,4594621.777756471,12.476416904440546
drainage_612_0,drainage,612,0,56.0,test,622561.5385152778,4594611.440705636,12.55410073085006
drainage_613_0,drainage,613,0,56.0,test,622572.4707235084,4594584.45669964,20.604933474569183
drainage_614_0,drainage,614,0,56.0,test,622572.9726751489,4594564.027324851,22.44950705954138
drainage_615_0,drainage,615,0,56.0,test,622582.0068807822,4594546.65114129,21.794691936781465
drainage_616_0,drainage,616,0,56.0,test,622597.1200445214,4594533.347607279,21.412305787262667
drainage_617_0,drainage,617,0,56.0,test,622596.5007604758,4594513.415513581,20.15745903385357
drainage_618_0,drainage,618,0,44.0,train,622611.2991443959,4594499.988939415,21.027473842675164
drainage_619_0,drainage,619,0,44.0,train,622616.4145375075,4594480.472010956,20.3178618854584
drainage_620_0,drainage,620,0,44.0,train,622616.1149356662,4594461.300103684,20.56148988716292
drainage_621_0,drainage,621,0,55.0,train,622472.9189156084,4594572.914790661,22.60793317614446
drainage_622_0,drainage,622,0,55.0,train,622494.4187431367,4594573.911810128,22.798482507543326
drainage_623_0,drainage,623,0,56.0,test,622514.8531696161,4594583.5,23.395273817019945
drainage_624_0,drainage,624,0,56.0,test,622536.2189118906,4594586.836504519,21.54928547649194
drainage_625_0,drainage,625,0,58.0,train,623403.96616965,4594846.448601279,22.038801185410165
drainage_626_0,drainage,626,0,58.0,train,623382.2745941308,4594846.505420622,22.12002831900656
drainage_627_0,drainage,627,0,58.0,train,623363.8801127805,4594837.017796229,21.32746783366029
drainage_628_0,drainage,628,0,58.0,train,623351.3429639343,4594823.538632176,19.39352362909856
drainage_629_0,drainage,629,0,58.0,train,623340.8747314463,4594807.25853204,19.85474228492481
drainage_630_0,drainage,630,0,58.0,train,623269.3617207401,4594716.389889339,22.58247765563678
drainage_631_0,drainage,631,0,58.0,train,623260.0148902804,4594696.446174539,22.69441955622317
drainage_632_0,drainage,632,0,58.0,train,623255.922760666,4594677.938642042,23.626653057643804
drainage_633_0,drainage,633,0,58.0,train,623254.4968955488,4594654.484613407,23.888039758911077
drainage_634_0,drainage,634,0,57.0,train,623236.5864662097,4594649.41353379,21.58236362799715
drainage_635_0,drainage,635,0,57.0,train,623217.7765860395,4594657.419525324,22.655670605019885
drainage_636_0,drainage,636,0,57.0,train,623181.8826531005,4594669.5,17.234693798874908
drainage_637_0,drainage,637,0,57.0,train,623168.3987409268,4594660.450502542,17.394159310521587
drainage_638_0,drainage,638,0,57.0,train,623153.881386324,4594650.881386324,17.765086762446437
drainage_639_0,drainage,639,0,57.0,train,623140.3535259252,4594641.976962639,15.373037382575095
drainage_640_0,drainage,640,0,57.0,train,623131.5,4594628.958721854,16.917443707023878
drainage_641_0,drainage,641,0,57.0,train,623017.8535533906,4594636.85355339,12.31370849898476
drainage_642_0,drainage,642,0,57.0,train,623009.9142135624,4594629.5,9.65685424949238
drainage_643_0,drainage,643,0,57.0,train,622999.6301527228,4594624.703874284,14.052668275229646
drainage_644_0,drainage,644,0,57.0,train,622990.4541764113,4594614.487346594,14.511562950620876
drainage_645_0,drainage,645,0,58.0,train,623300.5,4594649.5,8.82842712474619
drainage_646_0,drainage,646,0,58.0,train,623289.9377523389,4594643.924694727,16.054991185421553
drainage_647_0,drainage,647,0,58.0,train,623281.610766264,4594630.3856826,16.152197869937844
drainage_648_0,drainage,648,0,58.0,train,623268.9597459687,4594620.888674618,15.620236650345932
drainage_649_0,drainage,649,0,58.0,train,623329.7269391291,4594741.229867781,19.67716593291873
drainage_650_0,drainage,650,0,58.0,train,623325.8160913659,4594722.82637389,20.164228268554563
drainage_651_0,drainage,651,0,58.0,train,623328.6740218597,4594705.66816607,20.703522478054943
drainage_652_0,drainage,652,0,58.0,train,623316.3019178663,4594690.301917866,20.04334686591108
drainage_653_0,drainage,653,0,58.0,train,623308.7675901442,4594671.888514211,20.46692716282457
drainage_654_0,drainage,654,0,58.0,train,623296.8980732941,4594657.163037683,19.44930078296714
drainage_655_0,drainage,655,0,57.0,train,623051.5345654263,4594664.891800797,17.403033817992807
drainage_656_0,drainage,656,0,57.0,train,623049.023756752,4594649.023756753,17.059558350607503
drainage_657_0,drainage,657,0,56.0,test,622532.4142135624,4594683.5,22.656854249492383
drainage_658_0,drainage,658,0,56.0,test,622542.0286271648,4594669.4087337,19.18841380533388
drainage_659_0,drainage,659,0,56.0,test,622557.7677656197,4594660.082681251,19.201165450474136
drainage_660_0,drainage,660,0,56.0,test,622572.846159218,4594649.150952239,18.815828187696365
drainage_661_0,drainage,661,0,56.0,test,622578.2392819002,4594633.534042984,18.110466830603794
drainage_662_0,drainage,662,0,56.0,test,622577.3139049008,4594614.881997504,19.81139120353305
drainage_663_0,drainage,663,0,56.0,test,622578.9574397078,4594596.731388559,17.74604594771846
drainage_664_0,drainage,664,0,56.0,test,622578.0531035293,4594580.166922879,19.162301556437825
drainage_665_0,drainage,665,0,58.0,train,623596.4058480661,4594810.111208721,22.48173811801948
drainage_666_0,drainage,666,0,58.0,train,623579.5323595264,4594824.522895215,22.566879393955997
drainage_667_0,drainage,667,0,58.0,train,623558.5290456881,4594830.986165839,22.16552458058028
drainage_668_0,drainage,668,0,58.0,train,623538.3411285178,4594839.987655213,22.19125284282572
drainage_669_0,drainage,669,0,58.0,train,623516.8492167359,4594846.031135391,22.564065112955845
drainage_670_0,drainage,670,0,58.0,train,623498.5322819136,4594856.467718086,21.233442663429013
drainage_671_0,drainage,671,0,58.0,train,623484.6719261701,4594871.89521958,20.39822531338825
drainage_672_0,drainage,672,0,70.0,train,623471.8542932679,4594881.5,19.650550077708928
drainage_673_0,drainage,673,0,70.0,train,623453.8688679163,4594888.210592962,19.45266871759973
drainage_674_0,drainage,674,0,70.0,train,623436.0598691019,4594895.470260389,19.36498650110541
drainage_675_0,drainage,675,0,70.0,train,623418.2571802823,4594898.602425596,17.778917363958893
drainage_676_0,drainage,676,0,70.0,train,623401.9783882585,4594899.629615934,15.399507580605192
drainage_677_0,drainage,677,0,58.0,train,623327.9838144091,4594831.185254178,20.07022207757657
drainage_678_0,drainage,678,0,58.0,train,623317.7508275193,4594818.430475947,20.096541190113616
drainage_679_0,drainage,679,0,58.0,train,623304.5,4594809.5,13.31370849898476
drainage_680_0,drainage,680,0,58.0,train,623296.4237905883,4594796.309357651,19.92155195044123
drainage_681_0,drainage,681,0,58.0,train,623290.4560355158,4594777.449745273,19.75332318213113
drainage_682_0,drainage,682,0,58.0,train,623283.0837320982,4594758.581538945,21.93218374111745
drainage_683_0,drainage,683,0,56.0,test,622541.4851399605,4594699.232661144,15.860408053989294
drainage_684_0,drainage,684,0,59.0,train,623659.4265669908,4594861.972217932,20.51769449886931
drainage_685_0,drainage,685,0,59.0,train,623641.6339567554,4594871.389754206,20.994555512148843
drainage_686_0,drainage,686,0,70.0,train,623621.8689426838,4594876.096434665,20.67865156001936
drainage_687_0,drainage,687,0,70.0,train,623605.7463221007,4594887.86724895,20.25632414729852
drainage_688_0,drainage,688,0,70.0,train,623587.3417459198,4594891.451817145,18.327152463399223
drainage_689_0,drainage,689,0,70.0,train,623569.8629565766,4594890.367333388,17.91847443638043
drainage_690_0,drainage,690,0,70.0,train,623552.6018807824,4594885.496414546,18.35345785745377
drainage_691_0,drainage,691,0,70.0,train,623534.0564816471,4594880.0309008965,21.243391817818463
drainage_692_0,drainage,692,0,70.0,train,623513.6213203436,4594882.0,21.50192184041765
drainage_693_0,drainage,693,0,70.0,train,623492.1545964074,4594883.5,21.79537668481607
drainage_694_0,drainage,694,0,58.0,train,623338.2546935843,4594758.491741026,20.045034177273777
drainage_695_0,drainage,695,0,56.0,test,622543.6933796494,4594714.62777577,19.34128208273476
drainage_696_0,drainage,696,0,53.0,train,621514.1499103268,4594746.931858943,12.412386586466251
drainage_697_0,drainage,697,0,53.0,train,621523.972203323,4594740.7303898735,11.17285091531267
drainage_698_0,drainage,698,0,56.0,test,622590.7534406146,4594700.624282199,18.098658997303065
drainage_699_0,drainage,699,0,56.0,test,622582.0172626217,4594684.755497696,18.806863915751475
drainage_700_0,drainage,700,0,56.0,test,622581.7533491548,4594666.9799785735,18.06211268620115
drainage_701_0,drainage,701,0,56.0,test,622581.6464466094,4594650.64644661,18.07106781186548
drainage_702_0,drainage,702,0,56.0,test,622590.5440032958,4594718.508850377,18.232523212982628
drainage_703_0,drainage,703,0,58.0,train,623558.9337513695,4594870.739485539,12.247500848210528
drainage_704_0,drainage,704,0,70.0,train,623549.6867324845,4594878.313267516,12.371335712256837
drainage_705_0,drainage,705,0,58.0,train,623555.532177781,4594794.467822219,21.175990864239257
drainage_706_0,drainage,706,0,58.0,train,623541.7026159345,4594809.856450697,20.7733379151162
drainage_707_0,drainage,707,0,58.0,train,623527.4665513154,4594825.070104163,21.32797855387363
drainage_708_0,drainage,708,0,58.0,train,623513.0746115496,4594841.018994308,21.69943274053325
drainage_709_0,drainage,709,0,52.0,val,621365.9082451353,4594799.908245135,23.526471829959327
drainage_710_0,drainage,710,0,53.0,train,621386.1482008578,4594810.067934648,23.67602771347434
drainage_711_0,drainage,711,0,53.0,train,621401.3698865196,4594827.369886519,23.090202299083643
drainage_712_0,drainage,712,0,56.0,test,622521.0951292261,4594773.884836488,21.647190537015355
drainage_713_0,drainage,713,0,56.0,test,622524.3705247693,4594754.056053852,23.33784296972783
drainage_714_0,drainage,714,0,59.0,train,623690.9052713985,4594865.5,15.189457203086208
drainage_715_0,drainage,715,0,59.0,train,623676.4393398282,4594864.5,14.443605817302933
drainage_716_0,drainage,716,0,57.0,train,623084.9550889082,4594662.148859873,21.682485144403408
drainage_717_0,drainage,717,0,57.0,train,623073.7054436409,4594646.152778302,22.978253272555666
drainage_718_0,drainage,718,0,57.0,train,623054.76568081,4594640.792048469,21.6759094321554
drainage_719_0,drainage,719,0,58.0,train,623300.5,4594806.5,4.0
drainage_720_0,drainage,720,0,59.0,train,623708.4847377103,4594865.5,20.452522763217605
drainage_721_0,drainage,721,0,57.0,train,622980.7421942699,4594653.257805729,23.34188309190566
drainage_722_0,drainage,722,0,56.0,test,622562.1353666047,4594788.348571196,22.319689479227648
drainage_723_0,drainage,723,0,56.0,test,622566.4833882557,4594768.320353422,21.803327921646265
drainage_724_0,drainage,724,0,56.0,test,622573.9993786135,4594748.37715539,22.030478926177533
drainage_725_0,drainage,725,0,56.0,test,622573.8423951471,4594727.78503911,22.213410019222984
drainage_726_0,drainage,726,0,56.0,test,622561.1446220224,4594713.144622022,17.6528251856489
drainage_727_0,drainage,727,0,56.0,test,622568.4664768653,4594697.554976225,17.858864999558307
drainage_728_0,drainage,728,0,56.0,test,622570.2989394394,4594681.539649366,16.92037325596627
drainage_729_0,drainage,729,0,56.0,test,622575.4879690317,4594665.902125198,17.88832765680276
drainage_730_0,drainage,730,0,58.0,train,623364.7928932188,4594829.5,12.242640687119287
drainage_731_0,drainage,731,0,58.0,train,623606.0,4594848.5,14.65685424949238
drainage_732_0,drainage,732,0,58.0,train,623313.8250648422,4594837.66950124,19.50881962492406
drainage_733_0,drainage,733,0,58.0,train,623305.0693225784,4594821.56180009,20.18749361354059
drainage_734_0,drainage,734,0,56.0,test,622536.0460344594,4594819.093287256,21.037965588192947
drainage_735_0,drainage,735,0,56.0,test,622548.3666808413,4594806.132235935,18.885274305804806
drainage_736_0,drainage,736,0,56.0,test,622537.6176647425,4594792.996413787,19.848462027011006
drainage_737_0,drainage,737,0,56.0,test,622547.7092837116,4594776.294515598,19.71142240310826
drainage_738_0,drainage,738,0,56.0,test,622555.3284913871,4594760.508875974,18.952951679857883
drainage_739_0,drainage,739,0,56.0,test,622561.9879175964,4594750.292766663,19.474480598114965
drainage_740_0,drainage,740,0,56.0,test,622565.5,4594730.942284069,20.88456813847783
drainage_741_0,drainage,741,0,51.0,train,620865.2071067812,4594863.792893219,10.82842712474619
drainage_742_0,drainage,742,0,53.0,train,621556.9077987932,4594711.404006487,21.84515013364697
drainage_743_0,drainage,743,0,53.0,train,621574.8504660366,4594701.595842897,21.90793292225445
drainage_744_0,drainage,744,0,53.0,train,621579.423698599,4594682.335892522,20.79617579359943
drainage_745_0,drainage,745,0,53.0,train,621584.0458556466,4594662.312789059,21.732604295065983
drainage_746_0,drainage,746,0,53.0,train,621583.8521129586,4594641.738319453,20.88070226060699
drainage_747_0,drainage,747,0,57.0,train,623188.8799778365,4594681.080312155,23.467507741184683
drainage_748_0,drainage,748,0,56.0,test,622525.1004662673,4594818.910010825,20.039110900700333
drainage_749_0,drainage,749,0,56.0,test,622537.6464466094,4594811.35355339,10.071067811865476
drainage_750_0,drainage,750,0,63.0,test,620858.662264025,4594885.164900069,21.95696525297096
drainage_751_0,drainage,751,0,63.0,test,620877.673255026,4594884.376109262,21.272611048726795
drainage_752_0,drainage,752,0,56.0,test,622510.8027556309,4594817.197244369,17.029687544745485
drainage_753_0,drainage,753,0,56.0,test,622525.7429324012,4594812.5,15.738132159161268
drainage_754_0,drainage,754,0,64.0,train,621210.6420504511,4594939.328510945,14.677165273420718
drainage_755_0,drainage,755,0,64.0,train,621224.1193349756,4594937.319471101,14.780201636777525
drainage_756_0,drainage,756,0,67.0,train,622448.5611775508,4594924.4750742335,15.18011228874379
drainage_757_0,drainage,757,0,67.0,train,622459.1360000068,4594913.854234603,16.043623183622376
drainage_758_0,drainage,758,0,67.0,train,622465.5109359706,4594899.526680066,15.649763040426263
drainage_759_0,drainage,759,0,67.0,train,622473.0736321579,4594885.761035326,18.139103006841527
drainage_760_0,drainage,760,0,55.0,train,622469.9152734589,4594868.540578628,19.08030026148494
drainage_761_0,drainage,761,0,55.0,train,622477.1349328873,4594856.865067113,18.607160620376643
drainage_762_0,drainage,762,0,55.0,train,622485.634869247,4594841.324154073,17.177260353186508
drainage_763_0,drainage,763,0,55.0,train,622497.7112132309,4594828.751137453,18.645625011503896
drainage_764_0,drainage,764,0,67.0,train,622465.7071067812,4594945.292893219,13.899494936611667
drainage_765_0,drainage,765,0,67.0,train,622469.4305530871,4594930.561816675,20.61705422961951
drainage_766_0,drainage,766,0,67.0,train,622471.4998806082,4594911.14623605,20.32046168583387
drainage_767_0,drainage,767,0,67.0,train,622472.5857864376,4594897.414213562,8.242640687119286
drainage_768_0,drainage,768,0,64.0,train,621336.3891391938,4594887.546738879,16.83351924436672
drainage_769_0,drainage,769,0,64.0,train,621349.7874421808,4594878.431314733,16.87629536860571
drainage_770_0,drainage,770,0,67.0,train,622441.5,4594962.5,2.8284271247461903
drainage_771_0,drainage,771,0,67.0,train,622438.3598005573,4594954.540799336,16.33484586726916
drainage_772_0,drainage,772,0,67.0,train,622443.4681112056,4594939.226550386,17.248753496394563
drainage_773_0,drainage,773,0,64.0,train,621032.0018530175,4595146.526315862,21.826616501012783
drainage_774_0,drainage,774,0,64.0,train,621041.2702675154,4595128.823223204,21.10264030040855
drainage_775_0,drainage,775,0,64.0,train,621059.4968464251,4595120.560954827,21.691623105370283
drainage_776_0,drainage,776,0,64.0,train,621076.3393896428,4595106.660610357,22.219199648746883
drainage_777_0,drainage,777,0,64.0,train,621084.5,4595091.897428976,17.441129789640627
drainage_778_0,drainage,778,0,64.0,train,621078.2561445647,4595076.256144565,17.439369420972152
drainage_779_0,drainage,779,0,64.0,train,621067.6050009526,4595063.397795779,16.23642286200695
drainage_780_0,drainage,780,0,64.0,train,621066.685824793,4595047.399633841,19.39119821777083
drainage_781_0,drainage,781,0,64.0,train,621077.1767713423,4595034.374864606,19.25551226053144
drainage_782_0,drainage,782,0,64.0,train,621081.5330622349,4595016.793507108,19.6944058027746
drainage_783_0,drainage,783,0,64.0,train,621098.4923918335,4595009.209365019,19.520762951111596
drainage_784_0,drainage,784,0,64.0,train,621114.0947758,4595002.0634020325,18.575622303507423
drainage_785_0,drainage,785,0,64.0,train,621126.3535533906,4594993.64644661,16.899494936611667
drainage_786_0,drainage,786,0,67.0,train,622452.0195125889,4595032.986806362,20.77840358920753
drainage_787_0,drainage,787,0,67.0,train,622444.9387527066,4595015.238852942,19.460006201028342
drainage_788_0,drainage,788,0,67.0,train,622439.5,4594995.299362219,23.319393796197595
drainage_789_0,drainage,789,0,67.0,train,622442.1610186183,4594972.73010005,22.680554060130262
drainage_790_0,drainage,790,0,67.0,train,622225.1462095341,4595116.51008378,21.061084830165644
drainage_791_0,drainage,791,0,67.0,train,622244.2044319124,4595111.094048633,20.86866222380012
drainage_792_0,drainage,792,0,67.0,train,622265.305861701,4595110.5,21.95920947747184
drainage_793_0,drainage,793,0,67.0,train,622286.8413496369,4595110.5,21.592572582304243
drainage_794_0,drainage,794,0,67.0,train,622305.6812819748,4595100.836352176,21.555496402134494
drainage_795_0,drainage,795,0,67.0,train,622440.1089074916,4595048.891092508,21.564972575942495
drainage_796_0,drainage,796,0,67.0,train,622148.1292166363,4595108.103209666,21.95774454061721
drainage_797_0,drainage,797,0,67.0,train,622166.5526715991,4595117.652878246,21.56238300767053
drainage_798_0,drainage,798,0,67.0,train,622187.5592347699,4595120.944727191,22.169736155981067
drainage_799_0,drainage,799,0,67.0,train,622205.2002819773,4595112.821163815,21.888158666705927
drainage_800_0,drainage,800,0,68.0,train,622508.9583657979,4594953.452278456,22.532189168389355
drainage_801_0,drainage,801,0,67.0,train,622490.6788174235,4594940.723214383,22.69138393276596
drainage_802_0,drainage,802,0,67.0,train,622476.6352714794,4594929.211050789,22.05397279216009
drainage_803_0,drainage,803,0,67.0,train,622430.7928932188,4595012.5,12.242640687119286
drainage_804_0,drainage,804,0,67.0,train,622439.0,4595009.0,7.071067811865476
drainage_805_0,drainage,805,0,63.0,test,620667.000455073,4595249.501107342,17.879117797184243
drainage_806_0,drainage,806,0,,unused,620679.0,4595250.0,8.242640687119286
drainage_807_0,drainage,807,0,63.0,test,620685.1612023656,4595238.839918847,17.997234262542754
drainage_808_0,drainage,808,0,63.0,test,620697.810946806,4595228.460342416,18.309972176602127
drainage_809_0,drainage,809,0,63.0,test,620713.1872500831,4595227.575227375,15.627853560243205
drainage_810_0,drainage,810,0,63.0,test,620725.022374159,4595234.991546716,17.252125880129185
drainage_811_0,drainage,811,0,63.0,test,620743.2853448581,4595236.056709254,20.171648078319365
drainage_812_0,drainage,812,0,63.0,test,620763.0186417522,4595236.5,19.83559816515749
drainage_813_0,drainage,813,0,63.0,test,620778.6139467099,4595226.61202344,20.332128300187684
drainage_814_0,drainage,814,0,63.0,test,620798.3155816223,4595226.510910814,20.04826167755871
drainage_815_0,drainage,815,0,63.0,test,620816.7282855791,4595233.146603949,20.27629434139948
drainage_816_0,drainage,816,0,63.0,test,620835.5399091683,4595238.031656988,20.786710207419496
drainage_817_0,drainage,817,0,63.0,test,620854.3033956718,4595230.068359568,20.614971887479957
drainage_818_0,drainage,818,0,63.0,test,620869.5116180867,4595221.951910924,21.71740082349196
drainage_819_0,drainage,819,0,63.0,test,620889.3305606899,4595214.049169772,21.26153790991441
drainage_820_0,drainage,820,0,63.0,test,620909.3500841772,4595209.5,21.842379528044116
drainage_821_0,drainage,821,0,63.0,test,620927.3060426262,4595211.496795605,16.86749894101179
drainage_822_0,drainage,822,0,63.0,test,620942.6713652769,4595210.653012244,15.94635365130346
drainage_823_0,drainage,823,0,63.0,test,620954.2071067812,4595213.207106781,8.82842712474619
drainage_824_0,drainage,824,0,63.0,test,620967.3111733643,4595210.916249358,18.934392911010804
drainage_825_0,drainage,825,0,63.0,test,620986.2552350031,4595210.00800956,20.06979296118687
drainage_826_0,drainage,826,0,64.0,train,621004.8628383685,4595209.153470713,19.24426824910245
drainage_827_0,drainage,827,0,64.0,train,621023.6909250725,4595204.5369842285,19.880367714916712
drainage_828_0,drainage,828,0,64.0,train,621030.5,4595192.64644661,11.96823208578328
drainage_829_0,drainage,829,0,64.0,train,621032.0,4595181.146446609,11.684581175694614
drainage_830_0,drainage,830,0,64.0,train,621028.4864345855,4595170.022739052,11.821121651187456
drainage_831_0,drainage,831,0,64.0,train,621034.6660002434,4595162.320513159,12.24771304576283
drainage_832_0,drainage,832,0,67.0,train,622430.7928932188,4595015.207106781,14.48528137423857
drainage_833_0,drainage,833,0,65.0,train,621418.0924615868,4595013.145425092,21.233526583490946
drainage_834_0,drainage,834,0,65.0,train,621407.4551660223,4594995.197238436,20.6446858409972
drainage_835_0,drainage,835,0,65.0,train,621397.516251195,4594977.080577764,20.77793659397884
drainage_836_0,drainage,836,0,65.0,train,621392.5,4594956.887714235,21.138340162898363
drainage_837_0,drainage,837,0,65.0,train,621388.5197859305,4594938.529881435,20.65701393076166
drainage_838_0,drainage,838,0,65.0,train,621379.7788418898,4594920.101603559,20.968206258401658
drainage_839_0,drainage,839,0,65.0,train,621375.4087323621,4594900.057424219,20.978091053846505
drainage_840_0,drainage,840,0,64.0,train,621373.5,4594879.096395272,21.65645186096597
drainage_841_0,drainage,841,0,63.0,test,620907.2709182102,4595164.052622706,21.947632354145927
drainage_842_0,drainage,842,0,63.0,test,620925.3682024605,4595173.939755471,21.36425115062647
drainage_843_0,drainage,843,0,63.0,test,620941.9531927216,4595184.477064782,20.240558138025147
drainage_844_0,drainage,844,0,64.0,train,621130.9673221667,4595026.583316442,20.527666877802737
drainage_845_0,drainage,845,0,64.0,train,621124.2677600881,4595008.429389212,19.60207792955348
drainage_846_0,drainage,846,0,68.0,train,622571.7800066978,4595171.834454447,22.127168254229304
drainage_847_0,drainage,847,0,68.0,train,622553.1029437254,4595159.602943725,23.161141371042905
drainage_848_0,drainage,848,0,68.0,train,622534.8529975489,4595146.053103153,22.581907390127117
drainage_849_0,drainage,849,0,68.0,train,622514.2009461483,4595138.1056261,22.331122356639717
drainage_850_0,drainage,850,0,67.0,train,622494.8866616322,4595130.886661633,22.03632300561216
drainage_851_0,drainage,851,0,67.0,train,622495.5,4595116.085786438,11.65685424949238
drainage_852_0,drainage,852,0,67.0,train,622498.1478860647,4595103.962877384,20.26462691500757
drainage_853_0,drainage,853,0,67.0,train,622495.5,4595084.709409092,20.314045478661843
drainage_854_0,drainage,854,0,68.0,train,622500.319770601,4595067.319770602,20.17453990171094
drainage_855_0,drainage,855,0,68.0,train,622500.4528135291,4595047.845117492,20.978703289357878
drainage_856_0,drainage,856,0,67.0,train,622493.0721890299,4595028.763967928,20.947041317370047
drainage_857_0,drainage,857,0,67.0,train,622489.5,4595008.094654808,21.889828513445394
drainage_858_0,drainage,858,0,67.0,train,622481.1132927289,4594988.745190496,20.87397316141653
drainage_859_0,drainage,859,0,67.0,train,622475.7714935662,4594968.771493566,21.971836180588618
drainage_860_0,drainage,860,0,67.0,train,622469.3230348406,4594949.638957201,21.030847737868697
drainage_861_0,drainage,861,0,63.0,test,620700.9582533768,4595151.047488272,19.90325438870468
drainage_862_0,drainage,862,0,63.0,test,620716.2741633109,4595163.703410523,20.23879600857297
drainage_863_0,drainage,863,0,63.0,test,620732.0849730677,4595176.084973068,20.951053078291334
drainage_864_0,drainage,864,0,63.0,test,620763.4081043206,4595190.591895679,16.57918355941211
drainage_865_0,drainage,865,0,63.0,test,620789.3987466736,4595184.645445293,17.06710034673441
drainage_866_0,drainage,866,0,63.0,test,620806.110646394,4595185.791480249,17.871931265050826
drainage_867_0,drainage,867,0,63.0,test,620821.3595690635,4595194.359569063,18.121477559136352
drainage_868_0,drainage,868,0,63.0,test,620836.7647870537,4595193.234657368,18.15410280350327
drainage_869_0,drainage,869,0,63.0,test,620843.5234875878,4595203.546146848,17.484381788192778
drainage_870_0,drainage,870,0,63.0,test,620853.7065225261,4595216.813885418,17.78567404291376
drainage_871_0,drainage,871,0,63.0,test,620762.2633684662,4595141.258991765,18.284076797651714
drainage_872_0,drainage,872,0,67.0,train,622479.6533914559,4595132.617607864,13.10868303071611
drainage_873_0,drainage,873,0,67.0,train,622488.4198233356,4595122.5801766645,13.621730099353623
drainage_874_0,drainage,874,0,63.0,test,620817.4857688132,4595180.999530315,16.288218096397433
drainage_875_0,drainage,875,0,64.0,train,621091.2071067812,4595102.5,13.071067811865476
drainage_876_0,drainage,876,0,64.0,train,621046.0051217636,4595185.081650658,12.609531746180595
drainage_877_0,drainage,877,0,64.0,train,621036.3598095013,4595177.353754274,12.337001425128648
drainage_878_0,drainage,878,0,68.0,train,622522.326677881,4595242.316494859,20.0322209211524
drainage_879_0,drainage,879,0,68.0,train,622503.2116158309,4595236.5,20.72617404681648
drainage_880_0,drainage,880,0,67.0,train,622452.4120126875,4595193.296768762,22.5166487088694
drainage_881_0,drainage,881,0,67.0,train,622443.2664048291,4595176.5,22.60530597292085
drainage_882_0,drainage,882,0,67.0,train,622432.778558821,4595163.61188601,19.950932530841555
drainage_883_0,drainage,883,0,67.0,train,622440.1199419393,4595146.830434066,20.214754954891983
drainage_884_0,drainage,884,0,67.0,train,622451.625574517,4595130.856809913,20.07049731021683
drainage_885_0,drainage,885,0,67.0,train,622466.3501790309,4595117.024380499,21.26048409054225
drainage_886_0,drainage,886,0,67.0,train,622485.7469475564,4595114.7884756485,19.558881384852672
drainage_887_0,drainage,887,0,65.0,train,621470.5257706882,4595134.964351622,23.656490392435277
drainage_888_0,drainage,888,0,65.0,train,621451.4855469317,4595120.952933871,23.851664960853416
drainage_889_0,drainage,889,0,65.0,train,621435.1675742534,4595105.988137881,21.372927650114654
drainage_890_0,drainage,890,0,65.0,train,621420.1796363156,4595090.179636315,22.31907623897719
drainage_891_0,drainage,891,0,65.0,train,621403.1181763188,4595076.703570691,21.254879545991496
drainage_892_0,drainage,892,0,64.0,train,621373.9186213623,4595050.462140996,21.502845873637003
drainage_893_0,drainage,893,0,64.0,train,621356.1445214136,4595039.144521414,21.629229595462167
drainage_894_0,drainage,894,0,64.0,train,621343.4890522921,4595022.33272577,21.223325025876413
drainage_895_0,drainage,895,0,64.0,train,621324.9394434711,4594985.634755073,23.055059135261207
drainage_896_0,drainage,896,0,64.0,train,621322.685505024,4594963.069736629,23.304077891354613
drainage_897_0,drainage,897,0,64.0,train,621326.0248526392,4594940.924947984,23.11709183156698
drainage_898_0,drainage,898,0,64.0,train,621325.2569092901,4594920.152044569,22.97266704174075
drainage_899_0,drainage,899,0,67.0,train,622428.3604670524,4595200.322489319,20.775396870617534
drainage_900_0,drainage,900,0,67.0,train,622427.7877342033,4595182.021812605,20.86431980529239
drainage_901_0,drainage,901,0,63.0,test,620957.0,4595215.0,4.242640687119285
drainage_902_0,drainage,902,0,70.0,train,623357.9122017139,4595218.087798286,21.72223169345226
drainage_903_0,drainage,903,0,70.0,train,623365.5106873633,4595199.964952694,18.11693924597048
drainage_904_0,drainage,904,0,76.0,train,621004.068986707,4595255.631625908,22.516616122433383
drainage_905_0,drainage,905,0,76.0,train,621025.3622204023,4595253.3306906,21.52156240618409
drainage_906_0,drainage,906,0,64.0,train,621029.5383861765,4595235.900778206,17.425685888709015
drainage_907_0,drainage,907,0,64.0,train,621033.5857031213,4595220.349502882,16.42752227881813
drainage_908_0,drainage,908,0,64.0,train,621036.4347865472,4595204.202504086,16.54333732599073
drainage_909_0,drainage,909,0,64.0,train,621295.1549098933,4594912.260376692,22.28289338426912
drainage_910_0,drainage,910,0,64.0,train,621308.506346217,4594900.523361142,21.534966343632192
drainage_911_0,drainage,911,0,76.0,train,621224.7928973159,4595296.043351358,22.021678052218352
drainage_912_0,drainage,912,0,76.0,train,621203.2104260696,4595296.103820498,21.48509278151312
drainage_913_0,drainage,913,0,76.0,train,621184.4477371272,4595288.392685492,21.84877121547095
drainage_914_0,drainage,914,0,76.0,train,621169.4364169408,4595273.436416941,22.05567987655317
drainage_915_0,drainage,915,0,76.0,train,621150.467704251,4595262.99216889,21.770012407731407
drainage_916_0,drainage,916,0,64.0,train,621137.3137462261,4595246.160550739,21.327332716642225
drainage_917_0,drainage,917,0,64.0,train,621131.0614829102,4595225.740891696,21.636678636304374
drainage_918_0,drainage,918,0,64.0,train,621121.2279691953,4595206.733584073,21.747175835723105
drainage_919_0,drainage,919,0,64.0,train,621115.6745605748,4595186.815020709,21.98632448733384
drainage_920_0,drainage,920,0,64.0,train,621098.8733526461,4595173.500794224,21.698592128702217
drainage_921_0,drainage,921,0,64.0,train,621087.8889258695,4595156.005389627,22.1435076468097
drainage_922_0,drainage,922,0,64.0,train,621083.7206671229,4595135.5575510375,21.627675558813092
drainage_923_0,drainage,923,0,79.0,train,622414.5,4595313.417623515,18.164752968617968
drainage_924_0,drainage,924,0,79.0,train,622416.6783930048,4595296.2771005975,16.664679344465704
drainage_925_0,drainage,925,0,79.0,train,622424.559449718,4595285.323701034,16.652729465302436
drainage_926_0,drainage,926,0,79.0,train,622424.7902335428,4595268.470120371,19.178236459606943
drainage_927_0,drainage,927,0,79.0,train,622425.6443551871,4595250.066951855,18.478263947347397
drainage_928_0,drainage,928,0,67.0,train,622430.8392833824,4595232.60215921,19.010313951709577
drainage_929_0,drainage,929,0,67.0,train,622437.3169558272,4595215.558270655,19.273881090054243
drainage_930_0,drainage,930,0,67.0,train,622446.2928932188,4595204.5,11.242640687119286
drainage_931_0,drainage,931,0,76.0,train,621066.5309779128,4595335.530332758,18.06590503748504
drainage_932_0,drainage,932,0,76.0,train,621051.4645749506,4595327.390202039,17.56999900130014
drainage_933_0,drainage,933,0,76.0,train,621029.6819446336,4595295.832852567,17.722812293271005
drainage_934_0,drainage,934,0,76.0,train,621035.5423149054,4595280.457685094,19.189156646186305
drainage_935_0,drainage,935,0,76.0,train,621038.006281695,4595262.769974278,18.9629702343976
drainage_936_0,drainage,936,0,64.0,train,621031.7928932188,4595249.792893219,11.65685424949238
drainage_937_0,drainage,937,0,75.0,train,620994.4349744587,4595333.0766154295,19.99904191365191
drainage_938_0,drainage,938,0,76.0,train,621011.0448368079,4595322.223256589,20.07475777047348
drainage_939_0,drainage,939,0,79.0,train,622449.9927248814,4595257.451393238,21.453800209506063
drainage_940_0,drainage,940,0,79.0,train,622414.6773811249,4595368.890407056,13.57344821961009
drainage_941_0,drainage,941,0,79.0,train,622418.4020986827,4595357.099437828,13.431932576769706
drainage_942_0,drainage,942,0,79.0,train,622429.6338834763,4595349.366116524,14.52081527986175
drainage_943_0,drainage,943,0,79.0,train,622435.4471792101,4595338.060908606,13.125644683059653
drainage_944_0,drainage,944,0,79.0,train,622440.1001633625,4595322.386826839,20.89693105089868
drainage_945_0,drainage,945,0,79.0,train,622440.5,4595302.715322485,20.05069823064142
drainage_946_0,drainage,946,0,79.0,train,622432.4721751298,4595285.631003698,21.277435529173648
drainage_947_0,drainage,947,0,80.0,train,622552.6119428776,4595352.5,22.428598337572552
drainage_948_0,drainage,948,0,80.0,train,622531.20333103,4595355.5,22.12872885634261
drainage_949_0,drainage,949,0,80.0,train,622510.1025456408,4595353.563594643,20.668143721281304
drainage_950_0,drainage,950,0,79.0,train,622489.1281157101,4595349.317432819,22.33257004809233
drainage_951_0,drainage,951,0,79.0,train,622468.4526634716,4595342.5,22.680506545279417
drainage_952_0,drainage,952,0,76.0,train,621030.5,4595345.207106781,19.89949493661167
drainage_953_0,drainage,953,0,76.0,train,621027.5,4595331.792893219,9.414213562373096
drainage_954_0,drainage,954,0,80.0,train,622524.090935557,4595409.853688135,19.22169271542189
drainage_955_0,drainage,955,0,80.0,train,622505.3028284971,4595410.46713969,18.887381731975083
drainage_956_0,drainage,956,0,79.0,train,622487.6125882806,4595406.619667873,18.820975796137063
drainage_957_0,drainage,957,0,79.0,train,622469.8785296803,4595403.5,19.192688107630367
drainage_958_0,drainage,958,0,79.0,train,622455.0,4595400.5,13.485281374238571
drainage_959_0,drainage,959,0,79.0,train,622436.7164671768,4595381.07961196,20.648721834317087
drainage_960_0,drainage,960,0,79.0,train,622431.1383123264,4595363.185185326,22.099358467436744
drainage_961_0,drainage,961,0,75.0,train,620997.4279312008,4595376.449909465,19.253331278571544
drainage_962_0,drainage,962,0,79.0,train,622381.2555610879,4595472.5,22.006297528917678
drainage_963_0,drainage,963,0,79.0,train,622402.6203244299,4595478.066033581,23.50871278885299
drainage_964_0,drainage,964,0,79.0,train,622416.2618522567,4595465.3991473485,22.57469477911852
drainage_965_0,drainage,965,0,79.0,train,622422.2353786974,4595445.228305381,22.59081922887467
drainage_966_0,drainage,966,0,79.0,train,622433.7096045639,4595429.024843198,23.218610368602107
drainage_967_0,drainage,967,0,79.0,train,622426.4632653471,4595407.402039602,22.69501979571598
drainage_968_0,drainage,968,0,79.0,train,622418.9937432063,4595386.193595191,22.654303888903804
drainage_969_0,drainage,969,0,79.0,train,622158.0161338055,4595530.241396682,21.63524899664112
drainage_970_0,drainage,970,0,79.0,train,622177.6103711337,4595536.335389726,20.04721580268427
drainage_971_0,drainage,971,0,79.0,train,622195.339260793,4595544.339260793,21.479827598131813
drainage_972_0,drainage,972,0,79.0,train,622212.0249074983,4595556.500018148,21.584980912678304
drainage_973_0,drainage,973,0,79.0,train,622230.2737803927,4595567.745478728,21.58496837180916
drainage_974_0,drainage,974,0,79.0,train,622248.9939326802,4595577.529158393,21.96519370817153
drainage_975_0,drainage,975,0,79.0,train,622268.2709687061,4595585.5,21.842026102380736
drainage_976_0,drainage,976,0,79.0,train,622287.773243682,4595593.154035011,21.071273966492708
drainage_977_0,drainage,977,0,79.0,train,622306.2836912086,4595601.494867508,20.853068326342893
drainage_978_0,drainage,978,0,79.0,train,622325.5545230057,4595605.925709077,21.16734122833948
drainage_979_0,drainage,979,0,79.0,train,622346.3587919092,4595604.9646979775,20.906636064854894
drainage_980_0,drainage,980,0,79.0,train,622357.2169877377,4595598.377508051,14.887811043796228
drainage_981_0,drainage,981,0,79.0,train,622364.4931069587,4595584.530156056,16.835406057109743
drainage_982_0,drainage,982,0,79.0,train,622368.5786843176,4595570.433766435,12.876736109314338
drainage_983_0,drainage,983,0,79.0,train,622374.6333200403,4595559.293560706,12.57194151846148
drainage_984_0,drainage,984,0,79.0,train,622382.8994250498,4595548.994043119,15.003319019439918
drainage_985_0,drainage,985,0,79.0,train,622389.4515699289,4595535.570372857,15.401867470010846
drainage_986_0,drainage,986,0,79.0,train,622394.3049639247,4595521.952517693,15.354350679043502
drainage_987_0,drainage,987,0,79.0,train,622403.9743160317,4595514.030110911,14.176003621284044
drainage_988_0,drainage,988,0,79.0,train,622418.034195181,4595506.534520004,19.33173599663154
drainage_989_0,drainage,989,0,79.0,train,622429.0455186369,4595492.345376068,19.087355892122428
drainage_990_0,drainage,990,0,79.0,train,622441.9223873038,4595478.845684596,19.818238958251207
drainage_991_0,drainage,991,0,79.0,train,622446.9351800608,4595460.206598073,20.43673101831425
drainage_992_0,drainage,992,0,79.0,train,622450.0293396728,4595442.147329987,17.315216894451254
drainage_993_0,drainage,993,0,79.0,train,622453.4701504594,4595426.334144107,16.241769415994426
drainage_994_0,drainage,994,0,79.0,train,622449.8686582677,4595412.802547183,14.977049085743072
drainage_995_0,drainage,995,0,76.0,train,621022.5,4595361.878679656,21.72792206135785
drainage_996_0,drainage,996,0,75.0,train,620931.6782535656,4595466.5,18.52580483221438
drainage_997_0,drainage,997,0,75.0,train,620949.7734206822,4595470.395972969,18.967259202163525
drainage_998_0,drainage,998,0,75.0,train,620968.565075995,4595470.460188167,19.00387871898685
drainage_999_0,drainage,999,0,75.0,train,620980.2928932188,4595472.5,6.414213562373095
drainage_1000_0,drainage,1000,0,75.0,train,620988.9374914428,4595468.062508557,14.076295835543227
drainage_1001_0,drainage,1001,0,75.0,train,620998.0287816684,4595457.999040316,13.123775325569184
drainage_1002_0,drainage,1002,0,76.0,train,621002.748780854,4595444.863228909,20.082833869749752
drainage_1003_0,drainage,1003,0,76.0,train,621000.3922457744,4595426.126681097,20.94547910475147
drainage_1004_0,drainage,1004,0,76.0,train,621008.2992106612,4595412.149891721,20.17324606279468
drainage_1005_0,drainage,1005,0,76.0,train,621008.5,4595393.528168594,20.346860457565008
drainage_1006_0,drainage,1006,0,76.0,train,621212.9932935333,4595427.921579843,21.363698453234107
drainage_1007_0,drainage,1007,0,76.0,train,621194.7994740497,4595418.004500021,21.67867790589824
drainage_1008_0,drainage,1008,0,76.0,train,621175.9178965263,4595408.897948926,22.280938515194112
drainage_1009_0,drainage,1009,0,76.0,train,621159.7008283979,4595395.000964424,22.191355323971717
drainage_1010_0,drainage,1010,0,76.0,train,621139.7233524467,4595387.225451572,21.766305114945197
drainage_1011_0,drainage,1011,0,75.0,train,620672.9232345342,4595262.45540187,23.008255759382774
drainage_1012_0,drainage,1012,0,75.0,train,620963.3743419789,4595494.4862656975,18.875939656634117
drainage_1013_0,drainage,1013,0,75.0,train,620976.0994762183,4595482.808863207,18.86730596303305
drainage_1014_0,drainage,1014,0,79.0,train,622139.7071067812,4595522.5,20.899494936611667
drainage_1015_0,drainage,1015,0,91.0,val,622354.5,4595659.5,4.0
drainage_1016_0,drainage,1016,0,91.0,val,622347.2435547694,4595651.395415098,20.831947079671707
drainage_1017_0,drainage,1017,0,91.0,val,622348.8539590648,4595632.886676134,20.29369011785588
drainage_1018_0,drainage,1018,0,79.0,train,622356.941873473,4595615.513074375,20.40281908716133
drainage_1019_0,drainage,1019,0,76.0,train,621031.6829808122,4595465.962970618,23.404749401975703
drainage_1020_0,drainage,1020,0,76.0,train,621014.1442062487,4595455.88866058,22.304422237507087
drainage_1021_0,drainage,1021,0,76.0,train,621036.5,4595479.707106781,6.414213562373095
drainage_1022_0,drainage,1022,0,76.0,train,621015.5043336686,4595513.408096181,16.668724187909007
drainage_1023_0,drainage,1023,0,76.0,train,621019.7046588876,4595497.627961924,16.30632372311596
drainage_1024_0,drainage,1024,0,76.0,train,621032.3279113362,4595488.679804656,16.670980418889883
drainage_1025_0,drainage,1025,0,80.0,train,622549.5535789599,4595507.521693375,22.06394126494577
drainage_1026_0,drainage,1026,0,80.0,train,622531.4108835936,4595495.909927751,21.83254829170404
drainage_1027_0,drainage,1027,0,80.0,train,622518.2537628743,4595478.253762875,22.409612226850815
drainage_1028_0,drainage,1028,0,79.0,train,622499.5146333515,4595467.064301556,21.67346985353568
drainage_1029_0,drainage,1029,0,79.0,train,622479.6474077138,4595459.552315516,21.87137026253277
drainage_1030_0,drainage,1030,0,79.0,train,622458.983535,4595453.014021391,22.008315648062712
drainage_1031_0,drainage,1031,0,79.0,train,622405.8658284477,4595538.915330093,21.674450489286546
drainage_1032_0,drainage,1032,0,79.0,train,622414.1825204971,4595520.358959486,21.295420426557783
drainage_1033_0,drainage,1033,0,79.0,train,622264.8868428466,4595601.971951331,21.133105033780573
drainage_1034_0,drainage,1034,0,79.0,train,622285.8486028307,4595599.5,21.546973159447205
drainage_1035_0,drainage,1035,0,75.0,train,620999.9142135624,4595594.5,10.82842712474619
drainage_1036_0,drainage,1036,0,76.0,train,621005.5,4595584.207106781,19.07106781186548
drainage_1037_0,drainage,1037,0,76.0,train,621007.5,4595573.292893219,4.414213562373095
drainage_1038_0,drainage,1038,0,76.0,train,621006.5,4595562.180238992,18.63952201567751
drainage_1039_0,drainage,1039,0,76.0,train,621004.1837414713,4595544.743276947,17.641593637391626
drainage_1040_0,drainage,1040,0,76.0,train,621014.1074966859,4595529.892503314,18.34471214248612
drainage_1041_0,drainage,1041,0,94.0,val,623505.1483389768,4595687.5,13.531749171171708
drainage_1042_0,drainage,1042,0,94.0,val,623518.4233686035,4595688.031038743,13.163965339646031
drainage_1043_0,drainage,1043,0,79.0,train,622378.5,4595601.54057844,20.391689246282123
drainage_1044_0,drainage,1044,0,79.0,train,622372.4494491579,4595583.962714857,19.292200022301305
drainage_1045_0,drainage,1045,0,90.0,val,622068.9647404135,4595646.499723603,23.819049185534745
drainage_1046_0,drainage,1046,0,90.0,val,622089.3225635112,4595657.980611911,23.26825878654341
drainage_1047_0,drainage,1047,0,90.0,val,622111.3376228338,4595665.207281672,24.14618023803962
drainage_1048_0,drainage,1048,0,91.0,val,622131.3262198656,4595676.081093665,22.40455530849136
drainage_1049_0,drainage,1049,0,91.0,val,622152.7257110144,4595677.627573218,22.69834102654875
drainage_1050_0,drainage,1050,0,91.0,val,622172.7239503189,4595680.160958767,23.358186698893604
drainage_1051_0,drainage,1051,0,91.0,val,622445.7393376861,4595666.798414625,22.72706535887796
drainage_1052_0,drainage,1052,0,91.0,val,622423.6367185676,4595672.834881919,23.430044122048923
drainage_1053_0,drainage,1053,0,91.0,val,622387.4415511229,4595660.974474644,22.63900375644048
drainage_1054_0,drainage,1054,0,91.0,val,622367.0837707542,4595658.218606771,21.42847291340479
drainage_1055_0,drainage,1055,0,76.0,train,621001.7634321251,4595613.284096587,14.898764203971163
drainage_1056_0,drainage,1056,0,76.0,train,621001.4882595915,4595599.126877868,15.023065550452486
drainage_1057_0,drainage,1057,0,91.0,val,622437.6838300285,4595696.14439684,20.749499413446173
drainage_1058_0,drainage,1058,0,91.0,val,622389.5,4595675.5,8.82842712474619
drainage_1059_0,drainage,1059,0,91.0,val,622489.1551615776,4595803.5864222,23.342857773969538
drainage_1060_0,drainage,1060,0,91.0,val,622468.2332609181,4595811.595347054,22.643501334092008
drainage_1061_0,drainage,1061,0,91.0,val,622447.1465774995,4595809.6121831,23.1290685347325
drainage_1062_0,drainage,1062,0,91.0,val,622426.9583082077,4595805.326466359,22.45445729628982
drainage_1063_0,drainage,1063,0,91.0,val,622406.720335247,4595808.596948568,22.608545015830785
drainage_1064_0,drainage,1064,0,91.0,val,622387.7839015436,4595800.783901543,19.727857485522183
drainage_1065_0,drainage,1065,0,91.0,val,622372.2001664294,4595792.132570728,18.938664080415
drainage_1066_0,drainage,1066,0,91.0,val,622376.5155361508,4595774.192456809,19.33668495548268
drainage_1067_0,drainage,1067,0,91.0,val,622382.7349175115,4595759.586903749,20.62209535502724
drainage_1068_0,drainage,1068,0,91.0,val,622396.7623277636,4595744.815370877,20.9398150992079
drainage_1069_0,drainage,1069,0,91.0,val,622405.5,4595727.933254898,21.34027444869339
drainage_1070_0,drainage,1070,0,91.0,val,622396.149431776,4595709.050176258,21.512565043954567
drainage_1071_0,drainage,1071,0,91.0,val,622390.8999030335,4595689.42030249,21.01892659383564
drainage_1072_0,drainage,1072,0,87.0,train,620861.8811359156,4595693.5,21.95509034659985
drainage_1073_0,drainage,1073,0,87.0,train,620879.4124695498,4595680.58753045,22.67513654929303
drainage_1074_0,drainage,1074,0,87.0,train,620896.6730529458,4595667.912929094,21.43399578241933
drainage_1075_0,drainage,1075,0,87.0,train,620913.1358544885,4595655.253984552,21.98851440932812
drainage_1076_0,drainage,1076,0,87.0,train,620930.2056122303,4595643.474259554,21.37865016962388
drainage_1077_0,drainage,1077,0,87.0,train,620948.8405145532,4595638.352999318,21.31972549308425
drainage_1078_0,drainage,1078,0,75.0,train,620978.3722882534,4595614.145985,20.850150496466988
drainage_1079_0,drainage,1079,0,91.0,val,622179.61504543,4595759.016188758,22.47638345231734
drainage_1080_0,drainage,1080,0,91.0,val,622200.5658899901,4595762.103020747,21.07877741752181
drainage_1081_0,drainage,1081,0,91.0,val,622219.6549922357,4595764.854984344,21.38919336091945
drainage_1082_0,drainage,1082,0,91.0,val,622239.9003052037,4595759.671526977,21.522825734038605
drainage_1083_0,drainage,1083,0,91.0,val,622259.8465998016,4595755.445120283,20.355536607571217
drainage_1084_0,drainage,1084,0,91.0,val,622279.552854714,4595759.300157022,21.73949160461836
drainage_1085_0,drainage,1085,0,91.0,val,622299.569199434,4595756.08020075,20.84180882018476
drainage_1086_0,drainage,1086,0,91.0,val,622317.8163837258,4595765.709179561,21.20888567006885
drainage_1087_0,drainage,1087,0,91.0,val,622335.8146110039,4595774.244672666,21.26616748718468
drainage_1088_0,drainage,1088,0,91.0,val,622351.0944182205,4595775.905581779,12.752540090694383
drainage_1089_0,drainage,1089,0,91.0,val,622361.8059650335,4595771.440646315,12.119105287975646
drainage_1090_0,drainage,1090,0,91.0,val,622371.1464466094,4595766.85355339,9.485281374238571
drainage_1091_0,drainage,1091,0,91.0,val,622365.5,4595774.792893219,12.242640687119286
drainage_1092_0,drainage,1092,0,88.0,train,621031.5468793322,4595743.94386989,15.6145096567279
drainage_1093_0,drainage,1093,0,88.0,train,621021.2298030034,4595733.026026979,15.590062912888774
drainage_1094_0,drainage,1094,0,88.0,train,621016.5032384951,4595718.403023184,15.96060597014266
drainage_1095_0,drainage,1095,0,88.0,train,621009.6794646885,4595702.930949715,19.56761930982321
drainage_1096_0,drainage,1096,0,87.0,train,620999.7848597739,4595686.254282156,20.46950706460402
drainage_1097_0,drainage,1097,0,87.0,train,620995.996202176,4595667.8990006745,20.724008385056127
drainage_1098_0,drainage,1098,0,87.0,train,620992.9926926123,4595647.726115898,20.437288535712685
drainage_1099_0,drainage,1099,0,87.0,train,620994.7099246944,4595628.855703558,20.57818845787554
drainage_1100_0,drainage,1100,0,87.0,train,620964.1573459671,4595794.842654033,23.629897052250524
drainage_1101_0,drainage,1101,0,87.0,train,620978.615405767,4595778.006725699,22.42949587582688
drainage_1102_0,drainage,1102,0,87.0,train,620982.83611559,4595756.323908577,22.77393554983256
drainage_1103_0,drainage,1103,0,87.0,train,620988.4864856866,4595734.957786301,23.207000799273597
drainage_1104_0,drainage,1104,0,88.0,train,621004.7226078253,4595719.484029006,23.04467899505393
drainage_1105_0,drainage,1105,0,91.0,val,622476.868239589,4595862.425643281,23.607658906407718
drainage_1106_0,drainage,1106,0,91.0,val,622457.137651815,4595851.961504125,23.41819828981041
drainage_1107_0,drainage,1107,0,91.0,val,622436.6723881387,4595842.836303519,22.627641095222828
drainage_1108_0,drainage,1108,0,91.0,val,622418.7881595864,4595830.223127811,22.886581729828237
drainage_1109_0,drainage,1109,0,91.0,val,622403.8826963902,4595813.420125229,23.334021706389123
drainage_1110_0,drainage,1110,0,88.0,train,621057.4856164763,4595812.509412357,16.56932753556611
drainage_1111_0,drainage,1111,0,88.0,train,621051.2745736896,4595797.278793184,16.55672019485753
drainage_1112_0,drainage,1112,0,88.0,train,621046.6363385415,4595779.704440423,21.209374182509386
drainage_1113_0,drainage,1113,0,88.0,train,621038.9986244759,4595760.183552852,21.633498729620456
drainage_1114_0,drainage,1114,0,88.0,train,621066.6721662041,4595818.581481597,22.290291172180247
drainage_1115_0,drainage,1115,0,88.0,train,621057.5,4595798.168785371,23.626239700738413
drainage_1116_0,drainage,1116,0,91.0,val,622284.5,4595856.15331948,12.933201639852186
drainage_1117_0,drainage,1117,0,91.0,val,622290.70188211,4595845.29811789,13.227863085195477
drainage_1118_0,drainage,1118,0,91.0,val,622290.5,4595835.792893219,8.242640687119286
drainage_1119_0,drainage,1119,0,91.0,val,622288.8743118426,4595821.735555645,22.52465627934363
drainage_1120_0,drainage,1120,0,91.0,val,622301.5087570049,4595808.856842565,21.46104329111673
drainage_1121_0,drainage,1121,0,91.0,val,622319.9935970545,4595799.6072102655,21.96636121863705
drainage_1122_0,drainage,1122,0,91.0,val,622337.0407414215,4595785.841496186,22.458322369315407
drainage_1123_0,drainage,1123,0,88.0,train,621081.4881745271,4595864.89607651,16.38128997281374
drainage_1124_0,drainage,1124,0,88.0,train,621077.5155003956,4595849.178332522,16.23771848970008
drainage_1125_0,drainage,1125,0,88.0,train,621077.1909192275,4595833.075834106,16.413565491730616
drainage_1126_0,drainage,1126,0,90.0,val,622100.334437116,4595879.564613306,17.50947621901213
drainage_1127_0,drainage,1127,0,90.0,val,622119.2186534861,4595874.165724304,22.34042548317061
drainage_1128_0,drainage,1128,0,91.0,val,622140.4716702033,4595867.524171597,22.39136312585404
drainage_1129_0,drainage,1129,0,91.0,val,622159.67040276,4595856.612533482,22.6194373654461
drainage_1130_0,drainage,1130,0,91.0,val,622181.888976808,4595853.5,22.722259945089284
drainage_1131_0,drainage,1131,0,91.0,val,622203.2503705844,4595848.9586099405,22.50343131751253
drainage_1132_0,drainage,1132,0,91.0,val,622218.8791655939,4595833.53917053,22.589728496187853
drainage_1133_0,drainage,1133,0,91.0,val,622237.0893745472,4595823.47702702,21.95039866112884
drainage_1134_0,drainage,1134,0,91.0,val,622258.9278098774,4595824.875083681,22.479549788467377
drainage_1135_0,drainage,1135,0,91.0,val,622278.9739412151,4595834.30180039,22.290768363887253
drainage_1136_0,drainage,1136,0,88.0,train,621086.5,4595876.5,9.65685424949238
drainage_1137_0,drainage,1137,0,88.0,train,621109.0574685297,4595910.56661488,18.256015769339648
drainage_1138_0,drainage,1138,0,88.0,train,621098.4101268633,4595900.934895055,16.372097847152304
drainage_1139_0,drainage,1139,0,88.0,train,621089.3820194703,4595888.321202634,15.863010042846286
drainage_1140_0,drainage,1140,0,91.0,val,622326.6819471436,4595891.956436523,17.15519929169946
drainage_1141_0,drainage,1141,0,91.0,val,622319.2099171426,4595875.669332179,19.07512608316613
drainage_1142_0,drainage,1142,0,91.0,val,622306.7243515833,4595862.260926978,17.979791957266414
drainage_1143_0,drainage,1143,0,91.0,val,622296.2823397686,4595847.4088547705,18.915605231965245
drainage_1144_0,drainage,1144,0,91.0,val,622303.5,4595938.5,6.82842712474619
drainage_1145_0,drainage,1145,0,91.0,val,622312.7071067812,4595928.5,24.556349186104043
drainage_1146_0,drainage,1146,0,91.0,val,622322.9676343568,4595911.412090792,19.34977362498243
drainage_1147_0,drainage,1147,0,91.0,val,622319.5051350234,4595893.19557388,18.908115848121685
drainage_1148_0,drainage,1148,0,103.0,train,622450.9917359409,4596011.373691962,21.94894701582973
drainage_1149_0,drainage,1149,0,103.0,train,622431.6171410639,4596001.61408435,22.342268772131597
drainage_1150_0,drainage,1150,0,91.0,val,622411.890499044,4595993.705924088,21.374436478414115
drainage_1151_0,drainage,1151,0,91.0,val,622397.5799431384,4595978.435062189,22.026452147098432
drainage_1152_0,drainage,1152,0,91.0,val,622379.6978993942,4595966.120944343,22.050807135513047
drainage_1153_0,drainage,1153,0,91.0,val,622360.4144044342,4595956.033765027,21.839270778652043
drainage_1154_0,drainage,1154,0,91.0,val,622321.5,4595923.0,5.82842712474619
drainage_1155_0,drainage,1155,0,107.0,train,623796.7331950756,4596056.727951876,18.4421713361279
drainage_1156_0,drainage,1156,0,107.0,train,623779.4926600549,4596062.682671761,19.00566103670987
drainage_1157_0,drainage,1157,0,107.0,train,623761.577469534,4596060.969440093,18.9028311905598
drainage_1158_0,drainage,1158,0,107.0,train,623743.3384297144,4596061.25308554,18.73683628820534
drainage_1159_0,drainage,1159,0,107.0,train,623725.8021942468,4596058.5,19.26045337820605
drainage_1160_0,drainage,1160,0,107.0,train,623709.5875309469,4596065.051528492,16.70745919790563
drainage_1161_0,drainage,1161,0,107.0,train,623697.1058959687,4596073.5,17.67833268654527
drainage_1162_0,drainage,1162,0,107.0,train,623678.1721699872,4596072.5,21.829621348672728
drainage_1163_0,drainage,1163,0,107.0,train,623657.264556382,4596071.529502625,21.00848494277142
drainage_1164_0,drainage,1164,0,107.0,train,623637.2220326476,4596074.2934449725,20.7164710584088
drainage_1165_0,drainage,1165,0,106.0,val,623618.6285357237,4596074.075502384,20.90504950064201
drainage_1166_0,drainage,1166,0,106.0,val,623599.7459916108,4596072.745991611,18.85894038239088
drainage_1167_0,drainage,1167,0,91.0,val,622329.61658372,4595988.591523694,20.619351412488164
drainage_1168_0,drainage,1168,0,91.0,val,622335.8256143985,4595969.979940664,20.24427286524853
drainage_1169_0,drainage,1169,0,100.0,train,621124.5,4596009.5,8.0
drainage_1170_0,drainage,1170,0,88.0,train,621121.694093579,4595996.705361618,18.545807357663897
drainage_1171_0,drainage,1171,0,88.0,train,621115.4890056629,4595980.173609779,18.58607611942101
drainage_1172_0,drainage,1172,0,88.0,train,621109.5264779679,4595947.700158704,18.626950605559596
drainage_1173_0,drainage,1173,0,88.0,train,621109.5,4595934.085786438,8.82842712474619
drainage_1174_0,drainage,1174,0,88.0,train,621105.1424918536,4595925.137450852,11.71576340320552
drainage_1175_0,drainage,1175,0,88.0,train,621101.2319508664,4595914.159584596,11.856003679490764
drainage_1176_0,drainage,1176,0,88.0,train,621141.6399259118,4595967.5,21.84708549057307
drainage_1177_0,drainage,1177,0,88.0,train,621131.6984455086,4595953.140494589,20.945440759854623
drainage_1178_0,drainage,1178,0,103.0,train,622156.6464466094,4596045.64644661,2.414213562373095
drainage_1179_0,drainage,1179,0,103.0,train,622167.2714038665,4596049.048945563,20.897973456282458
drainage_1180_0,drainage,1180,0,103.0,train,622187.4562733955,4596053.5,21.38006343425123
drainage_1181_0,drainage,1181,0,103.0,train,622242.058534386,4596067.223618476,20.728227231954342
drainage_1182_0,drainage,1182,0,103.0,train,622260.6571365531,4596075.3645800045,20.71558554925955
drainage_1183_0,drainage,1183,0,103.0,train,622269.7404696456,4596060.51294112,18.14453000294824
drainage_1184_0,drainage,1184,0,103.0,train,622275.8861336813,4596044.176278918,17.87834273887598
drainage_1185_0,drainage,1185,0,103.0,train,622281.1361999233,4596027.777940858,17.934150827773212
drainage_1186_0,drainage,1186,0,103.0,train,622287.3840893713,4596008.639487937,22.568999341001437
drainage_1187_0,drainage,1187,0,91.0,val,622294.7935307047,4595987.7569830585,22.69014375756879
drainage_1188_0,drainage,1188,0,91.0,val,622304.8621504415,4595968.57873944,21.735401514398397
drainage_1189_0,drainage,1189,0,91.0,val,622309.5197209817,4595947.464283463,22.52952585373593
drainage_1190_0,drainage,1190,0,107.0,train,623835.8535533906,4596072.85355339,14.31370849898476
drainage_1191_0,drainage,1191,0,107.0,train,623826.208463671,4596065.502667365,15.250135520836764
drainage_1192_0,drainage,1192,0,107.0,train,623812.1124710417,4596060.119224698,15.152378651392944
drainage_1193_0,drainage,1193,0,103.0,train,622306.6517351493,4596088.936375316,19.814300102386763
drainage_1194_0,drainage,1194,0,103.0,train,622298.7753036479,4596070.194974324,21.891519371916853
drainage_1195_0,drainage,1195,0,103.0,train,622290.7737157802,4596050.826063685,20.809723102532715
drainage_1196_0,drainage,1196,0,103.0,train,622287.0985349983,4596030.150468059,22.74713125685368
drainage_1197_0,drainage,1197,0,106.0,val,623474.7732276398,4596277.050377462,20.560489912747094
drainage_1198_0,drainage,1198,0,106.0,val,623493.8273696,4596274.178309703,20.348945468220524
drainage_1199_0,drainage,1199,0,106.0,val,623500.9136880854,4596256.584381594,21.171176754783204
drainage_1200_0,drainage,1200,0,100.0,train,621130.3596662586,4596021.441920256,11.94261447166083
drainage_1201_0,drainage,1201,0,100.0,train,621129.0059223179,4596010.022673162,12.768428203354642
drainage_1202_0,drainage,1202,0,103.0,train,622300.5,4596140.5,13.65685424949238
drainage_1203_0,drainage,1203,0,103.0,train,622307.861402201,4596125.295777026,23.620785089227223
drainage_1204_0,drainage,1204,0,103.0,train,622317.0065363473,4596105.029618613,23.141342637127156
drainage_1205_0,drainage,1205,0,107.0,train,623954.1908505177,4596148.5,21.72478864276001
drainage_1206_0,drainage,1206,0,107.0,train,623933.243614647,4596145.243614647,21.95723621898717
drainage_1207_0,drainage,1207,0,107.0,train,623917.135946009,4596130.923700548,22.08600792704509
drainage_1208_0,drainage,1208,0,107.0,train,623900.1374561472,4596117.925466141,21.636333266248627
drainage_1209_0,drainage,1209,0,107.0,train,623889.6464466094,4596109.64644661,7.242640687119285
drainage_1210_0,drainage,1210,0,107.0,train,623881.8041856335,4596101.158656621,17.524769951087443
drainage_1211_0,drainage,1211,0,107.0,train,623868.2591001434,4596089.215303957,18.69582068069973
drainage_1212_0,drainage,1212,0,107.0,train,623855.286313294,4596077.532251154,17.7466231037574
drainage_1213_0,drainage,1213,0,107.0,train,623842.44944715,4596065.501836173,18.3967671720983
drainage_1214_0,drainage,1214,0,103.0,train,622244.5,4596188.244992461,21.712220593970905
drainage_1215_0,drainage,1215,0,103.0,train,622251.6785617768,4596170.538707266,19.731681008624022
drainage_1216_0,drainage,1216,0,103.0,train,622259.1039781516,4596153.319746149,19.03846885119633
drainage_1217_0,drainage,1217,0,103.0,train,622258.3520828586,4596135.828021715,21.32838796459749
drainage_1218_0,drainage,1218,0,103.0,train,622257.3823174632,4596116.631186898,20.67912857556004
drainage_1219_0,drainage,1219,0,103.0,train,622265.5899642799,4596097.462989722,21.425158143480274
drainage_1220_0,drainage,1220,0,103.0,train,622269.4481887887,4596079.011333046,19.739165566891977
drainage_1221_0,drainage,1221,0,106.0,val,623614.908286902,4596081.908286902,20.650670173311305
drainage_1222_0,drainage,1222,0,114.0,train,621938.1438391774,4596669.046274216,22.19294193460385
drainage_1223_0,drainage,1223,0,114.0,train,621950.5279710494,4596651.923084311,21.587426050684652
drainage_1224_0,drainage,1224,0,114.0,train,621986.5365519488,4596656.405217496,18.248044922106654
drainage_1225_0,drainage,1225,0,114.0,train,622000.6830582615,4596644.816941738,19.529773396624087
drainage_1226_0,drainage,1226,0,114.0,train,622011.4108426996,4596629.70662015,17.852438767667675
drainage_1227_0,drainage,1227,0,114.0,train,622014.9667452245,4596613.275972341,19.109909083806
drainage_1228_0,drainage,1228,0,114.0,train,622024.0319490404,4596596.1204232,20.401116544254883
drainage_1229_0,drainage,1229,0,114.0,train,622035.1181055842,4596558.588181711,21.39905731573208
drainage_1230_0,drainage,1230,0,114.0,train,622051.5324452347,4596547.030637066,19.6551531702303
drainage_1231_0,drainage,1231,0,114.0,train,622069.3322639496,4596544.448647721,20.86768706641278
drainage_1232_0,drainage,1232,0,114.0,train,622088.5810455831,4596541.418954417,20.56039572586733
drainage_1233_0,drainage,1233,0,114.0,train,622089.2959774149,4596510.075451122,19.363951689016154
drainage_1234_0,drainage,1234,0,114.0,train,622107.2036858201,4596507.368566074,19.22634256941866
drainage_1235_0,drainage,1235,0,114.0,train,622123.6976180751,4596497.537924739,20.024717841800875
drainage_1236_0,drainage,1236,0,115.0,val,622129.5,4596479.08778472,23.05259897770314
drainage_1237_0,drainage,1237,0,115.0,val,622128.3558546003,4596457.76045869,22.59242772232076
drainage_1238_0,drainage,1238,0,115.0,val,622148.4675734937,4596450.624190571,22.18488385525532
drainage_1239_0,drainage,1239,0,115.0,val,622163.295537203,4596440.641267514,21.35633472610202
drainage_1240_0,drainage,1240,0,115.0,val,622162.5779790297,4596420.647862665,22.253735326354
drainage_1241_0,drainage,1241,0,115.0,val,622160.5,4596410.0,3.0
drainage_1242_0,drainage,1242,0,115.0,val,622160.8813486887,4596398.958700523,19.43485005920001
drainage_1243_0,drainage,1243,0,115.0,val,622160.8372866906,4596380.837286691,19.982171811774727
drainage_1244_0,drainage,1244,0,103.0,train,622157.5,4596361.525366573,22.42956223301178
drainage_1245_0,drainage,1245,0,103.0,train,622162.1251605558,4596340.740511123,21.268844049137492
drainage_1246_0,drainage,1246,0,103.0,train,622179.7117525999,4596334.624045076,20.214366546872903
drainage_1247_0,drainage,1247,0,103.0,train,622188.4892779981,4596318.030013996,22.04763311537513
drainage_1248_0,drainage,1248,0,103.0,train,622188.9923818365,4596297.007618164,22.215336286669263
drainage_1249_0,drainage,1249,0,103.0,train,622207.860296989,4596290.342527854,20.479768906220432
drainage_1250_0,drainage,1250,0,103.0,train,622221.0797695403,4596275.17250469,21.30218027780232
drainage_1251_0,drainage,1251,0,103.0,train,622237.9014164478,4596267.876363999,15.95073072272976
drainage_1252_0,drainage,1252,0,103.0,train,622245.4440978161,4596255.307796624,16.50409555081623
drainage_1253_0,drainage,1253,0,103.0,train,622245.690141554,4596240.3805082245,15.801711618705644
drainage_1254_0,drainage,1254,0,103.0,train,622253.4191540149,4596224.493192783,20.942508136272146
drainage_1255_0,drainage,1255,0,103.0,train,622250.2233034932,4596205.223303493,22.995951328550674
drainage_1256_0,drainage,1256,0,106.0,val,623473.9251350164,4596298.925676705,20.81661739244144
drainage_1257_0,drainage,1257,0,103.0,train,622235.6253638216,4596291.957598267,20.205274863655973
drainage_1258_0,drainage,1258,0,103.0,train,622270.0092790887,4596242.665307797,16.68027208132128
drainage_1259_0,drainage,1259,0,103.0,train,622253.7287473289,4596241.415989493,16.78053343775617
drainage_1260_0,drainage,1260,0,115.0,val,622149.9831164497,4596409.996928484,21.360709488204044
drainage_1261_0,drainage,1261,0,106.0,val,623473.5777296406,4596333.809729862,17.88545652239408
drainage_1262_0,drainage,1262,0,115.0,val,622142.1124447252,4596389.440930913,15.51996422683321
drainage_1263_0,drainage,1263,0,115.0,val,622152.6651700356,4596379.2448526975,14.772320985347228
drainage_1264_0,drainage,1264,0,115.0,val,622209.2669358313,4596396.941274529,22.37842116805622
drainage_1265_0,drainage,1265,0,115.0,val,622190.5369279246,4596398.305687788,21.659394113484318
drainage_1266_0,drainage,1266,0,115.0,val,622166.5,4596410.121320344,14.899494936611667
drainage_1267_0,drainage,1267,0,119.0,train,623784.2011536056,4596453.713414231,22.74603872917945
drainage_1268_0,drainage,1268,0,119.0,train,623762.6245587083,4596457.914472315,22.46438433548507
drainage_1269_0,drainage,1269,0,119.0,train,623742.0445018215,4596465.847339933,22.22503874797233
drainage_1270_0,drainage,1270,0,119.0,train,623734.252827679,4596484.621829583,22.661196978647126
drainage_1271_0,drainage,1271,0,119.0,train,623688.8667593438,4596487.866886234,22.22056682563604
drainage_1272_0,drainage,1272,0,115.0,val,622184.3177175793,4596448.535123859,18.314269383853144
drainage_1273_0,drainage,1273,0,115.0,val,622177.5,4596434.780383944,18.685090541913507
drainage_1274_0,drainage,1274,0,115.0,val,622178.6372769203,4596419.199984381,17.959821257961888
drainage_1275_0,drainage,1275,0,119.0,train,623887.7726737732,4596503.034452006,21.80015181176379
drainage_1276_0,drainage,1276,0,119.0,train,623866.5700128287,4596497.965547994,21.80015181164738
drainage_1277_0,drainage,1277,0,119.0,train,623844.677700437,4596496.639994884,22.33990438139828
drainage_1278_0,drainage,1278,0,119.0,train,623734.388866183,4596494.035172771,21.71933899926445
drainage_1279_0,drainage,1279,0,126.0,train,621783.716990518,4596759.555383308,19.670670577898697
drainage_1280_0,drainage,1280,0,126.0,train,621799.2256113454,4596750.609079529,17.30044633066029
drainage_1281_0,drainage,1281,0,126.0,train,621816.7806389652,4596750.5,18.286629495298605
drainage_1282_0,drainage,1282,0,114.0,train,621833.0857864376,4596749.5,20.48528137423857
drainage_1283_0,drainage,1283,0,126.0,train,621844.6464466094,4596750.64644661,5.242640687119286
drainage_1284_0,drainage,1284,0,126.0,train,621856.7766949642,4596752.5,21.034998568185195
drainage_1285_0,drainage,1285,0,114.0,train,621870.4327509417,4596740.060770775,19.92171498685306
drainage_1286_0,drainage,1286,0,114.0,train,621884.5,4596729.598566023,20.47445064519534
drainage_1287_0,drainage,1287,0,114.0,train,621893.5498647402,4596718.06321145,20.52694819831953
drainage_1288_0,drainage,1288,0,114.0,train,621910.9528506696,4596711.008059686,18.806497648652368
drainage_1289_0,drainage,1289,0,114.0,train,621926.4678423215,4596700.532157678,19.737251155987764
drainage_1290_0,drainage,1290,0,114.0,train,621936.0287324326,4596683.779202404,19.80846966499104
drainage_1291_0,drainage,1291,0,114.0,train,621953.8136329969,4596676.199288649,20.93661239363002
drainage_1292_0,drainage,1292,0,114.0,train,621966.9781414849,4596667.852562181,12.175244112586071
drainage_1293_0,drainage,1293,0,114.0,train,621973.3973327071,4596660.131379462,11.03533640836176
drainage_1294_0,drainage,1294,0,115.0,val,622209.299508807,4596544.700491193,20.853623339486013
drainage_1295_0,drainage,1295,0,115.0,val,622181.6689890635,4596561.119256675,21.0106145568041
drainage_1296_0,drainage,1296,0,115.0,val,622174.0532588728,4596542.445860654,20.23452862771468
drainage_1297_0,drainage,1297,0,115.0,val,622166.7136581693,4596523.978456887,20.797411548637605
drainage_1298_0,drainage,1298,0,115.0,val,622149.8064355435,4596512.945551416,20.945901386320585
drainage_1299_0,drainage,1299,0,115.0,val,622134.7958609716,4596499.319361746,20.289120646487124
drainage_1300_0,drainage,1300,0,115.0,val,622192.5,4596566.5,4.82842712474619
drainage_1301_0,drainage,1301,0,114.0,train,622041.9212858495,4596603.967049608,22.51412410492762
drainage_1302_0,drainage,1302,0,114.0,train,622057.227980943,4596591.073879351,21.627249946587384
drainage_1303_0,drainage,1303,0,114.0,train,622060.5,4596569.998052939,22.31673716909107
drainage_1304_0,drainage,1304,0,114.0,train,622072.4180518171,4596552.769342398,21.25168674853361
drainage_1305_0,drainage,1305,0,114.0,train,621995.4919540375,4596620.968462733,20.768614660659484
drainage_1306_0,drainage,1306,0,114.0,train,622009.3247657699,4596605.611930045,21.03302267676792
drainage_1307_0,drainage,1307,0,119.0,train,623644.7071067812,4596645.707106781,23.556349186104047
drainage_1308_0,drainage,1308,0,119.0,train,623661.0031782666,4596649.996821733,22.13375528021408
drainage_1309_0,drainage,1309,0,119.0,train,623640.5,4596653.0,12.65685424949238
drainage_1310_0,drainage,1310,0,119.0,train,623648.5,4596653.5,7.656854249492381
drainage_1311_0,drainage,1311,0,118.0,test,623559.8714032038,4596683.877470231,19.18831710821499
drainage_1312_0,drainage,1312,0,118.0,test,623577.3223382859,4596680.843536071,19.07223383481273
drainage_1313_0,drainage,1313,0,118.0,test,623594.8216685966,4596674.702342986,19.45818187941316
drainage_1314_0,drainage,1314,0,119.0,train,623638.514979182,4596660.223000978,19.686088602078865
drainage_1315_0,drainage,1315,0,115.0,val,622249.5806944495,4596670.606856073,18.632192707195955
drainage_1316_0,drainage,1316,0,115.0,val,622250.4224395978,4596652.536958013,18.58239691317481
drainage_1317_0,drainage,1317,0,115.0,val,622235.0306852488,4596644.075079686,17.942548321988465
drainage_1318_0,drainage,1318,0,115.0,val,622233.6837293521,4596629.358889769,18.31331884333405
drainage_1319_0,drainage,1319,0,115.0,val,622228.7436625803,4596611.735337042,18.975895783136227
drainage_1320_0,drainage,1320,0,115.0,val,622201.560037535,4596593.5135634495,17.385104979878037
drainage_1321_0,drainage,1321,0,115.0,val,622196.5,4596576.947554973,17.98958318490627
drainage_1322_0,drainage,1322,0,114.0,train,621963.8954420253,4596691.8349867575,15.233090623663273
drainage_1323_0,drainage,1323,0,114.0,train,621959.5,4596677.529720268,15.209874649278571
drainage_1324_0,drainage,1324,0,115.0,val,622205.2053653273,4596651.493509014,21.596529726976875
drainage_1325_0,drainage,1325,0,125.0,train,621666.2251570363,4596831.211714813,21.897323682374488
drainage_1326_0,drainage,1326,0,125.0,train,621685.3858201834,4596824.5326160025,20.986743092338337
drainage_1327_0,drainage,1327,0,125.0,train,621696.204787853,4596811.815193553,20.10674293704877
drainage_1328_0,drainage,1328,0,125.0,train,621716.126996593,4596809.977787671,21.783437078857897
drainage_1329_0,drainage,1329,0,125.0,train,621736.4995160163,4596805.036910024,21.27890676437993
drainage_1330_0,drainage,1330,0,126.0,train,621754.7610184242,4596794.189765673,23.64962738443701
drainage_1331_0,drainage,1331,0,126.0,train,621772.0921239317,4596777.907876068,23.99490091768052
drainage_1332_0,drainage,1332,0,126.0,train,621786.7071067812,4596762.292893219,19.556349186104047
drainage_1333_0,drainage,1333,0,115.0,val,622257.0142647331,4596732.349210357,21.39398350841618
drainage_1334_0,drainage,1334,0,115.0,val,622238.7976773569,4596722.635043391,20.91850566283245
drainage_1335_0,drainage,1335,0,115.0,val,622230.5,4596704.79456847,22.034245928645305
drainage_1336_0,drainage,1336,0,115.0,val,622229.932358785,4596684.833581984,21.53713097477566
drainage_1337_0,drainage,1337,0,115.0,val,622226.2562253213,4596665.040186217,21.48866250542538
drainage_1338_0,drainage,1338,0,115.0,val,622230.1091262158,4596646.469969828,20.31080203775305
drainage_1339_0,drainage,1339,0,,unused,621790.0,4596750.0,10.242640687119286
drainage_1340_0,drainage,1340,0,118.0,test,623530.2183295002,4596745.278375938,22.48268636196821
drainage_1341_0,drainage,1341,0,118.0,test,623550.8161055167,4596745.012074131,21.076787378745387
drainage_1342_0,drainage,1342,0,131.0,train,623843.7022528801,4596838.067524483,21.742604938510706
drainage_1343_0,drainage,1343,0,131.0,train,623828.1104158756,4596852.889584125,21.31511374160768
drainage_1344_0,drainage,1344,0,131.0,train,623811.3923065511,4596852.513811594,19.05546623343401
drainage_1345_0,drainage,1345,0,131.0,train,623792.8357885808,4596848.001204965,19.57075194846536
drainage_1346_0,drainage,1346,0,131.0,train,623773.352245052,4596848.5,19.798453620994444
drainage_1347_0,drainage,1347,0,131.0,train,623755.4671906928,4596855.2469513975,19.27235618427112
drainage_1348_0,drainage,1348,0,131.0,train,623738.4643962021,4596863.5,19.456821671049045
drainage_1349_0,drainage,1349,0,131.0,train,623721.8964466094,4596871.603553391,18.73282448115105
drainage_1350_0,drainage,1350,0,131.0,train,623820.5,4596858.5,2.8284271247461903
drainage_1351_0,drainage,1351,0,114.0,train,621940.9592737865,4596733.621366463,22.26026241710013
drainage_1352_0,drainage,1352,0,114.0,train,621926.4350667624,4596716.435066762,22.92139340900108
drainage_1353_0,drainage,1353,0,130.0,train,623551.8984813428,4596811.891828589,19.866650671831625
drainage_1354_0,drainage,1354,0,130.0,train,623571.1830002249,4596807.5,20.23170059158972
drainage_1355_0,drainage,1355,0,127.0,test,622268.7576535785,4596836.757653578,12.71959379140782
drainage_1356_0,drainage,1356,0,127.0,test,622257.5235969225,4596831.596734641,12.433033084194172
drainage_1357_0,drainage,1357,0,127.0,test,622249.282648698,4596821.278882084,19.52032703402997
drainage_1358_0,drainage,1358,0,127.0,test,622246.5,4596803.1029100325,19.673979003712223
drainage_1359_0,drainage,1359,0,127.0,test,622251.0033179827,4596784.524465991,20.241497232298517
drainage_1360_0,drainage,1360,0,127.0,test,622264.4465360232,4596771.10463984,19.544572542524367
drainage_1361_0,drainage,1361,0,127.0,test,622268.4792959675,4596757.526018809,13.222367951707549
drainage_1362_0,drainage,1362,0,115.0,val,622259.2565177551,4596748.918438326,13.069949697890172
drainage_1363_0,drainage,1363,0,125.0,train,621648.0251262658,4596843.974873734,23.14213562373095
drainage_1364_0,drainage,1364,0,125.0,train,621656.0,4596835.0,1.4142135623730951
drainage_1365_0,drainage,1365,0,126.0,train,621843.5,4596759.36732977,20.1143863821737
drainage_1366_0,drainage,1366,0,125.0,train,621675.1845429402,4596853.881240196,20.85070104500784
drainage_1367_0,drainage,1367,0,127.0,test,622314.2318810304,4596789.923536346,22.860129885485
drainage_1368_0,drainage,1368,0,127.0,test,622295.8063672853,4596777.806367286,22.57815508725157
drainage_1369_0,drainage,1369,0,127.0,test,622279.038907353,4596766.607840188,22.943682996955573
drainage_1370_0,drainage,1370,0,126.0,train,621805.8275734056,4596815.302847301,21.40962129971613
drainage_1371_0,drainage,1371,0,126.0,train,621799.0622581166,4596795.704770114,21.89194030887126
drainage_1372_0,drainage,1372,0,126.0,train,621787.604701755,4596777.604701755,21.643957230300984
drainage_1373_0,drainage,1373,0,125.0,train,621558.2940377718,4596885.5,23.80712309328289
drainage_1374_0,drainage,1374,0,125.0,train,621580.5478140573,4596891.547814057,23.262337716378905
drainage_1375_0,drainage,1375,0,125.0,train,621601.5701712782,4596894.172947519,21.93010693529802
drainage_1376_0,drainage,1376,0,125.0,train,621615.2310677309,4596894.504915705,11.36528291433499
drainage_1377_0,drainage,1377,0,125.0,train,621621.2180631256,4596884.277503628,12.608828066451514
drainage_1378_0,drainage,1378,0,125.0,train,621633.3612835896,4596875.961417288,18.352545346461618
drainage_1379_0,drainage,1379,0,125.0,train,621648.3428691118,4596868.818747537,19.307651664243863
drainage_1380_0,drainage,1380,0,125.0,train,621649.5,4596857.0,5.0
drainage_1381_0,drainage,1381,0,131.0,train,623934.5297394169,4596900.034367705,22.79085933035528
drainage_1382_0,drainage,1382,0,131.0,train,623914.31009577,4596893.39378686,21.90161053150129
drainage_1383_0,drainage,1383,0,131.0,train,623892.3736438139,4596890.5102372905,23.232681553567403
drainage_1384_0,drainage,1384,0,131.0,train,623869.1682111328,4596889.000251336,23.509683916192493
drainage_1385_0,drainage,1385,0,131.0,train,623849.9939382068,4596876.302289147,23.311187681990283
drainage_1386_0,drainage,1386,0,131.0,train,623828.7922583255,4596868.312241577,23.28045681891443
drainage_1387_0,drainage,1387,0,127.0,test,622252.1820604213,4596862.709044548,21.812369659802155
drainage_1388_0,drainage,1388,0,127.0,test,622248.9788176515,4596841.967668852,23.55631985743323
drainage_1389_0,drainage,1389,0,127.0,test,622250.4430924957,4596928.2629288845,21.276415012264493
drainage_1390_0,drainage,1390,0,127.0,test,622249.9543179667,4596907.43458637,21.00121747291901
drainage_1391_0,drainage,1391,0,127.0,test,622248.5,4596891.610601354,12.801673634819348
drainage_1392_0,drainage,1392,0,127.0,test,622253.0354327216,4596879.873589948,12.859677508570512
drainage_1393_0,drainage,1393,0,125.0,train,621573.9267766951,4596937.573223305,20.976182069191587
drainage_1394_0,drainage,1394,0,125.0,train,621585.6713887202,4596921.432828122,19.75772929385448
drainage_1395_0,drainage,1395,0,125.0,train,621599.2928932188,4596917.707106781,11.071067811865476
drainage_1396_0,drainage,1396,0,125.0,train,621606.7928932188,4596906.207106781,20.48528137423857
drainage_1397_0,drainage,1397,0,125.0,train,621672.0481925153,4596958.54062026,21.20006696716037
drainage_1398_0,drainage,1398,0,125.0,train,621663.4559221035,4596939.285003223,21.36103939032655
drainage_1399_0,drainage,1399,0,125.0,train,621655.2390897269,4596920.727619955,20.70601864612726
drainage_1400_0,drainage,1400,0,125.0,train,621641.0172551072,4596906.017255107,20.992590013308167
drainage_1401_0,drainage,1401,0,125.0,train,621674.5497331346,4596869.04192738,21.07938860986212
drainage_1402_0,drainage,1402,0,125.0,train,621659.4397431989,4596857.074279092,20.462904660312823
drainage_1403_0,drainage,1403,0,127.0,test,622260.2071067812,4596988.5,3.414213562373095
drainage_1404_0,drainage,1404,0,127.0,test,622263.2928932188,4596981.707106781,12.17602407058662
drainage_1405_0,drainage,1405,0,127.0,test,622266.7220294905,4596970.425726204,11.45781833879304
drainage_1406_0,drainage,1406,0,127.0,test,622275.5,4596957.3098970745,22.525659414608054
drainage_1407_0,drainage,1407,0,127.0,test,622271.1610743987,4596936.12007111,21.77127709889442
drainage_1408_0,drainage,1408,0,127.0,test,622265.5,4596915.29792151,22.34471719972512
drainage_1409_0,drainage,1409,0,127.0,test,622259.9801786713,4596896.625039778,21.373680720494857
drainage_1410_0,drainage,1410,0,125.0,train,621673.2296291051,4597000.229629105,22.80695293305669
drainage_1411_0,drainage,1411,0,125.0,train,621661.7534747904,4596982.384104697,21.68410642044905
drainage_1412_0,drainage,1412,0,125.0,train,621616.5516270398,4596944.095643579,21.487089391489626
drainage_1413_0,drainage,1413,0,125.0,train,621610.9431817166,4596922.961019033,22.725197980937395
drainage_1414_0,drainage,1414,0,125.0,train,621593.8467354778,4597012.96018445,11.427275519731475
drainage_1415_0,drainage,1415,0,125.0,train,621596.2417587673,4597001.950401545,11.199521895149465
drainage_1416_0,drainage,1416,0,125.0,train,621592.0342295859,4596987.00264497,22.263579788303225
drainage_1417_0,drainage,1417,0,125.0,train,621583.0256841417,4596968.176644377,22.55844633837271
drainage_1418_0,drainage,1418,0,125.0,train,621576.0737250029,4596947.413409766,22.638805806507744
drainage_1419_0,drainage,1419,0,125.0,train,621589.4996414235,4596929.606468145,22.552561036713197
drainage_1420_0,drainage,1420,0,127.0,test,622264.3535533906,4597029.64644661,16.071067811865476
drainage_1421_0,drainage,1421,0,127.0,test,622266.5,4597018.707106781,9.242640687119286
drainage_1422_0,drainage,1422,0,127.0,test,622270.5,4597007.301282118,15.893115002364018
drainage_1423_0,drainage,1423,0,127.0,test,622266.8543732852,4596992.86726026,15.163407917686223
drainage_1424_0,drainage,1424,0,127.0,test,622243.9072464188,4597082.617532294,21.124112124409454
drainage_1425_0,drainage,1425,0,127.0,test,622256.8680146951,4597066.610239423,20.954529846041623
drainage_1426_0,drainage,1426,0,127.0,test,622272.3045812969,4597053.552341526,21.94486224530217
drainage_1427_0,drainage,1427,0,127.0,test,622267.0622865838,4597033.129717989,21.393061132896683
drainage_1428_0,drainage,1428,0,131.0,train,623633.1421842773,4597121.984172264,12.704532130522924
drainage_1429_0,drainage,1429,0,131.0,train,623644.4533514782,4597123.9876414165,12.466122495237146
drainage_1430_0,drainage,1430,0,142.0,train,623449.2580523035,4597348.484641817,18.11278276233021
drainage_1431_0,drainage,1431,0,142.0,train,623466.3946394657,4597350.482394294,18.174048312436224
drainage_1432_0,drainage,1432,0,139.0,train,622248.3967474047,4597143.028839007,17.95828221771073
drainage_1433_0,drainage,1433,0,139.0,train,622249.9619599597,4597125.347637376,19.307805731473625
drainage_1434_0,drainage,1434,0,127.0,test,622246.6899127073,4597110.445752546,19.22466857312471
drainage_1435_0,drainage,1435,0,127.0,test,622244.0,4597097.0,10.242640687119286
drainage_1436_0,drainage,1436,0,127.0,test,622285.5505956907,4597105.074007772,20.081584077570877
drainage_1437_0,drainage,1437,0,127.0,test,622266.7592477029,4597100.847694252,19.726609156146807
drainage_1438_0,drainage,1438,0,127.0,test,622252.2981400323,4597108.298140032,19.483587066478755
drainage_1439_0,drainage,1439,0,143.0,test,623639.6654518612,4597183.174966945,19.610822296159817
drainage_1440_0,drainage,1440,0,143.0,test,623647.5,4597167.982161417,18.51055014202225
drainage_1441_0,drainage,1441,0,143.0,test,623642.8918629296,4597150.608524033,18.77937351464662
drainage_1442_0,drainage,1442,0,143.0,test,623643.6464466094,4597134.35355339,16.071067811865476
drainage_1443_0,drainage,1443,0,125.0,train,621474.8670426883,4597122.112136436,18.254028789433328
drainage_1444_0,drainage,1444,0,125.0,train,621480.1718446165,4597104.833050346,18.20980071863577
drainage_1445_0,drainage,1445,0,125.0,train,621490.8949254014,4597090.105074598,18.69149175185717
drainage_1446_0,drainage,1446,0,125.0,train,621508.1239585987,4597085.017854066,18.80329808408517
drainage_1447_0,drainage,1447,0,125.0,train,621519.6543382745,4597076.364972147,19.56702001948109
drainage_1448_0,drainage,1448,0,125.0,train,621517.0106320364,4597057.050218063,20.247324614170367
drainage_1449_0,drainage,1449,0,125.0,train,621506.5,4597040.908774082,20.86558862537543
drainage_1450_0,drainage,1450,0,125.0,train,621509.599433242,4597020.8502602,19.930676514699364
drainage_1451_0,drainage,1451,0,125.0,train,621514.6053267212,4597003.091118847,19.51577615156254
drainage_1452_0,drainage,1452,0,125.0,train,621523.9849965726,4596985.530034062,20.46927625182312
drainage_1453_0,drainage,1453,0,125.0,train,621535.6141277269,4596969.354115095,20.26213432748157
drainage_1454_0,drainage,1454,0,125.0,train,621550.4705986493,4596960.501072139,15.410217872960873
drainage_1455_0,drainage,1455,0,125.0,train,621560.1150213584,4596949.009983125,15.634308432985888
drainage_1456_0,drainage,1456,0,143.0,test,623720.4629050423,4597148.003590283,22.051061438275347
drainage_1457_0,drainage,1457,0,137.0,train,621399.434725237,4597234.233399479,20.69609821610625
drainage_1458_0,drainage,1458,0,137.0,train,621417.0781679164,4597225.609470942,20.821800769096026
drainage_1459_0,drainage,1459,0,137.0,train,621435.3384669597,4597191.103677508,20.72838213559725
drainage_1460_0,drainage,1460,0,137.0,train,621440.952150537,4597172.047849462,20.857273865576893
drainage_1461_0,drainage,1461,0,137.0,train,621450.8041965166,4597154.195803484,20.662960616200262
drainage_1462_0,drainage,1462,0,137.0,train,621464.2081157753,4597137.791884225,21.85031945074353
drainage_1463_0,drainage,1463,0,143.0,test,623629.5,4597186.5,2.8284271247461903
drainage_1464_0,drainage,1464,0,125.0,train,621571.3894478381,4597035.107595396,22.796032324901145
drainage_1465_0,drainage,1465,0,125.0,train,621561.6501653662,4597014.821183157,22.83704230988242
drainage_1466_0,drainage,1466,0,125.0,train,621557.1559202806,4596993.449297676,22.31474663753789
drainage_1467_0,drainage,1467,0,139.0,train,622256.9393398282,4597186.939339829,18.899494936611667
drainage_1468_0,drainage,1468,0,139.0,train,622256.5,4597168.292893219,22.07106781186548
drainage_1469_0,drainage,1469,0,139.0,train,622254.5,4597154.5,10.48528137423857
drainage_1470_0,drainage,1470,0,125.0,train,621649.7102976991,4597054.674491198,22.798601239811717
drainage_1471_0,drainage,1471,0,125.0,train,621632.6906177971,4597040.208219242,22.439566345681712
drainage_1472_0,drainage,1472,0,125.0,train,621621.8423332153,4597020.842333215,22.865936473725256
drainage_1473_0,drainage,1473,0,125.0,train,621605.3456877489,4597004.871604563,23.211239763854
drainage_1474_0,drainage,1474,0,125.0,train,621541.4317743533,4597066.493073924,21.591318833638496
drainage_1475_0,drainage,1475,0,125.0,train,621556.7917441187,4597052.948300269,21.06245799503053
drainage_1476_0,drainage,1476,0,125.0,train,621561.8530714836,4597033.672155264,21.623345144312832
drainage_1477_0,drainage,1477,0,137.0,train,621393.2258988032,4597250.774101197,16.195287488604613
drainage_1478_0,drainage,1478,0,137.0,train,621403.5428932188,4597238.457106781,16.84924240493327
drainage_1479_0,drainage,1479,0,143.0,test,623815.721239793,4597255.43657888,22.50717252587729
drainage_1480_0,drainage,1480,0,143.0,test,623794.2785511765,4597259.016771117,21.94350967474471
drainage_1481_0,drainage,1481,0,136.0,train,621371.5,4597289.792893219,5.414213562373095
drainage_1482_0,drainage,1482,0,136.0,train,621374.4581931669,4597278.820510474,17.852040673180653
drainage_1483_0,drainage,1483,0,137.0,train,621381.2584232909,4597262.741576709,18.49362966672543
drainage_1484_0,drainage,1484,0,136.0,train,621372.5,4597293.792893219,3.414213562373095
drainage_1485_0,drainage,1485,0,139.0,train,622287.7284201294,4597277.28013286,20.799190154551347
drainage_1486_0,drainage,1486,0,139.0,train,622277.5,4597270.14644661,12.707106781192124
drainage_1487_0,drainage,1487,0,139.0,train,622272.706672458,4597259.258262391,13.263118423211694
drainage_1488_0,drainage,1488,0,139.0,train,622269.5,4597243.368240789,20.51616260980412
drainage_1489_0,drainage,1489,0,139.0,train,622267.8824991849,4597224.001599566,18.884523378995745
drainage_1490_0,drainage,1490,0,139.0,train,622279.0160969157,4597209.580634316,19.883231991490163
drainage_1491_0,drainage,1491,0,139.0,train,622268.6027354761,4597196.602735477,20.372832035735406
drainage_1492_0,drainage,1492,0,143.0,test,623843.5140932802,4597319.4280581325,12.723729710736482
drainage_1493_0,drainage,1493,0,143.0,test,623833.4045912358,4597325.086683325,12.72519601126182
drainage_1494_0,drainage,1494,0,143.0,test,623821.911560549,4597319.531760653,18.367470916620046
drainage_1495_0,drainage,1495,0,143.0,test,623808.2173150249,4597306.68656969,19.27315378037238
drainage_1496_0,drainage,1496,0,143.0,test,623854.116193703,4597332.5,14.767612594021266
drainage_1497_0,drainage,1497,0,143.0,test,623839.7711537578,4597332.503573408,14.510377734079269
drainage_1498_0,drainage,1498,0,143.0,test,623828.8535533906,4597331.85355339,13.485281374238571
drainage_1499_0,drainage,1499,0,143.0,test,623902.0,4597352.5,11.485281374238571
drainage_1500_0,drainage,1500,0,143.0,test,623888.7655296986,4597357.558078536,17.954897090740936
drainage_1501_0,drainage,1501,0,143.0,test,623872.396885083,4597363.515677648,17.662930393157538
drainage_1502_0,drainage,1502,0,143.0,test,623856.186373782,4597359.184136187,17.714319516906002
drainage_1503_0,drainage,1503,0,143.0,test,623843.11168004,4597348.09764,17.82611258014197
drainage_1504_0,drainage,1504,0,143.0,test,623834.5,4597339.5,8.82842712474619
drainage_1505_0,drainage,1505,0,139.0,train,622285.0606601718,4597361.939339829,18.899494936611667
drainage_1506_0,drainage,1506,0,139.0,train,622291.5,4597354.5,8.82842712474619
drainage_1507_0,drainage,1507,0,139.0,train,622286.6021847831,4597341.462511536,19.84461782477247
drainage_1508_0,drainage,1508,0,139.0,train,622279.8328957206,4597325.033751496,19.561967179930484
drainage_1509_0,drainage,1509,0,139.0,train,622278.0423893122,4597305.625499121,20.047562776206213
drainage_1510_0,drainage,1510,0,139.0,train,622278.0629214944,4597286.398341205,20.01912387612688
drainage_1511_0,drainage,1511,0,137.0,train,621383.680458547,4597364.319541453,23.400852731722207
drainage_1512_0,drainage,1512,0,137.0,train,621401.7693133961,4597352.336392011,21.75703462819769
drainage_1513_0,drainage,1513,0,137.0,train,621412.4320294233,4597334.29634461,22.684909454931063
drainage_1514_0,drainage,1514,0,137.0,train,621376.357450119,4597402.930403139,19.646318152247822
drainage_1515_0,drainage,1515,0,137.0,train,621377.707342412,4597383.223510056,20.28248774272585
drainage_1516_0,drainage,1516,0,139.0,train,622315.6350196557,4597417.5,22.933051115060923
drainage_1517_0,drainage,1517,0,139.0,train,622310.0388415208,4597400.424279821,18.277119821406615
drainage_1518_0,drainage,1518,0,139.0,train,622304.1074466844,4597383.6011212105,17.601320108544485
drainage_1519_0,drainage,1519,0,139.0,train,622297.669144839,4597366.551945934,19.176007856301
drainage_1520_0,drainage,1520,0,139.0,train,622301.8457159619,4597452.760428977,17.657284885771137
drainage_1521_0,drainage,1521,0,139.0,train,622304.7232567889,4597435.571582794,17.71437526869252
drainage_1522_0,drainage,1522,0,139.0,train,622305.9779506057,4597417.7628997965,18.979060563246733
drainage_1523_0,drainage,1523,0,76.0,train,621257.8445102521,4595436.038271509,38.460450639865286
drainage_1524_0,drainage,1524,0,76.0,train,621105.7848550655,4595350.5380605385,69.53825108657772
drainage_1525_0,drainage,1525,0,76.0,train,621074.8274546707,4595338.950171748,3.226485573204953
drainage_1526_0,drainage,1526,0,75.0,train,620979.0387564605,4595271.265706213,37.25706853748457
drainage_1527_0,drainage,1527,0,75.0,train,620968.617297336,4595258.813427781,57.49602847718654
drainage_1528_0,drainage,1528,0,75.0,train,620999.7544759614,4595287.424899196,51.700546115791575
drainage_1529_0,drainage,1529,0,63.0,test,620889.4241108665,4595122.555117095,49.34249893933232
drainage_1530_0,drainage,1530,0,76.0,train,621229.6052184349,4595365.907661825,29.00814235668911
drainage_1531_0,drainage,1531,0,75.0,train,620999.8165554118,4595303.373758808,37.21932729001962
drainage_1532_0,drainage,1532,0,76.0,train,621017.832255851,4595307.118952863,47.24858251762383
drainage_1533_0,drainage,1533,0,76.0,train,621036.0403903347,4595325.092635531,20.12233261597427
drainage_1534_0,drainage,1534,0,76.0,train,621016.0331247441,4595308.367145472,11.284829122664314
drainage_1535_0,drainage,1535,0,63.0,test,620899.1927497976,4595150.22834384,11.977605514350412
drainage_1536_0,drainage,1536,0,64.0,train,621043.1795252962,4595064.224440073,45.804149202472914
drainage_1537_0,drainage,1537,0,64.0,train,621095.9900580249,4595083.384584031,25.93154618193043
drainage_1538_0,drainage,1538,0,75.0,train,620998.1026978793,4595365.280360152,46.23445897930606
drainage_1539_0,drainage,1539,0,76.0,train,621010.4907387514,4595377.088988962,13.065201486398768
drainage_1540_0,drainage,1540,0,76.0,train,621001.6329300492,4595367.582772025,1.8710584278929432
drainage_1541_0,drainage,1541,0,75.0,train,620980.638760119,4595367.397156729,16.029534785294842
drainage_1542_0,drainage,1542,0,75.0,train,620870.6022054569,4595458.013494998,107.93147491118904
drainage_1543_0,drainage,1543,0,75.0,train,620855.8100731837,4595449.637714079,37.17604549747511
drainage_1544_0,drainage,1544,0,75.0,train,620836.0377604804,4595464.157757156,16.589294577325973
drainage_1545_0,drainage,1545,0,75.0,train,620883.7860418641,4595510.91499659,147.25249516737296
drainage_1546_0,drainage,1546,0,75.0,train,620824.665243403,4595499.794549045,27.209973602555284
drainage_1547_0,drainage,1547,0,75.0,train,620825.6855773829,4595509.830485047,37.55667845744791
drainage_1548_0,drainage,1548,0,87.0,train,620903.0878077481,4595682.628495744,32.43767529113765
drainage_1549_0,drainage,1549,0,87.0,train,620837.3015699917,4595705.615967222,34.728560673025584
drainage_1550_0,drainage,1550,0,87.0,train,620945.7794990463,4595803.90999057,23.56155443250641
drainage_1551_0,drainage,1551,0,87.0,train,620952.6532151849,4595821.772041692,36.00747738521205
drainage_1552_0,drainage,1552,0,76.0,train,621270.9852786458,4595320.8051303895,94.22098412095646
drainage_1553_0,drainage,1553,0,76.0,train,621295.5721206595,4595310.719499114,66.04233761198971
drainage_1554_0,drainage,1554,0,52.0,val,621233.5534530506,4594871.303949554,94.6562892341244
drainage_1555_0,drainage,1555,0,52.0,val,621221.7853586779,4594849.405101265,38.77018847267906
drainage_1556_0,drainage,1556,0,76.0,train,621248.2497349255,4595322.398116757,59.39110798844655
drainage_1557_0,drainage,1557,0,76.0,train,621063.4585750307,4595295.851276447,35.0158791494703
drainage_1558_0,drainage,1558,0,52.0,val,621256.3610364202,4594859.29002416,84.86901217635459
drainage_1559_0,drainage,1559,0,52.0,val,621295.7086642924,4594856.806530629,50.27494524844766
drainage_1560_0,drainage,1560,0,65.0,train,621464.3765601665,4595070.892721053,130.3710257250288
drainage_1561_0,drainage,1561,0,65.0,train,621498.542094383,4595099.067865548,51.26227017283017
drainage_1562_0,drainage,1562,0,53.0,train,621608.2590641464,4594549.848963214,90.10628274820998
drainage_1563_0,drainage,1563,0,79.0,train,622250.028351092,4595484.069470687,53.51805799923354
drainage_1564_0,drainage,1564,0,90.0,val,622028.629868844,4595634.631673711,63.03136049156513
drainage_1565_0,drainage,1565,0,78.0,train,622033.2009814101,4595623.739007024,38.33135411069108
drainage_1566_0,drainage,1566,0,92.0,test,622507.7576668891,4595813.02291087,19.821332978977487
drainage_1567_0,drainage,1567,0,92.0,test,622512.9869076222,4595807.396851631,26.652592141584837
drainage_1568_0,drainage,1568,0,91.0,val,622499.1676172862,4595825.57399436,42.32816447565224
drainage_1569_0,drainage,1569,0,91.0,val,622263.80867953,4595954.051850211,89.82872722088206
drainage_1570_0,drainage,1570,0,91.0,val,622249.0435101348,4595938.997582333,64.97513489185025
drainage_1571_0,drainage,1571,0,103.0,train,622134.379590135,4596049.007263406,45.19035634282172
drainage_1572_0,drainage,1572,0,103.0,train,622146.5763735196,4596038.596098247,23.837511204704832
drainage_1573_0,drainage,1573,0,103.0,train,622133.6864648208,4596071.362909708,35.9703339139264
drainage_1574_0,drainage,1574,0,103.0,train,622174.6565854264,4596080.763640376,19.466733438073387
drainage_1575_0,drainage,1575,0,103.0,train,622143.2795870418,4596336.616733479,38.72700793094835
drainage_1576_0,drainage,1576,0,79.0,train,622436.2007698556,4595612.809274263,118.44568248757643
drainage_1577_0,drainage,1577,0,79.0,train,622488.2599130118,4595554.790028854,66.8926095204634
drainage_1578_0,drainage,1578,0,79.0,train,622493.4745678513,4595524.30638423,112.184988778554
drainage_1579_0,drainage,1579,0,80.0,train,622509.3793734415,4595519.831259052,85.1287089538362
drainage_1580_0,drainage,1580,0,80.0,train,622595.8441196276,4595365.296978715,72.13881180956858
drainage_1581_0,drainage,1581,0,80.0,train,622563.2465019227,4595518.551067231,13.682858242038584
drainage_1582_0,drainage,1582,0,68.0,train,622535.7854581773,4595246.175208164,8.15941569432951
drainage_1583_0,drainage,1583,0,68.0,train,622558.8035050518,4595139.350524079,60.879068541371566
drainage_1584_0,drainage,1584,0,44.0,train,622583.8463600508,4594410.319334198,22.87151404105669
drainage_1585_0,drainage,1585,0,44.0,train,622807.5078649258,4594199.048789527,179.40118215652384
drainage_1586_0,drainage,1586,0,44.0,train,622782.3542265286,4594178.764911992,156.9156474503756
drainage_1587_0,drainage,1587,0,32.0,train,622771.6886580953,4594118.358011286,25.388828695480523
drainage_1588_0,drainage,1588,0,32.0,train,622713.7051593312,4594119.239134152,101.05273104371032
drainage_1589_0,drainage,1589,0,115.0,val,622367.583755807,4596411.552718193,311.6001577785641
drainage_1590_0,drainage,1590,0,115.0,val,622477.2618949036,4596426.440251999,75.3045789415792
drainage_1591_0,drainage,1591,0,115.0,val,622161.7471626629,4596628.824421456,36.74467443264252
drainage_1592_0,drainage,1592,0,115.0,val,622193.062499648,4596600.533242455,22.722193112882596
drainage_1593_0,drainage,1593,0,115.0,val,622207.2986629247,4596583.233871861,25.02693819933352
drainage_1594_0,drainage,1594,0,114.0,train,622034.739213177,4596628.875191396,33.73149418903511
drainage_1595_0,drainage,1595,0,114.0,train,622043.8306754255,4596627.783302066,36.032689766441095
drainage_1596_0,drainage,1596,0,114.0,train,622055.7106693012,4596622.645327247,42.64048365695739
drainage_1597_0,drainage,1597,0,114.0,train,621931.9414446838,4596529.686612503,61.88312034186563
drainage_1598_0,drainage,1598,0,114.0,train,621992.7505118141,4596557.796958629,27.065312169610426
drainage_1599_0,drainage,1599,0,114.0,train,621874.3538201589,4596454.484850618,103.96256792041449
drainage_1600_0,drainage,1600,0,115.0,val,622263.1667746148,4596663.809695573,30.47372109861432
drainage_1601_0,drainage,1601,0,115.0,val,622270.0203994908,4596668.532528041,10.43227009753938
drainage_1602_0,drainage,1602,0,115.0,val,622266.9516590212,4596645.561789681,46.999037316287534
drainage_1603_0,drainage,1603,0,139.0,train,622262.9416463504,4597380.935135064,41.99949503241477
drainage_1604_0,drainage,1604,0,139.0,train,622322.7838533312,4597430.431673483,34.47683825533228
drainage_1605_0,drainage,1605,0,125.0,train,621691.3943281007,4596991.044887768,55.777180506130506
drainage_1606_0,drainage,1606,0,64.0,train,621033.6011816196,4595106.403691156,48.52726720962565
drainage_1607_0,drainage,1607,0,76.0,train,621030.2984937468,4595294.438062179,36.29576929722504
drainage_1608_0,drainage,1608,0,87.0,train,620965.5754954638,4595628.336586638,18.13528539913458
drainage_1609_0,drainage,1609,0,75.0,train,620995.0588176444,4595606.325315609,23.79734854328383
drainage_1610_0,drainage,1610,0,88.0,train,621117.2468334377,4595955.8542375695,9.63826800825797
drainage_1611_0,drainage,1611,0,88.0,train,621117.3945009342,4595964.290356287,16.275997602426088
drainage_1612_0,drainage,1612,0,63.0,test,620746.8344884499,4595120.511121933,34.86678202728926
drainage_1613_0,drainage,1613,0,63.0,test,620778.0548325652,4595136.6253449945,82.34124234635803
drainage_1614_0,drainage,1614,0,63.0,test,620808.1973411245,4595155.204098331,42.78699731287028
drainage_1615_0,drainage,1615,0,63.0,test,620844.9752035182,4595073.038086035,94.98818330336478
drainage_1616_0,drainage,1616,0,75.0,train,620981.9602631087,4595336.506769655,16.414185834635695
drainage_1617_0,drainage,1617,0,63.0,test,620897.7440086674,4594932.760623841,110.7759177452903
drainage_1618_0,drainage,1618,0,64.0,train,621010.2202495942,4594928.516551226,15.199163002468866
drainage_1619_0,drainage,1619,0,92.0,test,622639.9880172384,4595871.758518131,83.00939523823423
drainage_1620_0,drainage,1620,0,92.0,test,622568.9901054337,4595865.202888822,30.643214704285636
drainage_1621_0,drainage,1621,0,92.0,test,622642.1573375805,4595829.375137165,67.96942037033165
drainage_1622_0,drainage,1622,0,104.0,test,622571.2174234994,4596000.826937196,126.19111366009106
drainage_1623_0,drainage,1623,0,104.0,test,622621.1098921078,4596007.17333815,97.8982143451744
drainage_1624_0,drainage,1624,0,91.0,val,622404.6542279283,4595952.12583648,95.02579441938444
drainage_1625_0,drainage,1625,0,91.0,val,622385.4966641342,4595950.120186647,46.81648250928976
drainage_1626_0,drainage,1626,0,92.0,test,622601.4450055822,4595659.482434783,176.53940800930903
drainage_1627_0,drainage,1627,0,92.0,test,622641.8531734116,4595653.630951183,106.5540084525322
drainage_1628_0,drainage,1628,0,92.0,test,622692.1124117454,4595641.805940622,32.886721733967846
drainage_1629_0,drainage,1629,0,92.0,test,622647.5154262681,4595635.923196886,58.19195858858271
drainage_1630_0,drainage,1630,0,80.0,train,622717.6833490706,4595286.181475263,73.5851250905673
drainage_1631_0,drainage,1631,0,80.0,train,622727.6892122679,4595308.08365534,55.03278827111935
drainage_1632_0,drainage,1632,0,80.0,train,622735.6810046288,4595308.535820483,23.455613985551487
drainage_1633_0,drainage,1633,0,91.0,val,622482.9221172543,4595745.29530034,59.651177854000125
drainage_1634_0,drainage,1634,0,91.0,val,622415.5346185614,4595770.126484601,66.56905506510995
drainage_1635_0,drainage,1635,0,70.0,train,623282.542604477,4594990.774599459,118.2875050415227
drainage_1636_0,drainage,1636,0,106.0,val,623302.4106675097,4596231.772365465,92.26087761696158
drainage_1637_0,drainage,1637,0,106.0,val,623307.6639489166,4596216.275658644,87.10200214638692
drainage_1638_0,drainage,1638,0,106.0,val,623387.5426597989,4596263.58802898,62.745255735410375
drainage_1639_0,drainage,1639,0,105.0,train,623142.1584635235,4596208.141767276,24.28739077576178
drainage_1640_0,drainage,1640,0,105.0,train,623150.1702889215,4596232.12781648,47.06481127176745
drainage_1641_0,drainage,1641,0,105.0,train,623146.6187765235,4596248.360918815,42.11169472374013
drainage_1642_0,drainage,1642,0,105.0,train,623209.5069045989,4596302.041537127,222.1034695401044
drainage_1643_0,drainage,1643,0,106.0,val,623327.0951032474,4596301.824613481,28.531713465612107
drainage_1644_0,drainage,1644,0,106.0,val,623404.5847048283,4596284.172704553,112.38161560625488
drainage_1645_0,drainage,1645,0,117.0,train,623240.9800135768,4596439.0023563625,102.5631449615382
drainage_1646_0,drainage,1646,0,118.0,test,623310.2857992157,4596387.579643283,117.16165463332688
drainage_1647_0,drainage,1647,0,106.0,val,623401.2459168336,4596318.334618308,101.89833494625532
drainage_1648_0,drainage,1648,0,106.0,val,623459.6525662077,4596277.06543783,10.248175408727054
drainage_1649_0,drainage,1649,0,106.0,val,623458.7289268165,4596301.515422007,11.123687130345182
drainage_1650_0,drainage,1650,0,106.0,val,623445.5660651798,4596163.323168077,39.95214307457654
drainage_1651_0,drainage,1651,0,106.0,val,623489.8467588112,4596162.934912162,43.31096140192492
drainage_1652_0,drainage,1652,0,106.0,val,623492.4669720641,4596189.469979471,32.6932392786913
drainage_1653_0,drainage,1653,0,106.0,val,623475.9822246499,4596196.7600923,14.690846305113585
drainage_1654_0,drainage,1654,0,106.0,val,623483.0121440559,4596200.592590451,16.111829054682268
drainage_1655_0,drainage,1655,0,107.0,train,623727.5872814038,4596302.654959076,120.9277519198124
drainage_1656_0,drainage,1656,0,119.0,train,623874.019115601,4596379.706561785,49.58328336677658
drainage_1657_0,drainage,1657,0,119.0,train,623880.8124179981,4596434.262233534,86.09784811267458
drainage_1658_0,drainage,1658,0,143.0,test,623778.9836833308,4597137.061196342,35.12242968684795
drainage_1659_0,drainage,1659,0,143.0,test,623783.3905162897,4597147.073851624,23.452421131008748
drainage_1660_0,drainage,1660,0,143.0,test,623743.3516161197,4597152.05970948,25.911044627494636
drainage_1661_0,drainage,1661,0,143.0,test,623745.8506183203,4597160.154901275,40.33770713202817
drainage_1662_0,drainage,1662,0,143.0,test,623753.7759824779,4597173.804247367,39.03622321398794
drainage_1663_0,drainage,1663,0,143.0,test,623883.5252066954,4597302.337472783,80.44132476291357
drainage_1664_0,drainage,1664,0,143.0,test,623909.2175534439,4597292.57819861,68.17775804675821
drainage_1665_0,drainage,1665,0,143.0,test,623914.7522647135,4597310.547706261,87.67876594197836
drainage_1666_0,drainage,1666,0,143.0,test,623936.3819702095,4597290.652934932,38.43838617546016
drainage_1667_0,drainage,1667,0,18.0,train,621797.3981450431,4593745.175459296,332.0699212683538
drainage_1668_0,drainage,1668,0,18.0,train,621974.8294221737,4593683.477578337,72.09048482787416
drainage_1669_0,drainage,1669,0,18.0,train,621986.1894681434,4593723.254869377,19.80186357473808
drainage_1670_0,drainage,1670,0,18.0,train,622012.0906755994,4593733.048942148,57.56572292265419
drainage_1671_0,drainage,1671,0,30.0,train,622021.6491408523,4593759.494249039,49.927912798865954
drainage_1672_0,drainage,1672,0,32.0,train,622589.816745134,4594009.179682642,136.95539383970015
drainage_1673_0,drainage,1673,0,32.0,train,622762.6646255951,4594058.4367291145,18.744219646639948
drainage_1674_0,drainage,1674,0,32.0,train,622730.5624495572,4594097.366806892,51.318236446799446
drainage_1675_0,drainage,1675,0,33.0,train,622957.954312362,4594082.79565624,60.59525320948104
drainage_1676_0,drainage,1676,0,58.0,train,623610.2732316037,4594790.8047274295,51.95887827226104
drainage_1677_0,drainage,1677,0,59.0,train,623757.7148591126,4594871.688717635,56.82467800154895
drainage_1678_0,drainage,1678,0,33.0,train,622970.6223368789,4593977.108406885,30.911639069654097
drainage_1679_0,drainage,1679,0,10.0,test,623343.3451982011,4593143.744829394,179.51623476092865
drainage_1680_0,drainage,1680,0,10.0,test,623508.8103873822,4593245.103800793,55.42601519680167
drainage_1681_0,drainage,1681,0,10.0,test,623442.6715289293,4593228.229900051,74.13357605199043
drainage_1682_0,drainage,1682,0,11.0,train,623942.8542910106,4593015.157050309,28.70131019786132
drainage_1683_0,drainage,1683,0,11.0,train,623943.198579559,4593047.525206926,17.265830160720004
drainage_1684_0,drainage,1684,0,11.0,train,623949.6482541586,4593092.008998243,53.04897089024464
drainage_1685_0,drainage,1685,0,11.0,train,623953.038476307,4593144.308093571,34.42177636178832
drainage_1686_0,drainage,1686,0,11.0,train,623968.6697322787,4593143.501416006,30.893774071117885
drainage_1687_0,drainage,1687,0,11.0,train,623975.2954461711,4593174.485240038,19.91683533588513
drainage_1688_0,drainage,1688,0,23.0,train,623936.5854218114,4593489.876732214,105.588358936621
drainage_1689_0,drainage,1689,0,83.0,train,623928.1359182121,4595407.02184307,175.49725751514777
drainage_1690_0,drainage,1690,0,83.0,train,623983.5009732218,4595396.771605503,37.57577348671217
drainage_1691_0,drainage,1691,0,83.0,train,623929.7486328424,4595478.604784348,133.9166358487412
drainage_1692_0,drainage,1692,0,83.0,train,623950.6797636389,4595440.666319718,47.82286164061219
drainage_1693_0,drainage,1693,0,95.0,train,623917.7683279626,4595976.157747677,48.49784577728094
drainage_1694_0,drainage,1694,0,107.0,train,623855.9986878809,4596024.047256906,86.69860277950599
drainage_1695_0,drainage,1695,0,107.0,train,623946.0607756511,4596102.320174402,114.3026532767159
drainage_1696_0,drainage,1696,0,107.0,train,623989.6933836446,4596142.040001102,40.45069840068814
drainage_1697_0,drainage,1697,0,107.0,train,623988.2008637863,4596162.617804562,57.2667692275754
drainage_1698_0,drainage,1698,0,119.0,train,623763.9767431936,4596547.130053117,94.52445937606043
drainage_1699_0,drainage,1699,0,118.0,test,623587.7601789959,4596624.693309684,108.34665331767616
drainage_1700_0,drainage,1700,0,118.0,test,623581.8628114127,4596654.995920219,85.1831887529493
drainage_1701_0,drainage,1701,0,130.0,train,623557.342468971,4596763.843226242,16.94819807506136
drainage_1702_0,drainage,1702,0,130.0,train,623568.0327210216,4596899.488861904,69.26364564720173
drainage_1703_0,drainage,1703,0,130.0,train,623611.7271337655,4596920.728734299,26.707481513315397
drainage_1704_0,drainage,1704,0,130.0,train,623275.9554563855,4596857.7250706535,65.04318406025041
drainage_1705_0,drainage,1705,0,130.0,train,623340.2653712166,4596893.269031084,154.65784204843158
drainage_1706_0,drainage,1706,0,130.0,train,623453.9297692092,4596906.396253452,86.18262774030666
drainage_1707_0,drainage,1707,0,130.0,train,623444.0713455388,4596945.043500187,137.17810324944824
drainage_1708_0,drainage,1708,0,130.0,train,623276.3937453164,4596878.674992941,89.23360287845207
drainage_1709_0,drainage,1709,0,143.0,test,623789.8283774296,4597157.388458793,16.03201607123398
drainage_1710_0,drainage,1710,0,143.0,test,623938.5096345689,4597318.876601446,97.39068928009932
drainage_1711_0,drainage,1711,0,143.0,test,623690.4655928995,4597317.141137055,51.4829924936458
drainage_1712_0,drainage,1712,0,142.0,train,623528.1836640331,4597251.043458758,95.4088706739886
drainage_1713_0,drainage,1713,0,142.0,train,623396.8771909376,4597291.549534541,143.65857312996437
drainage_1714_0,drainage,1714,0,142.0,train,623519.6795158625,4597461.359548547,105.33306059347152
drainage_1715_0,drainage,1715,0,142.0,train,623457.9059178681,4597464.229804604,31.785435967636403
drainage_1716_0,drainage,1716,0,142.0,train,623435.5613494877,4597468.876874502,50.940924012264304
drainage_1717_0,drainage,1717,0,142.0,train,623446.7822148598,4597467.577235882,32.91043870299911
drainage_1718_0,drainage,1718,0,82.0,train,623493.6362904,4595591.08998177,50.01766943449053
drainage_1719_0,drainage,1719,0,94.0,val,623349.1448728497,4595677.452936083,55.05075923772807
drainage_1720_0,drainage,1720,0,94.0,val,623396.6558710164,4595668.914370973,22.91943657962188
drainage_1721_0,drainage,1721,0,94.0,val,623305.8674141724,4595830.880220115,50.12316916779388
drainage_1722_0,drainage,1722,0,94.0,val,623359.8471348332,4595821.797589757,43.70905025274559
drainage_1723_0,drainage,1723,0,94.0,val,623340.6411149261,4595813.583233244,14.741925075891634
drainage_1724_0,drainage,1724,0,93.0,test,623205.189569709,4595712.656961056,184.91229258692076
drainage_1725_0,drainage,1725,0,117.0,train,623114.6894718851,4596483.746373957,83.60164883586944
drainage_1726_0,drainage,1726,0,117.0,train,623085.145345738,4596558.438733544,82.75604451706302
drainage_1727_0,drainage,1727,0,118.0,test,623349.5729684756,4596542.438064066,45.25836243573458
drainage_1728_0,drainage,1728,0,118.0,test,623409.5667595846,4596497.666386028,83.11094428071847
drainage_1729_0,drainage,1729,0,142.0,train,623554.3472337996,4597213.170731625,24.741753650641737
drainage_1730_0,drainage,1730,0,142.0,train,623506.6249641352,4597428.657698954,24.714411435312027
drainage_1731_0,drainage,1731,0,142.0,train,623500.2146310525,4597442.350825278,23.94202793676053
drainage_1732_0,drainage,1732,0,141.0,train,623230.3892621523,4597222.314297883,212.00460433643696
drainage_1733_0,drainage,1733,0,142.0,train,623335.0167264267,4597255.957681792,14.128730902877887
drainage_1734_0,drainage,1734,0,56.0,test,622559.6611161731,4594500.318944852,35.879556222242634
drainage_1735_0,drainage,1735,0,56.0,test,622560.4988152747,4594525.514514468,42.88904268489448
drainage_1736_0,drainage,1736,0,56.0,test,622508.9345219192,4594539.51217486,42.10843142298221
drainage_1737_0,drainage,1737,0,44.0,train,622568.9351825695,4594488.347532186,24.196631041230717
drainage_1738_0,drainage,1738,0,56.0,test,622535.3698389354,4594780.900025785,55.98607529856039
drainage_1739_0,drainage,1739,0,56.0,test,622549.8373314107,4594723.240118347,38.93063451197567
drainage_1740_0,drainage,1740,0,56.0,test,622555.2401724537,4594727.565123554,60.30843856715872
drainage_1741_0,drainage,1741,0,56.0,test,622557.2005807932,4594730.661396193,9.785475734604155
drainage_1742_0,drainage,1742,0,56.0,test,622531.3569116469,4594732.960280239,22.87569600277893
drainage_1743_0,drainage,1743,0,56.0,test,622527.7198189955,4594774.033203493,8.251480061516489
drainage_1744_0,drainage,1744,0,67.0,train,622418.4525347576,4594986.341203475,47.44024770522293
drainage_1745_0,drainage,1745,0,67.0,train,622463.4637082712,4594977.296870506,64.00250472972257
drainage_1746_0,drainage,1746,0,68.0,train,622583.3246368032,4595111.272198495,13.43787666785318
drainage_1747_0,drainage,1747,0,68.0,train,622556.5301832488,4595106.506621147,20.262193610674505
drainage_1748_0,drainage,1748,0,68.0,train,622624.3854464991,4595109.400119301,22.31550917768518
drainage_1749_0,drainage,1749,0,68.0,train,622615.7245134439,4595136.516609088,23.4989034865238
drainage_1750_0,drainage,1750,0,68.0,train,622689.5104408716,4595127.351030481,41.265081808964936
drainage_1751_0,drainage,1751,0,68.0,train,622696.9495020438,4595078.570218114,52.99675609066161
drainage_1752_0,drainage,1752,0,80.0,train,622553.5002383833,4595311.393211362,13.788219734405766
drainage_1753_0,drainage,1753,0,80.0,train,622606.7410652421,4595375.818565738,44.32688199914278
drainage_1754_0,drainage,1754,0,91.0,val,622297.9277722586,4595658.933212719,58.43722394330726
drainage_1755_0,drainage,1755,0,91.0,val,622351.5378427024,4595690.538602314,42.81979317348797
drainage_1756_0,drainage,1756,0,91.0,val,622293.6083141057,4595674.044936389,42.62997813277549
drainage_1757_0,drainage,1757,0,78.0,train,622058.7834614991,4595597.45736245,76.38717280737053
drainage_1758_0,drainage,1758,0,79.0,train,622139.5492636901,4595441.402072476,88.172068049136
drainage_1759_0,drainage,1759,0,79.0,train,622159.9435733204,4595417.392223177,57.78481296636067
drainage_1760_0,drainage,1760,0,91.0,val,622482.0237654302,4595657.003452042,54.97145294412789
drainage_1761_0,drainage,1761,0,92.0,test,622507.2067755202,4595662.868666071,29.36576492439105
drainage_1762_0,drainage,1762,0,91.0,val,622498.1664670834,4595714.7590163015,19.468481510564057
drainage_1763_0,drainage,1763,0,114.0,train,622080.4003085262,4596481.929872309,50.2776827203125
drainage_1764_0,drainage,1764,0,125.0,train,621587.9143941909,4596868.780492491,85.00017959225599
drainage_1765_0,drainage,1765,0,125.0,train,621526.2835788848,4596866.123190131,32.8851301553653
drainage_1766_0,drainage,1766,0,125.0,train,621510.8298066047,4596889.9102347605,49.065411586264496
drainage_1767_0,drainage,1767,0,125.0,train,621520.7065696496,4596879.958588201,27.418400261370827
drainage_1768_0,drainage,1768,0,126.0,train,621879.1711612163,4596760.448750235,37.56553465181205
drainage_1769_0,drainage,1769,0,114.0,train,621902.0566383431,4596743.52707066,35.79151750642908
drainage_1770_0,drainage,1770,0,114.0,train,621917.5029352445,4596734.284716819,35.034744370524976
drainage_1771_0,drainage,1771,0,126.0,train,621862.5926792771,4596774.392736011,38.2660667614424
drainage_1772_0,drainage,1772,0,126.0,train,621874.2384100468,4596765.071933575,28.972886550998247
drainage_1773_0,drainage,1773,0,114.0,train,621955.1358061206,4596703.249714861,38.93075003917281
drainage_1774_0,drainage,1774,0,114.0,train,621970.9303937769,4596703.450255164,41.91902104723546
drainage_1775_0,drainage,1775,0,127.0,test,622461.4769172965,4596837.798548305,60.19882662197726
drainage_1776_0,drainage,1776,0,127.0,test,622355.2710398892,4596999.240948896,44.94746396470525
drainage_1777_0,drainage,1777,0,115.0,val,622283.1947006325,4596619.8408429045,42.15926359450521
drainage_1778_0,drainage,1778,0,115.0,val,622415.546453195,4596409.1767250085,175.38856414150047
drainage_1779_0,drainage,1779,0,103.0,train,622277.2826926511,4596343.927443677,69.24170882795707
drainage_1780_0,drainage,1780,0,92.0,test,622557.9427196234,4595787.449124898,29.99025065205554
drainage_1781_0,drainage,1781,0,70.0,train,623299.9642440269,4595006.882205649,51.057400791594944
drainage_1782_0,drainage,1782,0,70.0,train,623321.5918284152,4595132.41523606,64.71876359195629
drainage_1783_0,drainage,1783,0,70.0,train,623312.3523472608,4595101.958274101,55.66531335769779
drainage_1784_0,drainage,1784,0,82.0,train,623410.7878767663,4595252.316917065,16.868465450115647
drainage_1785_0,drainage,1785,0,106.0,val,623479.7396985048,4596245.706481124,26.07885766378088
drainage_1786_0,drainage,1786,0,106.0,val,623492.9795841882,4596219.717302674,36.3582131252598
drainage_1787_0,drainage,1787,0,106.0,val,623494.356989958,4596213.771330965,30.550347702429782
drainage_1788_0,drainage,1788,0,106.0,val,623456.4759522141,4596216.196572997,20.116591054765884
drainage_1789_0,drainage,1789,0,118.0,test,623528.1172612351,4596435.109735656,33.289875573905164
drainage_1790_0,drainage,1790,0,143.0,test,623961.1518155938,4597330.003055149,64.51157183544964
