component_id,area_m2,bbox_h_px,bbox_w_px,aspect_ratio_bbox,eccentricity,elongation_pca,solidity_bbox,road_prob_max,road_prob_mean,pit_prob_max,centroid_x,centroid_y,overlaps_labeled_pit,classification
1,152.75,26,30,1.1538461538461537,0.6270819794352268,1.2837740635708756,0.7833333333333333,0.553022563457489,0.31895923614501953,0.7329331040382385,620302.9058919804,4597493.501636662,False,ROAD_LIKE_COMPACT
2,215.0,35,29,1.206896551724138,0.5391321272425035,1.187336533739424,0.8472906403940886,0.4472188651561737,0.23041611909866333,0.8318885564804077,623044.9715116279,4597491.158139535,False,COMPACT_OTHER_FP
3,6.0,4,14,3.5,0.9687343654665106,4.03062890782178,0.42857142857142855,0.4523591995239258,0.3732803165912628,0.49702972173690796,622213.7291666666,4597498.104166667,False,LIKELY_ROAD_FP
5,191.0,30,33,1.1,0.3689284163396784,1.0758960627125298,0.7717171717171717,0.5287767648696899,0.267585426568985,0.7689597606658936,621493.8789267016,4597490.776178011,False,ROAD_LIKE_COMPACT
8,190.25,31,31,1.0,0.45562718439855243,1.1233800483167506,0.7918834547346514,0.46702826023101807,0.18875360488891602,0.7972471714019775,622771.0275952694,4597489.938896189,False,COMPACT_OTHER_FP
9,10.75,7,8,1.1428571428571428,0.4246868155128548,1.1045570041942416,0.7678571428571429,0.33244287967681885,0.2692522704601288,0.4840976595878601,622214.5116279069,4597494.604651162,False,ROAD_LIKE_COMPACT
10,6.75,5,6,1.2,0.5827875489819844,1.2305805796621705,0.9,0.2858758866786957,0.2206791788339615,0.4582008421421051,620176.3703703703,4597494.037037037,False,COMPACT_OTHER_FP
11,119.0,26,24,1.0833333333333333,0.47596724446101196,1.137057489694084,0.7628205128205128,0.3360586166381836,0.13202597200870514,0.6620678901672363,621600.5157563025,4597485.943277311,False,COMPACT_OTHER_FP
13,244.5,42,32,1.3125,0.7341656594556707,1.4728182867150756,0.7276785714285714,0.3572453558444977,0.21305368840694427,0.7803880572319031,621256.6549079755,4597480.595092025,False,COMPACT_OTHER_FP
14,13.0,12,8,1.5,0.9355154048826344,2.8305686687342497,0.5416666666666666,0.12093392014503479,0.09800712764263153,0.5312239527702332,623539.0480769231,4597488.288461538,False,COMPACT_OTHER_FP
15,56.75,30,18,1.6666666666666667,0.9626935598217012,3.695573516782777,0.4203703703703704,0.6172242760658264,0.3173949122428894,0.6009101867675781,622855.3898678414,4597483.54185022,False,LIKELY_ROAD_FP
16,260.25,37,37,1.0,0.40708680520485907,1.0948232132930984,0.760409057706355,0.5365557670593262,0.17330260574817657,0.8807216882705688,623126.6027857829,4597479.788664745,False,ROAD_LIKE_COMPACT
17,22.0,17,10,1.7,0.9458172059484684,3.0797699845783426,0.5176470588235295,0.11245681345462799,0.08492159098386765,0.5843652486801147,623548.2727272727,4597484.375,False,ELONGATED_OTHER
18,247.0,35,38,1.0857142857142856,0.5436662831177949,1.1914669818376322,0.7428571428571429,0.5352199077606201,0.22030290961265564,0.9186521172523499,620832.4655870445,4597478.907894737,False,ROAD_LIKE_COMPACT
19,234.25,36,35,1.0285714285714285,0.45657474485197125,1.1239932502509515,0.7436507936507937,0.5021200776100159,0.16645027697086334,0.8609936237335205,622672.9140875133,4597477.723585912,False,ROAD_LIKE_COMPACT
21,19.25,12,12,1.0,0.9016216042938866,2.3120013353291733,0.5347222222222222,0.5960464477539062,0.3699404001235962,0.5584712028503418,622866.1558441558,4597482.181818182,False,ROAD_LIKE_COMPACT
22,280.25,42,37,1.135135135135135,0.41168072721613047,1.097299596114818,0.7213642213642214,0.44161278009414673,0.17843861877918243,0.9242766499519348,620026.3760035683,4597473.709634255,False,COMPACT_OTHER_FP
23,172.75,31,28,1.1071428571428572,0.3283836703001918,1.0587114557420574,0.7960829493087558,0.49246272444725037,0.18184597790241241,0.770431399345398,621106.5492040521,4597474.875542692,False,COMPACT_OTHER_FP
24,98.75,30,20,1.5,0.7925085247483545,1.6397183462674225,0.6583333333333333,0.2395840883255005,0.10539552569389343,0.5951629877090454,623270.006329114,4597471.6,False,COMPACT_OTHER_FP
25,48.0,20,15,1.3333333333333333,0.8071015194271102,1.6937305502206441,0.64,0.21044158935546875,0.1395035982131958,0.6174973845481873,622184.3151041666,4597473.278645833,False,COMPACT_OTHER_FP
26,7.5,7,6,1.1666666666666667,0.805950246620606,1.6892369079423102,0.7142857142857143,0.5641912221908569,0.44892510771751404,0.5378407835960388,622862.0,4597475.733333333,False,ROAD_LIKE_COMPACT
27,7.75,8,5,1.6,0.8352345217162536,1.818532652282221,0.775,0.16649822890758514,0.10752155631780624,0.5002754926681519,622189.4032258064,4597474.225806451,False,COMPACT_OTHER_FP
28,166.75,28,32,1.1428571428571428,0.556055022086563,1.2031587989571775,0.7444196428571429,0.501495361328125,0.2067389339208603,0.7552024126052856,620708.8883058471,4597468.221889055,False,ROAD_LIKE_COMPACT
29,29.5,19,10,1.9,0.8247574676444495,1.7683884308592994,0.6210526315789474,0.5774953961372375,0.35406509041786194,0.5423206090927124,623049.6483050848,4597470.385593221,False,ROAD_LIKE_COMPACT
33,8.75,8,9,1.125,0.9489395966259333,3.1699958209247825,0.4861111111111111,0.4430882930755615,0.3682975471019745,0.5140116214752197,623953.5142857142,4597463.614285714,False,LIKELY_ROAD_FP
34,32.0,20,12,1.6666666666666667,0.9250219089166706,2.6321762856210458,0.5333333333333333,0.26913344860076904,0.1125677078962326,0.5249643921852112,621121.78125,4597452.12890625,False,COMPACT_OTHER_FP
35,172.0,31,29,1.0689655172413792,0.38492653414472794,1.0834855805272259,0.7652947719688543,0.40857169032096863,0.17153972387313843,0.7494936585426331,620582.7841569767,4597447.016715116,False,COMPACT_OTHER_FP
37,96.0,24,26,1.0833333333333333,0.8138961834028193,1.7211397968933917,0.6153846153846154,0.5076898336410522,0.2663615643978119,0.6146627068519592,623045.9752604166,4597445.052083333,False,ROAD_LIKE_COMPACT
38,15.75,9,13,1.4444444444444444,0.8939189865319069,2.2310046268460666,0.5384615384615384,0.4225195646286011,0.34168678522109985,0.5597971677780151,623903.3412698413,4597444.579365079,False,ROAD_LIKE_COMPACT
39,12.0,13,7,1.8571428571428572,0.9541782690875464,3.341813160038939,0.5274725274725275,0.2547416388988495,0.1868422031402588,0.5257062911987305,623894.1041666666,4597442.052083333,False,ELONGATED_OTHER
41,145.5,26,28,1.0769230769230769,0.4515672934907537,1.1207783667294398,0.7994505494505495,0.5743495225906372,0.16632971167564392,0.7351189255714417,621732.3006872853,4597436.700171822,False,ROAD_LIKE_COMPACT
43,15.25,8,14,1.75,0.9033729419147793,2.331785921395989,0.5446428571428571,0.573672890663147,0.4757135808467865,0.5309332609176636,619906.6967213114,4597421.303278688,False,ROAD_LIKE_COMPACT
44,94.5,26,23,1.1304347826086956,0.7876584545250992,1.6230811702963297,0.6321070234113713,0.26104822754859924,0.09929520636796951,0.6229258179664612,621509.167989418,4597415.304232804,False,COMPACT_OTHER_FP
45,4.5,4,7,1.75,0.8861689090356534,2.1581382397133524,0.6428571428571429,0.5376483201980591,0.45428577065467834,0.53016197681427,620329.6111111111,4597418.388888889,False,ROAD_LIKE_COMPACT
48,39.5,10,22,2.2,0.8874802117591329,2.1699231008770656,0.7181818181818181,0.28247714042663574,0.15450413525104523,0.616038978099823,621524.9620253164,4597406.370253164,False,COMPACT_OTHER_FP
49,49.25,13,20,1.5384615384615385,0.7998869445791623,1.666248130180972,0.7576923076923077,0.1806202232837677,0.10659424215555191,0.600044846534729,621525.2538071066,4597400.487309645,False,COMPACT_OTHER_FP
50,227.0,32,35,1.09375,0.46102253029611673,1.1269022286587465,0.8107142857142857,0.3522622585296631,0.1796097457408905,0.8334792852401733,620192.7984581498,4597393.992290749,False,COMPACT_OTHER_FP
51,246.25,42,34,1.2352941176470589,0.6415598015059353,1.303656850534196,0.6897759103641457,0.5385857820510864,0.20130988955497742,0.908062219619751,619952.2654822335,4597390.030964467,False,ROAD_LIKE_COMPACT
52,225.0,32,35,1.09375,0.4366373455887412,1.111558687002191,0.8035714285714286,0.28571557998657227,0.1426725536584854,0.892925500869751,622776.4222222222,4597391.374444445,False,COMPACT_OTHER_FP
54,224.25,35,33,1.0606060606060606,0.4620926408430776,1.1276097215651144,0.7766233766233767,0.39564383029937744,0.15130117535591125,0.7673232555389404,621656.0234113713,4597383.309364549,False,COMPACT_OTHER_FP
55,64.25,26,14,1.8571428571428572,0.8839170265304829,2.138379844918625,0.7060439560439561,0.29384875297546387,0.12864963710308075,0.5633790493011475,620072.9610894942,4597385.284046693,False,COMPACT_OTHER_FP
56,223.5,36,34,1.0588235294117647,0.34237950856212934,1.0643260069213525,0.7303921568627451,0.3533530831336975,0.12143212556838989,0.8732869029045105,623047.0592841164,4597380.310961968,False,COMPACT_OTHER_FP
57,13.75,10,9,1.1111111111111112,0.8637645294489656,1.9845378248509475,0.6111111111111112,0.24767208099365234,0.1718713343143463,0.5251657962799072,620078.7363636363,4597381.718181818,False,COMPACT_OTHER_FP
58,159.25,32,23,1.391304347826087,0.6635372591837772,1.336642434518198,0.8654891304347826,0.5366771817207336,0.2051614373922348,0.8402966260910034,619825.2229199372,4597375.452904238,False,ROAD_LIKE_COMPACT
59,190.75,35,30,1.1666666666666667,0.5055273217236328,1.1590029179172399,0.7266666666666667,0.48328259587287903,0.2739631235599518,0.8129915595054626,620302.5019659239,4597374.307339449,False,ROAD_LIKE_COMPACT
60,164.25,30,30,1.0,0.3205265367535443,1.055699178104933,0.73,0.3964478373527527,0.21527914702892303,0.7069634795188904,623955.1598173516,4597367.97869102,False,COMPACT_OTHER_FP
62,126.75,19,30,1.5789473684210527,0.779399864995809,1.5961008777003474,0.8894736842105263,0.3151033818721771,0.10972747951745987,0.7098225355148315,620417.1272189349,4597367.836291913,False,COMPACT_OTHER_FP
63,20.5,5,20,4.0,0.9752447430715143,4.522263080521017,0.82,0.41529005765914917,0.347523033618927,0.5889682769775391,621349.9207317074,4597371.195121951,False,LIKELY_ROAD_FP
64,5.5,11,2,5.5,0.9874208829065749,6.324555320336758,1.0,0.2924942374229431,0.23073111474514008,0.5262366533279419,621356.25,4597367.0,False,ELONGATED_OTHER
65,208.5,28,35,1.25,0.5767597128471545,1.2241192917838608,0.8510204081632653,0.44512248039245605,0.2246965765953064,0.8263016939163208,620971.185851319,4597362.119304556,False,COMPACT_OTHER_FP
66,270.5,43,32,1.34375,0.6793086610289281,1.3626713361181633,0.7863372093023255,0.3640424311161041,0.1464487612247467,0.8241763114929199,622653.5633086876,4597357.68207024,False,COMPACT_OTHER_FP
67,125.0,26,25,1.04,0.5987113785707183,1.2484942435282997,0.7692307692307693,0.5284421443939209,0.26394250988960266,0.6919532418251038,621126.011,4597361.137,False,ROAD_LIKE_COMPACT
70,219.5,36,32,1.125,0.42847299469539096,1.1067399952330244,0.7621527777777778,0.5499719381332397,0.20233522355556488,0.8554612398147583,620557.0108200456,4597348.788724374,False,ROAD_LIKE_COMPACT
71,137.0,29,25,1.16,0.5693524834603835,1.2164066254588823,0.7558620689655172,0.41822534799575806,0.14915519952774048,0.6975382566452026,621236.4826642335,4597347.718065693,False,COMPACT_OTHER_FP
72,262.25,44,32,1.375,0.6663091488513092,1.3410657182079637,0.7450284090909091,0.5446608662605286,0.26746466755867004,0.8421341776847839,623163.9957102002,4597335.952335558,False,ROAD_LIKE_COMPACT
73,38.0,12,21,1.75,0.8836920258300556,2.1364380525846065,0.6031746031746031,0.15431226789951324,0.09313531965017319,0.5371696949005127,622357.1578947369,4597341.759868421,False,COMPACT_OTHER_FP
74,87.25,23,23,1.0,0.7513290867128888,1.5153174517429608,0.6597353497164461,0.4402586817741394,0.23013707995414734,0.629708468914032,620928.3424068767,4597336.349570201,False,COMPACT_OTHER_FP
75,235.0,34,37,1.088235294117647,0.5940576261824729,1.2431278548173443,0.7472178060413355,0.50030517578125,0.187386155128479,0.8762156963348389,620726.3005319149,4597316.405851064,False,ROAD_LIKE_COMPACT
76,12.75,12,8,1.5,0.9345185692316187,2.809664527759036,0.53125,0.30399006605148315,0.21979719400405884,0.5489073991775513,623910.8431372549,4597318.4215686275,False,COMPACT_OTHER_FP
78,223.0,38,31,1.2258064516129032,0.5866353324423771,1.2347947182197876,0.7572156196943973,0.4311453402042389,0.16720092296600342,0.8222569823265076,620088.923206278,4597284.263452915,False,COMPACT_OTHER_FP
79,205.5,33,35,1.0606060606060606,0.45177449470203895,1.1209101469423237,0.7116883116883117,0.5478568077087402,0.23664502799510956,0.8025518655776978,620223.855839416,4597283.517639902,False,ROAD_LIKE_COMPACT
82,240.5,36,34,1.0588235294117647,0.4317126038822596,1.1086336688895553,0.7859477124183006,0.40922078490257263,0.13774535059928894,0.8858454823493958,619836.2286902287,4597267.880977131,False,COMPACT_OTHER_FP
83,135.25,28,29,1.0357142857142858,0.672017623539511,1.3503747866633695,0.666256157635468,0.4870634377002716,0.21745912730693817,0.691721498966217,619963.5998151571,4597270.08780037,False,COMPACT_OTHER_FP
84,180.75,26,35,1.3461538461538463,0.6851854725250409,1.372931167195277,0.7945054945054945,0.4586517810821533,0.15753009915351868,0.7104912996292114,621753.9571230982,4597270.578146611,False,COMPACT_OTHER_FP
86,4.75,7,4,1.75,0.8085486422475988,1.6994393801925145,0.6785714285714286,0.1722414493560791,0.13058294355869293,0.5069722533226013,620445.3684210526,4597272.0,False,COMPACT_OTHER_FP
88,167.0,30,29,1.0344827586206897,0.545674304464951,1.1933212004479434,0.767816091954023,0.501617431640625,0.21193207800388336,0.7547910809516907,621640.5778443114,4597265.083832336,False,ROAD_LIKE_COMPACT
90,16.25,20,8,2.5,0.9836939266742043,5.560168751992981,0.40625,0.49520909786224365,0.3606196939945221,0.5377581715583801,621244.6461538462,4597254.584615384,False,LIKELY_ROAD_FP
91,9.0,10,5,2.0,0.8626316351791824,1.976938450448694,0.72,0.34819042682647705,0.25866419076919556,0.591921329498291,621235.1666666666,4597255.666666667,False,ROAD_LIKE_COMPACT
92,204.5,36,30,1.2,0.5551818630196956,1.2023147227293542,0.7574074074074074,0.6818326711654663,0.24256190657615662,0.8160310387611389,619691.8349633252,4597247.97188264,False,ROAD_LIKE_COMPACT
93,227.25,37,33,1.121212121212121,0.6767293301414898,1.3582676831791052,0.7444717444717445,0.4230855405330658,0.14668338000774384,0.8190023899078369,620819.4928492849,4597242.783278327,False,COMPACT_OTHER_FP
94,94.25,25,23,1.0869565217391304,0.7118422863311796,1.4238131513075165,0.6556521739130434,0.409515917301178,0.20320084691047668,0.6302273869514465,622037.1737400531,4597245.193633952,False,COMPACT_OTHER_FP
96,123.0,30,23,1.3043478260869565,0.7651295249542115,1.553093124971434,0.7130434782608696,0.6008911728858948,0.24687087535858154,0.6713011264801025,620739.3079268293,4597237.203252032,False,ROAD_LIKE_COMPACT
97,12.75,13,7,1.8571428571428572,0.9312548617963249,2.744474565274909,0.5604395604395604,0.4877344071865082,0.36739081144332886,0.540004312992096,622366.6078431372,4597241.764705882,False,ROAD_LIKE_COMPACT
98,279.5,40,46,1.15,0.861086411235316,1.9667282921182692,0.6076086956521739,0.4949342608451843,0.2626413106918335,0.820481538772583,622793.2817531306,4597234.262075135,False,ROAD_LIKE_COMPACT
99,54.25,22,14,1.5714285714285714,0.8043820390786184,1.6831832027394746,0.7045454545454546,0.42051035165786743,0.2035204917192459,0.6253972053527832,621129.0852534563,4597238.569124424,False,COMPACT_OTHER_FP
100,7.0,10,5,2.0,0.9597982020436019,3.56263708422344,0.56,0.38751646876335144,0.30631086230278015,0.505872905254364,622374.0714285715,4597238.642857143,False,LIKELY_ROAD_FP
102,232.0,40,31,1.2903225806451613,0.6509498769836353,1.3173135474039037,0.7483870967741936,0.39785662293434143,0.18650229275226593,0.7854890823364258,620561.6325431034,4597225.565193965,False,COMPACT_OTHER_FP
103,276.5,39,37,1.054054054054054,0.18535242744666766,1.017633439329917,0.7664587664587664,0.704261839389801,0.28663158416748047,0.9253010749816895,622907.4868896926,4597224.474683545,False,ROAD_LIKE_COMPACT
104,197.5,31,33,1.064516129032258,0.6304121799087203,1.2882272134048665,0.772238514173998,0.5559775829315186,0.24383585155010223,0.7680686712265015,621250.7297468354,4597220.12278481,False,ROAD_LIKE_COMPACT
105,62.25,20,18,1.1111111111111112,0.7455095749932829,1.5003865376712995,0.6916666666666667,0.3750768005847931,0.15661466121673584,0.5587686896324158,620976.5180722892,4597220.12248996,False,COMPACT_OTHER_FP
106,133.5,24,27,1.125,0.5766819574874578,1.2240370441464306,0.8240740740740741,0.6351947784423828,0.3972124457359314,0.7390536665916443,621231.7256554307,4597217.448501873,False,ROAD_LIKE_COMPACT
107,34.0,10,21,2.1,0.93644262460059,2.8504583906008656,0.6476190476190476,0.5897995829582214,0.3590277433395386,0.5753915309906006,621535.5147058824,4597220.948529412,False,ROAD_LIKE_COMPACT
108,10.75,6,12,2.0,0.9226940156990725,2.5938111666321175,0.5972222222222222,0.5267079472541809,0.394027978181839,0.5167679786682129,621572.0697674418,4597221.279069767,False,ROAD_LIKE_COMPACT
109,285.5,41,38,1.0789473684210527,0.5112923526486366,1.163593241672959,0.7329910141206675,0.44077011942863464,0.18765410780906677,0.8402639627456665,621496.0048161121,4597211.258318739,False,COMPACT_OTHER_FP
110,4.0,8,4,2.0,0.957582072248353,3.470286145884305,0.5,0.3665330708026886,0.2816920280456543,0.505193293094635,621942.8125,4597218.0625,False,LIKELY_ROAD_FP
111,8.0,5,10,2.0,0.926712708015606,2.661197959725927,0.64,0.4199898838996887,0.25608086585998535,0.5146857500076294,621549.875,4597218.0,False,ROAD_LIKE_COMPACT
113,228.5,36,33,1.0909090909090908,0.5720578570834829,1.219195100440601,0.7693602693602694,0.24185436964035034,0.10614649951457977,0.8029575347900391,623269.9835886215,4597208.957877462,False,COMPACT_OTHER_FP
115,81.75,22,32,1.4545454545454546,0.8102714078950124,1.7063250319462158,0.46448863636363635,0.7679509520530701,0.4230782389640808,0.7059581875801086,621564.2415902141,4597213.340978594,False,ROAD_LIKE_COMPACT
117,168.25,32,28,1.1428571428571428,0.5386240514921561,1.186878508795375,0.7511160714285714,0.45793718099594116,0.22603057324886322,0.7997144460678101,621355.9673105498,4597195.414561664,False,COMPACT_OTHER_FP
119,4.75,6,4,1.5,0.7766615031450168,1.587507769647901,0.7916666666666666,0.38228607177734375,0.2887932062149048,0.5455779433250427,620210.3421052631,4597200.7105263155,False,ROAD_LIKE_COMPACT
120,7.0,12,4,3.0,0.9745090296257254,4.457355303277928,0.5833333333333334,0.3500889241695404,0.27522575855255127,0.5103693008422852,620218.8392857143,4597198.410714285,False,LIKELY_ROAD_FP
121,16.0,10,10,1.0,0.7619266332785931,1.5440120415079575,0.64,0.1170070543885231,0.08591124415397644,0.5313659906387329,622801.734375,4597196.6484375,False,COMPACT_OTHER_FP
123,221.25,34,33,1.0303030303030303,0.5105524538639162,1.1629981312500828,0.7887700534759359,0.3771412968635559,0.14757689833641052,0.8476062417030334,623039.7864406779,4597189.802824859,False,COMPACT_OTHER_FP
125,209.75,30,34,1.1333333333333333,0.47506466768266753,1.1364270620930206,0.8225490196078431,0.221594899892807,0.08673713356256485,0.8386359810829163,619840.9404052444,4597188.331942789,False,COMPACT_OTHER_FP
126,261.5,46,31,1.4838709677419355,0.7926877510197547,1.6403449765558926,0.7335203366058906,0.34641313552856445,0.1650199294090271,0.861168384552002,619918.3637667304,4597178.744741874,False,COMPACT_OTHER_FP
127,10.5,9,6,1.5,0.7400200140436902,1.4868012590632491,0.7777777777777778,0.478346049785614,0.27414822578430176,0.5359668135643005,620713.619047619,4597178.416666667,False,ROAD_LIKE_COMPACT
128,140.0,27,26,1.0384615384615385,0.2931758385767594,1.0459610583208028,0.7977207977207977,0.38093963265419006,0.226365327835083,0.6488631367683411,621352.2035714285,4597173.797321429,False,COMPACT_OTHER_FP
130,14.25,16,7,2.2857142857142856,0.9339325032333219,2.797598701049351,0.5089285714285714,0.22935491800308228,0.15541552007198334,0.49659162759780884,621344.0964912281,4597174.657894737,False,COMPACT_OTHER_FP
131,330.5,42,42,1.0,0.6126930814289985,1.2653087493631048,0.7494331065759637,0.4341314136981964,0.18966375291347504,0.8677912354469299,622520.8857791226,4597163.551437216,False,COMPACT_OTHER_FP
132,36.0,24,9,2.6666666666666665,0.9501791311315635,3.208167973132931,0.6666666666666666,0.5876473188400269,0.3509829640388489,0.5820673704147339,620210.6215277778,4597141.84375,False,LIKELY_ROAD_FP
133,311.0,40,39,1.0256410256410255,0.45303098817136395,1.12171157296067,0.7974358974358975,0.39796769618988037,0.14301615953445435,0.9028723835945129,623956.865755627,4597131.279742765,False,COMPACT_OTHER_FP
134,160.75,37,34,1.088235294117647,0.875098997059391,2.066355004500499,0.5111287758346582,0.34240660071372986,0.1507260650396347,0.6367478966712952,622048.6485225506,4597130.2107309485,False,COMPACT_OTHER_FP
135,5.75,6,5,1.2,0.8189435143076293,1.7425423846945498,0.7666666666666667,0.3335702419281006,0.2756369709968567,0.5007689595222473,621901.9130434783,4597134.847826087,False,ROAD_LIKE_COMPACT
137,37.75,21,17,1.2352941176470589,0.8220419566529715,1.7561515943043764,0.42296918767507,0.2684621512889862,0.1235414445400238,0.5501419305801392,621909.3841059603,4597126.758278145,False,COMPACT_OTHER_FP
138,21.0,10,12,1.2,0.5987332999083466,1.2485197861501602,0.7,0.3939528465270996,0.2857923209667206,0.4946895241737366,621907.8154761905,4597130.845238095,False,ROAD_LIKE_COMPACT
139,237.5,38,33,1.1515151515151516,0.47283859814130985,1.1348817687612545,0.7575757575757576,0.4533223807811737,0.18705211579799652,0.9213623404502869,623186.4584210527,4597120.861052631,False,COMPACT_OTHER_FP
140,177.75,27,33,1.2222222222222223,0.559319458267056,1.2063421806109489,0.797979797979798,0.516399085521698,0.3267999291419983,0.7316308617591858,620691.741209564,4597115.032348804,False,ROAD_LIKE_COMPACT
141,82.5,23,19,1.2105263157894737,0.6303059891550189,1.2880841331291328,0.7551487414187643,0.382199764251709,0.22268778085708618,0.584065318107605,621238.3848484849,4597096.133333334,False,COMPACT_OTHER_FP
142,300.5,43,36,1.1944444444444444,0.5344384826011275,1.1831415916214736,0.7764857881136951,0.3862786293029785,0.16134394705295563,0.9298624992370605,622653.5923460899,4597090.001663893,False,COMPACT_OTHER_FP
143,234.0,38,33,1.1515151515151516,0.4603725338844836,1.1264739386761509,0.7464114832535885,0.569724440574646,0.2632397413253784,0.854083240032196,621383.5523504274,4597089.236645299,False,ROAD_LIKE_COMPACT
146,87.75,26,24,1.0833333333333333,0.7385326778875089,1.4832004938905166,0.5625,0.45952117443084717,0.16708797216415405,0.5899894833564758,621113.792022792,4597086.658119658,False,COMPACT_OTHER_FP
147,15.75,9,8,1.125,0.5630408308342357,1.2100251857860822,0.875,0.1941826343536377,0.1417044997215271,0.5197926759719849,621137.6349206349,4597086.968253968,False,COMPACT_OTHER_FP
148,4.5,6,7,1.1666666666666667,0.9553911026283609,3.3858868313893704,0.42857142857142855,0.11315787583589554,0.0869130864739418,0.5141268372535706,619986.3055555555,4597086.75,False,ELONGATED_OTHER
149,16.0,10,9,1.1111111111111112,0.8424203868232218,1.8559044782101515,0.7111111111111111,0.21155032515525818,0.1510978639125824,0.5787867307662964,619998.421875,4597081.7734375,False,COMPACT_OTHER_FP
150,233.25,35,35,1.0,0.4000048416735878,1.091091966774828,0.7616326530612245,0.35892343521118164,0.1773349791765213,0.8255941271781921,620570.6682743838,4597076.55091104,False,COMPACT_OTHER_FP
151,32.75,13,13,1.0,0.7375102545882207,1.480744543521049,0.7751479289940828,0.27099162340164185,0.1363545060157776,0.5708420872688293,621136.6641221374,4597081.393129771,False,COMPACT_OTHER_FP
152,112.75,20,27,1.35,0.6493199044159039,1.3148977789194873,0.8351851851851851,0.3250383138656616,0.14984895288944244,0.6543548107147217,621482.1352549889,4597079.799334812,False,COMPACT_OTHER_FP
153,150.75,26,28,1.0769230769230769,0.38257508700547455,1.0823396335799549,0.8282967032967034,0.4572579264640808,0.22284911572933197,0.7691401243209839,622944.1135986733,4597078.259535655,False,COMPACT_OTHER_FP
154,138.25,27,26,1.0384615384615385,0.4080816503480055,1.0953557157364964,0.7877492877492878,0.11849182844161987,0.05017628148198128,0.6718431711196899,619809.5949367088,4597070.962929476,False,COMPACT_OTHER_FP
155,12.75,9,10,1.1111111111111112,0.8970626409327568,2.2629379894381625,0.5666666666666667,0.14498120546340942,0.11011403053998947,0.5413099527359009,619992.3235294118,4597074.549019608,False,COMPACT_OTHER_FP
156,199.0,36,29,1.2413793103448276,0.533216756531252,1.182062916139278,0.7624521072796935,0.47073662281036377,0.18016810715198517,0.7692025899887085,620986.6432160804,4597061.868718593,False,COMPACT_OTHER_FP
157,184.25,33,28,1.1785714285714286,0.6236347868704689,1.2792372245599684,0.7976190476190477,0.5376786589622498,0.17931276559829712,0.8113148212432861,620452.7910447761,4597059.085481683,False,ROAD_LIKE_COMPACT
158,303.5,41,38,1.0789473684210527,0.3341450685610523,1.0609835784669548,0.7792041078305519,0.3093366026878357,0.12691426277160645,0.9326379299163818,623985.9439868204,4597032.13014827,False,COMPACT_OTHER_FP
159,23.75,8,17,2.125,0.9073925656190829,2.379342877284953,0.6985294117647058,0.11352768540382385,0.08946825563907623,0.5138169527053833,620950.1736842105,4597035.578947368,False,COMPACT_OTHER_FP
160,226.5,30,36,1.2,0.5199312099938399,1.1706748738736188,0.8388888888888889,0.4384545385837555,0.11169732362031937,0.8907277584075928,619649.798013245,4597027.5811258275,False,COMPACT_OTHER_FP
161,65.5,39,20,1.95,0.9860775854972524,6.013739549089784,0.33589743589743587,0.6296787261962891,0.36208391189575195,0.5936761498451233,622854.5992366412,4597013.776717558,False,LIKELY_ROAD_FP
162,55.0,36,17,2.1176470588235294,0.9833859006241242,5.508812455053919,0.35947712418300654,0.5523492693901062,0.2975093126296997,0.5738165378570557,622848.1068181818,4597008.372727273,False,LIKELY_ROAD_FP
163,357.75,40,53,1.325,0.7839695031854238,1.6108264599693993,0.675,0.5555534362792969,0.19729308784008026,0.8090441226959229,619518.0331935709,4597005.274283717,False,ROAD_LIKE_COMPACT
164,214.0,32,35,1.09375,0.6290999810231137,1.2864641936020944,0.7642857142857142,0.5832024812698364,0.23084251582622528,0.8442370891571045,623633.5992990654,4597003.331191589,False,ROAD_LIKE_COMPACT
165,83.75,21,27,1.2857142857142858,0.7972995951923683,1.6567708842368565,0.5908289241622575,0.2623128294944763,0.12205591797828674,0.6179503202438354,621879.7029850746,4597004.013432836,False,COMPACT_OTHER_FP
166,146.75,27,27,1.0,0.19126053822080472,1.0188079023328096,0.8052126200274349,0.588650107383728,0.24995377659797668,0.73246830701828,623865.2436115843,4596996.936115843,False,ROAD_LIKE_COMPACT
167,56.0,18,20,1.1111111111111112,0.8028837531921174,1.6774706366175163,0.6222222222222222,0.7344703674316406,0.42617014050483704,0.5896797180175781,620947.6986607143,4596997.390625,False,ROAD_LIKE_COMPACT
169,11.0,11,9,1.2222222222222223,0.8959313410873145,2.2512758784089626,0.4444444444444444,0.16055123507976532,0.11348417401313782,0.5049141049385071,621875.1590909091,4596996.125,False,COMPACT_OTHER_FP
171,38.75,16,20,1.25,0.9355391253751637,2.831072073220141,0.484375,0.6406898498535156,0.41985541582107544,0.5949941277503967,620953.1741935484,4596992.558064516,False,ROAD_LIKE_COMPACT
172,113.0,26,26,1.0,0.6629155486323792,1.3356588397785099,0.6686390532544378,0.38003966212272644,0.16556774079799652,0.6555923819541931,623045.125,4596987.82079646,False,COMPACT_OTHER_FP
174,277.75,38,35,1.0857142857142856,0.39659938244738957,1.089334358884947,0.8353383458646616,0.390882670879364,0.1679258644580841,0.9036832451820374,622176.9734473447,4596979.545904591,False,COMPACT_OTHER_FP
175,286.25,44,34,1.2941176470588236,0.7498219703275918,1.5113967483310042,0.7653743315508021,0.4814538359642029,0.16398964822292328,0.8613998293876648,622565.2113537118,4596977.39650655,False,COMPACT_OTHER_FP
176,78.5,23,20,1.15,0.654943507656019,1.3233152325527777,0.6826086956521739,0.35025468468666077,0.19019979238510132,0.6579309701919556,622900.8885350318,4596983.353503184,False,COMPACT_OTHER_FP
177,180.25,30,30,1.0,0.19977403018050227,1.0205727088832723,0.8011111111111111,0.3646078407764435,0.13117432594299316,0.8469880819320679,623315.0533980583,4596981.334257975,False,COMPACT_OTHER_FP
178,165.5,37,30,1.2333333333333334,0.5803421942578634,1.2279389615311613,0.5963963963963964,0.7185943722724915,0.42055150866508484,0.7065833806991577,619649.7439577039,4596978.308157099,False,ROAD_LIKE_COMPACT
180,18.75,14,7,2.0,0.8386949139679294,1.836204857962316,0.7653061224489796,0.5908382534980774,0.4231913387775421,0.567839503288269,622893.68,4596981.793333333,False,ROAD_LIKE_COMPACT
181,8.25,12,4,3.0,0.9610967192685427,3.6204068661006183,0.6875,0.28736767172813416,0.19460859894752502,0.5588457584381104,623180.5606060605,4596979.075757576,False,ELONGATED_OTHER
182,78.0,25,27,1.08,0.5388573998881718,1.187088750470556,0.4622222222222222,0.2505458891391754,0.15092794597148895,0.6076636910438538,619681.3990384615,4596973.391025641,False,COMPACT_OTHER_FP
183,315.5,38,50,1.3157894736842106,0.833439894933928,1.8095940863866322,0.6642105263157895,0.6049825549125671,0.3138398230075836,0.7825362086296082,622828.7072107765,4596967.93977813,False,ROAD_LIKE_COMPACT
185,15.0,13,6,2.1666666666666665,0.8870561408037082,2.1660889058830364,0.7692307692307693,0.23974859714508057,0.17040196061134338,0.5165727734565735,623548.2833333333,4596973.925,False,COMPACT_OTHER_FP
186,104.75,29,33,1.1379310344827587,0.7861565939336786,1.618051359948799,0.4378265412748171,0.7202698588371277,0.3634648323059082,0.6090736389160156,620814.1742243437,4596968.910501193,False,ROAD_LIKE_COMPACT
189,198.25,31,50,1.6129032258064515,0.880363567215104,2.1083725751092266,0.5116129032258064,0.35259178280830383,0.1576201468706131,0.6754453182220459,620791.0731399747,4596964.812105927,False,COMPACT_OTHER_FP
190,58.75,21,21,1.0,0.7415501519601624,1.4905407944155025,0.5328798185941043,0.228500634431839,0.11516256630420685,0.5467137694358826,620356.8765957446,4596962.259574468,False,COMPACT_OTHER_FP
191,219.5,29,37,1.2758620689655173,0.623778980659915,1.2794255358011606,0.8182665424044734,0.454714298248291,0.1433902233839035,0.8294216394424438,622941.4282460137,4596954.162300684,False,COMPACT_OTHER_FP
194,188.0,35,29,1.206896551724138,0.6360076223781503,1.2958692784113188,0.7408866995073892,0.3415825068950653,0.15296535193920135,0.8206849694252014,622036.7094414893,4596948.183510638,False,COMPACT_OTHER_FP
195,477.75,64,49,1.3061224489795917,0.8629930534681229,1.9793522474860497,0.609375,0.48456302285194397,0.21359874308109283,0.8772348761558533,620707.8906331763,4596938.613814756,False,COMPACT_OTHER_FP
196,25.75,8,18,2.25,0.9216663308946922,2.5774293812347624,0.7152777777777778,0.19718575477600098,0.15227560698986053,0.5181961059570312,620965.4126213592,4596952.213592233,False,COMPACT_OTHER_FP
197,28.5,18,16,1.125,0.9613551189789967,3.6322513687756195,0.3958333333333333,0.6304574012756348,0.4312267005443573,0.549254298210144,622331.6798245613,4596948.583333333,False,LIKELY_ROAD_FP
198,253.75,45,33,1.3636363636363635,0.8295727639444112,1.790835341170428,0.6835016835016835,0.39033058285713196,0.226019948720932,0.798419177532196,623376.9492610837,4596942.013793103,False,COMPACT_OTHER_FP
201,23.75,17,15,1.1333333333333333,0.9657384849070777,3.8533090969524615,0.37254901960784315,0.5518152117729187,0.3197951912879944,0.5614029765129089,622326.2,4596943.194736842,False,LIKELY_ROAD_FP
203,5.25,5,7,1.4,0.8828108734118392,2.128888874652107,0.6,0.12739527225494385,0.10080220550298691,0.4886927604675293,620963.5476190476,4596943.357142857,False,COMPACT_OTHER_FP
204,25.5,20,9,2.2222222222222223,0.9301625377646595,2.7236972613086845,0.5666666666666667,0.15752527117729187,0.09780289232730865,0.5454810857772827,622458.1372549019,4596932.852941177,False,COMPACT_OTHER_FP
206,33.0,19,9,2.111111111111111,0.8820899214358537,2.122776890689478,0.7719298245614035,0.5957277417182922,0.3302129805088043,0.6228951811790466,622948.1060606061,4596929.723484849,False,ROAD_LIKE_COMPACT
207,7.5,8,5,1.6,0.8556697049987277,1.9322837941894415,0.75,0.3275204002857208,0.20554080605506897,0.5376946330070496,622938.8833333333,4596928.733333333,False,COMPACT_OTHER_FP
208,52.5,13,25,1.9230769230769231,0.8926062316686408,2.2180959372107214,0.6461538461538462,0.3370574116706848,0.1547883301973343,0.578586220741272,620430.6880952381,4596918.385714286,False,COMPACT_OTHER_FP
209,7.25,6,10,1.6666666666666667,0.9233587331208062,2.604584883204596,0.48333333333333334,0.12164181470870972,0.09942761063575745,0.5253384709358215,620376.7068965518,4596914.068965517,False,COMPACT_OTHER_FP
210,192.5,34,46,1.3529411764705883,0.7215752302504324,1.4443853095063894,0.49232736572890023,0.708005964756012,0.4086609184741974,0.7227274775505066,621351.0454545454,4596905.273376623,False,ROAD_LIKE_COMPACT
211,21.75,15,9,1.6666666666666667,0.8888808257759595,2.18274608691248,0.6444444444444445,0.23442897200584412,0.15132391452789307,0.5286927223205566,620380.7413793104,4596908.879310345,False,COMPACT_OTHER_FP
212,191.75,34,31,1.096774193548387,0.5371471128404057,1.1855525107539073,0.7277039848197343,0.2845348119735718,0.11270127445459366,0.8258770108222961,623867.0808344198,4596902.632333768,False,COMPACT_OTHER_FP
213,316.5,43,47,1.0930232558139534,0.7874106639078441,1.6222474114439358,0.6264225630875804,0.3564746677875519,0.20787084102630615,0.8689978122711182,619675.4853870458,4596893.798973144,False,COMPACT_OTHER_FP
214,42.75,19,15,1.2666666666666666,0.768048190346225,1.5615434334083445,0.6,0.5140953063964844,0.3658319413661957,0.5732199549674988,623995.485380117,4596897.771929825,False,ROAD_LIKE_COMPACT
216,143.5,29,31,1.0689655172413792,0.4671804671667715,1.1310144746335944,0.6384872080088988,0.5103134512901306,0.2103552222251892,0.7165645956993103,619533.9555749128,4596891.3527874565,False,ROAD_LIKE_COMPACT
218,26.75,8,22,2.75,0.9463560807458328,3.09477159309091,0.6079545454545454,0.5988988280296326,0.38401469588279724,0.5684893131256104,622428.3130841121,4596890.327102804,False,LIKELY_ROAD_FP
219,297.25,39,40,1.0256410256410255,0.3553910436813378,1.0698417119224501,0.7621794871794871,0.24762707948684692,0.11143346130847931,0.8874561190605164,623736.3473507148,4596882.066021867,False,COMPACT_OTHER_FP
220,12.75,10,13,1.3,0.9612393885061025,3.626931777846213,0.3923076923076923,0.4248438775539398,0.3052119016647339,0.5136867761611938,621535.274509804,4596889.833333333,False,LIKELY_ROAD_FP
221,132.75,35,29,1.206896551724138,0.5169949014510056,1.168240025972488,0.5231527093596059,0.46405139565467834,0.24883414804935455,0.6546307802200317,623671.5866290019,4596879.099811676,False,COMPACT_OTHER_FP
222,31.25,12,22,1.8333333333333333,0.959306116723537,3.541475855853805,0.4734848484848485,0.4568943679332733,0.2400898039340973,0.5757924318313599,622432.392,4596882.632,False,ELONGATED_OTHER
223,49.0,18,18,1.0,0.7864331405648334,1.6189732980818106,0.6049382716049383,0.2994123697280884,0.17894808948040009,0.5769235491752625,620060.706632653,4596877.87755102,False,COMPACT_OTHER_FP
224,143.25,35,27,1.2962962962962963,0.4399445114101243,1.1135547960490972,0.6063492063492063,0.7496374249458313,0.47149088978767395,0.7181087732315063,623021.2216404886,4596871.806282722,False,ROAD_LIKE_COMPACT
225,233.75,39,33,1.1818181818181819,0.4995201878839932,1.1543315330221795,0.7264957264957265,0.3085026443004608,0.15387208759784698,0.9163487553596497,622438.8267379679,4596858.754545455,False,COMPACT_OTHER_FP
226,32.5,13,18,1.3846153846153846,0.8947194701646245,2.238996991715541,0.5555555555555556,0.14241069555282593,0.09974674880504608,0.5663527846336365,621686.4115384616,4596863.303846153,False,COMPACT_OTHER_FP
227,215.5,35,33,1.0606060606060606,0.44736081950692863,1.118126030264705,0.7463203463203463,0.3328523337841034,0.1478697657585144,0.8488543033599854,623316.4414153133,4596856.164153133,False,COMPACT_OTHER_FP
228,39.75,24,9,2.6666666666666665,0.9318964669312021,2.756914226488398,0.7361111111111112,0.5582667589187622,0.3398584723472595,0.6084350943565369,622945.9496855346,4596856.591194969,False,ROAD_LIKE_COMPACT
229,119.75,25,24,1.0416666666666667,0.3465083439725471,1.0660447903194097,0.7983333333333333,0.47373318672180176,0.2342892587184906,0.6685577630996704,622977.1002087683,4596855.5730688935,False,COMPACT_OTHER_FP
231,137.75,37,29,1.2758620689655173,0.6621715615473737,1.3344858504458563,0.5135135135135135,0.6256668567657471,0.40267452597618103,0.6880283355712891,621457.2159709618,4596848.219600726,False,ROAD_LIKE_COMPACT
232,208.0,32,31,1.032258064516129,0.4900365649263729,1.147181191905606,0.8387096774193549,0.4006321132183075,0.13761086761951447,0.814096212387085,623195.5504807692,4596847.388221154,False,COMPACT_OTHER_FP
233,49.75,22,14,1.5714285714285714,0.8087169882548585,1.7001079202372185,0.6461038961038961,0.25471749901771545,0.1275007575750351,0.5679078102111816,623523.6834170854,4596850.183417086,False,COMPACT_OTHER_FP
234,157.0,24,38,1.5833333333333333,0.7809422851981792,1.6010164743800699,0.6885964912280702,0.2784039080142975,0.08667493611574173,0.8079054355621338,621695.974522293,4596846.229299363,False,COMPACT_OTHER_FP
237,102.5,23,26,1.1304347826086956,0.5493177483787411,1.1967254425646892,0.68561872909699,0.43474066257476807,0.16140051186084747,0.6973882913589478,621254.2097560975,4596832.804878049,False,COMPACT_OTHER_FP
238,219.5,36,34,1.0588235294117647,0.40741688241727825,1.094999660819068,0.7173202614379085,0.43728891015052795,0.16225987672805786,0.8178806304931641,622704.4732346241,4596827.98690205,False,COMPACT_OTHER_FP
239,132.0,29,26,1.1153846153846154,0.6294545189783886,1.2869394615108005,0.7002652519893899,0.39140594005584717,0.24448782205581665,0.7266666293144226,619877.3579545454,4596827.700757576,False,COMPACT_OTHER_FP
240,14.0,6,19,3.1666666666666665,0.9692020003134199,4.060631794133402,0.49122807017543857,0.1809011697769165,0.13679136335849762,0.49399369955062866,619757.5892857143,4596829.919642857,False,ELONGATED_OTHER
243,308.25,37,42,1.135135135135135,0.46184749780962164,1.127447385118187,0.7934362934362934,0.46561169624328613,0.13918578624725342,0.9241272211074829,622037.7096512571,4596804.643146796,False,COMPACT_OTHER_FP
244,269.5,55,33,1.6666666666666667,0.8300164558534759,1.7929536492422047,0.593939393939394,0.7555468082427979,0.48722654581069946,0.7222079038619995,622941.025510204,4596796.354359926,False,ROAD_LIKE_COMPACT
246,175.0,34,29,1.1724137931034482,0.7330979110650214,1.4703220293656347,0.7099391480730223,0.5647587180137634,0.2345910370349884,0.7479715943336487,623856.445,4596795.243571429,False,ROAD_LIKE_COMPACT
247,17.0,7,15,2.142857142857143,0.9297181452543734,2.7153852381980137,0.6476190476190476,0.3726215362548828,0.260759562253952,0.5392816066741943,622414.8382352941,4596798.735294118,False,ROAD_LIKE_COMPACT
248,148.75,31,27,1.1481481481481481,0.2878504098338436,1.0441951588897702,0.7108721624850657,0.3713645935058594,0.11927005648612976,0.7551932334899902,623685.7336134454,4596780.778151261,False,COMPACT_OTHER_FP
249,293.5,40,37,1.0810810810810811,0.5008544253694841,1.155359400805828,0.7932432432432432,0.3465965986251831,0.1434035301208496,0.9171910285949707,623769.4944633731,4596779.334752982,False,COMPACT_OTHER_FP
250,4.5,7,4,1.75,0.9350941316785819,2.82167486698909,0.6428571428571429,0.11951643228530884,0.08715737611055374,0.49912169575691223,620946.3055555555,4596780.555555556,False,COMPACT_OTHER_FP
251,166.0,38,32,1.1875,0.5511352669283763,1.1984431063857468,0.5460526315789473,0.7046684622764587,0.41330212354660034,0.7154700756072998,622931.733433735,4596771.981927711,False,ROAD_LIKE_COMPACT
252,117.25,42,22,1.9090909090909092,0.8345156869792553,1.8149341373204992,0.5075757575757576,0.7500038743019104,0.4434586465358734,0.6550341248512268,621455.4189765458,4596771.420042644,False,ROAD_LIKE_COMPACT
255,8.75,12,5,2.4,0.9340390329195317,2.799779797208499,0.5833333333333334,0.1648523211479187,0.13125525414943695,0.505450427532196,620884.7,4596767.242857143,False,COMPACT_OTHER_FP
256,51.5,21,15,1.4,0.6434902971135802,1.306413773948887,0.653968253968254,0.6892010569572449,0.3912401795387268,0.6520959734916687,620724.4514563107,4596763.88592233,False,ROAD_LIKE_COMPACT
257,24.0,17,8,2.125,0.9027073224827729,2.324202304727665,0.7058823529411765,0.6195288300514221,0.4935126304626465,0.5784702301025391,620731.1145833334,4596763.041666667,False,ROAD_LIKE_COMPACT
258,14.5,17,5,3.4,0.9727839510423142,4.315664727591147,0.6823529411764706,0.17349816858768463,0.12700586020946503,0.5444656610488892,622275.9913793104,4596760.568965517,False,ELONGATED_OTHER
259,11.75,10,7,1.4285714285714286,0.7636951023429461,1.549001663262225,0.6714285714285714,0.15190640091896057,0.09622278809547424,0.5436305403709412,622570.4042553192,4596758.819148936,False,COMPACT_OTHER_FP
260,7.75,5,8,1.6,0.8492863113745189,1.8941814229316,0.775,0.15954087674617767,0.10867118835449219,0.5013269782066345,622574.7741935484,4596760.274193549,False,COMPACT_OTHER_FP
261,245.25,36,35,1.0285714285714285,0.2460115934163978,1.0317075870972379,0.7785714285714286,0.32686203718185425,0.12983040511608124,0.8821882009506226,619683.134556575,4596751.686034659,False,COMPACT_OTHER_FP
262,204.5,33,32,1.03125,0.5303615746612325,1.179563056347953,0.7746212121212122,0.6066150069236755,0.2359251081943512,0.8280116319656372,623985.924205379,4596752.43398533,False,ROAD_LIKE_COMPACT
265,227.25,32,35,1.09375,0.6490391904551196,1.3144836842662746,0.8116071428571429,0.2655946612358093,0.13382212817668915,0.8328167796134949,619550.2827282728,4596745.104510451,False,COMPACT_OTHER_FP
266,131.75,26,28,1.0769230769230769,0.4744825122034697,1.1360216303143351,0.7239010989010989,0.6351350545883179,0.3705744445323944,0.7092698812484741,620754.8102466793,4596743.601518027,False,ROAD_LIKE_COMPACT
268,225.5,34,36,1.0588235294117647,0.6233746985568183,1.2788978798916188,0.7369281045751634,0.5222977995872498,0.22535325586795807,0.8578142523765564,622171.7034368071,4596732.110310421,False,ROAD_LIKE_COMPACT
269,261.75,35,38,1.0857142857142856,0.45444655349792135,1.1226191975828324,0.7872180451127819,0.5159736275672913,0.17380952835083008,0.8533587455749512,623439.0730659026,4596727.549188157,False,ROAD_LIKE_COMPACT
270,15.25,4,18,4.5,0.9726485058632615,4.305113624594283,0.8472222222222222,0.2423849254846573,0.203277125954628,0.5468981862068176,621097.2950819673,4596733.147540984,False,ELONGATED_OTHER
272,265.0,42,32,1.3125,0.6515501940797604,1.3182081665338508,0.7886904761904762,0.5135598182678223,0.2111748307943344,0.8675750494003296,623327.7599056604,4596722.831132076,False,ROAD_LIKE_COMPACT
273,238.75,35,35,1.0,0.34016657335957595,1.0634166427673593,0.7795918367346939,0.42838406562805176,0.19944974780082703,0.8990412950515747,622312.9073298429,4596723.338743456,False,COMPACT_OTHER_FP
274,26.25,8,18,2.25,0.8926948195295151,2.218959413067972,0.7291666666666666,0.2191653847694397,0.12970033288002014,0.5854972004890442,621096.1095238095,4596725.371428572,False,COMPACT_OTHER_FP
275,183.25,32,30,1.0666666666666667,0.37750075728716603,1.0799027898479858,0.7635416666666667,0.5225367546081543,0.1923113465309143,0.7214686870574951,622450.622100955,4596719.486357436,False,ROAD_LIKE_COMPACT
276,146.0,31,26,1.1923076923076923,0.6252079952965366,1.2812986426236637,0.7245657568238213,0.39509090781211853,0.1349431723356247,0.6986382603645325,623205.2491438356,4596718.180650685,False,COMPACT_OTHER_FP
277,217.75,35,33,1.0606060606060606,0.3624677450874366,1.0729656141448596,0.7541125541125541,0.3671365976333618,0.1840290129184723,0.7391583323478699,622561.1521239954,4596715.924225029,False,COMPACT_OTHER_FP
278,220.5,41,34,1.2058823529411764,0.8088179985066638,1.700509500600266,0.6327116212338594,0.39488670229911804,0.102266825735569,0.7603985667228699,622679.4569160998,4596715.358276644,False,COMPACT_OTHER_FP
279,281.5,41,43,1.048780487804878,0.8137659437131062,1.7205996379501989,0.6386840612592173,0.5108926296234131,0.17157074809074402,0.7096260786056519,622833.8303730018,4596714.394316164,False,ROAD_LIKE_COMPACT
280,6.0,7,6,1.1666666666666667,0.8551031111736299,1.928796648945337,0.5714285714285714,0.29645782709121704,0.27233681082725525,0.5270599126815796,620489.875,4596721.708333333,False,ROAD_LIKE_COMPACT
283,60.25,16,21,1.3125,0.6825095907387241,1.368219955791462,0.7172619047619048,0.35296332836151123,0.14093370735645294,0.5845335721969604,620647.213692946,4596716.421161826,False,COMPACT_OTHER_FP
284,188.0,34,29,1.1724137931034482,0.5245891073784005,1.1745973851060143,0.7626774847870182,0.27617523074150085,0.14226432144641876,0.8477652072906494,623084.8543882979,4596711.322473404,False,COMPACT_OTHER_FP
286,219.25,36,32,1.125,0.45585212431174826,1.1235254092653866,0.7612847222222222,0.3255876898765564,0.1923731416463852,0.8377969861030579,622050.7428734321,4596708.582098061,False,COMPACT_OTHER_FP
288,7.0,6,9,1.5,0.939202188725221,2.9123561349042197,0.5185185185185185,0.389117032289505,0.2954537868499756,0.515094518661499,622397.0,4596715.267857143,False,ROAD_LIKE_COMPACT
290,14.5,9,11,1.2222222222222223,0.8425605873615872,1.8566599994515924,0.5858585858585859,0.16962677240371704,0.10703425109386444,0.5472531914710999,623973.7931034482,4596713.387931035,False,COMPACT_OTHER_FP
291,5.0,3,8,2.6666666666666665,0.9207751426646194,2.56348631731887,0.8333333333333334,0.4438506066799164,0.39625492691993713,0.5013939738273621,620488.1,4596714.575,False,ROAD_LIKE_COMPACT
293,11.5,10,10,1.0,0.9316155434360692,2.7514457498306792,0.46,0.43371161818504333,0.33846038579940796,0.559259831905365,622376.945652174,4596698.032608695,False,ROAD_LIKE_COMPACT
294,24.5,15,15,1.0,0.942359416345742,2.9886221953598366,0.43555555555555553,0.2930503189563751,0.21266359090805054,0.5461419820785522,621072.1173469388,4596692.964285715,False,COMPACT_OTHER_FP
295,188.5,38,42,1.105263157894737,0.5375438013598971,1.1859078644394558,0.4724310776942356,0.7531036734580994,0.3810996413230896,0.6855700016021729,620149.4675066313,4596683.450928382,False,ROAD_LIKE_COMPACT
296,5.5,4,7,1.75,0.839664030737444,1.8412606027073495,0.7857142857142857,0.1962171494960785,0.13129371404647827,0.5275834798812866,622869.6363636364,4596690.2272727275,False,COMPACT_OTHER_FP
297,32.0,12,20,1.6666666666666667,0.8498603917898997,1.8975048039231355,0.5333333333333333,0.391289621591568,0.2945488393306732,0.5842705965042114,623042.48046875,4596686.546875,False,ROAD_LIKE_COMPACT
298,249.0,36,34,1.0588235294117647,0.31727192047843283,1.0544801293822879,0.8137254901960784,0.3827757239341736,0.20820391178131104,0.8891262412071228,621172.4136546184,4596680.398594378,False,COMPACT_OTHER_FP
299,125.25,44,16,2.75,0.9189946542342783,2.536333030253399,0.7116477272727273,0.727685272693634,0.3872363865375519,0.7722285985946655,621608.25748503,4596673.134730539,False,ROAD_LIKE_COMPACT
300,35.5,20,10,2.0,0.8934841213610805,2.226701435811015,0.71,0.5268875360488892,0.3055770993232727,0.5467578172683716,621615.2922535212,4596673.792253521,False,ROAD_LIKE_COMPACT
301,254.5,35,38,1.0857142857142856,0.5459233319767178,1.193552235618947,0.7654135338345864,0.5140953660011292,0.15267550945281982,0.8629889488220215,623985.5776031434,4596663.580550098,False,ROAD_LIKE_COMPACT
302,214.25,34,32,1.0625,0.38311307058547683,1.08260087308626,0.7876838235294118,0.45841851830482483,0.15704584121704102,0.7938534021377563,623740.6557759626,4596658.9813302215,False,COMPACT_OTHER_FP
303,270.75,42,34,1.2352941176470589,0.5589355650237755,1.2059655380088161,0.7584033613445378,0.5133787393569946,0.18056169152259827,0.8772032260894775,623876.688365651,4596654.098799631,False,ROAD_LIKE_COMPACT
304,244.5,36,33,1.0909090909090908,0.41488345506434604,1.0990525965665383,0.8232323232323232,0.5120826363563538,0.12562589347362518,0.8731757402420044,619665.9631901841,4596652.554703477,False,ROAD_LIKE_COMPACT
305,7.0,9,8,1.125,0.9702645130048461,4.131428152805819,0.3888888888888889,0.24848860502243042,0.19228170812129974,0.507834792137146,623972.7321428572,4596646.428571428,False,ELONGATED_OTHER
306,192.75,34,30,1.1333333333333333,0.556828957652433,1.203909556836725,0.7558823529411764,0.49649930000305176,0.171345517039299,0.8317458629608154,619559.1712062256,4596618.912451362,False,COMPACT_OTHER_FP
307,262.5,35,36,1.0285714285714285,0.2712158563707234,1.0389410156450405,0.8333333333333334,0.595439076423645,0.2116464227437973,0.9160231351852417,622828.2114285714,4596608.264761905,False,ROAD_LIKE_COMPACT
308,187.0,34,28,1.2142857142857142,0.6058093125181119,1.2568974173454266,0.7857142857142857,0.5458441972732544,0.321797251701355,0.727211058139801,622324.6864973262,4596608.192513369,False,ROAD_LIKE_COMPACT
309,203.5,34,32,1.0625,0.5050438104806247,1.1586227431125196,0.7481617647058824,0.5801076889038086,0.21291816234588623,0.7797054648399353,622450.5608108108,4596606.302211302,False,ROAD_LIKE_COMPACT
311,47.25,29,15,1.9333333333333333,0.9678939673176837,3.978376043848381,0.43448275862068964,0.614856481552124,0.35222235321998596,0.6397242546081543,620098.4126984127,4596598.2433862435,False,LIKELY_ROAD_FP
312,8.25,13,4,3.25,0.968332007138567,4.005350750901503,0.6346153846153846,0.32482409477233887,0.21856725215911865,0.5336532592773438,620108.6060606061,4596598.787878788,False,ELONGATED_OTHER
313,240.75,34,37,1.088235294117647,0.6405404512371383,1.3022114687546917,0.7655007949125596,0.5909562706947327,0.16978779435157776,0.8480560183525085,622554.8862928349,4596591.218068535,False,ROAD_LIKE_COMPACT
314,239.75,41,33,1.2424242424242424,0.5090334364297301,1.1617819117532715,0.7087952697708795,0.38708195090293884,0.17836514115333557,0.8739263415336609,622700.1126173097,4596588.984880083,False,COMPACT_OTHER_FP
315,244.75,34,37,1.088235294117647,0.4761393090639658,1.137177927646115,0.7782193958664547,0.5418634414672852,0.1656651645898819,0.8694953918457031,623459.0582226762,4596589.126659857,False,ROAD_LIKE_COMPACT
316,20.5,20,7,2.857142857142857,0.9638148761939644,3.751325038351778,0.5857142857142857,0.4579632878303528,0.3435671031475067,0.5451545715332031,620105.5548780488,4596591.524390244,False,LIKELY_ROAD_FP
317,249.0,37,35,1.0571428571428572,0.5509921490158779,1.1983073768748114,0.7691119691119691,0.3486717939376831,0.16454453766345978,0.8514721989631653,622963.8383534136,4596584.75,False,COMPACT_OTHER_FP
318,217.75,38,33,1.1515151515151516,0.3586513227340317,1.0712698700222367,0.6945773524720893,0.5048216581344604,0.20768389105796814,0.8500927686691284,619821.4219288174,4596579.673938002,False,ROAD_LIKE_COMPACT
319,93.0,21,26,1.2380952380952381,0.758879732104481,1.5355539129061646,0.6813186813186813,0.5301566123962402,0.31949809193611145,0.6145504713058472,622210.125,4596583.682795699,False,ROAD_LIKE_COMPACT
320,132.75,32,27,1.1851851851851851,0.7990097066256535,1.6630132315593857,0.6145833333333334,0.4573184847831726,0.172271728515625,0.6248127222061157,621018.1892655367,4596577.208097928,False,COMPACT_OTHER_FP
321,61.75,18,24,1.3333333333333333,0.7921530492143775,1.6384780340133496,0.5717592592592593,0.4119386076927185,0.21632160246372223,0.5912261605262756,623982.556680162,4596579.536437247,False,COMPACT_OTHER_FP
322,266.25,36,37,1.0277777777777777,0.3369504265976851,1.0621096334019555,0.7995495495495496,0.4235176146030426,0.1894753873348236,0.8614345788955688,622050.914084507,4596572.222065728,False,COMPACT_OTHER_FP
323,104.75,25,23,1.0869565217391304,0.47801646269638853,1.1384971852481178,0.7286956521739131,0.1836075335741043,0.11332334578037262,0.7346415519714355,620648.0751789976,4596572.414081146,False,COMPACT_OTHER_FP
325,28.75,21,7,3.0,0.9453934493731508,3.068131033025988,0.782312925170068,0.2996685206890106,0.14366690814495087,0.6239960789680481,623757.2217391304,4596569.204347827,False,ELONGATED_OTHER
326,31.0,24,10,2.4,0.9250118773548855,2.632007077480298,0.5166666666666667,0.27695703506469727,0.13270092010498047,0.5436261296272278,623752.8709677419,4596567.911290322,False,COMPACT_OTHER_FP
327,42.5,16,27,1.6875,0.9667072404534224,3.9080062050103686,0.39351851851851855,0.631026029586792,0.37331119179725647,0.5783275961875916,623211.4411764706,4596564.620588236,False,LIKELY_ROAD_FP
328,46.75,13,46,3.5384615384615383,0.9915645687641147,7.7152350132194885,0.31270903010033446,0.4411914348602295,0.2165764421224594,0.5855165719985962,623202.8128342245,4596557.962566845,False,ELONGATED_OTHER
329,16.75,10,10,1.0,0.7100772316769602,1.4202048001759993,0.67,0.4611380994319916,0.3140887916088104,0.5683640241622925,621478.8134328359,4596555.298507462,False,ROAD_LIKE_COMPACT
330,20.25,16,8,2.0,0.8862123850295982,2.1585256145266736,0.6328125,0.2743799090385437,0.20719222724437714,0.5207886099815369,623753.3580246913,4596553.99382716,False,COMPACT_OTHER_FP
331,28.0,15,12,1.25,0.48816190631284107,1.1457994401259672,0.6222222222222222,0.17518502473831177,0.08482895791530609,0.6454054117202759,623758.2321428572,4596552.544642857,False,COMPACT_OTHER_FP
332,94.75,23,25,1.0869565217391304,0.7561782270724061,1.5281974240916147,0.6591304347826087,0.5397717356681824,0.28563547134399414,0.6336771845817566,621474.7044854881,4596548.686015831,False,ROAD_LIKE_COMPACT
333,43.75,18,16,1.125,0.7140119842695375,1.4282990774379882,0.6076388888888888,0.5466776490211487,0.3936072587966919,0.5384456515312195,619846.6628571429,4596550.068571429,False,ROAD_LIKE_COMPACT
335,16.75,14,6,2.3333333333333335,0.8849598677305669,2.1474559285378088,0.7976190476190477,0.23792991042137146,0.15417751669883728,0.5775845050811768,621226.3507462686,4596546.932835821,False,COMPACT_OTHER_FP
336,255.75,37,36,1.0277777777777777,0.23332624964089002,1.0283849576654165,0.7680180180180181,0.4236724078655243,0.1962457001209259,0.9313506484031677,620863.4848484849,4596540.224828934,False,COMPACT_OTHER_FP
337,241.5,36,35,1.0285714285714285,0.2375251543066167,1.0294617668102184,0.7666666666666667,0.44502902030944824,0.18172182142734528,0.903544008731842,623876.3105590062,4596531.650621118,False,COMPACT_OTHER_FP
338,207.25,35,31,1.1290322580645162,0.5850563957177158,1.23305685822462,0.7640552995391705,0.41597306728363037,0.1761232316493988,0.7963436841964722,623991.0156815441,4596522.168878166,False,COMPACT_OTHER_FP
339,20.0,11,11,1.0,0.6821562544574126,1.3676028516988523,0.6611570247933884,0.16219758987426758,0.11385111510753632,0.5401335954666138,621494.48125,4596523.18125,False,COMPACT_OTHER_FP
340,46.5,21,17,1.2352941176470589,0.7416289295133393,1.490734294984611,0.5210084033613446,0.343892365694046,0.17659905552864075,0.5310180187225342,621497.502688172,4596516.15860215,False,COMPACT_OTHER_FP
341,235.0,37,32,1.15625,0.5480345078863149,1.1955205414235088,0.793918918918919,0.4350612759590149,0.19206535816192627,0.8634626865386963,619534.4239361702,4596504.404255319,False,COMPACT_OTHER_FP
342,23.0,16,22,1.375,0.890920163446178,2.201867414141067,0.26136363636363635,0.2859199643135071,0.18433359265327454,0.5474717617034912,622468.7391304348,4596505.016304348,False,COMPACT_OTHER_FP
343,10.0,11,5,2.2,0.9038060879140716,2.3367639860540184,0.7272727272727273,0.49078473448753357,0.34006813168525696,0.5254611372947693,622731.6625,4596505.125,False,ROAD_LIKE_COMPACT
344,6.0,8,5,1.6,0.9301434796694379,2.723339144479312,0.6,0.19698062539100647,0.1265725940465927,0.5299789309501648,619501.8958333334,4596504.375,False,COMPACT_OTHER_FP
345,266.5,40,35,1.1428571428571428,0.510272928370037,1.162773766694878,0.7614285714285715,0.3877486288547516,0.14379644393920898,0.8267781734466553,623552.7997185742,4596492.74859287,False,COMPACT_OTHER_FP
347,51.75,20,19,1.0526315789473684,0.8417321084625194,1.8522105853908408,0.5447368421052632,0.769686758518219,0.42262503504753113,0.6178954839706421,620880.0845410628,4596487.207729469,False,ROAD_LIKE_COMPACT
348,225.5,40,27,1.4814814814814814,0.7374654227197261,1.480637210116979,0.8351851851851851,0.5732006430625916,0.21277371048927307,0.7655289173126221,619671.6818181818,4596479.993348115,False,ROAD_LIKE_COMPACT
349,4.0,5,4,1.25,0.5773502691896258,1.2247448713915892,0.8,0.3956886827945709,0.26971539855003357,0.5175300240516663,622625.75,4596482.5,False,ROAD_LIKE_COMPACT
350,8.0,9,5,1.8,0.8565586469211931,1.9377978825138102,0.7111111111111111,0.6220576167106628,0.47746741771698,0.5338714718818665,620876.8125,4596480.65625,False,ROAD_LIKE_COMPACT
351,205.25,35,33,1.0606060606060606,0.3918906433710804,1.086942573135812,0.7108225108225108,0.6243507862091064,0.3067682087421417,0.8843607902526855,622319.4707673569,4596473.40133983,False,ROAD_LIKE_COMPACT
352,227.75,37,32,1.15625,0.5979068830542538,1.2475585783547836,0.7694256756756757,0.5465263724327087,0.18894930183887482,0.8832240700721741,623332.2343578485,4596472.624039517,False,ROAD_LIKE_COMPACT
353,298.25,38,41,1.0789473684210527,0.47193115386548196,1.134255719756284,0.7657252888318357,0.3536496162414551,0.15539367496967316,0.9390608668327332,622987.9249790445,4596470.70326907,False,COMPACT_OTHER_FP
354,18.0,9,16,1.7777777777777777,0.9504685709566645,3.2172891371681,0.5,0.273345410823822,0.14247828722000122,0.5500385761260986,619992.7847222222,4596473.409722222,False,ELONGATED_OTHER
355,110.75,25,24,1.0416666666666667,0.4139321633975448,1.098529614279891,0.7383333333333333,0.6328685283660889,0.28115805983543396,0.6601483821868896,622205.5033860045,4596469.248306998,False,ROAD_LIKE_COMPACT
356,16.75,12,13,1.0833333333333333,0.9372429258506679,2.867983274434769,0.42948717948717946,0.5586279630661011,0.3957689106464386,0.5486518144607544,620896.4402985075,4596470.373134328,False,ROAD_LIKE_COMPACT
357,212.0,37,29,1.2758620689655173,0.6190878423383127,1.2733634413211798,0.7903075489282386,0.3958054184913635,0.13587598502635956,0.8287264704704285,622834.1403301887,4596460.0566037735,False,COMPACT_OTHER_FP
358,5.25,8,7,1.1428571428571428,0.9667871303348088,3.91262405333921,0.375,0.28879451751708984,0.20782478153705597,0.5135656595230103,619991.6904761905,4596464.785714285,False,ELONGATED_OTHER
360,231.75,38,41,1.0789473684210527,0.6969076526204956,1.3943872732847526,0.5949935815147626,0.7789016962051392,0.44223129749298096,0.7209601998329163,621556.3495145631,4596454.717907228,False,ROAD_LIKE_COMPACT
361,14.25,6,14,2.3333333333333335,0.9431489889326155,3.0086928442061653,0.6785714285714286,0.40955445170402527,0.2575722634792328,0.5595109462738037,619792.7807017544,4596461.885964912,False,LIKELY_ROAD_FP
362,6.0,6,5,1.2,0.4392064602236035,1.113107090217291,0.8,0.4377670884132385,0.36939752101898193,0.5284467339515686,620004.8958333334,4596458.5625,False,ROAD_LIKE_COMPACT
365,13.0,7,11,1.5714285714285714,0.8147914690845813,1.7248690995092406,0.6753246753246753,0.34826433658599854,0.13045893609523773,0.5726491212844849,619790.9903846154,4596453.961538462,False,COMPACT_OTHER_FP
366,7.75,7,6,1.1666666666666667,0.7465778221601571,1.5030856201683358,0.7380952380952381,0.39155134558677673,0.23800548911094666,0.5102249979972839,623508.0645161291,4596453.0322580645,False,COMPACT_OTHER_FP
367,4.75,7,4,1.75,0.8290802975132121,1.7884942576487406,0.6785714285714286,0.4139508903026581,0.2616439759731293,0.528116762638092,620012.6315789474,4596452.631578947,False,ROAD_LIKE_COMPACT
368,247.0,38,36,1.0555555555555556,0.21164952860749606,1.0231794885097043,0.7222222222222222,0.34217512607574463,0.208586186170578,0.9046654105186462,622581.1077935223,4596443.408400809,False,COMPACT_OTHER_FP
369,24.75,12,13,1.0833333333333333,0.7885931108832298,1.6262400612703174,0.6346153846153846,0.5075525045394897,0.2435254603624344,0.5783271193504333,620008.1414141414,4596449.732323232,False,ROAD_LIKE_COMPACT
370,80.25,14,26,1.8571428571428572,0.8230119954803519,1.7604890187416475,0.8818681318681318,0.19448427855968475,0.1186276376247406,0.6488223075866699,623069.4937694704,4596447.4750778815,False,COMPACT_OTHER_FP
372,45.0,13,21,1.6153846153846154,0.8506755196128511,1.9022577134376806,0.6593406593406593,0.45547106862068176,0.34213611483573914,0.6378135085105896,622175.8666666667,4596447.1,False,ROAD_LIKE_COMPACT
375,209.75,35,32,1.09375,0.5309032082771833,1.1800350361950527,0.7491071428571429,0.498096227645874,0.21626399457454681,0.8135056495666504,619846.6257449344,4596434.467818832,False,COMPACT_OTHER_FP
376,17.75,7,15,2.142857142857143,0.8850986692307516,2.148673498166464,0.6761904761904762,0.2655666172504425,0.21655526757240295,0.5034581422805786,623069.1197183098,4596442.211267605,False,COMPACT_OTHER_FP
377,7.25,8,5,1.6,0.8653483165886284,1.9953272631064187,0.725,0.4741487503051758,0.4205307066440582,0.5038765668869019,622173.6034482758,4596441.362068965,False,ROAD_LIKE_COMPACT
378,19.75,20,5,4.0,0.9581904394948799,3.494899856370086,0.79,0.2650855779647827,0.11823290586471558,0.5977621078491211,619882.6392405063,4596436.215189873,False,ELONGATED_OTHER
379,6.75,6,7,1.1666666666666667,0.8015812273482278,1.6725599630651122,0.6428571428571429,0.45271843671798706,0.3343232572078705,0.5255790948867798,619972.7777777778,4596438.407407408,False,ROAD_LIKE_COMPACT
380,31.25,19,13,1.4615384615384615,0.8646963392443784,1.9908620467630405,0.5060728744939271,0.2621827721595764,0.16636736690998077,0.5438666343688965,620328.752,4596434.1,False,COMPACT_OTHER_FP
381,8.0,11,7,1.5714285714285714,0.9420369904069192,2.9805457166075042,0.4155844155844156,0.2576877474784851,0.20817413926124573,0.5147978663444519,619885.640625,4596432.171875,False,COMPACT_OTHER_FP
382,51.75,25,16,1.5625,0.9232010821109904,2.6020168359229965,0.5175,0.568648636341095,0.3700484037399292,0.6151098012924194,622271.0193236715,4596427.777777778,False,ROAD_LIKE_COMPACT
383,18.0,14,9,1.5555555555555556,0.9101110038978333,2.41333400119519,0.5714285714285714,0.4672495722770691,0.3534333109855652,0.5633717775344849,622278.2013888889,4596423.958333333,False,ROAD_LIKE_COMPACT
384,172.0,29,33,1.1379310344827587,0.5825318752412902,1.2303030660069678,0.7189132706374086,0.5287013053894043,0.2405632585287094,0.7107771635055542,620867.9382267442,4596417.138081395,False,ROAD_LIKE_COMPACT
386,6.75,5,9,1.8,0.8539959158909454,1.9220430522649414,0.6,0.1387915015220642,0.11304684728384018,0.5150207281112671,621513.574074074,4596415.018518519,False,COMPACT_OTHER_FP
387,4.5,4,7,1.75,0.8861689090356534,2.1581382397133524,0.6428571428571429,0.19247841835021973,0.15797847509384155,0.5273785591125488,622285.6111111111,4596411.388888889,False,COMPACT_OTHER_FP
389,10.0,9,9,1.0,0.9189043752320629,2.534980491441645,0.49382716049382713,0.16566058993339539,0.14142529666423798,0.5459830164909363,622281.9625,4596408.8125,False,COMPACT_OTHER_FP
390,159.5,29,28,1.0357142857142858,0.5756118212780492,1.2229078862002871,0.7857142857142857,0.4174621105194092,0.14460384845733643,0.7751874923706055,619909.6206896552,4596400.734326019,False,COMPACT_OTHER_FP
391,6.0,5,12,2.4,0.9726137936507016,4.302422232820717,0.4,0.1898588240146637,0.14089979231357574,0.5241369009017944,622271.25,4596405.229166667,False,ELONGATED_OTHER
392,11.25,8,10,1.25,0.9205545670863551,2.560072158573046,0.5625,0.08932442963123322,0.07284508645534515,0.5316848754882812,622290.8222222222,4596404.355555556,False,COMPACT_OTHER_FP
394,120.25,28,29,1.0357142857142858,0.4868133922410947,1.1448118354580028,0.5923645320197044,0.3750481605529785,0.14419083297252655,0.6918618679046631,621127.5145530145,4596396.623700623,False,COMPACT_OTHER_FP
395,264.75,33,43,1.303030303030303,0.7167868877361189,1.4341187962373998,0.7463002114164905,0.5638521313667297,0.23425517976284027,0.8536074161529541,619698.4740321058,4596391.561378659,False,ROAD_LIKE_COMPACT
396,215.25,35,31,1.1290322580645162,0.513160174289134,1.1651034806987262,0.7935483870967742,0.29008495807647705,0.13805420696735382,0.8671337366104126,623890.2380952381,4596388.790360047,False,COMPACT_OTHER_FP
397,240.0,40,33,1.2121212121212122,0.6531640826543291,1.320626436379718,0.7272727272727273,0.47892484068870544,0.14950746297836304,0.8833277225494385,623782.4348958334,4596379.209375,False,COMPACT_OTHER_FP
398,14.5,11,8,1.375,0.8567318178985787,1.9388782328501017,0.6590909090909091,0.5962568521499634,0.3748170733451843,0.5498034358024597,623383.6379310344,4596378.3534482755,False,ROAD_LIKE_COMPACT
399,21.0,9,17,1.8888888888888888,0.9455625345235027,3.072758680901157,0.5490196078431373,0.32917603850364685,0.2045174092054367,0.5818060040473938,622046.2857142857,4596369.05952381,False,ELONGATED_OTHER
400,11.75,11,7,1.5714285714285714,0.8693333975036304,2.023365394073317,0.6103896103896104,0.18713268637657166,0.11685723811388016,0.5132569670677185,619530.4255319149,4596361.79787234,False,COMPACT_OTHER_FP
401,219.5,33,33,1.0,0.19046533221330916,1.0186474390941942,0.8062442607897153,0.533035397529602,0.1447727233171463,0.8606716394424438,623063.9607061504,4596356.686218679,False,ROAD_LIKE_COMPACT
402,8.25,4,11,2.75,0.9518054962341149,3.260490770801272,0.75,0.16033247113227844,0.11235883086919785,0.5228272676467896,621536.0757575758,4596361.03030303,False,ELONGATED_OTHER
403,14.75,6,13,2.1666666666666665,0.8834877162813017,2.1346798296801475,0.7564102564102564,0.22346177697181702,0.13724711537361145,0.5622001886367798,622048.6271186441,4596360.77118644,False,COMPACT_OTHER_FP
405,9.75,6,8,1.3333333333333333,0.6218629021887737,1.2769335174096879,0.8125,0.44155633449554443,0.335483580827713,0.5484237670898438,619889.5128205129,4596356.384615385,False,ROAD_LIKE_COMPACT
406,18.0,6,15,2.5,0.9100095885333461,2.4120377886618027,0.8,0.2789449095726013,0.1465338170528412,0.5552408695220947,621535.8402777778,4596353.409722222,False,COMPACT_OTHER_FP
407,11.0,12,7,1.7142857142857142,0.950777496775599,3.227113821358697,0.5238095238095238,0.14360755681991577,0.10333242267370224,0.5341033935546875,623493.7613636364,4596350.9772727275,False,ELONGATED_OTHER
408,77.75,41,21,1.9523809523809523,0.9375750863820025,2.87535687050381,0.3612078977932636,0.619019627571106,0.347202867269516,0.6191666126251221,619881.8971061093,4596344.009646302,False,ROAD_LIKE_COMPACT
409,74.0,25,19,1.3157894736842106,0.7729362633247921,1.576084682158272,0.6231578947368421,0.4714873433113098,0.1972544640302658,0.6043916940689087,622776.9594594594,4596345.157094595,False,COMPACT_OTHER_FP
410,49.75,19,18,1.0555555555555556,0.8487670634429585,1.891192381702572,0.5818713450292398,0.39874887466430664,0.1915162056684494,0.5936203002929688,620645.6984924623,4596343.211055276,False,COMPACT_OTHER_FP
411,156.0,32,23,1.391304347826087,0.7051193257862535,1.410260871166956,0.8478260869565217,0.4066076874732971,0.19735220074653625,0.6499533653259277,622586.0080128205,4596340.126602564,False,COMPACT_OTHER_FP
412,202.0,35,30,1.1666666666666667,0.5284630931863336,1.1779169644745382,0.7695238095238095,0.66732257604599,0.32578229904174805,0.7995135188102722,622195.2555693069,4596337.508044555,False,ROAD_LIKE_COMPACT
413,150.25,27,28,1.037037037037037,0.2871766413950336,1.043974675234638,0.794973544973545,0.3542941212654114,0.14335310459136963,0.7538242340087891,619842.9001663893,4596337.613976706,False,COMPACT_OTHER_FP
414,19.0,15,9,1.6666666666666667,0.9175432907221638,2.5148634664112186,0.562962962962963,0.5282449722290039,0.2945813238620758,0.5342848300933838,619890.8947368421,4596340.453947368,False,ROAD_LIKE_COMPACT
415,12.75,13,6,2.1666666666666665,0.8870487026722129,2.166021852328438,0.6538461538461539,0.239366352558136,0.18467651307582855,0.511300802230835,623344.8627450981,4596340.5,False,COMPACT_OTHER_FP
416,5.0,6,4,1.5,0.8377078165833911,1.8311038136792213,0.8333333333333334,0.34052422642707825,0.25852736830711365,0.509117841720581,622770.25,4596341.75,False,ROAD_LIKE_COMPACT
417,225.25,44,33,1.3333333333333333,0.6230150987183276,1.278429376991019,0.6205234159779615,0.5011270642280579,0.19124406576156616,0.8483167886734009,622838.5754716981,4596331.209766925,False,ROAD_LIKE_COMPACT
418,215.25,36,31,1.1612903225806452,0.5750518099856343,1.222319066054501,0.771505376344086,0.5194908380508423,0.21235953271389008,0.8964270353317261,622949.3704994193,4596331.671312427,False,ROAD_LIKE_COMPACT
420,249.0,37,36,1.0277777777777777,0.36412160341218364,1.0737085745120674,0.7477477477477478,0.37705621123313904,0.19395317137241364,0.8693990111351013,622704.8007028112,4596326.754518072,False,COMPACT_OTHER_FP
421,68.75,17,22,1.2941176470588236,0.6727950345499518,1.3516638283101936,0.7352941176470589,0.43527132272720337,0.12473918497562408,0.606938362121582,620308.7290909091,4596330.934545455,False,COMPACT_OTHER_FP
422,145.25,27,29,1.0740740740740742,0.38640779990818386,1.084212945217825,0.7420178799489144,0.5526604652404785,0.2523652911186218,0.7360479235649109,620965.1540447504,4596323.684165233,False,ROAD_LIKE_COMPACT
424,188.5,30,34,1.1333333333333333,0.5951923484552555,1.2444261099379605,0.7392156862745098,0.3353508412837982,0.1790526807308197,0.8337475657463074,620896.0762599469,4596311.5,False,COMPACT_OTHER_FP
426,113.75,25,27,1.08,0.3460211837266112,1.065840484077569,0.674074074074074,0.498841792345047,0.15151554346084595,0.6132990121841431,621536.3461538461,4596306.818681318,False,COMPACT_OTHER_FP
428,203.75,38,27,1.4074074074074074,0.6561325503729997,1.3251252201283097,0.7943469785575049,0.5227808356285095,0.16887794435024261,0.794296383857727,619825.945398773,4596295.525153374,False,ROAD_LIKE_COMPACT
429,198.0,33,31,1.064516129032258,0.5270571388240359,1.17670613836838,0.7741935483870968,0.5306925773620605,0.2709049582481384,0.7745749950408936,620716.191919192,4596296.09469697,True,TRUE_PIT_LABELED
430,274.0,40,35,1.1428571428571428,0.5681703624385666,1.2151983083665516,0.7828571428571428,0.3911151885986328,0.16221068799495697,0.9018692374229431,619675.6751824818,4596278.692974453,False,COMPACT_OTHER_FP
432,210.0,31,42,1.3548387096774193,0.8036163036831135,1.6802550477878824,0.6451612903225806,0.5475702285766602,0.33501556515693665,0.7855668663978577,623540.1023809523,4596260.5470238095,False,ROAD_LIKE_COMPACT
433,13.0,12,6,2.0,0.9106340066844029,2.4200542680789536,0.7222222222222222,0.24148939549922943,0.1426636129617691,0.5222224593162537,622046.3365384615,4596261.634615385,False,COMPACT_OTHER_FP
434,104.25,21,31,1.4761904761904763,0.7106044228756064,1.4212787407515253,0.6405529953917051,0.3035769462585449,0.145717591047287,0.6287024021148682,619557.912470024,4596256.913669065,False,COMPACT_OTHER_FP
436,345.5,47,41,1.146341463414634,0.620824604066728,1.2755923770019972,0.7171769590036325,0.3316052556037903,0.1443503499031067,0.8752536773681641,621115.5680173661,4596249.520622287,False,COMPACT_OTHER_FP
437,12.25,8,10,1.25,0.8938355149514531,2.230176539621653,0.6125,0.24585379660129547,0.1578865498304367,0.5394023656845093,622398.1734693878,4596257.755102041,False,COMPACT_OTHER_FP
439,253.25,41,42,1.024390243902439,0.5877315622834831,1.2360083854964774,0.5882694541231127,0.2507665753364563,0.13559933006763458,0.6671680808067322,623117.8830207305,4596244.157946693,False,COMPACT_OTHER_FP
440,224.25,33,35,1.0606060606060606,0.36276554014480616,1.073099028827038,0.7766233766233767,0.436336874961853,0.16036666929721832,0.9139997959136963,623917.1761426979,4596244.74303233,False,COMPACT_OTHER_FP
441,8.75,4,12,3.0,0.9446998903927126,3.0493741127305647,0.7291666666666666,0.1650153249502182,0.11594851315021515,0.5096502304077148,619557.5428571429,4596250.9,False,ELONGATED_OTHER
442,131.5,26,25,1.04,0.3138189222382552,1.0532049095062632,0.8092307692307692,0.2987036406993866,0.17914949357509613,0.7060368061065674,619616.1758555133,4596243.635931559,False,COMPACT_OTHER_FP
443,7.5,6,7,1.1666666666666667,0.8237276092737474,1.7637127975500864,0.7142857142857143,0.16069284081459045,0.12330655008554459,0.5160637497901917,621631.25,4596245.416666667,False,COMPACT_OTHER_FP
444,263.5,38,36,1.0555555555555556,0.48170871425925577,1.1411208193854174,0.77046783625731,0.46339577436447144,0.18514089286327362,0.9247616529464722,623780.7964895635,4596235.64800759,False,COMPACT_OTHER_FP
445,85.5,21,22,1.0476190476190477,0.44153777163141555,1.1145256922012006,0.7402597402597403,0.4365397095680237,0.22891683876514435,0.5794216394424438,622182.995614035,4596229.78508772,False,COMPACT_OTHER_FP
446,107.75,24,26,1.0833333333333333,0.6754358266879873,1.3560815633389869,0.6907051282051282,0.7132940292358398,0.4323231875896454,0.6405382752418518,621678.7645011601,4596226.900232019,False,ROAD_LIKE_COMPACT
447,91.0,22,25,1.1363636363636365,0.747376315530565,1.5051152118920905,0.6618181818181819,0.7287644147872925,0.40821921825408936,0.6476535201072693,622791.532967033,4596226.32967033,False,ROAD_LIKE_COMPACT
448,91.75,23,20,1.15,0.4931134145513322,1.1494714855349444,0.7978260869565217,0.37635311484336853,0.1295795887708664,0.6755295991897583,623376.840599455,4596226.2656675745,False,COMPACT_OTHER_FP
449,122.75,25,24,1.0416666666666667,0.3328386829145098,1.0604636264059224,0.8183333333333334,0.25462061166763306,0.14771999418735504,0.6661291122436523,619602.0458248473,4596223.931771894,False,COMPACT_OTHER_FP
450,16.25,13,9,1.4444444444444444,0.9098073211373816,2.409459217906905,0.5555555555555556,0.5883216857910156,0.3607860505580902,0.5428691506385803,622720.4692307692,4596223.861538461,False,ROAD_LIKE_COMPACT
451,232.25,36,34,1.0588235294117647,0.2487437365693707,1.0324506109802083,0.7589869281045751,0.40650850534439087,0.1808462142944336,0.8957160711288452,622083.5683530679,4596217.160387513,False,COMPACT_OTHER_FP
453,165.5,35,29,1.206896551724138,0.38677627232493134,1.0843945430886277,0.6522167487684729,0.742888331413269,0.44161251187324524,0.6772858500480652,621678.2031722055,4596211.712235649,False,ROAD_LIKE_COMPACT
454,30.75,21,14,1.5,0.9654351095414955,3.8366576888812927,0.41836734693877553,0.6055075526237488,0.38007956743240356,0.5767412781715393,622724.7479674796,4596215.483739837,False,LIKELY_ROAD_FP
455,10.5,13,8,1.625,0.9754307168867249,4.539132459414742,0.40384615384615385,0.5778229236602783,0.43701958656311035,0.5198607444763184,622732.3214285715,4596217.202380952,False,LIKELY_ROAD_FP
456,36.5,29,12,2.4166666666666665,0.9812438086745973,5.187507190545476,0.41954022988505746,0.5455870032310486,0.3619275689125061,0.558343768119812,622784.3082191781,4596213.630136986,False,LIKELY_ROAD_FP
457,40.75,35,13,2.6923076923076925,0.9879043746718527,6.4489363777622914,0.35824175824175825,0.5979083776473999,0.4248519539833069,0.5385257601737976,622792.1165644171,4596211.736196319,False,LIKELY_ROAD_FP
459,7.5,4,11,2.75,0.9488712317075084,3.1679313542371523,0.6818181818181818,0.243367999792099,0.1933332234621048,0.5450254082679749,623464.5333333333,4596219.416666667,False,ELONGATED_OTHER
460,254.0,40,34,1.1764705882352942,0.5021147251506611,1.1563353624861579,0.7470588235294118,0.464650958776474,0.14266040921211243,0.8909137845039368,623627.6471456693,4596208.349409449,False,COMPACT_OTHER_FP
461,15.25,18,8,2.25,0.9722770532135628,4.2765774673135715,0.4236111111111111,0.41213083267211914,0.25111404061317444,0.5530848503112793,622260.5,4596211.213114754,False,LIKELY_ROAD_FP
462,129.75,28,26,1.0769230769230769,0.48724595761653416,1.1451280555215462,0.7129120879120879,0.3757350742816925,0.14879833161830902,0.6203311681747437,622442.3757225433,4596206.210982659,False,COMPACT_OTHER_FP
464,203.0,32,33,1.03125,0.24387077915486322,1.0311322170359065,0.7689393939393939,0.46007663011550903,0.2012561410665512,0.8168160915374756,622558.8922413794,4596203.298029557,False,COMPACT_OTHER_FP
465,123.75,25,26,1.04,0.3684457498609338,1.0756745075622764,0.7615384615384615,0.39711982011795044,0.16800488531589508,0.618567705154419,622826.0797979798,4596202.924242424,False,COMPACT_OTHER_FP
466,258.25,39,34,1.1470588235294117,0.48899781759335853,1.1464142927478373,0.7790346907993967,0.4284791946411133,0.20311510562896729,0.8770004510879517,622300.2647628267,4596197.96321394,False,COMPACT_OTHER_FP
467,225.25,34,35,1.0294117647058822,0.3393785114487861,1.0630947866454104,0.7571428571428571,0.4579823613166809,0.24963060021400452,0.9273177981376648,620880.1631520533,4596195.66481687,True,TRUE_PIT_LABELED
468,6.5,5,7,1.4,0.7053768678705312,1.4107705820408643,0.7428571428571429,0.4630800187587738,0.380038857460022,0.5284000635147095,622357.9423076923,4596203.0,False,ROAD_LIKE_COMPACT
469,56.25,20,18,1.1111111111111112,0.7680035085396673,1.5614127819508505,0.625,0.3222295939922333,0.22655797004699707,0.6307204961776733,622209.8022222222,4596197.137777777,False,COMPACT_OTHER_FP
471,45.75,16,19,1.1875,0.5638297846707011,1.210813506844968,0.6019736842105263,0.2998974323272705,0.15514028072357178,0.5565338730812073,623654.4316939891,4596195.942622951,False,COMPACT_OTHER_FP
472,22.5,15,10,1.5,0.9056514845182996,2.3583633963718604,0.6,0.3035276234149933,0.23645535111427307,0.5513689517974854,622204.2222222222,4596194.344444444,False,COMPACT_OTHER_FP
474,6.25,9,6,1.5,0.9624263454646316,3.6826597755783306,0.46296296296296297,0.10293421894311905,0.08518732339143753,0.5031676888465881,623474.0,4596190.36,False,ELONGATED_OTHER
475,192.0,32,30,1.0666666666666667,0.36056040102291986,1.0721148779571616,0.8,0.4355413615703583,0.14451073110103607,0.8485280871391296,620732.4505208334,4596181.645833333,False,COMPACT_OTHER_FP
476,107.25,20,26,1.3,0.6649112940937747,1.3388272867331628,0.825,0.4099588096141815,0.14680561423301697,0.651818037033081,622713.9102564103,4596180.3368298365,False,COMPACT_OTHER_FP
477,84.25,27,21,1.2857142857142858,0.8420256104292272,1.8537827005702325,0.5943562610229277,0.30663084983825684,0.12249114364385605,0.623430073261261,620020.0667655786,4596167.643916914,False,COMPACT_OTHER_FP
478,78.25,26,16,1.625,0.7850602709215665,1.6144150938257362,0.7524038461538461,0.2620856761932373,0.13559873402118683,0.6897380352020264,622952.5111821087,4596165.698083067,False,COMPACT_OTHER_FP
479,5.0,7,4,1.75,0.7720103626247513,1.5732919388188815,0.7142857142857143,0.15588092803955078,0.11725495755672455,0.5078350305557251,622957.15,4596168.5,False,COMPACT_OTHER_FP
480,158.5,30,31,1.0333333333333334,0.38663312087880963,1.084323960959732,0.6817204301075269,0.4093323349952698,0.19558356702327728,0.6897383332252502,620294.7231861199,4596151.197949527,False,COMPACT_OTHER_FP
481,269.0,35,39,1.1142857142857143,0.4855881492943513,1.143919081172673,0.7882783882783883,0.4640818238258362,0.13486029207706451,0.8648394346237183,623901.7012081784,4596149.097583643,False,COMPACT_OTHER_FP
483,111.25,27,22,1.2272727272727273,0.6263905643448092,1.2828582131684039,0.7491582491582491,0.3174958825111389,0.164546936750412,0.6578611731529236,620545.493258427,4596140.379775281,False,COMPACT_OTHER_FP
484,245.0,40,32,1.25,0.6616803268993187,1.333713768693075,0.765625,0.5411173105239868,0.19496488571166992,0.8067876100540161,619833.9117346939,4596135.316326531,False,ROAD_LIKE_COMPACT
485,38.25,16,19,1.1875,0.8617049848361911,1.9707943387540336,0.5032894736842105,0.2250221073627472,0.13825705647468567,0.5547834038734436,619559.9346405229,4596129.869281046,False,COMPACT_OTHER_FP
486,184.5,29,33,1.1379310344827587,0.504369308531199,1.158093627314603,0.7711598746081505,0.37696200609207153,0.123130202293396,0.8167724609375,623776.2479674796,4596124.7378048785,False,COMPACT_OTHER_FP
487,149.25,30,27,1.1111111111111112,0.4769685143299774,1.1377594848037975,0.737037037037037,0.3778562843799591,0.13590434193611145,0.7251669764518738,619647.3710217755,4596120.775544388,False,COMPACT_OTHER_FP
489,30.75,20,8,2.5,0.9244823845360666,2.623124451629162,0.76875,0.3613336980342865,0.18182535469532013,0.5890974998474121,619673.1178861789,4596119.060975609,False,COMPACT_OTHER_FP
490,22.25,10,14,1.4,0.8136402092722224,1.7200787282601404,0.6357142857142857,0.4931034743785858,0.3519633412361145,0.536639392375946,622837.0786516854,4596122.06741573,False,ROAD_LIKE_COMPACT
491,189.75,33,29,1.1379310344827587,0.5000443369410422,1.15473467199908,0.7931034482758621,0.3470943868160248,0.14870139956474304,0.8326146006584167,623620.7187088274,4596113.778656127,False,COMPACT_OTHER_FP
493,48.0,22,16,1.375,0.7931696568912397,1.6420341426829743,0.5454545454545454,0.4409506916999817,0.26388832926750183,0.55742347240448,619843.1848958334,4596108.200520833,False,ROAD_LIKE_COMPACT
494,228.25,37,32,1.15625,0.5915543996670323,1.2402868669389226,0.7711148648648649,0.45610693097114563,0.19917869567871094,0.8669448494911194,623225.9852135816,4596100.460021906,False,COMPACT_OTHER_FP
495,154.75,32,25,1.28,0.5817456287926902,1.2294515937696189,0.77375,0.36240488290786743,0.18770472705364227,0.7844836711883545,623474.1954765752,4596099.07996769,False,COMPACT_OTHER_FP
496,30.75,17,14,1.2142857142857142,0.9309855212229441,2.7393049678431587,0.5168067226890757,0.5751704573631287,0.3297058939933777,0.6091471314430237,621083.3455284553,4596096.569105691,False,ROAD_LIKE_COMPACT
497,291.0,40,48,1.2,0.8605108168203728,1.9629698753950326,0.60625,0.642432451248169,0.1691739559173584,0.7415969371795654,622833.6138316151,4596088.657646048,False,ROAD_LIKE_COMPACT
498,24.25,14,12,1.1666666666666667,0.8885286022509653,2.1794980923771163,0.5773809523809523,0.5669777989387512,0.28231173753738403,0.577458918094635,621077.0,4596091.092783505,False,ROAD_LIKE_COMPACT
499,374.25,51,36,1.4166666666666667,0.7157153750103884,1.4318604462385935,0.815359477124183,0.2956879734992981,0.1289789229631424,0.9075518846511841,623346.6880427522,4596079.054108216,False,COMPACT_OTHER_FP
500,219.5,41,32,1.28125,0.6412784774358111,1.3032572381333172,0.6692073170731707,0.48252058029174805,0.26755422353744507,0.8048160672187805,622456.7141230068,4596081.233485194,False,ROAD_LIKE_COMPACT
501,249.0,39,32,1.21875,0.5934304293398447,1.242413069186868,0.7980769230769231,0.42688891291618347,0.18024805188179016,0.9342688322067261,622703.8363453816,4596075.90311245,False,COMPACT_OTHER_FP
503,225.5,37,32,1.15625,0.4720988196265278,1.1343712243989184,0.7618243243243243,0.586226761341095,0.19520814716815948,0.8567423224449158,620732.389135255,4596072.282150776,True,TRUE_PIT_LABELED
504,286.25,37,41,1.1081081081081081,0.46105642138766806,1.126924589869215,0.7547791694133158,0.41388511657714844,0.18767526745796204,0.8512669801712036,622962.9109170305,4596071.967248908,False,COMPACT_OTHER_FP
505,4.5,3,8,2.6666666666666665,0.9412089437442598,2.960112567392862,0.75,0.31273719668388367,0.2380746752023697,0.5030047297477722,622899.5277777778,4596078.0,False,COMPACT_OTHER_FP
506,141.5,27,27,1.0,0.4592216604169023,1.1257182897234088,0.7764060356652949,0.5609963536262512,0.23653171956539154,0.7017781734466553,623071.2915194347,4596071.050353357,False,ROAD_LIKE_COMPACT
507,14.5,9,9,1.0,0.35117424072604647,1.0680221989371066,0.7160493827160493,0.1540575623512268,0.10655296593904495,0.5211965441703796,621261.6034482758,4596075.2155172415,False,COMPACT_OTHER_FP
508,5.0,7,7,1.0,0.47708711848551194,1.1378428227355861,0.40816326530612246,0.22823572158813477,0.17659825086593628,0.4902450442314148,621257.05,4596073.175,False,COMPACT_OTHER_FP
509,35.25,18,12,1.5,0.8694425847339068,2.0241521892682695,0.6527777777777778,0.1790429651737213,0.13171248137950897,0.5715703964233398,621135.5390070922,4596070.3014184395,False,COMPACT_OTHER_FP
510,23.0,19,10,1.9,0.9382949265017985,2.8915428566492887,0.4842105263157895,0.2663285434246063,0.19728273153305054,0.5095245838165283,621145.4673913043,4596069.141304348,False,COMPACT_OTHER_FP
511,8.25,4,12,3.0,0.9588365422358507,3.5216401535080646,0.6875,0.3106943964958191,0.2020576000213623,0.5173118114471436,622899.8333333334,4596070.696969697,False,ELONGATED_OTHER
513,47.75,17,23,1.3529411764705883,0.8686797640817063,2.0186765196907235,0.4884910485933504,0.3823288083076477,0.2757070064544678,0.5434585213661194,622579.1780104712,4596064.85078534,False,ROAD_LIKE_COMPACT
514,39.25,16,14,1.1428571428571428,0.551014649937269,1.1983287108053673,0.7008928571428571,0.5006103515625,0.32644468545913696,0.5447512269020081,622460.4331210192,4596063.773885351,False,ROAD_LIKE_COMPACT
515,202.75,34,32,1.0625,0.4002733773761481,1.0912315651785742,0.7454044117647058,0.36237668991088867,0.17549997568130493,0.8902444243431091,620878.0807644883,4596058.0733662145,True,TRUE_PIT_LABELED
516,18.0,9,10,1.1111111111111112,0.43403190916438367,1.1100041927816928,0.8,0.39985451102256775,0.3612009584903717,0.5023199915885925,622578.2777777778,4596062.194444444,False,ROAD_LIKE_COMPACT
517,201.25,31,32,1.032258064516129,0.43583796953109205,1.1110800669286611,0.811491935483871,0.4247247874736786,0.19267301261425018,0.8256986141204834,620617.0322981366,4596049.614906833,True,TRUE_PIT_LABELED
518,30.25,14,13,1.0769230769230769,0.8160428705738327,1.730129613605104,0.6648351648351648,0.5650796890258789,0.34119856357574463,0.5617985725402832,622751.9752066116,4596052.396694215,False,ROAD_LIKE_COMPACT
519,214.5,34,32,1.0625,0.3961246674191515,1.0890912150838967,0.7886029411764706,0.25864601135253906,0.14699602127075195,0.8688464164733887,620489.0244755244,4596040.302447553,True,TRUE_PIT_LABELED
520,6.75,7,6,1.1666666666666667,0.842144171983867,1.8544190560876843,0.6428571428571429,0.31133413314819336,0.22300921380519867,0.5175291895866394,622758.6296296297,4596046.074074074,False,COMPACT_OTHER_FP
521,53.75,24,22,1.0909090909090908,0.8023406733647057,1.6754169408985935,0.4071969696969697,0.30586254596710205,0.1606067568063736,0.5273381471633911,620579.1953488372,4596040.109302325,False,COMPACT_OTHER_FP
522,203.75,37,33,1.121212121212121,0.6247977330443129,1.2807596031888413,0.6674856674856675,0.5345357656478882,0.2598647475242615,0.6835034489631653,622635.0079754601,4596030.668711657,False,ROAD_LIKE_COMPACT
523,9.75,8,8,1.0,0.7808793202905149,1.6008147282053449,0.609375,0.3919776380062103,0.29113122820854187,0.47443172335624695,620580.5641025641,4596038.705128205,False,ROAD_LIKE_COMPACT
524,44.75,20,14,1.4285714285714286,0.8555666437556018,1.9316479163442226,0.6392857142857142,0.21441587805747986,0.13114701211452484,0.5466597676277161,622024.3519553073,4596033.036312849,False,COMPACT_OTHER_FP
525,10.0,8,6,1.3333333333333333,0.5991130080869346,1.2489626174923945,0.8333333333333334,0.21154940128326416,0.12925194203853607,0.5546160340309143,622029.0875,4596035.1625,False,COMPACT_OTHER_FP
527,34.5,9,22,2.4444444444444446,0.910547886005334,2.418943541875648,0.696969696969697,0.32396799325942993,0.17347536981105804,0.5999565124511719,622025.8152173914,4596026.278985507,False,COMPACT_OTHER_FP
528,126.5,32,48,1.5,0.9797206765596311,4.990813136612851,0.3294270833333333,0.7492707371711731,0.4221477210521698,0.6480349898338318,622712.5434782609,4596020.160079052,False,LIKELY_ROAD_FP
529,211.25,29,35,1.206896551724138,0.636995958155996,1.2972404019169161,0.8325123152709359,0.5679216384887695,0.19265273213386536,0.8573395609855652,623914.5710059172,4596021.517159764,False,ROAD_LIKE_COMPACT
530,8.75,11,6,1.8333333333333333,0.9437665294739281,3.024687464997105,0.5303030303030303,0.5040892958641052,0.38590049743652344,0.5217830538749695,621514.4428571429,4596018.714285715,False,LIKELY_ROAD_FP
531,80.75,26,41,1.5769230769230769,0.9832265694986023,5.48280609846823,0.3030018761726079,0.6325594782829285,0.3607179820537567,0.5837350487709045,622717.5619195047,4596013.317337462,False,LIKELY_ROAD_FP
533,44.75,12,23,1.9166666666666667,0.8927904191379609,2.2198924617739797,0.6485507246376812,0.1718241423368454,0.11625663191080093,0.5630154609680176,619540.6452513967,4596008.988826816,False,COMPACT_OTHER_FP
534,190.75,33,29,1.1379310344827587,0.40952926472626705,1.0961342862599353,0.7972831765935214,0.6306849718093872,0.3218678832054138,0.7965397238731384,619553.5989515072,4596000.461336829,False,ROAD_LIKE_COMPACT
536,40.5,20,15,1.3333333333333333,0.47292114465715196,1.1349388290790472,0.54,0.5178124904632568,0.28815922141075134,0.6657487750053406,622680.2777777778,4595998.305555556,False,ROAD_LIKE_COMPACT
537,303.25,45,36,1.25,0.6909801153854522,1.3833673988487958,0.7487654320987654,0.5021313428878784,0.18163442611694336,0.9072999954223633,623647.842126958,4595992.044929925,False,ROAD_LIKE_COMPACT
538,21.0,16,9,1.7777777777777777,0.8845192260052837,2.143605539785246,0.5833333333333334,0.24666941165924072,0.1596887856721878,0.5292726755142212,621843.005952381,4595989.428571428,False,COMPACT_OTHER_FP
539,6.0,11,3,3.6666666666666665,0.9731040644665732,4.340918946986239,0.7272727272727273,0.36077049374580383,0.26975366473197937,0.5123095512390137,621090.3333333334,4595989.270833333,False,LIKELY_ROAD_FP
541,45.25,31,8,3.875,0.9684083701108112,4.010110889103491,0.7298387096774194,0.5407419800758362,0.26625925302505493,0.5852711200714111,622820.7845303868,4595981.0414364645,False,LIKELY_ROAD_FP
543,246.25,36,36,1.0,0.35588749192795655,1.0700579707956457,0.7600308641975309,0.6839474439620972,0.2530660033226013,0.8945986032485962,623789.823857868,4595978.160913706,False,ROAD_LIKE_COMPACT
544,112.0,22,26,1.1818181818181819,0.5454443770279569,1.193108097961496,0.7832167832167832,0.15071502327919006,0.095473513007164,0.6824329495429993,619835.0915178572,4595976.991071428,False,COMPACT_OTHER_FP
546,158.25,29,35,1.206896551724138,0.7346110468052869,1.4738643878435327,0.6236453201970443,0.35331663489341736,0.13002130389213562,0.726651132106781,619668.2780410743,4595966.884676145,False,COMPACT_OTHER_FP
547,31.5,19,14,1.3571428571428572,0.9304818065748357,2.729718761559753,0.47368421052631576,0.3592798113822937,0.19661211967468262,0.576149046421051,622531.5912698413,4595969.432539683,False,COMPACT_OTHER_FP
548,231.75,36,33,1.0909090909090908,0.42898785354174934,1.1070393495138369,0.7803030303030303,0.5358562469482422,0.18666578829288483,0.8226892948150635,622694.3603020497,4595961.5706580365,False,ROAD_LIKE_COMPACT
549,13.75,9,10,1.1111111111111112,0.8790830479061141,2.0978934012615484,0.6111111111111112,0.6139890551567078,0.5250601768493652,0.5602368116378784,622524.1,4595966.2727272725,False,ROAD_LIKE_COMPACT
550,6.5,7,8,1.1428571428571428,0.9107343319651092,2.421350259830875,0.4642857142857143,0.2685096561908722,0.17897973954677582,0.5102649927139282,622821.3076923077,4595966.269230769,False,COMPACT_OTHER_FP
552,265.0,38,38,1.0,0.34125690441821516,1.0638636655060012,0.7340720221606648,0.439054399728775,0.2186027616262436,0.8916404843330383,622572.9056603773,4595956.335849057,False,COMPACT_OTHER_FP
553,276.0,39,36,1.0833333333333333,0.3664509674691586,1.0747633732541733,0.7863247863247863,0.5090664625167847,0.1998356133699417,0.9230819940567017,622947.1974637681,4595954.797554348,False,ROAD_LIKE_COMPACT
555,246.0,39,34,1.1470588235294117,0.4876845736746581,1.1454492536910599,0.7420814479638009,0.37269020080566406,0.19342197477817535,0.9245293736457825,620875.2464430894,4595951.407520325,True,TRUE_PIT_LABELED
556,6.5,8,7,1.1428571428571428,0.9510133648055418,3.234678135860919,0.4642857142857143,0.12358922511339188,0.0986749455332756,0.5172183513641357,622281.5961538461,4595944.115384615,False,ELONGATED_OTHER
557,144.0,27,27,1.0,0.4006150002509827,1.0914093709422412,0.7901234567901234,0.3642032742500305,0.13208861649036407,0.6919275522232056,622818.0746527778,4595939.322048611,False,COMPACT_OTHER_FP
558,76.25,25,23,1.0869565217391304,0.4863333855088862,1.1444615689092956,0.5304347826086957,0.3891162872314453,0.18230397999286652,0.6918056011199951,619918.0655737704,4595937.075409836,False,COMPACT_OTHER_FP
559,185.25,33,30,1.1,0.59090769548969,1.2395580031439122,0.7484848484848485,0.2568981349468231,0.1492149829864502,0.7692002654075623,623080.3697705803,4595931.429824562,False,COMPACT_OTHER_FP
561,287.25,37,39,1.054054054054054,0.5030441166931916,1.1570582353700674,0.7962577962577962,0.2055872529745102,0.08762901276350021,0.8652285933494568,623932.0261096606,4595924.179721497,False,COMPACT_OTHER_FP
562,154.75,28,28,1.0,0.5139732893127651,1.1657644964943246,0.7895408163265306,0.4943850338459015,0.16773441433906555,0.6917275786399841,620733.2802907916,4595925.367528272,False,COMPACT_OTHER_FP
563,53.5,15,24,1.6,0.8221713379026926,1.7567279615204612,0.5944444444444444,0.26029545068740845,0.12342777103185654,0.6147719025611877,622458.9602803738,4595929.705607477,False,COMPACT_OTHER_FP
564,381.75,48,42,1.1428571428571428,0.6112856825832014,1.2635675302427527,0.7574404761904762,0.4730486273765564,0.17901259660720825,0.9091832637786865,622173.212508186,4595917.905370006,True,TRUE_PIT_LABELED
565,4.5,7,3,2.3333333333333335,0.899994626486704,2.2940989468121495,0.8571428571428571,0.338787704706192,0.27975720167160034,0.5143963694572449,621110.0277777778,4595915.083333333,False,ROAD_LIKE_COMPACT
566,7.0,8,4,2.0,0.8490762090450396,1.892970046222717,0.875,0.3395538032054901,0.23555198311805725,0.5118730664253235,621117.7857142857,4595912.875,False,COMPACT_OTHER_FP
567,24.5,12,12,1.0,0.5549832728487365,1.2021231798365595,0.6805555555555556,0.46964189410209656,0.290686696767807,0.5618917346000671,621109.5051020408,4595907.408163265,False,ROAD_LIKE_COMPACT
568,217.75,33,34,1.0303030303030303,0.4627400741685186,1.1280392112543478,0.7762923351158645,0.5286684632301331,0.21724894642829895,0.8300654888153076,622026.6107921929,4595900.973019518,True,TRUE_PIT_LABELED
569,188.0,32,29,1.103448275862069,0.42541321993499837,1.1049733252749339,0.8103448275862069,0.1871999204158783,0.09847407788038254,0.6968827247619629,622203.6323138297,4595897.653590426,False,COMPACT_OTHER_FP
570,14.75,8,12,1.5,0.8660177871985713,1.9999472330655748,0.6145833333333334,0.41448405385017395,0.294437438249588,0.5540676116943359,623032.5762711865,4595900.601694915,False,ROAD_LIKE_COMPACT
572,28.25,12,20,1.6666666666666667,0.9488547102945663,3.167433071894457,0.4708333333333333,0.5302364826202393,0.3456130623817444,0.5625823736190796,623036.4911504425,4595892.867256637,False,LIKELY_ROAD_FP
573,387.5,61,32,1.90625,0.863924423613153,1.985618265382391,0.7940573770491803,0.3563946485519409,0.17568393051624298,0.8070191144943237,623341.9474193548,4595879.0148387095,False,COMPACT_OTHER_FP
574,280.0,39,36,1.0833333333333333,0.6679713471672384,1.3437482924019286,0.7977207977207977,0.5538069605827332,0.18742360174655914,0.8734411001205444,623797.165625,4595877.673214286,False,ROAD_LIKE_COMPACT
575,222.0,40,33,1.2121212121212122,0.6395586222433258,1.300825988119947,0.6727272727272727,0.4916694760322571,0.20436222851276398,0.8370853066444397,621712.1829954955,4595872.625563063,True,TRUE_PIT_LABELED
576,350.5,45,43,1.0465116279069768,0.6022214400885688,1.2526162601590463,0.7245478036175711,0.5293163061141968,0.3014671802520752,0.8649687767028809,619565.7364479315,4595868.712196861,False,ROAD_LIKE_COMPACT
577,257.0,41,34,1.2058823529411764,0.4812323849607352,1.1407801936792257,0.7374461979913917,0.6093267202377319,0.22981253266334534,0.8790740966796875,621437.7461089494,4595862.79766537,True,TRUE_PIT_LABELED
579,263.25,39,35,1.1142857142857143,0.4436838604458098,1.1158430672801183,0.7714285714285715,0.5792428255081177,0.17836728692054749,0.9035540819168091,623653.5935422602,4595859.55365622,False,ROAD_LIKE_COMPACT
580,10.25,8,8,1.0,0.3325665657587926,1.0603556737923727,0.640625,0.3217523396015167,0.16647914052009583,0.5290384292602539,619842.9024390244,4595863.243902439,False,COMPACT_OTHER_FP
581,135.75,29,25,1.16,0.5286644752274156,1.1780909681391192,0.7489655172413793,0.5554775595664978,0.18207062780857086,0.7448312640190125,623062.7900552487,4595848.481583794,False,ROAD_LIKE_COMPACT
582,93.75,21,23,1.0952380952380953,0.4947343329784163,1.150689368543156,0.7763975155279503,0.40877479314804077,0.21842871606349945,0.5977542400360107,620761.9053333333,4595844.876,True,TRUE_PIT_LABELED
583,64.5,26,23,1.1304347826086956,0.8176358704909651,1.7369081326054066,0.431438127090301,0.30389678478240967,0.2074010968208313,0.6017491817474365,619695.996124031,4595840.484496124,False,COMPACT_OTHER_FP
584,255.5,36,35,1.0285714285714285,0.3368868365627636,1.0620839645531879,0.8111111111111111,0.5404084920883179,0.19924774765968323,0.9158515930175781,621182.6174168298,4595833.543542074,True,TRUE_PIT_LABELED
585,143.0,29,29,1.0,0.7012952412303783,1.402778450458588,0.6801426872770512,0.5455832481384277,0.24303223192691803,0.7118246555328369,623206.354020979,4595835.458916084,False,ROAD_LIKE_COMPACT
587,4.5,6,5,1.2,0.7927001054654699,1.6403882032022075,0.6,0.33160173892974854,0.2745952308177948,0.4443162679672241,619697.5,4595840.25,False,ROAD_LIKE_COMPACT
588,186.0,31,34,1.096774193548387,0.7072396882725662,1.4144794765070445,0.7058823529411765,0.38904672861099243,0.181627094745636,0.7554715871810913,622974.0302419355,4595833.995295699,False,COMPACT_OTHER_FP
589,8.0,6,9,1.5,0.9154850106917838,2.4853854448591117,0.5925925925925926,0.35172468423843384,0.29126986861228943,0.5301225781440735,619700.546875,4595838.078125,False,ROAD_LIKE_COMPACT
590,173.0,30,32,1.0666666666666667,0.4214961856942387,1.1027423084084882,0.7208333333333333,0.5115945935249329,0.17619588971138,0.7332987189292908,622339.8880057803,4595831.377890173,False,ROAD_LIKE_COMPACT
591,165.0,29,27,1.0740740740740742,0.4047604121220808,1.0935860620822244,0.842911877394636,0.19923008978366852,0.10266415774822235,0.6767511963844299,622438.043939394,4595829.159848485,False,COMPACT_OTHER_FP
592,239.75,37,33,1.121212121212121,0.46837558030677906,1.1318241659778114,0.7854217854217854,0.3257618248462677,0.08818217366933823,0.8058199286460876,622716.3154327425,4595826.387904067,False,COMPACT_OTHER_FP
593,7.0,14,6,2.3333333333333335,0.9869924701852847,6.220201796120565,0.3333333333333333,0.09647977352142334,0.07651174813508987,0.4977349042892456,620957.5357142857,4595819.107142857,False,ELONGATED_OTHER
594,11.5,13,6,2.1666666666666665,0.9449980364519065,3.057393369743767,0.5897435897435898,0.08656991273164749,0.06978771835565567,0.5284672379493713,620948.8478260869,4595816.684782608,False,ELONGATED_OTHER
595,36.0,20,19,1.0526315789473684,0.7258071459463984,1.453703387580015,0.37894736842105264,0.18873482942581177,0.09994374215602875,0.5502966642379761,623481.3333333334,4595806.201388889,False,COMPACT_OTHER_FP
596,360.0,36,54,1.5,0.8162095153951778,1.7308343883969497,0.7407407407407407,0.48092904686927795,0.14688129723072052,0.8704443573951721,620685.8600694444,4595800.337847223,True,TRUE_PIT_LABELED
597,221.0,33,34,1.0303030303030303,0.45084490276333206,1.120319760744444,0.7878787878787878,0.41418784856796265,0.1621299535036087,0.8470029830932617,620914.1713800905,4595798.50678733,True,TRUE_PIT_LABELED
598,4.0,6,4,1.5,0.7464084690734772,1.5026564949021943,0.6666666666666666,0.14074909687042236,0.10164226591587067,0.43912413716316223,623480.3125,4595804.875,False,COMPACT_OTHER_FP
599,236.5,38,32,1.1875,0.5573334644172069,1.2044002754802852,0.7779605263157895,0.40335044264793396,0.1327093243598938,0.8626904487609863,623352.9318181818,4595794.756342495,False,COMPACT_OTHER_FP
600,75.0,23,20,1.15,0.6744735019560738,1.3544646884315452,0.6521739130434783,0.18728893995285034,0.11446645110845566,0.6139397025108337,621142.2033333334,4595791.781666666,False,COMPACT_OTHER_FP
602,271.0,38,38,1.0,0.27234318725607787,1.0392847764170843,0.7506925207756233,0.3847387433052063,0.20206622779369354,0.7971444725990295,622021.707103321,4595775.534132841,True,TRUE_PIT_LABELED
604,104.75,28,24,1.1666666666666667,0.7182620301509317,1.4372509784092906,0.6235119047619048,0.6513549089431763,0.24465304613113403,0.7312290668487549,621748.4534606205,4595773.868735083,False,ROAD_LIKE_COMPACT
605,122.5,26,27,1.0384615384615385,0.6529262935158124,1.3202689176307678,0.698005698005698,0.5548025369644165,0.2718001902103424,0.6804985404014587,620194.2530612245,4595768.20510204,False,ROAD_LIKE_COMPACT
606,4.5,5,6,1.2,0.6476779150947404,1.3124836623213296,0.6,0.48660677671432495,0.4372871518135071,0.5440876483917236,620189.3888888889,4595773.25,False,ROAD_LIKE_COMPACT
607,241.25,36,34,1.0588235294117647,0.2988956340745571,1.0479040906759785,0.7883986928104575,0.5099291801452637,0.19285672903060913,0.880037784576416,622131.8901554404,4595761.584455959,True,TRUE_PIT_LABELED
608,303.25,44,37,1.1891891891891893,0.5477087314902043,1.1952156793482016,0.745085995085995,0.36851057410240173,0.13948984444141388,0.9106786251068115,621308.4253915912,4595757.980214344,True,TRUE_PIT_LABELED
609,121.0,29,25,1.16,0.5237515774542923,1.173886588224736,0.6675862068965517,0.38309329748153687,0.131610706448555,0.6757687926292419,621986.9411157025,4595756.228305785,False,COMPACT_OTHER_FP
610,194.25,31,34,1.096774193548387,0.4250477954717045,1.104763743342127,0.7371916508538899,0.4532451927661896,0.2432686984539032,0.7703758478164673,620105.1814671814,4595754.465894466,False,COMPACT_OTHER_FP
611,330.25,44,52,1.1818181818181819,0.8508192458908808,1.9030999483058602,0.5773601398601399,0.3128974437713623,0.16857343912124634,0.8465338945388794,621885.9560938682,4595742.874337623,True,TRUE_PIT_LABELED
612,293.25,53,36,1.4722222222222223,0.7898923852617875,1.630668356034155,0.6147798742138365,0.386256605386734,0.1876813918352127,0.8655865788459778,619719.5012787724,4595737.638533674,False,COMPACT_OTHER_FP
613,252.75,38,34,1.1176470588235294,0.5600786858070594,1.2070888720272748,0.7825077399380805,0.4082808196544647,0.2180328518152237,0.9098163843154907,619866.712660732,4595742.5746785365,False,COMPACT_OTHER_FP
614,179.5,34,26,1.3076923076923077,0.6675061092155512,1.342995161888158,0.8122171945701357,0.46486786007881165,0.28486835956573486,0.8051865100860596,623935.8837047354,4595743.539693593,False,ROAD_LIKE_COMPACT
615,183.75,33,32,1.03125,0.6239075682830563,1.2795935729337304,0.6960227272727273,0.42733651399612427,0.18160487711429596,0.7455543875694275,619564.862585034,4595739.491836735,False,COMPACT_OTHER_FP
616,210.5,38,31,1.2258064516129032,0.6848921830620545,1.3724115167336743,0.7147707979626485,0.48944249749183655,0.3003697097301483,0.782179594039917,621580.0878859857,4595738.333729216,True,TRUE_PIT_LABELED
617,223.75,34,34,1.0,0.38769902761400504,1.084850474926073,0.7742214532871973,0.3435910642147064,0.1706351488828659,0.9236881136894226,621840.0737430168,4595733.987709497,True,TRUE_PIT_LABELED
619,273.0,38,36,1.0555555555555556,0.22393913245955274,1.0260586767477968,0.7982456140350878,0.4293396770954132,0.13657930493354797,0.9142058491706848,622720.1437728938,4595727.997252747,False,COMPACT_OTHER_FP
620,286.75,42,34,1.2352941176470589,0.6350411242257209,1.2945346956380361,0.8032212885154062,0.34875601530075073,0.1373908519744873,0.9277846217155457,619684.9607672188,4595726.77027027,False,COMPACT_OTHER_FP
621,5.75,5,8,1.6,0.9176928948901959,2.517049792557484,0.575,0.49914562702178955,0.3689054846763611,0.5151844024658203,621532.8695652174,4595736.108695652,False,ROAD_LIKE_COMPACT
622,204.0,38,26,1.4615384615384615,0.737971966593037,1.4818516832607977,0.8259109311740891,0.3222059905529022,0.16716118156909943,0.6688536405563354,622461.8045343137,4595727.572303922,False,COMPACT_OTHER_FP
623,235.5,43,26,1.6538461538461537,0.7653967386528229,1.5538597508366734,0.8425760286225402,0.5329720973968506,0.2889902591705322,0.8679923415184021,621073.5408704883,4595726.159766454,True,TRUE_PIT_LABELED
624,167.25,30,28,1.0714285714285714,0.6253360177109077,1.2814670618697115,0.7964285714285714,0.5589289665222168,0.2969222068786621,0.7250393629074097,620803.4738415546,4595727.97832586,True,TRUE_PIT_LABELED
625,253.75,35,34,1.0294117647058822,0.4334758277806917,1.1096744600753385,0.8529411764705882,0.5463750958442688,0.2515917122364044,0.8262361288070679,623489.2600985222,4595725.378817734,False,ROAD_LIKE_COMPACT
626,11.0,15,6,2.5,0.9528809725529283,3.296582539695963,0.4888888888888889,0.2801670432090759,0.2126818597316742,0.5250299572944641,622385.7840909091,4595730.113636363,False,ELONGATED_OTHER
627,205.75,32,33,1.03125,0.28961300982813776,1.0447750613345632,0.7793560606060606,0.2154332548379898,0.09238190203905106,0.7708622813224792,623685.752126367,4595722.959902795,False,COMPACT_OTHER_FP
628,161.25,26,34,1.3076923076923077,0.6473075529027928,1.3119418183345735,0.7296380090497737,0.341802179813385,0.1869535893201828,0.6956309676170349,623589.7007751937,4595723.459689923,False,COMPACT_OTHER_FP
629,120.75,27,27,1.0,0.5749474657097614,1.2222095112147597,0.6625514403292181,0.44703778624534607,0.1799418330192566,0.6849055290222168,622370.6780538303,4595721.842650103,False,COMPACT_OTHER_FP
630,180.5,31,30,1.0333333333333334,0.5047107818681995,1.1583613184656194,0.7763440860215054,0.3573112487792969,0.138511061668396,0.7949899435043335,623078.1267313019,4595718.992382271,False,COMPACT_OTHER_FP
631,28.5,14,13,1.0769230769230769,0.875426918542891,2.0688920162432245,0.6263736263736264,0.3813796043395996,0.17794449627399445,0.5703140497207642,620176.1929824562,4595722.131578947,False,COMPACT_OTHER_FP
632,320.0,41,42,1.024390243902439,0.35064770246756594,1.0677971741043575,0.743321718931475,0.4886799156665802,0.18862155079841614,0.944648802280426,623804.72578125,4595715.39375,False,COMPACT_OTHER_FP
633,241.5,34,37,1.088235294117647,0.33151142917833437,1.0599382319790098,0.7678855325914149,0.41063809394836426,0.12303239852190018,0.8564390540122986,620539.9704968944,4595715.605590062,True,TRUE_PIT_LABELED
635,8.75,8,6,1.3333333333333333,0.8088652606788651,1.7006975129520663,0.7291666666666666,0.39821627736091614,0.29018351435661316,0.5290532112121582,620170.1,4595716.542857143,False,ROAD_LIKE_COMPACT
636,274.25,47,36,1.3055555555555556,0.6466022047526544,1.3109125942094535,0.6483451536643026,0.6511885523796082,0.32242485880851746,0.8799901008605957,623303.0337283501,4595706.68094804,False,ROAD_LIKE_COMPACT
637,210.75,30,39,1.3,0.7071387930994428,1.4142775919963433,0.7205128205128205,0.492523729801178,0.19059230387210846,0.7901814579963684,622277.7710557532,4595708.1903914595,True,TRUE_PIT_LABELED
638,310.0,43,38,1.131578947368421,0.4443948025600316,1.1162819224206708,0.758873929008568,0.4540732800960541,0.3132132589817047,0.8802856206893921,622203.3766129032,4595703.22782258,True,TRUE_PIT_LABELED
639,209.75,37,32,1.15625,0.520775123130297,1.1713800492020585,0.7086148648648649,0.4909677803516388,0.1830889880657196,0.7993240356445312,622558.3396901073,4595702.499404052,False,COMPACT_OTHER_FP
640,217.25,34,32,1.0625,0.55042300846926,1.197768422244978,0.7987132352941176,0.6984323263168335,0.38657280802726746,0.8344614505767822,620679.5304948216,4595702.567894131,True,TRUE_PIT_LABELED
641,289.25,39,39,1.0,0.5105071166340608,1.1629617235938,0.7606837606837606,0.6012424230575562,0.16645890474319458,0.9037620425224304,623404.0129645636,4595699.399308557,False,ROAD_LIKE_COMPACT
642,258.5,37,34,1.088235294117647,0.3975514275423226,1.0898233561904893,0.821939586645469,0.37239107489585876,0.19289354979991913,0.868395209312439,622821.000483559,4595695.776595744,False,COMPACT_OTHER_FP
643,160.25,32,25,1.28,0.5985851764177731,1.2483472421435038,0.80125,0.3508661091327667,0.10753767192363739,0.7471567392349243,622442.7776911076,4595695.472698908,False,COMPACT_OTHER_FP
644,52.5,29,10,2.9,0.9393230258579172,2.915163821083599,0.7241379310344828,0.31431037187576294,0.22451597452163696,0.6409040093421936,622384.5142857142,4595690.4738095235,False,COMPACT_OTHER_FP
645,46.5,23,11,2.090909090909091,0.8585863669365924,1.950576494622593,0.7351778656126482,0.39600977301597595,0.2571917176246643,0.634893000125885,622377.0591397849,4595685.303763441,False,ROAD_LIKE_COMPACT
646,205.75,36,34,1.0588235294117647,0.3864916760493689,1.0842542594843674,0.6723856209150327,0.43811899423599243,0.14905939996242523,0.8795130848884583,622016.4617253949,4595678.7241798295,False,COMPACT_OTHER_FP
647,213.5,33,37,1.121212121212121,0.46760486524097455,1.1313015692995017,0.6994266994266994,0.2909970283508301,0.14573220908641815,0.8925870060920715,622958.8202576112,4595679.393442623,False,COMPACT_OTHER_FP
648,16.0,8,12,1.5,0.8810997553304452,2.1144757675472774,0.6666666666666666,0.3015677034854889,0.2612460255622864,0.5388004779815674,623571.421875,4595682.0390625,False,ROAD_LIKE_COMPACT
649,103.0,23,27,1.173913043478261,0.539371601079808,1.1875527507398675,0.6634460547504025,0.31470349431037903,0.16280972957611084,0.6554223299026489,621049.2014563107,4595678.189320388,False,COMPACT_OTHER_FP
651,222.25,35,31,1.1290322580645162,0.5383667903323196,1.1866469571188913,0.8193548387096774,0.5193061828613281,0.3186776340007782,0.8900368809700012,620210.1079865017,4595656.384701912,False,ROAD_LIKE_COMPACT
654,15.5,9,11,1.2222222222222223,0.8825187436125372,2.12640534031889,0.6262626262626263,0.475273460149765,0.29800912737846375,0.5473582744598389,620861.0,4595642.161290322,False,ROAD_LIKE_COMPACT
655,262.75,35,43,1.2285714285714286,0.6525765715993737,1.3197438699392523,0.6983388704318937,0.3527032434940338,0.1643262803554535,0.8248039484024048,621985.6274976213,4595633.2212178875,False,COMPACT_OTHER_FP
656,23.5,11,15,1.3636363636363635,0.9223905234042009,2.5889389789826533,0.5696969696969697,0.5666283369064331,0.32574522495269775,0.5482761859893799,620856.4734042553,4595634.973404256,False,ROAD_LIKE_COMPACT
657,295.0,38,39,1.0263157894736843,0.36487215892916236,1.0740473729666362,0.796221322537112,0.581986129283905,0.2756838798522949,0.9199177026748657,623928.077118644,4595620.555932203,False,ROAD_LIKE_COMPACT
658,215.0,33,35,1.0606060606060606,0.3491858770819931,1.0671749499778018,0.7445887445887446,0.3235938251018524,0.16048574447631836,0.8689112067222595,621213.2674418605,4595617.627325581,True,TRUE_PIT_LABELED
659,166.75,32,28,1.1428571428571428,0.5908011174062563,1.2394380847177509,0.7444196428571429,0.2508210241794586,0.08488374948501587,0.7644480466842651,622523.5944527736,4595617.832083958,False,COMPACT_OTHER_FP
660,222.25,33,37,1.121212121212121,0.40079946674337913,1.0915054801660884,0.7280917280917281,0.44188374280929565,0.14352600276470184,0.8830711245536804,619947.848143982,4595616.136670416,False,COMPACT_OTHER_FP
661,228.75,36,34,1.0588235294117647,0.6567984235551906,1.3261435173527913,0.7475490196078431,0.6105115413665771,0.32427316904067993,0.8168657422065735,621588.6666666666,4595615.220218579,False,ROAD_LIKE_COMPACT
662,11.75,10,9,1.1111111111111112,0.7455698778721815,1.5005384119574596,0.5222222222222223,0.38196852803230286,0.31456121802330017,0.5226747393608093,619873.7021276596,4595619.957446809,False,ROAD_LIKE_COMPACT
663,198.5,34,31,1.096774193548387,0.6523640463598281,1.319425242680043,0.7533206831119544,0.5647587180137634,0.19789321720600128,0.828527569770813,621311.7468513853,4595613.642317381,True,TRUE_PIT_LABELED
664,257.0,40,35,1.1428571428571428,0.7126656947944074,1.4255089901629423,0.7342857142857143,0.612367570400238,0.2777376174926758,0.7775888442993164,621016.9299610895,4595607.218871595,False,ROAD_LIKE_COMPACT
666,28.5,16,16,1.0,0.8784282725091156,2.0926008525503295,0.4453125,0.3573992848396301,0.14636078476905823,0.5584887266159058,619871.5438596491,4595608.921052632,False,COMPACT_OTHER_FP
667,181.5,33,31,1.064516129032258,0.22882333761977988,1.0272551694343692,0.7096774193548387,0.4948732256889343,0.16075988113880157,0.7629939913749695,623434.5165289256,4595606.07231405,False,COMPACT_OTHER_FP
669,264.75,35,42,1.2,0.47914518308030307,1.1392951688356387,0.7204081632653061,0.5983708500862122,0.2091193050146103,0.892720639705658,619553.5623229461,4595599.09490085,False,ROAD_LIKE_COMPACT
670,242.0,40,35,1.1428571428571428,0.7677940352790708,1.5608008116076615,0.6914285714285714,0.26024866104125977,0.10602916032075882,0.7752236723899841,622883.7913223141,4595599.185950413,False,COMPACT_OTHER_FP
671,191.25,36,28,1.2857142857142858,0.6067529268679535,1.2580349328846074,0.7589285714285714,0.49624642729759216,0.19699198007583618,0.7831540107727051,620936.8803921569,4595596.756862745,True,TRUE_PIT_LABELED
672,198.75,29,35,1.206896551724138,0.6070778784686065,1.2584277843099756,0.7832512315270936,0.49359166622161865,0.13089947402477264,0.8051243424415588,623801.5295597485,4595598.35408805,False,COMPACT_OTHER_FP
674,240.5,34,36,1.0588235294117647,0.46613839687408704,1.1303115697730708,0.7859477124183006,0.4342963397502899,0.14612869918346405,0.8937541246414185,621712.9485446985,4595595.922557172,True,TRUE_PIT_LABELED
675,258.75,41,36,1.1388888888888888,0.5056931240463899,1.1591334548521361,0.7012195121951219,0.347703218460083,0.1631127893924713,0.8443313241004944,621959.9734299517,4595592.43236715,True,TRUE_PIT_LABELED
676,298.5,39,38,1.0263157894736843,0.4904854764393015,1.1475136009974856,0.805668016194332,0.5153759717941284,0.20532959699630737,0.9246076345443726,621445.7638190954,4595593.1289782245,True,TRUE_PIT_LABELED
677,114.0,28,23,1.2173913043478262,0.6228208548917009,1.2781766337729044,0.7080745341614907,0.3731902539730072,0.10467365384101868,0.7589938640594482,621991.7346491228,4595593.369517544,False,COMPACT_OTHER_FP
678,192.5,30,34,1.1333333333333333,0.6156978915092416,1.2690640373153677,0.7549019607843137,0.37602147459983826,0.20858751237392426,0.640082836151123,622449.111038961,4595591.172077922,False,COMPACT_OTHER_FP
679,42.75,15,17,1.1333333333333333,0.4000861996362437,1.0911342451991592,0.6705882352941176,0.6294899582862854,0.29717913269996643,0.5984231233596802,619851.2894736842,4595583.307017544,False,ROAD_LIKE_COMPACT
680,274.25,37,37,1.0,0.19126706382107206,1.0188092222023546,0.8013148283418554,0.4402225911617279,0.1589341014623642,0.926185131072998,620699.3600729262,4595576.768003646,True,TRUE_PIT_LABELED
681,440.5,39,61,1.564102564102564,0.8295558407121912,1.7907547159325676,0.7406473308112652,0.259960800409317,0.08608248084783554,0.8493795990943909,620577.6827468786,4595575.938706016,False,COMPACT_OTHER_FP
682,94.75,23,26,1.1304347826086956,0.733280736118253,1.4707482927826074,0.6337792642140468,0.5846869945526123,0.3544853925704956,0.59271240234375,619848.7229551452,4595574.069920844,False,ROAD_LIKE_COMPACT
683,310.0,39,41,1.0512820512820513,0.37368569412051283,1.078102731648505,0.7754846779237023,0.5124489068984985,0.19496771693229675,0.9100954532623291,621168.8052419355,4595569.256451613,True,TRUE_PIT_LABELED
684,102.75,33,26,1.2692307692307692,0.9222281850636889,2.586344739880008,0.479020979020979,0.1824410855770111,0.08932777494192123,0.6682453751564026,622877.0681265207,4595571.518248175,False,COMPACT_OTHER_FP
685,9.5,14,4,3.5,0.9657286671128311,3.8527667451313206,0.6785714285714286,0.4042052626609802,0.3074546456336975,0.5071481466293335,619707.7236842106,4595572.065789473,False,LIKELY_ROAD_FP
686,308.25,40,40,1.0,0.31288544433937293,1.0528633518025752,0.770625,0.5081475377082825,0.25037670135498047,0.9315463304519653,620194.4764801298,4595560.275750203,False,ROAD_LIKE_COMPACT
687,271.5,40,36,1.1111111111111112,0.43924530134520967,1.1131306192623966,0.7541666666666667,0.3848414719104767,0.14669695496559143,0.8874809145927429,623673.6164825046,4595560.3839779,False,COMPACT_OTHER_FP
688,293.75,42,39,1.0769230769230769,0.44858074021222466,1.1188907440565488,0.7173382173382173,0.44802427291870117,0.16246022284030914,0.9283099174499512,620407.9646808511,4595558.73106383,False,COMPACT_OTHER_FP
690,97.0,31,16,1.9375,0.8642383494077941,1.9877452596447693,0.782258064516129,0.39138519763946533,0.22822074592113495,0.622184157371521,621350.75,4595560.69072165,False,COMPACT_OTHER_FP
691,192.25,33,29,1.1379310344827587,0.6182291036047356,1.2722679513053126,0.8035527690700105,0.5240397453308105,0.30406567454338074,0.7099807262420654,620299.4798439532,4595558.862808842,False,ROAD_LIKE_COMPACT
692,26.5,19,9,2.111111111111111,0.9162633898012523,2.4964030861083737,0.6198830409356725,0.38493800163269043,0.2674736976623535,0.5349477529525757,621357.6462264151,4595559.5,False,ROAD_LIKE_COMPACT
693,212.5,30,37,1.2333333333333334,0.5654538186321061,1.2124445925142426,0.7657657657657657,0.43854838609695435,0.20502355694770813,0.7776820063591003,620046.8182352941,4595555.6347058825,False,COMPACT_OTHER_FP
694,12.0,5,14,2.8,0.959671121300348,3.557134855140644,0.6857142857142857,0.09273572266101837,0.07368316501379013,0.5423462390899658,622431.2916666666,4595561.395833333,False,ELONGATED_OTHER
697,205.5,36,33,1.0909090909090908,0.46599275295111453,1.1302135581858206,0.6919191919191919,0.3877050280570984,0.1965520977973938,0.8460357189178467,622320.2074209246,4595544.457420925,True,TRUE_PIT_LABELED
699,129.0,20,30,1.5,0.7548020283006437,1.524500248432216,0.86,0.3209277093410492,0.1370864361524582,0.7414237260818481,622180.3817829457,4595543.687984496,True,TRUE_PIT_LABELED
700,132.75,37,27,1.3703703703703705,0.8123935047481805,1.714943499292391,0.5315315315315315,0.46244269609451294,0.18931953608989716,0.6725993156433105,619914.3474576271,4595535.06873823,False,COMPACT_OTHER_FP
702,114.75,30,23,1.3043478260869565,0.77574996117094,1.5846845713802298,0.6652173913043479,0.4809662103652954,0.28951480984687805,0.6493269205093384,623314.9335511982,4595525.696078432,False,ROAD_LIKE_COMPACT
703,294.5,35,46,1.3142857142857143,0.778100629377288,1.5920026889486998,0.7316770186335404,0.5406813025474548,0.2633136212825775,0.8533552885055542,623773.0063667232,4595523.886247878,False,ROAD_LIKE_COMPACT
704,24.0,9,17,1.8888888888888888,0.8958733106869768,2.2506829110679982,0.6274509803921569,0.22579868137836456,0.17304468154907227,0.5670915842056274,623638.515625,4595530.083333333,False,COMPACT_OTHER_FP
707,14.25,7,13,1.8571428571428572,0.8852221227346041,2.149758337654358,0.6263736263736264,0.1199740618467331,0.08983834832906723,0.5212193727493286,623691.1929824562,4595521.403508772,False,COMPACT_OTHER_FP
708,6.75,5,8,1.6,0.8262644921497045,1.7753086467000598,0.675,0.1696319282054901,0.12159408628940582,0.5158351063728333,623640.074074074,4595520.407407408,False,COMPACT_OTHER_FP
710,276.5,32,42,1.3125,0.6145038890774077,1.2675656210638089,0.8229166666666666,0.23135364055633545,0.12988024950027466,0.8633653521537781,622931.2703435805,4595507.957504521,False,COMPACT_OTHER_FP
711,409.5,44,54,1.2272727272727273,0.7094157480663916,1.4188618530127464,0.6893939393939394,0.42685386538505554,0.15733368694782257,0.8643632531166077,623453.1263736264,4595495.830891331,False,COMPACT_OTHER_FP
712,204.0,34,31,1.096774193548387,0.4233916994868558,1.103817666361225,0.7741935483870968,0.6344300508499146,0.27878227829933167,0.8022462725639343,623421.631740196,4595498.068014706,False,ROAD_LIKE_COMPACT
713,200.75,37,29,1.2758620689655173,0.6337564148347765,1.2927702037243343,0.7483690587138863,0.5344302654266357,0.18643978238105774,0.8669286370277405,623952.3455790784,4595495.411581569,False,ROAD_LIKE_COMPACT
714,273.5,39,34,1.1470588235294117,0.5934200267972862,1.2424012306690335,0.8250377073906485,0.4312294125556946,0.22689320147037506,0.8653848767280579,621733.1860146252,4595493.44606947,True,TRUE_PIT_LABELED
715,238.75,39,36,1.0833333333333333,0.3992363730438557,1.0906932908487477,0.6801994301994302,0.5802925825119019,0.2069261074066162,0.9292133450508118,621588.5455497382,4595488.038743456,True,TRUE_PIT_LABELED
716,280.75,42,35,1.2,0.593787584180548,1.2428198573516607,0.7639455782312925,0.4871489405632019,0.15739449858665466,0.9191202521324158,621316.2172751558,4595483.072573464,True,TRUE_PIT_LABELED
717,176.25,31,30,1.0333333333333334,0.39675923872360414,1.0894163377441572,0.7580645161290323,0.45930346846580505,0.3113730549812317,0.7736702561378479,621473.5886524823,4595482.911347518,True,TRUE_PIT_LABELED
718,210.75,35,33,1.0606060606060606,0.4301268565253145,1.1077037440071902,0.7298701298701299,0.5078339576721191,0.19814424216747284,0.8524589538574219,621848.0634638197,4595478.434756821,True,TRUE_PIT_LABELED
719,7.75,7,7,1.0,0.7534669803231738,1.520945514311892,0.6326530612244898,0.1506534069776535,0.11942091584205627,0.5546404719352722,620981.9838709678,4595477.854838709,False,COMPACT_OTHER_FP
720,207.5,35,32,1.09375,0.43032458989357975,1.107819385905851,0.7410714285714286,0.3184348940849304,0.147144615650177,0.7784773707389832,623318.1728915663,4595468.479518073,False,COMPACT_OTHER_FP
721,52.25,26,24,1.0833333333333333,0.8091984273761016,1.7020249583551934,0.3349358974358974,0.4006907343864441,0.20844420790672302,0.5628292560577393,620543.961722488,4595467.842105263,False,COMPACT_OTHER_FP
722,11.75,9,8,1.125,0.7542673280458002,1.5230727955271568,0.6527777777777778,0.36552202701568604,0.32301950454711914,0.4622807502746582,620542.8191489362,4595469.14893617,False,ROAD_LIKE_COMPACT
723,8.75,7,10,1.4285714285714286,0.907976032996189,2.3865089474791197,0.5,0.3014652729034424,0.25101354718208313,0.502358615398407,620423.0142857142,4595463.614285714,False,ROAD_LIKE_COMPACT
724,312.25,45,39,1.1538461538461537,0.41600969496905665,1.099674280857496,0.7116809116809116,0.39272043108940125,0.1686887890100479,0.9329323172569275,621213.2666132906,4595453.311048839,True,TRUE_PIT_LABELED
725,136.0,28,27,1.037037037037037,0.3432170926357617,1.0646723472288397,0.7195767195767195,0.5223536491394043,0.19448132812976837,0.7078853845596313,621389.1911764706,4595457.552389706,False,ROAD_LIKE_COMPACT
726,232.25,36,35,1.0285714285714285,0.4868976444934079,1.1448733841702885,0.7373015873015873,0.40483707189559937,0.14240914583206177,0.8703956604003906,619545.7610333692,4595453.456404736,False,COMPACT_OTHER_FP
727,69.75,17,23,1.3529411764705883,0.5701387343843709,1.217213694227704,0.7135549872122762,0.5009437203407288,0.32287877798080444,0.6363848447799683,620427.9713261649,4595456.3655913975,False,ROAD_LIKE_COMPACT
728,176.25,30,34,1.1333333333333333,0.3860096582154277,1.0840170220574779,0.6911764705882353,0.5360187292098999,0.2161611169576645,0.8230200409889221,621084.5567375886,4595452.74822695,True,TRUE_PIT_LABELED
729,9.5,4,18,4.5,0.9888533412865773,6.716240948402869,0.5277777777777778,0.19790910184383392,0.16241981089115143,0.5460556149482727,620426.9342105263,4595451.657894737,False,ELONGATED_OTHER
730,255.75,37,35,1.0571428571428572,0.32697566606431866,1.0581643773444083,0.78996138996139,0.5157114267349243,0.15551206469535828,0.8489246964454651,620048.137829912,4595439.542521995,False,ROAD_LIKE_COMPACT
731,335.75,45,37,1.2162162162162162,0.5854035587235583,1.2334379333526881,0.8066066066066067,0.39041775465011597,0.17515499889850616,0.918177604675293,620943.7196574833,4595435.327997021,True,TRUE_PIT_LABELED
732,301.0,40,40,1.0,0.22811573057154386,1.0270799653063782,0.7525,0.47962555289268494,0.20228886604309082,0.936245322227478,620320.0402823921,4595435.235049834,False,COMPACT_OTHER_FP
733,410.75,40,62,1.55,0.8757516360417119,2.0714144122656606,0.6625,0.5146442651748657,0.17328470945358276,0.8172363042831421,620828.2559342666,4595434.952221546,False,ROAD_LIKE_COMPACT
734,258.75,39,35,1.1142857142857143,0.6241843878922884,1.2799556607391458,0.7582417582417582,0.3192274868488312,0.15316607058048248,0.8591140508651733,619929.0724637681,4595430.570048309,False,COMPACT_OTHER_FP
735,242.75,31,41,1.3225806451612903,0.7292433956706024,1.461444771129851,0.7639653815892997,0.539165198802948,0.2949470281600952,0.7571295499801636,619775.2404737384,4595430.636457261,False,ROAD_LIKE_COMPACT
736,227.25,35,32,1.09375,0.504102628979102,1.1578848241445496,0.8116071428571429,0.401691198348999,0.13608233630657196,0.8232488036155701,620187.1512651265,4595429.753025303,False,COMPACT_OTHER_FP
737,13.5,14,5,2.8,0.9380232772585931,2.8854011580007364,0.7714285714285715,0.47149723768234253,0.2689425051212311,0.5421152710914612,621335.5,4595434.833333333,False,ROAD_LIKE_COMPACT
738,331.25,42,44,1.0476190476190477,0.6870256396295837,1.376210218438622,0.716991341991342,0.58486407995224,0.2424389123916626,0.912339448928833,619663.756226415,4595426.363018868,False,ROAD_LIKE_COMPACT
739,256.75,55,29,1.896551724137931,0.8968217113323614,2.260437918132199,0.6438871473354232,0.3325831890106201,0.1137654185295105,0.7018309831619263,622479.6129503408,4595420.505842259,False,COMPACT_OTHER_FP
740,150.0,28,28,1.0,0.5498568590332935,1.1972335724202303,0.7653061224489796,0.3368549346923828,0.1394023597240448,0.6478212475776672,623891.6783333333,4595428.9875,False,COMPACT_OTHER_FP
741,256.5,36,35,1.0285714285714285,0.4176488312421961,1.1005839932580082,0.8142857142857143,0.47301816940307617,0.13198302686214447,0.8964008092880249,622323.6929824562,4595426.19834308,True,TRUE_PIT_LABELED
742,172.25,28,35,1.25,0.7131251803031539,1.4264588104138867,0.7030612244897959,0.5169307589530945,0.17775508761405945,0.7445210218429565,623783.9245283019,4595425.312772133,False,ROAD_LIKE_COMPACT
743,228.0,38,32,1.1875,0.5622610394080839,1.2092486124230364,0.75,0.3568028211593628,0.12557759881019592,0.8361859917640686,622200.9665570175,4595417.336622807,True,TRUE_PIT_LABELED
744,75.75,21,21,1.0,0.4060291708835971,1.0942593751792318,0.6870748299319728,0.6007596850395203,0.29675084352493286,0.6284307241439819,621341.7541254126,4595417.173267326,False,ROAD_LIKE_COMPACT
745,210.0,34,33,1.0303030303030303,0.3251976065512308,1.0574780741285297,0.7486631016042781,0.499542236328125,0.15369948744773865,0.726719081401825,622076.8339285714,4595407.710119047,True,TRUE_PIT_LABELED
746,32.0,26,13,2.0,0.9764500281977034,4.6351296366924934,0.378698224852071,0.5307514667510986,0.33667853474617004,0.5507674217224121,621344.46484375,4595404.4765625,False,LIKELY_ROAD_FP
748,272.0,43,33,1.303030303030303,0.6501970104795025,1.31619532414737,0.766737138830162,0.4224826693534851,0.1738126128911972,0.8773118257522583,621864.7683823529,4595388.720128677,True,TRUE_PIT_LABELED
749,339.25,59,30,1.9666666666666666,0.8885830911100399,2.179999524068261,0.7666666666666667,0.606120228767395,0.22889748215675354,0.7303441762924194,622732.2277081799,4595383.780766397,False,ROAD_LIKE_COMPACT
750,247.25,34,37,1.088235294117647,0.42128754729876744,1.1026244303825339,0.7861685214626392,0.5268232822418213,0.20171432197093964,0.8564479947090149,622602.7330637007,4595384.619817998,False,ROAD_LIKE_COMPACT
751,203.75,36,30,1.2,0.5949235107163727,1.24411793630615,0.7546296296296297,0.36615172028541565,0.21358436346054077,0.8332768678665161,621732.2607361963,4595372.644785276,True,TRUE_PIT_LABELED
752,317.25,44,38,1.1578947368421053,0.6126904412535358,1.2653054724669612,0.7589712918660287,0.4768955707550049,0.2072322964668274,0.9079931974411011,621589.0602836879,4595360.494877856,True,TRUE_PIT_LABELED
753,392.0,47,48,1.0212765957446808,0.7255396917049943,1.4531075182614384,0.6950354609929078,0.5470705032348633,0.2052001953125,0.902437686920166,623723.0459183673,4595357.741709184,False,ROAD_LIKE_COMPACT
754,142.75,32,26,1.2307692307692308,0.6502242412594601,1.3162356975317318,0.6862980769230769,0.49081528186798096,0.23768875002861023,0.7366088032722473,623227.5297723293,4595359.022767075,False,COMPACT_OTHER_FP
756,25.25,13,12,1.0833333333333333,0.8211014729715952,1.751981616368127,0.6474358974358975,0.28964751958847046,0.2116498053073883,0.5428721904754639,623049.0990099009,4595360.089108911,False,COMPACT_OTHER_FP
758,201.5,34,32,1.0625,0.3541660183789032,1.0693099257216483,0.7408088235294118,0.4940188527107239,0.1856202483177185,0.8054602146148682,621965.5800248139,4595352.05955335,True,TRUE_PIT_LABELED
759,5.0,4,9,2.25,0.9456724822130022,3.0757795161585793,0.5555555555555556,0.2244822233915329,0.1546136885881424,0.5089612603187561,623931.55,4595359.1,False,ELONGATED_OTHER
760,249.25,32,36,1.125,0.480534502227022,1.1402822917643338,0.8654513888888888,0.49200695753097534,0.18802501261234283,0.9141814708709717,620573.3129388165,4595348.602306921,False,COMPACT_OTHER_FP
761,339.5,38,48,1.263157894736842,0.5439140672359369,1.1916949506767025,0.7445175438596491,0.5182414054870605,0.23676517605781555,0.8963212966918945,621482.1329160531,4595333.167893962,True,TRUE_PIT_LABELED
762,309.75,37,43,1.162162162162162,0.4663716900508051,1.1304686822375714,0.7787554996857322,0.32759004831314087,0.16276687383651733,0.8979501128196716,623841.6154156578,4595332.677562551,False,COMPACT_OTHER_FP
763,8.75,8,5,1.6,0.7973511091197074,1.6569577032389735,0.875,0.40689143538475037,0.3540676534175873,0.5188255310058594,622168.9142857143,4595337.3,False,ROAD_LIKE_COMPACT
764,184.5,33,28,1.1785714285714286,0.5658846699149561,1.2128792119365266,0.7987012987012987,0.5847361087799072,0.23796477913856506,0.8211409449577332,620943.7845528455,4595328.928184282,False,ROAD_LIKE_COMPACT
765,277.5,41,36,1.1388888888888888,0.3881188591521827,1.0850584634553884,0.7520325203252033,0.573738157749176,0.20284776389598846,0.9236598610877991,621217.7090090091,4595324.616666666,True,TRUE_PIT_LABELED
766,320.75,47,37,1.2702702702702702,0.6121424149219065,1.2646261365884723,0.7377803335250144,0.4326925575733185,0.18413656949996948,0.8671097159385681,620444.1504286828,4595321.245908028,False,COMPACT_OTHER_FP
767,313.75,42,38,1.105263157894737,0.4941867251202058,1.1502770412127534,0.7863408521303258,0.5226285457611084,0.2005101442337036,0.9362217783927917,621101.6653386455,4595319.219123506,True,TRUE_PIT_LABELED
768,25.75,6,22,3.6666666666666665,0.96418774076101,3.7704452784643134,0.7803030303030303,0.5068659782409668,0.3618324398994446,0.5800564289093018,622145.3300970874,4595327.699029126,False,LIKELY_ROAD_FP
769,30.0,10,24,2.4,0.968734839274072,4.030658963747144,0.5,0.5341578722000122,0.3594018816947937,0.5518589019775391,622100.6166666667,4595323.879166666,False,LIKELY_ROAD_FP
770,29.0,19,22,1.1578947368421053,0.9853099314894329,5.8556341080909995,0.27751196172248804,0.5483106970787048,0.3697285056114197,0.5411921143531799,622086.1422413794,4595317.081896552,False,LIKELY_ROAD_FP
772,16.5,6,17,2.8333333333333335,0.9345120442388808,2.809529289833425,0.6470588235294118,0.3530377745628357,0.16525830328464508,0.5469174385070801,622146.303030303,4595318.560606061,False,COMPACT_OTHER_FP
773,12.25,6,13,2.1666666666666665,0.9474058239672617,3.124661238062049,0.6282051282051282,0.5139256119728088,0.34243497252464294,0.515413224697113,622102.0,4595315.714285715,False,LIKELY_ROAD_FP
774,200.25,35,29,1.206896551724138,0.6174314931312295,1.2712543280551833,0.7891625615763547,0.48401424288749695,0.22628319263458252,0.8430111408233643,620307.031835206,4595307.86204744,False,COMPACT_OTHER_FP
775,250.25,34,38,1.1176470588235294,0.5511614211344121,1.1984679191871663,0.7747678018575851,0.4636150598526001,0.1870482861995697,0.8429113626480103,620185.2942057942,4595305.69030969,False,COMPACT_OTHER_FP
776,159.5,30,27,1.1111111111111112,0.35241757498327636,1.068555465918889,0.7876543209876543,0.5309661626815796,0.33190545439720154,0.6868883371353149,620059.9435736677,4595306.020376176,False,ROAD_LIKE_COMPACT
777,263.75,37,39,1.054054054054054,0.5381370344959092,1.186440369970627,0.7311157311157311,0.6301160454750061,0.38623952865600586,0.8035140037536621,623509.9582938389,4595303.844549763,False,ROAD_LIKE_COMPACT
779,168.0,32,25,1.28,0.6151492659264725,1.2683745175202474,0.84,0.32901430130004883,0.123532734811306,0.7869617938995361,619782.0677083334,4595300.20014881,False,COMPACT_OTHER_FP
780,247.75,37,35,1.0571428571428572,0.46351105086033706,1.1285520829059168,0.7652509652509653,0.2849169373512268,0.14376568794250488,0.8517009615898132,622337.3012108981,4595296.623612513,True,TRUE_PIT_LABELED
781,135.0,25,27,1.08,0.4520553705908871,1.1210889551550522,0.8,0.577852725982666,0.2941131293773651,0.6933553218841553,622545.6888888889,4595297.755555555,False,ROAD_LIKE_COMPACT
782,206.0,32,35,1.09375,0.5747886453017794,1.2220428545734134,0.7357142857142858,0.44381481409072876,0.20084421336650848,0.8891803622245789,619650.614684466,4595294.2584951455,False,COMPACT_OTHER_FP
783,11.5,8,12,1.5,0.9388124550141337,2.903357968269442,0.4791666666666667,0.08148320019245148,0.06010491028428078,0.5255526900291443,621262.2173913043,4595300.173913044,False,COMPACT_OTHER_FP
784,207.0,32,32,1.0,0.39625522830020465,1.0891580416676812,0.80859375,0.4063907265663147,0.1792752742767334,0.8673673868179321,620836.8260869565,4595289.050724638,False,COMPACT_OTHER_FP
785,209.25,32,33,1.03125,0.2322756231323002,1.0281190494496617,0.7926136363636364,0.3811710476875305,0.1757603883743286,0.8013565540313721,622080.6170848268,4595288.930704898,False,COMPACT_OTHER_FP
786,195.75,32,32,1.0,0.2641417662513421,1.0368239796385756,0.7646484375,0.40570688247680664,0.1741676777601242,0.8368901014328003,619931.982120051,4595282.478288634,False,COMPACT_OTHER_FP
788,243.0,34,34,1.0,0.37830523906378427,1.0802858628765983,0.8408304498269896,0.5607330203056335,0.2328203022480011,0.7985821962356567,620702.3858024691,4595279.8122427985,False,ROAD_LIKE_COMPACT
789,225.75,39,30,1.3,0.683630772223434,1.3701857778142903,0.7717948717948718,0.5338256359100342,0.19892533123493195,0.8260374665260315,619547.4208194906,4595274.031007752,False,ROAD_LIKE_COMPACT
790,275.75,38,36,1.0555555555555556,0.4330769410549605,1.1094383781362704,0.8062865497076024,0.5460116863250732,0.20397230982780457,0.9153216481208801,622186.3395285584,4595272.407071623,True,TRUE_PIT_LABELED
791,277.25,41,35,1.1714285714285715,0.5410353157751051,1.1890608210668288,0.7728222996515679,0.4670094847679138,0.19096341729164124,0.8951979279518127,621874.7587917042,4595267.060865644,True,TRUE_PIT_LABELED
792,255.0,39,39,1.0,0.6369282598127257,1.2971462767481619,0.6706114398422091,0.5993008613586426,0.336761474609375,0.8234647512435913,623462.9946078431,4595266.661764706,False,ROAD_LIKE_COMPACT
793,21.0,12,11,1.0909090909090908,0.8403704273805818,1.8449759168710949,0.6363636363636364,0.5006710290908813,0.30256766080856323,0.5579519867897034,621126.5476190476,4595268.035714285,False,ROAD_LIKE_COMPACT
795,5.5,6,6,1.0,0.8594239260886388,1.9559380149434833,0.6111111111111112,0.5378113389015198,0.47450512647628784,0.5236572027206421,621130.5,4595262.613636363,False,ROAD_LIKE_COMPACT
796,170.0,31,30,1.0333333333333334,0.6282581845247305,1.285338917425403,0.7311827956989247,0.5347332954406738,0.2907266616821289,0.7217901945114136,623366.5911764706,4595248.061029412,False,ROAD_LIKE_COMPACT
797,589.75,64,67,1.046875,0.8798042125874171,2.103773921620395,0.5501399253731343,0.6941990256309509,0.23800575733184814,0.8351132869720459,619763.1239932175,4595236.018651972,False,ROAD_LIKE_COMPACT
798,312.25,54,36,1.5,0.7835359523809831,1.609408083821007,0.6424897119341564,0.5432873964309692,0.28181910514831543,0.848543107509613,621012.9199359488,4595231.472377902,False,ROAD_LIKE_COMPACT
799,102.0,34,19,1.7894736842105263,0.8867810940035523,2.163613910678831,0.631578947368421,0.38439205288887024,0.3110349774360657,0.7187767624855042,623503.2181372549,4595232.458333333,False,ROAD_LIKE_COMPACT
800,242.25,36,35,1.0285714285714285,0.4776735174858635,1.1382554336705901,0.7690476190476191,0.5493988394737244,0.1824551522731781,0.9217397570610046,621607.2487100103,4595226.615583075,True,TRUE_PIT_LABELED
801,272.75,33,41,1.2424242424242424,0.6557242799080572,1.3245025343218984,0.8063562453806357,0.5039977431297302,0.21672089397907257,0.8261743187904358,621749.9211732355,4595224.032538955,False,ROAD_LIKE_COMPACT
802,258.25,40,33,1.2121212121212122,0.5544874001807332,1.2016456021219537,0.7825757575757576,0.24707794189453125,0.10928510874509811,0.8838160634040833,621960.8877057115,4595217.786544046,True,TRUE_PIT_LABELED
803,7.25,8,7,1.1428571428571428,0.9162473313661067,2.4961742080536995,0.5178571428571429,0.5921949744224548,0.5002120733261108,0.5164735913276672,623321.3103448276,4595224.482758621,False,ROAD_LIKE_COMPACT
804,264.25,39,35,1.1142857142857143,0.6620550287493612,1.334302520714756,0.7743589743589744,0.501220703125,0.18720325827598572,0.8994513154029846,621090.05487228,4595210.812677389,False,ROAD_LIKE_COMPACT
807,255.5,36,37,1.0277777777777777,0.446119339346326,1.1173515407185637,0.7672672672672672,0.5439918041229248,0.2044915407896042,0.9285567998886108,621332.4726027397,4595200.047945205,True,TRUE_PIT_LABELED
808,224.75,35,33,1.0606060606060606,0.4978474986477758,1.1530506516470929,0.7783549783549784,0.3640950918197632,0.12249021232128143,0.8326749205589294,621472.4838709678,4595194.451612903,False,COMPACT_OTHER_FP
809,287.75,41,36,1.1388888888888888,0.5112305956704574,1.163543501782095,0.7798102981029811,0.3864465057849884,0.19979600608348846,0.894148051738739,620692.8900955691,4595192.478714162,False,COMPACT_OTHER_FP
810,307.0,42,38,1.105263157894737,0.5666758039484738,1.2136793477709944,0.7694235588972431,0.391987681388855,0.18471066653728485,0.9154863953590393,621219.5146579804,4595190.869299674,True,TRUE_PIT_LABELED
811,10.5,10,6,1.6666666666666667,0.8900109290689648,2.193274934778201,0.7,0.6053325533866882,0.4710748791694641,0.5295702815055847,622144.5,4595198.452380952,False,ROAD_LIKE_COMPACT
812,9.75,9,7,1.2857142857142858,0.8758532750289368,2.0722060315586677,0.6190476190476191,0.5112895965576172,0.3292442858219147,0.5371883511543274,622153.3333333334,4595198.269230769,False,ROAD_LIKE_COMPACT
813,197.0,34,32,1.0625,0.45951752229044823,1.1259122231311178,0.7242647058823529,0.39557188749313354,0.1455264389514923,0.7572189569473267,622703.1757614213,4595188.589467005,False,COMPACT_OTHER_FP
814,258.5,40,33,1.2121212121212122,0.5398119796268008,1.1879509207940482,0.7833333333333333,0.3121054172515869,0.16087569296360016,0.8249496817588806,620582.753384913,4595184.188104449,False,COMPACT_OTHER_FP
815,6.0,8,5,1.6,0.8458603015735067,1.8747498723264222,0.6,0.43380510807037354,0.3449927568435669,0.5236930847167969,622151.0833333334,4595188.479166667,False,ROAD_LIKE_COMPACT
816,282.0,37,42,1.135135135135135,0.7059752611974236,1.4119577419763027,0.7258687258687259,0.43269336223602295,0.2063990980386734,0.8712965846061707,620035.7894503546,4595177.92287234,False,COMPACT_OTHER_FP
817,218.75,32,34,1.0625,0.4716954304717313,1.134093459337908,0.8042279411764706,0.5316373109817505,0.23998476564884186,0.8376177549362183,620188.8845714285,4595178.673142857,False,ROAD_LIKE_COMPACT
818,179.25,40,27,1.4814814814814814,0.8001868030083145,1.667359041642673,0.6638888888888889,0.3141205608844757,0.18922235071659088,0.7422762513160706,620867.3807531381,4595177.979776848,False,COMPACT_OTHER_FP
819,6.25,7,12,1.7142857142857142,0.9778383113975494,4.7764274256911845,0.2976190476190476,0.08196543157100677,0.06621671468019485,0.49709489941596985,621105.22,4595184.16,False,ELONGATED_OTHER
820,246.0,36,34,1.0588235294117647,0.5151210308225973,1.1667012492314304,0.803921568627451,0.4988253712654114,0.20249557495117188,0.7460032105445862,620432.9237804879,4595176.541666667,False,COMPACT_OTHER_FP
821,4.0,6,4,1.5,0.8027342315472554,1.6769043176561635,0.6666666666666666,0.2523483633995056,0.21697041392326355,0.5032950639724731,622205.59375,4595183.65625,False,COMPACT_OTHER_FP
822,222.75,37,31,1.1935483870967742,0.5746347841803646,1.221881510790213,0.7768090671316478,0.6412296891212463,0.4004780054092407,0.7538700103759766,620947.1683501684,4595173.425925926,False,ROAD_LIKE_COMPACT
823,187.5,41,26,1.5769230769230769,0.7362353834972161,1.4777039389871909,0.7035647279549718,0.49065351486206055,0.3193426728248596,0.7175162434577942,622204.826,4595168.606666666,True,TRUE_PIT_LABELED
824,9.5,6,10,1.6666666666666667,0.9325899027639671,2.7705607038865336,0.6333333333333333,0.13751919567584991,0.11046048253774643,0.5145647525787354,620722.697368421,4595175.72368421,False,COMPACT_OTHER_FP
826,238.75,38,35,1.0857142857142856,0.6321183291510086,1.290535940443197,0.7180451127819549,0.6578397154808044,0.3446290194988251,0.8924397230148315,622333.607329843,4595167.502094241,True,TRUE_PIT_LABELED
828,208.75,32,35,1.09375,0.4247289447400739,1.1045811172602447,0.7455357142857143,0.31473466753959656,0.16694021224975586,0.8382517695426941,620326.1431137725,4595167.269461078,False,COMPACT_OTHER_FP
829,165.5,29,30,1.0344827586206897,0.478726329287536,1.1389986318301784,0.7609195402298851,0.4770364463329315,0.15559892356395721,0.7943770885467529,619926.9441087614,4595159.5,False,COMPACT_OTHER_FP
830,22.75,14,9,1.5555555555555556,0.8716379316412206,2.0401905312912674,0.7222222222222222,0.1344914585351944,0.09566041827201843,0.5858129858970642,621085.2142857143,4595160.802197802,False,COMPACT_OTHER_FP
831,16.25,16,8,2.0,0.942186892098844,2.9842921208566935,0.5078125,0.10199123620986938,0.05581004545092583,0.5320730209350586,621094.176923077,4595158.646153846,False,COMPACT_OTHER_FP
832,24.0,16,8,2.0,0.9081666731491863,2.3888654419898323,0.75,0.4891069531440735,0.2971021234989166,0.5450290441513062,622139.6666666666,4595157.348958333,False,ROAD_LIKE_COMPACT
833,279.25,39,37,1.054054054054054,0.41559692337897963,1.0994461128439272,0.774081774081774,0.45132651925086975,0.15382137894630432,0.898540735244751,619524.657564906,4595146.307520144,False,COMPACT_OTHER_FP
834,218.75,35,31,1.1290322580645162,0.4034202152517902,1.0928784678718473,0.8064516129032258,0.4701892137527466,0.2525760233402252,0.7693681120872498,621892.4428571429,4595147.054285714,False,ROAD_LIKE_COMPACT
835,209.25,35,33,1.0606060606060606,0.7312416223020465,1.4660208675072082,0.7246753246753247,0.5439535975456238,0.24330636858940125,0.7619104981422424,623671.0752688173,4595146.971923537,False,ROAD_LIKE_COMPACT
836,183.5,31,38,1.2258064516129032,0.7191741711889696,1.439201279673951,0.6230899830220713,0.5386977195739746,0.18530826270580292,0.7941678166389465,619784.2929155313,4595147.216621254,False,ROAD_LIKE_COMPACT
837,192.5,32,31,1.032258064516129,0.3095075543990011,1.0516386286349924,0.7762096774193549,0.30642324686050415,0.20157603919506073,0.7690414786338806,623306.8084415584,4595147.482467532,False,COMPACT_OTHER_FP
838,213.0,31,36,1.1612903225806452,0.5455794734299938,1.1932332839606166,0.7634408602150538,0.500244140625,0.17773135006427765,0.861930251121521,622084.654342723,4595146.833333333,True,TRUE_PIT_LABELED
839,217.5,30,35,1.1666666666666667,0.5534937764530132,1.2006916290135914,0.8285714285714286,0.6098727583885193,0.18382568657398224,0.8303182721138,619676.9781609195,4595142.750574713,False,ROAD_LIKE_COMPACT
840,242.75,34,37,1.088235294117647,0.5040993471691262,1.1578822559635995,0.7718600953895072,0.48327523469924927,0.17261363565921783,0.8683140277862549,623932.8805355304,4595129.378475798,False,COMPACT_OTHER_FP
841,168.75,34,41,1.2058823529411764,0.815351300129034,1.7272155237452764,0.48421807747489237,0.7085151672363281,0.4215283989906311,0.6704079508781433,620132.0644444445,4595106.297777778,False,ROAD_LIKE_COMPACT
842,247.75,38,36,1.0555555555555556,0.3890894733578902,1.08554063649295,0.7244152046783626,0.4185335338115692,0.18391549587249756,0.9094448089599609,621751.9576185672,4595102.505045408,True,TRUE_PIT_LABELED
843,190.5,35,31,1.1290322580645162,0.6044045469250708,1.2552129532449499,0.7023041474654378,0.3949008285999298,0.15852415561676025,0.8653003573417664,621961.2559055118,4595102.835958005,True,TRUE_PIT_LABELED
844,60.75,44,24,1.8333333333333333,0.9893463163405285,6.869021953791955,0.23011363636363635,0.3362230062484741,0.26746436953544617,0.5692858099937439,621970.2901234567,4595080.308641976,False,LIKELY_ROAD_FP
845,144.5,27,31,1.1481481481481481,0.5301387158001382,1.1793691611311354,0.6905615292712067,0.41160476207733154,0.14630086719989777,0.7637866735458374,620680.3892733564,4595083.294117647,False,COMPACT_OTHER_FP
846,240.5,32,50,1.5625,0.8014955642140857,1.6722387906229996,0.60125,0.5254564881324768,0.24760618805885315,0.67437344789505,620963.0587318087,4595081.376299377,False,ROAD_LIKE_COMPACT
847,7.0,8,5,1.6,0.8811478702246591,2.1148766786766697,0.7,0.2625664174556732,0.2456597238779068,0.41223689913749695,621968.8035714285,4595077.267857143,False,COMPACT_OTHER_FP
849,272.25,43,32,1.34375,0.6582794154934887,1.3284205179818362,0.7914244186046512,0.5807682275772095,0.3598794937133789,0.8130043745040894,620802.3976124885,4595067.269054178,False,ROAD_LIKE_COMPACT
850,405.25,53,39,1.358974358974359,0.7131934943265419,1.42660023949796,0.7842283502660861,0.4808443486690521,0.1599046140909195,0.8962474465370178,622456.0012338063,4595065.36859963,True,TRUE_PIT_LABELED
851,244.5,36,36,1.0,0.31677659173220457,1.054296057481278,0.7546296296296297,0.5082515478134155,0.174594908952713,0.8579790592193604,622591.6978527608,4595067.11400818,False,ROAD_LIKE_COMPACT
852,205.5,35,32,1.09375,0.4846796826426302,1.1432599360507654,0.7339285714285714,0.38349980115890503,0.20220673084259033,0.8638091683387756,621330.5924574209,4595066.567518248,True,TRUE_PIT_LABELED
853,207.0,35,34,1.0294117647058822,0.41781207767032763,1.100674914051355,0.6957983193277311,0.43469125032424927,0.18026253581047058,0.8926931023597717,621207.0247584541,4595065.539251207,True,TRUE_PIT_LABELED
854,5.5,6,5,1.2,0.6860082554668264,1.3743933232984122,0.7333333333333333,0.36846253275871277,0.30878427624702454,0.5369875431060791,621975.6363636364,4595067.0227272725,False,ROAD_LIKE_COMPACT
855,142.75,28,26,1.0769230769230769,0.43557210295915394,1.1109212125323935,0.7843406593406593,0.4927983283996582,0.28151679039001465,0.6592586636543274,620333.0472854641,4595057.88178634,False,ROAD_LIKE_COMPACT
856,292.25,41,38,1.0789473684210527,0.37462062038302885,1.0785413352320625,0.7503209242618742,0.5235421657562256,0.1621735394001007,0.9137688279151917,621481.2609067579,4595053.854576562,True,TRUE_PIT_LABELED
857,271.25,36,40,1.1111111111111112,0.4325677723505574,1.1091375598172568,0.7534722222222222,0.42553064227104187,0.18514369428157806,0.9067822098731995,620441.6594470046,4595046.378341014,False,COMPACT_OTHER_FP
858,215.25,33,33,1.0,0.3909886553833718,1.0864894526166444,0.790633608815427,0.5804114937782288,0.3056719899177551,0.7732638120651245,622070.9605110337,4595045.331591173,False,ROAD_LIKE_COMPACT
859,296.0,42,36,1.1666666666666667,0.567686914355143,1.2147059049570537,0.783068783068783,0.4446552097797394,0.14638257026672363,0.8919875621795654,622341.8141891892,4595039.128378378,True,TRUE_PIT_LABELED
861,186.5,28,32,1.1428571428571428,0.4531539482384303,1.1217902123630914,0.8325892857142857,0.4406648278236389,0.18022793531417847,0.7753276824951172,620603.7955764075,4595037.264745308,False,COMPACT_OTHER_FP
864,60.0,18,19,1.0555555555555556,0.36526721416112984,1.0742261090761558,0.7017543859649122,0.5140343904495239,0.28836554288864136,0.5692014098167419,620163.6583333333,4595036.9375,False,ROAD_LIKE_COMPACT
865,250.5,37,37,1.0,0.5096039524561461,1.1622378299058531,0.7319211102994887,0.6008398532867432,0.231037899851799,0.8424972295761108,622201.5538922156,4595030.728043912,True,TRUE_PIT_LABELED
866,193.75,31,30,1.0333333333333334,0.4598380051532131,1.1261225494343285,0.8333333333333334,0.43929627537727356,0.17445552349090576,0.7991013526916504,620055.9161290323,4595030.451612903,False,COMPACT_OTHER_FP
867,282.75,37,37,1.0,0.345340156147261,1.0655555514040391,0.8261504747991234,0.20513691008090973,0.1195525974035263,0.8516072630882263,623288.9862953139,4595025.590185677,False,COMPACT_OTHER_FP
868,109.0,27,25,1.08,0.7797929068898759,1.5973482570526243,0.6459259259259259,0.6458461880683899,0.26231861114501953,0.6372764706611633,620346.1353211009,4595026.801605505,False,ROAD_LIKE_COMPACT
869,242.25,38,32,1.1875,0.5101243758845878,1.162654632027745,0.796875,0.514705240726471,0.16511180996894836,0.858971118927002,619936.4246646027,4595020.351909185,False,ROAD_LIKE_COMPACT
870,123.0,26,23,1.1304347826086956,0.5132805795195979,1.1652012263384455,0.822742474916388,0.6356183290481567,0.27049410343170166,0.6983893513679504,623665.0345528455,4595014.819105691,False,ROAD_LIKE_COMPACT
871,220.25,37,31,1.1935483870967742,0.6305461871910405,1.2884078758613478,0.7680906713164778,0.47932085394859314,0.2179311215877533,0.7349945306777954,623792.0607264473,4595010.143586833,False,COMPACT_OTHER_FP
872,171.5,26,35,1.3461538461538463,0.7172726875741224,1.435147326221469,0.7538461538461538,0.31642207503318787,0.12120182067155838,0.835333526134491,619660.2587463557,4595009.209912537,False,COMPACT_OTHER_FP
873,240.25,35,35,1.0,0.5560556823984607,1.203159438450993,0.7844897959183673,0.6083032488822937,0.35293203592300415,0.8186406493186951,619779.7367325702,4595006.893860562,False,ROAD_LIKE_COMPACT
874,190.25,33,31,1.064516129032258,0.47641654408991396,1.1373721526190155,0.7438905180840665,0.3556070327758789,0.1461096853017807,0.8316991329193115,621967.7049934297,4595005.339684625,True,TRUE_PIT_LABELED
875,9.75,13,5,2.6,0.9398697802869727,2.9279746736611654,0.6,0.369409441947937,0.2457374930381775,0.49009549617767334,619789.4743589744,4595008.153846154,False,COMPACT_OTHER_FP
876,202.25,37,30,1.2333333333333334,0.6454430012386912,1.309228791370561,0.7288288288288288,0.48425835371017456,0.23556141555309296,0.7891787886619568,623546.4072929543,4595001.5407911,False,COMPACT_OTHER_FP
877,53.5,16,19,1.1875,0.6721057601551376,1.3505206677008084,0.7039473684210527,0.14373071491718292,0.10009482502937317,0.5988358855247498,620049.4929906542,4594996.511682243,False,COMPACT_OTHER_FP
878,17.25,14,9,1.5555555555555556,0.9375510313449326,2.8748208760054164,0.5476190476190477,0.5588988065719604,0.3788568377494812,0.5552246570587158,620034.7246376812,4594991.7463768115,False,ROAD_LIKE_COMPACT
879,312.25,42,36,1.1666666666666667,0.5465854007846273,1.1941676365173355,0.826058201058201,0.5613977313041687,0.26757004857063293,0.9140051603317261,621877.4855884708,4594982.853482787,True,TRUE_PIT_LABELED
880,317.75,39,41,1.0512820512820513,0.5199651081741732,1.1707031526789506,0.7948717948717948,0.35330554842948914,0.15606847405433655,0.9279717206954956,623921.807631786,4594983.017702596,False,COMPACT_OTHER_FP
881,306.25,43,41,1.048780487804878,0.6588881791990393,1.3293613838573128,0.6948383437322745,0.6340326070785522,0.3343597948551178,0.8623771667480469,621257.2081632653,4594981.057959184,True,TRUE_PIT_LABELED
882,264.75,38,37,1.027027027027027,0.4707503626058654,1.1334444320124528,0.7532005689900427,0.3094730079174042,0.11511263996362686,0.8707408905029297,621741.4003777148,4594980.956562795,True,TRUE_PIT_LABELED
884,264.5,34,39,1.1470588235294117,0.5609124743281214,1.207911663363996,0.7978883861236803,0.3404577672481537,0.12636373937129974,0.8764433860778809,621483.2372400756,4594962.531190926,True,TRUE_PIT_LABELED
885,326.75,47,36,1.3055555555555556,0.6320063900738592,1.2903838943708035,0.7724586288416075,0.6684475541114807,0.22961686551570892,0.9125712513923645,622329.0876052028,4594954.000382556,True,TRUE_PIT_LABELED
886,367.25,40,48,1.2,0.6146161348658162,1.2677061345205325,0.7651041666666667,0.7020794153213501,0.30993324518203735,0.8903830051422119,621628.1133424098,4594949.804969367,True,TRUE_PIT_LABELED
887,291.75,38,40,1.0526315789473684,0.417027261152781,1.1002383381094905,0.7677631578947368,0.38683605194091797,0.19560055434703827,0.8823747634887695,621338.0839760068,4594948.371036846,True,TRUE_PIT_LABELED
888,390.0,37,53,1.4324324324324325,0.7675973266059218,1.5602269390195396,0.7955124936257012,0.4848679304122925,0.22158695757389069,0.8539583086967468,622935.7817307692,4594946.961538462,False,COMPACT_OTHER_FP
889,219.5,34,33,1.0303030303030303,0.5205387161882448,1.1711822632997706,0.7825311942959001,0.590011715888977,0.23325978219509125,0.8290184140205383,622069.229498861,4594945.047266515,True,TRUE_PIT_LABELED
890,78.75,16,24,1.5,0.7513967377123186,1.5154943448409859,0.8203125,0.32745322585105896,0.15745963156223297,0.6423021554946899,621096.7142857143,4594946.1158730155,False,COMPACT_OTHER_FP
892,249.25,39,35,1.1142857142857143,0.4592887813444584,1.1257622668314686,0.7304029304029304,0.4712536334991455,0.22269946336746216,0.8984775543212891,621105.9764292878,4594926.282347041,True,TRUE_PIT_LABELED
893,255.75,32,39,1.21875,0.5642303368487614,1.211214751218094,0.8197115384615384,0.32423537969589233,0.1529797464609146,0.8783401846885681,620436.6720430107,4594926.183773216,False,COMPACT_OTHER_FP
894,233.75,38,34,1.1176470588235294,0.37206908315005227,1.0773481679993844,0.7236842105263158,0.49371370673179626,0.17861899733543396,0.8669350147247314,622190.250802139,4594922.322459893,True,TRUE_PIT_LABELED
895,285.0,43,38,1.131578947368421,0.5708089921785638,1.2179038503691775,0.6976744186046512,0.4711683392524719,0.18644089996814728,0.9175294637680054,620588.2666666667,4594910.748245614,False,COMPACT_OTHER_FP
896,161.0,37,31,1.1935483870967742,0.7256074420566727,1.4532583712368743,0.5614646904969486,0.4886701703071594,0.13221298158168793,0.7513111233711243,620334.5551242236,4594911.684782608,False,COMPACT_OTHER_FP
897,189.5,31,36,1.1612903225806452,0.5182515912262589,1.1692785508593744,0.6792114695340502,0.4396571218967438,0.2527754008769989,0.8020951151847839,620044.3687335092,4594909.571899736,False,ROAD_LIKE_COMPACT
898,262.5,37,35,1.0571428571428572,0.41463048912823786,1.0989133358520802,0.8108108108108109,0.35720306634902954,0.11589067429304123,0.8247743844985962,623211.819047619,4594907.039523809,False,COMPACT_OTHER_FP
899,194.5,32,33,1.03125,0.4166898432424948,1.100051051698391,0.7367424242424242,0.46314072608947754,0.20207884907722473,0.7536579370498657,619941.1394601542,4594903.346401028,False,COMPACT_OTHER_FP
900,315.75,42,39,1.0769230769230769,0.5090956898408343,1.1618316096165366,0.7710622710622711,0.299955278635025,0.16571880877017975,0.8622695207595825,620855.3012668251,4594896.57165479,False,COMPACT_OTHER_FP
901,249.5,35,35,1.0,0.19689567617888187,1.0199664083433995,0.8146938775510204,0.5309646129608154,0.193109393119812,0.9051163196563721,623681.8246492986,4594898.9749499,False,ROAD_LIKE_COMPACT
902,77.75,24,23,1.0434782608695652,0.5313849203920448,1.1804556822091026,0.5634057971014492,0.4599701762199402,0.2467721551656723,0.6099903583526611,620238.1028938907,4594898.69614148,False,COMPACT_OTHER_FP
903,132.0,30,22,1.3636363636363635,0.6377411858209199,1.298278556688078,0.8,0.3340267837047577,0.09605861455202103,0.733100175857544,622566.6098484849,4594896.474431818,False,COMPACT_OTHER_FP
904,118.75,26,26,1.0,0.5791986106916424,1.226713206674521,0.7026627218934911,0.3596412241458893,0.19611617922782898,0.5810532569885254,623543.2957894737,4594897.317894737,False,COMPACT_OTHER_FP
905,247.5,38,32,1.1875,0.5845223642142462,1.2324717900453643,0.8141447368421053,0.5028520822525024,0.18775351345539093,0.7910299301147461,619792.8434343435,4594892.455050505,False,ROAD_LIKE_COMPACT
906,160.75,28,30,1.0714285714285714,0.5566131869028061,1.2037000016505928,0.7654761904761904,0.4729660749435425,0.24226142466068268,0.732624351978302,620202.3584758942,4594893.615085537,False,COMPACT_OTHER_FP
907,135.25,26,26,1.0,0.2779457078189687,1.0410195157141513,0.8002958579881657,0.3363284468650818,0.15206918120384216,0.6953497529029846,620329.73012939,4594890.354898336,False,COMPACT_OTHER_FP
908,79.75,35,15,2.3333333333333335,0.941371087791223,2.9640791947963185,0.6076190476190476,0.6172360181808472,0.35038653016090393,0.5660970211029053,622238.2978056426,4594885.813479624,False,ROAD_LIKE_COMPACT
909,187.75,31,33,1.064516129032258,0.5731244215873134,1.2203033644510963,0.7341153470185728,0.5228221416473389,0.297090619802475,0.7987180948257446,623292.394806924,4594881.402130493,False,ROAD_LIKE_COMPACT
910,252.0,35,39,1.1142857142857143,0.5592665545887526,1.2062902397972814,0.7384615384615385,0.5514065027236938,0.20770911872386932,0.8802288770675659,620712.7797619047,4594876.99156746,False,ROAD_LIKE_COMPACT
911,258.0,36,40,1.1111111111111112,0.6998445552731014,1.3999814552887733,0.7166666666666667,0.46693122386932373,0.19655239582061768,0.8446367383003235,621954.4040697674,4594873.03875969,True,TRUE_PIT_LABELED
913,8.0,4,11,2.75,0.9131371011801463,2.4530691662069564,0.7272727272727273,0.2311284840106964,0.17170283198356628,0.5273463129997253,621693.828125,4594877.59375,False,COMPACT_OTHER_FP
914,30.75,11,20,1.8181818181818181,0.7914801505898492,1.6361393824829646,0.5590909090909091,0.6364660859107971,0.4348479211330414,0.6029708981513977,621693.4146341464,4594874.308943089,False,ROAD_LIKE_COMPACT
915,15.25,9,10,1.1111111111111112,0.855458386947359,1.9309807402947856,0.6777777777777778,0.4333818256855011,0.2530999481678009,0.5434435606002808,622233.3278688524,4594874.221311475,False,ROAD_LIKE_COMPACT
917,4.0,3,7,2.3333333333333335,0.8753169528447841,2.068040103694164,0.7619047619047619,0.49249324202537537,0.3985079228878021,0.5375222563743591,622242.5625,4594875.59375,False,ROAD_LIKE_COMPACT
918,268.25,39,33,1.1818181818181819,0.6260680544626146,1.2824320303531023,0.8337218337218337,0.5765419602394104,0.3054656684398651,0.8242693543434143,623785.4883504193,4594866.866262815,False,ROAD_LIKE_COMPACT
919,262.5,33,41,1.2424242424242424,0.6592418603829127,1.3299093299645195,0.7760532150776053,0.3661929965019226,0.19486761093139648,0.8474042415618896,623923.1557142857,4594868.607142857,False,COMPACT_OTHER_FP
920,162.5,30,29,1.0344827586206897,0.47749295488957105,1.138128281644291,0.7471264367816092,0.4730486273765564,0.250428706407547,0.8354321718215942,620400.1561538462,4594864.120769231,False,ROAD_LIKE_COMPACT
921,39.5,12,22,1.8333333333333333,0.8744724343833631,2.0615359738493066,0.5984848484848485,0.5421967506408691,0.2719362676143646,0.6459276676177979,621694.2594936709,4594867.699367088,False,ROAD_LIKE_COMPACT
923,197.25,39,32,1.21875,0.6452208186775695,1.30890714423808,0.6322115384615384,0.3433387279510498,0.19131384789943695,0.7187033295631409,621738.0234474018,4594857.466413181,True,TRUE_PIT_LABELED
924,293.75,38,39,1.0263157894736843,0.37110680186443495,1.076901318142912,0.7928475033738192,0.36263054609298706,0.1197609230875969,0.911943256855011,621876.570212766,4594850.605957447,True,TRUE_PIT_LABELED
925,122.0,31,26,1.1923076923076923,0.7503096726827757,1.5126612938234334,0.6054590570719603,0.45438137650489807,0.18116821348667145,0.7099205255508423,623456.294057377,4594846.327868853,False,COMPACT_OTHER_FP
926,295.0,38,40,1.0526315789473684,0.5997681576420971,1.2497284507403628,0.7763157894736842,0.4639328718185425,0.22225448489189148,0.894783616065979,621352.6,4594840.230508475,True,TRUE_PIT_LABELED
927,428.75,59,35,1.6857142857142857,0.8190510252599263,1.7430084635796366,0.8305084745762712,0.3312279284000397,0.14538004994392395,0.8769155144691467,621481.2081632653,4594832.027405248,False,COMPACT_OTHER_FP
929,253.5,48,33,1.4545454545454546,0.6626686596570178,1.3352690992848673,0.6401515151515151,0.7051762938499451,0.3306032419204712,0.8354023694992065,622182.0808678501,4594826.245562131,True,TRUE_PIT_LABELED
930,377.25,45,45,1.0,0.43161833965251195,1.1085782285542627,0.7451851851851852,0.2497180998325348,0.11567205935716629,0.8413572311401367,621641.3730947648,4594824.51888668,True,TRUE_PIT_LABELED
931,95.75,23,21,1.0952380952380953,0.39028595448410097,1.0861375603364263,0.7929606625258799,0.4946901500225067,0.2411855161190033,0.6196883320808411,621215.9869451697,4594829.118798955,False,COMPACT_OTHER_FP
932,209.25,35,29,1.206896551724138,0.5911753277174379,1.2398593837631615,0.8246305418719212,0.6449521780014038,0.2932387888431549,0.8466606140136719,620594.5537634408,4594813.176224612,False,ROAD_LIKE_COMPACT
933,161.5,33,27,1.2222222222222223,0.6518873133784207,1.3187117188760593,0.7250280583613917,0.5060073137283325,0.1316998451948166,0.7905740737915039,622429.806501548,4594806.47368421,True,TRUE_PIT_LABELED
934,311.75,41,37,1.1081081081081081,0.5064617370933308,1.1597397242784186,0.8220171390903098,0.5146970748901367,0.1781054586172104,0.9239994883537292,620464.4755412991,4594798.548516439,False,ROAD_LIKE_COMPACT
935,10.25,9,7,1.2857142857142858,0.721101923940883,1.4433576081304031,0.6507936507936508,0.38685911893844604,0.2383061796426773,0.5298184156417847,622270.2073170731,4594805.12195122,False,COMPACT_OTHER_FP
937,212.0,35,36,1.0285714285714285,0.6920512928332151,1.385332571590226,0.6730158730158731,0.5133581161499023,0.21515518426895142,0.7597156763076782,620209.4787735849,4594793.465212264,False,ROAD_LIKE_COMPACT
938,13.75,10,8,1.25,0.6661880023360863,1.3408710913142994,0.6875,0.32891562581062317,0.18128027021884918,0.5232924222946167,622274.2363636363,4594798.2272727275,False,COMPACT_OTHER_FP
939,270.5,41,35,1.1714285714285715,0.5493248095819508,1.1967320905847951,0.7540069686411149,0.47715991735458374,0.19792014360427856,0.9042894244194031,622335.152495379,4594790.293438078,True,TRUE_PIT_LABELED
940,288.25,40,37,1.0810810810810811,0.4876877740579763,1.1454515993849474,0.779054054054054,0.30128681659698486,0.1569407731294632,0.8810601234436035,620731.0511708587,4594787.715524718,False,COMPACT_OTHER_FP
941,10.25,8,10,1.25,0.9102248962372268,2.4147923515353784,0.5125,0.2454843521118164,0.14642813801765442,0.5233747959136963,620073.6951219512,4594794.719512195,False,COMPACT_OTHER_FP
943,63.75,30,14,2.142857142857143,0.9050428918250071,2.3511691833362303,0.6071428571428571,0.18806970119476318,0.11953616887331009,0.6272377967834473,622432.4117647059,4594787.439215686,False,COMPACT_OTHER_FP
944,328.25,44,39,1.1282051282051282,0.621869965690619,1.276942663315079,0.7651515151515151,0.35069212317466736,0.20956555008888245,0.8771725296974182,620853.9173648134,4594783.717060167,False,COMPACT_OTHER_FP
945,31.0,15,12,1.25,0.6488624305550988,1.3142232296656557,0.6888888888888889,0.44935673475265503,0.3315809667110443,0.5525501370429993,620073.1774193548,4594788.927419355,False,ROAD_LIKE_COMPACT
946,219.5,34,33,1.0303030303030303,0.39262711071632195,1.0873137393886336,0.7825311942959001,0.5304189324378967,0.18319840729236603,0.8464757204055786,619814.0034168565,4594771.530751708,False,ROAD_LIKE_COMPACT
948,151.5,31,29,1.0689655172413792,0.5162081092166317,1.1675925095486097,0.6740823136818688,0.48596805334091187,0.17902310192584991,0.655447244644165,623177.9084158416,4594772.459570957,False,COMPACT_OTHER_FP
949,7.25,7,8,1.1428571428571428,0.8746329648176849,2.06276710698042,0.5178571428571429,0.42046576738357544,0.3238265812397003,0.5158101320266724,622274.9310344828,4594775.775862069,False,ROAD_LIKE_COMPACT
950,259.25,38,36,1.0555555555555556,0.5347411343759169,1.183409645216765,0.7580409356725146,0.38795119524002075,0.1858266294002533,0.8690102696418762,623810.6113789778,4594767.412246866,False,COMPACT_OTHER_FP
951,251.75,35,36,1.0285714285714285,0.3965972618415392,1.0893332717241493,0.7992063492063493,0.47213584184646606,0.14383350312709808,0.8629691004753113,622040.1479642503,4594765.522343595,True,TRUE_PIT_LABELED
952,264.75,36,39,1.0833333333333333,0.40468565987745003,1.0935464965062665,0.7542735042735043,0.4683346748352051,0.147934690117836,0.8763359189033508,619667.238904627,4594759.720491029,False,COMPACT_OTHER_FP
953,67.75,17,22,1.2941176470588236,0.6769389331016097,1.3586233196630884,0.7245989304812834,0.37367579340934753,0.16229915618896484,0.5861609578132629,620052.6549815498,4594762.78597786,False,COMPACT_OTHER_FP
954,265.75,34,40,1.1764705882352942,0.5296619377851031,1.178954941322681,0.7816176470588235,0.5501844882965088,0.170765683054924,0.9174174666404724,623690.3607714017,4594758.486829727,False,ROAD_LIKE_COMPACT
956,233.75,34,35,1.0294117647058822,0.3199508600435572,1.0554823382040022,0.7857142857142857,0.5788648128509521,0.19834525883197784,0.8696801066398621,623560.0251336899,4594754.489304813,False,ROAD_LIKE_COMPACT
957,138.0,33,28,1.1785714285714286,0.6015336505534162,1.2518034390760235,0.5974025974025974,0.742888331413269,0.4635019302368164,0.7226282954216003,622086.3596014492,4594754.988224638,False,ROAD_LIKE_COMPACT
959,215.5,32,33,1.03125,0.4831164234647562,1.1421312418264329,0.8162878787878788,0.5183023810386658,0.30946704745292664,0.7346154451370239,623206.5817865429,4594748.718677494,False,ROAD_LIKE_COMPACT
960,347.0,51,42,1.2142857142857142,0.834753733088913,1.8161230959218944,0.6479925303454716,0.5229940414428711,0.2294197678565979,0.8814293742179871,622855.5147694524,4594743.389769453,False,ROAD_LIKE_COMPACT
961,178.5,30,27,1.1111111111111112,0.4868009292987411,1.1448027326643861,0.8814814814814815,0.46938344836235046,0.2897161841392517,0.7235893607139587,619545.487394958,4594746.639355742,False,ROAD_LIKE_COMPACT
962,55.0,24,16,1.5,0.7705669037936584,1.5689741778797508,0.5729166666666666,0.7249676585197449,0.3851984441280365,0.5732529163360596,622261.8136363636,4594747.511363637,False,ROAD_LIKE_COMPACT
963,120.0,30,29,1.0344827586206897,0.5023467345454491,1.1565155653905395,0.5517241379310345,0.7554566264152527,0.44929638504981995,0.65020352602005,620425.484375,4594733.154166667,False,ROAD_LIKE_COMPACT
965,121.5,37,24,1.5416666666666667,0.9161016392377066,2.494100738956413,0.5472972972972973,0.21581095457077026,0.10943799465894699,0.7134624719619751,623829.0730452675,4594724.856995884,False,COMPACT_OTHER_FP
966,20.25,19,9,2.111111111111111,0.957887055361871,3.4825581579786475,0.47368421052631576,0.5197650790214539,0.37795764207839966,0.5347010493278503,622259.7592592592,4594720.641975309,False,LIKELY_ROAD_FP
967,255.75,35,38,1.0857142857142856,0.513559020063886,1.1654274480834612,0.7691729323308271,0.5238391757011414,0.2937844693660736,0.8534411191940308,621997.3000977517,4594713.709188661,True,TRUE_PIT_LABELED
968,254.25,38,34,1.1176470588235294,0.5897598068755949,1.2382693967162155,0.7871517027863777,0.3898776173591614,0.17058436572551727,0.8770738840103149,621733.7168141593,4594711.778269419,True,TRUE_PIT_LABELED
969,308.75,40,41,1.025,0.4229205376901528,1.1035496233414317,0.7530487804878049,0.489549845457077,0.2435244917869568,0.8976867198944092,621371.7008097166,4594709.931174089,True,TRUE_PIT_LABELED
970,4.75,4,6,1.5,0.7762322790298584,1.5861760993204923,0.7916666666666666,0.37499096989631653,0.2744852602481842,0.5103842616081238,622249.0789473684,4594717.2894736845,False,ROAD_LIKE_COMPACT
971,288.5,51,37,1.3783783783783783,0.847447984157611,1.8836704066115517,0.611552729199788,0.5295770168304443,0.14117705821990967,0.7564404010772705,621608.7188041594,4594704.011698441,False,ROAD_LIKE_COMPACT
973,308.75,38,41,1.0789473684210527,0.4057860142644713,1.094130075597816,0.7926829268292683,0.40077871084213257,0.12470831722021103,0.8375699520111084,621866.801214575,4594700.899190283,True,TRUE_PIT_LABELED
974,31.5,10,23,2.3,0.9551259146213171,3.376096323090623,0.5478260869565217,0.5703611373901367,0.3826078772544861,0.593497633934021,621284.1111111111,4594704.107142857,False,LIKELY_ROAD_FP
975,247.5,38,35,1.0857142857142856,0.3491291264754833,1.0671508684491562,0.7443609022556391,0.2510282099246979,0.14788000285625458,0.897697925567627,621073.0595959596,4594691.764646465,True,TRUE_PIT_LABELED
977,4.5,4,9,2.25,0.972423636374766,4.287769219977201,0.5,0.4365485906600952,0.37159064412117004,0.5049851536750793,619683.2222222222,4594696.305555556,False,LIKELY_ROAD_FP
978,280.0,41,35,1.1714285714285715,0.6190281736490788,1.2732871814689846,0.7804878048780488,0.45247557759284973,0.2392193078994751,0.865301251411438,620567.8513392857,4594686.860714286,False,COMPACT_OTHER_FP
980,191.0,33,33,1.0,0.7516063781986883,1.5160430054718597,0.7015610651974288,0.5389528870582581,0.1944900006055832,0.7410634160041809,620330.8030104712,4594683.131544502,False,ROAD_LIKE_COMPACT
981,19.25,7,17,2.4285714285714284,0.9491074030714638,3.1750809936897326,0.6470588235294118,0.5112897753715515,0.3468213379383087,0.5417288541793823,619680.8441558442,4594688.551948052,False,LIKELY_ROAD_FP
983,160.25,32,25,1.28,0.6205787351013585,1.275275740744172,0.80125,0.4470227062702179,0.21558980643749237,0.7044646739959717,620837.9157566302,4594675.517940718,False,COMPACT_OTHER_FP
984,240.25,34,37,1.088235294117647,0.6239490648741258,1.2796478218272962,0.7639109697933227,0.5267079472541809,0.2310381680727005,0.8547143936157227,620199.6279916753,4594674.274193549,False,ROAD_LIKE_COMPACT
985,252.75,36,36,1.0,0.441616681796996,1.114573935619577,0.7800925925925926,0.3745618760585785,0.19599179923534393,0.8351942300796509,620725.6641938675,4594671.513353116,False,COMPACT_OTHER_FP
986,496.0,50,71,1.42,0.9110236717685997,2.425100419491773,0.5588732394366197,0.4867279827594757,0.22587653994560242,0.9123287200927734,619958.7373991936,4594668.094506049,False,COMPACT_OTHER_FP
987,291.25,37,66,1.7837837837837838,0.8303018574280042,1.7943208158187611,0.47706797706797704,0.7497745752334595,0.38258448243141174,0.6879787445068359,620670.6836909872,4594670.918025751,False,ROAD_LIKE_COMPACT
988,12.75,8,12,1.5,0.9021060195802988,2.3174194425242214,0.53125,0.19265970587730408,0.13664987683296204,0.527041494846344,623069.9117647059,4594677.215686275,False,COMPACT_OTHER_FP
991,5.75,5,7,1.4,0.8183571575992469,1.7400080606528419,0.6571428571428571,0.5392258763313293,0.4000413417816162,0.5071691870689392,620648.0217391305,4594674.652173913,False,ROAD_LIKE_COMPACT
992,212.75,33,33,1.0,0.34731171504140423,1.066382595097891,0.7814508723599632,0.2033548355102539,0.11453012377023697,0.8767857551574707,620476.8854289071,4594665.576380729,False,COMPACT_OTHER_FP
993,264.75,36,38,1.0555555555555556,0.1971482871188622,1.0200192234518535,0.7741228070175439,0.4294261932373047,0.13170772790908813,0.9018853902816772,622202.9159584513,4594664.347497639,True,TRUE_PIT_LABELED
994,238.0,36,37,1.0277777777777777,0.38592884046846593,1.0839772897422704,0.7147147147147147,0.4695506691932678,0.16953034698963165,0.9128369688987732,619820.3103991597,4594660.44012605,False,COMPACT_OTHER_FP
995,256.5,37,36,1.0277777777777777,0.3915347700401434,1.0867636050350065,0.7702702702702703,0.5789839029312134,0.20533399283885956,0.8745265007019043,620441.4873294347,4594659.792884991,False,ROAD_LIKE_COMPACT
996,28.0,17,10,1.7,0.87883581859347,2.0958898680033813,0.6588235294117647,0.518332839012146,0.33533692359924316,0.5880683660507202,623285.3080357143,4594661.821428572,False,ROAD_LIKE_COMPACT
997,233.75,35,35,1.0,0.5529799301214327,1.2001998478060267,0.763265306122449,0.5174784660339355,0.23644836246967316,0.8801923990249634,619692.5705882353,4594656.750802139,False,ROAD_LIKE_COMPACT
999,4.5,5,5,1.0,0.30204156762809287,1.048993497469591,0.72,0.5392865538597107,0.39199814200401306,0.524688720703125,620684.7222222222,4594662.055555556,False,ROAD_LIKE_COMPACT
1000,198.25,33,30,1.1,0.4887811099296818,1.1462546978410246,0.8010101010101011,0.5807087421417236,0.15909072756767273,0.7728395462036133,622448.4407313997,4594654.901008828,False,ROAD_LIKE_COMPACT
1001,304.5,43,37,1.162162162162162,0.6469144065447943,1.311367712965459,0.7655562539283469,0.5086045861244202,0.22722236812114716,0.8731531500816345,623834.8624794745,4594649.845238095,False,ROAD_LIKE_COMPACT
1003,171.5,32,28,1.1428571428571428,0.6147522717585556,1.2678766529327734,0.765625,0.5748353004455566,0.27263176441192627,0.6967321038246155,620085.5349854227,4594650.857142857,False,ROAD_LIKE_COMPACT
1004,270.0,39,38,1.0263157894736843,0.0806612498955374,1.0032690793489312,0.728744939271255,0.4422450363636017,0.17433477938175201,0.9115323424339294,619562.9745370371,4594642.157407408,False,COMPACT_OTHER_FP
1005,147.5,29,29,1.0,0.6706641827221255,1.3481429232390234,0.7015457788347206,0.6077213883399963,0.3621791899204254,0.6762934327125549,623570.4406779661,4594636.945762712,False,ROAD_LIKE_COMPACT
1006,219.25,31,36,1.1612903225806452,0.60244412567327,1.2528799660718049,0.78584229390681,0.2920902371406555,0.12426318228244781,0.8045898079872131,623189.4532497149,4594632.274800456,False,COMPACT_OTHER_FP
1007,179.0,27,34,1.2592592592592593,0.6109651459143871,1.2631725278264208,0.7799564270152506,0.3590551018714905,0.11469673365354538,0.758754312992096,623693.2493016759,4594630.36801676,False,COMPACT_OTHER_FP
1008,256.0,40,35,1.1428571428571428,0.4988931843477233,1.1538503941259146,0.7314285714285714,0.46471938490867615,0.2212671935558319,0.8782472014427185,623951.482421875,4594619.2978515625,False,COMPACT_OTHER_FP
1009,146.5,29,25,1.16,0.526457009516136,1.1761914145813632,0.8082758620689655,0.5602954626083374,0.21552439033985138,0.7405750155448914,622301.1723549488,4594613.980375427,True,TRUE_PIT_LABELED
1010,160.0,30,29,1.0344827586206897,0.5681682861441631,1.2151961914338605,0.735632183908046,0.20735706388950348,0.11621832847595215,0.7251711487770081,622889.05,4594613.50390625,False,COMPACT_OTHER_FP
1012,154.0,25,31,1.24,0.5505259766526541,1.1978658340982908,0.7948387096774193,0.5081461668014526,0.3205544054508209,0.6731748580932617,620612.3871753247,4594602.796266234,False,ROAD_LIKE_COMPACT
1013,237.0,37,32,1.15625,0.6142822628829347,1.2672883935928332,0.8006756756756757,0.48753079771995544,0.22730191051959991,0.8719644546508789,621379.0516877638,4594598.67721519,False,COMPACT_OTHER_FP
1014,226.75,34,34,1.0,0.560140190742197,1.2071494665396885,0.7846020761245674,0.20233213901519775,0.10695696622133255,0.7331695556640625,621984.2557883131,4594596.898015436,True,TRUE_PIT_LABELED
1015,135.0,26,27,1.0384615384615385,0.49489353536074787,1.150809410686358,0.7692307692307693,0.21723464131355286,0.10179518163204193,0.6224021315574646,621658.9453703704,4594596.7,False,COMPACT_OTHER_FP
1016,210.5,34,32,1.0625,0.27985720998071395,1.04162149114459,0.7738970588235294,0.4950258135795593,0.18545806407928467,0.7712759971618652,622540.6342042756,4594594.101543943,False,COMPACT_OTHER_FP
1017,9.5,9,10,1.1111111111111112,0.9345287595566741,2.809875774843318,0.4222222222222222,0.49884033203125,0.42991572618484497,0.5086168050765991,623123.7236842106,4594600.22368421,False,ROAD_LIKE_COMPACT
1018,375.25,51,44,1.1590909090909092,0.7319652259544143,1.4676917230553765,0.6688948306595366,0.4578525424003601,0.21403275430202484,0.9186452627182007,621239.4143904063,4594585.15856096,True,TRUE_PIT_LABELED
1019,292.0,40,39,1.0256410256410255,0.6311584932779469,1.2892348165613412,0.7487179487179487,0.2921975553035736,0.11820011585950851,0.8810874223709106,621878.6258561644,4594587.2221746575,False,COMPACT_OTHER_FP
1020,29.5,13,13,1.0,0.527594223266199,1.1771678609436869,0.6982248520710059,0.15937088429927826,0.0990578904747963,0.5518605709075928,622733.9533898305,4594593.038135593,False,COMPACT_OTHER_FP
1021,26.5,10,20,2.0,0.8917831995429859,2.2101256920570487,0.53,0.2192050814628601,0.12694036960601807,0.5910647511482239,623001.070754717,4594591.099056603,False,COMPACT_OTHER_FP
1023,222.0,28,41,1.4642857142857142,0.7214147804120877,1.4440365994238435,0.7735191637630662,0.2743513584136963,0.147150456905365,0.7037856578826904,623002.6621621621,4594581.6013513515,False,COMPACT_OTHER_FP
1024,125.25,24,27,1.125,0.5417147755969788,1.1896797106692865,0.7731481481481481,0.48474594950675964,0.3162388503551483,0.660664975643158,620333.9550898203,4594581.53493014,False,ROAD_LIKE_COMPACT
1025,10.25,7,11,1.5714285714285714,0.9425591646660806,2.993660168603913,0.5324675324675324,0.45023852586746216,0.36744260787963867,0.560913622379303,620161.3292682926,4594578.317073171,False,ROAD_LIKE_COMPACT
1027,272.75,37,38,1.027027027027027,0.14592958778612589,1.0108208585517728,0.7759601706970128,0.5222935676574707,0.21569572389125824,0.867742657661438,620064.454628781,4594569.233272227,False,ROAD_LIKE_COMPACT
1028,299.25,39,40,1.0256410256410255,0.2109739141163208,1.0230265979506967,0.7673076923076924,0.3037318289279938,0.11660405993461609,0.8478325009346008,621749.522974102,4594567.864243943,False,COMPACT_OTHER_FP
1029,46.75,13,27,2.076923076923077,0.9592124682273497,3.5374924325361334,0.5327635327635327,0.5903069972991943,0.3545169234275818,0.6107538938522339,620146.5026737968,4594571.5,False,LIKELY_ROAD_FP
1030,340.5,38,47,1.236842105263158,0.5882230626690905,1.2365544405226416,0.7625979843225084,0.47539371252059937,0.16368134319782257,0.9401558637619019,620477.050660793,4594565.53010279,False,COMPACT_OTHER_FP
1031,280.75,39,40,1.0256410256410255,0.2199067891727946,1.025093374930423,0.7198717948717949,0.5181195139884949,0.18875932693481445,0.9277358055114746,620724.1852181656,4594557.347284061,False,ROAD_LIKE_COMPACT
1032,374.0,49,39,1.2564102564102564,0.6325444253516218,1.291115442728135,0.7828362114076399,0.361221045255661,0.20414398610591888,0.914909303188324,620980.8663101604,4594555.569518717,False,COMPACT_OTHER_FP
1033,24.75,10,23,2.3,0.9761312790130129,4.6044475465006185,0.43043478260869567,0.5516039133071899,0.2664242088794708,0.5380828380584717,620147.9797979798,4594563.186868687,False,LIKELY_ROAD_FP
1034,9.25,8,9,1.125,0.9296632710952667,2.714364402692736,0.5138888888888888,0.12320729345083237,0.09890007972717285,0.5283181071281433,619505.1756756756,4594562.513513514,False,COMPACT_OTHER_FP
1035,5.0,7,8,1.1428571428571428,0.9713316099164121,4.206476863196517,0.35714285714285715,0.3024297058582306,0.28240591287612915,0.5079132318496704,622281.5,4594555.625,False,LIKELY_ROAD_FP
1036,213.25,41,27,1.5185185185185186,0.7132474237934662,1.4267119278278377,0.7705510388437218,0.6008325815200806,0.26411548256874084,0.75634765625,620211.0029308323,4594547.128956623,False,ROAD_LIKE_COMPACT
1037,303.0,45,35,1.2857142857142858,0.6264405776723299,1.2829243613425678,0.7695238095238095,0.4498339295387268,0.16345390677452087,0.9154658913612366,623953.9009900991,4594541.4216171615,False,COMPACT_OTHER_FP
1038,284.0,39,40,1.0256410256410255,0.6838891175862442,1.3706404085576358,0.7282051282051282,0.5574839115142822,0.23766769468784332,0.888531506061554,623180.4524647887,4594539.222711268,False,ROAD_LIKE_COMPACT
1039,47.5,24,15,1.6,0.9330540746976324,2.7798151928057533,0.5277777777777778,0.42748427391052246,0.30398058891296387,0.6013461351394653,622599.0552631579,4594540.421052632,False,ROAD_LIKE_COMPACT
1040,258.25,36,40,1.1111111111111112,0.44476974323004553,1.1165138603129177,0.7173611111111111,0.4562583267688751,0.19649866223335266,0.8326689600944519,619822.8833494675,4594533.757986447,False,COMPACT_OTHER_FP
1044,200.75,35,35,1.0,0.26830083653188,1.038060298245757,0.6555102040816326,0.5166231393814087,0.21572370827198029,0.7697305679321289,622201.5672478207,4594529.798879203,False,ROAD_LIKE_COMPACT
1045,311.25,40,57,1.425,0.9099106931767862,2.410775932981502,0.5460526315789473,0.3635809123516083,0.17892292141914368,0.8046082258224487,622969.5819277108,4594526.222891566,False,COMPACT_OTHER_FP
1046,253.25,37,36,1.0277777777777777,0.19144260743376584,1.01884474652373,0.7605105105105106,0.2924681305885315,0.12543520331382751,0.8277934789657593,622071.8869693978,4594525.345508391,True,TRUE_PIT_LABELED
1047,202.75,33,32,1.03125,0.44473662565964356,1.1164933601208704,0.7679924242424242,0.5309376120567322,0.21054506301879883,0.8555735349655151,623832.3545006166,4594525.7034525275,False,ROAD_LIKE_COMPACT
1048,108.75,23,25,1.0869565217391304,0.5864854645631916,1.2346292485936996,0.7565217391304347,0.17491890490055084,0.07912758737802505,0.7820300459861755,622321.9218390805,4594527.1034482755,True,TRUE_PIT_LABELED
1049,190.0,33,29,1.1379310344827587,0.556347996813986,1.2034427116951059,0.7941483803552769,0.4373127818107605,0.2607799470424652,0.72845458984375,619555.4394736842,4594523.772368421,False,ROAD_LIKE_COMPACT
1050,278.25,38,38,1.0,0.30023695898937397,1.048366768947344,0.7707756232686981,0.48652175068855286,0.17686064541339874,0.9178568720817566,619951.5417789757,4594521.30098832,False,COMPACT_OTHER_FP
1052,223.25,60,47,1.2765957446808511,0.931290255124979,2.7451561778795814,0.31666666666666665,0.6819336414337158,0.3868037462234497,0.6558803915977478,621588.836506159,4594505.410414333,False,ROAD_LIKE_COMPACT
1053,203.25,35,29,1.206896551724138,0.6185604499066905,1.2726901334205825,0.8009852216748768,0.46458643674850464,0.18022924661636353,0.7988151907920837,619684.6230012301,4594514.141451415,False,COMPACT_OTHER_FP
1054,244.75,41,32,1.28125,0.6391739757250684,1.300284986996961,0.7461890243902439,0.5482279658317566,0.20872248709201813,0.806399941444397,623082.0280898877,4594511.602145046,False,ROAD_LIKE_COMPACT
1055,248.75,36,35,1.0285714285714285,0.46326990826712633,1.1283915022775344,0.7896825396825397,0.5360699892044067,0.17039838433265686,0.9054605960845947,623685.5326633166,4594511.973366834,False,ROAD_LIKE_COMPACT
1056,234.5,34,39,1.1470588235294117,0.6834780934833604,1.3699173902304522,0.7073906485671192,0.6013243198394775,0.2937365472316742,0.8473107218742371,623568.5810234542,4594509.642857143,False,ROAD_LIKE_COMPACT
1062,244.0,36,34,1.0588235294117647,0.539897048204886,1.188027919535863,0.7973856209150327,0.32088327407836914,0.14648285508155823,0.7906153202056885,623309.1132172131,4594502.471311475,False,COMPACT_OTHER_FP
1064,336.25,43,41,1.048780487804878,0.45223633747992403,1.1212042646036426,0.7629041406693137,0.4857216477394104,0.22974467277526855,0.8732714056968689,620849.4252788104,4594494.4133829,False,COMPACT_OTHER_FP
1065,252.0,35,38,1.0857142857142856,0.3785627419544997,1.0804087375612317,0.7578947368421053,0.5680564045906067,0.250142365694046,0.9145901203155518,620829.5922619047,4594492.786210317,False,ROAD_LIKE_COMPACT
1067,521.0,41,76,1.853658536585366,0.9128161688863808,2.4487554087999954,0.668806161745828,0.4137140214443207,0.14345340430736542,0.8406440615653992,621871.7624760077,4594486.505518234,True,TRUE_PIT_LABELED
1068,339.0,43,43,1.0,0.38510855259348836,1.0835747300316803,0.7333693888588426,0.4283081293106079,0.15956160426139832,0.9342516660690308,621139.3303834809,4594484.351032448,True,TRUE_PIT_LABELED
1069,249.25,35,39,1.1142857142857143,0.4590122374144005,1.1255811518192254,0.7304029304029304,0.5644586086273193,0.30342191457748413,0.8894250988960266,620590.3390170512,4594484.018054162,False,ROAD_LIKE_COMPACT
1070,139.5,33,33,1.0,0.9040804290304403,2.3399347204250684,0.512396694214876,0.6852653622627258,0.42573001980781555,0.679210901260376,621603.3225806452,4594485.086021505,False,ROAD_LIKE_COMPACT
1071,6.25,6,7,1.1666666666666667,0.8998110973546444,2.2921074881723884,0.5952380952380952,0.1675589233636856,0.15217988193035126,0.5261490345001221,622948.32,4594489.8,False,COMPACT_OTHER_FP
1072,136.0,28,25,1.12,0.6193795786894256,1.2737365996509116,0.7771428571428571,0.398552805185318,0.1559625118970871,0.7251158952713013,622673.234375,4594483.506433823,False,COMPACT_OTHER_FP
1073,213.75,37,32,1.15625,0.5357260886782108,1.1842843188910734,0.7221283783783784,0.5458909869194031,0.20194602012634277,0.8198164105415344,620325.0748538012,4594480.311111111,False,ROAD_LIKE_COMPACT
1074,24.75,17,13,1.3076923076923077,0.9505879005446625,3.221073119524076,0.4479638009049774,0.4339514970779419,0.23045039176940918,0.5180759429931641,621595.3383838384,4594485.328282828,False,ELONGATED_OTHER
1075,28.5,18,12,1.5,0.9291600432664829,2.705058908497473,0.5277777777777778,0.21717146039009094,0.16001532971858978,0.5867370963096619,622953.1578947369,4594483.092105263,False,COMPACT_OTHER_FP
1076,238.25,37,33,1.121212121212121,0.36635222639869947,1.074718460825661,0.7805077805077805,0.4766405522823334,0.21397699415683746,0.8031833171844482,622550.0225603358,4594475.236096538,False,COMPACT_OTHER_FP
1077,18.25,14,9,1.5555555555555556,0.8749718565046101,2.065374125969797,0.5793650793650794,0.23265865445137024,0.17255111038684845,0.5487849116325378,622923.8424657534,4594478.157534246,False,COMPACT_OTHER_FP
1078,281.75,38,37,1.027027027027027,0.4316427745728296,1.10859259768808,0.8015647226173542,0.49060168862342834,0.1597379595041275,0.8687401413917542,620061.1881100266,4594468.874001775,False,COMPACT_OTHER_FP
1079,305.0,39,40,1.0256410256410255,0.5599406449257661,1.2069529319176748,0.782051282051282,0.2025691568851471,0.10245659202337265,0.8759957551956177,621629.8528688524,4594461.506967213,False,COMPACT_OTHER_FP
1080,77.25,23,22,1.0454545454545454,0.8055491890740194,1.6876813781299256,0.6106719367588933,0.2881683111190796,0.1915869414806366,0.6296566724777222,621412.1294498382,4594463.192556635,False,COMPACT_OTHER_FP
1081,202.5,29,36,1.2413793103448276,0.6808102674097916,1.365262612729101,0.7758620689655172,0.21721294522285461,0.13204285502433777,0.7234579920768738,622833.3191358024,4594458.380246914,False,COMPACT_OTHER_FP
1083,36.5,16,16,1.0,0.619326972423211,1.2736692740300435,0.5703125,0.23405632376670837,0.1366596519947052,0.5645883679389954,621265.448630137,4594438.5034246575,False,COMPACT_OTHER_FP
1084,96.5,22,25,1.1363636363636365,0.3774071158324728,1.0798582796783733,0.7018181818181818,0.235597163438797,0.13948874175548553,0.6385947465896606,621150.5453367876,4594429.906735751,False,COMPACT_OTHER_FP
1085,22.5,21,7,3.0,0.9608577396681726,3.6095578459047464,0.6122448979591837,0.233861044049263,0.16639095544815063,0.538014829158783,621811.5555555555,4594420.305555556,False,ELONGATED_OTHER
1086,112.25,24,24,1.0,0.5153251371466122,1.1668682905941692,0.7795138888888888,0.3272113800048828,0.15138132870197296,0.6677419543266296,622459.6514476615,4594419.231625835,False,COMPACT_OTHER_FP
1087,119.5,26,23,1.1304347826086956,0.5483656341075818,1.1958308350407973,0.7993311036789298,0.46065816283226013,0.15227383375167847,0.6840102076530457,622289.5230125523,4594406.251046025,False,COMPACT_OTHER_FP
1088,449.0,58,47,1.2340425531914894,0.8174761529086148,1.736224308734255,0.6588407923697726,0.5534449219703674,0.24039290845394135,0.8929108381271362,621512.1642538975,4594397.281458797,False,ROAD_LIKE_COMPACT
1089,223.5,34,35,1.0294117647058822,0.4458931505348556,1.117210838962949,0.7512605042016807,0.20107632875442505,0.1026311069726944,0.8497498035430908,621001.048098434,4594402.017337807,False,COMPACT_OTHER_FP
1090,162.0,29,28,1.0357142857142858,0.5015635848403052,1.1559079597435546,0.7980295566502463,0.5358271598815918,0.2985226809978485,0.749751091003418,620438.8549382716,4594401.354166667,False,ROAD_LIKE_COMPACT
1091,140.75,26,28,1.0769230769230769,0.47133673675433674,1.1338468411291762,0.7733516483516484,0.17969724535942078,0.12031865864992142,0.7091481685638428,622094.3365896981,4594400.738010657,False,COMPACT_OTHER_FP
1092,117.25,26,26,1.0,0.6855285893227527,1.373540134560016,0.6937869822485208,0.3530377745628357,0.14966155588626862,0.6675891280174255,619535.0810234542,4594399.825159915,False,COMPACT_OTHER_FP
1093,86.5,19,24,1.263157894736842,0.7320954966495867,1.467993311158078,0.7587719298245614,0.24264194071292877,0.12413939833641052,0.6743825078010559,620372.7037572254,4594401.540462428,False,COMPACT_OTHER_FP
1094,168.5,29,32,1.103448275862069,0.3148632914947309,1.053588644304141,0.7262931034482759,0.5266470909118652,0.2193109691143036,0.8006621599197388,620254.1268545995,4594393.887982196,False,ROAD_LIKE_COMPACT
1095,197.5,30,36,1.2,0.6164033749790735,1.269953259185143,0.7314814814814815,0.3179328739643097,0.1447194516658783,0.7701908349990845,622193.1417721519,4594391.102531645,True,TRUE_PIT_LABELED
1097,9.5,6,7,1.1666666666666667,0.5846119348149773,1.2325698253880313,0.9047619047619048,0.23391033709049225,0.14318187534809113,0.559048056602478,619993.6447368421,4594394.842105263,False,COMPACT_OTHER_FP
1099,125.75,21,30,1.4285714285714286,0.7409195634840785,1.4889953349757787,0.7984126984126985,0.31928056478500366,0.17881783843040466,0.74493408203125,622803.9035785288,4594391.694831014,False,COMPACT_OTHER_FP
1100,248.25,38,34,1.1176470588235294,0.5453535926644698,1.193024012900077,0.7685758513931888,0.29113200306892395,0.1382354348897934,0.7888568043708801,622563.4224572004,4594385.660120846,False,COMPACT_OTHER_FP
1101,49.0,7,42,6.0,0.9914488923050205,7.663095347795273,0.6666666666666666,0.4055370092391968,0.23976999521255493,0.5952585339546204,619583.2806122449,4594374.053571428,False,ELONGATED_OTHER
1102,208.5,36,34,1.0588235294117647,0.33899968499804706,1.0629404377393359,0.6813725490196079,0.3861493468284607,0.15626046061515808,0.8212851285934448,621617.4568345323,4594361.423261391,False,COMPACT_OTHER_FP
1103,12.75,10,8,1.25,0.8140333990385663,1.7217095323679366,0.6375,0.3601939082145691,0.2838643491268158,0.5252996683120728,623895.0098039216,4594365.352941177,False,ROAD_LIKE_COMPACT
1105,21.25,6,22,3.6666666666666665,0.9810469878531989,5.160757961793693,0.6439393939393939,0.2086622714996338,0.11412585526704788,0.5513973832130432,619587.5705882353,4594363.935294118,False,ELONGATED_OTHER
1107,212.5,32,33,1.03125,0.35763029222556086,1.0708205912242712,0.8049242424242424,0.5648187398910522,0.121513232588768,0.8608608841896057,621738.6541176471,4594352.848235294,False,ROAD_LIKE_COMPACT
1109,244.25,36,35,1.0285714285714285,0.18087708138931205,1.0167709144161565,0.7753968253968254,0.2661187946796417,0.13129718601703644,0.8095232844352722,622937.9918116684,4594350.142784033,False,COMPACT_OTHER_FP
1110,138.25,25,28,1.12,0.5741441403243653,1.2213677202363185,0.79,0.38058626651763916,0.18721111118793488,0.727725625038147,619861.4421338155,4594349.055153707,False,COMPACT_OTHER_FP
1111,232.0,36,35,1.0285714285714285,0.4048880010300691,1.0936536203546856,0.7365079365079366,0.47414419054985046,0.17356379330158234,0.827667236328125,619931.21875,4594345.995150862,False,COMPACT_OTHER_FP
1113,66.0,17,23,1.3529411764705883,0.8353012437150447,1.8188679095680327,0.6751918158567775,0.2482607215642929,0.09637829661369324,0.6201311945915222,620707.7196969697,4594346.183712121,False,COMPACT_OTHER_FP
1114,289.75,40,40,1.0,0.3402195809929784,1.0634383291706557,0.724375,0.4875023365020752,0.2477649748325348,0.8883141875267029,619780.0655737704,4594333.867989646,False,COMPACT_OTHER_FP
1115,5.25,4,7,1.75,0.880335670242322,2.1081424398178132,0.75,0.22101424634456635,0.1704530119895935,0.5276398658752441,622664.4285714285,4594335.023809524,False,COMPACT_OTHER_FP
1117,67.5,26,25,1.04,0.39239223398288053,1.087195248762787,0.4153846153846154,0.2561841607093811,0.1544990837574005,0.5827416181564331,621015.9537037037,4594319.031481481,False,COMPACT_OTHER_FP
1119,43.75,17,20,1.1764705882352942,0.8215816840590183,1.7541064951706433,0.5147058823529411,0.31853848695755005,0.13747775554656982,0.5633077025413513,620161.96,4594313.497142857,False,COMPACT_OTHER_FP
1120,216.0,33,36,1.0909090909090908,0.5453956319431899,1.193062946000277,0.7272727272727273,0.40501877665519714,0.17346134781837463,0.6789990663528442,622315.5706018518,4594310.453703703,False,COMPACT_OTHER_FP
1121,354.0,41,43,1.048780487804878,0.30277708018011434,1.0492503377487536,0.8031764038570618,0.29809316992759705,0.14652687311172485,0.8489454984664917,619529.9417372881,4594301.815677966,False,COMPACT_OTHER_FP
1122,246.75,36,33,1.0909090909090908,0.5164705708842589,1.1678082816911026,0.8308080808080808,0.38745367527008057,0.20535390079021454,0.8020008206367493,619586.4062816616,4594301.648429585,False,COMPACT_OTHER_FP
1123,18.0,12,10,1.2,0.9091340945948772,2.4009399830537506,0.6,0.34767836332321167,0.27823957800865173,0.5469667911529541,622679.2361111111,4594307.763888889,False,ROAD_LIKE_COMPACT
1124,146.0,30,30,1.0,0.6369437826358931,1.2971678563893103,0.6488888888888888,0.3584751486778259,0.16660717129707336,0.7308043241500854,620902.0890410959,4594301.449486301,False,COMPACT_OTHER_FP
1125,4.0,4,5,1.25,0.7730823048033113,1.5765268450628689,0.8,0.5045173168182373,0.4680587351322174,0.5094149112701416,622671.53125,4594302.21875,False,ROAD_LIKE_COMPACT
1126,173.5,29,29,1.0,0.42210207757917956,1.1030851752128843,0.8252080856123662,0.30419668555259705,0.16453009843826294,0.7449113726615906,620735.6685878963,4594293.092939481,False,COMPACT_OTHER_FP
1127,27.0,16,14,1.1428571428571428,0.9403073934291944,2.9383563173307667,0.48214285714285715,0.5640619397163391,0.48001688718795776,0.569425642490387,622675.4351851852,4594296.671296297,False,ROAD_LIKE_COMPACT
1128,138.25,26,28,1.0769230769230769,0.38190239558878325,1.082013763037197,0.7596153846153846,0.3662496507167816,0.10912276804447174,0.6783541440963745,621495.7775768535,4594267.835443038,False,COMPACT_OTHER_FP
1129,208.25,32,32,1.0,0.2544419016940939,1.034031997527588,0.8134765625,0.4331420660018921,0.14211221039295197,0.7869427800178528,621564.7148859544,4594264.12545018,False,COMPACT_OTHER_FP
1130,126.75,26,27,1.0384615384615385,0.3014272315911543,1.0487795947272462,0.7222222222222222,0.22327613830566406,0.12256637960672379,0.6864249110221863,621063.8451676528,4594263.9053254435,False,COMPACT_OTHER_FP
1131,138.75,29,24,1.2083333333333333,0.5500892743189163,1.1974529853134033,0.7974137931034483,0.22329238057136536,0.12363594770431519,0.7618582844734192,620891.7423423424,4594259.890990991,False,COMPACT_OTHER_FP
1132,121.5,28,21,1.3333333333333333,0.6744070527462654,1.3543533403280463,0.826530612244898,0.5694336891174316,0.20570529997348785,0.6743552088737488,622567.0277777778,4594254.106995884,False,ROAD_LIKE_COMPACT
1134,6.75,8,6,1.3333333333333333,0.8934252288482353,2.2261207400378917,0.5625,0.17057707905769348,0.13736748695373535,0.5221622586250305,621566.5,4594240.740740741,False,COMPACT_OTHER_FP
1136,12.25,10,12,1.2,0.9637578584547858,3.748427418274898,0.4083333333333333,0.41034412384033203,0.28148090839385986,0.5360463857650757,621812.2653061225,4594233.408163265,False,LIKELY_ROAD_FP
1137,477.75,52,47,1.1063829787234043,0.5455341696101713,1.1931912956921704,0.7819148936170213,0.2558940052986145,0.1147797554731369,0.8955426216125488,621584.2998430141,4594216.181057038,False,COMPACT_OTHER_FP
1138,186.25,30,32,1.0666666666666667,0.44994461922081563,1.1197500331592396,0.7760416666666666,0.28348076343536377,0.0856255292892456,0.7450529336929321,622435.7758389262,4594219.220805369,False,COMPACT_OTHER_FP
1140,75.25,26,22,1.1818181818181819,0.4538196954831769,1.1222166510262712,0.5262237762237763,0.27850067615509033,0.1600062996149063,0.6138842105865479,621725.2109634551,4594207.084717608,False,COMPACT_OTHER_FP
1141,206.25,34,36,1.0588235294117647,0.7473509144682232,1.5050504879364044,0.6740196078431373,0.24440990388393402,0.09712321311235428,0.787244439125061,621803.7896969697,4594202.961818182,False,COMPACT_OTHER_FP
1142,241.0,42,32,1.3125,0.5969163131460362,1.246411106293904,0.7172619047619048,0.4525575637817383,0.1475202739238739,0.8335634469985962,622107.0918049793,4594198.263485477,False,COMPACT_OTHER_FP
1143,10.75,5,11,2.2,0.9116016802427263,2.432648119361946,0.7818181818181819,0.32942265272140503,0.2855084538459778,0.5285149216651917,623505.0813953489,4594206.476744186,False,ROAD_LIKE_COMPACT
1144,93.0,39,18,2.1666666666666665,0.9296547940673542,2.714206810776303,0.5299145299145299,0.769859790802002,0.4338361620903015,0.654708981513977,621178.1505376344,4594194.802419355,False,ROAD_LIKE_COMPACT
1145,46.25,30,11,2.727272727272727,0.9672953169577002,3.942396028704571,0.5606060606060606,0.6499119997024536,0.414104700088501,0.5764209628105164,621171.0324324324,4594193.170270271,False,LIKELY_ROAD_FP
1146,4.25,3,6,2.0,0.8757267355038015,2.071220625753868,0.9444444444444444,0.25711169838905334,0.1811077892780304,0.5111516714096069,620929.8235294118,4594197.470588235,False,COMPACT_OTHER_FP
1147,16.5,10,8,1.25,0.6764049523740299,1.3577180734351373,0.825,0.37287619709968567,0.25045230984687805,0.5869476199150085,620924.1136363636,4594187.795454546,False,ROAD_LIKE_COMPACT
1148,123.25,28,27,1.037037037037037,0.6330530167627301,1.2918086761744623,0.6521164021164021,0.30720213055610657,0.16377538442611694,0.6931775808334351,621793.0628803245,4594178.529411765,False,COMPACT_OTHER_FP
1149,27.75,13,20,1.5384615384615385,0.9451562948156269,3.0616768803450425,0.4269230769230769,0.4550926685333252,0.20424067974090576,0.5716460347175598,620927.2882882883,4594177.873873874,False,ELONGATED_OTHER
1150,10.0,14,6,2.3333333333333335,0.9490018243059661,3.171878599591807,0.47619047619047616,0.13939638435840607,0.09594259411096573,0.5249488949775696,620982.0375,4594172.9625,False,ELONGATED_OTHER
1151,148.25,28,29,1.0357142857142858,0.5710865899772408,1.2181902712047408,0.7302955665024631,0.35398629307746887,0.1746569126844406,0.7513527870178223,621510.9822934233,4594166.538785835,False,COMPACT_OTHER_FP
1152,40.0,17,20,1.1764705882352942,0.8735553303406374,2.054548866716405,0.47058823529411764,0.4983520209789276,0.29940491914749146,0.604187548160553,620229.790625,4594154.40625,False,ROAD_LIKE_COMPACT
1153,9.25,13,6,2.1666666666666665,0.9623477873497692,3.6788896283574233,0.47435897435897434,0.5328505635261536,0.398467093706131,0.5095834732055664,621191.8378378379,4594153.405405405,False,LIKELY_ROAD_FP
1154,39.0,16,21,1.3125,0.9437061256677938,3.023111244699151,0.4642857142857143,0.4641728699207306,0.3215096890926361,0.6119458079338074,620234.0128205129,4594148.602564103,False,LIKELY_ROAD_FP
1155,4.25,6,5,1.2,0.791317416642894,1.635575602161545,0.5666666666666667,0.12389481067657471,0.10538071393966675,0.5124661922454834,619784.8823529412,4594134.411764706,False,COMPACT_OTHER_FP
1156,172.75,27,33,1.2222222222222223,0.6387772828674548,1.2997280895263859,0.7755331088664422,0.5104964971542358,0.2639901340007782,0.7010964751243591,620511.4138929088,4594101.734442837,False,ROAD_LIKE_COMPACT
1157,38.25,23,16,1.4375,0.9061587236327386,2.3644139685900556,0.4157608695652174,0.13718532025814056,0.07579202950000763,0.5236890912055969,623027.0196078431,4594100.604575164,False,COMPACT_OTHER_FP
1158,170.0,29,32,1.103448275862069,0.49875544894244406,1.1537448626209685,0.7327586206896551,0.5098558664321899,0.2126961201429367,0.7498142719268799,619774.9360294117,4594089.5051470585,False,ROAD_LIKE_COMPACT
1159,293.0,39,37,1.054054054054054,0.4485812633673039,1.118891072782929,0.8121968121968122,0.3137613534927368,0.09944793581962585,0.8530340790748596,622333.8408703072,4594069.568259385,False,COMPACT_OTHER_FP
1160,113.25,25,23,1.0869565217391304,0.4209569874229138,1.102437865053143,0.7878260869565218,0.6080954074859619,0.3695460855960846,0.6739376783370972,622014.1854304635,4594071.558498897,False,ROAD_LIKE_COMPACT
1161,145.0,31,24,1.2916666666666667,0.6368115277693763,1.29698404860828,0.7795698924731183,0.5428026914596558,0.2928403615951538,0.7480332851409912,619505.3456896552,4594060.025,False,ROAD_LIKE_COMPACT
1162,4.0,7,3,2.3333333333333335,0.9393184739259784,2.915057901832254,0.7619047619047619,0.418399840593338,0.35828790068626404,0.5012091398239136,621208.34375,4594064.59375,False,ROAD_LIKE_COMPACT
1163,225.5,36,37,1.0277777777777777,0.7509598374074595,1.514353313320846,0.6771771771771772,0.5284117460250854,0.3280922472476959,0.7367547750473022,622442.0715077606,4594053.588691796,False,ROAD_LIKE_COMPACT
1164,155.25,26,30,1.1538461538461537,0.49043587330752353,1.1474768418064374,0.7961538461538461,0.47669029235839844,0.20252461731433868,0.7810133099555969,619599.9186795491,4594050.001610306,False,COMPACT_OTHER_FP
1167,132.25,32,22,1.4545454545454546,0.7393041022114165,1.485063898740376,0.7514204545454546,0.3181036114692688,0.1447853147983551,0.7211780548095703,620550.5708884688,4594031.390359168,False,COMPACT_OTHER_FP
1168,167.0,28,30,1.0714285714285714,0.3318784157047353,1.060083215858357,0.7952380952380952,0.4823416471481323,0.18018431961536407,0.7743826508522034,621139.5097305389,4594029.999251497,False,COMPACT_OTHER_FP
1169,132.5,26,25,1.04,0.3146023041219194,1.0534925903279562,0.8153846153846154,0.46960076689720154,0.2985912561416626,0.7342944741249084,620825.3971698113,4594029.562264151,False,ROAD_LIKE_COMPACT
1170,34.0,22,9,2.4444444444444446,0.9338504685957678,2.795922756906183,0.6868686868686869,0.4155627489089966,0.2656245827674866,0.5515687465667725,620129.4007352941,4594020.540441177,False,ROAD_LIKE_COMPACT
1171,34.5,21,12,1.75,0.929235404289008,2.7064460445406318,0.5476190476190477,0.5714449882507324,0.3266461491584778,0.5674313902854919,623278.2934782609,4594020.528985507,False,ROAD_LIKE_COMPACT
1172,13.25,11,7,1.5714285714285714,0.8633687125978209,1.9818716269603105,0.6883116883116883,0.5043332576751709,0.42013657093048096,0.5667890310287476,620120.9905660377,4594018.235849056,False,ROAD_LIKE_COMPACT
1173,66.25,23,17,1.3529411764705883,0.6817424852321562,1.3668816667109553,0.6777493606138107,0.49086993932724,0.2810532748699188,0.6500585079193115,622223.5018867925,4594013.345283018,False,ROAD_LIKE_COMPACT
1174,79.75,22,24,1.0909090909090908,0.8409156188700241,1.8478609481865491,0.6041666666666666,0.2990034222602844,0.17278964817523956,0.6218510270118713,619907.553291536,4594006.973354232,False,COMPACT_OTHER_FP
1175,81.75,18,26,1.4444444444444444,0.7730557320872502,1.5764463581875463,0.6987179487179487,0.1885479837656021,0.09660743921995163,0.651493489742279,620031.7981651376,4594007.850152905,False,COMPACT_OTHER_FP
1176,8.25,7,6,1.1666666666666667,0.6205918221628056,1.2752925854918593,0.7857142857142857,0.11343219876289368,0.09104789048433304,0.5529771447181702,621744.1363636364,4594010.651515151,False,COMPACT_OTHER_FP
1177,127.0,26,26,1.0,0.4760039400866304,1.1370831682197213,0.7514792899408284,0.2240554690361023,0.1366659551858902,0.5574334859848022,621871.8700787402,4593976.75984252,False,COMPACT_OTHER_FP
1178,273.25,58,40,1.45,0.8136500787494332,1.7201195968486411,0.4711206896551724,0.7816641926765442,0.4794270694255829,0.7585335969924927,621207.1692589204,4593968.537968893,False,ROAD_LIKE_COMPACT
1179,165.25,36,31,1.1612903225806452,0.41837801043875594,1.1009905626410725,0.5922939068100358,0.7057850360870361,0.42634332180023193,0.7262877821922302,619670.0340393344,4593967.288199698,False,ROAD_LIKE_COMPACT
1180,142.25,36,24,1.5,0.752239616820387,1.5177048445220511,0.6585648148148148,0.5324859023094177,0.18373696506023407,0.733504593372345,620304.269771529,4593958.323374341,False,ROAD_LIKE_COMPACT
1181,10.25,6,10,1.6666666666666667,0.899127778554806,2.2847417316334044,0.6833333333333333,0.390853613615036,0.28891998529434204,0.5292196869850159,622263.4146341464,4593964.62195122,False,ROAD_LIKE_COMPACT
1182,187.25,30,31,1.0333333333333334,0.2983958328032299,1.0477323743773543,0.8053763440860215,0.28732162714004517,0.07197660207748413,0.833530068397522,622019.1542056075,4593955.353137516,False,COMPACT_OTHER_FP
1183,147.0,23,33,1.434782608695652,0.6743945715194632,1.3543324299804933,0.7747035573122529,0.6650843620300293,0.30334439873695374,0.7221006155014038,619633.8273809524,4593953.441326531,False,ROAD_LIKE_COMPACT
1184,26.25,10,15,1.5,0.748908910575297,1.5090400088126192,0.7,0.4624730348587036,0.33130499720573425,0.5650473237037659,622264.9285714285,4593954.861904762,False,ROAD_LIKE_COMPACT
1185,53.0,26,16,1.625,0.8956848966076644,2.2487611441937174,0.5096153846153846,0.5908864736557007,0.4145880341529846,0.6409320831298828,619642.587264151,4593940.186320755,False,ROAD_LIKE_COMPACT
1186,12.0,13,5,2.6,0.9474778520181062,3.1267452363235244,0.7384615384615385,0.4438716769218445,0.2781642973423004,0.529475212097168,619632.625,4593944.229166667,False,LIKELY_ROAD_FP
1187,34.0,11,22,2.0,0.9403969825579699,2.9404959212482367,0.5619834710743802,0.5886102914810181,0.3933967649936676,0.5727007389068604,620092.9889705882,4593944.639705882,False,ROAD_LIKE_COMPACT
1188,64.25,26,37,1.4230769230769231,0.983982913111669,5.60969527448425,0.26715176715176714,0.6283440589904785,0.30130860209465027,0.6150339841842651,620093.2431906614,4593934.902723735,False,LIKELY_ROAD_FP
1189,17.25,9,10,1.1111111111111112,0.5056025297561602,1.1590621187786712,0.7666666666666667,0.6890820860862732,0.6309407949447632,0.47651174664497375,619646.8550724637,4593933.601449275,False,ROAD_LIKE_COMPACT
1190,15.25,12,7,1.7142857142857142,0.7952296140476188,1.6493256902918434,0.7261904761904762,0.5550174713134766,0.33773109316825867,0.5425820350646973,619651.8606557377,4593933.0245901635,False,ROAD_LIKE_COMPACT
1191,250.0,38,35,1.0857142857142856,0.3213612576380675,1.0560145227845261,0.7518796992481203,0.5516484379768372,0.35040441155433655,0.8819142580032349,621262.8715,4593923.8525,False,ROAD_LIKE_COMPACT
1192,29.0,9,16,1.7777777777777777,0.8105616366353542,1.707494747825523,0.8055555555555556,0.581985354423523,0.3158889710903168,0.6136869788169861,619646.1465517242,4593928.8534482755,False,ROAD_LIKE_COMPACT
1193,128.25,29,24,1.2083333333333333,0.4849014670249143,1.1434206344838267,0.7370689655172413,0.5378130674362183,0.22050313651561737,0.7331247329711914,620828.947368421,4593924.021442495,False,ROAD_LIKE_COMPACT
1194,32.5,11,24,2.1818181818181817,0.9675167646052509,3.9555888093796114,0.49242424242424243,0.532880961894989,0.32615506649017334,0.5936318039894104,621112.4038461539,4593912.45,False,LIKELY_ROAD_FP
1195,124.5,24,30,1.25,0.650771954952502,1.3170489079999055,0.6916666666666667,0.4919450879096985,0.25706735253334045,0.6909710764884949,621161.4558232932,4593906.543172691,False,ROAD_LIKE_COMPACT
1196,246.0,35,40,1.1428571428571428,0.44669938287593536,1.1177129289736862,0.7028571428571428,0.5139734148979187,0.1838509440422058,0.8711493611335754,619741.2535569106,4593901.956300813,False,ROAD_LIKE_COMPACT
1197,30.25,11,26,2.3636363636363638,0.9797337347073051,4.992404276351104,0.4230769230769231,0.6009497046470642,0.38830193877220154,0.5602936148643494,621109.2892561983,4593905.107438017,False,LIKELY_ROAD_FP
1198,144.0,31,26,1.1923076923076923,0.6716607010481062,1.3497846977537165,0.7146401985111662,0.4705237150192261,0.19338972866535187,0.7189008593559265,620124.7005208334,4593897.020833333,False,COMPACT_OTHER_FP
1200,221.5,31,35,1.1290322580645162,0.6030547197671839,1.2536043925892513,0.8165898617511521,0.5243642330169678,0.26741889119148254,0.815402090549469,619875.0237020316,4593891.960496614,False,ROAD_LIKE_COMPACT
1201,4.0,8,3,2.6666666666666665,0.9415828160591404,2.96928395436021,0.6666666666666666,0.4437209367752075,0.4028667211532593,0.503471314907074,621224.3125,4593894.0,False,ROAD_LIKE_COMPACT
1203,50.75,13,21,1.6153846153846154,0.8163546589378207,1.731449049634226,0.7435897435897436,0.33323195576667786,0.18060149252414703,0.6145833134651184,620216.6428571428,4593888.504926109,False,COMPACT_OTHER_FP
1207,39.25,17,17,1.0,0.7013045051055016,1.4027963842468387,0.5432525951557093,0.1898212730884552,0.1316176801919937,0.5722367763519287,620210.3535031847,4593880.9522293,False,COMPACT_OTHER_FP
1208,158.75,27,28,1.037037037037037,0.28247745007262737,1.0424550894791857,0.83994708994709,0.3035436272621155,0.11993707716464996,0.7505557537078857,622505.4771653543,4593878.875590552,False,COMPACT_OTHER_FP
1210,197.25,35,34,1.0294117647058822,0.47489113787662696,1.1363061129343803,0.6630252100840336,0.5186358094215393,0.2136647254228592,0.7945147752761841,620013.712294043,4593874.7858048165,False,ROAD_LIKE_COMPACT
1212,129.5,25,28,1.12,0.4682600833119835,1.131745750258507,0.74,0.41167527437210083,0.19310937821865082,0.6539730429649353,620278.7162162162,4593872.814671814,False,COMPACT_OTHER_FP
1215,266.25,37,37,1.0,0.6050064633100493,1.255933406996814,0.7779401022644266,0.40221598744392395,0.20599502325057983,0.7427179217338562,621287.0089201878,4593862.016901408,False,COMPACT_OTHER_FP
1216,8.0,8,7,1.1428571428571428,0.8645978051552434,1.9901901091198724,0.5714285714285714,0.451084703207016,0.2699691653251648,0.5251384973526001,620800.625,4593869.03125,False,ROAD_LIKE_COMPACT
1217,374.5,57,36,1.5833333333333333,0.8560293472749374,1.9345082835771858,0.7300194931773879,0.6597596406936646,0.33708322048187256,0.7833150625228882,620197.0110146862,4593854.551401869,False,ROAD_LIKE_COMPACT
1218,20.5,6,18,3.0,0.9380239769999444,2.88541692588713,0.7592592592592593,0.43290233612060547,0.22804516553878784,0.5489285588264465,623093.3292682926,4593857.75,False,COMPACT_OTHER_FP
1220,117.75,30,49,1.6333333333333333,0.9435198743943342,3.0182671710249993,0.32040816326530613,0.696448028087616,0.3816765546798706,0.6484775543212891,623066.0063694267,4593847.885350319,False,LIKELY_ROAD_FP
1221,22.0,12,18,1.5,0.9626094714819065,3.6914947304133845,0.4074074074074074,0.5411436557769775,0.32756319642066956,0.5156686305999756,623070.3465909091,4593842.778409091,False,LIKELY_ROAD_FP
1222,97.5,30,21,1.4285714285714286,0.6263176304642415,1.2827617778211209,0.6190476190476191,0.7245767712593079,0.3892372250556946,0.6669915318489075,623047.7551282052,4593835.725641025,False,ROAD_LIKE_COMPACT
1223,220.5,34,39,1.1470588235294117,0.7434714992627165,1.4952877050926086,0.665158371040724,0.4613107442855835,0.2435845583677292,0.7219865918159485,621628.0351473923,4593833.512471655,False,COMPACT_OTHER_FP
1224,13.5,10,11,1.1,0.932573342481207,2.770232321092754,0.4909090909090909,0.3613058924674988,0.299966037273407,0.5375039577484131,619969.9814814815,4593838.12037037,False,ROAD_LIKE_COMPACT
1225,12.75,11,9,1.2222222222222223,0.912867194565466,2.4494396393745417,0.5151515151515151,0.22961360216140747,0.17868326604366302,0.5159766674041748,619984.6666666666,4593830.676470588,False,COMPACT_OTHER_FP
1227,23.5,13,10,1.3,0.7850346988963426,1.6143306296409123,0.7230769230769231,0.17839980125427246,0.11187037080526352,0.5500729084014893,620858.3244680851,4593823.936170213,False,COMPACT_OTHER_FP
1228,6.5,4,8,2.0,0.8598408637821999,1.9586254845631503,0.8125,0.10446688532829285,0.08299315720796585,0.5620208978652954,620857.9230769231,4593819.346153846,False,COMPACT_OTHER_FP
1230,16.0,18,6,3.0,0.9644518246520862,3.7841701159490726,0.5925925925925926,0.5884161591529846,0.2977760434150696,0.5297766923904419,620684.7734375,4593808.2265625,False,LIKELY_ROAD_FP
1231,296.5,42,59,1.4047619047619047,0.8331595852179153,1.8082115232680334,0.47861178369652946,0.7284514904022217,0.402081698179245,0.744166910648346,620570.705311973,4593801.107925801,False,ROAD_LIKE_COMPACT
1232,29.5,17,9,1.8888888888888888,0.8498718615308436,1.89757140414032,0.7712418300653595,0.33695805072784424,0.2272280901670456,0.5573522448539734,620243.3347457628,4593806.656779661,False,COMPACT_OTHER_FP
1233,126.0,25,31,1.24,0.7075310087642267,1.4150630368101935,0.6503225806451612,0.49130338430404663,0.26458439230918884,0.6188410520553589,621643.6656746032,4593804.010912699,False,ROAD_LIKE_COMPACT
1234,6.25,8,4,2.0,0.8262526870756195,1.7752540726376538,0.78125,0.2963486909866333,0.23148475587368011,0.4670455753803253,620246.74,4593806.3,False,COMPACT_OTHER_FP
1235,244.25,33,37,1.121212121212121,0.44380311823268426,1.1159165983736818,0.8001638001638002,0.5369016528129578,0.26987648010253906,0.8071678876876831,621248.6468781986,4593800.014329581,False,ROAD_LIKE_COMPACT
1238,34.25,15,18,1.2,0.9314082659643953,2.747432719641025,0.5074074074074074,0.5382248163223267,0.3061545193195343,0.6145981550216675,620697.6970802919,4593795.872262774,False,ROAD_LIKE_COMPACT
1239,145.25,27,30,1.1111111111111112,0.44110720927243086,1.1142627207246532,0.717283950617284,0.3478139638900757,0.19021748006343842,0.8302168846130371,619977.6927710844,4593789.648881239,False,COMPACT_OTHER_FP
1240,72.5,19,25,1.3157894736842106,0.8118137704139783,1.712573822853979,0.6105263157894737,0.33130842447280884,0.15168660879135132,0.6016029119491577,619705.1741379311,4593790.913793104,False,COMPACT_OTHER_FP
1243,54.75,24,11,2.1818181818181817,0.8765717290212102,2.077830384272773,0.8295454545454546,0.18877221643924713,0.09170699119567871,0.638672947883606,621513.1712328767,4593784.189497717,False,COMPACT_OTHER_FP
1244,10.25,6,13,2.1666666666666665,0.9691747872180799,4.058867041691376,0.5256410256410257,0.48105764389038086,0.35159096121788025,0.5253791213035583,620547.268292683,4593786.304878049,False,LIKELY_ROAD_FP
1245,27.5,12,12,1.0,0.657914051791713,1.327857210459451,0.7638888888888888,0.41818150877952576,0.3344501852989197,0.5030553936958313,621520.2772727272,4593784.381818182,False,ROAD_LIKE_COMPACT
1246,84.5,25,25,1.0,0.7547341539719539,1.5243187704158943,0.5408,0.4787132740020752,0.2783573269844055,0.5744845867156982,620180.7544378699,4593778.202662722,False,ROAD_LIKE_COMPACT
1247,217.5,34,32,1.0625,0.3444321038289993,1.065176861851551,0.7996323529411765,0.41223466396331787,0.1518925130367279,0.8400992155075073,621143.7408045977,4593774.773563218,False,COMPACT_OTHER_FP
1248,187.75,31,29,1.0689655172413792,0.3383914560573755,1.0626931219786704,0.8353726362625139,0.5056149959564209,0.2598602771759033,0.7742609977722168,619877.0719041278,4593773.1970705725,False,ROAD_LIKE_COMPACT
1249,448.0,88,41,2.1463414634146343,0.9302587924763434,2.72550823769587,0.49667405764966743,0.748948872089386,0.44067859649658203,0.7210468649864197,622980.0373883928,4593753.265345982,False,ROAD_LIKE_COMPACT
1251,55.5,23,17,1.3529411764705883,0.858545277204336,1.9503147315150031,0.5677749360613811,0.30267810821533203,0.2087545245885849,0.5501534342765808,619623.3423423424,4593767.486486486,False,COMPACT_OTHER_FP
1253,90.75,16,26,1.625,0.7803893242714552,1.5992478854048586,0.8725961538461539,0.42042577266693115,0.16485477983951569,0.6523323655128479,620370.6170798898,4593759.873278237,False,COMPACT_OTHER_FP
1254,43.25,10,21,2.1,0.8849076176097043,2.1469981747417863,0.8238095238095238,0.2114982306957245,0.12238907068967819,0.5739864706993103,620741.5,4593758.4450867055,False,COMPACT_OTHER_FP
1255,123.25,26,27,1.0384615384615385,0.45395740610090257,1.122304999298903,0.7022792022792023,0.4067297577857971,0.2624085247516632,0.6627457141876221,620846.1267748479,4593750.536511156,False,ROAD_LIKE_COMPACT
1256,5.5,5,7,1.4,0.8357920920916977,1.82134080948206,0.6285714285714286,0.190873384475708,0.12154685705900192,0.4921525716781616,620367.6590909091,4593754.704545454,False,COMPACT_OTHER_FP
1257,10.25,8,9,1.125,0.8049722111496502,1.6854523988497239,0.5694444444444444,0.18492981791496277,0.1561911702156067,0.498698890209198,620741.1585365854,4593753.914634147,False,COMPACT_OTHER_FP
1261,136.0,26,31,1.1923076923076923,0.4551347265377608,1.1230622586713142,0.674937965260546,0.5269056558609009,0.22247768938541412,0.6427010297775269,621683.2242647059,4593740.854779412,False,ROAD_LIKE_COMPACT
1262,187.25,31,30,1.0333333333333334,0.4649043582743937,1.1294828931447116,0.8053763440860215,0.3401319980621338,0.18616199493408203,0.7860474586486816,620202.0340453938,4593739.536715621,False,COMPACT_OTHER_FP
1263,13.75,15,7,2.142857142857143,0.9637146341139374,3.7462353564430186,0.5238095238095238,0.3432292938232422,0.23635585606098175,0.540138840675354,621619.9363636364,4593738.3545454545,False,ELONGATED_OTHER
1264,56.5,21,15,1.4,0.7829920541818733,1.6076350941412956,0.7174603174603175,0.2659763693809509,0.10895881056785583,0.602455735206604,619727.0044247787,4593734.765486726,False,COMPACT_OTHER_FP
1265,8.75,9,5,1.8,0.8226754619614814,1.7589800265485533,0.7777777777777778,0.13461707532405853,0.0978161096572876,0.4959854781627655,619721.1714285715,4593736.085714285,False,COMPACT_OTHER_FP
1267,21.25,14,9,1.5555555555555556,0.8235096153382007,1.762728581334236,0.6746031746031746,0.13782231509685516,0.10007529705762863,0.5571926236152649,621490.9294117647,4593721.25882353,False,COMPACT_OTHER_FP
1268,236.25,30,38,1.2666666666666666,0.6018921501590699,1.2522267960307214,0.8289473684210527,0.576482355594635,0.3629966676235199,0.8064621090888977,621974.9428571429,4593717.178306879,False,ROAD_LIKE_COMPACT
1271,77.5,23,20,1.15,0.5037895860446998,1.157640004461863,0.6739130434782609,0.29091787338256836,0.1252126693725586,0.5786070823669434,620274.0064516129,4593714.137096774,False,COMPACT_OTHER_FP
1272,107.0,27,23,1.173913043478261,0.7906637814004329,1.6333181487531083,0.6892109500805152,0.2623218297958374,0.1353701651096344,0.6660135984420776,619516.5630841121,4593708.315420561,False,COMPACT_OTHER_FP
1273,231.0,30,38,1.2666666666666666,0.6608436526902988,1.3324031471096993,0.8105263157894737,0.4891069531440735,0.24249698221683502,0.8163374066352844,620888.4004329004,4593706.255411255,False,COMPACT_OTHER_FP
1275,92.5,39,19,2.0526315789473686,0.9072753028443176,2.3779109985461386,0.4993252361673414,0.6781648993492126,0.30377909541130066,0.6279066801071167,620475.3027027027,4593691.881081081,False,ROAD_LIKE_COMPACT
1276,35.0,15,17,1.1333333333333333,0.89212368856528,2.2134116646175923,0.5490196078431373,0.6297177076339722,0.35997331142425537,0.596629798412323,622937.5428571429,4593698.167857143,False,ROAD_LIKE_COMPACT
1277,145.0,31,27,1.1481481481481481,0.5595619125380731,1.206580370892654,0.6929510155316607,0.35376298427581787,0.15344850718975067,0.7197512984275818,621998.5706896551,4593692.743103448,False,COMPACT_OTHER_FP
1278,59.25,37,15,2.466666666666667,0.9723825982330546,4.284626898465811,0.42702702702702705,0.5743649005889893,0.3433796763420105,0.624783992767334,620483.2658227849,4593689.616033755,False,LIKELY_ROAD_FP
1280,14.25,9,12,1.3333333333333333,0.9161704428908549,2.4950792572817613,0.5277777777777778,0.5865524411201477,0.427718847990036,0.523296058177948,622941.7807017544,4593692.087719298,False,ROAD_LIKE_COMPACT
1281,293.25,37,39,1.054054054054054,0.4616311915763002,1.1273042744293114,0.8128898128898129,0.5168088674545288,0.23103190958499908,0.8491432070732117,620991.1176470588,4593681.928388746,False,ROAD_LIKE_COMPACT
1283,127.5,29,31,1.0689655172413792,0.8177302227144102,1.7373125402290839,0.5672969966629589,0.5842711925506592,0.2984004020690918,0.6158314943313599,619754.5647058823,4593672.389215686,False,ROAD_LIKE_COMPACT
1284,183.75,33,31,1.064516129032258,0.5229335808664016,1.17319470644019,0.718475073313783,0.45831841230392456,0.2466876208782196,0.8055447340011597,621286.9884353741,4593664.362585034,False,COMPACT_OTHER_FP
1286,84.25,16,24,1.5,0.7398740381597336,1.4864463762314555,0.8776041666666666,0.519094705581665,0.21998316049575806,0.674899697303772,619733.7240356083,4593663.903560831,False,ROAD_LIKE_COMPACT
1287,23.0,16,12,1.3333333333333333,0.9193056048904765,2.5410092674909404,0.4791666666666667,0.34092390537261963,0.18928809463977814,0.5383126139640808,622909.3532608695,4593664.869565218,False,COMPACT_OTHER_FP
1288,168.75,28,44,1.5714285714285714,0.8022920012472251,1.6752333195457063,0.5478896103896104,0.5278457999229431,0.2526737153530121,0.723268449306488,619623.3348148149,4593661.162962963,False,ROAD_LIKE_COMPACT
1289,56.5,14,26,1.8571428571428572,0.8791478441513717,2.0984195510003114,0.6208791208791209,0.39563027024269104,0.18532153964042664,0.6004050970077515,619864.1969026548,4593664.154867257,False,COMPACT_OTHER_FP
1290,192.0,33,30,1.1,0.5030235969822637,1.1570422462300438,0.7757575757575758,0.49381858110427856,0.1817355751991272,0.837153971195221,622960.001953125,4593658.828776042,False,COMPACT_OTHER_FP
1291,23.25,9,13,1.4444444444444444,0.7435795278522108,1.4955563173833644,0.7948717948717948,0.14965559542179108,0.09986874461174011,0.6052032709121704,619822.7096774194,4593662.177419355,False,COMPACT_OTHER_FP
1292,4.25,4,6,1.5,0.6453190502112771,1.309049308233291,0.7083333333333334,0.15191760659217834,0.12169380486011505,0.5056647658348083,619817.9117647059,4593661.088235294,False,COMPACT_OTHER_FP
1293,300.5,45,55,1.2222222222222223,0.7828862397248263,1.607290985170874,0.4856565656565657,0.7139174938201904,0.4411958158016205,0.8562641739845276,620355.7275374376,4593649.862728786,False,ROAD_LIKE_COMPACT
1294,103.25,20,27,1.35,0.7134800305363507,1.4271940557643714,0.7648148148148148,0.5133426189422607,0.300335556268692,0.6396355628967285,620410.1997578692,4593646.601694915,False,ROAD_LIKE_COMPACT
1295,119.75,36,29,1.2413793103448276,0.5063974265283684,1.1596889253612175,0.45881226053639845,0.7510959506034851,0.42340075969696045,0.6356910467147827,620030.6868475991,4593639.063674321,False,ROAD_LIKE_COMPACT
1296,43.5,25,15,1.6666666666666667,0.9556825030523034,3.396747098787496,0.464,0.6264759302139282,0.3583785891532898,0.5912598371505737,622904.209770115,4593635.261494253,False,LIKELY_ROAD_FP
1297,178.75,60,41,1.4634146341463414,0.9459744139116062,3.084123024976973,0.29065040650406504,0.7395164966583252,0.4145771563053131,0.682386040687561,622905.1377622378,4593624.604195804,False,LIKELY_ROAD_FP
1298,120.75,26,26,1.0,0.3132080095124639,1.052981225144598,0.7144970414201184,0.45644694566726685,0.1819048821926117,0.7047802209854126,620620.215320911,4593630.127329192,False,COMPACT_OTHER_FP
1300,154.0,27,32,1.1851851851851851,0.6596527980041933,1.3305472033510373,0.7129629629629629,0.43137457966804504,0.14905978739261627,0.7859347462654114,620222.377435065,4593624.556006493,False,COMPACT_OTHER_FP
1302,238.5,40,48,1.2,0.7533142095614596,1.5205407259625379,0.496875,0.7293270230293274,0.44391724467277527,0.7302870154380798,619759.501048218,4593608.175052411,False,ROAD_LIKE_COMPACT
1303,5.25,10,3,3.3333333333333335,0.9609471056389625,3.613603074583232,0.7,0.125869020819664,0.10588932037353516,0.49999818205833435,620843.1666666666,4593612.595238095,False,ELONGATED_OTHER
1306,184.0,73,34,2.1470588235294117,0.9832533448157139,5.4871503877196846,0.29653505237711525,0.7532851696014404,0.34330108761787415,0.6703735589981079,620503.5285326086,4593589.795516305,False,LIKELY_ROAD_FP
1307,113.25,67,19,3.526315789473684,0.9912781302614927,7.588033505905855,0.3558523173605656,0.6292052268981934,0.2664146423339844,0.630786120891571,620496.8509933775,4593582.503311259,False,LIKELY_ROAD_FP
1308,231.25,34,40,1.1764705882352942,0.6940118571593904,1.3889591663711474,0.6801470588235294,0.6408489346504211,0.2665533423423767,0.7599985599517822,620845.9637837838,4593590.835675675,False,ROAD_LIKE_COMPACT
1309,4.0,5,4,1.25,0.7002074342429931,1.4006789923718512,0.8,0.47804251313209534,0.35907331109046936,0.5063459277153015,620859.25,4593595.59375,False,ROAD_LIKE_COMPACT
1310,127.5,28,25,1.12,0.5030640866652905,1.1570737974115064,0.7285714285714285,0.27963173389434814,0.16579990088939667,0.6635081171989441,619668.3274509804,4593582.1823529415,False,COMPACT_OTHER_FP
1313,46.5,15,19,1.2666666666666666,0.7941724856364276,1.645569347923301,0.6526315789473685,0.24445317685604095,0.12383411824703217,0.642668604850769,621126.8709677419,4593578.123655914,False,COMPACT_OTHER_FP
1315,7.25,8,8,1.0,0.9390647026657889,2.909171888241416,0.453125,0.3851722776889801,0.31242308020591736,0.5262200236320496,620637.0344827586,4593566.051724138,False,ROAD_LIKE_COMPACT
1316,17.5,7,13,1.8571428571428572,0.8671355953157042,2.0077412773451573,0.7692307692307693,0.6010082960128784,0.3250728249549866,0.5824612975120544,622803.15,4593565.828571429,False,ROAD_LIKE_COMPACT
1318,4.75,4,6,1.5,0.776661503145017,1.5875077696479016,0.7916666666666666,0.5173752307891846,0.40447089076042175,0.5326880216598511,620638.7105263158,4593562.657894737,False,ROAD_LIKE_COMPACT
1319,191.75,40,25,1.6,0.8025956962311722,1.6763802154165048,0.767,0.41655051708221436,0.16594401001930237,0.7388720512390137,622865.8448500652,4593553.55410691,False,COMPACT_OTHER_FP
1320,10.25,9,7,1.2857142857142858,0.6742736573454298,1.3541299273052625,0.6507936507936508,0.4315827488899231,0.2846490740776062,0.5403898358345032,620510.8902439025,4593560.426829268,False,ROAD_LIKE_COMPACT
1321,14.5,11,7,1.5714285714285714,0.819308774996772,1.7441276286119565,0.7532467532467533,0.49478933215141296,0.3416151702404022,0.5200676918029785,620501.2327586206,4593559.629310345,False,ROAD_LIKE_COMPACT
1322,12.75,10,10,1.0,0.8948424519096612,2.2402331596281435,0.51,0.45265352725982666,0.2853066325187683,0.5206630825996399,620631.8823529412,4593558.509803922,False,ROAD_LIKE_COMPACT
1323,12.5,7,10,1.4285714285714286,0.7895618721374315,1.6295377511814684,0.7142857142857143,0.45879030227661133,0.24096624553203583,0.5300291776657104,622806.68,4593558.0,False,COMPACT_OTHER_FP
1324,33.5,17,10,1.7,0.7957444894450096,1.651166382101097,0.788235294117647,0.4704785943031311,0.29000183939933777,0.6469614505767822,622857.5410447761,4593552.958955224,False,ROAD_LIKE_COMPACT
1326,208.5,38,31,1.2258064516129032,0.49873742622173173,1.1537310580884061,0.7079796264855688,0.46062248945236206,0.11048238724470139,0.7703754305839539,620443.6199040767,4593541.72002398,False,COMPACT_OTHER_FP
1329,67.0,20,23,1.15,0.5715172607263919,1.2186353064233932,0.5826086956521739,0.5518456101417542,0.3868466019630432,0.5542391538619995,620236.020522388,4593541.912313432,False,ROAD_LIKE_COMPACT
1331,164.5,36,31,1.1612903225806452,0.7572555960174888,1.5311153802935191,0.589605734767025,0.47007420659065247,0.20115336775779724,0.7353463172912598,620535.6679331308,4593536.275075988,False,COMPACT_OTHER_FP
1333,90.0,24,23,1.0434782608695652,0.6639846770518172,1.3373522027911464,0.6521739130434783,0.4209945499897003,0.13783709704875946,0.6566421985626221,619863.6361111111,4593540.106944445,False,COMPACT_OTHER_FP
1334,174.0,31,32,1.032258064516129,0.46685958307036163,1.1307977225273569,0.7016129032258065,0.526579737663269,0.2409919649362564,0.7590345740318298,619996.3390804598,4593538.014367816,False,ROAD_LIKE_COMPACT
1335,241.75,40,32,1.25,0.6088993796835749,1.260640645440546,0.75546875,0.5550047159194946,0.20930622518062592,0.8795075416564941,622841.8453981386,4593533.463805584,False,ROAD_LIKE_COMPACT
1336,140.5,31,28,1.1071428571428572,0.711863513620878,1.4238567691080384,0.6474654377880185,0.4006321132183075,0.1392364352941513,0.8225380182266235,619720.8140569394,4593530.504448399,False,COMPACT_OTHER_FP
1338,102.75,27,32,1.1851851851851851,0.9069574236709527,2.374043311885463,0.4756944444444444,0.2229195237159729,0.1540198028087616,0.7034556865692139,620480.7165450122,4593529.5486618,False,COMPACT_OTHER_FP
1339,4.5,6,4,1.5,0.8371032784504167,1.8280035802713812,0.75,0.4054871201515198,0.32159802317619324,0.5114316940307617,621490.3333333334,4593534.638888889,False,ROAD_LIKE_COMPACT
1340,4.0,3,7,2.3333333333333335,0.8938075451137535,2.229899285830053,0.7619047619047619,0.23120656609535217,0.21449193358421326,0.4938279986381531,620392.5625,4593533.4375,False,COMPACT_OTHER_FP
1343,153.75,30,27,1.1111111111111112,0.5956581980407987,1.2449609947391593,0.7592592592592593,0.33843088150024414,0.1507267951965332,0.7249458432197571,620392.6609756098,4593525.623577236,False,COMPACT_OTHER_FP
1344,15.5,10,9,1.1111111111111112,0.6681000144952006,1.343956896501237,0.6888888888888889,0.6148566007614136,0.3313627243041992,0.5933578610420227,621490.8145161291,4593530.274193549,False,ROAD_LIKE_COMPACT
1345,42.5,15,22,1.4666666666666666,0.9192750193790018,2.5405480891183134,0.5151515151515151,0.22244668006896973,0.1426488757133484,0.5788419842720032,620124.2970588235,4593525.358823529,False,COMPACT_OTHER_FP
1346,175.5,32,29,1.103448275862069,0.452758041548446,1.1215371446083784,0.7564655172413793,0.5078423619270325,0.23475845158100128,0.7586643099784851,620135.6267806268,4593515.859686609,False,ROAD_LIKE_COMPACT
1347,131.75,42,35,1.2,0.8775952982257905,2.0859310816650747,0.3585034013605442,0.5002590417861938,0.31823503971099854,0.6354416608810425,619615.0768500948,4593513.151802656,False,ROAD_LIKE_COMPACT
1348,23.0,22,7,3.142857142857143,0.9572233048277659,3.456019596506505,0.5974025974025974,0.5785942077636719,0.385736882686615,0.5627041459083557,621162.9673913043,4593516.032608695,False,LIKELY_ROAD_FP
1350,375.5,73,59,1.2372881355932204,0.9189660800612997,2.535904690178897,0.3487346180636174,0.7710686922073364,0.38202372193336487,0.7076395750045776,620525.4567243675,4593495.320239681,False,ROAD_LIKE_COMPACT
1351,31.5,19,10,1.9,0.8992454275981806,2.286004458708272,0.6631578947368421,0.16859763860702515,0.1226717159152031,0.5955846905708313,620483.3015873015,4593509.642857143,False,COMPACT_OTHER_FP
1352,34.25,20,13,1.5384615384615385,0.9350191508661412,2.820101081590774,0.5269230769230769,0.11173549294471741,0.08409327268600464,0.5679425001144409,620474.99270073,4593505.959854014,False,COMPACT_OTHER_FP
1353,28.75,17,13,1.3076923076923077,0.8879551360726612,2.174243539629285,0.5203619909502263,0.14116297662258148,0.08635678142309189,0.5479199290275574,622802.695652174,4593504.521739131,False,COMPACT_OTHER_FP
1354,184.5,33,31,1.064516129032258,0.48903803214246716,1.1464439239720936,0.7214076246334311,0.435271292924881,0.1341131329536438,0.7106327414512634,620118.743902439,4593496.836043361,False,COMPACT_OTHER_FP
1356,26.75,8,17,2.125,0.8778244418477656,2.087758883704731,0.7867647058823529,0.6551705598831177,0.4419616162776947,0.5681445002555847,620885.3738317757,4593495.3130841125,False,ROAD_LIKE_COMPACT
1357,48.25,15,22,1.4666666666666666,0.7853341765942942,1.615320807156676,0.5848484848484848,0.7531944513320923,0.44255903363227844,0.6193142533302307,620883.2461139896,4593488.797927462,False,ROAD_LIKE_COMPACT
1358,208.25,59,23,2.5652173913043477,0.9199141165961543,2.5502403553988695,0.6138540899042004,0.5311485528945923,0.21498604118824005,0.7587075233459473,621747.9507803122,4593466.5912364945,False,ROAD_LIKE_COMPACT
1359,160.5,30,31,1.0333333333333334,0.6555077068680415,1.3241727347548333,0.6903225806451613,0.479381799697876,0.1545523703098297,0.8236521482467651,620936.5926791277,4593473.708722741,False,COMPACT_OTHER_FP
1361,8.75,11,9,1.2222222222222223,0.9753291046618074,4.52989163866072,0.35353535353535354,0.502197265625,0.39485251903533936,0.5115493535995483,620538.3714285714,4593471.128571428,False,LIKELY_ROAD_FP
1362,180.25,31,30,1.0333333333333334,0.5078791919657663,1.1608627125919204,0.7752688172043011,0.4048750400543213,0.2159232497215271,0.7603031992912292,620641.0638002774,4593465.749653259,False,COMPACT_OTHER_FP
1363,5.0,4,6,1.5,0.7555356295547355,1.526466895208432,0.8333333333333334,0.4139508903026581,0.26065438985824585,0.5521014928817749,620619.85,4593469.125,False,ROAD_LIKE_COMPACT
1365,12.0,7,9,1.2857142857142858,0.7848843727386555,1.6138344270634446,0.7619047619047619,0.4171735346317291,0.31633710861206055,0.573054850101471,620617.9270833334,4593465.9375,False,ROAD_LIKE_COMPACT
1366,73.75,21,20,1.05,0.43972076101937096,1.1134189313772378,0.7023809523809523,0.3290838897228241,0.11563755571842194,0.6513908505439758,620812.4305084746,4593463.086440678,False,COMPACT_OTHER_FP
1367,94.75,26,24,1.0833333333333333,0.702274491325949,1.4046792964100434,0.6073717948717948,0.2777327299118042,0.11762234568595886,0.6252949833869934,622613.375989446,4593457.827176781,False,COMPACT_OTHER_FP
1370,33.75,13,16,1.2307692307692308,0.6097924894279458,1.2617323535151104,0.6490384615384616,0.6550335884094238,0.3356770873069763,0.586336612701416,620583.3296296296,4593444.514814815,False,ROAD_LIKE_COMPACT
1372,20.0,14,15,1.0714285714285714,0.8833503990108592,2.1335007850636756,0.38095238095238093,0.3169499635696411,0.17416401207447052,0.5443248152732849,621072.20625,4593443.10625,False,COMPACT_OTHER_FP
1373,44.25,18,14,1.2857142857142858,0.7174494851529571,1.4355223629459581,0.7023809523809523,0.3009878993034363,0.16503624618053436,0.6164031624794006,621743.2429378531,4593441.949152542,False,COMPACT_OTHER_FP
1375,8.5,7,7,1.0,0.3466146839462743,1.0660894412507582,0.6938775510204082,0.1891336739063263,0.15555129945278168,0.5084025263786316,621069.1176470588,4593439.911764706,False,COMPACT_OTHER_FP
1376,117.5,27,27,1.0,0.40072423252848804,1.091466273841851,0.644718792866941,0.2708175778388977,0.12255611270666122,0.7501740455627441,619943.9819148936,4593433.442553191,False,COMPACT_OTHER_FP
1378,141.75,24,38,1.5833333333333333,0.7396771336788239,1.4859681936757672,0.6217105263157895,0.6952345967292786,0.4095596373081207,0.6825042366981506,619836.1234567901,4593431.166666667,False,ROAD_LIKE_COMPACT
1379,67.25,25,20,1.25,0.8408067389168641,1.8472835485618448,0.538,0.36212286353111267,0.14492838084697723,0.6172257661819458,619729.1933085502,4593416.749070632,False,COMPACT_OTHER_FP
1380,129.5,33,27,1.2222222222222223,0.6287694618690781,1.286021838269442,0.5813692480359147,0.3388323187828064,0.17935603857040405,0.6990975737571716,620387.3310810811,4593407.053088803,False,COMPACT_OTHER_FP
1381,219.0,33,32,1.03125,0.3983245438361964,1.0902217996256405,0.8295454545454546,0.544861912727356,0.2660198509693146,0.8966472744941711,619856.4965753425,4593406.640410959,False,ROAD_LIKE_COMPACT
1383,89.75,26,23,1.1304347826086956,0.6230667371347264,1.278496605575373,0.6003344481605352,0.39291903376579285,0.21921318769454956,0.6641919612884521,619963.9164345404,4593406.589136491,False,COMPACT_OTHER_FP
1384,78.0,25,20,1.25,0.7059374330632965,1.4118825756744415,0.624,0.5298716425895691,0.21905502676963806,0.5998855233192444,619764.4503205129,4593402.564102564,False,ROAD_LIKE_COMPACT
1385,211.0,36,31,1.1612903225806452,0.5446946112355445,1.1924146113132066,0.7562724014336918,0.4184889495372772,0.17217880487442017,0.8740017414093018,620130.3696682465,4593397.644549763,False,COMPACT_OTHER_FP
1386,242.5,35,36,1.0285714285714285,0.31001788169146743,1.0518225327472637,0.7698412698412699,0.6883637309074402,0.3101371228694916,0.8965466022491455,622714.1778350516,4593397.459278351,False,ROAD_LIKE_COMPACT
1387,7.25,9,5,1.8,0.8555393647014967,1.9314797250885785,0.6444444444444445,0.5896798372268677,0.4347758889198303,0.5264515280723572,620873.1379310344,4593401.8965517245,False,ROAD_LIKE_COMPACT
1388,13.25,12,8,1.5,0.9251381656862627,2.6341397734433825,0.5520833333333334,0.5158911347389221,0.34717199206352234,0.5489133596420288,620865.7924528302,4593399.849056603,False,ROAD_LIKE_COMPACT
1389,88.25,23,20,1.15,0.6831165203513467,1.3692826630722648,0.7673913043478261,0.37564921379089355,0.25470593571662903,0.6238480806350708,619505.3696883853,4593377.725212465,False,ROAD_LIKE_COMPACT
1390,37.5,20,13,1.5384615384615385,0.9144587316391174,2.4710933543769236,0.5769230769230769,0.622459352016449,0.3693707287311554,0.6706741452217102,620454.0733333334,4593376.42,False,ROAD_LIKE_COMPACT
1391,24.25,18,11,1.6363636363636365,0.960571050823934,3.5966742508599157,0.4898989898989899,0.19620981812477112,0.10209891945123672,0.5429633259773254,621727.5773195876,4593376.582474227,False,ELONGATED_OTHER
1392,34.25,11,18,1.6363636363636365,0.8447623155509484,1.868663973408299,0.6919191919191919,0.14694206416606903,0.09900268167257309,0.5602145195007324,620520.1715328468,4593375.846715328,False,COMPACT_OTHER_FP
1395,116.25,23,27,1.173913043478261,0.47386954904521694,1.1355957481043335,0.748792270531401,0.5860884189605713,0.34732887148857117,0.7050975561141968,620615.2010752688,4593365.520430108,False,ROAD_LIKE_COMPACT
1396,26.0,21,8,2.625,0.9477185870052048,3.13374199312942,0.6190476190476191,0.42107611894607544,0.2544470429420471,0.6091160774230957,620602.9903846154,4593365.951923077,False,LIKELY_ROAD_FP
1397,35.0,10,22,2.2,0.9208583142725908,2.564777445376621,0.6363636363636364,0.42550933361053467,0.2830115258693695,0.6205551028251648,620502.6285714286,4593365.271428571,False,ROAD_LIKE_COMPACT
1399,39.25,12,24,2.0,0.9334645970426881,2.788081676054648,0.5451388888888888,0.4456506371498108,0.26388025283813477,0.6170988082885742,620501.5923566879,4593356.665605095,False,ROAD_LIKE_COMPACT
1400,21.5,18,6,3.0,0.9353148242982512,2.8263230948150695,0.7962962962962963,0.537147581577301,0.32860416173934937,0.5459232926368713,620426.1627906977,4593348.802325581,False,ROAD_LIKE_COMPACT
1401,6.25,9,4,2.25,0.9084360608800667,2.392208113070103,0.6944444444444444,0.47022315859794617,0.3873404562473297,0.5135306119918823,619749.38,4593348.86,False,ROAD_LIKE_COMPACT
1404,126.75,27,29,1.0740740740740742,0.5398031989824004,1.1879429746485393,0.6475095785440613,0.4321233034133911,0.2112283706665039,0.7491495013237,620524.2662721893,4593336.48816568,False,COMPACT_OTHER_FP
1406,67.0,22,22,1.0,0.7180332299949845,1.4367633973302356,0.5537190082644629,0.2786492109298706,0.18619997799396515,0.5747687816619873,621507.8675373135,4593322.001865672,False,COMPACT_OTHER_FP
1407,231.75,35,35,1.0,0.20157803364454396,1.0209577529605385,0.756734693877551,0.5604932308197021,0.3342631459236145,0.7157050967216492,619750.3813376484,4593314.301510248,False,ROAD_LIKE_COMPACT
1408,34.75,16,18,1.125,0.9154542529925505,2.4849532637794067,0.4826388888888889,0.21233204007148743,0.1375339925289154,0.5725358724594116,620000.5755395683,4593316.769784173,False,COMPACT_OTHER_FP
1409,179.25,33,30,1.1,0.477537970349193,1.1381599730069512,0.7242424242424242,0.4989471435546875,0.21680976450443268,0.7975844740867615,619608.4267782427,4593290.307531381,False,COMPACT_OTHER_FP
1410,203.25,33,33,1.0,0.46176074644371873,1.1273899748196876,0.7465564738292011,0.5426815152168274,0.2573390007019043,0.7597776651382446,619718.3726937269,4593290.337638376,False,ROAD_LIKE_COMPACT
1412,66.5,18,23,1.2777777777777777,0.7500713564232209,1.5120428732443256,0.642512077294686,0.31248989701271057,0.1642647385597229,0.5882357358932495,619991.015037594,4593280.928571428,False,COMPACT_OTHER_FP
1413,19.75,9,13,1.4444444444444444,0.8468247385972171,1.8801514900915512,0.6752136752136753,0.6432172656059265,0.39074307680130005,0.5941038727760315,620449.7278481013,4593278.32278481,False,ROAD_LIKE_COMPACT
1414,123.75,31,24,1.2916666666666667,0.6903252040399408,1.3821715084707595,0.6653225806451613,0.6964623928070068,0.28842154145240784,0.7347906827926636,619710.9565656566,4593271.731313132,False,ROAD_LIKE_COMPACT
1415,127.75,25,26,1.04,0.4278668375958289,1.1063883286301086,0.7861538461538462,0.4936375617980957,0.20335258543491364,0.7091832160949707,619851.5518590998,4593272.242661448,False,COMPACT_OTHER_FP
1416,26.0,16,12,1.3333333333333333,0.9332933095926798,2.784623147658435,0.5416666666666666,0.6400307416915894,0.43189752101898193,0.5807720422744751,620453.8125,4593271.971153846,False,ROAD_LIKE_COMPACT
1417,39.25,20,21,1.05,0.9291159800196818,2.704248895849414,0.3738095238095238,0.2324841320514679,0.1251528263092041,0.6181594729423523,619895.898089172,4593267.9140127385,False,COMPACT_OTHER_FP
1419,6.5,8,4,2.0,0.900207487861005,2.2964157122255284,0.8125,0.41872724890708923,0.283607542514801,0.5212910771369934,620631.7884615385,4593269.846153846,False,ROAD_LIKE_COMPACT
1420,4.25,6,5,1.2,0.8149366995468897,1.7254767316855186,0.5666666666666667,0.388225257396698,0.27208811044692993,0.5056092739105225,620445.7352941176,4593268.470588235,False,ROAD_LIKE_COMPACT
1421,11.25,11,6,1.8333333333333333,0.9158710322590917,2.4908299805930003,0.6818181818181818,0.3451072871685028,0.2665010392665863,0.5166306495666504,619721.1222222223,4593266.466666667,False,ROAD_LIKE_COMPACT
1423,234.0,39,33,1.1818181818181819,0.5017421407663933,1.156046324441761,0.7272727272727273,0.45823782682418823,0.2334199696779251,0.8531926870346069,620372.5251068376,4593257.596153846,False,COMPACT_OTHER_FP
1424,54.25,26,15,1.7333333333333334,0.7615376392250535,1.5429225159728808,0.5564102564102564,0.21762527525424957,0.11758147925138474,0.6268227696418762,621699.8387096775,4593257.216589862,False,COMPACT_OTHER_FP
1425,190.0,31,30,1.0333333333333334,0.578301995131974,1.2257564130077063,0.8172043010752689,0.41611284017562866,0.15649442374706268,0.7177225947380066,620239.7756578948,4593252.627631579,False,COMPACT_OTHER_FP
1426,5.75,8,5,1.6,0.92142779318237,2.5736737334939783,0.575,0.424727201461792,0.31323450803756714,0.518626868724823,619705.4130434783,4593253.760869565,False,ROAD_LIKE_COMPACT
1427,6.25,5,7,1.4,0.6260124292977053,1.2823585892275362,0.7142857142857143,0.3107989728450775,0.20860572159290314,0.5375819802284241,619541.6,4593237.48,False,COMPACT_OTHER_FP
1428,28.25,8,21,2.625,0.9361850350131686,2.844888847785162,0.6726190476190477,0.4976806640625,0.24951088428497314,0.5953221321105957,619511.5575221239,4593236.6460176995,False,COMPACT_OTHER_FP
1429,300.5,46,37,1.2432432432432432,0.6395992634609624,1.3008832080255162,0.7062279670975323,0.4169153571128845,0.21536092460155487,0.8012344837188721,622337.372296173,4593224.488352746,False,COMPACT_OTHER_FP
1430,41.25,10,24,2.4,0.9366746432597792,2.855504469536501,0.6875,0.6080705523490906,0.26001596450805664,0.6466755270957947,619510.6363636364,4593227.642424243,False,ROAD_LIKE_COMPACT
1431,15.0,6,16,2.6666666666666665,0.9500264053310726,3.2033873698024857,0.625,0.4232643246650696,0.21983033418655396,0.5794222354888916,619542.4916666667,4593228.258333334,False,ELONGATED_OTHER
1432,230.25,33,36,1.0909090909090908,0.41963327120957505,1.1016931821290845,0.7752525252525253,0.4509640336036682,0.21243822574615479,0.6817079782485962,619601.8083604778,4593218.335504886,False,COMPACT_OTHER_FP
1433,10.25,13,5,2.6,0.9557701685912635,3.4000354818560585,0.6307692307692307,0.5115336179733276,0.3911157548427582,0.5324886441230774,620647.5975609756,4593222.060975609,False,LIKELY_ROAD_FP
1435,9.5,8,9,1.125,0.9191726444838118,2.5390063831825094,0.5277777777777778,0.5246374607086182,0.48383021354675293,0.5349287986755371,620475.25,4593214.657894737,False,ROAD_LIKE_COMPACT
1436,13.75,4,19,4.75,0.984718890130271,5.742130379282539,0.7236842105263158,0.2817018926143646,0.1877690553665161,0.5333943963050842,620442.1,4593212.209090909,False,ELONGATED_OTHER
1437,8.5,8,9,1.125,0.9151641695934357,2.4808890278732267,0.4722222222222222,0.2885691225528717,0.1840403527021408,0.5473416447639465,620625.7647058824,4593201.897058823,False,COMPACT_OTHER_FP
1440,249.0,72,33,2.1818181818181817,0.8777999346853842,2.0875631459614836,0.41919191919191917,0.7352572679519653,0.400209903717041,0.7716865539550781,620663.1049196788,4593183.076305221,False,ROAD_LIKE_COMPACT
1442,13.0,11,6,1.8333333333333333,0.8698046083562575,2.02676819685804,0.7878787878787878,0.18395984172821045,0.11860601603984833,0.5879566073417664,621696.2692307692,4593182.855769231,False,COMPACT_OTHER_FP
1443,19.0,27,15,1.8,0.9945848080586122,9.62203249326937,0.18765432098765433,0.419838011264801,0.3080970048904419,0.5388709306716919,620673.052631579,4593173.736842105,False,LIKELY_ROAD_FP
1444,29.5,24,6,4.0,0.9724764627887196,4.291824570802827,0.8194444444444444,0.27787840366363525,0.18186317384243011,0.5701482892036438,621694.1398305085,4593169.216101695,False,ELONGATED_OTHER
1445,26.0,18,8,2.25,0.9288225888970465,2.6988749628556197,0.7222222222222222,0.5331729054450989,0.29067087173461914,0.5921045541763306,621494.8125,4593169.0625,False,ROAD_LIKE_COMPACT
1446,97.5,28,24,1.1666666666666667,0.6211621525630047,1.276027669468557,0.5803571428571429,0.4140608012676239,0.17894601821899414,0.6613426208496094,621612.9423076923,4593154.861538461,False,COMPACT_OTHER_FP
1447,66.5,23,18,1.2777777777777777,0.6666470734773857,1.3416092436495877,0.642512077294686,0.2177530974149704,0.11182378977537155,0.640806257724762,619857.6353383459,4593147.330827068,False,COMPACT_OTHER_FP
1448,5.25,5,5,1.0,0.34400025467068907,1.0649972567471395,0.84,0.2667376399040222,0.24078667163848877,0.5290970802307129,620237.0714285715,4593149.904761905,False,COMPACT_OTHER_FP
1449,50.5,21,18,1.1666666666666667,0.8910922399684943,2.2035059668258654,0.5343915343915344,0.26191508769989014,0.12471708655357361,0.605867862701416,619893.5,4593142.653465346,False,COMPACT_OTHER_FP
1450,34.0,12,17,1.4166666666666667,0.7383197604504876,1.4826877592290206,0.6666666666666666,0.49810791015625,0.28743529319763184,0.6233603954315186,620238.0404411765,4593145.62867647,False,ROAD_LIKE_COMPACT
1451,207.25,32,32,1.0,0.5578009399501709,1.2048559083362078,0.8095703125,0.50140380859375,0.20003099739551544,0.8335452079772949,620117.3570566948,4593139.775030157,False,ROAD_LIKE_COMPACT
1452,5.0,7,6,1.1666666666666667,0.9375303798920702,2.8743609702047097,0.47619047619047616,0.5369503498077393,0.5061281323432922,0.5033379197120667,620233.125,4593142.1,False,ROAD_LIKE_COMPACT
1453,200.75,49,30,1.6333333333333333,0.9164647050810818,2.4992780914003556,0.5462585034013605,0.5124952793121338,0.28698262572288513,0.689665675163269,620364.5940224159,4593127.767123288,False,ROAD_LIKE_COMPACT
1454,163.75,31,28,1.1071428571428572,0.5307222468866486,1.179877229714473,0.7546082949308756,0.25348207354545593,0.1536554992198944,0.746898353099823,620069.0366412214,4593128.864885496,False,COMPACT_OTHER_FP
1455,7.5,13,4,3.25,0.9800536813830001,5.031878448993142,0.5769230769230769,0.1424703449010849,0.12115826457738876,0.5103553533554077,620921.6166666667,4593133.366666666,False,ELONGATED_OTHER
1457,209.0,37,29,1.2758620689655173,0.6492220034531909,1.3147532957279908,0.7791239515377446,0.48407524824142456,0.2108994573354721,0.8152410387992859,620505.9503588517,4593124.566985646,False,COMPACT_OTHER_FP
1458,195.0,50,35,1.4285714285714286,0.8589827181750346,1.9531075290825137,0.44571428571428573,0.7384448051452637,0.4256584048271179,0.6807003617286682,620692.6801282051,4593117.065384615,False,ROAD_LIKE_COMPACT
1459,120.5,25,23,1.0869565217391304,0.5194663192257137,1.170287441539318,0.8382608695652174,0.3943732678890228,0.1903078705072403,0.6547257900238037,620056.3952282157,4593118.495850623,False,COMPACT_OTHER_FP
1460,19.75,21,10,2.1,0.9761273948026125,4.604077470995358,0.3761904761904762,0.12404501438140869,0.08288729190826416,0.5392740964889526,620937.6518987342,4593119.1329113925,False,ELONGATED_OTHER
1461,9.25,12,6,2.0,0.9511465328955224,3.238973250426265,0.5138888888888888,0.093350850045681,0.07904820144176483,0.5326444506645203,620929.3378378379,4593114.783783784,False,ELONGATED_OTHER
1462,115.75,25,27,1.08,0.7173397564991733,1.4352895525365006,0.6859259259259259,0.3782179355621338,0.15630346536636353,0.6493604183197021,619768.9848812096,4593111.070194384,False,COMPACT_OTHER_FP
1463,140.5,33,28,1.1785714285714286,0.42280506133664303,1.1034840043719905,0.6082251082251082,0.7413873672485352,0.4025689363479614,0.6732235550880432,619766.8051601424,4593076.489323843,False,ROAD_LIKE_COMPACT
1464,8.75,14,5,2.8,0.9747504779719016,4.478342505232313,0.5,0.4117908179759979,0.3006596565246582,0.5155752897262573,620710.2857142857,4593069.414285715,False,LIKELY_ROAD_FP
1465,203.5,34,31,1.096774193548387,0.6287531068698331,1.2859999671872666,0.7722960151802657,0.5195060968399048,0.26393750309944153,0.7845167517662048,619574.9907862408,4593063.693488943,False,ROAD_LIKE_COMPACT
1466,215.75,33,32,1.03125,0.28229576310063326,1.0423969724207796,0.8172348484848485,0.5361351370811462,0.21298733353614807,0.850913405418396,620667.9542294322,4593062.662804171,False,ROAD_LIKE_COMPACT
1467,12.0,14,5,2.8,0.962711416526272,3.6964414612187655,0.6857142857142857,0.426052987575531,0.26025819778442383,0.5449148416519165,620702.0,4593067.25,False,LIKELY_ROAD_FP
1468,205.0,36,29,1.2413793103448276,0.5606583690184004,1.207660601607902,0.7854406130268199,0.3452991843223572,0.1725313812494278,0.8053321838378906,621658.6554878049,4593061.867073171,False,COMPACT_OTHER_FP
1469,14.0,13,6,2.1666666666666665,0.8901150908372215,2.1942537460716296,0.717948717948718,0.41630345582962036,0.2145550549030304,0.5401248931884766,621940.6339285715,4593065.035714285,False,COMPACT_OTHER_FP
1470,18.5,14,14,1.0,0.9252245010625539,2.6356009184912024,0.37755102040816324,0.17938922345638275,0.11265654116868973,0.5130215287208557,620878.1148648649,4593057.283783784,False,COMPACT_OTHER_FP
1471,63.0,25,24,1.0416666666666667,0.9334296932046906,2.787375822763757,0.42,0.6592023372650146,0.3834132254123688,0.6458600759506226,619890.0436507936,4593040.64484127,False,ROAD_LIKE_COMPACT
1472,23.0,14,12,1.1666666666666667,0.9012935831859338,2.30835561666586,0.5476190476190477,0.5509545207023621,0.32223445177078247,0.5530080795288086,619896.2391304348,4593035.277173913,False,ROAD_LIKE_COMPACT
1473,28.0,27,11,2.4545454545454546,0.9842606058948974,5.6585693109093835,0.3771043771043771,0.5906611680984497,0.46249791979789734,0.5437900424003601,619773.8794642857,4593030.196428572,False,LIKELY_ROAD_FP
1474,216.0,36,31,1.1612903225806452,0.5859318645497572,1.234018959087938,0.7741935483870968,0.4795188307762146,0.22525261342525482,0.7336608171463013,620099.3379629629,4593025.50462963,False,COMPACT_OTHER_FP
1475,23.5,19,7,2.7142857142857144,0.9336486673240939,2.7918134220226243,0.706766917293233,0.498779296875,0.3481658101081848,0.5695331692695618,619767.1223404255,4593021.95212766,False,ROAD_LIKE_COMPACT
1476,167.0,28,35,1.25,0.7514358417236191,1.5155966291089744,0.6816326530612244,0.4435702860355377,0.17230962216854095,0.7482417821884155,619854.8555389221,4593019.909431138,False,COMPACT_OTHER_FP
1477,24.25,13,14,1.0769230769230769,0.8506326038411717,1.9020064716231584,0.532967032967033,0.14051306247711182,0.0824383795261383,0.539021372795105,620069.0,4593020.097938145,False,COMPACT_OTHER_FP
1478,84.5,25,18,1.3888888888888888,0.797512709912605,1.6575442490273198,0.7511111111111111,0.22988080978393555,0.10622198134660721,0.6689171195030212,619975.6671597633,4593015.352071006,False,COMPACT_OTHER_FP
1479,8.0,7,5,1.4,0.7161989849411932,1.4328779759078463,0.9142857142857143,0.20256859064102173,0.15508145093917847,0.5153637528419495,619981.484375,4593017.953125,False,COMPACT_OTHER_FP
1481,4.75,6,6,1.0,0.6822734613213326,1.3678074262706172,0.5277777777777778,0.42092686891555786,0.3026532232761383,0.6715960502624512,623998.4210526316,4593001.578947368,False,ROAD_LIKE_COMPACT
