model,fold,block_id,thr,tau,n_gt,tp_gt,n_pred,tp_pred,split
pad,0,-1,0.05,0.3,96,0,40,0,val
pad,0,-1,0.05,0.5,96,0,40,0,val
pad,0,6,0.05,0.3,1,0,2,0,heldout
pad,0,12,0.05,0.3,6,0,0,0,heldout
pad,0,22,0.05,0.3,2,0,5,0,heldout
pad,0,24,0.05,0.3,5,0,1,0,heldout
pad,0,48,0.05,0.3,9,0,4,0,heldout
pad,0,73,0.05,0.3,10,0,0,0,heldout
pad,0,83,0.05,0.3,6,0,1,0,heldout
pad,0,84,0.05,0.3,7,0,0,0,heldout
pad,0,87,0.05,0.3,5,0,0,0,heldout
pad,0,89,0.05,0.3,5,0,3,0,heldout
pad,0,90,0.05,0.3,6,0,2,0,heldout
pad,0,94,0.05,0.3,3,0,0,0,heldout
pad,0,95,0.05,0.3,9,0,0,0,heldout
pad,0,105,0.05,0.3,8,0,5,0,heldout
pad,0,115,0.05,0.3,3,0,0,0,heldout
pad,0,118,0.05,0.3,6,0,5,0,heldout
pad,0,126,0.05,0.3,2,0,1,0,heldout
pad,0,127,0.05,0.3,3,0,0,0,heldout
pad,0,130,0.05,0.3,4,0,5,0,heldout
pad,0,131,0.05,0.3,4,0,0,0,heldout
pad,0,132,0.05,0.3,6,0,3,0,heldout
pad,0,135,0.05,0.3,6,0,0,0,heldout
pad,0,136,0.05,0.3,6,0,1,0,heldout
pad,0,138,0.05,0.3,8,0,3,0,heldout
pad,0,6,0.05,0.5,1,0,2,0,heldout
pad,0,12,0.05,0.5,6,0,0,0,heldout
pad,0,22,0.05,0.5,2,0,5,0,heldout
pad,0,24,0.05,0.5,5,0,1,0,heldout
pad,0,48,0.05,0.5,9,0,4,0,heldout
pad,0,73,0.05,0.5,10,0,0,0,heldout
pad,0,83,0.05,0.5,6,0,1,0,heldout
pad,0,84,0.05,0.5,7,0,0,0,heldout
pad,0,87,0.05,0.5,5,0,0,0,heldout
pad,0,89,0.05,0.5,5,0,3,0,heldout
pad,0,90,0.05,0.5,6,0,2,0,heldout
pad,0,94,0.05,0.5,3,0,0,0,heldout
pad,0,95,0.05,0.5,9,0,0,0,heldout
pad,0,105,0.05,0.5,8,0,5,0,heldout
pad,0,115,0.05,0.5,3,0,0,0,heldout
pad,0,118,0.05,0.5,6,0,5,0,heldout
pad,0,126,0.05,0.5,2,0,1,0,heldout
pad,0,127,0.05,0.5,3,0,0,0,heldout
pad,0,130,0.05,0.5,4,0,5,0,heldout
pad,0,131,0.05,0.5,4,0,0,0,heldout
pad,0,132,0.05,0.5,6,0,3,0,heldout
pad,0,135,0.05,0.5,6,0,0,0,heldout
pad,0,136,0.05,0.5,6,0,1,0,heldout
pad,0,138,0.05,0.5,8,0,3,0,heldout
pad,0,-1,0.075,0.3,96,0,37,0,val
pad,0,-1,0.075,0.5,96,0,37,0,val
pad,0,6,0.075,0.3,1,0,2,0,heldout
pad,0,12,0.075,0.3,6,0,0,0,heldout
pad,0,22,0.075,0.3,2,0,2,0,heldout
pad,0,24,0.075,0.3,5,0,0,0,heldout
pad,0,48,0.075,0.3,9,0,1,0,heldout
pad,0,73,0.075,0.3,10,0,0,0,heldout
pad,0,83,0.075,0.3,6,0,1,0,heldout
pad,0,84,0.075,0.3,7,0,1,0,heldout
pad,0,87,0.075,0.3,5,0,1,0,heldout
pad,0,89,0.075,0.3,5,0,2,0,heldout
pad,0,90,0.075,0.3,6,0,2,0,heldout
pad,0,94,0.075,0.3,3,0,0,0,heldout
pad,0,95,0.075,0.3,9,0,0,0,heldout
pad,0,105,0.075,0.3,8,0,3,0,heldout
pad,0,115,0.075,0.3,3,0,0,0,heldout
pad,0,118,0.075,0.3,6,0,2,0,heldout
pad,0,126,0.075,0.3,2,0,0,0,heldout
pad,0,127,0.075,0.3,3,0,1,0,heldout
pad,0,130,0.075,0.3,4,0,2,0,heldout
pad,0,131,0.075,0.3,4,0,2,0,heldout
pad,0,132,0.075,0.3,6,0,5,0,heldout
pad,0,135,0.075,0.3,6,0,3,0,heldout
pad,0,136,0.075,0.3,6,0,1,0,heldout
pad,0,138,0.075,0.3,8,0,0,0,heldout
pad,0,6,0.075,0.5,1,0,2,0,heldout
pad,0,12,0.075,0.5,6,0,0,0,heldout
pad,0,22,0.075,0.5,2,0,2,0,heldout
pad,0,24,0.075,0.5,5,0,0,0,heldout
pad,0,48,0.075,0.5,9,0,1,0,heldout
pad,0,73,0.075,0.5,10,0,0,0,heldout
pad,0,83,0.075,0.5,6,0,1,0,heldout
pad,0,84,0.075,0.5,7,0,1,0,heldout
pad,0,87,0.075,0.5,5,0,1,0,heldout
pad,0,89,0.075,0.5,5,0,2,0,heldout
pad,0,90,0.075,0.5,6,0,2,0,heldout
pad,0,94,0.075,0.5,3,0,0,0,heldout
pad,0,95,0.075,0.5,9,0,0,0,heldout
pad,0,105,0.075,0.5,8,0,3,0,heldout
pad,0,115,0.075,0.5,3,0,0,0,heldout
pad,0,118,0.075,0.5,6,0,2,0,heldout
pad,0,126,0.075,0.5,2,0,0,0,heldout
pad,0,127,0.075,0.5,3,0,1,0,heldout
pad,0,130,0.075,0.5,4,0,2,0,heldout
pad,0,131,0.075,0.5,4,0,2,0,heldout
pad,0,132,0.075,0.5,6,0,5,0,heldout
pad,0,135,0.075,0.5,6,0,3,0,heldout
pad,0,136,0.075,0.5,6,0,1,0,heldout
pad,0,138,0.075,0.5,8,0,0,0,heldout
pad,0,-1,0.1,0.3,96,1,80,1,val
pad,0,-1,0.1,0.5,96,0,80,0,val
pad,0,6,0.1,0.3,1,0,4,0,heldout
pad,0,12,0.1,0.3,6,0,2,0,heldout
pad,0,22,0.1,0.3,2,0,10,0,heldout
pad,0,24,0.1,0.3,5,0,2,0,heldout
pad,0,48,0.1,0.3,9,0,4,0,heldout
pad,0,73,0.1,0.3,10,0,1,0,heldout
pad,0,83,0.1,0.3,6,0,1,0,heldout
pad,0,84,0.1,0.3,7,0,0,0,heldout
pad,0,87,0.1,0.3,5,0,3,0,heldout
pad,0,89,0.1,0.3,5,0,4,0,heldout
pad,0,90,0.1,0.3,6,0,8,0,heldout
pad,0,94,0.1,0.3,3,0,0,0,heldout
pad,0,95,0.1,0.3,9,0,0,0,heldout
pad,0,105,0.1,0.3,8,0,3,0,heldout
pad,0,115,0.1,0.3,3,0,1,0,heldout
pad,0,118,0.1,0.3,6,0,3,0,heldout
pad,0,126,0.1,0.3,2,0,1,0,heldout
pad,0,127,0.1,0.3,3,0,5,0,heldout
pad,0,130,0.1,0.3,4,0,11,0,heldout
pad,0,131,0.1,0.3,4,0,2,0,heldout
pad,0,132,0.1,0.3,6,0,9,0,heldout
pad,0,135,0.1,0.3,6,0,2,0,heldout
pad,0,136,0.1,0.3,6,0,1,0,heldout
pad,0,138,0.1,0.3,8,0,2,0,heldout
pad,0,6,0.1,0.5,1,0,4,0,heldout
pad,0,12,0.1,0.5,6,0,2,0,heldout
pad,0,22,0.1,0.5,2,0,10,0,heldout
pad,0,24,0.1,0.5,5,0,2,0,heldout
pad,0,48,0.1,0.5,9,0,4,0,heldout
pad,0,73,0.1,0.5,10,0,1,0,heldout
pad,0,83,0.1,0.5,6,0,1,0,heldout
pad,0,84,0.1,0.5,7,0,0,0,heldout
pad,0,87,0.1,0.5,5,0,3,0,heldout
pad,0,89,0.1,0.5,5,0,4,0,heldout
pad,0,90,0.1,0.5,6,0,8,0,heldout
pad,0,94,0.1,0.5,3,0,0,0,heldout
pad,0,95,0.1,0.5,9,0,0,0,heldout
pad,0,105,0.1,0.5,8,0,3,0,heldout
pad,0,115,0.1,0.5,3,0,1,0,heldout
pad,0,118,0.1,0.5,6,0,3,0,heldout
pad,0,126,0.1,0.5,2,0,1,0,heldout
pad,0,127,0.1,0.5,3,0,5,0,heldout
pad,0,130,0.1,0.5,4,0,11,0,heldout
pad,0,131,0.1,0.5,4,0,2,0,heldout
pad,0,132,0.1,0.5,6,0,9,0,heldout
pad,0,135,0.1,0.5,6,0,2,0,heldout
pad,0,136,0.1,0.5,6,0,1,0,heldout
pad,0,138,0.1,0.5,8,0,2,0,heldout
pad,0,-1,0.125,0.3,96,2,115,2,val
pad,0,-1,0.125,0.5,96,0,115,0,val
pad,0,6,0.125,0.3,1,0,9,0,heldout
pad,0,12,0.125,0.3,6,0,3,0,heldout
pad,0,22,0.125,0.3,2,0,18,0,heldout
pad,0,24,0.125,0.3,5,0,1,0,heldout
pad,0,48,0.125,0.3,9,1,7,1,heldout
pad,0,73,0.125,0.3,10,0,2,0,heldout
pad,0,83,0.125,0.3,6,0,2,0,heldout
pad,0,84,0.125,0.3,7,0,2,0,heldout
pad,0,87,0.125,0.3,5,0,7,0,heldout
pad,0,89,0.125,0.3,5,0,10,0,heldout
pad,0,90,0.125,0.3,6,0,5,0,heldout
pad,0,94,0.125,0.3,3,0,4,0,heldout
pad,0,95,0.125,0.3,9,1,1,1,heldout
pad,0,105,0.125,0.3,8,0,1,0,heldout
pad,0,115,0.125,0.3,3,0,4,0,heldout
pad,0,118,0.125,0.3,6,0,5,0,heldout
pad,0,126,0.125,0.3,2,0,4,0,heldout
pad,0,127,0.125,0.3,3,0,6,0,heldout
pad,0,130,0.125,0.3,4,0,9,0,heldout
pad,0,131,0.125,0.3,4,0,1,0,heldout
pad,0,132,0.125,0.3,6,1,14,1,heldout
pad,0,135,0.125,0.3,6,1,10,1,heldout
pad,0,136,0.125,0.3,6,0,2,0,heldout
pad,0,138,0.125,0.3,8,0,3,0,heldout
pad,0,6,0.125,0.5,1,0,9,0,heldout
pad,0,12,0.125,0.5,6,0,3,0,heldout
pad,0,22,0.125,0.5,2,0,18,0,heldout
pad,0,24,0.125,0.5,5,0,1,0,heldout
pad,0,48,0.125,0.5,9,0,7,0,heldout
pad,0,73,0.125,0.5,10,0,2,0,heldout
pad,0,83,0.125,0.5,6,0,2,0,heldout
pad,0,84,0.125,0.5,7,0,2,0,heldout
pad,0,87,0.125,0.5,5,0,7,0,heldout
pad,0,89,0.125,0.5,5,0,10,0,heldout
pad,0,90,0.125,0.5,6,0,5,0,heldout
pad,0,94,0.125,0.5,3,0,4,0,heldout
pad,0,95,0.125,0.5,9,0,1,0,heldout
pad,0,105,0.125,0.5,8,0,1,0,heldout
pad,0,115,0.125,0.5,3,0,4,0,heldout
pad,0,118,0.125,0.5,6,0,5,0,heldout
pad,0,126,0.125,0.5,2,0,4,0,heldout
pad,0,127,0.125,0.5,3,0,6,0,heldout
pad,0,130,0.125,0.5,4,0,9,0,heldout
pad,0,131,0.125,0.5,4,0,1,0,heldout
pad,0,132,0.125,0.5,6,0,14,0,heldout
pad,0,135,0.125,0.5,6,0,10,0,heldout
pad,0,136,0.125,0.5,6,0,2,0,heldout
pad,0,138,0.125,0.5,8,0,3,0,heldout
pad,0,-1,0.15,0.3,96,13,182,13,val
pad,0,-1,0.15,0.5,96,0,182,0,val
pad,0,6,0.15,0.3,1,0,14,0,heldout
pad,0,12,0.15,0.3,6,1,4,1,heldout
pad,0,22,0.15,0.3,2,0,12,0,heldout
pad,0,24,0.15,0.3,5,0,2,0,heldout
pad,0,48,0.15,0.3,9,3,7,3,heldout
pad,0,73,0.15,0.3,10,0,3,0,heldout
pad,0,83,0.15,0.3,6,1,8,1,heldout
pad,0,84,0.15,0.3,7,0,2,0,heldout
pad,0,87,0.15,0.3,5,1,11,1,heldout
pad,0,89,0.15,0.3,5,0,10,0,heldout
pad,0,90,0.15,0.3,6,0,6,0,heldout
pad,0,94,0.15,0.3,3,0,6,0,heldout
pad,0,95,0.15,0.3,9,2,8,2,heldout
pad,0,105,0.15,0.3,8,1,6,1,heldout
pad,0,115,0.15,0.3,3,0,9,0,heldout
pad,0,118,0.15,0.3,6,0,6,0,heldout
pad,0,126,0.15,0.3,2,0,2,0,heldout
pad,0,127,0.15,0.3,3,0,6,0,heldout
pad,0,130,0.15,0.3,4,0,12,0,heldout
pad,0,131,0.15,0.3,4,0,3,0,heldout
pad,0,132,0.15,0.3,6,1,14,1,heldout
pad,0,135,0.15,0.3,6,1,12,1,heldout
pad,0,136,0.15,0.3,6,0,3,0,heldout
pad,0,138,0.15,0.3,8,2,6,2,heldout
pad,0,6,0.15,0.5,1,0,14,0,heldout
pad,0,12,0.15,0.5,6,0,4,0,heldout
pad,0,22,0.15,0.5,2,0,12,0,heldout
pad,0,24,0.15,0.5,5,0,2,0,heldout
pad,0,48,0.15,0.5,9,0,7,0,heldout
pad,0,73,0.15,0.5,10,0,3,0,heldout
pad,0,83,0.15,0.5,6,0,8,0,heldout
pad,0,84,0.15,0.5,7,0,2,0,heldout
pad,0,87,0.15,0.5,5,0,11,0,heldout
pad,0,89,0.15,0.5,5,0,10,0,heldout
pad,0,90,0.15,0.5,6,0,6,0,heldout
pad,0,94,0.15,0.5,3,0,6,0,heldout
pad,0,95,0.15,0.5,9,0,8,0,heldout
pad,0,105,0.15,0.5,8,0,6,0,heldout
pad,0,115,0.15,0.5,3,0,9,0,heldout
pad,0,118,0.15,0.5,6,0,6,0,heldout
pad,0,126,0.15,0.5,2,0,2,0,heldout
pad,0,127,0.15,0.5,3,0,6,0,heldout
pad,0,130,0.15,0.5,4,0,12,0,heldout
pad,0,131,0.15,0.5,4,0,3,0,heldout
pad,0,132,0.15,0.5,6,0,14,0,heldout
pad,0,135,0.15,0.5,6,1,12,1,heldout
pad,0,136,0.15,0.5,6,0,3,0,heldout
pad,0,138,0.15,0.5,8,0,6,0,heldout
pad,0,-1,0.175,0.3,96,23,203,23,val
pad,0,-1,0.175,0.5,96,4,203,4,val
pad,0,6,0.175,0.3,1,0,15,0,heldout
pad,0,12,0.175,0.3,6,1,5,1,heldout
pad,0,22,0.175,0.3,2,0,10,0,heldout
pad,0,24,0.175,0.3,5,1,4,1,heldout
pad,0,48,0.175,0.3,9,3,12,3,heldout
pad,0,73,0.175,0.3,10,0,4,0,heldout
pad,0,83,0.175,0.3,6,2,9,2,heldout
pad,0,84,0.175,0.3,7,1,6,1,heldout
pad,0,87,0.175,0.3,5,1,7,1,heldout
pad,0,89,0.175,0.3,5,1,12,1,heldout
pad,0,90,0.175,0.3,6,0,7,0,heldout
pad,0,94,0.175,0.3,3,0,7,0,heldout
pad,0,95,0.175,0.3,9,2,9,2,heldout
pad,0,105,0.175,0.3,8,1,7,1,heldout
pad,0,115,0.175,0.3,3,1,14,1,heldout
pad,0,118,0.175,0.3,6,1,6,1,heldout
pad,0,126,0.175,0.3,2,1,5,1,heldout
pad,0,127,0.175,0.3,3,0,8,0,heldout
pad,0,130,0.175,0.3,4,1,12,1,heldout
pad,0,131,0.175,0.3,4,0,4,0,heldout
pad,0,132,0.175,0.3,6,3,12,3,heldout
pad,0,135,0.175,0.3,6,2,15,2,heldout
pad,0,136,0.175,0.3,6,0,6,0,heldout
pad,0,138,0.175,0.3,8,3,7,3,heldout
pad,0,6,0.175,0.5,1,0,15,0,heldout
pad,0,12,0.175,0.5,6,0,5,0,heldout
pad,0,22,0.175,0.5,2,0,10,0,heldout
pad,0,24,0.175,0.5,5,0,4,0,heldout
pad,0,48,0.175,0.5,9,1,12,1,heldout
pad,0,73,0.175,0.5,10,0,4,0,heldout
pad,0,83,0.175,0.5,6,0,9,0,heldout
pad,0,84,0.175,0.5,7,0,6,0,heldout
pad,0,87,0.175,0.5,5,0,7,0,heldout
pad,0,89,0.175,0.5,5,0,12,0,heldout
pad,0,90,0.175,0.5,6,0,7,0,heldout
pad,0,94,0.175,0.5,3,0,7,0,heldout
pad,0,95,0.175,0.5,9,0,9,0,heldout
pad,0,105,0.175,0.5,8,0,7,0,heldout
pad,0,115,0.175,0.5,3,0,14,0,heldout
pad,0,118,0.175,0.5,6,0,6,0,heldout
pad,0,126,0.175,0.5,2,0,5,0,heldout
pad,0,127,0.175,0.5,3,0,8,0,heldout
pad,0,130,0.175,0.5,4,0,12,0,heldout
pad,0,131,0.175,0.5,4,0,4,0,heldout
pad,0,132,0.175,0.5,6,0,12,0,heldout
pad,0,135,0.175,0.5,6,1,15,1,heldout
pad,0,136,0.175,0.5,6,0,6,0,heldout
pad,0,138,0.175,0.5,8,0,7,0,heldout
pad,0,-1,0.2,0.3,96,31,206,31,val
pad,0,-1,0.2,0.5,96,9,206,9,val
pad,0,6,0.2,0.3,1,0,14,0,heldout
pad,0,12,0.2,0.3,6,1,8,1,heldout
pad,0,22,0.2,0.3,2,0,8,0,heldout
pad,0,24,0.2,0.3,5,1,6,1,heldout
pad,0,48,0.2,0.3,9,3,11,3,heldout
pad,0,73,0.2,0.3,10,1,4,1,heldout
pad,0,83,0.2,0.3,6,2,9,2,heldout
pad,0,84,0.2,0.3,7,2,9,2,heldout
pad,0,87,0.2,0.3,5,1,7,1,heldout
pad,0,89,0.2,0.3,5,3,12,3,heldout
pad,0,90,0.2,0.3,6,1,5,1,heldout
pad,0,94,0.2,0.3,3,0,11,0,heldout
pad,0,95,0.2,0.3,9,2,11,2,heldout
pad,0,105,0.2,0.3,8,3,11,3,heldout
pad,0,115,0.2,0.3,3,1,13,1,heldout
pad,0,118,0.2,0.3,6,2,6,2,heldout
pad,0,126,0.2,0.3,2,1,8,1,heldout
pad,0,127,0.2,0.3,3,0,5,0,heldout
pad,0,130,0.2,0.3,4,1,8,1,heldout
pad,0,131,0.2,0.3,4,0,7,0,heldout
pad,0,132,0.2,0.3,6,3,10,3,heldout
pad,0,135,0.2,0.3,6,2,14,2,heldout
pad,0,136,0.2,0.3,6,0,7,0,heldout
pad,0,138,0.2,0.3,8,4,8,4,heldout
pad,0,6,0.2,0.5,1,0,14,0,heldout
pad,0,12,0.2,0.5,6,0,8,0,heldout
pad,0,22,0.2,0.5,2,0,8,0,heldout
pad,0,24,0.2,0.5,5,0,6,0,heldout
pad,0,48,0.2,0.5,9,2,11,2,heldout
pad,0,73,0.2,0.5,10,0,4,0,heldout
pad,0,83,0.2,0.5,6,0,9,0,heldout
pad,0,84,0.2,0.5,7,2,9,2,heldout
pad,0,87,0.2,0.5,5,0,7,0,heldout
pad,0,89,0.2,0.5,5,0,12,0,heldout
pad,0,90,0.2,0.5,6,0,5,0,heldout
pad,0,94,0.2,0.5,3,0,11,0,heldout
pad,0,95,0.2,0.5,9,0,11,0,heldout
pad,0,105,0.2,0.5,8,2,11,2,heldout
pad,0,115,0.2,0.5,3,0,13,0,heldout
pad,0,118,0.2,0.5,6,1,6,1,heldout
pad,0,126,0.2,0.5,2,0,8,0,heldout
pad,0,127,0.2,0.5,3,0,5,0,heldout
pad,0,130,0.2,0.5,4,0,8,0,heldout
pad,0,131,0.2,0.5,4,0,7,0,heldout
pad,0,132,0.2,0.5,6,1,10,1,heldout
pad,0,135,0.2,0.5,6,1,14,1,heldout
pad,0,136,0.2,0.5,6,0,7,0,heldout
pad,0,138,0.2,0.5,8,0,8,0,heldout
pad,0,-1,0.225,0.3,96,44,210,44,val
pad,0,-1,0.225,0.5,96,16,210,16,val
pad,0,6,0.225,0.3,1,0,16,0,heldout
pad,0,12,0.225,0.3,6,1,12,1,heldout
pad,0,22,0.225,0.3,2,0,6,0,heldout
pad,0,24,0.225,0.3,5,1,5,1,heldout
pad,0,48,0.225,0.3,9,4,11,4,heldout
pad,0,73,0.225,0.3,10,1,2,1,heldout
pad,0,83,0.225,0.3,6,2,10,2,heldout
pad,0,84,0.225,0.3,7,4,16,4,heldout
pad,0,87,0.225,0.3,5,1,6,1,heldout
pad,0,89,0.225,0.3,5,3,13,3,heldout
pad,0,90,0.225,0.3,6,1,5,1,heldout
pad,0,94,0.225,0.3,3,0,15,0,heldout
pad,0,95,0.225,0.3,9,2,11,2,heldout
pad,0,105,0.225,0.3,8,4,10,4,heldout
pad,0,115,0.225,0.3,3,1,12,1,heldout
pad,0,118,0.225,0.3,6,2,6,2,heldout
pad,0,126,0.225,0.3,2,1,10,1,heldout
pad,0,127,0.225,0.3,3,0,5,0,heldout
pad,0,130,0.225,0.3,4,1,8,1,heldout
pad,0,131,0.225,0.3,4,1,8,1,heldout
pad,0,132,0.225,0.3,6,3,12,3,heldout
pad,0,135,0.225,0.3,6,2,12,2,heldout
pad,0,136,0.225,0.3,6,1,7,1,heldout
pad,0,138,0.225,0.3,8,4,10,4,heldout
pad,0,6,0.225,0.5,1,0,16,0,heldout
pad,0,12,0.225,0.5,6,1,12,1,heldout
pad,0,22,0.225,0.5,2,0,6,0,heldout
pad,0,24,0.225,0.5,5,1,5,1,heldout
pad,0,48,0.225,0.5,9,3,11,3,heldout
pad,0,73,0.225,0.5,10,0,2,0,heldout
pad,0,83,0.225,0.5,6,0,10,0,heldout
pad,0,84,0.225,0.5,7,2,16,2,heldout
pad,0,87,0.225,0.5,5,0,6,0,heldout
pad,0,89,0.225,0.5,5,0,13,0,heldout
pad,0,90,0.225,0.5,6,0,5,0,heldout
pad,0,94,0.225,0.5,3,0,15,0,heldout
pad,0,95,0.225,0.5,9,0,11,0,heldout
pad,0,105,0.225,0.5,8,3,10,3,heldout
pad,0,115,0.225,0.5,3,1,12,1,heldout
pad,0,118,0.225,0.5,6,1,6,1,heldout
pad,0,126,0.225,0.5,2,1,10,1,heldout
pad,0,127,0.225,0.5,3,0,5,0,heldout
pad,0,130,0.225,0.5,4,0,8,0,heldout
pad,0,131,0.225,0.5,4,1,8,1,heldout
pad,0,132,0.225,0.5,6,1,12,1,heldout
pad,0,135,0.225,0.5,6,2,12,2,heldout
pad,0,136,0.225,0.5,6,0,7,0,heldout
pad,0,138,0.225,0.5,8,1,10,1,heldout
pad,0,-1,0.25,0.3,96,53,214,53,val
pad,0,-1,0.25,0.5,96,24,214,24,val
pad,0,6,0.25,0.3,1,0,12,0,heldout
pad,0,12,0.25,0.3,6,1,12,1,heldout
pad,0,22,0.25,0.3,2,0,6,0,heldout
pad,0,24,0.25,0.3,5,2,5,2,heldout
pad,0,48,0.25,0.3,9,6,13,6,heldout
pad,0,73,0.25,0.3,10,1,2,1,heldout
pad,0,83,0.25,0.3,6,3,14,3,heldout
pad,0,84,0.25,0.3,7,4,12,4,heldout
pad,0,87,0.25,0.3,5,2,9,2,heldout
pad,0,89,0.25,0.3,5,3,11,3,heldout
pad,0,90,0.25,0.3,6,1,5,1,heldout
pad,0,94,0.25,0.3,3,0,14,0,heldout
pad,0,95,0.25,0.3,9,2,10,2,heldout
pad,0,105,0.25,0.3,8,5,12,5,heldout
pad,0,115,0.25,0.3,3,1,11,1,heldout
pad,0,118,0.25,0.3,6,3,6,3,heldout
pad,0,126,0.25,0.3,2,1,10,1,heldout
pad,0,127,0.25,0.3,3,0,5,0,heldout
pad,0,130,0.25,0.3,4,2,7,2,heldout
pad,0,131,0.25,0.3,4,1,10,1,heldout
pad,0,132,0.25,0.3,6,3,9,3,heldout
pad,0,135,0.25,0.3,6,2,10,2,heldout
pad,0,136,0.25,0.3,6,3,6,3,heldout
pad,0,138,0.25,0.3,8,4,10,4,heldout
pad,0,6,0.25,0.5,1,0,12,0,heldout
pad,0,12,0.25,0.5,6,1,12,1,heldout
pad,0,22,0.25,0.5,2,0,6,0,heldout
pad,0,24,0.25,0.5,5,2,5,2,heldout
pad,0,48,0.25,0.5,9,3,13,3,heldout
pad,0,73,0.25,0.5,10,0,2,0,heldout
pad,0,83,0.25,0.5,6,0,14,0,heldout
pad,0,84,0.25,0.5,7,2,12,2,heldout
pad,0,87,0.25,0.5,5,0,9,0,heldout
pad,0,89,0.25,0.5,5,1,11,1,heldout
pad,0,90,0.25,0.5,6,0,5,0,heldout
pad,0,94,0.25,0.5,3,0,14,0,heldout
pad,0,95,0.25,0.5,9,0,10,0,heldout
pad,0,105,0.25,0.5,8,3,12,3,heldout
pad,0,115,0.25,0.5,3,1,11,1,heldout
pad,0,118,0.25,0.5,6,1,6,1,heldout
pad,0,126,0.25,0.5,2,1,10,1,heldout
pad,0,127,0.25,0.5,3,0,5,0,heldout
pad,0,130,0.25,0.5,4,0,7,0,heldout
pad,0,131,0.25,0.5,4,1,10,1,heldout
pad,0,132,0.25,0.5,6,2,9,2,heldout
pad,0,135,0.25,0.5,6,2,10,2,heldout
pad,0,136,0.25,0.5,6,0,6,0,heldout
pad,0,138,0.25,0.5,8,2,10,2,heldout
pad,0,-1,0.275,0.3,96,59,205,59,val
pad,0,-1,0.275,0.5,96,29,205,29,val
pad,0,6,0.275,0.3,1,0,10,0,heldout
pad,0,12,0.275,0.3,6,3,11,3,heldout
pad,0,22,0.275,0.3,2,0,4,0,heldout
pad,0,24,0.275,0.3,5,2,5,2,heldout
pad,0,48,0.275,0.3,9,7,11,7,heldout
pad,0,73,0.275,0.3,10,1,5,1,heldout
pad,0,83,0.275,0.3,6,4,13,4,heldout
pad,0,84,0.275,0.3,7,5,10,5,heldout
pad,0,87,0.275,0.3,5,3,9,3,heldout
pad,0,89,0.275,0.3,5,3,8,3,heldout
pad,0,90,0.275,0.3,6,2,6,2,heldout
pad,0,94,0.275,0.3,3,0,9,0,heldout
pad,0,95,0.275,0.3,9,3,11,3,heldout
pad,0,105,0.275,0.3,8,5,13,5,heldout
pad,0,115,0.275,0.3,3,1,9,1,heldout
pad,0,118,0.275,0.3,6,3,5,3,heldout
pad,0,126,0.275,0.3,2,1,11,1,heldout
pad,0,127,0.275,0.3,3,2,6,2,heldout
pad,0,130,0.275,0.3,4,2,7,3,heldout
pad,0,131,0.275,0.3,4,2,12,1,heldout
pad,0,132,0.275,0.3,6,3,9,3,heldout
pad,0,135,0.275,0.3,6,3,11,3,heldout
pad,0,136,0.275,0.3,6,3,7,3,heldout
pad,0,138,0.275,0.3,8,6,10,6,heldout
pad,0,6,0.275,0.5,1,0,10,0,heldout
pad,0,12,0.275,0.5,6,2,11,2,heldout
pad,0,22,0.275,0.5,2,0,4,0,heldout
pad,0,24,0.275,0.5,5,2,5,2,heldout
pad,0,48,0.275,0.5,9,3,11,3,heldout
pad,0,73,0.275,0.5,10,0,5,0,heldout
pad,0,83,0.275,0.5,6,0,13,0,heldout
pad,0,84,0.275,0.5,7,2,10,2,heldout
pad,0,87,0.275,0.5,5,0,9,0,heldout
pad,0,89,0.275,0.5,5,1,8,1,heldout
pad,0,90,0.275,0.5,6,0,6,0,heldout
pad,0,94,0.275,0.5,3,0,9,0,heldout
pad,0,95,0.275,0.5,9,1,11,1,heldout
pad,0,105,0.275,0.5,8,3,13,3,heldout
pad,0,115,0.275,0.5,3,1,9,1,heldout
pad,0,118,0.275,0.5,6,1,5,1,heldout
pad,0,126,0.275,0.5,2,1,11,1,heldout
pad,0,127,0.275,0.5,3,2,6,2,heldout
pad,0,130,0.275,0.5,4,0,7,0,heldout
pad,0,131,0.275,0.5,4,1,12,1,heldout
pad,0,132,0.275,0.5,6,3,9,3,heldout
pad,0,135,0.275,0.5,6,2,11,2,heldout
pad,0,136,0.275,0.5,6,1,7,1,heldout
pad,0,138,0.275,0.5,8,2,10,2,heldout
pad,0,-1,0.3,0.3,96,63,191,63,val
pad,0,-1,0.3,0.5,96,33,191,33,val
pad,0,6,0.3,0.3,1,0,8,0,heldout
pad,0,12,0.3,0.3,6,3,10,3,heldout
pad,0,22,0.3,0.3,2,0,3,0,heldout
pad,0,24,0.3,0.3,5,2,6,2,heldout
pad,0,48,0.3,0.3,9,9,13,9,heldout
pad,0,73,0.3,0.3,10,4,8,4,heldout
pad,0,83,0.3,0.3,6,4,13,4,heldout
pad,0,84,0.3,0.3,7,5,12,5,heldout
pad,0,87,0.3,0.3,5,3,8,3,heldout
pad,0,89,0.3,0.3,5,3,7,3,heldout
pad,0,90,0.3,0.3,6,2,6,2,heldout
pad,0,94,0.3,0.3,3,0,11,0,heldout
pad,0,95,0.3,0.3,9,3,10,3,heldout
pad,0,105,0.3,0.3,8,6,12,6,heldout
pad,0,115,0.3,0.3,3,1,9,1,heldout
pad,0,118,0.3,0.3,6,3,5,3,heldout
pad,0,126,0.3,0.3,2,2,8,2,heldout
pad,0,127,0.3,0.3,3,2,7,2,heldout
pad,0,130,0.3,0.3,4,2,7,3,heldout
pad,0,131,0.3,0.3,4,2,12,1,heldout
pad,0,132,0.3,0.3,6,3,7,3,heldout
pad,0,135,0.3,0.3,6,3,11,3,heldout
pad,0,136,0.3,0.3,6,3,6,3,heldout
pad,0,138,0.3,0.3,8,8,14,8,heldout
pad,0,6,0.3,0.5,1,0,8,0,heldout
pad,0,12,0.3,0.5,6,2,10,2,heldout
pad,0,22,0.3,0.5,2,0,3,0,heldout
pad,0,24,0.3,0.5,5,2,6,2,heldout
pad,0,48,0.3,0.5,9,5,13,5,heldout
pad,0,73,0.3,0.5,10,0,8,0,heldout
pad,0,83,0.3,0.5,6,0,13,0,heldout
pad,0,84,0.3,0.5,7,2,12,2,heldout
pad,0,87,0.3,0.5,5,0,8,0,heldout
pad,0,89,0.3,0.5,5,1,7,1,heldout
pad,0,90,0.3,0.5,6,0,6,0,heldout
pad,0,94,0.3,0.5,3,0,11,0,heldout
pad,0,95,0.3,0.5,9,1,10,1,heldout
pad,0,105,0.3,0.5,8,3,12,3,heldout
pad,0,115,0.3,0.5,3,1,9,1,heldout
pad,0,118,0.3,0.5,6,1,5,1,heldout
pad,0,126,0.3,0.5,2,1,8,1,heldout
pad,0,127,0.3,0.5,3,2,7,2,heldout
pad,0,130,0.3,0.5,4,0,7,0,heldout
pad,0,131,0.3,0.5,4,1,12,1,heldout
pad,0,132,0.3,0.5,6,2,7,2,heldout
pad,0,135,0.3,0.5,6,2,11,2,heldout
pad,0,136,0.3,0.5,6,1,6,1,heldout
pad,0,138,0.3,0.5,8,3,14,3,heldout
pad,0,-1,0.325,0.3,96,71,186,71,val
pad,0,-1,0.325,0.5,96,40,186,40,val
pad,0,6,0.325,0.3,1,0,6,0,heldout
pad,0,12,0.325,0.3,6,4,10,4,heldout
pad,0,22,0.325,0.3,2,1,4,1,heldout
pad,0,24,0.325,0.3,5,2,8,2,heldout
pad,0,48,0.325,0.3,9,9,12,9,heldout
pad,0,73,0.325,0.3,10,5,8,5,heldout
pad,0,83,0.325,0.3,6,5,14,5,heldout
pad,0,84,0.325,0.3,7,5,12,5,heldout
pad,0,87,0.325,0.3,5,5,8,5,heldout
pad,0,89,0.325,0.3,5,5,7,5,heldout
pad,0,90,0.325,0.3,6,2,6,2,heldout
pad,0,94,0.325,0.3,3,0,11,0,heldout
pad,0,95,0.325,0.3,9,4,12,4,heldout
pad,0,105,0.325,0.3,8,7,13,7,heldout
pad,0,115,0.325,0.3,3,1,8,1,heldout
pad,0,118,0.325,0.3,6,4,7,4,heldout
pad,0,126,0.325,0.3,2,2,7,2,heldout
pad,0,127,0.325,0.3,3,2,7,2,heldout
pad,0,130,0.325,0.3,4,2,7,3,heldout
pad,0,131,0.325,0.3,4,2,13,1,heldout
pad,0,132,0.325,0.3,6,5,10,5,heldout
pad,0,135,0.325,0.3,6,3,11,3,heldout
pad,0,136,0.325,0.3,6,4,7,4,heldout
pad,0,138,0.325,0.3,8,8,12,8,heldout
pad,0,6,0.325,0.5,1,0,6,0,heldout
pad,0,12,0.325,0.5,6,4,10,4,heldout
pad,0,22,0.325,0.5,2,0,4,0,heldout
pad,0,24,0.325,0.5,5,2,8,2,heldout
pad,0,48,0.325,0.5,9,5,12,5,heldout
pad,0,73,0.325,0.5,10,2,8,2,heldout
pad,0,83,0.325,0.5,6,2,14,2,heldout
pad,0,84,0.325,0.5,7,2,12,2,heldout
pad,0,87,0.325,0.5,5,0,8,0,heldout
pad,0,89,0.325,0.5,5,1,7,1,heldout
pad,0,90,0.325,0.5,6,0,6,0,heldout
pad,0,94,0.325,0.5,3,0,11,0,heldout
pad,0,95,0.325,0.5,9,2,12,2,heldout
pad,0,105,0.325,0.5,8,3,13,3,heldout
pad,0,115,0.325,0.5,3,1,8,1,heldout
pad,0,118,0.325,0.5,6,2,7,2,heldout
pad,0,126,0.325,0.5,2,1,7,1,heldout
pad,0,127,0.325,0.5,3,2,7,2,heldout
pad,0,130,0.325,0.5,4,0,7,0,heldout
pad,0,131,0.325,0.5,4,1,13,1,heldout
pad,0,132,0.325,0.5,6,4,10,4,heldout
pad,0,135,0.325,0.5,6,2,11,2,heldout
pad,0,136,0.325,0.5,6,1,7,1,heldout
pad,0,138,0.325,0.5,8,5,12,5,heldout
pad,0,-1,0.35,0.3,96,76,189,76,val
pad,0,-1,0.35,0.5,96,44,189,44,val
pad,0,6,0.35,0.3,1,0,4,0,heldout
pad,0,12,0.35,0.3,6,4,9,4,heldout
pad,0,22,0.35,0.3,2,1,4,1,heldout
pad,0,24,0.35,0.3,5,2,10,2,heldout
pad,0,48,0.35,0.3,9,9,12,9,heldout
pad,0,73,0.35,0.3,10,7,10,7,heldout
pad,0,83,0.35,0.3,6,5,12,5,heldout
pad,0,84,0.35,0.3,7,5,13,5,heldout
pad,0,87,0.35,0.3,5,5,9,5,heldout
pad,0,89,0.35,0.3,5,5,7,5,heldout
pad,0,90,0.35,0.3,6,3,6,3,heldout
pad,0,94,0.35,0.3,3,1,10,1,heldout
pad,0,95,0.35,0.3,9,6,12,6,heldout
pad,0,105,0.35,0.3,8,7,13,7,heldout
pad,0,115,0.35,0.3,3,2,7,2,heldout
pad,0,118,0.35,0.3,6,4,7,4,heldout
pad,0,126,0.35,0.3,2,2,5,2,heldout
pad,0,127,0.35,0.3,3,2,9,2,heldout
pad,0,130,0.35,0.3,4,2,6,3,heldout
pad,0,131,0.35,0.3,4,2,12,1,heldout
pad,0,132,0.35,0.3,6,4,10,4,heldout
pad,0,135,0.35,0.3,6,3,10,3,heldout
pad,0,136,0.35,0.3,6,4,7,4,heldout
pad,0,138,0.35,0.3,8,8,13,8,heldout
pad,0,6,0.35,0.5,1,0,4,0,heldout
pad,0,12,0.35,0.5,6,4,9,4,heldout
pad,0,22,0.35,0.5,2,0,4,0,heldout
pad,0,24,0.35,0.5,5,2,10,2,heldout
pad,0,48,0.35,0.5,9,7,12,7,heldout
pad,0,73,0.35,0.5,10,2,10,2,heldout
pad,0,83,0.35,0.5,6,3,12,3,heldout
pad,0,84,0.35,0.5,7,3,13,3,heldout
pad,0,87,0.35,0.5,5,2,9,2,heldout
pad,0,89,0.35,0.5,5,1,7,1,heldout
pad,0,90,0.35,0.5,6,1,6,1,heldout
pad,0,94,0.35,0.5,3,0,10,0,heldout
pad,0,95,0.35,0.5,9,3,12,3,heldout
pad,0,105,0.35,0.5,8,4,13,4,heldout
pad,0,115,0.35,0.5,3,2,7,2,heldout
pad,0,118,0.35,0.5,6,2,7,2,heldout
pad,0,126,0.35,0.5,2,1,5,1,heldout
pad,0,127,0.35,0.5,3,2,9,2,heldout
pad,0,130,0.35,0.5,4,0,6,0,heldout
pad,0,131,0.35,0.5,4,1,12,1,heldout
pad,0,132,0.35,0.5,6,4,10,4,heldout
pad,0,135,0.35,0.5,6,2,10,2,heldout
pad,0,136,0.35,0.5,6,2,7,2,heldout
pad,0,138,0.35,0.5,8,5,13,5,heldout
pad,0,-1,0.375,0.3,96,76,176,76,val
pad,0,-1,0.375,0.5,96,47,176,47,val
pad,0,6,0.375,0.3,1,0,4,0,heldout
pad,0,12,0.375,0.3,6,4,11,4,heldout
pad,0,22,0.375,0.3,2,1,4,1,heldout
pad,0,24,0.375,0.3,5,3,11,3,heldout
pad,0,48,0.375,0.3,9,9,12,9,heldout
pad,0,73,0.375,0.3,10,8,11,8,heldout
pad,0,83,0.375,0.3,6,5,13,5,heldout
pad,0,84,0.375,0.3,7,7,11,7,heldout
pad,0,87,0.375,0.3,5,5,9,5,heldout
pad,0,89,0.375,0.3,5,5,7,5,heldout
pad,0,90,0.375,0.3,6,3,6,3,heldout
pad,0,94,0.375,0.3,3,1,10,1,heldout
pad,0,95,0.375,0.3,9,6,12,6,heldout
pad,0,105,0.375,0.3,8,7,11,7,heldout
pad,0,115,0.375,0.3,3,2,7,2,heldout
pad,0,118,0.375,0.3,6,4,6,4,heldout
pad,0,126,0.375,0.3,2,2,5,2,heldout
pad,0,127,0.375,0.3,3,2,8,2,heldout
pad,0,130,0.375,0.3,4,2,6,3,heldout
pad,0,131,0.375,0.3,4,2,10,1,heldout
pad,0,132,0.375,0.3,6,4,8,4,heldout
pad,0,135,0.375,0.3,6,6,13,6,heldout
pad,0,136,0.375,0.3,6,4,8,4,heldout
pad,0,138,0.375,0.3,8,8,12,8,heldout
pad,0,6,0.375,0.5,1,0,4,0,heldout
pad,0,12,0.375,0.5,6,4,11,4,heldout
pad,0,22,0.375,0.5,2,0,4,0,heldout
pad,0,24,0.375,0.5,5,3,11,3,heldout
pad,0,48,0.375,0.5,9,7,12,7,heldout
pad,0,73,0.375,0.5,10,3,11,3,heldout
pad,0,83,0.375,0.5,6,3,13,3,heldout
pad,0,84,0.375,0.5,7,4,11,4,heldout
pad,0,87,0.375,0.5,5,2,9,2,heldout
pad,0,89,0.375,0.5,5,1,7,1,heldout
pad,0,90,0.375,0.5,6,1,6,1,heldout
pad,0,94,0.375,0.5,3,0,10,0,heldout
pad,0,95,0.375,0.5,9,3,12,3,heldout
pad,0,105,0.375,0.5,8,4,11,4,heldout
pad,0,115,0.375,0.5,3,2,7,2,heldout
pad,0,118,0.375,0.5,6,2,6,2,heldout
pad,0,126,0.375,0.5,2,1,5,1,heldout
pad,0,127,0.375,0.5,3,2,8,2,heldout
pad,0,130,0.375,0.5,4,1,6,1,heldout
pad,0,131,0.375,0.5,4,1,10,1,heldout
pad,0,132,0.375,0.5,6,4,8,4,heldout
pad,0,135,0.375,0.5,6,4,13,4,heldout
pad,0,136,0.375,0.5,6,2,8,2,heldout
pad,0,138,0.375,0.5,8,5,12,5,heldout
pad,0,-1,0.4,0.3,96,82,175,82,val
pad,0,-1,0.4,0.5,96,49,175,49,val
pad,0,6,0.4,0.3,1,1,3,1,heldout
pad,0,12,0.4,0.3,6,4,12,4,heldout
pad,0,22,0.4,0.3,2,1,3,1,heldout
pad,0,24,0.4,0.3,5,3,11,3,heldout
pad,0,48,0.4,0.3,9,9,12,9,heldout
pad,0,73,0.4,0.3,10,9,14,9,heldout
pad,0,83,0.4,0.3,6,5,11,5,heldout
pad,0,84,0.4,0.3,7,7,8,7,heldout
pad,0,87,0.4,0.3,5,5,8,5,heldout
pad,0,89,0.4,0.3,5,5,8,5,heldout
pad,0,90,0.4,0.3,6,3,6,3,heldout
pad,0,94,0.4,0.3,3,1,11,1,heldout
pad,0,95,0.4,0.3,9,6,10,6,heldout
pad,0,105,0.4,0.3,8,7,10,7,heldout
pad,0,115,0.4,0.3,3,2,7,2,heldout
pad,0,118,0.4,0.3,6,4,5,4,heldout
pad,0,126,0.4,0.3,2,2,5,2,heldout
pad,0,127,0.4,0.3,3,2,7,2,heldout
pad,0,130,0.4,0.3,4,2,6,3,heldout
pad,0,131,0.4,0.3,4,2,10,1,heldout
pad,0,132,0.4,0.3,6,4,8,4,heldout
pad,0,135,0.4,0.3,6,6,11,6,heldout
pad,0,136,0.4,0.3,6,5,7,5,heldout
pad,0,138,0.4,0.3,8,8,12,8,heldout
pad,0,6,0.4,0.5,1,0,3,0,heldout
pad,0,12,0.4,0.5,6,4,12,4,heldout
pad,0,22,0.4,0.5,2,1,3,1,heldout
pad,0,24,0.4,0.5,5,3,11,3,heldout
pad,0,48,0.4,0.5,9,7,12,7,heldout
pad,0,73,0.4,0.5,10,7,14,7,heldout
pad,0,83,0.4,0.5,6,3,11,3,heldout
pad,0,84,0.4,0.5,7,4,8,4,heldout
pad,0,87,0.4,0.5,5,4,8,4,heldout
pad,0,89,0.4,0.5,5,2,8,2,heldout
pad,0,90,0.4,0.5,6,1,6,1,heldout
pad,0,94,0.4,0.5,3,0,11,0,heldout
pad,0,95,0.4,0.5,9,3,10,3,heldout
pad,0,105,0.4,0.5,8,5,10,5,heldout
pad,0,115,0.4,0.5,3,2,7,2,heldout
pad,0,118,0.4,0.5,6,2,5,2,heldout
pad,0,126,0.4,0.5,2,1,5,1,heldout
pad,0,127,0.4,0.5,3,2,7,2,heldout
pad,0,130,0.4,0.5,4,2,6,2,heldout
pad,0,131,0.4,0.5,4,1,10,1,heldout
pad,0,132,0.4,0.5,6,4,8,4,heldout
pad,0,135,0.4,0.5,6,4,11,4,heldout
pad,0,136,0.4,0.5,6,4,7,4,heldout
pad,0,138,0.4,0.5,8,5,12,5,heldout
pad,0,-1,0.425,0.3,96,81,169,81,val
pad,0,-1,0.425,0.5,96,55,169,55,val
pad,0,6,0.425,0.3,1,1,1,1,heldout
pad,0,12,0.425,0.3,6,4,12,4,heldout
pad,0,22,0.425,0.3,2,1,3,1,heldout
pad,0,24,0.425,0.3,5,4,10,4,heldout
pad,0,48,0.425,0.3,9,9,11,9,heldout
pad,0,73,0.425,0.3,10,9,14,9,heldout
pad,0,83,0.425,0.3,6,6,11,6,heldout
pad,0,84,0.425,0.3,7,7,8,7,heldout
pad,0,87,0.425,0.3,5,5,7,5,heldout
pad,0,89,0.425,0.3,5,5,8,5,heldout
pad,0,90,0.425,0.3,6,3,6,3,heldout
pad,0,94,0.425,0.3,3,1,8,1,heldout
pad,0,95,0.425,0.3,9,6,9,6,heldout
pad,0,105,0.425,0.3,8,7,10,7,heldout
pad,0,115,0.425,0.3,3,2,7,2,heldout
pad,0,118,0.425,0.3,6,4,7,4,heldout
pad,0,126,0.425,0.3,2,2,5,2,heldout
pad,0,127,0.425,0.3,3,2,8,2,heldout
pad,0,130,0.425,0.3,4,2,6,3,heldout
pad,0,131,0.425,0.3,4,3,10,2,heldout
pad,0,132,0.425,0.3,6,4,7,4,heldout
pad,0,135,0.425,0.3,6,6,10,6,heldout
pad,0,136,0.425,0.3,6,5,7,5,heldout
pad,0,138,0.425,0.3,8,8,12,8,heldout
pad,0,6,0.425,0.5,1,0,1,0,heldout
pad,0,12,0.425,0.5,6,4,12,4,heldout
pad,0,22,0.425,0.5,2,1,3,1,heldout
pad,0,24,0.425,0.5,5,3,10,3,heldout
pad,0,48,0.425,0.5,9,8,11,8,heldout
pad,0,73,0.425,0.5,10,7,14,7,heldout
pad,0,83,0.425,0.5,6,3,11,3,heldout
pad,0,84,0.425,0.5,7,5,8,5,heldout
pad,0,87,0.425,0.5,5,5,7,5,heldout
pad,0,89,0.425,0.5,5,2,8,2,heldout
pad,0,90,0.425,0.5,6,1,6,1,heldout
pad,0,94,0.425,0.5,3,0,8,0,heldout
pad,0,95,0.425,0.5,9,4,9,4,heldout
pad,0,105,0.425,0.5,8,5,10,5,heldout
pad,0,115,0.425,0.5,3,2,7,2,heldout
pad,0,118,0.425,0.5,6,4,7,4,heldout
pad,0,126,0.425,0.5,2,1,5,1,heldout
pad,0,127,0.425,0.5,3,2,8,2,heldout
pad,0,130,0.425,0.5,4,2,6,2,heldout
pad,0,131,0.425,0.5,4,1,10,1,heldout
pad,0,132,0.425,0.5,6,4,7,4,heldout
pad,0,135,0.425,0.5,6,4,10,4,heldout
pad,0,136,0.425,0.5,6,4,7,4,heldout
pad,0,138,0.425,0.5,8,5,12,5,heldout
pad,0,-1,0.45,0.3,96,84,163,84,val
pad,0,-1,0.45,0.5,96,59,163,59,val
pad,0,6,0.45,0.3,1,1,1,1,heldout
pad,0,12,0.45,0.3,6,4,12,4,heldout
pad,0,22,0.45,0.3,2,1,3,1,heldout
pad,0,24,0.45,0.3,5,4,12,4,heldout
pad,0,48,0.45,0.3,9,9,11,9,heldout
pad,0,73,0.45,0.3,10,9,13,9,heldout
pad,0,83,0.45,0.3,6,6,11,6,heldout
pad,0,84,0.45,0.3,7,7,8,7,heldout
pad,0,87,0.45,0.3,5,5,6,5,heldout
pad,0,89,0.45,0.3,5,5,8,5,heldout
pad,0,90,0.45,0.3,6,3,6,3,heldout
pad,0,94,0.45,0.3,3,1,8,1,heldout
pad,0,95,0.45,0.3,9,8,11,8,heldout
pad,0,105,0.45,0.3,8,7,10,7,heldout
pad,0,115,0.45,0.3,3,2,7,2,heldout
pad,0,118,0.45,0.3,6,4,7,4,heldout
pad,0,126,0.45,0.3,2,2,6,2,heldout
pad,0,127,0.45,0.3,3,2,6,2,heldout
pad,0,130,0.45,0.3,4,4,7,5,heldout
pad,0,131,0.45,0.3,4,3,10,2,heldout
pad,0,132,0.45,0.3,6,4,6,4,heldout
pad,0,135,0.45,0.3,6,6,9,6,heldout
pad,0,136,0.45,0.3,6,6,9,6,heldout
pad,0,138,0.45,0.3,8,8,11,8,heldout
pad,0,6,0.45,0.5,1,1,1,1,heldout
pad,0,12,0.45,0.5,6,4,12,4,heldout
pad,0,22,0.45,0.5,2,1,3,1,heldout
pad,0,24,0.45,0.5,5,3,12,3,heldout
pad,0,48,0.45,0.5,9,9,11,9,heldout
pad,0,73,0.45,0.5,10,7,13,7,heldout
pad,0,83,0.45,0.5,6,4,11,4,heldout
pad,0,84,0.45,0.5,7,5,8,5,heldout
pad,0,87,0.45,0.5,5,5,6,5,heldout
pad,0,89,0.45,0.5,5,3,8,3,heldout
pad,0,90,0.45,0.5,6,2,6,2,heldout
pad,0,94,0.45,0.5,3,0,8,0,heldout
pad,0,95,0.45,0.5,9,6,11,6,heldout
pad,0,105,0.45,0.5,8,4,10,4,heldout
pad,0,115,0.45,0.5,3,2,7,2,heldout
pad,0,118,0.45,0.5,6,4,7,4,heldout
pad,0,126,0.45,0.5,2,2,6,2,heldout
pad,0,127,0.45,0.5,3,2,6,2,heldout
pad,0,130,0.45,0.5,4,3,7,3,heldout
pad,0,131,0.45,0.5,4,2,10,2,heldout
pad,0,132,0.45,0.5,6,4,6,4,heldout
pad,0,135,0.45,0.5,6,4,9,4,heldout
pad,0,136,0.45,0.5,6,5,9,5,heldout
pad,0,138,0.45,0.5,8,5,11,5,heldout
pad,0,-1,0.475,0.3,96,86,158,86,val
pad,0,-1,0.475,0.5,96,64,158,64,val
pad,0,6,0.475,0.3,1,1,1,1,heldout
pad,0,12,0.475,0.3,6,5,12,5,heldout
pad,0,22,0.475,0.3,2,1,2,1,heldout
pad,0,24,0.475,0.3,5,4,12,4,heldout
pad,0,48,0.475,0.3,9,9,11,9,heldout
pad,0,73,0.475,0.3,10,9,12,9,heldout
pad,0,83,0.475,0.3,6,6,11,6,heldout
pad,0,84,0.475,0.3,7,7,8,7,heldout
pad,0,87,0.475,0.3,5,5,6,5,heldout
pad,0,89,0.475,0.3,5,5,7,5,heldout
pad,0,90,0.475,0.3,6,3,6,3,heldout
pad,0,94,0.475,0.3,3,2,8,2,heldout
pad,0,95,0.475,0.3,9,8,11,8,heldout
pad,0,105,0.475,0.3,8,8,10,8,heldout
pad,0,115,0.475,0.3,3,3,7,2,heldout
pad,0,118,0.475,0.3,6,6,8,6,heldout
pad,0,126,0.475,0.3,2,2,6,2,heldout
pad,0,127,0.475,0.3,3,2,6,3,heldout
pad,0,130,0.475,0.3,4,4,7,5,heldout
pad,0,131,0.475,0.3,4,4,10,3,heldout
pad,0,132,0.475,0.3,6,4,6,4,heldout
pad,0,135,0.475,0.3,6,6,9,6,heldout
pad,0,136,0.475,0.3,6,6,9,6,heldout
pad,0,138,0.475,0.3,8,8,12,8,heldout
pad,0,6,0.475,0.5,1,1,1,1,heldout
pad,0,12,0.475,0.5,6,5,12,5,heldout
pad,0,22,0.475,0.5,2,1,2,1,heldout
pad,0,24,0.475,0.5,5,4,12,4,heldout
pad,0,48,0.475,0.5,9,9,11,9,heldout
pad,0,73,0.475,0.5,10,7,12,7,heldout
pad,0,83,0.475,0.5,6,4,11,4,heldout
pad,0,84,0.475,0.5,7,5,8,5,heldout
pad,0,87,0.475,0.5,5,5,6,5,heldout
pad,0,89,0.475,0.5,5,3,7,3,heldout
pad,0,90,0.475,0.5,6,2,6,2,heldout
pad,0,94,0.475,0.5,3,0,8,0,heldout
pad,0,95,0.475,0.5,9,6,11,6,heldout
pad,0,105,0.475,0.5,8,4,10,4,heldout
pad,0,115,0.475,0.5,3,2,7,2,heldout
pad,0,118,0.475,0.5,6,6,8,6,heldout
pad,0,126,0.475,0.5,2,2,6,2,heldout
pad,0,127,0.475,0.5,3,2,6,2,heldout
pad,0,130,0.475,0.5,4,4,7,4,heldout
pad,0,131,0.475,0.5,4,3,10,3,heldout
pad,0,132,0.475,0.5,6,4,6,4,heldout
pad,0,135,0.475,0.5,6,4,9,4,heldout
pad,0,136,0.475,0.5,6,5,9,5,heldout
pad,0,138,0.475,0.5,8,7,12,7,heldout
pad,0,-1,0.5,0.3,96,88,150,88,val
pad,0,-1,0.5,0.5,96,67,150,67,val
pad,0,6,0.5,0.3,1,1,1,1,heldout
pad,0,12,0.5,0.3,6,5,12,5,heldout
pad,0,22,0.5,0.3,2,1,2,1,heldout
pad,0,24,0.5,0.3,5,4,12,4,heldout
pad,0,48,0.5,0.3,9,9,10,9,heldout
pad,0,73,0.5,0.3,10,9,10,9,heldout
pad,0,83,0.5,0.3,6,6,11,6,heldout
pad,0,84,0.5,0.3,7,7,9,7,heldout
pad,0,87,0.5,0.3,5,5,6,5,heldout
pad,0,89,0.5,0.3,5,5,7,5,heldout
pad,0,90,0.5,0.3,6,6,8,6,heldout
pad,0,94,0.5,0.3,3,2,6,2,heldout
pad,0,95,0.5,0.3,9,8,11,8,heldout
pad,0,105,0.5,0.3,8,7,10,7,heldout
pad,0,115,0.5,0.3,3,3,7,2,heldout
pad,0,118,0.5,0.3,6,6,7,6,heldout
pad,0,126,0.5,0.3,2,2,6,2,heldout
pad,0,127,0.5,0.3,3,3,5,4,heldout
pad,0,130,0.5,0.3,4,4,7,5,heldout
pad,0,131,0.5,0.3,4,4,10,3,heldout
pad,0,132,0.5,0.3,6,4,5,4,heldout
pad,0,135,0.5,0.3,6,6,9,6,heldout
pad,0,136,0.5,0.3,6,6,9,6,heldout
pad,0,138,0.5,0.3,8,8,12,8,heldout
pad,0,6,0.5,0.5,1,1,1,1,heldout
pad,0,12,0.5,0.5,6,5,12,5,heldout
pad,0,22,0.5,0.5,2,1,2,1,heldout
pad,0,24,0.5,0.5,5,4,12,4,heldout
pad,0,48,0.5,0.5,9,9,10,9,heldout
pad,0,73,0.5,0.5,10,7,10,7,heldout
pad,0,83,0.5,0.5,6,4,11,4,heldout
pad,0,84,0.5,0.5,7,5,9,5,heldout
pad,0,87,0.5,0.5,5,5,6,5,heldout
pad,0,89,0.5,0.5,5,4,7,4,heldout
pad,0,90,0.5,0.5,6,5,8,5,heldout
pad,0,94,0.5,0.5,3,0,6,0,heldout
pad,0,95,0.5,0.5,9,6,11,6,heldout
pad,0,105,0.5,0.5,8,4,10,4,heldout
pad,0,115,0.5,0.5,3,2,7,2,heldout
pad,0,118,0.5,0.5,6,6,7,6,heldout
pad,0,126,0.5,0.5,2,2,6,2,heldout
pad,0,127,0.5,0.5,3,2,5,2,heldout
pad,0,130,0.5,0.5,4,4,7,4,heldout
pad,0,131,0.5,0.5,4,3,10,3,heldout
pad,0,132,0.5,0.5,6,4,5,4,heldout
pad,0,135,0.5,0.5,6,4,9,4,heldout
pad,0,136,0.5,0.5,6,5,9,5,heldout
pad,0,138,0.5,0.5,8,8,12,8,heldout
pad,0,-1,0.525,0.3,96,89,142,89,val
pad,0,-1,0.525,0.5,96,70,142,70,val
pad,0,6,0.525,0.3,1,1,1,1,heldout
pad,0,12,0.525,0.3,6,5,14,5,heldout
pad,0,22,0.525,0.3,2,1,2,1,heldout
pad,0,24,0.525,0.3,5,5,12,5,heldout
pad,0,48,0.525,0.3,9,9,10,9,heldout
pad,0,73,0.525,0.3,10,9,10,9,heldout
pad,0,83,0.525,0.3,6,5,11,5,heldout
pad,0,84,0.525,0.3,7,7,9,7,heldout
pad,0,87,0.525,0.3,5,5,6,5,heldout
pad,0,89,0.525,0.3,5,5,7,5,heldout
pad,0,90,0.525,0.3,6,6,8,6,heldout
pad,0,94,0.525,0.3,3,3,6,3,heldout
pad,0,95,0.525,0.3,9,8,9,8,heldout
pad,0,105,0.525,0.3,8,7,10,7,heldout
pad,0,115,0.525,0.3,3,3,6,2,heldout
pad,0,118,0.525,0.3,6,6,7,6,heldout
pad,0,126,0.525,0.3,2,2,5,2,heldout
pad,0,127,0.525,0.3,3,3,5,4,heldout
pad,0,130,0.525,0.3,4,4,7,5,heldout
pad,0,131,0.525,0.3,4,4,11,3,heldout
pad,0,132,0.525,0.3,6,4,5,4,heldout
pad,0,135,0.525,0.3,6,6,9,6,heldout
pad,0,136,0.525,0.3,6,6,10,6,heldout
pad,0,138,0.525,0.3,8,8,11,8,heldout
pad,0,6,0.525,0.5,1,1,1,1,heldout
pad,0,12,0.525,0.5,6,5,14,5,heldout
pad,0,22,0.525,0.5,2,1,2,1,heldout
pad,0,24,0.525,0.5,5,5,12,5,heldout
pad,0,48,0.525,0.5,9,9,10,9,heldout
pad,0,73,0.525,0.5,10,5,10,5,heldout
pad,0,83,0.525,0.5,6,4,11,4,heldout
pad,0,84,0.525,0.5,7,6,9,6,heldout
pad,0,87,0.525,0.5,5,5,6,5,heldout
pad,0,89,0.525,0.5,5,4,7,4,heldout
pad,0,90,0.525,0.5,6,6,8,6,heldout
pad,0,94,0.525,0.5,3,2,6,2,heldout
pad,0,95,0.525,0.5,9,7,9,7,heldout
pad,0,105,0.525,0.5,8,4,10,4,heldout
pad,0,115,0.525,0.5,3,2,6,2,heldout
pad,0,118,0.525,0.5,6,6,7,6,heldout
pad,0,126,0.525,0.5,2,2,5,2,heldout
pad,0,127,0.525,0.5,3,2,5,2,heldout
pad,0,130,0.525,0.5,4,4,7,4,heldout
pad,0,131,0.525,0.5,4,3,11,3,heldout
pad,0,132,0.525,0.5,6,3,5,3,heldout
pad,0,135,0.525,0.5,6,4,9,4,heldout
pad,0,136,0.525,0.5,6,5,10,5,heldout
pad,0,138,0.525,0.5,8,7,11,7,heldout
pad,0,-1,0.55,0.3,96,89,141,89,val
pad,0,-1,0.55,0.5,96,78,141,78,val
pad,0,6,0.55,0.3,1,1,1,1,heldout
pad,0,12,0.55,0.3,6,5,14,5,heldout
pad,0,22,0.55,0.3,2,1,2,1,heldout
pad,0,24,0.55,0.3,5,5,11,5,heldout
pad,0,48,0.55,0.3,9,9,10,9,heldout
pad,0,73,0.55,0.3,10,9,10,9,heldout
pad,0,83,0.55,0.3,6,5,10,5,heldout
pad,0,84,0.55,0.3,7,7,7,7,heldout
pad,0,87,0.55,0.3,5,5,6,5,heldout
pad,0,89,0.55,0.3,5,5,7,5,heldout
pad,0,90,0.55,0.3,6,6,8,6,heldout
pad,0,94,0.55,0.3,3,3,5,3,heldout
pad,0,95,0.55,0.3,9,8,9,8,heldout
pad,0,105,0.55,0.3,8,7,8,7,heldout
pad,0,115,0.55,0.3,3,3,6,2,heldout
pad,0,118,0.55,0.3,6,6,7,6,heldout
pad,0,126,0.55,0.3,2,2,5,2,heldout
pad,0,127,0.55,0.3,3,3,5,4,heldout
pad,0,130,0.55,0.3,4,4,6,5,heldout
pad,0,131,0.55,0.3,4,4,10,3,heldout
pad,0,132,0.55,0.3,6,3,5,3,heldout
pad,0,135,0.55,0.3,6,6,9,6,heldout
pad,0,136,0.55,0.3,6,6,8,6,heldout
pad,0,138,0.55,0.3,8,8,10,8,heldout
pad,0,6,0.55,0.5,1,1,1,1,heldout
pad,0,12,0.55,0.5,6,5,14,5,heldout
pad,0,22,0.55,0.5,2,1,2,1,heldout
pad,0,24,0.55,0.5,5,5,11,5,heldout
pad,0,48,0.55,0.5,9,9,10,9,heldout
pad,0,73,0.55,0.5,10,5,10,5,heldout
pad,0,83,0.55,0.5,6,4,10,4,heldout
pad,0,84,0.55,0.5,7,6,7,6,heldout
pad,0,87,0.55,0.5,5,5,6,5,heldout
pad,0,89,0.55,0.5,5,4,7,4,heldout
pad,0,90,0.55,0.5,6,6,8,6,heldout
pad,0,94,0.55,0.5,3,3,5,3,heldout
pad,0,95,0.55,0.5,9,7,9,7,heldout
pad,0,105,0.55,0.5,8,4,8,4,heldout
pad,0,115,0.55,0.5,3,2,6,2,heldout
pad,0,118,0.55,0.5,6,6,7,6,heldout
pad,0,126,0.55,0.5,2,2,5,2,heldout
pad,0,127,0.55,0.5,3,1,5,1,heldout
pad,0,130,0.55,0.5,4,4,6,5,heldout
pad,0,131,0.55,0.5,4,4,10,3,heldout
pad,0,132,0.55,0.5,6,2,5,2,heldout
pad,0,135,0.55,0.5,6,5,9,5,heldout
pad,0,136,0.55,0.5,6,5,8,5,heldout
pad,0,138,0.55,0.5,8,7,10,7,heldout
pad,0,-1,0.575,0.3,96,88,132,88,val
pad,0,-1,0.575,0.5,96,80,132,80,val
pad,0,6,0.575,0.3,1,1,1,1,heldout
pad,0,12,0.575,0.3,6,5,13,5,heldout
pad,0,22,0.575,0.3,2,1,2,1,heldout
pad,0,24,0.575,0.3,5,5,11,5,heldout
pad,0,48,0.575,0.3,9,9,10,9,heldout
pad,0,73,0.575,0.3,10,8,10,8,heldout
pad,0,83,0.575,0.3,6,5,10,5,heldout
pad,0,84,0.575,0.3,7,7,7,7,heldout
pad,0,87,0.575,0.3,5,5,6,5,heldout
pad,0,89,0.575,0.3,5,5,7,5,heldout
pad,0,90,0.575,0.3,6,6,9,6,heldout
pad,0,94,0.575,0.3,3,3,4,3,heldout
pad,0,95,0.575,0.3,9,9,10,9,heldout
pad,0,105,0.575,0.3,8,7,8,7,heldout
pad,0,115,0.575,0.3,3,3,7,3,heldout
pad,0,118,0.575,0.3,6,6,6,6,heldout
pad,0,126,0.575,0.3,2,2,5,2,heldout
pad,0,127,0.575,0.3,3,3,5,3,heldout
pad,0,130,0.575,0.3,4,4,6,5,heldout
pad,0,131,0.575,0.3,4,4,10,3,heldout
pad,0,132,0.575,0.3,6,3,5,3,heldout
pad,0,135,0.575,0.3,6,6,9,6,heldout
pad,0,136,0.575,0.3,6,6,8,6,heldout
pad,0,138,0.575,0.3,8,8,9,8,heldout
pad,0,6,0.575,0.5,1,1,1,1,heldout
pad,0,12,0.575,0.5,6,5,13,5,heldout
pad,0,22,0.575,0.5,2,0,2,0,heldout
pad,0,24,0.575,0.5,5,5,11,5,heldout
pad,0,48,0.575,0.5,9,9,10,9,heldout
pad,0,73,0.575,0.5,10,6,10,6,heldout
pad,0,83,0.575,0.5,6,4,10,4,heldout
pad,0,84,0.575,0.5,7,5,7,5,heldout
pad,0,87,0.575,0.5,5,5,6,5,heldout
pad,0,89,0.575,0.5,5,4,7,4,heldout
pad,0,90,0.575,0.5,6,6,9,6,heldout
pad,0,94,0.575,0.5,3,3,4,3,heldout
pad,0,95,0.575,0.5,9,8,10,8,heldout
pad,0,105,0.575,0.5,8,4,8,4,heldout
pad,0,115,0.575,0.5,3,3,7,3,heldout
pad,0,118,0.575,0.5,6,6,6,6,heldout
pad,0,126,0.575,0.5,2,2,5,2,heldout
pad,0,127,0.575,0.5,3,1,5,1,heldout
pad,0,130,0.575,0.5,4,4,6,5,heldout
pad,0,131,0.575,0.5,4,4,10,3,heldout
pad,0,132,0.575,0.5,6,2,5,2,heldout
pad,0,135,0.575,0.5,6,4,9,4,heldout
pad,0,136,0.575,0.5,6,5,8,5,heldout
pad,0,138,0.575,0.5,8,7,9,7,heldout
pad,0,-1,0.6,0.3,96,85,127,85,val
pad,0,-1,0.6,0.5,96,75,127,75,val
pad,0,6,0.6,0.3,1,1,1,1,heldout
pad,0,12,0.6,0.3,6,5,13,5,heldout
pad,0,22,0.6,0.3,2,1,3,1,heldout
pad,0,24,0.6,0.3,5,5,10,5,heldout
pad,0,48,0.6,0.3,9,9,10,9,heldout
pad,0,73,0.6,0.3,10,7,10,7,heldout
pad,0,83,0.6,0.3,6,5,11,5,heldout
pad,0,84,0.6,0.3,7,6,8,6,heldout
pad,0,87,0.6,0.3,5,5,6,5,heldout
pad,0,89,0.6,0.3,5,5,7,5,heldout
pad,0,90,0.6,0.3,6,6,10,6,heldout
pad,0,94,0.6,0.3,3,3,4,3,heldout
pad,0,95,0.6,0.3,9,8,11,8,heldout
pad,0,105,0.6,0.3,8,7,7,7,heldout
pad,0,115,0.6,0.3,3,3,7,3,heldout
pad,0,118,0.6,0.3,6,6,6,6,heldout
pad,0,126,0.6,0.3,2,2,4,2,heldout
pad,0,127,0.6,0.3,3,3,5,3,heldout
pad,0,130,0.6,0.3,4,4,5,5,heldout
pad,0,131,0.6,0.3,4,4,9,3,heldout
pad,0,132,0.6,0.3,6,2,4,2,heldout
pad,0,135,0.6,0.3,6,6,9,6,heldout
pad,0,136,0.6,0.3,6,6,8,6,heldout
pad,0,138,0.6,0.3,8,7,9,7,heldout
pad,0,6,0.6,0.5,1,1,1,1,heldout
pad,0,12,0.6,0.5,6,5,13,5,heldout
pad,0,22,0.6,0.5,2,0,3,0,heldout
pad,0,24,0.6,0.5,5,5,10,5,heldout
pad,0,48,0.6,0.5,9,9,10,9,heldout
pad,0,73,0.6,0.5,10,5,10,5,heldout
pad,0,83,0.6,0.5,6,4,11,4,heldout
pad,0,84,0.6,0.5,7,5,8,5,heldout
pad,0,87,0.6,0.5,5,5,6,5,heldout
pad,0,89,0.6,0.5,5,5,7,5,heldout
pad,0,90,0.6,0.5,6,6,10,6,heldout
pad,0,94,0.6,0.5,3,3,4,3,heldout
pad,0,95,0.6,0.5,9,7,11,7,heldout
pad,0,105,0.6,0.5,8,4,7,4,heldout
pad,0,115,0.6,0.5,3,3,7,3,heldout
pad,0,118,0.6,0.5,6,6,6,6,heldout
pad,0,126,0.6,0.5,2,2,4,2,heldout
pad,0,127,0.6,0.5,3,1,5,1,heldout
pad,0,130,0.6,0.5,4,4,5,5,heldout
pad,0,131,0.6,0.5,4,4,9,3,heldout
pad,0,132,0.6,0.5,6,2,4,2,heldout
pad,0,135,0.6,0.5,6,4,9,4,heldout
pad,0,136,0.6,0.5,6,6,8,6,heldout
pad,0,138,0.6,0.5,8,7,9,7,heldout
pad,0,-1,0.625,0.3,96,85,121,85,val
pad,0,-1,0.625,0.5,96,73,121,73,val
pad,0,6,0.625,0.3,1,1,1,1,heldout
pad,0,12,0.625,0.3,6,6,14,6,heldout
pad,0,22,0.625,0.3,2,1,3,1,heldout
pad,0,24,0.625,0.3,5,5,10,5,heldout
pad,0,48,0.625,0.3,9,9,10,9,heldout
pad,0,73,0.625,0.3,10,7,10,7,heldout
pad,0,83,0.625,0.3,6,4,9,4,heldout
pad,0,84,0.625,0.3,7,6,8,6,heldout
pad,0,87,0.625,0.3,5,5,6,5,heldout
pad,0,89,0.625,0.3,5,5,7,5,heldout
pad,0,90,0.625,0.3,6,6,10,6,heldout
pad,0,94,0.625,0.3,3,3,4,3,heldout
pad,0,95,0.625,0.3,9,8,9,8,heldout
pad,0,105,0.625,0.3,8,7,7,7,heldout
pad,0,115,0.625,0.3,3,3,8,3,heldout
pad,0,118,0.625,0.3,6,6,6,6,heldout
pad,0,126,0.625,0.3,2,2,4,2,heldout
pad,0,127,0.625,0.3,3,3,5,3,heldout
pad,0,130,0.625,0.3,4,4,5,4,heldout
pad,0,131,0.625,0.3,4,3,8,3,heldout
pad,0,132,0.625,0.3,6,2,3,2,heldout
pad,0,135,0.625,0.3,6,5,9,5,heldout
pad,0,136,0.625,0.3,6,6,8,6,heldout
pad,0,138,0.625,0.3,8,7,9,7,heldout
pad,0,6,0.625,0.5,1,1,1,1,heldout
pad,0,12,0.625,0.5,6,4,14,4,heldout
pad,0,22,0.625,0.5,2,0,3,0,heldout
pad,0,24,0.625,0.5,5,5,10,5,heldout
pad,0,48,0.625,0.5,9,9,10,9,heldout
pad,0,73,0.625,0.5,10,5,10,5,heldout
pad,0,83,0.625,0.5,6,4,9,4,heldout
pad,0,84,0.625,0.5,7,4,8,4,heldout
pad,0,87,0.625,0.5,5,4,6,4,heldout
pad,0,89,0.625,0.5,5,5,7,5,heldout
pad,0,90,0.625,0.5,6,6,10,6,heldout
pad,0,94,0.625,0.5,3,3,4,3,heldout
pad,0,95,0.625,0.5,9,7,9,7,heldout
pad,0,105,0.625,0.5,8,4,7,4,heldout
pad,0,115,0.625,0.5,3,3,8,3,heldout
pad,0,118,0.625,0.5,6,6,6,6,heldout
pad,0,126,0.625,0.5,2,2,4,2,heldout
pad,0,127,0.625,0.5,3,1,5,1,heldout
pad,0,130,0.625,0.5,4,4,5,4,heldout
pad,0,131,0.625,0.5,4,3,8,3,heldout
pad,0,132,0.625,0.5,6,1,3,1,heldout
pad,0,135,0.625,0.5,6,4,9,4,heldout
pad,0,136,0.625,0.5,6,6,8,6,heldout
pad,0,138,0.625,0.5,8,7,9,7,heldout
pad,0,-1,0.65,0.3,96,76,120,76,val
pad,0,-1,0.65,0.5,96,65,120,65,val
pad,0,6,0.65,0.3,1,1,1,1,heldout
pad,0,12,0.65,0.3,6,6,13,6,heldout
pad,0,22,0.65,0.3,2,1,2,1,heldout
pad,0,24,0.65,0.3,5,5,10,5,heldout
pad,0,48,0.65,0.3,9,9,9,9,heldout
pad,0,73,0.65,0.3,10,7,9,7,heldout
pad,0,83,0.65,0.3,6,4,9,4,heldout
pad,0,84,0.65,0.3,7,5,7,5,heldout
pad,0,87,0.65,0.3,5,4,7,4,heldout
pad,0,89,0.65,0.3,5,5,7,5,heldout
pad,0,90,0.65,0.3,6,6,8,6,heldout
pad,0,94,0.65,0.3,3,3,4,3,heldout
pad,0,95,0.65,0.3,9,8,9,8,heldout
pad,0,105,0.65,0.3,8,6,7,6,heldout
pad,0,115,0.65,0.3,3,3,6,3,heldout
pad,0,118,0.65,0.3,6,6,6,6,heldout
pad,0,126,0.65,0.3,2,2,3,2,heldout
pad,0,127,0.65,0.3,3,3,6,3,heldout
pad,0,130,0.65,0.3,4,4,4,4,heldout
pad,0,131,0.65,0.3,4,3,7,3,heldout
pad,0,132,0.65,0.3,6,1,3,1,heldout
pad,0,135,0.65,0.3,6,5,9,5,heldout
pad,0,136,0.65,0.3,6,6,8,6,heldout
pad,0,138,0.65,0.3,8,7,9,7,heldout
pad,0,6,0.65,0.5,1,1,1,1,heldout
pad,0,12,0.65,0.5,6,4,13,4,heldout
pad,0,22,0.65,0.5,2,0,2,0,heldout
pad,0,24,0.65,0.5,5,5,10,5,heldout
pad,0,48,0.65,0.5,9,9,9,9,heldout
pad,0,73,0.65,0.5,10,4,9,4,heldout
pad,0,83,0.65,0.5,6,4,9,4,heldout
pad,0,84,0.65,0.5,7,4,7,4,heldout
pad,0,87,0.65,0.5,5,4,7,4,heldout
pad,0,89,0.65,0.5,5,5,7,5,heldout
pad,0,90,0.65,0.5,6,6,8,6,heldout
pad,0,94,0.65,0.5,3,3,4,3,heldout
pad,0,95,0.65,0.5,9,7,9,7,heldout
pad,0,105,0.65,0.5,8,4,7,4,heldout
pad,0,115,0.65,0.5,3,3,6,3,heldout
pad,0,118,0.65,0.5,6,5,6,5,heldout
pad,0,126,0.65,0.5,2,2,3,2,heldout
pad,0,127,0.65,0.5,3,2,6,2,heldout
pad,0,130,0.65,0.5,4,4,4,4,heldout
pad,0,131,0.65,0.5,4,3,7,3,heldout
pad,0,132,0.65,0.5,6,1,3,1,heldout
pad,0,135,0.65,0.5,6,4,9,4,heldout
pad,0,136,0.65,0.5,6,5,8,5,heldout
pad,0,138,0.65,0.5,8,7,9,7,heldout
pad,0,-1,0.675,0.3,96,71,115,71,val
pad,0,-1,0.675,0.5,96,57,115,57,val
pad,0,6,0.675,0.3,1,1,1,1,heldout
pad,0,12,0.675,0.3,6,5,13,5,heldout
pad,0,22,0.675,0.3,2,0,2,0,heldout
pad,0,24,0.675,0.3,5,5,9,5,heldout
pad,0,48,0.675,0.3,9,9,9,9,heldout
pad,0,73,0.675,0.3,10,5,9,5,heldout
pad,0,83,0.675,0.3,6,4,7,4,heldout
pad,0,84,0.675,0.3,7,5,6,5,heldout
pad,0,87,0.675,0.3,5,4,5,4,heldout
pad,0,89,0.675,0.3,5,5,7,5,heldout
pad,0,90,0.675,0.3,6,6,8,6,heldout
pad,0,94,0.675,0.3,3,3,3,3,heldout
pad,0,95,0.675,0.3,9,8,10,8,heldout
pad,0,105,0.675,0.3,8,6,8,6,heldout
pad,0,115,0.675,0.3,3,2,6,2,heldout
pad,0,118,0.675,0.3,6,5,6,5,heldout
pad,0,126,0.675,0.3,2,2,4,2,heldout
pad,0,127,0.675,0.3,3,3,6,3,heldout
pad,0,130,0.675,0.3,4,4,4,4,heldout
pad,0,131,0.675,0.3,4,3,6,3,heldout
pad,0,132,0.675,0.3,6,1,1,1,heldout
pad,0,135,0.675,0.3,6,5,8,5,heldout
pad,0,136,0.675,0.3,6,6,8,6,heldout
pad,0,138,0.675,0.3,8,7,8,7,heldout
pad,0,6,0.675,0.5,1,0,1,0,heldout
pad,0,12,0.675,0.5,6,4,13,4,heldout
pad,0,22,0.675,0.5,2,0,2,0,heldout
pad,0,24,0.675,0.5,5,5,9,5,heldout
pad,0,48,0.675,0.5,9,8,9,8,heldout
pad,0,73,0.675,0.5,10,4,9,4,heldout
pad,0,83,0.675,0.5,6,3,7,3,heldout
pad,0,84,0.675,0.5,7,4,6,4,heldout
pad,0,87,0.675,0.5,5,4,5,4,heldout
pad,0,89,0.675,0.5,5,5,7,5,heldout
pad,0,90,0.675,0.5,6,6,8,6,heldout
pad,0,94,0.675,0.5,3,3,3,3,heldout
pad,0,95,0.675,0.5,9,7,10,7,heldout
pad,0,105,0.675,0.5,8,4,8,4,heldout
pad,0,115,0.675,0.5,3,2,6,2,heldout
pad,0,118,0.675,0.5,6,4,6,4,heldout
pad,0,126,0.675,0.5,2,2,4,2,heldout
pad,0,127,0.675,0.5,3,2,6,2,heldout
pad,0,130,0.675,0.5,4,3,4,3,heldout
pad,0,131,0.675,0.5,4,3,6,3,heldout
pad,0,132,0.675,0.5,6,1,1,1,heldout
pad,0,135,0.675,0.5,6,4,8,4,heldout
pad,0,136,0.675,0.5,6,2,8,2,heldout
pad,0,138,0.675,0.5,8,7,8,7,heldout
pad,0,-1,0.7,0.3,96,63,102,63,val
pad,0,-1,0.7,0.5,96,43,102,43,val
pad,0,6,0.7,0.3,1,0,1,0,heldout
pad,0,12,0.7,0.3,6,4,11,4,heldout
pad,0,22,0.7,0.3,2,0,3,0,heldout
pad,0,24,0.7,0.3,5,5,9,5,heldout
pad,0,48,0.7,0.3,9,9,9,9,heldout
pad,0,73,0.7,0.3,10,5,7,5,heldout
pad,0,83,0.7,0.3,6,4,6,4,heldout
pad,0,84,0.7,0.3,7,4,4,4,heldout
pad,0,87,0.7,0.3,5,4,5,4,heldout
pad,0,89,0.7,0.3,5,5,6,5,heldout
pad,0,90,0.7,0.3,6,6,7,6,heldout
pad,0,94,0.7,0.3,3,3,3,3,heldout
pad,0,95,0.7,0.3,9,7,9,7,heldout
pad,0,105,0.7,0.3,8,5,5,5,heldout
pad,0,115,0.7,0.3,3,2,6,2,heldout
pad,0,118,0.7,0.3,6,5,5,5,heldout
pad,0,126,0.7,0.3,2,2,3,2,heldout
pad,0,127,0.7,0.3,3,3,5,3,heldout
pad,0,130,0.7,0.3,4,4,4,4,heldout
pad,0,131,0.7,0.3,4,3,7,3,heldout
pad,0,132,0.7,0.3,6,0,2,0,heldout
pad,0,135,0.7,0.3,6,5,8,5,heldout
pad,0,136,0.7,0.3,6,5,8,5,heldout
pad,0,138,0.7,0.3,8,7,8,7,heldout
pad,0,6,0.7,0.5,1,0,1,0,heldout
pad,0,12,0.7,0.5,6,4,11,4,heldout
pad,0,22,0.7,0.5,2,0,3,0,heldout
pad,0,24,0.7,0.5,5,4,9,4,heldout
pad,0,48,0.7,0.5,9,7,9,7,heldout
pad,0,73,0.7,0.5,10,3,7,3,heldout
pad,0,83,0.7,0.5,6,3,6,3,heldout
pad,0,84,0.7,0.5,7,4,4,4,heldout
pad,0,87,0.7,0.5,5,3,5,3,heldout
pad,0,89,0.7,0.5,5,5,6,5,heldout
pad,0,90,0.7,0.5,6,6,7,6,heldout
pad,0,94,0.7,0.5,3,2,3,2,heldout
pad,0,95,0.7,0.5,9,6,9,6,heldout
pad,0,105,0.7,0.5,8,2,5,2,heldout
pad,0,115,0.7,0.5,3,1,6,1,heldout
pad,0,118,0.7,0.5,6,3,5,3,heldout
pad,0,126,0.7,0.5,2,1,3,1,heldout
pad,0,127,0.7,0.5,3,1,5,1,heldout
pad,0,130,0.7,0.5,4,3,4,3,heldout
pad,0,131,0.7,0.5,4,2,7,2,heldout
pad,0,132,0.7,0.5,6,0,2,0,heldout
pad,0,135,0.7,0.5,6,3,8,3,heldout
pad,0,136,0.7,0.5,6,1,8,1,heldout
pad,0,138,0.7,0.5,8,5,8,5,heldout
pad,0,-1,0.725,0.3,96,53,97,53,val
pad,0,-1,0.725,0.5,96,29,97,29,val
pad,0,6,0.725,0.3,1,0,0,0,heldout
pad,0,12,0.725,0.3,6,4,9,4,heldout
pad,0,22,0.725,0.3,2,0,0,0,heldout
pad,0,24,0.725,0.3,5,5,10,5,heldout
pad,0,48,0.725,0.3,9,7,10,7,heldout
pad,0,73,0.725,0.3,10,4,7,4,heldout
pad,0,83,0.725,0.3,6,4,7,4,heldout
pad,0,84,0.725,0.3,7,4,4,4,heldout
pad,0,87,0.725,0.3,5,3,4,3,heldout
pad,0,89,0.725,0.3,5,5,5,5,heldout
pad,0,90,0.725,0.3,6,6,7,6,heldout
pad,0,94,0.725,0.3,3,2,4,2,heldout
pad,0,95,0.725,0.3,9,6,9,6,heldout
pad,0,105,0.725,0.3,8,5,5,5,heldout
pad,0,115,0.725,0.3,3,2,6,2,heldout
pad,0,118,0.725,0.3,6,4,6,4,heldout
pad,0,126,0.725,0.3,2,2,3,2,heldout
pad,0,127,0.725,0.3,3,2,4,2,heldout
pad,0,130,0.725,0.3,4,3,4,3,heldout
pad,0,131,0.725,0.3,4,3,6,3,heldout
pad,0,132,0.725,0.3,6,0,1,0,heldout
pad,0,135,0.725,0.3,6,3,7,3,heldout
pad,0,136,0.725,0.3,6,3,6,3,heldout
pad,0,138,0.725,0.3,8,6,8,6,heldout
pad,0,6,0.725,0.5,1,0,0,0,heldout
pad,0,12,0.725,0.5,6,2,9,2,heldout
pad,0,22,0.725,0.5,2,0,0,0,heldout
pad,0,24,0.725,0.5,5,3,10,3,heldout
pad,0,48,0.725,0.5,9,6,10,6,heldout
pad,0,73,0.725,0.5,10,2,7,2,heldout
pad,0,83,0.725,0.5,6,2,7,2,heldout
pad,0,84,0.725,0.5,7,3,4,3,heldout
pad,0,87,0.725,0.5,5,2,4,2,heldout
pad,0,89,0.725,0.5,5,5,5,5,heldout
pad,0,90,0.725,0.5,6,3,7,3,heldout
pad,0,94,0.725,0.5,3,1,4,1,heldout
pad,0,95,0.725,0.5,9,4,9,4,heldout
pad,0,105,0.725,0.5,8,1,5,1,heldout
pad,0,115,0.725,0.5,3,1,6,1,heldout
pad,0,118,0.725,0.5,6,1,6,1,heldout
pad,0,126,0.725,0.5,2,1,3,1,heldout
pad,0,127,0.725,0.5,3,1,4,1,heldout
pad,0,130,0.725,0.5,4,2,4,2,heldout
pad,0,131,0.725,0.5,4,2,6,2,heldout
pad,0,132,0.725,0.5,6,0,1,0,heldout
pad,0,135,0.725,0.5,6,1,7,1,heldout
pad,0,136,0.725,0.5,6,1,6,1,heldout
pad,0,138,0.725,0.5,8,5,8,5,heldout
pad,0,-1,0.75,0.3,96,38,82,38,val
pad,0,-1,0.75,0.5,96,18,82,18,val
pad,0,6,0.75,0.3,1,0,0,0,heldout
pad,0,12,0.75,0.3,6,3,9,3,heldout
pad,0,22,0.75,0.3,2,0,0,0,heldout
pad,0,24,0.75,0.3,5,5,8,5,heldout
pad,0,48,0.75,0.3,9,7,10,7,heldout
pad,0,73,0.75,0.3,10,4,7,4,heldout
pad,0,83,0.75,0.3,6,2,8,2,heldout
pad,0,84,0.75,0.3,7,4,4,4,heldout
pad,0,87,0.75,0.3,5,2,3,2,heldout
pad,0,89,0.75,0.3,5,5,7,5,heldout
pad,0,90,0.75,0.3,6,6,9,6,heldout
pad,0,94,0.75,0.3,3,2,3,2,heldout
pad,0,95,0.75,0.3,9,5,8,5,heldout
pad,0,105,0.75,0.3,8,2,7,2,heldout
pad,0,115,0.75,0.3,3,1,5,1,heldout
pad,0,118,0.75,0.3,6,2,6,2,heldout
pad,0,126,0.75,0.3,2,2,3,2,heldout
pad,0,127,0.75,0.3,3,2,4,2,heldout
pad,0,130,0.75,0.3,4,3,3,3,heldout
pad,0,131,0.75,0.3,4,3,6,3,heldout
pad,0,132,0.75,0.3,6,0,0,0,heldout
pad,0,135,0.75,0.3,6,3,7,3,heldout
pad,0,136,0.75,0.3,6,2,8,2,heldout
pad,0,138,0.75,0.3,8,6,7,6,heldout
pad,0,6,0.75,0.5,1,0,0,0,heldout
pad,0,12,0.75,0.5,6,1,9,1,heldout
pad,0,22,0.75,0.5,2,0,0,0,heldout
pad,0,24,0.75,0.5,5,3,8,3,heldout
pad,0,48,0.75,0.5,9,3,10,3,heldout
pad,0,73,0.75,0.5,10,1,7,1,heldout
pad,0,83,0.75,0.5,6,1,8,1,heldout
pad,0,84,0.75,0.5,7,3,4,3,heldout
pad,0,87,0.75,0.5,5,2,3,2,heldout
pad,0,89,0.75,0.5,5,3,7,3,heldout
pad,0,90,0.75,0.5,6,1,9,1,heldout
pad,0,94,0.75,0.5,3,0,3,0,heldout
pad,0,95,0.75,0.5,9,3,8,3,heldout
pad,0,105,0.75,0.5,8,0,7,0,heldout
pad,0,115,0.75,0.5,3,1,5,1,heldout
pad,0,118,0.75,0.5,6,0,6,0,heldout
pad,0,126,0.75,0.5,2,1,3,1,heldout
pad,0,127,0.75,0.5,3,1,4,1,heldout
pad,0,130,0.75,0.5,4,2,3,2,heldout
pad,0,131,0.75,0.5,4,1,6,1,heldout
pad,0,132,0.75,0.5,6,0,0,0,heldout
pad,0,135,0.75,0.5,6,0,7,0,heldout
pad,0,136,0.75,0.5,6,0,8,0,heldout
pad,0,138,0.75,0.5,8,2,7,2,heldout
pad,0,-1,0.775,0.3,96,25,68,25,val
pad,0,-1,0.775,0.5,96,8,68,8,val
pad,0,6,0.775,0.3,1,0,0,0,heldout
pad,0,12,0.775,0.3,6,2,5,2,heldout
pad,0,22,0.775,0.3,2,0,0,0,heldout
pad,0,24,0.775,0.3,5,3,8,3,heldout
pad,0,48,0.775,0.3,9,5,10,5,heldout
pad,0,73,0.775,0.3,10,2,8,2,heldout
pad,0,83,0.775,0.3,6,1,3,1,heldout
pad,0,84,0.775,0.3,7,3,6,3,heldout
pad,0,87,0.775,0.3,5,2,2,2,heldout
pad,0,89,0.775,0.3,5,3,8,3,heldout
pad,0,90,0.775,0.3,6,4,7,4,heldout
pad,0,94,0.775,0.3,3,0,1,0,heldout
pad,0,95,0.775,0.3,9,4,8,4,heldout
pad,0,105,0.775,0.3,8,1,7,1,heldout
pad,0,115,0.775,0.3,3,1,4,1,heldout
pad,0,118,0.775,0.3,6,1,5,1,heldout
pad,0,126,0.775,0.3,2,1,2,1,heldout
pad,0,127,0.775,0.3,3,1,2,1,heldout
pad,0,130,0.775,0.3,4,2,3,2,heldout
pad,0,131,0.775,0.3,4,2,7,2,heldout
pad,0,132,0.775,0.3,6,0,0,0,heldout
pad,0,135,0.775,0.3,6,0,9,0,heldout
pad,0,136,0.775,0.3,6,2,5,2,heldout
pad,0,138,0.775,0.3,8,5,7,5,heldout
pad,0,6,0.775,0.5,1,0,0,0,heldout
pad,0,12,0.775,0.5,6,0,5,0,heldout
pad,0,22,0.775,0.5,2,0,0,0,heldout
pad,0,24,0.775,0.5,5,1,8,1,heldout
pad,0,48,0.775,0.5,9,0,10,0,heldout
pad,0,73,0.775,0.5,10,0,8,0,heldout
pad,0,83,0.775,0.5,6,0,3,0,heldout
pad,0,84,0.775,0.5,7,1,6,1,heldout
pad,0,87,0.775,0.5,5,1,2,1,heldout
pad,0,89,0.775,0.5,5,3,8,3,heldout
pad,0,90,0.775,0.5,6,0,7,0,heldout
pad,0,94,0.775,0.5,3,0,1,0,heldout
pad,0,95,0.775,0.5,9,3,8,3,heldout
pad,0,105,0.775,0.5,8,0,7,0,heldout
pad,0,115,0.775,0.5,3,0,4,0,heldout
pad,0,118,0.775,0.5,6,0,5,0,heldout
pad,0,126,0.775,0.5,2,1,2,1,heldout
pad,0,127,0.775,0.5,3,1,2,1,heldout
pad,0,130,0.775,0.5,4,0,3,0,heldout
pad,0,131,0.775,0.5,4,1,7,1,heldout
pad,0,132,0.775,0.5,6,0,0,0,heldout
pad,0,135,0.775,0.5,6,0,9,0,heldout
pad,0,136,0.775,0.5,6,0,5,0,heldout
pad,0,138,0.775,0.5,8,1,7,1,heldout
pad,0,-1,0.8,0.3,96,12,48,12,val
pad,0,-1,0.8,0.5,96,1,48,1,val
pad,0,6,0.8,0.3,1,0,0,0,heldout
pad,0,12,0.8,0.3,6,2,4,2,heldout
pad,0,22,0.8,0.3,2,0,0,0,heldout
pad,0,24,0.8,0.3,5,2,7,2,heldout
pad,0,48,0.8,0.3,9,2,9,2,heldout
pad,0,73,0.8,0.3,10,2,7,2,heldout
pad,0,83,0.8,0.3,6,1,1,1,heldout
pad,0,84,0.8,0.3,7,3,6,3,heldout
pad,0,87,0.8,0.3,5,2,2,2,heldout
pad,0,89,0.8,0.3,5,3,6,3,heldout
pad,0,90,0.8,0.3,6,1,5,1,heldout
pad,0,94,0.8,0.3,3,0,0,0,heldout
pad,0,95,0.8,0.3,9,2,6,2,heldout
pad,0,105,0.8,0.3,8,1,3,1,heldout
pad,0,115,0.8,0.3,3,1,4,1,heldout
pad,0,118,0.8,0.3,6,0,4,0,heldout
pad,0,126,0.8,0.3,2,1,2,1,heldout
pad,0,127,0.8,0.3,3,1,2,1,heldout
pad,0,130,0.8,0.3,4,1,2,1,heldout
pad,0,131,0.8,0.3,4,1,7,1,heldout
pad,0,132,0.8,0.3,6,0,0,0,heldout
pad,0,135,0.8,0.3,6,0,4,0,heldout
pad,0,136,0.8,0.3,6,0,5,0,heldout
pad,0,138,0.8,0.3,8,4,6,4,heldout
pad,0,6,0.8,0.5,1,0,0,0,heldout
pad,0,12,0.8,0.5,6,0,4,0,heldout
pad,0,22,0.8,0.5,2,0,0,0,heldout
pad,0,24,0.8,0.5,5,0,7,0,heldout
pad,0,48,0.8,0.5,9,0,9,0,heldout
pad,0,73,0.8,0.5,10,0,7,0,heldout
pad,0,83,0.8,0.5,6,0,1,0,heldout
pad,0,84,0.8,0.5,7,1,6,1,heldout
pad,0,87,0.8,0.5,5,0,2,0,heldout
pad,0,89,0.8,0.5,5,2,6,2,heldout
pad,0,90,0.8,0.5,6,0,5,0,heldout
pad,0,94,0.8,0.5,3,0,0,0,heldout
pad,0,95,0.8,0.5,9,1,6,1,heldout
pad,0,105,0.8,0.5,8,0,3,0,heldout
pad,0,115,0.8,0.5,3,0,4,0,heldout
pad,0,118,0.8,0.5,6,0,4,0,heldout
pad,0,126,0.8,0.5,2,1,2,1,heldout
pad,0,127,0.8,0.5,3,0,2,0,heldout
pad,0,130,0.8,0.5,4,0,2,0,heldout
pad,0,131,0.8,0.5,4,0,7,0,heldout
pad,0,132,0.8,0.5,6,0,0,0,heldout
pad,0,135,0.8,0.5,6,0,4,0,heldout
pad,0,136,0.8,0.5,6,0,5,0,heldout
pad,0,138,0.8,0.5,8,0,6,0,heldout
pad,0,-1,0.825,0.3,96,5,27,5,val
pad,0,-1,0.825,0.5,96,1,27,1,val
pad,0,6,0.825,0.3,1,0,0,0,heldout
pad,0,12,0.825,0.3,6,2,2,2,heldout
pad,0,22,0.825,0.3,2,0,0,0,heldout
pad,0,24,0.825,0.3,5,0,4,0,heldout
pad,0,48,0.825,0.3,9,1,7,1,heldout
pad,0,73,0.825,0.3,10,0,2,0,heldout
pad,0,83,0.825,0.3,6,0,1,0,heldout
pad,0,84,0.825,0.3,7,1,4,1,heldout
pad,0,87,0.825,0.3,5,1,2,1,heldout
pad,0,89,0.825,0.3,5,3,5,3,heldout
pad,0,90,0.825,0.3,6,0,3,0,heldout
pad,0,94,0.825,0.3,3,0,0,0,heldout
pad,0,95,0.825,0.3,9,1,6,1,heldout
pad,0,105,0.825,0.3,8,0,1,0,heldout
pad,0,115,0.825,0.3,3,0,5,0,heldout
pad,0,118,0.825,0.3,6,0,2,0,heldout
pad,0,126,0.825,0.3,2,1,2,1,heldout
pad,0,127,0.825,0.3,3,1,2,1,heldout
pad,0,130,0.825,0.3,4,0,1,0,heldout
pad,0,131,0.825,0.3,4,0,4,0,heldout
pad,0,132,0.825,0.3,6,0,0,0,heldout
pad,0,135,0.825,0.3,6,0,5,0,heldout
pad,0,136,0.825,0.3,6,0,4,0,heldout
pad,0,138,0.825,0.3,8,1,5,1,heldout
pad,0,6,0.825,0.5,1,0,0,0,heldout
pad,0,12,0.825,0.5,6,0,2,0,heldout
pad,0,22,0.825,0.5,2,0,0,0,heldout
pad,0,24,0.825,0.5,5,0,4,0,heldout
pad,0,48,0.825,0.5,9,0,7,0,heldout
pad,0,73,0.825,0.5,10,0,2,0,heldout
pad,0,83,0.825,0.5,6,0,1,0,heldout
pad,0,84,0.825,0.5,7,1,4,1,heldout
pad,0,87,0.825,0.5,5,0,2,0,heldout
pad,0,89,0.825,0.5,5,0,5,0,heldout
pad,0,90,0.825,0.5,6,0,3,0,heldout
pad,0,94,0.825,0.5,3,0,0,0,heldout
pad,0,95,0.825,0.5,9,0,6,0,heldout
pad,0,105,0.825,0.5,8,0,1,0,heldout
pad,0,115,0.825,0.5,3,0,5,0,heldout
pad,0,118,0.825,0.5,6,0,2,0,heldout
pad,0,126,0.825,0.5,2,0,2,0,heldout
pad,0,127,0.825,0.5,3,0,2,0,heldout
pad,0,130,0.825,0.5,4,0,1,0,heldout
pad,0,131,0.825,0.5,4,0,4,0,heldout
pad,0,132,0.825,0.5,6,0,0,0,heldout
pad,0,135,0.825,0.5,6,0,5,0,heldout
pad,0,136,0.825,0.5,6,0,4,0,heldout
pad,0,138,0.825,0.5,8,0,5,0,heldout
pad,0,-1,0.85,0.3,96,1,12,1,val
pad,0,-1,0.85,0.5,96,0,12,0,val
pad,0,6,0.85,0.3,1,0,0,0,heldout
pad,0,12,0.85,0.3,6,1,2,1,heldout
pad,0,22,0.85,0.3,2,0,0,0,heldout
pad,0,24,0.85,0.3,5,0,3,0,heldout
pad,0,48,0.85,0.3,9,0,3,0,heldout
pad,0,73,0.85,0.3,10,0,2,0,heldout
pad,0,83,0.85,0.3,6,0,0,0,heldout
pad,0,84,0.85,0.3,7,1,3,1,heldout
pad,0,87,0.85,0.3,5,0,1,0,heldout
pad,0,89,0.85,0.3,5,3,4,3,heldout
pad,0,90,0.85,0.3,6,0,0,0,heldout
pad,0,94,0.85,0.3,3,0,0,0,heldout
pad,0,95,0.85,0.3,9,1,3,1,heldout
pad,0,105,0.85,0.3,8,0,0,0,heldout
pad,0,115,0.85,0.3,3,0,1,0,heldout
pad,0,118,0.85,0.3,6,0,0,0,heldout
pad,0,126,0.85,0.3,2,1,1,1,heldout
pad,0,127,0.85,0.3,3,0,2,0,heldout
pad,0,130,0.85,0.3,4,0,0,0,heldout
pad,0,131,0.85,0.3,4,0,1,0,heldout
pad,0,132,0.85,0.3,6,0,0,0,heldout
pad,0,135,0.85,0.3,6,0,2,0,heldout
pad,0,136,0.85,0.3,6,0,2,0,heldout
pad,0,138,0.85,0.3,8,0,3,0,heldout
pad,0,6,0.85,0.5,1,0,0,0,heldout
pad,0,12,0.85,0.5,6,0,2,0,heldout
pad,0,22,0.85,0.5,2,0,0,0,heldout
pad,0,24,0.85,0.5,5,0,3,0,heldout
pad,0,48,0.85,0.5,9,0,3,0,heldout
pad,0,73,0.85,0.5,10,0,2,0,heldout
pad,0,83,0.85,0.5,6,0,0,0,heldout
pad,0,84,0.85,0.5,7,0,3,0,heldout
pad,0,87,0.85,0.5,5,0,1,0,heldout
pad,0,89,0.85,0.5,5,0,4,0,heldout
pad,0,90,0.85,0.5,6,0,0,0,heldout
pad,0,94,0.85,0.5,3,0,0,0,heldout
pad,0,95,0.85,0.5,9,0,3,0,heldout
pad,0,105,0.85,0.5,8,0,0,0,heldout
pad,0,115,0.85,0.5,3,0,1,0,heldout
pad,0,118,0.85,0.5,6,0,0,0,heldout
pad,0,126,0.85,0.5,2,0,1,0,heldout
pad,0,127,0.85,0.5,3,0,2,0,heldout
pad,0,130,0.85,0.5,4,0,0,0,heldout
pad,0,131,0.85,0.5,4,0,1,0,heldout
pad,0,132,0.85,0.5,6,0,0,0,heldout
pad,0,135,0.85,0.5,6,0,2,0,heldout
pad,0,136,0.85,0.5,6,0,2,0,heldout
pad,0,138,0.85,0.5,8,0,3,0,heldout
pad,0,-1,0.875,0.3,96,1,7,1,val
pad,0,-1,0.875,0.5,96,0,7,0,val
pad,0,6,0.875,0.3,1,0,0,0,heldout
pad,0,12,0.875,0.3,6,0,2,0,heldout
pad,0,22,0.875,0.3,2,0,0,0,heldout
pad,0,24,0.875,0.3,5,0,2,0,heldout
pad,0,48,0.875,0.3,9,0,2,0,heldout
pad,0,73,0.875,0.3,10,0,1,0,heldout
pad,0,83,0.875,0.3,6,0,0,0,heldout
pad,0,84,0.875,0.3,7,0,2,0,heldout
pad,0,87,0.875,0.3,5,0,0,0,heldout
pad,0,89,0.875,0.3,5,0,3,0,heldout
pad,0,90,0.875,0.3,6,0,0,0,heldout
pad,0,94,0.875,0.3,3,0,0,0,heldout
pad,0,95,0.875,0.3,9,0,2,0,heldout
pad,0,105,0.875,0.3,8,0,0,0,heldout
pad,0,115,0.875,0.3,3,0,1,0,heldout
pad,0,118,0.875,0.3,6,0,0,0,heldout
pad,0,126,0.875,0.3,2,1,1,1,heldout
pad,0,127,0.875,0.3,3,0,0,0,heldout
pad,0,130,0.875,0.3,4,0,0,0,heldout
pad,0,131,0.875,0.3,4,0,1,0,heldout
pad,0,132,0.875,0.3,6,0,0,0,heldout
pad,0,135,0.875,0.3,6,0,1,0,heldout
pad,0,136,0.875,0.3,6,0,0,0,heldout
pad,0,138,0.875,0.3,8,0,0,0,heldout
pad,0,6,0.875,0.5,1,0,0,0,heldout
pad,0,12,0.875,0.5,6,0,2,0,heldout
pad,0,22,0.875,0.5,2,0,0,0,heldout
pad,0,24,0.875,0.5,5,0,2,0,heldout
pad,0,48,0.875,0.5,9,0,2,0,heldout
pad,0,73,0.875,0.5,10,0,1,0,heldout
pad,0,83,0.875,0.5,6,0,0,0,heldout
pad,0,84,0.875,0.5,7,0,2,0,heldout
pad,0,87,0.875,0.5,5,0,0,0,heldout
pad,0,89,0.875,0.5,5,0,3,0,heldout
pad,0,90,0.875,0.5,6,0,0,0,heldout
pad,0,94,0.875,0.5,3,0,0,0,heldout
pad,0,95,0.875,0.5,9,0,2,0,heldout
pad,0,105,0.875,0.5,8,0,0,0,heldout
pad,0,115,0.875,0.5,3,0,1,0,heldout
pad,0,118,0.875,0.5,6,0,0,0,heldout
pad,0,126,0.875,0.5,2,0,1,0,heldout
pad,0,127,0.875,0.5,3,0,0,0,heldout
pad,0,130,0.875,0.5,4,0,0,0,heldout
pad,0,131,0.875,0.5,4,0,1,0,heldout
pad,0,132,0.875,0.5,6,0,0,0,heldout
pad,0,135,0.875,0.5,6,0,1,0,heldout
pad,0,136,0.875,0.5,6,0,0,0,heldout
pad,0,138,0.875,0.5,8,0,0,0,heldout
pad,0,-1,0.9,0.3,96,0,1,0,val
pad,0,-1,0.9,0.5,96,0,1,0,val
pad,0,6,0.9,0.3,1,0,0,0,heldout
pad,0,12,0.9,0.3,6,0,2,0,heldout
pad,0,22,0.9,0.3,2,0,0,0,heldout
pad,0,24,0.9,0.3,5,0,1,0,heldout
pad,0,48,0.9,0.3,9,0,0,0,heldout
pad,0,73,0.9,0.3,10,0,0,0,heldout
pad,0,83,0.9,0.3,6,0,0,0,heldout
pad,0,84,0.9,0.3,7,0,1,0,heldout
pad,0,87,0.9,0.3,5,0,0,0,heldout
pad,0,89,0.9,0.3,5,0,2,0,heldout
pad,0,90,0.9,0.3,6,0,0,0,heldout
pad,0,94,0.9,0.3,3,0,0,0,heldout
pad,0,95,0.9,0.3,9,0,2,0,heldout
pad,0,105,0.9,0.3,8,0,0,0,heldout
pad,0,115,0.9,0.3,3,0,0,0,heldout
pad,0,118,0.9,0.3,6,0,0,0,heldout
pad,0,126,0.9,0.3,2,0,1,0,heldout
pad,0,127,0.9,0.3,3,0,0,0,heldout
pad,0,130,0.9,0.3,4,0,0,0,heldout
pad,0,131,0.9,0.3,4,0,0,0,heldout
pad,0,132,0.9,0.3,6,0,0,0,heldout
pad,0,135,0.9,0.3,6,0,0,0,heldout
pad,0,136,0.9,0.3,6,0,0,0,heldout
pad,0,138,0.9,0.3,8,0,0,0,heldout
pad,0,6,0.9,0.5,1,0,0,0,heldout
pad,0,12,0.9,0.5,6,0,2,0,heldout
pad,0,22,0.9,0.5,2,0,0,0,heldout
pad,0,24,0.9,0.5,5,0,1,0,heldout
pad,0,48,0.9,0.5,9,0,0,0,heldout
pad,0,73,0.9,0.5,10,0,0,0,heldout
pad,0,83,0.9,0.5,6,0,0,0,heldout
pad,0,84,0.9,0.5,7,0,1,0,heldout
pad,0,87,0.9,0.5,5,0,0,0,heldout
pad,0,89,0.9,0.5,5,0,2,0,heldout
pad,0,90,0.9,0.5,6,0,0,0,heldout
pad,0,94,0.9,0.5,3,0,0,0,heldout
pad,0,95,0.9,0.5,9,0,2,0,heldout
pad,0,105,0.9,0.5,8,0,0,0,heldout
pad,0,115,0.9,0.5,3,0,0,0,heldout
pad,0,118,0.9,0.5,6,0,0,0,heldout
pad,0,126,0.9,0.5,2,0,1,0,heldout
pad,0,127,0.9,0.5,3,0,0,0,heldout
pad,0,130,0.9,0.5,4,0,0,0,heldout
pad,0,131,0.9,0.5,4,0,0,0,heldout
pad,0,132,0.9,0.5,6,0,0,0,heldout
pad,0,135,0.9,0.5,6,0,0,0,heldout
pad,0,136,0.9,0.5,6,0,0,0,heldout
pad,0,138,0.9,0.5,8,0,0,0,heldout
pad,0,-1,0.925,0.3,96,0,0,0,val
pad,0,-1,0.925,0.5,96,0,0,0,val
pad,0,6,0.925,0.3,1,0,0,0,heldout
pad,0,12,0.925,0.3,6,0,0,0,heldout
pad,0,22,0.925,0.3,2,0,0,0,heldout
pad,0,24,0.925,0.3,5,0,0,0,heldout
pad,0,48,0.925,0.3,9,0,0,0,heldout
pad,0,73,0.925,0.3,10,0,0,0,heldout
pad,0,83,0.925,0.3,6,0,0,0,heldout
pad,0,84,0.925,0.3,7,0,0,0,heldout
pad,0,87,0.925,0.3,5,0,0,0,heldout
pad,0,89,0.925,0.3,5,0,0,0,heldout
pad,0,90,0.925,0.3,6,0,0,0,heldout
pad,0,94,0.925,0.3,3,0,0,0,heldout
pad,0,95,0.925,0.3,9,0,0,0,heldout
pad,0,105,0.925,0.3,8,0,0,0,heldout
pad,0,115,0.925,0.3,3,0,0,0,heldout
pad,0,118,0.925,0.3,6,0,0,0,heldout
pad,0,126,0.925,0.3,2,0,0,0,heldout
pad,0,127,0.925,0.3,3,0,0,0,heldout
pad,0,130,0.925,0.3,4,0,0,0,heldout
pad,0,131,0.925,0.3,4,0,0,0,heldout
pad,0,132,0.925,0.3,6,0,0,0,heldout
pad,0,135,0.925,0.3,6,0,0,0,heldout
pad,0,136,0.925,0.3,6,0,0,0,heldout
pad,0,138,0.925,0.3,8,0,0,0,heldout
pad,0,6,0.925,0.5,1,0,0,0,heldout
pad,0,12,0.925,0.5,6,0,0,0,heldout
pad,0,22,0.925,0.5,2,0,0,0,heldout
pad,0,24,0.925,0.5,5,0,0,0,heldout
pad,0,48,0.925,0.5,9,0,0,0,heldout
pad,0,73,0.925,0.5,10,0,0,0,heldout
pad,0,83,0.925,0.5,6,0,0,0,heldout
pad,0,84,0.925,0.5,7,0,0,0,heldout
pad,0,87,0.925,0.5,5,0,0,0,heldout
pad,0,89,0.925,0.5,5,0,0,0,heldout
pad,0,90,0.925,0.5,6,0,0,0,heldout
pad,0,94,0.925,0.5,3,0,0,0,heldout
pad,0,95,0.925,0.5,9,0,0,0,heldout
pad,0,105,0.925,0.5,8,0,0,0,heldout
pad,0,115,0.925,0.5,3,0,0,0,heldout
pad,0,118,0.925,0.5,6,0,0,0,heldout
pad,0,126,0.925,0.5,2,0,0,0,heldout
pad,0,127,0.925,0.5,3,0,0,0,heldout
pad,0,130,0.925,0.5,4,0,0,0,heldout
pad,0,131,0.925,0.5,4,0,0,0,heldout
pad,0,132,0.925,0.5,6,0,0,0,heldout
pad,0,135,0.925,0.5,6,0,0,0,heldout
pad,0,136,0.925,0.5,6,0,0,0,heldout
pad,0,138,0.925,0.5,8,0,0,0,heldout
pad,0,-1,0.95,0.3,96,0,0,0,val
pad,0,-1,0.95,0.5,96,0,0,0,val
pad,0,6,0.95,0.3,1,0,0,0,heldout
pad,0,12,0.95,0.3,6,0,0,0,heldout
pad,0,22,0.95,0.3,2,0,0,0,heldout
pad,0,24,0.95,0.3,5,0,0,0,heldout
pad,0,48,0.95,0.3,9,0,0,0,heldout
pad,0,73,0.95,0.3,10,0,0,0,heldout
pad,0,83,0.95,0.3,6,0,0,0,heldout
pad,0,84,0.95,0.3,7,0,0,0,heldout
pad,0,87,0.95,0.3,5,0,0,0,heldout
pad,0,89,0.95,0.3,5,0,0,0,heldout
pad,0,90,0.95,0.3,6,0,0,0,heldout
pad,0,94,0.95,0.3,3,0,0,0,heldout
pad,0,95,0.95,0.3,9,0,0,0,heldout
pad,0,105,0.95,0.3,8,0,0,0,heldout
pad,0,115,0.95,0.3,3,0,0,0,heldout
pad,0,118,0.95,0.3,6,0,0,0,heldout
pad,0,126,0.95,0.3,2,0,0,0,heldout
pad,0,127,0.95,0.3,3,0,0,0,heldout
pad,0,130,0.95,0.3,4,0,0,0,heldout
pad,0,131,0.95,0.3,4,0,0,0,heldout
pad,0,132,0.95,0.3,6,0,0,0,heldout
pad,0,135,0.95,0.3,6,0,0,0,heldout
pad,0,136,0.95,0.3,6,0,0,0,heldout
pad,0,138,0.95,0.3,8,0,0,0,heldout
pad,0,6,0.95,0.5,1,0,0,0,heldout
pad,0,12,0.95,0.5,6,0,0,0,heldout
pad,0,22,0.95,0.5,2,0,0,0,heldout
pad,0,24,0.95,0.5,5,0,0,0,heldout
pad,0,48,0.95,0.5,9,0,0,0,heldout
pad,0,73,0.95,0.5,10,0,0,0,heldout
pad,0,83,0.95,0.5,6,0,0,0,heldout
pad,0,84,0.95,0.5,7,0,0,0,heldout
pad,0,87,0.95,0.5,5,0,0,0,heldout
pad,0,89,0.95,0.5,5,0,0,0,heldout
pad,0,90,0.95,0.5,6,0,0,0,heldout
pad,0,94,0.95,0.5,3,0,0,0,heldout
pad,0,95,0.95,0.5,9,0,0,0,heldout
pad,0,105,0.95,0.5,8,0,0,0,heldout
pad,0,115,0.95,0.5,3,0,0,0,heldout
pad,0,118,0.95,0.5,6,0,0,0,heldout
pad,0,126,0.95,0.5,2,0,0,0,heldout
pad,0,127,0.95,0.5,3,0,0,0,heldout
pad,0,130,0.95,0.5,4,0,0,0,heldout
pad,0,131,0.95,0.5,4,0,0,0,heldout
pad,0,132,0.95,0.5,6,0,0,0,heldout
pad,0,135,0.95,0.5,6,0,0,0,heldout
pad,0,136,0.95,0.5,6,0,0,0,heldout
pad,0,138,0.95,0.5,8,0,0,0,heldout
pad,1,-1,0.05,0.3,93,0,15,0,val
pad,1,-1,0.05,0.5,93,0,15,0,val
pad,1,0,0.05,0.3,6,0,1,0,heldout
pad,1,17,0.05,0.3,2,0,1,0,heldout
pad,1,18,0.05,0.3,5,0,1,0,heldout
pad,1,27,0.05,0.3,1,0,0,0,heldout
pad,1,28,0.05,0.3,5,0,1,0,heldout
pad,1,33,0.05,0.3,2,0,1,0,heldout
pad,1,34,0.05,0.3,1,0,3,0,heldout
pad,1,37,0.05,0.3,3,0,1,0,heldout
pad,1,43,0.05,0.3,1,0,0,0,heldout
pad,1,45,0.05,0.3,4,0,0,0,heldout
pad,1,47,0.05,0.3,1,0,3,0,heldout
pad,1,54,0.05,0.3,9,0,2,0,heldout
pad,1,57,0.05,0.3,4,0,0,0,heldout
pad,1,66,0.05,0.3,9,0,0,0,heldout
pad,1,72,0.05,0.3,7,0,0,0,heldout
pad,1,77,0.05,0.3,8,0,0,0,heldout
pad,1,79,0.05,0.3,6,0,0,0,heldout
pad,1,85,0.05,0.3,6,0,0,0,heldout
pad,1,97,0.05,0.3,5,0,0,0,heldout
pad,1,106,0.05,0.3,3,0,1,0,heldout
pad,1,108,0.05,0.3,7,0,3,0,heldout
pad,1,111,0.05,0.3,4,0,1,0,heldout
pad,1,113,0.05,0.3,7,0,3,0,heldout
pad,1,116,0.05,0.3,8,0,0,0,heldout
pad,1,121,0.05,0.3,3,0,0,0,heldout
pad,1,124,0.05,0.3,7,0,0,0,heldout
pad,1,125,0.05,0.3,5,0,1,0,heldout
pad,1,0,0.05,0.5,6,0,1,0,heldout
pad,1,17,0.05,0.5,2,0,1,0,heldout
pad,1,18,0.05,0.5,5,0,1,0,heldout
pad,1,27,0.05,0.5,1,0,0,0,heldout
pad,1,28,0.05,0.5,5,0,1,0,heldout
pad,1,33,0.05,0.5,2,0,1,0,heldout
pad,1,34,0.05,0.5,1,0,3,0,heldout
pad,1,37,0.05,0.5,3,0,1,0,heldout
pad,1,43,0.05,0.5,1,0,0,0,heldout
pad,1,45,0.05,0.5,4,0,0,0,heldout
pad,1,47,0.05,0.5,1,0,3,0,heldout
pad,1,54,0.05,0.5,9,0,2,0,heldout
pad,1,57,0.05,0.5,4,0,0,0,heldout
pad,1,66,0.05,0.5,9,0,0,0,heldout
pad,1,72,0.05,0.5,7,0,0,0,heldout
pad,1,77,0.05,0.5,8,0,0,0,heldout
pad,1,79,0.05,0.5,6,0,0,0,heldout
pad,1,85,0.05,0.5,6,0,0,0,heldout
pad,1,97,0.05,0.5,5,0,0,0,heldout
pad,1,106,0.05,0.5,3,0,1,0,heldout
pad,1,108,0.05,0.5,7,0,3,0,heldout
pad,1,111,0.05,0.5,4,0,1,0,heldout
pad,1,113,0.05,0.5,7,0,3,0,heldout
pad,1,116,0.05,0.5,8,0,0,0,heldout
pad,1,121,0.05,0.5,3,0,0,0,heldout
pad,1,124,0.05,0.5,7,0,0,0,heldout
pad,1,125,0.05,0.5,5,0,1,0,heldout
pad,1,-1,0.075,0.3,93,0,15,0,val
pad,1,-1,0.075,0.5,93,0,15,0,val
pad,1,0,0.075,0.3,6,0,0,0,heldout
pad,1,17,0.075,0.3,2,0,0,0,heldout
pad,1,18,0.075,0.3,5,0,1,0,heldout
pad,1,27,0.075,0.3,1,0,0,0,heldout
pad,1,28,0.075,0.3,5,0,1,0,heldout
pad,1,33,0.075,0.3,2,0,1,0,heldout
pad,1,34,0.075,0.3,1,0,1,0,heldout
pad,1,37,0.075,0.3,3,0,0,0,heldout
pad,1,43,0.075,0.3,1,0,2,0,heldout
pad,1,45,0.075,0.3,4,0,2,0,heldout
pad,1,47,0.075,0.3,1,0,2,0,heldout
pad,1,54,0.075,0.3,9,0,1,0,heldout
pad,1,57,0.075,0.3,4,0,6,0,heldout
pad,1,66,0.075,0.3,9,0,0,0,heldout
pad,1,72,0.075,0.3,7,0,0,0,heldout
pad,1,77,0.075,0.3,8,0,0,0,heldout
pad,1,79,0.075,0.3,6,0,0,0,heldout
pad,1,85,0.075,0.3,6,0,0,0,heldout
pad,1,97,0.075,0.3,5,0,1,0,heldout
pad,1,106,0.075,0.3,3,0,2,0,heldout
pad,1,108,0.075,0.3,7,0,0,0,heldout
pad,1,111,0.075,0.3,4,0,0,0,heldout
pad,1,113,0.075,0.3,7,0,1,0,heldout
pad,1,116,0.075,0.3,8,1,1,1,heldout
pad,1,121,0.075,0.3,3,0,1,0,heldout
pad,1,124,0.075,0.3,7,0,1,0,heldout
pad,1,125,0.075,0.3,5,0,1,0,heldout
pad,1,0,0.075,0.5,6,0,0,0,heldout
pad,1,17,0.075,0.5,2,0,0,0,heldout
pad,1,18,0.075,0.5,5,0,1,0,heldout
pad,1,27,0.075,0.5,1,0,0,0,heldout
pad,1,28,0.075,0.5,5,0,1,0,heldout
pad,1,33,0.075,0.5,2,0,1,0,heldout
pad,1,34,0.075,0.5,1,0,1,0,heldout
pad,1,37,0.075,0.5,3,0,0,0,heldout
pad,1,43,0.075,0.5,1,0,2,0,heldout
pad,1,45,0.075,0.5,4,0,2,0,heldout
pad,1,47,0.075,0.5,1,0,2,0,heldout
pad,1,54,0.075,0.5,9,0,1,0,heldout
pad,1,57,0.075,0.5,4,0,6,0,heldout
pad,1,66,0.075,0.5,9,0,0,0,heldout
pad,1,72,0.075,0.5,7,0,0,0,heldout
pad,1,77,0.075,0.5,8,0,0,0,heldout
pad,1,79,0.075,0.5,6,0,0,0,heldout
pad,1,85,0.075,0.5,6,0,0,0,heldout
pad,1,97,0.075,0.5,5,0,1,0,heldout
pad,1,106,0.075,0.5,3,0,2,0,heldout
pad,1,108,0.075,0.5,7,0,0,0,heldout
pad,1,111,0.075,0.5,4,0,0,0,heldout
pad,1,113,0.075,0.5,7,0,1,0,heldout
pad,1,116,0.075,0.5,8,0,1,0,heldout
pad,1,121,0.075,0.5,3,0,1,0,heldout
pad,1,124,0.075,0.5,7,0,1,0,heldout
pad,1,125,0.075,0.5,5,0,1,0,heldout
pad,1,-1,0.1,0.3,93,3,75,3,val
pad,1,-1,0.1,0.5,93,0,75,0,val
pad,1,0,0.1,0.3,6,0,3,0,heldout
pad,1,17,0.1,0.3,2,0,5,0,heldout
pad,1,18,0.1,0.3,5,0,3,0,heldout
pad,1,27,0.1,0.3,1,0,1,0,heldout
pad,1,28,0.1,0.3,5,0,3,0,heldout
pad,1,33,0.1,0.3,2,2,9,2,heldout
pad,1,34,0.1,0.3,1,0,10,0,heldout
pad,1,37,0.1,0.3,3,0,2,0,heldout
pad,1,43,0.1,0.3,1,0,6,0,heldout
pad,1,45,0.1,0.3,4,0,3,0,heldout
pad,1,47,0.1,0.3,1,0,7,0,heldout
pad,1,54,0.1,0.3,9,0,6,0,heldout
pad,1,57,0.1,0.3,4,0,6,0,heldout
pad,1,66,0.1,0.3,9,0,1,0,heldout
pad,1,72,0.1,0.3,7,0,2,0,heldout
pad,1,77,0.1,0.3,8,1,3,1,heldout
pad,1,79,0.1,0.3,6,0,4,0,heldout
pad,1,85,0.1,0.3,6,0,0,0,heldout
pad,1,97,0.1,0.3,5,0,3,0,heldout
pad,1,106,0.1,0.3,3,0,3,0,heldout
pad,1,108,0.1,0.3,7,0,2,0,heldout
pad,1,111,0.1,0.3,4,0,1,0,heldout
pad,1,113,0.1,0.3,7,1,3,1,heldout
pad,1,116,0.1,0.3,8,1,2,1,heldout
pad,1,121,0.1,0.3,3,0,1,0,heldout
pad,1,124,0.1,0.3,7,0,3,0,heldout
pad,1,125,0.1,0.3,5,0,6,0,heldout
pad,1,0,0.1,0.5,6,0,3,0,heldout
pad,1,17,0.1,0.5,2,0,5,0,heldout
pad,1,18,0.1,0.5,5,0,3,0,heldout
pad,1,27,0.1,0.5,1,0,1,0,heldout
pad,1,28,0.1,0.5,5,0,3,0,heldout
pad,1,33,0.1,0.5,2,1,9,1,heldout
pad,1,34,0.1,0.5,1,0,10,0,heldout
pad,1,37,0.1,0.5,3,0,2,0,heldout
pad,1,43,0.1,0.5,1,0,6,0,heldout
pad,1,45,0.1,0.5,4,0,3,0,heldout
pad,1,47,0.1,0.5,1,0,7,0,heldout
pad,1,54,0.1,0.5,9,0,6,0,heldout
pad,1,57,0.1,0.5,4,0,6,0,heldout
pad,1,66,0.1,0.5,9,0,1,0,heldout
pad,1,72,0.1,0.5,7,0,2,0,heldout
pad,1,77,0.1,0.5,8,0,3,0,heldout
pad,1,79,0.1,0.5,6,0,4,0,heldout
pad,1,85,0.1,0.5,6,0,0,0,heldout
pad,1,97,0.1,0.5,5,0,3,0,heldout
pad,1,106,0.1,0.5,3,0,3,0,heldout
pad,1,108,0.1,0.5,7,0,2,0,heldout
pad,1,111,0.1,0.5,4,0,1,0,heldout
pad,1,113,0.1,0.5,7,0,3,0,heldout
pad,1,116,0.1,0.5,8,0,2,0,heldout
pad,1,121,0.1,0.5,3,0,1,0,heldout
pad,1,124,0.1,0.5,7,0,3,0,heldout
pad,1,125,0.1,0.5,5,0,6,0,heldout
pad,1,-1,0.125,0.3,93,9,103,9,val
pad,1,-1,0.125,0.5,93,2,103,2,val
pad,1,0,0.125,0.3,6,0,3,0,heldout
pad,1,17,0.125,0.3,2,0,9,0,heldout
pad,1,18,0.125,0.3,5,0,6,0,heldout
pad,1,27,0.125,0.3,1,0,0,0,heldout
pad,1,28,0.125,0.3,5,0,4,0,heldout
pad,1,33,0.125,0.3,2,2,8,2,heldout
pad,1,34,0.125,0.3,1,0,8,0,heldout
pad,1,37,0.125,0.3,3,0,4,0,heldout
pad,1,43,0.125,0.3,1,1,7,1,heldout
pad,1,45,0.125,0.3,4,1,11,1,heldout
pad,1,47,0.125,0.3,1,0,10,0,heldout
pad,1,54,0.125,0.3,9,0,8,0,heldout
pad,1,57,0.125,0.3,4,0,10,0,heldout
pad,1,66,0.125,0.3,9,0,3,0,heldout
pad,1,72,0.125,0.3,7,0,1,0,heldout
pad,1,77,0.125,0.3,8,1,4,1,heldout
pad,1,79,0.125,0.3,6,0,4,0,heldout
pad,1,85,0.125,0.3,6,0,0,0,heldout
pad,1,97,0.125,0.3,5,0,3,0,heldout
pad,1,106,0.125,0.3,3,0,6,0,heldout
pad,1,108,0.125,0.3,7,1,7,1,heldout
pad,1,111,0.125,0.3,4,0,2,0,heldout
pad,1,113,0.125,0.3,7,1,2,1,heldout
pad,1,116,0.125,0.3,8,1,3,1,heldout
pad,1,121,0.125,0.3,3,0,6,0,heldout
pad,1,124,0.125,0.3,7,0,3,0,heldout
pad,1,125,0.125,0.3,5,0,5,0,heldout
pad,1,0,0.125,0.5,6,0,3,0,heldout
pad,1,17,0.125,0.5,2,0,9,0,heldout
pad,1,18,0.125,0.5,5,0,6,0,heldout
pad,1,27,0.125,0.5,1,0,0,0,heldout
pad,1,28,0.125,0.5,5,0,4,0,heldout
pad,1,33,0.125,0.5,2,1,8,1,heldout
pad,1,34,0.125,0.5,1,0,8,0,heldout
pad,1,37,0.125,0.5,3,0,4,0,heldout
pad,1,43,0.125,0.5,1,0,7,0,heldout
pad,1,45,0.125,0.5,4,1,11,1,heldout
pad,1,47,0.125,0.5,1,0,10,0,heldout
pad,1,54,0.125,0.5,9,0,8,0,heldout
pad,1,57,0.125,0.5,4,0,10,0,heldout
pad,1,66,0.125,0.5,9,0,3,0,heldout
pad,1,72,0.125,0.5,7,0,1,0,heldout
pad,1,77,0.125,0.5,8,0,4,0,heldout
pad,1,79,0.125,0.5,6,0,4,0,heldout
pad,1,85,0.125,0.5,6,0,0,0,heldout
pad,1,97,0.125,0.5,5,0,3,0,heldout
pad,1,106,0.125,0.5,3,0,6,0,heldout
pad,1,108,0.125,0.5,7,0,7,0,heldout
pad,1,111,0.125,0.5,4,0,2,0,heldout
pad,1,113,0.125,0.5,7,0,2,0,heldout
pad,1,116,0.125,0.5,8,0,3,0,heldout
pad,1,121,0.125,0.5,3,0,6,0,heldout
pad,1,124,0.125,0.5,7,0,3,0,heldout
pad,1,125,0.125,0.5,5,0,5,0,heldout
pad,1,-1,0.15,0.3,93,19,126,19,val
pad,1,-1,0.15,0.5,93,3,126,3,val
pad,1,0,0.15,0.3,6,1,5,1,heldout
pad,1,17,0.15,0.3,2,0,8,0,heldout
pad,1,18,0.15,0.3,5,1,11,1,heldout
pad,1,27,0.15,0.3,1,0,1,0,heldout
pad,1,28,0.15,0.3,5,0,6,0,heldout
pad,1,33,0.15,0.3,2,2,6,2,heldout
pad,1,34,0.15,0.3,1,0,6,0,heldout
pad,1,37,0.15,0.3,3,0,4,0,heldout
pad,1,43,0.15,0.3,1,1,7,1,heldout
pad,1,45,0.15,0.3,4,2,10,2,heldout
pad,1,47,0.15,0.3,1,0,9,0,heldout
pad,1,54,0.15,0.3,9,0,9,0,heldout
pad,1,57,0.15,0.3,4,0,16,0,heldout
pad,1,66,0.15,0.3,9,0,5,0,heldout
pad,1,72,0.15,0.3,7,0,1,0,heldout
pad,1,77,0.15,0.3,8,1,4,1,heldout
pad,1,79,0.15,0.3,6,0,9,0,heldout
pad,1,85,0.15,0.3,6,0,2,0,heldout
pad,1,97,0.15,0.3,5,0,3,0,heldout
pad,1,106,0.15,0.3,3,0,9,0,heldout
pad,1,108,0.15,0.3,7,1,7,1,heldout
pad,1,111,0.15,0.3,4,0,4,0,heldout
pad,1,113,0.15,0.3,7,1,3,1,heldout
pad,1,116,0.15,0.3,8,1,5,1,heldout
pad,1,121,0.15,0.3,3,0,5,0,heldout
pad,1,124,0.15,0.3,7,1,5,1,heldout
pad,1,125,0.15,0.3,5,0,6,0,heldout
pad,1,0,0.15,0.5,6,0,5,0,heldout
pad,1,17,0.15,0.5,2,0,8,0,heldout
pad,1,18,0.15,0.5,5,1,11,1,heldout
pad,1,27,0.15,0.5,1,0,1,0,heldout
pad,1,28,0.15,0.5,5,0,6,0,heldout
pad,1,33,0.15,0.5,2,2,6,2,heldout
pad,1,34,0.15,0.5,1,0,6,0,heldout
pad,1,37,0.15,0.5,3,0,4,0,heldout
pad,1,43,0.15,0.5,1,0,7,0,heldout
pad,1,45,0.15,0.5,4,1,10,1,heldout
pad,1,47,0.15,0.5,1,0,9,0,heldout
pad,1,54,0.15,0.5,9,0,9,0,heldout
pad,1,57,0.15,0.5,4,0,16,0,heldout
pad,1,66,0.15,0.5,9,0,5,0,heldout
pad,1,72,0.15,0.5,7,0,1,0,heldout
pad,1,77,0.15,0.5,8,0,4,0,heldout
pad,1,79,0.15,0.5,6,0,9,0,heldout
pad,1,85,0.15,0.5,6,0,2,0,heldout
pad,1,97,0.15,0.5,5,0,3,0,heldout
pad,1,106,0.15,0.5,3,0,9,0,heldout
pad,1,108,0.15,0.5,7,0,7,0,heldout
pad,1,111,0.15,0.5,4,0,4,0,heldout
pad,1,113,0.15,0.5,7,0,3,0,heldout
pad,1,116,0.15,0.5,8,0,5,0,heldout
pad,1,121,0.15,0.5,3,0,5,0,heldout
pad,1,124,0.15,0.5,7,0,5,0,heldout
pad,1,125,0.15,0.5,5,0,6,0,heldout
pad,1,-1,0.175,0.3,93,24,141,24,val
pad,1,-1,0.175,0.5,93,4,141,4,val
pad,1,0,0.175,0.3,6,1,8,1,heldout
pad,1,17,0.175,0.3,2,0,6,0,heldout
pad,1,18,0.175,0.3,5,1,10,1,heldout
pad,1,27,0.175,0.3,1,0,3,0,heldout
pad,1,28,0.175,0.3,5,0,4,0,heldout
pad,1,33,0.175,0.3,2,2,7,2,heldout
pad,1,34,0.175,0.3,1,0,5,0,heldout
pad,1,37,0.175,0.3,3,0,4,0,heldout
pad,1,43,0.175,0.3,1,1,8,1,heldout
pad,1,45,0.175,0.3,4,2,10,2,heldout
pad,1,47,0.175,0.3,1,0,8,0,heldout
pad,1,54,0.175,0.3,9,1,8,1,heldout
pad,1,57,0.175,0.3,4,1,15,1,heldout
pad,1,66,0.175,0.3,9,1,10,1,heldout
pad,1,72,0.175,0.3,7,0,3,0,heldout
pad,1,77,0.175,0.3,8,1,3,1,heldout
pad,1,79,0.175,0.3,6,1,8,1,heldout
pad,1,85,0.175,0.3,6,0,1,0,heldout
pad,1,97,0.175,0.3,5,0,3,0,heldout
pad,1,106,0.175,0.3,3,0,10,0,heldout
pad,1,108,0.175,0.3,7,2,14,2,heldout
pad,1,111,0.175,0.3,4,0,4,0,heldout
pad,1,113,0.175,0.3,7,1,3,1,heldout
pad,1,116,0.175,0.3,8,1,5,1,heldout
pad,1,121,0.175,0.3,3,1,7,1,heldout
pad,1,124,0.175,0.3,7,1,6,1,heldout
pad,1,125,0.175,0.3,5,0,7,0,heldout
pad,1,0,0.175,0.5,6,0,8,0,heldout
pad,1,17,0.175,0.5,2,0,6,0,heldout
pad,1,18,0.175,0.5,5,1,10,1,heldout
pad,1,27,0.175,0.5,1,0,3,0,heldout
pad,1,28,0.175,0.5,5,0,4,0,heldout
pad,1,33,0.175,0.5,2,2,7,2,heldout
pad,1,34,0.175,0.5,1,0,5,0,heldout
pad,1,37,0.175,0.5,3,0,4,0,heldout
pad,1,43,0.175,0.5,1,0,8,0,heldout
pad,1,45,0.175,0.5,4,1,10,1,heldout
pad,1,47,0.175,0.5,1,0,8,0,heldout
pad,1,54,0.175,0.5,9,0,8,0,heldout
pad,1,57,0.175,0.5,4,0,15,0,heldout
pad,1,66,0.175,0.5,9,0,10,0,heldout
pad,1,72,0.175,0.5,7,0,3,0,heldout
pad,1,77,0.175,0.5,8,0,3,0,heldout
pad,1,79,0.175,0.5,6,0,8,0,heldout
pad,1,85,0.175,0.5,6,0,1,0,heldout
pad,1,97,0.175,0.5,5,0,3,0,heldout
pad,1,106,0.175,0.5,3,0,10,0,heldout
pad,1,108,0.175,0.5,7,1,14,1,heldout
pad,1,111,0.175,0.5,4,0,4,0,heldout
pad,1,113,0.175,0.5,7,0,3,0,heldout
pad,1,116,0.175,0.5,8,0,5,0,heldout
pad,1,121,0.175,0.5,3,0,7,0,heldout
pad,1,124,0.175,0.5,7,0,6,0,heldout
pad,1,125,0.175,0.5,5,0,7,0,heldout
pad,1,-1,0.2,0.3,93,31,159,31,val
pad,1,-1,0.2,0.5,93,8,159,8,val
pad,1,0,0.2,0.3,6,1,7,1,heldout
pad,1,17,0.2,0.3,2,0,7,0,heldout
pad,1,18,0.2,0.3,5,1,7,1,heldout
pad,1,27,0.2,0.3,1,0,3,0,heldout
pad,1,28,0.2,0.3,5,0,3,0,heldout
pad,1,33,0.2,0.3,2,2,6,2,heldout
pad,1,34,0.2,0.3,1,0,3,0,heldout
pad,1,37,0.2,0.3,3,0,4,0,heldout
pad,1,43,0.2,0.3,1,1,10,1,heldout
pad,1,45,0.2,0.3,4,3,10,3,heldout
pad,1,47,0.2,0.3,1,0,6,0,heldout
pad,1,54,0.2,0.3,9,1,8,1,heldout
pad,1,57,0.2,0.3,4,1,12,1,heldout
pad,1,66,0.2,0.3,9,1,10,1,heldout
pad,1,72,0.2,0.3,7,2,6,2,heldout
pad,1,77,0.2,0.3,8,1,5,1,heldout
pad,1,79,0.2,0.3,6,2,10,2,heldout
pad,1,85,0.2,0.3,6,0,1,0,heldout
pad,1,97,0.2,0.3,5,0,2,0,heldout
pad,1,106,0.2,0.3,3,0,9,0,heldout
pad,1,108,0.2,0.3,7,3,17,3,heldout
pad,1,111,0.2,0.3,4,0,3,0,heldout
pad,1,113,0.2,0.3,7,1,3,1,heldout
pad,1,116,0.2,0.3,8,2,9,2,heldout
pad,1,121,0.2,0.3,3,1,8,1,heldout
pad,1,124,0.2,0.3,7,1,5,1,heldout
pad,1,125,0.2,0.3,5,1,8,1,heldout
pad,1,0,0.2,0.5,6,0,7,0,heldout
pad,1,17,0.2,0.5,2,0,7,0,heldout
pad,1,18,0.2,0.5,5,1,7,1,heldout
pad,1,27,0.2,0.5,1,0,3,0,heldout
pad,1,28,0.2,0.5,5,0,3,0,heldout
pad,1,33,0.2,0.5,2,2,6,2,heldout
pad,1,34,0.2,0.5,1,0,3,0,heldout
pad,1,37,0.2,0.5,3,0,4,0,heldout
pad,1,43,0.2,0.5,1,0,10,0,heldout
pad,1,45,0.2,0.5,4,2,10,2,heldout
pad,1,47,0.2,0.5,1,0,6,0,heldout
pad,1,54,0.2,0.5,9,0,8,0,heldout
pad,1,57,0.2,0.5,4,0,12,0,heldout
pad,1,66,0.2,0.5,9,0,10,0,heldout
pad,1,72,0.2,0.5,7,0,6,0,heldout
pad,1,77,0.2,0.5,8,0,5,0,heldout
pad,1,79,0.2,0.5,6,0,10,0,heldout
pad,1,85,0.2,0.5,6,0,1,0,heldout
pad,1,97,0.2,0.5,5,0,2,0,heldout
pad,1,106,0.2,0.5,3,0,9,0,heldout
pad,1,108,0.2,0.5,7,1,17,1,heldout
pad,1,111,0.2,0.5,4,0,3,0,heldout
pad,1,113,0.2,0.5,7,0,3,0,heldout
pad,1,116,0.2,0.5,8,0,9,0,heldout
pad,1,121,0.2,0.5,3,0,8,0,heldout
pad,1,124,0.2,0.5,7,0,5,0,heldout
pad,1,125,0.2,0.5,5,0,8,0,heldout
pad,1,-1,0.225,0.3,93,38,163,38,val
pad,1,-1,0.225,0.5,93,11,163,11,val
pad,1,0,0.225,0.3,6,2,10,2,heldout
pad,1,17,0.225,0.3,2,0,10,0,heldout
pad,1,18,0.225,0.3,5,1,7,1,heldout
pad,1,27,0.225,0.3,1,0,2,0,heldout
pad,1,28,0.225,0.3,5,0,2,0,heldout
pad,1,33,0.225,0.3,2,2,6,2,heldout
pad,1,34,0.225,0.3,1,0,2,0,heldout
pad,1,37,0.225,0.3,3,0,3,0,heldout
pad,1,43,0.225,0.3,1,1,8,1,heldout
pad,1,45,0.225,0.3,4,4,14,4,heldout
pad,1,47,0.225,0.3,1,0,6,0,heldout
pad,1,54,0.225,0.3,9,2,6,2,heldout
pad,1,57,0.225,0.3,4,1,11,1,heldout
pad,1,66,0.225,0.3,9,1,10,1,heldout
pad,1,72,0.225,0.3,7,2,4,2,heldout
pad,1,77,0.225,0.3,8,1,4,1,heldout
pad,1,79,0.225,0.3,6,3,11,3,heldout
pad,1,85,0.225,0.3,6,0,3,0,heldout
pad,1,97,0.225,0.3,5,1,3,1,heldout
pad,1,106,0.225,0.3,3,0,7,0,heldout
pad,1,108,0.225,0.3,7,3,12,3,heldout
pad,1,111,0.225,0.3,4,0,3,0,heldout
pad,1,113,0.225,0.3,7,1,3,1,heldout
pad,1,116,0.225,0.3,8,2,7,2,heldout
pad,1,121,0.225,0.3,3,1,9,1,heldout
pad,1,124,0.225,0.3,7,2,7,2,heldout
pad,1,125,0.225,0.3,5,1,8,1,heldout
pad,1,0,0.225,0.5,6,0,10,0,heldout
pad,1,17,0.225,0.5,2,0,10,0,heldout
pad,1,18,0.225,0.5,5,1,7,1,heldout
pad,1,27,0.225,0.5,1,0,2,0,heldout
pad,1,28,0.225,0.5,5,0,2,0,heldout
pad,1,33,0.225,0.5,2,2,6,2,heldout
pad,1,34,0.225,0.5,1,0,2,0,heldout
pad,1,37,0.225,0.5,3,0,3,0,heldout
pad,1,43,0.225,0.5,1,0,8,0,heldout
pad,1,45,0.225,0.5,4,2,14,2,heldout
pad,1,47,0.225,0.5,1,0,6,0,heldout
pad,1,54,0.225,0.5,9,0,6,0,heldout
pad,1,57,0.225,0.5,4,0,11,0,heldout
pad,1,66,0.225,0.5,9,0,10,0,heldout
pad,1,72,0.225,0.5,7,0,4,0,heldout
pad,1,77,0.225,0.5,8,0,4,0,heldout
pad,1,79,0.225,0.5,6,0,11,0,heldout
pad,1,85,0.225,0.5,6,0,3,0,heldout
pad,1,97,0.225,0.5,5,1,3,1,heldout
pad,1,106,0.225,0.5,3,0,7,0,heldout
pad,1,108,0.225,0.5,7,1,12,1,heldout
pad,1,111,0.225,0.5,4,0,3,0,heldout
pad,1,113,0.225,0.5,7,0,3,0,heldout
pad,1,116,0.225,0.5,8,0,7,0,heldout
pad,1,121,0.225,0.5,3,0,9,0,heldout
pad,1,124,0.225,0.5,7,0,7,0,heldout
pad,1,125,0.225,0.5,5,0,8,0,heldout
pad,1,-1,0.25,0.3,93,45,168,45,val
pad,1,-1,0.25,0.5,93,14,168,14,val
pad,1,0,0.25,0.3,6,2,6,2,heldout
pad,1,17,0.25,0.3,2,0,12,0,heldout
pad,1,18,0.25,0.3,5,1,6,1,heldout
pad,1,27,0.25,0.3,1,0,2,0,heldout
pad,1,28,0.25,0.3,5,0,3,0,heldout
pad,1,33,0.25,0.3,2,2,6,2,heldout
pad,1,34,0.25,0.3,1,1,2,1,heldout
pad,1,37,0.25,0.3,3,0,3,0,heldout
pad,1,43,0.25,0.3,1,1,7,1,heldout
pad,1,45,0.25,0.3,4,4,10,4,heldout
pad,1,47,0.25,0.3,1,0,5,0,heldout
pad,1,54,0.25,0.3,9,3,7,3,heldout
pad,1,57,0.25,0.3,4,1,10,1,heldout
pad,1,66,0.25,0.3,9,2,12,2,heldout
pad,1,72,0.25,0.3,7,2,6,2,heldout
pad,1,77,0.25,0.3,8,1,6,1,heldout
pad,1,79,0.25,0.3,6,4,12,4,heldout
pad,1,85,0.25,0.3,6,2,6,2,heldout
pad,1,97,0.25,0.3,5,2,4,2,heldout
pad,1,106,0.25,0.3,3,1,7,1,heldout
pad,1,108,0.25,0.3,7,3,12,3,heldout
pad,1,111,0.25,0.3,4,0,3,0,heldout
pad,1,113,0.25,0.3,7,1,3,1,heldout
pad,1,116,0.25,0.3,8,2,8,2,heldout
pad,1,121,0.25,0.3,3,1,8,1,heldout
pad,1,124,0.25,0.3,7,4,8,4,heldout
pad,1,125,0.25,0.3,5,3,8,3,heldout
pad,1,0,0.25,0.5,6,0,6,0,heldout
pad,1,17,0.25,0.5,2,0,12,0,heldout
pad,1,18,0.25,0.5,5,1,6,1,heldout
pad,1,27,0.25,0.5,1,0,2,0,heldout
pad,1,28,0.25,0.5,5,0,3,0,heldout
pad,1,33,0.25,0.5,2,2,6,2,heldout
pad,1,34,0.25,0.5,1,0,2,0,heldout
pad,1,37,0.25,0.5,3,0,3,0,heldout
pad,1,43,0.25,0.5,1,0,7,0,heldout
pad,1,45,0.25,0.5,4,2,10,2,heldout
pad,1,47,0.25,0.5,1,0,5,0,heldout
pad,1,54,0.25,0.5,9,0,7,0,heldout
pad,1,57,0.25,0.5,4,1,10,1,heldout
pad,1,66,0.25,0.5,9,0,12,0,heldout
pad,1,72,0.25,0.5,7,0,6,0,heldout
pad,1,77,0.25,0.5,8,1,6,1,heldout
pad,1,79,0.25,0.5,6,1,12,1,heldout
pad,1,85,0.25,0.5,6,1,6,1,heldout
pad,1,97,0.25,0.5,5,2,4,2,heldout
pad,1,106,0.25,0.5,3,0,7,0,heldout
pad,1,108,0.25,0.5,7,2,12,2,heldout
pad,1,111,0.25,0.5,4,0,3,0,heldout
pad,1,113,0.25,0.5,7,0,3,0,heldout
pad,1,116,0.25,0.5,8,0,8,0,heldout
pad,1,121,0.25,0.5,3,1,8,1,heldout
pad,1,124,0.25,0.5,7,0,8,0,heldout
pad,1,125,0.25,0.5,5,1,8,1,heldout
pad,1,-1,0.275,0.3,93,51,170,51,val
pad,1,-1,0.275,0.5,93,21,170,21,val
pad,1,0,0.275,0.3,6,3,7,3,heldout
pad,1,17,0.275,0.3,2,1,15,2,heldout
pad,1,18,0.275,0.3,5,2,5,1,heldout
pad,1,27,0.275,0.3,1,0,3,0,heldout
pad,1,28,0.275,0.3,5,1,5,1,heldout
pad,1,33,0.275,0.3,2,2,7,2,heldout
pad,1,34,0.275,0.3,1,1,3,1,heldout
pad,1,37,0.275,0.3,3,0,2,0,heldout
pad,1,43,0.275,0.3,1,1,10,1,heldout
pad,1,45,0.275,0.3,4,4,8,4,heldout
pad,1,47,0.275,0.3,1,0,5,0,heldout
pad,1,54,0.275,0.3,9,5,8,5,heldout
pad,1,57,0.275,0.3,4,2,13,2,heldout
pad,1,66,0.275,0.3,9,4,12,4,heldout
pad,1,72,0.275,0.3,7,3,9,3,heldout
pad,1,77,0.275,0.3,8,2,6,2,heldout
pad,1,79,0.275,0.3,6,4,13,4,heldout
pad,1,85,0.275,0.3,6,2,6,2,heldout
pad,1,97,0.275,0.3,5,3,5,3,heldout
pad,1,106,0.275,0.3,3,1,11,1,heldout
pad,1,108,0.275,0.3,7,3,11,3,heldout
pad,1,111,0.275,0.3,4,0,3,0,heldout
pad,1,113,0.275,0.3,7,1,4,1,heldout
pad,1,116,0.275,0.3,8,2,9,2,heldout
pad,1,121,0.275,0.3,3,2,7,2,heldout
pad,1,124,0.275,0.3,7,4,7,4,heldout
pad,1,125,0.275,0.3,5,3,7,3,heldout
pad,1,0,0.275,0.5,6,2,7,2,heldout
pad,1,17,0.275,0.5,2,1,15,1,heldout
pad,1,18,0.275,0.5,5,1,5,1,heldout
pad,1,27,0.275,0.5,1,0,3,0,heldout
pad,1,28,0.275,0.5,5,1,5,1,heldout
pad,1,33,0.275,0.5,2,2,7,2,heldout
pad,1,34,0.275,0.5,1,0,3,0,heldout
pad,1,37,0.275,0.5,3,0,2,0,heldout
pad,1,43,0.275,0.5,1,0,10,0,heldout
pad,1,45,0.275,0.5,4,2,8,2,heldout
pad,1,47,0.275,0.5,1,0,5,0,heldout
pad,1,54,0.275,0.5,9,0,8,0,heldout
pad,1,57,0.275,0.5,4,1,13,1,heldout
pad,1,66,0.275,0.5,9,2,12,2,heldout
pad,1,72,0.275,0.5,7,0,9,0,heldout
pad,1,77,0.275,0.5,8,1,6,1,heldout
pad,1,79,0.275,0.5,6,1,13,1,heldout
pad,1,85,0.275,0.5,6,2,6,2,heldout
pad,1,97,0.275,0.5,5,2,5,2,heldout
pad,1,106,0.275,0.5,3,0,11,0,heldout
pad,1,108,0.275,0.5,7,2,11,2,heldout
pad,1,111,0.275,0.5,4,0,3,0,heldout
pad,1,113,0.275,0.5,7,0,4,0,heldout
pad,1,116,0.275,0.5,8,0,9,0,heldout
pad,1,121,0.275,0.5,3,1,7,1,heldout
pad,1,124,0.275,0.5,7,0,7,0,heldout
pad,1,125,0.275,0.5,5,1,7,1,heldout
pad,1,-1,0.3,0.3,93,55,167,55,val
pad,1,-1,0.3,0.5,93,27,167,27,val
pad,1,0,0.3,0.3,6,3,8,3,heldout
pad,1,17,0.3,0.3,2,1,13,2,heldout
pad,1,18,0.3,0.3,5,4,5,3,heldout
pad,1,27,0.3,0.3,1,1,7,1,heldout
pad,1,28,0.3,0.3,5,1,4,1,heldout
pad,1,33,0.3,0.3,2,2,5,2,heldout
pad,1,34,0.3,0.3,1,1,3,1,heldout
pad,1,37,0.3,0.3,3,1,3,1,heldout
pad,1,43,0.3,0.3,1,1,10,1,heldout
pad,1,45,0.3,0.3,4,4,9,4,heldout
pad,1,47,0.3,0.3,1,0,6,0,heldout
pad,1,54,0.3,0.3,9,6,9,6,heldout
pad,1,57,0.3,0.3,4,2,11,2,heldout
pad,1,66,0.3,0.3,9,5,11,5,heldout
pad,1,72,0.3,0.3,7,3,6,3,heldout
pad,1,77,0.3,0.3,8,2,5,2,heldout
pad,1,79,0.3,0.3,6,4,13,4,heldout
pad,1,85,0.3,0.3,6,2,8,2,heldout
pad,1,97,0.3,0.3,5,3,6,3,heldout
pad,1,106,0.3,0.3,3,2,9,2,heldout
pad,1,108,0.3,0.3,7,3,10,3,heldout
pad,1,111,0.3,0.3,4,0,7,0,heldout
pad,1,113,0.3,0.3,7,2,5,2,heldout
pad,1,116,0.3,0.3,8,4,9,4,heldout
pad,1,121,0.3,0.3,3,2,7,2,heldout
pad,1,124,0.3,0.3,7,5,8,5,heldout
pad,1,125,0.3,0.3,5,3,8,3,heldout
pad,1,0,0.3,0.5,6,2,8,2,heldout
pad,1,17,0.3,0.5,2,1,13,1,heldout
pad,1,18,0.3,0.5,5,2,5,2,heldout
pad,1,27,0.3,0.5,1,0,7,0,heldout
pad,1,28,0.3,0.5,5,1,4,1,heldout
pad,1,33,0.3,0.5,2,2,5,2,heldout
pad,1,34,0.3,0.5,1,0,3,0,heldout
pad,1,37,0.3,0.5,3,0,3,0,heldout
pad,1,43,0.3,0.5,1,0,10,0,heldout
pad,1,45,0.3,0.5,4,2,9,2,heldout
pad,1,47,0.3,0.5,1,0,6,0,heldout
pad,1,54,0.3,0.5,9,0,9,0,heldout
pad,1,57,0.3,0.5,4,0,11,0,heldout
pad,1,66,0.3,0.5,9,2,11,2,heldout
pad,1,72,0.3,0.5,7,0,6,0,heldout
pad,1,77,0.3,0.5,8,1,5,1,heldout
pad,1,79,0.3,0.5,6,1,13,1,heldout
pad,1,85,0.3,0.5,6,2,8,2,heldout
pad,1,97,0.3,0.5,5,2,6,2,heldout
pad,1,106,0.3,0.5,3,0,9,0,heldout
pad,1,108,0.3,0.5,7,2,10,2,heldout
pad,1,111,0.3,0.5,4,0,7,0,heldout
pad,1,113,0.3,0.5,7,0,5,0,heldout
pad,1,116,0.3,0.5,8,2,9,2,heldout
pad,1,121,0.3,0.5,3,1,7,1,heldout
pad,1,124,0.3,0.5,7,1,8,1,heldout
pad,1,125,0.3,0.5,5,2,8,2,heldout
pad,1,-1,0.325,0.3,93,64,166,64,val
pad,1,-1,0.325,0.5,93,37,166,37,val
pad,1,0,0.325,0.3,6,3,7,3,heldout
pad,1,17,0.325,0.3,2,1,15,2,heldout
pad,1,18,0.325,0.3,5,4,5,3,heldout
pad,1,27,0.325,0.3,1,1,8,1,heldout
pad,1,28,0.325,0.3,5,1,5,1,heldout
pad,1,33,0.325,0.3,2,2,5,2,heldout
pad,1,34,0.325,0.3,1,1,2,1,heldout
pad,1,37,0.325,0.3,3,1,2,1,heldout
pad,1,43,0.325,0.3,1,1,9,1,heldout
pad,1,45,0.325,0.3,4,4,7,4,heldout
pad,1,47,0.325,0.3,1,0,6,0,heldout
pad,1,54,0.325,0.3,9,7,9,7,heldout
pad,1,57,0.325,0.3,4,2,10,2,heldout
pad,1,66,0.325,0.3,9,8,12,8,heldout
pad,1,72,0.325,0.3,7,3,7,3,heldout
pad,1,77,0.325,0.3,8,2,6,2,heldout
pad,1,79,0.325,0.3,6,4,13,4,heldout
pad,1,85,0.325,0.3,6,3,10,3,heldout
pad,1,97,0.325,0.3,5,3,6,3,heldout
pad,1,106,0.325,0.3,3,3,11,3,heldout
pad,1,108,0.325,0.3,7,5,13,5,heldout
pad,1,111,0.325,0.3,4,1,6,1,heldout
pad,1,113,0.325,0.3,7,2,5,2,heldout
pad,1,116,0.325,0.3,8,6,10,6,heldout
pad,1,121,0.325,0.3,3,2,6,2,heldout
pad,1,124,0.325,0.3,7,5,8,5,heldout
pad,1,125,0.325,0.3,5,4,9,4,heldout
pad,1,0,0.325,0.5,6,2,7,2,heldout
pad,1,17,0.325,0.5,2,1,15,1,heldout
pad,1,18,0.325,0.5,5,3,5,3,heldout
pad,1,27,0.325,0.5,1,1,8,1,heldout
pad,1,28,0.325,0.5,5,1,5,1,heldout
pad,1,33,0.325,0.5,2,2,5,2,heldout
pad,1,34,0.325,0.5,1,0,2,0,heldout
pad,1,37,0.325,0.5,3,0,2,0,heldout
pad,1,43,0.325,0.5,1,1,9,1,heldout
pad,1,45,0.325,0.5,4,2,7,2,heldout
pad,1,47,0.325,0.5,1,0,6,0,heldout
pad,1,54,0.325,0.5,9,0,9,0,heldout
pad,1,57,0.325,0.5,4,0,10,0,heldout
pad,1,66,0.325,0.5,9,3,12,3,heldout
pad,1,72,0.325,0.5,7,3,7,3,heldout
pad,1,77,0.325,0.5,8,1,6,1,heldout
pad,1,79,0.325,0.5,6,1,13,1,heldout
pad,1,85,0.325,0.5,6,2,10,2,heldout
pad,1,97,0.325,0.5,5,2,6,2,heldout
pad,1,106,0.325,0.5,3,1,11,1,heldout
pad,1,108,0.325,0.5,7,3,13,3,heldout
pad,1,111,0.325,0.5,4,1,6,1,heldout
pad,1,113,0.325,0.5,7,1,5,1,heldout
pad,1,116,0.325,0.5,8,3,10,3,heldout
pad,1,121,0.325,0.5,3,1,6,1,heldout
pad,1,124,0.325,0.5,7,1,8,1,heldout
pad,1,125,0.325,0.5,5,2,9,2,heldout
pad,1,-1,0.35,0.3,93,65,164,65,val
pad,1,-1,0.35,0.5,93,43,164,43,val
pad,1,0,0.35,0.3,6,4,8,4,heldout
pad,1,17,0.35,0.3,2,1,13,2,heldout
pad,1,18,0.35,0.3,5,4,5,3,heldout
pad,1,27,0.35,0.3,1,1,9,1,heldout
pad,1,28,0.35,0.3,5,3,6,3,heldout
pad,1,33,0.35,0.3,2,2,4,2,heldout
pad,1,34,0.35,0.3,1,1,1,1,heldout
pad,1,37,0.35,0.3,3,2,2,2,heldout
pad,1,43,0.35,0.3,1,1,8,1,heldout
pad,1,45,0.35,0.3,4,4,6,4,heldout
pad,1,47,0.35,0.3,1,1,10,1,heldout
pad,1,54,0.35,0.3,9,7,9,7,heldout
pad,1,57,0.35,0.3,4,3,11,3,heldout
pad,1,66,0.35,0.3,9,8,10,8,heldout
pad,1,72,0.35,0.3,7,4,8,4,heldout
pad,1,77,0.35,0.3,8,2,5,2,heldout
pad,1,79,0.35,0.3,6,4,10,4,heldout
pad,1,85,0.35,0.3,6,4,10,4,heldout
pad,1,97,0.35,0.3,5,3,8,3,heldout
pad,1,106,0.35,0.3,3,3,11,3,heldout
pad,1,108,0.35,0.3,7,5,10,5,heldout
pad,1,111,0.35,0.3,4,2,5,2,heldout
pad,1,113,0.35,0.3,7,3,6,3,heldout
pad,1,116,0.35,0.3,8,6,10,6,heldout
pad,1,121,0.35,0.3,3,2,9,2,heldout
pad,1,124,0.35,0.3,7,5,9,5,heldout
pad,1,125,0.35,0.3,5,4,8,4,heldout
pad,1,0,0.35,0.5,6,4,8,4,heldout
pad,1,17,0.35,0.5,2,1,13,1,heldout
pad,1,18,0.35,0.5,5,3,5,3,heldout
pad,1,27,0.35,0.5,1,1,9,1,heldout
pad,1,28,0.35,0.5,5,2,6,2,heldout
pad,1,33,0.35,0.5,2,2,4,2,heldout
pad,1,34,0.35,0.5,1,0,1,0,heldout
pad,1,37,0.35,0.5,3,1,2,1,heldout
pad,1,43,0.35,0.5,1,1,8,1,heldout
pad,1,45,0.35,0.5,4,2,6,2,heldout
pad,1,47,0.35,0.5,1,0,10,0,heldout
pad,1,54,0.35,0.5,9,1,9,1,heldout
pad,1,57,0.35,0.5,4,0,11,0,heldout
pad,1,66,0.35,0.5,9,5,10,5,heldout
pad,1,72,0.35,0.5,7,3,8,3,heldout
pad,1,77,0.35,0.5,8,1,5,1,heldout
pad,1,79,0.35,0.5,6,0,10,0,heldout
pad,1,85,0.35,0.5,6,2,10,2,heldout
pad,1,97,0.35,0.5,5,2,8,2,heldout
pad,1,106,0.35,0.5,3,1,11,1,heldout
pad,1,108,0.35,0.5,7,3,10,3,heldout
pad,1,111,0.35,0.5,4,1,5,1,heldout
pad,1,113,0.35,0.5,7,3,6,3,heldout
pad,1,116,0.35,0.5,8,4,10,4,heldout
pad,1,121,0.35,0.5,3,1,9,1,heldout
pad,1,124,0.35,0.5,7,2,9,2,heldout
pad,1,125,0.35,0.5,5,2,8,2,heldout
pad,1,-1,0.375,0.3,93,73,177,73,val
pad,1,-1,0.375,0.5,93,48,177,48,val
pad,1,0,0.375,0.3,6,5,9,5,heldout
pad,1,17,0.375,0.3,2,1,13,2,heldout
pad,1,18,0.375,0.3,5,4,6,3,heldout
pad,1,27,0.375,0.3,1,1,12,1,heldout
pad,1,28,0.375,0.3,5,4,6,4,heldout
pad,1,33,0.375,0.3,2,2,3,2,heldout
pad,1,34,0.375,0.3,1,1,2,1,heldout
pad,1,37,0.375,0.3,3,2,2,2,heldout
pad,1,43,0.375,0.3,1,1,8,1,heldout
pad,1,45,0.375,0.3,4,4,6,4,heldout
pad,1,47,0.375,0.3,1,1,6,1,heldout
pad,1,54,0.375,0.3,9,8,10,8,heldout
pad,1,57,0.375,0.3,4,3,10,3,heldout
pad,1,66,0.375,0.3,9,9,12,9,heldout
pad,1,72,0.375,0.3,7,6,11,6,heldout
pad,1,77,0.375,0.3,8,2,5,2,heldout
pad,1,79,0.375,0.3,6,4,10,4,heldout
pad,1,85,0.375,0.3,6,4,10,4,heldout
pad,1,97,0.375,0.3,5,3,10,3,heldout
pad,1,106,0.375,0.3,3,3,8,3,heldout
pad,1,108,0.375,0.3,7,5,8,5,heldout
pad,1,111,0.375,0.3,4,3,8,3,heldout
pad,1,113,0.375,0.3,7,4,7,4,heldout
pad,1,116,0.375,0.3,8,6,10,6,heldout
pad,1,121,0.375,0.3,3,2,6,2,heldout
pad,1,124,0.375,0.3,7,7,11,7,heldout
pad,1,125,0.375,0.3,5,4,8,4,heldout
pad,1,0,0.375,0.5,6,4,9,4,heldout
pad,1,17,0.375,0.5,2,1,13,1,heldout
pad,1,18,0.375,0.5,5,3,6,3,heldout
pad,1,27,0.375,0.5,1,1,12,1,heldout
pad,1,28,0.375,0.5,5,3,6,3,heldout
pad,1,33,0.375,0.5,2,2,3,2,heldout
pad,1,34,0.375,0.5,1,0,2,0,heldout
pad,1,37,0.375,0.5,3,1,2,1,heldout
pad,1,43,0.375,0.5,1,1,8,1,heldout
pad,1,45,0.375,0.5,4,2,6,2,heldout
pad,1,47,0.375,0.5,1,0,6,0,heldout
pad,1,54,0.375,0.5,9,3,10,3,heldout
pad,1,57,0.375,0.5,4,0,10,0,heldout
pad,1,66,0.375,0.5,9,6,12,6,heldout
pad,1,72,0.375,0.5,7,4,11,4,heldout
pad,1,77,0.375,0.5,8,1,5,1,heldout
pad,1,79,0.375,0.5,6,1,10,1,heldout
pad,1,85,0.375,0.5,6,2,10,2,heldout
pad,1,97,0.375,0.5,5,3,10,3,heldout
pad,1,106,0.375,0.5,3,1,8,1,heldout
pad,1,108,0.375,0.5,7,4,8,4,heldout
pad,1,111,0.375,0.5,4,2,8,2,heldout
pad,1,113,0.375,0.5,7,4,7,4,heldout
pad,1,116,0.375,0.5,8,4,10,4,heldout
pad,1,121,0.375,0.5,3,1,6,1,heldout
pad,1,124,0.375,0.5,7,5,11,5,heldout
pad,1,125,0.375,0.5,5,2,8,2,heldout
pad,1,-1,0.4,0.3,93,80,177,80,val
pad,1,-1,0.4,0.5,93,56,177,56,val
pad,1,0,0.4,0.3,6,5,8,5,heldout
pad,1,17,0.4,0.3,2,1,12,2,heldout
pad,1,18,0.4,0.3,5,4,5,3,heldout
pad,1,27,0.4,0.3,1,1,10,1,heldout
pad,1,28,0.4,0.3,5,4,7,4,heldout
pad,1,33,0.4,0.3,2,2,3,2,heldout
pad,1,34,0.4,0.3,1,1,1,1,heldout
pad,1,37,0.4,0.3,3,2,5,2,heldout
pad,1,43,0.4,0.3,1,1,7,1,heldout
pad,1,45,0.4,0.3,4,4,5,4,heldout
pad,1,47,0.4,0.3,1,1,5,1,heldout
pad,1,54,0.4,0.3,9,8,10,8,heldout
pad,1,57,0.4,0.3,4,4,8,4,heldout
pad,1,66,0.4,0.3,9,9,13,9,heldout
pad,1,72,0.4,0.3,7,6,11,6,heldout
pad,1,77,0.4,0.3,8,3,6,3,heldout
pad,1,79,0.4,0.3,6,4,11,4,heldout
pad,1,85,0.4,0.3,6,4,11,4,heldout
pad,1,97,0.4,0.3,5,5,9,5,heldout
pad,1,106,0.4,0.3,3,3,8,3,heldout
pad,1,108,0.4,0.3,7,5,7,5,heldout
pad,1,111,0.4,0.3,4,4,9,4,heldout
pad,1,113,0.4,0.3,7,4,7,4,heldout
pad,1,116,0.4,0.3,8,8,12,8,heldout
pad,1,121,0.4,0.3,3,3,7,3,heldout
pad,1,124,0.4,0.3,7,7,11,7,heldout
pad,1,125,0.4,0.3,5,4,8,4,heldout
pad,1,0,0.4,0.5,6,4,8,4,heldout
pad,1,17,0.4,0.5,2,1,12,1,heldout
pad,1,18,0.4,0.5,5,3,5,3,heldout
pad,1,27,0.4,0.5,1,1,10,1,heldout
pad,1,28,0.4,0.5,5,4,7,4,heldout
pad,1,33,0.4,0.5,2,2,3,2,heldout
pad,1,34,0.4,0.5,1,0,1,0,heldout
pad,1,37,0.4,0.5,3,1,5,1,heldout
pad,1,43,0.4,0.5,1,1,7,1,heldout
pad,1,45,0.4,0.5,4,2,5,2,heldout
pad,1,47,0.4,0.5,1,0,5,0,heldout
pad,1,54,0.4,0.5,9,4,10,4,heldout
pad,1,57,0.4,0.5,4,0,8,0,heldout
pad,1,66,0.4,0.5,9,7,13,7,heldout
pad,1,72,0.4,0.5,7,5,11,5,heldout
pad,1,77,0.4,0.5,8,1,6,1,heldout
pad,1,79,0.4,0.5,6,3,11,3,heldout
pad,1,85,0.4,0.5,6,3,11,3,heldout
pad,1,97,0.4,0.5,5,4,9,4,heldout
pad,1,106,0.4,0.5,3,2,8,2,heldout
pad,1,108,0.4,0.5,7,4,7,4,heldout
pad,1,111,0.4,0.5,4,3,9,3,heldout
pad,1,113,0.4,0.5,7,4,7,4,heldout
pad,1,116,0.4,0.5,8,5,12,5,heldout
pad,1,121,0.4,0.5,3,3,7,3,heldout
pad,1,124,0.4,0.5,7,5,11,5,heldout
pad,1,125,0.4,0.5,5,2,8,2,heldout
pad,1,-1,0.425,0.3,93,81,171,81,val
pad,1,-1,0.425,0.5,93,66,171,66,val
pad,1,0,0.425,0.3,6,5,8,5,heldout
pad,1,17,0.425,0.3,2,1,13,2,heldout
pad,1,18,0.425,0.3,5,5,5,4,heldout
pad,1,27,0.425,0.3,1,1,12,1,heldout
pad,1,28,0.425,0.3,5,4,6,4,heldout
pad,1,33,0.425,0.3,2,2,4,2,heldout
pad,1,34,0.425,0.3,1,1,1,1,heldout
pad,1,37,0.425,0.3,3,2,6,2,heldout
pad,1,43,0.425,0.3,1,1,7,1,heldout
pad,1,45,0.425,0.3,4,4,5,4,heldout
pad,1,47,0.425,0.3,1,1,5,1,heldout
pad,1,54,0.425,0.3,9,8,9,8,heldout
pad,1,57,0.425,0.3,4,4,8,4,heldout
pad,1,66,0.425,0.3,9,9,13,9,heldout
pad,1,72,0.425,0.3,7,6,11,6,heldout
pad,1,77,0.425,0.3,8,3,6,3,heldout
pad,1,79,0.425,0.3,6,4,11,4,heldout
pad,1,85,0.425,0.3,6,4,11,4,heldout
pad,1,97,0.425,0.3,5,5,10,5,heldout
pad,1,106,0.425,0.3,3,3,8,3,heldout
pad,1,108,0.425,0.3,7,6,7,6,heldout
pad,1,111,0.425,0.3,4,4,9,4,heldout
pad,1,113,0.425,0.3,7,6,8,6,heldout
pad,1,116,0.425,0.3,8,8,12,8,heldout
pad,1,121,0.425,0.3,3,3,8,3,heldout
pad,1,124,0.425,0.3,7,7,10,7,heldout
pad,1,125,0.425,0.3,5,4,8,4,heldout
pad,1,0,0.425,0.5,6,4,8,4,heldout
pad,1,17,0.425,0.5,2,1,13,1,heldout
pad,1,18,0.425,0.5,5,4,5,4,heldout
pad,1,27,0.425,0.5,1,1,12,1,heldout
pad,1,28,0.425,0.5,5,4,6,4,heldout
pad,1,33,0.425,0.5,2,2,4,2,heldout
pad,1,34,0.425,0.5,1,1,1,1,heldout
pad,1,37,0.425,0.5,3,2,6,2,heldout
pad,1,43,0.425,0.5,1,1,7,1,heldout
pad,1,45,0.425,0.5,4,2,5,2,heldout
pad,1,47,0.425,0.5,1,1,5,1,heldout
pad,1,54,0.425,0.5,9,4,9,4,heldout
pad,1,57,0.425,0.5,4,1,8,1,heldout
pad,1,66,0.425,0.5,9,7,13,7,heldout
pad,1,72,0.425,0.5,7,5,11,5,heldout
pad,1,77,0.425,0.5,8,1,6,1,heldout
pad,1,79,0.425,0.5,6,3,11,3,heldout
pad,1,85,0.425,0.5,6,3,11,3,heldout
pad,1,97,0.425,0.5,5,4,10,4,heldout
pad,1,106,0.425,0.5,3,2,8,2,heldout
pad,1,108,0.425,0.5,7,6,7,6,heldout
pad,1,111,0.425,0.5,4,3,9,3,heldout
pad,1,113,0.425,0.5,7,5,8,5,heldout
pad,1,116,0.425,0.5,8,6,12,6,heldout
pad,1,121,0.425,0.5,3,3,8,3,heldout
pad,1,124,0.425,0.5,7,5,10,5,heldout
pad,1,125,0.425,0.5,5,3,8,3,heldout
pad,1,-1,0.45,0.3,93,81,171,81,val
pad,1,-1,0.45,0.5,93,68,171,68,val
pad,1,0,0.45,0.3,6,5,7,5,heldout
pad,1,17,0.45,0.3,2,1,13,2,heldout
pad,1,18,0.45,0.3,5,5,6,4,heldout
pad,1,27,0.45,0.3,1,1,13,1,heldout
pad,1,28,0.45,0.3,5,5,6,5,heldout
pad,1,33,0.45,0.3,2,2,3,2,heldout
pad,1,34,0.45,0.3,1,1,2,1,heldout
pad,1,37,0.45,0.3,3,2,5,2,heldout
pad,1,43,0.45,0.3,1,1,6,1,heldout
pad,1,45,0.45,0.3,4,4,5,4,heldout
pad,1,47,0.45,0.3,1,1,5,1,heldout
pad,1,54,0.45,0.3,9,8,9,8,heldout
pad,1,57,0.45,0.3,4,3,8,3,heldout
pad,1,66,0.45,0.3,9,9,12,9,heldout
pad,1,72,0.45,0.3,7,6,11,6,heldout
pad,1,77,0.45,0.3,8,5,10,5,heldout
pad,1,79,0.45,0.3,6,6,9,6,heldout
pad,1,85,0.45,0.3,6,4,10,4,heldout
pad,1,97,0.45,0.3,5,5,9,5,heldout
pad,1,106,0.45,0.3,3,3,7,3,heldout
pad,1,108,0.45,0.3,7,6,7,6,heldout
pad,1,111,0.45,0.3,4,4,8,4,heldout
pad,1,113,0.45,0.3,7,6,8,6,heldout
pad,1,116,0.45,0.3,8,8,10,8,heldout
pad,1,121,0.45,0.3,3,3,8,3,heldout
pad,1,124,0.45,0.3,7,7,10,7,heldout
pad,1,125,0.45,0.3,5,4,8,4,heldout
pad,1,0,0.45,0.5,6,4,7,4,heldout
pad,1,17,0.45,0.5,2,1,13,1,heldout
pad,1,18,0.45,0.5,5,4,6,4,heldout
pad,1,27,0.45,0.5,1,1,13,1,heldout
pad,1,28,0.45,0.5,5,4,6,4,heldout
pad,1,33,0.45,0.5,2,2,3,2,heldout
pad,1,34,0.45,0.5,1,1,2,1,heldout
pad,1,37,0.45,0.5,3,2,5,2,heldout
pad,1,43,0.45,0.5,1,1,6,1,heldout
pad,1,45,0.45,0.5,4,3,5,3,heldout
pad,1,47,0.45,0.5,1,1,5,1,heldout
pad,1,54,0.45,0.5,9,5,9,5,heldout
pad,1,57,0.45,0.5,4,2,8,2,heldout
pad,1,66,0.45,0.5,9,8,12,8,heldout
pad,1,72,0.45,0.5,7,5,11,5,heldout
pad,1,77,0.45,0.5,8,2,10,2,heldout
pad,1,79,0.45,0.5,6,3,9,3,heldout
pad,1,85,0.45,0.5,6,3,10,3,heldout
pad,1,97,0.45,0.5,5,4,9,4,heldout
pad,1,106,0.45,0.5,3,2,7,2,heldout
pad,1,108,0.45,0.5,7,5,7,5,heldout
pad,1,111,0.45,0.5,4,3,8,3,heldout
pad,1,113,0.45,0.5,7,5,8,5,heldout
pad,1,116,0.45,0.5,8,6,10,6,heldout
pad,1,121,0.45,0.5,3,2,8,2,heldout
pad,1,124,0.45,0.5,7,6,10,6,heldout
pad,1,125,0.45,0.5,5,3,8,3,heldout
pad,1,-1,0.475,0.3,93,81,173,81,val
pad,1,-1,0.475,0.5,93,69,173,69,val
pad,1,0,0.475,0.3,6,6,8,6,heldout
pad,1,17,0.475,0.3,2,2,14,3,heldout
pad,1,18,0.475,0.3,5,5,6,4,heldout
pad,1,27,0.475,0.3,1,1,16,1,heldout
pad,1,28,0.475,0.3,5,5,7,5,heldout
pad,1,33,0.475,0.3,2,2,3,2,heldout
pad,1,34,0.475,0.3,1,1,2,1,heldout
pad,1,37,0.475,0.3,3,2,6,2,heldout
pad,1,43,0.475,0.3,1,1,6,1,heldout
pad,1,45,0.475,0.3,4,4,5,4,heldout
pad,1,47,0.475,0.3,1,1,4,1,heldout
pad,1,54,0.475,0.3,9,7,8,7,heldout
pad,1,57,0.475,0.3,4,3,7,3,heldout
pad,1,66,0.475,0.3,9,9,11,9,heldout
pad,1,72,0.475,0.3,7,6,12,6,heldout
pad,1,77,0.475,0.3,8,7,13,7,heldout
pad,1,79,0.475,0.3,6,6,9,6,heldout
pad,1,85,0.475,0.3,6,4,11,4,heldout
pad,1,97,0.475,0.3,5,4,10,4,heldout
pad,1,106,0.475,0.3,3,3,7,3,heldout
pad,1,108,0.475,0.3,7,6,8,6,heldout
pad,1,111,0.475,0.3,4,4,8,4,heldout
pad,1,113,0.475,0.3,7,6,8,6,heldout
pad,1,116,0.475,0.3,8,8,11,8,heldout
pad,1,121,0.475,0.3,3,3,8,3,heldout
pad,1,124,0.475,0.3,7,7,10,7,heldout
pad,1,125,0.475,0.3,5,4,8,4,heldout
pad,1,0,0.475,0.5,6,5,8,5,heldout
pad,1,17,0.475,0.5,2,2,14,3,heldout
pad,1,18,0.475,0.5,5,5,6,4,heldout
pad,1,27,0.475,0.5,1,1,16,1,heldout
pad,1,28,0.475,0.5,5,5,7,5,heldout
pad,1,33,0.475,0.5,2,2,3,2,heldout
pad,1,34,0.475,0.5,1,1,2,1,heldout
pad,1,37,0.475,0.5,3,2,6,2,heldout
pad,1,43,0.475,0.5,1,1,6,1,heldout
pad,1,45,0.475,0.5,4,3,5,3,heldout
pad,1,47,0.475,0.5,1,1,4,1,heldout
pad,1,54,0.475,0.5,9,5,8,5,heldout
pad,1,57,0.475,0.5,4,3,7,3,heldout
pad,1,66,0.475,0.5,9,7,11,7,heldout
pad,1,72,0.475,0.5,7,5,12,5,heldout
pad,1,77,0.475,0.5,8,2,13,2,heldout
pad,1,79,0.475,0.5,6,3,9,3,heldout
pad,1,85,0.475,0.5,6,3,11,3,heldout
pad,1,97,0.475,0.5,5,4,10,4,heldout
pad,1,106,0.475,0.5,3,3,7,3,heldout
pad,1,108,0.475,0.5,7,4,8,4,heldout
pad,1,111,0.475,0.5,4,4,8,4,heldout
pad,1,113,0.475,0.5,7,5,8,5,heldout
pad,1,116,0.475,0.5,8,6,11,6,heldout
pad,1,121,0.475,0.5,3,2,8,2,heldout
pad,1,124,0.475,0.5,7,7,10,7,heldout
pad,1,125,0.475,0.5,5,4,8,4,heldout
pad,1,-1,0.5,0.3,93,81,169,81,val
pad,1,-1,0.5,0.5,93,71,169,71,val
pad,1,0,0.5,0.3,6,6,8,6,heldout
pad,1,17,0.5,0.3,2,2,12,2,heldout
pad,1,18,0.5,0.3,5,5,8,5,heldout
pad,1,27,0.5,0.3,1,1,15,1,heldout
pad,1,28,0.5,0.3,5,5,7,5,heldout
pad,1,33,0.5,0.3,2,2,2,2,heldout
pad,1,34,0.5,0.3,1,1,2,1,heldout
pad,1,37,0.5,0.3,3,2,5,2,heldout
pad,1,43,0.5,0.3,1,1,7,1,heldout
pad,1,45,0.5,0.3,4,4,4,4,heldout
pad,1,47,0.5,0.3,1,1,4,1,heldout
pad,1,54,0.5,0.3,9,8,9,8,heldout
pad,1,57,0.5,0.3,4,3,6,3,heldout
pad,1,66,0.5,0.3,9,9,11,9,heldout
pad,1,72,0.5,0.3,7,6,10,6,heldout
pad,1,77,0.5,0.3,8,7,12,7,heldout
pad,1,79,0.5,0.3,6,6,9,6,heldout
pad,1,85,0.5,0.3,6,6,13,6,heldout
pad,1,97,0.5,0.3,5,4,10,4,heldout
pad,1,106,0.5,0.3,3,3,6,3,heldout
pad,1,108,0.5,0.3,7,6,9,6,heldout
pad,1,111,0.5,0.3,4,4,8,4,heldout
pad,1,113,0.5,0.3,7,6,8,6,heldout
pad,1,116,0.5,0.3,8,8,8,8,heldout
pad,1,121,0.5,0.3,3,3,8,3,heldout
pad,1,124,0.5,0.3,7,7,8,7,heldout
pad,1,125,0.5,0.3,5,4,8,4,heldout
pad,1,0,0.5,0.5,6,6,8,6,heldout
pad,1,17,0.5,0.5,2,2,12,2,heldout
pad,1,18,0.5,0.5,5,5,8,5,heldout
pad,1,27,0.5,0.5,1,1,15,1,heldout
pad,1,28,0.5,0.5,5,5,7,5,heldout
pad,1,33,0.5,0.5,2,2,2,2,heldout
pad,1,34,0.5,0.5,1,1,2,1,heldout
pad,1,37,0.5,0.5,3,2,5,2,heldout
pad,1,43,0.5,0.5,1,1,7,1,heldout
pad,1,45,0.5,0.5,4,3,4,3,heldout
pad,1,47,0.5,0.5,1,1,4,1,heldout
pad,1,54,0.5,0.5,9,7,9,7,heldout
pad,1,57,0.5,0.5,4,3,6,3,heldout
pad,1,66,0.5,0.5,9,6,11,6,heldout
pad,1,72,0.5,0.5,7,5,10,5,heldout
pad,1,77,0.5,0.5,8,3,12,3,heldout
pad,1,79,0.5,0.5,6,3,9,3,heldout
pad,1,85,0.5,0.5,6,5,13,5,heldout
pad,1,97,0.5,0.5,5,4,10,4,heldout
pad,1,106,0.5,0.5,3,3,6,3,heldout
pad,1,108,0.5,0.5,7,3,9,3,heldout
pad,1,111,0.5,0.5,4,4,8,4,heldout
pad,1,113,0.5,0.5,7,5,8,5,heldout
pad,1,116,0.5,0.5,8,6,8,6,heldout
pad,1,121,0.5,0.5,3,2,8,2,heldout
pad,1,124,0.5,0.5,7,7,8,7,heldout
pad,1,125,0.5,0.5,5,4,8,4,heldout
pad,1,-1,0.525,0.3,93,85,166,85,val
pad,1,-1,0.525,0.5,93,75,166,75,val
pad,1,0,0.525,0.3,6,6,8,6,heldout
pad,1,17,0.525,0.3,2,2,12,2,heldout
pad,1,18,0.525,0.3,5,5,7,5,heldout
pad,1,27,0.525,0.3,1,1,13,1,heldout
pad,1,28,0.525,0.3,5,5,6,5,heldout
pad,1,33,0.525,0.3,2,2,2,2,heldout
pad,1,34,0.525,0.3,1,1,2,1,heldout
pad,1,37,0.525,0.3,3,3,6,3,heldout
pad,1,43,0.525,0.3,1,1,7,1,heldout
pad,1,45,0.525,0.3,4,4,4,4,heldout
pad,1,47,0.525,0.3,1,1,4,1,heldout
pad,1,54,0.525,0.3,9,8,9,8,heldout
pad,1,57,0.525,0.3,4,3,6,3,heldout
pad,1,66,0.525,0.3,9,7,11,7,heldout
pad,1,72,0.525,0.3,7,7,11,7,heldout
pad,1,77,0.525,0.3,8,7,12,7,heldout
pad,1,79,0.525,0.3,6,6,9,6,heldout
pad,1,85,0.525,0.3,6,6,12,6,heldout
pad,1,97,0.525,0.3,5,4,9,4,heldout
pad,1,106,0.525,0.3,3,3,5,3,heldout
pad,1,108,0.525,0.3,7,5,8,5,heldout
pad,1,111,0.525,0.3,4,3,9,3,heldout
pad,1,113,0.525,0.3,7,6,8,6,heldout
pad,1,116,0.525,0.3,8,8,8,8,heldout
pad,1,121,0.525,0.3,3,3,7,3,heldout
pad,1,124,0.525,0.3,7,7,8,7,heldout
pad,1,125,0.525,0.3,5,5,9,5,heldout
pad,1,0,0.525,0.5,6,6,8,6,heldout
pad,1,17,0.525,0.5,2,2,12,2,heldout
pad,1,18,0.525,0.5,5,4,7,4,heldout
pad,1,27,0.525,0.5,1,1,13,1,heldout
pad,1,28,0.525,0.5,5,5,6,5,heldout
pad,1,33,0.525,0.5,2,2,2,2,heldout
pad,1,34,0.525,0.5,1,1,2,1,heldout
pad,1,37,0.525,0.5,3,3,6,3,heldout
pad,1,43,0.525,0.5,1,1,7,1,heldout
pad,1,45,0.525,0.5,4,3,4,3,heldout
pad,1,47,0.525,0.5,1,1,4,1,heldout
pad,1,54,0.525,0.5,9,7,9,7,heldout
pad,1,57,0.525,0.5,4,3,6,3,heldout
pad,1,66,0.525,0.5,9,6,11,6,heldout
pad,1,72,0.525,0.5,7,7,11,7,heldout
pad,1,77,0.525,0.5,8,4,12,4,heldout
pad,1,79,0.525,0.5,6,3,9,3,heldout
pad,1,85,0.525,0.5,6,6,12,6,heldout
pad,1,97,0.525,0.5,5,4,9,4,heldout
pad,1,106,0.525,0.5,3,3,5,3,heldout
pad,1,108,0.525,0.5,7,4,8,4,heldout
pad,1,111,0.525,0.5,4,3,9,3,heldout
pad,1,113,0.525,0.5,7,3,8,3,heldout
pad,1,116,0.525,0.5,8,7,8,7,heldout
pad,1,121,0.525,0.5,3,1,7,1,heldout
pad,1,124,0.525,0.5,7,7,8,7,heldout
pad,1,125,0.525,0.5,5,5,9,5,heldout
pad,1,-1,0.55,0.3,93,87,162,87,val
pad,1,-1,0.55,0.5,93,74,162,74,val
pad,1,0,0.55,0.3,6,6,8,6,heldout
pad,1,17,0.55,0.3,2,2,12,2,heldout
pad,1,18,0.55,0.3,5,4,6,4,heldout
pad,1,27,0.55,0.3,1,1,14,1,heldout
pad,1,28,0.55,0.3,5,5,6,5,heldout
pad,1,33,0.55,0.3,2,2,2,2,heldout
pad,1,34,0.55,0.3,1,1,2,1,heldout
pad,1,37,0.55,0.3,3,3,6,3,heldout
pad,1,43,0.55,0.3,1,1,7,1,heldout
pad,1,45,0.55,0.3,4,4,4,4,heldout
pad,1,47,0.55,0.3,1,1,4,1,heldout
pad,1,54,0.55,0.3,9,8,9,8,heldout
pad,1,57,0.55,0.3,4,3,6,3,heldout
pad,1,66,0.55,0.3,9,7,10,7,heldout
pad,1,72,0.55,0.3,7,7,10,7,heldout
pad,1,77,0.55,0.3,8,8,12,8,heldout
pad,1,79,0.55,0.3,6,5,9,5,heldout
pad,1,85,0.55,0.3,6,6,12,6,heldout
pad,1,97,0.55,0.3,5,4,8,4,heldout
pad,1,106,0.55,0.3,3,3,4,3,heldout
pad,1,108,0.55,0.3,7,4,7,4,heldout
pad,1,111,0.55,0.3,4,3,8,3,heldout
pad,1,113,0.55,0.3,7,6,8,6,heldout
pad,1,116,0.55,0.3,8,8,8,8,heldout
pad,1,121,0.55,0.3,3,3,5,3,heldout
pad,1,124,0.55,0.3,7,7,7,7,heldout
pad,1,125,0.55,0.3,5,5,8,5,heldout
pad,1,0,0.55,0.5,6,6,8,6,heldout
pad,1,17,0.55,0.5,2,2,12,2,heldout
pad,1,18,0.55,0.5,5,3,6,3,heldout
pad,1,27,0.55,0.5,1,1,14,1,heldout
pad,1,28,0.55,0.5,5,5,6,5,heldout
pad,1,33,0.55,0.5,2,2,2,2,heldout
pad,1,34,0.55,0.5,1,1,2,1,heldout
pad,1,37,0.55,0.5,3,3,6,3,heldout
pad,1,43,0.55,0.5,1,1,7,1,heldout
pad,1,45,0.55,0.5,4,3,4,3,heldout
pad,1,47,0.55,0.5,1,1,4,1,heldout
pad,1,54,0.55,0.5,9,7,9,7,heldout
pad,1,57,0.55,0.5,4,3,6,3,heldout
pad,1,66,0.55,0.5,9,5,10,5,heldout
pad,1,72,0.55,0.5,7,7,10,7,heldout
pad,1,77,0.55,0.5,8,5,12,5,heldout
pad,1,79,0.55,0.5,6,4,9,4,heldout
pad,1,85,0.55,0.5,6,6,12,6,heldout
pad,1,97,0.55,0.5,5,4,8,4,heldout
pad,1,106,0.55,0.5,3,3,4,3,heldout
pad,1,108,0.55,0.5,7,4,7,4,heldout
pad,1,111,0.55,0.5,4,3,8,3,heldout
pad,1,113,0.55,0.5,7,3,8,3,heldout
pad,1,116,0.55,0.5,8,7,8,7,heldout
pad,1,121,0.55,0.5,3,1,5,1,heldout
pad,1,124,0.55,0.5,7,7,7,7,heldout
pad,1,125,0.55,0.5,5,5,8,5,heldout
pad,1,-1,0.575,0.3,93,84,161,84,val
pad,1,-1,0.575,0.5,93,72,161,72,val
pad,1,0,0.575,0.3,6,6,8,6,heldout
pad,1,17,0.575,0.3,2,2,12,2,heldout
pad,1,18,0.575,0.3,5,4,6,4,heldout
pad,1,27,0.575,0.3,1,1,14,1,heldout
pad,1,28,0.575,0.3,5,5,6,5,heldout
pad,1,33,0.575,0.3,2,2,2,2,heldout
pad,1,34,0.575,0.3,1,1,2,1,heldout
pad,1,37,0.575,0.3,3,3,6,3,heldout
pad,1,43,0.575,0.3,1,1,8,1,heldout
pad,1,45,0.575,0.3,4,4,4,4,heldout
pad,1,47,0.575,0.3,1,1,4,1,heldout
pad,1,54,0.575,0.3,9,8,9,8,heldout
pad,1,57,0.575,0.3,4,3,6,3,heldout
pad,1,66,0.575,0.3,9,7,8,7,heldout
pad,1,72,0.575,0.3,7,7,10,7,heldout
pad,1,77,0.575,0.3,8,8,10,8,heldout
pad,1,79,0.575,0.3,6,4,7,4,heldout
pad,1,85,0.575,0.3,6,6,12,6,heldout
pad,1,97,0.575,0.3,5,4,7,4,heldout
pad,1,106,0.575,0.3,3,3,3,3,heldout
pad,1,108,0.575,0.3,7,4,7,4,heldout
pad,1,111,0.575,0.3,4,3,7,3,heldout
pad,1,113,0.575,0.3,7,7,9,7,heldout
pad,1,116,0.575,0.3,8,8,8,8,heldout
pad,1,121,0.575,0.3,3,3,4,3,heldout
pad,1,124,0.575,0.3,7,7,7,7,heldout
pad,1,125,0.575,0.3,5,5,7,5,heldout
pad,1,0,0.575,0.5,6,5,8,5,heldout
pad,1,17,0.575,0.5,2,2,12,2,heldout
pad,1,18,0.575,0.5,5,3,6,3,heldout
pad,1,27,0.575,0.5,1,1,14,1,heldout
pad,1,28,0.575,0.5,5,5,6,5,heldout
pad,1,33,0.575,0.5,2,2,2,2,heldout
pad,1,34,0.575,0.5,1,1,2,1,heldout
pad,1,37,0.575,0.5,3,2,6,2,heldout
pad,1,43,0.575,0.5,1,1,8,1,heldout
pad,1,45,0.575,0.5,4,3,4,3,heldout
pad,1,47,0.575,0.5,1,1,4,1,heldout
pad,1,54,0.575,0.5,9,7,9,7,heldout
pad,1,57,0.575,0.5,4,3,6,3,heldout
pad,1,66,0.575,0.5,9,5,8,5,heldout
pad,1,72,0.575,0.5,7,7,10,7,heldout
pad,1,77,0.575,0.5,8,7,10,7,heldout
pad,1,79,0.575,0.5,6,4,7,4,heldout
pad,1,85,0.575,0.5,6,6,12,6,heldout
pad,1,97,0.575,0.5,5,4,7,4,heldout
pad,1,106,0.575,0.5,3,3,3,3,heldout
pad,1,108,0.575,0.5,7,3,7,3,heldout
pad,1,111,0.575,0.5,4,3,7,3,heldout
pad,1,113,0.575,0.5,7,5,9,5,heldout
pad,1,116,0.575,0.5,8,7,8,7,heldout
pad,1,121,0.575,0.5,3,1,4,1,heldout
pad,1,124,0.575,0.5,7,7,7,7,heldout
pad,1,125,0.575,0.5,5,5,7,5,heldout
pad,1,-1,0.6,0.3,93,81,151,81,val
pad,1,-1,0.6,0.5,93,65,151,65,val
pad,1,0,0.6,0.3,6,6,8,6,heldout
pad,1,17,0.6,0.3,2,2,12,2,heldout
pad,1,18,0.6,0.3,5,3,6,3,heldout
pad,1,27,0.6,0.3,1,1,15,1,heldout
pad,1,28,0.6,0.3,5,5,6,5,heldout
pad,1,33,0.6,0.3,2,2,2,2,heldout
pad,1,34,0.6,0.3,1,1,1,1,heldout
pad,1,37,0.6,0.3,3,3,5,3,heldout
pad,1,43,0.6,0.3,1,1,7,1,heldout
pad,1,45,0.6,0.3,4,3,4,3,heldout
pad,1,47,0.6,0.3,1,1,4,1,heldout
pad,1,54,0.6,0.3,9,8,9,8,heldout
pad,1,57,0.6,0.3,4,3,4,3,heldout
pad,1,66,0.6,0.3,9,6,8,6,heldout
pad,1,72,0.6,0.3,7,7,10,7,heldout
pad,1,77,0.6,0.3,8,8,10,8,heldout
pad,1,79,0.6,0.3,6,4,5,4,heldout
pad,1,85,0.6,0.3,6,6,13,6,heldout
pad,1,97,0.6,0.3,5,4,6,4,heldout
pad,1,106,0.6,0.3,3,3,3,3,heldout
pad,1,108,0.6,0.3,7,3,7,3,heldout
pad,1,111,0.6,0.3,4,3,7,3,heldout
pad,1,113,0.6,0.3,7,7,9,7,heldout
pad,1,116,0.6,0.3,8,8,8,8,heldout
pad,1,121,0.6,0.3,3,2,3,2,heldout
pad,1,124,0.6,0.3,7,7,7,7,heldout
pad,1,125,0.6,0.3,5,5,7,5,heldout
pad,1,0,0.6,0.5,6,4,8,4,heldout
pad,1,17,0.6,0.5,2,2,12,2,heldout
pad,1,18,0.6,0.5,5,3,6,3,heldout
pad,1,27,0.6,0.5,1,1,15,1,heldout
pad,1,28,0.6,0.5,5,4,6,4,heldout
pad,1,33,0.6,0.5,2,2,2,2,heldout
pad,1,34,0.6,0.5,1,1,1,1,heldout
pad,1,37,0.6,0.5,3,2,5,2,heldout
pad,1,43,0.6,0.5,1,1,7,1,heldout
pad,1,45,0.6,0.5,4,3,4,3,heldout
pad,1,47,0.6,0.5,1,1,4,1,heldout
pad,1,54,0.6,0.5,9,7,9,7,heldout
pad,1,57,0.6,0.5,4,3,4,3,heldout
pad,1,66,0.6,0.5,9,5,8,5,heldout
pad,1,72,0.6,0.5,7,6,10,6,heldout
pad,1,77,0.6,0.5,8,7,10,7,heldout
pad,1,79,0.6,0.5,6,4,5,4,heldout
pad,1,85,0.6,0.5,6,5,13,5,heldout
pad,1,97,0.6,0.5,5,3,6,3,heldout
pad,1,106,0.6,0.5,3,3,3,3,heldout
pad,1,108,0.6,0.5,7,3,7,3,heldout
pad,1,111,0.6,0.5,4,3,7,3,heldout
pad,1,113,0.6,0.5,7,5,9,5,heldout
pad,1,116,0.6,0.5,8,7,8,7,heldout
pad,1,121,0.6,0.5,3,1,3,1,heldout
pad,1,124,0.6,0.5,7,7,7,7,heldout
pad,1,125,0.6,0.5,5,5,7,5,heldout
pad,1,-1,0.625,0.3,93,73,136,73,val
pad,1,-1,0.625,0.5,93,60,136,60,val
pad,1,0,0.625,0.3,6,5,7,5,heldout
pad,1,17,0.625,0.3,2,2,11,2,heldout
pad,1,18,0.625,0.3,5,3,6,3,heldout
pad,1,27,0.625,0.3,1,1,14,1,heldout
pad,1,28,0.625,0.3,5,5,6,5,heldout
pad,1,33,0.625,0.3,2,2,2,2,heldout
pad,1,34,0.625,0.3,1,1,1,1,heldout
pad,1,37,0.625,0.3,3,3,4,3,heldout
pad,1,43,0.625,0.3,1,1,7,1,heldout
pad,1,45,0.625,0.3,4,3,4,3,heldout
pad,1,47,0.625,0.3,1,1,3,1,heldout
pad,1,54,0.625,0.3,9,8,9,8,heldout
pad,1,57,0.625,0.3,4,3,4,3,heldout
pad,1,66,0.625,0.3,9,6,7,6,heldout
pad,1,72,0.625,0.3,7,7,9,7,heldout
pad,1,77,0.625,0.3,8,8,10,8,heldout
pad,1,79,0.625,0.3,6,4,4,4,heldout
pad,1,85,0.625,0.3,6,6,13,6,heldout
pad,1,97,0.625,0.3,5,4,6,4,heldout
pad,1,106,0.625,0.3,3,3,3,3,heldout
pad,1,108,0.625,0.3,7,3,6,3,heldout
pad,1,111,0.625,0.3,4,3,6,3,heldout
pad,1,113,0.625,0.3,7,7,11,7,heldout
pad,1,116,0.625,0.3,8,8,8,8,heldout
pad,1,121,0.625,0.3,3,1,3,1,heldout
pad,1,124,0.625,0.3,7,7,7,7,heldout
pad,1,125,0.625,0.3,5,5,7,5,heldout
pad,1,0,0.625,0.5,6,4,7,4,heldout
pad,1,17,0.625,0.5,2,1,11,1,heldout
pad,1,18,0.625,0.5,5,2,6,2,heldout
pad,1,27,0.625,0.5,1,1,14,1,heldout
pad,1,28,0.625,0.5,5,3,6,3,heldout
pad,1,33,0.625,0.5,2,2,2,2,heldout
pad,1,34,0.625,0.5,1,1,1,1,heldout
pad,1,37,0.625,0.5,3,2,4,2,heldout
pad,1,43,0.625,0.5,1,1,7,1,heldout
pad,1,45,0.625,0.5,4,3,4,3,heldout
pad,1,47,0.625,0.5,1,1,3,1,heldout
pad,1,54,0.625,0.5,9,7,9,7,heldout
pad,1,57,0.625,0.5,4,2,4,2,heldout
pad,1,66,0.625,0.5,9,4,7,4,heldout
pad,1,72,0.625,0.5,7,6,9,6,heldout
pad,1,77,0.625,0.5,8,7,10,7,heldout
pad,1,79,0.625,0.5,6,4,4,4,heldout
pad,1,85,0.625,0.5,6,5,13,5,heldout
pad,1,97,0.625,0.5,5,3,6,3,heldout
pad,1,106,0.625,0.5,3,3,3,3,heldout
pad,1,108,0.625,0.5,7,3,6,3,heldout
pad,1,111,0.625,0.5,4,2,6,2,heldout
pad,1,113,0.625,0.5,7,5,11,5,heldout
pad,1,116,0.625,0.5,8,7,8,7,heldout
pad,1,121,0.625,0.5,3,0,3,0,heldout
pad,1,124,0.625,0.5,7,7,7,7,heldout
pad,1,125,0.625,0.5,5,5,7,5,heldout
pad,1,-1,0.65,0.3,93,65,123,65,val
pad,1,-1,0.65,0.5,93,51,123,51,val
pad,1,0,0.65,0.3,6,3,8,3,heldout
pad,1,17,0.65,0.3,2,1,10,1,heldout
pad,1,18,0.65,0.3,5,2,5,2,heldout
pad,1,27,0.65,0.3,1,1,9,1,heldout
pad,1,28,0.65,0.3,5,5,6,5,heldout
pad,1,33,0.65,0.3,2,2,2,2,heldout
pad,1,34,0.65,0.3,1,1,1,1,heldout
pad,1,37,0.65,0.3,3,2,4,2,heldout
pad,1,43,0.65,0.3,1,1,6,1,heldout
pad,1,45,0.65,0.3,4,2,5,2,heldout
pad,1,47,0.65,0.3,1,1,4,1,heldout
pad,1,54,0.65,0.3,9,7,8,7,heldout
pad,1,57,0.65,0.3,4,2,3,2,heldout
pad,1,66,0.65,0.3,9,6,7,6,heldout
pad,1,72,0.65,0.3,7,7,9,7,heldout
pad,1,77,0.65,0.3,8,8,11,8,heldout
pad,1,79,0.65,0.3,6,4,4,4,heldout
pad,1,85,0.65,0.3,6,5,9,5,heldout
pad,1,97,0.65,0.3,5,3,6,3,heldout
pad,1,106,0.65,0.3,3,3,3,3,heldout
pad,1,108,0.65,0.3,7,3,5,3,heldout
pad,1,111,0.65,0.3,4,2,7,2,heldout
pad,1,113,0.65,0.3,7,6,12,6,heldout
pad,1,116,0.65,0.3,8,7,8,7,heldout
pad,1,121,0.65,0.3,3,1,2,1,heldout
pad,1,124,0.65,0.3,7,7,7,7,heldout
pad,1,125,0.65,0.3,5,5,6,5,heldout
pad,1,0,0.65,0.5,6,2,8,2,heldout
pad,1,17,0.65,0.5,2,1,10,1,heldout
pad,1,18,0.65,0.5,5,1,5,1,heldout
pad,1,27,0.65,0.5,1,0,9,0,heldout
pad,1,28,0.65,0.5,5,2,6,2,heldout
pad,1,33,0.65,0.5,2,1,2,1,heldout
pad,1,34,0.65,0.5,1,1,1,1,heldout
pad,1,37,0.65,0.5,3,1,4,1,heldout
pad,1,43,0.65,0.5,1,1,6,1,heldout
pad,1,45,0.65,0.5,4,2,5,2,heldout
pad,1,47,0.65,0.5,1,1,4,1,heldout
pad,1,54,0.65,0.5,9,6,8,6,heldout
pad,1,57,0.65,0.5,4,2,3,2,heldout
pad,1,66,0.65,0.5,9,4,7,4,heldout
pad,1,72,0.65,0.5,7,6,9,6,heldout
pad,1,77,0.65,0.5,8,5,11,5,heldout
pad,1,79,0.65,0.5,6,4,4,4,heldout
pad,1,85,0.65,0.5,6,3,9,3,heldout
pad,1,97,0.65,0.5,5,3,6,3,heldout
pad,1,106,0.65,0.5,3,2,3,2,heldout
pad,1,108,0.65,0.5,7,3,5,3,heldout
pad,1,111,0.65,0.5,4,2,7,2,heldout
pad,1,113,0.65,0.5,7,3,12,3,heldout
pad,1,116,0.65,0.5,8,7,8,7,heldout
pad,1,121,0.65,0.5,3,0,2,0,heldout
pad,1,124,0.65,0.5,7,7,7,7,heldout
pad,1,125,0.65,0.5,5,4,6,4,heldout
pad,1,-1,0.675,0.3,93,62,112,62,val
pad,1,-1,0.675,0.5,93,40,112,40,val
pad,1,0,0.675,0.3,6,3,8,3,heldout
pad,1,17,0.675,0.3,2,0,9,0,heldout
pad,1,18,0.675,0.3,5,0,5,0,heldout
pad,1,27,0.675,0.3,1,1,10,1,heldout
pad,1,28,0.675,0.3,5,4,6,4,heldout
pad,1,33,0.675,0.3,2,2,2,2,heldout
pad,1,34,0.675,0.3,1,1,1,1,heldout
pad,1,37,0.675,0.3,3,2,4,2,heldout
pad,1,43,0.675,0.3,1,1,5,1,heldout
pad,1,45,0.675,0.3,4,2,4,2,heldout
pad,1,47,0.675,0.3,1,1,4,1,heldout
pad,1,54,0.675,0.3,9,6,9,6,heldout
pad,1,57,0.675,0.3,4,2,2,2,heldout
pad,1,66,0.675,0.3,9,4,8,4,heldout
pad,1,72,0.675,0.3,7,7,8,7,heldout
pad,1,77,0.675,0.3,8,7,11,7,heldout
pad,1,79,0.675,0.3,6,3,5,3,heldout
pad,1,85,0.675,0.3,6,5,9,5,heldout
pad,1,97,0.675,0.3,5,3,7,3,heldout
pad,1,106,0.675,0.3,3,2,2,2,heldout
pad,1,108,0.675,0.3,7,2,5,2,heldout
pad,1,111,0.675,0.3,4,2,5,2,heldout
pad,1,113,0.675,0.3,7,5,11,5,heldout
pad,1,116,0.675,0.3,8,7,7,7,heldout
pad,1,121,0.675,0.3,3,0,1,0,heldout
pad,1,124,0.675,0.3,7,7,7,7,heldout
pad,1,125,0.675,0.3,5,5,6,5,heldout
pad,1,0,0.675,0.5,6,1,8,1,heldout
pad,1,17,0.675,0.5,2,0,9,0,heldout
pad,1,18,0.675,0.5,5,0,5,0,heldout
pad,1,27,0.675,0.5,1,0,10,0,heldout
pad,1,28,0.675,0.5,5,2,6,2,heldout
pad,1,33,0.675,0.5,2,0,2,0,heldout
pad,1,34,0.675,0.5,1,0,1,0,heldout
pad,1,37,0.675,0.5,3,0,4,0,heldout
pad,1,43,0.675,0.5,1,1,5,1,heldout
pad,1,45,0.675,0.5,4,1,4,1,heldout
pad,1,47,0.675,0.5,1,1,4,1,heldout
pad,1,54,0.675,0.5,9,6,9,6,heldout
pad,1,57,0.675,0.5,4,2,2,2,heldout
pad,1,66,0.675,0.5,9,3,8,3,heldout
pad,1,72,0.675,0.5,7,5,8,5,heldout
pad,1,77,0.675,0.5,8,5,11,5,heldout
pad,1,79,0.675,0.5,6,2,5,2,heldout
pad,1,85,0.675,0.5,6,1,9,1,heldout
pad,1,97,0.675,0.5,5,2,7,2,heldout
pad,1,106,0.675,0.5,3,1,2,1,heldout
pad,1,108,0.675,0.5,7,2,5,2,heldout
pad,1,111,0.675,0.5,4,2,5,2,heldout
pad,1,113,0.675,0.5,7,2,11,2,heldout
pad,1,116,0.675,0.5,8,6,7,6,heldout
pad,1,121,0.675,0.5,3,0,1,0,heldout
pad,1,124,0.675,0.5,7,7,7,7,heldout
pad,1,125,0.675,0.5,5,4,6,4,heldout
pad,1,-1,0.7,0.3,93,51,106,51,val
pad,1,-1,0.7,0.5,93,23,106,23,val
pad,1,0,0.7,0.3,6,3,4,3,heldout
pad,1,17,0.7,0.3,2,0,7,0,heldout
pad,1,18,0.7,0.3,5,0,2,0,heldout
pad,1,27,0.7,0.3,1,1,5,1,heldout
pad,1,28,0.7,0.3,5,3,5,3,heldout
pad,1,33,0.7,0.3,2,0,2,0,heldout
pad,1,34,0.7,0.3,1,0,2,0,heldout
pad,1,37,0.7,0.3,3,1,5,1,heldout
pad,1,43,0.7,0.3,1,1,6,1,heldout
pad,1,45,0.7,0.3,4,2,3,2,heldout
pad,1,47,0.7,0.3,1,1,3,1,heldout
pad,1,54,0.7,0.3,9,6,8,6,heldout
pad,1,57,0.7,0.3,4,2,2,2,heldout
pad,1,66,0.7,0.3,9,3,7,3,heldout
pad,1,72,0.7,0.3,7,6,9,6,heldout
pad,1,77,0.7,0.3,8,6,10,6,heldout
pad,1,79,0.7,0.3,6,2,3,2,heldout
pad,1,85,0.7,0.3,6,1,8,1,heldout
pad,1,97,0.7,0.3,5,2,7,2,heldout
pad,1,106,0.7,0.3,3,2,2,2,heldout
pad,1,108,0.7,0.3,7,2,3,2,heldout
pad,1,111,0.7,0.3,4,2,5,2,heldout
pad,1,113,0.7,0.3,7,5,10,5,heldout
pad,1,116,0.7,0.3,8,7,7,7,heldout
pad,1,121,0.7,0.3,3,0,0,0,heldout
pad,1,124,0.7,0.3,7,7,8,7,heldout
pad,1,125,0.7,0.3,5,4,6,4,heldout
pad,1,0,0.7,0.5,6,0,4,0,heldout
pad,1,17,0.7,0.5,2,0,7,0,heldout
pad,1,18,0.7,0.5,5,0,2,0,heldout
pad,1,27,0.7,0.5,1,0,5,0,heldout
pad,1,28,0.7,0.5,5,2,5,2,heldout
pad,1,33,0.7,0.5,2,0,2,0,heldout
pad,1,34,0.7,0.5,1,0,2,0,heldout
pad,1,37,0.7,0.5,3,0,5,0,heldout
pad,1,43,0.7,0.5,1,1,6,1,heldout
pad,1,45,0.7,0.5,4,1,3,1,heldout
pad,1,47,0.7,0.5,1,1,3,1,heldout
pad,1,54,0.7,0.5,9,5,8,5,heldout
pad,1,57,0.7,0.5,4,2,2,2,heldout
pad,1,66,0.7,0.5,9,3,7,3,heldout
pad,1,72,0.7,0.5,7,4,9,4,heldout
pad,1,77,0.7,0.5,8,3,10,3,heldout
pad,1,79,0.7,0.5,6,2,3,2,heldout
pad,1,85,0.7,0.5,6,1,8,1,heldout
pad,1,97,0.7,0.5,5,2,7,2,heldout
pad,1,106,0.7,0.5,3,1,2,1,heldout
pad,1,108,0.7,0.5,7,2,3,2,heldout
pad,1,111,0.7,0.5,4,2,5,2,heldout
pad,1,113,0.7,0.5,7,0,10,0,heldout
pad,1,116,0.7,0.5,8,5,7,5,heldout
pad,1,121,0.7,0.5,3,0,0,0,heldout
pad,1,124,0.7,0.5,7,4,8,4,heldout
pad,1,125,0.7,0.5,5,2,6,2,heldout
pad,1,-1,0.725,0.3,93,40,96,40,val
pad,1,-1,0.725,0.5,93,14,96,14,val
pad,1,0,0.725,0.3,6,1,3,1,heldout
pad,1,17,0.725,0.3,2,0,5,0,heldout
pad,1,18,0.725,0.3,5,0,0,0,heldout
pad,1,27,0.725,0.3,1,0,4,0,heldout
pad,1,28,0.725,0.3,5,2,5,2,heldout
pad,1,33,0.725,0.3,2,0,2,0,heldout
pad,1,34,0.725,0.3,1,0,1,0,heldout
pad,1,37,0.725,0.3,3,0,3,0,heldout
pad,1,43,0.725,0.3,1,1,5,1,heldout
pad,1,45,0.725,0.3,4,2,2,2,heldout
pad,1,47,0.725,0.3,1,1,2,1,heldout
pad,1,54,0.725,0.3,9,5,9,5,heldout
pad,1,57,0.725,0.3,4,2,2,2,heldout
pad,1,66,0.725,0.3,9,3,4,3,heldout
pad,1,72,0.725,0.3,7,3,7,3,heldout
pad,1,77,0.725,0.3,8,4,7,4,heldout
pad,1,79,0.725,0.3,6,2,3,2,heldout
pad,1,85,0.725,0.3,6,1,7,1,heldout
pad,1,97,0.725,0.3,5,2,5,2,heldout
pad,1,106,0.725,0.3,3,0,3,0,heldout
pad,1,108,0.725,0.3,7,2,3,2,heldout
pad,1,111,0.725,0.3,4,2,5,2,heldout
pad,1,113,0.725,0.3,7,2,7,2,heldout
pad,1,116,0.725,0.3,8,7,7,7,heldout
pad,1,121,0.725,0.3,3,0,0,0,heldout
pad,1,124,0.725,0.3,7,5,8,5,heldout
pad,1,125,0.725,0.3,5,3,7,3,heldout
pad,1,0,0.725,0.5,6,0,3,0,heldout
pad,1,17,0.725,0.5,2,0,5,0,heldout
pad,1,18,0.725,0.5,5,0,0,0,heldout
pad,1,27,0.725,0.5,1,0,4,0,heldout
pad,1,28,0.725,0.5,5,2,5,2,heldout
pad,1,33,0.725,0.5,2,0,2,0,heldout
pad,1,34,0.725,0.5,1,0,1,0,heldout
pad,1,37,0.725,0.5,3,0,3,0,heldout
pad,1,43,0.725,0.5,1,0,5,0,heldout
pad,1,45,0.725,0.5,4,1,2,1,heldout
pad,1,47,0.725,0.5,1,1,2,1,heldout
pad,1,54,0.725,0.5,9,3,9,3,heldout
pad,1,57,0.725,0.5,4,1,2,1,heldout
pad,1,66,0.725,0.5,9,2,4,2,heldout
pad,1,72,0.725,0.5,7,2,7,2,heldout
pad,1,77,0.725,0.5,8,2,7,2,heldout
pad,1,79,0.725,0.5,6,1,3,1,heldout
pad,1,85,0.725,0.5,6,1,7,1,heldout
pad,1,97,0.725,0.5,5,0,5,0,heldout
pad,1,106,0.725,0.5,3,0,3,0,heldout
pad,1,108,0.725,0.5,7,1,3,1,heldout
pad,1,111,0.725,0.5,4,1,5,1,heldout
pad,1,113,0.725,0.5,7,0,7,0,heldout
pad,1,116,0.725,0.5,8,4,7,4,heldout
pad,1,121,0.725,0.5,3,0,0,0,heldout
pad,1,124,0.725,0.5,7,3,8,3,heldout
pad,1,125,0.725,0.5,5,0,7,0,heldout
pad,1,-1,0.75,0.3,93,24,73,24,val
pad,1,-1,0.75,0.5,93,6,73,6,val
pad,1,0,0.75,0.3,6,0,3,0,heldout
pad,1,17,0.75,0.3,2,0,5,0,heldout
pad,1,18,0.75,0.3,5,0,0,0,heldout
pad,1,27,0.75,0.3,1,0,3,0,heldout
pad,1,28,0.75,0.3,5,2,4,2,heldout
pad,1,33,0.75,0.3,2,0,1,0,heldout
pad,1,34,0.75,0.3,1,0,1,0,heldout
pad,1,37,0.75,0.3,3,0,0,0,heldout
pad,1,43,0.75,0.3,1,0,4,0,heldout
pad,1,45,0.75,0.3,4,1,2,1,heldout
pad,1,47,0.75,0.3,1,1,2,1,heldout
pad,1,54,0.75,0.3,9,5,7,5,heldout
pad,1,57,0.75,0.3,4,1,2,1,heldout
pad,1,66,0.75,0.3,9,2,5,2,heldout
pad,1,72,0.75,0.3,7,3,6,3,heldout
pad,1,77,0.75,0.3,8,2,3,2,heldout
pad,1,79,0.75,0.3,6,2,2,2,heldout
pad,1,85,0.75,0.3,6,0,4,0,heldout
pad,1,97,0.75,0.3,5,1,4,1,heldout
pad,1,106,0.75,0.3,3,0,2,0,heldout
pad,1,108,0.75,0.3,7,0,3,0,heldout
pad,1,111,0.75,0.3,4,1,5,1,heldout
pad,1,113,0.75,0.3,7,0,4,0,heldout
pad,1,116,0.75,0.3,8,7,8,7,heldout
pad,1,121,0.75,0.3,3,0,0,0,heldout
pad,1,124,0.75,0.3,7,5,9,5,heldout
pad,1,125,0.75,0.3,5,0,4,0,heldout
pad,1,0,0.75,0.5,6,0,3,0,heldout
pad,1,17,0.75,0.5,2,0,5,0,heldout
pad,1,18,0.75,0.5,5,0,0,0,heldout
pad,1,27,0.75,0.5,1,0,3,0,heldout
pad,1,28,0.75,0.5,5,0,4,0,heldout
pad,1,33,0.75,0.5,2,0,1,0,heldout
pad,1,34,0.75,0.5,1,0,1,0,heldout
pad,1,37,0.75,0.5,3,0,0,0,heldout
pad,1,43,0.75,0.5,1,0,4,0,heldout
pad,1,45,0.75,0.5,4,1,2,1,heldout
pad,1,47,0.75,0.5,1,0,2,0,heldout
pad,1,54,0.75,0.5,9,2,7,2,heldout
pad,1,57,0.75,0.5,4,0,2,0,heldout
pad,1,66,0.75,0.5,9,2,5,2,heldout
pad,1,72,0.75,0.5,7,2,6,2,heldout
pad,1,77,0.75,0.5,8,1,3,1,heldout
pad,1,79,0.75,0.5,6,1,2,1,heldout
pad,1,85,0.75,0.5,6,0,4,0,heldout
pad,1,97,0.75,0.5,5,0,4,0,heldout
pad,1,106,0.75,0.5,3,0,2,0,heldout
pad,1,108,0.75,0.5,7,0,3,0,heldout
pad,1,111,0.75,0.5,4,0,5,0,heldout
pad,1,113,0.75,0.5,7,0,4,0,heldout
pad,1,116,0.75,0.5,8,2,8,2,heldout
pad,1,121,0.75,0.5,3,0,0,0,heldout
pad,1,124,0.75,0.5,7,2,9,2,heldout
pad,1,125,0.75,0.5,5,0,4,0,heldout
pad,1,-1,0.775,0.3,93,12,59,12,val
pad,1,-1,0.775,0.5,93,3,59,3,val
pad,1,0,0.775,0.3,6,0,1,0,heldout
pad,1,17,0.775,0.3,2,0,2,0,heldout
pad,1,18,0.775,0.3,5,0,0,0,heldout
pad,1,27,0.775,0.3,1,0,3,0,heldout
pad,1,28,0.775,0.3,5,0,5,0,heldout
pad,1,33,0.775,0.3,2,0,1,0,heldout
pad,1,34,0.775,0.3,1,0,1,0,heldout
pad,1,37,0.775,0.3,3,0,0,0,heldout
pad,1,43,0.775,0.3,1,0,3,0,heldout
pad,1,45,0.775,0.3,4,1,2,1,heldout
pad,1,47,0.775,0.3,1,1,3,1,heldout
pad,1,54,0.775,0.3,9,3,4,3,heldout
pad,1,57,0.775,0.3,4,0,1,0,heldout
pad,1,66,0.775,0.3,9,1,4,1,heldout
pad,1,72,0.775,0.3,7,3,3,3,heldout
pad,1,77,0.775,0.3,8,1,2,1,heldout
pad,1,79,0.775,0.3,6,1,2,1,heldout
pad,1,85,0.775,0.3,6,0,2,0,heldout
pad,1,97,0.775,0.3,5,0,2,0,heldout
pad,1,106,0.775,0.3,3,0,0,0,heldout
pad,1,108,0.775,0.3,7,0,2,0,heldout
pad,1,111,0.775,0.3,4,1,4,1,heldout
pad,1,113,0.775,0.3,7,0,2,0,heldout
pad,1,116,0.775,0.3,8,5,9,5,heldout
pad,1,121,0.775,0.3,3,0,0,0,heldout
pad,1,124,0.775,0.3,7,2,8,2,heldout
pad,1,125,0.775,0.3,5,0,0,0,heldout
pad,1,0,0.775,0.5,6,0,1,0,heldout
pad,1,17,0.775,0.5,2,0,2,0,heldout
pad,1,18,0.775,0.5,5,0,0,0,heldout
pad,1,27,0.775,0.5,1,0,3,0,heldout
pad,1,28,0.775,0.5,5,0,5,0,heldout
pad,1,33,0.775,0.5,2,0,1,0,heldout
pad,1,34,0.775,0.5,1,0,1,0,heldout
pad,1,37,0.775,0.5,3,0,0,0,heldout
pad,1,43,0.775,0.5,1,0,3,0,heldout
pad,1,45,0.775,0.5,4,1,2,1,heldout
pad,1,47,0.775,0.5,1,0,3,0,heldout
pad,1,54,0.775,0.5,9,1,4,1,heldout
pad,1,57,0.775,0.5,4,0,1,0,heldout
pad,1,66,0.775,0.5,9,1,4,1,heldout
pad,1,72,0.775,0.5,7,1,3,1,heldout
pad,1,77,0.775,0.5,8,0,2,0,heldout
pad,1,79,0.775,0.5,6,0,2,0,heldout
pad,1,85,0.775,0.5,6,0,2,0,heldout
pad,1,97,0.775,0.5,5,0,2,0,heldout
pad,1,106,0.775,0.5,3,0,0,0,heldout
pad,1,108,0.775,0.5,7,0,2,0,heldout
pad,1,111,0.775,0.5,4,0,4,0,heldout
pad,1,113,0.775,0.5,7,0,2,0,heldout
pad,1,116,0.775,0.5,8,0,9,0,heldout
pad,1,121,0.775,0.5,3,0,0,0,heldout
pad,1,124,0.775,0.5,7,1,8,1,heldout
pad,1,125,0.775,0.5,5,0,0,0,heldout
pad,1,-1,0.8,0.3,93,5,32,5,val
pad,1,-1,0.8,0.5,93,0,32,0,val
pad,1,0,0.8,0.3,6,0,1,0,heldout
pad,1,17,0.8,0.3,2,0,0,0,heldout
pad,1,18,0.8,0.3,5,0,0,0,heldout
pad,1,27,0.8,0.3,1,0,2,0,heldout
pad,1,28,0.8,0.3,5,0,2,0,heldout
pad,1,33,0.8,0.3,2,0,1,0,heldout
pad,1,34,0.8,0.3,1,0,0,0,heldout
pad,1,37,0.8,0.3,3,0,0,0,heldout
pad,1,43,0.8,0.3,1,0,1,0,heldout
pad,1,45,0.8,0.3,4,1,1,1,heldout
pad,1,47,0.8,0.3,1,0,2,0,heldout
pad,1,54,0.8,0.3,9,1,4,1,heldout
pad,1,57,0.8,0.3,4,0,0,0,heldout
pad,1,66,0.8,0.3,9,1,2,1,heldout
pad,1,72,0.8,0.3,7,2,3,2,heldout
pad,1,77,0.8,0.3,8,0,0,0,heldout
pad,1,79,0.8,0.3,6,0,2,0,heldout
pad,1,85,0.8,0.3,6,0,2,0,heldout
pad,1,97,0.8,0.3,5,0,2,0,heldout
pad,1,106,0.8,0.3,3,0,0,0,heldout
pad,1,108,0.8,0.3,7,0,1,0,heldout
pad,1,111,0.8,0.3,4,0,2,0,heldout
pad,1,113,0.8,0.3,7,0,0,0,heldout
pad,1,116,0.8,0.3,8,0,10,0,heldout
pad,1,121,0.8,0.3,3,0,0,0,heldout
pad,1,124,0.8,0.3,7,2,4,2,heldout
pad,1,125,0.8,0.3,5,0,0,0,heldout
pad,1,0,0.8,0.5,6,0,1,0,heldout
pad,1,17,0.8,0.5,2,0,0,0,heldout
pad,1,18,0.8,0.5,5,0,0,0,heldout
pad,1,27,0.8,0.5,1,0,2,0,heldout
pad,1,28,0.8,0.5,5,0,2,0,heldout
pad,1,33,0.8,0.5,2,0,1,0,heldout
pad,1,34,0.8,0.5,1,0,0,0,heldout
pad,1,37,0.8,0.5,3,0,0,0,heldout
pad,1,43,0.8,0.5,1,0,1,0,heldout
pad,1,45,0.8,0.5,4,1,1,1,heldout
pad,1,47,0.8,0.5,1,0,2,0,heldout
pad,1,54,0.8,0.5,9,1,4,1,heldout
pad,1,57,0.8,0.5,4,0,0,0,heldout
pad,1,66,0.8,0.5,9,0,2,0,heldout
pad,1,72,0.8,0.5,7,0,3,0,heldout
pad,1,77,0.8,0.5,8,0,0,0,heldout
pad,1,79,0.8,0.5,6,0,2,0,heldout
pad,1,85,0.8,0.5,6,0,2,0,heldout
pad,1,97,0.8,0.5,5,0,2,0,heldout
pad,1,106,0.8,0.5,3,0,0,0,heldout
pad,1,108,0.8,0.5,7,0,1,0,heldout
pad,1,111,0.8,0.5,4,0,2,0,heldout
pad,1,113,0.8,0.5,7,0,0,0,heldout
pad,1,116,0.8,0.5,8,0,10,0,heldout
pad,1,121,0.8,0.5,3,0,0,0,heldout
pad,1,124,0.8,0.5,7,0,4,0,heldout
pad,1,125,0.8,0.5,5,0,0,0,heldout
pad,1,-1,0.825,0.3,93,1,18,1,val
pad,1,-1,0.825,0.5,93,0,18,0,val
pad,1,0,0.825,0.3,6,0,0,0,heldout
pad,1,17,0.825,0.3,2,0,0,0,heldout
pad,1,18,0.825,0.3,5,0,0,0,heldout
pad,1,27,0.825,0.3,1,0,0,0,heldout
pad,1,28,0.825,0.3,5,0,0,0,heldout
pad,1,33,0.825,0.3,2,0,0,0,heldout
pad,1,34,0.825,0.3,1,0,0,0,heldout
pad,1,37,0.825,0.3,3,0,0,0,heldout
pad,1,43,0.825,0.3,1,0,0,0,heldout
pad,1,45,0.825,0.3,4,1,1,1,heldout
pad,1,47,0.825,0.3,1,0,1,0,heldout
pad,1,54,0.825,0.3,9,1,2,1,heldout
pad,1,57,0.825,0.3,4,0,0,0,heldout
pad,1,66,0.825,0.3,9,0,1,0,heldout
pad,1,72,0.825,0.3,7,0,2,0,heldout
pad,1,77,0.825,0.3,8,0,0,0,heldout
pad,1,79,0.825,0.3,6,0,0,0,heldout
pad,1,85,0.825,0.3,6,0,1,0,heldout
pad,1,97,0.825,0.3,5,0,2,0,heldout
pad,1,106,0.825,0.3,3,0,0,0,heldout
pad,1,108,0.825,0.3,7,0,1,0,heldout
pad,1,111,0.825,0.3,4,0,1,0,heldout
pad,1,113,0.825,0.3,7,0,0,0,heldout
pad,1,116,0.825,0.3,8,0,6,0,heldout
pad,1,121,0.825,0.3,3,0,0,0,heldout
pad,1,124,0.825,0.3,7,0,1,0,heldout
pad,1,125,0.825,0.3,5,0,0,0,heldout
pad,1,0,0.825,0.5,6,0,0,0,heldout
pad,1,17,0.825,0.5,2,0,0,0,heldout
pad,1,18,0.825,0.5,5,0,0,0,heldout
pad,1,27,0.825,0.5,1,0,0,0,heldout
pad,1,28,0.825,0.5,5,0,0,0,heldout
pad,1,33,0.825,0.5,2,0,0,0,heldout
pad,1,34,0.825,0.5,1,0,0,0,heldout
pad,1,37,0.825,0.5,3,0,0,0,heldout
pad,1,43,0.825,0.5,1,0,0,0,heldout
pad,1,45,0.825,0.5,4,1,1,1,heldout
pad,1,47,0.825,0.5,1,0,1,0,heldout
pad,1,54,0.825,0.5,9,0,2,0,heldout
pad,1,57,0.825,0.5,4,0,0,0,heldout
pad,1,66,0.825,0.5,9,0,1,0,heldout
pad,1,72,0.825,0.5,7,0,2,0,heldout
pad,1,77,0.825,0.5,8,0,0,0,heldout
pad,1,79,0.825,0.5,6,0,0,0,heldout
pad,1,85,0.825,0.5,6,0,1,0,heldout
pad,1,97,0.825,0.5,5,0,2,0,heldout
pad,1,106,0.825,0.5,3,0,0,0,heldout
pad,1,108,0.825,0.5,7,0,1,0,heldout
pad,1,111,0.825,0.5,4,0,1,0,heldout
pad,1,113,0.825,0.5,7,0,0,0,heldout
pad,1,116,0.825,0.5,8,0,6,0,heldout
pad,1,121,0.825,0.5,3,0,0,0,heldout
pad,1,124,0.825,0.5,7,0,1,0,heldout
pad,1,125,0.825,0.5,5,0,0,0,heldout
pad,1,-1,0.85,0.3,93,1,5,1,val
pad,1,-1,0.85,0.5,93,0,5,0,val
pad,1,0,0.85,0.3,6,0,0,0,heldout
pad,1,17,0.85,0.3,2,0,0,0,heldout
pad,1,18,0.85,0.3,5,0,0,0,heldout
pad,1,27,0.85,0.3,1,0,0,0,heldout
pad,1,28,0.85,0.3,5,0,0,0,heldout
pad,1,33,0.85,0.3,2,0,0,0,heldout
pad,1,34,0.85,0.3,1,0,0,0,heldout
pad,1,37,0.85,0.3,3,0,0,0,heldout
pad,1,43,0.85,0.3,1,0,0,0,heldout
pad,1,45,0.85,0.3,4,0,1,0,heldout
pad,1,47,0.85,0.3,1,0,0,0,heldout
pad,1,54,0.85,0.3,9,1,1,1,heldout
pad,1,57,0.85,0.3,4,0,0,0,heldout
pad,1,66,0.85,0.3,9,0,0,0,heldout
pad,1,72,0.85,0.3,7,0,2,0,heldout
pad,1,77,0.85,0.3,8,0,0,0,heldout
pad,1,79,0.85,0.3,6,0,0,0,heldout
pad,1,85,0.85,0.3,6,0,0,0,heldout
pad,1,97,0.85,0.3,5,0,0,0,heldout
pad,1,106,0.85,0.3,3,0,0,0,heldout
pad,1,108,0.85,0.3,7,0,0,0,heldout
pad,1,111,0.85,0.3,4,0,1,0,heldout
pad,1,113,0.85,0.3,7,0,0,0,heldout
pad,1,116,0.85,0.3,8,0,3,0,heldout
pad,1,121,0.85,0.3,3,0,0,0,heldout
pad,1,124,0.85,0.3,7,0,0,0,heldout
pad,1,125,0.85,0.3,5,0,0,0,heldout
pad,1,0,0.85,0.5,6,0,0,0,heldout
pad,1,17,0.85,0.5,2,0,0,0,heldout
pad,1,18,0.85,0.5,5,0,0,0,heldout
pad,1,27,0.85,0.5,1,0,0,0,heldout
pad,1,28,0.85,0.5,5,0,0,0,heldout
pad,1,33,0.85,0.5,2,0,0,0,heldout
pad,1,34,0.85,0.5,1,0,0,0,heldout
pad,1,37,0.85,0.5,3,0,0,0,heldout
pad,1,43,0.85,0.5,1,0,0,0,heldout
pad,1,45,0.85,0.5,4,0,1,0,heldout
pad,1,47,0.85,0.5,1,0,0,0,heldout
pad,1,54,0.85,0.5,9,0,1,0,heldout
pad,1,57,0.85,0.5,4,0,0,0,heldout
pad,1,66,0.85,0.5,9,0,0,0,heldout
pad,1,72,0.85,0.5,7,0,2,0,heldout
pad,1,77,0.85,0.5,8,0,0,0,heldout
pad,1,79,0.85,0.5,6,0,0,0,heldout
pad,1,85,0.85,0.5,6,0,0,0,heldout
pad,1,97,0.85,0.5,5,0,0,0,heldout
pad,1,106,0.85,0.5,3,0,0,0,heldout
pad,1,108,0.85,0.5,7,0,0,0,heldout
pad,1,111,0.85,0.5,4,0,1,0,heldout
pad,1,113,0.85,0.5,7,0,0,0,heldout
pad,1,116,0.85,0.5,8,0,3,0,heldout
pad,1,121,0.85,0.5,3,0,0,0,heldout
pad,1,124,0.85,0.5,7,0,0,0,heldout
pad,1,125,0.85,0.5,5,0,0,0,heldout
pad,1,-1,0.875,0.3,93,0,2,0,val
pad,1,-1,0.875,0.5,93,0,2,0,val
pad,1,0,0.875,0.3,6,0,0,0,heldout
pad,1,17,0.875,0.3,2,0,0,0,heldout
pad,1,18,0.875,0.3,5,0,0,0,heldout
pad,1,27,0.875,0.3,1,0,0,0,heldout
pad,1,28,0.875,0.3,5,0,0,0,heldout
pad,1,33,0.875,0.3,2,0,0,0,heldout
pad,1,34,0.875,0.3,1,0,0,0,heldout
pad,1,37,0.875,0.3,3,0,0,0,heldout
pad,1,43,0.875,0.3,1,0,0,0,heldout
pad,1,45,0.875,0.3,4,0,0,0,heldout
pad,1,47,0.875,0.3,1,0,0,0,heldout
pad,1,54,0.875,0.3,9,0,1,0,heldout
pad,1,57,0.875,0.3,4,0,0,0,heldout
pad,1,66,0.875,0.3,9,0,0,0,heldout
pad,1,72,0.875,0.3,7,0,0,0,heldout
pad,1,77,0.875,0.3,8,0,0,0,heldout
pad,1,79,0.875,0.3,6,0,0,0,heldout
pad,1,85,0.875,0.3,6,0,0,0,heldout
pad,1,97,0.875,0.3,5,0,0,0,heldout
pad,1,106,0.875,0.3,3,0,0,0,heldout
pad,1,108,0.875,0.3,7,0,0,0,heldout
pad,1,111,0.875,0.3,4,0,0,0,heldout
pad,1,113,0.875,0.3,7,0,0,0,heldout
pad,1,116,0.875,0.3,8,0,0,0,heldout
pad,1,121,0.875,0.3,3,0,0,0,heldout
pad,1,124,0.875,0.3,7,0,0,0,heldout
pad,1,125,0.875,0.3,5,0,0,0,heldout
pad,1,0,0.875,0.5,6,0,0,0,heldout
pad,1,17,0.875,0.5,2,0,0,0,heldout
pad,1,18,0.875,0.5,5,0,0,0,heldout
pad,1,27,0.875,0.5,1,0,0,0,heldout
pad,1,28,0.875,0.5,5,0,0,0,heldout
pad,1,33,0.875,0.5,2,0,0,0,heldout
pad,1,34,0.875,0.5,1,0,0,0,heldout
pad,1,37,0.875,0.5,3,0,0,0,heldout
pad,1,43,0.875,0.5,1,0,0,0,heldout
pad,1,45,0.875,0.5,4,0,0,0,heldout
pad,1,47,0.875,0.5,1,0,0,0,heldout
pad,1,54,0.875,0.5,9,0,1,0,heldout
pad,1,57,0.875,0.5,4,0,0,0,heldout
pad,1,66,0.875,0.5,9,0,0,0,heldout
pad,1,72,0.875,0.5,7,0,0,0,heldout
pad,1,77,0.875,0.5,8,0,0,0,heldout
pad,1,79,0.875,0.5,6,0,0,0,heldout
pad,1,85,0.875,0.5,6,0,0,0,heldout
pad,1,97,0.875,0.5,5,0,0,0,heldout
pad,1,106,0.875,0.5,3,0,0,0,heldout
pad,1,108,0.875,0.5,7,0,0,0,heldout
pad,1,111,0.875,0.5,4,0,0,0,heldout
pad,1,113,0.875,0.5,7,0,0,0,heldout
pad,1,116,0.875,0.5,8,0,0,0,heldout
pad,1,121,0.875,0.5,3,0,0,0,heldout
pad,1,124,0.875,0.5,7,0,0,0,heldout
pad,1,125,0.875,0.5,5,0,0,0,heldout
pad,1,-1,0.9,0.3,93,0,1,0,val
pad,1,-1,0.9,0.5,93,0,1,0,val
pad,1,0,0.9,0.3,6,0,0,0,heldout
pad,1,17,0.9,0.3,2,0,0,0,heldout
pad,1,18,0.9,0.3,5,0,0,0,heldout
pad,1,27,0.9,0.3,1,0,0,0,heldout
pad,1,28,0.9,0.3,5,0,0,0,heldout
pad,1,33,0.9,0.3,2,0,0,0,heldout
pad,1,34,0.9,0.3,1,0,0,0,heldout
pad,1,37,0.9,0.3,3,0,0,0,heldout
pad,1,43,0.9,0.3,1,0,0,0,heldout
pad,1,45,0.9,0.3,4,0,0,0,heldout
pad,1,47,0.9,0.3,1,0,0,0,heldout
pad,1,54,0.9,0.3,9,0,0,0,heldout
pad,1,57,0.9,0.3,4,0,0,0,heldout
pad,1,66,0.9,0.3,9,0,0,0,heldout
pad,1,72,0.9,0.3,7,0,0,0,heldout
pad,1,77,0.9,0.3,8,0,0,0,heldout
pad,1,79,0.9,0.3,6,0,0,0,heldout
pad,1,85,0.9,0.3,6,0,0,0,heldout
pad,1,97,0.9,0.3,5,0,0,0,heldout
pad,1,106,0.9,0.3,3,0,0,0,heldout
pad,1,108,0.9,0.3,7,0,0,0,heldout
pad,1,111,0.9,0.3,4,0,0,0,heldout
pad,1,113,0.9,0.3,7,0,0,0,heldout
pad,1,116,0.9,0.3,8,0,0,0,heldout
pad,1,121,0.9,0.3,3,0,0,0,heldout
pad,1,124,0.9,0.3,7,0,0,0,heldout
pad,1,125,0.9,0.3,5,0,0,0,heldout
pad,1,0,0.9,0.5,6,0,0,0,heldout
pad,1,17,0.9,0.5,2,0,0,0,heldout
pad,1,18,0.9,0.5,5,0,0,0,heldout
pad,1,27,0.9,0.5,1,0,0,0,heldout
pad,1,28,0.9,0.5,5,0,0,0,heldout
pad,1,33,0.9,0.5,2,0,0,0,heldout
pad,1,34,0.9,0.5,1,0,0,0,heldout
pad,1,37,0.9,0.5,3,0,0,0,heldout
pad,1,43,0.9,0.5,1,0,0,0,heldout
pad,1,45,0.9,0.5,4,0,0,0,heldout
pad,1,47,0.9,0.5,1,0,0,0,heldout
pad,1,54,0.9,0.5,9,0,0,0,heldout
pad,1,57,0.9,0.5,4,0,0,0,heldout
pad,1,66,0.9,0.5,9,0,0,0,heldout
pad,1,72,0.9,0.5,7,0,0,0,heldout
pad,1,77,0.9,0.5,8,0,0,0,heldout
pad,1,79,0.9,0.5,6,0,0,0,heldout
pad,1,85,0.9,0.5,6,0,0,0,heldout
pad,1,97,0.9,0.5,5,0,0,0,heldout
pad,1,106,0.9,0.5,3,0,0,0,heldout
pad,1,108,0.9,0.5,7,0,0,0,heldout
pad,1,111,0.9,0.5,4,0,0,0,heldout
pad,1,113,0.9,0.5,7,0,0,0,heldout
pad,1,116,0.9,0.5,8,0,0,0,heldout
pad,1,121,0.9,0.5,3,0,0,0,heldout
pad,1,124,0.9,0.5,7,0,0,0,heldout
pad,1,125,0.9,0.5,5,0,0,0,heldout
pad,1,-1,0.925,0.3,93,0,0,0,val
pad,1,-1,0.925,0.5,93,0,0,0,val
pad,1,0,0.925,0.3,6,0,0,0,heldout
pad,1,17,0.925,0.3,2,0,0,0,heldout
pad,1,18,0.925,0.3,5,0,0,0,heldout
pad,1,27,0.925,0.3,1,0,0,0,heldout
pad,1,28,0.925,0.3,5,0,0,0,heldout
pad,1,33,0.925,0.3,2,0,0,0,heldout
pad,1,34,0.925,0.3,1,0,0,0,heldout
pad,1,37,0.925,0.3,3,0,0,0,heldout
pad,1,43,0.925,0.3,1,0,0,0,heldout
pad,1,45,0.925,0.3,4,0,0,0,heldout
pad,1,47,0.925,0.3,1,0,0,0,heldout
pad,1,54,0.925,0.3,9,0,0,0,heldout
pad,1,57,0.925,0.3,4,0,0,0,heldout
pad,1,66,0.925,0.3,9,0,0,0,heldout
pad,1,72,0.925,0.3,7,0,0,0,heldout
pad,1,77,0.925,0.3,8,0,0,0,heldout
pad,1,79,0.925,0.3,6,0,0,0,heldout
pad,1,85,0.925,0.3,6,0,0,0,heldout
pad,1,97,0.925,0.3,5,0,0,0,heldout
pad,1,106,0.925,0.3,3,0,0,0,heldout
pad,1,108,0.925,0.3,7,0,0,0,heldout
pad,1,111,0.925,0.3,4,0,0,0,heldout
pad,1,113,0.925,0.3,7,0,0,0,heldout
pad,1,116,0.925,0.3,8,0,0,0,heldout
pad,1,121,0.925,0.3,3,0,0,0,heldout
pad,1,124,0.925,0.3,7,0,0,0,heldout
pad,1,125,0.925,0.3,5,0,0,0,heldout
pad,1,0,0.925,0.5,6,0,0,0,heldout
pad,1,17,0.925,0.5,2,0,0,0,heldout
pad,1,18,0.925,0.5,5,0,0,0,heldout
pad,1,27,0.925,0.5,1,0,0,0,heldout
pad,1,28,0.925,0.5,5,0,0,0,heldout
pad,1,33,0.925,0.5,2,0,0,0,heldout
pad,1,34,0.925,0.5,1,0,0,0,heldout
pad,1,37,0.925,0.5,3,0,0,0,heldout
pad,1,43,0.925,0.5,1,0,0,0,heldout
pad,1,45,0.925,0.5,4,0,0,0,heldout
pad,1,47,0.925,0.5,1,0,0,0,heldout
pad,1,54,0.925,0.5,9,0,0,0,heldout
pad,1,57,0.925,0.5,4,0,0,0,heldout
pad,1,66,0.925,0.5,9,0,0,0,heldout
pad,1,72,0.925,0.5,7,0,0,0,heldout
pad,1,77,0.925,0.5,8,0,0,0,heldout
pad,1,79,0.925,0.5,6,0,0,0,heldout
pad,1,85,0.925,0.5,6,0,0,0,heldout
pad,1,97,0.925,0.5,5,0,0,0,heldout
pad,1,106,0.925,0.5,3,0,0,0,heldout
pad,1,108,0.925,0.5,7,0,0,0,heldout
pad,1,111,0.925,0.5,4,0,0,0,heldout
pad,1,113,0.925,0.5,7,0,0,0,heldout
pad,1,116,0.925,0.5,8,0,0,0,heldout
pad,1,121,0.925,0.5,3,0,0,0,heldout
pad,1,124,0.925,0.5,7,0,0,0,heldout
pad,1,125,0.925,0.5,5,0,0,0,heldout
pad,1,-1,0.95,0.3,93,0,0,0,val
pad,1,-1,0.95,0.5,93,0,0,0,val
pad,1,0,0.95,0.3,6,0,0,0,heldout
pad,1,17,0.95,0.3,2,0,0,0,heldout
pad,1,18,0.95,0.3,5,0,0,0,heldout
pad,1,27,0.95,0.3,1,0,0,0,heldout
pad,1,28,0.95,0.3,5,0,0,0,heldout
pad,1,33,0.95,0.3,2,0,0,0,heldout
pad,1,34,0.95,0.3,1,0,0,0,heldout
pad,1,37,0.95,0.3,3,0,0,0,heldout
pad,1,43,0.95,0.3,1,0,0,0,heldout
pad,1,45,0.95,0.3,4,0,0,0,heldout
pad,1,47,0.95,0.3,1,0,0,0,heldout
pad,1,54,0.95,0.3,9,0,0,0,heldout
pad,1,57,0.95,0.3,4,0,0,0,heldout
pad,1,66,0.95,0.3,9,0,0,0,heldout
pad,1,72,0.95,0.3,7,0,0,0,heldout
pad,1,77,0.95,0.3,8,0,0,0,heldout
pad,1,79,0.95,0.3,6,0,0,0,heldout
pad,1,85,0.95,0.3,6,0,0,0,heldout
pad,1,97,0.95,0.3,5,0,0,0,heldout
pad,1,106,0.95,0.3,3,0,0,0,heldout
pad,1,108,0.95,0.3,7,0,0,0,heldout
pad,1,111,0.95,0.3,4,0,0,0,heldout
pad,1,113,0.95,0.3,7,0,0,0,heldout
pad,1,116,0.95,0.3,8,0,0,0,heldout
pad,1,121,0.95,0.3,3,0,0,0,heldout
pad,1,124,0.95,0.3,7,0,0,0,heldout
pad,1,125,0.95,0.3,5,0,0,0,heldout
pad,1,0,0.95,0.5,6,0,0,0,heldout
pad,1,17,0.95,0.5,2,0,0,0,heldout
pad,1,18,0.95,0.5,5,0,0,0,heldout
pad,1,27,0.95,0.5,1,0,0,0,heldout
pad,1,28,0.95,0.5,5,0,0,0,heldout
pad,1,33,0.95,0.5,2,0,0,0,heldout
pad,1,34,0.95,0.5,1,0,0,0,heldout
pad,1,37,0.95,0.5,3,0,0,0,heldout
pad,1,43,0.95,0.5,1,0,0,0,heldout
pad,1,45,0.95,0.5,4,0,0,0,heldout
pad,1,47,0.95,0.5,1,0,0,0,heldout
pad,1,54,0.95,0.5,9,0,0,0,heldout
pad,1,57,0.95,0.5,4,0,0,0,heldout
pad,1,66,0.95,0.5,9,0,0,0,heldout
pad,1,72,0.95,0.5,7,0,0,0,heldout
pad,1,77,0.95,0.5,8,0,0,0,heldout
pad,1,79,0.95,0.5,6,0,0,0,heldout
pad,1,85,0.95,0.5,6,0,0,0,heldout
pad,1,97,0.95,0.5,5,0,0,0,heldout
pad,1,106,0.95,0.5,3,0,0,0,heldout
pad,1,108,0.95,0.5,7,0,0,0,heldout
pad,1,111,0.95,0.5,4,0,0,0,heldout
pad,1,113,0.95,0.5,7,0,0,0,heldout
pad,1,116,0.95,0.5,8,0,0,0,heldout
pad,1,121,0.95,0.5,3,0,0,0,heldout
pad,1,124,0.95,0.5,7,0,0,0,heldout
pad,1,125,0.95,0.5,5,0,0,0,heldout
pad,2,-1,0.05,0.3,107,0,38,0,val
pad,2,-1,0.05,0.5,107,0,38,0,val
pad,2,14,0.05,0.3,4,0,0,0,heldout
pad,2,15,0.05,0.3,2,0,5,0,heldout
pad,2,25,0.05,0.3,3,0,0,0,heldout
pad,2,29,0.05,0.3,5,0,1,0,heldout
pad,2,35,0.05,0.3,1,0,10,0,heldout
pad,2,36,0.05,0.3,7,0,0,0,heldout
pad,2,39,0.05,0.3,2,0,0,0,heldout
pad,2,50,0.05,0.3,8,0,0,0,heldout
pad,2,60,0.05,0.3,8,0,3,0,heldout
pad,2,61,0.05,0.3,7,0,1,0,heldout
pad,2,65,0.05,0.3,7,0,1,0,heldout
pad,2,67,0.05,0.3,7,0,0,0,heldout
pad,2,70,0.05,0.3,3,0,0,0,heldout
pad,2,71,0.05,0.3,7,0,2,0,heldout
pad,2,81,0.05,0.3,1,0,1,0,heldout
pad,2,82,0.05,0.3,2,0,1,0,heldout
pad,2,98,0.05,0.3,2,0,2,0,heldout
pad,2,100,0.05,0.3,2,0,1,0,heldout
pad,2,101,0.05,0.3,4,0,1,0,heldout
pad,2,103,0.05,0.3,8,0,2,0,heldout
pad,2,107,0.05,0.3,8,0,0,0,heldout
pad,2,119,0.05,0.3,6,0,1,0,heldout
pad,2,122,0.05,0.3,7,0,1,0,heldout
pad,2,129,0.05,0.3,5,0,2,0,heldout
pad,2,133,0.05,0.3,6,0,0,0,heldout
pad,2,141,0.05,0.3,7,0,1,0,heldout
pad,2,14,0.05,0.5,4,0,0,0,heldout
pad,2,15,0.05,0.5,2,0,5,0,heldout
pad,2,25,0.05,0.5,3,0,0,0,heldout
pad,2,29,0.05,0.5,5,0,1,0,heldout
pad,2,35,0.05,0.5,1,0,10,0,heldout
pad,2,36,0.05,0.5,7,0,0,0,heldout
pad,2,39,0.05,0.5,2,0,0,0,heldout
pad,2,50,0.05,0.5,8,0,0,0,heldout
pad,2,60,0.05,0.5,8,0,3,0,heldout
pad,2,61,0.05,0.5,7,0,1,0,heldout
pad,2,65,0.05,0.5,7,0,1,0,heldout
pad,2,67,0.05,0.5,7,0,0,0,heldout
pad,2,70,0.05,0.5,3,0,0,0,heldout
pad,2,71,0.05,0.5,7,0,2,0,heldout
pad,2,81,0.05,0.5,1,0,1,0,heldout
pad,2,82,0.05,0.5,2,0,1,0,heldout
pad,2,98,0.05,0.5,2,0,2,0,heldout
pad,2,100,0.05,0.5,2,0,1,0,heldout
pad,2,101,0.05,0.5,4,0,1,0,heldout
pad,2,103,0.05,0.5,8,0,2,0,heldout
pad,2,107,0.05,0.5,8,0,0,0,heldout
pad,2,119,0.05,0.5,6,0,1,0,heldout
pad,2,122,0.05,0.5,7,0,1,0,heldout
pad,2,129,0.05,0.5,5,0,2,0,heldout
pad,2,133,0.05,0.5,6,0,0,0,heldout
pad,2,141,0.05,0.5,7,0,1,0,heldout
pad,2,-1,0.075,0.3,107,0,30,0,val
pad,2,-1,0.075,0.5,107,0,30,0,val
pad,2,14,0.075,0.3,4,0,0,0,heldout
pad,2,15,0.075,0.3,2,0,1,0,heldout
pad,2,25,0.075,0.3,3,0,1,0,heldout
pad,2,29,0.075,0.3,5,0,0,0,heldout
pad,2,35,0.075,0.3,1,0,4,0,heldout
pad,2,36,0.075,0.3,7,0,2,0,heldout
pad,2,39,0.075,0.3,2,0,2,0,heldout
pad,2,50,0.075,0.3,8,0,3,0,heldout
pad,2,60,0.075,0.3,8,0,2,0,heldout
pad,2,61,0.075,0.3,7,0,2,0,heldout
pad,2,65,0.075,0.3,7,0,4,0,heldout
pad,2,67,0.075,0.3,7,0,1,0,heldout
pad,2,70,0.075,0.3,3,0,3,0,heldout
pad,2,71,0.075,0.3,7,0,1,0,heldout
pad,2,81,0.075,0.3,1,0,2,0,heldout
pad,2,82,0.075,0.3,2,0,2,0,heldout
pad,2,98,0.075,0.3,2,0,3,0,heldout
pad,2,100,0.075,0.3,2,0,3,0,heldout
pad,2,101,0.075,0.3,4,0,0,0,heldout
pad,2,103,0.075,0.3,8,0,2,0,heldout
pad,2,107,0.075,0.3,8,0,0,0,heldout
pad,2,119,0.075,0.3,6,0,0,0,heldout
pad,2,122,0.075,0.3,7,0,4,0,heldout
pad,2,129,0.075,0.3,5,0,2,0,heldout
pad,2,133,0.075,0.3,6,0,3,0,heldout
pad,2,141,0.075,0.3,7,0,0,0,heldout
pad,2,14,0.075,0.5,4,0,0,0,heldout
pad,2,15,0.075,0.5,2,0,1,0,heldout
pad,2,25,0.075,0.5,3,0,1,0,heldout
pad,2,29,0.075,0.5,5,0,0,0,heldout
pad,2,35,0.075,0.5,1,0,4,0,heldout
pad,2,36,0.075,0.5,7,0,2,0,heldout
pad,2,39,0.075,0.5,2,0,2,0,heldout
pad,2,50,0.075,0.5,8,0,3,0,heldout
pad,2,60,0.075,0.5,8,0,2,0,heldout
pad,2,61,0.075,0.5,7,0,2,0,heldout
pad,2,65,0.075,0.5,7,0,4,0,heldout
pad,2,67,0.075,0.5,7,0,1,0,heldout
pad,2,70,0.075,0.5,3,0,3,0,heldout
pad,2,71,0.075,0.5,7,0,1,0,heldout
pad,2,81,0.075,0.5,1,0,2,0,heldout
pad,2,82,0.075,0.5,2,0,2,0,heldout
pad,2,98,0.075,0.5,2,0,3,0,heldout
pad,2,100,0.075,0.5,2,0,3,0,heldout
pad,2,101,0.075,0.5,4,0,0,0,heldout
pad,2,103,0.075,0.5,8,0,2,0,heldout
pad,2,107,0.075,0.5,8,0,0,0,heldout
pad,2,119,0.075,0.5,6,0,0,0,heldout
pad,2,122,0.075,0.5,7,0,4,0,heldout
pad,2,129,0.075,0.5,5,0,2,0,heldout
pad,2,133,0.075,0.5,6,0,3,0,heldout
pad,2,141,0.075,0.5,7,0,0,0,heldout
pad,2,-1,0.1,0.3,107,0,56,0,val
pad,2,-1,0.1,0.5,107,0,56,0,val
pad,2,14,0.1,0.3,4,0,0,0,heldout
pad,2,15,0.1,0.3,2,0,4,0,heldout
pad,2,25,0.1,0.3,3,0,2,0,heldout
pad,2,29,0.1,0.3,5,0,2,0,heldout
pad,2,35,0.1,0.3,1,0,12,0,heldout
pad,2,36,0.1,0.3,7,0,1,0,heldout
pad,2,39,0.1,0.3,2,0,1,0,heldout
pad,2,50,0.1,0.3,8,0,3,0,heldout
pad,2,60,0.1,0.3,8,0,3,0,heldout
pad,2,61,0.1,0.3,7,0,1,0,heldout
pad,2,65,0.1,0.3,7,0,5,0,heldout
pad,2,67,0.1,0.3,7,0,6,0,heldout
pad,2,70,0.1,0.3,3,0,3,0,heldout
pad,2,71,0.1,0.3,7,2,6,2,heldout
pad,2,81,0.1,0.3,1,0,9,0,heldout
pad,2,82,0.1,0.3,2,0,3,0,heldout
pad,2,98,0.1,0.3,2,0,2,0,heldout
pad,2,100,0.1,0.3,2,0,3,0,heldout
pad,2,101,0.1,0.3,4,0,1,0,heldout
pad,2,103,0.1,0.3,8,0,2,0,heldout
pad,2,107,0.1,0.3,8,0,3,0,heldout
pad,2,119,0.1,0.3,6,0,4,0,heldout
pad,2,122,0.1,0.3,7,0,4,0,heldout
pad,2,129,0.1,0.3,5,0,7,0,heldout
pad,2,133,0.1,0.3,6,0,2,0,heldout
pad,2,141,0.1,0.3,7,0,1,0,heldout
pad,2,14,0.1,0.5,4,0,0,0,heldout
pad,2,15,0.1,0.5,2,0,4,0,heldout
pad,2,25,0.1,0.5,3,0,2,0,heldout
pad,2,29,0.1,0.5,5,0,2,0,heldout
pad,2,35,0.1,0.5,1,0,12,0,heldout
pad,2,36,0.1,0.5,7,0,1,0,heldout
pad,2,39,0.1,0.5,2,0,1,0,heldout
pad,2,50,0.1,0.5,8,0,3,0,heldout
pad,2,60,0.1,0.5,8,0,3,0,heldout
pad,2,61,0.1,0.5,7,0,1,0,heldout
pad,2,65,0.1,0.5,7,0,5,0,heldout
pad,2,67,0.1,0.5,7,0,6,0,heldout
pad,2,70,0.1,0.5,3,0,3,0,heldout
pad,2,71,0.1,0.5,7,0,6,0,heldout
pad,2,81,0.1,0.5,1,0,9,0,heldout
pad,2,82,0.1,0.5,2,0,3,0,heldout
pad,2,98,0.1,0.5,2,0,2,0,heldout
pad,2,100,0.1,0.5,2,0,3,0,heldout
pad,2,101,0.1,0.5,4,0,1,0,heldout
pad,2,103,0.1,0.5,8,0,2,0,heldout
pad,2,107,0.1,0.5,8,0,3,0,heldout
pad,2,119,0.1,0.5,6,0,4,0,heldout
pad,2,122,0.1,0.5,7,0,4,0,heldout
pad,2,129,0.1,0.5,5,0,7,0,heldout
pad,2,133,0.1,0.5,6,0,2,0,heldout
pad,2,141,0.1,0.5,7,0,1,0,heldout
pad,2,-1,0.125,0.3,107,5,119,5,val
pad,2,-1,0.125,0.5,107,0,119,0,val
pad,2,14,0.125,0.3,4,0,5,0,heldout
pad,2,15,0.125,0.3,2,0,7,0,heldout
pad,2,25,0.125,0.3,3,0,3,0,heldout
pad,2,29,0.125,0.3,5,0,10,0,heldout
pad,2,35,0.125,0.3,1,1,14,1,heldout
pad,2,36,0.125,0.3,7,0,6,0,heldout
pad,2,39,0.125,0.3,2,0,2,0,heldout
pad,2,50,0.125,0.3,8,1,5,1,heldout
pad,2,60,0.125,0.3,8,0,6,0,heldout
pad,2,61,0.125,0.3,7,0,1,0,heldout
pad,2,65,0.125,0.3,7,1,8,1,heldout
pad,2,67,0.125,0.3,7,0,4,0,heldout
pad,2,70,0.125,0.3,3,0,8,0,heldout
pad,2,71,0.125,0.3,7,3,12,3,heldout
pad,2,81,0.125,0.3,1,0,17,0,heldout
pad,2,82,0.125,0.3,2,0,7,0,heldout
pad,2,98,0.125,0.3,2,1,4,1,heldout
pad,2,100,0.125,0.3,2,0,5,0,heldout
pad,2,101,0.125,0.3,4,0,1,0,heldout
pad,2,103,0.125,0.3,8,0,0,0,heldout
pad,2,107,0.125,0.3,8,0,2,0,heldout
pad,2,119,0.125,0.3,6,0,4,0,heldout
pad,2,122,0.125,0.3,7,0,4,0,heldout
pad,2,129,0.125,0.3,5,0,9,0,heldout
pad,2,133,0.125,0.3,6,0,5,0,heldout
pad,2,141,0.125,0.3,7,0,6,0,heldout
pad,2,14,0.125,0.5,4,0,5,0,heldout
pad,2,15,0.125,0.5,2,0,7,0,heldout
pad,2,25,0.125,0.5,3,0,3,0,heldout
pad,2,29,0.125,0.5,5,0,10,0,heldout
pad,2,35,0.125,0.5,1,0,14,0,heldout
pad,2,36,0.125,0.5,7,0,6,0,heldout
pad,2,39,0.125,0.5,2,0,2,0,heldout
pad,2,50,0.125,0.5,8,1,5,1,heldout
pad,2,60,0.125,0.5,8,0,6,0,heldout
pad,2,61,0.125,0.5,7,0,1,0,heldout
pad,2,65,0.125,0.5,7,0,8,0,heldout
pad,2,67,0.125,0.5,7,0,4,0,heldout
pad,2,70,0.125,0.5,3,0,8,0,heldout
pad,2,71,0.125,0.5,7,0,12,0,heldout
pad,2,81,0.125,0.5,1,0,17,0,heldout
pad,2,82,0.125,0.5,2,0,7,0,heldout
pad,2,98,0.125,0.5,2,0,4,0,heldout
pad,2,100,0.125,0.5,2,0,5,0,heldout
pad,2,101,0.125,0.5,4,0,1,0,heldout
pad,2,103,0.125,0.5,8,0,0,0,heldout
pad,2,107,0.125,0.5,8,0,2,0,heldout
pad,2,119,0.125,0.5,6,0,4,0,heldout
pad,2,122,0.125,0.5,7,0,4,0,heldout
pad,2,129,0.125,0.5,5,0,9,0,heldout
pad,2,133,0.125,0.5,6,0,5,0,heldout
pad,2,141,0.125,0.5,7,0,6,0,heldout
pad,2,-1,0.15,0.3,107,8,118,8,val
pad,2,-1,0.15,0.5,107,0,118,0,val
pad,2,14,0.15,0.3,4,0,4,0,heldout
pad,2,15,0.15,0.3,2,0,8,0,heldout
pad,2,25,0.15,0.3,3,0,1,0,heldout
pad,2,29,0.15,0.3,5,0,10,0,heldout
pad,2,35,0.15,0.3,1,1,14,1,heldout
pad,2,36,0.15,0.3,7,0,5,0,heldout
pad,2,39,0.15,0.3,2,0,3,0,heldout
pad,2,50,0.15,0.3,8,1,3,1,heldout
pad,2,60,0.15,0.3,8,1,6,1,heldout
pad,2,61,0.15,0.3,7,0,2,0,heldout
pad,2,65,0.15,0.3,7,1,6,1,heldout
pad,2,67,0.15,0.3,7,0,6,0,heldout
pad,2,70,0.15,0.3,3,0,11,0,heldout
pad,2,71,0.15,0.3,7,3,12,3,heldout
pad,2,81,0.15,0.3,1,0,13,0,heldout
pad,2,82,0.15,0.3,2,0,8,0,heldout
pad,2,98,0.15,0.3,2,1,5,1,heldout
pad,2,100,0.15,0.3,2,0,6,0,heldout
pad,2,101,0.15,0.3,4,0,3,0,heldout
pad,2,103,0.15,0.3,8,0,4,0,heldout
pad,2,107,0.15,0.3,8,0,3,0,heldout
pad,2,119,0.15,0.3,6,0,5,0,heldout
pad,2,122,0.15,0.3,7,0,3,0,heldout
pad,2,129,0.15,0.3,5,1,7,1,heldout
pad,2,133,0.15,0.3,6,0,10,0,heldout
pad,2,141,0.15,0.3,7,0,6,0,heldout
pad,2,14,0.15,0.5,4,0,4,0,heldout
pad,2,15,0.15,0.5,2,0,8,0,heldout
pad,2,25,0.15,0.5,3,0,1,0,heldout
pad,2,29,0.15,0.5,5,0,10,0,heldout
pad,2,35,0.15,0.5,1,0,14,0,heldout
pad,2,36,0.15,0.5,7,0,5,0,heldout
pad,2,39,0.15,0.5,2,0,3,0,heldout
pad,2,50,0.15,0.5,8,1,3,1,heldout
pad,2,60,0.15,0.5,8,0,6,0,heldout
pad,2,61,0.15,0.5,7,0,2,0,heldout
pad,2,65,0.15,0.5,7,0,6,0,heldout
pad,2,67,0.15,0.5,7,0,6,0,heldout
pad,2,70,0.15,0.5,3,0,11,0,heldout
pad,2,71,0.15,0.5,7,0,12,0,heldout
pad,2,81,0.15,0.5,1,0,13,0,heldout
pad,2,82,0.15,0.5,2,0,8,0,heldout
pad,2,98,0.15,0.5,2,0,5,0,heldout
pad,2,100,0.15,0.5,2,0,6,0,heldout
pad,2,101,0.15,0.5,4,0,3,0,heldout
pad,2,103,0.15,0.5,8,0,4,0,heldout
pad,2,107,0.15,0.5,8,0,3,0,heldout
pad,2,119,0.15,0.5,6,0,5,0,heldout
pad,2,122,0.15,0.5,7,0,3,0,heldout
pad,2,129,0.15,0.5,5,0,7,0,heldout
pad,2,133,0.15,0.5,6,0,10,0,heldout
pad,2,141,0.15,0.5,7,0,6,0,heldout
pad,2,-1,0.175,0.3,107,14,129,14,val
pad,2,-1,0.175,0.5,107,2,129,2,val
pad,2,14,0.175,0.3,4,1,5,1,heldout
pad,2,15,0.175,0.3,2,0,6,0,heldout
pad,2,25,0.175,0.3,3,0,0,0,heldout
pad,2,29,0.175,0.3,5,2,7,2,heldout
pad,2,35,0.175,0.3,1,1,10,1,heldout
pad,2,36,0.175,0.3,7,0,4,0,heldout
pad,2,39,0.175,0.3,2,0,5,0,heldout
pad,2,50,0.175,0.3,8,1,3,1,heldout
pad,2,60,0.175,0.3,8,1,7,1,heldout
pad,2,61,0.175,0.3,7,0,1,0,heldout
pad,2,65,0.175,0.3,7,1,7,1,heldout
pad,2,67,0.175,0.3,7,0,4,0,heldout
pad,2,70,0.175,0.3,3,0,8,0,heldout
pad,2,71,0.175,0.3,7,5,11,5,heldout
pad,2,81,0.175,0.3,1,0,13,0,heldout
pad,2,82,0.175,0.3,2,0,6,0,heldout
pad,2,98,0.175,0.3,2,1,5,1,heldout
pad,2,100,0.175,0.3,2,0,4,0,heldout
pad,2,101,0.175,0.3,4,0,3,0,heldout
pad,2,103,0.175,0.3,8,0,1,0,heldout
pad,2,107,0.175,0.3,8,0,4,0,heldout
pad,2,119,0.175,0.3,6,1,5,1,heldout
pad,2,122,0.175,0.3,7,1,4,1,heldout
pad,2,129,0.175,0.3,5,2,6,2,heldout
pad,2,133,0.175,0.3,6,2,14,2,heldout
pad,2,141,0.175,0.3,7,1,7,1,heldout
pad,2,14,0.175,0.5,4,0,5,0,heldout
pad,2,15,0.175,0.5,2,0,6,0,heldout
pad,2,25,0.175,0.5,3,0,0,0,heldout
pad,2,29,0.175,0.5,5,1,7,1,heldout
pad,2,35,0.175,0.5,1,1,10,1,heldout
pad,2,36,0.175,0.5,7,0,4,0,heldout
pad,2,39,0.175,0.5,2,0,5,0,heldout
pad,2,50,0.175,0.5,8,1,3,1,heldout
pad,2,60,0.175,0.5,8,0,7,0,heldout
pad,2,61,0.175,0.5,7,0,1,0,heldout
pad,2,65,0.175,0.5,7,0,7,0,heldout
pad,2,67,0.175,0.5,7,0,4,0,heldout
pad,2,70,0.175,0.5,3,0,8,0,heldout
pad,2,71,0.175,0.5,7,2,11,2,heldout
pad,2,81,0.175,0.5,1,0,13,0,heldout
pad,2,82,0.175,0.5,2,0,6,0,heldout
pad,2,98,0.175,0.5,2,0,5,0,heldout
pad,2,100,0.175,0.5,2,0,4,0,heldout
pad,2,101,0.175,0.5,4,0,3,0,heldout
pad,2,103,0.175,0.5,8,0,1,0,heldout
pad,2,107,0.175,0.5,8,0,4,0,heldout
pad,2,119,0.175,0.5,6,1,5,1,heldout
pad,2,122,0.175,0.5,7,0,4,0,heldout
pad,2,129,0.175,0.5,5,0,6,0,heldout
pad,2,133,0.175,0.5,6,0,14,0,heldout
pad,2,141,0.175,0.5,7,0,7,0,heldout
pad,2,-1,0.2,0.3,107,19,131,19,val
pad,2,-1,0.2,0.5,107,2,131,2,val
pad,2,14,0.2,0.3,4,1,6,1,heldout
pad,2,15,0.2,0.3,2,0,6,0,heldout
pad,2,25,0.2,0.3,3,0,1,0,heldout
pad,2,29,0.2,0.3,5,3,7,3,heldout
pad,2,35,0.2,0.3,1,1,6,1,heldout
pad,2,36,0.2,0.3,7,0,4,0,heldout
pad,2,39,0.2,0.3,2,0,5,0,heldout
pad,2,50,0.2,0.3,8,1,4,1,heldout
pad,2,60,0.2,0.3,8,1,7,1,heldout
pad,2,61,0.2,0.3,7,0,4,0,heldout
pad,2,65,0.2,0.3,7,1,7,1,heldout
pad,2,67,0.2,0.3,7,0,4,0,heldout
pad,2,70,0.2,0.3,3,0,5,0,heldout
pad,2,71,0.2,0.3,7,5,10,5,heldout
pad,2,81,0.2,0.3,1,0,11,0,heldout
pad,2,82,0.2,0.3,2,0,5,0,heldout
pad,2,98,0.2,0.3,2,1,5,1,heldout
pad,2,100,0.2,0.3,2,1,6,0,heldout
pad,2,101,0.2,0.3,4,1,5,2,heldout
pad,2,103,0.2,0.3,8,1,4,1,heldout
pad,2,107,0.2,0.3,8,0,4,0,heldout
pad,2,119,0.2,0.3,6,1,5,1,heldout
pad,2,122,0.2,0.3,7,2,4,2,heldout
pad,2,129,0.2,0.3,5,2,6,2,heldout
pad,2,133,0.2,0.3,6,2,12,2,heldout
pad,2,141,0.2,0.3,7,1,6,1,heldout
pad,2,14,0.2,0.5,4,0,6,0,heldout
pad,2,15,0.2,0.5,2,0,6,0,heldout
pad,2,25,0.2,0.5,3,0,1,0,heldout
pad,2,29,0.2,0.5,5,2,7,2,heldout
pad,2,35,0.2,0.5,1,1,6,1,heldout
pad,2,36,0.2,0.5,7,0,4,0,heldout
pad,2,39,0.2,0.5,2,0,5,0,heldout
pad,2,50,0.2,0.5,8,1,4,1,heldout
pad,2,60,0.2,0.5,8,1,7,1,heldout
pad,2,61,0.2,0.5,7,0,4,0,heldout
pad,2,65,0.2,0.5,7,0,7,0,heldout
pad,2,67,0.2,0.5,7,0,4,0,heldout
pad,2,70,0.2,0.5,3,0,5,0,heldout
pad,2,71,0.2,0.5,7,3,10,3,heldout
pad,2,81,0.2,0.5,1,0,11,0,heldout
pad,2,82,0.2,0.5,2,0,5,0,heldout
pad,2,98,0.2,0.5,2,1,5,1,heldout
pad,2,100,0.2,0.5,2,0,6,0,heldout
pad,2,101,0.2,0.5,4,0,5,0,heldout
pad,2,103,0.2,0.5,8,0,4,0,heldout
pad,2,107,0.2,0.5,8,0,4,0,heldout
pad,2,119,0.2,0.5,6,1,5,1,heldout
pad,2,122,0.2,0.5,7,1,4,1,heldout
pad,2,129,0.2,0.5,5,0,6,0,heldout
pad,2,133,0.2,0.5,6,0,12,0,heldout
pad,2,141,0.2,0.5,7,0,6,0,heldout
pad,2,-1,0.225,0.3,107,22,131,22,val
pad,2,-1,0.225,0.5,107,6,131,6,val
pad,2,14,0.225,0.3,4,1,7,1,heldout
pad,2,15,0.225,0.3,2,1,5,1,heldout
pad,2,25,0.225,0.3,3,0,1,0,heldout
pad,2,29,0.225,0.3,5,3,7,3,heldout
pad,2,35,0.225,0.3,1,1,5,1,heldout
pad,2,36,0.225,0.3,7,0,4,0,heldout
pad,2,39,0.225,0.3,2,2,7,2,heldout
pad,2,50,0.225,0.3,8,2,6,2,heldout
pad,2,60,0.225,0.3,8,2,8,2,heldout
pad,2,61,0.225,0.3,7,0,3,0,heldout
pad,2,65,0.225,0.3,7,1,7,1,heldout
pad,2,67,0.225,0.3,7,0,2,0,heldout
pad,2,70,0.225,0.3,3,0,7,0,heldout
pad,2,71,0.225,0.3,7,6,8,6,heldout
pad,2,81,0.225,0.3,1,0,9,0,heldout
pad,2,82,0.225,0.3,2,0,6,0,heldout
pad,2,98,0.225,0.3,2,1,5,1,heldout
pad,2,100,0.225,0.3,2,1,6,0,heldout
pad,2,101,0.225,0.3,4,1,7,2,heldout
pad,2,103,0.225,0.3,8,2,7,2,heldout
pad,2,107,0.225,0.3,8,2,5,2,heldout
pad,2,119,0.225,0.3,6,1,6,1,heldout
pad,2,122,0.225,0.3,7,2,6,2,heldout
pad,2,129,0.225,0.3,5,2,5,2,heldout
pad,2,133,0.225,0.3,6,2,9,2,heldout
pad,2,141,0.225,0.3,7,1,6,1,heldout
pad,2,14,0.225,0.5,4,0,7,0,heldout
pad,2,15,0.225,0.5,2,0,5,0,heldout
pad,2,25,0.225,0.5,3,0,1,0,heldout
pad,2,29,0.225,0.5,5,2,7,2,heldout
pad,2,35,0.225,0.5,1,1,5,1,heldout
pad,2,36,0.225,0.5,7,0,4,0,heldout
pad,2,39,0.225,0.5,2,1,7,1,heldout
pad,2,50,0.225,0.5,8,1,6,1,heldout
pad,2,60,0.225,0.5,8,1,8,1,heldout
pad,2,61,0.225,0.5,7,0,3,0,heldout
pad,2,65,0.225,0.5,7,0,7,0,heldout
pad,2,67,0.225,0.5,7,0,2,0,heldout
pad,2,70,0.225,0.5,3,0,7,0,heldout
pad,2,71,0.225,0.5,7,4,8,4,heldout
pad,2,81,0.225,0.5,1,0,9,0,heldout
pad,2,82,0.225,0.5,2,0,6,0,heldout
pad,2,98,0.225,0.5,2,1,5,1,heldout
pad,2,100,0.225,0.5,2,0,6,0,heldout
pad,2,101,0.225,0.5,4,0,7,0,heldout
pad,2,103,0.225,0.5,8,0,7,0,heldout
pad,2,107,0.225,0.5,8,1,5,1,heldout
pad,2,119,0.225,0.5,6,1,6,1,heldout
pad,2,122,0.225,0.5,7,1,6,1,heldout
pad,2,129,0.225,0.5,5,0,5,0,heldout
pad,2,133,0.225,0.5,6,1,9,1,heldout
pad,2,141,0.225,0.5,7,0,6,0,heldout
pad,2,-1,0.25,0.3,107,30,145,30,val
pad,2,-1,0.25,0.5,107,11,145,11,val
pad,2,14,0.25,0.3,4,1,5,1,heldout
pad,2,15,0.25,0.3,2,2,5,2,heldout
pad,2,25,0.25,0.3,3,1,2,1,heldout
pad,2,29,0.25,0.3,5,3,9,3,heldout
pad,2,35,0.25,0.3,1,1,4,1,heldout
pad,2,36,0.25,0.3,7,0,4,0,heldout
pad,2,39,0.25,0.3,2,2,7,2,heldout
pad,2,50,0.25,0.3,8,4,7,4,heldout
pad,2,60,0.25,0.3,8,3,9,3,heldout
pad,2,61,0.25,0.3,7,0,5,0,heldout
pad,2,65,0.25,0.3,7,1,7,1,heldout
pad,2,67,0.25,0.3,7,2,5,2,heldout
pad,2,70,0.25,0.3,3,2,8,2,heldout
pad,2,71,0.25,0.3,7,6,8,6,heldout
pad,2,81,0.25,0.3,1,0,8,0,heldout
pad,2,82,0.25,0.3,2,1,8,1,heldout
pad,2,98,0.25,0.3,2,2,9,2,heldout
pad,2,100,0.25,0.3,2,1,6,0,heldout
pad,2,101,0.25,0.3,4,1,8,2,heldout
pad,2,103,0.25,0.3,8,3,7,3,heldout
pad,2,107,0.25,0.3,8,4,8,4,heldout
pad,2,119,0.25,0.3,6,2,8,2,heldout
pad,2,122,0.25,0.3,7,2,8,2,heldout
pad,2,129,0.25,0.3,5,2,5,2,heldout
pad,2,133,0.25,0.3,6,2,7,2,heldout
pad,2,141,0.25,0.3,7,4,8,4,heldout
pad,2,14,0.25,0.5,4,0,5,0,heldout
pad,2,15,0.25,0.5,2,1,5,1,heldout
pad,2,25,0.25,0.5,3,1,2,1,heldout
pad,2,29,0.25,0.5,5,2,9,2,heldout
pad,2,35,0.25,0.5,1,1,4,1,heldout
pad,2,36,0.25,0.5,7,0,4,0,heldout
pad,2,39,0.25,0.5,2,1,7,1,heldout
pad,2,50,0.25,0.5,8,2,7,2,heldout
pad,2,60,0.25,0.5,8,1,9,1,heldout
pad,2,61,0.25,0.5,7,0,5,0,heldout
pad,2,65,0.25,0.5,7,0,7,0,heldout
pad,2,67,0.25,0.5,7,0,5,0,heldout
pad,2,70,0.25,0.5,3,1,8,1,heldout
pad,2,71,0.25,0.5,7,4,8,4,heldout
pad,2,81,0.25,0.5,1,0,8,0,heldout
pad,2,82,0.25,0.5,2,0,8,0,heldout
pad,2,98,0.25,0.5,2,2,9,2,heldout
pad,2,100,0.25,0.5,2,0,6,0,heldout
pad,2,101,0.25,0.5,4,0,8,0,heldout
pad,2,103,0.25,0.5,8,0,7,0,heldout
pad,2,107,0.25,0.5,8,1,8,1,heldout
pad,2,119,0.25,0.5,6,2,8,2,heldout
pad,2,122,0.25,0.5,7,2,8,2,heldout
pad,2,129,0.25,0.5,5,0,5,0,heldout
pad,2,133,0.25,0.5,6,1,7,1,heldout
pad,2,141,0.25,0.5,7,0,8,0,heldout
pad,2,-1,0.275,0.3,107,38,156,38,val
pad,2,-1,0.275,0.5,107,16,156,16,val
pad,2,14,0.275,0.3,4,1,8,1,heldout
pad,2,15,0.275,0.3,2,2,6,2,heldout
pad,2,25,0.275,0.3,3,1,4,1,heldout
pad,2,29,0.275,0.3,5,3,10,3,heldout
pad,2,35,0.275,0.3,1,1,3,1,heldout
pad,2,36,0.275,0.3,7,2,5,2,heldout
pad,2,39,0.275,0.3,2,2,7,2,heldout
pad,2,50,0.275,0.3,8,4,6,4,heldout
pad,2,60,0.275,0.3,8,4,9,4,heldout
pad,2,61,0.275,0.3,7,2,7,2,heldout
pad,2,65,0.275,0.3,7,3,8,3,heldout
pad,2,67,0.275,0.3,7,2,6,2,heldout
pad,2,70,0.275,0.3,3,2,7,2,heldout
pad,2,71,0.275,0.3,7,6,9,6,heldout
pad,2,81,0.275,0.3,1,0,7,0,heldout
pad,2,82,0.275,0.3,2,1,8,1,heldout
pad,2,98,0.275,0.3,2,2,10,2,heldout
pad,2,100,0.275,0.3,2,1,5,0,heldout
pad,2,101,0.275,0.3,4,1,8,2,heldout
pad,2,103,0.275,0.3,8,5,8,5,heldout
pad,2,107,0.275,0.3,8,4,8,4,heldout
pad,2,119,0.275,0.3,6,2,7,2,heldout
pad,2,122,0.275,0.3,7,3,9,3,heldout
pad,2,129,0.275,0.3,5,2,5,2,heldout
pad,2,133,0.275,0.3,6,2,8,2,heldout
pad,2,141,0.275,0.3,7,5,9,5,heldout
pad,2,14,0.275,0.5,4,0,8,0,heldout
pad,2,15,0.275,0.5,2,1,6,1,heldout
pad,2,25,0.275,0.5,3,1,4,1,heldout
pad,2,29,0.275,0.5,5,2,10,2,heldout
pad,2,35,0.275,0.5,1,1,3,1,heldout
pad,2,36,0.275,0.5,7,1,5,1,heldout
pad,2,39,0.275,0.5,2,1,7,1,heldout
pad,2,50,0.275,0.5,8,2,6,2,heldout
pad,2,60,0.275,0.5,8,1,9,1,heldout
pad,2,61,0.275,0.5,7,1,7,1,heldout
pad,2,65,0.275,0.5,7,1,8,1,heldout
pad,2,67,0.275,0.5,7,0,6,0,heldout
pad,2,70,0.275,0.5,3,1,7,1,heldout
pad,2,71,0.275,0.5,7,5,9,5,heldout
pad,2,81,0.275,0.5,1,0,7,0,heldout
pad,2,82,0.275,0.5,2,1,8,1,heldout
pad,2,98,0.275,0.5,2,2,10,2,heldout
pad,2,100,0.275,0.5,2,0,5,0,heldout
pad,2,101,0.275,0.5,4,0,8,0,heldout
pad,2,103,0.275,0.5,8,1,8,1,heldout
pad,2,107,0.275,0.5,8,1,8,1,heldout
pad,2,119,0.275,0.5,6,2,7,2,heldout
pad,2,122,0.275,0.5,7,2,9,2,heldout
pad,2,129,0.275,0.5,5,0,5,0,heldout
pad,2,133,0.275,0.5,6,1,8,1,heldout
pad,2,141,0.275,0.5,7,0,9,0,heldout
pad,2,-1,0.3,0.3,107,48,158,48,val
pad,2,-1,0.3,0.5,107,21,158,21,val
pad,2,14,0.3,0.3,4,1,8,1,heldout
pad,2,15,0.3,0.3,2,2,8,2,heldout
pad,2,25,0.3,0.3,3,1,5,1,heldout
pad,2,29,0.3,0.3,5,3,11,3,heldout
pad,2,35,0.3,0.3,1,1,2,1,heldout
pad,2,36,0.3,0.3,7,2,6,2,heldout
pad,2,39,0.3,0.3,2,2,7,2,heldout
pad,2,50,0.3,0.3,8,4,8,4,heldout
pad,2,60,0.3,0.3,8,4,10,4,heldout
pad,2,61,0.3,0.3,7,3,8,3,heldout
pad,2,65,0.3,0.3,7,5,10,5,heldout
pad,2,67,0.3,0.3,7,2,6,2,heldout
pad,2,70,0.3,0.3,3,2,8,2,heldout
pad,2,71,0.3,0.3,7,6,8,6,heldout
pad,2,81,0.3,0.3,1,0,9,0,heldout
pad,2,82,0.3,0.3,2,1,7,1,heldout
pad,2,98,0.3,0.3,2,2,11,2,heldout
pad,2,100,0.3,0.3,2,1,8,0,heldout
pad,2,101,0.3,0.3,4,2,8,3,heldout
pad,2,103,0.3,0.3,8,5,8,5,heldout
pad,2,107,0.3,0.3,8,4,11,4,heldout
pad,2,119,0.3,0.3,6,2,9,2,heldout
pad,2,122,0.3,0.3,7,3,6,3,heldout
pad,2,129,0.3,0.3,5,3,9,3,heldout
pad,2,133,0.3,0.3,6,4,9,4,heldout
pad,2,141,0.3,0.3,7,7,10,7,heldout
pad,2,14,0.3,0.5,4,1,8,1,heldout
pad,2,15,0.3,0.5,2,1,8,1,heldout
pad,2,25,0.3,0.5,3,1,5,1,heldout
pad,2,29,0.3,0.5,5,3,11,3,heldout
pad,2,35,0.3,0.5,1,1,2,1,heldout
pad,2,36,0.3,0.5,7,1,6,1,heldout
pad,2,39,0.3,0.5,2,1,7,1,heldout
pad,2,50,0.3,0.5,8,2,8,2,heldout
pad,2,60,0.3,0.5,8,4,10,4,heldout
pad,2,61,0.3,0.5,7,2,8,2,heldout
pad,2,65,0.3,0.5,7,1,10,1,heldout
pad,2,67,0.3,0.5,7,0,6,0,heldout
pad,2,70,0.3,0.5,3,1,8,1,heldout
pad,2,71,0.3,0.5,7,6,8,6,heldout
pad,2,81,0.3,0.5,1,0,9,0,heldout
pad,2,82,0.3,0.5,2,1,7,1,heldout
pad,2,98,0.3,0.5,2,2,11,2,heldout
pad,2,100,0.3,0.5,2,1,8,0,heldout
pad,2,101,0.3,0.5,4,0,8,1,heldout
pad,2,103,0.3,0.5,8,1,8,1,heldout
pad,2,107,0.3,0.5,8,2,11,2,heldout
pad,2,119,0.3,0.5,6,2,9,2,heldout
pad,2,122,0.3,0.5,7,2,6,2,heldout
pad,2,129,0.3,0.5,5,0,9,0,heldout
pad,2,133,0.3,0.5,6,3,9,3,heldout
pad,2,141,0.3,0.5,7,0,10,0,heldout
pad,2,-1,0.325,0.3,107,60,175,60,val
pad,2,-1,0.325,0.5,107,29,175,29,val
pad,2,14,0.325,0.3,4,2,11,2,heldout
pad,2,15,0.325,0.3,2,2,7,2,heldout
pad,2,25,0.325,0.3,3,1,4,1,heldout
pad,2,29,0.325,0.3,5,3,10,3,heldout
pad,2,35,0.325,0.3,1,1,1,1,heldout
pad,2,36,0.325,0.3,7,2,6,2,heldout
pad,2,39,0.325,0.3,2,2,8,2,heldout
pad,2,50,0.325,0.3,8,5,8,5,heldout
pad,2,60,0.325,0.3,8,4,10,4,heldout
pad,2,61,0.325,0.3,7,6,11,6,heldout
pad,2,65,0.325,0.3,7,5,10,5,heldout
pad,2,67,0.325,0.3,7,2,7,2,heldout
pad,2,70,0.325,0.3,3,3,9,3,heldout
pad,2,71,0.325,0.3,7,6,7,6,heldout
pad,2,81,0.325,0.3,1,0,7,0,heldout
pad,2,82,0.325,0.3,2,1,7,1,heldout
pad,2,98,0.325,0.3,2,2,12,2,heldout
pad,2,100,0.325,0.3,2,1,6,0,heldout
pad,2,101,0.325,0.3,4,3,7,4,heldout
pad,2,103,0.325,0.3,8,5,7,5,heldout
pad,2,107,0.325,0.3,8,4,10,4,heldout
pad,2,119,0.325,0.3,6,4,9,4,heldout
pad,2,122,0.325,0.3,7,4,5,4,heldout
pad,2,129,0.325,0.3,5,4,8,4,heldout
pad,2,133,0.325,0.3,6,4,9,4,heldout
pad,2,141,0.325,0.3,7,7,10,7,heldout
pad,2,14,0.325,0.5,4,2,11,2,heldout
pad,2,15,0.325,0.5,2,1,7,1,heldout
pad,2,25,0.325,0.5,3,1,4,1,heldout
pad,2,29,0.325,0.5,5,3,10,3,heldout
pad,2,35,0.325,0.5,1,1,1,1,heldout
pad,2,36,0.325,0.5,7,1,6,1,heldout
pad,2,39,0.325,0.5,2,1,8,1,heldout
pad,2,50,0.325,0.5,8,2,8,2,heldout
pad,2,60,0.325,0.5,8,4,10,4,heldout
pad,2,61,0.325,0.5,7,4,11,4,heldout
pad,2,65,0.325,0.5,7,1,10,1,heldout
pad,2,67,0.325,0.5,7,0,7,0,heldout
pad,2,70,0.325,0.5,3,2,9,2,heldout
pad,2,71,0.325,0.5,7,6,7,6,heldout
pad,2,81,0.325,0.5,1,0,7,0,heldout
pad,2,82,0.325,0.5,2,1,7,1,heldout
pad,2,98,0.325,0.5,2,2,12,2,heldout
pad,2,100,0.325,0.5,2,1,6,0,heldout
pad,2,101,0.325,0.5,4,1,7,2,heldout
pad,2,103,0.325,0.5,8,3,7,3,heldout
pad,2,107,0.325,0.5,8,3,10,3,heldout
pad,2,119,0.325,0.5,6,3,9,3,heldout
pad,2,122,0.325,0.5,7,2,5,2,heldout
pad,2,129,0.325,0.5,5,2,8,2,heldout
pad,2,133,0.325,0.5,6,3,9,3,heldout
pad,2,141,0.325,0.5,7,1,10,1,heldout
pad,2,-1,0.35,0.3,107,72,178,72,val
pad,2,-1,0.35,0.5,107,38,178,38,val
pad,2,14,0.35,0.3,4,2,11,2,heldout
pad,2,15,0.35,0.3,2,2,5,2,heldout
pad,2,25,0.35,0.3,3,1,6,1,heldout
pad,2,29,0.35,0.3,5,3,11,3,heldout
pad,2,35,0.35,0.3,1,1,1,1,heldout
pad,2,36,0.35,0.3,7,2,7,2,heldout
pad,2,39,0.35,0.3,2,2,9,2,heldout
pad,2,50,0.35,0.3,8,5,9,5,heldout
pad,2,60,0.35,0.3,8,4,9,4,heldout
pad,2,61,0.35,0.3,7,7,11,7,heldout
pad,2,65,0.35,0.3,7,5,10,5,heldout
pad,2,67,0.35,0.3,7,3,8,3,heldout
pad,2,70,0.35,0.3,3,3,9,3,heldout
pad,2,71,0.35,0.3,7,6,7,6,heldout
pad,2,81,0.35,0.3,1,0,10,0,heldout
pad,2,82,0.35,0.3,2,1,5,1,heldout
pad,2,98,0.35,0.3,2,2,11,2,heldout
pad,2,100,0.35,0.3,2,2,8,1,heldout
pad,2,101,0.35,0.3,4,3,8,4,heldout
pad,2,103,0.35,0.3,8,6,9,6,heldout
pad,2,107,0.35,0.3,8,4,9,4,heldout
pad,2,119,0.35,0.3,6,5,9,5,heldout
pad,2,122,0.35,0.3,7,4,6,4,heldout
pad,2,129,0.35,0.3,5,4,12,4,heldout
pad,2,133,0.35,0.3,6,4,8,4,heldout
pad,2,141,0.35,0.3,7,7,12,7,heldout
pad,2,14,0.35,0.5,4,2,11,2,heldout
pad,2,15,0.35,0.5,2,1,5,1,heldout
pad,2,25,0.35,0.5,3,1,6,1,heldout
pad,2,29,0.35,0.5,5,3,11,3,heldout
pad,2,35,0.35,0.5,1,1,1,1,heldout
pad,2,36,0.35,0.5,7,1,7,1,heldout
pad,2,39,0.35,0.5,2,2,9,2,heldout
pad,2,50,0.35,0.5,8,2,9,2,heldout
pad,2,60,0.35,0.5,8,4,9,4,heldout
pad,2,61,0.35,0.5,7,5,11,5,heldout
pad,2,65,0.35,0.5,7,4,10,4,heldout
pad,2,67,0.35,0.5,7,0,8,0,heldout
pad,2,70,0.35,0.5,3,2,9,2,heldout
pad,2,71,0.35,0.5,7,6,7,6,heldout
pad,2,81,0.35,0.5,1,0,10,0,heldout
pad,2,82,0.35,0.5,2,1,5,1,heldout
pad,2,98,0.35,0.5,2,2,11,2,heldout
pad,2,100,0.35,0.5,2,1,8,0,heldout
pad,2,101,0.35,0.5,4,2,8,3,heldout
pad,2,103,0.35,0.5,8,4,9,4,heldout
pad,2,107,0.35,0.5,8,3,9,3,heldout
pad,2,119,0.35,0.5,6,4,9,4,heldout
pad,2,122,0.35,0.5,7,3,6,3,heldout
pad,2,129,0.35,0.5,5,4,12,4,heldout
pad,2,133,0.35,0.5,6,3,8,3,heldout
pad,2,141,0.35,0.5,7,2,12,2,heldout
pad,2,-1,0.375,0.3,107,77,190,77,val
pad,2,-1,0.375,0.5,107,51,190,51,val
pad,2,14,0.375,0.3,4,4,10,4,heldout
pad,2,15,0.375,0.3,2,2,6,2,heldout
pad,2,25,0.375,0.3,3,3,7,3,heldout
pad,2,29,0.375,0.3,5,3,11,3,heldout
pad,2,35,0.375,0.3,1,1,1,1,heldout
pad,2,36,0.375,0.3,7,2,7,2,heldout
pad,2,39,0.375,0.3,2,2,10,2,heldout
pad,2,50,0.375,0.3,8,5,8,5,heldout
pad,2,60,0.375,0.3,8,5,8,5,heldout
pad,2,61,0.375,0.3,7,7,12,7,heldout
pad,2,65,0.375,0.3,7,5,10,5,heldout
pad,2,67,0.375,0.3,7,4,10,4,heldout
pad,2,70,0.375,0.3,3,3,9,3,heldout
pad,2,71,0.375,0.3,7,6,7,6,heldout
pad,2,81,0.375,0.3,1,0,9,0,heldout
pad,2,82,0.375,0.3,2,1,5,1,heldout
pad,2,98,0.375,0.3,2,2,11,2,heldout
pad,2,100,0.375,0.3,2,2,8,1,heldout
pad,2,101,0.375,0.3,4,3,9,4,heldout
pad,2,103,0.375,0.3,8,6,9,6,heldout
pad,2,107,0.375,0.3,8,6,9,6,heldout
pad,2,119,0.375,0.3,6,5,9,5,heldout
pad,2,122,0.375,0.3,7,4,7,4,heldout
pad,2,129,0.375,0.3,5,4,7,4,heldout
pad,2,133,0.375,0.3,6,6,9,6,heldout
pad,2,141,0.375,0.3,7,7,10,7,heldout
pad,2,14,0.375,0.5,4,3,10,3,heldout
pad,2,15,0.375,0.5,2,1,6,1,heldout
pad,2,25,0.375,0.5,3,1,7,1,heldout
pad,2,29,0.375,0.5,5,3,11,3,heldout
pad,2,35,0.375,0.5,1,1,1,1,heldout
pad,2,36,0.375,0.5,7,1,7,1,heldout
pad,2,39,0.375,0.5,2,2,10,2,heldout
pad,2,50,0.375,0.5,8,3,8,3,heldout
pad,2,60,0.375,0.5,8,4,8,4,heldout
pad,2,61,0.375,0.5,7,5,12,5,heldout
pad,2,65,0.375,0.5,7,4,10,4,heldout
pad,2,67,0.375,0.5,7,0,10,0,heldout
pad,2,70,0.375,0.5,3,2,9,2,heldout
pad,2,71,0.375,0.5,7,6,7,6,heldout
pad,2,81,0.375,0.5,1,0,9,0,heldout
pad,2,82,0.375,0.5,2,1,5,1,heldout
pad,2,98,0.375,0.5,2,2,11,2,heldout
pad,2,100,0.375,0.5,2,1,8,0,heldout
pad,2,101,0.375,0.5,4,2,9,3,heldout
pad,2,103,0.375,0.5,8,4,9,4,heldout
pad,2,107,0.375,0.5,8,4,9,4,heldout
pad,2,119,0.375,0.5,6,4,9,4,heldout
pad,2,122,0.375,0.5,7,3,7,3,heldout
pad,2,129,0.375,0.5,5,4,7,4,heldout
pad,2,133,0.375,0.5,6,5,9,5,heldout
pad,2,141,0.375,0.5,7,4,10,4,heldout
pad,2,-1,0.4,0.3,107,79,188,79,val
pad,2,-1,0.4,0.5,107,58,188,58,val
pad,2,14,0.4,0.3,4,4,10,4,heldout
pad,2,15,0.4,0.3,2,2,6,2,heldout
pad,2,25,0.4,0.3,3,3,10,3,heldout
pad,2,29,0.4,0.3,5,3,11,3,heldout
pad,2,35,0.4,0.3,1,1,1,1,heldout
pad,2,36,0.4,0.3,7,2,8,2,heldout
pad,2,39,0.4,0.3,2,2,9,2,heldout
pad,2,50,0.4,0.3,8,5,7,5,heldout
pad,2,60,0.4,0.3,8,8,9,8,heldout
pad,2,61,0.4,0.3,7,7,12,7,heldout
pad,2,65,0.4,0.3,7,6,11,6,heldout
pad,2,67,0.4,0.3,7,4,10,4,heldout
pad,2,70,0.4,0.3,3,3,7,3,heldout
pad,2,71,0.4,0.3,7,7,8,7,heldout
pad,2,81,0.4,0.3,1,0,6,0,heldout
pad,2,82,0.4,0.3,2,1,5,1,heldout
pad,2,98,0.4,0.3,2,2,12,2,heldout
pad,2,100,0.4,0.3,2,2,8,1,heldout
pad,2,101,0.4,0.3,4,3,8,4,heldout
pad,2,103,0.4,0.3,8,7,9,7,heldout
pad,2,107,0.4,0.3,8,6,9,6,heldout
pad,2,119,0.4,0.3,6,5,8,5,heldout
pad,2,122,0.4,0.3,7,4,6,4,heldout
pad,2,129,0.4,0.3,5,4,8,4,heldout
pad,2,133,0.4,0.3,6,6,9,6,heldout
pad,2,141,0.4,0.3,7,7,11,7,heldout
pad,2,14,0.4,0.5,4,3,10,3,heldout
pad,2,15,0.4,0.5,2,1,6,1,heldout
pad,2,25,0.4,0.5,3,1,10,1,heldout
pad,2,29,0.4,0.5,5,3,11,3,heldout
pad,2,35,0.4,0.5,1,1,1,1,heldout
pad,2,36,0.4,0.5,7,1,8,1,heldout
pad,2,39,0.4,0.5,2,2,9,2,heldout
pad,2,50,0.4,0.5,8,4,7,4,heldout
pad,2,60,0.4,0.5,8,7,9,7,heldout
pad,2,61,0.4,0.5,7,6,12,6,heldout
pad,2,65,0.4,0.5,7,5,11,5,heldout
pad,2,67,0.4,0.5,7,0,10,0,heldout
pad,2,70,0.4,0.5,3,2,7,2,heldout
pad,2,71,0.4,0.5,7,7,8,7,heldout
pad,2,81,0.4,0.5,1,0,6,0,heldout
pad,2,82,0.4,0.5,2,0,5,0,heldout
pad,2,98,0.4,0.5,2,2,12,2,heldout
pad,2,100,0.4,0.5,2,1,8,0,heldout
pad,2,101,0.4,0.5,4,2,8,3,heldout
pad,2,103,0.4,0.5,8,4,9,4,heldout
pad,2,107,0.4,0.5,8,4,9,4,heldout
pad,2,119,0.4,0.5,6,4,8,4,heldout
pad,2,122,0.4,0.5,7,4,6,4,heldout
pad,2,129,0.4,0.5,5,4,8,4,heldout
pad,2,133,0.4,0.5,6,5,9,5,heldout
pad,2,141,0.4,0.5,7,4,11,4,heldout
pad,2,-1,0.425,0.3,107,86,195,86,val
pad,2,-1,0.425,0.5,107,68,195,68,val
pad,2,14,0.425,0.3,4,4,7,4,heldout
pad,2,15,0.425,0.3,2,2,7,2,heldout
pad,2,25,0.425,0.3,3,3,11,3,heldout
pad,2,29,0.425,0.3,5,3,10,3,heldout
pad,2,35,0.425,0.3,1,1,1,1,heldout
pad,2,36,0.425,0.3,7,3,7,3,heldout
pad,2,39,0.425,0.3,2,2,12,2,heldout
pad,2,50,0.425,0.3,8,6,9,6,heldout
pad,2,60,0.425,0.3,8,8,10,8,heldout
pad,2,61,0.425,0.3,7,7,11,7,heldout
pad,2,65,0.425,0.3,7,6,9,6,heldout
pad,2,67,0.425,0.3,7,5,12,5,heldout
pad,2,70,0.425,0.3,3,3,7,3,heldout
pad,2,71,0.425,0.3,7,7,7,7,heldout
pad,2,81,0.425,0.3,1,0,6,0,heldout
pad,2,82,0.425,0.3,2,1,5,1,heldout
pad,2,98,0.425,0.3,2,2,9,2,heldout
pad,2,100,0.425,0.3,2,2,8,1,heldout
pad,2,101,0.425,0.3,4,3,8,4,heldout
pad,2,103,0.425,0.3,8,7,9,7,heldout
pad,2,107,0.425,0.3,8,8,10,8,heldout
pad,2,119,0.425,0.3,6,5,7,5,heldout
pad,2,122,0.425,0.3,7,5,7,5,heldout
pad,2,129,0.425,0.3,5,4,7,4,heldout
pad,2,133,0.425,0.3,6,6,9,6,heldout
pad,2,141,0.425,0.3,7,7,12,7,heldout
pad,2,14,0.425,0.5,4,3,7,3,heldout
pad,2,15,0.425,0.5,2,1,7,1,heldout
pad,2,25,0.425,0.5,3,1,11,1,heldout
pad,2,29,0.425,0.5,5,3,10,3,heldout
pad,2,35,0.425,0.5,1,1,1,1,heldout
pad,2,36,0.425,0.5,7,1,7,1,heldout
pad,2,39,0.425,0.5,2,2,12,2,heldout
pad,2,50,0.425,0.5,8,5,9,5,heldout
pad,2,60,0.425,0.5,8,8,10,8,heldout
pad,2,61,0.425,0.5,7,6,11,6,heldout
pad,2,65,0.425,0.5,7,5,9,5,heldout
pad,2,67,0.425,0.5,7,0,12,0,heldout
pad,2,70,0.425,0.5,3,2,7,2,heldout
pad,2,71,0.425,0.5,7,7,7,7,heldout
pad,2,81,0.425,0.5,1,0,6,0,heldout
pad,2,82,0.425,0.5,2,0,5,0,heldout
pad,2,98,0.425,0.5,2,2,9,2,heldout
pad,2,100,0.425,0.5,2,2,8,1,heldout
pad,2,101,0.425,0.5,4,2,8,3,heldout
pad,2,103,0.425,0.5,8,4,9,4,heldout
pad,2,107,0.425,0.5,8,7,10,7,heldout
pad,2,119,0.425,0.5,6,4,7,4,heldout
pad,2,122,0.425,0.5,7,5,7,5,heldout
pad,2,129,0.425,0.5,5,4,7,4,heldout
pad,2,133,0.425,0.5,6,5,9,5,heldout
pad,2,141,0.425,0.5,7,5,12,5,heldout
pad,2,-1,0.45,0.3,107,90,194,90,val
pad,2,-1,0.45,0.5,107,70,194,70,val
pad,2,14,0.45,0.3,4,4,8,4,heldout
pad,2,15,0.45,0.3,2,2,6,2,heldout
pad,2,25,0.45,0.3,3,3,7,3,heldout
pad,2,29,0.45,0.3,5,5,11,5,heldout
pad,2,35,0.45,0.3,1,1,1,1,heldout
pad,2,36,0.45,0.3,7,3,8,3,heldout
pad,2,39,0.45,0.3,2,2,13,2,heldout
pad,2,50,0.45,0.3,8,7,10,7,heldout
pad,2,60,0.45,0.3,8,8,10,8,heldout
pad,2,61,0.45,0.3,7,7,11,7,heldout
pad,2,65,0.45,0.3,7,6,9,6,heldout
pad,2,67,0.45,0.3,7,5,8,5,heldout
pad,2,70,0.45,0.3,3,3,7,3,heldout
pad,2,71,0.45,0.3,7,7,7,7,heldout
pad,2,81,0.45,0.3,1,0,6,0,heldout
pad,2,82,0.45,0.3,2,0,5,0,heldout
pad,2,98,0.45,0.3,2,2,9,2,heldout
pad,2,100,0.45,0.3,2,2,9,1,heldout
pad,2,101,0.45,0.3,4,4,8,5,heldout
pad,2,103,0.45,0.3,8,7,10,7,heldout
pad,2,107,0.45,0.3,8,8,9,8,heldout
pad,2,119,0.45,0.3,6,6,8,6,heldout
pad,2,122,0.45,0.3,7,5,7,5,heldout
pad,2,129,0.45,0.3,5,4,6,4,heldout
pad,2,133,0.45,0.3,6,6,9,6,heldout
pad,2,141,0.45,0.3,7,7,11,7,heldout
pad,2,14,0.45,0.5,4,3,8,3,heldout
pad,2,15,0.45,0.5,2,2,6,2,heldout
pad,2,25,0.45,0.5,3,1,7,1,heldout
pad,2,29,0.45,0.5,5,4,11,4,heldout
pad,2,35,0.45,0.5,1,1,1,1,heldout
pad,2,36,0.45,0.5,7,1,8,1,heldout
pad,2,39,0.45,0.5,2,2,13,2,heldout
pad,2,50,0.45,0.5,8,5,10,5,heldout
pad,2,60,0.45,0.5,8,8,10,8,heldout
pad,2,61,0.45,0.5,7,6,11,6,heldout
pad,2,65,0.45,0.5,7,5,9,5,heldout
pad,2,67,0.45,0.5,7,1,8,1,heldout
pad,2,70,0.45,0.5,3,3,7,3,heldout
pad,2,71,0.45,0.5,7,7,7,7,heldout
pad,2,81,0.45,0.5,1,0,6,0,heldout
pad,2,82,0.45,0.5,2,0,5,0,heldout
pad,2,98,0.45,0.5,2,2,9,2,heldout
pad,2,100,0.45,0.5,2,2,9,1,heldout
pad,2,101,0.45,0.5,4,3,8,4,heldout
pad,2,103,0.45,0.5,8,4,10,4,heldout
pad,2,107,0.45,0.5,8,7,9,7,heldout
pad,2,119,0.45,0.5,6,6,8,6,heldout
pad,2,122,0.45,0.5,7,5,7,5,heldout
pad,2,129,0.45,0.5,5,4,6,4,heldout
pad,2,133,0.45,0.5,6,5,9,5,heldout
pad,2,141,0.45,0.5,7,6,11,6,heldout
pad,2,-1,0.475,0.3,107,91,192,91,val
pad,2,-1,0.475,0.5,107,70,192,70,val
pad,2,14,0.475,0.3,4,4,7,4,heldout
pad,2,15,0.475,0.3,2,2,6,2,heldout
pad,2,25,0.475,0.3,3,3,10,3,heldout
pad,2,29,0.475,0.3,5,5,10,5,heldout
pad,2,35,0.475,0.3,1,1,1,1,heldout
pad,2,36,0.475,0.3,7,5,9,5,heldout
pad,2,39,0.475,0.3,2,2,13,2,heldout
pad,2,50,0.475,0.3,8,7,10,7,heldout
pad,2,60,0.475,0.3,8,8,10,8,heldout
pad,2,61,0.475,0.3,7,7,12,7,heldout
pad,2,65,0.475,0.3,7,6,9,6,heldout
pad,2,67,0.475,0.3,7,7,8,7,heldout
pad,2,70,0.475,0.3,3,3,6,3,heldout
pad,2,71,0.475,0.3,7,7,7,7,heldout
pad,2,81,0.475,0.3,1,0,6,0,heldout
pad,2,82,0.475,0.3,2,0,6,0,heldout
pad,2,98,0.475,0.3,2,2,10,2,heldout
pad,2,100,0.475,0.3,2,2,7,1,heldout
pad,2,101,0.475,0.3,4,4,8,5,heldout
pad,2,103,0.475,0.3,8,7,10,7,heldout
pad,2,107,0.475,0.3,8,8,10,8,heldout
pad,2,119,0.475,0.3,6,6,9,6,heldout
pad,2,122,0.475,0.3,7,5,7,5,heldout
pad,2,129,0.475,0.3,5,5,6,5,heldout
pad,2,133,0.475,0.3,6,6,9,6,heldout
pad,2,141,0.475,0.3,7,7,9,7,heldout
pad,2,14,0.475,0.5,4,4,7,4,heldout
pad,2,15,0.475,0.5,2,2,6,2,heldout
pad,2,25,0.475,0.5,3,3,10,3,heldout
pad,2,29,0.475,0.5,5,4,10,4,heldout
pad,2,35,0.475,0.5,1,1,1,1,heldout
pad,2,36,0.475,0.5,7,1,9,1,heldout
pad,2,39,0.475,0.5,2,2,13,2,heldout
pad,2,50,0.475,0.5,8,5,10,5,heldout
pad,2,60,0.475,0.5,8,8,10,8,heldout
pad,2,61,0.475,0.5,7,5,12,5,heldout
pad,2,65,0.475,0.5,7,5,9,5,heldout
pad,2,67,0.475,0.5,7,3,8,3,heldout
pad,2,70,0.475,0.5,3,2,6,2,heldout
pad,2,71,0.475,0.5,7,6,7,6,heldout
pad,2,81,0.475,0.5,1,0,6,0,heldout
pad,2,82,0.475,0.5,2,0,6,0,heldout
pad,2,98,0.475,0.5,2,1,10,1,heldout
pad,2,100,0.475,0.5,2,2,7,1,heldout
pad,2,101,0.475,0.5,4,3,8,4,heldout
pad,2,103,0.475,0.5,8,6,10,6,heldout
pad,2,107,0.475,0.5,8,7,10,7,heldout
pad,2,119,0.475,0.5,6,5,9,5,heldout
pad,2,122,0.475,0.5,7,4,7,4,heldout
pad,2,129,0.475,0.5,5,5,6,5,heldout
pad,2,133,0.475,0.5,6,5,9,5,heldout
pad,2,141,0.475,0.5,7,6,9,6,heldout
pad,2,-1,0.5,0.3,107,94,191,94,val
pad,2,-1,0.5,0.5,107,73,191,73,val
pad,2,14,0.5,0.3,4,4,8,4,heldout
pad,2,15,0.5,0.3,2,2,7,2,heldout
pad,2,25,0.5,0.3,3,3,8,3,heldout
pad,2,29,0.5,0.3,5,5,11,5,heldout
pad,2,35,0.5,0.3,1,1,1,1,heldout
pad,2,36,0.5,0.3,7,6,11,6,heldout
pad,2,39,0.5,0.3,2,2,12,2,heldout
pad,2,50,0.5,0.3,8,7,10,7,heldout
pad,2,60,0.5,0.3,8,8,10,8,heldout
pad,2,61,0.5,0.3,7,7,12,7,heldout
pad,2,65,0.5,0.3,7,5,8,5,heldout
pad,2,67,0.5,0.3,7,7,7,7,heldout
pad,2,70,0.5,0.3,3,3,7,3,heldout
pad,2,71,0.5,0.3,7,7,7,7,heldout
pad,2,81,0.5,0.3,1,0,4,0,heldout
pad,2,82,0.5,0.3,2,0,8,0,heldout
pad,2,98,0.5,0.3,2,2,8,2,heldout
pad,2,100,0.5,0.3,2,2,6,1,heldout
pad,2,101,0.5,0.3,4,4,9,5,heldout
pad,2,103,0.5,0.3,8,7,10,7,heldout
pad,2,107,0.5,0.3,8,8,10,8,heldout
pad,2,119,0.5,0.3,6,6,9,6,heldout
pad,2,122,0.5,0.3,7,5,7,5,heldout
pad,2,129,0.5,0.3,5,5,7,5,heldout
pad,2,133,0.5,0.3,6,6,9,6,heldout
pad,2,141,0.5,0.3,7,7,9,7,heldout
pad,2,14,0.5,0.5,4,4,8,4,heldout
pad,2,15,0.5,0.5,2,2,7,2,heldout
pad,2,25,0.5,0.5,3,3,8,3,heldout
pad,2,29,0.5,0.5,5,4,11,4,heldout
pad,2,35,0.5,0.5,1,1,1,1,heldout
pad,2,36,0.5,0.5,7,4,11,4,heldout
pad,2,39,0.5,0.5,2,2,12,2,heldout
pad,2,50,0.5,0.5,8,5,10,5,heldout
pad,2,60,0.5,0.5,8,7,10,7,heldout
pad,2,61,0.5,0.5,7,4,12,4,heldout
pad,2,65,0.5,0.5,7,5,8,5,heldout
pad,2,67,0.5,0.5,7,4,7,4,heldout
pad,2,70,0.5,0.5,3,2,7,2,heldout
pad,2,71,0.5,0.5,7,5,7,5,heldout
pad,2,81,0.5,0.5,1,0,4,0,heldout
pad,2,82,0.5,0.5,2,0,8,0,heldout
pad,2,98,0.5,0.5,2,1,8,1,heldout
pad,2,100,0.5,0.5,2,2,6,1,heldout
pad,2,101,0.5,0.5,4,3,9,4,heldout
pad,2,103,0.5,0.5,8,6,10,6,heldout
pad,2,107,0.5,0.5,8,8,10,8,heldout
pad,2,119,0.5,0.5,6,5,9,5,heldout
pad,2,122,0.5,0.5,7,4,7,4,heldout
pad,2,129,0.5,0.5,5,5,7,5,heldout
pad,2,133,0.5,0.5,6,5,9,5,heldout
pad,2,141,0.5,0.5,7,7,9,7,heldout
pad,2,-1,0.525,0.3,107,99,197,99,val
pad,2,-1,0.525,0.5,107,81,197,81,val
pad,2,14,0.525,0.3,4,4,8,4,heldout
pad,2,15,0.525,0.3,2,2,7,2,heldout
pad,2,25,0.525,0.3,3,3,7,3,heldout
pad,2,29,0.525,0.3,5,5,11,5,heldout
pad,2,35,0.525,0.3,1,1,1,1,heldout
pad,2,36,0.525,0.3,7,7,11,7,heldout
pad,2,39,0.525,0.3,2,2,13,2,heldout
pad,2,50,0.525,0.3,8,7,10,7,heldout
pad,2,60,0.525,0.3,8,7,10,7,heldout
pad,2,61,0.525,0.3,7,6,13,6,heldout
pad,2,65,0.525,0.3,7,5,7,5,heldout
pad,2,67,0.525,0.3,7,7,7,7,heldout
pad,2,70,0.525,0.3,3,2,6,2,heldout
pad,2,71,0.525,0.3,7,6,7,6,heldout
pad,2,81,0.525,0.3,1,0,3,0,heldout
pad,2,82,0.525,0.3,2,0,7,0,heldout
pad,2,98,0.525,0.3,2,1,7,1,heldout
pad,2,100,0.525,0.3,2,2,6,1,heldout
pad,2,101,0.525,0.3,4,4,9,5,heldout
pad,2,103,0.525,0.3,8,7,9,7,heldout
pad,2,107,0.525,0.3,8,8,10,8,heldout
pad,2,119,0.525,0.3,6,6,8,6,heldout
pad,2,122,0.525,0.3,7,5,8,5,heldout
pad,2,129,0.525,0.3,5,5,6,5,heldout
pad,2,133,0.525,0.3,6,6,9,6,heldout
pad,2,141,0.525,0.3,7,7,9,7,heldout
pad,2,14,0.525,0.5,4,4,8,4,heldout
pad,2,15,0.525,0.5,2,2,7,2,heldout
pad,2,25,0.525,0.5,3,3,7,3,heldout
pad,2,29,0.525,0.5,5,5,11,5,heldout
pad,2,35,0.525,0.5,1,1,1,1,heldout
pad,2,36,0.525,0.5,7,5,11,5,heldout
pad,2,39,0.525,0.5,2,2,13,2,heldout
pad,2,50,0.525,0.5,8,4,10,4,heldout
pad,2,60,0.525,0.5,8,7,10,7,heldout
pad,2,61,0.525,0.5,7,3,13,3,heldout
pad,2,65,0.525,0.5,7,5,7,5,heldout
pad,2,67,0.525,0.5,7,5,7,5,heldout
pad,2,70,0.525,0.5,3,2,6,2,heldout
pad,2,71,0.525,0.5,7,5,7,5,heldout
pad,2,81,0.525,0.5,1,0,3,0,heldout
pad,2,82,0.525,0.5,2,0,7,0,heldout
pad,2,98,0.525,0.5,2,1,7,1,heldout
pad,2,100,0.525,0.5,2,2,6,1,heldout
pad,2,101,0.525,0.5,4,3,9,4,heldout
pad,2,103,0.525,0.5,8,6,9,6,heldout
pad,2,107,0.525,0.5,8,8,10,8,heldout
pad,2,119,0.525,0.5,6,4,8,4,heldout
pad,2,122,0.525,0.5,7,3,8,3,heldout
pad,2,129,0.525,0.5,5,5,6,5,heldout
pad,2,133,0.525,0.5,6,5,9,5,heldout
pad,2,141,0.525,0.5,7,7,9,7,heldout
pad,2,-1,0.55,0.3,107,102,188,102,val
pad,2,-1,0.55,0.5,107,83,188,83,val
pad,2,14,0.55,0.3,4,4,8,4,heldout
pad,2,15,0.55,0.3,2,2,7,2,heldout
pad,2,25,0.55,0.3,3,3,8,3,heldout
pad,2,29,0.55,0.3,5,5,11,5,heldout
pad,2,35,0.55,0.3,1,1,1,1,heldout
pad,2,36,0.55,0.3,7,7,12,7,heldout
pad,2,39,0.55,0.3,2,2,12,2,heldout
pad,2,50,0.55,0.3,8,7,10,7,heldout
pad,2,60,0.55,0.3,8,7,10,7,heldout
pad,2,61,0.55,0.3,7,6,12,6,heldout
pad,2,65,0.55,0.3,7,5,7,5,heldout
pad,2,67,0.55,0.3,7,7,7,7,heldout
pad,2,70,0.55,0.3,3,2,6,2,heldout
pad,2,71,0.55,0.3,7,6,7,6,heldout
pad,2,81,0.55,0.3,1,0,3,0,heldout
pad,2,82,0.55,0.3,2,1,7,1,heldout
pad,2,98,0.55,0.3,2,1,7,1,heldout
pad,2,100,0.55,0.3,2,2,6,1,heldout
pad,2,101,0.55,0.3,4,4,9,5,heldout
pad,2,103,0.55,0.3,8,7,9,7,heldout
pad,2,107,0.55,0.3,8,8,9,7,heldout
pad,2,119,0.55,0.3,6,5,9,6,heldout
pad,2,122,0.55,0.3,7,6,8,6,heldout
pad,2,129,0.55,0.3,5,5,7,6,heldout
pad,2,133,0.55,0.3,6,6,9,6,heldout
pad,2,141,0.55,0.3,7,7,8,6,heldout
pad,2,14,0.55,0.5,4,3,8,3,heldout
pad,2,15,0.55,0.5,2,2,7,2,heldout
pad,2,25,0.55,0.5,3,3,8,3,heldout
pad,2,29,0.55,0.5,5,5,11,5,heldout
pad,2,35,0.55,0.5,1,1,1,1,heldout
pad,2,36,0.55,0.5,7,5,12,5,heldout
pad,2,39,0.55,0.5,2,2,12,2,heldout
pad,2,50,0.55,0.5,8,5,10,5,heldout
pad,2,60,0.55,0.5,8,7,10,7,heldout
pad,2,61,0.55,0.5,7,3,12,3,heldout
pad,2,65,0.55,0.5,7,5,7,5,heldout
pad,2,67,0.55,0.5,7,5,7,5,heldout
pad,2,70,0.55,0.5,3,2,6,2,heldout
pad,2,71,0.55,0.5,7,5,7,5,heldout
pad,2,81,0.55,0.5,1,0,3,0,heldout
pad,2,82,0.55,0.5,2,1,7,1,heldout
pad,2,98,0.55,0.5,2,1,7,1,heldout
pad,2,100,0.55,0.5,2,2,6,1,heldout
pad,2,101,0.55,0.5,4,3,9,4,heldout
pad,2,103,0.55,0.5,8,6,9,6,heldout
pad,2,107,0.55,0.5,8,7,9,6,heldout
pad,2,119,0.55,0.5,6,4,9,5,heldout
pad,2,122,0.55,0.5,7,4,8,4,heldout
pad,2,129,0.55,0.5,5,5,7,6,heldout
pad,2,133,0.55,0.5,6,5,9,5,heldout
pad,2,141,0.55,0.5,7,7,8,6,heldout
pad,2,-1,0.575,0.3,107,102,186,102,val
pad,2,-1,0.575,0.5,107,82,186,82,val
pad,2,14,0.575,0.3,4,4,7,4,heldout
pad,2,15,0.575,0.3,2,2,7,2,heldout
pad,2,25,0.575,0.3,3,3,9,3,heldout
pad,2,29,0.575,0.3,5,5,11,5,heldout
pad,2,35,0.575,0.3,1,1,1,1,heldout
pad,2,36,0.575,0.3,7,7,11,7,heldout
pad,2,39,0.575,0.3,2,2,12,2,heldout
pad,2,50,0.575,0.3,8,7,8,7,heldout
pad,2,60,0.575,0.3,8,7,11,7,heldout
pad,2,61,0.575,0.3,7,4,10,4,heldout
pad,2,65,0.575,0.3,7,5,9,5,heldout
pad,2,67,0.575,0.3,7,7,8,7,heldout
pad,2,70,0.575,0.3,3,2,5,2,heldout
pad,2,71,0.575,0.3,7,6,7,6,heldout
pad,2,81,0.575,0.3,1,0,2,0,heldout
pad,2,82,0.575,0.3,2,1,7,1,heldout
pad,2,98,0.575,0.3,2,1,7,1,heldout
pad,2,100,0.575,0.3,2,2,7,1,heldout
pad,2,101,0.575,0.3,4,4,9,5,heldout
pad,2,103,0.575,0.3,8,6,10,6,heldout
pad,2,107,0.575,0.3,8,8,9,7,heldout
pad,2,119,0.575,0.3,6,5,9,6,heldout
pad,2,122,0.575,0.3,7,6,8,6,heldout
pad,2,129,0.575,0.3,5,5,7,6,heldout
pad,2,133,0.575,0.3,6,6,10,6,heldout
pad,2,141,0.575,0.3,7,7,8,6,heldout
pad,2,14,0.575,0.5,4,3,7,3,heldout
pad,2,15,0.575,0.5,2,2,7,2,heldout
pad,2,25,0.575,0.5,3,3,9,3,heldout
pad,2,29,0.575,0.5,5,5,11,5,heldout
pad,2,35,0.575,0.5,1,1,1,1,heldout
pad,2,36,0.575,0.5,7,4,11,4,heldout
pad,2,39,0.575,0.5,2,2,12,2,heldout
pad,2,50,0.575,0.5,8,4,8,4,heldout
pad,2,60,0.575,0.5,8,7,11,7,heldout
pad,2,61,0.575,0.5,7,3,10,3,heldout
pad,2,65,0.575,0.5,7,5,9,5,heldout
pad,2,67,0.575,0.5,7,5,8,5,heldout
pad,2,70,0.575,0.5,3,2,5,2,heldout
pad,2,71,0.575,0.5,7,5,7,5,heldout
pad,2,81,0.575,0.5,1,0,2,0,heldout
pad,2,82,0.575,0.5,2,1,7,1,heldout
pad,2,98,0.575,0.5,2,1,7,1,heldout
pad,2,100,0.575,0.5,2,2,7,1,heldout
pad,2,101,0.575,0.5,4,3,9,4,heldout
pad,2,103,0.575,0.5,8,6,10,6,heldout
pad,2,107,0.575,0.5,8,6,9,5,heldout
pad,2,119,0.575,0.5,6,4,9,5,heldout
pad,2,122,0.575,0.5,7,4,8,4,heldout
pad,2,129,0.575,0.5,5,5,7,6,heldout
pad,2,133,0.575,0.5,6,6,10,6,heldout
pad,2,141,0.575,0.5,7,6,8,5,heldout
pad,2,-1,0.6,0.3,107,98,183,98,val
pad,2,-1,0.6,0.5,107,77,183,77,val
pad,2,14,0.6,0.3,4,3,7,3,heldout
pad,2,15,0.6,0.3,2,2,8,2,heldout
pad,2,25,0.6,0.3,3,3,10,3,heldout
pad,2,29,0.6,0.3,5,5,10,5,heldout
pad,2,35,0.6,0.3,1,1,1,1,heldout
pad,2,36,0.6,0.3,7,7,11,7,heldout
pad,2,39,0.6,0.3,2,2,11,2,heldout
pad,2,50,0.6,0.3,8,6,8,6,heldout
pad,2,60,0.6,0.3,8,7,9,7,heldout
pad,2,61,0.6,0.3,7,4,9,4,heldout
pad,2,65,0.6,0.3,7,5,9,5,heldout
pad,2,67,0.6,0.3,7,6,8,6,heldout
pad,2,70,0.6,0.3,3,2,5,2,heldout
pad,2,71,0.6,0.3,7,5,7,5,heldout
pad,2,81,0.6,0.3,1,0,3,0,heldout
pad,2,82,0.6,0.3,2,1,9,1,heldout
pad,2,98,0.6,0.3,2,1,6,1,heldout
pad,2,100,0.6,0.3,2,2,6,1,heldout
pad,2,101,0.6,0.3,4,4,9,5,heldout
pad,2,103,0.6,0.3,8,6,10,6,heldout
pad,2,107,0.6,0.3,8,8,9,7,heldout
pad,2,119,0.6,0.3,6,4,9,5,heldout
pad,2,122,0.6,0.3,7,6,9,6,heldout
pad,2,129,0.6,0.3,5,5,7,6,heldout
pad,2,133,0.6,0.3,6,6,8,6,heldout
pad,2,141,0.6,0.3,7,7,7,6,heldout
pad,2,14,0.6,0.5,4,3,7,3,heldout
pad,2,15,0.6,0.5,2,2,8,2,heldout
pad,2,25,0.6,0.5,3,2,10,2,heldout
pad,2,29,0.6,0.5,5,5,10,5,heldout
pad,2,35,0.6,0.5,1,1,1,1,heldout
pad,2,36,0.6,0.5,7,5,11,5,heldout
pad,2,39,0.6,0.5,2,2,11,2,heldout
pad,2,50,0.6,0.5,8,4,8,4,heldout
pad,2,60,0.6,0.5,8,7,9,7,heldout
pad,2,61,0.6,0.5,7,3,9,3,heldout
pad,2,65,0.6,0.5,7,5,9,5,heldout
pad,2,67,0.6,0.5,7,5,8,5,heldout
pad,2,70,0.6,0.5,3,2,5,2,heldout
pad,2,71,0.6,0.5,7,5,7,5,heldout
pad,2,81,0.6,0.5,1,0,3,0,heldout
pad,2,82,0.6,0.5,2,1,9,1,heldout
pad,2,98,0.6,0.5,2,1,6,1,heldout
pad,2,100,0.6,0.5,2,2,6,1,heldout
pad,2,101,0.6,0.5,4,3,9,4,heldout
pad,2,103,0.6,0.5,8,5,10,5,heldout
pad,2,107,0.6,0.5,8,6,9,5,heldout
pad,2,119,0.6,0.5,6,4,9,5,heldout
pad,2,122,0.6,0.5,7,4,9,4,heldout
pad,2,129,0.6,0.5,5,5,7,6,heldout
pad,2,133,0.6,0.5,6,5,8,5,heldout
pad,2,141,0.6,0.5,7,6,7,5,heldout
pad,2,-1,0.625,0.3,107,96,173,96,val
pad,2,-1,0.625,0.5,107,71,173,71,val
pad,2,14,0.625,0.3,4,3,7,3,heldout
pad,2,15,0.625,0.3,2,2,6,2,heldout
pad,2,25,0.625,0.3,3,3,9,3,heldout
pad,2,29,0.625,0.3,5,5,10,5,heldout
pad,2,35,0.625,0.3,1,1,1,1,heldout
pad,2,36,0.625,0.3,7,6,10,6,heldout
pad,2,39,0.625,0.3,2,2,10,2,heldout
pad,2,50,0.625,0.3,8,5,8,5,heldout
pad,2,60,0.625,0.3,8,7,9,7,heldout
pad,2,61,0.625,0.3,7,4,8,4,heldout
pad,2,65,0.625,0.3,7,5,7,5,heldout
pad,2,67,0.625,0.3,7,6,8,6,heldout
pad,2,70,0.625,0.3,3,2,5,2,heldout
pad,2,71,0.625,0.3,7,5,7,5,heldout
pad,2,81,0.625,0.3,1,0,3,0,heldout
pad,2,82,0.625,0.3,2,1,7,1,heldout
pad,2,98,0.625,0.3,2,1,6,1,heldout
pad,2,100,0.625,0.3,2,2,5,1,heldout
pad,2,101,0.625,0.3,4,4,8,5,heldout
pad,2,103,0.625,0.3,8,6,9,6,heldout
pad,2,107,0.625,0.3,8,7,8,6,heldout
pad,2,119,0.625,0.3,6,4,12,5,heldout
pad,2,122,0.625,0.3,7,6,9,6,heldout
pad,2,129,0.625,0.3,5,5,7,6,heldout
pad,2,133,0.625,0.3,6,6,8,6,heldout
pad,2,141,0.625,0.3,7,7,7,6,heldout
pad,2,14,0.625,0.5,4,3,7,3,heldout
pad,2,15,0.625,0.5,2,2,6,2,heldout
pad,2,25,0.625,0.5,3,2,9,2,heldout
pad,2,29,0.625,0.5,5,4,10,4,heldout
pad,2,35,0.625,0.5,1,1,1,1,heldout
pad,2,36,0.625,0.5,7,4,10,4,heldout
pad,2,39,0.625,0.5,2,2,10,2,heldout
pad,2,50,0.625,0.5,8,4,8,4,heldout
pad,2,60,0.625,0.5,8,7,9,7,heldout
pad,2,61,0.625,0.5,7,3,8,3,heldout
pad,2,65,0.625,0.5,7,5,7,5,heldout
pad,2,67,0.625,0.5,7,5,8,5,heldout
pad,2,70,0.625,0.5,3,2,5,2,heldout
pad,2,71,0.625,0.5,7,4,7,4,heldout
pad,2,81,0.625,0.5,1,0,3,0,heldout
pad,2,82,0.625,0.5,2,1,7,1,heldout
pad,2,98,0.625,0.5,2,1,6,1,heldout
pad,2,100,0.625,0.5,2,2,5,1,heldout
pad,2,101,0.625,0.5,4,3,8,4,heldout
pad,2,103,0.625,0.5,8,5,9,5,heldout
pad,2,107,0.625,0.5,8,5,8,4,heldout
pad,2,119,0.625,0.5,6,3,12,4,heldout
pad,2,122,0.625,0.5,7,5,9,5,heldout
pad,2,129,0.625,0.5,5,5,7,6,heldout
pad,2,133,0.625,0.5,6,4,8,4,heldout
pad,2,141,0.625,0.5,7,6,7,5,heldout
pad,2,-1,0.65,0.3,107,89,161,89,val
pad,2,-1,0.65,0.5,107,61,161,61,val
pad,2,14,0.65,0.3,4,3,6,3,heldout
pad,2,15,0.65,0.3,2,2,6,2,heldout
pad,2,25,0.65,0.3,3,2,9,2,heldout
pad,2,29,0.65,0.3,5,5,12,5,heldout
pad,2,35,0.65,0.3,1,1,1,1,heldout
pad,2,36,0.65,0.3,7,6,10,6,heldout
pad,2,39,0.65,0.3,2,2,10,2,heldout
pad,2,50,0.65,0.3,8,5,8,5,heldout
pad,2,60,0.65,0.3,8,7,9,7,heldout
pad,2,61,0.65,0.3,7,4,9,4,heldout
pad,2,65,0.65,0.3,7,5,7,5,heldout
pad,2,67,0.65,0.3,7,6,6,6,heldout
pad,2,70,0.65,0.3,3,2,5,2,heldout
pad,2,71,0.65,0.3,7,4,7,4,heldout
pad,2,81,0.65,0.3,1,0,3,0,heldout
pad,2,82,0.65,0.3,2,0,5,0,heldout
pad,2,98,0.65,0.3,2,1,5,1,heldout
pad,2,100,0.65,0.3,2,2,7,1,heldout
pad,2,101,0.65,0.3,4,4,8,5,heldout
pad,2,103,0.65,0.3,8,6,8,6,heldout
pad,2,107,0.65,0.3,8,6,6,5,heldout
pad,2,119,0.65,0.3,6,4,8,5,heldout
pad,2,122,0.65,0.3,7,6,11,6,heldout
pad,2,129,0.65,0.3,5,5,7,6,heldout
pad,2,133,0.65,0.3,6,6,8,6,heldout
pad,2,141,0.65,0.3,7,7,8,6,heldout
pad,2,14,0.65,0.5,4,3,6,3,heldout
pad,2,15,0.65,0.5,2,2,6,2,heldout
pad,2,25,0.65,0.5,3,2,9,2,heldout
pad,2,29,0.65,0.5,5,4,12,4,heldout
pad,2,35,0.65,0.5,1,1,1,1,heldout
pad,2,36,0.65,0.5,7,2,10,2,heldout
pad,2,39,0.65,0.5,2,1,10,1,heldout
pad,2,50,0.65,0.5,8,4,8,4,heldout
pad,2,60,0.65,0.5,8,2,9,2,heldout
pad,2,61,0.65,0.5,7,3,9,3,heldout
pad,2,65,0.65,0.5,7,5,7,5,heldout
pad,2,67,0.65,0.5,7,5,6,5,heldout
pad,2,70,0.65,0.5,3,1,5,1,heldout
pad,2,71,0.65,0.5,7,3,7,3,heldout
pad,2,81,0.65,0.5,1,0,3,0,heldout
pad,2,82,0.65,0.5,2,0,5,0,heldout
pad,2,98,0.65,0.5,2,1,5,1,heldout
pad,2,100,0.65,0.5,2,2,7,1,heldout
pad,2,101,0.65,0.5,4,3,8,4,heldout
pad,2,103,0.65,0.5,8,5,8,5,heldout
pad,2,107,0.65,0.5,8,5,6,4,heldout
pad,2,119,0.65,0.5,6,2,8,3,heldout
pad,2,122,0.65,0.5,7,5,11,5,heldout
pad,2,129,0.65,0.5,5,5,7,6,heldout
pad,2,133,0.65,0.5,6,3,8,3,heldout
pad,2,141,0.65,0.5,7,4,8,3,heldout
pad,2,-1,0.675,0.3,107,73,158,73,val
pad,2,-1,0.675,0.5,107,54,158,54,val
pad,2,14,0.675,0.3,4,3,6,3,heldout
pad,2,15,0.675,0.3,2,2,7,2,heldout
pad,2,25,0.675,0.3,3,2,8,2,heldout
pad,2,29,0.675,0.3,5,4,12,4,heldout
pad,2,35,0.675,0.3,1,1,1,1,heldout
pad,2,36,0.675,0.3,7,5,8,5,heldout
pad,2,39,0.675,0.3,2,2,11,2,heldout
pad,2,50,0.675,0.3,8,5,9,5,heldout
pad,2,60,0.675,0.3,8,5,9,5,heldout
pad,2,61,0.675,0.3,7,4,9,4,heldout
pad,2,65,0.675,0.3,7,5,6,5,heldout
pad,2,67,0.675,0.3,7,6,6,6,heldout
pad,2,70,0.675,0.3,3,1,5,1,heldout
pad,2,71,0.675,0.3,7,3,6,3,heldout
pad,2,81,0.675,0.3,1,0,1,0,heldout
pad,2,82,0.675,0.3,2,0,3,0,heldout
pad,2,98,0.675,0.3,2,1,3,1,heldout
pad,2,100,0.675,0.3,2,2,5,1,heldout
pad,2,101,0.675,0.3,4,3,8,4,heldout
pad,2,103,0.675,0.3,8,5,7,5,heldout
pad,2,107,0.675,0.3,8,6,7,5,heldout
pad,2,119,0.675,0.3,6,3,9,4,heldout
pad,2,122,0.675,0.3,7,6,9,6,heldout
pad,2,129,0.675,0.3,5,5,7,6,heldout
pad,2,133,0.675,0.3,6,4,10,4,heldout
pad,2,141,0.675,0.3,7,5,7,4,heldout
pad,2,14,0.675,0.5,4,3,6,3,heldout
pad,2,15,0.675,0.5,2,1,7,1,heldout
pad,2,25,0.675,0.5,3,1,8,1,heldout
pad,2,29,0.675,0.5,5,4,12,4,heldout
pad,2,35,0.675,0.5,1,1,1,1,heldout
pad,2,36,0.675,0.5,7,2,8,2,heldout
pad,2,39,0.675,0.5,2,0,11,0,heldout
pad,2,50,0.675,0.5,8,5,9,5,heldout
pad,2,60,0.675,0.5,8,2,9,2,heldout
pad,2,61,0.675,0.5,7,2,9,2,heldout
pad,2,65,0.675,0.5,7,4,6,4,heldout
pad,2,67,0.675,0.5,7,5,6,5,heldout
pad,2,70,0.675,0.5,3,0,5,0,heldout
pad,2,71,0.675,0.5,7,2,6,2,heldout
pad,2,81,0.675,0.5,1,0,1,0,heldout
pad,2,82,0.675,0.5,2,0,3,0,heldout
pad,2,98,0.675,0.5,2,1,3,1,heldout
pad,2,100,0.675,0.5,2,2,5,1,heldout
pad,2,101,0.675,0.5,4,2,8,3,heldout
pad,2,103,0.675,0.5,8,5,7,5,heldout
pad,2,107,0.675,0.5,8,5,7,4,heldout
pad,2,119,0.675,0.5,6,2,9,3,heldout
pad,2,122,0.675,0.5,7,5,9,5,heldout
pad,2,129,0.675,0.5,5,5,7,6,heldout
pad,2,133,0.675,0.5,6,3,10,3,heldout
pad,2,141,0.675,0.5,7,3,7,2,heldout
pad,2,-1,0.7,0.3,107,64,148,64,val
pad,2,-1,0.7,0.5,107,37,148,37,val
pad,2,14,0.7,0.3,4,3,5,3,heldout
pad,2,15,0.7,0.3,2,1,6,1,heldout
pad,2,25,0.7,0.3,3,2,6,2,heldout
pad,2,29,0.7,0.3,5,4,11,4,heldout
pad,2,35,0.7,0.3,1,1,1,1,heldout
pad,2,36,0.7,0.3,7,3,8,3,heldout
pad,2,39,0.7,0.3,2,1,9,1,heldout
pad,2,50,0.7,0.3,8,5,6,5,heldout
pad,2,60,0.7,0.3,8,3,9,3,heldout
pad,2,61,0.7,0.3,7,4,9,4,heldout
pad,2,65,0.7,0.3,7,5,6,5,heldout
pad,2,67,0.7,0.3,7,5,5,5,heldout
pad,2,70,0.7,0.3,3,0,2,0,heldout
pad,2,71,0.7,0.3,7,3,5,3,heldout
pad,2,81,0.7,0.3,1,0,1,0,heldout
pad,2,82,0.7,0.3,2,0,1,0,heldout
pad,2,98,0.7,0.3,2,1,3,1,heldout
pad,2,100,0.7,0.3,2,2,6,1,heldout
pad,2,101,0.7,0.3,4,3,8,4,heldout
pad,2,103,0.7,0.3,8,4,6,4,heldout
pad,2,107,0.7,0.3,8,6,5,5,heldout
pad,2,119,0.7,0.3,6,3,5,4,heldout
pad,2,122,0.7,0.3,7,6,7,6,heldout
pad,2,129,0.7,0.3,5,5,7,6,heldout
pad,2,133,0.7,0.3,6,3,7,3,heldout
pad,2,141,0.7,0.3,7,3,5,2,heldout
pad,2,14,0.7,0.5,4,3,5,3,heldout
pad,2,15,0.7,0.5,2,1,6,1,heldout
pad,2,25,0.7,0.5,3,1,6,1,heldout
pad,2,29,0.7,0.5,5,4,11,4,heldout
pad,2,35,0.7,0.5,1,1,1,1,heldout
pad,2,36,0.7,0.5,7,2,8,2,heldout
pad,2,39,0.7,0.5,2,0,9,0,heldout
pad,2,50,0.7,0.5,8,3,6,3,heldout
pad,2,60,0.7,0.5,8,0,9,0,heldout
pad,2,61,0.7,0.5,7,2,9,2,heldout
pad,2,65,0.7,0.5,7,4,6,4,heldout
pad,2,67,0.7,0.5,7,4,5,4,heldout
pad,2,70,0.7,0.5,3,0,2,0,heldout
pad,2,71,0.7,0.5,7,2,5,2,heldout
pad,2,81,0.7,0.5,1,0,1,0,heldout
pad,2,82,0.7,0.5,2,0,1,0,heldout
pad,2,98,0.7,0.5,2,0,3,0,heldout
pad,2,100,0.7,0.5,2,1,6,0,heldout
pad,2,101,0.7,0.5,4,2,8,3,heldout
pad,2,103,0.7,0.5,8,4,6,4,heldout
pad,2,107,0.7,0.5,8,3,5,3,heldout
pad,2,119,0.7,0.5,6,2,5,2,heldout
pad,2,122,0.7,0.5,7,3,7,3,heldout
pad,2,129,0.7,0.5,5,4,7,5,heldout
pad,2,133,0.7,0.5,6,2,7,2,heldout
pad,2,141,0.7,0.5,7,3,5,2,heldout
pad,2,-1,0.725,0.3,107,49,127,49,val
pad,2,-1,0.725,0.5,107,25,127,25,val
pad,2,14,0.725,0.3,4,3,5,3,heldout
pad,2,15,0.725,0.3,2,1,6,1,heldout
pad,2,25,0.725,0.3,3,1,5,1,heldout
pad,2,29,0.725,0.3,5,2,9,2,heldout
pad,2,35,0.725,0.3,1,1,1,1,heldout
pad,2,36,0.725,0.3,7,2,6,2,heldout
pad,2,39,0.725,0.3,2,1,8,1,heldout
pad,2,50,0.725,0.3,8,5,5,5,heldout
pad,2,60,0.725,0.3,8,1,9,1,heldout
pad,2,61,0.725,0.3,7,2,6,2,heldout
pad,2,65,0.725,0.3,7,4,6,4,heldout
pad,2,67,0.725,0.3,7,5,6,5,heldout
pad,2,70,0.725,0.3,3,0,0,0,heldout
pad,2,71,0.725,0.3,7,2,3,2,heldout
pad,2,81,0.725,0.3,1,0,0,0,heldout
pad,2,82,0.725,0.3,2,0,0,0,heldout
pad,2,98,0.725,0.3,2,0,2,0,heldout
pad,2,100,0.725,0.3,2,1,8,0,heldout
pad,2,101,0.725,0.3,4,3,9,4,heldout
pad,2,103,0.725,0.3,8,4,6,4,heldout
pad,2,107,0.725,0.3,8,5,5,4,heldout
pad,2,119,0.725,0.3,6,3,6,4,heldout
pad,2,122,0.725,0.3,7,4,7,4,heldout
pad,2,129,0.725,0.3,5,5,7,6,heldout
pad,2,133,0.725,0.3,6,3,5,3,heldout
pad,2,141,0.725,0.3,7,3,5,2,heldout
pad,2,14,0.725,0.5,4,2,5,2,heldout
pad,2,15,0.725,0.5,2,0,6,0,heldout
pad,2,25,0.725,0.5,3,1,5,1,heldout
pad,2,29,0.725,0.5,5,0,9,0,heldout
pad,2,35,0.725,0.5,1,1,1,1,heldout
pad,2,36,0.725,0.5,7,2,6,2,heldout
pad,2,39,0.725,0.5,2,0,8,0,heldout
pad,2,50,0.725,0.5,8,3,5,3,heldout
pad,2,60,0.725,0.5,8,0,9,0,heldout
pad,2,61,0.725,0.5,7,2,6,2,heldout
pad,2,65,0.725,0.5,7,4,6,4,heldout
pad,2,67,0.725,0.5,7,3,6,3,heldout
pad,2,70,0.725,0.5,3,0,0,0,heldout
pad,2,71,0.725,0.5,7,1,3,1,heldout
pad,2,81,0.725,0.5,1,0,0,0,heldout
pad,2,82,0.725,0.5,2,0,0,0,heldout
pad,2,98,0.725,0.5,2,0,2,0,heldout
pad,2,100,0.725,0.5,2,0,8,0,heldout
pad,2,101,0.725,0.5,4,2,9,2,heldout
pad,2,103,0.725,0.5,8,3,6,3,heldout
pad,2,107,0.725,0.5,8,3,5,3,heldout
pad,2,119,0.725,0.5,6,1,6,1,heldout
pad,2,122,0.725,0.5,7,2,7,2,heldout
pad,2,129,0.725,0.5,5,3,7,4,heldout
pad,2,133,0.725,0.5,6,1,5,1,heldout
pad,2,141,0.725,0.5,7,2,5,1,heldout
pad,2,-1,0.75,0.3,107,36,105,36,val
pad,2,-1,0.75,0.5,107,14,105,14,val
pad,2,14,0.75,0.3,4,3,6,3,heldout
pad,2,15,0.75,0.3,2,1,3,1,heldout
pad,2,25,0.75,0.3,3,1,6,1,heldout
pad,2,29,0.75,0.3,5,1,5,1,heldout
pad,2,35,0.75,0.3,1,1,1,1,heldout
pad,2,36,0.75,0.3,7,2,8,2,heldout
pad,2,39,0.75,0.3,2,0,6,0,heldout
pad,2,50,0.75,0.3,8,4,5,4,heldout
pad,2,60,0.75,0.3,8,0,5,0,heldout
pad,2,61,0.75,0.3,7,1,7,1,heldout
pad,2,65,0.75,0.3,7,4,7,4,heldout
pad,2,67,0.75,0.3,7,4,6,4,heldout
pad,2,70,0.75,0.3,3,0,0,0,heldout
pad,2,71,0.75,0.3,7,2,2,2,heldout
pad,2,81,0.75,0.3,1,0,0,0,heldout
pad,2,82,0.75,0.3,2,0,0,0,heldout
pad,2,98,0.75,0.3,2,0,2,0,heldout
pad,2,100,0.75,0.3,2,1,8,0,heldout
pad,2,101,0.75,0.3,4,2,10,3,heldout
pad,2,103,0.75,0.3,8,4,5,4,heldout
pad,2,107,0.75,0.3,8,4,7,3,heldout
pad,2,119,0.75,0.3,6,1,4,2,heldout
pad,2,122,0.75,0.3,7,3,6,3,heldout
pad,2,129,0.75,0.3,5,4,6,5,heldout
pad,2,133,0.75,0.3,6,2,5,2,heldout
pad,2,141,0.75,0.3,7,3,3,2,heldout
pad,2,14,0.75,0.5,4,0,6,0,heldout
pad,2,15,0.75,0.5,2,0,3,0,heldout
pad,2,25,0.75,0.5,3,1,6,1,heldout
pad,2,29,0.75,0.5,5,0,5,0,heldout
pad,2,35,0.75,0.5,1,1,1,1,heldout
pad,2,36,0.75,0.5,7,0,8,0,heldout
pad,2,39,0.75,0.5,2,0,6,0,heldout
pad,2,50,0.75,0.5,8,3,5,3,heldout
pad,2,60,0.75,0.5,8,0,5,0,heldout
pad,2,61,0.75,0.5,7,0,7,0,heldout
pad,2,65,0.75,0.5,7,2,7,2,heldout
pad,2,67,0.75,0.5,7,3,6,3,heldout
pad,2,70,0.75,0.5,3,0,0,0,heldout
pad,2,71,0.75,0.5,7,1,2,1,heldout
pad,2,81,0.75,0.5,1,0,0,0,heldout
pad,2,82,0.75,0.5,2,0,0,0,heldout
pad,2,98,0.75,0.5,2,0,2,0,heldout
pad,2,100,0.75,0.5,2,0,8,0,heldout
pad,2,101,0.75,0.5,4,2,10,2,heldout
pad,2,103,0.75,0.5,8,3,5,3,heldout
pad,2,107,0.75,0.5,8,1,7,1,heldout
pad,2,119,0.75,0.5,6,1,4,1,heldout
pad,2,122,0.75,0.5,7,0,6,0,heldout
pad,2,129,0.75,0.5,5,3,6,4,heldout
pad,2,133,0.75,0.5,6,1,5,1,heldout
pad,2,141,0.75,0.5,7,2,3,1,heldout
pad,2,-1,0.775,0.3,107,24,86,24,val
pad,2,-1,0.775,0.5,107,7,86,7,val
pad,2,14,0.775,0.3,4,2,5,2,heldout
pad,2,15,0.775,0.3,2,0,2,0,heldout
pad,2,25,0.775,0.3,3,0,6,0,heldout
pad,2,29,0.775,0.3,5,1,2,1,heldout
pad,2,35,0.775,0.3,1,1,1,1,heldout
pad,2,36,0.775,0.3,7,2,4,2,heldout
pad,2,39,0.775,0.3,2,0,6,0,heldout
pad,2,50,0.775,0.3,8,4,4,4,heldout
pad,2,60,0.775,0.3,8,0,1,0,heldout
pad,2,61,0.775,0.3,7,1,3,1,heldout
pad,2,65,0.775,0.3,7,2,4,2,heldout
pad,2,67,0.775,0.3,7,2,4,2,heldout
pad,2,70,0.775,0.3,3,0,0,0,heldout
pad,2,71,0.775,0.3,7,2,2,2,heldout
pad,2,81,0.775,0.3,1,0,0,0,heldout
pad,2,82,0.775,0.3,2,0,0,0,heldout
pad,2,98,0.775,0.3,2,0,1,0,heldout
pad,2,100,0.775,0.3,2,1,6,0,heldout
pad,2,101,0.775,0.3,4,2,8,3,heldout
pad,2,103,0.775,0.3,8,3,5,3,heldout
pad,2,107,0.775,0.3,8,1,6,1,heldout
pad,2,119,0.775,0.3,6,1,3,1,heldout
pad,2,122,0.775,0.3,7,2,5,2,heldout
pad,2,129,0.775,0.3,5,3,5,4,heldout
pad,2,133,0.775,0.3,6,1,3,1,heldout
pad,2,141,0.775,0.3,7,2,2,1,heldout
pad,2,14,0.775,0.5,4,0,5,0,heldout
pad,2,15,0.775,0.5,2,0,2,0,heldout
pad,2,25,0.775,0.5,3,0,6,0,heldout
pad,2,29,0.775,0.5,5,0,2,0,heldout
pad,2,35,0.775,0.5,1,0,1,0,heldout
pad,2,36,0.775,0.5,7,0,4,0,heldout
pad,2,39,0.775,0.5,2,0,6,0,heldout
pad,2,50,0.775,0.5,8,1,4,1,heldout
pad,2,60,0.775,0.5,8,0,1,0,heldout
pad,2,61,0.775,0.5,7,0,3,0,heldout
pad,2,65,0.775,0.5,7,0,4,0,heldout
pad,2,67,0.775,0.5,7,1,4,1,heldout
pad,2,70,0.775,0.5,3,0,0,0,heldout
pad,2,71,0.775,0.5,7,1,2,1,heldout
pad,2,81,0.775,0.5,1,0,0,0,heldout
pad,2,82,0.775,0.5,2,0,0,0,heldout
pad,2,98,0.775,0.5,2,0,1,0,heldout
pad,2,100,0.775,0.5,2,0,6,0,heldout
pad,2,101,0.775,0.5,4,0,8,0,heldout
pad,2,103,0.775,0.5,8,1,5,1,heldout
pad,2,107,0.775,0.5,8,0,6,0,heldout
pad,2,119,0.775,0.5,6,1,3,1,heldout
pad,2,122,0.775,0.5,7,0,5,0,heldout
pad,2,129,0.775,0.5,5,3,5,4,heldout
pad,2,133,0.775,0.5,6,1,3,1,heldout
pad,2,141,0.775,0.5,7,1,2,0,heldout
pad,2,-1,0.8,0.3,107,7,57,7,val
pad,2,-1,0.8,0.5,107,1,57,1,val
pad,2,14,0.8,0.3,4,0,2,0,heldout
pad,2,15,0.8,0.3,2,0,2,0,heldout
pad,2,25,0.8,0.3,3,0,4,0,heldout
pad,2,29,0.8,0.3,5,0,1,0,heldout
pad,2,35,0.8,0.3,1,1,1,1,heldout
pad,2,36,0.8,0.3,7,1,5,1,heldout
pad,2,39,0.8,0.3,2,0,2,0,heldout
pad,2,50,0.8,0.3,8,3,4,3,heldout
pad,2,60,0.8,0.3,8,0,1,0,heldout
pad,2,61,0.8,0.3,7,0,2,0,heldout
pad,2,65,0.8,0.3,7,1,1,1,heldout
pad,2,67,0.8,0.3,7,1,2,1,heldout
pad,2,70,0.8,0.3,3,0,0,0,heldout
pad,2,71,0.8,0.3,7,1,2,1,heldout
pad,2,81,0.8,0.3,1,0,0,0,heldout
pad,2,82,0.8,0.3,2,0,0,0,heldout
pad,2,98,0.8,0.3,2,0,1,0,heldout
pad,2,100,0.8,0.3,2,0,5,0,heldout
pad,2,101,0.8,0.3,4,0,6,0,heldout
pad,2,103,0.8,0.3,8,1,4,1,heldout
pad,2,107,0.8,0.3,8,1,3,1,heldout
pad,2,119,0.8,0.3,6,1,2,1,heldout
pad,2,122,0.8,0.3,7,1,5,1,heldout
pad,2,129,0.8,0.3,5,3,4,4,heldout
pad,2,133,0.8,0.3,6,1,1,1,heldout
pad,2,141,0.8,0.3,7,2,3,1,heldout
pad,2,14,0.8,0.5,4,0,2,0,heldout
pad,2,15,0.8,0.5,2,0,2,0,heldout
pad,2,25,0.8,0.5,3,0,4,0,heldout
pad,2,29,0.8,0.5,5,0,1,0,heldout
pad,2,35,0.8,0.5,1,0,1,0,heldout
pad,2,36,0.8,0.5,7,0,5,0,heldout
pad,2,39,0.8,0.5,2,0,2,0,heldout
pad,2,50,0.8,0.5,8,0,4,0,heldout
pad,2,60,0.8,0.5,8,0,1,0,heldout
pad,2,61,0.8,0.5,7,0,2,0,heldout
pad,2,65,0.8,0.5,7,0,1,0,heldout
pad,2,67,0.8,0.5,7,1,2,1,heldout
pad,2,70,0.8,0.5,3,0,0,0,heldout
pad,2,71,0.8,0.5,7,1,2,1,heldout
pad,2,81,0.8,0.5,1,0,0,0,heldout
pad,2,82,0.8,0.5,2,0,0,0,heldout
pad,2,98,0.8,0.5,2,0,1,0,heldout
pad,2,100,0.8,0.5,2,0,5,0,heldout
pad,2,101,0.8,0.5,4,0,6,0,heldout
pad,2,103,0.8,0.5,8,0,4,0,heldout
pad,2,107,0.8,0.5,8,0,3,0,heldout
pad,2,119,0.8,0.5,6,1,2,1,heldout
pad,2,122,0.8,0.5,7,0,5,0,heldout
pad,2,129,0.8,0.5,5,1,4,2,heldout
pad,2,133,0.8,0.5,6,1,1,1,heldout
pad,2,141,0.8,0.5,7,1,3,0,heldout
pad,2,-1,0.825,0.3,107,4,30,4,val
pad,2,-1,0.825,0.5,107,0,30,0,val
pad,2,14,0.825,0.3,4,0,2,0,heldout
pad,2,15,0.825,0.3,2,0,0,0,heldout
pad,2,25,0.825,0.3,3,0,3,0,heldout
pad,2,29,0.825,0.3,5,0,0,0,heldout
pad,2,35,0.825,0.3,1,1,1,1,heldout
pad,2,36,0.825,0.3,7,0,2,0,heldout
pad,2,39,0.825,0.3,2,0,0,0,heldout
pad,2,50,0.825,0.3,8,2,3,2,heldout
pad,2,60,0.825,0.3,8,0,0,0,heldout
pad,2,61,0.825,0.3,7,0,2,0,heldout
pad,2,65,0.825,0.3,7,0,1,0,heldout
pad,2,67,0.825,0.3,7,1,1,1,heldout
pad,2,70,0.825,0.3,3,0,0,0,heldout
pad,2,71,0.825,0.3,7,1,2,1,heldout
pad,2,81,0.825,0.3,1,0,0,0,heldout
pad,2,82,0.825,0.3,2,0,0,0,heldout
pad,2,98,0.825,0.3,2,0,1,0,heldout
pad,2,100,0.825,0.3,2,0,0,0,heldout
pad,2,101,0.825,0.3,4,0,2,0,heldout
pad,2,103,0.825,0.3,8,1,4,1,heldout
pad,2,107,0.825,0.3,8,0,2,0,heldout
pad,2,119,0.825,0.3,6,1,1,1,heldout
pad,2,122,0.825,0.3,7,0,4,0,heldout
pad,2,129,0.825,0.3,5,3,4,4,heldout
pad,2,133,0.825,0.3,6,1,1,1,heldout
pad,2,141,0.825,0.3,7,1,1,0,heldout
pad,2,14,0.825,0.5,4,0,2,0,heldout
pad,2,15,0.825,0.5,2,0,0,0,heldout
pad,2,25,0.825,0.5,3,0,3,0,heldout
pad,2,29,0.825,0.5,5,0,0,0,heldout
pad,2,35,0.825,0.5,1,0,1,0,heldout
pad,2,36,0.825,0.5,7,0,2,0,heldout
pad,2,39,0.825,0.5,2,0,0,0,heldout
pad,2,50,0.825,0.5,8,0,3,0,heldout
pad,2,60,0.825,0.5,8,0,0,0,heldout
pad,2,61,0.825,0.5,7,0,2,0,heldout
pad,2,65,0.825,0.5,7,0,1,0,heldout
pad,2,67,0.825,0.5,7,0,1,0,heldout
pad,2,70,0.825,0.5,3,0,0,0,heldout
pad,2,71,0.825,0.5,7,0,2,0,heldout
pad,2,81,0.825,0.5,1,0,0,0,heldout
pad,2,82,0.825,0.5,2,0,0,0,heldout
pad,2,98,0.825,0.5,2,0,1,0,heldout
pad,2,100,0.825,0.5,2,0,0,0,heldout
pad,2,101,0.825,0.5,4,0,2,0,heldout
pad,2,103,0.825,0.5,8,0,4,0,heldout
pad,2,107,0.825,0.5,8,0,2,0,heldout
pad,2,119,0.825,0.5,6,0,1,0,heldout
pad,2,122,0.825,0.5,7,0,4,0,heldout
pad,2,129,0.825,0.5,5,0,4,0,heldout
pad,2,133,0.825,0.5,6,0,1,0,heldout
pad,2,141,0.825,0.5,7,0,1,0,heldout
pad,2,-1,0.85,0.3,107,2,15,2,val
pad,2,-1,0.85,0.5,107,0,15,0,val
pad,2,14,0.85,0.3,4,0,0,0,heldout
pad,2,15,0.85,0.3,2,0,0,0,heldout
pad,2,25,0.85,0.3,3,0,0,0,heldout
pad,2,29,0.85,0.3,5,0,0,0,heldout
pad,2,35,0.85,0.3,1,0,1,0,heldout
pad,2,36,0.85,0.3,7,0,2,0,heldout
pad,2,39,0.85,0.3,2,0,0,0,heldout
pad,2,50,0.85,0.3,8,1,2,1,heldout
pad,2,60,0.85,0.3,8,0,0,0,heldout
pad,2,61,0.85,0.3,7,0,1,0,heldout
pad,2,65,0.85,0.3,7,0,0,0,heldout
pad,2,67,0.85,0.3,7,0,1,0,heldout
pad,2,70,0.85,0.3,3,0,0,0,heldout
pad,2,71,0.85,0.3,7,1,1,1,heldout
pad,2,81,0.85,0.3,1,0,0,0,heldout
pad,2,82,0.85,0.3,2,0,0,0,heldout
pad,2,98,0.85,0.3,2,0,0,0,heldout
pad,2,100,0.85,0.3,2,0,0,0,heldout
pad,2,101,0.85,0.3,4,0,0,0,heldout
pad,2,103,0.85,0.3,8,0,2,0,heldout
pad,2,107,0.85,0.3,8,0,0,0,heldout
pad,2,119,0.85,0.3,6,0,1,0,heldout
pad,2,122,0.85,0.3,7,0,2,0,heldout
pad,2,129,0.85,0.3,5,0,4,0,heldout
pad,2,133,0.85,0.3,6,0,1,0,heldout
pad,2,141,0.85,0.3,7,0,0,0,heldout
pad,2,14,0.85,0.5,4,0,0,0,heldout
pad,2,15,0.85,0.5,2,0,0,0,heldout
pad,2,25,0.85,0.5,3,0,0,0,heldout
pad,2,29,0.85,0.5,5,0,0,0,heldout
pad,2,35,0.85,0.5,1,0,1,0,heldout
pad,2,36,0.85,0.5,7,0,2,0,heldout
pad,2,39,0.85,0.5,2,0,0,0,heldout
pad,2,50,0.85,0.5,8,0,2,0,heldout
pad,2,60,0.85,0.5,8,0,0,0,heldout
pad,2,61,0.85,0.5,7,0,1,0,heldout
pad,2,65,0.85,0.5,7,0,0,0,heldout
pad,2,67,0.85,0.5,7,0,1,0,heldout
pad,2,70,0.85,0.5,3,0,0,0,heldout
pad,2,71,0.85,0.5,7,0,1,0,heldout
pad,2,81,0.85,0.5,1,0,0,0,heldout
pad,2,82,0.85,0.5,2,0,0,0,heldout
pad,2,98,0.85,0.5,2,0,0,0,heldout
pad,2,100,0.85,0.5,2,0,0,0,heldout
pad,2,101,0.85,0.5,4,0,0,0,heldout
pad,2,103,0.85,0.5,8,0,2,0,heldout
pad,2,107,0.85,0.5,8,0,0,0,heldout
pad,2,119,0.85,0.5,6,0,1,0,heldout
pad,2,122,0.85,0.5,7,0,2,0,heldout
pad,2,129,0.85,0.5,5,0,4,0,heldout
pad,2,133,0.85,0.5,6,0,1,0,heldout
pad,2,141,0.85,0.5,7,0,0,0,heldout
pad,2,-1,0.875,0.3,107,0,3,0,val
pad,2,-1,0.875,0.5,107,0,3,0,val
pad,2,14,0.875,0.3,4,0,0,0,heldout
pad,2,15,0.875,0.3,2,0,0,0,heldout
pad,2,25,0.875,0.3,3,0,0,0,heldout
pad,2,29,0.875,0.3,5,0,0,0,heldout
pad,2,35,0.875,0.3,1,0,1,0,heldout
pad,2,36,0.875,0.3,7,0,1,0,heldout
pad,2,39,0.875,0.3,2,0,0,0,heldout
pad,2,50,0.875,0.3,8,0,1,0,heldout
pad,2,60,0.875,0.3,8,0,0,0,heldout
pad,2,61,0.875,0.3,7,0,0,0,heldout
pad,2,65,0.875,0.3,7,0,0,0,heldout
pad,2,67,0.875,0.3,7,0,0,0,heldout
pad,2,70,0.875,0.3,3,0,0,0,heldout
pad,2,71,0.875,0.3,7,0,1,0,heldout
pad,2,81,0.875,0.3,1,0,0,0,heldout
pad,2,82,0.875,0.3,2,0,0,0,heldout
pad,2,98,0.875,0.3,2,0,0,0,heldout
pad,2,100,0.875,0.3,2,0,0,0,heldout
pad,2,101,0.875,0.3,4,0,0,0,heldout
pad,2,103,0.875,0.3,8,0,0,0,heldout
pad,2,107,0.875,0.3,8,0,0,0,heldout
pad,2,119,0.875,0.3,6,0,0,0,heldout
pad,2,122,0.875,0.3,7,0,2,0,heldout
pad,2,129,0.875,0.3,5,0,3,0,heldout
pad,2,133,0.875,0.3,6,0,0,0,heldout
pad,2,141,0.875,0.3,7,0,0,0,heldout
pad,2,14,0.875,0.5,4,0,0,0,heldout
pad,2,15,0.875,0.5,2,0,0,0,heldout
pad,2,25,0.875,0.5,3,0,0,0,heldout
pad,2,29,0.875,0.5,5,0,0,0,heldout
pad,2,35,0.875,0.5,1,0,1,0,heldout
pad,2,36,0.875,0.5,7,0,1,0,heldout
pad,2,39,0.875,0.5,2,0,0,0,heldout
pad,2,50,0.875,0.5,8,0,1,0,heldout
pad,2,60,0.875,0.5,8,0,0,0,heldout
pad,2,61,0.875,0.5,7,0,0,0,heldout
pad,2,65,0.875,0.5,7,0,0,0,heldout
pad,2,67,0.875,0.5,7,0,0,0,heldout
pad,2,70,0.875,0.5,3,0,0,0,heldout
pad,2,71,0.875,0.5,7,0,1,0,heldout
pad,2,81,0.875,0.5,1,0,0,0,heldout
pad,2,82,0.875,0.5,2,0,0,0,heldout
pad,2,98,0.875,0.5,2,0,0,0,heldout
pad,2,100,0.875,0.5,2,0,0,0,heldout
pad,2,101,0.875,0.5,4,0,0,0,heldout
pad,2,103,0.875,0.5,8,0,0,0,heldout
pad,2,107,0.875,0.5,8,0,0,0,heldout
pad,2,119,0.875,0.5,6,0,0,0,heldout
pad,2,122,0.875,0.5,7,0,2,0,heldout
pad,2,129,0.875,0.5,5,0,3,0,heldout
pad,2,133,0.875,0.5,6,0,0,0,heldout
pad,2,141,0.875,0.5,7,0,0,0,heldout
pad,2,-1,0.9,0.3,107,0,0,0,val
pad,2,-1,0.9,0.5,107,0,0,0,val
pad,2,14,0.9,0.3,4,0,0,0,heldout
pad,2,15,0.9,0.3,2,0,0,0,heldout
pad,2,25,0.9,0.3,3,0,0,0,heldout
pad,2,29,0.9,0.3,5,0,0,0,heldout
pad,2,35,0.9,0.3,1,0,0,0,heldout
pad,2,36,0.9,0.3,7,0,0,0,heldout
pad,2,39,0.9,0.3,2,0,0,0,heldout
pad,2,50,0.9,0.3,8,0,0,0,heldout
pad,2,60,0.9,0.3,8,0,0,0,heldout
pad,2,61,0.9,0.3,7,0,0,0,heldout
pad,2,65,0.9,0.3,7,0,0,0,heldout
pad,2,67,0.9,0.3,7,0,0,0,heldout
pad,2,70,0.9,0.3,3,0,0,0,heldout
pad,2,71,0.9,0.3,7,0,0,0,heldout
pad,2,81,0.9,0.3,1,0,0,0,heldout
pad,2,82,0.9,0.3,2,0,0,0,heldout
pad,2,98,0.9,0.3,2,0,0,0,heldout
pad,2,100,0.9,0.3,2,0,0,0,heldout
pad,2,101,0.9,0.3,4,0,0,0,heldout
pad,2,103,0.9,0.3,8,0,0,0,heldout
pad,2,107,0.9,0.3,8,0,0,0,heldout
pad,2,119,0.9,0.3,6,0,0,0,heldout
pad,2,122,0.9,0.3,7,0,1,0,heldout
pad,2,129,0.9,0.3,5,0,0,0,heldout
pad,2,133,0.9,0.3,6,0,0,0,heldout
pad,2,141,0.9,0.3,7,0,0,0,heldout
pad,2,14,0.9,0.5,4,0,0,0,heldout
pad,2,15,0.9,0.5,2,0,0,0,heldout
pad,2,25,0.9,0.5,3,0,0,0,heldout
pad,2,29,0.9,0.5,5,0,0,0,heldout
pad,2,35,0.9,0.5,1,0,0,0,heldout
pad,2,36,0.9,0.5,7,0,0,0,heldout
pad,2,39,0.9,0.5,2,0,0,0,heldout
pad,2,50,0.9,0.5,8,0,0,0,heldout
pad,2,60,0.9,0.5,8,0,0,0,heldout
pad,2,61,0.9,0.5,7,0,0,0,heldout
pad,2,65,0.9,0.5,7,0,0,0,heldout
pad,2,67,0.9,0.5,7,0,0,0,heldout
pad,2,70,0.9,0.5,3,0,0,0,heldout
pad,2,71,0.9,0.5,7,0,0,0,heldout
pad,2,81,0.9,0.5,1,0,0,0,heldout
pad,2,82,0.9,0.5,2,0,0,0,heldout
pad,2,98,0.9,0.5,2,0,0,0,heldout
pad,2,100,0.9,0.5,2,0,0,0,heldout
pad,2,101,0.9,0.5,4,0,0,0,heldout
pad,2,103,0.9,0.5,8,0,0,0,heldout
pad,2,107,0.9,0.5,8,0,0,0,heldout
pad,2,119,0.9,0.5,6,0,0,0,heldout
pad,2,122,0.9,0.5,7,0,1,0,heldout
pad,2,129,0.9,0.5,5,0,0,0,heldout
pad,2,133,0.9,0.5,6,0,0,0,heldout
pad,2,141,0.9,0.5,7,0,0,0,heldout
pad,2,-1,0.925,0.3,107,0,0,0,val
pad,2,-1,0.925,0.5,107,0,0,0,val
pad,2,14,0.925,0.3,4,0,0,0,heldout
pad,2,15,0.925,0.3,2,0,0,0,heldout
pad,2,25,0.925,0.3,3,0,0,0,heldout
pad,2,29,0.925,0.3,5,0,0,0,heldout
pad,2,35,0.925,0.3,1,0,0,0,heldout
pad,2,36,0.925,0.3,7,0,0,0,heldout
pad,2,39,0.925,0.3,2,0,0,0,heldout
pad,2,50,0.925,0.3,8,0,0,0,heldout
pad,2,60,0.925,0.3,8,0,0,0,heldout
pad,2,61,0.925,0.3,7,0,0,0,heldout
pad,2,65,0.925,0.3,7,0,0,0,heldout
pad,2,67,0.925,0.3,7,0,0,0,heldout
pad,2,70,0.925,0.3,3,0,0,0,heldout
pad,2,71,0.925,0.3,7,0,0,0,heldout
pad,2,81,0.925,0.3,1,0,0,0,heldout
pad,2,82,0.925,0.3,2,0,0,0,heldout
pad,2,98,0.925,0.3,2,0,0,0,heldout
pad,2,100,0.925,0.3,2,0,0,0,heldout
pad,2,101,0.925,0.3,4,0,0,0,heldout
pad,2,103,0.925,0.3,8,0,0,0,heldout
pad,2,107,0.925,0.3,8,0,0,0,heldout
pad,2,119,0.925,0.3,6,0,0,0,heldout
pad,2,122,0.925,0.3,7,0,0,0,heldout
pad,2,129,0.925,0.3,5,0,0,0,heldout
pad,2,133,0.925,0.3,6,0,0,0,heldout
pad,2,141,0.925,0.3,7,0,0,0,heldout
pad,2,14,0.925,0.5,4,0,0,0,heldout
pad,2,15,0.925,0.5,2,0,0,0,heldout
pad,2,25,0.925,0.5,3,0,0,0,heldout
pad,2,29,0.925,0.5,5,0,0,0,heldout
pad,2,35,0.925,0.5,1,0,0,0,heldout
pad,2,36,0.925,0.5,7,0,0,0,heldout
pad,2,39,0.925,0.5,2,0,0,0,heldout
pad,2,50,0.925,0.5,8,0,0,0,heldout
pad,2,60,0.925,0.5,8,0,0,0,heldout
pad,2,61,0.925,0.5,7,0,0,0,heldout
pad,2,65,0.925,0.5,7,0,0,0,heldout
pad,2,67,0.925,0.5,7,0,0,0,heldout
pad,2,70,0.925,0.5,3,0,0,0,heldout
pad,2,71,0.925,0.5,7,0,0,0,heldout
pad,2,81,0.925,0.5,1,0,0,0,heldout
pad,2,82,0.925,0.5,2,0,0,0,heldout
pad,2,98,0.925,0.5,2,0,0,0,heldout
pad,2,100,0.925,0.5,2,0,0,0,heldout
pad,2,101,0.925,0.5,4,0,0,0,heldout
pad,2,103,0.925,0.5,8,0,0,0,heldout
pad,2,107,0.925,0.5,8,0,0,0,heldout
pad,2,119,0.925,0.5,6,0,0,0,heldout
pad,2,122,0.925,0.5,7,0,0,0,heldout
pad,2,129,0.925,0.5,5,0,0,0,heldout
pad,2,133,0.925,0.5,6,0,0,0,heldout
pad,2,141,0.925,0.5,7,0,0,0,heldout
pad,2,-1,0.95,0.3,107,0,0,0,val
pad,2,-1,0.95,0.5,107,0,0,0,val
pad,2,14,0.95,0.3,4,0,0,0,heldout
pad,2,15,0.95,0.3,2,0,0,0,heldout
pad,2,25,0.95,0.3,3,0,0,0,heldout
pad,2,29,0.95,0.3,5,0,0,0,heldout
pad,2,35,0.95,0.3,1,0,0,0,heldout
pad,2,36,0.95,0.3,7,0,0,0,heldout
pad,2,39,0.95,0.3,2,0,0,0,heldout
pad,2,50,0.95,0.3,8,0,0,0,heldout
pad,2,60,0.95,0.3,8,0,0,0,heldout
pad,2,61,0.95,0.3,7,0,0,0,heldout
pad,2,65,0.95,0.3,7,0,0,0,heldout
pad,2,67,0.95,0.3,7,0,0,0,heldout
pad,2,70,0.95,0.3,3,0,0,0,heldout
pad,2,71,0.95,0.3,7,0,0,0,heldout
pad,2,81,0.95,0.3,1,0,0,0,heldout
pad,2,82,0.95,0.3,2,0,0,0,heldout
pad,2,98,0.95,0.3,2,0,0,0,heldout
pad,2,100,0.95,0.3,2,0,0,0,heldout
pad,2,101,0.95,0.3,4,0,0,0,heldout
pad,2,103,0.95,0.3,8,0,0,0,heldout
pad,2,107,0.95,0.3,8,0,0,0,heldout
pad,2,119,0.95,0.3,6,0,0,0,heldout
pad,2,122,0.95,0.3,7,0,0,0,heldout
pad,2,129,0.95,0.3,5,0,0,0,heldout
pad,2,133,0.95,0.3,6,0,0,0,heldout
pad,2,141,0.95,0.3,7,0,0,0,heldout
pad,2,14,0.95,0.5,4,0,0,0,heldout
pad,2,15,0.95,0.5,2,0,0,0,heldout
pad,2,25,0.95,0.5,3,0,0,0,heldout
pad,2,29,0.95,0.5,5,0,0,0,heldout
pad,2,35,0.95,0.5,1,0,0,0,heldout
pad,2,36,0.95,0.5,7,0,0,0,heldout
pad,2,39,0.95,0.5,2,0,0,0,heldout
pad,2,50,0.95,0.5,8,0,0,0,heldout
pad,2,60,0.95,0.5,8,0,0,0,heldout
pad,2,61,0.95,0.5,7,0,0,0,heldout
pad,2,65,0.95,0.5,7,0,0,0,heldout
pad,2,67,0.95,0.5,7,0,0,0,heldout
pad,2,70,0.95,0.5,3,0,0,0,heldout
pad,2,71,0.95,0.5,7,0,0,0,heldout
pad,2,81,0.95,0.5,1,0,0,0,heldout
pad,2,82,0.95,0.5,2,0,0,0,heldout
pad,2,98,0.95,0.5,2,0,0,0,heldout
pad,2,100,0.95,0.5,2,0,0,0,heldout
pad,2,101,0.95,0.5,4,0,0,0,heldout
pad,2,103,0.95,0.5,8,0,0,0,heldout
pad,2,107,0.95,0.5,8,0,0,0,heldout
pad,2,119,0.95,0.5,6,0,0,0,heldout
pad,2,122,0.95,0.5,7,0,0,0,heldout
pad,2,129,0.95,0.5,5,0,0,0,heldout
pad,2,133,0.95,0.5,6,0,0,0,heldout
pad,2,141,0.95,0.5,7,0,0,0,heldout
pad,3,-1,0.05,0.3,109,0,16,0,val
pad,3,-1,0.05,0.5,109,0,16,0,val
pad,3,2,0.05,0.3,5,0,2,0,heldout
pad,3,3,0.05,0.3,4,0,1,0,heldout
pad,3,5,0.05,0.3,5,0,1,0,heldout
pad,3,26,0.05,0.3,1,0,0,0,heldout
pad,3,30,0.05,0.3,3,0,2,0,heldout
pad,3,40,0.05,0.3,2,0,1,0,heldout
pad,3,42,0.05,0.3,1,0,2,0,heldout
pad,3,46,0.05,0.3,4,0,5,0,heldout
pad,3,51,0.05,0.3,4,0,0,0,heldout
pad,3,55,0.05,0.3,5,0,1,0,heldout
pad,3,56,0.05,0.3,3,0,2,0,heldout
pad,3,62,0.05,0.3,10,0,2,0,heldout
pad,3,69,0.05,0.3,1,0,2,0,heldout
pad,3,74,0.05,0.3,8,0,1,0,heldout
pad,3,78,0.05,0.3,7,0,0,0,heldout
pad,3,80,0.05,0.3,1,0,1,0,heldout
pad,3,88,0.05,0.3,6,0,2,0,heldout
pad,3,91,0.05,0.3,6,0,0,0,heldout
pad,3,92,0.05,0.3,7,0,0,0,heldout
pad,3,93,0.05,0.3,6,0,4,0,heldout
pad,3,102,0.05,0.3,7,0,0,0,heldout
pad,3,109,0.05,0.3,8,0,1,0,heldout
pad,3,112,0.05,0.3,5,0,3,0,heldout
pad,3,114,0.05,0.3,5,0,2,0,heldout
pad,3,120,0.05,0.3,10,0,2,0,heldout
pad,3,123,0.05,0.3,6,0,0,0,heldout
pad,3,142,0.05,0.3,2,0,6,0,heldout
pad,3,2,0.05,0.5,5,0,2,0,heldout
pad,3,3,0.05,0.5,4,0,1,0,heldout
pad,3,5,0.05,0.5,5,0,1,0,heldout
pad,3,26,0.05,0.5,1,0,0,0,heldout
pad,3,30,0.05,0.5,3,0,2,0,heldout
pad,3,40,0.05,0.5,2,0,1,0,heldout
pad,3,42,0.05,0.5,1,0,2,0,heldout
pad,3,46,0.05,0.5,4,0,5,0,heldout
pad,3,51,0.05,0.5,4,0,0,0,heldout
pad,3,55,0.05,0.5,5,0,1,0,heldout
pad,3,56,0.05,0.5,3,0,2,0,heldout
pad,3,62,0.05,0.5,10,0,2,0,heldout
pad,3,69,0.05,0.5,1,0,2,0,heldout
pad,3,74,0.05,0.5,8,0,1,0,heldout
pad,3,78,0.05,0.5,7,0,0,0,heldout
pad,3,80,0.05,0.5,1,0,1,0,heldout
pad,3,88,0.05,0.5,6,0,2,0,heldout
pad,3,91,0.05,0.5,6,0,0,0,heldout
pad,3,92,0.05,0.5,7,0,0,0,heldout
pad,3,93,0.05,0.5,6,0,4,0,heldout
pad,3,102,0.05,0.5,7,0,0,0,heldout
pad,3,109,0.05,0.5,8,0,1,0,heldout
pad,3,112,0.05,0.5,5,0,3,0,heldout
pad,3,114,0.05,0.5,5,0,2,0,heldout
pad,3,120,0.05,0.5,10,0,2,0,heldout
pad,3,123,0.05,0.5,6,0,0,0,heldout
pad,3,142,0.05,0.5,2,0,6,0,heldout
pad,3,-1,0.075,0.3,109,2,31,2,val
pad,3,-1,0.075,0.5,109,0,31,0,val
pad,3,2,0.075,0.3,5,0,2,0,heldout
pad,3,3,0.075,0.3,4,0,7,0,heldout
pad,3,5,0.075,0.3,5,0,2,0,heldout
pad,3,26,0.075,0.3,1,0,0,0,heldout
pad,3,30,0.075,0.3,3,0,2,0,heldout
pad,3,40,0.075,0.3,2,0,0,0,heldout
pad,3,42,0.075,0.3,1,0,2,0,heldout
pad,3,46,0.075,0.3,4,0,1,0,heldout
pad,3,51,0.075,0.3,4,0,3,0,heldout
pad,3,55,0.075,0.3,5,0,1,0,heldout
pad,3,56,0.075,0.3,3,0,2,0,heldout
pad,3,62,0.075,0.3,10,0,1,0,heldout
pad,3,69,0.075,0.3,1,0,4,0,heldout
pad,3,74,0.075,0.3,8,0,2,0,heldout
pad,3,78,0.075,0.3,7,0,2,0,heldout
pad,3,80,0.075,0.3,1,0,4,0,heldout
pad,3,88,0.075,0.3,6,0,6,0,heldout
pad,3,91,0.075,0.3,6,0,0,0,heldout
pad,3,92,0.075,0.3,7,0,2,0,heldout
pad,3,93,0.075,0.3,6,0,4,0,heldout
pad,3,102,0.075,0.3,7,0,1,0,heldout
pad,3,109,0.075,0.3,8,1,2,1,heldout
pad,3,112,0.075,0.3,5,0,0,0,heldout
pad,3,114,0.075,0.3,5,0,0,0,heldout
pad,3,120,0.075,0.3,10,0,3,0,heldout
pad,3,123,0.075,0.3,6,0,0,0,heldout
pad,3,142,0.075,0.3,2,0,3,0,heldout
pad,3,2,0.075,0.5,5,0,2,0,heldout
pad,3,3,0.075,0.5,4,0,7,0,heldout
pad,3,5,0.075,0.5,5,0,2,0,heldout
pad,3,26,0.075,0.5,1,0,0,0,heldout
pad,3,30,0.075,0.5,3,0,2,0,heldout
pad,3,40,0.075,0.5,2,0,0,0,heldout
pad,3,42,0.075,0.5,1,0,2,0,heldout
pad,3,46,0.075,0.5,4,0,1,0,heldout
pad,3,51,0.075,0.5,4,0,3,0,heldout
pad,3,55,0.075,0.5,5,0,1,0,heldout
pad,3,56,0.075,0.5,3,0,2,0,heldout
pad,3,62,0.075,0.5,10,0,1,0,heldout
pad,3,69,0.075,0.5,1,0,4,0,heldout
pad,3,74,0.075,0.5,8,0,2,0,heldout
pad,3,78,0.075,0.5,7,0,2,0,heldout
pad,3,80,0.075,0.5,1,0,4,0,heldout
pad,3,88,0.075,0.5,6,0,6,0,heldout
pad,3,91,0.075,0.5,6,0,0,0,heldout
pad,3,92,0.075,0.5,7,0,2,0,heldout
pad,3,93,0.075,0.5,6,0,4,0,heldout
pad,3,102,0.075,0.5,7,0,1,0,heldout
pad,3,109,0.075,0.5,8,0,2,0,heldout
pad,3,112,0.075,0.5,5,0,0,0,heldout
pad,3,114,0.075,0.5,5,0,0,0,heldout
pad,3,120,0.075,0.5,10,0,3,0,heldout
pad,3,123,0.075,0.5,6,0,0,0,heldout
pad,3,142,0.075,0.5,2,0,3,0,heldout
pad,3,-1,0.1,0.3,109,5,131,5,val
pad,3,-1,0.1,0.5,109,0,131,0,val
pad,3,2,0.1,0.3,5,0,6,0,heldout
pad,3,3,0.1,0.3,4,2,14,2,heldout
pad,3,5,0.1,0.3,5,0,5,0,heldout
pad,3,26,0.1,0.3,1,0,2,0,heldout
pad,3,30,0.1,0.3,3,0,2,0,heldout
pad,3,40,0.1,0.3,2,0,1,0,heldout
pad,3,42,0.1,0.3,1,0,8,0,heldout
pad,3,46,0.1,0.3,4,0,7,0,heldout
pad,3,51,0.1,0.3,4,0,3,0,heldout
pad,3,55,0.1,0.3,5,0,1,0,heldout
pad,3,56,0.1,0.3,3,0,4,0,heldout
pad,3,62,0.1,0.3,10,0,0,0,heldout
pad,3,69,0.1,0.3,1,0,9,0,heldout
pad,3,74,0.1,0.3,8,0,6,0,heldout
pad,3,78,0.1,0.3,7,1,4,1,heldout
pad,3,80,0.1,0.3,1,0,6,0,heldout
pad,3,88,0.1,0.3,6,0,5,0,heldout
pad,3,91,0.1,0.3,6,0,4,0,heldout
pad,3,92,0.1,0.3,7,0,4,0,heldout
pad,3,93,0.1,0.3,6,1,8,1,heldout
pad,3,102,0.1,0.3,7,0,3,0,heldout
pad,3,109,0.1,0.3,8,1,5,1,heldout
pad,3,112,0.1,0.3,5,0,4,0,heldout
pad,3,114,0.1,0.3,5,1,7,1,heldout
pad,3,120,0.1,0.3,10,0,4,0,heldout
pad,3,123,0.1,0.3,6,0,2,0,heldout
pad,3,142,0.1,0.3,2,0,10,0,heldout
pad,3,2,0.1,0.5,5,0,6,0,heldout
pad,3,3,0.1,0.5,4,0,14,0,heldout
pad,3,5,0.1,0.5,5,0,5,0,heldout
pad,3,26,0.1,0.5,1,0,2,0,heldout
pad,3,30,0.1,0.5,3,0,2,0,heldout
pad,3,40,0.1,0.5,2,0,1,0,heldout
pad,3,42,0.1,0.5,1,0,8,0,heldout
pad,3,46,0.1,0.5,4,0,7,0,heldout
pad,3,51,0.1,0.5,4,0,3,0,heldout
pad,3,55,0.1,0.5,5,0,1,0,heldout
pad,3,56,0.1,0.5,3,0,4,0,heldout
pad,3,62,0.1,0.5,10,0,0,0,heldout
pad,3,69,0.1,0.5,1,0,9,0,heldout
pad,3,74,0.1,0.5,8,0,6,0,heldout
pad,3,78,0.1,0.5,7,0,4,0,heldout
pad,3,80,0.1,0.5,1,0,6,0,heldout
pad,3,88,0.1,0.5,6,0,5,0,heldout
pad,3,91,0.1,0.5,6,0,4,0,heldout
pad,3,92,0.1,0.5,7,0,4,0,heldout
pad,3,93,0.1,0.5,6,0,8,0,heldout
pad,3,102,0.1,0.5,7,0,3,0,heldout
pad,3,109,0.1,0.5,8,0,5,0,heldout
pad,3,112,0.1,0.5,5,0,4,0,heldout
pad,3,114,0.1,0.5,5,0,7,0,heldout
pad,3,120,0.1,0.5,10,0,4,0,heldout
pad,3,123,0.1,0.5,6,0,2,0,heldout
pad,3,142,0.1,0.5,2,0,10,0,heldout
pad,3,-1,0.125,0.3,109,16,165,16,val
pad,3,-1,0.125,0.5,109,1,165,1,val
pad,3,2,0.125,0.3,5,0,9,0,heldout
pad,3,3,0.125,0.3,4,2,17,2,heldout
pad,3,5,0.125,0.3,5,0,4,0,heldout
pad,3,26,0.125,0.3,1,0,1,0,heldout
pad,3,30,0.125,0.3,3,1,9,1,heldout
pad,3,40,0.125,0.3,2,1,5,1,heldout
pad,3,42,0.125,0.3,1,0,14,0,heldout
pad,3,46,0.125,0.3,4,0,5,0,heldout
pad,3,51,0.125,0.3,4,1,6,1,heldout
pad,3,55,0.125,0.3,5,0,6,0,heldout
pad,3,56,0.125,0.3,3,1,13,1,heldout
pad,3,62,0.125,0.3,10,0,1,0,heldout
pad,3,69,0.125,0.3,1,0,13,0,heldout
pad,3,74,0.125,0.3,8,1,4,1,heldout
pad,3,78,0.125,0.3,7,1,5,1,heldout
pad,3,80,0.125,0.3,1,0,3,0,heldout
pad,3,88,0.125,0.3,6,2,10,2,heldout
pad,3,91,0.125,0.3,6,1,15,1,heldout
pad,3,92,0.125,0.3,7,0,5,0,heldout
pad,3,93,0.125,0.3,6,1,8,1,heldout
pad,3,102,0.125,0.3,7,0,4,0,heldout
pad,3,109,0.125,0.3,8,1,5,1,heldout
pad,3,112,0.125,0.3,5,0,4,0,heldout
pad,3,114,0.125,0.3,5,3,8,3,heldout
pad,3,120,0.125,0.3,10,0,5,0,heldout
pad,3,123,0.125,0.3,6,1,4,1,heldout
pad,3,142,0.125,0.3,2,1,14,1,heldout
pad,3,2,0.125,0.5,5,0,9,0,heldout
pad,3,3,0.125,0.5,4,1,17,1,heldout
pad,3,5,0.125,0.5,5,0,4,0,heldout
pad,3,26,0.125,0.5,1,0,1,0,heldout
pad,3,30,0.125,0.5,3,0,9,0,heldout
pad,3,40,0.125,0.5,2,0,5,0,heldout
pad,3,42,0.125,0.5,1,0,14,0,heldout
pad,3,46,0.125,0.5,4,0,5,0,heldout
pad,3,51,0.125,0.5,4,1,6,1,heldout
pad,3,55,0.125,0.5,5,0,6,0,heldout
pad,3,56,0.125,0.5,3,0,13,0,heldout
pad,3,62,0.125,0.5,10,0,1,0,heldout
pad,3,69,0.125,0.5,1,0,13,0,heldout
pad,3,74,0.125,0.5,8,0,4,0,heldout
pad,3,78,0.125,0.5,7,0,5,0,heldout
pad,3,80,0.125,0.5,1,0,3,0,heldout
pad,3,88,0.125,0.5,6,1,10,1,heldout
pad,3,91,0.125,0.5,6,0,15,0,heldout
pad,3,92,0.125,0.5,7,0,5,0,heldout
pad,3,93,0.125,0.5,6,0,8,0,heldout
pad,3,102,0.125,0.5,7,0,4,0,heldout
pad,3,109,0.125,0.5,8,0,5,0,heldout
pad,3,112,0.125,0.5,5,0,4,0,heldout
pad,3,114,0.125,0.5,5,0,8,0,heldout
pad,3,120,0.125,0.5,10,0,5,0,heldout
pad,3,123,0.125,0.5,6,1,4,1,heldout
pad,3,142,0.125,0.5,2,0,14,0,heldout
pad,3,-1,0.15,0.3,109,23,168,23,val
pad,3,-1,0.15,0.5,109,4,168,4,val
pad,3,2,0.15,0.3,5,0,12,0,heldout
pad,3,3,0.15,0.3,4,2,13,2,heldout
pad,3,5,0.15,0.3,5,0,10,0,heldout
pad,3,26,0.15,0.3,1,0,2,0,heldout
pad,3,30,0.15,0.3,3,1,4,1,heldout
pad,3,40,0.15,0.3,2,1,6,1,heldout
pad,3,42,0.15,0.3,1,0,13,0,heldout
pad,3,46,0.15,0.3,4,0,5,0,heldout
pad,3,51,0.15,0.3,4,1,7,1,heldout
pad,3,55,0.15,0.3,5,0,5,0,heldout
pad,3,56,0.15,0.3,3,1,13,1,heldout
pad,3,62,0.15,0.3,10,0,3,0,heldout
pad,3,69,0.15,0.3,1,0,10,0,heldout
pad,3,74,0.15,0.3,8,1,6,1,heldout
pad,3,78,0.15,0.3,7,2,4,2,heldout
pad,3,80,0.15,0.3,1,0,5,0,heldout
pad,3,88,0.15,0.3,6,2,7,2,heldout
pad,3,91,0.15,0.3,6,2,14,2,heldout
pad,3,92,0.15,0.3,7,1,3,1,heldout
pad,3,93,0.15,0.3,6,1,8,1,heldout
pad,3,102,0.15,0.3,7,2,10,2,heldout
pad,3,109,0.15,0.3,8,2,10,2,heldout
pad,3,112,0.15,0.3,5,1,5,1,heldout
pad,3,114,0.15,0.3,5,3,10,3,heldout
pad,3,120,0.15,0.3,10,0,5,0,heldout
pad,3,123,0.15,0.3,6,3,9,3,heldout
pad,3,142,0.15,0.3,2,1,13,1,heldout
pad,3,2,0.15,0.5,5,0,12,0,heldout
pad,3,3,0.15,0.5,4,1,13,1,heldout
pad,3,5,0.15,0.5,5,0,10,0,heldout
pad,3,26,0.15,0.5,1,0,2,0,heldout
pad,3,30,0.15,0.5,3,0,4,0,heldout
pad,3,40,0.15,0.5,2,0,6,0,heldout
pad,3,42,0.15,0.5,1,0,13,0,heldout
pad,3,46,0.15,0.5,4,0,5,0,heldout
pad,3,51,0.15,0.5,4,1,7,1,heldout
pad,3,55,0.15,0.5,5,0,5,0,heldout
pad,3,56,0.15,0.5,3,0,13,0,heldout
pad,3,62,0.15,0.5,10,0,3,0,heldout
pad,3,69,0.15,0.5,1,0,10,0,heldout
pad,3,74,0.15,0.5,8,0,6,0,heldout
pad,3,78,0.15,0.5,7,0,4,0,heldout
pad,3,80,0.15,0.5,1,0,5,0,heldout
pad,3,88,0.15,0.5,6,1,7,1,heldout
pad,3,91,0.15,0.5,6,0,14,0,heldout
pad,3,92,0.15,0.5,7,0,3,0,heldout
pad,3,93,0.15,0.5,6,0,8,0,heldout
pad,3,102,0.15,0.5,7,1,10,1,heldout
pad,3,109,0.15,0.5,8,0,10,0,heldout
pad,3,112,0.15,0.5,5,1,5,1,heldout
pad,3,114,0.15,0.5,5,0,10,0,heldout
pad,3,120,0.15,0.5,10,0,5,0,heldout
pad,3,123,0.15,0.5,6,1,9,1,heldout
pad,3,142,0.15,0.5,2,0,13,0,heldout
pad,3,-1,0.175,0.3,109,30,183,30,val
pad,3,-1,0.175,0.5,109,6,183,6,val
pad,3,2,0.175,0.3,5,0,8,0,heldout
pad,3,3,0.175,0.3,4,2,13,2,heldout
pad,3,5,0.175,0.3,5,0,6,0,heldout
pad,3,26,0.175,0.3,1,0,8,0,heldout
pad,3,30,0.175,0.3,3,1,2,1,heldout
pad,3,40,0.175,0.3,2,1,6,1,heldout
pad,3,42,0.175,0.3,1,0,9,0,heldout
pad,3,46,0.175,0.3,4,0,5,0,heldout
pad,3,51,0.175,0.3,4,1,7,1,heldout
pad,3,55,0.175,0.3,5,0,6,0,heldout
pad,3,56,0.175,0.3,3,1,13,1,heldout
pad,3,62,0.175,0.3,10,0,3,0,heldout
pad,3,69,0.175,0.3,1,0,7,0,heldout
pad,3,74,0.175,0.3,8,2,8,2,heldout
pad,3,78,0.175,0.3,7,2,5,2,heldout
pad,3,80,0.175,0.3,1,0,7,0,heldout
pad,3,88,0.175,0.3,6,2,8,2,heldout
pad,3,91,0.175,0.3,6,3,13,3,heldout
pad,3,92,0.175,0.3,7,1,5,1,heldout
pad,3,93,0.175,0.3,6,1,7,1,heldout
pad,3,102,0.175,0.3,7,3,10,3,heldout
pad,3,109,0.175,0.3,8,3,9,3,heldout
pad,3,112,0.175,0.3,5,1,6,1,heldout
pad,3,114,0.175,0.3,5,3,9,3,heldout
pad,3,120,0.175,0.3,10,1,7,1,heldout
pad,3,123,0.175,0.3,6,4,9,4,heldout
pad,3,142,0.175,0.3,2,1,10,1,heldout
pad,3,2,0.175,0.5,5,0,8,0,heldout
pad,3,3,0.175,0.5,4,1,13,1,heldout
pad,3,5,0.175,0.5,5,0,6,0,heldout
pad,3,26,0.175,0.5,1,0,8,0,heldout
pad,3,30,0.175,0.5,3,0,2,0,heldout
pad,3,40,0.175,0.5,2,1,6,1,heldout
pad,3,42,0.175,0.5,1,0,9,0,heldout
pad,3,46,0.175,0.5,4,0,5,0,heldout
pad,3,51,0.175,0.5,4,1,7,1,heldout
pad,3,55,0.175,0.5,5,0,6,0,heldout
pad,3,56,0.175,0.5,3,0,13,0,heldout
pad,3,62,0.175,0.5,10,0,3,0,heldout
pad,3,69,0.175,0.5,1,0,7,0,heldout
pad,3,74,0.175,0.5,8,0,8,0,heldout
pad,3,78,0.175,0.5,7,0,5,0,heldout
pad,3,80,0.175,0.5,1,0,7,0,heldout
pad,3,88,0.175,0.5,6,1,8,1,heldout
pad,3,91,0.175,0.5,6,0,13,0,heldout
pad,3,92,0.175,0.5,7,0,5,0,heldout
pad,3,93,0.175,0.5,6,0,7,0,heldout
pad,3,102,0.175,0.5,7,2,10,2,heldout
pad,3,109,0.175,0.5,8,1,9,1,heldout
pad,3,112,0.175,0.5,5,1,6,1,heldout
pad,3,114,0.175,0.5,5,1,9,1,heldout
pad,3,120,0.175,0.5,10,0,7,0,heldout
pad,3,123,0.175,0.5,6,1,9,1,heldout
pad,3,142,0.175,0.5,2,0,10,0,heldout
pad,3,-1,0.2,0.3,109,40,195,40,val
pad,3,-1,0.2,0.5,109,6,195,6,val
pad,3,2,0.2,0.3,5,1,10,1,heldout
pad,3,3,0.2,0.3,4,2,13,2,heldout
pad,3,5,0.2,0.3,5,0,5,0,heldout
pad,3,26,0.2,0.3,1,0,8,0,heldout
pad,3,30,0.2,0.3,3,2,2,2,heldout
pad,3,40,0.2,0.3,2,1,5,1,heldout
pad,3,42,0.2,0.3,1,0,7,0,heldout
pad,3,46,0.2,0.3,4,0,4,0,heldout
pad,3,51,0.2,0.3,4,2,9,2,heldout
pad,3,55,0.2,0.3,5,0,10,0,heldout
pad,3,56,0.2,0.3,3,2,11,2,heldout
pad,3,62,0.2,0.3,10,0,3,0,heldout
pad,3,69,0.2,0.3,1,0,9,0,heldout
pad,3,74,0.2,0.3,8,2,8,2,heldout
pad,3,78,0.2,0.3,7,3,7,3,heldout
pad,3,80,0.2,0.3,1,0,9,0,heldout
pad,3,88,0.2,0.3,6,2,13,2,heldout
pad,3,91,0.2,0.3,6,3,13,3,heldout
pad,3,92,0.2,0.3,7,2,7,2,heldout
pad,3,93,0.2,0.3,6,1,6,1,heldout
pad,3,102,0.2,0.3,7,3,8,3,heldout
pad,3,109,0.2,0.3,8,4,9,4,heldout
pad,3,112,0.2,0.3,5,1,7,1,heldout
pad,3,114,0.2,0.3,5,3,12,3,heldout
pad,3,120,0.2,0.3,10,1,9,1,heldout
pad,3,123,0.2,0.3,6,4,10,4,heldout
pad,3,142,0.2,0.3,2,2,7,2,heldout
pad,3,2,0.2,0.5,5,0,10,0,heldout
pad,3,3,0.2,0.5,4,1,13,1,heldout
pad,3,5,0.2,0.5,5,0,5,0,heldout
pad,3,26,0.2,0.5,1,0,8,0,heldout
pad,3,30,0.2,0.5,3,1,2,1,heldout
pad,3,40,0.2,0.5,2,1,5,1,heldout
pad,3,42,0.2,0.5,1,0,7,0,heldout
pad,3,46,0.2,0.5,4,0,4,0,heldout
pad,3,51,0.2,0.5,4,1,9,1,heldout
pad,3,55,0.2,0.5,5,0,10,0,heldout
pad,3,56,0.2,0.5,3,1,11,1,heldout
pad,3,62,0.2,0.5,10,0,3,0,heldout
pad,3,69,0.2,0.5,1,0,9,0,heldout
pad,3,74,0.2,0.5,8,0,8,0,heldout
pad,3,78,0.2,0.5,7,0,7,0,heldout
pad,3,80,0.2,0.5,1,0,9,0,heldout
pad,3,88,0.2,0.5,6,1,13,1,heldout
pad,3,91,0.2,0.5,6,0,13,0,heldout
pad,3,92,0.2,0.5,7,0,7,0,heldout
pad,3,93,0.2,0.5,6,0,6,0,heldout
pad,3,102,0.2,0.5,7,2,8,2,heldout
pad,3,109,0.2,0.5,8,2,9,2,heldout
pad,3,112,0.2,0.5,5,1,7,1,heldout
pad,3,114,0.2,0.5,5,1,12,1,heldout
pad,3,120,0.2,0.5,10,0,9,0,heldout
pad,3,123,0.2,0.5,6,1,10,1,heldout
pad,3,142,0.2,0.5,2,0,7,0,heldout
pad,3,-1,0.225,0.3,109,50,193,50,val
pad,3,-1,0.225,0.5,109,14,193,14,val
pad,3,2,0.225,0.3,5,2,8,2,heldout
pad,3,3,0.225,0.3,4,3,12,3,heldout
pad,3,5,0.225,0.3,5,1,10,1,heldout
pad,3,26,0.225,0.3,1,0,10,0,heldout
pad,3,30,0.225,0.3,3,2,4,2,heldout
pad,3,40,0.225,0.3,2,1,5,1,heldout
pad,3,42,0.225,0.3,1,0,5,0,heldout
pad,3,46,0.225,0.3,4,0,3,0,heldout
pad,3,51,0.225,0.3,4,2,8,2,heldout
pad,3,55,0.225,0.3,5,0,14,0,heldout
pad,3,56,0.225,0.3,3,2,7,2,heldout
pad,3,62,0.225,0.3,10,0,4,0,heldout
pad,3,69,0.225,0.3,1,0,8,0,heldout
pad,3,74,0.225,0.3,8,2,8,2,heldout
pad,3,78,0.225,0.3,7,3,6,3,heldout
pad,3,80,0.225,0.3,1,0,8,0,heldout
pad,3,88,0.225,0.3,6,2,11,2,heldout
pad,3,91,0.225,0.3,6,3,14,3,heldout
pad,3,92,0.225,0.3,7,4,8,4,heldout
pad,3,93,0.225,0.3,6,1,7,1,heldout
pad,3,102,0.225,0.3,7,3,8,3,heldout
pad,3,109,0.225,0.3,8,4,12,4,heldout
pad,3,112,0.225,0.3,5,1,6,1,heldout
pad,3,114,0.225,0.3,5,3,10,3,heldout
pad,3,120,0.225,0.3,10,1,7,1,heldout
pad,3,123,0.225,0.3,6,4,9,4,heldout
pad,3,142,0.225,0.3,2,2,7,2,heldout
pad,3,2,0.225,0.5,5,0,8,0,heldout
pad,3,3,0.225,0.5,4,2,12,2,heldout
pad,3,5,0.225,0.5,5,1,10,1,heldout
pad,3,26,0.225,0.5,1,0,10,0,heldout
pad,3,30,0.225,0.5,3,1,4,1,heldout
pad,3,40,0.225,0.5,2,1,5,1,heldout
pad,3,42,0.225,0.5,1,0,5,0,heldout
pad,3,46,0.225,0.5,4,0,3,0,heldout
pad,3,51,0.225,0.5,4,1,8,1,heldout
pad,3,55,0.225,0.5,5,0,14,0,heldout
pad,3,56,0.225,0.5,3,1,7,1,heldout
pad,3,62,0.225,0.5,10,0,4,0,heldout
pad,3,69,0.225,0.5,1,0,8,0,heldout
pad,3,74,0.225,0.5,8,0,8,0,heldout
pad,3,78,0.225,0.5,7,0,6,0,heldout
pad,3,80,0.225,0.5,1,0,8,0,heldout
pad,3,88,0.225,0.5,6,1,11,1,heldout
pad,3,91,0.225,0.5,6,0,14,0,heldout
pad,3,92,0.225,0.5,7,0,8,0,heldout
pad,3,93,0.225,0.5,6,0,7,0,heldout
pad,3,102,0.225,0.5,7,2,8,2,heldout
pad,3,109,0.225,0.5,8,2,12,2,heldout
pad,3,112,0.225,0.5,5,1,6,1,heldout
pad,3,114,0.225,0.5,5,1,10,1,heldout
pad,3,120,0.225,0.5,10,0,7,0,heldout
pad,3,123,0.225,0.5,6,1,9,1,heldout
pad,3,142,0.225,0.5,2,0,7,0,heldout
pad,3,-1,0.25,0.3,109,60,198,60,val
pad,3,-1,0.25,0.5,109,21,198,21,val
pad,3,2,0.25,0.3,5,2,9,2,heldout
pad,3,3,0.25,0.3,4,3,9,3,heldout
pad,3,5,0.25,0.3,5,1,11,1,heldout
pad,3,26,0.25,0.3,1,1,13,1,heldout
pad,3,30,0.25,0.3,3,2,5,2,heldout
pad,3,40,0.25,0.3,2,1,5,1,heldout
pad,3,42,0.25,0.3,1,0,4,0,heldout
pad,3,46,0.25,0.3,4,0,4,0,heldout
pad,3,51,0.25,0.3,4,3,8,3,heldout
pad,3,55,0.25,0.3,5,1,10,1,heldout
pad,3,56,0.25,0.3,3,2,7,2,heldout
pad,3,62,0.25,0.3,10,0,6,0,heldout
pad,3,69,0.25,0.3,1,1,8,1,heldout
pad,3,74,0.25,0.3,8,3,8,3,heldout
pad,3,78,0.25,0.3,7,4,7,4,heldout
pad,3,80,0.25,0.3,1,0,7,0,heldout
pad,3,88,0.25,0.3,6,2,11,2,heldout
pad,3,91,0.25,0.3,6,4,14,4,heldout
pad,3,92,0.25,0.3,7,4,9,4,heldout
pad,3,93,0.25,0.3,6,2,9,2,heldout
pad,3,102,0.25,0.3,7,3,9,3,heldout
pad,3,109,0.25,0.3,8,5,12,5,heldout
pad,3,112,0.25,0.3,5,2,6,2,heldout
pad,3,114,0.25,0.3,5,3,10,3,heldout
pad,3,120,0.25,0.3,10,2,6,2,heldout
pad,3,123,0.25,0.3,6,5,12,5,heldout
pad,3,142,0.25,0.3,2,2,4,2,heldout
pad,3,2,0.25,0.5,5,1,9,1,heldout
pad,3,3,0.25,0.5,4,2,9,2,heldout
pad,3,5,0.25,0.5,5,1,11,1,heldout
pad,3,26,0.25,0.5,1,1,13,1,heldout
pad,3,30,0.25,0.5,3,1,5,1,heldout
pad,3,40,0.25,0.5,2,1,5,1,heldout
pad,3,42,0.25,0.5,1,0,4,0,heldout
pad,3,46,0.25,0.5,4,0,4,0,heldout
pad,3,51,0.25,0.5,4,1,8,1,heldout
pad,3,55,0.25,0.5,5,0,10,0,heldout
pad,3,56,0.25,0.5,3,2,7,2,heldout
pad,3,62,0.25,0.5,10,0,6,0,heldout
pad,3,69,0.25,0.5,1,0,8,0,heldout
pad,3,74,0.25,0.5,8,1,8,1,heldout
pad,3,78,0.25,0.5,7,0,7,0,heldout
pad,3,80,0.25,0.5,1,0,7,0,heldout
pad,3,88,0.25,0.5,6,1,11,1,heldout
pad,3,91,0.25,0.5,6,0,14,0,heldout
pad,3,92,0.25,0.5,7,0,9,0,heldout
pad,3,93,0.25,0.5,6,0,9,0,heldout
pad,3,102,0.25,0.5,7,2,9,2,heldout
pad,3,109,0.25,0.5,8,4,12,4,heldout
pad,3,112,0.25,0.5,5,2,6,2,heldout
pad,3,114,0.25,0.5,5,1,10,1,heldout
pad,3,120,0.25,0.5,10,1,6,1,heldout
pad,3,123,0.25,0.5,6,4,12,4,heldout
pad,3,142,0.25,0.5,2,0,4,0,heldout
pad,3,-1,0.275,0.3,109,63,196,63,val
pad,3,-1,0.275,0.5,109,25,196,25,val
pad,3,2,0.275,0.3,5,2,9,2,heldout
pad,3,3,0.275,0.3,4,3,9,3,heldout
pad,3,5,0.275,0.3,5,1,8,1,heldout
pad,3,26,0.275,0.3,1,1,14,1,heldout
pad,3,30,0.275,0.3,3,2,5,2,heldout
pad,3,40,0.275,0.3,2,1,4,1,heldout
pad,3,42,0.275,0.3,1,0,3,0,heldout
pad,3,46,0.275,0.3,4,0,3,0,heldout
pad,3,51,0.275,0.3,4,3,8,3,heldout
pad,3,55,0.275,0.3,5,1,10,1,heldout
pad,3,56,0.275,0.3,3,2,6,2,heldout
pad,3,62,0.275,0.3,10,1,8,1,heldout
pad,3,69,0.275,0.3,1,1,8,1,heldout
pad,3,74,0.275,0.3,8,3,9,3,heldout
pad,3,78,0.275,0.3,7,4,6,4,heldout
pad,3,80,0.275,0.3,1,0,7,0,heldout
pad,3,88,0.275,0.3,6,4,11,4,heldout
pad,3,91,0.275,0.3,6,5,12,5,heldout
pad,3,92,0.275,0.3,7,4,9,4,heldout
pad,3,93,0.275,0.3,6,2,9,2,heldout
pad,3,102,0.275,0.3,7,3,10,3,heldout
pad,3,109,0.275,0.3,8,5,11,5,heldout
pad,3,112,0.275,0.3,5,2,6,2,heldout
pad,3,114,0.275,0.3,5,3,7,3,heldout
pad,3,120,0.275,0.3,10,2,7,2,heldout
pad,3,123,0.275,0.3,6,5,9,5,heldout
pad,3,142,0.275,0.3,2,2,3,2,heldout
pad,3,2,0.275,0.5,5,1,9,1,heldout
pad,3,3,0.275,0.5,4,2,9,2,heldout
pad,3,5,0.275,0.5,5,1,8,1,heldout
pad,3,26,0.275,0.5,1,1,14,1,heldout
pad,3,30,0.275,0.5,3,1,5,1,heldout
pad,3,40,0.275,0.5,2,1,4,1,heldout
pad,3,42,0.275,0.5,1,0,3,0,heldout
pad,3,46,0.275,0.5,4,0,3,0,heldout
pad,3,51,0.275,0.5,4,1,8,1,heldout
pad,3,55,0.275,0.5,5,0,10,0,heldout
pad,3,56,0.275,0.5,3,2,6,2,heldout
pad,3,62,0.275,0.5,10,1,8,1,heldout
pad,3,69,0.275,0.5,1,0,8,0,heldout
pad,3,74,0.275,0.5,8,2,9,2,heldout
pad,3,78,0.275,0.5,7,0,6,0,heldout
pad,3,80,0.275,0.5,1,0,7,0,heldout
pad,3,88,0.275,0.5,6,1,11,1,heldout
pad,3,91,0.275,0.5,6,0,12,0,heldout
pad,3,92,0.275,0.5,7,0,9,0,heldout
pad,3,93,0.275,0.5,6,0,9,0,heldout
pad,3,102,0.275,0.5,7,2,10,2,heldout
pad,3,109,0.275,0.5,8,4,11,4,heldout
pad,3,112,0.275,0.5,5,2,6,2,heldout
pad,3,114,0.275,0.5,5,3,7,3,heldout
pad,3,120,0.275,0.5,10,2,7,2,heldout
pad,3,123,0.275,0.5,6,4,9,4,heldout
pad,3,142,0.275,0.5,2,1,3,1,heldout
pad,3,-1,0.3,0.3,109,71,184,71,val
pad,3,-1,0.3,0.5,109,30,184,30,val
pad,3,2,0.3,0.3,5,2,8,2,heldout
pad,3,3,0.3,0.3,4,3,6,3,heldout
pad,3,5,0.3,0.3,5,1,8,1,heldout
pad,3,26,0.3,0.3,1,1,14,1,heldout
pad,3,30,0.3,0.3,3,3,6,3,heldout
pad,3,40,0.3,0.3,2,1,5,1,heldout
pad,3,42,0.3,0.3,1,0,3,0,heldout
pad,3,46,0.3,0.3,4,1,4,1,heldout
pad,3,51,0.3,0.3,4,3,7,3,heldout
pad,3,55,0.3,0.3,5,2,8,2,heldout
pad,3,56,0.3,0.3,3,2,7,2,heldout
pad,3,62,0.3,0.3,10,2,10,2,heldout
pad,3,69,0.3,0.3,1,1,7,1,heldout
pad,3,74,0.3,0.3,8,4,10,4,heldout
pad,3,78,0.3,0.3,7,4,6,4,heldout
pad,3,80,0.3,0.3,1,0,6,0,heldout
pad,3,88,0.3,0.3,6,4,10,4,heldout
pad,3,91,0.3,0.3,6,6,11,6,heldout
pad,3,92,0.3,0.3,7,4,9,4,heldout
pad,3,93,0.3,0.3,6,2,7,2,heldout
pad,3,102,0.3,0.3,7,4,11,4,heldout
pad,3,109,0.3,0.3,8,5,11,5,heldout
pad,3,112,0.3,0.3,5,2,6,2,heldout
pad,3,114,0.3,0.3,5,3,7,3,heldout
pad,3,120,0.3,0.3,10,3,9,3,heldout
pad,3,123,0.3,0.3,6,5,9,5,heldout
pad,3,142,0.3,0.3,2,2,3,2,heldout
pad,3,2,0.3,0.5,5,1,8,1,heldout
pad,3,3,0.3,0.5,4,3,6,3,heldout
pad,3,5,0.3,0.5,5,1,8,1,heldout
pad,3,26,0.3,0.5,1,1,14,1,heldout
pad,3,30,0.3,0.5,3,2,6,2,heldout
pad,3,40,0.3,0.5,2,1,5,1,heldout
pad,3,42,0.3,0.5,1,0,3,0,heldout
pad,3,46,0.3,0.5,4,1,4,1,heldout
pad,3,51,0.3,0.5,4,1,7,1,heldout
pad,3,55,0.3,0.5,5,0,8,0,heldout
pad,3,56,0.3,0.5,3,2,7,2,heldout
pad,3,62,0.3,0.5,10,1,10,1,heldout
pad,3,69,0.3,0.5,1,0,7,0,heldout
pad,3,74,0.3,0.5,8,2,10,2,heldout
pad,3,78,0.3,0.5,7,0,6,0,heldout
pad,3,80,0.3,0.5,1,0,6,0,heldout
pad,3,88,0.3,0.5,6,3,10,3,heldout
pad,3,91,0.3,0.5,6,1,11,1,heldout
pad,3,92,0.3,0.5,7,0,9,0,heldout
pad,3,93,0.3,0.5,6,1,7,1,heldout
pad,3,102,0.3,0.5,7,3,11,3,heldout
pad,3,109,0.3,0.5,8,4,11,4,heldout
pad,3,112,0.3,0.5,5,2,6,2,heldout
pad,3,114,0.3,0.5,5,2,7,2,heldout
pad,3,120,0.3,0.5,10,2,9,2,heldout
pad,3,123,0.3,0.5,6,4,9,4,heldout
pad,3,142,0.3,0.5,2,1,3,1,heldout
pad,3,-1,0.325,0.3,109,78,182,78,val
pad,3,-1,0.325,0.5,109,40,182,40,val
pad,3,2,0.325,0.3,5,2,8,2,heldout
pad,3,3,0.325,0.3,4,3,5,3,heldout
pad,3,5,0.325,0.3,5,2,11,2,heldout
pad,3,26,0.325,0.3,1,1,16,1,heldout
pad,3,30,0.325,0.3,3,3,7,3,heldout
pad,3,40,0.325,0.3,2,1,6,1,heldout
pad,3,42,0.325,0.3,1,1,4,1,heldout
pad,3,46,0.325,0.3,4,2,4,2,heldout
pad,3,51,0.325,0.3,4,4,9,4,heldout
pad,3,55,0.325,0.3,5,2,6,2,heldout
pad,3,56,0.325,0.3,3,2,7,2,heldout
pad,3,62,0.325,0.3,10,3,11,3,heldout
pad,3,69,0.325,0.3,1,1,6,1,heldout
pad,3,74,0.325,0.3,8,5,11,5,heldout
pad,3,78,0.325,0.3,7,4,7,4,heldout
pad,3,80,0.325,0.3,1,0,7,0,heldout
pad,3,88,0.325,0.3,6,4,10,4,heldout
pad,3,91,0.325,0.3,6,6,10,6,heldout
pad,3,92,0.325,0.3,7,4,11,4,heldout
pad,3,93,0.325,0.3,6,5,8,5,heldout
pad,3,102,0.325,0.3,7,6,11,6,heldout
pad,3,109,0.325,0.3,8,7,12,7,heldout
pad,3,112,0.325,0.3,5,4,6,4,heldout
pad,3,114,0.325,0.3,5,4,7,4,heldout
pad,3,120,0.325,0.3,10,3,9,3,heldout
pad,3,123,0.325,0.3,6,5,9,5,heldout
pad,3,142,0.325,0.3,2,2,3,2,heldout
pad,3,2,0.325,0.5,5,1,8,1,heldout
pad,3,3,0.325,0.5,4,3,5,3,heldout
pad,3,5,0.325,0.5,5,1,11,1,heldout
pad,3,26,0.325,0.5,1,1,16,1,heldout
pad,3,30,0.325,0.5,3,2,7,2,heldout
pad,3,40,0.325,0.5,2,1,6,1,heldout
pad,3,42,0.325,0.5,1,0,4,0,heldout
pad,3,46,0.325,0.5,4,1,4,1,heldout
pad,3,51,0.325,0.5,4,3,9,3,heldout
pad,3,55,0.325,0.5,5,0,6,0,heldout
pad,3,56,0.325,0.5,3,2,7,2,heldout
pad,3,62,0.325,0.5,10,2,11,2,heldout
pad,3,69,0.325,0.5,1,0,6,0,heldout
pad,3,74,0.325,0.5,8,3,11,3,heldout
pad,3,78,0.325,0.5,7,1,7,1,heldout
pad,3,80,0.325,0.5,1,0,7,0,heldout
pad,3,88,0.325,0.5,6,3,10,3,heldout
pad,3,91,0.325,0.5,6,1,10,1,heldout
pad,3,92,0.325,0.5,7,0,11,0,heldout
pad,3,93,0.325,0.5,6,2,8,2,heldout
pad,3,102,0.325,0.5,7,4,11,4,heldout
pad,3,109,0.325,0.5,8,5,12,5,heldout
pad,3,112,0.325,0.5,5,3,6,3,heldout
pad,3,114,0.325,0.5,5,3,7,3,heldout
pad,3,120,0.325,0.5,10,2,9,2,heldout
pad,3,123,0.325,0.5,6,4,9,4,heldout
pad,3,142,0.325,0.5,2,1,3,1,heldout
pad,3,-1,0.35,0.3,109,83,179,83,val
pad,3,-1,0.35,0.5,109,47,179,47,val
pad,3,2,0.35,0.3,5,2,7,2,heldout
pad,3,3,0.35,0.3,4,3,5,3,heldout
pad,3,5,0.35,0.3,5,2,9,2,heldout
pad,3,26,0.35,0.3,1,1,16,1,heldout
pad,3,30,0.35,0.3,3,3,7,3,heldout
pad,3,40,0.35,0.3,2,1,6,1,heldout
pad,3,42,0.35,0.3,1,1,7,1,heldout
pad,3,46,0.35,0.3,4,2,5,2,heldout
pad,3,51,0.35,0.3,4,4,11,4,heldout
pad,3,55,0.35,0.3,5,2,6,2,heldout
pad,3,56,0.35,0.3,3,3,4,3,heldout
pad,3,62,0.35,0.3,10,4,10,4,heldout
pad,3,69,0.35,0.3,1,1,4,1,heldout
pad,3,74,0.35,0.3,8,6,10,6,heldout
pad,3,78,0.35,0.3,7,4,7,4,heldout
pad,3,80,0.35,0.3,1,0,8,0,heldout
pad,3,88,0.35,0.3,6,4,8,4,heldout
pad,3,91,0.35,0.3,6,6,10,6,heldout
pad,3,92,0.35,0.3,7,4,10,4,heldout
pad,3,93,0.35,0.3,6,6,7,6,heldout
pad,3,102,0.35,0.3,7,6,11,6,heldout
pad,3,109,0.35,0.3,8,8,15,8,heldout
pad,3,112,0.35,0.3,5,5,8,5,heldout
pad,3,114,0.35,0.3,5,4,6,4,heldout
pad,3,120,0.35,0.3,10,3,10,3,heldout
pad,3,123,0.35,0.3,6,5,10,5,heldout
pad,3,142,0.35,0.3,2,2,3,2,heldout
pad,3,2,0.35,0.5,5,1,7,1,heldout
pad,3,3,0.35,0.5,4,3,5,3,heldout
pad,3,5,0.35,0.5,5,1,9,1,heldout
pad,3,26,0.35,0.5,1,1,16,1,heldout
pad,3,30,0.35,0.5,3,2,7,2,heldout
pad,3,40,0.35,0.5,2,1,6,1,heldout
pad,3,42,0.35,0.5,1,1,7,1,heldout
pad,3,46,0.35,0.5,4,2,5,2,heldout
pad,3,51,0.35,0.5,4,3,11,3,heldout
pad,3,55,0.35,0.5,5,1,6,1,heldout
pad,3,56,0.35,0.5,3,2,4,2,heldout
pad,3,62,0.35,0.5,10,3,10,3,heldout
pad,3,69,0.35,0.5,1,0,4,0,heldout
pad,3,74,0.35,0.5,8,4,10,4,heldout
pad,3,78,0.35,0.5,7,1,7,1,heldout
pad,3,80,0.35,0.5,1,0,8,0,heldout
pad,3,88,0.35,0.5,6,3,8,3,heldout
pad,3,91,0.35,0.5,6,2,10,2,heldout
pad,3,92,0.35,0.5,7,0,10,0,heldout
pad,3,93,0.35,0.5,6,2,7,2,heldout
pad,3,102,0.35,0.5,7,4,11,4,heldout
pad,3,109,0.35,0.5,8,8,15,8,heldout
pad,3,112,0.35,0.5,5,5,8,5,heldout
pad,3,114,0.35,0.5,5,4,6,4,heldout
pad,3,120,0.35,0.5,10,2,10,2,heldout
pad,3,123,0.35,0.5,6,4,10,4,heldout
pad,3,142,0.35,0.5,2,1,3,1,heldout
pad,3,-1,0.375,0.3,109,87,186,87,val
pad,3,-1,0.375,0.5,109,53,186,53,val
pad,3,2,0.375,0.3,5,4,8,4,heldout
pad,3,3,0.375,0.3,4,3,5,3,heldout
pad,3,5,0.375,0.3,5,3,10,3,heldout
pad,3,26,0.375,0.3,1,1,18,1,heldout
pad,3,30,0.375,0.3,3,3,8,3,heldout
pad,3,40,0.375,0.3,2,1,6,1,heldout
pad,3,42,0.375,0.3,1,1,7,1,heldout
pad,3,46,0.375,0.3,4,2,6,2,heldout
pad,3,51,0.375,0.3,4,4,11,4,heldout
pad,3,55,0.375,0.3,5,3,6,3,heldout
pad,3,56,0.375,0.3,3,3,4,3,heldout
pad,3,62,0.375,0.3,10,6,13,6,heldout
pad,3,69,0.375,0.3,1,1,4,1,heldout
pad,3,74,0.375,0.3,8,7,9,7,heldout
pad,3,78,0.375,0.3,7,5,7,5,heldout
pad,3,80,0.375,0.3,1,1,8,1,heldout
pad,3,88,0.375,0.3,6,4,7,4,heldout
pad,3,91,0.375,0.3,6,6,10,6,heldout
pad,3,92,0.375,0.3,7,4,8,4,heldout
pad,3,93,0.375,0.3,6,6,7,6,heldout
pad,3,102,0.375,0.3,7,6,11,6,heldout
pad,3,109,0.375,0.3,8,8,14,8,heldout
pad,3,112,0.375,0.3,5,5,11,5,heldout
pad,3,114,0.375,0.3,5,4,7,4,heldout
pad,3,120,0.375,0.3,10,3,9,3,heldout
pad,3,123,0.375,0.3,6,5,9,5,heldout
pad,3,142,0.375,0.3,2,2,3,2,heldout
pad,3,2,0.375,0.5,5,3,8,3,heldout
pad,3,3,0.375,0.5,4,3,5,3,heldout
pad,3,5,0.375,0.5,5,1,10,1,heldout
pad,3,26,0.375,0.5,1,1,18,1,heldout
pad,3,30,0.375,0.5,3,2,8,2,heldout
pad,3,40,0.375,0.5,2,1,6,1,heldout
pad,3,42,0.375,0.5,1,1,7,1,heldout
pad,3,46,0.375,0.5,4,2,6,2,heldout
pad,3,51,0.375,0.5,4,3,11,3,heldout
pad,3,55,0.375,0.5,5,1,6,1,heldout
pad,3,56,0.375,0.5,3,2,4,2,heldout
pad,3,62,0.375,0.5,10,4,13,4,heldout
pad,3,69,0.375,0.5,1,0,4,0,heldout
pad,3,74,0.375,0.5,8,4,9,4,heldout
pad,3,78,0.375,0.5,7,2,7,2,heldout
pad,3,80,0.375,0.5,1,1,8,1,heldout
pad,3,88,0.375,0.5,6,3,7,3,heldout
pad,3,91,0.375,0.5,6,2,10,2,heldout
pad,3,92,0.375,0.5,7,0,8,0,heldout
pad,3,93,0.375,0.5,6,2,7,2,heldout
pad,3,102,0.375,0.5,7,5,11,5,heldout
pad,3,109,0.375,0.5,8,8,14,8,heldout
pad,3,112,0.375,0.5,5,5,11,5,heldout
pad,3,114,0.375,0.5,5,4,7,4,heldout
pad,3,120,0.375,0.5,10,2,9,2,heldout
pad,3,123,0.375,0.5,6,5,9,5,heldout
pad,3,142,0.375,0.5,2,1,3,1,heldout
pad,3,-1,0.4,0.3,109,89,180,89,val
pad,3,-1,0.4,0.5,109,62,180,62,val
pad,3,2,0.4,0.3,5,4,7,4,heldout
pad,3,3,0.4,0.3,4,3,5,3,heldout
pad,3,5,0.4,0.3,5,3,10,3,heldout
pad,3,26,0.4,0.3,1,1,18,1,heldout
pad,3,30,0.4,0.3,3,3,6,3,heldout
pad,3,40,0.4,0.3,2,1,7,1,heldout
pad,3,42,0.4,0.3,1,1,7,1,heldout
pad,3,46,0.4,0.3,4,3,7,3,heldout
pad,3,51,0.4,0.3,4,4,11,4,heldout
pad,3,55,0.4,0.3,5,4,9,4,heldout
pad,3,56,0.4,0.3,3,3,4,3,heldout
pad,3,62,0.4,0.3,10,8,13,8,heldout
pad,3,69,0.4,0.3,1,1,4,1,heldout
pad,3,74,0.4,0.3,8,7,9,7,heldout
pad,3,78,0.4,0.3,7,5,8,5,heldout
pad,3,80,0.4,0.3,1,1,9,1,heldout
pad,3,88,0.4,0.3,6,4,8,4,heldout
pad,3,91,0.4,0.3,6,6,9,6,heldout
pad,3,92,0.4,0.3,7,5,8,5,heldout
pad,3,93,0.4,0.3,6,6,7,6,heldout
pad,3,102,0.4,0.3,7,7,11,7,heldout
pad,3,109,0.4,0.3,8,8,12,8,heldout
pad,3,112,0.4,0.3,5,5,10,5,heldout
pad,3,114,0.4,0.3,5,4,6,4,heldout
pad,3,120,0.4,0.3,10,3,11,3,heldout
pad,3,123,0.4,0.3,6,5,9,5,heldout
pad,3,142,0.4,0.3,2,2,3,2,heldout
pad,3,2,0.4,0.5,5,3,7,3,heldout
pad,3,3,0.4,0.5,4,3,5,3,heldout
pad,3,5,0.4,0.5,5,3,10,3,heldout
pad,3,26,0.4,0.5,1,1,18,1,heldout
pad,3,30,0.4,0.5,3,2,6,2,heldout
pad,3,40,0.4,0.5,2,1,7,1,heldout
pad,3,42,0.4,0.5,1,1,7,1,heldout
pad,3,46,0.4,0.5,4,2,7,2,heldout
pad,3,51,0.4,0.5,4,3,11,3,heldout
pad,3,55,0.4,0.5,5,1,9,1,heldout
pad,3,56,0.4,0.5,3,2,4,2,heldout
pad,3,62,0.4,0.5,10,6,13,6,heldout
pad,3,69,0.4,0.5,1,0,4,0,heldout
pad,3,74,0.4,0.5,8,5,9,5,heldout
pad,3,78,0.4,0.5,7,3,8,3,heldout
pad,3,80,0.4,0.5,1,1,9,1,heldout
pad,3,88,0.4,0.5,6,3,8,3,heldout
pad,3,91,0.4,0.5,6,3,9,3,heldout
pad,3,92,0.4,0.5,7,1,8,1,heldout
pad,3,93,0.4,0.5,6,2,7,2,heldout
pad,3,102,0.4,0.5,7,5,11,5,heldout
pad,3,109,0.4,0.5,8,7,12,7,heldout
pad,3,112,0.4,0.5,5,5,10,5,heldout
pad,3,114,0.4,0.5,5,3,6,3,heldout
pad,3,120,0.4,0.5,10,2,11,2,heldout
pad,3,123,0.4,0.5,6,5,9,5,heldout
pad,3,142,0.4,0.5,2,2,3,2,heldout
pad,3,-1,0.425,0.3,109,91,178,91,val
pad,3,-1,0.425,0.5,109,69,178,69,val
pad,3,2,0.425,0.3,5,4,7,4,heldout
pad,3,3,0.425,0.3,4,3,5,3,heldout
pad,3,5,0.425,0.3,5,3,10,3,heldout
pad,3,26,0.425,0.3,1,1,15,1,heldout
pad,3,30,0.425,0.3,3,3,6,3,heldout
pad,3,40,0.425,0.3,2,2,8,2,heldout
pad,3,42,0.425,0.3,1,1,7,1,heldout
pad,3,46,0.425,0.3,4,3,6,3,heldout
pad,3,51,0.425,0.3,4,4,10,4,heldout
pad,3,55,0.425,0.3,5,4,11,4,heldout
pad,3,56,0.425,0.3,3,3,4,3,heldout
pad,3,62,0.425,0.3,10,8,14,8,heldout
pad,3,69,0.425,0.3,1,1,4,1,heldout
pad,3,74,0.425,0.3,8,7,9,7,heldout
pad,3,78,0.425,0.3,7,5,8,5,heldout
pad,3,80,0.425,0.3,1,1,8,1,heldout
pad,3,88,0.425,0.3,6,4,8,4,heldout
pad,3,91,0.425,0.3,6,6,9,6,heldout
pad,3,92,0.425,0.3,7,5,8,5,heldout
pad,3,93,0.425,0.3,6,6,7,6,heldout
pad,3,102,0.425,0.3,7,7,11,7,heldout
pad,3,109,0.425,0.3,8,8,11,8,heldout
pad,3,112,0.425,0.3,5,5,9,5,heldout
pad,3,114,0.425,0.3,5,4,6,4,heldout
pad,3,120,0.425,0.3,10,4,10,4,heldout
pad,3,123,0.425,0.3,6,5,10,5,heldout
pad,3,142,0.425,0.3,2,2,3,2,heldout
pad,3,2,0.425,0.5,5,3,7,3,heldout
pad,3,3,0.425,0.5,4,3,5,3,heldout
pad,3,5,0.425,0.5,5,3,10,3,heldout
pad,3,26,0.425,0.5,1,1,15,1,heldout
pad,3,30,0.425,0.5,3,2,6,2,heldout
pad,3,40,0.425,0.5,2,2,8,2,heldout
pad,3,42,0.425,0.5,1,1,7,1,heldout
pad,3,46,0.425,0.5,4,2,6,2,heldout
pad,3,51,0.425,0.5,4,3,10,3,heldout
pad,3,55,0.425,0.5,5,1,11,1,heldout
pad,3,56,0.425,0.5,3,2,4,2,heldout
pad,3,62,0.425,0.5,10,6,14,6,heldout
pad,3,69,0.425,0.5,1,0,4,0,heldout
pad,3,74,0.425,0.5,8,6,9,6,heldout
pad,3,78,0.425,0.5,7,3,8,3,heldout
pad,3,80,0.425,0.5,1,1,8,1,heldout
pad,3,88,0.425,0.5,6,4,8,4,heldout
pad,3,91,0.425,0.5,6,3,9,3,heldout
pad,3,92,0.425,0.5,7,2,8,2,heldout
pad,3,93,0.425,0.5,6,3,7,3,heldout
pad,3,102,0.425,0.5,7,5,11,5,heldout
pad,3,109,0.425,0.5,8,6,11,6,heldout
pad,3,112,0.425,0.5,5,5,9,5,heldout
pad,3,114,0.425,0.5,5,3,6,3,heldout
pad,3,120,0.425,0.5,10,2,10,2,heldout
pad,3,123,0.425,0.5,6,5,10,5,heldout
pad,3,142,0.425,0.5,2,2,3,2,heldout
pad,3,-1,0.45,0.3,109,95,175,95,val
pad,3,-1,0.45,0.5,109,72,175,72,val
pad,3,2,0.45,0.3,5,4,7,4,heldout
pad,3,3,0.45,0.3,4,3,5,3,heldout
pad,3,5,0.45,0.3,5,4,11,4,heldout
pad,3,26,0.45,0.3,1,1,16,1,heldout
pad,3,30,0.45,0.3,3,3,6,3,heldout
pad,3,40,0.45,0.3,2,2,9,2,heldout
pad,3,42,0.45,0.3,1,1,6,1,heldout
pad,3,46,0.45,0.3,4,3,5,3,heldout
pad,3,51,0.45,0.3,4,4,10,4,heldout
pad,3,55,0.45,0.3,5,4,10,4,heldout
pad,3,56,0.45,0.3,3,3,4,3,heldout
pad,3,62,0.45,0.3,10,9,14,9,heldout
pad,3,69,0.45,0.3,1,1,4,1,heldout
pad,3,74,0.45,0.3,8,7,9,7,heldout
pad,3,78,0.45,0.3,7,5,8,5,heldout
pad,3,80,0.45,0.3,1,1,8,1,heldout
pad,3,88,0.45,0.3,6,5,9,5,heldout
pad,3,91,0.45,0.3,6,6,8,6,heldout
pad,3,92,0.45,0.3,7,5,8,5,heldout
pad,3,93,0.45,0.3,6,6,7,6,heldout
pad,3,102,0.45,0.3,7,7,10,7,heldout
pad,3,109,0.45,0.3,8,8,10,8,heldout
pad,3,112,0.45,0.3,5,5,9,5,heldout
pad,3,114,0.45,0.3,5,4,6,4,heldout
pad,3,120,0.45,0.3,10,3,8,3,heldout
pad,3,123,0.45,0.3,6,6,12,6,heldout
pad,3,142,0.45,0.3,2,2,3,2,heldout
pad,3,2,0.45,0.5,5,3,7,3,heldout
pad,3,3,0.45,0.5,4,3,5,3,heldout
pad,3,5,0.45,0.5,5,4,11,4,heldout
pad,3,26,0.45,0.5,1,1,16,1,heldout
pad,3,30,0.45,0.5,3,2,6,2,heldout
pad,3,40,0.45,0.5,2,2,9,2,heldout
pad,3,42,0.45,0.5,1,1,6,1,heldout
pad,3,46,0.45,0.5,4,2,5,2,heldout
pad,3,51,0.45,0.5,4,2,10,2,heldout
pad,3,55,0.45,0.5,5,1,10,1,heldout
pad,3,56,0.45,0.5,3,2,4,2,heldout
pad,3,62,0.45,0.5,10,7,14,7,heldout
pad,3,69,0.45,0.5,1,1,4,1,heldout
pad,3,74,0.45,0.5,8,6,9,6,heldout
pad,3,78,0.45,0.5,7,3,8,3,heldout
pad,3,80,0.45,0.5,1,1,8,1,heldout
pad,3,88,0.45,0.5,6,5,9,5,heldout
pad,3,91,0.45,0.5,6,5,8,5,heldout
pad,3,92,0.45,0.5,7,2,8,2,heldout
pad,3,93,0.45,0.5,6,5,7,5,heldout
pad,3,102,0.45,0.5,7,5,10,5,heldout
pad,3,109,0.45,0.5,8,6,10,6,heldout
pad,3,112,0.45,0.5,5,5,9,5,heldout
pad,3,114,0.45,0.5,5,3,6,3,heldout
pad,3,120,0.45,0.5,10,1,8,1,heldout
pad,3,123,0.45,0.5,6,6,12,6,heldout
pad,3,142,0.45,0.5,2,2,3,2,heldout
pad,3,-1,0.475,0.3,109,95,169,95,val
pad,3,-1,0.475,0.5,109,79,169,79,val
pad,3,2,0.475,0.3,5,4,7,4,heldout
pad,3,3,0.475,0.3,4,3,5,3,heldout
pad,3,5,0.475,0.3,5,4,11,4,heldout
pad,3,26,0.475,0.3,1,1,13,1,heldout
pad,3,30,0.475,0.3,3,3,8,3,heldout
pad,3,40,0.475,0.3,2,2,7,2,heldout
pad,3,42,0.475,0.3,1,1,6,1,heldout
pad,3,46,0.475,0.3,4,3,4,3,heldout
pad,3,51,0.475,0.3,4,4,11,4,heldout
pad,3,55,0.475,0.3,5,4,8,4,heldout
pad,3,56,0.475,0.3,3,3,3,3,heldout
pad,3,62,0.475,0.3,10,10,15,10,heldout
pad,3,69,0.475,0.3,1,1,4,1,heldout
pad,3,74,0.475,0.3,8,8,9,8,heldout
pad,3,78,0.475,0.3,7,5,7,5,heldout
pad,3,80,0.475,0.3,1,1,8,1,heldout
pad,3,88,0.475,0.3,6,4,8,4,heldout
pad,3,91,0.475,0.3,6,6,8,6,heldout
pad,3,92,0.475,0.3,7,6,8,6,heldout
pad,3,93,0.475,0.3,6,6,7,6,heldout
pad,3,102,0.475,0.3,7,7,9,7,heldout
pad,3,109,0.475,0.3,8,8,10,8,heldout
pad,3,112,0.475,0.3,5,5,9,5,heldout
pad,3,114,0.475,0.3,5,4,6,4,heldout
pad,3,120,0.475,0.3,10,5,10,5,heldout
pad,3,123,0.475,0.3,6,6,13,6,heldout
pad,3,142,0.475,0.3,2,2,3,2,heldout
pad,3,2,0.475,0.5,5,3,7,3,heldout
pad,3,3,0.475,0.5,4,3,5,3,heldout
pad,3,5,0.475,0.5,5,4,11,4,heldout
pad,3,26,0.475,0.5,1,1,13,1,heldout
pad,3,30,0.475,0.5,3,2,8,2,heldout
pad,3,40,0.475,0.5,2,2,7,2,heldout
pad,3,42,0.475,0.5,1,1,6,1,heldout
pad,3,46,0.475,0.5,4,2,4,2,heldout
pad,3,51,0.475,0.5,4,3,11,3,heldout
pad,3,55,0.475,0.5,5,2,8,2,heldout
pad,3,56,0.475,0.5,3,2,3,2,heldout
pad,3,62,0.475,0.5,10,7,15,7,heldout
pad,3,69,0.475,0.5,1,1,4,1,heldout
pad,3,74,0.475,0.5,8,7,9,7,heldout
pad,3,78,0.475,0.5,7,3,7,3,heldout
pad,3,80,0.475,0.5,1,1,8,1,heldout
pad,3,88,0.475,0.5,6,4,8,4,heldout
pad,3,91,0.475,0.5,6,5,8,5,heldout
pad,3,92,0.475,0.5,7,3,8,3,heldout
pad,3,93,0.475,0.5,6,5,7,5,heldout
pad,3,102,0.475,0.5,7,6,9,6,heldout
pad,3,109,0.475,0.5,8,6,10,6,heldout
pad,3,112,0.475,0.5,5,5,9,5,heldout
pad,3,114,0.475,0.5,5,3,6,3,heldout
pad,3,120,0.475,0.5,10,1,10,1,heldout
pad,3,123,0.475,0.5,6,6,13,6,heldout
pad,3,142,0.475,0.5,2,2,3,2,heldout
pad,3,-1,0.5,0.3,109,94,162,94,val
pad,3,-1,0.5,0.5,109,82,162,82,val
pad,3,2,0.5,0.3,5,5,7,5,heldout
pad,3,3,0.5,0.3,4,3,5,3,heldout
pad,3,5,0.5,0.3,5,5,12,5,heldout
pad,3,26,0.5,0.3,1,1,13,1,heldout
pad,3,30,0.5,0.3,3,3,7,3,heldout
pad,3,40,0.5,0.3,2,2,9,2,heldout
pad,3,42,0.5,0.3,1,1,6,1,heldout
pad,3,46,0.5,0.3,4,3,4,3,heldout
pad,3,51,0.5,0.3,4,3,11,3,heldout
pad,3,55,0.5,0.3,5,4,8,4,heldout
pad,3,56,0.5,0.3,3,3,3,3,heldout
pad,3,62,0.5,0.3,10,10,15,10,heldout
pad,3,69,0.5,0.3,1,1,5,1,heldout
pad,3,74,0.5,0.3,8,8,9,8,heldout
pad,3,78,0.5,0.3,7,6,8,6,heldout
pad,3,80,0.5,0.3,1,1,8,1,heldout
pad,3,88,0.5,0.3,6,4,6,4,heldout
pad,3,91,0.5,0.3,6,6,8,6,heldout
pad,3,92,0.5,0.3,7,6,8,6,heldout
pad,3,93,0.5,0.3,6,6,7,6,heldout
pad,3,102,0.5,0.3,7,7,10,7,heldout
pad,3,109,0.5,0.3,8,7,10,7,heldout
pad,3,112,0.5,0.3,5,5,9,5,heldout
pad,3,114,0.5,0.3,5,4,6,4,heldout
pad,3,120,0.5,0.3,10,5,10,5,heldout
pad,3,123,0.5,0.3,6,6,14,6,heldout
pad,3,142,0.5,0.3,2,2,3,2,heldout
pad,3,2,0.5,0.5,5,4,7,4,heldout
pad,3,3,0.5,0.5,4,3,5,3,heldout
pad,3,5,0.5,0.5,5,5,12,5,heldout
pad,3,26,0.5,0.5,1,1,13,1,heldout
pad,3,30,0.5,0.5,3,2,7,2,heldout
pad,3,40,0.5,0.5,2,2,9,2,heldout
pad,3,42,0.5,0.5,1,1,6,1,heldout
pad,3,46,0.5,0.5,4,2,4,2,heldout
pad,3,51,0.5,0.5,4,2,11,2,heldout
pad,3,55,0.5,0.5,5,2,8,2,heldout
pad,3,56,0.5,0.5,3,3,3,3,heldout
pad,3,62,0.5,0.5,10,7,15,7,heldout
pad,3,69,0.5,0.5,1,1,5,1,heldout
pad,3,74,0.5,0.5,8,7,9,7,heldout
pad,3,78,0.5,0.5,7,4,8,4,heldout
pad,3,80,0.5,0.5,1,1,8,1,heldout
pad,3,88,0.5,0.5,6,4,6,4,heldout
pad,3,91,0.5,0.5,6,6,8,6,heldout
pad,3,92,0.5,0.5,7,4,8,4,heldout
pad,3,93,0.5,0.5,6,5,7,5,heldout
pad,3,102,0.5,0.5,7,7,10,7,heldout
pad,3,109,0.5,0.5,8,6,10,6,heldout
pad,3,112,0.5,0.5,5,5,9,5,heldout
pad,3,114,0.5,0.5,5,3,6,3,heldout
pad,3,120,0.5,0.5,10,1,10,1,heldout
pad,3,123,0.5,0.5,6,6,14,6,heldout
pad,3,142,0.5,0.5,2,2,3,2,heldout
pad,3,-1,0.525,0.3,109,92,162,92,val
pad,3,-1,0.525,0.5,109,83,162,83,val
pad,3,2,0.525,0.3,5,5,7,5,heldout
pad,3,3,0.525,0.3,4,3,5,3,heldout
pad,3,5,0.525,0.3,5,5,10,5,heldout
pad,3,26,0.525,0.3,1,1,13,1,heldout
pad,3,30,0.525,0.3,3,3,7,3,heldout
pad,3,40,0.525,0.3,2,2,10,2,heldout
pad,3,42,0.525,0.3,1,1,6,1,heldout
pad,3,46,0.525,0.3,4,3,5,3,heldout
pad,3,51,0.525,0.3,4,3,10,3,heldout
pad,3,55,0.525,0.3,5,4,9,4,heldout
pad,3,56,0.525,0.3,3,3,3,3,heldout
pad,3,62,0.525,0.3,10,10,15,10,heldout
pad,3,69,0.525,0.3,1,1,4,1,heldout
pad,3,74,0.525,0.3,8,8,9,8,heldout
pad,3,78,0.525,0.3,7,6,8,6,heldout
pad,3,80,0.525,0.3,1,1,7,1,heldout
pad,3,88,0.525,0.3,6,4,6,4,heldout
pad,3,91,0.525,0.3,6,6,8,6,heldout
pad,3,92,0.525,0.3,7,7,10,7,heldout
pad,3,93,0.525,0.3,6,6,7,6,heldout
pad,3,102,0.525,0.3,7,7,9,7,heldout
pad,3,109,0.525,0.3,8,6,10,6,heldout
pad,3,112,0.525,0.3,5,5,8,5,heldout
pad,3,114,0.525,0.3,5,4,6,4,heldout
pad,3,120,0.525,0.3,10,5,8,5,heldout
pad,3,123,0.525,0.3,6,6,13,6,heldout
pad,3,142,0.525,0.3,2,2,2,2,heldout
pad,3,2,0.525,0.5,5,5,7,5,heldout
pad,3,3,0.525,0.5,4,3,5,3,heldout
pad,3,5,0.525,0.5,5,5,10,5,heldout
pad,3,26,0.525,0.5,1,1,13,1,heldout
pad,3,30,0.525,0.5,3,2,7,2,heldout
pad,3,40,0.525,0.5,2,2,10,2,heldout
pad,3,42,0.525,0.5,1,1,6,1,heldout
pad,3,46,0.525,0.5,4,2,5,2,heldout
pad,3,51,0.525,0.5,4,2,10,2,heldout
pad,3,55,0.525,0.5,5,3,9,3,heldout
pad,3,56,0.525,0.5,3,2,3,2,heldout
pad,3,62,0.525,0.5,10,7,15,7,heldout
pad,3,69,0.525,0.5,1,1,4,1,heldout
pad,3,74,0.525,0.5,8,6,9,6,heldout
pad,3,78,0.525,0.5,7,4,8,4,heldout
pad,3,80,0.525,0.5,1,1,7,1,heldout
pad,3,88,0.525,0.5,6,4,6,4,heldout
pad,3,91,0.525,0.5,6,6,8,6,heldout
pad,3,92,0.525,0.5,7,5,10,5,heldout
pad,3,93,0.525,0.5,6,4,7,4,heldout
pad,3,102,0.525,0.5,7,7,9,7,heldout
pad,3,109,0.525,0.5,8,5,10,5,heldout
pad,3,112,0.525,0.5,5,5,8,5,heldout
pad,3,114,0.525,0.5,5,3,6,3,heldout
pad,3,120,0.525,0.5,10,1,8,1,heldout
pad,3,123,0.525,0.5,6,6,13,6,heldout
pad,3,142,0.525,0.5,2,2,2,2,heldout
pad,3,-1,0.55,0.3,109,93,158,93,val
pad,3,-1,0.55,0.5,109,81,158,81,val
pad,3,2,0.55,0.3,5,5,6,5,heldout
pad,3,3,0.55,0.3,4,3,5,3,heldout
pad,3,5,0.55,0.3,5,5,10,5,heldout
pad,3,26,0.55,0.3,1,1,10,1,heldout
pad,3,30,0.55,0.3,3,3,7,3,heldout
pad,3,40,0.55,0.3,2,2,11,2,heldout
pad,3,42,0.55,0.3,1,1,6,1,heldout
pad,3,46,0.55,0.3,4,4,8,4,heldout
pad,3,51,0.55,0.3,4,3,10,3,heldout
pad,3,55,0.55,0.3,5,4,10,4,heldout
pad,3,56,0.55,0.3,3,2,3,2,heldout
pad,3,62,0.55,0.3,10,10,13,10,heldout
pad,3,69,0.55,0.3,1,1,4,1,heldout
pad,3,74,0.55,0.3,8,8,9,8,heldout
pad,3,78,0.55,0.3,7,6,8,6,heldout
pad,3,80,0.55,0.3,1,1,7,1,heldout
pad,3,88,0.55,0.3,6,4,6,4,heldout
pad,3,91,0.55,0.3,6,6,8,6,heldout
pad,3,92,0.55,0.3,7,7,10,7,heldout
pad,3,93,0.55,0.3,6,5,7,5,heldout
pad,3,102,0.55,0.3,7,7,10,7,heldout
pad,3,109,0.55,0.3,8,6,9,6,heldout
pad,3,112,0.55,0.3,5,5,9,5,heldout
pad,3,114,0.55,0.3,5,4,6,4,heldout
pad,3,120,0.55,0.3,10,5,8,5,heldout
pad,3,123,0.55,0.3,6,6,11,6,heldout
pad,3,142,0.55,0.3,2,2,2,2,heldout
pad,3,2,0.55,0.5,5,5,6,5,heldout
pad,3,3,0.55,0.5,4,2,5,2,heldout
pad,3,5,0.55,0.5,5,5,10,5,heldout
pad,3,26,0.55,0.5,1,1,10,1,heldout
pad,3,30,0.55,0.5,3,2,7,2,heldout
pad,3,40,0.55,0.5,2,2,11,2,heldout
pad,3,42,0.55,0.5,1,1,6,1,heldout
pad,3,46,0.55,0.5,4,4,8,4,heldout
pad,3,51,0.55,0.5,4,2,10,2,heldout
pad,3,55,0.55,0.5,5,3,10,3,heldout
pad,3,56,0.55,0.5,3,1,3,1,heldout
pad,3,62,0.55,0.5,10,6,13,6,heldout
pad,3,69,0.55,0.5,1,1,4,1,heldout
pad,3,74,0.55,0.5,8,7,9,7,heldout
pad,3,78,0.55,0.5,7,5,8,5,heldout
pad,3,80,0.55,0.5,1,1,7,1,heldout
pad,3,88,0.55,0.5,6,4,6,4,heldout
pad,3,91,0.55,0.5,6,6,8,6,heldout
pad,3,92,0.55,0.5,7,6,10,6,heldout
pad,3,93,0.55,0.5,6,5,7,5,heldout
pad,3,102,0.55,0.5,7,6,10,6,heldout
pad,3,109,0.55,0.5,8,5,9,5,heldout
pad,3,112,0.55,0.5,5,5,9,5,heldout
pad,3,114,0.55,0.5,5,3,6,3,heldout
pad,3,120,0.55,0.5,10,0,8,0,heldout
pad,3,123,0.55,0.5,6,6,11,6,heldout
pad,3,142,0.55,0.5,2,2,2,2,heldout
pad,3,-1,0.575,0.3,109,94,154,94,val
pad,3,-1,0.575,0.5,109,84,154,84,val
pad,3,2,0.575,0.3,5,5,5,5,heldout
pad,3,3,0.575,0.3,4,3,5,3,heldout
pad,3,5,0.575,0.3,5,5,10,5,heldout
pad,3,26,0.575,0.3,1,1,11,1,heldout
pad,3,30,0.575,0.3,3,3,7,3,heldout
pad,3,40,0.575,0.3,2,2,11,2,heldout
pad,3,42,0.575,0.3,1,1,6,1,heldout
pad,3,46,0.575,0.3,4,4,7,4,heldout
pad,3,51,0.575,0.3,4,4,10,4,heldout
pad,3,55,0.575,0.3,5,4,9,4,heldout
pad,3,56,0.575,0.3,3,2,3,2,heldout
pad,3,62,0.575,0.3,10,10,13,10,heldout
pad,3,69,0.575,0.3,1,1,3,1,heldout
pad,3,74,0.575,0.3,8,7,9,7,heldout
pad,3,78,0.575,0.3,7,6,7,6,heldout
pad,3,80,0.575,0.3,1,1,7,1,heldout
pad,3,88,0.575,0.3,6,4,6,4,heldout
pad,3,91,0.575,0.3,6,6,8,6,heldout
pad,3,92,0.575,0.3,7,7,9,7,heldout
pad,3,93,0.575,0.3,6,5,7,5,heldout
pad,3,102,0.575,0.3,7,7,10,7,heldout
pad,3,109,0.575,0.3,8,6,6,6,heldout
pad,3,112,0.575,0.3,5,5,9,5,heldout
pad,3,114,0.575,0.3,5,3,6,3,heldout
pad,3,120,0.575,0.3,10,4,8,4,heldout
pad,3,123,0.575,0.3,6,6,9,6,heldout
pad,3,142,0.575,0.3,2,2,2,2,heldout
pad,3,2,0.575,0.5,5,5,5,5,heldout
pad,3,3,0.575,0.5,4,2,5,2,heldout
pad,3,5,0.575,0.5,5,5,10,5,heldout
pad,3,26,0.575,0.5,1,1,11,1,heldout
pad,3,30,0.575,0.5,3,2,7,2,heldout
pad,3,40,0.575,0.5,2,2,11,2,heldout
pad,3,42,0.575,0.5,1,1,6,1,heldout
pad,3,46,0.575,0.5,4,4,7,4,heldout
pad,3,51,0.575,0.5,4,3,10,3,heldout
pad,3,55,0.575,0.5,5,3,9,3,heldout
pad,3,56,0.575,0.5,3,1,3,1,heldout
pad,3,62,0.575,0.5,10,8,13,8,heldout
pad,3,69,0.575,0.5,1,1,3,1,heldout
pad,3,74,0.575,0.5,8,7,9,7,heldout
pad,3,78,0.575,0.5,7,5,7,5,heldout
pad,3,80,0.575,0.5,1,1,7,1,heldout
pad,3,88,0.575,0.5,6,4,6,4,heldout
pad,3,91,0.575,0.5,6,6,8,6,heldout
pad,3,92,0.575,0.5,7,6,9,6,heldout
pad,3,93,0.575,0.5,6,5,7,5,heldout
pad,3,102,0.575,0.5,7,5,10,5,heldout
pad,3,109,0.575,0.5,8,4,6,4,heldout
pad,3,112,0.575,0.5,5,5,9,5,heldout
pad,3,114,0.575,0.5,5,3,6,3,heldout
pad,3,120,0.575,0.5,10,0,8,0,heldout
pad,3,123,0.575,0.5,6,5,9,5,heldout
pad,3,142,0.575,0.5,2,2,2,2,heldout
pad,3,-1,0.6,0.3,109,92,154,92,val
pad,3,-1,0.6,0.5,109,83,154,83,val
pad,3,2,0.6,0.3,5,5,5,5,heldout
pad,3,3,0.6,0.3,4,2,4,2,heldout
pad,3,5,0.6,0.3,5,5,10,5,heldout
pad,3,26,0.6,0.3,1,1,8,1,heldout
pad,3,30,0.6,0.3,3,3,7,3,heldout
pad,3,40,0.6,0.3,2,2,9,2,heldout
pad,3,42,0.6,0.3,1,1,6,1,heldout
pad,3,46,0.6,0.3,4,4,6,4,heldout
pad,3,51,0.6,0.3,4,4,11,4,heldout
pad,3,55,0.6,0.3,5,5,10,5,heldout
pad,3,56,0.6,0.3,3,2,2,2,heldout
pad,3,62,0.6,0.3,10,10,14,10,heldout
pad,3,69,0.6,0.3,1,1,3,1,heldout
pad,3,74,0.6,0.3,8,7,8,7,heldout
pad,3,78,0.6,0.3,7,6,7,6,heldout
pad,3,80,0.6,0.3,1,1,6,1,heldout
pad,3,88,0.6,0.3,6,4,6,4,heldout
pad,3,91,0.6,0.3,6,6,8,6,heldout
pad,3,92,0.6,0.3,7,7,8,7,heldout
pad,3,93,0.6,0.3,6,5,6,5,heldout
pad,3,102,0.6,0.3,7,7,10,7,heldout
pad,3,109,0.6,0.3,8,6,6,6,heldout
pad,3,112,0.6,0.3,5,5,9,5,heldout
pad,3,114,0.6,0.3,5,3,6,3,heldout
pad,3,120,0.6,0.3,10,5,6,5,heldout
pad,3,123,0.6,0.3,6,5,8,5,heldout
pad,3,142,0.6,0.3,2,2,2,2,heldout
pad,3,2,0.6,0.5,5,5,5,5,heldout
pad,3,3,0.6,0.5,4,2,4,2,heldout
pad,3,5,0.6,0.5,5,4,10,4,heldout
pad,3,26,0.6,0.5,1,1,8,1,heldout
pad,3,30,0.6,0.5,3,1,7,1,heldout
pad,3,40,0.6,0.5,2,1,9,1,heldout
pad,3,42,0.6,0.5,1,1,6,1,heldout
pad,3,46,0.6,0.5,4,2,6,2,heldout
pad,3,51,0.6,0.5,4,3,11,3,heldout
pad,3,55,0.6,0.5,5,5,10,5,heldout
pad,3,56,0.6,0.5,3,1,2,1,heldout
pad,3,62,0.6,0.5,10,8,14,8,heldout
pad,3,69,0.6,0.5,1,1,3,1,heldout
pad,3,74,0.6,0.5,8,7,8,7,heldout
pad,3,78,0.6,0.5,7,5,7,5,heldout
pad,3,80,0.6,0.5,1,1,6,1,heldout
pad,3,88,0.6,0.5,6,4,6,4,heldout
pad,3,91,0.6,0.5,6,5,8,5,heldout
pad,3,92,0.6,0.5,7,6,8,6,heldout
pad,3,93,0.6,0.5,6,5,6,5,heldout
pad,3,102,0.6,0.5,7,5,10,5,heldout
pad,3,109,0.6,0.5,8,2,6,2,heldout
pad,3,112,0.6,0.5,5,4,9,4,heldout
pad,3,114,0.6,0.5,5,2,6,2,heldout
pad,3,120,0.6,0.5,10,0,6,0,heldout
pad,3,123,0.6,0.5,6,5,8,5,heldout
pad,3,142,0.6,0.5,2,2,2,2,heldout
pad,3,-1,0.625,0.3,109,90,151,90,val
pad,3,-1,0.625,0.5,109,80,151,80,val
pad,3,2,0.625,0.3,5,5,5,5,heldout
pad,3,3,0.625,0.3,4,2,4,2,heldout
pad,3,5,0.625,0.3,5,5,11,5,heldout
pad,3,26,0.625,0.3,1,1,6,1,heldout
pad,3,30,0.625,0.3,3,3,8,3,heldout
pad,3,40,0.625,0.3,2,2,9,2,heldout
pad,3,42,0.625,0.3,1,1,3,1,heldout
pad,3,46,0.625,0.3,4,4,6,4,heldout
pad,3,51,0.625,0.3,4,4,10,4,heldout
pad,3,55,0.625,0.3,5,5,10,5,heldout
pad,3,56,0.625,0.3,3,2,2,2,heldout
pad,3,62,0.625,0.3,10,10,13,10,heldout
pad,3,69,0.625,0.3,1,1,3,1,heldout
pad,3,74,0.625,0.3,8,7,8,7,heldout
pad,3,78,0.625,0.3,7,7,8,7,heldout
pad,3,80,0.625,0.3,1,1,6,1,heldout
pad,3,88,0.625,0.3,6,4,5,4,heldout
pad,3,91,0.625,0.3,6,5,7,5,heldout
pad,3,92,0.625,0.3,7,7,8,7,heldout
pad,3,93,0.625,0.3,6,5,5,5,heldout
pad,3,102,0.625,0.3,7,7,9,7,heldout
pad,3,109,0.625,0.3,8,4,6,4,heldout
pad,3,112,0.625,0.3,5,5,8,5,heldout
pad,3,114,0.625,0.3,5,4,6,4,heldout
pad,3,120,0.625,0.3,10,5,6,5,heldout
pad,3,123,0.625,0.3,6,5,8,5,heldout
pad,3,142,0.625,0.3,2,2,2,2,heldout
pad,3,2,0.625,0.5,5,5,5,5,heldout
pad,3,3,0.625,0.5,4,2,4,2,heldout
pad,3,5,0.625,0.5,5,3,11,3,heldout
pad,3,26,0.625,0.5,1,1,6,1,heldout
pad,3,30,0.625,0.5,3,1,8,1,heldout
pad,3,40,0.625,0.5,2,1,9,1,heldout
pad,3,42,0.625,0.5,1,1,3,1,heldout
pad,3,46,0.625,0.5,4,2,6,2,heldout
pad,3,51,0.625,0.5,4,2,10,2,heldout
pad,3,55,0.625,0.5,5,4,10,4,heldout
pad,3,56,0.625,0.5,3,1,2,1,heldout
pad,3,62,0.625,0.5,10,8,13,8,heldout
pad,3,69,0.625,0.5,1,1,3,1,heldout
pad,3,74,0.625,0.5,8,7,8,7,heldout
pad,3,78,0.625,0.5,7,5,8,5,heldout
pad,3,80,0.625,0.5,1,1,6,1,heldout
pad,3,88,0.625,0.5,6,4,5,4,heldout
pad,3,91,0.625,0.5,6,5,7,5,heldout
pad,3,92,0.625,0.5,7,6,8,6,heldout
pad,3,93,0.625,0.5,6,5,5,5,heldout
pad,3,102,0.625,0.5,7,4,9,4,heldout
pad,3,109,0.625,0.5,8,2,6,2,heldout
pad,3,112,0.625,0.5,5,4,8,4,heldout
pad,3,114,0.625,0.5,5,1,6,1,heldout
pad,3,120,0.625,0.5,10,0,6,0,heldout
pad,3,123,0.625,0.5,6,5,8,5,heldout
pad,3,142,0.625,0.5,2,2,2,2,heldout
pad,3,-1,0.65,0.3,109,88,137,88,val
pad,3,-1,0.65,0.5,109,76,137,76,val
pad,3,2,0.65,0.3,5,5,5,5,heldout
pad,3,3,0.65,0.3,4,2,4,2,heldout
pad,3,5,0.65,0.3,5,5,11,5,heldout
pad,3,26,0.65,0.3,1,1,3,1,heldout
pad,3,30,0.65,0.3,3,2,10,2,heldout
pad,3,40,0.65,0.3,2,2,10,2,heldout
pad,3,42,0.65,0.3,1,1,3,1,heldout
pad,3,46,0.65,0.3,4,4,6,4,heldout
pad,3,51,0.65,0.3,4,3,10,3,heldout
pad,3,55,0.65,0.3,5,5,10,5,heldout
pad,3,56,0.65,0.3,3,1,2,1,heldout
pad,3,62,0.65,0.3,10,10,13,10,heldout
pad,3,69,0.65,0.3,1,1,3,1,heldout
pad,3,74,0.65,0.3,8,7,8,7,heldout
pad,3,78,0.65,0.3,7,7,9,7,heldout
pad,3,80,0.65,0.3,1,1,5,1,heldout
pad,3,88,0.65,0.3,6,4,5,4,heldout
pad,3,91,0.65,0.3,6,5,7,5,heldout
pad,3,92,0.65,0.3,7,7,8,7,heldout
pad,3,93,0.65,0.3,6,5,5,5,heldout
pad,3,102,0.65,0.3,7,6,9,6,heldout
pad,3,109,0.65,0.3,8,2,6,2,heldout
pad,3,112,0.65,0.3,5,5,8,5,heldout
pad,3,114,0.65,0.3,5,4,6,4,heldout
pad,3,120,0.65,0.3,10,4,5,4,heldout
pad,3,123,0.65,0.3,6,5,7,5,heldout
pad,3,142,0.65,0.3,2,2,2,2,heldout
pad,3,2,0.65,0.5,5,5,5,5,heldout
pad,3,3,0.65,0.5,4,2,4,2,heldout
pad,3,5,0.65,0.5,5,3,11,3,heldout
pad,3,26,0.65,0.5,1,0,3,0,heldout
pad,3,30,0.65,0.5,3,1,10,1,heldout
pad,3,40,0.65,0.5,2,1,10,1,heldout
pad,3,42,0.65,0.5,1,1,3,1,heldout
pad,3,46,0.65,0.5,4,2,6,2,heldout
pad,3,51,0.65,0.5,4,2,10,2,heldout
pad,3,55,0.65,0.5,5,4,10,4,heldout
pad,3,56,0.65,0.5,3,0,2,0,heldout
pad,3,62,0.65,0.5,10,7,13,7,heldout
pad,3,69,0.65,0.5,1,1,3,1,heldout
pad,3,74,0.65,0.5,8,7,8,7,heldout
pad,3,78,0.65,0.5,7,6,9,6,heldout
pad,3,80,0.65,0.5,1,0,5,0,heldout
pad,3,88,0.65,0.5,6,4,5,4,heldout
pad,3,91,0.65,0.5,6,5,7,5,heldout
pad,3,92,0.65,0.5,7,7,8,7,heldout
pad,3,93,0.65,0.5,6,4,5,4,heldout
pad,3,102,0.65,0.5,7,4,9,4,heldout
pad,3,109,0.65,0.5,8,2,6,2,heldout
pad,3,112,0.65,0.5,5,3,8,3,heldout
pad,3,114,0.65,0.5,5,2,6,2,heldout
pad,3,120,0.65,0.5,10,1,5,1,heldout
pad,3,123,0.65,0.5,6,4,7,4,heldout
pad,3,142,0.65,0.5,2,2,2,2,heldout
pad,3,-1,0.675,0.3,109,87,134,87,val
pad,3,-1,0.675,0.5,109,68,134,68,val
pad,3,2,0.675,0.3,5,5,5,5,heldout
pad,3,3,0.675,0.3,4,2,3,2,heldout
pad,3,5,0.675,0.3,5,4,11,4,heldout
pad,3,26,0.675,0.3,1,1,3,1,heldout
pad,3,30,0.675,0.3,3,2,8,2,heldout
pad,3,40,0.675,0.3,2,2,6,2,heldout
pad,3,42,0.675,0.3,1,1,3,1,heldout
pad,3,46,0.675,0.3,4,3,6,3,heldout
pad,3,51,0.675,0.3,4,3,6,3,heldout
pad,3,55,0.675,0.3,5,3,10,3,heldout
pad,3,56,0.675,0.3,3,1,2,1,heldout
pad,3,62,0.675,0.3,10,10,12,10,heldout
pad,3,69,0.675,0.3,1,1,3,1,heldout
pad,3,74,0.675,0.3,8,7,8,7,heldout
pad,3,78,0.675,0.3,7,6,9,6,heldout
pad,3,80,0.675,0.3,1,1,5,1,heldout
pad,3,88,0.675,0.3,6,4,5,4,heldout
pad,3,91,0.675,0.3,6,5,7,5,heldout
pad,3,92,0.675,0.3,7,7,8,7,heldout
pad,3,93,0.675,0.3,6,5,5,5,heldout
pad,3,102,0.675,0.3,7,5,9,5,heldout
pad,3,109,0.675,0.3,8,2,4,2,heldout
pad,3,112,0.675,0.3,5,5,8,5,heldout
pad,3,114,0.675,0.3,5,2,6,2,heldout
pad,3,120,0.675,0.3,10,2,4,2,heldout
pad,3,123,0.675,0.3,6,5,7,5,heldout
pad,3,142,0.675,0.3,2,2,2,2,heldout
pad,3,2,0.675,0.5,5,4,5,4,heldout
pad,3,3,0.675,0.5,4,2,3,2,heldout
pad,3,5,0.675,0.5,5,3,11,3,heldout
pad,3,26,0.675,0.5,1,0,3,0,heldout
pad,3,30,0.675,0.5,3,1,8,1,heldout
pad,3,40,0.675,0.5,2,0,6,0,heldout
pad,3,42,0.675,0.5,1,1,3,1,heldout
pad,3,46,0.675,0.5,4,2,6,2,heldout
pad,3,51,0.675,0.5,4,1,6,1,heldout
pad,3,55,0.675,0.5,5,2,10,2,heldout
pad,3,56,0.675,0.5,3,0,2,0,heldout
pad,3,62,0.675,0.5,10,6,12,6,heldout
pad,3,69,0.675,0.5,1,0,3,0,heldout
pad,3,74,0.675,0.5,8,7,8,7,heldout
pad,3,78,0.675,0.5,7,6,9,6,heldout
pad,3,80,0.675,0.5,1,0,5,0,heldout
pad,3,88,0.675,0.5,6,4,5,4,heldout
pad,3,91,0.675,0.5,6,3,7,3,heldout
pad,3,92,0.675,0.5,7,7,8,7,heldout
pad,3,93,0.675,0.5,6,4,5,4,heldout
pad,3,102,0.675,0.5,7,3,9,3,heldout
pad,3,109,0.675,0.5,8,2,4,2,heldout
pad,3,112,0.675,0.5,5,1,8,1,heldout
pad,3,114,0.675,0.5,5,2,6,2,heldout
pad,3,120,0.675,0.5,10,1,4,1,heldout
pad,3,123,0.675,0.5,6,3,7,3,heldout
pad,3,142,0.675,0.5,2,2,2,2,heldout
pad,3,-1,0.7,0.3,109,82,123,82,val
pad,3,-1,0.7,0.5,109,54,123,54,val
pad,3,2,0.7,0.3,5,5,5,5,heldout
pad,3,3,0.7,0.3,4,2,3,2,heldout
pad,3,5,0.7,0.3,5,4,10,4,heldout
pad,3,26,0.7,0.3,1,0,3,0,heldout
pad,3,30,0.7,0.3,3,1,10,1,heldout
pad,3,40,0.7,0.3,2,1,5,1,heldout
pad,3,42,0.7,0.3,1,1,3,1,heldout
pad,3,46,0.7,0.3,4,2,5,2,heldout
pad,3,51,0.7,0.3,4,3,6,3,heldout
pad,3,55,0.7,0.3,5,2,9,2,heldout
pad,3,56,0.7,0.3,3,0,2,0,heldout
pad,3,62,0.7,0.3,10,8,11,8,heldout
pad,3,69,0.7,0.3,1,1,2,1,heldout
pad,3,74,0.7,0.3,8,7,8,7,heldout
pad,3,78,0.7,0.3,7,5,9,5,heldout
pad,3,80,0.7,0.3,1,0,4,0,heldout
pad,3,88,0.7,0.3,6,4,5,4,heldout
pad,3,91,0.7,0.3,6,3,4,3,heldout
pad,3,92,0.7,0.3,7,7,8,7,heldout
pad,3,93,0.7,0.3,6,4,6,4,heldout
pad,3,102,0.7,0.3,7,4,8,4,heldout
pad,3,109,0.7,0.3,8,2,3,2,heldout
pad,3,112,0.7,0.3,5,4,7,4,heldout
pad,3,114,0.7,0.3,5,2,6,2,heldout
pad,3,120,0.7,0.3,10,1,2,1,heldout
pad,3,123,0.7,0.3,6,5,6,5,heldout
pad,3,142,0.7,0.3,2,2,2,2,heldout
pad,3,2,0.7,0.5,5,4,5,4,heldout
pad,3,3,0.7,0.5,4,2,3,2,heldout
pad,3,5,0.7,0.5,5,3,10,3,heldout
pad,3,26,0.7,0.5,1,0,3,0,heldout
pad,3,30,0.7,0.5,3,1,10,1,heldout
pad,3,40,0.7,0.5,2,0,5,0,heldout
pad,3,42,0.7,0.5,1,0,3,0,heldout
pad,3,46,0.7,0.5,4,1,5,1,heldout
pad,3,51,0.7,0.5,4,1,6,1,heldout
pad,3,55,0.7,0.5,5,2,9,2,heldout
pad,3,56,0.7,0.5,3,0,2,0,heldout
pad,3,62,0.7,0.5,10,5,11,5,heldout
pad,3,69,0.7,0.5,1,0,2,0,heldout
pad,3,74,0.7,0.5,8,6,8,6,heldout
pad,3,78,0.7,0.5,7,5,9,5,heldout
pad,3,80,0.7,0.5,1,0,4,0,heldout
pad,3,88,0.7,0.5,6,4,5,4,heldout
pad,3,91,0.7,0.5,6,2,4,2,heldout
pad,3,92,0.7,0.5,7,7,8,7,heldout
pad,3,93,0.7,0.5,6,4,6,4,heldout
pad,3,102,0.7,0.5,7,2,8,2,heldout
pad,3,109,0.7,0.5,8,1,3,1,heldout
pad,3,112,0.7,0.5,5,1,7,1,heldout
pad,3,114,0.7,0.5,5,1,6,1,heldout
pad,3,120,0.7,0.5,10,1,2,1,heldout
pad,3,123,0.7,0.5,6,3,6,3,heldout
pad,3,142,0.7,0.5,2,2,2,2,heldout
pad,3,-1,0.725,0.3,109,68,117,68,val
pad,3,-1,0.725,0.5,109,41,117,41,val
pad,3,2,0.725,0.3,5,4,6,4,heldout
pad,3,3,0.725,0.3,4,2,3,2,heldout
pad,3,5,0.725,0.3,5,4,8,4,heldout
pad,3,26,0.725,0.3,1,0,3,0,heldout
pad,3,30,0.725,0.3,3,1,7,1,heldout
pad,3,40,0.725,0.3,2,1,5,1,heldout
pad,3,42,0.725,0.3,1,1,4,1,heldout
pad,3,46,0.725,0.3,4,2,5,2,heldout
pad,3,51,0.725,0.3,4,2,6,2,heldout
pad,3,55,0.725,0.3,5,2,8,2,heldout
pad,3,56,0.725,0.3,3,0,1,0,heldout
pad,3,62,0.725,0.3,10,8,10,8,heldout
pad,3,69,0.725,0.3,1,0,3,0,heldout
pad,3,74,0.725,0.3,8,7,7,7,heldout
pad,3,78,0.725,0.3,7,5,9,5,heldout
pad,3,80,0.725,0.3,1,0,6,0,heldout
pad,3,88,0.725,0.3,6,4,5,4,heldout
pad,3,91,0.725,0.3,6,3,4,3,heldout
pad,3,92,0.725,0.3,7,6,9,6,heldout
pad,3,93,0.725,0.3,6,4,5,4,heldout
pad,3,102,0.725,0.3,7,3,6,3,heldout
pad,3,109,0.725,0.3,8,1,2,1,heldout
pad,3,112,0.725,0.3,5,2,6,2,heldout
pad,3,114,0.725,0.3,5,1,6,1,heldout
pad,3,120,0.725,0.3,10,0,2,0,heldout
pad,3,123,0.725,0.3,6,4,7,4,heldout
pad,3,142,0.725,0.3,2,2,2,2,heldout
pad,3,2,0.725,0.5,5,3,6,3,heldout
pad,3,3,0.725,0.5,4,1,3,1,heldout
pad,3,5,0.725,0.5,5,2,8,2,heldout
pad,3,26,0.725,0.5,1,0,3,0,heldout
pad,3,30,0.725,0.5,3,1,7,1,heldout
pad,3,40,0.725,0.5,2,0,5,0,heldout
pad,3,42,0.725,0.5,1,0,4,0,heldout
pad,3,46,0.725,0.5,4,1,5,1,heldout
pad,3,51,0.725,0.5,4,1,6,1,heldout
pad,3,55,0.725,0.5,5,1,8,1,heldout
pad,3,56,0.725,0.5,3,0,1,0,heldout
pad,3,62,0.725,0.5,10,4,10,4,heldout
pad,3,69,0.725,0.5,1,0,3,0,heldout
pad,3,74,0.725,0.5,8,5,7,5,heldout
pad,3,78,0.725,0.5,7,5,9,5,heldout
pad,3,80,0.725,0.5,1,0,6,0,heldout
pad,3,88,0.725,0.5,6,4,5,4,heldout
pad,3,91,0.725,0.5,6,2,4,2,heldout
pad,3,92,0.725,0.5,7,5,9,5,heldout
pad,3,93,0.725,0.5,6,4,5,4,heldout
pad,3,102,0.725,0.5,7,1,6,1,heldout
pad,3,109,0.725,0.5,8,0,2,0,heldout
pad,3,112,0.725,0.5,5,1,6,1,heldout
pad,3,114,0.725,0.5,5,0,6,0,heldout
pad,3,120,0.725,0.5,10,0,2,0,heldout
pad,3,123,0.725,0.5,6,1,7,1,heldout
pad,3,142,0.725,0.5,2,2,2,2,heldout
pad,3,-1,0.75,0.3,109,55,103,55,val
pad,3,-1,0.75,0.5,109,26,103,26,val
pad,3,2,0.75,0.3,5,4,5,4,heldout
pad,3,3,0.75,0.3,4,2,4,2,heldout
pad,3,5,0.75,0.3,5,3,7,3,heldout
pad,3,26,0.75,0.3,1,0,2,0,heldout
pad,3,30,0.75,0.3,3,1,7,1,heldout
pad,3,40,0.75,0.3,2,0,4,0,heldout
pad,3,42,0.75,0.3,1,1,3,1,heldout
pad,3,46,0.75,0.3,4,1,2,1,heldout
pad,3,51,0.75,0.3,4,1,5,1,heldout
pad,3,55,0.75,0.3,5,1,4,1,heldout
pad,3,56,0.75,0.3,3,0,0,0,heldout
pad,3,62,0.75,0.3,10,5,11,5,heldout
pad,3,69,0.75,0.3,1,0,2,0,heldout
pad,3,74,0.75,0.3,8,6,6,6,heldout
pad,3,78,0.75,0.3,7,5,8,5,heldout
pad,3,80,0.75,0.3,1,0,2,0,heldout
pad,3,88,0.75,0.3,6,4,5,4,heldout
pad,3,91,0.75,0.3,6,2,3,2,heldout
pad,3,92,0.75,0.3,7,6,7,6,heldout
pad,3,93,0.75,0.3,6,4,6,4,heldout
pad,3,102,0.75,0.3,7,3,6,3,heldout
pad,3,109,0.75,0.3,8,0,2,0,heldout
pad,3,112,0.75,0.3,5,0,8,0,heldout
pad,3,114,0.75,0.3,5,0,4,0,heldout
pad,3,120,0.75,0.3,10,0,0,0,heldout
pad,3,123,0.75,0.3,6,1,8,1,heldout
pad,3,142,0.75,0.3,2,2,2,2,heldout
pad,3,2,0.75,0.5,5,3,5,3,heldout
pad,3,3,0.75,0.5,4,1,4,1,heldout
pad,3,5,0.75,0.5,5,1,7,1,heldout
pad,3,26,0.75,0.5,1,0,2,0,heldout
pad,3,30,0.75,0.5,3,0,7,0,heldout
pad,3,40,0.75,0.5,2,0,4,0,heldout
pad,3,42,0.75,0.5,1,0,3,0,heldout
pad,3,46,0.75,0.5,4,0,2,0,heldout
pad,3,51,0.75,0.5,4,0,5,0,heldout
pad,3,55,0.75,0.5,5,1,4,1,heldout
pad,3,56,0.75,0.5,3,0,0,0,heldout
pad,3,62,0.75,0.5,10,2,11,2,heldout
pad,3,69,0.75,0.5,1,0,2,0,heldout
pad,3,74,0.75,0.5,8,3,6,3,heldout
pad,3,78,0.75,0.5,7,5,8,5,heldout
pad,3,80,0.75,0.5,1,0,2,0,heldout
pad,3,88,0.75,0.5,6,2,5,2,heldout
pad,3,91,0.75,0.5,6,1,3,1,heldout
pad,3,92,0.75,0.5,7,5,7,5,heldout
pad,3,93,0.75,0.5,6,2,6,2,heldout
pad,3,102,0.75,0.5,7,1,6,1,heldout
pad,3,109,0.75,0.5,8,0,2,0,heldout
pad,3,112,0.75,0.5,5,0,8,0,heldout
pad,3,114,0.75,0.5,5,0,4,0,heldout
pad,3,120,0.75,0.5,10,0,0,0,heldout
pad,3,123,0.75,0.5,6,0,8,0,heldout
pad,3,142,0.75,0.5,2,1,2,1,heldout
pad,3,-1,0.775,0.3,109,35,85,35,val
pad,3,-1,0.775,0.5,109,19,85,19,val
pad,3,2,0.775,0.3,5,3,6,3,heldout
pad,3,3,0.775,0.3,4,1,3,1,heldout
pad,3,5,0.775,0.3,5,1,7,1,heldout
pad,3,26,0.775,0.3,1,0,1,0,heldout
pad,3,30,0.775,0.3,3,1,5,1,heldout
pad,3,40,0.775,0.3,2,0,3,0,heldout
pad,3,42,0.775,0.3,1,0,2,0,heldout
pad,3,46,0.775,0.3,4,1,2,1,heldout
pad,3,51,0.775,0.3,4,1,5,1,heldout
pad,3,55,0.775,0.3,5,1,2,1,heldout
pad,3,56,0.775,0.3,3,0,0,0,heldout
pad,3,62,0.775,0.3,10,1,10,1,heldout
pad,3,69,0.775,0.3,1,0,1,0,heldout
pad,3,74,0.775,0.3,8,6,6,6,heldout
pad,3,78,0.775,0.3,7,4,8,4,heldout
pad,3,80,0.775,0.3,1,0,0,0,heldout
pad,3,88,0.775,0.3,6,4,6,4,heldout
pad,3,91,0.775,0.3,6,2,2,2,heldout
pad,3,92,0.775,0.3,7,6,7,6,heldout
pad,3,93,0.775,0.3,6,3,3,3,heldout
pad,3,102,0.775,0.3,7,1,4,1,heldout
pad,3,109,0.775,0.3,8,0,1,0,heldout
pad,3,112,0.775,0.3,5,0,7,0,heldout
pad,3,114,0.775,0.3,5,0,2,0,heldout
pad,3,120,0.775,0.3,10,0,1,0,heldout
pad,3,123,0.775,0.3,6,1,5,1,heldout
pad,3,142,0.775,0.3,2,1,2,1,heldout
pad,3,2,0.775,0.5,5,3,6,3,heldout
pad,3,3,0.775,0.5,4,0,3,0,heldout
pad,3,5,0.775,0.5,5,0,7,0,heldout
pad,3,26,0.775,0.5,1,0,1,0,heldout
pad,3,30,0.775,0.5,3,0,5,0,heldout
pad,3,40,0.775,0.5,2,0,3,0,heldout
pad,3,42,0.775,0.5,1,0,2,0,heldout
pad,3,46,0.775,0.5,4,0,2,0,heldout
pad,3,51,0.775,0.5,4,0,5,0,heldout
pad,3,55,0.775,0.5,5,1,2,1,heldout
pad,3,56,0.775,0.5,3,0,0,0,heldout
pad,3,62,0.775,0.5,10,1,10,1,heldout
pad,3,69,0.775,0.5,1,0,1,0,heldout
pad,3,74,0.775,0.5,8,2,6,2,heldout
pad,3,78,0.775,0.5,7,3,8,3,heldout
pad,3,80,0.775,0.5,1,0,0,0,heldout
pad,3,88,0.775,0.5,6,1,6,1,heldout
pad,3,91,0.775,0.5,6,1,2,1,heldout
pad,3,92,0.775,0.5,7,4,7,4,heldout
pad,3,93,0.775,0.5,6,0,3,0,heldout
pad,3,102,0.775,0.5,7,0,4,0,heldout
pad,3,109,0.775,0.5,8,0,1,0,heldout
pad,3,112,0.775,0.5,5,0,7,0,heldout
pad,3,114,0.775,0.5,5,0,2,0,heldout
pad,3,120,0.775,0.5,10,0,1,0,heldout
pad,3,123,0.775,0.5,6,0,5,0,heldout
pad,3,142,0.775,0.5,2,1,2,1,heldout
pad,3,-1,0.8,0.3,109,22,66,22,val
pad,3,-1,0.8,0.5,109,8,66,8,val
pad,3,2,0.8,0.3,5,2,6,2,heldout
pad,3,3,0.8,0.3,4,1,2,1,heldout
pad,3,5,0.8,0.3,5,0,2,0,heldout
pad,3,26,0.8,0.3,1,0,1,0,heldout
pad,3,30,0.8,0.3,3,0,3,0,heldout
pad,3,40,0.8,0.3,2,0,2,0,heldout
pad,3,42,0.8,0.3,1,0,2,0,heldout
pad,3,46,0.8,0.3,4,0,2,0,heldout
pad,3,51,0.8,0.3,4,0,4,0,heldout
pad,3,55,0.8,0.3,5,1,2,1,heldout
pad,3,56,0.8,0.3,3,0,0,0,heldout
pad,3,62,0.8,0.3,10,1,2,1,heldout
pad,3,69,0.8,0.3,1,0,0,0,heldout
pad,3,74,0.8,0.3,8,5,7,5,heldout
pad,3,78,0.8,0.3,7,4,5,4,heldout
pad,3,80,0.8,0.3,1,0,0,0,heldout
pad,3,88,0.8,0.3,6,2,5,2,heldout
pad,3,91,0.8,0.3,6,1,2,1,heldout
pad,3,92,0.8,0.3,7,4,7,4,heldout
pad,3,93,0.8,0.3,6,0,3,0,heldout
pad,3,102,0.8,0.3,7,1,3,1,heldout
pad,3,109,0.8,0.3,8,0,1,0,heldout
pad,3,112,0.8,0.3,5,0,4,0,heldout
pad,3,114,0.8,0.3,5,0,1,0,heldout
pad,3,120,0.8,0.3,10,0,1,0,heldout
pad,3,123,0.8,0.3,6,0,3,0,heldout
pad,3,142,0.8,0.3,2,1,1,1,heldout
pad,3,2,0.8,0.5,5,1,6,1,heldout
pad,3,3,0.8,0.5,4,0,2,0,heldout
pad,3,5,0.8,0.5,5,0,2,0,heldout
pad,3,26,0.8,0.5,1,0,1,0,heldout
pad,3,30,0.8,0.5,3,0,3,0,heldout
pad,3,40,0.8,0.5,2,0,2,0,heldout
pad,3,42,0.8,0.5,1,0,2,0,heldout
pad,3,46,0.8,0.5,4,0,2,0,heldout
pad,3,51,0.8,0.5,4,0,4,0,heldout
pad,3,55,0.8,0.5,5,1,2,1,heldout
pad,3,56,0.8,0.5,3,0,0,0,heldout
pad,3,62,0.8,0.5,10,0,2,0,heldout
pad,3,69,0.8,0.5,1,0,0,0,heldout
pad,3,74,0.8,0.5,8,0,7,0,heldout
pad,3,78,0.8,0.5,7,1,5,1,heldout
pad,3,80,0.8,0.5,1,0,0,0,heldout
pad,3,88,0.8,0.5,6,1,5,1,heldout
pad,3,91,0.8,0.5,6,0,2,0,heldout
pad,3,92,0.8,0.5,7,1,7,1,heldout
pad,3,93,0.8,0.5,6,0,3,0,heldout
pad,3,102,0.8,0.5,7,0,3,0,heldout
pad,3,109,0.8,0.5,8,0,1,0,heldout
pad,3,112,0.8,0.5,5,0,4,0,heldout
pad,3,114,0.8,0.5,5,0,1,0,heldout
pad,3,120,0.8,0.5,10,0,1,0,heldout
pad,3,123,0.8,0.5,6,0,3,0,heldout
pad,3,142,0.8,0.5,2,0,1,0,heldout
pad,3,-1,0.825,0.3,109,10,45,10,val
pad,3,-1,0.825,0.5,109,3,45,3,val
pad,3,2,0.825,0.3,5,1,5,1,heldout
pad,3,3,0.825,0.3,4,1,2,1,heldout
pad,3,5,0.825,0.3,5,0,0,0,heldout
pad,3,26,0.825,0.3,1,0,0,0,heldout
pad,3,30,0.825,0.3,3,0,1,0,heldout
pad,3,40,0.825,0.3,2,0,0,0,heldout
pad,3,42,0.825,0.3,1,0,2,0,heldout
pad,3,46,0.825,0.3,4,0,1,0,heldout
pad,3,51,0.825,0.3,4,0,2,0,heldout
pad,3,55,0.825,0.3,5,1,1,1,heldout
pad,3,56,0.825,0.3,3,0,0,0,heldout
pad,3,62,0.825,0.3,10,0,1,0,heldout
pad,3,69,0.825,0.3,1,0,0,0,heldout
pad,3,74,0.825,0.3,8,2,7,2,heldout
pad,3,78,0.825,0.3,7,3,4,3,heldout
pad,3,80,0.825,0.3,1,0,0,0,heldout
pad,3,88,0.825,0.3,6,1,5,1,heldout
pad,3,91,0.825,0.3,6,1,1,1,heldout
pad,3,92,0.825,0.3,7,1,7,1,heldout
pad,3,93,0.825,0.3,6,0,1,0,heldout
pad,3,102,0.825,0.3,7,0,3,0,heldout
pad,3,109,0.825,0.3,8,0,0,0,heldout
pad,3,112,0.825,0.3,5,0,1,0,heldout
pad,3,114,0.825,0.3,5,0,1,0,heldout
pad,3,120,0.825,0.3,10,0,1,0,heldout
pad,3,123,0.825,0.3,6,0,1,0,heldout
pad,3,142,0.825,0.3,2,1,1,1,heldout
pad,3,2,0.825,0.5,5,0,5,0,heldout
pad,3,3,0.825,0.5,4,0,2,0,heldout
pad,3,5,0.825,0.5,5,0,0,0,heldout
pad,3,26,0.825,0.5,1,0,0,0,heldout
pad,3,30,0.825,0.5,3,0,1,0,heldout
pad,3,40,0.825,0.5,2,0,0,0,heldout
pad,3,42,0.825,0.5,1,0,2,0,heldout
pad,3,46,0.825,0.5,4,0,1,0,heldout
pad,3,51,0.825,0.5,4,0,2,0,heldout
pad,3,55,0.825,0.5,5,0,1,0,heldout
pad,3,56,0.825,0.5,3,0,0,0,heldout
pad,3,62,0.825,0.5,10,0,1,0,heldout
pad,3,69,0.825,0.5,1,0,0,0,heldout
pad,3,74,0.825,0.5,8,0,7,0,heldout
pad,3,78,0.825,0.5,7,1,4,1,heldout
pad,3,80,0.825,0.5,1,0,0,0,heldout
pad,3,88,0.825,0.5,6,0,5,0,heldout
pad,3,91,0.825,0.5,6,0,1,0,heldout
pad,3,92,0.825,0.5,7,0,7,0,heldout
pad,3,93,0.825,0.5,6,0,1,0,heldout
pad,3,102,0.825,0.5,7,0,3,0,heldout
pad,3,109,0.825,0.5,8,0,0,0,heldout
pad,3,112,0.825,0.5,5,0,1,0,heldout
pad,3,114,0.825,0.5,5,0,1,0,heldout
pad,3,120,0.825,0.5,10,0,1,0,heldout
pad,3,123,0.825,0.5,6,0,1,0,heldout
pad,3,142,0.825,0.5,2,0,1,0,heldout
pad,3,-1,0.85,0.3,109,7,21,7,val
pad,3,-1,0.85,0.5,109,0,21,0,val
pad,3,2,0.85,0.3,5,0,2,0,heldout
pad,3,3,0.85,0.3,4,0,2,0,heldout
pad,3,5,0.85,0.3,5,0,0,0,heldout
pad,3,26,0.85,0.3,1,0,0,0,heldout
pad,3,30,0.85,0.3,3,0,0,0,heldout
pad,3,40,0.85,0.3,2,0,0,0,heldout
pad,3,42,0.85,0.3,1,0,0,0,heldout
pad,3,46,0.85,0.3,4,0,1,0,heldout
pad,3,51,0.85,0.3,4,0,1,0,heldout
pad,3,55,0.85,0.3,5,1,1,1,heldout
pad,3,56,0.85,0.3,3,0,0,0,heldout
pad,3,62,0.85,0.3,10,0,0,0,heldout
pad,3,69,0.85,0.3,1,0,0,0,heldout
pad,3,74,0.85,0.3,8,0,5,0,heldout
pad,3,78,0.85,0.3,7,1,3,1,heldout
pad,3,80,0.85,0.3,1,0,0,0,heldout
pad,3,88,0.85,0.3,6,1,3,1,heldout
pad,3,91,0.85,0.3,6,1,1,1,heldout
pad,3,92,0.85,0.3,7,0,2,0,heldout
pad,3,93,0.85,0.3,6,0,0,0,heldout
pad,3,102,0.85,0.3,7,0,1,0,heldout
pad,3,109,0.85,0.3,8,0,0,0,heldout
pad,3,112,0.85,0.3,5,0,1,0,heldout
pad,3,114,0.85,0.3,5,0,1,0,heldout
pad,3,120,0.85,0.3,10,0,0,0,heldout
pad,3,123,0.85,0.3,6,0,0,0,heldout
pad,3,142,0.85,0.3,2,0,1,0,heldout
pad,3,2,0.85,0.5,5,0,2,0,heldout
pad,3,3,0.85,0.5,4,0,2,0,heldout
pad,3,5,0.85,0.5,5,0,0,0,heldout
pad,3,26,0.85,0.5,1,0,0,0,heldout
pad,3,30,0.85,0.5,3,0,0,0,heldout
pad,3,40,0.85,0.5,2,0,0,0,heldout
pad,3,42,0.85,0.5,1,0,0,0,heldout
pad,3,46,0.85,0.5,4,0,1,0,heldout
pad,3,51,0.85,0.5,4,0,1,0,heldout
pad,3,55,0.85,0.5,5,0,1,0,heldout
pad,3,56,0.85,0.5,3,0,0,0,heldout
pad,3,62,0.85,0.5,10,0,0,0,heldout
pad,3,69,0.85,0.5,1,0,0,0,heldout
pad,3,74,0.85,0.5,8,0,5,0,heldout
pad,3,78,0.85,0.5,7,1,3,1,heldout
pad,3,80,0.85,0.5,1,0,0,0,heldout
pad,3,88,0.85,0.5,6,0,3,0,heldout
pad,3,91,0.85,0.5,6,0,1,0,heldout
pad,3,92,0.85,0.5,7,0,2,0,heldout
pad,3,93,0.85,0.5,6,0,0,0,heldout
pad,3,102,0.85,0.5,7,0,1,0,heldout
pad,3,109,0.85,0.5,8,0,0,0,heldout
pad,3,112,0.85,0.5,5,0,1,0,heldout
pad,3,114,0.85,0.5,5,0,1,0,heldout
pad,3,120,0.85,0.5,10,0,0,0,heldout
pad,3,123,0.85,0.5,6,0,0,0,heldout
pad,3,142,0.85,0.5,2,0,1,0,heldout
pad,3,-1,0.875,0.3,109,1,9,1,val
pad,3,-1,0.875,0.5,109,0,9,0,val
pad,3,2,0.875,0.3,5,0,1,0,heldout
pad,3,3,0.875,0.3,4,0,1,0,heldout
pad,3,5,0.875,0.3,5,0,0,0,heldout
pad,3,26,0.875,0.3,1,0,0,0,heldout
pad,3,30,0.875,0.3,3,0,0,0,heldout
pad,3,40,0.875,0.3,2,0,0,0,heldout
pad,3,42,0.875,0.3,1,0,0,0,heldout
pad,3,46,0.875,0.3,4,0,1,0,heldout
pad,3,51,0.875,0.3,4,0,1,0,heldout
pad,3,55,0.875,0.3,5,0,1,0,heldout
pad,3,56,0.875,0.3,3,0,0,0,heldout
pad,3,62,0.875,0.3,10,0,0,0,heldout
pad,3,69,0.875,0.3,1,0,0,0,heldout
pad,3,74,0.875,0.3,8,0,1,0,heldout
pad,3,78,0.875,0.3,7,1,3,1,heldout
pad,3,80,0.875,0.3,1,0,0,0,heldout
pad,3,88,0.875,0.3,6,0,0,0,heldout
pad,3,91,0.875,0.3,6,0,1,0,heldout
pad,3,92,0.875,0.3,7,0,0,0,heldout
pad,3,93,0.875,0.3,6,0,0,0,heldout
pad,3,102,0.875,0.3,7,0,0,0,heldout
pad,3,109,0.875,0.3,8,0,0,0,heldout
pad,3,112,0.875,0.3,5,0,0,0,heldout
pad,3,114,0.875,0.3,5,0,0,0,heldout
pad,3,120,0.875,0.3,10,0,0,0,heldout
pad,3,123,0.875,0.3,6,0,0,0,heldout
pad,3,142,0.875,0.3,2,0,0,0,heldout
pad,3,2,0.875,0.5,5,0,1,0,heldout
pad,3,3,0.875,0.5,4,0,1,0,heldout
pad,3,5,0.875,0.5,5,0,0,0,heldout
pad,3,26,0.875,0.5,1,0,0,0,heldout
pad,3,30,0.875,0.5,3,0,0,0,heldout
pad,3,40,0.875,0.5,2,0,0,0,heldout
pad,3,42,0.875,0.5,1,0,0,0,heldout
pad,3,46,0.875,0.5,4,0,1,0,heldout
pad,3,51,0.875,0.5,4,0,1,0,heldout
pad,3,55,0.875,0.5,5,0,1,0,heldout
pad,3,56,0.875,0.5,3,0,0,0,heldout
pad,3,62,0.875,0.5,10,0,0,0,heldout
pad,3,69,0.875,0.5,1,0,0,0,heldout
pad,3,74,0.875,0.5,8,0,1,0,heldout
pad,3,78,0.875,0.5,7,0,3,0,heldout
pad,3,80,0.875,0.5,1,0,0,0,heldout
pad,3,88,0.875,0.5,6,0,0,0,heldout
pad,3,91,0.875,0.5,6,0,1,0,heldout
pad,3,92,0.875,0.5,7,0,0,0,heldout
pad,3,93,0.875,0.5,6,0,0,0,heldout
pad,3,102,0.875,0.5,7,0,0,0,heldout
pad,3,109,0.875,0.5,8,0,0,0,heldout
pad,3,112,0.875,0.5,5,0,0,0,heldout
pad,3,114,0.875,0.5,5,0,0,0,heldout
pad,3,120,0.875,0.5,10,0,0,0,heldout
pad,3,123,0.875,0.5,6,0,0,0,heldout
pad,3,142,0.875,0.5,2,0,0,0,heldout
pad,3,-1,0.9,0.3,109,0,2,0,val
pad,3,-1,0.9,0.5,109,0,2,0,val
pad,3,2,0.9,0.3,5,0,0,0,heldout
pad,3,3,0.9,0.3,4,0,1,0,heldout
pad,3,5,0.9,0.3,5,0,0,0,heldout
pad,3,26,0.9,0.3,1,0,0,0,heldout
pad,3,30,0.9,0.3,3,0,0,0,heldout
pad,3,40,0.9,0.3,2,0,0,0,heldout
pad,3,42,0.9,0.3,1,0,0,0,heldout
pad,3,46,0.9,0.3,4,0,0,0,heldout
pad,3,51,0.9,0.3,4,0,0,0,heldout
pad,3,55,0.9,0.3,5,0,0,0,heldout
pad,3,56,0.9,0.3,3,0,0,0,heldout
pad,3,62,0.9,0.3,10,0,0,0,heldout
pad,3,69,0.9,0.3,1,0,0,0,heldout
pad,3,74,0.9,0.3,8,0,0,0,heldout
pad,3,78,0.9,0.3,7,0,1,0,heldout
pad,3,80,0.9,0.3,1,0,0,0,heldout
pad,3,88,0.9,0.3,6,0,0,0,heldout
pad,3,91,0.9,0.3,6,0,0,0,heldout
pad,3,92,0.9,0.3,7,0,0,0,heldout
pad,3,93,0.9,0.3,6,0,0,0,heldout
pad,3,102,0.9,0.3,7,0,0,0,heldout
pad,3,109,0.9,0.3,8,0,0,0,heldout
pad,3,112,0.9,0.3,5,0,0,0,heldout
pad,3,114,0.9,0.3,5,0,0,0,heldout
pad,3,120,0.9,0.3,10,0,0,0,heldout
pad,3,123,0.9,0.3,6,0,0,0,heldout
pad,3,142,0.9,0.3,2,0,0,0,heldout
pad,3,2,0.9,0.5,5,0,0,0,heldout
pad,3,3,0.9,0.5,4,0,1,0,heldout
pad,3,5,0.9,0.5,5,0,0,0,heldout
pad,3,26,0.9,0.5,1,0,0,0,heldout
pad,3,30,0.9,0.5,3,0,0,0,heldout
pad,3,40,0.9,0.5,2,0,0,0,heldout
pad,3,42,0.9,0.5,1,0,0,0,heldout
pad,3,46,0.9,0.5,4,0,0,0,heldout
pad,3,51,0.9,0.5,4,0,0,0,heldout
pad,3,55,0.9,0.5,5,0,0,0,heldout
pad,3,56,0.9,0.5,3,0,0,0,heldout
pad,3,62,0.9,0.5,10,0,0,0,heldout
pad,3,69,0.9,0.5,1,0,0,0,heldout
pad,3,74,0.9,0.5,8,0,0,0,heldout
pad,3,78,0.9,0.5,7,0,1,0,heldout
pad,3,80,0.9,0.5,1,0,0,0,heldout
pad,3,88,0.9,0.5,6,0,0,0,heldout
pad,3,91,0.9,0.5,6,0,0,0,heldout
pad,3,92,0.9,0.5,7,0,0,0,heldout
pad,3,93,0.9,0.5,6,0,0,0,heldout
pad,3,102,0.9,0.5,7,0,0,0,heldout
pad,3,109,0.9,0.5,8,0,0,0,heldout
pad,3,112,0.9,0.5,5,0,0,0,heldout
pad,3,114,0.9,0.5,5,0,0,0,heldout
pad,3,120,0.9,0.5,10,0,0,0,heldout
pad,3,123,0.9,0.5,6,0,0,0,heldout
pad,3,142,0.9,0.5,2,0,0,0,heldout
pad,3,-1,0.925,0.3,109,0,0,0,val
pad,3,-1,0.925,0.5,109,0,0,0,val
pad,3,2,0.925,0.3,5,0,0,0,heldout
pad,3,3,0.925,0.3,4,0,0,0,heldout
pad,3,5,0.925,0.3,5,0,0,0,heldout
pad,3,26,0.925,0.3,1,0,0,0,heldout
pad,3,30,0.925,0.3,3,0,0,0,heldout
pad,3,40,0.925,0.3,2,0,0,0,heldout
pad,3,42,0.925,0.3,1,0,0,0,heldout
pad,3,46,0.925,0.3,4,0,0,0,heldout
pad,3,51,0.925,0.3,4,0,0,0,heldout
pad,3,55,0.925,0.3,5,0,0,0,heldout
pad,3,56,0.925,0.3,3,0,0,0,heldout
pad,3,62,0.925,0.3,10,0,0,0,heldout
pad,3,69,0.925,0.3,1,0,0,0,heldout
pad,3,74,0.925,0.3,8,0,0,0,heldout
pad,3,78,0.925,0.3,7,0,1,0,heldout
pad,3,80,0.925,0.3,1,0,0,0,heldout
pad,3,88,0.925,0.3,6,0,0,0,heldout
pad,3,91,0.925,0.3,6,0,0,0,heldout
pad,3,92,0.925,0.3,7,0,0,0,heldout
pad,3,93,0.925,0.3,6,0,0,0,heldout
pad,3,102,0.925,0.3,7,0,0,0,heldout
pad,3,109,0.925,0.3,8,0,0,0,heldout
pad,3,112,0.925,0.3,5,0,0,0,heldout
pad,3,114,0.925,0.3,5,0,0,0,heldout
pad,3,120,0.925,0.3,10,0,0,0,heldout
pad,3,123,0.925,0.3,6,0,0,0,heldout
pad,3,142,0.925,0.3,2,0,0,0,heldout
pad,3,2,0.925,0.5,5,0,0,0,heldout
pad,3,3,0.925,0.5,4,0,0,0,heldout
pad,3,5,0.925,0.5,5,0,0,0,heldout
pad,3,26,0.925,0.5,1,0,0,0,heldout
pad,3,30,0.925,0.5,3,0,0,0,heldout
pad,3,40,0.925,0.5,2,0,0,0,heldout
pad,3,42,0.925,0.5,1,0,0,0,heldout
pad,3,46,0.925,0.5,4,0,0,0,heldout
pad,3,51,0.925,0.5,4,0,0,0,heldout
pad,3,55,0.925,0.5,5,0,0,0,heldout
pad,3,56,0.925,0.5,3,0,0,0,heldout
pad,3,62,0.925,0.5,10,0,0,0,heldout
pad,3,69,0.925,0.5,1,0,0,0,heldout
pad,3,74,0.925,0.5,8,0,0,0,heldout
pad,3,78,0.925,0.5,7,0,1,0,heldout
pad,3,80,0.925,0.5,1,0,0,0,heldout
pad,3,88,0.925,0.5,6,0,0,0,heldout
pad,3,91,0.925,0.5,6,0,0,0,heldout
pad,3,92,0.925,0.5,7,0,0,0,heldout
pad,3,93,0.925,0.5,6,0,0,0,heldout
pad,3,102,0.925,0.5,7,0,0,0,heldout
pad,3,109,0.925,0.5,8,0,0,0,heldout
pad,3,112,0.925,0.5,5,0,0,0,heldout
pad,3,114,0.925,0.5,5,0,0,0,heldout
pad,3,120,0.925,0.5,10,0,0,0,heldout
pad,3,123,0.925,0.5,6,0,0,0,heldout
pad,3,142,0.925,0.5,2,0,0,0,heldout
pad,3,-1,0.95,0.3,109,0,0,0,val
pad,3,-1,0.95,0.5,109,0,0,0,val
pad,3,2,0.95,0.3,5,0,0,0,heldout
pad,3,3,0.95,0.3,4,0,0,0,heldout
pad,3,5,0.95,0.3,5,0,0,0,heldout
pad,3,26,0.95,0.3,1,0,0,0,heldout
pad,3,30,0.95,0.3,3,0,0,0,heldout
pad,3,40,0.95,0.3,2,0,0,0,heldout
pad,3,42,0.95,0.3,1,0,0,0,heldout
pad,3,46,0.95,0.3,4,0,0,0,heldout
pad,3,51,0.95,0.3,4,0,0,0,heldout
pad,3,55,0.95,0.3,5,0,0,0,heldout
pad,3,56,0.95,0.3,3,0,0,0,heldout
pad,3,62,0.95,0.3,10,0,0,0,heldout
pad,3,69,0.95,0.3,1,0,0,0,heldout
pad,3,74,0.95,0.3,8,0,0,0,heldout
pad,3,78,0.95,0.3,7,0,0,0,heldout
pad,3,80,0.95,0.3,1,0,0,0,heldout
pad,3,88,0.95,0.3,6,0,0,0,heldout
pad,3,91,0.95,0.3,6,0,0,0,heldout
pad,3,92,0.95,0.3,7,0,0,0,heldout
pad,3,93,0.95,0.3,6,0,0,0,heldout
pad,3,102,0.95,0.3,7,0,0,0,heldout
pad,3,109,0.95,0.3,8,0,0,0,heldout
pad,3,112,0.95,0.3,5,0,0,0,heldout
pad,3,114,0.95,0.3,5,0,0,0,heldout
pad,3,120,0.95,0.3,10,0,0,0,heldout
pad,3,123,0.95,0.3,6,0,0,0,heldout
pad,3,142,0.95,0.3,2,0,0,0,heldout
pad,3,2,0.95,0.5,5,0,0,0,heldout
pad,3,3,0.95,0.5,4,0,0,0,heldout
pad,3,5,0.95,0.5,5,0,0,0,heldout
pad,3,26,0.95,0.5,1,0,0,0,heldout
pad,3,30,0.95,0.5,3,0,0,0,heldout
pad,3,40,0.95,0.5,2,0,0,0,heldout
pad,3,42,0.95,0.5,1,0,0,0,heldout
pad,3,46,0.95,0.5,4,0,0,0,heldout
pad,3,51,0.95,0.5,4,0,0,0,heldout
pad,3,55,0.95,0.5,5,0,0,0,heldout
pad,3,56,0.95,0.5,3,0,0,0,heldout
pad,3,62,0.95,0.5,10,0,0,0,heldout
pad,3,69,0.95,0.5,1,0,0,0,heldout
pad,3,74,0.95,0.5,8,0,0,0,heldout
pad,3,78,0.95,0.5,7,0,0,0,heldout
pad,3,80,0.95,0.5,1,0,0,0,heldout
pad,3,88,0.95,0.5,6,0,0,0,heldout
pad,3,91,0.95,0.5,6,0,0,0,heldout
pad,3,92,0.95,0.5,7,0,0,0,heldout
pad,3,93,0.95,0.5,6,0,0,0,heldout
pad,3,102,0.95,0.5,7,0,0,0,heldout
pad,3,109,0.95,0.5,8,0,0,0,heldout
pad,3,112,0.95,0.5,5,0,0,0,heldout
pad,3,114,0.95,0.5,5,0,0,0,heldout
pad,3,120,0.95,0.5,10,0,0,0,heldout
pad,3,123,0.95,0.5,6,0,0,0,heldout
pad,3,142,0.95,0.5,2,0,0,0,heldout
pad,4,-1,0.05,0.3,118,0,30,0,val
pad,4,-1,0.05,0.5,118,0,30,0,val
pad,4,13,0.05,0.3,4,0,0,0,heldout
pad,4,16,0.05,0.3,3,0,2,0,heldout
pad,4,38,0.05,0.3,5,0,0,0,heldout
pad,4,41,0.05,0.3,4,0,0,0,heldout
pad,4,49,0.05,0.3,10,0,0,0,heldout
pad,4,52,0.05,0.3,5,0,3,0,heldout
pad,4,53,0.05,0.3,5,0,2,0,heldout
pad,4,58,0.05,0.3,4,0,2,0,heldout
pad,4,59,0.05,0.3,7,0,1,0,heldout
pad,4,63,0.05,0.3,6,0,5,0,heldout
pad,4,64,0.05,0.3,8,0,3,0,heldout
pad,4,68,0.05,0.3,2,0,1,0,heldout
pad,4,75,0.05,0.3,7,0,2,0,heldout
pad,4,76,0.05,0.3,7,0,1,0,heldout
pad,4,86,0.05,0.3,4,0,2,0,heldout
pad,4,96,0.05,0.3,5,0,2,0,heldout
pad,4,99,0.05,0.3,4,0,1,0,heldout
pad,4,104,0.05,0.3,7,0,2,0,heldout
pad,4,110,0.05,0.3,6,0,0,0,heldout
pad,4,117,0.05,0.3,4,0,0,0,heldout
pad,4,128,0.05,0.3,4,0,0,0,heldout
pad,4,134,0.05,0.3,6,0,2,0,heldout
pad,4,137,0.05,0.3,3,0,0,0,heldout
pad,4,139,0.05,0.3,7,0,2,0,heldout
pad,4,140,0.05,0.3,3,0,1,0,heldout
pad,4,13,0.05,0.5,4,0,0,0,heldout
pad,4,16,0.05,0.5,3,0,2,0,heldout
pad,4,38,0.05,0.5,5,0,0,0,heldout
pad,4,41,0.05,0.5,4,0,0,0,heldout
pad,4,49,0.05,0.5,10,0,0,0,heldout
pad,4,52,0.05,0.5,5,0,3,0,heldout
pad,4,53,0.05,0.5,5,0,2,0,heldout
pad,4,58,0.05,0.5,4,0,2,0,heldout
pad,4,59,0.05,0.5,7,0,1,0,heldout
pad,4,63,0.05,0.5,6,0,5,0,heldout
pad,4,64,0.05,0.5,8,0,3,0,heldout
pad,4,68,0.05,0.5,2,0,1,0,heldout
pad,4,75,0.05,0.5,7,0,2,0,heldout
pad,4,76,0.05,0.5,7,0,1,0,heldout
pad,4,86,0.05,0.5,4,0,2,0,heldout
pad,4,96,0.05,0.5,5,0,2,0,heldout
pad,4,99,0.05,0.5,4,0,1,0,heldout
pad,4,104,0.05,0.5,7,0,2,0,heldout
pad,4,110,0.05,0.5,6,0,0,0,heldout
pad,4,117,0.05,0.5,4,0,0,0,heldout
pad,4,128,0.05,0.5,4,0,0,0,heldout
pad,4,134,0.05,0.5,6,0,2,0,heldout
pad,4,137,0.05,0.5,3,0,0,0,heldout
pad,4,139,0.05,0.5,7,0,2,0,heldout
pad,4,140,0.05,0.5,3,0,1,0,heldout
pad,4,-1,0.075,0.3,118,0,39,0,val
pad,4,-1,0.075,0.5,118,0,39,0,val
pad,4,13,0.075,0.3,4,0,0,0,heldout
pad,4,16,0.075,0.3,3,0,0,0,heldout
pad,4,38,0.075,0.3,5,0,0,0,heldout
pad,4,41,0.075,0.3,4,0,0,0,heldout
pad,4,49,0.075,0.3,10,0,0,0,heldout
pad,4,52,0.075,0.3,5,0,1,0,heldout
pad,4,53,0.075,0.3,5,0,4,0,heldout
pad,4,58,0.075,0.3,4,0,2,0,heldout
pad,4,59,0.075,0.3,7,0,1,0,heldout
pad,4,63,0.075,0.3,6,0,1,0,heldout
pad,4,64,0.075,0.3,8,0,2,0,heldout
pad,4,68,0.075,0.3,2,0,2,0,heldout
pad,4,75,0.075,0.3,7,0,0,0,heldout
pad,4,76,0.075,0.3,7,0,0,0,heldout
pad,4,86,0.075,0.3,4,0,2,0,heldout
pad,4,96,0.075,0.3,5,0,1,0,heldout
pad,4,99,0.075,0.3,4,0,0,0,heldout
pad,4,104,0.075,0.3,7,0,3,0,heldout
pad,4,110,0.075,0.3,6,0,1,0,heldout
pad,4,117,0.075,0.3,4,0,2,0,heldout
pad,4,128,0.075,0.3,4,0,4,0,heldout
pad,4,134,0.075,0.3,6,0,2,0,heldout
pad,4,137,0.075,0.3,3,0,0,0,heldout
pad,4,139,0.075,0.3,7,0,0,0,heldout
pad,4,140,0.075,0.3,3,0,2,0,heldout
pad,4,13,0.075,0.5,4,0,0,0,heldout
pad,4,16,0.075,0.5,3,0,0,0,heldout
pad,4,38,0.075,0.5,5,0,0,0,heldout
pad,4,41,0.075,0.5,4,0,0,0,heldout
pad,4,49,0.075,0.5,10,0,0,0,heldout
pad,4,52,0.075,0.5,5,0,1,0,heldout
pad,4,53,0.075,0.5,5,0,4,0,heldout
pad,4,58,0.075,0.5,4,0,2,0,heldout
pad,4,59,0.075,0.5,7,0,1,0,heldout
pad,4,63,0.075,0.5,6,0,1,0,heldout
pad,4,64,0.075,0.5,8,0,2,0,heldout
pad,4,68,0.075,0.5,2,0,2,0,heldout
pad,4,75,0.075,0.5,7,0,0,0,heldout
pad,4,76,0.075,0.5,7,0,0,0,heldout
pad,4,86,0.075,0.5,4,0,2,0,heldout
pad,4,96,0.075,0.5,5,0,1,0,heldout
pad,4,99,0.075,0.5,4,0,0,0,heldout
pad,4,104,0.075,0.5,7,0,3,0,heldout
pad,4,110,0.075,0.5,6,0,1,0,heldout
pad,4,117,0.075,0.5,4,0,2,0,heldout
pad,4,128,0.075,0.5,4,0,4,0,heldout
pad,4,134,0.075,0.5,6,0,2,0,heldout
pad,4,137,0.075,0.5,3,0,0,0,heldout
pad,4,139,0.075,0.5,7,0,0,0,heldout
pad,4,140,0.075,0.5,3,0,2,0,heldout
pad,4,-1,0.1,0.3,118,7,124,7,val
pad,4,-1,0.1,0.5,118,0,124,0,val
pad,4,13,0.1,0.3,4,0,2,0,heldout
pad,4,16,0.1,0.3,3,0,8,0,heldout
pad,4,38,0.1,0.3,5,0,9,0,heldout
pad,4,41,0.1,0.3,4,0,3,0,heldout
pad,4,49,0.1,0.3,10,2,5,2,heldout
pad,4,52,0.1,0.3,5,0,5,0,heldout
pad,4,53,0.1,0.3,5,0,4,0,heldout
pad,4,58,0.1,0.3,4,1,9,1,heldout
pad,4,59,0.1,0.3,7,0,2,0,heldout
pad,4,63,0.1,0.3,6,1,6,1,heldout
pad,4,64,0.1,0.3,8,0,5,0,heldout
pad,4,68,0.1,0.3,2,0,10,0,heldout
pad,4,75,0.1,0.3,7,0,3,0,heldout
pad,4,76,0.1,0.3,7,0,5,0,heldout
pad,4,86,0.1,0.3,4,0,9,0,heldout
pad,4,96,0.1,0.3,5,0,4,0,heldout
pad,4,99,0.1,0.3,4,0,8,0,heldout
pad,4,104,0.1,0.3,7,0,3,0,heldout
pad,4,110,0.1,0.3,6,2,8,2,heldout
pad,4,117,0.1,0.3,4,0,6,0,heldout
pad,4,128,0.1,0.3,4,0,5,0,heldout
pad,4,134,0.1,0.3,6,0,5,0,heldout
pad,4,137,0.1,0.3,3,1,11,1,heldout
pad,4,139,0.1,0.3,7,0,6,0,heldout
pad,4,140,0.1,0.3,3,1,7,1,heldout
pad,4,13,0.1,0.5,4,0,2,0,heldout
pad,4,16,0.1,0.5,3,0,8,0,heldout
pad,4,38,0.1,0.5,5,0,9,0,heldout
pad,4,41,0.1,0.5,4,0,3,0,heldout
pad,4,49,0.1,0.5,10,0,5,0,heldout
pad,4,52,0.1,0.5,5,0,5,0,heldout
pad,4,53,0.1,0.5,5,0,4,0,heldout
pad,4,58,0.1,0.5,4,0,9,0,heldout
pad,4,59,0.1,0.5,7,0,2,0,heldout
pad,4,63,0.1,0.5,6,0,6,0,heldout
pad,4,64,0.1,0.5,8,0,5,0,heldout
pad,4,68,0.1,0.5,2,0,10,0,heldout
pad,4,75,0.1,0.5,7,0,3,0,heldout
pad,4,76,0.1,0.5,7,0,5,0,heldout
pad,4,86,0.1,0.5,4,0,9,0,heldout
pad,4,96,0.1,0.5,5,0,4,0,heldout
pad,4,99,0.1,0.5,4,0,8,0,heldout
pad,4,104,0.1,0.5,7,0,3,0,heldout
pad,4,110,0.1,0.5,6,0,8,0,heldout
pad,4,117,0.1,0.5,4,0,6,0,heldout
pad,4,128,0.1,0.5,4,0,5,0,heldout
pad,4,134,0.1,0.5,6,0,5,0,heldout
pad,4,137,0.1,0.5,3,0,11,0,heldout
pad,4,139,0.1,0.5,7,0,6,0,heldout
pad,4,140,0.1,0.5,3,0,7,0,heldout
pad,4,-1,0.125,0.3,118,13,144,13,val
pad,4,-1,0.125,0.5,118,2,144,2,val
pad,4,13,0.125,0.3,4,0,6,0,heldout
pad,4,16,0.125,0.3,3,0,13,0,heldout
pad,4,38,0.125,0.3,5,1,10,1,heldout
pad,4,41,0.125,0.3,4,1,7,1,heldout
pad,4,49,0.125,0.3,10,2,4,2,heldout
pad,4,52,0.125,0.3,5,0,6,0,heldout
pad,4,53,0.125,0.3,5,0,8,0,heldout
pad,4,58,0.125,0.3,4,1,7,1,heldout
pad,4,59,0.125,0.3,7,0,8,0,heldout
pad,4,63,0.125,0.3,6,1,9,1,heldout
pad,4,64,0.125,0.3,8,1,7,1,heldout
pad,4,68,0.125,0.3,2,0,11,0,heldout
pad,4,75,0.125,0.3,7,0,3,0,heldout
pad,4,76,0.125,0.3,7,0,8,0,heldout
pad,4,86,0.125,0.3,4,0,7,0,heldout
pad,4,96,0.125,0.3,5,0,4,0,heldout
pad,4,99,0.125,0.3,4,0,7,0,heldout
pad,4,104,0.125,0.3,7,0,4,0,heldout
pad,4,110,0.125,0.3,6,2,14,2,heldout
pad,4,117,0.125,0.3,4,2,6,2,heldout
pad,4,128,0.125,0.3,4,0,7,0,heldout
pad,4,134,0.125,0.3,6,0,9,0,heldout
pad,4,137,0.125,0.3,3,1,10,1,heldout
pad,4,139,0.125,0.3,7,1,6,1,heldout
pad,4,140,0.125,0.3,3,1,8,1,heldout
pad,4,13,0.125,0.5,4,0,6,0,heldout
pad,4,16,0.125,0.5,3,0,13,0,heldout
pad,4,38,0.125,0.5,5,0,10,0,heldout
pad,4,41,0.125,0.5,4,1,7,1,heldout
pad,4,49,0.125,0.5,10,0,4,0,heldout
pad,4,52,0.125,0.5,5,0,6,0,heldout
pad,4,53,0.125,0.5,5,0,8,0,heldout
pad,4,58,0.125,0.5,4,0,7,0,heldout
pad,4,59,0.125,0.5,7,0,8,0,heldout
pad,4,63,0.125,0.5,6,0,9,0,heldout
pad,4,64,0.125,0.5,8,0,7,0,heldout
pad,4,68,0.125,0.5,2,0,11,0,heldout
pad,4,75,0.125,0.5,7,0,3,0,heldout
pad,4,76,0.125,0.5,7,0,8,0,heldout
pad,4,86,0.125,0.5,4,0,7,0,heldout
pad,4,96,0.125,0.5,5,0,4,0,heldout
pad,4,99,0.125,0.5,4,0,7,0,heldout
pad,4,104,0.125,0.5,7,0,4,0,heldout
pad,4,110,0.125,0.5,6,1,14,1,heldout
pad,4,117,0.125,0.5,4,0,6,0,heldout
pad,4,128,0.125,0.5,4,0,7,0,heldout
pad,4,134,0.125,0.5,6,0,9,0,heldout
pad,4,137,0.125,0.5,3,0,10,0,heldout
pad,4,139,0.125,0.5,7,0,6,0,heldout
pad,4,140,0.125,0.5,3,0,8,0,heldout
pad,4,-1,0.15,0.3,118,23,163,23,val
pad,4,-1,0.15,0.5,118,6,163,6,val
pad,4,13,0.15,0.3,4,0,5,0,heldout
pad,4,16,0.15,0.3,3,0,12,0,heldout
pad,4,38,0.15,0.3,5,1,10,1,heldout
pad,4,41,0.15,0.3,4,2,5,2,heldout
pad,4,49,0.15,0.3,10,2,5,2,heldout
pad,4,52,0.15,0.3,5,1,9,1,heldout
pad,4,53,0.15,0.3,5,0,9,0,heldout
pad,4,58,0.15,0.3,4,1,7,1,heldout
pad,4,59,0.15,0.3,7,1,8,1,heldout
pad,4,63,0.15,0.3,6,3,11,3,heldout
pad,4,64,0.15,0.3,8,3,10,3,heldout
pad,4,68,0.15,0.3,2,0,13,0,heldout
pad,4,75,0.15,0.3,7,0,4,0,heldout
pad,4,76,0.15,0.3,7,1,7,1,heldout
pad,4,86,0.15,0.3,4,0,9,0,heldout
pad,4,96,0.15,0.3,5,0,5,0,heldout
pad,4,99,0.15,0.3,4,0,8,0,heldout
pad,4,104,0.15,0.3,7,1,9,1,heldout
pad,4,110,0.15,0.3,6,2,8,2,heldout
pad,4,117,0.15,0.3,4,2,9,2,heldout
pad,4,128,0.15,0.3,4,1,9,1,heldout
pad,4,134,0.15,0.3,6,0,11,0,heldout
pad,4,137,0.15,0.3,3,2,9,2,heldout
pad,4,139,0.15,0.3,7,1,9,1,heldout
pad,4,140,0.15,0.3,3,1,8,1,heldout
pad,4,13,0.15,0.5,4,0,5,0,heldout
pad,4,16,0.15,0.5,3,0,12,0,heldout
pad,4,38,0.15,0.5,5,0,10,0,heldout
pad,4,41,0.15,0.5,4,1,5,1,heldout
pad,4,49,0.15,0.5,10,0,5,0,heldout
pad,4,52,0.15,0.5,5,0,9,0,heldout
pad,4,53,0.15,0.5,5,0,9,0,heldout
pad,4,58,0.15,0.5,4,0,7,0,heldout
pad,4,59,0.15,0.5,7,0,8,0,heldout
pad,4,63,0.15,0.5,6,0,11,0,heldout
pad,4,64,0.15,0.5,8,0,10,0,heldout
pad,4,68,0.15,0.5,2,0,13,0,heldout
pad,4,75,0.15,0.5,7,0,4,0,heldout
pad,4,76,0.15,0.5,7,0,7,0,heldout
pad,4,86,0.15,0.5,4,0,9,0,heldout
pad,4,96,0.15,0.5,5,0,5,0,heldout
pad,4,99,0.15,0.5,4,0,8,0,heldout
pad,4,104,0.15,0.5,7,0,9,0,heldout
pad,4,110,0.15,0.5,6,2,8,2,heldout
pad,4,117,0.15,0.5,4,1,9,1,heldout
pad,4,128,0.15,0.5,4,0,9,0,heldout
pad,4,134,0.15,0.5,6,0,11,0,heldout
pad,4,137,0.15,0.5,3,1,9,1,heldout
pad,4,139,0.15,0.5,7,0,9,0,heldout
pad,4,140,0.15,0.5,3,0,8,0,heldout
pad,4,-1,0.175,0.3,118,27,161,27,val
pad,4,-1,0.175,0.5,118,8,161,8,val
pad,4,13,0.175,0.3,4,0,7,0,heldout
pad,4,16,0.175,0.3,3,0,10,0,heldout
pad,4,38,0.175,0.3,5,1,8,1,heldout
pad,4,41,0.175,0.3,4,2,5,2,heldout
pad,4,49,0.175,0.3,10,2,7,2,heldout
pad,4,52,0.175,0.3,5,1,12,1,heldout
pad,4,53,0.175,0.3,5,0,9,0,heldout
pad,4,58,0.175,0.3,4,2,4,2,heldout
pad,4,59,0.175,0.3,7,1,8,1,heldout
pad,4,63,0.175,0.3,6,4,9,4,heldout
pad,4,64,0.175,0.3,8,3,12,3,heldout
pad,4,68,0.175,0.3,2,1,12,1,heldout
pad,4,75,0.175,0.3,7,2,6,2,heldout
pad,4,76,0.175,0.3,7,1,8,1,heldout
pad,4,86,0.175,0.3,4,0,8,0,heldout
pad,4,96,0.175,0.3,5,0,5,0,heldout
pad,4,99,0.175,0.3,4,0,6,0,heldout
pad,4,104,0.175,0.3,7,1,9,1,heldout
pad,4,110,0.175,0.3,6,4,8,4,heldout
pad,4,117,0.175,0.3,4,2,9,2,heldout
pad,4,128,0.175,0.3,4,1,8,1,heldout
pad,4,134,0.175,0.3,6,3,11,3,heldout
pad,4,137,0.175,0.3,3,2,10,2,heldout
pad,4,139,0.175,0.3,7,1,9,1,heldout
pad,4,140,0.175,0.3,3,1,9,1,heldout
pad,4,13,0.175,0.5,4,0,7,0,heldout
pad,4,16,0.175,0.5,3,0,10,0,heldout
pad,4,38,0.175,0.5,5,0,8,0,heldout
pad,4,41,0.175,0.5,4,1,5,1,heldout
pad,4,49,0.175,0.5,10,1,7,1,heldout
pad,4,52,0.175,0.5,5,0,12,0,heldout
pad,4,53,0.175,0.5,5,0,9,0,heldout
pad,4,58,0.175,0.5,4,0,4,0,heldout
pad,4,59,0.175,0.5,7,0,8,0,heldout
pad,4,63,0.175,0.5,6,0,9,0,heldout
pad,4,64,0.175,0.5,8,0,12,0,heldout
pad,4,68,0.175,0.5,2,0,12,0,heldout
pad,4,75,0.175,0.5,7,1,6,1,heldout
pad,4,76,0.175,0.5,7,1,8,1,heldout
pad,4,86,0.175,0.5,4,0,8,0,heldout
pad,4,96,0.175,0.5,5,0,5,0,heldout
pad,4,99,0.175,0.5,4,0,6,0,heldout
pad,4,104,0.175,0.5,7,0,9,0,heldout
pad,4,110,0.175,0.5,6,4,8,4,heldout
pad,4,117,0.175,0.5,4,2,9,2,heldout
pad,4,128,0.175,0.5,4,0,8,0,heldout
pad,4,134,0.175,0.5,6,1,11,1,heldout
pad,4,137,0.175,0.5,3,1,10,1,heldout
pad,4,139,0.175,0.5,7,0,9,0,heldout
pad,4,140,0.175,0.5,3,0,9,0,heldout
pad,4,-1,0.2,0.3,118,29,150,29,val
pad,4,-1,0.2,0.5,118,12,150,12,val
pad,4,13,0.2,0.3,4,1,11,1,heldout
pad,4,16,0.2,0.3,3,0,9,0,heldout
pad,4,38,0.2,0.3,5,1,9,1,heldout
pad,4,41,0.2,0.3,4,2,5,2,heldout
pad,4,49,0.2,0.3,10,3,7,3,heldout
pad,4,52,0.2,0.3,5,1,9,1,heldout
pad,4,53,0.2,0.3,5,0,9,0,heldout
pad,4,58,0.2,0.3,4,2,4,2,heldout
pad,4,59,0.2,0.3,7,1,7,1,heldout
pad,4,63,0.2,0.3,6,4,9,4,heldout
pad,4,64,0.2,0.3,8,3,13,3,heldout
pad,4,68,0.2,0.3,2,1,8,1,heldout
pad,4,75,0.2,0.3,7,2,5,2,heldout
pad,4,76,0.2,0.3,7,1,7,1,heldout
pad,4,86,0.2,0.3,4,0,6,0,heldout
pad,4,96,0.2,0.3,5,0,6,0,heldout
pad,4,99,0.2,0.3,4,0,5,0,heldout
pad,4,104,0.2,0.3,7,1,10,1,heldout
pad,4,110,0.2,0.3,6,4,7,4,heldout
pad,4,117,0.2,0.3,4,2,8,2,heldout
pad,4,128,0.2,0.3,4,1,6,1,heldout
pad,4,134,0.2,0.3,6,3,13,3,heldout
pad,4,137,0.2,0.3,3,2,9,2,heldout
pad,4,139,0.2,0.3,7,1,8,1,heldout
pad,4,140,0.2,0.3,3,2,7,2,heldout
pad,4,13,0.2,0.5,4,1,11,1,heldout
pad,4,16,0.2,0.5,3,0,9,0,heldout
pad,4,38,0.2,0.5,5,0,9,0,heldout
pad,4,41,0.2,0.5,4,1,5,1,heldout
pad,4,49,0.2,0.5,10,1,7,1,heldout
pad,4,52,0.2,0.5,5,0,9,0,heldout
pad,4,53,0.2,0.5,5,0,9,0,heldout
pad,4,58,0.2,0.5,4,0,4,0,heldout
pad,4,59,0.2,0.5,7,0,7,0,heldout
pad,4,63,0.2,0.5,6,0,9,0,heldout
pad,4,64,0.2,0.5,8,0,13,0,heldout
pad,4,68,0.2,0.5,2,0,8,0,heldout
pad,4,75,0.2,0.5,7,1,5,1,heldout
pad,4,76,0.2,0.5,7,1,7,1,heldout
pad,4,86,0.2,0.5,4,0,6,0,heldout
pad,4,96,0.2,0.5,5,0,6,0,heldout
pad,4,99,0.2,0.5,4,0,5,0,heldout
pad,4,104,0.2,0.5,7,0,10,0,heldout
pad,4,110,0.2,0.5,6,4,7,4,heldout
pad,4,117,0.2,0.5,4,2,8,2,heldout
pad,4,128,0.2,0.5,4,0,6,0,heldout
pad,4,134,0.2,0.5,6,2,13,2,heldout
pad,4,137,0.2,0.5,3,1,9,1,heldout
pad,4,139,0.2,0.5,7,0,8,0,heldout
pad,4,140,0.2,0.5,3,0,7,0,heldout
pad,4,-1,0.225,0.3,118,42,156,42,val
pad,4,-1,0.225,0.5,118,16,156,16,val
pad,4,13,0.225,0.3,4,1,9,1,heldout
pad,4,16,0.225,0.3,3,0,8,0,heldout
pad,4,38,0.225,0.3,5,1,8,1,heldout
pad,4,41,0.225,0.3,4,2,7,2,heldout
pad,4,49,0.225,0.3,10,4,7,4,heldout
pad,4,52,0.225,0.3,5,1,8,1,heldout
pad,4,53,0.225,0.3,5,0,9,0,heldout
pad,4,58,0.225,0.3,4,2,4,2,heldout
pad,4,59,0.225,0.3,7,1,9,1,heldout
pad,4,63,0.225,0.3,6,5,8,5,heldout
pad,4,64,0.225,0.3,8,3,11,3,heldout
pad,4,68,0.225,0.3,2,2,9,2,heldout
pad,4,75,0.225,0.3,7,2,6,2,heldout
pad,4,76,0.225,0.3,7,2,6,2,heldout
pad,4,86,0.225,0.3,4,0,4,0,heldout
pad,4,96,0.225,0.3,5,0,10,0,heldout
pad,4,99,0.225,0.3,4,0,7,0,heldout
pad,4,104,0.225,0.3,7,1,11,1,heldout
pad,4,110,0.225,0.3,6,4,8,4,heldout
pad,4,117,0.225,0.3,4,2,8,2,heldout
pad,4,128,0.225,0.3,4,1,6,1,heldout
pad,4,134,0.225,0.3,6,4,12,4,heldout
pad,4,137,0.225,0.3,3,2,6,2,heldout
pad,4,139,0.225,0.3,7,1,7,1,heldout
pad,4,140,0.225,0.3,3,3,6,3,heldout
pad,4,13,0.225,0.5,4,1,9,1,heldout
pad,4,16,0.225,0.5,3,0,8,0,heldout
pad,4,38,0.225,0.5,5,0,8,0,heldout
pad,4,41,0.225,0.5,4,1,7,1,heldout
pad,4,49,0.225,0.5,10,2,7,2,heldout
pad,4,52,0.225,0.5,5,0,8,0,heldout
pad,4,53,0.225,0.5,5,0,9,0,heldout
pad,4,58,0.225,0.5,4,2,4,2,heldout
pad,4,59,0.225,0.5,7,0,9,0,heldout
pad,4,63,0.225,0.5,6,1,8,1,heldout
pad,4,64,0.225,0.5,8,1,11,1,heldout
pad,4,68,0.225,0.5,2,1,9,1,heldout
pad,4,75,0.225,0.5,7,1,6,1,heldout
pad,4,76,0.225,0.5,7,1,6,1,heldout
pad,4,86,0.225,0.5,4,0,4,0,heldout
pad,4,96,0.225,0.5,5,0,10,0,heldout
pad,4,99,0.225,0.5,4,0,7,0,heldout
pad,4,104,0.225,0.5,7,0,11,0,heldout
pad,4,110,0.225,0.5,6,4,8,4,heldout
pad,4,117,0.225,0.5,4,2,8,2,heldout
pad,4,128,0.225,0.5,4,0,6,0,heldout
pad,4,134,0.225,0.5,6,2,12,2,heldout
pad,4,137,0.225,0.5,3,1,6,1,heldout
pad,4,139,0.225,0.5,7,1,7,1,heldout
pad,4,140,0.225,0.5,3,0,6,0,heldout
pad,4,-1,0.25,0.3,118,46,156,46,val
pad,4,-1,0.25,0.5,118,20,156,20,val
pad,4,13,0.25,0.3,4,2,10,2,heldout
pad,4,16,0.25,0.3,3,0,8,0,heldout
pad,4,38,0.25,0.3,5,1,8,1,heldout
pad,4,41,0.25,0.3,4,2,8,2,heldout
pad,4,49,0.25,0.3,10,5,9,5,heldout
pad,4,52,0.25,0.3,5,2,10,2,heldout
pad,4,53,0.25,0.3,5,0,8,0,heldout
pad,4,58,0.25,0.3,4,3,4,3,heldout
pad,4,59,0.25,0.3,7,1,8,1,heldout
pad,4,63,0.25,0.3,6,5,7,5,heldout
pad,4,64,0.25,0.3,8,3,10,3,heldout
pad,4,68,0.25,0.3,2,2,8,2,heldout
pad,4,75,0.25,0.3,7,2,6,2,heldout
pad,4,76,0.25,0.3,7,2,8,2,heldout
pad,4,86,0.25,0.3,4,0,5,0,heldout
pad,4,96,0.25,0.3,5,1,12,1,heldout
pad,4,99,0.25,0.3,4,1,6,1,heldout
pad,4,104,0.25,0.3,7,3,13,3,heldout
pad,4,110,0.25,0.3,6,4,9,4,heldout
pad,4,117,0.25,0.3,4,3,7,3,heldout
pad,4,128,0.25,0.3,4,2,7,2,heldout
pad,4,134,0.25,0.3,6,4,11,4,heldout
pad,4,137,0.25,0.3,3,2,7,2,heldout
pad,4,139,0.25,0.3,7,1,7,1,heldout
pad,4,140,0.25,0.3,3,3,7,3,heldout
pad,4,13,0.25,0.5,4,2,10,2,heldout
pad,4,16,0.25,0.5,3,0,8,0,heldout
pad,4,38,0.25,0.5,5,1,8,1,heldout
pad,4,41,0.25,0.5,4,1,8,1,heldout
pad,4,49,0.25,0.5,10,4,9,4,heldout
pad,4,52,0.25,0.5,5,0,10,0,heldout
pad,4,53,0.25,0.5,5,0,8,0,heldout
pad,4,58,0.25,0.5,4,3,4,3,heldout
pad,4,59,0.25,0.5,7,1,8,1,heldout
pad,4,63,0.25,0.5,6,1,7,1,heldout
pad,4,64,0.25,0.5,8,1,10,1,heldout
pad,4,68,0.25,0.5,2,1,8,1,heldout
pad,4,75,0.25,0.5,7,1,6,1,heldout
pad,4,76,0.25,0.5,7,1,8,1,heldout
pad,4,86,0.25,0.5,4,0,5,0,heldout
pad,4,96,0.25,0.5,5,0,12,0,heldout
pad,4,99,0.25,0.5,4,0,6,0,heldout
pad,4,104,0.25,0.5,7,0,13,0,heldout
pad,4,110,0.25,0.5,6,4,9,4,heldout
pad,4,117,0.25,0.5,4,2,7,2,heldout
pad,4,128,0.25,0.5,4,0,7,0,heldout
pad,4,134,0.25,0.5,6,2,11,2,heldout
pad,4,137,0.25,0.5,3,1,7,1,heldout
pad,4,139,0.25,0.5,7,1,7,1,heldout
pad,4,140,0.25,0.5,3,0,7,0,heldout
pad,4,-1,0.275,0.3,118,56,151,56,val
pad,4,-1,0.275,0.5,118,28,151,28,val
pad,4,13,0.275,0.3,4,4,11,4,heldout
pad,4,16,0.275,0.3,3,0,6,0,heldout
pad,4,38,0.275,0.3,5,1,11,1,heldout
pad,4,41,0.275,0.3,4,2,8,2,heldout
pad,4,49,0.275,0.3,10,6,9,6,heldout
pad,4,52,0.275,0.3,5,2,10,2,heldout
pad,4,53,0.275,0.3,5,1,9,1,heldout
pad,4,58,0.275,0.3,4,3,4,3,heldout
pad,4,59,0.275,0.3,7,2,9,2,heldout
pad,4,63,0.275,0.3,6,5,7,5,heldout
pad,4,64,0.275,0.3,8,3,9,3,heldout
pad,4,68,0.275,0.3,2,2,7,2,heldout
pad,4,75,0.275,0.3,7,2,6,2,heldout
pad,4,76,0.275,0.3,7,2,6,2,heldout
pad,4,86,0.275,0.3,4,0,5,0,heldout
pad,4,96,0.275,0.3,5,2,12,2,heldout
pad,4,99,0.275,0.3,4,1,7,1,heldout
pad,4,104,0.275,0.3,7,5,15,5,heldout
pad,4,110,0.275,0.3,6,6,11,6,heldout
pad,4,117,0.275,0.3,4,3,7,3,heldout
pad,4,128,0.275,0.3,4,2,6,2,heldout
pad,4,134,0.275,0.3,6,4,12,4,heldout
pad,4,137,0.275,0.3,3,3,7,3,heldout
pad,4,139,0.275,0.3,7,2,8,2,heldout
pad,4,140,0.275,0.3,3,3,7,3,heldout
pad,4,13,0.275,0.5,4,3,11,3,heldout
pad,4,16,0.275,0.5,3,0,6,0,heldout
pad,4,38,0.275,0.5,5,1,11,1,heldout
pad,4,41,0.275,0.5,4,1,8,1,heldout
pad,4,49,0.275,0.5,10,6,9,6,heldout
pad,4,52,0.275,0.5,5,0,10,0,heldout
pad,4,53,0.275,0.5,5,1,9,1,heldout
pad,4,58,0.275,0.5,4,3,4,3,heldout
pad,4,59,0.275,0.5,7,1,9,1,heldout
pad,4,63,0.275,0.5,6,1,7,1,heldout
pad,4,64,0.275,0.5,8,1,9,1,heldout
pad,4,68,0.275,0.5,2,1,7,1,heldout
pad,4,75,0.275,0.5,7,1,6,1,heldout
pad,4,76,0.275,0.5,7,1,6,1,heldout
pad,4,86,0.275,0.5,4,0,5,0,heldout
pad,4,96,0.275,0.5,5,1,12,1,heldout
pad,4,99,0.275,0.5,4,0,7,0,heldout
pad,4,104,0.275,0.5,7,0,15,0,heldout
pad,4,110,0.275,0.5,6,6,11,6,heldout
pad,4,117,0.275,0.5,4,2,7,2,heldout
pad,4,128,0.275,0.5,4,0,6,0,heldout
pad,4,134,0.275,0.5,6,2,12,2,heldout
pad,4,137,0.275,0.5,3,1,7,1,heldout
pad,4,139,0.275,0.5,7,2,8,2,heldout
pad,4,140,0.275,0.5,3,0,7,0,heldout
pad,4,-1,0.3,0.3,118,64,150,64,val
pad,4,-1,0.3,0.5,118,34,150,34,val
pad,4,13,0.3,0.3,4,4,12,4,heldout
pad,4,16,0.3,0.3,3,0,6,0,heldout
pad,4,38,0.3,0.3,5,1,10,1,heldout
pad,4,41,0.3,0.3,4,2,9,2,heldout
pad,4,49,0.3,0.3,10,7,10,7,heldout
pad,4,52,0.3,0.3,5,2,10,2,heldout
pad,4,53,0.3,0.3,5,1,10,1,heldout
pad,4,58,0.3,0.3,4,3,4,3,heldout
pad,4,59,0.3,0.3,7,5,12,5,heldout
pad,4,63,0.3,0.3,6,5,7,5,heldout
pad,4,64,0.3,0.3,8,5,9,5,heldout
pad,4,68,0.3,0.3,2,2,7,2,heldout
pad,4,75,0.3,0.3,7,2,6,2,heldout
pad,4,76,0.3,0.3,7,3,7,3,heldout
pad,4,86,0.3,0.3,4,0,4,0,heldout
pad,4,96,0.3,0.3,5,3,9,3,heldout
pad,4,99,0.3,0.3,4,2,8,2,heldout
pad,4,104,0.3,0.3,7,6,13,6,heldout
pad,4,110,0.3,0.3,6,6,10,6,heldout
pad,4,117,0.3,0.3,4,4,9,4,heldout
pad,4,128,0.3,0.3,4,2,5,2,heldout
pad,4,134,0.3,0.3,6,4,10,4,heldout
pad,4,137,0.3,0.3,3,3,7,3,heldout
pad,4,139,0.3,0.3,7,2,8,2,heldout
pad,4,140,0.3,0.3,3,3,7,3,heldout
pad,4,13,0.3,0.5,4,3,12,3,heldout
pad,4,16,0.3,0.5,3,0,6,0,heldout
pad,4,38,0.3,0.5,5,1,10,1,heldout
pad,4,41,0.3,0.5,4,1,9,1,heldout
pad,4,49,0.3,0.5,10,6,10,6,heldout
pad,4,52,0.3,0.5,5,1,10,1,heldout
pad,4,53,0.3,0.5,5,1,10,1,heldout
pad,4,58,0.3,0.5,4,3,4,3,heldout
pad,4,59,0.3,0.5,7,3,12,3,heldout
pad,4,63,0.3,0.5,6,1,7,1,heldout
pad,4,64,0.3,0.5,8,1,9,1,heldout
pad,4,68,0.3,0.5,2,1,7,1,heldout
pad,4,75,0.3,0.5,7,1,6,1,heldout
pad,4,76,0.3,0.5,7,1,7,1,heldout
pad,4,86,0.3,0.5,4,0,4,0,heldout
pad,4,96,0.3,0.5,5,1,9,1,heldout
pad,4,99,0.3,0.5,4,0,8,0,heldout
pad,4,104,0.3,0.5,7,0,13,0,heldout
pad,4,110,0.3,0.5,6,6,10,6,heldout
pad,4,117,0.3,0.5,4,2,9,2,heldout
pad,4,128,0.3,0.5,4,1,5,1,heldout
pad,4,134,0.3,0.5,6,2,10,2,heldout
pad,4,137,0.3,0.5,3,2,7,2,heldout
pad,4,139,0.3,0.5,7,2,8,2,heldout
pad,4,140,0.3,0.5,3,1,7,1,heldout
pad,4,-1,0.325,0.3,118,71,151,71,val
pad,4,-1,0.325,0.5,118,42,151,42,val
pad,4,13,0.325,0.3,4,4,12,4,heldout
pad,4,16,0.325,0.3,3,1,8,1,heldout
pad,4,38,0.325,0.3,5,1,7,1,heldout
pad,4,41,0.325,0.3,4,3,10,3,heldout
pad,4,49,0.325,0.3,10,7,11,7,heldout
pad,4,52,0.325,0.3,5,2,10,2,heldout
pad,4,53,0.325,0.3,5,1,9,1,heldout
pad,4,58,0.325,0.3,4,3,4,3,heldout
pad,4,59,0.325,0.3,7,5,14,5,heldout
pad,4,63,0.325,0.3,6,5,7,5,heldout
pad,4,64,0.325,0.3,8,5,9,5,heldout
pad,4,68,0.325,0.3,2,2,8,2,heldout
pad,4,75,0.325,0.3,7,2,7,2,heldout
pad,4,76,0.325,0.3,7,4,7,4,heldout
pad,4,86,0.325,0.3,4,0,5,0,heldout
pad,4,96,0.325,0.3,5,3,9,3,heldout
pad,4,99,0.325,0.3,4,2,8,2,heldout
pad,4,104,0.325,0.3,7,6,11,6,heldout
pad,4,110,0.325,0.3,6,6,10,6,heldout
pad,4,117,0.325,0.3,4,4,10,4,heldout
pad,4,128,0.325,0.3,4,2,8,2,heldout
pad,4,134,0.325,0.3,6,4,10,4,heldout
pad,4,137,0.325,0.3,3,3,7,3,heldout
pad,4,139,0.325,0.3,7,2,9,2,heldout
pad,4,140,0.325,0.3,3,3,7,3,heldout
pad,4,13,0.325,0.5,4,3,12,3,heldout
pad,4,16,0.325,0.5,3,0,8,0,heldout
pad,4,38,0.325,0.5,5,1,7,1,heldout
pad,4,41,0.325,0.5,4,2,10,2,heldout
pad,4,49,0.325,0.5,10,6,11,6,heldout
pad,4,52,0.325,0.5,5,1,10,1,heldout
pad,4,53,0.325,0.5,5,1,9,1,heldout
pad,4,58,0.325,0.5,4,3,4,3,heldout
pad,4,59,0.325,0.5,7,3,14,3,heldout
pad,4,63,0.325,0.5,6,1,7,1,heldout
pad,4,64,0.325,0.5,8,1,9,1,heldout
pad,4,68,0.325,0.5,2,2,8,2,heldout
pad,4,75,0.325,0.5,7,1,7,1,heldout
pad,4,76,0.325,0.5,7,1,7,1,heldout
pad,4,86,0.325,0.5,4,0,5,0,heldout
pad,4,96,0.325,0.5,5,1,9,1,heldout
pad,4,99,0.325,0.5,4,0,8,0,heldout
pad,4,104,0.325,0.5,7,0,11,0,heldout
pad,4,110,0.325,0.5,6,6,10,6,heldout
pad,4,117,0.325,0.5,4,2,10,2,heldout
pad,4,128,0.325,0.5,4,2,8,2,heldout
pad,4,134,0.325,0.5,6,1,10,1,heldout
pad,4,137,0.325,0.5,3,2,7,2,heldout
pad,4,139,0.325,0.5,7,2,9,2,heldout
pad,4,140,0.325,0.5,3,1,7,1,heldout
pad,4,-1,0.35,0.3,118,78,158,78,val
pad,4,-1,0.35,0.5,118,50,158,50,val
pad,4,13,0.35,0.3,4,4,12,4,heldout
pad,4,16,0.35,0.3,3,1,8,1,heldout
pad,4,38,0.35,0.3,5,1,8,1,heldout
pad,4,41,0.35,0.3,4,4,11,4,heldout
pad,4,49,0.35,0.3,10,8,11,8,heldout
pad,4,52,0.35,0.3,5,2,10,2,heldout
pad,4,53,0.35,0.3,5,1,8,1,heldout
pad,4,58,0.35,0.3,4,3,4,3,heldout
pad,4,59,0.35,0.3,7,6,12,6,heldout
pad,4,63,0.35,0.3,6,5,7,5,heldout
pad,4,64,0.35,0.3,8,8,9,8,heldout
pad,4,68,0.35,0.3,2,2,7,2,heldout
pad,4,75,0.35,0.3,7,2,7,2,heldout
pad,4,76,0.35,0.3,7,5,8,5,heldout
pad,4,86,0.35,0.3,4,0,7,0,heldout
pad,4,96,0.35,0.3,5,3,10,3,heldout
pad,4,99,0.35,0.3,4,2,8,2,heldout
pad,4,104,0.35,0.3,7,6,11,6,heldout
pad,4,110,0.35,0.3,6,6,8,6,heldout
pad,4,117,0.35,0.3,4,4,8,4,heldout
pad,4,128,0.35,0.3,4,2,7,2,heldout
pad,4,134,0.35,0.3,6,4,10,4,heldout
pad,4,137,0.35,0.3,3,3,8,3,heldout
pad,4,139,0.35,0.3,7,3,9,3,heldout
pad,4,140,0.35,0.3,3,3,6,3,heldout
pad,4,13,0.35,0.5,4,3,12,3,heldout
pad,4,16,0.35,0.5,3,0,8,0,heldout
pad,4,38,0.35,0.5,5,1,8,1,heldout
pad,4,41,0.35,0.5,4,2,11,2,heldout
pad,4,49,0.35,0.5,10,6,11,6,heldout
pad,4,52,0.35,0.5,5,1,10,1,heldout
pad,4,53,0.35,0.5,5,1,8,1,heldout
pad,4,58,0.35,0.5,4,3,4,3,heldout
pad,4,59,0.35,0.5,7,5,12,5,heldout
pad,4,63,0.35,0.5,6,1,7,1,heldout
pad,4,64,0.35,0.5,8,2,9,2,heldout
pad,4,68,0.35,0.5,2,2,7,2,heldout
pad,4,75,0.35,0.5,7,1,7,1,heldout
pad,4,76,0.35,0.5,7,2,8,2,heldout
pad,4,86,0.35,0.5,4,0,7,0,heldout
pad,4,96,0.35,0.5,5,2,10,2,heldout
pad,4,99,0.35,0.5,4,0,8,0,heldout
pad,4,104,0.35,0.5,7,1,11,1,heldout
pad,4,110,0.35,0.5,6,6,8,6,heldout
pad,4,117,0.35,0.5,4,2,8,2,heldout
pad,4,128,0.35,0.5,4,2,7,2,heldout
pad,4,134,0.35,0.5,6,1,10,1,heldout
pad,4,137,0.35,0.5,3,2,8,2,heldout
pad,4,139,0.35,0.5,7,2,9,2,heldout
pad,4,140,0.35,0.5,3,1,6,1,heldout
pad,4,-1,0.375,0.3,118,83,163,83,val
pad,4,-1,0.375,0.5,118,58,163,58,val
pad,4,13,0.375,0.3,4,4,10,4,heldout
pad,4,16,0.375,0.3,3,2,8,2,heldout
pad,4,38,0.375,0.3,5,2,9,2,heldout
pad,4,41,0.375,0.3,4,4,13,4,heldout
pad,4,49,0.375,0.3,10,9,11,9,heldout
pad,4,52,0.375,0.3,5,3,9,3,heldout
pad,4,53,0.375,0.3,5,1,8,1,heldout
pad,4,58,0.375,0.3,4,3,4,3,heldout
pad,4,59,0.375,0.3,7,6,12,6,heldout
pad,4,63,0.375,0.3,6,6,9,6,heldout
pad,4,64,0.375,0.3,8,8,9,8,heldout
pad,4,68,0.375,0.3,2,2,7,2,heldout
pad,4,75,0.375,0.3,7,2,7,2,heldout
pad,4,76,0.375,0.3,7,5,8,5,heldout
pad,4,86,0.375,0.3,4,1,7,1,heldout
pad,4,96,0.375,0.3,5,4,8,4,heldout
pad,4,99,0.375,0.3,4,2,9,2,heldout
pad,4,104,0.375,0.3,7,6,11,6,heldout
pad,4,110,0.375,0.3,6,6,8,6,heldout
pad,4,117,0.375,0.3,4,4,7,4,heldout
pad,4,128,0.375,0.3,4,4,6,4,heldout
pad,4,134,0.375,0.3,6,5,12,5,heldout
pad,4,137,0.375,0.3,3,3,8,3,heldout
pad,4,139,0.375,0.3,7,5,10,5,heldout
pad,4,140,0.375,0.3,3,3,6,3,heldout
pad,4,13,0.375,0.5,4,3,10,3,heldout
pad,4,16,0.375,0.5,3,2,8,2,heldout
pad,4,38,0.375,0.5,5,2,9,2,heldout
pad,4,41,0.375,0.5,4,3,13,3,heldout
pad,4,49,0.375,0.5,10,6,11,6,heldout
pad,4,52,0.375,0.5,5,1,9,1,heldout
pad,4,53,0.375,0.5,5,1,8,1,heldout
pad,4,58,0.375,0.5,4,3,4,3,heldout
pad,4,59,0.375,0.5,7,5,12,5,heldout
pad,4,63,0.375,0.5,6,4,9,4,heldout
pad,4,64,0.375,0.5,8,2,9,2,heldout
pad,4,68,0.375,0.5,2,2,7,2,heldout
pad,4,75,0.375,0.5,7,1,7,1,heldout
pad,4,76,0.375,0.5,7,2,8,2,heldout
pad,4,86,0.375,0.5,4,0,7,0,heldout
pad,4,96,0.375,0.5,5,2,8,2,heldout
pad,4,99,0.375,0.5,4,0,9,0,heldout
pad,4,104,0.375,0.5,7,3,11,3,heldout
pad,4,110,0.375,0.5,6,6,8,6,heldout
pad,4,117,0.375,0.5,4,2,7,2,heldout
pad,4,128,0.375,0.5,4,3,6,3,heldout
pad,4,134,0.375,0.5,6,3,12,3,heldout
pad,4,137,0.375,0.5,3,2,8,2,heldout
pad,4,139,0.375,0.5,7,3,10,3,heldout
pad,4,140,0.375,0.5,3,2,6,2,heldout
pad,4,-1,0.4,0.3,118,94,171,94,val
pad,4,-1,0.4,0.5,118,68,171,68,val
pad,4,13,0.4,0.3,4,4,12,4,heldout
pad,4,16,0.4,0.3,3,3,9,3,heldout
pad,4,38,0.4,0.3,5,2,9,2,heldout
pad,4,41,0.4,0.3,4,4,13,4,heldout
pad,4,49,0.4,0.3,10,9,10,9,heldout
pad,4,52,0.4,0.3,5,3,9,3,heldout
pad,4,53,0.4,0.3,5,1,7,1,heldout
pad,4,58,0.4,0.3,4,3,3,3,heldout
pad,4,59,0.4,0.3,7,7,14,7,heldout
pad,4,63,0.4,0.3,6,6,8,6,heldout
pad,4,64,0.4,0.3,8,8,10,8,heldout
pad,4,68,0.4,0.3,2,2,7,2,heldout
pad,4,75,0.4,0.3,7,3,8,3,heldout
pad,4,76,0.4,0.3,7,5,7,5,heldout
pad,4,86,0.4,0.3,4,3,9,3,heldout
pad,4,96,0.4,0.3,5,4,6,4,heldout
pad,4,99,0.4,0.3,4,3,9,3,heldout
pad,4,104,0.4,0.3,7,7,11,7,heldout
pad,4,110,0.4,0.3,6,6,8,6,heldout
pad,4,117,0.4,0.3,4,4,7,4,heldout
pad,4,128,0.4,0.3,4,4,6,4,heldout
pad,4,134,0.4,0.3,6,4,11,4,heldout
pad,4,137,0.4,0.3,3,3,6,3,heldout
pad,4,139,0.4,0.3,7,5,12,5,heldout
pad,4,140,0.4,0.3,3,3,7,3,heldout
pad,4,13,0.4,0.5,4,4,12,4,heldout
pad,4,16,0.4,0.5,3,3,9,3,heldout
pad,4,38,0.4,0.5,5,2,9,2,heldout
pad,4,41,0.4,0.5,4,4,13,4,heldout
pad,4,49,0.4,0.5,10,6,10,6,heldout
pad,4,52,0.4,0.5,5,1,9,1,heldout
pad,4,53,0.4,0.5,5,1,7,1,heldout
pad,4,58,0.4,0.5,4,3,3,3,heldout
pad,4,59,0.4,0.5,7,7,14,7,heldout
pad,4,63,0.4,0.5,6,4,8,4,heldout
pad,4,64,0.4,0.5,8,3,10,3,heldout
pad,4,68,0.4,0.5,2,2,7,2,heldout
pad,4,75,0.4,0.5,7,1,8,1,heldout
pad,4,76,0.4,0.5,7,2,7,2,heldout
pad,4,86,0.4,0.5,4,2,9,2,heldout
pad,4,96,0.4,0.5,5,2,6,2,heldout
pad,4,99,0.4,0.5,4,0,9,0,heldout
pad,4,104,0.4,0.5,7,3,11,3,heldout
pad,4,110,0.4,0.5,6,6,8,6,heldout
pad,4,117,0.4,0.5,4,3,7,3,heldout
pad,4,128,0.4,0.5,4,3,6,3,heldout
pad,4,134,0.4,0.5,6,4,11,4,heldout
pad,4,137,0.4,0.5,3,2,6,2,heldout
pad,4,139,0.4,0.5,7,4,12,4,heldout
pad,4,140,0.4,0.5,3,2,7,2,heldout
pad,4,-1,0.425,0.3,118,96,171,96,val
pad,4,-1,0.425,0.5,118,73,171,73,val
pad,4,13,0.425,0.3,4,4,11,4,heldout
pad,4,16,0.425,0.3,3,3,9,3,heldout
pad,4,38,0.425,0.3,5,3,9,3,heldout
pad,4,41,0.425,0.3,4,4,13,4,heldout
pad,4,49,0.425,0.3,10,10,10,10,heldout
pad,4,52,0.425,0.3,5,3,8,3,heldout
pad,4,53,0.425,0.3,5,2,8,2,heldout
pad,4,58,0.425,0.3,4,3,3,3,heldout
pad,4,59,0.425,0.3,7,7,13,7,heldout
pad,4,63,0.425,0.3,6,6,8,6,heldout
pad,4,64,0.425,0.3,8,8,9,8,heldout
pad,4,68,0.425,0.3,2,2,5,2,heldout
pad,4,75,0.425,0.3,7,5,11,5,heldout
pad,4,76,0.425,0.3,7,5,8,5,heldout
pad,4,86,0.425,0.3,4,3,8,3,heldout
pad,4,96,0.425,0.3,5,4,7,4,heldout
pad,4,99,0.425,0.3,4,4,10,4,heldout
pad,4,104,0.425,0.3,7,7,10,7,heldout
pad,4,110,0.425,0.3,6,6,8,6,heldout
pad,4,117,0.425,0.3,4,4,7,4,heldout
pad,4,128,0.425,0.3,4,4,6,4,heldout
pad,4,134,0.425,0.3,6,4,11,4,heldout
pad,4,137,0.425,0.3,3,3,7,3,heldout
pad,4,139,0.425,0.3,7,7,13,7,heldout
pad,4,140,0.425,0.3,3,3,7,3,heldout
pad,4,13,0.425,0.5,4,4,11,4,heldout
pad,4,16,0.425,0.5,3,3,9,3,heldout
pad,4,38,0.425,0.5,5,3,9,3,heldout
pad,4,41,0.425,0.5,4,4,13,4,heldout
pad,4,49,0.425,0.5,10,6,10,6,heldout
pad,4,52,0.425,0.5,5,1,8,1,heldout
pad,4,53,0.425,0.5,5,2,8,2,heldout
pad,4,58,0.425,0.5,4,3,3,3,heldout
pad,4,59,0.425,0.5,7,7,13,7,heldout
pad,4,63,0.425,0.5,6,4,8,4,heldout
pad,4,64,0.425,0.5,8,3,9,3,heldout
pad,4,68,0.425,0.5,2,2,5,2,heldout
pad,4,75,0.425,0.5,7,2,11,2,heldout
pad,4,76,0.425,0.5,7,2,8,2,heldout
pad,4,86,0.425,0.5,4,2,8,2,heldout
pad,4,96,0.425,0.5,5,3,7,3,heldout
pad,4,99,0.425,0.5,4,0,10,0,heldout
pad,4,104,0.425,0.5,7,3,10,3,heldout
pad,4,110,0.425,0.5,6,6,8,6,heldout
pad,4,117,0.425,0.5,4,4,7,4,heldout
pad,4,128,0.425,0.5,4,3,6,3,heldout
pad,4,134,0.425,0.5,6,3,11,3,heldout
pad,4,137,0.425,0.5,3,3,7,3,heldout
pad,4,139,0.425,0.5,7,5,13,5,heldout
pad,4,140,0.425,0.5,3,3,7,3,heldout
pad,4,-1,0.45,0.3,118,102,172,102,val
pad,4,-1,0.45,0.5,118,79,172,79,val
pad,4,13,0.45,0.3,4,4,11,4,heldout
pad,4,16,0.45,0.3,3,3,9,3,heldout
pad,4,38,0.45,0.3,5,3,9,3,heldout
pad,4,41,0.45,0.3,4,4,10,4,heldout
pad,4,49,0.45,0.3,10,10,10,10,heldout
pad,4,52,0.45,0.3,5,3,8,3,heldout
pad,4,53,0.45,0.3,5,2,8,2,heldout
pad,4,58,0.45,0.3,4,3,4,3,heldout
pad,4,59,0.45,0.3,7,7,12,7,heldout
pad,4,63,0.45,0.3,6,5,9,5,heldout
pad,4,64,0.45,0.3,8,8,9,8,heldout
pad,4,68,0.45,0.3,2,2,5,2,heldout
pad,4,75,0.45,0.3,7,5,11,5,heldout
pad,4,76,0.45,0.3,7,5,8,5,heldout
pad,4,86,0.45,0.3,4,3,8,3,heldout
pad,4,96,0.45,0.3,5,4,7,4,heldout
pad,4,99,0.45,0.3,4,4,10,4,heldout
pad,4,104,0.45,0.3,7,7,10,7,heldout
pad,4,110,0.45,0.3,6,6,8,6,heldout
pad,4,117,0.45,0.3,4,4,6,4,heldout
pad,4,128,0.45,0.3,4,4,6,4,heldout
pad,4,134,0.45,0.3,6,5,10,5,heldout
pad,4,137,0.45,0.3,3,3,7,3,heldout
pad,4,139,0.45,0.3,7,7,14,7,heldout
pad,4,140,0.45,0.3,3,3,7,3,heldout
pad,4,13,0.45,0.5,4,4,11,4,heldout
pad,4,16,0.45,0.5,3,3,9,3,heldout
pad,4,38,0.45,0.5,5,3,9,3,heldout
pad,4,41,0.45,0.5,4,4,10,4,heldout
pad,4,49,0.45,0.5,10,6,10,6,heldout
pad,4,52,0.45,0.5,5,1,8,1,heldout
pad,4,53,0.45,0.5,5,2,8,2,heldout
pad,4,58,0.45,0.5,4,3,4,3,heldout
pad,4,59,0.45,0.5,7,7,12,7,heldout
pad,4,63,0.45,0.5,6,4,9,4,heldout
pad,4,64,0.45,0.5,8,4,9,4,heldout
pad,4,68,0.45,0.5,2,2,5,2,heldout
pad,4,75,0.45,0.5,7,3,11,3,heldout
pad,4,76,0.45,0.5,7,3,8,3,heldout
pad,4,86,0.45,0.5,4,2,8,2,heldout
pad,4,96,0.45,0.5,5,3,7,3,heldout
pad,4,99,0.45,0.5,4,1,10,1,heldout
pad,4,104,0.45,0.5,7,3,10,3,heldout
pad,4,110,0.45,0.5,6,6,8,6,heldout
pad,4,117,0.45,0.5,4,4,6,4,heldout
pad,4,128,0.45,0.5,4,3,6,3,heldout
pad,4,134,0.45,0.5,6,3,10,3,heldout
pad,4,137,0.45,0.5,3,3,7,3,heldout
pad,4,139,0.45,0.5,7,5,14,5,heldout
pad,4,140,0.45,0.5,3,3,7,3,heldout
pad,4,-1,0.475,0.3,118,107,172,107,val
pad,4,-1,0.475,0.5,118,92,172,92,val
pad,4,13,0.475,0.3,4,4,10,4,heldout
pad,4,16,0.475,0.3,3,3,9,3,heldout
pad,4,38,0.475,0.3,5,3,8,3,heldout
pad,4,41,0.475,0.3,4,4,9,4,heldout
pad,4,49,0.475,0.3,10,9,11,9,heldout
pad,4,52,0.475,0.3,5,3,7,3,heldout
pad,4,53,0.475,0.3,5,2,8,2,heldout
pad,4,58,0.475,0.3,4,4,4,4,heldout
pad,4,59,0.475,0.3,7,7,13,7,heldout
pad,4,63,0.475,0.3,6,5,7,5,heldout
pad,4,64,0.475,0.3,8,8,9,8,heldout
pad,4,68,0.475,0.3,2,2,5,2,heldout
pad,4,75,0.475,0.3,7,5,9,5,heldout
pad,4,76,0.475,0.3,7,6,10,6,heldout
pad,4,86,0.475,0.3,4,3,6,3,heldout
pad,4,96,0.475,0.3,5,4,6,4,heldout
pad,4,99,0.475,0.3,4,4,10,4,heldout
pad,4,104,0.475,0.3,7,7,10,7,heldout
pad,4,110,0.475,0.3,6,6,8,6,heldout
pad,4,117,0.475,0.3,4,4,6,4,heldout
pad,4,128,0.475,0.3,4,4,6,4,heldout
pad,4,134,0.475,0.3,6,4,9,4,heldout
pad,4,137,0.475,0.3,3,3,7,3,heldout
pad,4,139,0.475,0.3,7,7,15,7,heldout
pad,4,140,0.475,0.3,3,3,7,3,heldout
pad,4,13,0.475,0.5,4,4,10,4,heldout
pad,4,16,0.475,0.5,3,3,9,3,heldout
pad,4,38,0.475,0.5,5,3,8,3,heldout
pad,4,41,0.475,0.5,4,4,9,4,heldout
pad,4,49,0.475,0.5,10,6,11,6,heldout
pad,4,52,0.475,0.5,5,1,7,1,heldout
pad,4,53,0.475,0.5,5,2,8,2,heldout
pad,4,58,0.475,0.5,4,3,4,3,heldout
pad,4,59,0.475,0.5,7,7,13,7,heldout
pad,4,63,0.475,0.5,6,5,7,5,heldout
pad,4,64,0.475,0.5,8,4,9,4,heldout
pad,4,68,0.475,0.5,2,2,5,2,heldout
pad,4,75,0.475,0.5,7,3,9,3,heldout
pad,4,76,0.475,0.5,7,4,10,4,heldout
pad,4,86,0.475,0.5,4,2,6,2,heldout
pad,4,96,0.475,0.5,5,3,6,3,heldout
pad,4,99,0.475,0.5,4,2,10,2,heldout
pad,4,104,0.475,0.5,7,3,10,3,heldout
pad,4,110,0.475,0.5,6,6,8,6,heldout
pad,4,117,0.475,0.5,4,4,6,4,heldout
pad,4,128,0.475,0.5,4,3,6,3,heldout
pad,4,134,0.475,0.5,6,3,9,3,heldout
pad,4,137,0.475,0.5,3,3,7,3,heldout
pad,4,139,0.475,0.5,7,6,15,6,heldout
pad,4,140,0.475,0.5,3,3,7,3,heldout
pad,4,-1,0.5,0.3,118,109,167,109,val
pad,4,-1,0.5,0.5,118,94,167,94,val
pad,4,13,0.5,0.3,4,4,10,4,heldout
pad,4,16,0.5,0.3,3,3,9,3,heldout
pad,4,38,0.5,0.3,5,3,8,3,heldout
pad,4,41,0.5,0.3,4,4,10,4,heldout
pad,4,49,0.5,0.3,10,8,12,8,heldout
pad,4,52,0.5,0.3,5,4,7,4,heldout
pad,4,53,0.5,0.3,5,3,7,3,heldout
pad,4,58,0.5,0.3,4,4,4,4,heldout
pad,4,59,0.5,0.3,7,7,13,7,heldout
pad,4,63,0.5,0.3,6,5,6,5,heldout
pad,4,64,0.5,0.3,8,8,9,8,heldout
pad,4,68,0.5,0.3,2,2,2,2,heldout
pad,4,75,0.5,0.3,7,5,9,5,heldout
pad,4,76,0.5,0.3,7,7,11,7,heldout
pad,4,86,0.5,0.3,4,3,5,3,heldout
pad,4,96,0.5,0.3,5,4,6,4,heldout
pad,4,99,0.5,0.3,4,4,9,4,heldout
pad,4,104,0.5,0.3,7,7,10,7,heldout
pad,4,110,0.5,0.3,6,6,8,6,heldout
pad,4,117,0.5,0.3,4,4,6,4,heldout
pad,4,128,0.5,0.3,4,4,6,4,heldout
pad,4,134,0.5,0.3,6,4,8,4,heldout
pad,4,137,0.5,0.3,3,3,7,3,heldout
pad,4,139,0.5,0.3,7,7,14,7,heldout
pad,4,140,0.5,0.3,3,3,6,3,heldout
pad,4,13,0.5,0.5,4,4,10,4,heldout
pad,4,16,0.5,0.5,3,3,9,3,heldout
pad,4,38,0.5,0.5,5,3,8,3,heldout
pad,4,41,0.5,0.5,4,4,10,4,heldout
pad,4,49,0.5,0.5,10,6,12,6,heldout
pad,4,52,0.5,0.5,5,2,7,2,heldout
pad,4,53,0.5,0.5,5,2,7,2,heldout
pad,4,58,0.5,0.5,4,3,4,3,heldout
pad,4,59,0.5,0.5,7,6,13,6,heldout
pad,4,63,0.5,0.5,6,5,6,5,heldout
pad,4,64,0.5,0.5,8,5,9,5,heldout
pad,4,68,0.5,0.5,2,2,2,2,heldout
pad,4,75,0.5,0.5,7,4,9,4,heldout
pad,4,76,0.5,0.5,7,4,11,4,heldout
pad,4,86,0.5,0.5,4,2,5,2,heldout
pad,4,96,0.5,0.5,5,2,6,2,heldout
pad,4,99,0.5,0.5,4,2,9,2,heldout
pad,4,104,0.5,0.5,7,4,10,4,heldout
pad,4,110,0.5,0.5,6,6,8,6,heldout
pad,4,117,0.5,0.5,4,4,6,4,heldout
pad,4,128,0.5,0.5,4,3,6,3,heldout
pad,4,134,0.5,0.5,6,3,8,3,heldout
pad,4,137,0.5,0.5,3,3,7,3,heldout
pad,4,139,0.5,0.5,7,6,14,6,heldout
pad,4,140,0.5,0.5,3,3,6,3,heldout
pad,4,-1,0.525,0.3,118,111,170,111,val
pad,4,-1,0.525,0.5,118,98,170,98,val
pad,4,13,0.525,0.3,4,4,9,4,heldout
pad,4,16,0.525,0.3,3,3,8,3,heldout
pad,4,38,0.525,0.3,5,5,8,5,heldout
pad,4,41,0.525,0.3,4,4,9,4,heldout
pad,4,49,0.525,0.3,10,8,10,8,heldout
pad,4,52,0.525,0.3,5,5,8,5,heldout
pad,4,53,0.525,0.3,5,3,7,3,heldout
pad,4,58,0.525,0.3,4,4,4,4,heldout
pad,4,59,0.525,0.3,7,7,13,7,heldout
pad,4,63,0.525,0.3,6,5,6,5,heldout
pad,4,64,0.525,0.3,8,8,8,8,heldout
pad,4,68,0.525,0.3,2,2,2,2,heldout
pad,4,75,0.525,0.3,7,6,8,6,heldout
pad,4,76,0.525,0.3,7,7,11,7,heldout
pad,4,86,0.525,0.3,4,3,5,3,heldout
pad,4,96,0.525,0.3,5,4,6,4,heldout
pad,4,99,0.525,0.3,4,4,10,4,heldout
pad,4,104,0.525,0.3,7,7,10,7,heldout
pad,4,110,0.525,0.3,6,6,8,6,heldout
pad,4,117,0.525,0.3,4,4,7,4,heldout
pad,4,128,0.525,0.3,4,4,5,4,heldout
pad,4,134,0.525,0.3,6,4,7,4,heldout
pad,4,137,0.525,0.3,3,3,7,3,heldout
pad,4,139,0.525,0.3,7,7,12,7,heldout
pad,4,140,0.525,0.3,3,3,5,3,heldout
pad,4,13,0.525,0.5,4,4,9,4,heldout
pad,4,16,0.525,0.5,3,3,8,3,heldout
pad,4,38,0.525,0.5,5,4,8,4,heldout
pad,4,41,0.525,0.5,4,4,9,4,heldout
pad,4,49,0.525,0.5,10,6,10,6,heldout
pad,4,52,0.525,0.5,5,5,8,5,heldout
pad,4,53,0.525,0.5,5,2,7,2,heldout
pad,4,58,0.525,0.5,4,3,4,3,heldout
pad,4,59,0.525,0.5,7,6,13,6,heldout
pad,4,63,0.525,0.5,6,5,6,5,heldout
pad,4,64,0.525,0.5,8,5,8,5,heldout
pad,4,68,0.525,0.5,2,1,2,1,heldout
pad,4,75,0.525,0.5,7,3,8,3,heldout
pad,4,76,0.525,0.5,7,5,11,5,heldout
pad,4,86,0.525,0.5,4,2,5,2,heldout
pad,4,96,0.525,0.5,5,2,6,2,heldout
pad,4,99,0.525,0.5,4,2,10,2,heldout
pad,4,104,0.525,0.5,7,5,10,5,heldout
pad,4,110,0.525,0.5,6,6,8,6,heldout
pad,4,117,0.525,0.5,4,4,7,4,heldout
pad,4,128,0.525,0.5,4,4,5,4,heldout
pad,4,134,0.525,0.5,6,3,7,3,heldout
pad,4,137,0.525,0.5,3,3,7,3,heldout
pad,4,139,0.525,0.5,7,7,12,7,heldout
pad,4,140,0.525,0.5,3,3,5,3,heldout
pad,4,-1,0.55,0.3,118,111,165,111,val
pad,4,-1,0.55,0.5,118,95,165,95,val
pad,4,13,0.55,0.3,4,4,10,4,heldout
pad,4,16,0.55,0.3,3,3,8,3,heldout
pad,4,38,0.55,0.3,5,5,8,5,heldout
pad,4,41,0.55,0.3,4,4,11,4,heldout
pad,4,49,0.55,0.3,10,8,10,8,heldout
pad,4,52,0.55,0.3,5,5,8,5,heldout
pad,4,53,0.55,0.3,5,4,7,4,heldout
pad,4,58,0.55,0.3,4,4,4,4,heldout
pad,4,59,0.55,0.3,7,7,14,7,heldout
pad,4,63,0.55,0.3,6,5,6,5,heldout
pad,4,64,0.55,0.3,8,8,8,8,heldout
pad,4,68,0.55,0.3,2,2,2,2,heldout
pad,4,75,0.55,0.3,7,7,9,7,heldout
pad,4,76,0.55,0.3,7,7,12,7,heldout
pad,4,86,0.55,0.3,4,4,6,4,heldout
pad,4,96,0.55,0.3,5,3,6,3,heldout
pad,4,99,0.55,0.3,4,4,9,4,heldout
pad,4,104,0.55,0.3,7,7,10,7,heldout
pad,4,110,0.55,0.3,6,6,8,6,heldout
pad,4,117,0.55,0.3,4,4,7,4,heldout
pad,4,128,0.55,0.3,4,4,6,4,heldout
pad,4,134,0.55,0.3,6,4,5,4,heldout
pad,4,137,0.55,0.3,3,3,8,3,heldout
pad,4,139,0.55,0.3,7,7,12,7,heldout
pad,4,140,0.55,0.3,3,3,5,3,heldout
pad,4,13,0.55,0.5,4,4,10,4,heldout
pad,4,16,0.55,0.5,3,3,8,3,heldout
pad,4,38,0.55,0.5,5,4,8,4,heldout
pad,4,41,0.55,0.5,4,4,11,4,heldout
pad,4,49,0.55,0.5,10,8,10,8,heldout
pad,4,52,0.55,0.5,5,5,8,5,heldout
pad,4,53,0.55,0.5,5,2,7,2,heldout
pad,4,58,0.55,0.5,4,3,4,3,heldout
pad,4,59,0.55,0.5,7,6,14,6,heldout
pad,4,63,0.55,0.5,6,5,6,5,heldout
pad,4,64,0.55,0.5,8,6,8,6,heldout
pad,4,68,0.55,0.5,2,1,2,1,heldout
pad,4,75,0.55,0.5,7,4,9,4,heldout
pad,4,76,0.55,0.5,7,5,12,5,heldout
pad,4,86,0.55,0.5,4,4,6,4,heldout
pad,4,96,0.55,0.5,5,2,6,2,heldout
pad,4,99,0.55,0.5,4,2,9,2,heldout
pad,4,104,0.55,0.5,7,6,10,6,heldout
pad,4,110,0.55,0.5,6,6,8,6,heldout
pad,4,117,0.55,0.5,4,4,7,4,heldout
pad,4,128,0.55,0.5,4,4,6,4,heldout
pad,4,134,0.55,0.5,6,3,5,3,heldout
pad,4,137,0.55,0.5,3,3,8,3,heldout
pad,4,139,0.55,0.5,7,7,12,7,heldout
pad,4,140,0.55,0.5,3,3,5,3,heldout
pad,4,-1,0.575,0.3,118,109,167,109,val
pad,4,-1,0.575,0.5,118,94,167,94,val
pad,4,13,0.575,0.3,4,4,10,4,heldout
pad,4,16,0.575,0.3,3,3,7,3,heldout
pad,4,38,0.575,0.3,5,5,8,5,heldout
pad,4,41,0.575,0.3,4,4,12,4,heldout
pad,4,49,0.575,0.3,10,8,9,8,heldout
pad,4,52,0.575,0.3,5,5,8,5,heldout
pad,4,53,0.575,0.3,5,4,7,4,heldout
pad,4,58,0.575,0.3,4,4,4,4,heldout
pad,4,59,0.575,0.3,7,7,15,7,heldout
pad,4,63,0.575,0.3,6,5,6,5,heldout
pad,4,64,0.575,0.3,8,8,8,8,heldout
pad,4,68,0.575,0.3,2,2,2,2,heldout
pad,4,75,0.575,0.3,7,6,8,6,heldout
pad,4,76,0.575,0.3,7,7,13,7,heldout
pad,4,86,0.575,0.3,4,4,6,4,heldout
pad,4,96,0.575,0.3,5,3,4,3,heldout
pad,4,99,0.575,0.3,4,4,9,4,heldout
pad,4,104,0.575,0.3,7,7,10,7,heldout
pad,4,110,0.575,0.3,6,6,8,6,heldout
pad,4,117,0.575,0.3,4,4,5,4,heldout
pad,4,128,0.575,0.3,4,4,6,4,heldout
pad,4,134,0.575,0.3,6,4,5,4,heldout
pad,4,137,0.575,0.3,3,3,8,3,heldout
pad,4,139,0.575,0.3,7,7,12,7,heldout
pad,4,140,0.575,0.3,3,3,5,3,heldout
pad,4,13,0.575,0.5,4,4,10,4,heldout
pad,4,16,0.575,0.5,3,3,7,3,heldout
pad,4,38,0.575,0.5,5,4,8,4,heldout
pad,4,41,0.575,0.5,4,4,12,4,heldout
pad,4,49,0.575,0.5,10,8,9,8,heldout
pad,4,52,0.575,0.5,5,5,8,5,heldout
pad,4,53,0.575,0.5,5,3,7,3,heldout
pad,4,58,0.575,0.5,4,3,4,3,heldout
pad,4,59,0.575,0.5,7,6,15,6,heldout
pad,4,63,0.575,0.5,6,4,6,4,heldout
pad,4,64,0.575,0.5,8,7,8,7,heldout
pad,4,68,0.575,0.5,2,1,2,1,heldout
pad,4,75,0.575,0.5,7,4,8,4,heldout
pad,4,76,0.575,0.5,7,6,13,6,heldout
pad,4,86,0.575,0.5,4,4,6,4,heldout
pad,4,96,0.575,0.5,5,2,4,2,heldout
pad,4,99,0.575,0.5,4,2,9,2,heldout
pad,4,104,0.575,0.5,7,6,10,6,heldout
pad,4,110,0.575,0.5,6,5,8,5,heldout
pad,4,117,0.575,0.5,4,4,5,4,heldout
pad,4,128,0.575,0.5,4,4,6,4,heldout
pad,4,134,0.575,0.5,6,4,5,4,heldout
pad,4,137,0.575,0.5,3,3,8,3,heldout
pad,4,139,0.575,0.5,7,7,12,7,heldout
pad,4,140,0.575,0.5,3,3,5,3,heldout
pad,4,-1,0.6,0.3,118,108,165,108,val
pad,4,-1,0.6,0.5,118,92,165,92,val
pad,4,13,0.6,0.3,4,4,9,4,heldout
pad,4,16,0.6,0.3,3,3,7,3,heldout
pad,4,38,0.6,0.3,5,5,8,5,heldout
pad,4,41,0.6,0.3,4,4,11,4,heldout
pad,4,49,0.6,0.3,10,8,8,8,heldout
pad,4,52,0.6,0.3,5,5,8,5,heldout
pad,4,53,0.6,0.3,5,4,7,4,heldout
pad,4,58,0.6,0.3,4,4,4,4,heldout
pad,4,59,0.6,0.3,7,7,12,7,heldout
pad,4,63,0.6,0.3,6,5,6,5,heldout
pad,4,64,0.6,0.3,8,8,8,8,heldout
pad,4,68,0.6,0.3,2,2,2,2,heldout
pad,4,75,0.6,0.3,7,6,8,6,heldout
pad,4,76,0.6,0.3,7,6,13,6,heldout
pad,4,86,0.6,0.3,4,4,5,4,heldout
pad,4,96,0.6,0.3,5,3,4,3,heldout
pad,4,99,0.6,0.3,4,4,9,4,heldout
pad,4,104,0.6,0.3,7,7,10,7,heldout
pad,4,110,0.6,0.3,6,6,9,6,heldout
pad,4,117,0.6,0.3,4,4,5,4,heldout
pad,4,128,0.6,0.3,4,4,6,4,heldout
pad,4,134,0.6,0.3,6,4,5,4,heldout
pad,4,137,0.6,0.3,3,3,8,3,heldout
pad,4,139,0.6,0.3,7,7,12,7,heldout
pad,4,140,0.6,0.3,3,3,5,3,heldout
pad,4,13,0.6,0.5,4,4,9,4,heldout
pad,4,16,0.6,0.5,3,3,7,3,heldout
pad,4,38,0.6,0.5,5,4,8,4,heldout
pad,4,41,0.6,0.5,4,4,11,4,heldout
pad,4,49,0.6,0.5,10,8,8,8,heldout
pad,4,52,0.6,0.5,5,5,8,5,heldout
pad,4,53,0.6,0.5,5,3,7,3,heldout
pad,4,58,0.6,0.5,4,3,4,3,heldout
pad,4,59,0.6,0.5,7,6,12,6,heldout
pad,4,63,0.6,0.5,6,4,6,4,heldout
pad,4,64,0.6,0.5,8,7,8,7,heldout
pad,4,68,0.6,0.5,2,1,2,1,heldout
pad,4,75,0.6,0.5,7,5,8,5,heldout
pad,4,76,0.6,0.5,7,6,13,6,heldout
pad,4,86,0.6,0.5,4,4,5,4,heldout
pad,4,96,0.6,0.5,5,2,4,2,heldout
pad,4,99,0.6,0.5,4,3,9,3,heldout
pad,4,104,0.6,0.5,7,7,10,7,heldout
pad,4,110,0.6,0.5,6,5,9,5,heldout
pad,4,117,0.6,0.5,4,4,5,4,heldout
pad,4,128,0.6,0.5,4,4,6,4,heldout
pad,4,134,0.6,0.5,6,4,5,4,heldout
pad,4,137,0.6,0.5,3,3,8,3,heldout
pad,4,139,0.6,0.5,7,7,12,7,heldout
pad,4,140,0.6,0.5,3,3,5,3,heldout
pad,4,-1,0.625,0.3,118,103,158,103,val
pad,4,-1,0.625,0.5,118,87,158,87,val
pad,4,13,0.625,0.3,4,4,10,4,heldout
pad,4,16,0.625,0.3,3,3,7,3,heldout
pad,4,38,0.625,0.3,5,5,8,5,heldout
pad,4,41,0.625,0.3,4,4,12,4,heldout
pad,4,49,0.625,0.3,10,8,8,8,heldout
pad,4,52,0.625,0.3,5,5,8,5,heldout
pad,4,53,0.625,0.3,5,4,8,4,heldout
pad,4,58,0.625,0.3,4,3,4,3,heldout
pad,4,59,0.625,0.3,7,7,10,7,heldout
pad,4,63,0.625,0.3,6,5,6,5,heldout
pad,4,64,0.625,0.3,8,8,9,8,heldout
pad,4,68,0.625,0.3,2,2,2,2,heldout
pad,4,75,0.625,0.3,7,6,7,6,heldout
pad,4,76,0.625,0.3,7,6,13,6,heldout
pad,4,86,0.625,0.3,4,4,5,4,heldout
pad,4,96,0.625,0.3,5,4,5,4,heldout
pad,4,99,0.625,0.3,4,4,8,4,heldout
pad,4,104,0.625,0.3,7,7,11,7,heldout
pad,4,110,0.625,0.3,6,5,9,5,heldout
pad,4,117,0.625,0.3,4,4,6,4,heldout
pad,4,128,0.625,0.3,4,4,5,4,heldout
pad,4,134,0.625,0.3,6,4,5,4,heldout
pad,4,137,0.625,0.3,3,3,6,3,heldout
pad,4,139,0.625,0.3,7,7,12,7,heldout
pad,4,140,0.625,0.3,3,3,5,3,heldout
pad,4,13,0.625,0.5,4,4,10,4,heldout
pad,4,16,0.625,0.5,3,2,7,2,heldout
pad,4,38,0.625,0.5,5,4,8,4,heldout
pad,4,41,0.625,0.5,4,3,12,3,heldout
pad,4,49,0.625,0.5,10,6,8,6,heldout
pad,4,52,0.625,0.5,5,5,8,5,heldout
pad,4,53,0.625,0.5,5,4,8,4,heldout
pad,4,58,0.625,0.5,4,3,4,3,heldout
pad,4,59,0.625,0.5,7,5,10,5,heldout
pad,4,63,0.625,0.5,6,4,6,4,heldout
pad,4,64,0.625,0.5,8,6,9,6,heldout
pad,4,68,0.625,0.5,2,0,2,0,heldout
pad,4,75,0.625,0.5,7,5,7,5,heldout
pad,4,76,0.625,0.5,7,6,13,6,heldout
pad,4,86,0.625,0.5,4,4,5,4,heldout
pad,4,96,0.625,0.5,5,4,5,4,heldout
pad,4,99,0.625,0.5,4,3,8,3,heldout
pad,4,104,0.625,0.5,7,7,11,7,heldout
pad,4,110,0.625,0.5,6,3,9,3,heldout
pad,4,117,0.625,0.5,4,4,6,4,heldout
pad,4,128,0.625,0.5,4,3,5,3,heldout
pad,4,134,0.625,0.5,6,3,5,3,heldout
pad,4,137,0.625,0.5,3,3,6,3,heldout
pad,4,139,0.625,0.5,7,6,12,6,heldout
pad,4,140,0.625,0.5,3,2,5,2,heldout
pad,4,-1,0.65,0.3,118,99,158,99,val
pad,4,-1,0.65,0.5,118,73,158,73,val
pad,4,13,0.65,0.3,4,4,8,4,heldout
pad,4,16,0.65,0.3,3,3,7,3,heldout
pad,4,38,0.65,0.3,5,5,5,5,heldout
pad,4,41,0.65,0.3,4,3,11,3,heldout
pad,4,49,0.65,0.3,10,7,8,7,heldout
pad,4,52,0.65,0.3,5,5,8,5,heldout
pad,4,53,0.65,0.3,5,5,9,5,heldout
pad,4,58,0.65,0.3,4,4,5,4,heldout
pad,4,59,0.65,0.3,7,6,10,6,heldout
pad,4,63,0.65,0.3,6,5,5,5,heldout
pad,4,64,0.65,0.3,8,8,8,8,heldout
pad,4,68,0.65,0.3,2,1,2,1,heldout
pad,4,75,0.65,0.3,7,6,7,6,heldout
pad,4,76,0.65,0.3,7,7,14,7,heldout
pad,4,86,0.65,0.3,4,4,5,4,heldout
pad,4,96,0.65,0.3,5,4,5,4,heldout
pad,4,99,0.65,0.3,4,3,8,3,heldout
pad,4,104,0.65,0.3,7,7,11,7,heldout
pad,4,110,0.65,0.3,6,4,11,4,heldout
pad,4,117,0.65,0.3,4,4,5,4,heldout
pad,4,128,0.65,0.3,4,4,5,4,heldout
pad,4,134,0.65,0.3,6,4,5,4,heldout
pad,4,137,0.65,0.3,3,3,6,3,heldout
pad,4,139,0.65,0.3,7,6,13,6,heldout
pad,4,140,0.65,0.3,3,3,5,3,heldout
pad,4,13,0.65,0.5,4,4,8,4,heldout
pad,4,16,0.65,0.5,3,2,7,2,heldout
pad,4,38,0.65,0.5,5,5,5,5,heldout
pad,4,41,0.65,0.5,4,3,11,3,heldout
pad,4,49,0.65,0.5,10,5,8,5,heldout
pad,4,52,0.65,0.5,5,5,8,5,heldout
pad,4,53,0.65,0.5,5,4,9,4,heldout
pad,4,58,0.65,0.5,4,3,5,3,heldout
pad,4,59,0.65,0.5,7,3,10,3,heldout
pad,4,63,0.65,0.5,6,4,5,4,heldout
pad,4,64,0.65,0.5,8,6,8,6,heldout
pad,4,68,0.65,0.5,2,0,2,0,heldout
pad,4,75,0.65,0.5,7,5,7,5,heldout
pad,4,76,0.65,0.5,7,6,14,6,heldout
pad,4,86,0.65,0.5,4,4,5,4,heldout
pad,4,96,0.65,0.5,5,4,5,4,heldout
pad,4,99,0.65,0.5,4,3,8,3,heldout
pad,4,104,0.65,0.5,7,7,11,7,heldout
pad,4,110,0.65,0.5,6,3,11,3,heldout
pad,4,117,0.65,0.5,4,3,5,3,heldout
pad,4,128,0.65,0.5,4,3,5,3,heldout
pad,4,134,0.65,0.5,6,2,5,2,heldout
pad,4,137,0.65,0.5,3,3,6,3,heldout
pad,4,139,0.65,0.5,7,6,13,6,heldout
pad,4,140,0.65,0.5,3,2,5,2,heldout
pad,4,-1,0.675,0.3,118,94,142,94,val
pad,4,-1,0.675,0.5,118,63,142,63,val
pad,4,13,0.675,0.3,4,4,7,4,heldout
pad,4,16,0.675,0.3,3,2,7,2,heldout
pad,4,38,0.675,0.3,5,5,5,5,heldout
pad,4,41,0.675,0.3,4,3,10,3,heldout
pad,4,49,0.675,0.3,10,7,8,7,heldout
pad,4,52,0.675,0.3,5,5,9,5,heldout
pad,4,53,0.675,0.3,5,4,8,4,heldout
pad,4,58,0.675,0.3,4,3,7,3,heldout
pad,4,59,0.675,0.3,7,4,9,4,heldout
pad,4,63,0.675,0.3,6,4,5,4,heldout
pad,4,64,0.675,0.3,8,8,8,8,heldout
pad,4,68,0.675,0.3,2,0,2,0,heldout
pad,4,75,0.675,0.3,7,6,7,6,heldout
pad,4,76,0.675,0.3,7,6,12,6,heldout
pad,4,86,0.675,0.3,4,4,5,4,heldout
pad,4,96,0.675,0.3,5,4,5,4,heldout
pad,4,99,0.675,0.3,4,3,8,3,heldout
pad,4,104,0.675,0.3,7,7,10,7,heldout
pad,4,110,0.675,0.3,6,4,11,4,heldout
pad,4,117,0.675,0.3,4,4,5,4,heldout
pad,4,128,0.675,0.3,4,3,5,3,heldout
pad,4,134,0.675,0.3,6,2,5,2,heldout
pad,4,137,0.675,0.3,3,3,6,3,heldout
pad,4,139,0.675,0.3,7,6,11,6,heldout
pad,4,140,0.675,0.3,3,2,4,2,heldout
pad,4,13,0.675,0.5,4,3,7,3,heldout
pad,4,16,0.675,0.5,3,2,7,2,heldout
pad,4,38,0.675,0.5,5,4,5,4,heldout
pad,4,41,0.675,0.5,4,1,10,1,heldout
pad,4,49,0.675,0.5,10,5,8,5,heldout
pad,4,52,0.675,0.5,5,4,9,4,heldout
pad,4,53,0.675,0.5,5,4,8,4,heldout
pad,4,58,0.675,0.5,4,2,7,2,heldout
pad,4,59,0.675,0.5,7,3,9,3,heldout
pad,4,63,0.675,0.5,6,4,5,4,heldout
pad,4,64,0.675,0.5,8,5,8,5,heldout
pad,4,68,0.675,0.5,2,0,2,0,heldout
pad,4,75,0.675,0.5,7,5,7,5,heldout
pad,4,76,0.675,0.5,7,5,12,5,heldout
pad,4,86,0.675,0.5,4,2,5,2,heldout
pad,4,96,0.675,0.5,5,4,5,4,heldout
pad,4,99,0.675,0.5,4,2,8,2,heldout
pad,4,104,0.675,0.5,7,7,10,7,heldout
pad,4,110,0.675,0.5,6,2,11,2,heldout
pad,4,117,0.675,0.5,4,2,5,2,heldout
pad,4,128,0.675,0.5,4,3,5,3,heldout
pad,4,134,0.675,0.5,6,2,5,2,heldout
pad,4,137,0.675,0.5,3,3,6,3,heldout
pad,4,139,0.675,0.5,7,5,11,5,heldout
pad,4,140,0.675,0.5,3,2,4,2,heldout
pad,4,-1,0.7,0.3,118,78,135,78,val
pad,4,-1,0.7,0.5,118,58,135,58,val
pad,4,13,0.7,0.3,4,4,7,4,heldout
pad,4,16,0.7,0.3,3,2,7,2,heldout
pad,4,38,0.7,0.3,5,5,5,5,heldout
pad,4,41,0.7,0.3,4,3,5,3,heldout
pad,4,49,0.7,0.3,10,6,8,6,heldout
pad,4,52,0.7,0.3,5,5,9,5,heldout
pad,4,53,0.7,0.3,5,3,9,3,heldout
pad,4,58,0.7,0.3,4,3,5,3,heldout
pad,4,59,0.7,0.3,7,3,9,3,heldout
pad,4,63,0.7,0.3,6,4,5,4,heldout
pad,4,64,0.7,0.3,8,6,8,6,heldout
pad,4,68,0.7,0.3,2,0,1,0,heldout
pad,4,75,0.7,0.3,7,5,7,5,heldout
pad,4,76,0.7,0.3,7,6,11,6,heldout
pad,4,86,0.7,0.3,4,2,6,2,heldout
pad,4,96,0.7,0.3,5,4,5,4,heldout
pad,4,99,0.7,0.3,4,2,8,2,heldout
pad,4,104,0.7,0.3,7,7,10,7,heldout
pad,4,110,0.7,0.3,6,4,10,4,heldout
pad,4,117,0.7,0.3,4,4,5,4,heldout
pad,4,128,0.7,0.3,4,3,4,3,heldout
pad,4,134,0.7,0.3,6,2,3,2,heldout
pad,4,137,0.7,0.3,3,3,6,3,heldout
pad,4,139,0.7,0.3,7,6,10,6,heldout
pad,4,140,0.7,0.3,3,2,4,2,heldout
pad,4,13,0.7,0.5,4,1,7,1,heldout
pad,4,16,0.7,0.5,3,2,7,2,heldout
pad,4,38,0.7,0.5,5,4,5,4,heldout
pad,4,41,0.7,0.5,4,1,5,1,heldout
pad,4,49,0.7,0.5,10,5,8,5,heldout
pad,4,52,0.7,0.5,5,3,9,3,heldout
pad,4,53,0.7,0.5,5,2,9,2,heldout
pad,4,58,0.7,0.5,4,2,5,2,heldout
pad,4,59,0.7,0.5,7,1,9,1,heldout
pad,4,63,0.7,0.5,6,4,5,4,heldout
pad,4,64,0.7,0.5,8,5,8,5,heldout
pad,4,68,0.7,0.5,2,0,1,0,heldout
pad,4,75,0.7,0.5,7,3,7,3,heldout
pad,4,76,0.7,0.5,7,3,11,3,heldout
pad,4,86,0.7,0.5,4,1,6,1,heldout
pad,4,96,0.7,0.5,5,4,5,4,heldout
pad,4,99,0.7,0.5,4,1,8,1,heldout
pad,4,104,0.7,0.5,7,6,10,6,heldout
pad,4,110,0.7,0.5,6,1,10,1,heldout
pad,4,117,0.7,0.5,4,2,5,2,heldout
pad,4,128,0.7,0.5,4,3,4,3,heldout
pad,4,134,0.7,0.5,6,2,3,2,heldout
pad,4,137,0.7,0.5,3,2,6,2,heldout
pad,4,139,0.7,0.5,7,4,10,4,heldout
pad,4,140,0.7,0.5,3,2,4,2,heldout
pad,4,-1,0.725,0.3,118,69,121,69,val
pad,4,-1,0.725,0.5,118,43,121,43,val
pad,4,13,0.725,0.3,4,3,7,3,heldout
pad,4,16,0.725,0.3,3,2,5,2,heldout
pad,4,38,0.725,0.3,5,4,5,4,heldout
pad,4,41,0.725,0.3,4,1,6,1,heldout
pad,4,49,0.725,0.3,10,6,9,6,heldout
pad,4,52,0.725,0.3,5,4,8,4,heldout
pad,4,53,0.725,0.3,5,3,8,3,heldout
pad,4,58,0.725,0.3,4,2,4,2,heldout
pad,4,59,0.725,0.3,7,3,7,3,heldout
pad,4,63,0.725,0.3,6,4,6,4,heldout
pad,4,64,0.725,0.3,8,5,8,5,heldout
pad,4,68,0.725,0.3,2,0,1,0,heldout
pad,4,75,0.725,0.3,7,4,6,4,heldout
pad,4,76,0.725,0.3,7,5,9,5,heldout
pad,4,86,0.725,0.3,4,2,5,2,heldout
pad,4,96,0.725,0.3,5,4,5,4,heldout
pad,4,99,0.725,0.3,4,2,5,2,heldout
pad,4,104,0.725,0.3,7,7,9,7,heldout
pad,4,110,0.725,0.3,6,3,7,3,heldout
pad,4,117,0.725,0.3,4,4,6,4,heldout
pad,4,128,0.725,0.3,4,3,4,3,heldout
pad,4,134,0.725,0.3,6,2,2,2,heldout
pad,4,137,0.725,0.3,3,3,6,3,heldout
pad,4,139,0.725,0.3,7,5,11,5,heldout
pad,4,140,0.725,0.3,3,2,4,2,heldout
pad,4,13,0.725,0.5,4,1,7,1,heldout
pad,4,16,0.725,0.5,3,1,5,1,heldout
pad,4,38,0.725,0.5,5,4,5,4,heldout
pad,4,41,0.725,0.5,4,1,6,1,heldout
pad,4,49,0.725,0.5,10,4,9,4,heldout
pad,4,52,0.725,0.5,5,2,8,2,heldout
pad,4,53,0.725,0.5,5,2,8,2,heldout
pad,4,58,0.725,0.5,4,2,4,2,heldout
pad,4,59,0.725,0.5,7,1,7,1,heldout
pad,4,63,0.725,0.5,6,3,6,3,heldout
pad,4,64,0.725,0.5,8,5,8,5,heldout
pad,4,68,0.725,0.5,2,0,1,0,heldout
pad,4,75,0.725,0.5,7,2,6,2,heldout
pad,4,76,0.725,0.5,7,3,9,3,heldout
pad,4,86,0.725,0.5,4,1,5,1,heldout
pad,4,96,0.725,0.5,5,3,5,3,heldout
pad,4,99,0.725,0.5,4,1,5,1,heldout
pad,4,104,0.725,0.5,7,6,9,6,heldout
pad,4,110,0.725,0.5,6,0,7,0,heldout
pad,4,117,0.725,0.5,4,1,6,1,heldout
pad,4,128,0.725,0.5,4,2,4,2,heldout
pad,4,134,0.725,0.5,6,1,2,1,heldout
pad,4,137,0.725,0.5,3,1,6,1,heldout
pad,4,139,0.725,0.5,7,3,11,3,heldout
pad,4,140,0.725,0.5,3,2,4,2,heldout
pad,4,-1,0.75,0.3,118,56,106,56,val
pad,4,-1,0.75,0.5,118,31,106,31,val
pad,4,13,0.75,0.3,4,2,7,2,heldout
pad,4,16,0.75,0.3,3,1,5,1,heldout
pad,4,38,0.75,0.3,5,3,6,3,heldout
pad,4,41,0.75,0.3,4,1,4,1,heldout
pad,4,49,0.75,0.3,10,5,6,5,heldout
pad,4,52,0.75,0.3,5,4,7,4,heldout
pad,4,53,0.75,0.3,5,3,7,3,heldout
pad,4,58,0.75,0.3,4,2,4,2,heldout
pad,4,59,0.75,0.3,7,2,4,2,heldout
pad,4,63,0.75,0.3,6,3,8,3,heldout
pad,4,64,0.75,0.3,8,4,7,4,heldout
pad,4,68,0.75,0.3,2,0,0,0,heldout
pad,4,75,0.75,0.3,7,2,5,2,heldout
pad,4,76,0.75,0.3,7,4,8,4,heldout
pad,4,86,0.75,0.3,4,0,4,0,heldout
pad,4,96,0.75,0.3,5,4,5,4,heldout
pad,4,99,0.75,0.3,4,1,4,1,heldout
pad,4,104,0.75,0.3,7,7,8,7,heldout
pad,4,110,0.75,0.3,6,1,5,1,heldout
pad,4,117,0.75,0.3,4,2,4,2,heldout
pad,4,128,0.75,0.3,4,3,4,3,heldout
pad,4,134,0.75,0.3,6,2,2,2,heldout
pad,4,137,0.75,0.3,3,2,7,2,heldout
pad,4,139,0.75,0.3,7,4,10,4,heldout
pad,4,140,0.75,0.3,3,2,4,2,heldout
pad,4,13,0.75,0.5,4,0,7,0,heldout
pad,4,16,0.75,0.5,3,0,5,0,heldout
pad,4,38,0.75,0.5,5,2,6,2,heldout
pad,4,41,0.75,0.5,4,1,4,1,heldout
pad,4,49,0.75,0.5,10,3,6,3,heldout
pad,4,52,0.75,0.5,5,1,7,1,heldout
pad,4,53,0.75,0.5,5,1,7,1,heldout
pad,4,58,0.75,0.5,4,1,4,1,heldout
pad,4,59,0.75,0.5,7,1,4,1,heldout
pad,4,63,0.75,0.5,6,2,8,2,heldout
pad,4,64,0.75,0.5,8,2,7,2,heldout
pad,4,68,0.75,0.5,2,0,0,0,heldout
pad,4,75,0.75,0.5,7,1,5,1,heldout
pad,4,76,0.75,0.5,7,3,8,3,heldout
pad,4,86,0.75,0.5,4,0,4,0,heldout
pad,4,96,0.75,0.5,5,3,5,3,heldout
pad,4,99,0.75,0.5,4,0,4,0,heldout
pad,4,104,0.75,0.5,7,4,8,4,heldout
pad,4,110,0.75,0.5,6,0,5,0,heldout
pad,4,117,0.75,0.5,4,1,4,1,heldout
pad,4,128,0.75,0.5,4,2,4,2,heldout
pad,4,134,0.75,0.5,6,1,2,1,heldout
pad,4,137,0.75,0.5,3,0,7,0,heldout
pad,4,139,0.75,0.5,7,1,10,1,heldout
pad,4,140,0.75,0.5,3,2,4,2,heldout
pad,4,-1,0.775,0.3,118,38,86,38,val
pad,4,-1,0.775,0.5,118,20,86,20,val
pad,4,13,0.775,0.3,4,2,4,2,heldout
pad,4,16,0.775,0.3,3,1,4,1,heldout
pad,4,38,0.775,0.3,5,2,5,2,heldout
pad,4,41,0.775,0.3,4,1,3,1,heldout
pad,4,49,0.775,0.3,10,3,7,3,heldout
pad,4,52,0.775,0.3,5,1,5,1,heldout
pad,4,53,0.775,0.3,5,2,5,2,heldout
pad,4,58,0.775,0.3,4,2,3,2,heldout
pad,4,59,0.775,0.3,7,1,3,1,heldout
pad,4,63,0.775,0.3,6,2,6,2,heldout
pad,4,64,0.775,0.3,8,1,3,1,heldout
pad,4,68,0.775,0.3,2,0,0,0,heldout
pad,4,75,0.775,0.3,7,1,4,1,heldout
pad,4,76,0.775,0.3,7,3,6,3,heldout
pad,4,86,0.775,0.3,4,0,3,0,heldout
pad,4,96,0.775,0.3,5,3,5,3,heldout
pad,4,99,0.775,0.3,4,0,2,0,heldout
pad,4,104,0.775,0.3,7,7,7,7,heldout
pad,4,110,0.775,0.3,6,0,3,0,heldout
pad,4,117,0.775,0.3,4,1,4,1,heldout
pad,4,128,0.775,0.3,4,3,4,3,heldout
pad,4,134,0.775,0.3,6,1,2,1,heldout
pad,4,137,0.775,0.3,3,2,7,2,heldout
pad,4,139,0.775,0.3,7,4,6,4,heldout
pad,4,140,0.775,0.3,3,2,4,2,heldout
pad,4,13,0.775,0.5,4,0,4,0,heldout
pad,4,16,0.775,0.5,3,0,4,0,heldout
pad,4,38,0.775,0.5,5,2,5,2,heldout
pad,4,41,0.775,0.5,4,1,3,1,heldout
pad,4,49,0.775,0.5,10,2,7,2,heldout
pad,4,52,0.775,0.5,5,0,5,0,heldout
pad,4,53,0.775,0.5,5,0,5,0,heldout
pad,4,58,0.775,0.5,4,0,3,0,heldout
pad,4,59,0.775,0.5,7,0,3,0,heldout
pad,4,63,0.775,0.5,6,1,6,1,heldout
pad,4,64,0.775,0.5,8,0,3,0,heldout
pad,4,68,0.775,0.5,2,0,0,0,heldout
pad,4,75,0.775,0.5,7,0,4,0,heldout
pad,4,76,0.775,0.5,7,1,6,1,heldout
pad,4,86,0.775,0.5,4,0,3,0,heldout
pad,4,96,0.775,0.5,5,1,5,1,heldout
pad,4,99,0.775,0.5,4,0,2,0,heldout
pad,4,104,0.775,0.5,7,4,7,4,heldout
pad,4,110,0.775,0.5,6,0,3,0,heldout
pad,4,117,0.775,0.5,4,1,4,1,heldout
pad,4,128,0.775,0.5,4,2,4,2,heldout
pad,4,134,0.775,0.5,6,0,2,0,heldout
pad,4,137,0.775,0.5,3,0,7,0,heldout
pad,4,139,0.775,0.5,7,1,6,1,heldout
pad,4,140,0.775,0.5,3,2,4,2,heldout
pad,4,-1,0.8,0.3,118,28,67,28,val
pad,4,-1,0.8,0.5,118,13,67,13,val
pad,4,13,0.8,0.3,4,1,3,1,heldout
pad,4,16,0.8,0.3,3,0,2,0,heldout
pad,4,38,0.8,0.3,5,1,4,1,heldout
pad,4,41,0.8,0.3,4,1,1,1,heldout
pad,4,49,0.8,0.3,10,3,6,3,heldout
pad,4,52,0.8,0.3,5,0,3,0,heldout
pad,4,53,0.8,0.3,5,1,3,1,heldout
pad,4,58,0.8,0.3,4,0,2,0,heldout
pad,4,59,0.8,0.3,7,0,4,0,heldout
pad,4,63,0.8,0.3,6,2,3,2,heldout
pad,4,64,0.8,0.3,8,0,2,0,heldout
pad,4,68,0.8,0.3,2,0,0,0,heldout
pad,4,75,0.8,0.3,7,0,1,0,heldout
pad,4,76,0.8,0.3,7,2,7,2,heldout
pad,4,86,0.8,0.3,4,0,1,0,heldout
pad,4,96,0.8,0.3,5,2,5,2,heldout
pad,4,99,0.8,0.3,4,0,1,0,heldout
pad,4,104,0.8,0.3,7,4,6,4,heldout
pad,4,110,0.8,0.3,6,0,2,0,heldout
pad,4,117,0.8,0.3,4,1,4,1,heldout
pad,4,128,0.8,0.3,4,3,4,3,heldout
pad,4,134,0.8,0.3,6,0,2,0,heldout
pad,4,137,0.8,0.3,3,1,6,1,heldout
pad,4,139,0.8,0.3,7,2,5,2,heldout
pad,4,140,0.8,0.3,3,2,3,2,heldout
pad,4,13,0.8,0.5,4,0,3,0,heldout
pad,4,16,0.8,0.5,3,0,2,0,heldout
pad,4,38,0.8,0.5,5,0,4,0,heldout
pad,4,41,0.8,0.5,4,0,1,0,heldout
pad,4,49,0.8,0.5,10,0,6,0,heldout
pad,4,52,0.8,0.5,5,0,3,0,heldout
pad,4,53,0.8,0.5,5,0,3,0,heldout
pad,4,58,0.8,0.5,4,0,2,0,heldout
pad,4,59,0.8,0.5,7,0,4,0,heldout
pad,4,63,0.8,0.5,6,0,3,0,heldout
pad,4,64,0.8,0.5,8,0,2,0,heldout
pad,4,68,0.8,0.5,2,0,0,0,heldout
pad,4,75,0.8,0.5,7,0,1,0,heldout
pad,4,76,0.8,0.5,7,1,7,1,heldout
pad,4,86,0.8,0.5,4,0,1,0,heldout
pad,4,96,0.8,0.5,5,0,5,0,heldout
pad,4,99,0.8,0.5,4,0,1,0,heldout
pad,4,104,0.8,0.5,7,2,6,2,heldout
pad,4,110,0.8,0.5,6,0,2,0,heldout
pad,4,117,0.8,0.5,4,0,4,0,heldout
pad,4,128,0.8,0.5,4,1,4,1,heldout
pad,4,134,0.8,0.5,6,0,2,0,heldout
pad,4,137,0.8,0.5,3,0,6,0,heldout
pad,4,139,0.8,0.5,7,0,5,0,heldout
pad,4,140,0.8,0.5,3,1,3,1,heldout
pad,4,-1,0.825,0.3,118,17,45,17,val
pad,4,-1,0.825,0.5,118,4,45,4,val
pad,4,13,0.825,0.3,4,0,2,0,heldout
pad,4,16,0.825,0.3,3,0,1,0,heldout
pad,4,38,0.825,0.3,5,1,1,1,heldout
pad,4,41,0.825,0.3,4,0,2,0,heldout
pad,4,49,0.825,0.3,10,0,6,0,heldout
pad,4,52,0.825,0.3,5,0,2,0,heldout
pad,4,53,0.825,0.3,5,0,1,0,heldout
pad,4,58,0.825,0.3,4,0,1,0,heldout
pad,4,59,0.825,0.3,7,0,1,0,heldout
pad,4,63,0.825,0.3,6,2,2,2,heldout
pad,4,64,0.825,0.3,8,0,2,0,heldout
pad,4,68,0.825,0.3,2,0,0,0,heldout
pad,4,75,0.825,0.3,7,0,1,0,heldout
pad,4,76,0.825,0.3,7,2,3,2,heldout
pad,4,86,0.825,0.3,4,0,1,0,heldout
pad,4,96,0.825,0.3,5,1,2,1,heldout
pad,4,99,0.825,0.3,4,0,2,0,heldout
pad,4,104,0.825,0.3,7,3,5,3,heldout
pad,4,110,0.825,0.3,6,0,1,0,heldout
pad,4,117,0.825,0.3,4,0,3,0,heldout
pad,4,128,0.825,0.3,4,3,4,3,heldout
pad,4,134,0.825,0.3,6,0,0,0,heldout
pad,4,137,0.825,0.3,3,0,5,0,heldout
pad,4,139,0.825,0.3,7,1,3,1,heldout
pad,4,140,0.825,0.3,3,1,4,1,heldout
pad,4,13,0.825,0.5,4,0,2,0,heldout
pad,4,16,0.825,0.5,3,0,1,0,heldout
pad,4,38,0.825,0.5,5,0,1,0,heldout
pad,4,41,0.825,0.5,4,0,2,0,heldout
pad,4,49,0.825,0.5,10,0,6,0,heldout
pad,4,52,0.825,0.5,5,0,2,0,heldout
pad,4,53,0.825,0.5,5,0,1,0,heldout
pad,4,58,0.825,0.5,4,0,1,0,heldout
pad,4,59,0.825,0.5,7,0,1,0,heldout
pad,4,63,0.825,0.5,6,0,2,0,heldout
pad,4,64,0.825,0.5,8,0,2,0,heldout
pad,4,68,0.825,0.5,2,0,0,0,heldout
pad,4,75,0.825,0.5,7,0,1,0,heldout
pad,4,76,0.825,0.5,7,1,3,1,heldout
pad,4,86,0.825,0.5,4,0,1,0,heldout
pad,4,96,0.825,0.5,5,0,2,0,heldout
pad,4,99,0.825,0.5,4,0,2,0,heldout
pad,4,104,0.825,0.5,7,1,5,1,heldout
pad,4,110,0.825,0.5,6,0,1,0,heldout
pad,4,117,0.825,0.5,4,0,3,0,heldout
pad,4,128,0.825,0.5,4,1,4,1,heldout
pad,4,134,0.825,0.5,6,0,0,0,heldout
pad,4,137,0.825,0.5,3,0,5,0,heldout
pad,4,139,0.825,0.5,7,0,3,0,heldout
pad,4,140,0.825,0.5,3,0,4,0,heldout
pad,4,-1,0.85,0.3,118,7,29,7,val
pad,4,-1,0.85,0.5,118,0,29,0,val
pad,4,13,0.85,0.3,4,0,1,0,heldout
pad,4,16,0.85,0.3,3,0,0,0,heldout
pad,4,38,0.85,0.3,5,0,1,0,heldout
pad,4,41,0.85,0.3,4,0,1,0,heldout
pad,4,49,0.85,0.3,10,0,0,0,heldout
pad,4,52,0.85,0.3,5,0,0,0,heldout
pad,4,53,0.85,0.3,5,0,0,0,heldout
pad,4,58,0.85,0.3,4,0,1,0,heldout
pad,4,59,0.85,0.3,7,0,0,0,heldout
pad,4,63,0.85,0.3,6,1,2,1,heldout
pad,4,64,0.85,0.3,8,0,0,0,heldout
pad,4,68,0.85,0.3,2,0,0,0,heldout
pad,4,75,0.85,0.3,7,0,1,0,heldout
pad,4,76,0.85,0.3,7,1,3,1,heldout
pad,4,86,0.85,0.3,4,0,1,0,heldout
pad,4,96,0.85,0.3,5,0,1,0,heldout
pad,4,99,0.85,0.3,4,0,0,0,heldout
pad,4,104,0.85,0.3,7,1,3,1,heldout
pad,4,110,0.85,0.3,6,0,1,0,heldout
pad,4,117,0.85,0.3,4,0,0,0,heldout
pad,4,128,0.85,0.3,4,1,4,1,heldout
pad,4,134,0.85,0.3,6,0,0,0,heldout
pad,4,137,0.85,0.3,3,0,2,0,heldout
pad,4,139,0.85,0.3,7,0,1,0,heldout
pad,4,140,0.85,0.3,3,1,3,1,heldout
pad,4,13,0.85,0.5,4,0,1,0,heldout
pad,4,16,0.85,0.5,3,0,0,0,heldout
pad,4,38,0.85,0.5,5,0,1,0,heldout
pad,4,41,0.85,0.5,4,0,1,0,heldout
pad,4,49,0.85,0.5,10,0,0,0,heldout
pad,4,52,0.85,0.5,5,0,0,0,heldout
pad,4,53,0.85,0.5,5,0,0,0,heldout
pad,4,58,0.85,0.5,4,0,1,0,heldout
pad,4,59,0.85,0.5,7,0,0,0,heldout
pad,4,63,0.85,0.5,6,0,2,0,heldout
pad,4,64,0.85,0.5,8,0,0,0,heldout
pad,4,68,0.85,0.5,2,0,0,0,heldout
pad,4,75,0.85,0.5,7,0,1,0,heldout
pad,4,76,0.85,0.5,7,0,3,0,heldout
pad,4,86,0.85,0.5,4,0,1,0,heldout
pad,4,96,0.85,0.5,5,0,1,0,heldout
pad,4,99,0.85,0.5,4,0,0,0,heldout
pad,4,104,0.85,0.5,7,0,3,0,heldout
pad,4,110,0.85,0.5,6,0,1,0,heldout
pad,4,117,0.85,0.5,4,0,0,0,heldout
pad,4,128,0.85,0.5,4,0,4,0,heldout
pad,4,134,0.85,0.5,6,0,0,0,heldout
pad,4,137,0.85,0.5,3,0,2,0,heldout
pad,4,139,0.85,0.5,7,0,1,0,heldout
pad,4,140,0.85,0.5,3,0,3,0,heldout
pad,4,-1,0.875,0.3,118,1,15,1,val
pad,4,-1,0.875,0.5,118,0,15,0,val
pad,4,13,0.875,0.3,4,0,0,0,heldout
pad,4,16,0.875,0.3,3,0,0,0,heldout
pad,4,38,0.875,0.3,5,0,0,0,heldout
pad,4,41,0.875,0.3,4,0,1,0,heldout
pad,4,49,0.875,0.3,10,0,0,0,heldout
pad,4,52,0.875,0.3,5,0,0,0,heldout
pad,4,53,0.875,0.3,5,0,0,0,heldout
pad,4,58,0.875,0.3,4,0,0,0,heldout
pad,4,59,0.875,0.3,7,0,0,0,heldout
pad,4,63,0.875,0.3,6,0,1,0,heldout
pad,4,64,0.875,0.3,8,0,0,0,heldout
pad,4,68,0.875,0.3,2,0,0,0,heldout
pad,4,75,0.875,0.3,7,0,0,0,heldout
pad,4,76,0.875,0.3,7,0,2,0,heldout
pad,4,86,0.875,0.3,4,0,0,0,heldout
pad,4,96,0.875,0.3,5,0,0,0,heldout
pad,4,99,0.875,0.3,4,0,0,0,heldout
pad,4,104,0.875,0.3,7,1,1,1,heldout
pad,4,110,0.875,0.3,6,0,1,0,heldout
pad,4,117,0.875,0.3,4,0,0,0,heldout
pad,4,128,0.875,0.3,4,1,3,1,heldout
pad,4,134,0.875,0.3,6,0,0,0,heldout
pad,4,137,0.875,0.3,3,0,1,0,heldout
pad,4,139,0.875,0.3,7,0,0,0,heldout
pad,4,140,0.875,0.3,3,0,2,0,heldout
pad,4,13,0.875,0.5,4,0,0,0,heldout
pad,4,16,0.875,0.5,3,0,0,0,heldout
pad,4,38,0.875,0.5,5,0,0,0,heldout
pad,4,41,0.875,0.5,4,0,1,0,heldout
pad,4,49,0.875,0.5,10,0,0,0,heldout
pad,4,52,0.875,0.5,5,0,0,0,heldout
pad,4,53,0.875,0.5,5,0,0,0,heldout
pad,4,58,0.875,0.5,4,0,0,0,heldout
pad,4,59,0.875,0.5,7,0,0,0,heldout
pad,4,63,0.875,0.5,6,0,1,0,heldout
pad,4,64,0.875,0.5,8,0,0,0,heldout
pad,4,68,0.875,0.5,2,0,0,0,heldout
pad,4,75,0.875,0.5,7,0,0,0,heldout
pad,4,76,0.875,0.5,7,0,2,0,heldout
pad,4,86,0.875,0.5,4,0,0,0,heldout
pad,4,96,0.875,0.5,5,0,0,0,heldout
pad,4,99,0.875,0.5,4,0,0,0,heldout
pad,4,104,0.875,0.5,7,0,1,0,heldout
pad,4,110,0.875,0.5,6,0,1,0,heldout
pad,4,117,0.875,0.5,4,0,0,0,heldout
pad,4,128,0.875,0.5,4,0,3,0,heldout
pad,4,134,0.875,0.5,6,0,0,0,heldout
pad,4,137,0.875,0.5,3,0,1,0,heldout
pad,4,139,0.875,0.5,7,0,0,0,heldout
pad,4,140,0.875,0.5,3,0,2,0,heldout
pad,4,-1,0.9,0.3,118,0,2,0,val
pad,4,-1,0.9,0.5,118,0,2,0,val
pad,4,13,0.9,0.3,4,0,0,0,heldout
pad,4,16,0.9,0.3,3,0,0,0,heldout
pad,4,38,0.9,0.3,5,0,0,0,heldout
pad,4,41,0.9,0.3,4,0,0,0,heldout
pad,4,49,0.9,0.3,10,0,0,0,heldout
pad,4,52,0.9,0.3,5,0,0,0,heldout
pad,4,53,0.9,0.3,5,0,0,0,heldout
pad,4,58,0.9,0.3,4,0,0,0,heldout
pad,4,59,0.9,0.3,7,0,0,0,heldout
pad,4,63,0.9,0.3,6,0,0,0,heldout
pad,4,64,0.9,0.3,8,0,0,0,heldout
pad,4,68,0.9,0.3,2,0,0,0,heldout
pad,4,75,0.9,0.3,7,0,0,0,heldout
pad,4,76,0.9,0.3,7,0,1,0,heldout
pad,4,86,0.9,0.3,4,0,0,0,heldout
pad,4,96,0.9,0.3,5,0,0,0,heldout
pad,4,99,0.9,0.3,4,0,0,0,heldout
pad,4,104,0.9,0.3,7,0,1,0,heldout
pad,4,110,0.9,0.3,6,0,0,0,heldout
pad,4,117,0.9,0.3,4,0,0,0,heldout
pad,4,128,0.9,0.3,4,0,1,0,heldout
pad,4,134,0.9,0.3,6,0,0,0,heldout
pad,4,137,0.9,0.3,3,0,0,0,heldout
pad,4,139,0.9,0.3,7,0,0,0,heldout
pad,4,140,0.9,0.3,3,0,1,0,heldout
pad,4,13,0.9,0.5,4,0,0,0,heldout
pad,4,16,0.9,0.5,3,0,0,0,heldout
pad,4,38,0.9,0.5,5,0,0,0,heldout
pad,4,41,0.9,0.5,4,0,0,0,heldout
pad,4,49,0.9,0.5,10,0,0,0,heldout
pad,4,52,0.9,0.5,5,0,0,0,heldout
pad,4,53,0.9,0.5,5,0,0,0,heldout
pad,4,58,0.9,0.5,4,0,0,0,heldout
pad,4,59,0.9,0.5,7,0,0,0,heldout
pad,4,63,0.9,0.5,6,0,0,0,heldout
pad,4,64,0.9,0.5,8,0,0,0,heldout
pad,4,68,0.9,0.5,2,0,0,0,heldout
pad,4,75,0.9,0.5,7,0,0,0,heldout
pad,4,76,0.9,0.5,7,0,1,0,heldout
pad,4,86,0.9,0.5,4,0,0,0,heldout
pad,4,96,0.9,0.5,5,0,0,0,heldout
pad,4,99,0.9,0.5,4,0,0,0,heldout
pad,4,104,0.9,0.5,7,0,1,0,heldout
pad,4,110,0.9,0.5,6,0,0,0,heldout
pad,4,117,0.9,0.5,4,0,0,0,heldout
pad,4,128,0.9,0.5,4,0,1,0,heldout
pad,4,134,0.9,0.5,6,0,0,0,heldout
pad,4,137,0.9,0.5,3,0,0,0,heldout
pad,4,139,0.9,0.5,7,0,0,0,heldout
pad,4,140,0.9,0.5,3,0,1,0,heldout
pad,4,-1,0.925,0.3,118,0,1,0,val
pad,4,-1,0.925,0.5,118,0,1,0,val
pad,4,13,0.925,0.3,4,0,0,0,heldout
pad,4,16,0.925,0.3,3,0,0,0,heldout
pad,4,38,0.925,0.3,5,0,0,0,heldout
pad,4,41,0.925,0.3,4,0,0,0,heldout
pad,4,49,0.925,0.3,10,0,0,0,heldout
pad,4,52,0.925,0.3,5,0,0,0,heldout
pad,4,53,0.925,0.3,5,0,0,0,heldout
pad,4,58,0.925,0.3,4,0,0,0,heldout
pad,4,59,0.925,0.3,7,0,0,0,heldout
pad,4,63,0.925,0.3,6,0,0,0,heldout
pad,4,64,0.925,0.3,8,0,0,0,heldout
pad,4,68,0.925,0.3,2,0,0,0,heldout
pad,4,75,0.925,0.3,7,0,0,0,heldout
pad,4,76,0.925,0.3,7,0,0,0,heldout
pad,4,86,0.925,0.3,4,0,0,0,heldout
pad,4,96,0.925,0.3,5,0,0,0,heldout
pad,4,99,0.925,0.3,4,0,0,0,heldout
pad,4,104,0.925,0.3,7,0,0,0,heldout
pad,4,110,0.925,0.3,6,0,0,0,heldout
pad,4,117,0.925,0.3,4,0,0,0,heldout
pad,4,128,0.925,0.3,4,0,0,0,heldout
pad,4,134,0.925,0.3,6,0,0,0,heldout
pad,4,137,0.925,0.3,3,0,0,0,heldout
pad,4,139,0.925,0.3,7,0,0,0,heldout
pad,4,140,0.925,0.3,3,0,0,0,heldout
pad,4,13,0.925,0.5,4,0,0,0,heldout
pad,4,16,0.925,0.5,3,0,0,0,heldout
pad,4,38,0.925,0.5,5,0,0,0,heldout
pad,4,41,0.925,0.5,4,0,0,0,heldout
pad,4,49,0.925,0.5,10,0,0,0,heldout
pad,4,52,0.925,0.5,5,0,0,0,heldout
pad,4,53,0.925,0.5,5,0,0,0,heldout
pad,4,58,0.925,0.5,4,0,0,0,heldout
pad,4,59,0.925,0.5,7,0,0,0,heldout
pad,4,63,0.925,0.5,6,0,0,0,heldout
pad,4,64,0.925,0.5,8,0,0,0,heldout
pad,4,68,0.925,0.5,2,0,0,0,heldout
pad,4,75,0.925,0.5,7,0,0,0,heldout
pad,4,76,0.925,0.5,7,0,0,0,heldout
pad,4,86,0.925,0.5,4,0,0,0,heldout
pad,4,96,0.925,0.5,5,0,0,0,heldout
pad,4,99,0.925,0.5,4,0,0,0,heldout
pad,4,104,0.925,0.5,7,0,0,0,heldout
pad,4,110,0.925,0.5,6,0,0,0,heldout
pad,4,117,0.925,0.5,4,0,0,0,heldout
pad,4,128,0.925,0.5,4,0,0,0,heldout
pad,4,134,0.925,0.5,6,0,0,0,heldout
pad,4,137,0.925,0.5,3,0,0,0,heldout
pad,4,139,0.925,0.5,7,0,0,0,heldout
pad,4,140,0.925,0.5,3,0,0,0,heldout
pad,4,-1,0.95,0.3,118,0,0,0,val
pad,4,-1,0.95,0.5,118,0,0,0,val
pad,4,13,0.95,0.3,4,0,0,0,heldout
pad,4,16,0.95,0.3,3,0,0,0,heldout
pad,4,38,0.95,0.3,5,0,0,0,heldout
pad,4,41,0.95,0.3,4,0,0,0,heldout
pad,4,49,0.95,0.3,10,0,0,0,heldout
pad,4,52,0.95,0.3,5,0,0,0,heldout
pad,4,53,0.95,0.3,5,0,0,0,heldout
pad,4,58,0.95,0.3,4,0,0,0,heldout
pad,4,59,0.95,0.3,7,0,0,0,heldout
pad,4,63,0.95,0.3,6,0,0,0,heldout
pad,4,64,0.95,0.3,8,0,0,0,heldout
pad,4,68,0.95,0.3,2,0,0,0,heldout
pad,4,75,0.95,0.3,7,0,0,0,heldout
pad,4,76,0.95,0.3,7,0,0,0,heldout
pad,4,86,0.95,0.3,4,0,0,0,heldout
pad,4,96,0.95,0.3,5,0,0,0,heldout
pad,4,99,0.95,0.3,4,0,0,0,heldout
pad,4,104,0.95,0.3,7,0,0,0,heldout
pad,4,110,0.95,0.3,6,0,0,0,heldout
pad,4,117,0.95,0.3,4,0,0,0,heldout
pad,4,128,0.95,0.3,4,0,0,0,heldout
pad,4,134,0.95,0.3,6,0,0,0,heldout
pad,4,137,0.95,0.3,3,0,0,0,heldout
pad,4,139,0.95,0.3,7,0,0,0,heldout
pad,4,140,0.95,0.3,3,0,0,0,heldout
pad,4,13,0.95,0.5,4,0,0,0,heldout
pad,4,16,0.95,0.5,3,0,0,0,heldout
pad,4,38,0.95,0.5,5,0,0,0,heldout
pad,4,41,0.95,0.5,4,0,0,0,heldout
pad,4,49,0.95,0.5,10,0,0,0,heldout
pad,4,52,0.95,0.5,5,0,0,0,heldout
pad,4,53,0.95,0.5,5,0,0,0,heldout
pad,4,58,0.95,0.5,4,0,0,0,heldout
pad,4,59,0.95,0.5,7,0,0,0,heldout
pad,4,63,0.95,0.5,6,0,0,0,heldout
pad,4,64,0.95,0.5,8,0,0,0,heldout
pad,4,68,0.95,0.5,2,0,0,0,heldout
pad,4,75,0.95,0.5,7,0,0,0,heldout
pad,4,76,0.95,0.5,7,0,0,0,heldout
pad,4,86,0.95,0.5,4,0,0,0,heldout
pad,4,96,0.95,0.5,5,0,0,0,heldout
pad,4,99,0.95,0.5,4,0,0,0,heldout
pad,4,104,0.95,0.5,7,0,0,0,heldout
pad,4,110,0.95,0.5,6,0,0,0,heldout
pad,4,117,0.95,0.5,4,0,0,0,heldout
pad,4,128,0.95,0.5,4,0,0,0,heldout
pad,4,134,0.95,0.5,6,0,0,0,heldout
pad,4,137,0.95,0.5,3,0,0,0,heldout
pad,4,139,0.95,0.5,7,0,0,0,heldout
pad,4,140,0.95,0.5,3,0,0,0,heldout
