model,fold,block_id,thr,tau,n_gt,tp_gt,n_pred,tp_pred,split
pit,0,-1,0.05,0.3,85,31,801,31,val
pit,0,-1,0.05,0.5,85,4,801,4,val
pit,0,2,0.05,0.3,5,2,52,2,heldout
pit,0,14,0.05,0.3,3,2,69,2,heldout
pit,0,18,0.05,0.3,2,1,104,1,heldout
pit,0,27,0.05,0.3,6,6,36,6,heldout
pit,0,36,0.05,0.3,3,1,38,1,heldout
pit,0,37,0.05,0.3,2,1,23,1,heldout
pit,0,41,0.05,0.3,5,0,67,0,heldout
pit,0,44,0.05,0.3,1,0,85,0,heldout
pit,0,60,0.05,0.3,5,1,33,1,heldout
pit,0,61,0.05,0.3,8,0,40,0,heldout
pit,0,71,0.05,0.3,6,4,14,4,heldout
pit,0,72,0.05,0.3,6,2,47,2,heldout
pit,0,82,0.05,0.3,2,1,87,1,heldout
pit,0,86,0.05,0.3,1,1,16,1,heldout
pit,0,88,0.05,0.3,4,3,61,3,heldout
pit,0,94,0.05,0.3,2,1,79,1,heldout
pit,0,95,0.05,0.3,8,1,40,1,heldout
pit,0,107,0.05,0.3,6,2,51,2,heldout
pit,0,108,0.05,0.3,7,1,39,1,heldout
pit,0,111,0.05,0.3,3,3,27,3,heldout
pit,0,114,0.05,0.3,2,1,49,1,heldout
pit,0,125,0.05,0.3,1,0,51,0,heldout
pit,0,126,0.05,0.3,2,1,15,1,heldout
pit,0,133,0.05,0.3,8,4,68,4,heldout
pit,0,134,0.05,0.3,5,2,46,2,heldout
pit,0,2,0.05,0.5,5,1,52,1,heldout
pit,0,14,0.05,0.5,3,1,69,1,heldout
pit,0,18,0.05,0.5,2,1,104,1,heldout
pit,0,27,0.05,0.5,6,3,36,3,heldout
pit,0,36,0.05,0.5,3,0,38,0,heldout
pit,0,37,0.05,0.5,2,0,23,0,heldout
pit,0,41,0.05,0.5,5,0,67,0,heldout
pit,0,44,0.05,0.5,1,0,85,0,heldout
pit,0,60,0.05,0.5,5,0,33,0,heldout
pit,0,61,0.05,0.5,8,0,40,0,heldout
pit,0,71,0.05,0.5,6,1,14,1,heldout
pit,0,72,0.05,0.5,6,0,47,0,heldout
pit,0,82,0.05,0.5,2,0,87,0,heldout
pit,0,86,0.05,0.5,1,0,16,0,heldout
pit,0,88,0.05,0.5,4,1,61,1,heldout
pit,0,94,0.05,0.5,2,1,79,1,heldout
pit,0,95,0.05,0.5,8,0,40,0,heldout
pit,0,107,0.05,0.5,6,0,51,0,heldout
pit,0,108,0.05,0.5,7,0,39,0,heldout
pit,0,111,0.05,0.5,3,1,27,1,heldout
pit,0,114,0.05,0.5,2,0,49,0,heldout
pit,0,125,0.05,0.5,1,0,51,0,heldout
pit,0,126,0.05,0.5,2,1,15,1,heldout
pit,0,133,0.05,0.5,8,2,68,2,heldout
pit,0,134,0.05,0.5,5,0,46,0,heldout
pit,0,-1,0.075,0.3,85,40,438,40,val
pit,0,-1,0.075,0.5,85,7,438,7,val
pit,0,2,0.075,0.3,5,3,25,3,heldout
pit,0,14,0.075,0.3,3,2,43,2,heldout
pit,0,18,0.075,0.3,2,1,54,1,heldout
pit,0,27,0.075,0.3,6,6,17,6,heldout
pit,0,36,0.075,0.3,3,1,26,1,heldout
pit,0,37,0.075,0.3,2,1,14,1,heldout
pit,0,41,0.075,0.3,5,0,38,0,heldout
pit,0,44,0.075,0.3,1,1,51,1,heldout
pit,0,60,0.075,0.3,5,3,20,3,heldout
pit,0,61,0.075,0.3,8,0,30,0,heldout
pit,0,71,0.075,0.3,6,4,9,4,heldout
pit,0,72,0.075,0.3,6,2,28,2,heldout
pit,0,82,0.075,0.3,2,1,47,1,heldout
pit,0,86,0.075,0.3,1,1,6,1,heldout
pit,0,88,0.075,0.3,4,3,34,3,heldout
pit,0,94,0.075,0.3,2,1,51,1,heldout
pit,0,95,0.075,0.3,8,2,18,2,heldout
pit,0,107,0.075,0.3,6,2,21,2,heldout
pit,0,108,0.075,0.3,7,1,21,1,heldout
pit,0,111,0.075,0.3,3,3,17,3,heldout
pit,0,114,0.075,0.3,2,1,32,1,heldout
pit,0,125,0.075,0.3,1,0,23,0,heldout
pit,0,126,0.075,0.3,2,1,11,1,heldout
pit,0,133,0.075,0.3,8,5,33,5,heldout
pit,0,134,0.075,0.3,5,2,26,2,heldout
pit,0,2,0.075,0.5,5,1,25,1,heldout
pit,0,14,0.075,0.5,3,1,43,1,heldout
pit,0,18,0.075,0.5,2,1,54,1,heldout
pit,0,27,0.075,0.5,6,3,17,3,heldout
pit,0,36,0.075,0.5,3,0,26,0,heldout
pit,0,37,0.075,0.5,2,0,14,0,heldout
pit,0,41,0.075,0.5,5,0,38,0,heldout
pit,0,44,0.075,0.5,1,0,51,0,heldout
pit,0,60,0.075,0.5,5,1,20,1,heldout
pit,0,61,0.075,0.5,8,0,30,0,heldout
pit,0,71,0.075,0.5,6,1,9,1,heldout
pit,0,72,0.075,0.5,6,1,28,1,heldout
pit,0,82,0.075,0.5,2,0,47,0,heldout
pit,0,86,0.075,0.5,1,0,6,0,heldout
pit,0,88,0.075,0.5,4,1,34,1,heldout
pit,0,94,0.075,0.5,2,1,51,1,heldout
pit,0,95,0.075,0.5,8,0,18,0,heldout
pit,0,107,0.075,0.5,6,0,21,0,heldout
pit,0,108,0.075,0.5,7,0,21,0,heldout
pit,0,111,0.075,0.5,3,1,17,1,heldout
pit,0,114,0.075,0.5,2,0,32,0,heldout
pit,0,125,0.075,0.5,1,0,23,0,heldout
pit,0,126,0.075,0.5,2,1,11,1,heldout
pit,0,133,0.075,0.5,8,2,33,2,heldout
pit,0,134,0.075,0.5,5,1,26,1,heldout
pit,0,-1,0.1,0.3,85,49,316,49,val
pit,0,-1,0.1,0.5,85,11,316,11,val
pit,0,2,0.1,0.3,5,4,16,4,heldout
pit,0,14,0.1,0.3,3,2,29,2,heldout
pit,0,18,0.1,0.3,2,1,27,1,heldout
pit,0,27,0.1,0.3,6,6,16,6,heldout
pit,0,36,0.1,0.3,3,2,14,2,heldout
pit,0,37,0.1,0.3,2,1,11,1,heldout
pit,0,41,0.1,0.3,5,0,28,0,heldout
pit,0,44,0.1,0.3,1,1,37,1,heldout
pit,0,60,0.1,0.3,5,3,18,3,heldout
pit,0,61,0.1,0.3,8,1,23,1,heldout
pit,0,71,0.1,0.3,6,5,7,5,heldout
pit,0,72,0.1,0.3,6,4,22,4,heldout
pit,0,82,0.1,0.3,2,2,27,2,heldout
pit,0,86,0.1,0.3,1,1,6,1,heldout
pit,0,88,0.1,0.3,4,3,20,3,heldout
pit,0,94,0.1,0.3,2,1,28,1,heldout
pit,0,95,0.1,0.3,8,2,16,2,heldout
pit,0,107,0.1,0.3,6,2,15,2,heldout
pit,0,108,0.1,0.3,7,1,17,1,heldout
pit,0,111,0.1,0.3,3,3,13,3,heldout
pit,0,114,0.1,0.3,2,1,20,1,heldout
pit,0,125,0.1,0.3,1,0,12,0,heldout
pit,0,126,0.1,0.3,2,1,6,1,heldout
pit,0,133,0.1,0.3,8,5,25,5,heldout
pit,0,134,0.1,0.3,5,5,20,5,heldout
pit,0,2,0.1,0.5,5,1,16,1,heldout
pit,0,14,0.1,0.5,3,1,29,1,heldout
pit,0,18,0.1,0.5,2,1,27,1,heldout
pit,0,27,0.1,0.5,6,4,16,4,heldout
pit,0,36,0.1,0.5,3,0,14,0,heldout
pit,0,37,0.1,0.5,2,0,11,0,heldout
pit,0,41,0.1,0.5,5,0,28,0,heldout
pit,0,44,0.1,0.5,1,0,37,0,heldout
pit,0,60,0.1,0.5,5,1,18,1,heldout
pit,0,61,0.1,0.5,8,0,23,0,heldout
pit,0,71,0.1,0.5,6,2,7,2,heldout
pit,0,72,0.1,0.5,6,1,22,1,heldout
pit,0,82,0.1,0.5,2,0,27,0,heldout
pit,0,86,0.1,0.5,1,0,6,0,heldout
pit,0,88,0.1,0.5,4,1,20,1,heldout
pit,0,94,0.1,0.5,2,1,28,1,heldout
pit,0,95,0.1,0.5,8,1,16,1,heldout
pit,0,107,0.1,0.5,6,0,15,0,heldout
pit,0,108,0.1,0.5,7,0,17,0,heldout
pit,0,111,0.1,0.5,3,1,13,1,heldout
pit,0,114,0.1,0.5,2,0,20,0,heldout
pit,0,125,0.1,0.5,1,0,12,0,heldout
pit,0,126,0.1,0.5,2,1,6,1,heldout
pit,0,133,0.1,0.5,8,2,25,2,heldout
pit,0,134,0.1,0.5,5,1,20,1,heldout
pit,0,-1,0.125,0.3,85,54,255,54,val
pit,0,-1,0.125,0.5,85,11,255,11,val
pit,0,2,0.125,0.3,5,5,12,5,heldout
pit,0,14,0.125,0.3,3,2,24,2,heldout
pit,0,18,0.125,0.3,2,1,16,1,heldout
pit,0,27,0.125,0.3,6,6,15,6,heldout
pit,0,36,0.125,0.3,3,2,12,2,heldout
pit,0,37,0.125,0.3,2,1,11,1,heldout
pit,0,41,0.125,0.3,5,2,25,2,heldout
pit,0,44,0.125,0.3,1,1,24,1,heldout
pit,0,60,0.125,0.3,5,3,14,3,heldout
pit,0,61,0.125,0.3,8,1,18,1,heldout
pit,0,71,0.125,0.3,6,5,7,5,heldout
pit,0,72,0.125,0.3,6,4,19,4,heldout
pit,0,82,0.125,0.3,2,2,22,2,heldout
pit,0,86,0.125,0.3,1,1,5,1,heldout
pit,0,88,0.125,0.3,4,4,19,4,heldout
pit,0,94,0.125,0.3,2,1,19,1,heldout
pit,0,95,0.125,0.3,8,4,14,4,heldout
pit,0,107,0.125,0.3,6,2,13,2,heldout
pit,0,108,0.125,0.3,7,2,13,2,heldout
pit,0,111,0.125,0.3,3,3,12,3,heldout
pit,0,114,0.125,0.3,2,2,11,2,heldout
pit,0,125,0.125,0.3,1,0,5,0,heldout
pit,0,126,0.125,0.3,2,1,3,1,heldout
pit,0,133,0.125,0.3,8,5,21,5,heldout
pit,0,134,0.125,0.3,5,5,14,5,heldout
pit,0,2,0.125,0.5,5,1,12,1,heldout
pit,0,14,0.125,0.5,3,1,24,1,heldout
pit,0,18,0.125,0.5,2,1,16,1,heldout
pit,0,27,0.125,0.5,6,6,15,6,heldout
pit,0,36,0.125,0.5,3,0,12,0,heldout
pit,0,37,0.125,0.5,2,0,11,0,heldout
pit,0,41,0.125,0.5,5,0,25,0,heldout
pit,0,44,0.125,0.5,1,0,24,0,heldout
pit,0,60,0.125,0.5,5,1,14,1,heldout
pit,0,61,0.125,0.5,8,0,18,0,heldout
pit,0,71,0.125,0.5,6,2,7,2,heldout
pit,0,72,0.125,0.5,6,1,19,1,heldout
pit,0,82,0.125,0.5,2,0,22,0,heldout
pit,0,86,0.125,0.5,1,0,5,0,heldout
pit,0,88,0.125,0.5,4,2,19,2,heldout
pit,0,94,0.125,0.5,2,1,19,1,heldout
pit,0,95,0.125,0.5,8,1,14,1,heldout
pit,0,107,0.125,0.5,6,0,13,0,heldout
pit,0,108,0.125,0.5,7,0,13,0,heldout
pit,0,111,0.125,0.5,3,1,12,1,heldout
pit,0,114,0.125,0.5,2,0,11,0,heldout
pit,0,125,0.125,0.5,1,0,5,0,heldout
pit,0,126,0.125,0.5,2,1,3,1,heldout
pit,0,133,0.125,0.5,8,2,21,2,heldout
pit,0,134,0.125,0.5,5,1,14,1,heldout
pit,0,-1,0.15,0.3,85,56,213,56,val
pit,0,-1,0.15,0.5,85,15,213,15,val
pit,0,2,0.15,0.3,5,5,10,5,heldout
pit,0,14,0.15,0.3,3,2,21,2,heldout
pit,0,18,0.15,0.3,2,1,8,1,heldout
pit,0,27,0.15,0.3,6,6,14,6,heldout
pit,0,36,0.15,0.3,3,2,11,2,heldout
pit,0,37,0.15,0.3,2,1,9,1,heldout
pit,0,41,0.15,0.3,5,2,20,2,heldout
pit,0,44,0.15,0.3,1,1,20,1,heldout
pit,0,60,0.15,0.3,5,3,13,3,heldout
pit,0,61,0.15,0.3,8,2,16,2,heldout
pit,0,71,0.15,0.3,6,5,7,5,heldout
pit,0,72,0.15,0.3,6,4,17,4,heldout
pit,0,82,0.15,0.3,2,2,18,2,heldout
pit,0,86,0.15,0.3,1,1,4,1,heldout
pit,0,88,0.15,0.3,4,4,16,4,heldout
pit,0,94,0.15,0.3,2,1,17,1,heldout
pit,0,95,0.15,0.3,8,5,14,5,heldout
pit,0,107,0.15,0.3,6,3,13,3,heldout
pit,0,108,0.15,0.3,7,2,13,2,heldout
pit,0,111,0.15,0.3,3,3,13,3,heldout
pit,0,114,0.15,0.3,2,2,8,2,heldout
pit,0,125,0.15,0.3,1,0,5,0,heldout
pit,0,126,0.15,0.3,2,1,3,1,heldout
pit,0,133,0.15,0.3,8,5,20,5,heldout
pit,0,134,0.15,0.3,5,5,13,5,heldout
pit,0,2,0.15,0.5,5,1,10,1,heldout
pit,0,14,0.15,0.5,3,1,21,1,heldout
pit,0,18,0.15,0.5,2,1,8,1,heldout
pit,0,27,0.15,0.5,6,6,14,6,heldout
pit,0,36,0.15,0.5,3,0,11,0,heldout
pit,0,37,0.15,0.5,2,0,9,0,heldout
pit,0,41,0.15,0.5,5,0,20,0,heldout
pit,0,44,0.15,0.5,1,0,20,0,heldout
pit,0,60,0.15,0.5,5,1,13,1,heldout
pit,0,61,0.15,0.5,8,0,16,0,heldout
pit,0,71,0.15,0.5,6,2,7,2,heldout
pit,0,72,0.15,0.5,6,0,17,0,heldout
pit,0,82,0.15,0.5,2,0,18,0,heldout
pit,0,86,0.15,0.5,1,1,4,1,heldout
pit,0,88,0.15,0.5,4,2,16,2,heldout
pit,0,94,0.15,0.5,2,1,17,1,heldout
pit,0,95,0.15,0.5,8,1,14,1,heldout
pit,0,107,0.15,0.5,6,0,13,0,heldout
pit,0,108,0.15,0.5,7,0,13,0,heldout
pit,0,111,0.15,0.5,3,1,13,1,heldout
pit,0,114,0.15,0.5,2,0,8,0,heldout
pit,0,125,0.15,0.5,1,0,5,0,heldout
pit,0,126,0.15,0.5,2,1,3,1,heldout
pit,0,133,0.15,0.5,8,2,20,2,heldout
pit,0,134,0.15,0.5,5,2,13,2,heldout
pit,0,-1,0.175,0.3,85,58,179,58,val
pit,0,-1,0.175,0.5,85,19,179,19,val
pit,0,2,0.175,0.3,5,5,8,5,heldout
pit,0,14,0.175,0.3,3,3,18,3,heldout
pit,0,18,0.175,0.3,2,1,6,1,heldout
pit,0,27,0.175,0.3,6,6,12,6,heldout
pit,0,36,0.175,0.3,3,2,10,2,heldout
pit,0,37,0.175,0.3,2,1,8,1,heldout
pit,0,41,0.175,0.3,5,2,17,2,heldout
pit,0,44,0.175,0.3,1,1,17,1,heldout
pit,0,60,0.175,0.3,5,3,13,3,heldout
pit,0,61,0.175,0.3,8,2,14,2,heldout
pit,0,71,0.175,0.3,6,6,7,6,heldout
pit,0,72,0.175,0.3,6,4,15,4,heldout
pit,0,82,0.175,0.3,2,2,15,2,heldout
pit,0,86,0.175,0.3,1,1,3,1,heldout
pit,0,88,0.175,0.3,4,4,11,4,heldout
pit,0,94,0.175,0.3,2,1,13,1,heldout
pit,0,95,0.175,0.3,8,6,13,6,heldout
pit,0,107,0.175,0.3,6,3,10,3,heldout
pit,0,108,0.175,0.3,7,2,12,2,heldout
pit,0,111,0.175,0.3,3,3,11,3,heldout
pit,0,114,0.175,0.3,2,2,6,2,heldout
pit,0,125,0.175,0.3,1,0,4,0,heldout
pit,0,126,0.175,0.3,2,2,3,2,heldout
pit,0,133,0.175,0.3,8,4,17,4,heldout
pit,0,134,0.175,0.3,5,5,10,5,heldout
pit,0,2,0.175,0.5,5,2,8,2,heldout
pit,0,14,0.175,0.5,3,1,18,1,heldout
pit,0,18,0.175,0.5,2,1,6,1,heldout
pit,0,27,0.175,0.5,6,5,12,5,heldout
pit,0,36,0.175,0.5,3,0,10,0,heldout
pit,0,37,0.175,0.5,2,0,8,0,heldout
pit,0,41,0.175,0.5,5,0,17,0,heldout
pit,0,44,0.175,0.5,1,0,17,0,heldout
pit,0,60,0.175,0.5,5,1,13,1,heldout
pit,0,61,0.175,0.5,8,0,14,0,heldout
pit,0,71,0.175,0.5,6,3,7,3,heldout
pit,0,72,0.175,0.5,6,0,15,0,heldout
pit,0,82,0.175,0.5,2,0,15,0,heldout
pit,0,86,0.175,0.5,1,1,3,1,heldout
pit,0,88,0.175,0.5,4,2,11,2,heldout
pit,0,94,0.175,0.5,2,1,13,1,heldout
pit,0,95,0.175,0.5,8,2,13,2,heldout
pit,0,107,0.175,0.5,6,0,10,0,heldout
pit,0,108,0.175,0.5,7,0,12,0,heldout
pit,0,111,0.175,0.5,3,2,11,2,heldout
pit,0,114,0.175,0.5,2,0,6,0,heldout
pit,0,125,0.175,0.5,1,0,4,0,heldout
pit,0,126,0.175,0.5,2,1,3,1,heldout
pit,0,133,0.175,0.5,8,1,17,1,heldout
pit,0,134,0.175,0.5,5,2,10,2,heldout
pit,0,-1,0.2,0.3,85,63,164,63,val
pit,0,-1,0.2,0.5,85,24,164,24,val
pit,0,2,0.2,0.3,5,5,8,5,heldout
pit,0,14,0.2,0.3,3,3,16,3,heldout
pit,0,18,0.2,0.3,2,1,3,1,heldout
pit,0,27,0.2,0.3,6,5,12,5,heldout
pit,0,36,0.2,0.3,3,2,9,2,heldout
pit,0,37,0.2,0.3,2,2,6,2,heldout
pit,0,41,0.2,0.3,5,2,16,2,heldout
pit,0,44,0.2,0.3,1,1,15,1,heldout
pit,0,60,0.2,0.3,5,3,13,3,heldout
pit,0,61,0.2,0.3,8,6,13,6,heldout
pit,0,71,0.2,0.3,6,6,6,6,heldout
pit,0,72,0.2,0.3,6,4,14,4,heldout
pit,0,82,0.2,0.3,2,2,12,2,heldout
pit,0,86,0.2,0.3,1,1,3,1,heldout
pit,0,88,0.2,0.3,4,4,10,4,heldout
pit,0,94,0.2,0.3,2,1,12,1,heldout
pit,0,95,0.2,0.3,8,6,12,6,heldout
pit,0,107,0.2,0.3,6,3,10,3,heldout
pit,0,108,0.2,0.3,7,2,12,2,heldout
pit,0,111,0.2,0.3,3,3,11,3,heldout
pit,0,114,0.2,0.3,2,2,4,2,heldout
pit,0,125,0.2,0.3,1,0,3,0,heldout
pit,0,126,0.2,0.3,2,2,3,2,heldout
pit,0,133,0.2,0.3,8,4,16,4,heldout
pit,0,134,0.2,0.3,5,5,9,5,heldout
pit,0,2,0.2,0.5,5,3,8,3,heldout
pit,0,14,0.2,0.5,3,1,16,1,heldout
pit,0,18,0.2,0.5,2,1,3,1,heldout
pit,0,27,0.2,0.5,6,5,12,5,heldout
pit,0,36,0.2,0.5,3,1,9,1,heldout
pit,0,37,0.2,0.5,2,0,6,0,heldout
pit,0,41,0.2,0.5,5,0,16,0,heldout
pit,0,44,0.2,0.5,1,0,15,0,heldout
pit,0,60,0.2,0.5,5,1,13,1,heldout
pit,0,61,0.2,0.5,8,0,13,0,heldout
pit,0,71,0.2,0.5,6,3,6,3,heldout
pit,0,72,0.2,0.5,6,0,14,0,heldout
pit,0,82,0.2,0.5,2,0,12,0,heldout
pit,0,86,0.2,0.5,1,1,3,1,heldout
pit,0,88,0.2,0.5,4,2,10,2,heldout
pit,0,94,0.2,0.5,2,1,12,1,heldout
pit,0,95,0.2,0.5,8,2,12,2,heldout
pit,0,107,0.2,0.5,6,0,10,0,heldout
pit,0,108,0.2,0.5,7,0,12,0,heldout
pit,0,111,0.2,0.5,3,2,11,2,heldout
pit,0,114,0.2,0.5,2,1,4,1,heldout
pit,0,125,0.2,0.5,1,0,3,0,heldout
pit,0,126,0.2,0.5,2,1,3,1,heldout
pit,0,133,0.2,0.5,8,1,16,1,heldout
pit,0,134,0.2,0.5,5,2,9,2,heldout
pit,0,-1,0.225,0.3,85,69,154,69,val
pit,0,-1,0.225,0.5,85,28,154,28,val
pit,0,2,0.225,0.3,5,5,8,5,heldout
pit,0,14,0.225,0.3,3,3,14,3,heldout
pit,0,18,0.225,0.3,2,1,3,1,heldout
pit,0,27,0.225,0.3,6,5,10,5,heldout
pit,0,36,0.225,0.3,3,3,9,3,heldout
pit,0,37,0.225,0.3,2,2,5,2,heldout
pit,0,41,0.225,0.3,5,3,14,3,heldout
pit,0,44,0.225,0.3,1,1,13,1,heldout
pit,0,60,0.225,0.3,5,3,14,3,heldout
pit,0,61,0.225,0.3,8,6,10,6,heldout
pit,0,71,0.225,0.3,6,6,6,6,heldout
pit,0,72,0.225,0.3,6,5,13,5,heldout
pit,0,82,0.225,0.3,2,2,13,2,heldout
pit,0,86,0.225,0.3,1,1,3,1,heldout
pit,0,88,0.225,0.3,4,4,10,4,heldout
pit,0,94,0.225,0.3,2,1,11,1,heldout
pit,0,95,0.225,0.3,8,6,11,6,heldout
pit,0,107,0.225,0.3,6,4,10,4,heldout
pit,0,108,0.225,0.3,7,2,11,2,heldout
pit,0,111,0.225,0.3,3,3,10,3,heldout
pit,0,114,0.225,0.3,2,2,4,2,heldout
pit,0,125,0.225,0.3,1,0,3,0,heldout
pit,0,126,0.225,0.3,2,2,3,2,heldout
pit,0,133,0.225,0.3,8,5,13,5,heldout
pit,0,134,0.225,0.3,5,5,6,5,heldout
pit,0,2,0.225,0.5,5,3,8,3,heldout
pit,0,14,0.225,0.5,3,1,14,1,heldout
pit,0,18,0.225,0.5,2,1,3,1,heldout
pit,0,27,0.225,0.5,6,4,10,4,heldout
pit,0,36,0.225,0.5,3,1,9,1,heldout
pit,0,37,0.225,0.5,2,1,5,1,heldout
pit,0,41,0.225,0.5,5,0,14,0,heldout
pit,0,44,0.225,0.5,1,0,13,0,heldout
pit,0,60,0.225,0.5,5,1,14,1,heldout
pit,0,61,0.225,0.5,8,0,10,0,heldout
pit,0,71,0.225,0.5,6,4,6,4,heldout
pit,0,72,0.225,0.5,6,0,13,0,heldout
pit,0,82,0.225,0.5,2,1,13,1,heldout
pit,0,86,0.225,0.5,1,1,3,1,heldout
pit,0,88,0.225,0.5,4,2,10,2,heldout
pit,0,94,0.225,0.5,2,1,11,1,heldout
pit,0,95,0.225,0.5,8,2,11,2,heldout
pit,0,107,0.225,0.5,6,1,10,1,heldout
pit,0,108,0.225,0.5,7,1,11,1,heldout
pit,0,111,0.225,0.5,3,2,10,2,heldout
pit,0,114,0.225,0.5,2,1,4,1,heldout
pit,0,125,0.225,0.5,1,0,3,0,heldout
pit,0,126,0.225,0.5,2,1,3,1,heldout
pit,0,133,0.225,0.5,8,1,13,1,heldout
pit,0,134,0.225,0.5,5,3,6,3,heldout
pit,0,-1,0.25,0.3,85,73,148,73,val
pit,0,-1,0.25,0.5,85,34,148,34,val
pit,0,2,0.25,0.3,5,4,8,4,heldout
pit,0,14,0.25,0.3,3,3,14,3,heldout
pit,0,18,0.25,0.3,2,1,2,1,heldout
pit,0,27,0.25,0.3,6,5,9,5,heldout
pit,0,36,0.25,0.3,3,3,9,3,heldout
pit,0,37,0.25,0.3,2,2,6,2,heldout
pit,0,41,0.25,0.3,5,3,12,3,heldout
pit,0,44,0.25,0.3,1,1,9,1,heldout
pit,0,60,0.25,0.3,5,3,13,3,heldout
pit,0,61,0.25,0.3,8,6,9,6,heldout
pit,0,71,0.25,0.3,6,6,6,6,heldout
pit,0,72,0.25,0.3,6,5,14,5,heldout
pit,0,82,0.25,0.3,2,1,13,1,heldout
pit,0,86,0.25,0.3,1,1,2,1,heldout
pit,0,88,0.25,0.3,4,4,9,4,heldout
pit,0,94,0.25,0.3,2,1,11,1,heldout
pit,0,95,0.25,0.3,8,6,10,6,heldout
pit,0,107,0.25,0.3,6,5,10,5,heldout
pit,0,108,0.25,0.3,7,3,11,3,heldout
pit,0,111,0.25,0.3,3,3,8,3,heldout
pit,0,114,0.25,0.3,2,2,4,2,heldout
pit,0,125,0.25,0.3,1,1,3,1,heldout
pit,0,126,0.25,0.3,2,2,3,2,heldout
pit,0,133,0.25,0.3,8,7,14,7,heldout
pit,0,134,0.25,0.3,5,5,6,5,heldout
pit,0,2,0.25,0.5,5,3,8,3,heldout
pit,0,14,0.25,0.5,3,2,14,2,heldout
pit,0,18,0.25,0.5,2,1,2,1,heldout
pit,0,27,0.25,0.5,6,4,9,4,heldout
pit,0,36,0.25,0.5,3,1,9,1,heldout
pit,0,37,0.25,0.5,2,1,6,1,heldout
pit,0,41,0.25,0.5,5,0,12,0,heldout
pit,0,44,0.25,0.5,1,0,9,0,heldout
pit,0,60,0.25,0.5,5,1,13,1,heldout
pit,0,61,0.25,0.5,8,0,9,0,heldout
pit,0,71,0.25,0.5,6,4,6,4,heldout
pit,0,72,0.25,0.5,6,2,14,2,heldout
pit,0,82,0.25,0.5,2,1,13,1,heldout
pit,0,86,0.25,0.5,1,1,2,1,heldout
pit,0,88,0.25,0.5,4,3,9,3,heldout
pit,0,94,0.25,0.5,2,1,11,1,heldout
pit,0,95,0.25,0.5,8,2,10,2,heldout
pit,0,107,0.25,0.5,6,1,10,1,heldout
pit,0,108,0.25,0.5,7,1,11,1,heldout
pit,0,111,0.25,0.5,3,3,8,3,heldout
pit,0,114,0.25,0.5,2,1,4,1,heldout
pit,0,125,0.25,0.5,1,0,3,0,heldout
pit,0,126,0.25,0.5,2,1,3,1,heldout
pit,0,133,0.25,0.5,8,2,14,2,heldout
pit,0,134,0.25,0.5,5,4,6,4,heldout
pit,0,-1,0.275,0.3,85,77,143,77,val
pit,0,-1,0.275,0.5,85,41,143,41,val
pit,0,2,0.275,0.3,5,4,6,4,heldout
pit,0,14,0.275,0.3,3,3,12,3,heldout
pit,0,18,0.275,0.3,2,1,2,1,heldout
pit,0,27,0.275,0.3,6,4,8,4,heldout
pit,0,36,0.275,0.3,3,3,8,3,heldout
pit,0,37,0.275,0.3,2,2,6,2,heldout
pit,0,41,0.275,0.3,5,3,12,3,heldout
pit,0,44,0.275,0.3,1,1,8,1,heldout
pit,0,60,0.275,0.3,5,4,12,4,heldout
pit,0,61,0.275,0.3,8,7,9,7,heldout
pit,0,71,0.275,0.3,6,6,6,6,heldout
pit,0,72,0.275,0.3,6,5,13,5,heldout
pit,0,82,0.275,0.3,2,1,12,1,heldout
pit,0,86,0.275,0.3,1,1,1,1,heldout
pit,0,88,0.275,0.3,4,4,8,4,heldout
pit,0,94,0.275,0.3,2,2,11,2,heldout
pit,0,95,0.275,0.3,8,7,10,7,heldout
pit,0,107,0.275,0.3,6,5,9,5,heldout
pit,0,108,0.275,0.3,7,5,12,5,heldout
pit,0,111,0.275,0.3,3,3,6,3,heldout
pit,0,114,0.275,0.3,2,2,4,2,heldout
pit,0,125,0.275,0.3,1,1,3,1,heldout
pit,0,126,0.275,0.3,2,2,2,2,heldout
pit,0,133,0.275,0.3,8,7,14,7,heldout
pit,0,134,0.275,0.3,5,5,6,5,heldout
pit,0,2,0.275,0.5,5,3,6,3,heldout
pit,0,14,0.275,0.5,3,2,12,2,heldout
pit,0,18,0.275,0.5,2,1,2,1,heldout
pit,0,27,0.275,0.5,6,4,8,4,heldout
pit,0,36,0.275,0.5,3,1,8,1,heldout
pit,0,37,0.275,0.5,2,1,6,1,heldout
pit,0,41,0.275,0.5,5,0,12,0,heldout
pit,0,44,0.275,0.5,1,0,8,0,heldout
pit,0,60,0.275,0.5,5,1,12,1,heldout
pit,0,61,0.275,0.5,8,0,9,0,heldout
pit,0,71,0.275,0.5,6,4,6,4,heldout
pit,0,72,0.275,0.5,6,2,13,2,heldout
pit,0,82,0.275,0.5,2,1,12,1,heldout
pit,0,86,0.275,0.5,1,1,1,1,heldout
pit,0,88,0.275,0.5,4,4,8,4,heldout
pit,0,94,0.275,0.5,2,1,11,1,heldout
pit,0,95,0.275,0.5,8,2,10,2,heldout
pit,0,107,0.275,0.5,6,1,9,1,heldout
pit,0,108,0.275,0.5,7,2,12,2,heldout
pit,0,111,0.275,0.5,3,3,6,3,heldout
pit,0,114,0.275,0.5,2,1,4,1,heldout
pit,0,125,0.275,0.5,1,0,3,0,heldout
pit,0,126,0.275,0.5,2,1,2,1,heldout
pit,0,133,0.275,0.5,8,3,14,3,heldout
pit,0,134,0.275,0.5,5,4,6,4,heldout
pit,0,-1,0.3,0.3,85,81,137,81,val
pit,0,-1,0.3,0.5,85,51,137,51,val
pit,0,2,0.3,0.3,5,4,6,4,heldout
pit,0,14,0.3,0.3,3,3,11,3,heldout
pit,0,18,0.3,0.3,2,1,2,1,heldout
pit,0,27,0.3,0.3,6,4,5,4,heldout
pit,0,36,0.3,0.3,3,3,7,3,heldout
pit,0,37,0.3,0.3,2,2,5,2,heldout
pit,0,41,0.3,0.3,5,3,12,3,heldout
pit,0,44,0.3,0.3,1,1,8,1,heldout
pit,0,60,0.3,0.3,5,4,11,4,heldout
pit,0,61,0.3,0.3,8,8,9,8,heldout
pit,0,71,0.3,0.3,6,6,6,6,heldout
pit,0,72,0.3,0.3,6,5,11,5,heldout
pit,0,82,0.3,0.3,2,1,11,1,heldout
pit,0,86,0.3,0.3,1,1,1,1,heldout
pit,0,88,0.3,0.3,4,4,7,4,heldout
pit,0,94,0.3,0.3,2,2,9,2,heldout
pit,0,95,0.3,0.3,8,8,9,8,heldout
pit,0,107,0.3,0.3,6,5,9,5,heldout
pit,0,108,0.3,0.3,7,6,13,6,heldout
pit,0,111,0.3,0.3,3,3,5,3,heldout
pit,0,114,0.3,0.3,2,2,3,2,heldout
pit,0,125,0.3,0.3,1,1,2,1,heldout
pit,0,126,0.3,0.3,2,2,2,2,heldout
pit,0,133,0.3,0.3,8,7,12,7,heldout
pit,0,134,0.3,0.3,5,5,6,5,heldout
pit,0,2,0.3,0.5,5,3,6,3,heldout
pit,0,14,0.3,0.5,3,2,11,2,heldout
pit,0,18,0.3,0.5,2,1,2,1,heldout
pit,0,27,0.3,0.5,6,4,5,4,heldout
pit,0,36,0.3,0.5,3,1,7,1,heldout
pit,0,37,0.3,0.5,2,1,5,1,heldout
pit,0,41,0.3,0.5,5,1,12,1,heldout
pit,0,44,0.3,0.5,1,1,8,1,heldout
pit,0,60,0.3,0.5,5,1,11,1,heldout
pit,0,61,0.3,0.5,8,2,9,2,heldout
pit,0,71,0.3,0.5,6,6,6,6,heldout
pit,0,72,0.3,0.5,6,3,11,3,heldout
pit,0,82,0.3,0.5,2,1,11,1,heldout
pit,0,86,0.3,0.5,1,1,1,1,heldout
pit,0,88,0.3,0.5,4,4,7,4,heldout
pit,0,94,0.3,0.5,2,1,9,1,heldout
pit,0,95,0.3,0.5,8,4,9,4,heldout
pit,0,107,0.3,0.5,6,3,9,3,heldout
pit,0,108,0.3,0.5,7,2,13,2,heldout
pit,0,111,0.3,0.5,3,3,5,3,heldout
pit,0,114,0.3,0.5,2,1,3,1,heldout
pit,0,125,0.3,0.5,1,0,2,0,heldout
pit,0,126,0.3,0.5,2,1,2,1,heldout
pit,0,133,0.3,0.5,8,3,12,3,heldout
pit,0,134,0.3,0.5,5,5,6,5,heldout
pit,0,-1,0.325,0.3,85,83,132,83,val
pit,0,-1,0.325,0.5,85,58,132,58,val
pit,0,2,0.325,0.3,5,4,6,4,heldout
pit,0,14,0.325,0.3,3,3,11,3,heldout
pit,0,18,0.325,0.3,2,1,2,1,heldout
pit,0,27,0.325,0.3,6,4,5,4,heldout
pit,0,36,0.325,0.3,3,3,7,3,heldout
pit,0,37,0.325,0.3,2,2,4,2,heldout
pit,0,41,0.325,0.3,5,3,12,3,heldout
pit,0,44,0.325,0.3,1,1,8,1,heldout
pit,0,60,0.325,0.3,5,5,9,5,heldout
pit,0,61,0.325,0.3,8,8,9,8,heldout
pit,0,71,0.325,0.3,6,6,6,6,heldout
pit,0,72,0.325,0.3,6,5,10,5,heldout
pit,0,82,0.325,0.3,2,1,10,1,heldout
pit,0,86,0.325,0.3,1,1,1,1,heldout
pit,0,88,0.325,0.3,4,4,7,4,heldout
pit,0,94,0.325,0.3,2,2,9,2,heldout
pit,0,95,0.325,0.3,8,8,9,8,heldout
pit,0,107,0.325,0.3,6,6,7,6,heldout
pit,0,108,0.325,0.3,7,6,13,6,heldout
pit,0,111,0.325,0.3,3,3,5,3,heldout
pit,0,114,0.325,0.3,2,2,3,2,heldout
pit,0,125,0.325,0.3,1,1,2,1,heldout
pit,0,126,0.325,0.3,2,2,2,2,heldout
pit,0,133,0.325,0.3,8,7,12,7,heldout
pit,0,134,0.325,0.3,5,5,6,5,heldout
pit,0,2,0.325,0.5,5,4,6,4,heldout
pit,0,14,0.325,0.5,3,2,11,2,heldout
pit,0,18,0.325,0.5,2,1,2,1,heldout
pit,0,27,0.325,0.5,6,4,5,4,heldout
pit,0,36,0.325,0.5,3,1,7,1,heldout
pit,0,37,0.325,0.5,2,2,4,2,heldout
pit,0,41,0.325,0.5,5,2,12,2,heldout
pit,0,44,0.325,0.5,1,1,8,1,heldout
pit,0,60,0.325,0.5,5,3,9,3,heldout
pit,0,61,0.325,0.5,8,4,9,4,heldout
pit,0,71,0.325,0.5,6,6,6,6,heldout
pit,0,72,0.325,0.5,6,4,10,4,heldout
pit,0,82,0.325,0.5,2,1,10,1,heldout
pit,0,86,0.325,0.5,1,1,1,1,heldout
pit,0,88,0.325,0.5,4,4,7,4,heldout
pit,0,94,0.325,0.5,2,1,9,1,heldout
pit,0,95,0.325,0.5,8,6,9,6,heldout
pit,0,107,0.325,0.5,6,3,7,3,heldout
pit,0,108,0.325,0.5,7,4,13,4,heldout
pit,0,111,0.325,0.5,3,3,5,3,heldout
pit,0,114,0.325,0.5,2,1,3,1,heldout
pit,0,125,0.325,0.5,1,0,2,0,heldout
pit,0,126,0.325,0.5,2,2,2,2,heldout
pit,0,133,0.325,0.5,8,4,12,4,heldout
pit,0,134,0.325,0.5,5,5,6,5,heldout
pit,0,-1,0.35,0.3,85,83,130,83,val
pit,0,-1,0.35,0.5,85,65,130,65,val
pit,0,2,0.35,0.3,5,4,5,4,heldout
pit,0,14,0.35,0.3,3,3,11,3,heldout
pit,0,18,0.35,0.3,2,1,2,1,heldout
pit,0,27,0.35,0.3,6,4,5,4,heldout
pit,0,36,0.35,0.3,3,3,7,3,heldout
pit,0,37,0.35,0.3,2,2,4,2,heldout
pit,0,41,0.35,0.3,5,3,12,3,heldout
pit,0,44,0.35,0.3,1,1,8,1,heldout
pit,0,60,0.35,0.3,5,5,9,5,heldout
pit,0,61,0.35,0.3,8,8,9,8,heldout
pit,0,71,0.35,0.3,6,6,6,6,heldout
pit,0,72,0.35,0.3,6,5,10,5,heldout
pit,0,82,0.35,0.3,2,1,10,1,heldout
pit,0,86,0.35,0.3,1,1,1,1,heldout
pit,0,88,0.35,0.3,4,4,6,4,heldout
pit,0,94,0.35,0.3,2,2,9,2,heldout
pit,0,95,0.35,0.3,8,8,9,8,heldout
pit,0,107,0.35,0.3,6,6,7,6,heldout
pit,0,108,0.35,0.3,7,7,12,7,heldout
pit,0,111,0.35,0.3,3,3,5,3,heldout
pit,0,114,0.35,0.3,2,2,3,2,heldout
pit,0,125,0.35,0.3,1,1,2,1,heldout
pit,0,126,0.35,0.3,2,2,2,2,heldout
pit,0,133,0.35,0.3,8,7,11,7,heldout
pit,0,134,0.35,0.3,5,5,6,5,heldout
pit,0,2,0.35,0.5,5,4,5,4,heldout
pit,0,14,0.35,0.5,3,2,11,2,heldout
pit,0,18,0.35,0.5,2,1,2,1,heldout
pit,0,27,0.35,0.5,6,4,5,4,heldout
pit,0,36,0.35,0.5,3,2,7,2,heldout
pit,0,37,0.35,0.5,2,2,4,2,heldout
pit,0,41,0.35,0.5,5,2,12,2,heldout
pit,0,44,0.35,0.5,1,1,8,1,heldout
pit,0,60,0.35,0.5,5,3,9,3,heldout
pit,0,61,0.35,0.5,8,6,9,6,heldout
pit,0,71,0.35,0.5,6,6,6,6,heldout
pit,0,72,0.35,0.5,6,5,10,5,heldout
pit,0,82,0.35,0.5,2,0,10,0,heldout
pit,0,86,0.35,0.5,1,1,1,1,heldout
pit,0,88,0.35,0.5,4,4,6,4,heldout
pit,0,94,0.35,0.5,2,1,9,1,heldout
pit,0,95,0.35,0.5,8,6,9,6,heldout
pit,0,107,0.35,0.5,6,5,7,5,heldout
pit,0,108,0.35,0.5,7,4,12,4,heldout
pit,0,111,0.35,0.5,3,3,5,3,heldout
pit,0,114,0.35,0.5,2,2,3,2,heldout
pit,0,125,0.35,0.5,1,0,2,0,heldout
pit,0,126,0.35,0.5,2,2,2,2,heldout
pit,0,133,0.35,0.5,8,4,11,4,heldout
pit,0,134,0.35,0.5,5,5,6,5,heldout
pit,0,-1,0.375,0.3,85,80,124,80,val
pit,0,-1,0.375,0.5,85,68,124,68,val
pit,0,2,0.375,0.3,5,4,5,4,heldout
pit,0,14,0.375,0.3,3,3,10,3,heldout
pit,0,18,0.375,0.3,2,1,2,1,heldout
pit,0,27,0.375,0.3,6,4,5,4,heldout
pit,0,36,0.375,0.3,3,3,6,3,heldout
pit,0,37,0.375,0.3,2,2,3,2,heldout
pit,0,41,0.375,0.3,5,3,12,3,heldout
pit,0,44,0.375,0.3,1,1,7,1,heldout
pit,0,60,0.375,0.3,5,5,9,5,heldout
pit,0,61,0.375,0.3,8,8,9,8,heldout
pit,0,71,0.375,0.3,6,6,6,6,heldout
pit,0,72,0.375,0.3,6,5,10,5,heldout
pit,0,82,0.375,0.3,2,0,9,0,heldout
pit,0,86,0.375,0.3,1,1,1,1,heldout
pit,0,88,0.375,0.3,4,4,6,4,heldout
pit,0,94,0.375,0.3,2,2,9,2,heldout
pit,0,95,0.375,0.3,8,8,9,8,heldout
pit,0,107,0.375,0.3,6,6,7,6,heldout
pit,0,108,0.375,0.3,7,7,12,7,heldout
pit,0,111,0.375,0.3,3,3,3,3,heldout
pit,0,114,0.375,0.3,2,2,3,2,heldout
pit,0,125,0.375,0.3,1,1,2,1,heldout
pit,0,126,0.375,0.3,2,2,2,2,heldout
pit,0,133,0.375,0.3,8,7,10,7,heldout
pit,0,134,0.375,0.3,5,5,6,5,heldout
pit,0,2,0.375,0.5,5,4,5,4,heldout
pit,0,14,0.375,0.5,3,2,10,2,heldout
pit,0,18,0.375,0.5,2,1,2,1,heldout
pit,0,27,0.375,0.5,6,3,5,3,heldout
pit,0,36,0.375,0.5,3,2,6,2,heldout
pit,0,37,0.375,0.5,2,2,3,2,heldout
pit,0,41,0.375,0.5,5,3,12,3,heldout
pit,0,44,0.375,0.5,1,1,7,1,heldout
pit,0,60,0.375,0.5,5,3,9,3,heldout
pit,0,61,0.375,0.5,8,7,9,7,heldout
pit,0,71,0.375,0.5,6,6,6,6,heldout
pit,0,72,0.375,0.5,6,5,10,5,heldout
pit,0,82,0.375,0.5,2,0,9,0,heldout
pit,0,86,0.375,0.5,1,1,1,1,heldout
pit,0,88,0.375,0.5,4,4,6,4,heldout
pit,0,94,0.375,0.5,2,2,9,2,heldout
pit,0,95,0.375,0.5,8,6,9,6,heldout
pit,0,107,0.375,0.5,6,5,7,5,heldout
pit,0,108,0.375,0.5,7,4,12,4,heldout
pit,0,111,0.375,0.5,3,3,3,3,heldout
pit,0,114,0.375,0.5,2,2,3,2,heldout
pit,0,125,0.375,0.5,1,0,2,0,heldout
pit,0,126,0.375,0.5,2,2,2,2,heldout
pit,0,133,0.375,0.5,8,6,10,6,heldout
pit,0,134,0.375,0.5,5,5,6,5,heldout
pit,0,-1,0.4,0.3,85,80,117,80,val
pit,0,-1,0.4,0.5,85,72,117,72,val
pit,0,2,0.4,0.3,5,4,5,4,heldout
pit,0,14,0.4,0.3,3,3,10,3,heldout
pit,0,18,0.4,0.3,2,1,2,1,heldout
pit,0,27,0.4,0.3,6,4,5,4,heldout
pit,0,36,0.4,0.3,3,3,6,3,heldout
pit,0,37,0.4,0.3,2,2,3,2,heldout
pit,0,41,0.4,0.3,5,5,12,5,heldout
pit,0,44,0.4,0.3,1,1,7,1,heldout
pit,0,60,0.4,0.3,5,5,9,5,heldout
pit,0,61,0.4,0.3,8,8,9,8,heldout
pit,0,71,0.4,0.3,6,6,6,6,heldout
pit,0,72,0.4,0.3,6,5,9,5,heldout
pit,0,82,0.4,0.3,2,0,8,0,heldout
pit,0,86,0.4,0.3,1,1,1,1,heldout
pit,0,88,0.4,0.3,4,4,6,4,heldout
pit,0,94,0.4,0.3,2,2,9,2,heldout
pit,0,95,0.4,0.3,8,8,8,8,heldout
pit,0,107,0.4,0.3,6,6,7,6,heldout
pit,0,108,0.4,0.3,7,7,12,7,heldout
pit,0,111,0.4,0.3,3,3,3,3,heldout
pit,0,114,0.4,0.3,2,2,3,2,heldout
pit,0,125,0.4,0.3,1,1,2,1,heldout
pit,0,126,0.4,0.3,2,2,2,2,heldout
pit,0,133,0.4,0.3,8,7,9,7,heldout
pit,0,134,0.4,0.3,5,5,6,5,heldout
pit,0,2,0.4,0.5,5,4,5,4,heldout
pit,0,14,0.4,0.5,3,2,10,2,heldout
pit,0,18,0.4,0.5,2,1,2,1,heldout
pit,0,27,0.4,0.5,6,3,5,3,heldout
pit,0,36,0.4,0.5,3,3,6,3,heldout
pit,0,37,0.4,0.5,2,2,3,2,heldout
pit,0,41,0.4,0.5,5,3,12,3,heldout
pit,0,44,0.4,0.5,1,1,7,1,heldout
pit,0,60,0.4,0.5,5,3,9,3,heldout
pit,0,61,0.4,0.5,8,7,9,7,heldout
pit,0,71,0.4,0.5,6,6,6,6,heldout
pit,0,72,0.4,0.5,6,5,9,5,heldout
pit,0,82,0.4,0.5,2,0,8,0,heldout
pit,0,86,0.4,0.5,1,1,1,1,heldout
pit,0,88,0.4,0.5,4,4,6,4,heldout
pit,0,94,0.4,0.5,2,1,9,1,heldout
pit,0,95,0.4,0.5,8,7,8,7,heldout
pit,0,107,0.4,0.5,6,5,7,5,heldout
pit,0,108,0.4,0.5,7,5,12,5,heldout
pit,0,111,0.4,0.5,3,3,3,3,heldout
pit,0,114,0.4,0.5,2,2,3,2,heldout
pit,0,125,0.4,0.5,1,1,2,1,heldout
pit,0,126,0.4,0.5,2,2,2,2,heldout
pit,0,133,0.4,0.5,8,6,9,6,heldout
pit,0,134,0.4,0.5,5,5,6,5,heldout
pit,0,-1,0.425,0.3,85,80,115,80,val
pit,0,-1,0.425,0.5,85,77,115,77,val
pit,0,2,0.425,0.3,5,4,5,4,heldout
pit,0,14,0.425,0.3,3,2,7,2,heldout
pit,0,18,0.425,0.3,2,1,2,1,heldout
pit,0,27,0.425,0.3,6,3,5,3,heldout
pit,0,36,0.425,0.3,3,3,6,3,heldout
pit,0,37,0.425,0.3,2,2,3,2,heldout
pit,0,41,0.425,0.3,5,5,12,5,heldout
pit,0,44,0.425,0.3,1,1,7,1,heldout
pit,0,60,0.425,0.3,5,5,9,5,heldout
pit,0,61,0.425,0.3,8,8,9,8,heldout
pit,0,71,0.425,0.3,6,6,6,6,heldout
pit,0,72,0.425,0.3,6,5,9,5,heldout
pit,0,82,0.425,0.3,2,0,8,0,heldout
pit,0,86,0.425,0.3,1,1,1,1,heldout
pit,0,88,0.425,0.3,4,4,6,4,heldout
pit,0,94,0.425,0.3,2,2,9,2,heldout
pit,0,95,0.425,0.3,8,8,8,8,heldout
pit,0,107,0.425,0.3,6,6,7,6,heldout
pit,0,108,0.425,0.3,7,7,12,7,heldout
pit,0,111,0.425,0.3,3,3,3,3,heldout
pit,0,114,0.425,0.3,2,2,2,2,heldout
pit,0,125,0.425,0.3,1,1,1,1,heldout
pit,0,126,0.425,0.3,2,2,2,2,heldout
pit,0,133,0.425,0.3,8,7,9,7,heldout
pit,0,134,0.425,0.3,5,5,6,5,heldout
pit,0,2,0.425,0.5,5,4,5,4,heldout
pit,0,14,0.425,0.5,3,2,7,2,heldout
pit,0,18,0.425,0.5,2,1,2,1,heldout
pit,0,27,0.425,0.5,6,3,5,3,heldout
pit,0,36,0.425,0.5,3,3,6,3,heldout
pit,0,37,0.425,0.5,2,2,3,2,heldout
pit,0,41,0.425,0.5,5,3,12,3,heldout
pit,0,44,0.425,0.5,1,1,7,1,heldout
pit,0,60,0.425,0.5,5,5,9,5,heldout
pit,0,61,0.425,0.5,8,7,9,7,heldout
pit,0,71,0.425,0.5,6,6,6,6,heldout
pit,0,72,0.425,0.5,6,5,9,5,heldout
pit,0,82,0.425,0.5,2,0,8,0,heldout
pit,0,86,0.425,0.5,1,1,1,1,heldout
pit,0,88,0.425,0.5,4,4,6,4,heldout
pit,0,94,0.425,0.5,2,1,9,1,heldout
pit,0,95,0.425,0.5,8,8,8,8,heldout
pit,0,107,0.425,0.5,6,5,7,5,heldout
pit,0,108,0.425,0.5,7,6,12,6,heldout
pit,0,111,0.425,0.5,3,3,3,3,heldout
pit,0,114,0.425,0.5,2,2,2,2,heldout
pit,0,125,0.425,0.5,1,1,1,1,heldout
pit,0,126,0.425,0.5,2,2,2,2,heldout
pit,0,133,0.425,0.5,8,6,9,6,heldout
pit,0,134,0.425,0.5,5,5,6,5,heldout
pit,0,-1,0.45,0.3,85,80,115,80,val
pit,0,-1,0.45,0.5,85,76,115,76,val
pit,0,2,0.45,0.3,5,4,5,4,heldout
pit,0,14,0.45,0.3,3,2,7,2,heldout
pit,0,18,0.45,0.3,2,1,2,1,heldout
pit,0,27,0.45,0.3,6,3,4,3,heldout
pit,0,36,0.45,0.3,3,3,6,3,heldout
pit,0,37,0.45,0.3,2,2,3,2,heldout
pit,0,41,0.45,0.3,5,5,12,5,heldout
pit,0,44,0.45,0.3,1,1,6,1,heldout
pit,0,60,0.45,0.3,5,5,9,5,heldout
pit,0,61,0.45,0.3,8,8,9,8,heldout
pit,0,71,0.45,0.3,6,6,6,6,heldout
pit,0,72,0.45,0.3,6,5,9,5,heldout
pit,0,82,0.45,0.3,2,0,8,0,heldout
pit,0,86,0.45,0.3,1,1,1,1,heldout
pit,0,88,0.45,0.3,4,4,6,4,heldout
pit,0,94,0.45,0.3,2,2,9,2,heldout
pit,0,95,0.45,0.3,8,8,8,8,heldout
pit,0,107,0.45,0.3,6,6,7,6,heldout
pit,0,108,0.45,0.3,7,7,12,7,heldout
pit,0,111,0.45,0.3,3,3,3,3,heldout
pit,0,114,0.45,0.3,2,2,2,2,heldout
pit,0,125,0.45,0.3,1,1,1,1,heldout
pit,0,126,0.45,0.3,2,2,2,2,heldout
pit,0,133,0.45,0.3,8,7,9,7,heldout
pit,0,134,0.45,0.3,5,5,6,5,heldout
pit,0,2,0.45,0.5,5,4,5,4,heldout
pit,0,14,0.45,0.5,3,2,7,2,heldout
pit,0,18,0.45,0.5,2,1,2,1,heldout
pit,0,27,0.45,0.5,6,3,4,3,heldout
pit,0,36,0.45,0.5,3,3,6,3,heldout
pit,0,37,0.45,0.5,2,2,3,2,heldout
pit,0,41,0.45,0.5,5,3,12,3,heldout
pit,0,44,0.45,0.5,1,1,6,1,heldout
pit,0,60,0.45,0.5,5,5,9,5,heldout
pit,0,61,0.45,0.5,8,8,9,8,heldout
pit,0,71,0.45,0.5,6,6,6,6,heldout
pit,0,72,0.45,0.5,6,5,9,5,heldout
pit,0,82,0.45,0.5,2,0,8,0,heldout
pit,0,86,0.45,0.5,1,1,1,1,heldout
pit,0,88,0.45,0.5,4,4,6,4,heldout
pit,0,94,0.45,0.5,2,1,9,1,heldout
pit,0,95,0.45,0.5,8,7,8,7,heldout
pit,0,107,0.45,0.5,6,6,7,6,heldout
pit,0,108,0.45,0.5,7,6,12,6,heldout
pit,0,111,0.45,0.5,3,2,3,2,heldout
pit,0,114,0.45,0.5,2,2,2,2,heldout
pit,0,125,0.45,0.5,1,1,1,1,heldout
pit,0,126,0.45,0.5,2,2,2,2,heldout
pit,0,133,0.45,0.5,8,6,9,6,heldout
pit,0,134,0.45,0.5,5,5,6,5,heldout
pit,0,-1,0.475,0.3,85,79,110,79,val
pit,0,-1,0.475,0.5,85,76,110,76,val
pit,0,2,0.475,0.3,5,4,5,4,heldout
pit,0,14,0.475,0.3,3,2,5,2,heldout
pit,0,18,0.475,0.3,2,1,2,1,heldout
pit,0,27,0.475,0.3,6,3,4,3,heldout
pit,0,36,0.475,0.3,3,3,6,3,heldout
pit,0,37,0.475,0.3,2,2,3,2,heldout
pit,0,41,0.475,0.3,5,5,11,5,heldout
pit,0,44,0.475,0.3,1,1,6,1,heldout
pit,0,60,0.475,0.3,5,5,9,5,heldout
pit,0,61,0.475,0.3,8,8,9,8,heldout
pit,0,71,0.475,0.3,6,6,6,6,heldout
pit,0,72,0.475,0.3,6,5,9,5,heldout
pit,0,82,0.475,0.3,2,0,8,0,heldout
pit,0,86,0.475,0.3,1,1,1,1,heldout
pit,0,88,0.475,0.3,4,4,6,4,heldout
pit,0,94,0.475,0.3,2,2,10,2,heldout
pit,0,95,0.475,0.3,8,8,8,8,heldout
pit,0,107,0.475,0.3,6,6,6,6,heldout
pit,0,108,0.475,0.3,7,7,13,7,heldout
pit,0,111,0.475,0.3,3,3,3,3,heldout
pit,0,114,0.475,0.3,2,2,2,2,heldout
pit,0,125,0.475,0.3,1,1,1,1,heldout
pit,0,126,0.475,0.3,2,2,2,2,heldout
pit,0,133,0.475,0.3,8,7,9,7,heldout
pit,0,134,0.475,0.3,5,5,6,5,heldout
pit,0,2,0.475,0.5,5,3,5,3,heldout
pit,0,14,0.475,0.5,3,2,5,2,heldout
pit,0,18,0.475,0.5,2,1,2,1,heldout
pit,0,27,0.475,0.5,6,3,4,3,heldout
pit,0,36,0.475,0.5,3,3,6,3,heldout
pit,0,37,0.475,0.5,2,2,3,2,heldout
pit,0,41,0.475,0.5,5,3,11,3,heldout
pit,0,44,0.475,0.5,1,0,6,0,heldout
pit,0,60,0.475,0.5,5,5,9,5,heldout
pit,0,61,0.475,0.5,8,8,9,8,heldout
pit,0,71,0.475,0.5,6,6,6,6,heldout
pit,0,72,0.475,0.5,6,5,9,5,heldout
pit,0,82,0.475,0.5,2,0,8,0,heldout
pit,0,86,0.475,0.5,1,1,1,1,heldout
pit,0,88,0.475,0.5,4,4,6,4,heldout
pit,0,94,0.475,0.5,2,1,10,1,heldout
pit,0,95,0.475,0.5,8,7,8,7,heldout
pit,0,107,0.475,0.5,6,6,6,6,heldout
pit,0,108,0.475,0.5,7,6,13,6,heldout
pit,0,111,0.475,0.5,3,2,3,2,heldout
pit,0,114,0.475,0.5,2,2,2,2,heldout
pit,0,125,0.475,0.5,1,1,1,1,heldout
pit,0,126,0.475,0.5,2,2,2,2,heldout
pit,0,133,0.475,0.5,8,6,9,6,heldout
pit,0,134,0.475,0.5,5,5,6,5,heldout
pit,0,-1,0.5,0.3,85,79,110,79,val
pit,0,-1,0.5,0.5,85,76,110,76,val
pit,0,2,0.5,0.3,5,4,5,4,heldout
pit,0,14,0.5,0.3,3,2,5,2,heldout
pit,0,18,0.5,0.3,2,1,2,1,heldout
pit,0,27,0.5,0.3,6,3,4,3,heldout
pit,0,36,0.5,0.3,3,3,6,3,heldout
pit,0,37,0.5,0.3,2,2,3,2,heldout
pit,0,41,0.5,0.3,5,5,10,5,heldout
pit,0,44,0.5,0.3,1,1,6,1,heldout
pit,0,60,0.5,0.3,5,5,9,5,heldout
pit,0,61,0.5,0.3,8,8,9,8,heldout
pit,0,71,0.5,0.3,6,6,6,6,heldout
pit,0,72,0.5,0.3,6,5,9,5,heldout
pit,0,82,0.5,0.3,2,0,7,0,heldout
pit,0,86,0.5,0.3,1,1,1,1,heldout
pit,0,88,0.5,0.3,4,4,6,4,heldout
pit,0,94,0.5,0.3,2,2,10,2,heldout
pit,0,95,0.5,0.3,8,8,8,8,heldout
pit,0,107,0.5,0.3,6,6,6,6,heldout
pit,0,108,0.5,0.3,7,6,12,6,heldout
pit,0,111,0.5,0.3,3,3,3,3,heldout
pit,0,114,0.5,0.3,2,2,2,2,heldout
pit,0,125,0.5,0.3,1,1,1,1,heldout
pit,0,126,0.5,0.3,2,2,2,2,heldout
pit,0,133,0.5,0.3,8,7,7,7,heldout
pit,0,134,0.5,0.3,5,5,6,5,heldout
pit,0,2,0.5,0.5,5,3,5,3,heldout
pit,0,14,0.5,0.5,3,2,5,2,heldout
pit,0,18,0.5,0.5,2,1,2,1,heldout
pit,0,27,0.5,0.5,6,3,4,3,heldout
pit,0,36,0.5,0.5,3,3,6,3,heldout
pit,0,37,0.5,0.5,2,2,3,2,heldout
pit,0,41,0.5,0.5,5,3,10,3,heldout
pit,0,44,0.5,0.5,1,0,6,0,heldout
pit,0,60,0.5,0.5,5,5,9,5,heldout
pit,0,61,0.5,0.5,8,8,9,8,heldout
pit,0,71,0.5,0.5,6,6,6,6,heldout
pit,0,72,0.5,0.5,6,5,9,5,heldout
pit,0,82,0.5,0.5,2,0,7,0,heldout
pit,0,86,0.5,0.5,1,1,1,1,heldout
pit,0,88,0.5,0.5,4,3,6,3,heldout
pit,0,94,0.5,0.5,2,1,10,1,heldout
pit,0,95,0.5,0.5,8,7,8,7,heldout
pit,0,107,0.5,0.5,6,6,6,6,heldout
pit,0,108,0.5,0.5,7,6,12,6,heldout
pit,0,111,0.5,0.5,3,2,3,2,heldout
pit,0,114,0.5,0.5,2,2,2,2,heldout
pit,0,125,0.5,0.5,1,1,1,1,heldout
pit,0,126,0.5,0.5,2,2,2,2,heldout
pit,0,133,0.5,0.5,8,6,7,6,heldout
pit,0,134,0.5,0.5,5,5,6,5,heldout
pit,0,-1,0.525,0.3,85,78,109,78,val
pit,0,-1,0.525,0.5,85,72,109,72,val
pit,0,2,0.525,0.3,5,4,5,4,heldout
pit,0,14,0.525,0.3,3,2,5,2,heldout
pit,0,18,0.525,0.3,2,1,2,1,heldout
pit,0,27,0.525,0.3,6,3,4,3,heldout
pit,0,36,0.525,0.3,3,3,7,3,heldout
pit,0,37,0.525,0.3,2,2,3,2,heldout
pit,0,41,0.525,0.3,5,5,9,5,heldout
pit,0,44,0.525,0.3,1,1,5,1,heldout
pit,0,60,0.525,0.3,5,5,9,5,heldout
pit,0,61,0.525,0.3,8,8,9,8,heldout
pit,0,71,0.525,0.3,6,6,6,6,heldout
pit,0,72,0.525,0.3,6,5,9,5,heldout
pit,0,82,0.525,0.3,2,0,7,0,heldout
pit,0,86,0.525,0.3,1,1,1,1,heldout
pit,0,88,0.525,0.3,4,4,6,4,heldout
pit,0,94,0.525,0.3,2,1,8,1,heldout
pit,0,95,0.525,0.3,8,8,8,8,heldout
pit,0,107,0.525,0.3,6,6,6,6,heldout
pit,0,108,0.525,0.3,7,6,12,6,heldout
pit,0,111,0.525,0.3,3,3,3,3,heldout
pit,0,114,0.525,0.3,2,2,2,2,heldout
pit,0,125,0.525,0.3,1,1,1,1,heldout
pit,0,126,0.525,0.3,2,2,2,2,heldout
pit,0,133,0.525,0.3,8,7,7,7,heldout
pit,0,134,0.525,0.3,5,5,6,5,heldout
pit,0,2,0.525,0.5,5,3,5,3,heldout
pit,0,14,0.525,0.5,3,2,5,2,heldout
pit,0,18,0.525,0.5,2,1,2,1,heldout
pit,0,27,0.525,0.5,6,3,4,3,heldout
pit,0,36,0.525,0.5,3,2,7,2,heldout
pit,0,37,0.525,0.5,2,2,3,2,heldout
pit,0,41,0.525,0.5,5,4,9,4,heldout
pit,0,44,0.525,0.5,1,0,5,0,heldout
pit,0,60,0.525,0.5,5,5,9,5,heldout
pit,0,61,0.525,0.5,8,8,9,8,heldout
pit,0,71,0.525,0.5,6,4,6,4,heldout
pit,0,72,0.525,0.5,6,5,9,5,heldout
pit,0,82,0.525,0.5,2,0,7,0,heldout
pit,0,86,0.525,0.5,1,1,1,1,heldout
pit,0,88,0.525,0.5,4,3,6,3,heldout
pit,0,94,0.525,0.5,2,1,8,1,heldout
pit,0,95,0.525,0.5,8,7,8,7,heldout
pit,0,107,0.525,0.5,6,6,6,6,heldout
pit,0,108,0.525,0.5,7,6,12,6,heldout
pit,0,111,0.525,0.5,3,2,3,2,heldout
pit,0,114,0.525,0.5,2,2,2,2,heldout
pit,0,125,0.525,0.5,1,1,1,1,heldout
pit,0,126,0.525,0.5,2,1,2,1,heldout
pit,0,133,0.525,0.5,8,6,7,6,heldout
pit,0,134,0.525,0.5,5,5,6,5,heldout
pit,0,-1,0.55,0.3,85,78,107,78,val
pit,0,-1,0.55,0.5,85,68,107,68,val
pit,0,2,0.55,0.3,5,3,4,3,heldout
pit,0,14,0.55,0.3,3,2,4,2,heldout
pit,0,18,0.55,0.3,2,1,3,1,heldout
pit,0,27,0.55,0.3,6,3,3,3,heldout
pit,0,36,0.55,0.3,3,3,5,3,heldout
pit,0,37,0.55,0.3,2,2,3,2,heldout
pit,0,41,0.55,0.3,5,5,9,5,heldout
pit,0,44,0.55,0.3,1,1,4,1,heldout
pit,0,60,0.55,0.3,5,5,9,5,heldout
pit,0,61,0.55,0.3,8,8,9,8,heldout
pit,0,71,0.55,0.3,6,6,6,6,heldout
pit,0,72,0.55,0.3,6,5,9,5,heldout
pit,0,82,0.55,0.3,2,0,6,0,heldout
pit,0,86,0.55,0.3,1,1,1,1,heldout
pit,0,88,0.55,0.3,4,4,5,4,heldout
pit,0,94,0.55,0.3,2,1,7,1,heldout
pit,0,95,0.55,0.3,8,8,8,8,heldout
pit,0,107,0.55,0.3,6,6,6,6,heldout
pit,0,108,0.55,0.3,7,6,11,6,heldout
pit,0,111,0.55,0.3,3,2,3,2,heldout
pit,0,114,0.55,0.3,2,2,2,2,heldout
pit,0,125,0.55,0.3,1,1,1,1,heldout
pit,0,126,0.55,0.3,2,2,2,2,heldout
pit,0,133,0.55,0.3,8,7,7,7,heldout
pit,0,134,0.55,0.3,5,5,6,5,heldout
pit,0,2,0.55,0.5,5,3,4,3,heldout
pit,0,14,0.55,0.5,3,1,4,1,heldout
pit,0,18,0.55,0.5,2,1,3,1,heldout
pit,0,27,0.55,0.5,6,1,3,1,heldout
pit,0,36,0.55,0.5,3,3,5,3,heldout
pit,0,37,0.55,0.5,2,2,3,2,heldout
pit,0,41,0.55,0.5,5,5,9,5,heldout
pit,0,44,0.55,0.5,1,0,4,0,heldout
pit,0,60,0.55,0.5,5,5,9,5,heldout
pit,0,61,0.55,0.5,8,8,9,8,heldout
pit,0,71,0.55,0.5,6,4,6,4,heldout
pit,0,72,0.55,0.5,6,5,9,5,heldout
pit,0,82,0.55,0.5,2,0,6,0,heldout
pit,0,86,0.55,0.5,1,0,1,0,heldout
pit,0,88,0.55,0.5,4,3,5,3,heldout
pit,0,94,0.55,0.5,2,1,7,1,heldout
pit,0,95,0.55,0.5,8,7,8,7,heldout
pit,0,107,0.55,0.5,6,5,6,5,heldout
pit,0,108,0.55,0.5,7,6,11,6,heldout
pit,0,111,0.55,0.5,3,1,3,1,heldout
pit,0,114,0.55,0.5,2,2,2,2,heldout
pit,0,125,0.55,0.5,1,1,1,1,heldout
pit,0,126,0.55,0.5,2,1,2,1,heldout
pit,0,133,0.55,0.5,8,5,7,5,heldout
pit,0,134,0.55,0.5,5,5,6,5,heldout
pit,0,-1,0.575,0.3,85,76,105,76,val
pit,0,-1,0.575,0.5,85,62,105,62,val
pit,0,2,0.575,0.3,5,3,4,3,heldout
pit,0,14,0.575,0.3,3,2,4,2,heldout
pit,0,18,0.575,0.3,2,1,3,1,heldout
pit,0,27,0.575,0.3,6,3,3,3,heldout
pit,0,36,0.575,0.3,3,3,5,3,heldout
pit,0,37,0.575,0.3,2,2,2,2,heldout
pit,0,41,0.575,0.3,5,5,9,5,heldout
pit,0,44,0.575,0.3,1,1,4,1,heldout
pit,0,60,0.575,0.3,5,5,8,5,heldout
pit,0,61,0.575,0.3,8,8,9,8,heldout
pit,0,71,0.575,0.3,6,6,6,6,heldout
pit,0,72,0.575,0.3,6,5,9,5,heldout
pit,0,82,0.575,0.3,2,0,6,0,heldout
pit,0,86,0.575,0.3,1,1,1,1,heldout
pit,0,88,0.575,0.3,4,4,5,4,heldout
pit,0,94,0.575,0.3,2,1,6,1,heldout
pit,0,95,0.575,0.3,8,8,8,8,heldout
pit,0,107,0.575,0.3,6,6,6,6,heldout
pit,0,108,0.575,0.3,7,6,10,6,heldout
pit,0,111,0.575,0.3,3,2,3,2,heldout
pit,0,114,0.575,0.3,2,2,2,2,heldout
pit,0,125,0.575,0.3,1,1,1,1,heldout
pit,0,126,0.575,0.3,2,2,2,2,heldout
pit,0,133,0.575,0.3,8,7,7,7,heldout
pit,0,134,0.575,0.3,5,5,6,5,heldout
pit,0,2,0.575,0.5,5,3,4,3,heldout
pit,0,14,0.575,0.5,3,1,4,1,heldout
pit,0,18,0.575,0.5,2,1,3,1,heldout
pit,0,27,0.575,0.5,6,1,3,1,heldout
pit,0,36,0.575,0.5,3,3,5,3,heldout
pit,0,37,0.575,0.5,2,2,2,2,heldout
pit,0,41,0.575,0.5,5,4,9,4,heldout
pit,0,44,0.575,0.5,1,0,4,0,heldout
pit,0,60,0.575,0.5,5,5,8,5,heldout
pit,0,61,0.575,0.5,8,8,9,8,heldout
pit,0,71,0.575,0.5,6,4,6,4,heldout
pit,0,72,0.575,0.5,6,5,9,5,heldout
pit,0,82,0.575,0.5,2,0,6,0,heldout
pit,0,86,0.575,0.5,1,0,1,0,heldout
pit,0,88,0.575,0.5,4,3,5,3,heldout
pit,0,94,0.575,0.5,2,1,6,1,heldout
pit,0,95,0.575,0.5,8,7,8,7,heldout
pit,0,107,0.575,0.5,6,5,6,5,heldout
pit,0,108,0.575,0.5,7,6,10,6,heldout
pit,0,111,0.575,0.5,3,1,3,1,heldout
pit,0,114,0.575,0.5,2,2,2,2,heldout
pit,0,125,0.575,0.5,1,1,1,1,heldout
pit,0,126,0.575,0.5,2,1,2,1,heldout
pit,0,133,0.575,0.5,8,5,7,5,heldout
pit,0,134,0.575,0.5,5,5,6,5,heldout
pit,0,-1,0.6,0.3,85,73,101,73,val
pit,0,-1,0.6,0.5,85,59,101,59,val
pit,0,2,0.6,0.3,5,3,4,3,heldout
pit,0,14,0.6,0.3,3,2,4,2,heldout
pit,0,18,0.6,0.3,2,1,3,1,heldout
pit,0,27,0.6,0.3,6,3,3,3,heldout
pit,0,36,0.6,0.3,3,3,5,3,heldout
pit,0,37,0.6,0.3,2,2,2,2,heldout
pit,0,41,0.6,0.3,5,4,8,4,heldout
pit,0,44,0.6,0.3,1,1,4,1,heldout
pit,0,60,0.6,0.3,5,5,8,5,heldout
pit,0,61,0.6,0.3,8,8,9,8,heldout
pit,0,71,0.6,0.3,6,5,6,5,heldout
pit,0,72,0.6,0.3,6,5,9,5,heldout
pit,0,82,0.6,0.3,2,0,6,0,heldout
pit,0,86,0.6,0.3,1,1,1,1,heldout
pit,0,88,0.6,0.3,4,4,5,4,heldout
pit,0,94,0.6,0.3,2,1,5,1,heldout
pit,0,95,0.6,0.3,8,8,8,8,heldout
pit,0,107,0.6,0.3,6,6,6,6,heldout
pit,0,108,0.6,0.3,7,6,9,6,heldout
pit,0,111,0.6,0.3,3,2,3,2,heldout
pit,0,114,0.6,0.3,2,2,2,2,heldout
pit,0,125,0.6,0.3,1,1,1,1,heldout
pit,0,126,0.6,0.3,2,2,2,2,heldout
pit,0,133,0.6,0.3,8,6,7,6,heldout
pit,0,134,0.6,0.3,5,5,6,5,heldout
pit,0,2,0.6,0.5,5,3,4,3,heldout
pit,0,14,0.6,0.5,3,1,4,1,heldout
pit,0,18,0.6,0.5,2,1,3,1,heldout
pit,0,27,0.6,0.5,6,1,3,1,heldout
pit,0,36,0.6,0.5,3,3,5,3,heldout
pit,0,37,0.6,0.5,2,2,2,2,heldout
pit,0,41,0.6,0.5,5,3,8,3,heldout
pit,0,44,0.6,0.5,1,0,4,0,heldout
pit,0,60,0.6,0.5,5,5,8,5,heldout
pit,0,61,0.6,0.5,8,8,9,8,heldout
pit,0,71,0.6,0.5,6,4,6,4,heldout
pit,0,72,0.6,0.5,6,4,9,4,heldout
pit,0,82,0.6,0.5,2,0,6,0,heldout
pit,0,86,0.6,0.5,1,0,1,0,heldout
pit,0,88,0.6,0.5,4,3,5,3,heldout
pit,0,94,0.6,0.5,2,1,5,1,heldout
pit,0,95,0.6,0.5,8,7,8,7,heldout
pit,0,107,0.6,0.5,6,5,6,5,heldout
pit,0,108,0.6,0.5,7,6,9,6,heldout
pit,0,111,0.6,0.5,3,1,3,1,heldout
pit,0,114,0.6,0.5,2,2,2,2,heldout
pit,0,125,0.6,0.5,1,1,1,1,heldout
pit,0,126,0.6,0.5,2,1,2,1,heldout
pit,0,133,0.6,0.5,8,4,7,4,heldout
pit,0,134,0.6,0.5,5,4,6,4,heldout
pit,0,-1,0.625,0.3,85,69,96,69,val
pit,0,-1,0.625,0.5,85,55,96,55,val
pit,0,2,0.625,0.3,5,3,4,3,heldout
pit,0,14,0.625,0.3,3,1,2,1,heldout
pit,0,18,0.625,0.3,2,1,3,1,heldout
pit,0,27,0.625,0.3,6,2,3,2,heldout
pit,0,36,0.625,0.3,3,3,5,3,heldout
pit,0,37,0.625,0.3,2,2,2,2,heldout
pit,0,41,0.625,0.3,5,4,8,4,heldout
pit,0,44,0.625,0.3,1,0,4,0,heldout
pit,0,60,0.625,0.3,5,5,8,5,heldout
pit,0,61,0.625,0.3,8,8,9,8,heldout
pit,0,71,0.625,0.3,6,5,6,5,heldout
pit,0,72,0.625,0.3,6,5,9,5,heldout
pit,0,82,0.625,0.3,2,0,6,0,heldout
pit,0,86,0.625,0.3,1,1,1,1,heldout
pit,0,88,0.625,0.3,4,3,5,3,heldout
pit,0,94,0.625,0.3,2,1,5,1,heldout
pit,0,95,0.625,0.3,8,7,8,7,heldout
pit,0,107,0.625,0.3,6,6,6,6,heldout
pit,0,108,0.625,0.3,7,6,9,6,heldout
pit,0,111,0.625,0.3,3,2,3,2,heldout
pit,0,114,0.625,0.3,2,2,2,2,heldout
pit,0,125,0.625,0.3,1,1,1,1,heldout
pit,0,126,0.625,0.3,2,2,2,2,heldout
pit,0,133,0.625,0.3,8,6,7,6,heldout
pit,0,134,0.625,0.3,5,5,7,5,heldout
pit,0,2,0.625,0.5,5,1,4,1,heldout
pit,0,14,0.625,0.5,3,1,2,1,heldout
pit,0,18,0.625,0.5,2,0,3,0,heldout
pit,0,27,0.625,0.5,6,0,3,0,heldout
pit,0,36,0.625,0.5,3,3,5,3,heldout
pit,0,37,0.625,0.5,2,2,2,2,heldout
pit,0,41,0.625,0.5,5,4,8,4,heldout
pit,0,44,0.625,0.5,1,0,4,0,heldout
pit,0,60,0.625,0.5,5,5,8,5,heldout
pit,0,61,0.625,0.5,8,8,9,8,heldout
pit,0,71,0.625,0.5,6,4,6,4,heldout
pit,0,72,0.625,0.5,6,4,9,4,heldout
pit,0,82,0.625,0.5,2,0,6,0,heldout
pit,0,86,0.625,0.5,1,0,1,0,heldout
pit,0,88,0.625,0.5,4,3,5,3,heldout
pit,0,94,0.625,0.5,2,1,5,1,heldout
pit,0,95,0.625,0.5,8,7,8,7,heldout
pit,0,107,0.625,0.5,6,5,6,5,heldout
pit,0,108,0.625,0.5,7,6,9,6,heldout
pit,0,111,0.625,0.5,3,1,3,1,heldout
pit,0,114,0.625,0.5,2,2,2,2,heldout
pit,0,125,0.625,0.5,1,1,1,1,heldout
pit,0,126,0.625,0.5,2,1,2,1,heldout
pit,0,133,0.625,0.5,8,3,7,3,heldout
pit,0,134,0.625,0.5,5,3,7,3,heldout
pit,0,-1,0.65,0.3,85,68,95,68,val
pit,0,-1,0.65,0.5,85,48,95,48,val
pit,0,2,0.65,0.3,5,2,4,2,heldout
pit,0,14,0.65,0.3,3,1,1,1,heldout
pit,0,18,0.65,0.3,2,1,1,1,heldout
pit,0,27,0.65,0.3,6,1,3,1,heldout
pit,0,36,0.65,0.3,3,3,6,3,heldout
pit,0,37,0.65,0.3,2,2,2,2,heldout
pit,0,41,0.65,0.3,5,3,7,3,heldout
pit,0,44,0.65,0.3,1,0,4,0,heldout
pit,0,60,0.65,0.3,5,5,7,5,heldout
pit,0,61,0.65,0.3,8,8,9,8,heldout
pit,0,71,0.65,0.3,6,5,6,5,heldout
pit,0,72,0.65,0.3,6,5,9,5,heldout
pit,0,82,0.65,0.3,2,0,5,0,heldout
pit,0,86,0.65,0.3,1,1,1,1,heldout
pit,0,88,0.65,0.3,4,3,5,3,heldout
pit,0,94,0.65,0.3,2,1,5,1,heldout
pit,0,95,0.65,0.3,8,7,8,7,heldout
pit,0,107,0.65,0.3,6,6,6,6,heldout
pit,0,108,0.65,0.3,7,6,9,6,heldout
pit,0,111,0.65,0.3,3,1,2,1,heldout
pit,0,114,0.65,0.3,2,2,2,2,heldout
pit,0,125,0.65,0.3,1,1,1,1,heldout
pit,0,126,0.65,0.3,2,2,2,2,heldout
pit,0,133,0.65,0.3,8,6,7,6,heldout
pit,0,134,0.65,0.3,5,5,7,5,heldout
pit,0,2,0.65,0.5,5,1,4,1,heldout
pit,0,14,0.65,0.5,3,0,1,0,heldout
pit,0,18,0.65,0.5,2,0,1,0,heldout
pit,0,27,0.65,0.5,6,0,3,0,heldout
pit,0,36,0.65,0.5,3,2,6,2,heldout
pit,0,37,0.65,0.5,2,2,2,2,heldout
pit,0,41,0.65,0.5,5,2,7,2,heldout
pit,0,44,0.65,0.5,1,0,4,0,heldout
pit,0,60,0.65,0.5,5,5,7,5,heldout
pit,0,61,0.65,0.5,8,7,9,7,heldout
pit,0,71,0.65,0.5,6,4,6,4,heldout
pit,0,72,0.65,0.5,6,4,9,4,heldout
pit,0,82,0.65,0.5,2,0,5,0,heldout
pit,0,86,0.65,0.5,1,0,1,0,heldout
pit,0,88,0.65,0.5,4,3,5,3,heldout
pit,0,94,0.65,0.5,2,1,5,1,heldout
pit,0,95,0.65,0.5,8,7,8,7,heldout
pit,0,107,0.65,0.5,6,5,6,5,heldout
pit,0,108,0.65,0.5,7,5,9,5,heldout
pit,0,111,0.65,0.5,3,1,2,1,heldout
pit,0,114,0.65,0.5,2,2,2,2,heldout
pit,0,125,0.65,0.5,1,1,1,1,heldout
pit,0,126,0.65,0.5,2,1,2,1,heldout
pit,0,133,0.65,0.5,8,3,7,3,heldout
pit,0,134,0.65,0.5,5,3,7,3,heldout
pit,0,-1,0.675,0.3,85,68,90,68,val
pit,0,-1,0.675,0.5,85,45,90,45,val
pit,0,2,0.675,0.3,5,2,3,2,heldout
pit,0,14,0.675,0.3,3,1,1,1,heldout
pit,0,18,0.675,0.3,2,0,1,0,heldout
pit,0,27,0.675,0.3,6,1,1,1,heldout
pit,0,36,0.675,0.3,3,3,5,3,heldout
pit,0,37,0.675,0.3,2,2,2,2,heldout
pit,0,41,0.675,0.3,5,3,7,3,heldout
pit,0,44,0.675,0.3,1,0,3,0,heldout
pit,0,60,0.675,0.3,5,5,7,5,heldout
pit,0,61,0.675,0.3,8,8,9,8,heldout
pit,0,71,0.675,0.3,6,5,5,5,heldout
pit,0,72,0.675,0.3,6,4,8,4,heldout
pit,0,82,0.675,0.3,2,0,5,0,heldout
pit,0,86,0.675,0.3,1,1,1,1,heldout
pit,0,88,0.675,0.3,4,3,5,3,heldout
pit,0,94,0.675,0.3,2,1,3,1,heldout
pit,0,95,0.675,0.3,8,7,8,7,heldout
pit,0,107,0.675,0.3,6,6,6,6,heldout
pit,0,108,0.675,0.3,7,5,8,5,heldout
pit,0,111,0.675,0.3,3,0,3,0,heldout
pit,0,114,0.675,0.3,2,2,2,2,heldout
pit,0,125,0.675,0.3,1,1,1,1,heldout
pit,0,126,0.675,0.3,2,2,2,2,heldout
pit,0,133,0.675,0.3,8,3,5,3,heldout
pit,0,134,0.675,0.3,5,5,7,5,heldout
pit,0,2,0.675,0.5,5,0,3,0,heldout
pit,0,14,0.675,0.5,3,0,1,0,heldout
pit,0,18,0.675,0.5,2,0,1,0,heldout
pit,0,27,0.675,0.5,6,0,1,0,heldout
pit,0,36,0.675,0.5,3,2,5,2,heldout
pit,0,37,0.675,0.5,2,2,2,2,heldout
pit,0,41,0.675,0.5,5,2,7,2,heldout
pit,0,44,0.675,0.5,1,0,3,0,heldout
pit,0,60,0.675,0.5,5,5,7,5,heldout
pit,0,61,0.675,0.5,8,7,9,7,heldout
pit,0,71,0.675,0.5,6,4,5,4,heldout
pit,0,72,0.675,0.5,6,4,8,4,heldout
pit,0,82,0.675,0.5,2,0,5,0,heldout
pit,0,86,0.675,0.5,1,0,1,0,heldout
pit,0,88,0.675,0.5,4,3,5,3,heldout
pit,0,94,0.675,0.5,2,1,3,1,heldout
pit,0,95,0.675,0.5,8,7,8,7,heldout
pit,0,107,0.675,0.5,6,5,6,5,heldout
pit,0,108,0.675,0.5,7,4,8,4,heldout
pit,0,111,0.675,0.5,3,0,3,0,heldout
pit,0,114,0.675,0.5,2,2,2,2,heldout
pit,0,125,0.675,0.5,1,1,1,1,heldout
pit,0,126,0.675,0.5,2,1,2,1,heldout
pit,0,133,0.675,0.5,8,3,5,3,heldout
pit,0,134,0.675,0.5,5,1,7,1,heldout
pit,0,-1,0.7,0.3,85,64,87,64,val
pit,0,-1,0.7,0.5,85,41,87,41,val
pit,0,2,0.7,0.3,5,2,3,2,heldout
pit,0,14,0.7,0.3,3,0,0,0,heldout
pit,0,18,0.7,0.3,2,0,1,0,heldout
pit,0,27,0.7,0.3,6,1,1,1,heldout
pit,0,36,0.7,0.3,3,3,5,3,heldout
pit,0,37,0.7,0.3,2,2,2,2,heldout
pit,0,41,0.7,0.3,5,3,7,3,heldout
pit,0,44,0.7,0.3,1,0,2,0,heldout
pit,0,60,0.7,0.3,5,5,7,5,heldout
pit,0,61,0.7,0.3,8,8,9,8,heldout
pit,0,71,0.7,0.3,6,4,5,4,heldout
pit,0,72,0.7,0.3,6,4,8,4,heldout
pit,0,82,0.7,0.3,2,0,4,0,heldout
pit,0,86,0.7,0.3,1,1,1,1,heldout
pit,0,88,0.7,0.3,4,3,5,3,heldout
pit,0,94,0.7,0.3,2,1,3,1,heldout
pit,0,95,0.7,0.3,8,7,8,7,heldout
pit,0,107,0.7,0.3,6,6,6,6,heldout
pit,0,108,0.7,0.3,7,4,7,4,heldout
pit,0,111,0.7,0.3,3,0,3,0,heldout
pit,0,114,0.7,0.3,2,2,2,2,heldout
pit,0,125,0.7,0.3,1,1,1,1,heldout
pit,0,126,0.7,0.3,2,1,2,1,heldout
pit,0,133,0.7,0.3,8,3,5,3,heldout
pit,0,134,0.7,0.3,5,5,7,5,heldout
pit,0,2,0.7,0.5,5,0,3,0,heldout
pit,0,14,0.7,0.5,3,0,0,0,heldout
pit,0,18,0.7,0.5,2,0,1,0,heldout
pit,0,27,0.7,0.5,6,0,1,0,heldout
pit,0,36,0.7,0.5,3,2,5,2,heldout
pit,0,37,0.7,0.5,2,2,2,2,heldout
pit,0,41,0.7,0.5,5,2,7,2,heldout
pit,0,44,0.7,0.5,1,0,2,0,heldout
pit,0,60,0.7,0.5,5,5,7,5,heldout
pit,0,61,0.7,0.5,8,4,9,4,heldout
pit,0,71,0.7,0.5,6,4,5,4,heldout
pit,0,72,0.7,0.5,6,3,8,3,heldout
pit,0,82,0.7,0.5,2,0,4,0,heldout
pit,0,86,0.7,0.5,1,0,1,0,heldout
pit,0,88,0.7,0.5,4,3,5,3,heldout
pit,0,94,0.7,0.5,2,0,3,0,heldout
pit,0,95,0.7,0.5,8,5,8,5,heldout
pit,0,107,0.7,0.5,6,3,6,3,heldout
pit,0,108,0.7,0.5,7,3,7,3,heldout
pit,0,111,0.7,0.5,3,0,3,0,heldout
pit,0,114,0.7,0.5,2,2,2,2,heldout
pit,0,125,0.7,0.5,1,1,1,1,heldout
pit,0,126,0.7,0.5,2,1,2,1,heldout
pit,0,133,0.7,0.5,8,3,5,3,heldout
pit,0,134,0.7,0.5,5,0,7,0,heldout
pit,0,-1,0.725,0.3,85,61,82,61,val
pit,0,-1,0.725,0.5,85,32,82,32,val
pit,0,2,0.725,0.3,5,2,3,2,heldout
pit,0,14,0.725,0.3,3,0,0,0,heldout
pit,0,18,0.725,0.3,2,0,0,0,heldout
pit,0,27,0.725,0.3,6,1,1,1,heldout
pit,0,36,0.725,0.3,3,3,5,3,heldout
pit,0,37,0.725,0.3,2,2,2,2,heldout
pit,0,41,0.725,0.3,5,3,6,3,heldout
pit,0,44,0.725,0.3,1,0,2,0,heldout
pit,0,60,0.725,0.3,5,5,7,5,heldout
pit,0,61,0.725,0.3,8,8,9,8,heldout
pit,0,71,0.725,0.3,6,4,5,4,heldout
pit,0,72,0.725,0.3,6,4,8,4,heldout
pit,0,82,0.725,0.3,2,0,3,0,heldout
pit,0,86,0.725,0.3,1,0,1,0,heldout
pit,0,88,0.725,0.3,4,3,5,3,heldout
pit,0,94,0.725,0.3,2,1,3,1,heldout
pit,0,95,0.725,0.3,8,7,8,7,heldout
pit,0,107,0.725,0.3,6,6,6,6,heldout
pit,0,108,0.725,0.3,7,4,7,4,heldout
pit,0,111,0.725,0.3,3,0,2,0,heldout
pit,0,114,0.725,0.3,2,2,2,2,heldout
pit,0,125,0.725,0.3,1,1,1,1,heldout
pit,0,126,0.725,0.3,2,1,2,1,heldout
pit,0,133,0.725,0.3,8,3,5,3,heldout
pit,0,134,0.725,0.3,5,4,7,4,heldout
pit,0,2,0.725,0.5,5,0,3,0,heldout
pit,0,14,0.725,0.5,3,0,0,0,heldout
pit,0,18,0.725,0.5,2,0,0,0,heldout
pit,0,27,0.725,0.5,6,0,1,0,heldout
pit,0,36,0.725,0.5,3,2,5,2,heldout
pit,0,37,0.725,0.5,2,1,2,1,heldout
pit,0,41,0.725,0.5,5,2,6,2,heldout
pit,0,44,0.725,0.5,1,0,2,0,heldout
pit,0,60,0.725,0.5,5,5,7,5,heldout
pit,0,61,0.725,0.5,8,3,9,3,heldout
pit,0,71,0.725,0.5,6,4,5,4,heldout
pit,0,72,0.725,0.5,6,3,8,3,heldout
pit,0,82,0.725,0.5,2,0,3,0,heldout
pit,0,86,0.725,0.5,1,0,1,0,heldout
pit,0,88,0.725,0.5,4,3,5,3,heldout
pit,0,94,0.725,0.5,2,0,3,0,heldout
pit,0,95,0.725,0.5,8,5,8,5,heldout
pit,0,107,0.725,0.5,6,2,6,2,heldout
pit,0,108,0.725,0.5,7,2,7,2,heldout
pit,0,111,0.725,0.5,3,0,2,0,heldout
pit,0,114,0.725,0.5,2,2,2,2,heldout
pit,0,125,0.725,0.5,1,1,1,1,heldout
pit,0,126,0.725,0.5,2,1,2,1,heldout
pit,0,133,0.725,0.5,8,2,5,2,heldout
pit,0,134,0.725,0.5,5,0,7,0,heldout
pit,0,-1,0.75,0.3,85,55,77,55,val
pit,0,-1,0.75,0.5,85,24,77,24,val
pit,0,2,0.75,0.3,5,2,3,2,heldout
pit,0,14,0.75,0.3,3,0,0,0,heldout
pit,0,18,0.75,0.3,2,0,0,0,heldout
pit,0,27,0.75,0.3,6,0,1,0,heldout
pit,0,36,0.75,0.3,3,2,6,2,heldout
pit,0,37,0.75,0.3,2,2,2,2,heldout
pit,0,41,0.75,0.3,5,2,5,2,heldout
pit,0,44,0.75,0.3,1,0,2,0,heldout
pit,0,60,0.75,0.3,5,5,7,5,heldout
pit,0,61,0.75,0.3,8,8,9,8,heldout
pit,0,71,0.75,0.3,6,4,5,4,heldout
pit,0,72,0.75,0.3,6,3,6,3,heldout
pit,0,82,0.75,0.3,2,0,3,0,heldout
pit,0,86,0.75,0.3,1,0,1,0,heldout
pit,0,88,0.75,0.3,4,3,4,3,heldout
pit,0,94,0.75,0.3,2,0,3,0,heldout
pit,0,95,0.75,0.3,8,7,8,7,heldout
pit,0,107,0.75,0.3,6,5,6,5,heldout
pit,0,108,0.75,0.3,7,4,6,4,heldout
pit,0,111,0.75,0.3,3,0,2,0,heldout
pit,0,114,0.75,0.3,2,2,2,2,heldout
pit,0,125,0.75,0.3,1,1,1,1,heldout
pit,0,126,0.75,0.3,2,1,2,1,heldout
pit,0,133,0.75,0.3,8,3,5,3,heldout
pit,0,134,0.75,0.3,5,2,6,2,heldout
pit,0,2,0.75,0.5,5,0,3,0,heldout
pit,0,14,0.75,0.5,3,0,0,0,heldout
pit,0,18,0.75,0.5,2,0,0,0,heldout
pit,0,27,0.75,0.5,6,0,1,0,heldout
pit,0,36,0.75,0.5,3,1,6,1,heldout
pit,0,37,0.75,0.5,2,1,2,1,heldout
pit,0,41,0.75,0.5,5,1,5,1,heldout
pit,0,44,0.75,0.5,1,0,2,0,heldout
pit,0,60,0.75,0.5,5,2,7,2,heldout
pit,0,61,0.75,0.5,8,2,9,2,heldout
pit,0,71,0.75,0.5,6,3,5,3,heldout
pit,0,72,0.75,0.5,6,1,6,1,heldout
pit,0,82,0.75,0.5,2,0,3,0,heldout
pit,0,86,0.75,0.5,1,0,1,0,heldout
pit,0,88,0.75,0.5,4,3,4,3,heldout
pit,0,94,0.75,0.5,2,0,3,0,heldout
pit,0,95,0.75,0.5,8,5,8,5,heldout
pit,0,107,0.75,0.5,6,1,6,1,heldout
pit,0,108,0.75,0.5,7,2,6,2,heldout
pit,0,111,0.75,0.5,3,0,2,0,heldout
pit,0,114,0.75,0.5,2,1,2,1,heldout
pit,0,125,0.75,0.5,1,1,1,1,heldout
pit,0,126,0.75,0.5,2,1,2,1,heldout
pit,0,133,0.75,0.5,8,1,5,1,heldout
pit,0,134,0.75,0.5,5,0,6,0,heldout
pit,0,-1,0.775,0.3,85,46,72,46,val
pit,0,-1,0.775,0.5,85,17,72,17,val
pit,0,2,0.775,0.3,5,0,3,0,heldout
pit,0,14,0.775,0.3,3,0,0,0,heldout
pit,0,18,0.775,0.3,2,0,0,0,heldout
pit,0,27,0.775,0.3,6,0,1,0,heldout
pit,0,36,0.775,0.3,3,2,4,2,heldout
pit,0,37,0.775,0.3,2,2,2,2,heldout
pit,0,41,0.775,0.3,5,1,3,1,heldout
pit,0,44,0.775,0.3,1,0,1,0,heldout
pit,0,60,0.775,0.3,5,4,6,4,heldout
pit,0,61,0.775,0.3,8,7,8,7,heldout
pit,0,71,0.775,0.3,6,3,5,3,heldout
pit,0,72,0.775,0.3,6,3,4,3,heldout
pit,0,82,0.775,0.3,2,0,2,0,heldout
pit,0,86,0.775,0.3,1,0,1,0,heldout
pit,0,88,0.775,0.3,4,3,4,3,heldout
pit,0,94,0.775,0.3,2,0,2,0,heldout
pit,0,95,0.775,0.3,8,6,8,6,heldout
pit,0,107,0.775,0.3,6,4,5,4,heldout
pit,0,108,0.775,0.3,7,4,5,4,heldout
pit,0,111,0.775,0.3,3,0,1,0,heldout
pit,0,114,0.775,0.3,2,2,2,2,heldout
pit,0,125,0.775,0.3,1,1,1,1,heldout
pit,0,126,0.775,0.3,2,1,2,1,heldout
pit,0,133,0.775,0.3,8,3,4,3,heldout
pit,0,134,0.775,0.3,5,1,5,1,heldout
pit,0,2,0.775,0.5,5,0,3,0,heldout
pit,0,14,0.775,0.5,3,0,0,0,heldout
pit,0,18,0.775,0.5,2,0,0,0,heldout
pit,0,27,0.775,0.5,6,0,1,0,heldout
pit,0,36,0.775,0.5,3,1,4,1,heldout
pit,0,37,0.775,0.5,2,1,2,1,heldout
pit,0,41,0.775,0.5,5,1,3,1,heldout
pit,0,44,0.775,0.5,1,0,1,0,heldout
pit,0,60,0.775,0.5,5,1,6,1,heldout
pit,0,61,0.775,0.5,8,1,8,1,heldout
pit,0,71,0.775,0.5,6,1,5,1,heldout
pit,0,72,0.775,0.5,6,0,4,0,heldout
pit,0,82,0.775,0.5,2,0,2,0,heldout
pit,0,86,0.775,0.5,1,0,1,0,heldout
pit,0,88,0.775,0.5,4,2,4,2,heldout
pit,0,94,0.775,0.5,2,0,2,0,heldout
pit,0,95,0.775,0.5,8,3,8,3,heldout
pit,0,107,0.775,0.5,6,1,5,1,heldout
pit,0,108,0.775,0.5,7,2,5,2,heldout
pit,0,111,0.775,0.5,3,0,1,0,heldout
pit,0,114,0.775,0.5,2,0,2,0,heldout
pit,0,125,0.775,0.5,1,1,1,1,heldout
pit,0,126,0.775,0.5,2,0,2,0,heldout
pit,0,133,0.775,0.5,8,0,4,0,heldout
pit,0,134,0.775,0.5,5,0,5,0,heldout
pit,0,-1,0.8,0.3,85,39,67,39,val
pit,0,-1,0.8,0.5,85,9,67,9,val
pit,0,2,0.8,0.3,5,0,3,0,heldout
pit,0,14,0.8,0.3,3,0,0,0,heldout
pit,0,18,0.8,0.3,2,0,0,0,heldout
pit,0,27,0.8,0.3,6,0,1,0,heldout
pit,0,36,0.8,0.3,3,2,4,2,heldout
pit,0,37,0.8,0.3,2,1,2,1,heldout
pit,0,41,0.8,0.3,5,1,2,1,heldout
pit,0,44,0.8,0.3,1,0,1,0,heldout
pit,0,60,0.8,0.3,5,3,5,3,heldout
pit,0,61,0.8,0.3,8,3,7,3,heldout
pit,0,71,0.8,0.3,6,3,5,3,heldout
pit,0,72,0.8,0.3,6,3,4,3,heldout
pit,0,82,0.8,0.3,2,0,1,0,heldout
pit,0,86,0.8,0.3,1,0,1,0,heldout
pit,0,88,0.8,0.3,4,3,4,3,heldout
pit,0,94,0.8,0.3,2,0,2,0,heldout
pit,0,95,0.8,0.3,8,5,8,5,heldout
pit,0,107,0.8,0.3,6,2,4,2,heldout
pit,0,108,0.8,0.3,7,2,4,2,heldout
pit,0,111,0.8,0.3,3,0,1,0,heldout
pit,0,114,0.8,0.3,2,2,2,2,heldout
pit,0,125,0.8,0.3,1,1,1,1,heldout
pit,0,126,0.8,0.3,2,1,2,1,heldout
pit,0,133,0.8,0.3,8,3,4,3,heldout
pit,0,134,0.8,0.3,5,0,3,0,heldout
pit,0,2,0.8,0.5,5,0,3,0,heldout
pit,0,14,0.8,0.5,3,0,0,0,heldout
pit,0,18,0.8,0.5,2,0,0,0,heldout
pit,0,27,0.8,0.5,6,0,1,0,heldout
pit,0,36,0.8,0.5,3,0,4,0,heldout
pit,0,37,0.8,0.5,2,0,2,0,heldout
pit,0,41,0.8,0.5,5,1,2,1,heldout
pit,0,44,0.8,0.5,1,0,1,0,heldout
pit,0,60,0.8,0.5,5,1,5,1,heldout
pit,0,61,0.8,0.5,8,1,7,1,heldout
pit,0,71,0.8,0.5,6,1,5,1,heldout
pit,0,72,0.8,0.5,6,0,4,0,heldout
pit,0,82,0.8,0.5,2,0,1,0,heldout
pit,0,86,0.8,0.5,1,0,1,0,heldout
pit,0,88,0.8,0.5,4,1,4,1,heldout
pit,0,94,0.8,0.5,2,0,2,0,heldout
pit,0,95,0.8,0.5,8,1,8,1,heldout
pit,0,107,0.8,0.5,6,1,4,1,heldout
pit,0,108,0.8,0.5,7,2,4,2,heldout
pit,0,111,0.8,0.5,3,0,1,0,heldout
pit,0,114,0.8,0.5,2,0,2,0,heldout
pit,0,125,0.8,0.5,1,1,1,1,heldout
pit,0,126,0.8,0.5,2,0,2,0,heldout
pit,0,133,0.8,0.5,8,0,4,0,heldout
pit,0,134,0.8,0.5,5,0,3,0,heldout
pit,0,-1,0.825,0.3,85,31,57,31,val
pit,0,-1,0.825,0.5,85,8,57,8,val
pit,0,2,0.825,0.3,5,0,2,0,heldout
pit,0,14,0.825,0.3,3,0,0,0,heldout
pit,0,18,0.825,0.3,2,0,0,0,heldout
pit,0,27,0.825,0.3,6,0,0,0,heldout
pit,0,36,0.825,0.3,3,2,2,2,heldout
pit,0,37,0.825,0.3,2,1,1,1,heldout
pit,0,41,0.825,0.3,5,1,2,1,heldout
pit,0,44,0.825,0.3,1,0,1,0,heldout
pit,0,60,0.825,0.3,5,3,4,3,heldout
pit,0,61,0.825,0.3,8,2,5,2,heldout
pit,0,71,0.825,0.3,6,3,3,3,heldout
pit,0,72,0.825,0.3,6,3,4,3,heldout
pit,0,82,0.825,0.3,2,0,1,0,heldout
pit,0,86,0.825,0.3,1,0,1,0,heldout
pit,0,88,0.825,0.3,4,3,4,3,heldout
pit,0,94,0.825,0.3,2,0,2,0,heldout
pit,0,95,0.825,0.3,8,4,7,4,heldout
pit,0,107,0.825,0.3,6,2,4,2,heldout
pit,0,108,0.825,0.3,7,2,4,2,heldout
pit,0,111,0.825,0.3,3,0,1,0,heldout
pit,0,114,0.825,0.3,2,1,2,1,heldout
pit,0,125,0.825,0.3,1,1,1,1,heldout
pit,0,126,0.825,0.3,2,1,1,1,heldout
pit,0,133,0.825,0.3,8,2,4,2,heldout
pit,0,134,0.825,0.3,5,0,1,0,heldout
pit,0,2,0.825,0.5,5,0,2,0,heldout
pit,0,14,0.825,0.5,3,0,0,0,heldout
pit,0,18,0.825,0.5,2,0,0,0,heldout
pit,0,27,0.825,0.5,6,0,0,0,heldout
pit,0,36,0.825,0.5,3,0,2,0,heldout
pit,0,37,0.825,0.5,2,0,1,0,heldout
pit,0,41,0.825,0.5,5,1,2,1,heldout
pit,0,44,0.825,0.5,1,0,1,0,heldout
pit,0,60,0.825,0.5,5,0,4,0,heldout
pit,0,61,0.825,0.5,8,0,5,0,heldout
pit,0,71,0.825,0.5,6,0,3,0,heldout
pit,0,72,0.825,0.5,6,0,4,0,heldout
pit,0,82,0.825,0.5,2,0,1,0,heldout
pit,0,86,0.825,0.5,1,0,1,0,heldout
pit,0,88,0.825,0.5,4,0,4,0,heldout
pit,0,94,0.825,0.5,2,0,2,0,heldout
pit,0,95,0.825,0.5,8,1,7,1,heldout
pit,0,107,0.825,0.5,6,0,4,0,heldout
pit,0,108,0.825,0.5,7,0,4,0,heldout
pit,0,111,0.825,0.5,3,0,1,0,heldout
pit,0,114,0.825,0.5,2,0,2,0,heldout
pit,0,125,0.825,0.5,1,1,1,1,heldout
pit,0,126,0.825,0.5,2,0,1,0,heldout
pit,0,133,0.825,0.5,8,0,4,0,heldout
pit,0,134,0.825,0.5,5,0,1,0,heldout
pit,0,-1,0.85,0.3,85,22,45,22,val
pit,0,-1,0.85,0.5,85,2,45,2,val
pit,0,2,0.85,0.3,5,0,0,0,heldout
pit,0,14,0.85,0.3,3,0,0,0,heldout
pit,0,18,0.85,0.3,2,0,0,0,heldout
pit,0,27,0.85,0.3,6,0,0,0,heldout
pit,0,36,0.85,0.3,3,0,2,0,heldout
pit,0,37,0.85,0.3,2,1,1,1,heldout
pit,0,41,0.85,0.3,5,1,2,1,heldout
pit,0,44,0.85,0.3,1,0,1,0,heldout
pit,0,60,0.85,0.3,5,1,5,1,heldout
pit,0,61,0.85,0.3,8,0,2,0,heldout
pit,0,71,0.85,0.3,6,2,3,2,heldout
pit,0,72,0.85,0.3,6,3,4,3,heldout
pit,0,82,0.85,0.3,2,0,1,0,heldout
pit,0,86,0.85,0.3,1,0,1,0,heldout
pit,0,88,0.85,0.3,4,3,4,3,heldout
pit,0,94,0.85,0.3,2,0,1,0,heldout
pit,0,95,0.85,0.3,8,4,5,4,heldout
pit,0,107,0.85,0.3,6,1,1,1,heldout
pit,0,108,0.85,0.3,7,2,3,2,heldout
pit,0,111,0.85,0.3,3,0,1,0,heldout
pit,0,114,0.85,0.3,2,1,2,1,heldout
pit,0,125,0.85,0.3,1,1,1,1,heldout
pit,0,126,0.85,0.3,2,0,1,0,heldout
pit,0,133,0.85,0.3,8,1,3,1,heldout
pit,0,134,0.85,0.3,5,0,1,0,heldout
pit,0,2,0.85,0.5,5,0,0,0,heldout
pit,0,14,0.85,0.5,3,0,0,0,heldout
pit,0,18,0.85,0.5,2,0,0,0,heldout
pit,0,27,0.85,0.5,6,0,0,0,heldout
pit,0,36,0.85,0.5,3,0,2,0,heldout
pit,0,37,0.85,0.5,2,0,1,0,heldout
pit,0,41,0.85,0.5,5,1,2,1,heldout
pit,0,44,0.85,0.5,1,0,1,0,heldout
pit,0,60,0.85,0.5,5,0,5,0,heldout
pit,0,61,0.85,0.5,8,0,2,0,heldout
pit,0,71,0.85,0.5,6,0,3,0,heldout
pit,0,72,0.85,0.5,6,0,4,0,heldout
pit,0,82,0.85,0.5,2,0,1,0,heldout
pit,0,86,0.85,0.5,1,0,1,0,heldout
pit,0,88,0.85,0.5,4,0,4,0,heldout
pit,0,94,0.85,0.5,2,0,1,0,heldout
pit,0,95,0.85,0.5,8,1,5,1,heldout
pit,0,107,0.85,0.5,6,0,1,0,heldout
pit,0,108,0.85,0.5,7,0,3,0,heldout
pit,0,111,0.85,0.5,3,0,1,0,heldout
pit,0,114,0.85,0.5,2,0,2,0,heldout
pit,0,125,0.85,0.5,1,0,1,0,heldout
pit,0,126,0.85,0.5,2,0,1,0,heldout
pit,0,133,0.85,0.5,8,0,3,0,heldout
pit,0,134,0.85,0.5,5,0,1,0,heldout
pit,0,-1,0.875,0.3,85,12,29,12,val
pit,0,-1,0.875,0.5,85,1,29,1,val
pit,0,2,0.875,0.3,5,0,0,0,heldout
pit,0,14,0.875,0.3,3,0,0,0,heldout
pit,0,18,0.875,0.3,2,0,0,0,heldout
pit,0,27,0.875,0.3,6,0,0,0,heldout
pit,0,36,0.875,0.3,3,0,1,0,heldout
pit,0,37,0.875,0.3,2,1,1,1,heldout
pit,0,41,0.875,0.3,5,1,1,1,heldout
pit,0,44,0.875,0.3,1,0,1,0,heldout
pit,0,60,0.875,0.3,5,1,3,1,heldout
pit,0,61,0.875,0.3,8,0,1,0,heldout
pit,0,71,0.875,0.3,6,1,3,1,heldout
pit,0,72,0.875,0.3,6,1,3,1,heldout
pit,0,82,0.875,0.3,2,0,0,0,heldout
pit,0,86,0.875,0.3,1,0,1,0,heldout
pit,0,88,0.875,0.3,4,2,3,2,heldout
pit,0,94,0.875,0.3,2,0,1,0,heldout
pit,0,95,0.875,0.3,8,1,3,1,heldout
pit,0,107,0.875,0.3,6,1,1,1,heldout
pit,0,108,0.875,0.3,7,1,3,1,heldout
pit,0,111,0.875,0.3,3,0,1,0,heldout
pit,0,114,0.875,0.3,2,0,1,0,heldout
pit,0,125,0.875,0.3,1,1,1,1,heldout
pit,0,126,0.875,0.3,2,0,1,0,heldout
pit,0,133,0.875,0.3,8,0,2,0,heldout
pit,0,134,0.875,0.3,5,0,0,0,heldout
pit,0,2,0.875,0.5,5,0,0,0,heldout
pit,0,14,0.875,0.5,3,0,0,0,heldout
pit,0,18,0.875,0.5,2,0,0,0,heldout
pit,0,27,0.875,0.5,6,0,0,0,heldout
pit,0,36,0.875,0.5,3,0,1,0,heldout
pit,0,37,0.875,0.5,2,0,1,0,heldout
pit,0,41,0.875,0.5,5,1,1,1,heldout
pit,0,44,0.875,0.5,1,0,1,0,heldout
pit,0,60,0.875,0.5,5,0,3,0,heldout
pit,0,61,0.875,0.5,8,0,1,0,heldout
pit,0,71,0.875,0.5,6,0,3,0,heldout
pit,0,72,0.875,0.5,6,0,3,0,heldout
pit,0,82,0.875,0.5,2,0,0,0,heldout
pit,0,86,0.875,0.5,1,0,1,0,heldout
pit,0,88,0.875,0.5,4,0,3,0,heldout
pit,0,94,0.875,0.5,2,0,1,0,heldout
pit,0,95,0.875,0.5,8,0,3,0,heldout
pit,0,107,0.875,0.5,6,0,1,0,heldout
pit,0,108,0.875,0.5,7,0,3,0,heldout
pit,0,111,0.875,0.5,3,0,1,0,heldout
pit,0,114,0.875,0.5,2,0,1,0,heldout
pit,0,125,0.875,0.5,1,0,1,0,heldout
pit,0,126,0.875,0.5,2,0,1,0,heldout
pit,0,133,0.875,0.5,8,0,2,0,heldout
pit,0,134,0.875,0.5,5,0,0,0,heldout
pit,0,-1,0.9,0.3,85,5,18,5,val
pit,0,-1,0.9,0.5,85,0,18,0,val
pit,0,2,0.9,0.3,5,0,0,0,heldout
pit,0,14,0.9,0.3,3,0,0,0,heldout
pit,0,18,0.9,0.3,2,0,0,0,heldout
pit,0,27,0.9,0.3,6,0,0,0,heldout
pit,0,36,0.9,0.3,3,0,0,0,heldout
pit,0,37,0.9,0.3,2,0,1,0,heldout
pit,0,41,0.9,0.3,5,1,1,1,heldout
pit,0,44,0.9,0.3,1,0,0,0,heldout
pit,0,60,0.9,0.3,5,0,0,0,heldout
pit,0,61,0.9,0.3,8,0,0,0,heldout
pit,0,71,0.9,0.3,6,1,2,1,heldout
pit,0,72,0.9,0.3,6,0,2,0,heldout
pit,0,82,0.9,0.3,2,0,0,0,heldout
pit,0,86,0.9,0.3,1,0,1,0,heldout
pit,0,88,0.9,0.3,4,1,2,1,heldout
pit,0,94,0.9,0.3,2,0,1,0,heldout
pit,0,95,0.9,0.3,8,1,3,1,heldout
pit,0,107,0.9,0.3,6,1,1,1,heldout
pit,0,108,0.9,0.3,7,0,1,0,heldout
pit,0,111,0.9,0.3,3,0,1,0,heldout
pit,0,114,0.9,0.3,2,0,0,0,heldout
pit,0,125,0.9,0.3,1,0,0,0,heldout
pit,0,126,0.9,0.3,2,0,0,0,heldout
pit,0,133,0.9,0.3,8,0,1,0,heldout
pit,0,134,0.9,0.3,5,0,0,0,heldout
pit,0,2,0.9,0.5,5,0,0,0,heldout
pit,0,14,0.9,0.5,3,0,0,0,heldout
pit,0,18,0.9,0.5,2,0,0,0,heldout
pit,0,27,0.9,0.5,6,0,0,0,heldout
pit,0,36,0.9,0.5,3,0,0,0,heldout
pit,0,37,0.9,0.5,2,0,1,0,heldout
pit,0,41,0.9,0.5,5,0,1,0,heldout
pit,0,44,0.9,0.5,1,0,0,0,heldout
pit,0,60,0.9,0.5,5,0,0,0,heldout
pit,0,61,0.9,0.5,8,0,0,0,heldout
pit,0,71,0.9,0.5,6,0,2,0,heldout
pit,0,72,0.9,0.5,6,0,2,0,heldout
pit,0,82,0.9,0.5,2,0,0,0,heldout
pit,0,86,0.9,0.5,1,0,1,0,heldout
pit,0,88,0.9,0.5,4,0,2,0,heldout
pit,0,94,0.9,0.5,2,0,1,0,heldout
pit,0,95,0.9,0.5,8,0,3,0,heldout
pit,0,107,0.9,0.5,6,0,1,0,heldout
pit,0,108,0.9,0.5,7,0,1,0,heldout
pit,0,111,0.9,0.5,3,0,1,0,heldout
pit,0,114,0.9,0.5,2,0,0,0,heldout
pit,0,125,0.9,0.5,1,0,0,0,heldout
pit,0,126,0.9,0.5,2,0,0,0,heldout
pit,0,133,0.9,0.5,8,0,1,0,heldout
pit,0,134,0.9,0.5,5,0,0,0,heldout
pit,0,-1,0.925,0.3,85,0,8,0,val
pit,0,-1,0.925,0.5,85,0,8,0,val
pit,0,2,0.925,0.3,5,0,0,0,heldout
pit,0,14,0.925,0.3,3,0,0,0,heldout
pit,0,18,0.925,0.3,2,0,0,0,heldout
pit,0,27,0.925,0.3,6,0,0,0,heldout
pit,0,36,0.925,0.3,3,0,0,0,heldout
pit,0,37,0.925,0.3,2,0,0,0,heldout
pit,0,41,0.925,0.3,5,1,1,1,heldout
pit,0,44,0.925,0.3,1,0,0,0,heldout
pit,0,60,0.925,0.3,5,0,0,0,heldout
pit,0,61,0.925,0.3,8,0,0,0,heldout
pit,0,71,0.925,0.3,6,0,2,0,heldout
pit,0,72,0.925,0.3,6,0,0,0,heldout
pit,0,82,0.925,0.3,2,0,0,0,heldout
pit,0,86,0.925,0.3,1,0,0,0,heldout
pit,0,88,0.925,0.3,4,0,2,0,heldout
pit,0,94,0.925,0.3,2,0,0,0,heldout
pit,0,95,0.925,0.3,8,1,1,1,heldout
pit,0,107,0.925,0.3,6,0,1,0,heldout
pit,0,108,0.925,0.3,7,0,0,0,heldout
pit,0,111,0.925,0.3,3,0,1,0,heldout
pit,0,114,0.925,0.3,2,0,0,0,heldout
pit,0,125,0.925,0.3,1,0,0,0,heldout
pit,0,126,0.925,0.3,2,0,0,0,heldout
pit,0,133,0.925,0.3,8,0,0,0,heldout
pit,0,134,0.925,0.3,5,0,0,0,heldout
pit,0,2,0.925,0.5,5,0,0,0,heldout
pit,0,14,0.925,0.5,3,0,0,0,heldout
pit,0,18,0.925,0.5,2,0,0,0,heldout
pit,0,27,0.925,0.5,6,0,0,0,heldout
pit,0,36,0.925,0.5,3,0,0,0,heldout
pit,0,37,0.925,0.5,2,0,0,0,heldout
pit,0,41,0.925,0.5,5,0,1,0,heldout
pit,0,44,0.925,0.5,1,0,0,0,heldout
pit,0,60,0.925,0.5,5,0,0,0,heldout
pit,0,61,0.925,0.5,8,0,0,0,heldout
pit,0,71,0.925,0.5,6,0,2,0,heldout
pit,0,72,0.925,0.5,6,0,0,0,heldout
pit,0,82,0.925,0.5,2,0,0,0,heldout
pit,0,86,0.925,0.5,1,0,0,0,heldout
pit,0,88,0.925,0.5,4,0,2,0,heldout
pit,0,94,0.925,0.5,2,0,0,0,heldout
pit,0,95,0.925,0.5,8,0,1,0,heldout
pit,0,107,0.925,0.5,6,0,1,0,heldout
pit,0,108,0.925,0.5,7,0,0,0,heldout
pit,0,111,0.925,0.5,3,0,1,0,heldout
pit,0,114,0.925,0.5,2,0,0,0,heldout
pit,0,125,0.925,0.5,1,0,0,0,heldout
pit,0,126,0.925,0.5,2,0,0,0,heldout
pit,0,133,0.925,0.5,8,0,0,0,heldout
pit,0,134,0.925,0.5,5,0,0,0,heldout
pit,0,-1,0.95,0.3,85,0,1,0,val
pit,0,-1,0.95,0.5,85,0,1,0,val
pit,0,2,0.95,0.3,5,0,0,0,heldout
pit,0,14,0.95,0.3,3,0,0,0,heldout
pit,0,18,0.95,0.3,2,0,0,0,heldout
pit,0,27,0.95,0.3,6,0,0,0,heldout
pit,0,36,0.95,0.3,3,0,0,0,heldout
pit,0,37,0.95,0.3,2,0,0,0,heldout
pit,0,41,0.95,0.3,5,0,1,0,heldout
pit,0,44,0.95,0.3,1,0,0,0,heldout
pit,0,60,0.95,0.3,5,0,0,0,heldout
pit,0,61,0.95,0.3,8,0,0,0,heldout
pit,0,71,0.95,0.3,6,0,0,0,heldout
pit,0,72,0.95,0.3,6,0,0,0,heldout
pit,0,82,0.95,0.3,2,0,0,0,heldout
pit,0,86,0.95,0.3,1,0,0,0,heldout
pit,0,88,0.95,0.3,4,0,1,0,heldout
pit,0,94,0.95,0.3,2,0,0,0,heldout
pit,0,95,0.95,0.3,8,0,1,0,heldout
pit,0,107,0.95,0.3,6,0,1,0,heldout
pit,0,108,0.95,0.3,7,0,0,0,heldout
pit,0,111,0.95,0.3,3,0,0,0,heldout
pit,0,114,0.95,0.3,2,0,0,0,heldout
pit,0,125,0.95,0.3,1,0,0,0,heldout
pit,0,126,0.95,0.3,2,0,0,0,heldout
pit,0,133,0.95,0.3,8,0,0,0,heldout
pit,0,134,0.95,0.3,5,0,0,0,heldout
pit,0,2,0.95,0.5,5,0,0,0,heldout
pit,0,14,0.95,0.5,3,0,0,0,heldout
pit,0,18,0.95,0.5,2,0,0,0,heldout
pit,0,27,0.95,0.5,6,0,0,0,heldout
pit,0,36,0.95,0.5,3,0,0,0,heldout
pit,0,37,0.95,0.5,2,0,0,0,heldout
pit,0,41,0.95,0.5,5,0,1,0,heldout
pit,0,44,0.95,0.5,1,0,0,0,heldout
pit,0,60,0.95,0.5,5,0,0,0,heldout
pit,0,61,0.95,0.5,8,0,0,0,heldout
pit,0,71,0.95,0.5,6,0,0,0,heldout
pit,0,72,0.95,0.5,6,0,0,0,heldout
pit,0,82,0.95,0.5,2,0,0,0,heldout
pit,0,86,0.95,0.5,1,0,0,0,heldout
pit,0,88,0.95,0.5,4,0,1,0,heldout
pit,0,94,0.95,0.5,2,0,0,0,heldout
pit,0,95,0.95,0.5,8,0,1,0,heldout
pit,0,107,0.95,0.5,6,0,1,0,heldout
pit,0,108,0.95,0.5,7,0,0,0,heldout
pit,0,111,0.95,0.5,3,0,0,0,heldout
pit,0,114,0.95,0.5,2,0,0,0,heldout
pit,0,125,0.95,0.5,1,0,0,0,heldout
pit,0,126,0.95,0.5,2,0,0,0,heldout
pit,0,133,0.95,0.5,8,0,0,0,heldout
pit,0,134,0.95,0.5,5,0,0,0,heldout
pit,1,-1,0.05,0.3,71,28,1256,28,val
pit,1,-1,0.05,0.5,71,4,1256,4,val
pit,1,0,0.05,0.3,5,3,109,3,heldout
pit,1,1,0.05,0.3,1,0,107,0,heldout
pit,1,24,0.05,0.3,2,0,81,0,heldout
pit,1,29,0.05,0.3,1,1,69,1,heldout
pit,1,48,0.05,0.3,9,3,77,3,heldout
pit,1,50,0.05,0.3,10,5,53,5,heldout
pit,1,69,0.05,0.3,1,0,62,0,heldout
pit,1,70,0.05,0.3,4,2,110,2,heldout
pit,1,73,0.05,0.3,9,3,41,3,heldout
pit,1,76,0.05,0.3,8,7,105,7,heldout
pit,1,78,0.05,0.3,6,4,62,4,heldout
pit,1,81,0.05,0.3,1,1,39,1,heldout
pit,1,98,0.05,0.3,2,2,38,2,heldout
pit,1,100,0.05,0.3,1,1,57,1,heldout
pit,1,103,0.05,0.3,1,1,80,1,heldout
pit,1,109,0.05,0.3,1,1,71,1,heldout
pit,1,117,0.05,0.3,4,2,58,2,heldout
pit,1,124,0.05,0.3,2,2,24,2,heldout
pit,1,130,0.05,0.3,2,0,41,0,heldout
pit,1,131,0.05,0.3,8,1,109,1,heldout
pit,1,132,0.05,0.3,3,0,63,0,heldout
pit,1,135,0.05,0.3,6,4,52,4,heldout
pit,1,138,0.05,0.3,1,1,61,1,heldout
pit,1,140,0.05,0.3,4,2,36,2,heldout
pit,1,141,0.05,0.3,6,2,81,2,heldout
pit,1,143,0.05,0.3,2,1,90,1,heldout
pit,1,0,0.05,0.5,5,1,109,1,heldout
pit,1,1,0.05,0.5,1,0,107,0,heldout
pit,1,24,0.05,0.5,2,0,81,0,heldout
pit,1,29,0.05,0.5,1,1,69,1,heldout
pit,1,48,0.05,0.5,9,0,77,0,heldout
pit,1,50,0.05,0.5,10,1,53,1,heldout
pit,1,69,0.05,0.5,1,0,62,0,heldout
pit,1,70,0.05,0.5,4,1,110,1,heldout
pit,1,73,0.05,0.5,9,0,41,0,heldout
pit,1,76,0.05,0.5,8,1,105,1,heldout
pit,1,78,0.05,0.5,6,0,62,0,heldout
pit,1,81,0.05,0.5,1,0,39,0,heldout
pit,1,98,0.05,0.5,2,0,38,0,heldout
pit,1,100,0.05,0.5,1,1,57,1,heldout
pit,1,103,0.05,0.5,1,0,80,0,heldout
pit,1,109,0.05,0.5,1,1,71,1,heldout
pit,1,117,0.05,0.5,4,0,58,0,heldout
pit,1,124,0.05,0.5,2,0,24,0,heldout
pit,1,130,0.05,0.5,2,0,41,0,heldout
pit,1,131,0.05,0.5,8,0,109,0,heldout
pit,1,132,0.05,0.5,3,0,63,0,heldout
pit,1,135,0.05,0.5,6,2,52,2,heldout
pit,1,138,0.05,0.5,1,0,61,0,heldout
pit,1,140,0.05,0.5,4,0,36,0,heldout
pit,1,141,0.05,0.5,6,0,81,0,heldout
pit,1,143,0.05,0.5,2,1,90,1,heldout
pit,1,-1,0.075,0.3,71,27,282,27,val
pit,1,-1,0.075,0.5,71,3,282,3,val
pit,1,0,0.075,0.3,5,3,23,3,heldout
pit,1,1,0.075,0.3,1,0,23,0,heldout
pit,1,24,0.075,0.3,2,0,17,0,heldout
pit,1,29,0.075,0.3,1,1,13,1,heldout
pit,1,48,0.075,0.3,9,3,10,3,heldout
pit,1,50,0.075,0.3,10,5,14,5,heldout
pit,1,69,0.075,0.3,1,0,4,0,heldout
pit,1,70,0.075,0.3,4,2,29,2,heldout
pit,1,73,0.075,0.3,9,3,14,3,heldout
pit,1,76,0.075,0.3,8,8,28,8,heldout
pit,1,78,0.075,0.3,6,5,17,5,heldout
pit,1,81,0.075,0.3,1,1,8,1,heldout
pit,1,98,0.075,0.3,2,2,8,2,heldout
pit,1,100,0.075,0.3,1,1,7,1,heldout
pit,1,103,0.075,0.3,1,1,20,1,heldout
pit,1,109,0.075,0.3,1,1,4,1,heldout
pit,1,117,0.075,0.3,4,3,11,3,heldout
pit,1,124,0.075,0.3,2,2,5,2,heldout
pit,1,130,0.075,0.3,2,0,8,0,heldout
pit,1,131,0.075,0.3,8,1,32,1,heldout
pit,1,132,0.075,0.3,3,0,8,0,heldout
pit,1,135,0.075,0.3,6,6,12,6,heldout
pit,1,138,0.075,0.3,1,1,7,1,heldout
pit,1,140,0.075,0.3,4,3,7,3,heldout
pit,1,141,0.075,0.3,6,3,11,3,heldout
pit,1,143,0.075,0.3,2,1,14,1,heldout
pit,1,0,0.075,0.5,5,1,23,1,heldout
pit,1,1,0.075,0.5,1,0,23,0,heldout
pit,1,24,0.075,0.5,2,0,17,0,heldout
pit,1,29,0.075,0.5,1,1,13,1,heldout
pit,1,48,0.075,0.5,9,1,10,1,heldout
pit,1,50,0.075,0.5,10,1,14,1,heldout
pit,1,69,0.075,0.5,1,0,4,0,heldout
pit,1,70,0.075,0.5,4,1,29,1,heldout
pit,1,73,0.075,0.5,9,0,14,0,heldout
pit,1,76,0.075,0.5,8,1,28,1,heldout
pit,1,78,0.075,0.5,6,0,17,0,heldout
pit,1,81,0.075,0.5,1,0,8,0,heldout
pit,1,98,0.075,0.5,2,0,8,0,heldout
pit,1,100,0.075,0.5,1,1,7,1,heldout
pit,1,103,0.075,0.5,1,0,20,0,heldout
pit,1,109,0.075,0.5,1,1,4,1,heldout
pit,1,117,0.075,0.5,4,0,11,0,heldout
pit,1,124,0.075,0.5,2,0,5,0,heldout
pit,1,130,0.075,0.5,2,0,8,0,heldout
pit,1,131,0.075,0.5,8,0,32,0,heldout
pit,1,132,0.075,0.5,3,0,8,0,heldout
pit,1,135,0.075,0.5,6,2,12,2,heldout
pit,1,138,0.075,0.5,1,0,7,0,heldout
pit,1,140,0.075,0.5,4,0,7,0,heldout
pit,1,141,0.075,0.5,6,0,11,0,heldout
pit,1,143,0.075,0.5,2,1,14,1,heldout
pit,1,-1,0.1,0.3,71,32,187,32,val
pit,1,-1,0.1,0.5,71,4,187,4,val
pit,1,0,0.1,0.3,5,3,13,3,heldout
pit,1,1,0.1,0.3,1,0,16,0,heldout
pit,1,24,0.1,0.3,2,1,14,1,heldout
pit,1,29,0.1,0.3,1,1,3,1,heldout
pit,1,48,0.1,0.3,9,4,10,4,heldout
pit,1,50,0.1,0.3,10,5,12,5,heldout
pit,1,69,0.1,0.3,1,0,4,0,heldout
pit,1,70,0.1,0.3,4,2,12,2,heldout
pit,1,73,0.1,0.3,9,3,13,3,heldout
pit,1,76,0.1,0.3,8,8,21,8,heldout
pit,1,78,0.1,0.3,6,5,11,5,heldout
pit,1,81,0.1,0.3,1,1,5,1,heldout
pit,1,98,0.1,0.3,2,2,5,2,heldout
pit,1,100,0.1,0.3,1,1,4,1,heldout
pit,1,103,0.1,0.3,1,1,10,1,heldout
pit,1,109,0.1,0.3,1,1,3,1,heldout
pit,1,117,0.1,0.3,4,3,11,3,heldout
pit,1,124,0.1,0.3,2,2,4,2,heldout
pit,1,130,0.1,0.3,2,0,7,0,heldout
pit,1,131,0.1,0.3,8,1,24,1,heldout
pit,1,132,0.1,0.3,3,0,10,0,heldout
pit,1,135,0.1,0.3,6,6,12,6,heldout
pit,1,138,0.1,0.3,1,1,7,1,heldout
pit,1,140,0.1,0.3,4,3,7,3,heldout
pit,1,141,0.1,0.3,6,3,10,3,heldout
pit,1,143,0.1,0.3,2,1,8,1,heldout
pit,1,0,0.1,0.5,5,2,13,2,heldout
pit,1,1,0.1,0.5,1,0,16,0,heldout
pit,1,24,0.1,0.5,2,0,14,0,heldout
pit,1,29,0.1,0.5,1,1,3,1,heldout
pit,1,48,0.1,0.5,9,2,10,2,heldout
pit,1,50,0.1,0.5,10,1,12,1,heldout
pit,1,69,0.1,0.5,1,0,4,0,heldout
pit,1,70,0.1,0.5,4,1,12,1,heldout
pit,1,73,0.1,0.5,9,0,13,0,heldout
pit,1,76,0.1,0.5,8,1,21,1,heldout
pit,1,78,0.1,0.5,6,0,11,0,heldout
pit,1,81,0.1,0.5,1,0,5,0,heldout
pit,1,98,0.1,0.5,2,0,5,0,heldout
pit,1,100,0.1,0.5,1,1,4,1,heldout
pit,1,103,0.1,0.5,1,0,10,0,heldout
pit,1,109,0.1,0.5,1,1,3,1,heldout
pit,1,117,0.1,0.5,4,0,11,0,heldout
pit,1,124,0.1,0.5,2,0,4,0,heldout
pit,1,130,0.1,0.5,2,0,7,0,heldout
pit,1,131,0.1,0.5,8,0,24,0,heldout
pit,1,132,0.1,0.5,3,0,10,0,heldout
pit,1,135,0.1,0.5,6,2,12,2,heldout
pit,1,138,0.1,0.5,1,0,7,0,heldout
pit,1,140,0.1,0.5,4,1,7,1,heldout
pit,1,141,0.1,0.5,6,0,10,0,heldout
pit,1,143,0.1,0.5,2,1,8,1,heldout
pit,1,-1,0.125,0.3,71,35,164,35,val
pit,1,-1,0.125,0.5,71,4,164,4,val
pit,1,0,0.125,0.3,5,3,12,3,heldout
pit,1,1,0.125,0.3,1,1,13,1,heldout
pit,1,24,0.125,0.3,2,1,13,1,heldout
pit,1,29,0.125,0.3,1,1,2,1,heldout
pit,1,48,0.125,0.3,9,4,10,4,heldout
pit,1,50,0.125,0.3,10,5,10,5,heldout
pit,1,69,0.125,0.3,1,0,4,0,heldout
pit,1,70,0.125,0.3,4,2,9,2,heldout
pit,1,73,0.125,0.3,9,4,12,4,heldout
pit,1,76,0.125,0.3,8,8,14,8,heldout
pit,1,78,0.125,0.3,6,5,11,5,heldout
pit,1,81,0.125,0.3,1,1,5,1,heldout
pit,1,98,0.125,0.3,2,2,4,2,heldout
pit,1,100,0.125,0.3,1,1,3,1,heldout
pit,1,103,0.125,0.3,1,1,10,1,heldout
pit,1,109,0.125,0.3,1,1,3,1,heldout
pit,1,117,0.125,0.3,4,3,9,3,heldout
pit,1,124,0.125,0.3,2,2,3,2,heldout
pit,1,130,0.125,0.3,2,0,7,0,heldout
pit,1,131,0.125,0.3,8,2,16,2,heldout
pit,1,132,0.125,0.3,3,0,6,0,heldout
pit,1,135,0.125,0.3,6,6,11,6,heldout
pit,1,138,0.125,0.3,1,1,6,1,heldout
pit,1,140,0.125,0.3,4,3,7,3,heldout
pit,1,141,0.125,0.3,6,3,10,3,heldout
pit,1,143,0.125,0.3,2,2,5,2,heldout
pit,1,0,0.125,0.5,5,2,12,2,heldout
pit,1,1,0.125,0.5,1,0,13,0,heldout
pit,1,24,0.125,0.5,2,0,13,0,heldout
pit,1,29,0.125,0.5,1,1,2,1,heldout
pit,1,48,0.125,0.5,9,2,10,2,heldout
pit,1,50,0.125,0.5,10,1,10,1,heldout
pit,1,69,0.125,0.5,1,0,4,0,heldout
pit,1,70,0.125,0.5,4,1,9,1,heldout
pit,1,73,0.125,0.5,9,0,12,0,heldout
pit,1,76,0.125,0.5,8,1,14,1,heldout
pit,1,78,0.125,0.5,6,0,11,0,heldout
pit,1,81,0.125,0.5,1,0,5,0,heldout
pit,1,98,0.125,0.5,2,0,4,0,heldout
pit,1,100,0.125,0.5,1,1,3,1,heldout
pit,1,103,0.125,0.5,1,0,10,0,heldout
pit,1,109,0.125,0.5,1,1,3,1,heldout
pit,1,117,0.125,0.5,4,0,9,0,heldout
pit,1,124,0.125,0.5,2,1,3,1,heldout
pit,1,130,0.125,0.5,2,0,7,0,heldout
pit,1,131,0.125,0.5,8,0,16,0,heldout
pit,1,132,0.125,0.5,3,0,6,0,heldout
pit,1,135,0.125,0.5,6,2,11,2,heldout
pit,1,138,0.125,0.5,1,0,6,0,heldout
pit,1,140,0.125,0.5,4,1,7,1,heldout
pit,1,141,0.125,0.5,6,1,10,1,heldout
pit,1,143,0.125,0.5,2,1,5,1,heldout
pit,1,-1,0.15,0.3,71,38,150,38,val
pit,1,-1,0.15,0.5,71,6,150,6,val
pit,1,0,0.15,0.3,5,4,11,4,heldout
pit,1,1,0.15,0.3,1,1,13,1,heldout
pit,1,24,0.15,0.3,2,1,10,1,heldout
pit,1,29,0.15,0.3,1,1,2,1,heldout
pit,1,48,0.15,0.3,9,5,10,5,heldout
pit,1,50,0.15,0.3,10,6,10,6,heldout
pit,1,69,0.15,0.3,1,0,3,0,heldout
pit,1,70,0.15,0.3,4,3,8,3,heldout
pit,1,73,0.15,0.3,9,5,11,5,heldout
pit,1,76,0.15,0.3,8,8,13,8,heldout
pit,1,78,0.15,0.3,6,5,11,5,heldout
pit,1,81,0.15,0.3,1,1,4,1,heldout
pit,1,98,0.15,0.3,2,2,4,2,heldout
pit,1,100,0.15,0.3,1,1,2,1,heldout
pit,1,103,0.15,0.3,1,1,9,1,heldout
pit,1,109,0.15,0.3,1,1,3,1,heldout
pit,1,117,0.15,0.3,4,4,10,4,heldout
pit,1,124,0.15,0.3,2,2,2,2,heldout
pit,1,130,0.15,0.3,2,0,7,0,heldout
pit,1,131,0.15,0.3,8,3,12,3,heldout
pit,1,132,0.15,0.3,3,0,6,0,heldout
pit,1,135,0.15,0.3,6,6,11,6,heldout
pit,1,138,0.15,0.3,1,1,5,1,heldout
pit,1,140,0.15,0.3,4,3,6,3,heldout
pit,1,141,0.15,0.3,6,4,10,4,heldout
pit,1,143,0.15,0.3,2,2,3,2,heldout
pit,1,0,0.15,0.5,5,2,11,2,heldout
pit,1,1,0.15,0.5,1,0,13,0,heldout
pit,1,24,0.15,0.5,2,0,10,0,heldout
pit,1,29,0.15,0.5,1,1,2,1,heldout
pit,1,48,0.15,0.5,9,2,10,2,heldout
pit,1,50,0.15,0.5,10,2,10,2,heldout
pit,1,69,0.15,0.5,1,0,3,0,heldout
pit,1,70,0.15,0.5,4,1,8,1,heldout
pit,1,73,0.15,0.5,9,0,11,0,heldout
pit,1,76,0.15,0.5,8,1,13,1,heldout
pit,1,78,0.15,0.5,6,1,11,1,heldout
pit,1,81,0.15,0.5,1,0,4,0,heldout
pit,1,98,0.15,0.5,2,0,4,0,heldout
pit,1,100,0.15,0.5,1,1,2,1,heldout
pit,1,103,0.15,0.5,1,0,9,0,heldout
pit,1,109,0.15,0.5,1,1,3,1,heldout
pit,1,117,0.15,0.5,4,0,10,0,heldout
pit,1,124,0.15,0.5,2,2,2,2,heldout
pit,1,130,0.15,0.5,2,0,7,0,heldout
pit,1,131,0.15,0.5,8,0,12,0,heldout
pit,1,132,0.15,0.5,3,0,6,0,heldout
pit,1,135,0.15,0.5,6,2,11,2,heldout
pit,1,138,0.15,0.5,1,0,5,0,heldout
pit,1,140,0.15,0.5,4,1,6,1,heldout
pit,1,141,0.15,0.5,6,1,10,1,heldout
pit,1,143,0.15,0.5,2,1,3,1,heldout
pit,1,-1,0.175,0.3,71,39,140,39,val
pit,1,-1,0.175,0.5,71,8,140,8,val
pit,1,0,0.175,0.3,5,4,10,4,heldout
pit,1,1,0.175,0.3,1,1,13,1,heldout
pit,1,24,0.175,0.3,2,1,9,1,heldout
pit,1,29,0.175,0.3,1,1,2,1,heldout
pit,1,48,0.175,0.3,9,5,10,5,heldout
pit,1,50,0.175,0.3,10,6,10,6,heldout
pit,1,69,0.175,0.3,1,1,3,1,heldout
pit,1,70,0.175,0.3,4,4,8,4,heldout
pit,1,73,0.175,0.3,9,5,11,5,heldout
pit,1,76,0.175,0.3,8,8,12,8,heldout
pit,1,78,0.175,0.3,6,5,10,5,heldout
pit,1,81,0.175,0.3,1,1,3,1,heldout
pit,1,98,0.175,0.3,2,2,4,2,heldout
pit,1,100,0.175,0.3,1,1,2,1,heldout
pit,1,103,0.175,0.3,1,1,9,1,heldout
pit,1,109,0.175,0.3,1,1,2,1,heldout
pit,1,117,0.175,0.3,4,4,9,4,heldout
pit,1,124,0.175,0.3,2,2,2,2,heldout
pit,1,130,0.175,0.3,2,0,7,0,heldout
pit,1,131,0.175,0.3,8,3,12,3,heldout
pit,1,132,0.175,0.3,3,1,6,1,heldout
pit,1,135,0.175,0.3,6,6,10,6,heldout
pit,1,138,0.175,0.3,1,1,5,1,heldout
pit,1,140,0.175,0.3,4,3,6,3,heldout
pit,1,141,0.175,0.3,6,4,10,4,heldout
pit,1,143,0.175,0.3,2,2,3,2,heldout
pit,1,0,0.175,0.5,5,2,10,2,heldout
pit,1,1,0.175,0.5,1,0,13,0,heldout
pit,1,24,0.175,0.5,2,0,9,0,heldout
pit,1,29,0.175,0.5,1,1,2,1,heldout
pit,1,48,0.175,0.5,9,2,10,2,heldout
pit,1,50,0.175,0.5,10,2,10,2,heldout
pit,1,69,0.175,0.5,1,0,3,0,heldout
pit,1,70,0.175,0.5,4,1,8,1,heldout
pit,1,73,0.175,0.5,9,0,11,0,heldout
pit,1,76,0.175,0.5,8,1,12,1,heldout
pit,1,78,0.175,0.5,6,2,10,2,heldout
pit,1,81,0.175,0.5,1,1,3,1,heldout
pit,1,98,0.175,0.5,2,0,4,0,heldout
pit,1,100,0.175,0.5,1,1,2,1,heldout
pit,1,103,0.175,0.5,1,0,9,0,heldout
pit,1,109,0.175,0.5,1,1,2,1,heldout
pit,1,117,0.175,0.5,4,1,9,1,heldout
pit,1,124,0.175,0.5,2,2,2,2,heldout
pit,1,130,0.175,0.5,2,0,7,0,heldout
pit,1,131,0.175,0.5,8,0,12,0,heldout
pit,1,132,0.175,0.5,3,0,6,0,heldout
pit,1,135,0.175,0.5,6,2,10,2,heldout
pit,1,138,0.175,0.5,1,0,5,0,heldout
pit,1,140,0.175,0.5,4,1,6,1,heldout
pit,1,141,0.175,0.5,6,1,10,1,heldout
pit,1,143,0.175,0.5,2,1,3,1,heldout
pit,1,-1,0.2,0.3,71,43,138,43,val
pit,1,-1,0.2,0.5,71,11,138,11,val
pit,1,0,0.2,0.3,5,4,9,4,heldout
pit,1,1,0.2,0.3,1,1,10,1,heldout
pit,1,24,0.2,0.3,2,1,8,1,heldout
pit,1,29,0.2,0.3,1,1,2,1,heldout
pit,1,48,0.2,0.3,9,5,9,5,heldout
pit,1,50,0.2,0.3,10,8,10,8,heldout
pit,1,69,0.2,0.3,1,1,3,1,heldout
pit,1,70,0.2,0.3,4,4,8,4,heldout
pit,1,73,0.2,0.3,9,7,11,7,heldout
pit,1,76,0.2,0.3,8,8,12,8,heldout
pit,1,78,0.2,0.3,6,5,10,5,heldout
pit,1,81,0.2,0.3,1,1,3,1,heldout
pit,1,98,0.2,0.3,2,2,4,2,heldout
pit,1,100,0.2,0.3,1,1,1,1,heldout
pit,1,103,0.2,0.3,1,1,8,1,heldout
pit,1,109,0.2,0.3,1,1,2,1,heldout
pit,1,117,0.2,0.3,4,4,8,4,heldout
pit,1,124,0.2,0.3,2,2,2,2,heldout
pit,1,130,0.2,0.3,2,1,6,1,heldout
pit,1,131,0.2,0.3,8,3,10,3,heldout
pit,1,132,0.2,0.3,3,1,6,1,heldout
pit,1,135,0.2,0.3,6,6,8,6,heldout
pit,1,138,0.2,0.3,1,1,5,1,heldout
pit,1,140,0.2,0.3,4,4,6,4,heldout
pit,1,141,0.2,0.3,6,4,11,4,heldout
pit,1,143,0.2,0.3,2,2,3,2,heldout
pit,1,0,0.2,0.5,5,2,9,2,heldout
pit,1,1,0.2,0.5,1,0,10,0,heldout
pit,1,24,0.2,0.5,2,0,8,0,heldout
pit,1,29,0.2,0.5,1,1,2,1,heldout
pit,1,48,0.2,0.5,9,1,9,1,heldout
pit,1,50,0.2,0.5,10,4,10,4,heldout
pit,1,69,0.2,0.5,1,0,3,0,heldout
pit,1,70,0.2,0.5,4,1,8,1,heldout
pit,1,73,0.2,0.5,9,1,11,1,heldout
pit,1,76,0.2,0.5,8,3,12,3,heldout
pit,1,78,0.2,0.5,6,4,10,4,heldout
pit,1,81,0.2,0.5,1,1,3,1,heldout
pit,1,98,0.2,0.5,2,1,4,1,heldout
pit,1,100,0.2,0.5,1,1,1,1,heldout
pit,1,103,0.2,0.5,1,0,8,0,heldout
pit,1,109,0.2,0.5,1,1,2,1,heldout
pit,1,117,0.2,0.5,4,1,8,1,heldout
pit,1,124,0.2,0.5,2,2,2,2,heldout
pit,1,130,0.2,0.5,2,0,6,0,heldout
pit,1,131,0.2,0.5,8,0,10,0,heldout
pit,1,132,0.2,0.5,3,0,6,0,heldout
pit,1,135,0.2,0.5,6,2,8,2,heldout
pit,1,138,0.2,0.5,1,0,5,0,heldout
pit,1,140,0.2,0.5,4,1,6,1,heldout
pit,1,141,0.2,0.5,6,1,11,1,heldout
pit,1,143,0.2,0.5,2,1,3,1,heldout
pit,1,-1,0.225,0.3,71,49,133,49,val
pit,1,-1,0.225,0.5,71,14,133,14,val
pit,1,0,0.225,0.3,5,4,9,4,heldout
pit,1,1,0.225,0.3,1,1,8,1,heldout
pit,1,24,0.225,0.3,2,1,7,1,heldout
pit,1,29,0.225,0.3,1,1,2,1,heldout
pit,1,48,0.225,0.3,9,6,9,6,heldout
pit,1,50,0.225,0.3,10,10,10,10,heldout
pit,1,69,0.225,0.3,1,1,3,1,heldout
pit,1,70,0.225,0.3,4,4,8,4,heldout
pit,1,73,0.225,0.3,9,7,11,7,heldout
pit,1,76,0.225,0.3,8,8,10,8,heldout
pit,1,78,0.225,0.3,6,6,9,6,heldout
pit,1,81,0.225,0.3,1,1,3,1,heldout
pit,1,98,0.225,0.3,2,2,4,2,heldout
pit,1,100,0.225,0.3,1,1,1,1,heldout
pit,1,103,0.225,0.3,1,1,7,1,heldout
pit,1,109,0.225,0.3,1,1,2,1,heldout
pit,1,117,0.225,0.3,4,4,7,4,heldout
pit,1,124,0.225,0.3,2,2,2,2,heldout
pit,1,130,0.225,0.3,2,2,5,2,heldout
pit,1,131,0.225,0.3,8,4,10,4,heldout
pit,1,132,0.225,0.3,3,2,6,2,heldout
pit,1,135,0.225,0.3,6,6,7,6,heldout
pit,1,138,0.225,0.3,1,1,4,1,heldout
pit,1,140,0.225,0.3,4,4,7,4,heldout
pit,1,141,0.225,0.3,6,4,9,4,heldout
pit,1,143,0.225,0.3,2,2,3,2,heldout
pit,1,0,0.225,0.5,5,3,9,3,heldout
pit,1,1,0.225,0.5,1,0,8,0,heldout
pit,1,24,0.225,0.5,2,0,7,0,heldout
pit,1,29,0.225,0.5,1,1,2,1,heldout
pit,1,48,0.225,0.5,9,1,9,1,heldout
pit,1,50,0.225,0.5,10,4,10,4,heldout
pit,1,69,0.225,0.5,1,0,3,0,heldout
pit,1,70,0.225,0.5,4,1,8,1,heldout
pit,1,73,0.225,0.5,9,1,11,1,heldout
pit,1,76,0.225,0.5,8,6,10,6,heldout
pit,1,78,0.225,0.5,6,5,9,5,heldout
pit,1,81,0.225,0.5,1,1,3,1,heldout
pit,1,98,0.225,0.5,2,2,4,2,heldout
pit,1,100,0.225,0.5,1,1,1,1,heldout
pit,1,103,0.225,0.5,1,1,7,1,heldout
pit,1,109,0.225,0.5,1,1,2,1,heldout
pit,1,117,0.225,0.5,4,2,7,2,heldout
pit,1,124,0.225,0.5,2,2,2,2,heldout
pit,1,130,0.225,0.5,2,0,5,0,heldout
pit,1,131,0.225,0.5,8,0,10,0,heldout
pit,1,132,0.225,0.5,3,0,6,0,heldout
pit,1,135,0.225,0.5,6,3,7,3,heldout
pit,1,138,0.225,0.5,1,0,4,0,heldout
pit,1,140,0.225,0.5,4,1,7,1,heldout
pit,1,141,0.225,0.5,6,1,9,1,heldout
pit,1,143,0.225,0.5,2,1,3,1,heldout
pit,1,-1,0.25,0.3,71,50,123,50,val
pit,1,-1,0.25,0.5,71,20,123,20,val
pit,1,0,0.25,0.3,5,4,9,4,heldout
pit,1,1,0.25,0.3,1,1,8,1,heldout
pit,1,24,0.25,0.3,2,1,7,1,heldout
pit,1,29,0.25,0.3,1,1,2,1,heldout
pit,1,48,0.25,0.3,9,6,9,6,heldout
pit,1,50,0.25,0.3,10,10,10,10,heldout
pit,1,69,0.25,0.3,1,1,3,1,heldout
pit,1,70,0.25,0.3,4,4,8,4,heldout
pit,1,73,0.25,0.3,9,7,10,7,heldout
pit,1,76,0.25,0.3,8,8,10,8,heldout
pit,1,78,0.25,0.3,6,6,8,6,heldout
pit,1,81,0.25,0.3,1,1,2,1,heldout
pit,1,98,0.25,0.3,2,2,4,2,heldout
pit,1,100,0.25,0.3,1,1,1,1,heldout
pit,1,103,0.25,0.3,1,1,5,1,heldout
pit,1,109,0.25,0.3,1,1,2,1,heldout
pit,1,117,0.25,0.3,4,4,7,4,heldout
pit,1,124,0.25,0.3,2,2,2,2,heldout
pit,1,130,0.25,0.3,2,2,5,2,heldout
pit,1,131,0.25,0.3,8,5,10,5,heldout
pit,1,132,0.25,0.3,3,2,7,2,heldout
pit,1,135,0.25,0.3,6,6,7,6,heldout
pit,1,138,0.25,0.3,1,1,4,1,heldout
pit,1,140,0.25,0.3,4,4,7,4,heldout
pit,1,141,0.25,0.3,6,4,9,4,heldout
pit,1,143,0.25,0.3,2,2,3,2,heldout
pit,1,0,0.25,0.5,5,3,9,3,heldout
pit,1,1,0.25,0.5,1,0,8,0,heldout
pit,1,24,0.25,0.5,2,0,7,0,heldout
pit,1,29,0.25,0.5,1,0,2,0,heldout
pit,1,48,0.25,0.5,9,1,9,1,heldout
pit,1,50,0.25,0.5,10,5,10,5,heldout
pit,1,69,0.25,0.5,1,0,3,0,heldout
pit,1,70,0.25,0.5,4,1,8,1,heldout
pit,1,73,0.25,0.5,9,2,10,2,heldout
pit,1,76,0.25,0.5,8,7,10,7,heldout
pit,1,78,0.25,0.5,6,5,8,5,heldout
pit,1,81,0.25,0.5,1,1,2,1,heldout
pit,1,98,0.25,0.5,2,2,4,2,heldout
pit,1,100,0.25,0.5,1,1,1,1,heldout
pit,1,103,0.25,0.5,1,1,5,1,heldout
pit,1,109,0.25,0.5,1,1,2,1,heldout
pit,1,117,0.25,0.5,4,3,7,3,heldout
pit,1,124,0.25,0.5,2,2,2,2,heldout
pit,1,130,0.25,0.5,2,0,5,0,heldout
pit,1,131,0.25,0.5,8,1,10,1,heldout
pit,1,132,0.25,0.5,3,1,7,1,heldout
pit,1,135,0.25,0.5,6,4,7,4,heldout
pit,1,138,0.25,0.5,1,1,4,1,heldout
pit,1,140,0.25,0.5,4,2,7,2,heldout
pit,1,141,0.25,0.5,6,2,9,2,heldout
pit,1,143,0.25,0.5,2,1,3,1,heldout
pit,1,-1,0.275,0.3,71,57,120,57,val
pit,1,-1,0.275,0.5,71,26,120,26,val
pit,1,0,0.275,0.3,5,5,9,5,heldout
pit,1,1,0.275,0.3,1,1,7,1,heldout
pit,1,24,0.275,0.3,2,1,7,1,heldout
pit,1,29,0.275,0.3,1,1,1,1,heldout
pit,1,48,0.275,0.3,9,6,8,6,heldout
pit,1,50,0.275,0.3,10,10,10,10,heldout
pit,1,69,0.275,0.3,1,1,3,1,heldout
pit,1,70,0.275,0.3,4,4,8,4,heldout
pit,1,73,0.275,0.3,9,7,10,7,heldout
pit,1,76,0.275,0.3,8,8,10,8,heldout
pit,1,78,0.275,0.3,6,6,8,6,heldout
pit,1,81,0.275,0.3,1,1,2,1,heldout
pit,1,98,0.275,0.3,2,2,4,2,heldout
pit,1,100,0.275,0.3,1,1,1,1,heldout
pit,1,103,0.275,0.3,1,1,5,1,heldout
pit,1,109,0.275,0.3,1,1,2,1,heldout
pit,1,117,0.275,0.3,4,4,6,4,heldout
pit,1,124,0.275,0.3,2,2,2,2,heldout
pit,1,130,0.275,0.3,2,2,5,2,heldout
pit,1,131,0.275,0.3,8,8,10,8,heldout
pit,1,132,0.275,0.3,3,2,5,2,heldout
pit,1,135,0.275,0.3,6,6,7,6,heldout
pit,1,138,0.275,0.3,1,1,3,1,heldout
pit,1,140,0.275,0.3,4,4,7,4,heldout
pit,1,141,0.275,0.3,6,4,9,4,heldout
pit,1,143,0.275,0.3,2,2,3,2,heldout
pit,1,0,0.275,0.5,5,3,9,3,heldout
pit,1,1,0.275,0.5,1,0,7,0,heldout
pit,1,24,0.275,0.5,2,0,7,0,heldout
pit,1,29,0.275,0.5,1,0,1,0,heldout
pit,1,48,0.275,0.5,9,3,8,3,heldout
pit,1,50,0.275,0.5,10,5,10,5,heldout
pit,1,69,0.275,0.5,1,0,3,0,heldout
pit,1,70,0.275,0.5,4,2,8,2,heldout
pit,1,73,0.275,0.5,9,3,10,3,heldout
pit,1,76,0.275,0.5,8,8,10,8,heldout
pit,1,78,0.275,0.5,6,5,8,5,heldout
pit,1,81,0.275,0.5,1,1,2,1,heldout
pit,1,98,0.275,0.5,2,2,4,2,heldout
pit,1,100,0.275,0.5,1,1,1,1,heldout
pit,1,103,0.275,0.5,1,1,5,1,heldout
pit,1,109,0.275,0.5,1,1,2,1,heldout
pit,1,117,0.275,0.5,4,4,6,4,heldout
pit,1,124,0.275,0.5,2,2,2,2,heldout
pit,1,130,0.275,0.5,2,0,5,0,heldout
pit,1,131,0.275,0.5,8,1,10,1,heldout
pit,1,132,0.275,0.5,3,1,5,1,heldout
pit,1,135,0.275,0.5,6,4,7,4,heldout
pit,1,138,0.275,0.5,1,1,3,1,heldout
pit,1,140,0.275,0.5,4,2,7,2,heldout
pit,1,141,0.275,0.5,6,3,9,3,heldout
pit,1,143,0.275,0.5,2,0,3,0,heldout
pit,1,-1,0.3,0.3,71,61,117,61,val
pit,1,-1,0.3,0.5,71,30,117,30,val
pit,1,0,0.3,0.3,5,5,9,5,heldout
pit,1,1,0.3,0.3,1,1,6,1,heldout
pit,1,24,0.3,0.3,2,2,7,2,heldout
pit,1,29,0.3,0.3,1,1,1,1,heldout
pit,1,48,0.3,0.3,9,7,8,7,heldout
pit,1,50,0.3,0.3,10,10,10,10,heldout
pit,1,69,0.3,0.3,1,1,3,1,heldout
pit,1,70,0.3,0.3,4,4,8,4,heldout
pit,1,73,0.3,0.3,9,9,9,9,heldout
pit,1,76,0.3,0.3,8,8,10,8,heldout
pit,1,78,0.3,0.3,6,6,8,6,heldout
pit,1,81,0.3,0.3,1,1,2,1,heldout
pit,1,98,0.3,0.3,2,2,4,2,heldout
pit,1,100,0.3,0.3,1,1,1,1,heldout
pit,1,103,0.3,0.3,1,1,5,1,heldout
pit,1,109,0.3,0.3,1,1,2,1,heldout
pit,1,117,0.3,0.3,4,4,6,4,heldout
pit,1,124,0.3,0.3,2,2,2,2,heldout
pit,1,130,0.3,0.3,2,2,4,2,heldout
pit,1,131,0.3,0.3,8,8,10,8,heldout
pit,1,132,0.3,0.3,3,3,5,3,heldout
pit,1,135,0.3,0.3,6,6,7,6,heldout
pit,1,138,0.3,0.3,1,1,3,1,heldout
pit,1,140,0.3,0.3,4,4,7,4,heldout
pit,1,141,0.3,0.3,6,5,8,5,heldout
pit,1,143,0.3,0.3,2,1,3,1,heldout
pit,1,0,0.3,0.5,5,3,9,3,heldout
pit,1,1,0.3,0.5,1,0,6,0,heldout
pit,1,24,0.3,0.5,2,0,7,0,heldout
pit,1,29,0.3,0.5,1,0,1,0,heldout
pit,1,48,0.3,0.5,9,3,8,3,heldout
pit,1,50,0.3,0.5,10,6,10,6,heldout
pit,1,69,0.3,0.5,1,0,3,0,heldout
pit,1,70,0.3,0.5,4,3,8,3,heldout
pit,1,73,0.3,0.5,9,4,9,4,heldout
pit,1,76,0.3,0.5,8,8,10,8,heldout
pit,1,78,0.3,0.5,6,6,8,6,heldout
pit,1,81,0.3,0.5,1,1,2,1,heldout
pit,1,98,0.3,0.5,2,2,4,2,heldout
pit,1,100,0.3,0.5,1,1,1,1,heldout
pit,1,103,0.3,0.5,1,1,5,1,heldout
pit,1,109,0.3,0.5,1,1,2,1,heldout
pit,1,117,0.3,0.5,4,4,6,4,heldout
pit,1,124,0.3,0.5,2,2,2,2,heldout
pit,1,130,0.3,0.5,2,0,4,0,heldout
pit,1,131,0.3,0.5,8,1,10,1,heldout
pit,1,132,0.3,0.5,3,1,5,1,heldout
pit,1,135,0.3,0.5,6,5,7,5,heldout
pit,1,138,0.3,0.5,1,1,3,1,heldout
pit,1,140,0.3,0.5,4,2,7,2,heldout
pit,1,141,0.3,0.5,6,3,8,3,heldout
pit,1,143,0.3,0.5,2,1,3,1,heldout
pit,1,-1,0.325,0.3,71,63,115,63,val
pit,1,-1,0.325,0.5,71,38,115,38,val
pit,1,0,0.325,0.3,5,5,9,5,heldout
pit,1,1,0.325,0.3,1,1,5,1,heldout
pit,1,24,0.325,0.3,2,2,7,2,heldout
pit,1,29,0.325,0.3,1,0,1,0,heldout
pit,1,48,0.325,0.3,9,8,8,8,heldout
pit,1,50,0.325,0.3,10,10,10,10,heldout
pit,1,69,0.325,0.3,1,1,2,1,heldout
pit,1,70,0.325,0.3,4,4,8,4,heldout
pit,1,73,0.325,0.3,9,9,9,9,heldout
pit,1,76,0.325,0.3,8,8,10,8,heldout
pit,1,78,0.325,0.3,6,6,8,6,heldout
pit,1,81,0.325,0.3,1,1,2,1,heldout
pit,1,98,0.325,0.3,2,2,4,2,heldout
pit,1,100,0.325,0.3,1,1,1,1,heldout
pit,1,103,0.325,0.3,1,1,4,1,heldout
pit,1,109,0.325,0.3,1,1,2,1,heldout
pit,1,117,0.325,0.3,4,4,6,4,heldout
pit,1,124,0.325,0.3,2,2,2,2,heldout
pit,1,130,0.325,0.3,2,2,4,2,heldout
pit,1,131,0.325,0.3,8,8,10,8,heldout
pit,1,132,0.325,0.3,3,3,5,3,heldout
pit,1,135,0.325,0.3,6,6,7,6,heldout
pit,1,138,0.325,0.3,1,1,3,1,heldout
pit,1,140,0.325,0.3,4,4,7,4,heldout
pit,1,141,0.325,0.3,6,6,7,6,heldout
pit,1,143,0.325,0.3,2,1,1,1,heldout
pit,1,0,0.325,0.5,5,2,9,2,heldout
pit,1,1,0.325,0.5,1,0,5,0,heldout
pit,1,24,0.325,0.5,2,1,7,1,heldout
pit,1,29,0.325,0.5,1,0,1,0,heldout
pit,1,48,0.325,0.5,9,3,8,3,heldout
pit,1,50,0.325,0.5,10,7,10,7,heldout
pit,1,69,0.325,0.5,1,0,2,0,heldout
pit,1,70,0.325,0.5,4,3,8,3,heldout
pit,1,73,0.325,0.5,9,4,9,4,heldout
pit,1,76,0.325,0.5,8,8,10,8,heldout
pit,1,78,0.325,0.5,6,6,8,6,heldout
pit,1,81,0.325,0.5,1,1,2,1,heldout
pit,1,98,0.325,0.5,2,2,4,2,heldout
pit,1,100,0.325,0.5,1,0,1,0,heldout
pit,1,103,0.325,0.5,1,1,4,1,heldout
pit,1,109,0.325,0.5,1,1,2,1,heldout
pit,1,117,0.325,0.5,4,4,6,4,heldout
pit,1,124,0.325,0.5,2,2,2,2,heldout
pit,1,130,0.325,0.5,2,1,4,1,heldout
pit,1,131,0.325,0.5,8,2,10,2,heldout
pit,1,132,0.325,0.5,3,2,5,2,heldout
pit,1,135,0.325,0.5,6,6,7,6,heldout
pit,1,138,0.325,0.5,1,1,3,1,heldout
pit,1,140,0.325,0.5,4,2,7,2,heldout
pit,1,141,0.325,0.5,6,3,7,3,heldout
pit,1,143,0.325,0.5,2,1,1,1,heldout
pit,1,-1,0.35,0.3,71,64,113,64,val
pit,1,-1,0.35,0.5,71,44,113,44,val
pit,1,0,0.35,0.3,5,5,9,5,heldout
pit,1,1,0.35,0.3,1,1,3,1,heldout
pit,1,24,0.35,0.3,2,2,7,2,heldout
pit,1,29,0.35,0.3,1,0,1,0,heldout
pit,1,48,0.35,0.3,9,8,8,8,heldout
pit,1,50,0.35,0.3,10,10,10,10,heldout
pit,1,69,0.35,0.3,1,1,2,1,heldout
pit,1,70,0.35,0.3,4,4,8,4,heldout
pit,1,73,0.35,0.3,9,9,9,9,heldout
pit,1,76,0.35,0.3,8,8,9,8,heldout
pit,1,78,0.35,0.3,6,6,8,6,heldout
pit,1,81,0.35,0.3,1,1,2,1,heldout
pit,1,98,0.35,0.3,2,2,4,2,heldout
pit,1,100,0.35,0.3,1,1,1,1,heldout
pit,1,103,0.35,0.3,1,1,4,1,heldout
pit,1,109,0.35,0.3,1,1,1,1,heldout
pit,1,117,0.35,0.3,4,4,6,4,heldout
pit,1,124,0.35,0.3,2,2,2,2,heldout
pit,1,130,0.35,0.3,2,2,4,2,heldout
pit,1,131,0.35,0.3,8,8,10,8,heldout
pit,1,132,0.35,0.3,3,3,5,3,heldout
pit,1,135,0.35,0.3,6,6,7,6,heldout
pit,1,138,0.35,0.3,1,1,3,1,heldout
pit,1,140,0.35,0.3,4,4,7,4,heldout
pit,1,141,0.35,0.3,6,6,7,6,heldout
pit,1,143,0.35,0.3,2,1,1,1,heldout
pit,1,0,0.35,0.5,5,2,9,2,heldout
pit,1,1,0.35,0.5,1,1,3,1,heldout
pit,1,24,0.35,0.5,2,1,7,1,heldout
pit,1,29,0.35,0.5,1,0,1,0,heldout
pit,1,48,0.35,0.5,9,3,8,3,heldout
pit,1,50,0.35,0.5,10,8,10,8,heldout
pit,1,69,0.35,0.5,1,0,2,0,heldout
pit,1,70,0.35,0.5,4,3,8,3,heldout
pit,1,73,0.35,0.5,9,5,9,5,heldout
pit,1,76,0.35,0.5,8,8,9,8,heldout
pit,1,78,0.35,0.5,6,6,8,6,heldout
pit,1,81,0.35,0.5,1,1,2,1,heldout
pit,1,98,0.35,0.5,2,2,4,2,heldout
pit,1,100,0.35,0.5,1,0,1,0,heldout
pit,1,103,0.35,0.5,1,1,4,1,heldout
pit,1,109,0.35,0.5,1,1,1,1,heldout
pit,1,117,0.35,0.5,4,4,6,4,heldout
pit,1,124,0.35,0.5,2,2,2,2,heldout
pit,1,130,0.35,0.5,2,1,4,1,heldout
pit,1,131,0.35,0.5,8,2,10,2,heldout
pit,1,132,0.35,0.5,3,2,5,2,heldout
pit,1,135,0.35,0.5,6,6,7,6,heldout
pit,1,138,0.35,0.5,1,1,3,1,heldout
pit,1,140,0.35,0.5,4,4,7,4,heldout
pit,1,141,0.35,0.5,6,4,7,4,heldout
pit,1,143,0.35,0.5,2,1,1,1,heldout
pit,1,-1,0.375,0.3,71,65,112,65,val
pit,1,-1,0.375,0.5,71,44,112,44,val
pit,1,0,0.375,0.3,5,4,9,4,heldout
pit,1,1,0.375,0.3,1,1,3,1,heldout
pit,1,24,0.375,0.3,2,2,7,2,heldout
pit,1,29,0.375,0.3,1,0,1,0,heldout
pit,1,48,0.375,0.3,9,8,8,8,heldout
pit,1,50,0.375,0.3,10,10,10,10,heldout
pit,1,69,0.375,0.3,1,1,2,1,heldout
pit,1,70,0.375,0.3,4,4,8,4,heldout
pit,1,73,0.375,0.3,9,9,9,9,heldout
pit,1,76,0.375,0.3,8,8,9,8,heldout
pit,1,78,0.375,0.3,6,6,8,6,heldout
pit,1,81,0.375,0.3,1,1,2,1,heldout
pit,1,98,0.375,0.3,2,2,4,2,heldout
pit,1,100,0.375,0.3,1,1,1,1,heldout
pit,1,103,0.375,0.3,1,1,4,1,heldout
pit,1,109,0.375,0.3,1,1,1,1,heldout
pit,1,117,0.375,0.3,4,4,6,4,heldout
pit,1,124,0.375,0.3,2,2,2,2,heldout
pit,1,130,0.375,0.3,2,2,3,2,heldout
pit,1,131,0.375,0.3,8,8,10,8,heldout
pit,1,132,0.375,0.3,3,3,5,3,heldout
pit,1,135,0.375,0.3,6,6,7,6,heldout
pit,1,138,0.375,0.3,1,1,3,1,heldout
pit,1,140,0.375,0.3,4,4,7,4,heldout
pit,1,141,0.375,0.3,6,6,6,6,heldout
pit,1,143,0.375,0.3,2,1,1,1,heldout
pit,1,0,0.375,0.5,5,3,9,3,heldout
pit,1,1,0.375,0.5,1,1,3,1,heldout
pit,1,24,0.375,0.5,2,1,7,1,heldout
pit,1,29,0.375,0.5,1,0,1,0,heldout
pit,1,48,0.375,0.5,9,4,8,4,heldout
pit,1,50,0.375,0.5,10,9,10,9,heldout
pit,1,69,0.375,0.5,1,0,2,0,heldout
pit,1,70,0.375,0.5,4,4,8,4,heldout
pit,1,73,0.375,0.5,9,6,9,6,heldout
pit,1,76,0.375,0.5,8,8,9,8,heldout
pit,1,78,0.375,0.5,6,6,8,6,heldout
pit,1,81,0.375,0.5,1,1,2,1,heldout
pit,1,98,0.375,0.5,2,2,4,2,heldout
pit,1,100,0.375,0.5,1,0,1,0,heldout
pit,1,103,0.375,0.5,1,1,4,1,heldout
pit,1,109,0.375,0.5,1,0,1,0,heldout
pit,1,117,0.375,0.5,4,4,6,4,heldout
pit,1,124,0.375,0.5,2,2,2,2,heldout
pit,1,130,0.375,0.5,2,2,3,2,heldout
pit,1,131,0.375,0.5,8,3,10,3,heldout
pit,1,132,0.375,0.5,3,2,5,2,heldout
pit,1,135,0.375,0.5,6,6,7,6,heldout
pit,1,138,0.375,0.5,1,1,3,1,heldout
pit,1,140,0.375,0.5,4,4,7,4,heldout
pit,1,141,0.375,0.5,6,4,6,4,heldout
pit,1,143,0.375,0.5,2,1,1,1,heldout
pit,1,-1,0.4,0.3,71,64,111,64,val
pit,1,-1,0.4,0.5,71,49,111,49,val
pit,1,0,0.4,0.3,5,4,7,4,heldout
pit,1,1,0.4,0.3,1,1,3,1,heldout
pit,1,24,0.4,0.3,2,2,7,2,heldout
pit,1,29,0.4,0.3,1,0,1,0,heldout
pit,1,48,0.4,0.3,9,8,8,8,heldout
pit,1,50,0.4,0.3,10,10,10,10,heldout
pit,1,69,0.4,0.3,1,1,2,1,heldout
pit,1,70,0.4,0.3,4,4,8,4,heldout
pit,1,73,0.4,0.3,9,9,9,9,heldout
pit,1,76,0.4,0.3,8,8,9,8,heldout
pit,1,78,0.4,0.3,6,6,8,6,heldout
pit,1,81,0.4,0.3,1,1,2,1,heldout
pit,1,98,0.4,0.3,2,2,4,2,heldout
pit,1,100,0.4,0.3,1,1,1,1,heldout
pit,1,103,0.4,0.3,1,1,3,1,heldout
pit,1,109,0.4,0.3,1,1,1,1,heldout
pit,1,117,0.4,0.3,4,4,6,4,heldout
pit,1,124,0.4,0.3,2,2,2,2,heldout
pit,1,130,0.4,0.3,2,2,3,2,heldout
pit,1,131,0.4,0.3,8,8,10,8,heldout
pit,1,132,0.4,0.3,3,3,5,3,heldout
pit,1,135,0.4,0.3,6,6,7,6,heldout
pit,1,138,0.4,0.3,1,1,3,1,heldout
pit,1,140,0.4,0.3,4,4,7,4,heldout
pit,1,141,0.4,0.3,6,6,6,6,heldout
pit,1,143,0.4,0.3,2,1,1,1,heldout
pit,1,0,0.4,0.5,5,4,7,4,heldout
pit,1,1,0.4,0.5,1,1,3,1,heldout
pit,1,24,0.4,0.5,2,1,7,1,heldout
pit,1,29,0.4,0.5,1,0,1,0,heldout
pit,1,48,0.4,0.5,9,6,8,6,heldout
pit,1,50,0.4,0.5,10,10,10,10,heldout
pit,1,69,0.4,0.5,1,0,2,0,heldout
pit,1,70,0.4,0.5,4,4,8,4,heldout
pit,1,73,0.4,0.5,9,8,9,8,heldout
pit,1,76,0.4,0.5,8,8,9,8,heldout
pit,1,78,0.4,0.5,6,6,8,6,heldout
pit,1,81,0.4,0.5,1,1,2,1,heldout
pit,1,98,0.4,0.5,2,2,4,2,heldout
pit,1,100,0.4,0.5,1,0,1,0,heldout
pit,1,103,0.4,0.5,1,1,3,1,heldout
pit,1,109,0.4,0.5,1,1,1,1,heldout
pit,1,117,0.4,0.5,4,4,6,4,heldout
pit,1,124,0.4,0.5,2,2,2,2,heldout
pit,1,130,0.4,0.5,2,2,3,2,heldout
pit,1,131,0.4,0.5,8,5,10,5,heldout
pit,1,132,0.4,0.5,3,3,5,3,heldout
pit,1,135,0.4,0.5,6,6,7,6,heldout
pit,1,138,0.4,0.5,1,1,3,1,heldout
pit,1,140,0.4,0.5,4,4,7,4,heldout
pit,1,141,0.4,0.5,6,4,6,4,heldout
pit,1,143,0.4,0.5,2,1,1,1,heldout
pit,1,-1,0.425,0.3,71,64,105,64,val
pit,1,-1,0.425,0.5,71,54,105,54,val
pit,1,0,0.425,0.3,5,4,7,4,heldout
pit,1,1,0.425,0.3,1,1,3,1,heldout
pit,1,24,0.425,0.3,2,2,6,2,heldout
pit,1,29,0.425,0.3,1,0,1,0,heldout
pit,1,48,0.425,0.3,9,8,8,8,heldout
pit,1,50,0.425,0.3,10,10,10,10,heldout
pit,1,69,0.425,0.3,1,1,2,1,heldout
pit,1,70,0.425,0.3,4,4,8,4,heldout
pit,1,73,0.425,0.3,9,9,9,9,heldout
pit,1,76,0.425,0.3,8,8,8,8,heldout
pit,1,78,0.425,0.3,6,6,8,6,heldout
pit,1,81,0.425,0.3,1,1,2,1,heldout
pit,1,98,0.425,0.3,2,2,3,2,heldout
pit,1,100,0.425,0.3,1,0,1,0,heldout
pit,1,103,0.425,0.3,1,1,3,1,heldout
pit,1,109,0.425,0.3,1,1,1,1,heldout
pit,1,117,0.425,0.3,4,4,6,4,heldout
pit,1,124,0.425,0.3,2,1,3,1,heldout
pit,1,130,0.425,0.3,2,2,3,2,heldout
pit,1,131,0.425,0.3,8,8,10,8,heldout
pit,1,132,0.425,0.3,3,3,4,3,heldout
pit,1,135,0.425,0.3,6,6,7,6,heldout
pit,1,138,0.425,0.3,1,1,3,1,heldout
pit,1,140,0.425,0.3,4,4,7,4,heldout
pit,1,141,0.425,0.3,6,6,6,6,heldout
pit,1,143,0.425,0.3,2,1,1,1,heldout
pit,1,0,0.425,0.5,5,4,7,4,heldout
pit,1,1,0.425,0.5,1,1,3,1,heldout
pit,1,24,0.425,0.5,2,2,6,2,heldout
pit,1,29,0.425,0.5,1,0,1,0,heldout
pit,1,48,0.425,0.5,9,7,8,7,heldout
pit,1,50,0.425,0.5,10,9,10,9,heldout
pit,1,69,0.425,0.5,1,1,2,1,heldout
pit,1,70,0.425,0.5,4,4,8,4,heldout
pit,1,73,0.425,0.5,9,8,9,8,heldout
pit,1,76,0.425,0.5,8,8,8,8,heldout
pit,1,78,0.425,0.5,6,6,8,6,heldout
pit,1,81,0.425,0.5,1,1,2,1,heldout
pit,1,98,0.425,0.5,2,2,3,2,heldout
pit,1,100,0.425,0.5,1,0,1,0,heldout
pit,1,103,0.425,0.5,1,1,3,1,heldout
pit,1,109,0.425,0.5,1,0,1,0,heldout
pit,1,117,0.425,0.5,4,4,6,4,heldout
pit,1,124,0.425,0.5,2,1,3,1,heldout
pit,1,130,0.425,0.5,2,2,3,2,heldout
pit,1,131,0.425,0.5,8,6,10,6,heldout
pit,1,132,0.425,0.5,3,3,4,3,heldout
pit,1,135,0.425,0.5,6,5,7,5,heldout
pit,1,138,0.425,0.5,1,1,3,1,heldout
pit,1,140,0.425,0.5,4,4,7,4,heldout
pit,1,141,0.425,0.5,6,5,6,5,heldout
pit,1,143,0.425,0.5,2,1,1,1,heldout
pit,1,-1,0.45,0.3,71,64,98,64,val
pit,1,-1,0.45,0.5,71,56,98,56,val
pit,1,0,0.45,0.3,5,4,7,4,heldout
pit,1,1,0.45,0.3,1,1,3,1,heldout
pit,1,24,0.45,0.3,2,2,5,2,heldout
pit,1,29,0.45,0.3,1,0,0,0,heldout
pit,1,48,0.45,0.3,9,8,8,8,heldout
pit,1,50,0.45,0.3,10,10,10,10,heldout
pit,1,69,0.45,0.3,1,1,2,1,heldout
pit,1,70,0.45,0.3,4,4,6,4,heldout
pit,1,73,0.45,0.3,9,9,9,9,heldout
pit,1,76,0.45,0.3,8,8,8,8,heldout
pit,1,78,0.45,0.3,6,6,8,6,heldout
pit,1,81,0.45,0.3,1,1,2,1,heldout
pit,1,98,0.45,0.3,2,2,3,2,heldout
pit,1,100,0.45,0.3,1,0,2,0,heldout
pit,1,103,0.45,0.3,1,1,3,1,heldout
pit,1,109,0.45,0.3,1,1,1,1,heldout
pit,1,117,0.45,0.3,4,4,5,4,heldout
pit,1,124,0.45,0.3,2,1,2,1,heldout
pit,1,130,0.45,0.3,2,2,3,2,heldout
pit,1,131,0.45,0.3,8,8,10,8,heldout
pit,1,132,0.45,0.3,3,3,4,3,heldout
pit,1,135,0.45,0.3,6,5,7,5,heldout
pit,1,138,0.45,0.3,1,1,3,1,heldout
pit,1,140,0.45,0.3,4,4,7,4,heldout
pit,1,141,0.45,0.3,6,6,6,6,heldout
pit,1,143,0.45,0.3,2,1,1,1,heldout
pit,1,0,0.45,0.5,5,3,7,3,heldout
pit,1,1,0.45,0.5,1,1,3,1,heldout
pit,1,24,0.45,0.5,2,2,5,2,heldout
pit,1,29,0.45,0.5,1,0,0,0,heldout
pit,1,48,0.45,0.5,9,7,8,7,heldout
pit,1,50,0.45,0.5,10,9,10,9,heldout
pit,1,69,0.45,0.5,1,1,2,1,heldout
pit,1,70,0.45,0.5,4,4,6,4,heldout
pit,1,73,0.45,0.5,9,8,9,8,heldout
pit,1,76,0.45,0.5,8,8,8,8,heldout
pit,1,78,0.45,0.5,6,6,8,6,heldout
pit,1,81,0.45,0.5,1,1,2,1,heldout
pit,1,98,0.45,0.5,2,2,3,2,heldout
pit,1,100,0.45,0.5,1,0,2,0,heldout
pit,1,103,0.45,0.5,1,1,3,1,heldout
pit,1,109,0.45,0.5,1,0,1,0,heldout
pit,1,117,0.45,0.5,4,4,5,4,heldout
pit,1,124,0.45,0.5,2,1,2,1,heldout
pit,1,130,0.45,0.5,2,2,3,2,heldout
pit,1,131,0.45,0.5,8,6,10,6,heldout
pit,1,132,0.45,0.5,3,3,4,3,heldout
pit,1,135,0.45,0.5,6,5,7,5,heldout
pit,1,138,0.45,0.5,1,1,3,1,heldout
pit,1,140,0.45,0.5,4,4,7,4,heldout
pit,1,141,0.45,0.5,6,5,6,5,heldout
pit,1,143,0.45,0.5,2,1,1,1,heldout
pit,1,-1,0.475,0.3,71,63,94,63,val
pit,1,-1,0.475,0.5,71,58,94,58,val
pit,1,0,0.475,0.3,5,4,7,4,heldout
pit,1,1,0.475,0.3,1,1,3,1,heldout
pit,1,24,0.475,0.3,2,2,4,2,heldout
pit,1,29,0.475,0.3,1,0,0,0,heldout
pit,1,48,0.475,0.3,9,8,8,8,heldout
pit,1,50,0.475,0.3,10,10,10,10,heldout
pit,1,69,0.475,0.3,1,1,2,1,heldout
pit,1,70,0.475,0.3,4,4,6,4,heldout
pit,1,73,0.475,0.3,9,9,9,9,heldout
pit,1,76,0.475,0.3,8,8,8,8,heldout
pit,1,78,0.475,0.3,6,6,8,6,heldout
pit,1,81,0.475,0.3,1,1,2,1,heldout
pit,1,98,0.475,0.3,2,2,3,2,heldout
pit,1,100,0.475,0.3,1,0,1,0,heldout
pit,1,103,0.475,0.3,1,1,3,1,heldout
pit,1,109,0.475,0.3,1,1,1,1,heldout
pit,1,117,0.475,0.3,4,4,5,4,heldout
pit,1,124,0.475,0.3,2,1,2,1,heldout
pit,1,130,0.475,0.3,2,2,3,2,heldout
pit,1,131,0.475,0.3,8,8,10,8,heldout
pit,1,132,0.475,0.3,3,3,4,3,heldout
pit,1,135,0.475,0.3,6,5,6,5,heldout
pit,1,138,0.475,0.3,1,1,3,1,heldout
pit,1,140,0.475,0.3,4,4,6,4,heldout
pit,1,141,0.475,0.3,6,6,6,6,heldout
pit,1,143,0.475,0.3,2,1,1,1,heldout
pit,1,0,0.475,0.5,5,3,7,3,heldout
pit,1,1,0.475,0.5,1,1,3,1,heldout
pit,1,24,0.475,0.5,2,2,4,2,heldout
pit,1,29,0.475,0.5,1,0,0,0,heldout
pit,1,48,0.475,0.5,9,8,8,8,heldout
pit,1,50,0.475,0.5,10,9,10,9,heldout
pit,1,69,0.475,0.5,1,1,2,1,heldout
pit,1,70,0.475,0.5,4,4,6,4,heldout
pit,1,73,0.475,0.5,9,8,9,8,heldout
pit,1,76,0.475,0.5,8,8,8,8,heldout
pit,1,78,0.475,0.5,6,6,8,6,heldout
pit,1,81,0.475,0.5,1,1,2,1,heldout
pit,1,98,0.475,0.5,2,2,3,2,heldout
pit,1,100,0.475,0.5,1,0,1,0,heldout
pit,1,103,0.475,0.5,1,1,3,1,heldout
pit,1,109,0.475,0.5,1,0,1,0,heldout
pit,1,117,0.475,0.5,4,4,5,4,heldout
pit,1,124,0.475,0.5,2,1,2,1,heldout
pit,1,130,0.475,0.5,2,2,3,2,heldout
pit,1,131,0.475,0.5,8,7,10,7,heldout
pit,1,132,0.475,0.5,3,3,4,3,heldout
pit,1,135,0.475,0.5,6,5,6,5,heldout
pit,1,138,0.475,0.5,1,1,3,1,heldout
pit,1,140,0.475,0.5,4,4,6,4,heldout
pit,1,141,0.475,0.5,6,6,6,6,heldout
pit,1,143,0.475,0.5,2,1,1,1,heldout
pit,1,-1,0.5,0.3,71,63,93,63,val
pit,1,-1,0.5,0.5,71,58,93,58,val
pit,1,0,0.5,0.3,5,3,6,3,heldout
pit,1,1,0.5,0.3,1,1,3,1,heldout
pit,1,24,0.5,0.3,2,2,4,2,heldout
pit,1,29,0.5,0.3,1,0,0,0,heldout
pit,1,48,0.5,0.3,9,8,8,8,heldout
pit,1,50,0.5,0.3,10,9,10,9,heldout
pit,1,69,0.5,0.3,1,1,2,1,heldout
pit,1,70,0.5,0.3,4,4,6,4,heldout
pit,1,73,0.5,0.3,9,9,9,9,heldout
pit,1,76,0.5,0.3,8,8,8,8,heldout
pit,1,78,0.5,0.3,6,6,8,6,heldout
pit,1,81,0.5,0.3,1,1,1,1,heldout
pit,1,98,0.5,0.3,2,2,3,2,heldout
pit,1,100,0.5,0.3,1,0,1,0,heldout
pit,1,103,0.5,0.3,1,1,3,1,heldout
pit,1,109,0.5,0.3,1,1,1,1,heldout
pit,1,117,0.5,0.3,4,4,5,4,heldout
pit,1,124,0.5,0.3,2,1,2,1,heldout
pit,1,130,0.5,0.3,2,2,3,2,heldout
pit,1,131,0.5,0.3,8,7,10,7,heldout
pit,1,132,0.5,0.3,3,3,3,3,heldout
pit,1,135,0.5,0.3,6,5,6,5,heldout
pit,1,138,0.5,0.3,1,1,3,1,heldout
pit,1,140,0.5,0.3,4,4,6,4,heldout
pit,1,141,0.5,0.3,6,6,6,6,heldout
pit,1,143,0.5,0.3,2,1,1,1,heldout
pit,1,0,0.5,0.5,5,3,6,3,heldout
pit,1,1,0.5,0.5,1,1,3,1,heldout
pit,1,24,0.5,0.5,2,2,4,2,heldout
pit,1,29,0.5,0.5,1,0,0,0,heldout
pit,1,48,0.5,0.5,9,8,8,8,heldout
pit,1,50,0.5,0.5,10,9,10,9,heldout
pit,1,69,0.5,0.5,1,1,2,1,heldout
pit,1,70,0.5,0.5,4,4,6,4,heldout
pit,1,73,0.5,0.5,9,8,9,8,heldout
pit,1,76,0.5,0.5,8,8,8,8,heldout
pit,1,78,0.5,0.5,6,5,8,5,heldout
pit,1,81,0.5,0.5,1,1,1,1,heldout
pit,1,98,0.5,0.5,2,2,3,2,heldout
pit,1,100,0.5,0.5,1,0,1,0,heldout
pit,1,103,0.5,0.5,1,1,3,1,heldout
pit,1,109,0.5,0.5,1,0,1,0,heldout
pit,1,117,0.5,0.5,4,3,5,3,heldout
pit,1,124,0.5,0.5,2,0,2,0,heldout
pit,1,130,0.5,0.5,2,2,3,2,heldout
pit,1,131,0.5,0.5,8,7,10,7,heldout
pit,1,132,0.5,0.5,3,3,3,3,heldout
pit,1,135,0.5,0.5,6,4,6,4,heldout
pit,1,138,0.5,0.5,1,1,3,1,heldout
pit,1,140,0.5,0.5,4,3,6,3,heldout
pit,1,141,0.5,0.5,6,6,6,6,heldout
pit,1,143,0.5,0.5,2,1,1,1,heldout
pit,1,-1,0.525,0.3,71,62,88,62,val
pit,1,-1,0.525,0.5,71,59,88,59,val
pit,1,0,0.525,0.3,5,3,5,3,heldout
pit,1,1,0.525,0.3,1,1,3,1,heldout
pit,1,24,0.525,0.3,2,2,4,2,heldout
pit,1,29,0.525,0.3,1,0,0,0,heldout
pit,1,48,0.525,0.3,9,8,8,8,heldout
pit,1,50,0.525,0.3,10,9,10,9,heldout
pit,1,69,0.525,0.3,1,1,2,1,heldout
pit,1,70,0.525,0.3,4,4,6,4,heldout
pit,1,73,0.525,0.3,9,9,10,9,heldout
pit,1,76,0.525,0.3,8,8,9,8,heldout
pit,1,78,0.525,0.3,6,6,8,6,heldout
pit,1,81,0.525,0.3,1,1,1,1,heldout
pit,1,98,0.525,0.3,2,2,3,2,heldout
pit,1,100,0.525,0.3,1,0,1,0,heldout
pit,1,103,0.525,0.3,1,1,3,1,heldout
pit,1,109,0.525,0.3,1,1,1,1,heldout
pit,1,117,0.525,0.3,4,4,5,4,heldout
pit,1,124,0.525,0.3,2,0,1,0,heldout
pit,1,130,0.525,0.3,2,2,3,2,heldout
pit,1,131,0.525,0.3,8,7,10,7,heldout
pit,1,132,0.525,0.3,3,3,3,3,heldout
pit,1,135,0.525,0.3,6,5,6,5,heldout
pit,1,138,0.525,0.3,1,1,3,1,heldout
pit,1,140,0.525,0.3,4,4,6,4,heldout
pit,1,141,0.525,0.3,6,6,6,6,heldout
pit,1,143,0.525,0.3,2,1,1,1,heldout
pit,1,0,0.525,0.5,5,3,5,3,heldout
pit,1,1,0.525,0.5,1,1,3,1,heldout
pit,1,24,0.525,0.5,2,2,4,2,heldout
pit,1,29,0.525,0.5,1,0,0,0,heldout
pit,1,48,0.525,0.5,9,7,8,7,heldout
pit,1,50,0.525,0.5,10,9,10,9,heldout
pit,1,69,0.525,0.5,1,1,2,1,heldout
pit,1,70,0.525,0.5,4,3,6,3,heldout
pit,1,73,0.525,0.5,9,7,10,7,heldout
pit,1,76,0.525,0.5,8,8,9,8,heldout
pit,1,78,0.525,0.5,6,4,8,4,heldout
pit,1,81,0.525,0.5,1,1,1,1,heldout
pit,1,98,0.525,0.5,2,2,3,2,heldout
pit,1,100,0.525,0.5,1,0,1,0,heldout
pit,1,103,0.525,0.5,1,1,3,1,heldout
pit,1,109,0.525,0.5,1,0,1,0,heldout
pit,1,117,0.525,0.5,4,3,5,3,heldout
pit,1,124,0.525,0.5,2,0,1,0,heldout
pit,1,130,0.525,0.5,2,2,3,2,heldout
pit,1,131,0.525,0.5,8,6,10,6,heldout
pit,1,132,0.525,0.5,3,3,3,3,heldout
pit,1,135,0.525,0.5,6,4,6,4,heldout
pit,1,138,0.525,0.5,1,1,3,1,heldout
pit,1,140,0.525,0.5,4,2,6,2,heldout
pit,1,141,0.525,0.5,6,6,6,6,heldout
pit,1,143,0.525,0.5,2,1,1,1,heldout
pit,1,-1,0.55,0.3,71,61,88,61,val
pit,1,-1,0.55,0.5,71,56,88,56,val
pit,1,0,0.55,0.3,5,3,4,3,heldout
pit,1,1,0.55,0.3,1,1,3,1,heldout
pit,1,24,0.55,0.3,2,2,4,2,heldout
pit,1,29,0.55,0.3,1,0,0,0,heldout
pit,1,48,0.55,0.3,9,8,8,8,heldout
pit,1,50,0.55,0.3,10,9,10,9,heldout
pit,1,69,0.55,0.3,1,1,2,1,heldout
pit,1,70,0.55,0.3,4,4,6,4,heldout
pit,1,73,0.55,0.3,9,9,10,9,heldout
pit,1,76,0.55,0.3,8,8,8,8,heldout
pit,1,78,0.55,0.3,6,6,7,6,heldout
pit,1,81,0.55,0.3,1,1,1,1,heldout
pit,1,98,0.55,0.3,2,2,3,2,heldout
pit,1,100,0.55,0.3,1,0,1,0,heldout
pit,1,103,0.55,0.3,1,1,3,1,heldout
pit,1,109,0.55,0.3,1,0,1,0,heldout
pit,1,117,0.55,0.3,4,4,5,4,heldout
pit,1,124,0.55,0.3,2,0,1,0,heldout
pit,1,130,0.55,0.3,2,2,3,2,heldout
pit,1,131,0.55,0.3,8,7,10,7,heldout
pit,1,132,0.55,0.3,3,3,3,3,heldout
pit,1,135,0.55,0.3,6,5,6,5,heldout
pit,1,138,0.55,0.3,1,1,2,1,heldout
pit,1,140,0.55,0.3,4,4,6,4,heldout
pit,1,141,0.55,0.3,6,6,6,6,heldout
pit,1,143,0.55,0.3,2,1,1,1,heldout
pit,1,0,0.55,0.5,5,3,4,3,heldout
pit,1,1,0.55,0.5,1,1,3,1,heldout
pit,1,24,0.55,0.5,2,2,4,2,heldout
pit,1,29,0.55,0.5,1,0,0,0,heldout
pit,1,48,0.55,0.5,9,7,8,7,heldout
pit,1,50,0.55,0.5,10,9,10,9,heldout
pit,1,69,0.55,0.5,1,1,2,1,heldout
pit,1,70,0.55,0.5,4,2,6,2,heldout
pit,1,73,0.55,0.5,9,7,10,7,heldout
pit,1,76,0.55,0.5,8,6,8,6,heldout
pit,1,78,0.55,0.5,6,3,7,3,heldout
pit,1,81,0.55,0.5,1,1,1,1,heldout
pit,1,98,0.55,0.5,2,2,3,2,heldout
pit,1,100,0.55,0.5,1,0,1,0,heldout
pit,1,103,0.55,0.5,1,1,3,1,heldout
pit,1,109,0.55,0.5,1,0,1,0,heldout
pit,1,117,0.55,0.5,4,3,5,3,heldout
pit,1,124,0.55,0.5,2,0,1,0,heldout
pit,1,130,0.55,0.5,2,2,3,2,heldout
pit,1,131,0.55,0.5,8,6,10,6,heldout
pit,1,132,0.55,0.5,3,2,3,2,heldout
pit,1,135,0.55,0.5,6,3,6,3,heldout
pit,1,138,0.55,0.5,1,1,2,1,heldout
pit,1,140,0.55,0.5,4,2,6,2,heldout
pit,1,141,0.55,0.5,6,6,6,6,heldout
pit,1,143,0.55,0.5,2,1,1,1,heldout
pit,1,-1,0.575,0.3,71,60,85,60,val
pit,1,-1,0.575,0.5,71,49,85,49,val
pit,1,0,0.575,0.3,5,3,4,3,heldout
pit,1,1,0.575,0.3,1,1,3,1,heldout
pit,1,24,0.575,0.3,2,2,3,2,heldout
pit,1,29,0.575,0.3,1,0,0,0,heldout
pit,1,48,0.575,0.3,9,8,8,8,heldout
pit,1,50,0.575,0.3,10,9,9,9,heldout
pit,1,69,0.575,0.3,1,1,2,1,heldout
pit,1,70,0.575,0.3,4,3,6,3,heldout
pit,1,73,0.575,0.3,9,9,10,9,heldout
pit,1,76,0.575,0.3,8,8,8,8,heldout
pit,1,78,0.575,0.3,6,6,7,6,heldout
pit,1,81,0.575,0.3,1,1,1,1,heldout
pit,1,98,0.575,0.3,2,2,3,2,heldout
pit,1,100,0.575,0.3,1,0,1,0,heldout
pit,1,103,0.575,0.3,1,1,3,1,heldout
pit,1,109,0.575,0.3,1,0,1,0,heldout
pit,1,117,0.575,0.3,4,4,5,4,heldout
pit,1,124,0.575,0.3,2,0,1,0,heldout
pit,1,130,0.575,0.3,2,2,3,2,heldout
pit,1,131,0.575,0.3,8,7,9,7,heldout
pit,1,132,0.575,0.3,3,3,3,3,heldout
pit,1,135,0.575,0.3,6,5,6,5,heldout
pit,1,138,0.575,0.3,1,1,2,1,heldout
pit,1,140,0.575,0.3,4,4,6,4,heldout
pit,1,141,0.575,0.3,6,6,6,6,heldout
pit,1,143,0.575,0.3,2,1,1,1,heldout
pit,1,0,0.575,0.5,5,3,4,3,heldout
pit,1,1,0.575,0.5,1,1,3,1,heldout
pit,1,24,0.575,0.5,2,2,3,2,heldout
pit,1,29,0.575,0.5,1,0,0,0,heldout
pit,1,48,0.575,0.5,9,7,8,7,heldout
pit,1,50,0.575,0.5,10,9,9,9,heldout
pit,1,69,0.575,0.5,1,1,2,1,heldout
pit,1,70,0.575,0.5,4,2,6,2,heldout
pit,1,73,0.575,0.5,9,7,10,7,heldout
pit,1,76,0.575,0.5,8,6,8,6,heldout
pit,1,78,0.575,0.5,6,3,7,3,heldout
pit,1,81,0.575,0.5,1,1,1,1,heldout
pit,1,98,0.575,0.5,2,2,3,2,heldout
pit,1,100,0.575,0.5,1,0,1,0,heldout
pit,1,103,0.575,0.5,1,1,3,1,heldout
pit,1,109,0.575,0.5,1,0,1,0,heldout
pit,1,117,0.575,0.5,4,3,5,3,heldout
pit,1,124,0.575,0.5,2,0,1,0,heldout
pit,1,130,0.575,0.5,2,2,3,2,heldout
pit,1,131,0.575,0.5,8,6,9,6,heldout
pit,1,132,0.575,0.5,3,2,3,2,heldout
pit,1,135,0.575,0.5,6,3,6,3,heldout
pit,1,138,0.575,0.5,1,1,2,1,heldout
pit,1,140,0.575,0.5,4,2,6,2,heldout
pit,1,141,0.575,0.5,6,6,6,6,heldout
pit,1,143,0.575,0.5,2,1,1,1,heldout
pit,1,-1,0.6,0.3,71,59,81,59,val
pit,1,-1,0.6,0.5,71,47,81,47,val
pit,1,0,0.6,0.3,5,3,4,3,heldout
pit,1,1,0.6,0.3,1,1,3,1,heldout
pit,1,24,0.6,0.3,2,2,3,2,heldout
pit,1,29,0.6,0.3,1,0,0,0,heldout
pit,1,48,0.6,0.3,9,7,8,7,heldout
pit,1,50,0.6,0.3,10,9,9,9,heldout
pit,1,69,0.6,0.3,1,1,2,1,heldout
pit,1,70,0.6,0.3,4,3,5,3,heldout
pit,1,73,0.6,0.3,9,9,10,9,heldout
pit,1,76,0.6,0.3,8,7,7,7,heldout
pit,1,78,0.6,0.3,6,5,6,5,heldout
pit,1,81,0.6,0.3,1,1,1,1,heldout
pit,1,98,0.6,0.3,2,2,3,2,heldout
pit,1,100,0.6,0.3,1,0,1,0,heldout
pit,1,103,0.6,0.3,1,1,3,1,heldout
pit,1,109,0.6,0.3,1,0,1,0,heldout
pit,1,117,0.6,0.3,4,4,5,4,heldout
pit,1,124,0.6,0.3,2,0,1,0,heldout
pit,1,130,0.6,0.3,2,2,3,2,heldout
pit,1,131,0.6,0.3,8,7,9,7,heldout
pit,1,132,0.6,0.3,3,3,3,3,heldout
pit,1,135,0.6,0.3,6,4,7,4,heldout
pit,1,138,0.6,0.3,1,1,2,1,heldout
pit,1,140,0.6,0.3,4,3,6,3,heldout
pit,1,141,0.6,0.3,6,6,6,6,heldout
pit,1,143,0.6,0.3,2,1,1,1,heldout
pit,1,0,0.6,0.5,5,2,4,2,heldout
pit,1,1,0.6,0.5,1,0,3,0,heldout
pit,1,24,0.6,0.5,2,2,3,2,heldout
pit,1,29,0.6,0.5,1,0,0,0,heldout
pit,1,48,0.6,0.5,9,6,8,6,heldout
pit,1,50,0.6,0.5,10,9,9,9,heldout
pit,1,69,0.6,0.5,1,1,2,1,heldout
pit,1,70,0.6,0.5,4,2,5,2,heldout
pit,1,73,0.6,0.5,9,5,10,5,heldout
pit,1,76,0.6,0.5,8,6,7,6,heldout
pit,1,78,0.6,0.5,6,3,6,3,heldout
pit,1,81,0.6,0.5,1,0,1,0,heldout
pit,1,98,0.6,0.5,2,2,3,2,heldout
pit,1,100,0.6,0.5,1,0,1,0,heldout
pit,1,103,0.6,0.5,1,1,3,1,heldout
pit,1,109,0.6,0.5,1,0,1,0,heldout
pit,1,117,0.6,0.5,4,3,5,3,heldout
pit,1,124,0.6,0.5,2,0,1,0,heldout
pit,1,130,0.6,0.5,2,2,3,2,heldout
pit,1,131,0.6,0.5,8,6,9,6,heldout
pit,1,132,0.6,0.5,3,2,3,2,heldout
pit,1,135,0.6,0.5,6,2,7,2,heldout
pit,1,138,0.6,0.5,1,0,2,0,heldout
pit,1,140,0.6,0.5,4,2,6,2,heldout
pit,1,141,0.6,0.5,6,6,6,6,heldout
pit,1,143,0.6,0.5,2,1,1,1,heldout
pit,1,-1,0.625,0.3,71,57,81,57,val
pit,1,-1,0.625,0.5,71,42,81,42,val
pit,1,0,0.625,0.3,5,2,4,2,heldout
pit,1,1,0.625,0.3,1,0,3,0,heldout
pit,1,24,0.625,0.3,2,2,3,2,heldout
pit,1,29,0.625,0.3,1,0,0,0,heldout
pit,1,48,0.625,0.3,9,7,7,7,heldout
pit,1,50,0.625,0.3,10,9,10,9,heldout
pit,1,69,0.625,0.3,1,1,2,1,heldout
pit,1,70,0.625,0.3,4,2,4,2,heldout
pit,1,73,0.625,0.3,9,8,9,8,heldout
pit,1,76,0.625,0.3,8,6,7,6,heldout
pit,1,78,0.625,0.3,6,5,6,5,heldout
pit,1,81,0.625,0.3,1,0,1,0,heldout
pit,1,98,0.625,0.3,2,2,3,2,heldout
pit,1,100,0.625,0.3,1,0,1,0,heldout
pit,1,103,0.625,0.3,1,1,3,1,heldout
pit,1,109,0.625,0.3,1,0,1,0,heldout
pit,1,117,0.625,0.3,4,4,5,4,heldout
pit,1,124,0.625,0.3,2,0,1,0,heldout
pit,1,130,0.625,0.3,2,2,3,2,heldout
pit,1,131,0.625,0.3,8,7,8,7,heldout
pit,1,132,0.625,0.3,3,3,3,3,heldout
pit,1,135,0.625,0.3,6,4,7,4,heldout
pit,1,138,0.625,0.3,1,1,2,1,heldout
pit,1,140,0.625,0.3,4,3,5,3,heldout
pit,1,141,0.625,0.3,6,6,6,6,heldout
pit,1,143,0.625,0.3,2,1,1,1,heldout
pit,1,0,0.625,0.5,5,2,4,2,heldout
pit,1,1,0.625,0.5,1,0,3,0,heldout
pit,1,24,0.625,0.5,2,2,3,2,heldout
pit,1,29,0.625,0.5,1,0,0,0,heldout
pit,1,48,0.625,0.5,9,6,7,6,heldout
pit,1,50,0.625,0.5,10,9,10,9,heldout
pit,1,69,0.625,0.5,1,1,2,1,heldout
pit,1,70,0.625,0.5,4,2,4,2,heldout
pit,1,73,0.625,0.5,9,5,9,5,heldout
pit,1,76,0.625,0.5,8,6,7,6,heldout
pit,1,78,0.625,0.5,6,3,6,3,heldout
pit,1,81,0.625,0.5,1,0,1,0,heldout
pit,1,98,0.625,0.5,2,2,3,2,heldout
pit,1,100,0.625,0.5,1,0,1,0,heldout
pit,1,103,0.625,0.5,1,1,3,1,heldout
pit,1,109,0.625,0.5,1,0,1,0,heldout
pit,1,117,0.625,0.5,4,2,5,2,heldout
pit,1,124,0.625,0.5,2,0,1,0,heldout
pit,1,130,0.625,0.5,2,1,3,1,heldout
pit,1,131,0.625,0.5,8,5,8,5,heldout
pit,1,132,0.625,0.5,3,1,3,1,heldout
pit,1,135,0.625,0.5,6,1,7,1,heldout
pit,1,138,0.625,0.5,1,0,2,0,heldout
pit,1,140,0.625,0.5,4,2,5,2,heldout
pit,1,141,0.625,0.5,6,6,6,6,heldout
pit,1,143,0.625,0.5,2,1,1,1,heldout
pit,1,-1,0.65,0.3,71,52,82,52,val
pit,1,-1,0.65,0.5,71,41,82,41,val
pit,1,0,0.65,0.3,5,2,2,2,heldout
pit,1,1,0.65,0.3,1,0,2,0,heldout
pit,1,24,0.65,0.3,2,2,3,2,heldout
pit,1,29,0.65,0.3,1,0,0,0,heldout
pit,1,48,0.65,0.3,9,7,7,7,heldout
pit,1,50,0.65,0.3,10,9,10,9,heldout
pit,1,69,0.65,0.3,1,1,2,1,heldout
pit,1,70,0.65,0.3,4,2,3,2,heldout
pit,1,73,0.65,0.3,9,6,8,6,heldout
pit,1,76,0.65,0.3,8,6,7,6,heldout
pit,1,78,0.65,0.3,6,5,5,5,heldout
pit,1,81,0.65,0.3,1,0,0,0,heldout
pit,1,98,0.65,0.3,2,2,3,2,heldout
pit,1,100,0.65,0.3,1,0,1,0,heldout
pit,1,103,0.65,0.3,1,1,3,1,heldout
pit,1,109,0.65,0.3,1,0,1,0,heldout
pit,1,117,0.65,0.3,4,4,5,4,heldout
pit,1,124,0.65,0.3,2,0,0,0,heldout
pit,1,130,0.65,0.3,2,2,3,2,heldout
pit,1,131,0.65,0.3,8,7,8,7,heldout
pit,1,132,0.65,0.3,3,2,3,2,heldout
pit,1,135,0.65,0.3,6,3,5,3,heldout
pit,1,138,0.65,0.3,1,0,2,0,heldout
pit,1,140,0.65,0.3,4,3,5,3,heldout
pit,1,141,0.65,0.3,6,6,6,6,heldout
pit,1,143,0.65,0.3,2,1,1,1,heldout
pit,1,0,0.65,0.5,5,2,2,2,heldout
pit,1,1,0.65,0.5,1,0,2,0,heldout
pit,1,24,0.65,0.5,2,2,3,2,heldout
pit,1,29,0.65,0.5,1,0,0,0,heldout
pit,1,48,0.65,0.5,9,6,7,6,heldout
pit,1,50,0.65,0.5,10,7,10,7,heldout
pit,1,69,0.65,0.5,1,0,2,0,heldout
pit,1,70,0.65,0.5,4,2,3,2,heldout
pit,1,73,0.65,0.5,9,4,8,4,heldout
pit,1,76,0.65,0.5,8,6,7,6,heldout
pit,1,78,0.65,0.5,6,3,5,3,heldout
pit,1,81,0.65,0.5,1,0,0,0,heldout
pit,1,98,0.65,0.5,2,2,3,2,heldout
pit,1,100,0.65,0.5,1,0,1,0,heldout
pit,1,103,0.65,0.5,1,1,3,1,heldout
pit,1,109,0.65,0.5,1,0,1,0,heldout
pit,1,117,0.65,0.5,4,2,5,2,heldout
pit,1,124,0.65,0.5,2,0,0,0,heldout
pit,1,130,0.65,0.5,2,1,3,1,heldout
pit,1,131,0.65,0.5,8,5,8,5,heldout
pit,1,132,0.65,0.5,3,1,3,1,heldout
pit,1,135,0.65,0.5,6,1,5,1,heldout
pit,1,138,0.65,0.5,1,0,2,0,heldout
pit,1,140,0.65,0.5,4,2,5,2,heldout
pit,1,141,0.65,0.5,6,5,6,5,heldout
pit,1,143,0.65,0.5,2,1,1,1,heldout
pit,1,-1,0.675,0.3,71,49,76,49,val
pit,1,-1,0.675,0.5,71,37,76,37,val
pit,1,0,0.675,0.3,5,2,2,2,heldout
pit,1,1,0.675,0.3,1,0,2,0,heldout
pit,1,24,0.675,0.3,2,2,3,2,heldout
pit,1,29,0.675,0.3,1,0,0,0,heldout
pit,1,48,0.675,0.3,9,7,8,7,heldout
pit,1,50,0.675,0.3,10,8,10,8,heldout
pit,1,69,0.675,0.3,1,1,2,1,heldout
pit,1,70,0.675,0.3,4,2,3,2,heldout
pit,1,73,0.675,0.3,9,5,8,5,heldout
pit,1,76,0.675,0.3,8,6,7,6,heldout
pit,1,78,0.675,0.3,6,5,5,5,heldout
pit,1,81,0.675,0.3,1,0,0,0,heldout
pit,1,98,0.675,0.3,2,2,3,2,heldout
pit,1,100,0.675,0.3,1,0,1,0,heldout
pit,1,103,0.675,0.3,1,1,3,1,heldout
pit,1,109,0.675,0.3,1,0,1,0,heldout
pit,1,117,0.675,0.3,4,3,6,3,heldout
pit,1,124,0.675,0.3,2,0,0,0,heldout
pit,1,130,0.675,0.3,2,2,2,2,heldout
pit,1,131,0.675,0.3,8,5,7,5,heldout
pit,1,132,0.675,0.3,3,2,3,2,heldout
pit,1,135,0.675,0.3,6,2,5,2,heldout
pit,1,138,0.675,0.3,1,0,0,0,heldout
pit,1,140,0.675,0.3,4,3,4,3,heldout
pit,1,141,0.675,0.3,6,6,6,6,heldout
pit,1,143,0.675,0.3,2,1,1,1,heldout
pit,1,0,0.675,0.5,5,2,2,2,heldout
pit,1,1,0.675,0.5,1,0,2,0,heldout
pit,1,24,0.675,0.5,2,2,3,2,heldout
pit,1,29,0.675,0.5,1,0,0,0,heldout
pit,1,48,0.675,0.5,9,5,8,5,heldout
pit,1,50,0.675,0.5,10,7,10,7,heldout
pit,1,69,0.675,0.5,1,0,2,0,heldout
pit,1,70,0.675,0.5,4,2,3,2,heldout
pit,1,73,0.675,0.5,9,3,8,3,heldout
pit,1,76,0.675,0.5,8,5,7,5,heldout
pit,1,78,0.675,0.5,6,1,5,1,heldout
pit,1,81,0.675,0.5,1,0,0,0,heldout
pit,1,98,0.675,0.5,2,1,3,1,heldout
pit,1,100,0.675,0.5,1,0,1,0,heldout
pit,1,103,0.675,0.5,1,1,3,1,heldout
pit,1,109,0.675,0.5,1,0,1,0,heldout
pit,1,117,0.675,0.5,4,1,6,1,heldout
pit,1,124,0.675,0.5,2,0,0,0,heldout
pit,1,130,0.675,0.5,2,1,2,1,heldout
pit,1,131,0.675,0.5,8,5,7,5,heldout
pit,1,132,0.675,0.5,3,1,3,1,heldout
pit,1,135,0.675,0.5,6,1,5,1,heldout
pit,1,138,0.675,0.5,1,0,0,0,heldout
pit,1,140,0.675,0.5,4,2,4,2,heldout
pit,1,141,0.675,0.5,6,4,6,4,heldout
pit,1,143,0.675,0.5,2,1,1,1,heldout
pit,1,-1,0.7,0.3,71,48,72,48,val
pit,1,-1,0.7,0.5,71,35,72,35,val
pit,1,0,0.7,0.3,5,2,2,2,heldout
pit,1,1,0.7,0.3,1,0,2,0,heldout
pit,1,24,0.7,0.3,2,2,3,2,heldout
pit,1,29,0.7,0.3,1,0,0,0,heldout
pit,1,48,0.7,0.3,9,7,8,7,heldout
pit,1,50,0.7,0.3,10,8,9,8,heldout
pit,1,69,0.7,0.3,1,1,2,1,heldout
pit,1,70,0.7,0.3,4,2,3,2,heldout
pit,1,73,0.7,0.3,9,4,7,4,heldout
pit,1,76,0.7,0.3,8,6,7,6,heldout
pit,1,78,0.7,0.3,6,3,5,3,heldout
pit,1,81,0.7,0.3,1,0,0,0,heldout
pit,1,98,0.7,0.3,2,2,3,2,heldout
pit,1,100,0.7,0.3,1,0,0,0,heldout
pit,1,103,0.7,0.3,1,1,3,1,heldout
pit,1,109,0.7,0.3,1,0,0,0,heldout
pit,1,117,0.7,0.3,4,3,6,3,heldout
pit,1,124,0.7,0.3,2,0,0,0,heldout
pit,1,130,0.7,0.3,2,1,2,1,heldout
pit,1,131,0.7,0.3,8,5,7,5,heldout
pit,1,132,0.7,0.3,3,2,3,2,heldout
pit,1,135,0.7,0.3,6,2,4,2,heldout
pit,1,138,0.7,0.3,1,0,0,0,heldout
pit,1,140,0.7,0.3,4,2,4,2,heldout
pit,1,141,0.7,0.3,6,6,6,6,heldout
pit,1,143,0.7,0.3,2,1,1,1,heldout
pit,1,0,0.7,0.5,5,2,2,2,heldout
pit,1,1,0.7,0.5,1,0,2,0,heldout
pit,1,24,0.7,0.5,2,1,3,1,heldout
pit,1,29,0.7,0.5,1,0,0,0,heldout
pit,1,48,0.7,0.5,9,4,8,4,heldout
pit,1,50,0.7,0.5,10,6,9,6,heldout
pit,1,69,0.7,0.5,1,0,2,0,heldout
pit,1,70,0.7,0.5,4,2,3,2,heldout
pit,1,73,0.7,0.5,9,3,7,3,heldout
pit,1,76,0.7,0.5,8,5,7,5,heldout
pit,1,78,0.7,0.5,6,0,5,0,heldout
pit,1,81,0.7,0.5,1,0,0,0,heldout
pit,1,98,0.7,0.5,2,0,3,0,heldout
pit,1,100,0.7,0.5,1,0,0,0,heldout
pit,1,103,0.7,0.5,1,1,3,1,heldout
pit,1,109,0.7,0.5,1,0,0,0,heldout
pit,1,117,0.7,0.5,4,1,6,1,heldout
pit,1,124,0.7,0.5,2,0,0,0,heldout
pit,1,130,0.7,0.5,2,1,2,1,heldout
pit,1,131,0.7,0.5,8,5,7,5,heldout
pit,1,132,0.7,0.5,3,1,3,1,heldout
pit,1,135,0.7,0.5,6,1,4,1,heldout
pit,1,138,0.7,0.5,1,0,0,0,heldout
pit,1,140,0.7,0.5,4,1,4,1,heldout
pit,1,141,0.7,0.5,6,4,6,4,heldout
pit,1,143,0.7,0.5,2,1,1,1,heldout
pit,1,-1,0.725,0.3,71,42,64,42,val
pit,1,-1,0.725,0.5,71,28,64,28,val
pit,1,0,0.725,0.3,5,2,2,2,heldout
pit,1,1,0.725,0.3,1,0,2,0,heldout
pit,1,24,0.725,0.3,2,2,3,2,heldout
pit,1,29,0.725,0.3,1,0,0,0,heldout
pit,1,48,0.725,0.3,9,7,8,7,heldout
pit,1,50,0.725,0.3,10,7,9,7,heldout
pit,1,69,0.725,0.3,1,0,2,0,heldout
pit,1,70,0.725,0.3,4,2,3,2,heldout
pit,1,73,0.725,0.3,9,4,5,4,heldout
pit,1,76,0.725,0.3,8,5,7,5,heldout
pit,1,78,0.725,0.3,6,3,5,3,heldout
pit,1,81,0.725,0.3,1,0,0,0,heldout
pit,1,98,0.725,0.3,2,2,2,2,heldout
pit,1,100,0.725,0.3,1,0,0,0,heldout
pit,1,103,0.725,0.3,1,1,2,1,heldout
pit,1,109,0.725,0.3,1,0,0,0,heldout
pit,1,117,0.725,0.3,4,2,5,2,heldout
pit,1,124,0.725,0.3,2,0,0,0,heldout
pit,1,130,0.725,0.3,2,1,1,1,heldout
pit,1,131,0.725,0.3,8,5,6,5,heldout
pit,1,132,0.725,0.3,3,1,3,1,heldout
pit,1,135,0.725,0.3,6,2,4,2,heldout
pit,1,138,0.725,0.3,1,0,0,0,heldout
pit,1,140,0.725,0.3,4,2,4,2,heldout
pit,1,141,0.725,0.3,6,6,6,6,heldout
pit,1,143,0.725,0.3,2,1,1,1,heldout
pit,1,0,0.725,0.5,5,2,2,2,heldout
pit,1,1,0.725,0.5,1,0,2,0,heldout
pit,1,24,0.725,0.5,2,1,3,1,heldout
pit,1,29,0.725,0.5,1,0,0,0,heldout
pit,1,48,0.725,0.5,9,4,8,4,heldout
pit,1,50,0.725,0.5,10,6,9,6,heldout
pit,1,69,0.725,0.5,1,0,2,0,heldout
pit,1,70,0.725,0.5,4,2,3,2,heldout
pit,1,73,0.725,0.5,9,3,5,3,heldout
pit,1,76,0.725,0.5,8,4,7,4,heldout
pit,1,78,0.725,0.5,6,0,5,0,heldout
pit,1,81,0.725,0.5,1,0,0,0,heldout
pit,1,98,0.725,0.5,2,0,2,0,heldout
pit,1,100,0.725,0.5,1,0,0,0,heldout
pit,1,103,0.725,0.5,1,1,2,1,heldout
pit,1,109,0.725,0.5,1,0,0,0,heldout
pit,1,117,0.725,0.5,4,1,5,1,heldout
pit,1,124,0.725,0.5,2,0,0,0,heldout
pit,1,130,0.725,0.5,2,1,1,1,heldout
pit,1,131,0.725,0.5,8,4,6,4,heldout
pit,1,132,0.725,0.5,3,1,3,1,heldout
pit,1,135,0.725,0.5,6,1,4,1,heldout
pit,1,138,0.725,0.5,1,0,0,0,heldout
pit,1,140,0.725,0.5,4,1,4,1,heldout
pit,1,141,0.725,0.5,6,3,6,3,heldout
pit,1,143,0.725,0.5,2,1,1,1,heldout
pit,1,-1,0.75,0.3,71,39,59,39,val
pit,1,-1,0.75,0.5,71,23,59,23,val
pit,1,0,0.75,0.3,5,2,2,2,heldout
pit,1,1,0.75,0.3,1,0,2,0,heldout
pit,1,24,0.75,0.3,2,2,3,2,heldout
pit,1,29,0.75,0.3,1,0,0,0,heldout
pit,1,48,0.75,0.3,9,7,7,7,heldout
pit,1,50,0.75,0.3,10,6,9,6,heldout
pit,1,69,0.75,0.3,1,0,2,0,heldout
pit,1,70,0.75,0.3,4,2,3,2,heldout
pit,1,73,0.75,0.3,9,3,3,3,heldout
pit,1,76,0.75,0.3,8,5,7,5,heldout
pit,1,78,0.75,0.3,6,2,5,2,heldout
pit,1,81,0.75,0.3,1,0,0,0,heldout
pit,1,98,0.75,0.3,2,1,2,1,heldout
pit,1,100,0.75,0.3,1,0,0,0,heldout
pit,1,103,0.75,0.3,1,1,2,1,heldout
pit,1,109,0.75,0.3,1,0,0,0,heldout
pit,1,117,0.75,0.3,4,2,4,2,heldout
pit,1,124,0.75,0.3,2,0,0,0,heldout
pit,1,130,0.75,0.3,2,1,1,1,heldout
pit,1,131,0.75,0.3,8,4,6,4,heldout
pit,1,132,0.75,0.3,3,1,3,1,heldout
pit,1,135,0.75,0.3,6,2,4,2,heldout
pit,1,138,0.75,0.3,1,0,0,0,heldout
pit,1,140,0.75,0.3,4,2,4,2,heldout
pit,1,141,0.75,0.3,6,5,6,5,heldout
pit,1,143,0.75,0.3,2,1,1,1,heldout
pit,1,0,0.75,0.5,5,2,2,2,heldout
pit,1,1,0.75,0.5,1,0,2,0,heldout
pit,1,24,0.75,0.5,2,0,3,0,heldout
pit,1,29,0.75,0.5,1,0,0,0,heldout
pit,1,48,0.75,0.5,9,3,7,3,heldout
pit,1,50,0.75,0.5,10,5,9,5,heldout
pit,1,69,0.75,0.5,1,0,2,0,heldout
pit,1,70,0.75,0.5,4,1,3,1,heldout
pit,1,73,0.75,0.5,9,3,3,3,heldout
pit,1,76,0.75,0.5,8,4,7,4,heldout
pit,1,78,0.75,0.5,6,0,5,0,heldout
pit,1,81,0.75,0.5,1,0,0,0,heldout
pit,1,98,0.75,0.5,2,0,2,0,heldout
pit,1,100,0.75,0.5,1,0,0,0,heldout
pit,1,103,0.75,0.5,1,1,2,1,heldout
pit,1,109,0.75,0.5,1,0,0,0,heldout
pit,1,117,0.75,0.5,4,1,4,1,heldout
pit,1,124,0.75,0.5,2,0,0,0,heldout
pit,1,130,0.75,0.5,2,0,1,0,heldout
pit,1,131,0.75,0.5,8,3,6,3,heldout
pit,1,132,0.75,0.5,3,0,3,0,heldout
pit,1,135,0.75,0.5,6,1,4,1,heldout
pit,1,138,0.75,0.5,1,0,0,0,heldout
pit,1,140,0.75,0.5,4,1,4,1,heldout
pit,1,141,0.75,0.5,6,2,6,2,heldout
pit,1,143,0.75,0.5,2,1,1,1,heldout
pit,1,-1,0.775,0.3,71,35,58,35,val
pit,1,-1,0.775,0.5,71,16,58,16,val
pit,1,0,0.775,0.3,5,2,2,2,heldout
pit,1,1,0.775,0.3,1,0,2,0,heldout
pit,1,24,0.775,0.3,2,2,3,2,heldout
pit,1,29,0.775,0.3,1,0,0,0,heldout
pit,1,48,0.775,0.3,9,5,6,5,heldout
pit,1,50,0.775,0.3,10,6,8,6,heldout
pit,1,69,0.775,0.3,1,0,1,0,heldout
pit,1,70,0.775,0.3,4,2,3,2,heldout
pit,1,73,0.775,0.3,9,3,3,3,heldout
pit,1,76,0.775,0.3,8,5,7,5,heldout
pit,1,78,0.775,0.3,6,2,4,2,heldout
pit,1,81,0.775,0.3,1,0,0,0,heldout
pit,1,98,0.775,0.3,2,1,1,1,heldout
pit,1,100,0.775,0.3,1,0,0,0,heldout
pit,1,103,0.775,0.3,1,1,2,1,heldout
pit,1,109,0.775,0.3,1,0,0,0,heldout
pit,1,117,0.775,0.3,4,2,3,2,heldout
pit,1,124,0.775,0.3,2,0,0,0,heldout
pit,1,130,0.775,0.3,2,1,1,1,heldout
pit,1,131,0.775,0.3,8,4,4,4,heldout
pit,1,132,0.775,0.3,3,1,2,1,heldout
pit,1,135,0.775,0.3,6,1,4,1,heldout
pit,1,138,0.775,0.3,1,0,0,0,heldout
pit,1,140,0.775,0.3,4,1,4,1,heldout
pit,1,141,0.775,0.3,6,4,5,4,heldout
pit,1,143,0.775,0.3,2,1,1,1,heldout
pit,1,0,0.775,0.5,5,2,2,2,heldout
pit,1,1,0.775,0.5,1,0,2,0,heldout
pit,1,24,0.775,0.5,2,0,3,0,heldout
pit,1,29,0.775,0.5,1,0,0,0,heldout
pit,1,48,0.775,0.5,9,2,6,2,heldout
pit,1,50,0.775,0.5,10,5,8,5,heldout
pit,1,69,0.775,0.5,1,0,1,0,heldout
pit,1,70,0.775,0.5,4,0,3,0,heldout
pit,1,73,0.775,0.5,9,3,3,3,heldout
pit,1,76,0.775,0.5,8,3,7,3,heldout
pit,1,78,0.775,0.5,6,0,4,0,heldout
pit,1,81,0.775,0.5,1,0,0,0,heldout
pit,1,98,0.775,0.5,2,0,1,0,heldout
pit,1,100,0.775,0.5,1,0,0,0,heldout
pit,1,103,0.775,0.5,1,0,2,0,heldout
pit,1,109,0.775,0.5,1,0,0,0,heldout
pit,1,117,0.775,0.5,4,1,3,1,heldout
pit,1,124,0.775,0.5,2,0,0,0,heldout
pit,1,130,0.775,0.5,2,0,1,0,heldout
pit,1,131,0.775,0.5,8,2,4,2,heldout
pit,1,132,0.775,0.5,3,0,2,0,heldout
pit,1,135,0.775,0.5,6,1,4,1,heldout
pit,1,138,0.775,0.5,1,0,0,0,heldout
pit,1,140,0.775,0.5,4,1,4,1,heldout
pit,1,141,0.775,0.5,6,2,5,2,heldout
pit,1,143,0.775,0.5,2,1,1,1,heldout
pit,1,-1,0.8,0.3,71,31,51,31,val
pit,1,-1,0.8,0.5,71,11,51,11,val
pit,1,0,0.8,0.3,5,2,2,2,heldout
pit,1,1,0.8,0.3,1,0,1,0,heldout
pit,1,24,0.8,0.3,2,1,3,1,heldout
pit,1,29,0.8,0.3,1,0,0,0,heldout
pit,1,48,0.8,0.3,9,3,5,3,heldout
pit,1,50,0.8,0.3,10,6,8,6,heldout
pit,1,69,0.8,0.3,1,0,1,0,heldout
pit,1,70,0.8,0.3,4,2,3,2,heldout
pit,1,73,0.8,0.3,9,3,3,3,heldout
pit,1,76,0.8,0.3,8,5,7,5,heldout
pit,1,78,0.8,0.3,6,2,4,2,heldout
pit,1,81,0.8,0.3,1,0,0,0,heldout
pit,1,98,0.8,0.3,2,1,1,1,heldout
pit,1,100,0.8,0.3,1,0,0,0,heldout
pit,1,103,0.8,0.3,1,1,2,1,heldout
pit,1,109,0.8,0.3,1,0,0,0,heldout
pit,1,117,0.8,0.3,4,1,3,1,heldout
pit,1,124,0.8,0.3,2,0,0,0,heldout
pit,1,130,0.8,0.3,2,1,1,1,heldout
pit,1,131,0.8,0.3,8,4,4,4,heldout
pit,1,132,0.8,0.3,3,0,1,0,heldout
pit,1,135,0.8,0.3,6,1,4,1,heldout
pit,1,138,0.8,0.3,1,0,0,0,heldout
pit,1,140,0.8,0.3,4,1,1,1,heldout
pit,1,141,0.8,0.3,6,3,4,3,heldout
pit,1,143,0.8,0.3,2,1,1,1,heldout
pit,1,0,0.8,0.5,5,0,2,0,heldout
pit,1,1,0.8,0.5,1,0,1,0,heldout
pit,1,24,0.8,0.5,2,0,3,0,heldout
pit,1,29,0.8,0.5,1,0,0,0,heldout
pit,1,48,0.8,0.5,9,2,5,2,heldout
pit,1,50,0.8,0.5,10,5,8,5,heldout
pit,1,69,0.8,0.5,1,0,1,0,heldout
pit,1,70,0.8,0.5,4,0,3,0,heldout
pit,1,73,0.8,0.5,9,2,3,2,heldout
pit,1,76,0.8,0.5,8,2,7,2,heldout
pit,1,78,0.8,0.5,6,0,4,0,heldout
pit,1,81,0.8,0.5,1,0,0,0,heldout
pit,1,98,0.8,0.5,2,0,1,0,heldout
pit,1,100,0.8,0.5,1,0,0,0,heldout
pit,1,103,0.8,0.5,1,0,2,0,heldout
pit,1,109,0.8,0.5,1,0,0,0,heldout
pit,1,117,0.8,0.5,4,1,3,1,heldout
pit,1,124,0.8,0.5,2,0,0,0,heldout
pit,1,130,0.8,0.5,2,0,1,0,heldout
pit,1,131,0.8,0.5,8,2,4,2,heldout
pit,1,132,0.8,0.5,3,0,1,0,heldout
pit,1,135,0.8,0.5,6,0,4,0,heldout
pit,1,138,0.8,0.5,1,0,0,0,heldout
pit,1,140,0.8,0.5,4,1,1,1,heldout
pit,1,141,0.8,0.5,6,2,4,2,heldout
pit,1,143,0.8,0.5,2,1,1,1,heldout
pit,1,-1,0.825,0.3,71,19,37,19,val
pit,1,-1,0.825,0.5,71,6,37,6,val
pit,1,0,0.825,0.3,5,2,2,2,heldout
pit,1,1,0.825,0.3,1,0,0,0,heldout
pit,1,24,0.825,0.3,2,1,1,1,heldout
pit,1,29,0.825,0.3,1,0,0,0,heldout
pit,1,48,0.825,0.3,9,2,4,2,heldout
pit,1,50,0.825,0.3,10,5,7,5,heldout
pit,1,69,0.825,0.3,1,0,1,0,heldout
pit,1,70,0.825,0.3,4,2,2,2,heldout
pit,1,73,0.825,0.3,9,3,3,3,heldout
pit,1,76,0.825,0.3,8,5,6,5,heldout
pit,1,78,0.825,0.3,6,0,4,0,heldout
pit,1,81,0.825,0.3,1,0,0,0,heldout
pit,1,98,0.825,0.3,2,1,1,1,heldout
pit,1,100,0.825,0.3,1,0,0,0,heldout
pit,1,103,0.825,0.3,1,0,1,0,heldout
pit,1,109,0.825,0.3,1,0,0,0,heldout
pit,1,117,0.825,0.3,4,1,3,1,heldout
pit,1,124,0.825,0.3,2,0,0,0,heldout
pit,1,130,0.825,0.3,2,1,1,1,heldout
pit,1,131,0.825,0.3,8,4,4,4,heldout
pit,1,132,0.825,0.3,3,0,0,0,heldout
pit,1,135,0.825,0.3,6,1,3,1,heldout
pit,1,138,0.825,0.3,1,0,0,0,heldout
pit,1,140,0.825,0.3,4,1,1,1,heldout
pit,1,141,0.825,0.3,6,2,3,2,heldout
pit,1,143,0.825,0.3,2,1,1,1,heldout
pit,1,0,0.825,0.5,5,0,2,0,heldout
pit,1,1,0.825,0.5,1,0,0,0,heldout
pit,1,24,0.825,0.5,2,0,1,0,heldout
pit,1,29,0.825,0.5,1,0,0,0,heldout
pit,1,48,0.825,0.5,9,2,4,2,heldout
pit,1,50,0.825,0.5,10,5,7,5,heldout
pit,1,69,0.825,0.5,1,0,1,0,heldout
pit,1,70,0.825,0.5,4,0,2,0,heldout
pit,1,73,0.825,0.5,9,1,3,1,heldout
pit,1,76,0.825,0.5,8,1,6,1,heldout
pit,1,78,0.825,0.5,6,0,4,0,heldout
pit,1,81,0.825,0.5,1,0,0,0,heldout
pit,1,98,0.825,0.5,2,0,1,0,heldout
pit,1,100,0.825,0.5,1,0,0,0,heldout
pit,1,103,0.825,0.5,1,0,1,0,heldout
pit,1,109,0.825,0.5,1,0,0,0,heldout
pit,1,117,0.825,0.5,4,0,3,0,heldout
pit,1,124,0.825,0.5,2,0,0,0,heldout
pit,1,130,0.825,0.5,2,0,1,0,heldout
pit,1,131,0.825,0.5,8,2,4,2,heldout
pit,1,132,0.825,0.5,3,0,0,0,heldout
pit,1,135,0.825,0.5,6,0,3,0,heldout
pit,1,138,0.825,0.5,1,0,0,0,heldout
pit,1,140,0.825,0.5,4,1,1,1,heldout
pit,1,141,0.825,0.5,6,0,3,0,heldout
pit,1,143,0.825,0.5,2,1,1,1,heldout
pit,1,-1,0.85,0.3,71,16,29,16,val
pit,1,-1,0.85,0.5,71,3,29,3,val
pit,1,0,0.85,0.3,5,1,1,1,heldout
pit,1,1,0.85,0.3,1,0,0,0,heldout
pit,1,24,0.85,0.3,2,0,0,0,heldout
pit,1,29,0.85,0.3,1,0,0,0,heldout
pit,1,48,0.85,0.3,9,2,3,2,heldout
pit,1,50,0.85,0.3,10,5,5,5,heldout
pit,1,69,0.85,0.3,1,0,1,0,heldout
pit,1,70,0.85,0.3,4,0,2,0,heldout
pit,1,73,0.85,0.3,9,3,3,3,heldout
pit,1,76,0.85,0.3,8,5,6,5,heldout
pit,1,78,0.85,0.3,6,0,2,0,heldout
pit,1,81,0.85,0.3,1,0,0,0,heldout
pit,1,98,0.85,0.3,2,0,1,0,heldout
pit,1,100,0.85,0.3,1,0,0,0,heldout
pit,1,103,0.85,0.3,1,0,0,0,heldout
pit,1,109,0.85,0.3,1,0,0,0,heldout
pit,1,117,0.85,0.3,4,1,2,1,heldout
pit,1,124,0.85,0.3,2,0,0,0,heldout
pit,1,130,0.85,0.3,2,0,0,0,heldout
pit,1,131,0.85,0.3,8,2,4,2,heldout
pit,1,132,0.85,0.3,3,0,0,0,heldout
pit,1,135,0.85,0.3,6,1,2,1,heldout
pit,1,138,0.85,0.3,1,0,0,0,heldout
pit,1,140,0.85,0.3,4,1,1,1,heldout
pit,1,141,0.85,0.3,6,2,2,2,heldout
pit,1,143,0.85,0.3,2,1,1,1,heldout
pit,1,0,0.85,0.5,5,0,1,0,heldout
pit,1,1,0.85,0.5,1,0,0,0,heldout
pit,1,24,0.85,0.5,2,0,0,0,heldout
pit,1,29,0.85,0.5,1,0,0,0,heldout
pit,1,48,0.85,0.5,9,1,3,1,heldout
pit,1,50,0.85,0.5,10,2,5,2,heldout
pit,1,69,0.85,0.5,1,0,1,0,heldout
pit,1,70,0.85,0.5,4,0,2,0,heldout
pit,1,73,0.85,0.5,9,1,3,1,heldout
pit,1,76,0.85,0.5,8,0,6,0,heldout
pit,1,78,0.85,0.5,6,0,2,0,heldout
pit,1,81,0.85,0.5,1,0,0,0,heldout
pit,1,98,0.85,0.5,2,0,1,0,heldout
pit,1,100,0.85,0.5,1,0,0,0,heldout
pit,1,103,0.85,0.5,1,0,0,0,heldout
pit,1,109,0.85,0.5,1,0,0,0,heldout
pit,1,117,0.85,0.5,4,0,2,0,heldout
pit,1,124,0.85,0.5,2,0,0,0,heldout
pit,1,130,0.85,0.5,2,0,0,0,heldout
pit,1,131,0.85,0.5,8,0,4,0,heldout
pit,1,132,0.85,0.5,3,0,0,0,heldout
pit,1,135,0.85,0.5,6,0,2,0,heldout
pit,1,138,0.85,0.5,1,0,0,0,heldout
pit,1,140,0.85,0.5,4,0,1,0,heldout
pit,1,141,0.85,0.5,6,0,2,0,heldout
pit,1,143,0.85,0.5,2,1,1,1,heldout
pit,1,-1,0.875,0.3,71,10,20,10,val
pit,1,-1,0.875,0.5,71,1,20,1,val
pit,1,0,0.875,0.3,5,0,1,0,heldout
pit,1,1,0.875,0.3,1,0,0,0,heldout
pit,1,24,0.875,0.3,2,0,0,0,heldout
pit,1,29,0.875,0.3,1,0,0,0,heldout
pit,1,48,0.875,0.3,9,2,2,2,heldout
pit,1,50,0.875,0.3,10,4,5,4,heldout
pit,1,69,0.875,0.3,1,0,1,0,heldout
pit,1,70,0.875,0.3,4,0,0,0,heldout
pit,1,73,0.875,0.3,9,3,3,3,heldout
pit,1,76,0.875,0.3,8,3,6,3,heldout
pit,1,78,0.875,0.3,6,0,2,0,heldout
pit,1,81,0.875,0.3,1,0,0,0,heldout
pit,1,98,0.875,0.3,2,0,1,0,heldout
pit,1,100,0.875,0.3,1,0,0,0,heldout
pit,1,103,0.875,0.3,1,0,0,0,heldout
pit,1,109,0.875,0.3,1,0,0,0,heldout
pit,1,117,0.875,0.3,4,1,2,1,heldout
pit,1,124,0.875,0.3,2,0,0,0,heldout
pit,1,130,0.875,0.3,2,0,0,0,heldout
pit,1,131,0.875,0.3,8,2,3,2,heldout
pit,1,132,0.875,0.3,3,0,0,0,heldout
pit,1,135,0.875,0.3,6,1,2,1,heldout
pit,1,138,0.875,0.3,1,0,0,0,heldout
pit,1,140,0.875,0.3,4,1,1,1,heldout
pit,1,141,0.875,0.3,6,2,2,2,heldout
pit,1,143,0.875,0.3,2,1,1,1,heldout
pit,1,0,0.875,0.5,5,0,1,0,heldout
pit,1,1,0.875,0.5,1,0,0,0,heldout
pit,1,24,0.875,0.5,2,0,0,0,heldout
pit,1,29,0.875,0.5,1,0,0,0,heldout
pit,1,48,0.875,0.5,9,1,2,1,heldout
pit,1,50,0.875,0.5,10,1,5,1,heldout
pit,1,69,0.875,0.5,1,0,1,0,heldout
pit,1,70,0.875,0.5,4,0,0,0,heldout
pit,1,73,0.875,0.5,9,1,3,1,heldout
pit,1,76,0.875,0.5,8,0,6,0,heldout
pit,1,78,0.875,0.5,6,0,2,0,heldout
pit,1,81,0.875,0.5,1,0,0,0,heldout
pit,1,98,0.875,0.5,2,0,1,0,heldout
pit,1,100,0.875,0.5,1,0,0,0,heldout
pit,1,103,0.875,0.5,1,0,0,0,heldout
pit,1,109,0.875,0.5,1,0,0,0,heldout
pit,1,117,0.875,0.5,4,0,2,0,heldout
pit,1,124,0.875,0.5,2,0,0,0,heldout
pit,1,130,0.875,0.5,2,0,0,0,heldout
pit,1,131,0.875,0.5,8,0,3,0,heldout
pit,1,132,0.875,0.5,3,0,0,0,heldout
pit,1,135,0.875,0.5,6,0,2,0,heldout
pit,1,138,0.875,0.5,1,0,0,0,heldout
pit,1,140,0.875,0.5,4,0,1,0,heldout
pit,1,141,0.875,0.5,6,0,2,0,heldout
pit,1,143,0.875,0.5,2,0,1,0,heldout
pit,1,-1,0.9,0.3,71,6,11,6,val
pit,1,-1,0.9,0.5,71,0,11,0,val
pit,1,0,0.9,0.3,5,0,0,0,heldout
pit,1,1,0.9,0.3,1,0,0,0,heldout
pit,1,24,0.9,0.3,2,0,0,0,heldout
pit,1,29,0.9,0.3,1,0,0,0,heldout
pit,1,48,0.9,0.3,9,1,2,1,heldout
pit,1,50,0.9,0.3,10,4,4,4,heldout
pit,1,69,0.9,0.3,1,0,1,0,heldout
pit,1,70,0.9,0.3,4,0,0,0,heldout
pit,1,73,0.9,0.3,9,1,2,1,heldout
pit,1,76,0.9,0.3,8,2,5,2,heldout
pit,1,78,0.9,0.3,6,0,1,0,heldout
pit,1,81,0.9,0.3,1,0,0,0,heldout
pit,1,98,0.9,0.3,2,0,0,0,heldout
pit,1,100,0.9,0.3,1,0,0,0,heldout
pit,1,103,0.9,0.3,1,0,0,0,heldout
pit,1,109,0.9,0.3,1,0,0,0,heldout
pit,1,117,0.9,0.3,4,0,2,0,heldout
pit,1,124,0.9,0.3,2,0,0,0,heldout
pit,1,130,0.9,0.3,2,0,0,0,heldout
pit,1,131,0.9,0.3,8,0,0,0,heldout
pit,1,132,0.9,0.3,3,0,0,0,heldout
pit,1,135,0.9,0.3,6,0,2,0,heldout
pit,1,138,0.9,0.3,1,0,0,0,heldout
pit,1,140,0.9,0.3,4,1,1,1,heldout
pit,1,141,0.9,0.3,6,1,2,1,heldout
pit,1,143,0.9,0.3,2,0,1,0,heldout
pit,1,0,0.9,0.5,5,0,0,0,heldout
pit,1,1,0.9,0.5,1,0,0,0,heldout
pit,1,24,0.9,0.5,2,0,0,0,heldout
pit,1,29,0.9,0.5,1,0,0,0,heldout
pit,1,48,0.9,0.5,9,0,2,0,heldout
pit,1,50,0.9,0.5,10,0,4,0,heldout
pit,1,69,0.9,0.5,1,0,1,0,heldout
pit,1,70,0.9,0.5,4,0,0,0,heldout
pit,1,73,0.9,0.5,9,0,2,0,heldout
pit,1,76,0.9,0.5,8,0,5,0,heldout
pit,1,78,0.9,0.5,6,0,1,0,heldout
pit,1,81,0.9,0.5,1,0,0,0,heldout
pit,1,98,0.9,0.5,2,0,0,0,heldout
pit,1,100,0.9,0.5,1,0,0,0,heldout
pit,1,103,0.9,0.5,1,0,0,0,heldout
pit,1,109,0.9,0.5,1,0,0,0,heldout
pit,1,117,0.9,0.5,4,0,2,0,heldout
pit,1,124,0.9,0.5,2,0,0,0,heldout
pit,1,130,0.9,0.5,2,0,0,0,heldout
pit,1,131,0.9,0.5,8,0,0,0,heldout
pit,1,132,0.9,0.5,3,0,0,0,heldout
pit,1,135,0.9,0.5,6,0,2,0,heldout
pit,1,138,0.9,0.5,1,0,0,0,heldout
pit,1,140,0.9,0.5,4,0,1,0,heldout
pit,1,141,0.9,0.5,6,0,2,0,heldout
pit,1,143,0.9,0.5,2,0,1,0,heldout
pit,1,-1,0.925,0.3,71,3,6,3,val
pit,1,-1,0.925,0.5,71,0,6,0,val
pit,1,0,0.925,0.3,5,0,0,0,heldout
pit,1,1,0.925,0.3,1,0,0,0,heldout
pit,1,24,0.925,0.3,2,0,0,0,heldout
pit,1,29,0.925,0.3,1,0,0,0,heldout
pit,1,48,0.925,0.3,9,0,1,0,heldout
pit,1,50,0.925,0.3,10,0,2,0,heldout
pit,1,69,0.925,0.3,1,0,0,0,heldout
pit,1,70,0.925,0.3,4,0,0,0,heldout
pit,1,73,0.925,0.3,9,0,1,0,heldout
pit,1,76,0.925,0.3,8,0,3,0,heldout
pit,1,78,0.925,0.3,6,0,0,0,heldout
pit,1,81,0.925,0.3,1,0,0,0,heldout
pit,1,98,0.925,0.3,2,0,0,0,heldout
pit,1,100,0.925,0.3,1,0,0,0,heldout
pit,1,103,0.925,0.3,1,0,0,0,heldout
pit,1,109,0.925,0.3,1,0,0,0,heldout
pit,1,117,0.925,0.3,4,0,1,0,heldout
pit,1,124,0.925,0.3,2,0,0,0,heldout
pit,1,130,0.925,0.3,2,0,0,0,heldout
pit,1,131,0.925,0.3,8,0,0,0,heldout
pit,1,132,0.925,0.3,3,0,0,0,heldout
pit,1,135,0.925,0.3,6,0,0,0,heldout
pit,1,138,0.925,0.3,1,0,0,0,heldout
pit,1,140,0.925,0.3,4,0,1,0,heldout
pit,1,141,0.925,0.3,6,0,1,0,heldout
pit,1,143,0.925,0.3,2,0,0,0,heldout
pit,1,0,0.925,0.5,5,0,0,0,heldout
pit,1,1,0.925,0.5,1,0,0,0,heldout
pit,1,24,0.925,0.5,2,0,0,0,heldout
pit,1,29,0.925,0.5,1,0,0,0,heldout
pit,1,48,0.925,0.5,9,0,1,0,heldout
pit,1,50,0.925,0.5,10,0,2,0,heldout
pit,1,69,0.925,0.5,1,0,0,0,heldout
pit,1,70,0.925,0.5,4,0,0,0,heldout
pit,1,73,0.925,0.5,9,0,1,0,heldout
pit,1,76,0.925,0.5,8,0,3,0,heldout
pit,1,78,0.925,0.5,6,0,0,0,heldout
pit,1,81,0.925,0.5,1,0,0,0,heldout
pit,1,98,0.925,0.5,2,0,0,0,heldout
pit,1,100,0.925,0.5,1,0,0,0,heldout
pit,1,103,0.925,0.5,1,0,0,0,heldout
pit,1,109,0.925,0.5,1,0,0,0,heldout
pit,1,117,0.925,0.5,4,0,1,0,heldout
pit,1,124,0.925,0.5,2,0,0,0,heldout
pit,1,130,0.925,0.5,2,0,0,0,heldout
pit,1,131,0.925,0.5,8,0,0,0,heldout
pit,1,132,0.925,0.5,3,0,0,0,heldout
pit,1,135,0.925,0.5,6,0,0,0,heldout
pit,1,138,0.925,0.5,1,0,0,0,heldout
pit,1,140,0.925,0.5,4,0,1,0,heldout
pit,1,141,0.925,0.5,6,0,1,0,heldout
pit,1,143,0.925,0.5,2,0,0,0,heldout
pit,1,-1,0.95,0.3,71,0,2,0,val
pit,1,-1,0.95,0.5,71,0,2,0,val
pit,1,0,0.95,0.3,5,0,0,0,heldout
pit,1,1,0.95,0.3,1,0,0,0,heldout
pit,1,24,0.95,0.3,2,0,0,0,heldout
pit,1,29,0.95,0.3,1,0,0,0,heldout
pit,1,48,0.95,0.3,9,0,0,0,heldout
pit,1,50,0.95,0.3,10,0,0,0,heldout
pit,1,69,0.95,0.3,1,0,0,0,heldout
pit,1,70,0.95,0.3,4,0,0,0,heldout
pit,1,73,0.95,0.3,9,0,0,0,heldout
pit,1,76,0.95,0.3,8,0,1,0,heldout
pit,1,78,0.95,0.3,6,0,0,0,heldout
pit,1,81,0.95,0.3,1,0,0,0,heldout
pit,1,98,0.95,0.3,2,0,0,0,heldout
pit,1,100,0.95,0.3,1,0,0,0,heldout
pit,1,103,0.95,0.3,1,0,0,0,heldout
pit,1,109,0.95,0.3,1,0,0,0,heldout
pit,1,117,0.95,0.3,4,0,0,0,heldout
pit,1,124,0.95,0.3,2,0,0,0,heldout
pit,1,130,0.95,0.3,2,0,0,0,heldout
pit,1,131,0.95,0.3,8,0,0,0,heldout
pit,1,132,0.95,0.3,3,0,0,0,heldout
pit,1,135,0.95,0.3,6,0,0,0,heldout
pit,1,138,0.95,0.3,1,0,0,0,heldout
pit,1,140,0.95,0.3,4,0,0,0,heldout
pit,1,141,0.95,0.3,6,0,1,0,heldout
pit,1,143,0.95,0.3,2,0,0,0,heldout
pit,1,0,0.95,0.5,5,0,0,0,heldout
pit,1,1,0.95,0.5,1,0,0,0,heldout
pit,1,24,0.95,0.5,2,0,0,0,heldout
pit,1,29,0.95,0.5,1,0,0,0,heldout
pit,1,48,0.95,0.5,9,0,0,0,heldout
pit,1,50,0.95,0.5,10,0,0,0,heldout
pit,1,69,0.95,0.5,1,0,0,0,heldout
pit,1,70,0.95,0.5,4,0,0,0,heldout
pit,1,73,0.95,0.5,9,0,0,0,heldout
pit,1,76,0.95,0.5,8,0,1,0,heldout
pit,1,78,0.95,0.5,6,0,0,0,heldout
pit,1,81,0.95,0.5,1,0,0,0,heldout
pit,1,98,0.95,0.5,2,0,0,0,heldout
pit,1,100,0.95,0.5,1,0,0,0,heldout
pit,1,103,0.95,0.5,1,0,0,0,heldout
pit,1,109,0.95,0.5,1,0,0,0,heldout
pit,1,117,0.95,0.5,4,0,0,0,heldout
pit,1,124,0.95,0.5,2,0,0,0,heldout
pit,1,130,0.95,0.5,2,0,0,0,heldout
pit,1,131,0.95,0.5,8,0,0,0,heldout
pit,1,132,0.95,0.5,3,0,0,0,heldout
pit,1,135,0.95,0.5,6,0,0,0,heldout
pit,1,138,0.95,0.5,1,0,0,0,heldout
pit,1,140,0.95,0.5,4,0,0,0,heldout
pit,1,141,0.95,0.5,6,0,1,0,heldout
pit,1,143,0.95,0.5,2,0,0,0,heldout
pit,2,-1,0.05,0.3,63,24,572,24,val
pit,2,-1,0.05,0.5,63,1,572,1,val
pit,2,5,0.05,0.3,1,1,38,1,heldout
pit,2,13,0.05,0.3,5,2,42,2,heldout
pit,2,15,0.05,0.3,5,2,42,2,heldout
pit,2,20,0.05,0.3,3,3,45,3,heldout
pit,2,21,0.05,0.3,1,1,13,1,heldout
pit,2,25,0.05,0.3,5,2,30,2,heldout
pit,2,26,0.05,0.3,1,1,40,1,heldout
pit,2,42,0.05,0.3,3,1,31,1,heldout
pit,2,43,0.05,0.3,5,2,22,2,heldout
pit,2,64,0.05,0.3,8,4,50,4,heldout
pit,2,66,0.05,0.3,8,3,45,3,heldout
pit,2,67,0.05,0.3,7,6,54,6,heldout
pit,2,74,0.05,0.3,8,5,28,5,heldout
pit,2,77,0.05,0.3,8,5,26,5,heldout
pit,2,83,0.05,0.3,7,1,53,1,heldout
pit,2,105,0.05,0.3,3,0,25,0,heldout
pit,2,116,0.05,0.3,9,2,27,2,heldout
pit,2,118,0.05,0.3,5,1,33,1,heldout
pit,2,120,0.05,0.3,5,0,43,0,heldout
pit,2,137,0.05,0.3,2,1,28,1,heldout
pit,2,5,0.05,0.5,1,1,38,1,heldout
pit,2,13,0.05,0.5,5,0,42,0,heldout
pit,2,15,0.05,0.5,5,0,42,0,heldout
pit,2,20,0.05,0.5,3,3,45,3,heldout
pit,2,21,0.05,0.5,1,1,13,1,heldout
pit,2,25,0.05,0.5,5,2,30,2,heldout
pit,2,26,0.05,0.5,1,1,40,1,heldout
pit,2,42,0.05,0.5,3,0,31,0,heldout
pit,2,43,0.05,0.5,5,2,22,2,heldout
pit,2,64,0.05,0.5,8,0,50,0,heldout
pit,2,66,0.05,0.5,8,1,45,1,heldout
pit,2,67,0.05,0.5,7,1,54,1,heldout
pit,2,74,0.05,0.5,8,0,28,0,heldout
pit,2,77,0.05,0.5,8,1,26,1,heldout
pit,2,83,0.05,0.5,7,0,53,0,heldout
pit,2,105,0.05,0.5,3,0,25,0,heldout
pit,2,116,0.05,0.5,9,0,27,0,heldout
pit,2,118,0.05,0.5,5,0,33,0,heldout
pit,2,120,0.05,0.5,5,0,43,0,heldout
pit,2,137,0.05,0.5,2,0,28,0,heldout
pit,2,-1,0.075,0.3,63,26,326,26,val
pit,2,-1,0.075,0.5,63,3,326,3,val
pit,2,5,0.075,0.3,1,1,15,1,heldout
pit,2,13,0.075,0.3,5,3,27,3,heldout
pit,2,15,0.075,0.3,5,2,23,2,heldout
pit,2,20,0.075,0.3,3,3,18,3,heldout
pit,2,21,0.075,0.3,1,1,6,1,heldout
pit,2,25,0.075,0.3,5,2,21,2,heldout
pit,2,26,0.075,0.3,1,1,22,1,heldout
pit,2,42,0.075,0.3,3,1,12,1,heldout
pit,2,43,0.075,0.3,5,2,15,2,heldout
pit,2,64,0.075,0.3,8,5,27,5,heldout
pit,2,66,0.075,0.3,8,4,24,4,heldout
pit,2,67,0.075,0.3,7,7,27,7,heldout
pit,2,74,0.075,0.3,8,7,19,7,heldout
pit,2,77,0.075,0.3,8,6,21,6,heldout
pit,2,83,0.075,0.3,7,1,21,1,heldout
pit,2,105,0.075,0.3,3,0,16,0,heldout
pit,2,116,0.075,0.3,9,2,17,2,heldout
pit,2,118,0.075,0.3,5,1,16,1,heldout
pit,2,120,0.075,0.3,5,0,28,0,heldout
pit,2,137,0.075,0.3,2,1,15,1,heldout
pit,2,5,0.075,0.5,1,1,15,1,heldout
pit,2,13,0.075,0.5,5,0,27,0,heldout
pit,2,15,0.075,0.5,5,0,23,0,heldout
pit,2,20,0.075,0.5,3,3,18,3,heldout
pit,2,21,0.075,0.5,1,1,6,1,heldout
pit,2,25,0.075,0.5,5,2,21,2,heldout
pit,2,26,0.075,0.5,1,1,22,1,heldout
pit,2,42,0.075,0.5,3,0,12,0,heldout
pit,2,43,0.075,0.5,5,2,15,2,heldout
pit,2,64,0.075,0.5,8,0,27,0,heldout
pit,2,66,0.075,0.5,8,1,24,1,heldout
pit,2,67,0.075,0.5,7,1,27,1,heldout
pit,2,74,0.075,0.5,8,0,19,0,heldout
pit,2,77,0.075,0.5,8,1,21,1,heldout
pit,2,83,0.075,0.5,7,0,21,0,heldout
pit,2,105,0.075,0.5,3,0,16,0,heldout
pit,2,116,0.075,0.5,9,0,17,0,heldout
pit,2,118,0.075,0.5,5,0,16,0,heldout
pit,2,120,0.075,0.5,5,0,28,0,heldout
pit,2,137,0.075,0.5,2,0,15,0,heldout
pit,2,-1,0.1,0.3,63,30,256,30,val
pit,2,-1,0.1,0.5,63,3,256,3,val
pit,2,5,0.1,0.3,1,1,14,1,heldout
pit,2,13,0.1,0.3,5,3,22,3,heldout
pit,2,15,0.1,0.3,5,3,21,3,heldout
pit,2,20,0.1,0.3,3,3,11,3,heldout
pit,2,21,0.1,0.3,1,1,4,1,heldout
pit,2,25,0.1,0.3,5,2,21,2,heldout
pit,2,26,0.1,0.3,1,1,19,1,heldout
pit,2,42,0.1,0.3,3,2,11,2,heldout
pit,2,43,0.1,0.3,5,2,14,2,heldout
pit,2,64,0.1,0.3,8,7,19,7,heldout
pit,2,66,0.1,0.3,8,7,19,7,heldout
pit,2,67,0.1,0.3,7,7,19,7,heldout
pit,2,74,0.1,0.3,8,7,17,7,heldout
pit,2,77,0.1,0.3,8,7,20,7,heldout
pit,2,83,0.1,0.3,7,2,18,2,heldout
pit,2,105,0.1,0.3,3,1,13,1,heldout
pit,2,116,0.1,0.3,9,3,15,3,heldout
pit,2,118,0.1,0.3,5,1,12,1,heldout
pit,2,120,0.1,0.3,5,0,23,0,heldout
pit,2,137,0.1,0.3,2,1,13,1,heldout
pit,2,5,0.1,0.5,1,1,14,1,heldout
pit,2,13,0.1,0.5,5,1,22,1,heldout
pit,2,15,0.1,0.5,5,0,21,0,heldout
pit,2,20,0.1,0.5,3,3,11,3,heldout
pit,2,21,0.1,0.5,1,1,4,1,heldout
pit,2,25,0.1,0.5,5,2,21,2,heldout
pit,2,26,0.1,0.5,1,1,19,1,heldout
pit,2,42,0.1,0.5,3,1,11,1,heldout
pit,2,43,0.1,0.5,5,2,14,2,heldout
pit,2,64,0.1,0.5,8,0,19,0,heldout
pit,2,66,0.1,0.5,8,1,19,1,heldout
pit,2,67,0.1,0.5,7,1,19,1,heldout
pit,2,74,0.1,0.5,8,2,17,2,heldout
pit,2,77,0.1,0.5,8,1,20,1,heldout
pit,2,83,0.1,0.5,7,0,18,0,heldout
pit,2,105,0.1,0.5,3,0,13,0,heldout
pit,2,116,0.1,0.5,9,0,15,0,heldout
pit,2,118,0.1,0.5,5,1,12,1,heldout
pit,2,120,0.1,0.5,5,0,23,0,heldout
pit,2,137,0.1,0.5,2,0,13,0,heldout
pit,2,-1,0.125,0.3,63,36,205,36,val
pit,2,-1,0.125,0.5,63,5,205,5,val
pit,2,5,0.125,0.3,1,1,10,1,heldout
pit,2,13,0.125,0.3,5,4,18,4,heldout
pit,2,15,0.125,0.3,5,4,18,4,heldout
pit,2,20,0.125,0.3,3,3,7,3,heldout
pit,2,21,0.125,0.3,1,1,3,1,heldout
pit,2,25,0.125,0.3,5,3,21,3,heldout
pit,2,26,0.125,0.3,1,1,19,1,heldout
pit,2,42,0.125,0.3,3,2,9,2,heldout
pit,2,43,0.125,0.3,5,4,11,4,heldout
pit,2,64,0.125,0.3,8,7,15,7,heldout
pit,2,66,0.125,0.3,8,7,16,7,heldout
pit,2,67,0.125,0.3,7,7,17,7,heldout
pit,2,74,0.125,0.3,8,7,13,7,heldout
pit,2,77,0.125,0.3,8,8,18,8,heldout
pit,2,83,0.125,0.3,7,2,14,2,heldout
pit,2,105,0.125,0.3,3,1,13,1,heldout
pit,2,116,0.125,0.3,9,5,15,5,heldout
pit,2,118,0.125,0.3,5,3,10,3,heldout
pit,2,120,0.125,0.3,5,0,19,0,heldout
pit,2,137,0.125,0.3,2,1,10,1,heldout
pit,2,5,0.125,0.5,1,1,10,1,heldout
pit,2,13,0.125,0.5,5,1,18,1,heldout
pit,2,15,0.125,0.5,5,1,18,1,heldout
pit,2,20,0.125,0.5,3,3,7,3,heldout
pit,2,21,0.125,0.5,1,1,3,1,heldout
pit,2,25,0.125,0.5,5,2,21,2,heldout
pit,2,26,0.125,0.5,1,1,19,1,heldout
pit,2,42,0.125,0.5,3,1,9,1,heldout
pit,2,43,0.125,0.5,5,2,11,2,heldout
pit,2,64,0.125,0.5,8,1,15,1,heldout
pit,2,66,0.125,0.5,8,2,16,2,heldout
pit,2,67,0.125,0.5,7,1,17,1,heldout
pit,2,74,0.125,0.5,8,2,13,2,heldout
pit,2,77,0.125,0.5,8,2,18,2,heldout
pit,2,83,0.125,0.5,7,0,14,0,heldout
pit,2,105,0.125,0.5,3,0,13,0,heldout
pit,2,116,0.125,0.5,9,0,15,0,heldout
pit,2,118,0.125,0.5,5,1,10,1,heldout
pit,2,120,0.125,0.5,5,0,19,0,heldout
pit,2,137,0.125,0.5,2,0,10,0,heldout
pit,2,-1,0.15,0.3,63,43,190,43,val
pit,2,-1,0.15,0.5,63,6,190,6,val
pit,2,5,0.15,0.3,1,1,5,1,heldout
pit,2,13,0.15,0.3,5,4,17,4,heldout
pit,2,15,0.15,0.3,5,4,15,4,heldout
pit,2,20,0.15,0.3,3,3,6,3,heldout
pit,2,21,0.15,0.3,1,1,2,1,heldout
pit,2,25,0.15,0.3,5,5,16,5,heldout
pit,2,26,0.15,0.3,1,1,15,1,heldout
pit,2,42,0.15,0.3,3,2,6,2,heldout
pit,2,43,0.15,0.3,5,5,11,5,heldout
pit,2,64,0.15,0.3,8,8,16,8,heldout
pit,2,66,0.15,0.3,8,7,15,7,heldout
pit,2,67,0.15,0.3,7,7,16,7,heldout
pit,2,74,0.15,0.3,8,7,12,7,heldout
pit,2,77,0.15,0.3,8,8,16,8,heldout
pit,2,83,0.15,0.3,7,3,12,3,heldout
pit,2,105,0.15,0.3,3,2,10,2,heldout
pit,2,116,0.15,0.3,9,6,13,6,heldout
pit,2,118,0.15,0.3,5,3,11,3,heldout
pit,2,120,0.15,0.3,5,2,18,2,heldout
pit,2,137,0.15,0.3,2,1,10,1,heldout
pit,2,5,0.15,0.5,1,1,5,1,heldout
pit,2,13,0.15,0.5,5,1,17,1,heldout
pit,2,15,0.15,0.5,5,1,15,1,heldout
pit,2,20,0.15,0.5,3,2,6,2,heldout
pit,2,21,0.15,0.5,1,1,2,1,heldout
pit,2,25,0.15,0.5,5,2,16,2,heldout
pit,2,26,0.15,0.5,1,1,15,1,heldout
pit,2,42,0.15,0.5,3,1,6,1,heldout
pit,2,43,0.15,0.5,5,2,11,2,heldout
pit,2,64,0.15,0.5,8,1,16,1,heldout
pit,2,66,0.15,0.5,8,5,15,5,heldout
pit,2,67,0.15,0.5,7,5,16,5,heldout
pit,2,74,0.15,0.5,8,3,12,3,heldout
pit,2,77,0.15,0.5,8,3,16,3,heldout
pit,2,83,0.15,0.5,7,1,12,1,heldout
pit,2,105,0.15,0.5,3,0,10,0,heldout
pit,2,116,0.15,0.5,9,1,13,1,heldout
pit,2,118,0.15,0.5,5,1,11,1,heldout
pit,2,120,0.15,0.5,5,0,18,0,heldout
pit,2,137,0.15,0.5,2,1,10,1,heldout
pit,2,-1,0.175,0.3,63,48,163,48,val
pit,2,-1,0.175,0.5,63,11,163,11,val
pit,2,5,0.175,0.3,1,1,3,1,heldout
pit,2,13,0.175,0.3,5,4,15,4,heldout
pit,2,15,0.175,0.3,5,4,11,4,heldout
pit,2,20,0.175,0.3,3,3,6,3,heldout
pit,2,21,0.175,0.3,1,1,3,1,heldout
pit,2,25,0.175,0.3,5,5,16,5,heldout
pit,2,26,0.175,0.3,1,1,12,1,heldout
pit,2,42,0.175,0.3,3,3,6,3,heldout
pit,2,43,0.175,0.3,5,5,11,5,heldout
pit,2,64,0.175,0.3,8,8,12,8,heldout
pit,2,66,0.175,0.3,8,7,12,7,heldout
pit,2,67,0.175,0.3,7,7,16,7,heldout
pit,2,74,0.175,0.3,8,8,13,8,heldout
pit,2,77,0.175,0.3,8,8,15,8,heldout
pit,2,83,0.175,0.3,7,6,13,6,heldout
pit,2,105,0.175,0.3,3,2,9,2,heldout
pit,2,116,0.175,0.3,9,6,13,6,heldout
pit,2,118,0.175,0.3,5,4,11,4,heldout
pit,2,120,0.175,0.3,5,2,16,2,heldout
pit,2,137,0.175,0.3,2,1,9,1,heldout
pit,2,5,0.175,0.5,1,1,3,1,heldout
pit,2,13,0.175,0.5,5,1,15,1,heldout
pit,2,15,0.175,0.5,5,1,11,1,heldout
pit,2,20,0.175,0.5,3,2,6,2,heldout
pit,2,21,0.175,0.5,1,1,3,1,heldout
pit,2,25,0.175,0.5,5,2,16,2,heldout
pit,2,26,0.175,0.5,1,1,12,1,heldout
pit,2,42,0.175,0.5,3,1,6,1,heldout
pit,2,43,0.175,0.5,5,3,11,3,heldout
pit,2,64,0.175,0.5,8,2,12,2,heldout
pit,2,66,0.175,0.5,8,5,12,5,heldout
pit,2,67,0.175,0.5,7,5,16,5,heldout
pit,2,74,0.175,0.5,8,4,13,4,heldout
pit,2,77,0.175,0.5,8,3,15,3,heldout
pit,2,83,0.175,0.5,7,1,13,1,heldout
pit,2,105,0.175,0.5,3,0,9,0,heldout
pit,2,116,0.175,0.5,9,2,13,2,heldout
pit,2,118,0.175,0.5,5,1,11,1,heldout
pit,2,120,0.175,0.5,5,0,16,0,heldout
pit,2,137,0.175,0.5,2,1,9,1,heldout
pit,2,-1,0.2,0.3,63,52,141,52,val
pit,2,-1,0.2,0.5,63,21,141,21,val
pit,2,5,0.2,0.3,1,1,3,1,heldout
pit,2,13,0.2,0.3,5,4,12,4,heldout
pit,2,15,0.2,0.3,5,5,10,5,heldout
pit,2,20,0.2,0.3,3,2,5,2,heldout
pit,2,21,0.2,0.3,1,1,3,1,heldout
pit,2,25,0.2,0.3,5,5,17,5,heldout
pit,2,26,0.2,0.3,1,1,9,1,heldout
pit,2,42,0.2,0.3,3,3,5,3,heldout
pit,2,43,0.2,0.3,5,5,10,5,heldout
pit,2,64,0.2,0.3,8,8,11,8,heldout
pit,2,66,0.2,0.3,8,8,10,8,heldout
pit,2,67,0.2,0.3,7,7,13,7,heldout
pit,2,74,0.2,0.3,8,8,11,8,heldout
pit,2,77,0.2,0.3,8,8,14,8,heldout
pit,2,83,0.2,0.3,7,6,12,6,heldout
pit,2,105,0.2,0.3,3,2,8,2,heldout
pit,2,116,0.2,0.3,9,6,13,6,heldout
pit,2,118,0.2,0.3,5,4,9,4,heldout
pit,2,120,0.2,0.3,5,3,14,3,heldout
pit,2,137,0.2,0.3,2,1,9,1,heldout
pit,2,5,0.2,0.5,1,1,3,1,heldout
pit,2,13,0.2,0.5,5,2,12,2,heldout
pit,2,15,0.2,0.5,5,2,10,2,heldout
pit,2,20,0.2,0.5,3,2,5,2,heldout
pit,2,21,0.2,0.5,1,1,3,1,heldout
pit,2,25,0.2,0.5,5,1,17,1,heldout
pit,2,26,0.2,0.5,1,1,9,1,heldout
pit,2,42,0.2,0.5,3,1,5,1,heldout
pit,2,43,0.2,0.5,5,3,10,3,heldout
pit,2,64,0.2,0.5,8,5,11,5,heldout
pit,2,66,0.2,0.5,8,5,10,5,heldout
pit,2,67,0.2,0.5,7,6,13,6,heldout
pit,2,74,0.2,0.5,8,4,11,4,heldout
pit,2,77,0.2,0.5,8,3,14,3,heldout
pit,2,83,0.2,0.5,7,2,12,2,heldout
pit,2,105,0.2,0.5,3,2,8,2,heldout
pit,2,116,0.2,0.5,9,4,13,4,heldout
pit,2,118,0.2,0.5,5,1,9,1,heldout
pit,2,120,0.2,0.5,5,0,14,0,heldout
pit,2,137,0.2,0.5,2,1,9,1,heldout
pit,2,-1,0.225,0.3,63,58,129,58,val
pit,2,-1,0.225,0.5,63,30,129,30,val
pit,2,5,0.225,0.3,1,1,3,1,heldout
pit,2,13,0.225,0.3,5,5,11,5,heldout
pit,2,15,0.225,0.3,5,5,9,5,heldout
pit,2,20,0.225,0.3,3,2,4,2,heldout
pit,2,21,0.225,0.3,1,1,3,1,heldout
pit,2,25,0.225,0.3,5,4,15,4,heldout
pit,2,26,0.225,0.3,1,1,8,1,heldout
pit,2,42,0.225,0.3,3,3,5,3,heldout
pit,2,43,0.225,0.3,5,5,10,5,heldout
pit,2,64,0.225,0.3,8,8,11,8,heldout
pit,2,66,0.225,0.3,8,8,12,8,heldout
pit,2,67,0.225,0.3,7,7,11,7,heldout
pit,2,74,0.225,0.3,8,8,10,8,heldout
pit,2,77,0.225,0.3,8,8,13,8,heldout
pit,2,83,0.225,0.3,7,7,12,7,heldout
pit,2,105,0.225,0.3,3,2,8,2,heldout
pit,2,116,0.225,0.3,9,7,12,7,heldout
pit,2,118,0.225,0.3,5,4,8,4,heldout
pit,2,120,0.225,0.3,5,5,16,5,heldout
pit,2,137,0.225,0.3,2,1,8,1,heldout
pit,2,5,0.225,0.5,1,1,3,1,heldout
pit,2,13,0.225,0.5,5,3,11,3,heldout
pit,2,15,0.225,0.5,5,2,9,2,heldout
pit,2,20,0.225,0.5,3,2,4,2,heldout
pit,2,21,0.225,0.5,1,1,3,1,heldout
pit,2,25,0.225,0.5,5,2,15,2,heldout
pit,2,26,0.225,0.5,1,1,8,1,heldout
pit,2,42,0.225,0.5,3,1,5,1,heldout
pit,2,43,0.225,0.5,5,3,10,3,heldout
pit,2,64,0.225,0.5,8,6,11,6,heldout
pit,2,66,0.225,0.5,8,7,12,7,heldout
pit,2,67,0.225,0.5,7,6,11,6,heldout
pit,2,74,0.225,0.5,8,3,10,3,heldout
pit,2,77,0.225,0.5,8,4,13,4,heldout
pit,2,83,0.225,0.5,7,2,12,2,heldout
pit,2,105,0.225,0.5,3,2,8,2,heldout
pit,2,116,0.225,0.5,9,5,12,5,heldout
pit,2,118,0.225,0.5,5,2,8,2,heldout
pit,2,120,0.225,0.5,5,0,16,0,heldout
pit,2,137,0.225,0.5,2,1,8,1,heldout
pit,2,-1,0.25,0.3,63,59,122,59,val
pit,2,-1,0.25,0.5,63,35,122,35,val
pit,2,5,0.25,0.3,1,1,3,1,heldout
pit,2,13,0.25,0.3,5,5,11,5,heldout
pit,2,15,0.25,0.3,5,5,8,5,heldout
pit,2,20,0.25,0.3,3,2,4,2,heldout
pit,2,21,0.25,0.3,1,1,1,1,heldout
pit,2,25,0.25,0.3,5,4,15,4,heldout
pit,2,26,0.25,0.3,1,1,8,1,heldout
pit,2,42,0.25,0.3,3,3,5,3,heldout
pit,2,43,0.25,0.3,5,5,10,5,heldout
pit,2,64,0.25,0.3,8,8,11,8,heldout
pit,2,66,0.25,0.3,8,8,10,8,heldout
pit,2,67,0.25,0.3,7,7,10,7,heldout
pit,2,74,0.25,0.3,8,8,9,8,heldout
pit,2,77,0.25,0.3,8,8,13,8,heldout
pit,2,83,0.25,0.3,7,7,12,7,heldout
pit,2,105,0.25,0.3,3,3,8,3,heldout
pit,2,116,0.25,0.3,9,8,11,8,heldout
pit,2,118,0.25,0.3,5,4,7,4,heldout
pit,2,120,0.25,0.3,5,5,15,5,heldout
pit,2,137,0.25,0.3,2,2,8,2,heldout
pit,2,5,0.25,0.5,1,1,3,1,heldout
pit,2,13,0.25,0.5,5,3,11,3,heldout
pit,2,15,0.25,0.5,5,2,8,2,heldout
pit,2,20,0.25,0.5,3,2,4,2,heldout
pit,2,21,0.25,0.5,1,1,1,1,heldout
pit,2,25,0.25,0.5,5,3,15,3,heldout
pit,2,26,0.25,0.5,1,1,8,1,heldout
pit,2,42,0.25,0.5,3,1,5,1,heldout
pit,2,43,0.25,0.5,5,3,10,3,heldout
pit,2,64,0.25,0.5,8,7,11,7,heldout
pit,2,66,0.25,0.5,8,7,10,7,heldout
pit,2,67,0.25,0.5,7,7,10,7,heldout
pit,2,74,0.25,0.5,8,6,9,6,heldout
pit,2,77,0.25,0.5,8,5,13,5,heldout
pit,2,83,0.25,0.5,7,3,12,3,heldout
pit,2,105,0.25,0.5,3,2,8,2,heldout
pit,2,116,0.25,0.5,9,5,11,5,heldout
pit,2,118,0.25,0.5,5,3,7,3,heldout
pit,2,120,0.25,0.5,5,0,15,0,heldout
pit,2,137,0.25,0.5,2,1,8,1,heldout
pit,2,-1,0.275,0.3,63,59,116,59,val
pit,2,-1,0.275,0.5,63,40,116,40,val
pit,2,5,0.275,0.3,1,1,3,1,heldout
pit,2,13,0.275,0.3,5,5,11,5,heldout
pit,2,15,0.275,0.3,5,5,8,5,heldout
pit,2,20,0.275,0.3,3,2,3,2,heldout
pit,2,21,0.275,0.3,1,1,1,1,heldout
pit,2,25,0.275,0.3,5,4,15,4,heldout
pit,2,26,0.275,0.3,1,1,7,1,heldout
pit,2,42,0.275,0.3,3,3,5,3,heldout
pit,2,43,0.275,0.3,5,5,9,5,heldout
pit,2,64,0.275,0.3,8,8,11,8,heldout
pit,2,66,0.275,0.3,8,8,10,8,heldout
pit,2,67,0.275,0.3,7,7,10,7,heldout
pit,2,74,0.275,0.3,8,8,9,8,heldout
pit,2,77,0.275,0.3,8,8,11,8,heldout
pit,2,83,0.275,0.3,7,7,12,7,heldout
pit,2,105,0.275,0.3,3,3,6,3,heldout
pit,2,116,0.275,0.3,9,8,11,8,heldout
pit,2,118,0.275,0.3,5,4,5,4,heldout
pit,2,120,0.275,0.3,5,5,15,5,heldout
pit,2,137,0.275,0.3,2,2,8,2,heldout
pit,2,5,0.275,0.5,1,1,3,1,heldout
pit,2,13,0.275,0.5,5,3,11,3,heldout
pit,2,15,0.275,0.5,5,2,8,2,heldout
pit,2,20,0.275,0.5,3,2,3,2,heldout
pit,2,21,0.275,0.5,1,1,1,1,heldout
pit,2,25,0.275,0.5,5,3,15,3,heldout
pit,2,26,0.275,0.5,1,1,7,1,heldout
pit,2,42,0.275,0.5,3,2,5,2,heldout
pit,2,43,0.275,0.5,5,2,9,2,heldout
pit,2,64,0.275,0.5,8,7,11,7,heldout
pit,2,66,0.275,0.5,8,7,10,7,heldout
pit,2,67,0.275,0.5,7,7,10,7,heldout
pit,2,74,0.275,0.5,8,7,9,7,heldout
pit,2,77,0.275,0.5,8,6,11,6,heldout
pit,2,83,0.275,0.5,7,4,12,4,heldout
pit,2,105,0.275,0.5,3,2,6,2,heldout
pit,2,116,0.275,0.5,9,6,11,6,heldout
pit,2,118,0.275,0.5,5,4,5,4,heldout
pit,2,120,0.275,0.5,5,1,15,1,heldout
pit,2,137,0.275,0.5,2,1,8,1,heldout
pit,2,-1,0.3,0.3,63,60,113,60,val
pit,2,-1,0.3,0.5,63,46,113,46,val
pit,2,5,0.3,0.3,1,1,3,1,heldout
pit,2,13,0.3,0.3,5,5,9,5,heldout
pit,2,15,0.3,0.3,5,5,7,5,heldout
pit,2,20,0.3,0.3,3,2,3,2,heldout
pit,2,21,0.3,0.3,1,1,1,1,heldout
pit,2,25,0.3,0.3,5,4,14,4,heldout
pit,2,26,0.3,0.3,1,1,6,1,heldout
pit,2,42,0.3,0.3,3,3,6,3,heldout
pit,2,43,0.3,0.3,5,5,9,5,heldout
pit,2,64,0.3,0.3,8,8,11,8,heldout
pit,2,66,0.3,0.3,8,8,9,8,heldout
pit,2,67,0.3,0.3,7,7,11,7,heldout
pit,2,74,0.3,0.3,8,7,9,7,heldout
pit,2,77,0.3,0.3,8,7,11,7,heldout
pit,2,83,0.3,0.3,7,7,12,7,heldout
pit,2,105,0.3,0.3,3,3,6,3,heldout
pit,2,116,0.3,0.3,9,8,10,8,heldout
pit,2,118,0.3,0.3,5,5,5,5,heldout
pit,2,120,0.3,0.3,5,5,13,5,heldout
pit,2,137,0.3,0.3,2,2,8,2,heldout
pit,2,5,0.3,0.5,1,1,3,1,heldout
pit,2,13,0.3,0.5,5,3,9,3,heldout
pit,2,15,0.3,0.5,5,4,7,4,heldout
pit,2,20,0.3,0.5,3,2,3,2,heldout
pit,2,21,0.3,0.5,1,1,1,1,heldout
pit,2,25,0.3,0.5,5,3,14,3,heldout
pit,2,26,0.3,0.5,1,1,6,1,heldout
pit,2,42,0.3,0.5,3,2,6,2,heldout
pit,2,43,0.3,0.5,5,3,9,3,heldout
pit,2,64,0.3,0.5,8,7,11,7,heldout
pit,2,66,0.3,0.5,8,8,9,8,heldout
pit,2,67,0.3,0.5,7,7,11,7,heldout
pit,2,74,0.3,0.5,8,7,9,7,heldout
pit,2,77,0.3,0.5,8,6,11,6,heldout
pit,2,83,0.3,0.5,7,4,12,4,heldout
pit,2,105,0.3,0.5,3,2,6,2,heldout
pit,2,116,0.3,0.5,9,7,10,7,heldout
pit,2,118,0.3,0.5,5,4,5,4,heldout
pit,2,120,0.3,0.5,5,2,13,2,heldout
pit,2,137,0.3,0.5,2,1,8,1,heldout
pit,2,-1,0.325,0.3,63,60,109,60,val
pit,2,-1,0.325,0.5,63,50,109,50,val
pit,2,5,0.325,0.3,1,1,3,1,heldout
pit,2,13,0.325,0.3,5,5,9,5,heldout
pit,2,15,0.325,0.3,5,5,7,5,heldout
pit,2,20,0.325,0.3,3,2,3,2,heldout
pit,2,21,0.325,0.3,1,1,1,1,heldout
pit,2,25,0.325,0.3,5,4,12,4,heldout
pit,2,26,0.325,0.3,1,1,6,1,heldout
pit,2,42,0.325,0.3,3,3,5,3,heldout
pit,2,43,0.325,0.3,5,5,9,5,heldout
pit,2,64,0.325,0.3,8,8,11,8,heldout
pit,2,66,0.325,0.3,8,8,9,8,heldout
pit,2,67,0.325,0.3,7,7,10,7,heldout
pit,2,74,0.325,0.3,8,7,9,7,heldout
pit,2,77,0.325,0.3,8,7,11,7,heldout
pit,2,83,0.325,0.3,7,7,12,7,heldout
pit,2,105,0.325,0.3,3,3,6,3,heldout
pit,2,116,0.325,0.3,9,8,10,8,heldout
pit,2,118,0.325,0.3,5,5,5,5,heldout
pit,2,120,0.325,0.3,5,5,11,5,heldout
pit,2,137,0.325,0.3,2,2,7,2,heldout
pit,2,5,0.325,0.5,1,1,3,1,heldout
pit,2,13,0.325,0.5,5,4,9,4,heldout
pit,2,15,0.325,0.5,5,4,7,4,heldout
pit,2,20,0.325,0.5,3,2,3,2,heldout
pit,2,21,0.325,0.5,1,0,1,0,heldout
pit,2,25,0.325,0.5,5,4,12,4,heldout
pit,2,26,0.325,0.5,1,1,6,1,heldout
pit,2,42,0.325,0.5,3,3,5,3,heldout
pit,2,43,0.325,0.5,5,3,9,3,heldout
pit,2,64,0.325,0.5,8,8,11,8,heldout
pit,2,66,0.325,0.5,8,7,9,7,heldout
pit,2,67,0.325,0.5,7,7,10,7,heldout
pit,2,74,0.325,0.5,8,7,9,7,heldout
pit,2,77,0.325,0.5,8,7,11,7,heldout
pit,2,83,0.325,0.5,7,6,12,6,heldout
pit,2,105,0.325,0.5,3,3,6,3,heldout
pit,2,116,0.325,0.5,9,7,10,7,heldout
pit,2,118,0.325,0.5,5,4,5,4,heldout
pit,2,120,0.325,0.5,5,4,11,4,heldout
pit,2,137,0.325,0.5,2,1,7,1,heldout
pit,2,-1,0.35,0.3,63,60,103,60,val
pit,2,-1,0.35,0.5,63,52,103,52,val
pit,2,5,0.35,0.3,1,1,3,1,heldout
pit,2,13,0.35,0.3,5,5,9,5,heldout
pit,2,15,0.35,0.3,5,5,7,5,heldout
pit,2,20,0.35,0.3,3,2,3,2,heldout
pit,2,21,0.35,0.3,1,1,1,1,heldout
pit,2,25,0.35,0.3,5,4,12,4,heldout
pit,2,26,0.35,0.3,1,1,6,1,heldout
pit,2,42,0.35,0.3,3,3,5,3,heldout
pit,2,43,0.35,0.3,5,4,9,4,heldout
pit,2,64,0.35,0.3,8,8,10,8,heldout
pit,2,66,0.35,0.3,8,8,9,8,heldout
pit,2,67,0.35,0.3,7,7,9,7,heldout
pit,2,74,0.35,0.3,8,7,9,7,heldout
pit,2,77,0.35,0.3,8,7,11,7,heldout
pit,2,83,0.35,0.3,7,7,12,7,heldout
pit,2,105,0.35,0.3,3,3,6,3,heldout
pit,2,116,0.35,0.3,9,8,10,8,heldout
pit,2,118,0.35,0.3,5,5,5,5,heldout
pit,2,120,0.35,0.3,5,5,11,5,heldout
pit,2,137,0.35,0.3,2,2,7,2,heldout
pit,2,5,0.35,0.5,1,1,3,1,heldout
pit,2,13,0.35,0.5,5,5,9,5,heldout
pit,2,15,0.35,0.5,5,4,7,4,heldout
pit,2,20,0.35,0.5,3,2,3,2,heldout
pit,2,21,0.35,0.5,1,0,1,0,heldout
pit,2,25,0.35,0.5,5,4,12,4,heldout
pit,2,26,0.35,0.5,1,1,6,1,heldout
pit,2,42,0.35,0.5,3,3,5,3,heldout
pit,2,43,0.35,0.5,5,3,9,3,heldout
pit,2,64,0.35,0.5,8,8,10,8,heldout
pit,2,66,0.35,0.5,8,6,9,6,heldout
pit,2,67,0.35,0.5,7,6,9,6,heldout
pit,2,74,0.35,0.5,8,7,9,7,heldout
pit,2,77,0.35,0.5,8,7,11,7,heldout
pit,2,83,0.35,0.5,7,6,12,6,heldout
pit,2,105,0.35,0.5,3,3,6,3,heldout
pit,2,116,0.35,0.5,9,7,10,7,heldout
pit,2,118,0.35,0.5,5,4,5,4,heldout
pit,2,120,0.35,0.5,5,5,11,5,heldout
pit,2,137,0.35,0.5,2,2,7,2,heldout
pit,2,-1,0.375,0.3,63,60,100,60,val
pit,2,-1,0.375,0.5,63,54,100,54,val
pit,2,5,0.375,0.3,1,1,3,1,heldout
pit,2,13,0.375,0.3,5,5,9,5,heldout
pit,2,15,0.375,0.3,5,5,7,5,heldout
pit,2,20,0.375,0.3,3,2,3,2,heldout
pit,2,21,0.375,0.3,1,1,1,1,heldout
pit,2,25,0.375,0.3,5,4,12,4,heldout
pit,2,26,0.375,0.3,1,1,6,1,heldout
pit,2,42,0.375,0.3,3,3,5,3,heldout
pit,2,43,0.375,0.3,5,4,8,4,heldout
pit,2,64,0.375,0.3,8,8,10,8,heldout
pit,2,66,0.375,0.3,8,8,9,8,heldout
pit,2,67,0.375,0.3,7,7,9,7,heldout
pit,2,74,0.375,0.3,8,7,9,7,heldout
pit,2,77,0.375,0.3,8,7,11,7,heldout
pit,2,83,0.375,0.3,7,7,12,7,heldout
pit,2,105,0.375,0.3,3,3,6,3,heldout
pit,2,116,0.375,0.3,9,8,10,8,heldout
pit,2,118,0.375,0.3,5,5,5,5,heldout
pit,2,120,0.375,0.3,5,5,10,5,heldout
pit,2,137,0.375,0.3,2,2,7,2,heldout
pit,2,5,0.375,0.5,1,0,3,0,heldout
pit,2,13,0.375,0.5,5,5,9,5,heldout
pit,2,15,0.375,0.5,5,5,7,5,heldout
pit,2,20,0.375,0.5,3,0,3,0,heldout
pit,2,21,0.375,0.5,1,0,1,0,heldout
pit,2,25,0.375,0.5,5,4,12,4,heldout
pit,2,26,0.375,0.5,1,1,6,1,heldout
pit,2,42,0.375,0.5,3,3,5,3,heldout
pit,2,43,0.375,0.5,5,3,8,3,heldout
pit,2,64,0.375,0.5,8,8,10,8,heldout
pit,2,66,0.375,0.5,8,5,9,5,heldout
pit,2,67,0.375,0.5,7,6,9,6,heldout
pit,2,74,0.375,0.5,8,7,9,7,heldout
pit,2,77,0.375,0.5,8,7,11,7,heldout
pit,2,83,0.375,0.5,7,7,12,7,heldout
pit,2,105,0.375,0.5,3,3,6,3,heldout
pit,2,116,0.375,0.5,9,6,10,6,heldout
pit,2,118,0.375,0.5,5,5,5,5,heldout
pit,2,120,0.375,0.5,5,5,10,5,heldout
pit,2,137,0.375,0.5,2,2,7,2,heldout
pit,2,-1,0.4,0.3,63,61,98,61,val
pit,2,-1,0.4,0.5,63,57,98,57,val
pit,2,5,0.4,0.3,1,1,2,1,heldout
pit,2,13,0.4,0.3,5,5,9,5,heldout
pit,2,15,0.4,0.3,5,5,7,5,heldout
pit,2,20,0.4,0.3,3,2,3,2,heldout
pit,2,21,0.4,0.3,1,0,1,0,heldout
pit,2,25,0.4,0.3,5,4,10,4,heldout
pit,2,26,0.4,0.3,1,1,6,1,heldout
pit,2,42,0.4,0.3,3,3,5,3,heldout
pit,2,43,0.4,0.3,5,4,8,4,heldout
pit,2,64,0.4,0.3,8,8,10,8,heldout
pit,2,66,0.4,0.3,8,8,9,8,heldout
pit,2,67,0.4,0.3,7,7,8,7,heldout
pit,2,74,0.4,0.3,8,7,8,7,heldout
pit,2,77,0.4,0.3,8,7,11,7,heldout
pit,2,83,0.4,0.3,7,7,12,7,heldout
pit,2,105,0.4,0.3,3,3,6,3,heldout
pit,2,116,0.4,0.3,9,8,10,8,heldout
pit,2,118,0.4,0.3,5,5,5,5,heldout
pit,2,120,0.4,0.3,5,5,9,5,heldout
pit,2,137,0.4,0.3,2,2,7,2,heldout
pit,2,5,0.4,0.5,1,0,2,0,heldout
pit,2,13,0.4,0.5,5,5,9,5,heldout
pit,2,15,0.4,0.5,5,5,7,5,heldout
pit,2,20,0.4,0.5,3,0,3,0,heldout
pit,2,21,0.4,0.5,1,0,1,0,heldout
pit,2,25,0.4,0.5,5,4,10,4,heldout
pit,2,26,0.4,0.5,1,1,6,1,heldout
pit,2,42,0.4,0.5,3,3,5,3,heldout
pit,2,43,0.4,0.5,5,3,8,3,heldout
pit,2,64,0.4,0.5,8,8,10,8,heldout
pit,2,66,0.4,0.5,8,5,9,5,heldout
pit,2,67,0.4,0.5,7,5,8,5,heldout
pit,2,74,0.4,0.5,8,7,8,7,heldout
pit,2,77,0.4,0.5,8,7,11,7,heldout
pit,2,83,0.4,0.5,7,7,12,7,heldout
pit,2,105,0.4,0.5,3,3,6,3,heldout
pit,2,116,0.4,0.5,9,5,10,5,heldout
pit,2,118,0.4,0.5,5,5,5,5,heldout
pit,2,120,0.4,0.5,5,5,9,5,heldout
pit,2,137,0.4,0.5,2,2,7,2,heldout
pit,2,-1,0.425,0.3,63,61,94,61,val
pit,2,-1,0.425,0.5,63,55,94,55,val
pit,2,5,0.425,0.3,1,1,2,1,heldout
pit,2,13,0.425,0.3,5,5,9,5,heldout
pit,2,15,0.425,0.3,5,5,7,5,heldout
pit,2,20,0.425,0.3,3,2,3,2,heldout
pit,2,21,0.425,0.3,1,0,1,0,heldout
pit,2,25,0.425,0.3,5,4,10,4,heldout
pit,2,26,0.425,0.3,1,1,5,1,heldout
pit,2,42,0.425,0.3,3,3,5,3,heldout
pit,2,43,0.425,0.3,5,4,8,4,heldout
pit,2,64,0.425,0.3,8,8,9,8,heldout
pit,2,66,0.425,0.3,8,8,9,8,heldout
pit,2,67,0.425,0.3,7,7,8,7,heldout
pit,2,74,0.425,0.3,8,7,8,7,heldout
pit,2,77,0.425,0.3,8,7,11,7,heldout
pit,2,83,0.425,0.3,7,7,12,7,heldout
pit,2,105,0.425,0.3,3,3,6,3,heldout
pit,2,116,0.425,0.3,9,8,10,8,heldout
pit,2,118,0.425,0.3,5,5,5,5,heldout
pit,2,120,0.425,0.3,5,5,9,5,heldout
pit,2,137,0.425,0.3,2,2,7,2,heldout
pit,2,5,0.425,0.5,1,0,2,0,heldout
pit,2,13,0.425,0.5,5,5,9,5,heldout
pit,2,15,0.425,0.5,5,5,7,5,heldout
pit,2,20,0.425,0.5,3,0,3,0,heldout
pit,2,21,0.425,0.5,1,0,1,0,heldout
pit,2,25,0.425,0.5,5,4,10,4,heldout
pit,2,26,0.425,0.5,1,1,5,1,heldout
pit,2,42,0.425,0.5,3,2,5,2,heldout
pit,2,43,0.425,0.5,5,3,8,3,heldout
pit,2,64,0.425,0.5,8,8,9,8,heldout
pit,2,66,0.425,0.5,8,5,9,5,heldout
pit,2,67,0.425,0.5,7,5,8,5,heldout
pit,2,74,0.425,0.5,8,7,8,7,heldout
pit,2,77,0.425,0.5,8,7,11,7,heldout
pit,2,83,0.425,0.5,7,7,12,7,heldout
pit,2,105,0.425,0.5,3,3,6,3,heldout
pit,2,116,0.425,0.5,9,5,10,5,heldout
pit,2,118,0.425,0.5,5,5,5,5,heldout
pit,2,120,0.425,0.5,5,5,9,5,heldout
pit,2,137,0.425,0.5,2,2,7,2,heldout
pit,2,-1,0.45,0.3,63,60,96,60,val
pit,2,-1,0.45,0.5,63,55,96,55,val
pit,2,5,0.45,0.3,1,0,2,0,heldout
pit,2,13,0.45,0.3,5,5,7,5,heldout
pit,2,15,0.45,0.3,5,5,7,5,heldout
pit,2,20,0.45,0.3,3,2,2,2,heldout
pit,2,21,0.45,0.3,1,0,1,0,heldout
pit,2,25,0.45,0.3,5,4,10,4,heldout
pit,2,26,0.45,0.3,1,1,4,1,heldout
pit,2,42,0.45,0.3,3,3,5,3,heldout
pit,2,43,0.45,0.3,5,4,8,4,heldout
pit,2,64,0.45,0.3,8,8,9,8,heldout
pit,2,66,0.45,0.3,8,8,9,8,heldout
pit,2,67,0.45,0.3,7,7,8,7,heldout
pit,2,74,0.45,0.3,8,7,8,7,heldout
pit,2,77,0.45,0.3,8,7,10,7,heldout
pit,2,83,0.45,0.3,7,7,12,7,heldout
pit,2,105,0.45,0.3,3,3,6,3,heldout
pit,2,116,0.45,0.3,9,6,11,6,heldout
pit,2,118,0.45,0.3,5,5,5,5,heldout
pit,2,120,0.45,0.3,5,5,9,5,heldout
pit,2,137,0.45,0.3,2,2,7,2,heldout
pit,2,5,0.45,0.5,1,0,2,0,heldout
pit,2,13,0.45,0.5,5,5,7,5,heldout
pit,2,15,0.45,0.5,5,5,7,5,heldout
pit,2,20,0.45,0.5,3,0,2,0,heldout
pit,2,21,0.45,0.5,1,0,1,0,heldout
pit,2,25,0.45,0.5,5,4,10,4,heldout
pit,2,26,0.45,0.5,1,1,4,1,heldout
pit,2,42,0.45,0.5,3,2,5,2,heldout
pit,2,43,0.45,0.5,5,3,8,3,heldout
pit,2,64,0.45,0.5,8,8,9,8,heldout
pit,2,66,0.45,0.5,8,4,9,4,heldout
pit,2,67,0.45,0.5,7,5,8,5,heldout
pit,2,74,0.45,0.5,8,6,8,6,heldout
pit,2,77,0.45,0.5,8,7,10,7,heldout
pit,2,83,0.45,0.5,7,7,12,7,heldout
pit,2,105,0.45,0.5,3,3,6,3,heldout
pit,2,116,0.45,0.5,9,6,11,6,heldout
pit,2,118,0.45,0.5,5,5,5,5,heldout
pit,2,120,0.45,0.5,5,5,9,5,heldout
pit,2,137,0.45,0.5,2,2,7,2,heldout
pit,2,-1,0.475,0.3,63,60,91,60,val
pit,2,-1,0.475,0.5,63,55,91,55,val
pit,2,5,0.475,0.3,1,0,1,0,heldout
pit,2,13,0.475,0.3,5,5,7,5,heldout
pit,2,15,0.475,0.3,5,5,7,5,heldout
pit,2,20,0.475,0.3,3,2,2,2,heldout
pit,2,21,0.475,0.3,1,0,1,0,heldout
pit,2,25,0.475,0.3,5,4,10,4,heldout
pit,2,26,0.475,0.3,1,1,4,1,heldout
pit,2,42,0.475,0.3,3,3,4,3,heldout
pit,2,43,0.475,0.3,5,4,7,4,heldout
pit,2,64,0.475,0.3,8,8,9,8,heldout
pit,2,66,0.475,0.3,8,6,9,6,heldout
pit,2,67,0.475,0.3,7,7,8,7,heldout
pit,2,74,0.475,0.3,8,7,8,7,heldout
pit,2,77,0.475,0.3,8,7,10,7,heldout
pit,2,83,0.475,0.3,7,7,12,7,heldout
pit,2,105,0.475,0.3,3,3,6,3,heldout
pit,2,116,0.475,0.3,9,6,10,6,heldout
pit,2,118,0.475,0.3,5,5,5,5,heldout
pit,2,120,0.475,0.3,5,5,9,5,heldout
pit,2,137,0.475,0.3,2,2,7,2,heldout
pit,2,5,0.475,0.5,1,0,1,0,heldout
pit,2,13,0.475,0.5,5,5,7,5,heldout
pit,2,15,0.475,0.5,5,5,7,5,heldout
pit,2,20,0.475,0.5,3,0,2,0,heldout
pit,2,21,0.475,0.5,1,0,1,0,heldout
pit,2,25,0.475,0.5,5,4,10,4,heldout
pit,2,26,0.475,0.5,1,0,4,0,heldout
pit,2,42,0.475,0.5,3,2,4,2,heldout
pit,2,43,0.475,0.5,5,2,7,2,heldout
pit,2,64,0.475,0.5,8,8,9,8,heldout
pit,2,66,0.475,0.5,8,4,9,4,heldout
pit,2,67,0.475,0.5,7,4,8,4,heldout
pit,2,74,0.475,0.5,8,6,8,6,heldout
pit,2,77,0.475,0.5,8,7,10,7,heldout
pit,2,83,0.475,0.5,7,7,12,7,heldout
pit,2,105,0.475,0.5,3,3,6,3,heldout
pit,2,116,0.475,0.5,9,6,10,6,heldout
pit,2,118,0.475,0.5,5,4,5,4,heldout
pit,2,120,0.475,0.5,5,5,9,5,heldout
pit,2,137,0.475,0.5,2,2,7,2,heldout
pit,2,-1,0.5,0.3,63,59,92,59,val
pit,2,-1,0.5,0.5,63,52,92,52,val
pit,2,5,0.5,0.3,1,0,1,0,heldout
pit,2,13,0.5,0.3,5,5,7,5,heldout
pit,2,15,0.5,0.3,5,5,7,5,heldout
pit,2,20,0.5,0.3,3,2,2,2,heldout
pit,2,21,0.5,0.3,1,0,1,0,heldout
pit,2,25,0.5,0.3,5,4,9,4,heldout
pit,2,26,0.5,0.3,1,1,4,1,heldout
pit,2,42,0.5,0.3,3,3,4,3,heldout
pit,2,43,0.5,0.3,5,4,6,4,heldout
pit,2,64,0.5,0.3,8,8,8,8,heldout
pit,2,66,0.5,0.3,8,6,9,6,heldout
pit,2,67,0.5,0.3,7,7,8,7,heldout
pit,2,74,0.5,0.3,8,6,8,6,heldout
pit,2,77,0.5,0.3,8,7,9,7,heldout
pit,2,83,0.5,0.3,7,7,11,7,heldout
pit,2,105,0.5,0.3,3,3,6,3,heldout
pit,2,116,0.5,0.3,9,6,9,6,heldout
pit,2,118,0.5,0.3,5,5,5,5,heldout
pit,2,120,0.5,0.3,5,5,9,5,heldout
pit,2,137,0.5,0.3,2,2,7,2,heldout
pit,2,5,0.5,0.5,1,0,1,0,heldout
pit,2,13,0.5,0.5,5,5,7,5,heldout
pit,2,15,0.5,0.5,5,5,7,5,heldout
pit,2,20,0.5,0.5,3,0,2,0,heldout
pit,2,21,0.5,0.5,1,0,1,0,heldout
pit,2,25,0.5,0.5,5,4,9,4,heldout
pit,2,26,0.5,0.5,1,0,4,0,heldout
pit,2,42,0.5,0.5,3,2,4,2,heldout
pit,2,43,0.5,0.5,5,2,6,2,heldout
pit,2,64,0.5,0.5,8,8,8,8,heldout
pit,2,66,0.5,0.5,8,2,9,2,heldout
pit,2,67,0.5,0.5,7,4,8,4,heldout
pit,2,74,0.5,0.5,8,6,8,6,heldout
pit,2,77,0.5,0.5,8,7,9,7,heldout
pit,2,83,0.5,0.5,7,7,11,7,heldout
pit,2,105,0.5,0.5,3,2,6,2,heldout
pit,2,116,0.5,0.5,9,5,9,5,heldout
pit,2,118,0.5,0.5,5,4,5,4,heldout
pit,2,120,0.5,0.5,5,5,9,5,heldout
pit,2,137,0.5,0.5,2,2,7,2,heldout
pit,2,-1,0.525,0.3,63,57,91,57,val
pit,2,-1,0.525,0.5,63,50,91,50,val
pit,2,5,0.525,0.3,1,0,1,0,heldout
pit,2,13,0.525,0.3,5,5,6,5,heldout
pit,2,15,0.525,0.3,5,5,8,5,heldout
pit,2,20,0.525,0.3,3,1,2,1,heldout
pit,2,21,0.525,0.3,1,0,1,0,heldout
pit,2,25,0.525,0.3,5,4,10,4,heldout
pit,2,26,0.525,0.3,1,1,3,1,heldout
pit,2,42,0.525,0.3,3,3,4,3,heldout
pit,2,43,0.525,0.3,5,4,6,4,heldout
pit,2,64,0.525,0.3,8,8,8,8,heldout
pit,2,66,0.525,0.3,8,5,9,5,heldout
pit,2,67,0.525,0.3,7,7,7,7,heldout
pit,2,74,0.525,0.3,8,6,7,6,heldout
pit,2,77,0.525,0.3,8,7,9,7,heldout
pit,2,83,0.525,0.3,7,7,11,7,heldout
pit,2,105,0.525,0.3,3,3,6,3,heldout
pit,2,116,0.525,0.3,9,6,8,6,heldout
pit,2,118,0.525,0.3,5,5,5,5,heldout
pit,2,120,0.525,0.3,5,5,9,5,heldout
pit,2,137,0.525,0.3,2,2,6,2,heldout
pit,2,5,0.525,0.5,1,0,1,0,heldout
pit,2,13,0.525,0.5,5,5,6,5,heldout
pit,2,15,0.525,0.5,5,4,8,4,heldout
pit,2,20,0.525,0.5,3,0,2,0,heldout
pit,2,21,0.525,0.5,1,0,1,0,heldout
pit,2,25,0.525,0.5,5,4,10,4,heldout
pit,2,26,0.525,0.5,1,0,3,0,heldout
pit,2,42,0.525,0.5,3,2,4,2,heldout
pit,2,43,0.525,0.5,5,1,6,1,heldout
pit,2,64,0.525,0.5,8,8,8,8,heldout
pit,2,66,0.525,0.5,8,2,9,2,heldout
pit,2,67,0.525,0.5,7,4,7,4,heldout
pit,2,74,0.525,0.5,8,6,7,6,heldout
pit,2,77,0.525,0.5,8,7,9,7,heldout
pit,2,83,0.525,0.5,7,7,11,7,heldout
pit,2,105,0.525,0.5,3,2,6,2,heldout
pit,2,116,0.525,0.5,9,4,8,4,heldout
pit,2,118,0.525,0.5,5,4,5,4,heldout
pit,2,120,0.525,0.5,5,5,9,5,heldout
pit,2,137,0.525,0.5,2,2,6,2,heldout
pit,2,-1,0.55,0.3,63,55,90,55,val
pit,2,-1,0.55,0.5,63,45,90,45,val
pit,2,5,0.55,0.3,1,0,1,0,heldout
pit,2,13,0.55,0.3,5,5,6,5,heldout
pit,2,15,0.55,0.3,5,5,7,5,heldout
pit,2,20,0.55,0.3,3,1,2,1,heldout
pit,2,21,0.55,0.3,1,0,1,0,heldout
pit,2,25,0.55,0.3,5,4,10,4,heldout
pit,2,26,0.55,0.3,1,1,3,1,heldout
pit,2,42,0.55,0.3,3,2,3,2,heldout
pit,2,43,0.55,0.3,5,3,6,3,heldout
pit,2,64,0.55,0.3,8,8,8,8,heldout
pit,2,66,0.55,0.3,8,5,9,5,heldout
pit,2,67,0.55,0.3,7,7,7,7,heldout
pit,2,74,0.55,0.3,8,6,7,6,heldout
pit,2,77,0.55,0.3,8,7,9,7,heldout
pit,2,83,0.55,0.3,7,7,9,7,heldout
pit,2,105,0.55,0.3,3,3,6,3,heldout
pit,2,116,0.55,0.3,9,5,6,5,heldout
pit,2,118,0.55,0.3,5,5,5,5,heldout
pit,2,120,0.55,0.3,5,5,9,5,heldout
pit,2,137,0.55,0.3,2,2,6,2,heldout
pit,2,5,0.55,0.5,1,0,1,0,heldout
pit,2,13,0.55,0.5,5,5,6,5,heldout
pit,2,15,0.55,0.5,5,4,7,4,heldout
pit,2,20,0.55,0.5,3,0,2,0,heldout
pit,2,21,0.55,0.5,1,0,1,0,heldout
pit,2,25,0.55,0.5,5,4,10,4,heldout
pit,2,26,0.55,0.5,1,0,3,0,heldout
pit,2,42,0.55,0.5,3,2,3,2,heldout
pit,2,43,0.55,0.5,5,1,6,1,heldout
pit,2,64,0.55,0.5,8,8,8,8,heldout
pit,2,66,0.55,0.5,8,2,9,2,heldout
pit,2,67,0.55,0.5,7,2,7,2,heldout
pit,2,74,0.55,0.5,8,6,7,6,heldout
pit,2,77,0.55,0.5,8,7,9,7,heldout
pit,2,83,0.55,0.5,7,7,9,7,heldout
pit,2,105,0.55,0.5,3,1,6,1,heldout
pit,2,116,0.55,0.5,9,3,6,3,heldout
pit,2,118,0.55,0.5,5,4,5,4,heldout
pit,2,120,0.55,0.5,5,5,9,5,heldout
pit,2,137,0.55,0.5,2,2,6,2,heldout
pit,2,-1,0.575,0.3,63,54,88,54,val
pit,2,-1,0.575,0.5,63,44,88,44,val
pit,2,5,0.575,0.3,1,0,1,0,heldout
pit,2,13,0.575,0.3,5,5,5,5,heldout
pit,2,15,0.575,0.3,5,5,6,5,heldout
pit,2,20,0.575,0.3,3,0,2,0,heldout
pit,2,21,0.575,0.3,1,0,0,0,heldout
pit,2,25,0.575,0.3,5,4,8,4,heldout
pit,2,26,0.575,0.3,1,1,3,1,heldout
pit,2,42,0.575,0.3,3,2,3,2,heldout
pit,2,43,0.575,0.3,5,3,6,3,heldout
pit,2,64,0.575,0.3,8,8,8,8,heldout
pit,2,66,0.575,0.3,8,5,9,5,heldout
pit,2,67,0.575,0.3,7,5,7,5,heldout
pit,2,74,0.575,0.3,8,6,6,6,heldout
pit,2,77,0.575,0.3,8,7,9,7,heldout
pit,2,83,0.575,0.3,7,7,9,7,heldout
pit,2,105,0.575,0.3,3,3,6,3,heldout
pit,2,116,0.575,0.3,9,5,6,5,heldout
pit,2,118,0.575,0.3,5,4,5,4,heldout
pit,2,120,0.575,0.3,5,5,10,5,heldout
pit,2,137,0.575,0.3,2,2,5,2,heldout
pit,2,5,0.575,0.5,1,0,1,0,heldout
pit,2,13,0.575,0.5,5,4,5,4,heldout
pit,2,15,0.575,0.5,5,3,6,3,heldout
pit,2,20,0.575,0.5,3,0,2,0,heldout
pit,2,21,0.575,0.5,1,0,0,0,heldout
pit,2,25,0.575,0.5,5,4,8,4,heldout
pit,2,26,0.575,0.5,1,0,3,0,heldout
pit,2,42,0.575,0.5,3,2,3,2,heldout
pit,2,43,0.575,0.5,5,1,6,1,heldout
pit,2,64,0.575,0.5,8,8,8,8,heldout
pit,2,66,0.575,0.5,8,2,9,2,heldout
pit,2,67,0.575,0.5,7,2,7,2,heldout
pit,2,74,0.575,0.5,8,6,6,6,heldout
pit,2,77,0.575,0.5,8,7,9,7,heldout
pit,2,83,0.575,0.5,7,7,9,7,heldout
pit,2,105,0.575,0.5,3,1,6,1,heldout
pit,2,116,0.575,0.5,9,3,6,3,heldout
pit,2,118,0.575,0.5,5,4,5,4,heldout
pit,2,120,0.575,0.5,5,5,10,5,heldout
pit,2,137,0.575,0.5,2,2,5,2,heldout
pit,2,-1,0.6,0.3,63,52,85,52,val
pit,2,-1,0.6,0.5,63,40,85,40,val
pit,2,5,0.6,0.3,1,0,1,0,heldout
pit,2,13,0.6,0.3,5,5,5,5,heldout
pit,2,15,0.6,0.3,5,4,5,4,heldout
pit,2,20,0.6,0.3,3,0,2,0,heldout
pit,2,21,0.6,0.3,1,0,0,0,heldout
pit,2,25,0.6,0.3,5,4,6,4,heldout
pit,2,26,0.6,0.3,1,1,3,1,heldout
pit,2,42,0.6,0.3,3,2,3,2,heldout
pit,2,43,0.6,0.3,5,3,6,3,heldout
pit,2,64,0.6,0.3,8,8,8,8,heldout
pit,2,66,0.6,0.3,8,5,8,5,heldout
pit,2,67,0.6,0.3,7,4,7,4,heldout
pit,2,74,0.6,0.3,8,6,6,6,heldout
pit,2,77,0.6,0.3,8,7,9,7,heldout
pit,2,83,0.6,0.3,7,7,8,7,heldout
pit,2,105,0.6,0.3,3,3,6,3,heldout
pit,2,116,0.6,0.3,9,5,6,5,heldout
pit,2,118,0.6,0.3,5,4,5,4,heldout
pit,2,120,0.6,0.3,5,5,9,5,heldout
pit,2,137,0.6,0.3,2,2,5,2,heldout
pit,2,5,0.6,0.5,1,0,1,0,heldout
pit,2,13,0.6,0.5,5,3,5,3,heldout
pit,2,15,0.6,0.5,5,3,5,3,heldout
pit,2,20,0.6,0.5,3,0,2,0,heldout
pit,2,21,0.6,0.5,1,0,0,0,heldout
pit,2,25,0.6,0.5,5,4,6,4,heldout
pit,2,26,0.6,0.5,1,0,3,0,heldout
pit,2,42,0.6,0.5,3,1,3,1,heldout
pit,2,43,0.6,0.5,5,1,6,1,heldout
pit,2,64,0.6,0.5,8,7,8,7,heldout
pit,2,66,0.6,0.5,8,2,8,2,heldout
pit,2,67,0.6,0.5,7,1,7,1,heldout
pit,2,74,0.6,0.5,8,5,6,5,heldout
pit,2,77,0.6,0.5,8,7,9,7,heldout
pit,2,83,0.6,0.5,7,7,8,7,heldout
pit,2,105,0.6,0.5,3,1,6,1,heldout
pit,2,116,0.6,0.5,9,2,6,2,heldout
pit,2,118,0.6,0.5,5,3,5,3,heldout
pit,2,120,0.6,0.5,5,5,9,5,heldout
pit,2,137,0.6,0.5,2,2,5,2,heldout
pit,2,-1,0.625,0.3,63,49,82,49,val
pit,2,-1,0.625,0.5,63,31,82,31,val
pit,2,5,0.625,0.3,1,0,0,0,heldout
pit,2,13,0.625,0.3,5,5,5,5,heldout
pit,2,15,0.625,0.3,5,4,4,4,heldout
pit,2,20,0.625,0.3,3,0,2,0,heldout
pit,2,21,0.625,0.3,1,0,0,0,heldout
pit,2,25,0.625,0.3,5,4,5,4,heldout
pit,2,26,0.625,0.3,1,0,2,0,heldout
pit,2,42,0.625,0.3,3,2,3,2,heldout
pit,2,43,0.625,0.3,5,2,6,2,heldout
pit,2,64,0.625,0.3,8,8,8,8,heldout
pit,2,66,0.625,0.3,8,5,9,5,heldout
pit,2,67,0.625,0.3,7,4,7,4,heldout
pit,2,74,0.625,0.3,8,6,6,6,heldout
pit,2,77,0.625,0.3,8,7,9,7,heldout
pit,2,83,0.625,0.3,7,7,8,7,heldout
pit,2,105,0.625,0.3,3,3,4,3,heldout
pit,2,116,0.625,0.3,9,5,6,5,heldout
pit,2,118,0.625,0.3,5,4,5,4,heldout
pit,2,120,0.625,0.3,5,5,9,5,heldout
pit,2,137,0.625,0.3,2,2,5,2,heldout
pit,2,5,0.625,0.5,1,0,0,0,heldout
pit,2,13,0.625,0.5,5,2,5,2,heldout
pit,2,15,0.625,0.5,5,3,4,3,heldout
pit,2,20,0.625,0.5,3,0,2,0,heldout
pit,2,21,0.625,0.5,1,0,0,0,heldout
pit,2,25,0.625,0.5,5,2,5,2,heldout
pit,2,26,0.625,0.5,1,0,2,0,heldout
pit,2,42,0.625,0.5,3,1,3,1,heldout
pit,2,43,0.625,0.5,5,1,6,1,heldout
pit,2,64,0.625,0.5,8,7,8,7,heldout
pit,2,66,0.625,0.5,8,2,9,2,heldout
pit,2,67,0.625,0.5,7,1,7,1,heldout
pit,2,74,0.625,0.5,8,5,6,5,heldout
pit,2,77,0.625,0.5,8,7,9,7,heldout
pit,2,83,0.625,0.5,7,5,8,5,heldout
pit,2,105,0.625,0.5,3,1,4,1,heldout
pit,2,116,0.625,0.5,9,1,6,1,heldout
pit,2,118,0.625,0.5,5,3,5,3,heldout
pit,2,120,0.625,0.5,5,4,9,4,heldout
pit,2,137,0.625,0.5,2,2,5,2,heldout
pit,2,-1,0.65,0.3,63,45,77,45,val
pit,2,-1,0.65,0.5,63,25,77,25,val
pit,2,5,0.65,0.3,1,0,0,0,heldout
pit,2,13,0.65,0.3,5,4,4,4,heldout
pit,2,15,0.65,0.3,5,4,4,4,heldout
pit,2,20,0.65,0.3,3,0,2,0,heldout
pit,2,21,0.65,0.3,1,0,0,0,heldout
pit,2,25,0.65,0.3,5,4,5,4,heldout
pit,2,26,0.65,0.3,1,0,2,0,heldout
pit,2,42,0.65,0.3,3,2,3,2,heldout
pit,2,43,0.65,0.3,5,2,5,2,heldout
pit,2,64,0.65,0.3,8,8,8,8,heldout
pit,2,66,0.65,0.3,8,3,9,3,heldout
pit,2,67,0.65,0.3,7,4,7,4,heldout
pit,2,74,0.65,0.3,8,6,6,6,heldout
pit,2,77,0.65,0.3,8,7,9,7,heldout
pit,2,83,0.65,0.3,7,7,7,7,heldout
pit,2,105,0.65,0.3,3,1,4,1,heldout
pit,2,116,0.65,0.3,9,5,5,5,heldout
pit,2,118,0.65,0.3,5,4,5,4,heldout
pit,2,120,0.65,0.3,5,5,8,5,heldout
pit,2,137,0.65,0.3,2,2,4,2,heldout
pit,2,5,0.65,0.5,1,0,0,0,heldout
pit,2,13,0.65,0.5,5,2,4,2,heldout
pit,2,15,0.65,0.5,5,1,4,1,heldout
pit,2,20,0.65,0.5,3,0,2,0,heldout
pit,2,21,0.65,0.5,1,0,0,0,heldout
pit,2,25,0.65,0.5,5,2,5,2,heldout
pit,2,26,0.65,0.5,1,0,2,0,heldout
pit,2,42,0.65,0.5,3,1,3,1,heldout
pit,2,43,0.65,0.5,5,0,5,0,heldout
pit,2,64,0.65,0.5,8,5,8,5,heldout
pit,2,66,0.65,0.5,8,1,9,1,heldout
pit,2,67,0.65,0.5,7,0,7,0,heldout
pit,2,74,0.65,0.5,8,4,6,4,heldout
pit,2,77,0.65,0.5,8,7,9,7,heldout
pit,2,83,0.65,0.5,7,5,7,5,heldout
pit,2,105,0.65,0.5,3,0,4,0,heldout
pit,2,116,0.65,0.5,9,0,5,0,heldout
pit,2,118,0.65,0.5,5,3,5,3,heldout
pit,2,120,0.65,0.5,5,4,8,4,heldout
pit,2,137,0.65,0.5,2,1,4,1,heldout
pit,2,-1,0.675,0.3,63,41,68,41,val
pit,2,-1,0.675,0.5,63,20,68,20,val
pit,2,5,0.675,0.3,1,0,0,0,heldout
pit,2,13,0.675,0.3,5,3,4,3,heldout
pit,2,15,0.675,0.3,5,4,4,4,heldout
pit,2,20,0.675,0.3,3,0,2,0,heldout
pit,2,21,0.675,0.3,1,0,0,0,heldout
pit,2,25,0.675,0.3,5,4,5,4,heldout
pit,2,26,0.675,0.3,1,0,2,0,heldout
pit,2,42,0.675,0.3,3,2,3,2,heldout
pit,2,43,0.675,0.3,5,2,4,2,heldout
pit,2,64,0.675,0.3,8,7,8,7,heldout
pit,2,66,0.675,0.3,8,2,9,2,heldout
pit,2,67,0.675,0.3,7,2,7,2,heldout
pit,2,74,0.675,0.3,8,6,6,6,heldout
pit,2,77,0.675,0.3,8,7,8,7,heldout
pit,2,83,0.675,0.3,7,7,7,7,heldout
pit,2,105,0.675,0.3,3,1,4,1,heldout
pit,2,116,0.675,0.3,9,4,5,4,heldout
pit,2,118,0.675,0.3,5,4,5,4,heldout
pit,2,120,0.675,0.3,5,5,7,5,heldout
pit,2,137,0.675,0.3,2,1,5,1,heldout
pit,2,5,0.675,0.5,1,0,0,0,heldout
pit,2,13,0.675,0.5,5,1,4,1,heldout
pit,2,15,0.675,0.5,5,1,4,1,heldout
pit,2,20,0.675,0.5,3,0,2,0,heldout
pit,2,21,0.675,0.5,1,0,0,0,heldout
pit,2,25,0.675,0.5,5,2,5,2,heldout
pit,2,26,0.675,0.5,1,0,2,0,heldout
pit,2,42,0.675,0.5,3,1,3,1,heldout
pit,2,43,0.675,0.5,5,0,4,0,heldout
pit,2,64,0.675,0.5,8,4,8,4,heldout
pit,2,66,0.675,0.5,8,0,9,0,heldout
pit,2,67,0.675,0.5,7,0,7,0,heldout
pit,2,74,0.675,0.5,8,3,6,3,heldout
pit,2,77,0.675,0.5,8,5,8,5,heldout
pit,2,83,0.675,0.5,7,5,7,5,heldout
pit,2,105,0.675,0.5,3,0,4,0,heldout
pit,2,116,0.675,0.5,9,0,5,0,heldout
pit,2,118,0.675,0.5,5,2,5,2,heldout
pit,2,120,0.675,0.5,5,2,7,2,heldout
pit,2,137,0.675,0.5,2,0,5,0,heldout
pit,2,-1,0.7,0.3,63,34,63,34,val
pit,2,-1,0.7,0.5,63,12,63,12,val
pit,2,5,0.7,0.3,1,0,0,0,heldout
pit,2,13,0.7,0.3,5,2,4,2,heldout
pit,2,15,0.7,0.3,5,3,4,3,heldout
pit,2,20,0.7,0.3,3,0,2,0,heldout
pit,2,21,0.7,0.3,1,0,0,0,heldout
pit,2,25,0.7,0.3,5,3,5,3,heldout
pit,2,26,0.7,0.3,1,0,2,0,heldout
pit,2,42,0.7,0.3,3,1,3,1,heldout
pit,2,43,0.7,0.3,5,1,3,1,heldout
pit,2,64,0.7,0.3,8,7,8,7,heldout
pit,2,66,0.7,0.3,8,2,9,2,heldout
pit,2,67,0.7,0.3,7,1,6,1,heldout
pit,2,74,0.7,0.3,8,6,6,6,heldout
pit,2,77,0.7,0.3,8,7,8,7,heldout
pit,2,83,0.7,0.3,7,6,7,6,heldout
pit,2,105,0.7,0.3,3,0,3,0,heldout
pit,2,116,0.7,0.3,9,2,4,2,heldout
pit,2,118,0.7,0.3,5,4,4,4,heldout
pit,2,120,0.7,0.3,5,3,4,3,heldout
pit,2,137,0.7,0.3,2,1,5,1,heldout
pit,2,5,0.7,0.5,1,0,0,0,heldout
pit,2,13,0.7,0.5,5,0,4,0,heldout
pit,2,15,0.7,0.5,5,0,4,0,heldout
pit,2,20,0.7,0.5,3,0,2,0,heldout
pit,2,21,0.7,0.5,1,0,0,0,heldout
pit,2,25,0.7,0.5,5,1,5,1,heldout
pit,2,26,0.7,0.5,1,0,2,0,heldout
pit,2,42,0.7,0.5,3,1,3,1,heldout
pit,2,43,0.7,0.5,5,0,3,0,heldout
pit,2,64,0.7,0.5,8,2,8,2,heldout
pit,2,66,0.7,0.5,8,0,9,0,heldout
pit,2,67,0.7,0.5,7,0,6,0,heldout
pit,2,74,0.7,0.5,8,1,6,1,heldout
pit,2,77,0.7,0.5,8,4,8,4,heldout
pit,2,83,0.7,0.5,7,1,7,1,heldout
pit,2,105,0.7,0.5,3,0,3,0,heldout
pit,2,116,0.7,0.5,9,0,4,0,heldout
pit,2,118,0.7,0.5,5,1,4,1,heldout
pit,2,120,0.7,0.5,5,2,4,2,heldout
pit,2,137,0.7,0.5,2,0,5,0,heldout
pit,2,-1,0.725,0.3,63,29,53,29,val
pit,2,-1,0.725,0.5,63,8,53,8,val
pit,2,5,0.725,0.3,1,0,0,0,heldout
pit,2,13,0.725,0.3,5,1,3,1,heldout
pit,2,15,0.725,0.3,5,0,3,0,heldout
pit,2,20,0.725,0.3,3,0,1,0,heldout
pit,2,21,0.725,0.3,1,0,0,0,heldout
pit,2,25,0.725,0.3,5,3,4,3,heldout
pit,2,26,0.725,0.3,1,0,2,0,heldout
pit,2,42,0.725,0.3,3,1,3,1,heldout
pit,2,43,0.725,0.3,5,0,1,0,heldout
pit,2,64,0.725,0.3,8,7,8,7,heldout
pit,2,66,0.725,0.3,8,2,6,2,heldout
pit,2,67,0.725,0.3,7,0,6,0,heldout
pit,2,74,0.725,0.3,8,4,6,4,heldout
pit,2,77,0.725,0.3,8,7,8,7,heldout
pit,2,83,0.725,0.3,7,4,5,4,heldout
pit,2,105,0.725,0.3,3,0,1,0,heldout
pit,2,116,0.725,0.3,9,0,3,0,heldout
pit,2,118,0.725,0.3,5,3,4,3,heldout
pit,2,120,0.725,0.3,5,2,3,2,heldout
pit,2,137,0.725,0.3,2,0,4,0,heldout
pit,2,5,0.725,0.5,1,0,0,0,heldout
pit,2,13,0.725,0.5,5,0,3,0,heldout
pit,2,15,0.725,0.5,5,0,3,0,heldout
pit,2,20,0.725,0.5,3,0,1,0,heldout
pit,2,21,0.725,0.5,1,0,0,0,heldout
pit,2,25,0.725,0.5,5,0,4,0,heldout
pit,2,26,0.725,0.5,1,0,2,0,heldout
pit,2,42,0.725,0.5,3,0,3,0,heldout
pit,2,43,0.725,0.5,5,0,1,0,heldout
pit,2,64,0.725,0.5,8,2,8,2,heldout
pit,2,66,0.725,0.5,8,0,6,0,heldout
pit,2,67,0.725,0.5,7,0,6,0,heldout
pit,2,74,0.725,0.5,8,1,6,1,heldout
pit,2,77,0.725,0.5,8,3,8,3,heldout
pit,2,83,0.725,0.5,7,1,5,1,heldout
pit,2,105,0.725,0.5,3,0,1,0,heldout
pit,2,116,0.725,0.5,9,0,3,0,heldout
pit,2,118,0.725,0.5,5,0,4,0,heldout
pit,2,120,0.725,0.5,5,2,3,2,heldout
pit,2,137,0.725,0.5,2,0,4,0,heldout
pit,2,-1,0.75,0.3,63,21,50,21,val
pit,2,-1,0.75,0.5,63,2,50,2,val
pit,2,5,0.75,0.3,1,0,0,0,heldout
pit,2,13,0.75,0.3,5,0,2,0,heldout
pit,2,15,0.75,0.3,5,0,3,0,heldout
pit,2,20,0.75,0.3,3,0,1,0,heldout
pit,2,21,0.75,0.3,1,0,0,0,heldout
pit,2,25,0.75,0.3,5,2,4,2,heldout
pit,2,26,0.75,0.3,1,0,2,0,heldout
pit,2,42,0.75,0.3,3,1,3,1,heldout
pit,2,43,0.75,0.3,5,0,1,0,heldout
pit,2,64,0.75,0.3,8,5,8,5,heldout
pit,2,66,0.75,0.3,8,1,5,1,heldout
pit,2,67,0.75,0.3,7,0,4,0,heldout
pit,2,74,0.75,0.3,8,3,5,3,heldout
pit,2,77,0.75,0.3,8,7,8,7,heldout
pit,2,83,0.75,0.3,7,4,5,4,heldout
pit,2,105,0.75,0.3,3,0,1,0,heldout
pit,2,116,0.75,0.3,9,0,3,0,heldout
pit,2,118,0.75,0.3,5,1,4,1,heldout
pit,2,120,0.75,0.3,5,2,3,2,heldout
pit,2,137,0.75,0.3,2,0,4,0,heldout
pit,2,5,0.75,0.5,1,0,0,0,heldout
pit,2,13,0.75,0.5,5,0,2,0,heldout
pit,2,15,0.75,0.5,5,0,3,0,heldout
pit,2,20,0.75,0.5,3,0,1,0,heldout
pit,2,21,0.75,0.5,1,0,0,0,heldout
pit,2,25,0.75,0.5,5,0,4,0,heldout
pit,2,26,0.75,0.5,1,0,2,0,heldout
pit,2,42,0.75,0.5,3,0,3,0,heldout
pit,2,43,0.75,0.5,5,0,1,0,heldout
pit,2,64,0.75,0.5,8,1,8,1,heldout
pit,2,66,0.75,0.5,8,0,5,0,heldout
pit,2,67,0.75,0.5,7,0,4,0,heldout
pit,2,74,0.75,0.5,8,0,5,0,heldout
pit,2,77,0.75,0.5,8,1,8,1,heldout
pit,2,83,0.75,0.5,7,1,5,1,heldout
pit,2,105,0.75,0.5,3,0,1,0,heldout
pit,2,116,0.75,0.5,9,0,3,0,heldout
pit,2,118,0.75,0.5,5,0,4,0,heldout
pit,2,120,0.75,0.5,5,2,3,2,heldout
pit,2,137,0.75,0.5,2,0,4,0,heldout
pit,2,-1,0.775,0.3,63,13,37,13,val
pit,2,-1,0.775,0.5,63,0,37,0,val
pit,2,5,0.775,0.3,1,0,0,0,heldout
pit,2,13,0.775,0.3,5,0,1,0,heldout
pit,2,15,0.775,0.3,5,0,1,0,heldout
pit,2,20,0.775,0.3,3,0,1,0,heldout
pit,2,21,0.775,0.3,1,0,0,0,heldout
pit,2,25,0.775,0.3,5,2,2,2,heldout
pit,2,26,0.775,0.3,1,0,2,0,heldout
pit,2,42,0.775,0.3,3,1,3,1,heldout
pit,2,43,0.775,0.3,5,0,0,0,heldout
pit,2,64,0.775,0.3,8,3,8,3,heldout
pit,2,66,0.775,0.3,8,0,4,0,heldout
pit,2,67,0.775,0.3,7,0,2,0,heldout
pit,2,74,0.775,0.3,8,1,4,1,heldout
pit,2,77,0.775,0.3,8,5,8,5,heldout
pit,2,83,0.775,0.3,7,1,4,1,heldout
pit,2,105,0.775,0.3,3,0,1,0,heldout
pit,2,116,0.775,0.3,9,0,1,0,heldout
pit,2,118,0.775,0.3,5,0,2,0,heldout
pit,2,120,0.775,0.3,5,2,3,2,heldout
pit,2,137,0.775,0.3,2,0,3,0,heldout
pit,2,5,0.775,0.5,1,0,0,0,heldout
pit,2,13,0.775,0.5,5,0,1,0,heldout
pit,2,15,0.775,0.5,5,0,1,0,heldout
pit,2,20,0.775,0.5,3,0,1,0,heldout
pit,2,21,0.775,0.5,1,0,0,0,heldout
pit,2,25,0.775,0.5,5,0,2,0,heldout
pit,2,26,0.775,0.5,1,0,2,0,heldout
pit,2,42,0.775,0.5,3,0,3,0,heldout
pit,2,43,0.775,0.5,5,0,0,0,heldout
pit,2,64,0.775,0.5,8,1,8,1,heldout
pit,2,66,0.775,0.5,8,0,4,0,heldout
pit,2,67,0.775,0.5,7,0,2,0,heldout
pit,2,74,0.775,0.5,8,0,4,0,heldout
pit,2,77,0.775,0.5,8,1,8,1,heldout
pit,2,83,0.775,0.5,7,0,4,0,heldout
pit,2,105,0.775,0.5,3,0,1,0,heldout
pit,2,116,0.775,0.5,9,0,1,0,heldout
pit,2,118,0.775,0.5,5,0,2,0,heldout
pit,2,120,0.775,0.5,5,0,3,0,heldout
pit,2,137,0.775,0.5,2,0,3,0,heldout
pit,2,-1,0.8,0.3,63,6,25,6,val
pit,2,-1,0.8,0.5,63,0,25,0,val
pit,2,5,0.8,0.3,1,0,0,0,heldout
pit,2,13,0.8,0.3,5,0,0,0,heldout
pit,2,15,0.8,0.3,5,0,1,0,heldout
pit,2,20,0.8,0.3,3,0,1,0,heldout
pit,2,21,0.8,0.3,1,0,0,0,heldout
pit,2,25,0.8,0.3,5,0,2,0,heldout
pit,2,26,0.8,0.3,1,0,1,0,heldout
pit,2,42,0.8,0.3,3,0,3,0,heldout
pit,2,43,0.8,0.3,5,0,0,0,heldout
pit,2,64,0.8,0.3,8,2,6,2,heldout
pit,2,66,0.8,0.3,8,0,3,0,heldout
pit,2,67,0.8,0.3,7,0,2,0,heldout
pit,2,74,0.8,0.3,8,1,4,1,heldout
pit,2,77,0.8,0.3,8,3,8,3,heldout
pit,2,83,0.8,0.3,7,1,3,1,heldout
pit,2,105,0.8,0.3,3,0,1,0,heldout
pit,2,116,0.8,0.3,9,0,1,0,heldout
pit,2,118,0.8,0.3,5,0,1,0,heldout
pit,2,120,0.8,0.3,5,1,3,1,heldout
pit,2,137,0.8,0.3,2,0,1,0,heldout
pit,2,5,0.8,0.5,1,0,0,0,heldout
pit,2,13,0.8,0.5,5,0,0,0,heldout
pit,2,15,0.8,0.5,5,0,1,0,heldout
pit,2,20,0.8,0.5,3,0,1,0,heldout
pit,2,21,0.8,0.5,1,0,0,0,heldout
pit,2,25,0.8,0.5,5,0,2,0,heldout
pit,2,26,0.8,0.5,1,0,1,0,heldout
pit,2,42,0.8,0.5,3,0,3,0,heldout
pit,2,43,0.8,0.5,5,0,0,0,heldout
pit,2,64,0.8,0.5,8,1,6,1,heldout
pit,2,66,0.8,0.5,8,0,3,0,heldout
pit,2,67,0.8,0.5,7,0,2,0,heldout
pit,2,74,0.8,0.5,8,0,4,0,heldout
pit,2,77,0.8,0.5,8,0,8,0,heldout
pit,2,83,0.8,0.5,7,0,3,0,heldout
pit,2,105,0.8,0.5,3,0,1,0,heldout
pit,2,116,0.8,0.5,9,0,1,0,heldout
pit,2,118,0.8,0.5,5,0,1,0,heldout
pit,2,120,0.8,0.5,5,0,3,0,heldout
pit,2,137,0.8,0.5,2,0,1,0,heldout
pit,2,-1,0.825,0.3,63,2,16,2,val
pit,2,-1,0.825,0.5,63,0,16,0,val
pit,2,5,0.825,0.3,1,0,0,0,heldout
pit,2,13,0.825,0.3,5,0,0,0,heldout
pit,2,15,0.825,0.3,5,0,1,0,heldout
pit,2,20,0.825,0.3,3,0,1,0,heldout
pit,2,21,0.825,0.3,1,0,0,0,heldout
pit,2,25,0.825,0.3,5,0,2,0,heldout
pit,2,26,0.825,0.3,1,0,1,0,heldout
pit,2,42,0.825,0.3,3,0,1,0,heldout
pit,2,43,0.825,0.3,5,0,0,0,heldout
pit,2,64,0.825,0.3,8,1,5,1,heldout
pit,2,66,0.825,0.3,8,0,1,0,heldout
pit,2,67,0.825,0.3,7,0,2,0,heldout
pit,2,74,0.825,0.3,8,1,2,1,heldout
pit,2,77,0.825,0.3,8,1,7,1,heldout
pit,2,83,0.825,0.3,7,1,2,1,heldout
pit,2,105,0.825,0.3,3,0,1,0,heldout
pit,2,116,0.825,0.3,9,0,1,0,heldout
pit,2,118,0.825,0.3,5,0,0,0,heldout
pit,2,120,0.825,0.3,5,0,1,0,heldout
pit,2,137,0.825,0.3,2,0,1,0,heldout
pit,2,5,0.825,0.5,1,0,0,0,heldout
pit,2,13,0.825,0.5,5,0,0,0,heldout
pit,2,15,0.825,0.5,5,0,1,0,heldout
pit,2,20,0.825,0.5,3,0,1,0,heldout
pit,2,21,0.825,0.5,1,0,0,0,heldout
pit,2,25,0.825,0.5,5,0,2,0,heldout
pit,2,26,0.825,0.5,1,0,1,0,heldout
pit,2,42,0.825,0.5,3,0,1,0,heldout
pit,2,43,0.825,0.5,5,0,0,0,heldout
pit,2,64,0.825,0.5,8,0,5,0,heldout
pit,2,66,0.825,0.5,8,0,1,0,heldout
pit,2,67,0.825,0.5,7,0,2,0,heldout
pit,2,74,0.825,0.5,8,0,2,0,heldout
pit,2,77,0.825,0.5,8,0,7,0,heldout
pit,2,83,0.825,0.5,7,0,2,0,heldout
pit,2,105,0.825,0.5,3,0,1,0,heldout
pit,2,116,0.825,0.5,9,0,1,0,heldout
pit,2,118,0.825,0.5,5,0,0,0,heldout
pit,2,120,0.825,0.5,5,0,1,0,heldout
pit,2,137,0.825,0.5,2,0,1,0,heldout
pit,2,-1,0.85,0.3,63,0,8,0,val
pit,2,-1,0.85,0.5,63,0,8,0,val
pit,2,5,0.85,0.3,1,0,0,0,heldout
pit,2,13,0.85,0.3,5,0,0,0,heldout
pit,2,15,0.85,0.3,5,0,1,0,heldout
pit,2,20,0.85,0.3,3,0,0,0,heldout
pit,2,21,0.85,0.3,1,0,0,0,heldout
pit,2,25,0.85,0.3,5,0,0,0,heldout
pit,2,26,0.85,0.3,1,0,0,0,heldout
pit,2,42,0.85,0.3,3,0,0,0,heldout
pit,2,43,0.85,0.3,5,0,0,0,heldout
pit,2,64,0.85,0.3,8,0,2,0,heldout
pit,2,66,0.85,0.3,8,0,1,0,heldout
pit,2,67,0.85,0.3,7,0,0,0,heldout
pit,2,74,0.85,0.3,8,0,1,0,heldout
pit,2,77,0.85,0.3,8,0,2,0,heldout
pit,2,83,0.85,0.3,7,0,1,0,heldout
pit,2,105,0.85,0.3,3,0,0,0,heldout
pit,2,116,0.85,0.3,9,0,0,0,heldout
pit,2,118,0.85,0.3,5,0,0,0,heldout
pit,2,120,0.85,0.3,5,0,1,0,heldout
pit,2,137,0.85,0.3,2,0,0,0,heldout
pit,2,5,0.85,0.5,1,0,0,0,heldout
pit,2,13,0.85,0.5,5,0,0,0,heldout
pit,2,15,0.85,0.5,5,0,1,0,heldout
pit,2,20,0.85,0.5,3,0,0,0,heldout
pit,2,21,0.85,0.5,1,0,0,0,heldout
pit,2,25,0.85,0.5,5,0,0,0,heldout
pit,2,26,0.85,0.5,1,0,0,0,heldout
pit,2,42,0.85,0.5,3,0,0,0,heldout
pit,2,43,0.85,0.5,5,0,0,0,heldout
pit,2,64,0.85,0.5,8,0,2,0,heldout
pit,2,66,0.85,0.5,8,0,1,0,heldout
pit,2,67,0.85,0.5,7,0,0,0,heldout
pit,2,74,0.85,0.5,8,0,1,0,heldout
pit,2,77,0.85,0.5,8,0,2,0,heldout
pit,2,83,0.85,0.5,7,0,1,0,heldout
pit,2,105,0.85,0.5,3,0,0,0,heldout
pit,2,116,0.85,0.5,9,0,0,0,heldout
pit,2,118,0.85,0.5,5,0,0,0,heldout
pit,2,120,0.85,0.5,5,0,1,0,heldout
pit,2,137,0.85,0.5,2,0,0,0,heldout
pit,2,-1,0.875,0.3,63,0,1,0,val
pit,2,-1,0.875,0.5,63,0,1,0,val
pit,2,5,0.875,0.3,1,0,0,0,heldout
pit,2,13,0.875,0.3,5,0,0,0,heldout
pit,2,15,0.875,0.3,5,0,0,0,heldout
pit,2,20,0.875,0.3,3,0,0,0,heldout
pit,2,21,0.875,0.3,1,0,0,0,heldout
pit,2,25,0.875,0.3,5,0,0,0,heldout
pit,2,26,0.875,0.3,1,0,0,0,heldout
pit,2,42,0.875,0.3,3,0,0,0,heldout
pit,2,43,0.875,0.3,5,0,0,0,heldout
pit,2,64,0.875,0.3,8,0,0,0,heldout
pit,2,66,0.875,0.3,8,0,0,0,heldout
pit,2,67,0.875,0.3,7,0,0,0,heldout
pit,2,74,0.875,0.3,8,0,0,0,heldout
pit,2,77,0.875,0.3,8,0,0,0,heldout
pit,2,83,0.875,0.3,7,0,0,0,heldout
pit,2,105,0.875,0.3,3,0,0,0,heldout
pit,2,116,0.875,0.3,9,0,0,0,heldout
pit,2,118,0.875,0.3,5,0,0,0,heldout
pit,2,120,0.875,0.3,5,0,0,0,heldout
pit,2,137,0.875,0.3,2,0,0,0,heldout
pit,2,5,0.875,0.5,1,0,0,0,heldout
pit,2,13,0.875,0.5,5,0,0,0,heldout
pit,2,15,0.875,0.5,5,0,0,0,heldout
pit,2,20,0.875,0.5,3,0,0,0,heldout
pit,2,21,0.875,0.5,1,0,0,0,heldout
pit,2,25,0.875,0.5,5,0,0,0,heldout
pit,2,26,0.875,0.5,1,0,0,0,heldout
pit,2,42,0.875,0.5,3,0,0,0,heldout
pit,2,43,0.875,0.5,5,0,0,0,heldout
pit,2,64,0.875,0.5,8,0,0,0,heldout
pit,2,66,0.875,0.5,8,0,0,0,heldout
pit,2,67,0.875,0.5,7,0,0,0,heldout
pit,2,74,0.875,0.5,8,0,0,0,heldout
pit,2,77,0.875,0.5,8,0,0,0,heldout
pit,2,83,0.875,0.5,7,0,0,0,heldout
pit,2,105,0.875,0.5,3,0,0,0,heldout
pit,2,116,0.875,0.5,9,0,0,0,heldout
pit,2,118,0.875,0.5,5,0,0,0,heldout
pit,2,120,0.875,0.5,5,0,0,0,heldout
pit,2,137,0.875,0.5,2,0,0,0,heldout
pit,2,-1,0.9,0.3,63,0,0,0,val
pit,2,-1,0.9,0.5,63,0,0,0,val
pit,2,5,0.9,0.3,1,0,0,0,heldout
pit,2,13,0.9,0.3,5,0,0,0,heldout
pit,2,15,0.9,0.3,5,0,0,0,heldout
pit,2,20,0.9,0.3,3,0,0,0,heldout
pit,2,21,0.9,0.3,1,0,0,0,heldout
pit,2,25,0.9,0.3,5,0,0,0,heldout
pit,2,26,0.9,0.3,1,0,0,0,heldout
pit,2,42,0.9,0.3,3,0,0,0,heldout
pit,2,43,0.9,0.3,5,0,0,0,heldout
pit,2,64,0.9,0.3,8,0,0,0,heldout
pit,2,66,0.9,0.3,8,0,0,0,heldout
pit,2,67,0.9,0.3,7,0,0,0,heldout
pit,2,74,0.9,0.3,8,0,0,0,heldout
pit,2,77,0.9,0.3,8,0,0,0,heldout
pit,2,83,0.9,0.3,7,0,0,0,heldout
pit,2,105,0.9,0.3,3,0,0,0,heldout
pit,2,116,0.9,0.3,9,0,0,0,heldout
pit,2,118,0.9,0.3,5,0,0,0,heldout
pit,2,120,0.9,0.3,5,0,0,0,heldout
pit,2,137,0.9,0.3,2,0,0,0,heldout
pit,2,5,0.9,0.5,1,0,0,0,heldout
pit,2,13,0.9,0.5,5,0,0,0,heldout
pit,2,15,0.9,0.5,5,0,0,0,heldout
pit,2,20,0.9,0.5,3,0,0,0,heldout
pit,2,21,0.9,0.5,1,0,0,0,heldout
pit,2,25,0.9,0.5,5,0,0,0,heldout
pit,2,26,0.9,0.5,1,0,0,0,heldout
pit,2,42,0.9,0.5,3,0,0,0,heldout
pit,2,43,0.9,0.5,5,0,0,0,heldout
pit,2,64,0.9,0.5,8,0,0,0,heldout
pit,2,66,0.9,0.5,8,0,0,0,heldout
pit,2,67,0.9,0.5,7,0,0,0,heldout
pit,2,74,0.9,0.5,8,0,0,0,heldout
pit,2,77,0.9,0.5,8,0,0,0,heldout
pit,2,83,0.9,0.5,7,0,0,0,heldout
pit,2,105,0.9,0.5,3,0,0,0,heldout
pit,2,116,0.9,0.5,9,0,0,0,heldout
pit,2,118,0.9,0.5,5,0,0,0,heldout
pit,2,120,0.9,0.5,5,0,0,0,heldout
pit,2,137,0.9,0.5,2,0,0,0,heldout
pit,2,-1,0.925,0.3,63,0,0,0,val
pit,2,-1,0.925,0.5,63,0,0,0,val
pit,2,5,0.925,0.3,1,0,0,0,heldout
pit,2,13,0.925,0.3,5,0,0,0,heldout
pit,2,15,0.925,0.3,5,0,0,0,heldout
pit,2,20,0.925,0.3,3,0,0,0,heldout
pit,2,21,0.925,0.3,1,0,0,0,heldout
pit,2,25,0.925,0.3,5,0,0,0,heldout
pit,2,26,0.925,0.3,1,0,0,0,heldout
pit,2,42,0.925,0.3,3,0,0,0,heldout
pit,2,43,0.925,0.3,5,0,0,0,heldout
pit,2,64,0.925,0.3,8,0,0,0,heldout
pit,2,66,0.925,0.3,8,0,0,0,heldout
pit,2,67,0.925,0.3,7,0,0,0,heldout
pit,2,74,0.925,0.3,8,0,0,0,heldout
pit,2,77,0.925,0.3,8,0,0,0,heldout
pit,2,83,0.925,0.3,7,0,0,0,heldout
pit,2,105,0.925,0.3,3,0,0,0,heldout
pit,2,116,0.925,0.3,9,0,0,0,heldout
pit,2,118,0.925,0.3,5,0,0,0,heldout
pit,2,120,0.925,0.3,5,0,0,0,heldout
pit,2,137,0.925,0.3,2,0,0,0,heldout
pit,2,5,0.925,0.5,1,0,0,0,heldout
pit,2,13,0.925,0.5,5,0,0,0,heldout
pit,2,15,0.925,0.5,5,0,0,0,heldout
pit,2,20,0.925,0.5,3,0,0,0,heldout
pit,2,21,0.925,0.5,1,0,0,0,heldout
pit,2,25,0.925,0.5,5,0,0,0,heldout
pit,2,26,0.925,0.5,1,0,0,0,heldout
pit,2,42,0.925,0.5,3,0,0,0,heldout
pit,2,43,0.925,0.5,5,0,0,0,heldout
pit,2,64,0.925,0.5,8,0,0,0,heldout
pit,2,66,0.925,0.5,8,0,0,0,heldout
pit,2,67,0.925,0.5,7,0,0,0,heldout
pit,2,74,0.925,0.5,8,0,0,0,heldout
pit,2,77,0.925,0.5,8,0,0,0,heldout
pit,2,83,0.925,0.5,7,0,0,0,heldout
pit,2,105,0.925,0.5,3,0,0,0,heldout
pit,2,116,0.925,0.5,9,0,0,0,heldout
pit,2,118,0.925,0.5,5,0,0,0,heldout
pit,2,120,0.925,0.5,5,0,0,0,heldout
pit,2,137,0.925,0.5,2,0,0,0,heldout
pit,2,-1,0.95,0.3,63,0,0,0,val
pit,2,-1,0.95,0.5,63,0,0,0,val
pit,2,5,0.95,0.3,1,0,0,0,heldout
pit,2,13,0.95,0.3,5,0,0,0,heldout
pit,2,15,0.95,0.3,5,0,0,0,heldout
pit,2,20,0.95,0.3,3,0,0,0,heldout
pit,2,21,0.95,0.3,1,0,0,0,heldout
pit,2,25,0.95,0.3,5,0,0,0,heldout
pit,2,26,0.95,0.3,1,0,0,0,heldout
pit,2,42,0.95,0.3,3,0,0,0,heldout
pit,2,43,0.95,0.3,5,0,0,0,heldout
pit,2,64,0.95,0.3,8,0,0,0,heldout
pit,2,66,0.95,0.3,8,0,0,0,heldout
pit,2,67,0.95,0.3,7,0,0,0,heldout
pit,2,74,0.95,0.3,8,0,0,0,heldout
pit,2,77,0.95,0.3,8,0,0,0,heldout
pit,2,83,0.95,0.3,7,0,0,0,heldout
pit,2,105,0.95,0.3,3,0,0,0,heldout
pit,2,116,0.95,0.3,9,0,0,0,heldout
pit,2,118,0.95,0.3,5,0,0,0,heldout
pit,2,120,0.95,0.3,5,0,0,0,heldout
pit,2,137,0.95,0.3,2,0,0,0,heldout
pit,2,5,0.95,0.5,1,0,0,0,heldout
pit,2,13,0.95,0.5,5,0,0,0,heldout
pit,2,15,0.95,0.5,5,0,0,0,heldout
pit,2,20,0.95,0.5,3,0,0,0,heldout
pit,2,21,0.95,0.5,1,0,0,0,heldout
pit,2,25,0.95,0.5,5,0,0,0,heldout
pit,2,26,0.95,0.5,1,0,0,0,heldout
pit,2,42,0.95,0.5,3,0,0,0,heldout
pit,2,43,0.95,0.5,5,0,0,0,heldout
pit,2,64,0.95,0.5,8,0,0,0,heldout
pit,2,66,0.95,0.5,8,0,0,0,heldout
pit,2,67,0.95,0.5,7,0,0,0,heldout
pit,2,74,0.95,0.5,8,0,0,0,heldout
pit,2,77,0.95,0.5,8,0,0,0,heldout
pit,2,83,0.95,0.5,7,0,0,0,heldout
pit,2,105,0.95,0.5,3,0,0,0,heldout
pit,2,116,0.95,0.5,9,0,0,0,heldout
pit,2,118,0.95,0.5,5,0,0,0,heldout
pit,2,120,0.95,0.5,5,0,0,0,heldout
pit,2,137,0.95,0.5,2,0,0,0,heldout
pit,3,-1,0.05,0.3,79,45,758,45,val
pit,3,-1,0.05,0.5,79,6,758,6,val
pit,3,28,0.05,0.3,7,3,31,3,heldout
pit,3,39,0.05,0.3,5,3,18,3,heldout
pit,3,54,0.05,0.3,8,6,61,6,heldout
pit,3,57,0.05,0.3,1,0,37,0,heldout
pit,3,62,0.05,0.3,9,3,38,3,heldout
pit,3,68,0.05,0.3,3,2,21,2,heldout
pit,3,75,0.05,0.3,4,2,70,2,heldout
pit,3,80,0.05,0.3,2,2,42,2,heldout
pit,3,84,0.05,0.3,10,3,18,3,heldout
pit,3,85,0.05,0.3,1,0,12,0,heldout
pit,3,89,0.05,0.3,3,0,14,0,heldout
pit,3,90,0.05,0.3,5,4,18,4,heldout
pit,3,91,0.05,0.3,4,3,50,3,heldout
pit,3,93,0.05,0.3,3,1,16,1,heldout
pit,3,96,0.05,0.3,1,0,22,0,heldout
pit,3,99,0.05,0.3,6,5,14,5,heldout
pit,3,104,0.05,0.3,7,6,26,6,heldout
pit,3,122,0.05,0.3,2,2,10,2,heldout
pit,3,127,0.05,0.3,2,0,30,0,heldout
pit,3,128,0.05,0.3,5,2,10,2,heldout
pit,3,129,0.05,0.3,7,3,29,3,heldout
pit,3,136,0.05,0.3,3,0,22,0,heldout
pit,3,142,0.05,0.3,2,1,17,1,heldout
pit,3,28,0.05,0.5,7,1,31,1,heldout
pit,3,39,0.05,0.5,5,0,18,0,heldout
pit,3,54,0.05,0.5,8,2,61,2,heldout
pit,3,57,0.05,0.5,1,0,37,0,heldout
pit,3,62,0.05,0.5,9,0,38,0,heldout
pit,3,68,0.05,0.5,3,0,21,0,heldout
pit,3,75,0.05,0.5,4,0,70,0,heldout
pit,3,80,0.05,0.5,2,1,42,1,heldout
pit,3,84,0.05,0.5,10,0,18,0,heldout
pit,3,85,0.05,0.5,1,0,12,0,heldout
pit,3,89,0.05,0.5,3,0,14,0,heldout
pit,3,90,0.05,0.5,5,2,18,2,heldout
pit,3,91,0.05,0.5,4,0,50,0,heldout
pit,3,93,0.05,0.5,3,0,16,0,heldout
pit,3,96,0.05,0.5,1,0,22,0,heldout
pit,3,99,0.05,0.5,6,0,14,0,heldout
pit,3,104,0.05,0.5,7,1,26,1,heldout
pit,3,122,0.05,0.5,2,0,10,0,heldout
pit,3,127,0.05,0.5,2,0,30,0,heldout
pit,3,128,0.05,0.5,5,0,10,0,heldout
pit,3,129,0.05,0.5,7,0,29,0,heldout
pit,3,136,0.05,0.5,3,0,22,0,heldout
pit,3,142,0.05,0.5,2,0,17,0,heldout
pit,3,-1,0.075,0.3,79,49,350,49,val
pit,3,-1,0.075,0.5,79,8,350,8,val
pit,3,28,0.075,0.3,7,5,12,5,heldout
pit,3,39,0.075,0.3,5,3,12,3,heldout
pit,3,54,0.075,0.3,8,6,36,6,heldout
pit,3,57,0.075,0.3,1,0,14,0,heldout
pit,3,62,0.075,0.3,9,5,25,5,heldout
pit,3,68,0.075,0.3,3,2,8,2,heldout
pit,3,75,0.075,0.3,4,2,24,2,heldout
pit,3,80,0.075,0.3,2,2,18,2,heldout
pit,3,84,0.075,0.3,10,5,16,5,heldout
pit,3,85,0.075,0.3,1,0,10,0,heldout
pit,3,89,0.075,0.3,3,1,8,1,heldout
pit,3,90,0.075,0.3,5,5,10,5,heldout
pit,3,91,0.075,0.3,4,3,25,3,heldout
pit,3,93,0.075,0.3,3,1,14,1,heldout
pit,3,96,0.075,0.3,1,0,15,0,heldout
pit,3,99,0.075,0.3,6,5,11,5,heldout
pit,3,104,0.075,0.3,7,6,19,6,heldout
pit,3,122,0.075,0.3,2,2,5,2,heldout
pit,3,127,0.075,0.3,2,1,11,1,heldout
pit,3,128,0.075,0.3,5,3,8,3,heldout
pit,3,129,0.075,0.3,7,4,11,4,heldout
pit,3,136,0.075,0.3,3,0,14,0,heldout
pit,3,142,0.075,0.3,2,2,6,2,heldout
pit,3,28,0.075,0.5,7,1,12,1,heldout
pit,3,39,0.075,0.5,5,1,12,1,heldout
pit,3,54,0.075,0.5,8,2,36,2,heldout
pit,3,57,0.075,0.5,1,0,14,0,heldout
pit,3,62,0.075,0.5,9,1,25,1,heldout
pit,3,68,0.075,0.5,3,1,8,1,heldout
pit,3,75,0.075,0.5,4,0,24,0,heldout
pit,3,80,0.075,0.5,2,1,18,1,heldout
pit,3,84,0.075,0.5,10,0,16,0,heldout
pit,3,85,0.075,0.5,1,0,10,0,heldout
pit,3,89,0.075,0.5,3,0,8,0,heldout
pit,3,90,0.075,0.5,5,2,10,2,heldout
pit,3,91,0.075,0.5,4,0,25,0,heldout
pit,3,93,0.075,0.5,3,1,14,1,heldout
pit,3,96,0.075,0.5,1,0,15,0,heldout
pit,3,99,0.075,0.5,6,1,11,1,heldout
pit,3,104,0.075,0.5,7,2,19,2,heldout
pit,3,122,0.075,0.5,2,0,5,0,heldout
pit,3,127,0.075,0.5,2,0,11,0,heldout
pit,3,128,0.075,0.5,5,0,8,0,heldout
pit,3,129,0.075,0.5,7,0,11,0,heldout
pit,3,136,0.075,0.5,3,0,14,0,heldout
pit,3,142,0.075,0.5,2,0,6,0,heldout
pit,3,-1,0.1,0.3,79,54,269,54,val
pit,3,-1,0.1,0.5,79,10,269,10,val
pit,3,28,0.1,0.3,7,5,9,5,heldout
pit,3,39,0.1,0.3,5,3,11,3,heldout
pit,3,54,0.1,0.3,8,6,22,6,heldout
pit,3,57,0.1,0.3,1,0,12,0,heldout
pit,3,62,0.1,0.3,9,6,20,6,heldout
pit,3,68,0.1,0.3,3,2,5,2,heldout
pit,3,75,0.1,0.3,4,2,16,2,heldout
pit,3,80,0.1,0.3,2,2,12,2,heldout
pit,3,84,0.1,0.3,10,6,15,6,heldout
pit,3,85,0.1,0.3,1,0,9,0,heldout
pit,3,89,0.1,0.3,3,2,7,2,heldout
pit,3,90,0.1,0.3,5,5,10,5,heldout
pit,3,91,0.1,0.3,4,4,17,4,heldout
pit,3,93,0.1,0.3,3,2,13,2,heldout
pit,3,96,0.1,0.3,1,0,13,0,heldout
pit,3,99,0.1,0.3,6,5,9,5,heldout
pit,3,104,0.1,0.3,7,6,17,6,heldout
pit,3,122,0.1,0.3,2,2,5,2,heldout
pit,3,127,0.1,0.3,2,1,10,1,heldout
pit,3,128,0.1,0.3,5,3,6,3,heldout
pit,3,129,0.1,0.3,7,4,10,4,heldout
pit,3,136,0.1,0.3,3,1,12,1,heldout
pit,3,142,0.1,0.3,2,2,5,2,heldout
pit,3,28,0.1,0.5,7,1,9,1,heldout
pit,3,39,0.1,0.5,5,1,11,1,heldout
pit,3,54,0.1,0.5,8,2,22,2,heldout
pit,3,57,0.1,0.5,1,0,12,0,heldout
pit,3,62,0.1,0.5,9,1,20,1,heldout
pit,3,68,0.1,0.5,3,2,5,2,heldout
pit,3,75,0.1,0.5,4,0,16,0,heldout
pit,3,80,0.1,0.5,2,1,12,1,heldout
pit,3,84,0.1,0.5,10,1,15,1,heldout
pit,3,85,0.1,0.5,1,0,9,0,heldout
pit,3,89,0.1,0.5,3,0,7,0,heldout
pit,3,90,0.1,0.5,5,3,10,3,heldout
pit,3,91,0.1,0.5,4,1,17,1,heldout
pit,3,93,0.1,0.5,3,1,13,1,heldout
pit,3,96,0.1,0.5,1,0,13,0,heldout
pit,3,99,0.1,0.5,6,1,9,1,heldout
pit,3,104,0.1,0.5,7,2,17,2,heldout
pit,3,122,0.1,0.5,2,0,5,0,heldout
pit,3,127,0.1,0.5,2,0,10,0,heldout
pit,3,128,0.1,0.5,5,1,6,1,heldout
pit,3,129,0.1,0.5,7,2,10,2,heldout
pit,3,136,0.1,0.5,3,0,12,0,heldout
pit,3,142,0.1,0.5,2,0,5,0,heldout
pit,3,-1,0.125,0.3,79,58,231,58,val
pit,3,-1,0.125,0.5,79,18,231,18,val
pit,3,28,0.125,0.3,7,5,9,5,heldout
pit,3,39,0.125,0.3,5,4,10,4,heldout
pit,3,54,0.125,0.3,8,7,14,7,heldout
pit,3,57,0.125,0.3,1,0,11,0,heldout
pit,3,62,0.125,0.3,9,6,15,6,heldout
pit,3,68,0.125,0.3,3,2,5,2,heldout
pit,3,75,0.125,0.3,4,2,16,2,heldout
pit,3,80,0.125,0.3,2,2,9,2,heldout
pit,3,84,0.125,0.3,10,6,14,6,heldout
pit,3,85,0.125,0.3,1,0,9,0,heldout
pit,3,89,0.125,0.3,3,2,6,2,heldout
pit,3,90,0.125,0.3,5,5,9,5,heldout
pit,3,91,0.125,0.3,4,4,15,4,heldout
pit,3,93,0.125,0.3,3,3,12,3,heldout
pit,3,96,0.125,0.3,1,0,12,0,heldout
pit,3,99,0.125,0.3,6,5,8,5,heldout
pit,3,104,0.125,0.3,7,6,16,6,heldout
pit,3,122,0.125,0.3,2,2,5,2,heldout
pit,3,127,0.125,0.3,2,2,8,2,heldout
pit,3,128,0.125,0.3,5,4,6,4,heldout
pit,3,129,0.125,0.3,7,5,10,5,heldout
pit,3,136,0.125,0.3,3,1,11,1,heldout
pit,3,142,0.125,0.3,2,2,4,2,heldout
pit,3,28,0.125,0.5,7,1,9,1,heldout
pit,3,39,0.125,0.5,5,2,10,2,heldout
pit,3,54,0.125,0.5,8,2,14,2,heldout
pit,3,57,0.125,0.5,1,0,11,0,heldout
pit,3,62,0.125,0.5,9,2,15,2,heldout
pit,3,68,0.125,0.5,3,2,5,2,heldout
pit,3,75,0.125,0.5,4,0,16,0,heldout
pit,3,80,0.125,0.5,2,1,9,1,heldout
pit,3,84,0.125,0.5,10,2,14,2,heldout
pit,3,85,0.125,0.5,1,0,9,0,heldout
pit,3,89,0.125,0.5,3,0,6,0,heldout
pit,3,90,0.125,0.5,5,3,9,3,heldout
pit,3,91,0.125,0.5,4,1,15,1,heldout
pit,3,93,0.125,0.5,3,1,12,1,heldout
pit,3,96,0.125,0.5,1,0,12,0,heldout
pit,3,99,0.125,0.5,6,3,8,3,heldout
pit,3,104,0.125,0.5,7,2,16,2,heldout
pit,3,122,0.125,0.5,2,0,5,0,heldout
pit,3,127,0.125,0.5,2,0,8,0,heldout
pit,3,128,0.125,0.5,5,1,6,1,heldout
pit,3,129,0.125,0.5,7,2,10,2,heldout
pit,3,136,0.125,0.5,3,0,11,0,heldout
pit,3,142,0.125,0.5,2,0,4,0,heldout
pit,3,-1,0.15,0.3,79,65,212,65,val
pit,3,-1,0.15,0.5,79,22,212,22,val
pit,3,28,0.15,0.3,7,5,9,5,heldout
pit,3,39,0.15,0.3,5,4,9,4,heldout
pit,3,54,0.15,0.3,8,7,10,7,heldout
pit,3,57,0.15,0.3,1,0,9,0,heldout
pit,3,62,0.15,0.3,9,7,13,7,heldout
pit,3,68,0.15,0.3,3,2,4,2,heldout
pit,3,75,0.15,0.3,4,2,15,2,heldout
pit,3,80,0.15,0.3,2,2,6,2,heldout
pit,3,84,0.15,0.3,10,7,14,7,heldout
pit,3,85,0.15,0.3,1,1,9,1,heldout
pit,3,89,0.15,0.3,3,3,6,3,heldout
pit,3,90,0.15,0.3,5,5,9,5,heldout
pit,3,91,0.15,0.3,4,4,14,4,heldout
pit,3,93,0.15,0.3,3,3,10,3,heldout
pit,3,96,0.15,0.3,1,0,12,0,heldout
pit,3,99,0.15,0.3,6,5,8,5,heldout
pit,3,104,0.15,0.3,7,6,16,6,heldout
pit,3,122,0.15,0.3,2,2,5,2,heldout
pit,3,127,0.15,0.3,2,2,6,2,heldout
pit,3,128,0.15,0.3,5,4,6,4,heldout
pit,3,129,0.15,0.3,7,5,10,5,heldout
pit,3,136,0.15,0.3,3,1,10,1,heldout
pit,3,142,0.15,0.3,2,2,4,2,heldout
pit,3,28,0.15,0.5,7,2,9,2,heldout
pit,3,39,0.15,0.5,5,2,9,2,heldout
pit,3,54,0.15,0.5,8,2,10,2,heldout
pit,3,57,0.15,0.5,1,0,9,0,heldout
pit,3,62,0.15,0.5,9,2,13,2,heldout
pit,3,68,0.15,0.5,3,2,4,2,heldout
pit,3,75,0.15,0.5,4,0,15,0,heldout
pit,3,80,0.15,0.5,2,1,6,1,heldout
pit,3,84,0.15,0.5,10,2,14,2,heldout
pit,3,85,0.15,0.5,1,0,9,0,heldout
pit,3,89,0.15,0.5,3,0,6,0,heldout
pit,3,90,0.15,0.5,5,3,9,3,heldout
pit,3,91,0.15,0.5,4,1,14,1,heldout
pit,3,93,0.15,0.5,3,1,10,1,heldout
pit,3,96,0.15,0.5,1,0,12,0,heldout
pit,3,99,0.15,0.5,6,3,8,3,heldout
pit,3,104,0.15,0.5,7,3,16,3,heldout
pit,3,122,0.15,0.5,2,0,5,0,heldout
pit,3,127,0.15,0.5,2,0,6,0,heldout
pit,3,128,0.15,0.5,5,1,6,1,heldout
pit,3,129,0.15,0.5,7,2,10,2,heldout
pit,3,136,0.15,0.5,3,0,10,0,heldout
pit,3,142,0.15,0.5,2,1,4,1,heldout
pit,3,-1,0.175,0.3,79,68,194,68,val
pit,3,-1,0.175,0.5,79,29,194,29,val
pit,3,28,0.175,0.3,7,5,9,5,heldout
pit,3,39,0.175,0.3,5,4,8,4,heldout
pit,3,54,0.175,0.3,8,7,10,7,heldout
pit,3,57,0.175,0.3,1,0,9,0,heldout
pit,3,62,0.175,0.3,9,8,12,8,heldout
pit,3,68,0.175,0.3,3,2,4,2,heldout
pit,3,75,0.175,0.3,4,4,14,4,heldout
pit,3,80,0.175,0.3,2,2,6,2,heldout
pit,3,84,0.175,0.3,10,7,14,7,heldout
pit,3,85,0.175,0.3,1,1,9,1,heldout
pit,3,89,0.175,0.3,3,3,4,3,heldout
pit,3,90,0.175,0.3,5,5,7,5,heldout
pit,3,91,0.175,0.3,4,3,13,3,heldout
pit,3,93,0.175,0.3,3,3,10,3,heldout
pit,3,96,0.175,0.3,1,1,12,1,heldout
pit,3,99,0.175,0.3,6,5,8,5,heldout
pit,3,104,0.175,0.3,7,6,15,6,heldout
pit,3,122,0.175,0.3,2,2,4,2,heldout
pit,3,127,0.175,0.3,2,2,6,2,heldout
pit,3,128,0.175,0.3,5,4,6,4,heldout
pit,3,129,0.175,0.3,7,5,10,5,heldout
pit,3,136,0.175,0.3,3,1,10,1,heldout
pit,3,142,0.175,0.3,2,2,4,2,heldout
pit,3,28,0.175,0.5,7,2,9,2,heldout
pit,3,39,0.175,0.5,5,4,8,4,heldout
pit,3,54,0.175,0.5,8,4,10,4,heldout
pit,3,57,0.175,0.5,1,0,9,0,heldout
pit,3,62,0.175,0.5,9,2,12,2,heldout
pit,3,68,0.175,0.5,3,2,4,2,heldout
pit,3,75,0.175,0.5,4,2,14,2,heldout
pit,3,80,0.175,0.5,2,2,6,2,heldout
pit,3,84,0.175,0.5,10,3,14,3,heldout
pit,3,85,0.175,0.5,1,0,9,0,heldout
pit,3,89,0.175,0.5,3,0,4,0,heldout
pit,3,90,0.175,0.5,5,4,7,4,heldout
pit,3,91,0.175,0.5,4,1,13,1,heldout
pit,3,93,0.175,0.5,3,1,10,1,heldout
pit,3,96,0.175,0.5,1,0,12,0,heldout
pit,3,99,0.175,0.5,6,3,8,3,heldout
pit,3,104,0.175,0.5,7,3,15,3,heldout
pit,3,122,0.175,0.5,2,0,4,0,heldout
pit,3,127,0.175,0.5,2,0,6,0,heldout
pit,3,128,0.175,0.5,5,1,6,1,heldout
pit,3,129,0.175,0.5,7,2,10,2,heldout
pit,3,136,0.175,0.5,3,0,10,0,heldout
pit,3,142,0.175,0.5,2,1,4,1,heldout
pit,3,-1,0.2,0.3,79,73,178,73,val
pit,3,-1,0.2,0.5,79,37,178,37,val
pit,3,28,0.2,0.3,7,5,7,5,heldout
pit,3,39,0.2,0.3,5,5,8,5,heldout
pit,3,54,0.2,0.3,8,7,9,7,heldout
pit,3,57,0.2,0.3,1,1,9,1,heldout
pit,3,62,0.2,0.3,9,8,12,8,heldout
pit,3,68,0.2,0.3,3,2,4,2,heldout
pit,3,75,0.2,0.3,4,4,12,4,heldout
pit,3,80,0.2,0.3,2,2,6,2,heldout
pit,3,84,0.2,0.3,10,8,13,8,heldout
pit,3,85,0.2,0.3,1,1,7,1,heldout
pit,3,89,0.2,0.3,3,3,4,3,heldout
pit,3,90,0.2,0.3,5,5,7,5,heldout
pit,3,91,0.2,0.3,4,3,12,3,heldout
pit,3,93,0.2,0.3,3,3,9,3,heldout
pit,3,96,0.2,0.3,1,1,12,1,heldout
pit,3,99,0.2,0.3,6,6,7,6,heldout
pit,3,104,0.2,0.3,7,6,15,6,heldout
pit,3,122,0.2,0.3,2,2,4,2,heldout
pit,3,127,0.2,0.3,2,2,6,2,heldout
pit,3,128,0.2,0.3,5,4,6,4,heldout
pit,3,129,0.2,0.3,7,5,8,5,heldout
pit,3,136,0.2,0.3,3,2,10,2,heldout
pit,3,142,0.2,0.3,2,2,3,2,heldout
pit,3,28,0.2,0.5,7,2,7,2,heldout
pit,3,39,0.2,0.5,5,4,8,4,heldout
pit,3,54,0.2,0.5,8,5,9,5,heldout
pit,3,57,0.2,0.5,1,0,9,0,heldout
pit,3,62,0.2,0.5,9,3,12,3,heldout
pit,3,68,0.2,0.5,3,2,4,2,heldout
pit,3,75,0.2,0.5,4,2,12,2,heldout
pit,3,80,0.2,0.5,2,2,6,2,heldout
pit,3,84,0.2,0.5,10,3,13,3,heldout
pit,3,85,0.2,0.5,1,0,7,0,heldout
pit,3,89,0.2,0.5,3,0,4,0,heldout
pit,3,90,0.2,0.5,5,4,7,4,heldout
pit,3,91,0.2,0.5,4,1,12,1,heldout
pit,3,93,0.2,0.5,3,1,9,1,heldout
pit,3,96,0.2,0.5,1,0,12,0,heldout
pit,3,99,0.2,0.5,6,3,7,3,heldout
pit,3,104,0.2,0.5,7,5,15,5,heldout
pit,3,122,0.2,0.5,2,1,4,1,heldout
pit,3,127,0.2,0.5,2,0,6,0,heldout
pit,3,128,0.2,0.5,5,1,6,1,heldout
pit,3,129,0.2,0.5,7,4,8,4,heldout
pit,3,136,0.2,0.5,3,0,10,0,heldout
pit,3,142,0.2,0.5,2,1,3,1,heldout
pit,3,-1,0.225,0.3,79,74,173,74,val
pit,3,-1,0.225,0.5,79,41,173,41,val
pit,3,28,0.225,0.3,7,6,7,6,heldout
pit,3,39,0.225,0.3,5,5,8,5,heldout
pit,3,54,0.225,0.3,8,7,10,7,heldout
pit,3,57,0.225,0.3,1,1,9,1,heldout
pit,3,62,0.225,0.3,9,9,12,9,heldout
pit,3,68,0.225,0.3,3,2,4,2,heldout
pit,3,75,0.225,0.3,4,4,12,4,heldout
pit,3,80,0.225,0.3,2,2,6,2,heldout
pit,3,84,0.225,0.3,10,9,14,9,heldout
pit,3,85,0.225,0.3,1,1,8,1,heldout
pit,3,89,0.225,0.3,3,3,4,3,heldout
pit,3,90,0.225,0.3,5,5,7,5,heldout
pit,3,91,0.225,0.3,4,3,11,3,heldout
pit,3,93,0.225,0.3,3,3,9,3,heldout
pit,3,96,0.225,0.3,1,1,11,1,heldout
pit,3,99,0.225,0.3,6,6,7,6,heldout
pit,3,104,0.225,0.3,7,6,13,6,heldout
pit,3,122,0.225,0.3,2,2,4,2,heldout
pit,3,127,0.225,0.3,2,2,6,2,heldout
pit,3,128,0.225,0.3,5,4,6,4,heldout
pit,3,129,0.225,0.3,7,5,8,5,heldout
pit,3,136,0.225,0.3,3,2,11,2,heldout
pit,3,142,0.225,0.3,2,2,3,2,heldout
pit,3,28,0.225,0.5,7,3,7,3,heldout
pit,3,39,0.225,0.5,5,4,8,4,heldout
pit,3,54,0.225,0.5,8,6,10,6,heldout
pit,3,57,0.225,0.5,1,0,9,0,heldout
pit,3,62,0.225,0.5,9,3,12,3,heldout
pit,3,68,0.225,0.5,3,2,4,2,heldout
pit,3,75,0.225,0.5,4,2,12,2,heldout
pit,3,80,0.225,0.5,2,2,6,2,heldout
pit,3,84,0.225,0.5,10,3,14,3,heldout
pit,3,85,0.225,0.5,1,0,8,0,heldout
pit,3,89,0.225,0.5,3,1,4,1,heldout
pit,3,90,0.225,0.5,5,4,7,4,heldout
pit,3,91,0.225,0.5,4,1,11,1,heldout
pit,3,93,0.225,0.5,3,1,9,1,heldout
pit,3,96,0.225,0.5,1,0,11,0,heldout
pit,3,99,0.225,0.5,6,3,7,3,heldout
pit,3,104,0.225,0.5,7,5,13,5,heldout
pit,3,122,0.225,0.5,2,2,4,2,heldout
pit,3,127,0.225,0.5,2,0,6,0,heldout
pit,3,128,0.225,0.5,5,2,6,2,heldout
pit,3,129,0.225,0.5,7,4,8,4,heldout
pit,3,136,0.225,0.5,3,0,11,0,heldout
pit,3,142,0.225,0.5,2,1,3,1,heldout
pit,3,-1,0.25,0.3,79,77,157,77,val
pit,3,-1,0.25,0.5,79,44,157,44,val
pit,3,28,0.25,0.3,7,6,7,6,heldout
pit,3,39,0.25,0.3,5,5,7,5,heldout
pit,3,54,0.25,0.3,8,7,7,7,heldout
pit,3,57,0.25,0.3,1,1,9,1,heldout
pit,3,62,0.25,0.3,9,9,12,9,heldout
pit,3,68,0.25,0.3,3,2,4,2,heldout
pit,3,75,0.25,0.3,4,4,10,4,heldout
pit,3,80,0.25,0.3,2,2,6,2,heldout
pit,3,84,0.25,0.3,10,9,14,9,heldout
pit,3,85,0.25,0.3,1,1,8,1,heldout
pit,3,89,0.25,0.3,3,3,4,3,heldout
pit,3,90,0.25,0.3,5,5,7,5,heldout
pit,3,91,0.25,0.3,4,3,10,3,heldout
pit,3,93,0.25,0.3,3,3,9,3,heldout
pit,3,96,0.25,0.3,1,1,11,1,heldout
pit,3,99,0.25,0.3,6,6,7,6,heldout
pit,3,104,0.25,0.3,7,6,13,6,heldout
pit,3,122,0.25,0.3,2,2,4,2,heldout
pit,3,127,0.25,0.3,2,2,6,2,heldout
pit,3,128,0.25,0.3,5,4,6,4,heldout
pit,3,129,0.25,0.3,7,6,7,6,heldout
pit,3,136,0.25,0.3,3,3,10,3,heldout
pit,3,142,0.25,0.3,2,2,3,2,heldout
pit,3,28,0.25,0.5,7,4,7,4,heldout
pit,3,39,0.25,0.5,5,4,7,4,heldout
pit,3,54,0.25,0.5,8,6,7,6,heldout
pit,3,57,0.25,0.5,1,0,9,0,heldout
pit,3,62,0.25,0.5,9,5,12,5,heldout
pit,3,68,0.25,0.5,3,2,4,2,heldout
pit,3,75,0.25,0.5,4,2,10,2,heldout
pit,3,80,0.25,0.5,2,2,6,2,heldout
pit,3,84,0.25,0.5,10,7,14,7,heldout
pit,3,85,0.25,0.5,1,0,8,0,heldout
pit,3,89,0.25,0.5,3,2,4,2,heldout
pit,3,90,0.25,0.5,5,4,7,4,heldout
pit,3,91,0.25,0.5,4,1,10,1,heldout
pit,3,93,0.25,0.5,3,2,9,2,heldout
pit,3,96,0.25,0.5,1,0,11,0,heldout
pit,3,99,0.25,0.5,6,4,7,4,heldout
pit,3,104,0.25,0.5,7,6,13,6,heldout
pit,3,122,0.25,0.5,2,2,4,2,heldout
pit,3,127,0.25,0.5,2,1,6,1,heldout
pit,3,128,0.25,0.5,5,2,6,2,heldout
pit,3,129,0.25,0.5,7,4,7,4,heldout
pit,3,136,0.25,0.5,3,0,10,0,heldout
pit,3,142,0.25,0.5,2,1,3,1,heldout
pit,3,-1,0.275,0.3,79,78,152,78,val
pit,3,-1,0.275,0.5,79,50,152,50,val
pit,3,28,0.275,0.3,7,6,7,6,heldout
pit,3,39,0.275,0.3,5,5,7,5,heldout
pit,3,54,0.275,0.3,8,7,7,7,heldout
pit,3,57,0.275,0.3,1,1,9,1,heldout
pit,3,62,0.275,0.3,9,9,12,9,heldout
pit,3,68,0.275,0.3,3,2,4,2,heldout
pit,3,75,0.275,0.3,4,4,9,4,heldout
pit,3,80,0.275,0.3,2,2,6,2,heldout
pit,3,84,0.275,0.3,10,10,15,10,heldout
pit,3,85,0.275,0.3,1,1,7,1,heldout
pit,3,89,0.275,0.3,3,3,4,3,heldout
pit,3,90,0.275,0.3,5,5,7,5,heldout
pit,3,91,0.275,0.3,4,3,8,3,heldout
pit,3,93,0.275,0.3,3,3,9,3,heldout
pit,3,96,0.275,0.3,1,1,10,1,heldout
pit,3,99,0.275,0.3,6,6,7,6,heldout
pit,3,104,0.275,0.3,7,6,13,6,heldout
pit,3,122,0.275,0.3,2,2,4,2,heldout
pit,3,127,0.275,0.3,2,2,6,2,heldout
pit,3,128,0.275,0.3,5,5,5,5,heldout
pit,3,129,0.275,0.3,7,6,7,6,heldout
pit,3,136,0.275,0.3,3,3,10,3,heldout
pit,3,142,0.275,0.3,2,2,3,2,heldout
pit,3,28,0.275,0.5,7,4,7,4,heldout
pit,3,39,0.275,0.5,5,4,7,4,heldout
pit,3,54,0.275,0.5,8,7,7,7,heldout
pit,3,57,0.275,0.5,1,0,9,0,heldout
pit,3,62,0.275,0.5,9,6,12,6,heldout
pit,3,68,0.275,0.5,3,2,4,2,heldout
pit,3,75,0.275,0.5,4,2,9,2,heldout
pit,3,80,0.275,0.5,2,2,6,2,heldout
pit,3,84,0.275,0.5,10,10,15,10,heldout
pit,3,85,0.275,0.5,1,0,7,0,heldout
pit,3,89,0.275,0.5,3,2,4,2,heldout
pit,3,90,0.275,0.5,5,5,7,5,heldout
pit,3,91,0.275,0.5,4,1,8,1,heldout
pit,3,93,0.275,0.5,3,2,9,2,heldout
pit,3,96,0.275,0.5,1,0,10,0,heldout
pit,3,99,0.275,0.5,6,4,7,4,heldout
pit,3,104,0.275,0.5,7,6,13,6,heldout
pit,3,122,0.275,0.5,2,2,4,2,heldout
pit,3,127,0.275,0.5,2,1,6,1,heldout
pit,3,128,0.275,0.5,5,3,5,3,heldout
pit,3,129,0.275,0.5,7,4,7,4,heldout
pit,3,136,0.275,0.5,3,2,10,2,heldout
pit,3,142,0.275,0.5,2,2,3,2,heldout
pit,3,-1,0.3,0.3,79,79,144,79,val
pit,3,-1,0.3,0.5,79,56,144,56,val
pit,3,28,0.3,0.3,7,6,7,6,heldout
pit,3,39,0.3,0.3,5,5,7,5,heldout
pit,3,54,0.3,0.3,8,7,7,7,heldout
pit,3,57,0.3,0.3,1,1,8,1,heldout
pit,3,62,0.3,0.3,9,9,12,9,heldout
pit,3,68,0.3,0.3,3,3,4,3,heldout
pit,3,75,0.3,0.3,4,4,9,4,heldout
pit,3,80,0.3,0.3,2,2,4,2,heldout
pit,3,84,0.3,0.3,10,10,15,10,heldout
pit,3,85,0.3,0.3,1,1,7,1,heldout
pit,3,89,0.3,0.3,3,3,4,3,heldout
pit,3,90,0.3,0.3,5,5,7,5,heldout
pit,3,91,0.3,0.3,4,3,8,3,heldout
pit,3,93,0.3,0.3,3,3,8,3,heldout
pit,3,96,0.3,0.3,1,1,10,1,heldout
pit,3,99,0.3,0.3,6,6,7,6,heldout
pit,3,104,0.3,0.3,7,6,13,6,heldout
pit,3,122,0.3,0.3,2,2,4,2,heldout
pit,3,127,0.3,0.3,2,2,6,2,heldout
pit,3,128,0.3,0.3,5,5,5,5,heldout
pit,3,129,0.3,0.3,7,6,7,6,heldout
pit,3,136,0.3,0.3,3,3,9,3,heldout
pit,3,142,0.3,0.3,2,2,3,2,heldout
pit,3,28,0.3,0.5,7,4,7,4,heldout
pit,3,39,0.3,0.5,5,4,7,4,heldout
pit,3,54,0.3,0.5,8,7,7,7,heldout
pit,3,57,0.3,0.5,1,0,8,0,heldout
pit,3,62,0.3,0.5,9,6,12,6,heldout
pit,3,68,0.3,0.5,3,2,4,2,heldout
pit,3,75,0.3,0.5,4,3,9,3,heldout
pit,3,80,0.3,0.5,2,2,4,2,heldout
pit,3,84,0.3,0.5,10,10,15,10,heldout
pit,3,85,0.3,0.5,1,0,7,0,heldout
pit,3,89,0.3,0.5,3,2,4,2,heldout
pit,3,90,0.3,0.5,5,5,7,5,heldout
pit,3,91,0.3,0.5,4,2,8,2,heldout
pit,3,93,0.3,0.5,3,3,8,3,heldout
pit,3,96,0.3,0.5,1,1,10,1,heldout
pit,3,99,0.3,0.5,6,5,7,5,heldout
pit,3,104,0.3,0.5,7,6,13,6,heldout
pit,3,122,0.3,0.5,2,2,4,2,heldout
pit,3,127,0.3,0.5,2,2,6,2,heldout
pit,3,128,0.3,0.5,5,4,5,4,heldout
pit,3,129,0.3,0.5,7,5,7,5,heldout
pit,3,136,0.3,0.5,3,2,9,2,heldout
pit,3,142,0.3,0.5,2,2,3,2,heldout
pit,3,-1,0.325,0.3,79,79,140,79,val
pit,3,-1,0.325,0.5,79,62,140,62,val
pit,3,28,0.325,0.3,7,6,6,6,heldout
pit,3,39,0.325,0.3,5,5,7,5,heldout
pit,3,54,0.325,0.3,8,7,7,7,heldout
pit,3,57,0.325,0.3,1,1,8,1,heldout
pit,3,62,0.325,0.3,9,9,12,9,heldout
pit,3,68,0.325,0.3,3,3,4,3,heldout
pit,3,75,0.325,0.3,4,4,9,4,heldout
pit,3,80,0.325,0.3,2,2,4,2,heldout
pit,3,84,0.325,0.3,10,10,14,10,heldout
pit,3,85,0.325,0.3,1,1,7,1,heldout
pit,3,89,0.325,0.3,3,3,4,3,heldout
pit,3,90,0.325,0.3,5,5,7,5,heldout
pit,3,91,0.325,0.3,4,3,8,3,heldout
pit,3,93,0.325,0.3,3,3,8,3,heldout
pit,3,96,0.325,0.3,1,1,10,1,heldout
pit,3,99,0.325,0.3,6,6,7,6,heldout
pit,3,104,0.325,0.3,7,6,13,6,heldout
pit,3,122,0.325,0.3,2,2,4,2,heldout
pit,3,127,0.325,0.3,2,2,5,2,heldout
pit,3,128,0.325,0.3,5,5,5,5,heldout
pit,3,129,0.325,0.3,7,6,7,6,heldout
pit,3,136,0.325,0.3,3,3,9,3,heldout
pit,3,142,0.325,0.3,2,2,3,2,heldout
pit,3,28,0.325,0.5,7,4,6,4,heldout
pit,3,39,0.325,0.5,5,3,7,3,heldout
pit,3,54,0.325,0.5,8,6,7,6,heldout
pit,3,57,0.325,0.5,1,0,8,0,heldout
pit,3,62,0.325,0.5,9,7,12,7,heldout
pit,3,68,0.325,0.5,3,2,4,2,heldout
pit,3,75,0.325,0.5,4,4,9,4,heldout
pit,3,80,0.325,0.5,2,2,4,2,heldout
pit,3,84,0.325,0.5,10,10,14,10,heldout
pit,3,85,0.325,0.5,1,1,7,1,heldout
pit,3,89,0.325,0.5,3,2,4,2,heldout
pit,3,90,0.325,0.5,5,5,7,5,heldout
pit,3,91,0.325,0.5,4,2,8,2,heldout
pit,3,93,0.325,0.5,3,3,8,3,heldout
pit,3,96,0.325,0.5,1,1,10,1,heldout
pit,3,99,0.325,0.5,6,5,7,5,heldout
pit,3,104,0.325,0.5,7,6,13,6,heldout
pit,3,122,0.325,0.5,2,2,4,2,heldout
pit,3,127,0.325,0.5,2,2,5,2,heldout
pit,3,128,0.325,0.5,5,4,5,4,heldout
pit,3,129,0.325,0.5,7,5,7,5,heldout
pit,3,136,0.325,0.5,3,2,9,2,heldout
pit,3,142,0.325,0.5,2,2,3,2,heldout
pit,3,-1,0.35,0.3,79,78,134,78,val
pit,3,-1,0.35,0.5,79,67,134,67,val
pit,3,28,0.35,0.3,7,7,7,7,heldout
pit,3,39,0.35,0.3,5,5,7,5,heldout
pit,3,54,0.35,0.3,8,7,7,7,heldout
pit,3,57,0.35,0.3,1,1,7,1,heldout
pit,3,62,0.35,0.3,9,9,12,9,heldout
pit,3,68,0.35,0.3,3,3,3,3,heldout
pit,3,75,0.35,0.3,4,4,9,4,heldout
pit,3,80,0.35,0.3,2,2,5,2,heldout
pit,3,84,0.35,0.3,10,10,14,10,heldout
pit,3,85,0.35,0.3,1,1,7,1,heldout
pit,3,89,0.35,0.3,3,3,4,3,heldout
pit,3,90,0.35,0.3,5,5,7,5,heldout
pit,3,91,0.35,0.3,4,3,8,3,heldout
pit,3,93,0.35,0.3,3,3,8,3,heldout
pit,3,96,0.35,0.3,1,1,10,1,heldout
pit,3,99,0.35,0.3,6,6,6,6,heldout
pit,3,104,0.35,0.3,7,6,12,6,heldout
pit,3,122,0.35,0.3,2,2,3,2,heldout
pit,3,127,0.35,0.3,2,2,5,2,heldout
pit,3,128,0.35,0.3,5,5,5,5,heldout
pit,3,129,0.35,0.3,7,6,7,6,heldout
pit,3,136,0.35,0.3,3,3,9,3,heldout
pit,3,142,0.35,0.3,2,2,3,2,heldout
pit,3,28,0.35,0.5,7,7,7,7,heldout
pit,3,39,0.35,0.5,5,4,7,4,heldout
pit,3,54,0.35,0.5,8,6,7,6,heldout
pit,3,57,0.35,0.5,1,1,7,1,heldout
pit,3,62,0.35,0.5,9,8,12,8,heldout
pit,3,68,0.35,0.5,3,2,3,2,heldout
pit,3,75,0.35,0.5,4,4,9,4,heldout
pit,3,80,0.35,0.5,2,2,5,2,heldout
pit,3,84,0.35,0.5,10,10,14,10,heldout
pit,3,85,0.35,0.5,1,1,7,1,heldout
pit,3,89,0.35,0.5,3,3,4,3,heldout
pit,3,90,0.35,0.5,5,5,7,5,heldout
pit,3,91,0.35,0.5,4,2,8,2,heldout
pit,3,93,0.35,0.5,3,3,8,3,heldout
pit,3,96,0.35,0.5,1,1,10,1,heldout
pit,3,99,0.35,0.5,6,5,6,5,heldout
pit,3,104,0.35,0.5,7,6,12,6,heldout
pit,3,122,0.35,0.5,2,2,3,2,heldout
pit,3,127,0.35,0.5,2,2,5,2,heldout
pit,3,128,0.35,0.5,5,4,5,4,heldout
pit,3,129,0.35,0.5,7,6,7,6,heldout
pit,3,136,0.35,0.5,3,2,9,2,heldout
pit,3,142,0.35,0.5,2,2,3,2,heldout
pit,3,-1,0.375,0.3,79,78,129,78,val
pit,3,-1,0.375,0.5,79,70,129,70,val
pit,3,28,0.375,0.3,7,7,7,7,heldout
pit,3,39,0.375,0.3,5,5,7,5,heldout
pit,3,54,0.375,0.3,8,7,7,7,heldout
pit,3,57,0.375,0.3,1,1,7,1,heldout
pit,3,62,0.375,0.3,9,9,12,9,heldout
pit,3,68,0.375,0.3,3,3,3,3,heldout
pit,3,75,0.375,0.3,4,4,9,4,heldout
pit,3,80,0.375,0.3,2,2,5,2,heldout
pit,3,84,0.375,0.3,10,10,14,10,heldout
pit,3,85,0.375,0.3,1,1,7,1,heldout
pit,3,89,0.375,0.3,3,3,4,3,heldout
pit,3,90,0.375,0.3,5,5,7,5,heldout
pit,3,91,0.375,0.3,4,3,8,3,heldout
pit,3,93,0.375,0.3,3,3,8,3,heldout
pit,3,96,0.375,0.3,1,1,10,1,heldout
pit,3,99,0.375,0.3,6,5,6,5,heldout
pit,3,104,0.375,0.3,7,7,12,7,heldout
pit,3,122,0.375,0.3,2,2,3,2,heldout
pit,3,127,0.375,0.3,2,2,4,2,heldout
pit,3,128,0.375,0.3,5,5,5,5,heldout
pit,3,129,0.375,0.3,7,6,7,6,heldout
pit,3,136,0.375,0.3,3,3,8,3,heldout
pit,3,142,0.375,0.3,2,2,2,2,heldout
pit,3,28,0.375,0.5,7,6,7,6,heldout
pit,3,39,0.375,0.5,5,5,7,5,heldout
pit,3,54,0.375,0.5,8,6,7,6,heldout
pit,3,57,0.375,0.5,1,1,7,1,heldout
pit,3,62,0.375,0.5,9,8,12,8,heldout
pit,3,68,0.375,0.5,3,1,3,1,heldout
pit,3,75,0.375,0.5,4,4,9,4,heldout
pit,3,80,0.375,0.5,2,2,5,2,heldout
pit,3,84,0.375,0.5,10,10,14,10,heldout
pit,3,85,0.375,0.5,1,1,7,1,heldout
pit,3,89,0.375,0.5,3,3,4,3,heldout
pit,3,90,0.375,0.5,5,5,7,5,heldout
pit,3,91,0.375,0.5,4,2,8,2,heldout
pit,3,93,0.375,0.5,3,3,8,3,heldout
pit,3,96,0.375,0.5,1,1,10,1,heldout
pit,3,99,0.375,0.5,6,4,6,4,heldout
pit,3,104,0.375,0.5,7,6,12,6,heldout
pit,3,122,0.375,0.5,2,2,3,2,heldout
pit,3,127,0.375,0.5,2,2,4,2,heldout
pit,3,128,0.375,0.5,5,3,5,3,heldout
pit,3,129,0.375,0.5,7,6,7,6,heldout
pit,3,136,0.375,0.5,3,3,8,3,heldout
pit,3,142,0.375,0.5,2,2,2,2,heldout
pit,3,-1,0.4,0.3,79,78,128,78,val
pit,3,-1,0.4,0.5,79,74,128,74,val
pit,3,28,0.4,0.3,7,7,7,7,heldout
pit,3,39,0.4,0.3,5,5,7,5,heldout
pit,3,54,0.4,0.3,8,7,7,7,heldout
pit,3,57,0.4,0.3,1,1,7,1,heldout
pit,3,62,0.4,0.3,9,9,11,9,heldout
pit,3,68,0.4,0.3,3,3,3,3,heldout
pit,3,75,0.4,0.3,4,4,8,4,heldout
pit,3,80,0.4,0.3,2,2,5,2,heldout
pit,3,84,0.4,0.3,10,10,14,10,heldout
pit,3,85,0.4,0.3,1,1,6,1,heldout
pit,3,89,0.4,0.3,3,3,4,3,heldout
pit,3,90,0.4,0.3,5,5,7,5,heldout
pit,3,91,0.4,0.3,4,3,8,3,heldout
pit,3,93,0.4,0.3,3,3,8,3,heldout
pit,3,96,0.4,0.3,1,1,11,1,heldout
pit,3,99,0.4,0.3,6,5,5,5,heldout
pit,3,104,0.4,0.3,7,7,12,7,heldout
pit,3,122,0.4,0.3,2,2,3,2,heldout
pit,3,127,0.4,0.3,2,2,3,2,heldout
pit,3,128,0.4,0.3,5,4,4,4,heldout
pit,3,129,0.4,0.3,7,6,7,6,heldout
pit,3,136,0.4,0.3,3,3,8,3,heldout
pit,3,142,0.4,0.3,2,2,2,2,heldout
pit,3,28,0.4,0.5,7,6,7,6,heldout
pit,3,39,0.4,0.5,5,4,7,4,heldout
pit,3,54,0.4,0.5,8,6,7,6,heldout
pit,3,57,0.4,0.5,1,1,7,1,heldout
pit,3,62,0.4,0.5,9,8,11,8,heldout
pit,3,68,0.4,0.5,3,2,3,2,heldout
pit,3,75,0.4,0.5,4,4,8,4,heldout
pit,3,80,0.4,0.5,2,2,5,2,heldout
pit,3,84,0.4,0.5,10,10,14,10,heldout
pit,3,85,0.4,0.5,1,1,6,1,heldout
pit,3,89,0.4,0.5,3,3,4,3,heldout
pit,3,90,0.4,0.5,5,5,7,5,heldout
pit,3,91,0.4,0.5,4,2,8,2,heldout
pit,3,93,0.4,0.5,3,3,8,3,heldout
pit,3,96,0.4,0.5,1,1,11,1,heldout
pit,3,99,0.4,0.5,6,5,5,5,heldout
pit,3,104,0.4,0.5,7,6,12,6,heldout
pit,3,122,0.4,0.5,2,2,3,2,heldout
pit,3,127,0.4,0.5,2,2,3,2,heldout
pit,3,128,0.4,0.5,5,4,4,4,heldout
pit,3,129,0.4,0.5,7,6,7,6,heldout
pit,3,136,0.4,0.5,3,3,8,3,heldout
pit,3,142,0.4,0.5,2,2,2,2,heldout
pit,3,-1,0.425,0.3,79,78,125,78,val
pit,3,-1,0.425,0.5,79,74,125,74,val
pit,3,28,0.425,0.3,7,7,7,7,heldout
pit,3,39,0.425,0.3,5,5,6,5,heldout
pit,3,54,0.425,0.3,8,7,7,7,heldout
pit,3,57,0.425,0.3,1,1,8,1,heldout
pit,3,62,0.425,0.3,9,9,10,9,heldout
pit,3,68,0.425,0.3,3,3,3,3,heldout
pit,3,75,0.425,0.3,4,4,8,4,heldout
pit,3,80,0.425,0.3,2,2,6,2,heldout
pit,3,84,0.425,0.3,10,9,13,9,heldout
pit,3,85,0.425,0.3,1,1,6,1,heldout
pit,3,89,0.425,0.3,3,3,4,3,heldout
pit,3,90,0.425,0.3,5,5,7,5,heldout
pit,3,91,0.425,0.3,4,3,8,3,heldout
pit,3,93,0.425,0.3,3,3,8,3,heldout
pit,3,96,0.425,0.3,1,1,9,1,heldout
pit,3,99,0.425,0.3,6,5,5,5,heldout
pit,3,104,0.425,0.3,7,7,11,7,heldout
pit,3,122,0.425,0.3,2,2,3,2,heldout
pit,3,127,0.425,0.3,2,2,3,2,heldout
pit,3,128,0.425,0.3,5,4,4,4,heldout
pit,3,129,0.425,0.3,7,6,7,6,heldout
pit,3,136,0.425,0.3,3,3,8,3,heldout
pit,3,142,0.425,0.3,2,2,2,2,heldout
pit,3,28,0.425,0.5,7,6,7,6,heldout
pit,3,39,0.425,0.5,5,4,6,4,heldout
pit,3,54,0.425,0.5,8,6,7,6,heldout
pit,3,57,0.425,0.5,1,1,8,1,heldout
pit,3,62,0.425,0.5,9,8,10,8,heldout
pit,3,68,0.425,0.5,3,2,3,2,heldout
pit,3,75,0.425,0.5,4,4,8,4,heldout
pit,3,80,0.425,0.5,2,2,6,2,heldout
pit,3,84,0.425,0.5,10,9,13,9,heldout
pit,3,85,0.425,0.5,1,1,6,1,heldout
pit,3,89,0.425,0.5,3,3,4,3,heldout
pit,3,90,0.425,0.5,5,4,7,4,heldout
pit,3,91,0.425,0.5,4,2,8,2,heldout
pit,3,93,0.425,0.5,3,3,8,3,heldout
pit,3,96,0.425,0.5,1,1,9,1,heldout
pit,3,99,0.425,0.5,6,5,5,5,heldout
pit,3,104,0.425,0.5,7,5,11,5,heldout
pit,3,122,0.425,0.5,2,2,3,2,heldout
pit,3,127,0.425,0.5,2,2,3,2,heldout
pit,3,128,0.425,0.5,5,4,4,4,heldout
pit,3,129,0.425,0.5,7,6,7,6,heldout
pit,3,136,0.425,0.5,3,3,8,3,heldout
pit,3,142,0.425,0.5,2,2,2,2,heldout
pit,3,-1,0.45,0.3,79,77,123,77,val
pit,3,-1,0.45,0.5,79,71,123,71,val
pit,3,28,0.45,0.3,7,7,7,7,heldout
pit,3,39,0.45,0.3,5,5,6,5,heldout
pit,3,54,0.45,0.3,8,7,7,7,heldout
pit,3,57,0.45,0.3,1,1,8,1,heldout
pit,3,62,0.45,0.3,9,9,10,9,heldout
pit,3,68,0.45,0.3,3,3,3,3,heldout
pit,3,75,0.45,0.3,4,4,8,4,heldout
pit,3,80,0.45,0.3,2,2,7,2,heldout
pit,3,84,0.45,0.3,10,10,13,9,heldout
pit,3,85,0.45,0.3,1,1,6,1,heldout
pit,3,89,0.45,0.3,3,3,3,3,heldout
pit,3,90,0.45,0.3,5,5,7,5,heldout
pit,3,91,0.45,0.3,4,3,8,3,heldout
pit,3,93,0.45,0.3,3,3,8,3,heldout
pit,3,96,0.45,0.3,1,1,10,2,heldout
pit,3,99,0.45,0.3,6,5,5,5,heldout
pit,3,104,0.45,0.3,7,7,11,7,heldout
pit,3,122,0.45,0.3,2,2,3,2,heldout
pit,3,127,0.45,0.3,2,2,3,2,heldout
pit,3,128,0.45,0.3,5,4,4,4,heldout
pit,3,129,0.45,0.3,7,6,7,6,heldout
pit,3,136,0.45,0.3,3,3,8,3,heldout
pit,3,142,0.45,0.3,2,2,2,2,heldout
pit,3,28,0.45,0.5,7,6,7,6,heldout
pit,3,39,0.45,0.5,5,4,6,4,heldout
pit,3,54,0.45,0.5,8,6,7,6,heldout
pit,3,57,0.45,0.5,1,1,8,1,heldout
pit,3,62,0.45,0.5,9,8,10,8,heldout
pit,3,68,0.45,0.5,3,2,3,2,heldout
pit,3,75,0.45,0.5,4,4,8,4,heldout
pit,3,80,0.45,0.5,2,2,7,2,heldout
pit,3,84,0.45,0.5,10,9,13,8,heldout
pit,3,85,0.45,0.5,1,1,6,1,heldout
pit,3,89,0.45,0.5,3,3,3,3,heldout
pit,3,90,0.45,0.5,5,4,7,4,heldout
pit,3,91,0.45,0.5,4,3,8,3,heldout
pit,3,93,0.45,0.5,3,3,8,3,heldout
pit,3,96,0.45,0.5,1,1,10,2,heldout
pit,3,99,0.45,0.5,6,5,5,5,heldout
pit,3,104,0.45,0.5,7,5,11,5,heldout
pit,3,122,0.45,0.5,2,2,3,2,heldout
pit,3,127,0.45,0.5,2,2,3,2,heldout
pit,3,128,0.45,0.5,5,4,4,4,heldout
pit,3,129,0.45,0.5,7,6,7,6,heldout
pit,3,136,0.45,0.5,3,3,8,3,heldout
pit,3,142,0.45,0.5,2,2,2,2,heldout
pit,3,-1,0.475,0.3,79,77,118,77,val
pit,3,-1,0.475,0.5,79,67,118,67,val
pit,3,28,0.475,0.3,7,7,7,7,heldout
pit,3,39,0.475,0.3,5,5,6,5,heldout
pit,3,54,0.475,0.3,8,6,7,6,heldout
pit,3,57,0.475,0.3,1,1,7,1,heldout
pit,3,62,0.475,0.3,9,9,10,9,heldout
pit,3,68,0.475,0.3,3,3,3,3,heldout
pit,3,75,0.475,0.3,4,4,8,4,heldout
pit,3,80,0.475,0.3,2,2,4,2,heldout
pit,3,84,0.475,0.3,10,9,13,8,heldout
pit,3,85,0.475,0.3,1,1,4,1,heldout
pit,3,89,0.475,0.3,3,3,3,3,heldout
pit,3,90,0.475,0.3,5,5,6,5,heldout
pit,3,91,0.475,0.3,4,3,8,3,heldout
pit,3,93,0.475,0.3,3,3,8,3,heldout
pit,3,96,0.475,0.3,1,1,10,2,heldout
pit,3,99,0.475,0.3,6,5,5,5,heldout
pit,3,104,0.475,0.3,7,7,11,7,heldout
pit,3,122,0.475,0.3,2,2,3,2,heldout
pit,3,127,0.475,0.3,2,2,3,2,heldout
pit,3,128,0.475,0.3,5,4,4,4,heldout
pit,3,129,0.475,0.3,7,6,7,6,heldout
pit,3,136,0.475,0.3,3,3,8,3,heldout
pit,3,142,0.475,0.3,2,2,2,2,heldout
pit,3,28,0.475,0.5,7,6,7,6,heldout
pit,3,39,0.475,0.5,5,4,6,4,heldout
pit,3,54,0.475,0.5,8,6,7,6,heldout
pit,3,57,0.475,0.5,1,1,7,1,heldout
pit,3,62,0.475,0.5,9,8,10,8,heldout
pit,3,68,0.475,0.5,3,1,3,1,heldout
pit,3,75,0.475,0.5,4,4,8,4,heldout
pit,3,80,0.475,0.5,2,2,4,2,heldout
pit,3,84,0.475,0.5,10,9,13,8,heldout
pit,3,85,0.475,0.5,1,1,4,1,heldout
pit,3,89,0.475,0.5,3,3,3,3,heldout
pit,3,90,0.475,0.5,5,3,6,3,heldout
pit,3,91,0.475,0.5,4,2,8,2,heldout
pit,3,93,0.475,0.5,3,3,8,3,heldout
pit,3,96,0.475,0.5,1,1,10,2,heldout
pit,3,99,0.475,0.5,6,5,5,5,heldout
pit,3,104,0.475,0.5,7,5,11,5,heldout
pit,3,122,0.475,0.5,2,2,3,2,heldout
pit,3,127,0.475,0.5,2,2,3,2,heldout
pit,3,128,0.475,0.5,5,4,4,4,heldout
pit,3,129,0.475,0.5,7,5,7,5,heldout
pit,3,136,0.475,0.5,3,3,8,3,heldout
pit,3,142,0.475,0.5,2,2,2,2,heldout
pit,3,-1,0.5,0.3,79,76,117,76,val
pit,3,-1,0.5,0.5,79,66,117,66,val
pit,3,28,0.5,0.3,7,7,7,7,heldout
pit,3,39,0.5,0.3,5,5,6,5,heldout
pit,3,54,0.5,0.3,8,6,7,6,heldout
pit,3,57,0.5,0.3,1,1,7,1,heldout
pit,3,62,0.5,0.3,9,9,10,9,heldout
pit,3,68,0.5,0.3,3,3,3,3,heldout
pit,3,75,0.5,0.3,4,4,7,4,heldout
pit,3,80,0.5,0.3,2,2,4,2,heldout
pit,3,84,0.5,0.3,10,9,12,8,heldout
pit,3,85,0.5,0.3,1,1,5,1,heldout
pit,3,89,0.5,0.3,3,3,3,3,heldout
pit,3,90,0.5,0.3,5,5,6,5,heldout
pit,3,91,0.5,0.3,4,3,8,3,heldout
pit,3,93,0.5,0.3,3,3,8,3,heldout
pit,3,96,0.5,0.3,1,1,8,2,heldout
pit,3,99,0.5,0.3,6,5,5,5,heldout
pit,3,104,0.5,0.3,7,6,10,6,heldout
pit,3,122,0.5,0.3,2,2,2,2,heldout
pit,3,127,0.5,0.3,2,2,3,2,heldout
pit,3,128,0.5,0.3,5,4,4,4,heldout
pit,3,129,0.5,0.3,7,6,7,6,heldout
pit,3,136,0.5,0.3,3,3,7,3,heldout
pit,3,142,0.5,0.3,2,2,2,2,heldout
pit,3,28,0.5,0.5,7,6,7,6,heldout
pit,3,39,0.5,0.5,5,3,6,3,heldout
pit,3,54,0.5,0.5,8,6,7,6,heldout
pit,3,57,0.5,0.5,1,1,7,1,heldout
pit,3,62,0.5,0.5,9,8,10,8,heldout
pit,3,68,0.5,0.5,3,1,3,1,heldout
pit,3,75,0.5,0.5,4,4,7,4,heldout
pit,3,80,0.5,0.5,2,1,4,1,heldout
pit,3,84,0.5,0.5,10,7,12,7,heldout
pit,3,85,0.5,0.5,1,1,5,1,heldout
pit,3,89,0.5,0.5,3,3,3,3,heldout
pit,3,90,0.5,0.5,5,3,6,3,heldout
pit,3,91,0.5,0.5,4,2,8,2,heldout
pit,3,93,0.5,0.5,3,2,8,2,heldout
pit,3,96,0.5,0.5,1,1,8,1,heldout
pit,3,99,0.5,0.5,6,5,5,5,heldout
pit,3,104,0.5,0.5,7,5,10,5,heldout
pit,3,122,0.5,0.5,2,2,2,2,heldout
pit,3,127,0.5,0.5,2,2,3,2,heldout
pit,3,128,0.5,0.5,5,4,4,4,heldout
pit,3,129,0.5,0.5,7,5,7,5,heldout
pit,3,136,0.5,0.5,3,3,7,3,heldout
pit,3,142,0.5,0.5,2,2,2,2,heldout
pit,3,-1,0.525,0.3,79,76,112,76,val
pit,3,-1,0.525,0.5,79,64,112,64,val
pit,3,28,0.525,0.3,7,6,7,6,heldout
pit,3,39,0.525,0.3,5,5,6,5,heldout
pit,3,54,0.525,0.3,8,6,7,6,heldout
pit,3,57,0.525,0.3,1,1,6,1,heldout
pit,3,62,0.525,0.3,9,9,10,9,heldout
pit,3,68,0.525,0.3,3,1,2,1,heldout
pit,3,75,0.525,0.3,4,4,7,4,heldout
pit,3,80,0.525,0.3,2,2,4,2,heldout
pit,3,84,0.525,0.3,10,9,12,8,heldout
pit,3,85,0.525,0.3,1,1,6,1,heldout
pit,3,89,0.525,0.3,3,3,3,3,heldout
pit,3,90,0.525,0.3,5,5,6,5,heldout
pit,3,91,0.525,0.3,4,3,8,3,heldout
pit,3,93,0.525,0.3,3,3,7,3,heldout
pit,3,96,0.525,0.3,1,1,8,2,heldout
pit,3,99,0.525,0.3,6,5,5,5,heldout
pit,3,104,0.525,0.3,7,6,8,6,heldout
pit,3,122,0.525,0.3,2,2,2,2,heldout
pit,3,127,0.525,0.3,2,2,3,2,heldout
pit,3,128,0.525,0.3,5,4,4,4,heldout
pit,3,129,0.525,0.3,7,6,7,6,heldout
pit,3,136,0.525,0.3,3,3,7,3,heldout
pit,3,142,0.525,0.3,2,2,2,2,heldout
pit,3,28,0.525,0.5,7,5,7,5,heldout
pit,3,39,0.525,0.5,5,2,6,2,heldout
pit,3,54,0.525,0.5,8,5,7,5,heldout
pit,3,57,0.525,0.5,1,1,6,1,heldout
pit,3,62,0.525,0.5,9,8,10,8,heldout
pit,3,68,0.525,0.5,3,0,2,0,heldout
pit,3,75,0.525,0.5,4,4,7,4,heldout
pit,3,80,0.525,0.5,2,1,4,1,heldout
pit,3,84,0.525,0.5,10,7,12,7,heldout
pit,3,85,0.525,0.5,1,1,6,1,heldout
pit,3,89,0.525,0.5,3,3,3,3,heldout
pit,3,90,0.525,0.5,5,3,6,3,heldout
pit,3,91,0.525,0.5,4,2,8,2,heldout
pit,3,93,0.525,0.5,3,2,7,2,heldout
pit,3,96,0.525,0.5,1,1,8,1,heldout
pit,3,99,0.525,0.5,6,5,5,5,heldout
pit,3,104,0.525,0.5,7,4,8,4,heldout
pit,3,122,0.525,0.5,2,2,2,2,heldout
pit,3,127,0.525,0.5,2,2,3,2,heldout
pit,3,128,0.525,0.5,5,4,4,4,heldout
pit,3,129,0.525,0.5,7,5,7,5,heldout
pit,3,136,0.525,0.5,3,3,7,3,heldout
pit,3,142,0.525,0.5,2,2,2,2,heldout
pit,3,-1,0.55,0.3,79,73,109,73,val
pit,3,-1,0.55,0.5,79,58,109,58,val
pit,3,28,0.55,0.3,7,6,7,6,heldout
pit,3,39,0.55,0.3,5,5,6,5,heldout
pit,3,54,0.55,0.3,8,6,7,6,heldout
pit,3,57,0.55,0.3,1,1,7,1,heldout
pit,3,62,0.55,0.3,9,7,9,7,heldout
pit,3,68,0.55,0.3,3,1,2,1,heldout
pit,3,75,0.55,0.3,4,4,7,4,heldout
pit,3,80,0.55,0.3,2,2,4,2,heldout
pit,3,84,0.55,0.3,10,8,12,8,heldout
pit,3,85,0.55,0.3,1,1,4,1,heldout
pit,3,89,0.55,0.3,3,3,3,3,heldout
pit,3,90,0.55,0.3,5,5,6,5,heldout
pit,3,91,0.55,0.3,4,3,8,3,heldout
pit,3,93,0.55,0.3,3,3,7,3,heldout
pit,3,96,0.55,0.3,1,1,6,1,heldout
pit,3,99,0.55,0.3,6,5,5,5,heldout
pit,3,104,0.55,0.3,7,6,8,6,heldout
pit,3,122,0.55,0.3,2,2,2,2,heldout
pit,3,127,0.55,0.3,2,2,3,2,heldout
pit,3,128,0.55,0.3,5,4,4,4,heldout
pit,3,129,0.55,0.3,7,6,7,6,heldout
pit,3,136,0.55,0.3,3,3,5,3,heldout
pit,3,142,0.55,0.3,2,2,2,2,heldout
pit,3,28,0.55,0.5,7,4,7,4,heldout
pit,3,39,0.55,0.5,5,2,6,2,heldout
pit,3,54,0.55,0.5,8,4,7,4,heldout
pit,3,57,0.55,0.5,1,1,7,1,heldout
pit,3,62,0.55,0.5,9,7,9,7,heldout
pit,3,68,0.55,0.5,3,0,2,0,heldout
pit,3,75,0.55,0.5,4,4,7,4,heldout
pit,3,80,0.55,0.5,2,1,4,1,heldout
pit,3,84,0.55,0.5,10,7,12,7,heldout
pit,3,85,0.55,0.5,1,1,4,1,heldout
pit,3,89,0.55,0.5,3,3,3,3,heldout
pit,3,90,0.55,0.5,5,2,6,2,heldout
pit,3,91,0.55,0.5,4,2,8,2,heldout
pit,3,93,0.55,0.5,3,2,7,2,heldout
pit,3,96,0.55,0.5,1,1,6,1,heldout
pit,3,99,0.55,0.5,6,5,5,5,heldout
pit,3,104,0.55,0.5,7,3,8,3,heldout
pit,3,122,0.55,0.5,2,2,2,2,heldout
pit,3,127,0.55,0.5,2,2,3,2,heldout
pit,3,128,0.55,0.5,5,3,4,3,heldout
pit,3,129,0.55,0.5,7,5,7,5,heldout
pit,3,136,0.55,0.5,3,3,5,3,heldout
pit,3,142,0.55,0.5,2,2,2,2,heldout
pit,3,-1,0.575,0.3,79,72,107,72,val
pit,3,-1,0.575,0.5,79,56,107,56,val
pit,3,28,0.575,0.3,7,6,7,6,heldout
pit,3,39,0.575,0.3,5,5,6,5,heldout
pit,3,54,0.575,0.3,8,6,7,6,heldout
pit,3,57,0.575,0.3,1,1,7,1,heldout
pit,3,62,0.575,0.3,9,7,9,7,heldout
pit,3,68,0.575,0.3,3,1,2,1,heldout
pit,3,75,0.575,0.3,4,4,6,4,heldout
pit,3,80,0.575,0.3,2,2,4,2,heldout
pit,3,84,0.575,0.3,10,7,12,7,heldout
pit,3,85,0.575,0.3,1,1,4,1,heldout
pit,3,89,0.575,0.3,3,3,3,3,heldout
pit,3,90,0.575,0.3,5,5,6,5,heldout
pit,3,91,0.575,0.3,4,3,7,3,heldout
pit,3,93,0.575,0.3,3,3,7,3,heldout
pit,3,96,0.575,0.3,1,1,6,1,heldout
pit,3,99,0.575,0.3,6,5,5,5,heldout
pit,3,104,0.575,0.3,7,6,7,6,heldout
pit,3,122,0.575,0.3,2,2,2,2,heldout
pit,3,127,0.575,0.3,2,2,2,2,heldout
pit,3,128,0.575,0.3,5,4,4,4,heldout
pit,3,129,0.575,0.3,7,6,7,6,heldout
pit,3,136,0.575,0.3,3,3,5,3,heldout
pit,3,142,0.575,0.3,2,2,2,2,heldout
pit,3,28,0.575,0.5,7,4,7,4,heldout
pit,3,39,0.575,0.5,5,2,6,2,heldout
pit,3,54,0.575,0.5,8,3,7,3,heldout
pit,3,57,0.575,0.5,1,1,7,1,heldout
pit,3,62,0.575,0.5,9,7,9,7,heldout
pit,3,68,0.575,0.5,3,0,2,0,heldout
pit,3,75,0.575,0.5,4,4,6,4,heldout
pit,3,80,0.575,0.5,2,1,4,1,heldout
pit,3,84,0.575,0.5,10,6,12,6,heldout
pit,3,85,0.575,0.5,1,1,4,1,heldout
pit,3,89,0.575,0.5,3,3,3,3,heldout
pit,3,90,0.575,0.5,5,2,6,2,heldout
pit,3,91,0.575,0.5,4,2,7,2,heldout
pit,3,93,0.575,0.5,3,2,7,2,heldout
pit,3,96,0.575,0.5,1,1,6,1,heldout
pit,3,99,0.575,0.5,6,5,5,5,heldout
pit,3,104,0.575,0.5,7,3,7,3,heldout
pit,3,122,0.575,0.5,2,2,2,2,heldout
pit,3,127,0.575,0.5,2,2,2,2,heldout
pit,3,128,0.575,0.5,5,3,4,3,heldout
pit,3,129,0.575,0.5,7,4,7,4,heldout
pit,3,136,0.575,0.5,3,3,5,3,heldout
pit,3,142,0.575,0.5,2,2,2,2,heldout
pit,3,-1,0.6,0.3,79,71,103,71,val
pit,3,-1,0.6,0.5,79,52,103,52,val
pit,3,28,0.6,0.3,7,6,7,6,heldout
pit,3,39,0.6,0.3,5,4,6,4,heldout
pit,3,54,0.6,0.3,8,6,7,6,heldout
pit,3,57,0.6,0.3,1,1,6,1,heldout
pit,3,62,0.6,0.3,9,7,9,7,heldout
pit,3,68,0.6,0.3,3,1,2,1,heldout
pit,3,75,0.6,0.3,4,4,6,4,heldout
pit,3,80,0.6,0.3,2,2,4,2,heldout
pit,3,84,0.6,0.3,10,7,11,7,heldout
pit,3,85,0.6,0.3,1,1,4,1,heldout
pit,3,89,0.6,0.3,3,3,3,3,heldout
pit,3,90,0.6,0.3,5,5,6,5,heldout
pit,3,91,0.6,0.3,4,3,7,3,heldout
pit,3,93,0.6,0.3,3,2,7,2,heldout
pit,3,96,0.6,0.3,1,1,6,1,heldout
pit,3,99,0.6,0.3,6,5,5,5,heldout
pit,3,104,0.6,0.3,7,6,7,6,heldout
pit,3,122,0.6,0.3,2,2,2,2,heldout
pit,3,127,0.6,0.3,2,2,2,2,heldout
pit,3,128,0.6,0.3,5,4,4,4,heldout
pit,3,129,0.6,0.3,7,4,7,4,heldout
pit,3,136,0.6,0.3,3,3,5,3,heldout
pit,3,142,0.6,0.3,2,2,2,2,heldout
pit,3,28,0.6,0.5,7,4,7,4,heldout
pit,3,39,0.6,0.5,5,2,6,2,heldout
pit,3,54,0.6,0.5,8,3,7,3,heldout
pit,3,57,0.6,0.5,1,1,6,1,heldout
pit,3,62,0.6,0.5,9,6,9,6,heldout
pit,3,68,0.6,0.5,3,0,2,0,heldout
pit,3,75,0.6,0.5,4,3,6,3,heldout
pit,3,80,0.6,0.5,2,0,4,0,heldout
pit,3,84,0.6,0.5,10,5,11,5,heldout
pit,3,85,0.6,0.5,1,1,4,1,heldout
pit,3,89,0.6,0.5,3,3,3,3,heldout
pit,3,90,0.6,0.5,5,2,6,2,heldout
pit,3,91,0.6,0.5,4,2,7,2,heldout
pit,3,93,0.6,0.5,3,1,7,1,heldout
pit,3,96,0.6,0.5,1,1,6,1,heldout
pit,3,99,0.6,0.5,6,5,5,5,heldout
pit,3,104,0.6,0.5,7,3,7,3,heldout
pit,3,122,0.6,0.5,2,2,2,2,heldout
pit,3,127,0.6,0.5,2,2,2,2,heldout
pit,3,128,0.6,0.5,5,3,4,3,heldout
pit,3,129,0.6,0.5,7,2,7,2,heldout
pit,3,136,0.6,0.5,3,3,5,3,heldout
pit,3,142,0.6,0.5,2,2,2,2,heldout
pit,3,-1,0.625,0.3,79,68,100,68,val
pit,3,-1,0.625,0.5,79,49,100,49,val
pit,3,28,0.625,0.3,7,6,6,6,heldout
pit,3,39,0.625,0.3,5,4,5,4,heldout
pit,3,54,0.625,0.3,8,6,7,6,heldout
pit,3,57,0.625,0.3,1,1,6,1,heldout
pit,3,62,0.625,0.3,9,7,9,7,heldout
pit,3,68,0.625,0.3,3,1,2,1,heldout
pit,3,75,0.625,0.3,4,4,6,4,heldout
pit,3,80,0.625,0.3,2,2,4,2,heldout
pit,3,84,0.625,0.3,10,7,9,7,heldout
pit,3,85,0.625,0.3,1,1,4,1,heldout
pit,3,89,0.625,0.3,3,3,3,3,heldout
pit,3,90,0.625,0.3,5,4,6,4,heldout
pit,3,91,0.625,0.3,4,3,7,3,heldout
pit,3,93,0.625,0.3,3,2,5,2,heldout
pit,3,96,0.625,0.3,1,1,6,1,heldout
pit,3,99,0.625,0.3,6,5,5,5,heldout
pit,3,104,0.625,0.3,7,6,7,6,heldout
pit,3,122,0.625,0.3,2,2,2,2,heldout
pit,3,127,0.625,0.3,2,2,2,2,heldout
pit,3,128,0.625,0.3,5,3,5,3,heldout
pit,3,129,0.625,0.3,7,4,6,4,heldout
pit,3,136,0.625,0.3,3,3,4,3,heldout
pit,3,142,0.625,0.3,2,2,2,2,heldout
pit,3,28,0.625,0.5,7,4,6,4,heldout
pit,3,39,0.625,0.5,5,2,5,2,heldout
pit,3,54,0.625,0.5,8,3,7,3,heldout
pit,3,57,0.625,0.5,1,1,6,1,heldout
pit,3,62,0.625,0.5,9,6,9,6,heldout
pit,3,68,0.625,0.5,3,0,2,0,heldout
pit,3,75,0.625,0.5,4,3,6,3,heldout
pit,3,80,0.625,0.5,2,0,4,0,heldout
pit,3,84,0.625,0.5,10,4,9,4,heldout
pit,3,85,0.625,0.5,1,1,4,1,heldout
pit,3,89,0.625,0.5,3,3,3,3,heldout
pit,3,90,0.625,0.5,5,2,6,2,heldout
pit,3,91,0.625,0.5,4,2,7,2,heldout
pit,3,93,0.625,0.5,3,1,5,1,heldout
pit,3,96,0.625,0.5,1,1,6,1,heldout
pit,3,99,0.625,0.5,6,3,5,3,heldout
pit,3,104,0.625,0.5,7,3,7,3,heldout
pit,3,122,0.625,0.5,2,2,2,2,heldout
pit,3,127,0.625,0.5,2,2,2,2,heldout
pit,3,128,0.625,0.5,5,3,5,3,heldout
pit,3,129,0.625,0.5,7,2,6,2,heldout
pit,3,136,0.625,0.5,3,2,4,2,heldout
pit,3,142,0.625,0.5,2,2,2,2,heldout
pit,3,-1,0.65,0.3,79,66,99,66,val
pit,3,-1,0.65,0.5,79,41,99,41,val
pit,3,28,0.65,0.3,7,5,6,5,heldout
pit,3,39,0.65,0.3,5,3,5,3,heldout
pit,3,54,0.65,0.3,8,6,7,6,heldout
pit,3,57,0.65,0.3,1,1,6,1,heldout
pit,3,62,0.65,0.3,9,6,8,6,heldout
pit,3,68,0.65,0.3,3,0,2,0,heldout
pit,3,75,0.65,0.3,4,4,6,4,heldout
pit,3,80,0.65,0.3,2,2,3,2,heldout
pit,3,84,0.65,0.3,10,7,9,7,heldout
pit,3,85,0.65,0.3,1,1,4,1,heldout
pit,3,89,0.65,0.3,3,3,3,3,heldout
pit,3,90,0.65,0.3,5,4,6,4,heldout
pit,3,91,0.65,0.3,4,3,5,3,heldout
pit,3,93,0.65,0.3,3,2,5,2,heldout
pit,3,96,0.65,0.3,1,1,6,1,heldout
pit,3,99,0.65,0.3,6,5,5,5,heldout
pit,3,104,0.65,0.3,7,6,7,6,heldout
pit,3,122,0.65,0.3,2,2,2,2,heldout
pit,3,127,0.65,0.3,2,2,2,2,heldout
pit,3,128,0.65,0.3,5,3,5,3,heldout
pit,3,129,0.65,0.3,7,4,6,4,heldout
pit,3,136,0.65,0.3,3,2,4,2,heldout
pit,3,142,0.65,0.3,2,2,2,2,heldout
pit,3,28,0.65,0.5,7,4,6,4,heldout
pit,3,39,0.65,0.5,5,2,5,2,heldout
pit,3,54,0.65,0.5,8,2,7,2,heldout
pit,3,57,0.65,0.5,1,1,6,1,heldout
pit,3,62,0.65,0.5,9,6,8,6,heldout
pit,3,68,0.65,0.5,3,0,2,0,heldout
pit,3,75,0.65,0.5,4,3,6,3,heldout
pit,3,80,0.65,0.5,2,0,3,0,heldout
pit,3,84,0.65,0.5,10,3,9,3,heldout
pit,3,85,0.65,0.5,1,1,4,1,heldout
pit,3,89,0.65,0.5,3,2,3,2,heldout
pit,3,90,0.65,0.5,5,2,6,2,heldout
pit,3,91,0.65,0.5,4,2,5,2,heldout
pit,3,93,0.65,0.5,3,1,5,1,heldout
pit,3,96,0.65,0.5,1,1,6,1,heldout
pit,3,99,0.65,0.5,6,3,5,3,heldout
pit,3,104,0.65,0.5,7,3,7,3,heldout
pit,3,122,0.65,0.5,2,2,2,2,heldout
pit,3,127,0.65,0.5,2,2,2,2,heldout
pit,3,128,0.65,0.5,5,3,5,3,heldout
pit,3,129,0.65,0.5,7,2,6,2,heldout
pit,3,136,0.65,0.5,3,2,4,2,heldout
pit,3,142,0.65,0.5,2,1,2,1,heldout
pit,3,-1,0.675,0.3,79,60,96,60,val
pit,3,-1,0.675,0.5,79,35,96,35,val
pit,3,28,0.675,0.3,7,5,6,5,heldout
pit,3,39,0.675,0.3,5,2,5,2,heldout
pit,3,54,0.675,0.3,8,6,7,6,heldout
pit,3,57,0.675,0.3,1,1,5,1,heldout
pit,3,62,0.675,0.3,9,6,8,6,heldout
pit,3,68,0.675,0.3,3,0,2,0,heldout
pit,3,75,0.675,0.3,4,4,5,4,heldout
pit,3,80,0.675,0.3,2,1,3,1,heldout
pit,3,84,0.675,0.3,10,6,8,6,heldout
pit,3,85,0.675,0.3,1,1,3,1,heldout
pit,3,89,0.675,0.3,3,3,3,3,heldout
pit,3,90,0.675,0.3,5,4,6,4,heldout
pit,3,91,0.675,0.3,4,3,4,3,heldout
pit,3,93,0.675,0.3,3,1,5,1,heldout
pit,3,96,0.675,0.3,1,1,6,1,heldout
pit,3,99,0.675,0.3,6,5,5,5,heldout
pit,3,104,0.675,0.3,7,3,7,3,heldout
pit,3,122,0.675,0.3,2,2,2,2,heldout
pit,3,127,0.675,0.3,2,2,2,2,heldout
pit,3,128,0.675,0.3,5,3,6,3,heldout
pit,3,129,0.675,0.3,7,4,6,4,heldout
pit,3,136,0.675,0.3,3,1,2,1,heldout
pit,3,142,0.675,0.3,2,2,2,2,heldout
pit,3,28,0.675,0.5,7,4,6,4,heldout
pit,3,39,0.675,0.5,5,2,5,2,heldout
pit,3,54,0.675,0.5,8,2,7,2,heldout
pit,3,57,0.675,0.5,1,1,5,1,heldout
pit,3,62,0.675,0.5,9,3,8,3,heldout
pit,3,68,0.675,0.5,3,0,2,0,heldout
pit,3,75,0.675,0.5,4,3,5,3,heldout
pit,3,80,0.675,0.5,2,0,3,0,heldout
pit,3,84,0.675,0.5,10,2,8,2,heldout
pit,3,85,0.675,0.5,1,1,3,1,heldout
pit,3,89,0.675,0.5,3,2,3,2,heldout
pit,3,90,0.675,0.5,5,2,6,2,heldout
pit,3,91,0.675,0.5,4,2,4,2,heldout
pit,3,93,0.675,0.5,3,1,5,1,heldout
pit,3,96,0.675,0.5,1,1,6,1,heldout
pit,3,99,0.675,0.5,6,2,5,2,heldout
pit,3,104,0.675,0.5,7,1,7,1,heldout
pit,3,122,0.675,0.5,2,2,2,2,heldout
pit,3,127,0.675,0.5,2,2,2,2,heldout
pit,3,128,0.675,0.5,5,2,6,2,heldout
pit,3,129,0.675,0.5,7,1,6,1,heldout
pit,3,136,0.675,0.5,3,0,2,0,heldout
pit,3,142,0.675,0.5,2,1,2,1,heldout
pit,3,-1,0.7,0.3,79,56,90,56,val
pit,3,-1,0.7,0.5,79,30,90,30,val
pit,3,28,0.7,0.3,7,4,5,4,heldout
pit,3,39,0.7,0.3,5,2,4,2,heldout
pit,3,54,0.7,0.3,8,4,8,4,heldout
pit,3,57,0.7,0.3,1,1,5,1,heldout
pit,3,62,0.7,0.3,9,6,8,6,heldout
pit,3,68,0.7,0.3,3,0,2,0,heldout
pit,3,75,0.7,0.3,4,4,5,4,heldout
pit,3,80,0.7,0.3,2,1,2,1,heldout
pit,3,84,0.7,0.3,10,6,8,6,heldout
pit,3,85,0.7,0.3,1,1,3,1,heldout
pit,3,89,0.7,0.3,3,3,3,3,heldout
pit,3,90,0.7,0.3,5,2,6,2,heldout
pit,3,91,0.7,0.3,4,3,4,3,heldout
pit,3,93,0.7,0.3,3,1,4,1,heldout
pit,3,96,0.7,0.3,1,1,6,1,heldout
pit,3,99,0.7,0.3,6,5,5,5,heldout
pit,3,104,0.7,0.3,7,2,5,2,heldout
pit,3,122,0.7,0.3,2,2,2,2,heldout
pit,3,127,0.7,0.3,2,2,2,2,heldout
pit,3,128,0.7,0.3,5,3,5,3,heldout
pit,3,129,0.7,0.3,7,2,5,2,heldout
pit,3,136,0.7,0.3,3,0,1,0,heldout
pit,3,142,0.7,0.3,2,2,2,2,heldout
pit,3,28,0.7,0.5,7,4,5,4,heldout
pit,3,39,0.7,0.5,5,2,4,2,heldout
pit,3,54,0.7,0.5,8,1,8,1,heldout
pit,3,57,0.7,0.5,1,1,5,1,heldout
pit,3,62,0.7,0.5,9,3,8,3,heldout
pit,3,68,0.7,0.5,3,0,2,0,heldout
pit,3,75,0.7,0.5,4,3,5,3,heldout
pit,3,80,0.7,0.5,2,0,2,0,heldout
pit,3,84,0.7,0.5,10,1,8,1,heldout
pit,3,85,0.7,0.5,1,1,3,1,heldout
pit,3,89,0.7,0.5,3,2,3,2,heldout
pit,3,90,0.7,0.5,5,2,6,2,heldout
pit,3,91,0.7,0.5,4,2,4,2,heldout
pit,3,93,0.7,0.5,3,1,4,1,heldout
pit,3,96,0.7,0.5,1,1,6,1,heldout
pit,3,99,0.7,0.5,6,1,5,1,heldout
pit,3,104,0.7,0.5,7,1,5,1,heldout
pit,3,122,0.7,0.5,2,2,2,2,heldout
pit,3,127,0.7,0.5,2,2,2,2,heldout
pit,3,128,0.7,0.5,5,2,5,2,heldout
pit,3,129,0.7,0.5,7,0,5,0,heldout
pit,3,136,0.7,0.5,3,0,1,0,heldout
pit,3,142,0.7,0.5,2,1,2,1,heldout
pit,3,-1,0.725,0.3,79,48,81,48,val
pit,3,-1,0.725,0.5,79,26,81,26,val
pit,3,28,0.725,0.3,7,4,5,4,heldout
pit,3,39,0.725,0.3,5,2,3,2,heldout
pit,3,54,0.725,0.3,8,4,8,4,heldout
pit,3,57,0.725,0.3,1,1,4,1,heldout
pit,3,62,0.725,0.3,9,6,8,6,heldout
pit,3,68,0.725,0.3,3,0,2,0,heldout
pit,3,75,0.725,0.3,4,4,5,4,heldout
pit,3,80,0.725,0.3,2,1,1,1,heldout
pit,3,84,0.725,0.3,10,5,7,5,heldout
pit,3,85,0.725,0.3,1,1,3,1,heldout
pit,3,89,0.725,0.3,3,2,3,2,heldout
pit,3,90,0.725,0.3,5,2,5,2,heldout
pit,3,91,0.725,0.3,4,3,4,3,heldout
pit,3,93,0.725,0.3,3,1,3,1,heldout
pit,3,96,0.725,0.3,1,1,6,1,heldout
pit,3,99,0.725,0.3,6,5,5,5,heldout
pit,3,104,0.725,0.3,7,2,5,2,heldout
pit,3,122,0.725,0.3,2,2,2,2,heldout
pit,3,127,0.725,0.3,2,2,2,2,heldout
pit,3,128,0.725,0.3,5,3,6,3,heldout
pit,3,129,0.725,0.3,7,1,4,1,heldout
pit,3,136,0.725,0.3,3,0,1,0,heldout
pit,3,142,0.725,0.3,2,1,2,1,heldout
pit,3,28,0.725,0.5,7,3,5,3,heldout
pit,3,39,0.725,0.5,5,2,3,2,heldout
pit,3,54,0.725,0.5,8,0,8,0,heldout
pit,3,57,0.725,0.5,1,1,4,1,heldout
pit,3,62,0.725,0.5,9,3,8,3,heldout
pit,3,68,0.725,0.5,3,0,2,0,heldout
pit,3,75,0.725,0.5,4,2,5,2,heldout
pit,3,80,0.725,0.5,2,0,1,0,heldout
pit,3,84,0.725,0.5,10,1,7,1,heldout
pit,3,85,0.725,0.5,1,1,3,1,heldout
pit,3,89,0.725,0.5,3,2,3,2,heldout
pit,3,90,0.725,0.5,5,2,5,2,heldout
pit,3,91,0.725,0.5,4,2,4,2,heldout
pit,3,93,0.725,0.5,3,1,3,1,heldout
pit,3,96,0.725,0.5,1,1,6,1,heldout
pit,3,99,0.725,0.5,6,1,5,1,heldout
pit,3,104,0.725,0.5,7,1,5,1,heldout
pit,3,122,0.725,0.5,2,2,2,2,heldout
pit,3,127,0.725,0.5,2,1,2,1,heldout
pit,3,128,0.725,0.5,5,0,6,0,heldout
pit,3,129,0.725,0.5,7,0,4,0,heldout
pit,3,136,0.725,0.5,3,0,1,0,heldout
pit,3,142,0.725,0.5,2,1,2,1,heldout
pit,3,-1,0.75,0.3,79,40,70,40,val
pit,3,-1,0.75,0.5,79,20,70,20,val
pit,3,28,0.75,0.3,7,4,5,4,heldout
pit,3,39,0.75,0.3,5,2,4,2,heldout
pit,3,54,0.75,0.3,8,4,7,4,heldout
pit,3,57,0.75,0.3,1,1,3,1,heldout
pit,3,62,0.75,0.3,9,6,8,6,heldout
pit,3,68,0.75,0.3,3,0,1,0,heldout
pit,3,75,0.75,0.3,4,3,5,3,heldout
pit,3,80,0.75,0.3,2,0,1,0,heldout
pit,3,84,0.75,0.3,10,3,7,3,heldout
pit,3,85,0.75,0.3,1,1,2,1,heldout
pit,3,89,0.75,0.3,3,2,2,2,heldout
pit,3,90,0.75,0.3,5,2,5,2,heldout
pit,3,91,0.75,0.3,4,3,4,3,heldout
pit,3,93,0.75,0.3,3,1,3,1,heldout
pit,3,96,0.75,0.3,1,1,6,1,heldout
pit,3,99,0.75,0.3,6,4,4,4,heldout
pit,3,104,0.75,0.3,7,2,5,2,heldout
pit,3,122,0.75,0.3,2,2,2,2,heldout
pit,3,127,0.75,0.3,2,2,2,2,heldout
pit,3,128,0.75,0.3,5,2,6,2,heldout
pit,3,129,0.75,0.3,7,1,3,1,heldout
pit,3,136,0.75,0.3,3,0,1,0,heldout
pit,3,142,0.75,0.3,2,1,2,1,heldout
pit,3,28,0.75,0.5,7,3,5,3,heldout
pit,3,39,0.75,0.5,5,2,4,2,heldout
pit,3,54,0.75,0.5,8,0,7,0,heldout
pit,3,57,0.75,0.5,1,1,3,1,heldout
pit,3,62,0.75,0.5,9,2,8,2,heldout
pit,3,68,0.75,0.5,3,0,1,0,heldout
pit,3,75,0.75,0.5,4,2,5,2,heldout
pit,3,80,0.75,0.5,2,0,1,0,heldout
pit,3,84,0.75,0.5,10,0,7,0,heldout
pit,3,85,0.75,0.5,1,0,2,0,heldout
pit,3,89,0.75,0.5,3,1,2,1,heldout
pit,3,90,0.75,0.5,5,1,5,1,heldout
pit,3,91,0.75,0.5,4,2,4,2,heldout
pit,3,93,0.75,0.5,3,0,3,0,heldout
pit,3,96,0.75,0.5,1,1,6,1,heldout
pit,3,99,0.75,0.5,6,0,4,0,heldout
pit,3,104,0.75,0.5,7,1,5,1,heldout
pit,3,122,0.75,0.5,2,2,2,2,heldout
pit,3,127,0.75,0.5,2,1,2,1,heldout
pit,3,128,0.75,0.5,5,0,6,0,heldout
pit,3,129,0.75,0.5,7,0,3,0,heldout
pit,3,136,0.75,0.5,3,0,1,0,heldout
pit,3,142,0.75,0.5,2,1,2,1,heldout
pit,3,-1,0.775,0.3,79,36,63,36,val
pit,3,-1,0.775,0.5,79,15,63,15,val
pit,3,28,0.775,0.3,7,4,4,4,heldout
pit,3,39,0.775,0.3,5,2,4,2,heldout
pit,3,54,0.775,0.3,8,4,7,4,heldout
pit,3,57,0.775,0.3,1,1,3,1,heldout
pit,3,62,0.775,0.3,9,4,7,4,heldout
pit,3,68,0.775,0.3,3,0,1,0,heldout
pit,3,75,0.775,0.3,4,3,4,3,heldout
pit,3,80,0.775,0.3,2,0,1,0,heldout
pit,3,84,0.775,0.3,10,2,6,2,heldout
pit,3,85,0.775,0.3,1,1,2,1,heldout
pit,3,89,0.775,0.3,3,2,2,2,heldout
pit,3,90,0.775,0.3,5,2,5,2,heldout
pit,3,91,0.775,0.3,4,3,4,3,heldout
pit,3,93,0.775,0.3,3,1,3,1,heldout
pit,3,96,0.775,0.3,1,1,5,1,heldout
pit,3,99,0.775,0.3,6,4,4,4,heldout
pit,3,104,0.775,0.3,7,2,3,2,heldout
pit,3,122,0.775,0.3,2,2,2,2,heldout
pit,3,127,0.775,0.3,2,2,2,2,heldout
pit,3,128,0.775,0.3,5,2,4,2,heldout
pit,3,129,0.775,0.3,7,0,2,0,heldout
pit,3,136,0.775,0.3,3,0,1,0,heldout
pit,3,142,0.775,0.3,2,1,2,1,heldout
pit,3,28,0.775,0.5,7,3,4,3,heldout
pit,3,39,0.775,0.5,5,1,4,1,heldout
pit,3,54,0.775,0.5,8,0,7,0,heldout
pit,3,57,0.775,0.5,1,1,3,1,heldout
pit,3,62,0.775,0.5,9,1,7,1,heldout
pit,3,68,0.775,0.5,3,0,1,0,heldout
pit,3,75,0.775,0.5,4,2,4,2,heldout
pit,3,80,0.775,0.5,2,0,1,0,heldout
pit,3,84,0.775,0.5,10,0,6,0,heldout
pit,3,85,0.775,0.5,1,0,2,0,heldout
pit,3,89,0.775,0.5,3,1,2,1,heldout
pit,3,90,0.775,0.5,5,1,5,1,heldout
pit,3,91,0.775,0.5,4,1,4,1,heldout
pit,3,93,0.775,0.5,3,0,3,0,heldout
pit,3,96,0.775,0.5,1,1,5,1,heldout
pit,3,99,0.775,0.5,6,0,4,0,heldout
pit,3,104,0.775,0.5,7,1,3,1,heldout
pit,3,122,0.775,0.5,2,1,2,1,heldout
pit,3,127,0.775,0.5,2,1,2,1,heldout
pit,3,128,0.775,0.5,5,0,4,0,heldout
pit,3,129,0.775,0.5,7,0,2,0,heldout
pit,3,136,0.775,0.5,3,0,1,0,heldout
pit,3,142,0.775,0.5,2,0,2,0,heldout
pit,3,-1,0.8,0.3,79,28,53,28,val
pit,3,-1,0.8,0.5,79,7,53,7,val
pit,3,28,0.8,0.3,7,4,4,4,heldout
pit,3,39,0.8,0.3,5,2,4,2,heldout
pit,3,54,0.8,0.3,8,2,5,2,heldout
pit,3,57,0.8,0.3,1,1,2,1,heldout
pit,3,62,0.8,0.3,9,4,7,4,heldout
pit,3,68,0.8,0.3,3,0,1,0,heldout
pit,3,75,0.8,0.3,4,3,4,3,heldout
pit,3,80,0.8,0.3,2,0,1,0,heldout
pit,3,84,0.8,0.3,10,2,5,2,heldout
pit,3,85,0.8,0.3,1,1,2,1,heldout
pit,3,89,0.8,0.3,3,2,2,2,heldout
pit,3,90,0.8,0.3,5,2,5,2,heldout
pit,3,91,0.8,0.3,4,3,4,3,heldout
pit,3,93,0.8,0.3,3,1,2,1,heldout
pit,3,96,0.8,0.3,1,1,4,1,heldout
pit,3,99,0.8,0.3,6,3,4,3,heldout
pit,3,104,0.8,0.3,7,1,2,1,heldout
pit,3,122,0.8,0.3,2,2,2,2,heldout
pit,3,127,0.8,0.3,2,2,2,2,heldout
pit,3,128,0.8,0.3,5,1,3,1,heldout
pit,3,129,0.8,0.3,7,0,1,0,heldout
pit,3,136,0.8,0.3,3,0,0,0,heldout
pit,3,142,0.8,0.3,2,1,1,1,heldout
pit,3,28,0.8,0.5,7,2,4,2,heldout
pit,3,39,0.8,0.5,5,1,4,1,heldout
pit,3,54,0.8,0.5,8,0,5,0,heldout
pit,3,57,0.8,0.5,1,0,2,0,heldout
pit,3,62,0.8,0.5,9,0,7,0,heldout
pit,3,68,0.8,0.5,3,0,1,0,heldout
pit,3,75,0.8,0.5,4,2,4,2,heldout
pit,3,80,0.8,0.5,2,0,1,0,heldout
pit,3,84,0.8,0.5,10,0,5,0,heldout
pit,3,85,0.8,0.5,1,0,2,0,heldout
pit,3,89,0.8,0.5,3,0,2,0,heldout
pit,3,90,0.8,0.5,5,1,5,1,heldout
pit,3,91,0.8,0.5,4,1,4,1,heldout
pit,3,93,0.8,0.5,3,0,2,0,heldout
pit,3,96,0.8,0.5,1,1,4,1,heldout
pit,3,99,0.8,0.5,6,0,4,0,heldout
pit,3,104,0.8,0.5,7,1,2,1,heldout
pit,3,122,0.8,0.5,2,1,2,1,heldout
pit,3,127,0.8,0.5,2,0,2,0,heldout
pit,3,128,0.8,0.5,5,0,3,0,heldout
pit,3,129,0.8,0.5,7,0,1,0,heldout
pit,3,136,0.8,0.5,3,0,0,0,heldout
pit,3,142,0.8,0.5,2,0,1,0,heldout
pit,3,-1,0.825,0.3,79,21,43,21,val
pit,3,-1,0.825,0.5,79,4,43,4,val
pit,3,28,0.825,0.3,7,3,3,3,heldout
pit,3,39,0.825,0.3,5,1,4,1,heldout
pit,3,54,0.825,0.3,8,1,6,1,heldout
pit,3,57,0.825,0.3,1,1,2,1,heldout
pit,3,62,0.825,0.3,9,3,6,3,heldout
pit,3,68,0.825,0.3,3,0,0,0,heldout
pit,3,75,0.825,0.3,4,3,4,3,heldout
pit,3,80,0.825,0.3,2,0,1,0,heldout
pit,3,84,0.825,0.3,10,0,3,0,heldout
pit,3,85,0.825,0.3,1,1,2,1,heldout
pit,3,89,0.825,0.3,3,2,2,2,heldout
pit,3,90,0.825,0.3,5,2,4,2,heldout
pit,3,91,0.825,0.3,4,3,4,3,heldout
pit,3,93,0.825,0.3,3,1,2,1,heldout
pit,3,96,0.825,0.3,1,1,2,1,heldout
pit,3,99,0.825,0.3,6,1,4,1,heldout
pit,3,104,0.825,0.3,7,1,2,1,heldout
pit,3,122,0.825,0.3,2,2,2,2,heldout
pit,3,127,0.825,0.3,2,2,2,2,heldout
pit,3,128,0.825,0.3,5,1,3,1,heldout
pit,3,129,0.825,0.3,7,0,1,0,heldout
pit,3,136,0.825,0.3,3,0,0,0,heldout
pit,3,142,0.825,0.3,2,1,1,1,heldout
pit,3,28,0.825,0.5,7,2,3,2,heldout
pit,3,39,0.825,0.5,5,0,4,0,heldout
pit,3,54,0.825,0.5,8,0,6,0,heldout
pit,3,57,0.825,0.5,1,0,2,0,heldout
pit,3,62,0.825,0.5,9,0,6,0,heldout
pit,3,68,0.825,0.5,3,0,0,0,heldout
pit,3,75,0.825,0.5,4,0,4,0,heldout
pit,3,80,0.825,0.5,2,0,1,0,heldout
pit,3,84,0.825,0.5,10,0,3,0,heldout
pit,3,85,0.825,0.5,1,0,2,0,heldout
pit,3,89,0.825,0.5,3,0,2,0,heldout
pit,3,90,0.825,0.5,5,0,4,0,heldout
pit,3,91,0.825,0.5,4,1,4,1,heldout
pit,3,93,0.825,0.5,3,0,2,0,heldout
pit,3,96,0.825,0.5,1,1,2,1,heldout
pit,3,99,0.825,0.5,6,0,4,0,heldout
pit,3,104,0.825,0.5,7,1,2,1,heldout
pit,3,122,0.825,0.5,2,0,2,0,heldout
pit,3,127,0.825,0.5,2,0,2,0,heldout
pit,3,128,0.825,0.5,5,0,3,0,heldout
pit,3,129,0.825,0.5,7,0,1,0,heldout
pit,3,136,0.825,0.5,3,0,0,0,heldout
pit,3,142,0.825,0.5,2,0,1,0,heldout
pit,3,-1,0.85,0.3,79,16,32,16,val
pit,3,-1,0.85,0.5,79,2,32,2,val
pit,3,28,0.85,0.3,7,3,3,3,heldout
pit,3,39,0.85,0.3,5,1,2,1,heldout
pit,3,54,0.85,0.3,8,0,4,0,heldout
pit,3,57,0.85,0.3,1,1,2,1,heldout
pit,3,62,0.85,0.3,9,3,5,3,heldout
pit,3,68,0.85,0.3,3,0,0,0,heldout
pit,3,75,0.85,0.3,4,2,3,2,heldout
pit,3,80,0.85,0.3,2,0,1,0,heldout
pit,3,84,0.85,0.3,10,0,1,0,heldout
pit,3,85,0.85,0.3,1,0,2,0,heldout
pit,3,89,0.85,0.3,3,1,1,1,heldout
pit,3,90,0.85,0.3,5,2,4,2,heldout
pit,3,91,0.85,0.3,4,2,4,2,heldout
pit,3,93,0.85,0.3,3,0,1,0,heldout
pit,3,96,0.85,0.3,1,1,2,1,heldout
pit,3,99,0.85,0.3,6,0,4,0,heldout
pit,3,104,0.85,0.3,7,1,2,1,heldout
pit,3,122,0.85,0.3,2,2,2,2,heldout
pit,3,127,0.85,0.3,2,1,2,1,heldout
pit,3,128,0.85,0.3,5,0,1,0,heldout
pit,3,129,0.85,0.3,7,0,1,0,heldout
pit,3,136,0.85,0.3,3,0,0,0,heldout
pit,3,142,0.85,0.3,2,0,1,0,heldout
pit,3,28,0.85,0.5,7,1,3,1,heldout
pit,3,39,0.85,0.5,5,0,2,0,heldout
pit,3,54,0.85,0.5,8,0,4,0,heldout
pit,3,57,0.85,0.5,1,0,2,0,heldout
pit,3,62,0.85,0.5,9,0,5,0,heldout
pit,3,68,0.85,0.5,3,0,0,0,heldout
pit,3,75,0.85,0.5,4,0,3,0,heldout
pit,3,80,0.85,0.5,2,0,1,0,heldout
pit,3,84,0.85,0.5,10,0,1,0,heldout
pit,3,85,0.85,0.5,1,0,2,0,heldout
pit,3,89,0.85,0.5,3,0,1,0,heldout
pit,3,90,0.85,0.5,5,0,4,0,heldout
pit,3,91,0.85,0.5,4,1,4,1,heldout
pit,3,93,0.85,0.5,3,0,1,0,heldout
pit,3,96,0.85,0.5,1,1,2,1,heldout
pit,3,99,0.85,0.5,6,0,4,0,heldout
pit,3,104,0.85,0.5,7,1,2,1,heldout
pit,3,122,0.85,0.5,2,0,2,0,heldout
pit,3,127,0.85,0.5,2,0,2,0,heldout
pit,3,128,0.85,0.5,5,0,1,0,heldout
pit,3,129,0.85,0.5,7,0,1,0,heldout
pit,3,136,0.85,0.5,3,0,0,0,heldout
pit,3,142,0.85,0.5,2,0,1,0,heldout
pit,3,-1,0.875,0.3,79,13,22,13,val
pit,3,-1,0.875,0.5,79,0,22,0,val
pit,3,28,0.875,0.3,7,3,3,3,heldout
pit,3,39,0.875,0.3,5,1,2,1,heldout
pit,3,54,0.875,0.3,8,0,3,0,heldout
pit,3,57,0.875,0.3,1,1,1,1,heldout
pit,3,62,0.875,0.3,9,0,3,0,heldout
pit,3,68,0.875,0.3,3,0,0,0,heldout
pit,3,75,0.875,0.3,4,1,2,1,heldout
pit,3,80,0.875,0.3,2,0,1,0,heldout
pit,3,84,0.875,0.3,10,0,1,0,heldout
pit,3,85,0.875,0.3,1,0,1,0,heldout
pit,3,89,0.875,0.3,3,1,1,1,heldout
pit,3,90,0.875,0.3,5,1,4,1,heldout
pit,3,91,0.875,0.3,4,1,3,1,heldout
pit,3,93,0.875,0.3,3,0,0,0,heldout
pit,3,96,0.875,0.3,1,1,1,1,heldout
pit,3,99,0.875,0.3,6,0,3,0,heldout
pit,3,104,0.875,0.3,7,1,2,1,heldout
pit,3,122,0.875,0.3,2,1,2,1,heldout
pit,3,127,0.875,0.3,2,1,2,1,heldout
pit,3,128,0.875,0.3,5,0,1,0,heldout
pit,3,129,0.875,0.3,7,0,0,0,heldout
pit,3,136,0.875,0.3,3,0,0,0,heldout
pit,3,142,0.875,0.3,2,0,0,0,heldout
pit,3,28,0.875,0.5,7,0,3,0,heldout
pit,3,39,0.875,0.5,5,0,2,0,heldout
pit,3,54,0.875,0.5,8,0,3,0,heldout
pit,3,57,0.875,0.5,1,0,1,0,heldout
pit,3,62,0.875,0.5,9,0,3,0,heldout
pit,3,68,0.875,0.5,3,0,0,0,heldout
pit,3,75,0.875,0.5,4,0,2,0,heldout
pit,3,80,0.875,0.5,2,0,1,0,heldout
pit,3,84,0.875,0.5,10,0,1,0,heldout
pit,3,85,0.875,0.5,1,0,1,0,heldout
pit,3,89,0.875,0.5,3,0,1,0,heldout
pit,3,90,0.875,0.5,5,0,4,0,heldout
pit,3,91,0.875,0.5,4,0,3,0,heldout
pit,3,93,0.875,0.5,3,0,0,0,heldout
pit,3,96,0.875,0.5,1,0,1,0,heldout
pit,3,99,0.875,0.5,6,0,3,0,heldout
pit,3,104,0.875,0.5,7,1,2,1,heldout
pit,3,122,0.875,0.5,2,0,2,0,heldout
pit,3,127,0.875,0.5,2,0,2,0,heldout
pit,3,128,0.875,0.5,5,0,1,0,heldout
pit,3,129,0.875,0.5,7,0,0,0,heldout
pit,3,136,0.875,0.5,3,0,0,0,heldout
pit,3,142,0.875,0.5,2,0,0,0,heldout
pit,3,-1,0.9,0.3,79,7,18,7,val
pit,3,-1,0.9,0.5,79,0,18,0,val
pit,3,28,0.9,0.3,7,2,3,2,heldout
pit,3,39,0.9,0.3,5,0,2,0,heldout
pit,3,54,0.9,0.3,8,0,1,0,heldout
pit,3,57,0.9,0.3,1,0,1,0,heldout
pit,3,62,0.9,0.3,9,0,3,0,heldout
pit,3,68,0.9,0.3,3,0,0,0,heldout
pit,3,75,0.9,0.3,4,0,1,0,heldout
pit,3,80,0.9,0.3,2,0,1,0,heldout
pit,3,84,0.9,0.3,10,0,1,0,heldout
pit,3,85,0.9,0.3,1,0,0,0,heldout
pit,3,89,0.9,0.3,3,0,1,0,heldout
pit,3,90,0.9,0.3,5,1,3,1,heldout
pit,3,91,0.9,0.3,4,1,3,1,heldout
pit,3,93,0.9,0.3,3,0,0,0,heldout
pit,3,96,0.9,0.3,1,1,1,1,heldout
pit,3,99,0.9,0.3,6,0,2,0,heldout
pit,3,104,0.9,0.3,7,1,1,1,heldout
pit,3,122,0.9,0.3,2,0,2,0,heldout
pit,3,127,0.9,0.3,2,1,1,1,heldout
pit,3,128,0.9,0.3,5,0,1,0,heldout
pit,3,129,0.9,0.3,7,0,0,0,heldout
pit,3,136,0.9,0.3,3,0,0,0,heldout
pit,3,142,0.9,0.3,2,0,0,0,heldout
pit,3,28,0.9,0.5,7,0,3,0,heldout
pit,3,39,0.9,0.5,5,0,2,0,heldout
pit,3,54,0.9,0.5,8,0,1,0,heldout
pit,3,57,0.9,0.5,1,0,1,0,heldout
pit,3,62,0.9,0.5,9,0,3,0,heldout
pit,3,68,0.9,0.5,3,0,0,0,heldout
pit,3,75,0.9,0.5,4,0,1,0,heldout
pit,3,80,0.9,0.5,2,0,1,0,heldout
pit,3,84,0.9,0.5,10,0,1,0,heldout
pit,3,85,0.9,0.5,1,0,0,0,heldout
pit,3,89,0.9,0.5,3,0,1,0,heldout
pit,3,90,0.9,0.5,5,0,3,0,heldout
pit,3,91,0.9,0.5,4,0,3,0,heldout
pit,3,93,0.9,0.5,3,0,0,0,heldout
pit,3,96,0.9,0.5,1,0,1,0,heldout
pit,3,99,0.9,0.5,6,0,2,0,heldout
pit,3,104,0.9,0.5,7,0,1,0,heldout
pit,3,122,0.9,0.5,2,0,2,0,heldout
pit,3,127,0.9,0.5,2,0,1,0,heldout
pit,3,128,0.9,0.5,5,0,1,0,heldout
pit,3,129,0.9,0.5,7,0,0,0,heldout
pit,3,136,0.9,0.5,3,0,0,0,heldout
pit,3,142,0.9,0.5,2,0,0,0,heldout
pit,3,-1,0.925,0.3,79,0,12,0,val
pit,3,-1,0.925,0.5,79,0,12,0,val
pit,3,28,0.925,0.3,7,0,2,0,heldout
pit,3,39,0.925,0.3,5,0,1,0,heldout
pit,3,54,0.925,0.3,8,0,0,0,heldout
pit,3,57,0.925,0.3,1,0,0,0,heldout
pit,3,62,0.925,0.3,9,0,0,0,heldout
pit,3,68,0.925,0.3,3,0,0,0,heldout
pit,3,75,0.925,0.3,4,0,0,0,heldout
pit,3,80,0.925,0.3,2,0,0,0,heldout
pit,3,84,0.925,0.3,10,0,0,0,heldout
pit,3,85,0.925,0.3,1,0,0,0,heldout
pit,3,89,0.925,0.3,3,0,1,0,heldout
pit,3,90,0.925,0.3,5,0,2,0,heldout
pit,3,91,0.925,0.3,4,0,0,0,heldout
pit,3,93,0.925,0.3,3,0,0,0,heldout
pit,3,96,0.925,0.3,1,1,1,1,heldout
pit,3,99,0.925,0.3,6,0,0,0,heldout
pit,3,104,0.925,0.3,7,0,0,0,heldout
pit,3,122,0.925,0.3,2,0,1,0,heldout
pit,3,127,0.925,0.3,2,0,1,0,heldout
pit,3,128,0.925,0.3,5,0,0,0,heldout
pit,3,129,0.925,0.3,7,0,0,0,heldout
pit,3,136,0.925,0.3,3,0,0,0,heldout
pit,3,142,0.925,0.3,2,0,0,0,heldout
pit,3,28,0.925,0.5,7,0,2,0,heldout
pit,3,39,0.925,0.5,5,0,1,0,heldout
pit,3,54,0.925,0.5,8,0,0,0,heldout
pit,3,57,0.925,0.5,1,0,0,0,heldout
pit,3,62,0.925,0.5,9,0,0,0,heldout
pit,3,68,0.925,0.5,3,0,0,0,heldout
pit,3,75,0.925,0.5,4,0,0,0,heldout
pit,3,80,0.925,0.5,2,0,0,0,heldout
pit,3,84,0.925,0.5,10,0,0,0,heldout
pit,3,85,0.925,0.5,1,0,0,0,heldout
pit,3,89,0.925,0.5,3,0,1,0,heldout
pit,3,90,0.925,0.5,5,0,2,0,heldout
pit,3,91,0.925,0.5,4,0,0,0,heldout
pit,3,93,0.925,0.5,3,0,0,0,heldout
pit,3,96,0.925,0.5,1,0,1,0,heldout
pit,3,99,0.925,0.5,6,0,0,0,heldout
pit,3,104,0.925,0.5,7,0,0,0,heldout
pit,3,122,0.925,0.5,2,0,1,0,heldout
pit,3,127,0.925,0.5,2,0,1,0,heldout
pit,3,128,0.925,0.5,5,0,0,0,heldout
pit,3,129,0.925,0.5,7,0,0,0,heldout
pit,3,136,0.925,0.5,3,0,0,0,heldout
pit,3,142,0.925,0.5,2,0,0,0,heldout
pit,3,-1,0.95,0.3,79,0,4,0,val
pit,3,-1,0.95,0.5,79,0,4,0,val
pit,3,28,0.95,0.3,7,0,2,0,heldout
pit,3,39,0.95,0.3,5,0,0,0,heldout
pit,3,54,0.95,0.3,8,0,0,0,heldout
pit,3,57,0.95,0.3,1,0,0,0,heldout
pit,3,62,0.95,0.3,9,0,0,0,heldout
pit,3,68,0.95,0.3,3,0,0,0,heldout
pit,3,75,0.95,0.3,4,0,0,0,heldout
pit,3,80,0.95,0.3,2,0,0,0,heldout
pit,3,84,0.95,0.3,10,0,0,0,heldout
pit,3,85,0.95,0.3,1,0,0,0,heldout
pit,3,89,0.95,0.3,3,0,0,0,heldout
pit,3,90,0.95,0.3,5,0,0,0,heldout
pit,3,91,0.95,0.3,4,0,0,0,heldout
pit,3,93,0.95,0.3,3,0,0,0,heldout
pit,3,96,0.95,0.3,1,0,1,0,heldout
pit,3,99,0.95,0.3,6,0,0,0,heldout
pit,3,104,0.95,0.3,7,0,0,0,heldout
pit,3,122,0.95,0.3,2,0,0,0,heldout
pit,3,127,0.95,0.3,2,0,0,0,heldout
pit,3,128,0.95,0.3,5,0,0,0,heldout
pit,3,129,0.95,0.3,7,0,0,0,heldout
pit,3,136,0.95,0.3,3,0,0,0,heldout
pit,3,142,0.95,0.3,2,0,0,0,heldout
pit,3,28,0.95,0.5,7,0,2,0,heldout
pit,3,39,0.95,0.5,5,0,0,0,heldout
pit,3,54,0.95,0.5,8,0,0,0,heldout
pit,3,57,0.95,0.5,1,0,0,0,heldout
pit,3,62,0.95,0.5,9,0,0,0,heldout
pit,3,68,0.95,0.5,3,0,0,0,heldout
pit,3,75,0.95,0.5,4,0,0,0,heldout
pit,3,80,0.95,0.5,2,0,0,0,heldout
pit,3,84,0.95,0.5,10,0,0,0,heldout
pit,3,85,0.95,0.5,1,0,0,0,heldout
pit,3,89,0.95,0.5,3,0,0,0,heldout
pit,3,90,0.95,0.5,5,0,0,0,heldout
pit,3,91,0.95,0.5,4,0,0,0,heldout
pit,3,93,0.95,0.5,3,0,0,0,heldout
pit,3,96,0.95,0.5,1,0,1,0,heldout
pit,3,99,0.95,0.5,6,0,0,0,heldout
pit,3,104,0.95,0.5,7,0,0,0,heldout
pit,3,122,0.95,0.5,2,0,0,0,heldout
pit,3,127,0.95,0.5,2,0,0,0,heldout
pit,3,128,0.95,0.5,5,0,0,0,heldout
pit,3,129,0.95,0.5,7,0,0,0,heldout
pit,3,136,0.95,0.5,3,0,0,0,heldout
pit,3,142,0.95,0.5,2,0,0,0,heldout
pit,4,-1,0.05,0.3,66,29,1472,29,val
pit,4,-1,0.05,0.5,66,6,1472,6,val
pit,4,3,0.05,0.3,2,2,70,2,heldout
pit,4,12,0.05,0.3,5,3,82,3,heldout
pit,4,38,0.05,0.3,4,0,50,0,heldout
pit,4,40,0.05,0.3,2,0,73,0,heldout
pit,4,45,0.05,0.3,1,1,76,1,heldout
pit,4,49,0.05,0.3,8,5,39,5,heldout
pit,4,51,0.05,0.3,5,3,98,3,heldout
pit,4,52,0.05,0.3,4,4,108,4,heldout
pit,4,53,0.05,0.3,4,2,145,2,heldout
pit,4,55,0.05,0.3,8,7,168,7,heldout
pit,4,58,0.05,0.3,4,4,110,4,heldout
pit,4,59,0.05,0.3,10,3,70,3,heldout
pit,4,63,0.05,0.3,4,3,103,3,heldout
pit,4,65,0.05,0.3,7,3,61,3,heldout
pit,4,79,0.05,0.3,6,4,125,4,heldout
pit,4,87,0.05,0.3,8,7,65,7,heldout
pit,4,92,0.05,0.3,4,2,93,2,heldout
pit,4,102,0.05,0.3,1,1,72,1,heldout
pit,4,106,0.05,0.3,2,1,149,1,heldout
pit,4,115,0.05,0.3,5,3,121,3,heldout
pit,4,119,0.05,0.3,7,1,134,1,heldout
pit,4,3,0.05,0.5,2,1,70,1,heldout
pit,4,12,0.05,0.5,5,1,82,1,heldout
pit,4,38,0.05,0.5,4,0,50,0,heldout
pit,4,40,0.05,0.5,2,0,73,0,heldout
pit,4,45,0.05,0.5,1,0,76,0,heldout
pit,4,49,0.05,0.5,8,1,39,1,heldout
pit,4,51,0.05,0.5,5,1,98,1,heldout
pit,4,52,0.05,0.5,4,0,108,0,heldout
pit,4,53,0.05,0.5,4,0,145,0,heldout
pit,4,55,0.05,0.5,8,4,168,4,heldout
pit,4,58,0.05,0.5,4,0,110,0,heldout
pit,4,59,0.05,0.5,10,0,70,0,heldout
pit,4,63,0.05,0.5,4,1,103,1,heldout
pit,4,65,0.05,0.5,7,0,61,0,heldout
pit,4,79,0.05,0.5,6,0,125,0,heldout
pit,4,87,0.05,0.5,8,0,65,0,heldout
pit,4,92,0.05,0.5,4,0,93,0,heldout
pit,4,102,0.05,0.5,1,1,72,1,heldout
pit,4,106,0.05,0.5,2,0,149,0,heldout
pit,4,115,0.05,0.5,5,2,121,2,heldout
pit,4,119,0.05,0.5,7,0,134,0,heldout
pit,4,-1,0.075,0.3,66,33,565,33,val
pit,4,-1,0.075,0.5,66,8,565,8,val
pit,4,3,0.075,0.3,2,1,20,1,heldout
pit,4,12,0.075,0.3,5,4,32,4,heldout
pit,4,38,0.075,0.3,4,1,30,1,heldout
pit,4,40,0.075,0.3,2,0,23,0,heldout
pit,4,45,0.075,0.3,1,1,29,1,heldout
pit,4,49,0.075,0.3,8,5,14,5,heldout
pit,4,51,0.075,0.3,5,3,21,3,heldout
pit,4,52,0.075,0.3,4,4,42,4,heldout
pit,4,53,0.075,0.3,4,2,49,2,heldout
pit,4,55,0.075,0.3,8,8,70,8,heldout
pit,4,58,0.075,0.3,4,4,31,4,heldout
pit,4,59,0.075,0.3,10,4,26,4,heldout
pit,4,63,0.075,0.3,4,3,42,3,heldout
pit,4,65,0.075,0.3,7,4,21,4,heldout
pit,4,79,0.075,0.3,6,4,43,4,heldout
pit,4,87,0.075,0.3,8,7,19,7,heldout
pit,4,92,0.075,0.3,4,3,35,3,heldout
pit,4,102,0.075,0.3,1,1,20,1,heldout
pit,4,106,0.075,0.3,2,1,74,1,heldout
pit,4,115,0.075,0.3,5,3,32,3,heldout
pit,4,119,0.075,0.3,7,1,41,1,heldout
pit,4,3,0.075,0.5,2,0,20,0,heldout
pit,4,12,0.075,0.5,5,1,32,1,heldout
pit,4,38,0.075,0.5,4,0,30,0,heldout
pit,4,40,0.075,0.5,2,0,23,0,heldout
pit,4,45,0.075,0.5,1,0,29,0,heldout
pit,4,49,0.075,0.5,8,1,14,1,heldout
pit,4,51,0.075,0.5,5,1,21,1,heldout
pit,4,52,0.075,0.5,4,0,42,0,heldout
pit,4,53,0.075,0.5,4,0,49,0,heldout
pit,4,55,0.075,0.5,8,3,70,3,heldout
pit,4,58,0.075,0.5,4,0,31,0,heldout
pit,4,59,0.075,0.5,10,0,26,0,heldout
pit,4,63,0.075,0.5,4,1,42,1,heldout
pit,4,65,0.075,0.5,7,1,21,1,heldout
pit,4,79,0.075,0.5,6,1,43,1,heldout
pit,4,87,0.075,0.5,8,0,19,0,heldout
pit,4,92,0.075,0.5,4,0,35,0,heldout
pit,4,102,0.075,0.5,1,1,20,1,heldout
pit,4,106,0.075,0.5,2,0,74,0,heldout
pit,4,115,0.075,0.5,5,2,32,2,heldout
pit,4,119,0.075,0.5,7,0,41,0,heldout
pit,4,-1,0.1,0.3,66,38,338,38,val
pit,4,-1,0.1,0.5,66,8,338,8,val
pit,4,3,0.1,0.3,2,1,7,1,heldout
pit,4,12,0.1,0.3,5,4,24,4,heldout
pit,4,38,0.1,0.3,4,1,20,1,heldout
pit,4,40,0.1,0.3,2,0,15,0,heldout
pit,4,45,0.1,0.3,1,1,15,1,heldout
pit,4,49,0.1,0.3,8,5,11,5,heldout
pit,4,51,0.1,0.3,5,5,14,5,heldout
pit,4,52,0.1,0.3,4,4,18,4,heldout
pit,4,53,0.1,0.3,4,2,31,2,heldout
pit,4,55,0.1,0.3,8,8,40,8,heldout
pit,4,58,0.1,0.3,4,4,14,4,heldout
pit,4,59,0.1,0.3,10,5,24,5,heldout
pit,4,63,0.1,0.3,4,3,27,3,heldout
pit,4,65,0.1,0.3,7,5,15,5,heldout
pit,4,79,0.1,0.3,6,5,21,5,heldout
pit,4,87,0.1,0.3,8,7,15,7,heldout
pit,4,92,0.1,0.3,4,4,21,4,heldout
pit,4,102,0.1,0.3,1,1,12,1,heldout
pit,4,106,0.1,0.3,2,1,44,1,heldout
pit,4,115,0.1,0.3,5,3,20,3,heldout
pit,4,119,0.1,0.3,7,2,20,2,heldout
pit,4,3,0.1,0.5,2,0,7,0,heldout
pit,4,12,0.1,0.5,5,2,24,2,heldout
pit,4,38,0.1,0.5,4,0,20,0,heldout
pit,4,40,0.1,0.5,2,0,15,0,heldout
pit,4,45,0.1,0.5,1,0,15,0,heldout
pit,4,49,0.1,0.5,8,1,11,1,heldout
pit,4,51,0.1,0.5,5,1,14,1,heldout
pit,4,52,0.1,0.5,4,0,18,0,heldout
pit,4,53,0.1,0.5,4,0,31,0,heldout
pit,4,55,0.1,0.5,8,4,40,4,heldout
pit,4,58,0.1,0.5,4,0,14,0,heldout
pit,4,59,0.1,0.5,10,0,24,0,heldout
pit,4,63,0.1,0.5,4,1,27,1,heldout
pit,4,65,0.1,0.5,7,1,15,1,heldout
pit,4,79,0.1,0.5,6,1,21,1,heldout
pit,4,87,0.1,0.5,8,2,15,2,heldout
pit,4,92,0.1,0.5,4,0,21,0,heldout
pit,4,102,0.1,0.5,1,1,12,1,heldout
pit,4,106,0.1,0.5,2,0,44,0,heldout
pit,4,115,0.1,0.5,5,2,20,2,heldout
pit,4,119,0.1,0.5,7,0,20,0,heldout
pit,4,-1,0.125,0.3,66,42,257,42,val
pit,4,-1,0.125,0.5,66,9,257,9,val
pit,4,3,0.125,0.3,2,1,4,1,heldout
pit,4,12,0.125,0.3,5,4,22,4,heldout
pit,4,38,0.125,0.3,4,1,13,1,heldout
pit,4,40,0.125,0.3,2,1,12,1,heldout
pit,4,45,0.125,0.3,1,1,7,1,heldout
pit,4,49,0.125,0.3,8,5,10,5,heldout
pit,4,51,0.125,0.3,5,5,11,5,heldout
pit,4,52,0.125,0.3,4,4,10,4,heldout
pit,4,53,0.125,0.3,4,3,18,3,heldout
pit,4,55,0.125,0.3,8,8,31,8,heldout
pit,4,58,0.125,0.3,4,4,10,4,heldout
pit,4,59,0.125,0.3,10,5,17,5,heldout
pit,4,63,0.125,0.3,4,4,13,4,heldout
pit,4,65,0.125,0.3,7,5,13,5,heldout
pit,4,79,0.125,0.3,6,5,17,5,heldout
pit,4,87,0.125,0.3,8,7,11,7,heldout
pit,4,92,0.125,0.3,4,4,16,4,heldout
pit,4,102,0.125,0.3,1,1,9,1,heldout
pit,4,106,0.125,0.3,2,1,24,1,heldout
pit,4,115,0.125,0.3,5,5,16,5,heldout
pit,4,119,0.125,0.3,7,2,17,2,heldout
pit,4,3,0.125,0.5,2,0,4,0,heldout
pit,4,12,0.125,0.5,5,2,22,2,heldout
pit,4,38,0.125,0.5,4,0,13,0,heldout
pit,4,40,0.125,0.5,2,0,12,0,heldout
pit,4,45,0.125,0.5,1,0,7,0,heldout
pit,4,49,0.125,0.5,8,2,10,2,heldout
pit,4,51,0.125,0.5,5,1,11,1,heldout
pit,4,52,0.125,0.5,4,0,10,0,heldout
pit,4,53,0.125,0.5,4,0,18,0,heldout
pit,4,55,0.125,0.5,8,4,31,4,heldout
pit,4,58,0.125,0.5,4,1,10,1,heldout
pit,4,59,0.125,0.5,10,0,17,0,heldout
pit,4,63,0.125,0.5,4,1,13,1,heldout
pit,4,65,0.125,0.5,7,1,13,1,heldout
pit,4,79,0.125,0.5,6,2,17,2,heldout
pit,4,87,0.125,0.5,8,3,11,3,heldout
pit,4,92,0.125,0.5,4,0,16,0,heldout
pit,4,102,0.125,0.5,1,1,9,1,heldout
pit,4,106,0.125,0.5,2,1,24,1,heldout
pit,4,115,0.125,0.5,5,2,16,2,heldout
pit,4,119,0.125,0.5,7,1,17,1,heldout
pit,4,-1,0.15,0.3,66,48,207,48,val
pit,4,-1,0.15,0.5,66,11,207,11,val
pit,4,3,0.15,0.3,2,1,4,1,heldout
pit,4,12,0.15,0.3,5,5,19,5,heldout
pit,4,38,0.15,0.3,4,2,11,2,heldout
pit,4,40,0.15,0.3,2,1,9,1,heldout
pit,4,45,0.15,0.3,1,1,5,1,heldout
pit,4,49,0.15,0.3,8,7,10,7,heldout
pit,4,51,0.15,0.3,5,5,9,5,heldout
pit,4,52,0.15,0.3,4,4,8,4,heldout
pit,4,53,0.15,0.3,4,3,15,3,heldout
pit,4,55,0.15,0.3,8,8,27,8,heldout
pit,4,58,0.15,0.3,4,4,6,4,heldout
pit,4,59,0.15,0.3,10,7,12,7,heldout
pit,4,63,0.15,0.3,4,4,11,4,heldout
pit,4,65,0.15,0.3,7,5,12,5,heldout
pit,4,79,0.15,0.3,6,5,14,5,heldout
pit,4,87,0.15,0.3,8,7,11,7,heldout
pit,4,92,0.15,0.3,4,4,15,4,heldout
pit,4,102,0.15,0.3,1,1,7,1,heldout
pit,4,106,0.15,0.3,2,1,15,1,heldout
pit,4,115,0.15,0.3,5,5,15,5,heldout
pit,4,119,0.15,0.3,7,3,15,3,heldout
pit,4,3,0.15,0.5,2,1,4,1,heldout
pit,4,12,0.15,0.5,5,2,19,2,heldout
pit,4,38,0.15,0.5,4,0,11,0,heldout
pit,4,40,0.15,0.5,2,0,9,0,heldout
pit,4,45,0.15,0.5,1,0,5,0,heldout
pit,4,49,0.15,0.5,8,2,10,2,heldout
pit,4,51,0.15,0.5,5,1,9,1,heldout
pit,4,52,0.15,0.5,4,0,8,0,heldout
pit,4,53,0.15,0.5,4,0,15,0,heldout
pit,4,55,0.15,0.5,8,5,27,5,heldout
pit,4,58,0.15,0.5,4,1,6,1,heldout
pit,4,59,0.15,0.5,10,0,12,0,heldout
pit,4,63,0.15,0.5,4,2,11,2,heldout
pit,4,65,0.15,0.5,7,2,12,2,heldout
pit,4,79,0.15,0.5,6,2,14,2,heldout
pit,4,87,0.15,0.5,8,3,11,3,heldout
pit,4,92,0.15,0.5,4,0,15,0,heldout
pit,4,102,0.15,0.5,1,1,7,1,heldout
pit,4,106,0.15,0.5,2,1,15,1,heldout
pit,4,115,0.15,0.5,5,3,15,3,heldout
pit,4,119,0.15,0.5,7,1,15,1,heldout
pit,4,-1,0.175,0.3,66,49,181,49,val
pit,4,-1,0.175,0.5,66,14,181,14,val
pit,4,3,0.175,0.3,2,1,4,1,heldout
pit,4,12,0.175,0.3,5,5,19,5,heldout
pit,4,38,0.175,0.3,4,2,9,2,heldout
pit,4,40,0.175,0.3,2,1,8,1,heldout
pit,4,45,0.175,0.3,1,1,3,1,heldout
pit,4,49,0.175,0.3,8,8,10,8,heldout
pit,4,51,0.175,0.3,5,5,9,5,heldout
pit,4,52,0.175,0.3,4,4,8,4,heldout
pit,4,53,0.175,0.3,4,3,14,3,heldout
pit,4,55,0.175,0.3,8,8,21,8,heldout
pit,4,58,0.175,0.3,4,4,7,4,heldout
pit,4,59,0.175,0.3,10,8,10,8,heldout
pit,4,63,0.175,0.3,4,4,11,4,heldout
pit,4,65,0.175,0.3,7,5,11,5,heldout
pit,4,79,0.175,0.3,6,5,14,5,heldout
pit,4,87,0.175,0.3,8,7,11,7,heldout
pit,4,92,0.175,0.3,4,4,12,4,heldout
pit,4,102,0.175,0.3,1,1,6,1,heldout
pit,4,106,0.175,0.3,2,2,13,2,heldout
pit,4,115,0.175,0.3,5,5,15,5,heldout
pit,4,119,0.175,0.3,7,3,13,3,heldout
pit,4,3,0.175,0.5,2,1,4,1,heldout
pit,4,12,0.175,0.5,5,3,19,3,heldout
pit,4,38,0.175,0.5,4,0,9,0,heldout
pit,4,40,0.175,0.5,2,0,8,0,heldout
pit,4,45,0.175,0.5,1,1,3,1,heldout
pit,4,49,0.175,0.5,8,3,10,3,heldout
pit,4,51,0.175,0.5,5,1,9,1,heldout
pit,4,52,0.175,0.5,4,0,8,0,heldout
pit,4,53,0.175,0.5,4,0,14,0,heldout
pit,4,55,0.175,0.5,8,6,21,6,heldout
pit,4,58,0.175,0.5,4,1,7,1,heldout
pit,4,59,0.175,0.5,10,0,10,0,heldout
pit,4,63,0.175,0.5,4,2,11,2,heldout
pit,4,65,0.175,0.5,7,2,11,2,heldout
pit,4,79,0.175,0.5,6,2,14,2,heldout
pit,4,87,0.175,0.5,8,5,11,5,heldout
pit,4,92,0.175,0.5,4,0,12,0,heldout
pit,4,102,0.175,0.5,1,1,6,1,heldout
pit,4,106,0.175,0.5,2,1,13,1,heldout
pit,4,115,0.175,0.5,5,3,15,3,heldout
pit,4,119,0.175,0.5,7,1,13,1,heldout
pit,4,-1,0.2,0.3,66,53,167,53,val
pit,4,-1,0.2,0.5,66,16,167,16,val
pit,4,3,0.2,0.3,2,1,3,1,heldout
pit,4,12,0.2,0.3,5,5,18,5,heldout
pit,4,38,0.2,0.3,4,3,9,3,heldout
pit,4,40,0.2,0.3,2,1,6,1,heldout
pit,4,45,0.2,0.3,1,1,2,1,heldout
pit,4,49,0.2,0.3,8,8,10,8,heldout
pit,4,51,0.2,0.3,5,5,8,5,heldout
pit,4,52,0.2,0.3,4,4,8,4,heldout
pit,4,53,0.2,0.3,4,3,13,3,heldout
pit,4,55,0.2,0.3,8,8,18,8,heldout
pit,4,58,0.2,0.3,4,4,7,4,heldout
pit,4,59,0.2,0.3,10,9,10,9,heldout
pit,4,63,0.2,0.3,4,4,10,4,heldout
pit,4,65,0.2,0.3,7,7,11,7,heldout
pit,4,79,0.2,0.3,6,6,14,6,heldout
pit,4,87,0.2,0.3,8,7,11,7,heldout
pit,4,92,0.2,0.3,4,4,11,4,heldout
pit,4,102,0.2,0.3,1,1,3,1,heldout
pit,4,106,0.2,0.3,2,2,11,2,heldout
pit,4,115,0.2,0.3,5,5,13,5,heldout
pit,4,119,0.2,0.3,7,3,12,3,heldout
pit,4,3,0.2,0.5,2,1,3,1,heldout
pit,4,12,0.2,0.5,5,3,18,3,heldout
pit,4,38,0.2,0.5,4,0,9,0,heldout
pit,4,40,0.2,0.5,2,0,6,0,heldout
pit,4,45,0.2,0.5,1,1,2,1,heldout
pit,4,49,0.2,0.5,8,3,10,3,heldout
pit,4,51,0.2,0.5,5,2,8,2,heldout
pit,4,52,0.2,0.5,4,1,8,1,heldout
pit,4,53,0.2,0.5,4,1,13,1,heldout
pit,4,55,0.2,0.5,8,6,18,6,heldout
pit,4,58,0.2,0.5,4,2,7,2,heldout
pit,4,59,0.2,0.5,10,1,10,1,heldout
pit,4,63,0.2,0.5,4,2,10,2,heldout
pit,4,65,0.2,0.5,7,3,11,3,heldout
pit,4,79,0.2,0.5,6,2,14,2,heldout
pit,4,87,0.2,0.5,8,5,11,5,heldout
pit,4,92,0.2,0.5,4,0,11,0,heldout
pit,4,102,0.2,0.5,1,1,3,1,heldout
pit,4,106,0.2,0.5,2,1,11,1,heldout
pit,4,115,0.2,0.5,5,3,13,3,heldout
pit,4,119,0.2,0.5,7,1,12,1,heldout
pit,4,-1,0.225,0.3,66,53,152,53,val
pit,4,-1,0.225,0.5,66,19,152,19,val
pit,4,3,0.225,0.3,2,1,3,1,heldout
pit,4,12,0.225,0.3,5,5,16,5,heldout
pit,4,38,0.225,0.3,4,4,9,4,heldout
pit,4,40,0.225,0.3,2,1,4,1,heldout
pit,4,45,0.225,0.3,1,1,2,1,heldout
pit,4,49,0.225,0.3,8,8,10,8,heldout
pit,4,51,0.225,0.3,5,5,8,5,heldout
pit,4,52,0.225,0.3,4,4,8,4,heldout
pit,4,53,0.225,0.3,4,4,11,4,heldout
pit,4,55,0.225,0.3,8,7,14,7,heldout
pit,4,58,0.225,0.3,4,4,7,4,heldout
pit,4,59,0.225,0.3,10,10,10,10,heldout
pit,4,63,0.225,0.3,4,4,10,4,heldout
pit,4,65,0.225,0.3,7,7,10,7,heldout
pit,4,79,0.225,0.3,6,6,13,6,heldout
pit,4,87,0.225,0.3,8,6,11,6,heldout
pit,4,92,0.225,0.3,4,4,10,4,heldout
pit,4,102,0.225,0.3,1,1,3,1,heldout
pit,4,106,0.225,0.3,2,2,9,2,heldout
pit,4,115,0.225,0.3,5,5,13,5,heldout
pit,4,119,0.225,0.3,7,3,12,3,heldout
pit,4,3,0.225,0.5,2,1,3,1,heldout
pit,4,12,0.225,0.5,5,3,16,3,heldout
pit,4,38,0.225,0.5,4,0,9,0,heldout
pit,4,40,0.225,0.5,2,0,4,0,heldout
pit,4,45,0.225,0.5,1,1,2,1,heldout
pit,4,49,0.225,0.5,8,3,10,3,heldout
pit,4,51,0.225,0.5,5,2,8,2,heldout
pit,4,52,0.225,0.5,4,2,8,2,heldout
pit,4,53,0.225,0.5,4,1,11,1,heldout
pit,4,55,0.225,0.5,8,6,14,6,heldout
pit,4,58,0.225,0.5,4,4,7,4,heldout
pit,4,59,0.225,0.5,10,2,10,2,heldout
pit,4,63,0.225,0.5,4,2,10,2,heldout
pit,4,65,0.225,0.5,7,4,10,4,heldout
pit,4,79,0.225,0.5,6,4,13,4,heldout
pit,4,87,0.225,0.5,8,6,11,6,heldout
pit,4,92,0.225,0.5,4,2,10,2,heldout
pit,4,102,0.225,0.5,1,1,3,1,heldout
pit,4,106,0.225,0.5,2,1,9,1,heldout
pit,4,115,0.225,0.5,5,3,13,3,heldout
pit,4,119,0.225,0.5,7,1,12,1,heldout
pit,4,-1,0.25,0.3,66,57,144,57,val
pit,4,-1,0.25,0.5,66,22,144,22,val
pit,4,3,0.25,0.3,2,1,3,1,heldout
pit,4,12,0.25,0.3,5,5,14,5,heldout
pit,4,38,0.25,0.3,4,4,8,4,heldout
pit,4,40,0.25,0.3,2,2,5,2,heldout
pit,4,45,0.25,0.3,1,1,2,1,heldout
pit,4,49,0.25,0.3,8,8,10,8,heldout
pit,4,51,0.25,0.3,5,5,8,5,heldout
pit,4,52,0.25,0.3,4,4,6,4,heldout
pit,4,53,0.25,0.3,4,4,11,4,heldout
pit,4,55,0.25,0.3,8,7,12,7,heldout
pit,4,58,0.25,0.3,4,4,7,4,heldout
pit,4,59,0.25,0.3,10,10,10,10,heldout
pit,4,63,0.25,0.3,4,4,9,4,heldout
pit,4,65,0.25,0.3,7,7,9,7,heldout
pit,4,79,0.25,0.3,6,6,10,6,heldout
pit,4,87,0.25,0.3,8,6,10,6,heldout
pit,4,92,0.25,0.3,4,4,9,4,heldout
pit,4,102,0.25,0.3,1,1,3,1,heldout
pit,4,106,0.25,0.3,2,2,9,2,heldout
pit,4,115,0.25,0.3,5,5,12,5,heldout
pit,4,119,0.25,0.3,7,4,11,4,heldout
pit,4,3,0.25,0.5,2,1,3,1,heldout
pit,4,12,0.25,0.5,5,4,14,4,heldout
pit,4,38,0.25,0.5,4,0,8,0,heldout
pit,4,40,0.25,0.5,2,1,5,1,heldout
pit,4,45,0.25,0.5,1,1,2,1,heldout
pit,4,49,0.25,0.5,8,5,10,5,heldout
pit,4,51,0.25,0.5,5,2,8,2,heldout
pit,4,52,0.25,0.5,4,2,6,2,heldout
pit,4,53,0.25,0.5,4,1,11,1,heldout
pit,4,55,0.25,0.5,8,7,12,7,heldout
pit,4,58,0.25,0.5,4,4,7,4,heldout
pit,4,59,0.25,0.5,10,4,10,4,heldout
pit,4,63,0.25,0.5,4,2,9,2,heldout
pit,4,65,0.25,0.5,7,5,9,5,heldout
pit,4,79,0.25,0.5,6,4,10,4,heldout
pit,4,87,0.25,0.5,8,6,10,6,heldout
pit,4,92,0.25,0.5,4,3,9,3,heldout
pit,4,102,0.25,0.5,1,1,3,1,heldout
pit,4,106,0.25,0.5,2,1,9,1,heldout
pit,4,115,0.25,0.5,5,3,12,3,heldout
pit,4,119,0.25,0.5,7,2,11,2,heldout
pit,4,-1,0.275,0.3,66,62,133,62,val
pit,4,-1,0.275,0.5,66,36,133,36,val
pit,4,3,0.275,0.3,2,1,3,1,heldout
pit,4,12,0.275,0.3,5,5,14,5,heldout
pit,4,38,0.275,0.3,4,4,7,4,heldout
pit,4,40,0.275,0.3,2,2,4,2,heldout
pit,4,45,0.275,0.3,1,1,2,1,heldout
pit,4,49,0.275,0.3,8,8,10,8,heldout
pit,4,51,0.275,0.3,5,5,7,5,heldout
pit,4,52,0.275,0.3,4,4,6,4,heldout
pit,4,53,0.275,0.3,4,3,11,3,heldout
pit,4,55,0.275,0.3,8,7,10,7,heldout
pit,4,58,0.275,0.3,4,4,7,4,heldout
pit,4,59,0.275,0.3,10,10,10,10,heldout
pit,4,63,0.275,0.3,4,4,9,4,heldout
pit,4,65,0.275,0.3,7,7,9,7,heldout
pit,4,79,0.275,0.3,6,6,10,6,heldout
pit,4,87,0.275,0.3,8,6,10,6,heldout
pit,4,92,0.275,0.3,4,4,9,4,heldout
pit,4,102,0.275,0.3,1,1,3,1,heldout
pit,4,106,0.275,0.3,2,2,7,2,heldout
pit,4,115,0.275,0.3,5,5,11,5,heldout
pit,4,119,0.275,0.3,7,6,11,6,heldout
pit,4,3,0.275,0.5,2,1,3,1,heldout
pit,4,12,0.275,0.5,5,4,14,4,heldout
pit,4,38,0.275,0.5,4,0,7,0,heldout
pit,4,40,0.275,0.5,2,1,4,1,heldout
pit,4,45,0.275,0.5,1,1,2,1,heldout
pit,4,49,0.275,0.5,8,5,10,5,heldout
pit,4,51,0.275,0.5,5,5,7,5,heldout
pit,4,52,0.275,0.5,4,2,6,2,heldout
pit,4,53,0.275,0.5,4,1,11,1,heldout
pit,4,55,0.275,0.5,8,7,10,7,heldout
pit,4,58,0.275,0.5,4,4,7,4,heldout
pit,4,59,0.275,0.5,10,5,10,5,heldout
pit,4,63,0.275,0.5,4,4,9,4,heldout
pit,4,65,0.275,0.5,7,6,9,6,heldout
pit,4,79,0.275,0.5,6,4,10,4,heldout
pit,4,87,0.275,0.5,8,6,10,6,heldout
pit,4,92,0.275,0.5,4,3,9,3,heldout
pit,4,102,0.275,0.5,1,1,3,1,heldout
pit,4,106,0.275,0.5,2,1,7,1,heldout
pit,4,115,0.275,0.5,5,4,11,4,heldout
pit,4,119,0.275,0.5,7,2,11,2,heldout
pit,4,-1,0.3,0.3,66,62,126,62,val
pit,4,-1,0.3,0.5,66,44,126,44,val
pit,4,3,0.3,0.3,2,1,3,1,heldout
pit,4,12,0.3,0.3,5,5,12,5,heldout
pit,4,38,0.3,0.3,4,4,6,4,heldout
pit,4,40,0.3,0.3,2,2,4,2,heldout
pit,4,45,0.3,0.3,1,1,1,1,heldout
pit,4,49,0.3,0.3,8,8,10,8,heldout
pit,4,51,0.3,0.3,5,5,7,5,heldout
pit,4,52,0.3,0.3,4,4,5,4,heldout
pit,4,53,0.3,0.3,4,3,12,3,heldout
pit,4,55,0.3,0.3,8,7,10,7,heldout
pit,4,58,0.3,0.3,4,4,8,4,heldout
pit,4,59,0.3,0.3,10,10,10,10,heldout
pit,4,63,0.3,0.3,4,4,8,4,heldout
pit,4,65,0.3,0.3,7,7,9,7,heldout
pit,4,79,0.3,0.3,6,6,10,6,heldout
pit,4,87,0.3,0.3,8,7,8,7,heldout
pit,4,92,0.3,0.3,4,4,9,4,heldout
pit,4,102,0.3,0.3,1,1,3,1,heldout
pit,4,106,0.3,0.3,2,2,6,2,heldout
pit,4,115,0.3,0.3,5,5,10,5,heldout
pit,4,119,0.3,0.3,7,6,10,6,heldout
pit,4,3,0.3,0.5,2,1,3,1,heldout
pit,4,12,0.3,0.5,5,4,12,4,heldout
pit,4,38,0.3,0.5,4,1,6,1,heldout
pit,4,40,0.3,0.5,2,2,4,2,heldout
pit,4,45,0.3,0.5,1,1,1,1,heldout
pit,4,49,0.3,0.5,8,6,10,6,heldout
pit,4,51,0.3,0.5,5,5,7,5,heldout
pit,4,52,0.3,0.5,4,3,5,3,heldout
pit,4,53,0.3,0.5,4,1,12,1,heldout
pit,4,55,0.3,0.5,8,7,10,7,heldout
pit,4,58,0.3,0.5,4,4,8,4,heldout
pit,4,59,0.3,0.5,10,6,10,6,heldout
pit,4,63,0.3,0.5,4,4,8,4,heldout
pit,4,65,0.3,0.5,7,5,9,5,heldout
pit,4,79,0.3,0.5,6,5,10,5,heldout
pit,4,87,0.3,0.5,8,6,8,6,heldout
pit,4,92,0.3,0.5,4,4,9,4,heldout
pit,4,102,0.3,0.5,1,1,3,1,heldout
pit,4,106,0.3,0.5,2,1,6,1,heldout
pit,4,115,0.3,0.5,5,4,10,4,heldout
pit,4,119,0.3,0.5,7,2,10,2,heldout
pit,4,-1,0.325,0.3,66,63,120,63,val
pit,4,-1,0.325,0.5,66,48,120,48,val
pit,4,3,0.325,0.3,2,1,3,1,heldout
pit,4,12,0.325,0.3,5,5,12,5,heldout
pit,4,38,0.325,0.3,4,4,6,4,heldout
pit,4,40,0.325,0.3,2,2,4,2,heldout
pit,4,45,0.325,0.3,1,1,1,1,heldout
pit,4,49,0.325,0.3,8,8,10,8,heldout
pit,4,51,0.325,0.3,5,5,7,5,heldout
pit,4,52,0.325,0.3,4,4,5,4,heldout
pit,4,53,0.325,0.3,4,3,12,3,heldout
pit,4,55,0.325,0.3,8,7,9,7,heldout
pit,4,58,0.325,0.3,4,4,8,4,heldout
pit,4,59,0.325,0.3,10,10,10,10,heldout
pit,4,63,0.325,0.3,4,4,8,4,heldout
pit,4,65,0.325,0.3,7,7,9,7,heldout
pit,4,79,0.325,0.3,6,6,10,6,heldout
pit,4,87,0.325,0.3,8,7,8,7,heldout
pit,4,92,0.325,0.3,4,4,9,4,heldout
pit,4,102,0.325,0.3,1,1,3,1,heldout
pit,4,106,0.325,0.3,2,2,5,2,heldout
pit,4,115,0.325,0.3,5,5,9,5,heldout
pit,4,119,0.325,0.3,7,6,10,6,heldout
pit,4,3,0.325,0.5,2,1,3,1,heldout
pit,4,12,0.325,0.5,5,4,12,4,heldout
pit,4,38,0.325,0.5,4,2,6,2,heldout
pit,4,40,0.325,0.5,2,2,4,2,heldout
pit,4,45,0.325,0.5,1,1,1,1,heldout
pit,4,49,0.325,0.5,8,7,10,7,heldout
pit,4,51,0.325,0.5,5,5,7,5,heldout
pit,4,52,0.325,0.5,4,3,5,3,heldout
pit,4,53,0.325,0.5,4,2,12,2,heldout
pit,4,55,0.325,0.5,8,6,9,6,heldout
pit,4,58,0.325,0.5,4,4,8,4,heldout
pit,4,59,0.325,0.5,10,7,10,7,heldout
pit,4,63,0.325,0.5,4,4,8,4,heldout
pit,4,65,0.325,0.5,7,5,9,5,heldout
pit,4,79,0.325,0.5,6,5,10,5,heldout
pit,4,87,0.325,0.5,8,6,8,6,heldout
pit,4,92,0.325,0.5,4,4,9,4,heldout
pit,4,102,0.325,0.5,1,1,3,1,heldout
pit,4,106,0.325,0.5,2,1,5,1,heldout
pit,4,115,0.325,0.5,5,5,9,5,heldout
pit,4,119,0.325,0.5,7,2,10,2,heldout
pit,4,-1,0.35,0.3,66,63,116,63,val
pit,4,-1,0.35,0.5,66,56,116,56,val
pit,4,3,0.35,0.3,2,1,3,1,heldout
pit,4,12,0.35,0.3,5,5,11,5,heldout
pit,4,38,0.35,0.3,4,4,6,4,heldout
pit,4,40,0.35,0.3,2,2,4,2,heldout
pit,4,45,0.35,0.3,1,1,1,1,heldout
pit,4,49,0.35,0.3,8,8,10,8,heldout
pit,4,51,0.35,0.3,5,5,6,5,heldout
pit,4,52,0.35,0.3,4,4,5,4,heldout
pit,4,53,0.35,0.3,4,3,10,3,heldout
pit,4,55,0.35,0.3,8,7,9,7,heldout
pit,4,58,0.35,0.3,4,4,7,4,heldout
pit,4,59,0.35,0.3,10,10,11,10,heldout
pit,4,63,0.35,0.3,4,4,8,4,heldout
pit,4,65,0.35,0.3,7,7,8,7,heldout
pit,4,79,0.35,0.3,6,6,9,6,heldout
pit,4,87,0.35,0.3,8,7,8,7,heldout
pit,4,92,0.35,0.3,4,4,9,4,heldout
pit,4,102,0.35,0.3,1,1,3,1,heldout
pit,4,106,0.35,0.3,2,2,5,2,heldout
pit,4,115,0.35,0.3,5,5,8,5,heldout
pit,4,119,0.35,0.3,7,6,10,6,heldout
pit,4,3,0.35,0.5,2,1,3,1,heldout
pit,4,12,0.35,0.5,5,5,11,5,heldout
pit,4,38,0.35,0.5,4,4,6,4,heldout
pit,4,40,0.35,0.5,2,2,4,2,heldout
pit,4,45,0.35,0.5,1,1,1,1,heldout
pit,4,49,0.35,0.5,8,7,10,7,heldout
pit,4,51,0.35,0.5,5,5,6,5,heldout
pit,4,52,0.35,0.5,4,3,5,3,heldout
pit,4,53,0.35,0.5,4,3,10,3,heldout
pit,4,55,0.35,0.5,8,6,9,6,heldout
pit,4,58,0.35,0.5,4,4,7,4,heldout
pit,4,59,0.35,0.5,10,7,11,7,heldout
pit,4,63,0.35,0.5,4,4,8,4,heldout
pit,4,65,0.35,0.5,7,5,8,5,heldout
pit,4,79,0.35,0.5,6,6,9,6,heldout
pit,4,87,0.35,0.5,8,6,8,6,heldout
pit,4,92,0.35,0.5,4,4,9,4,heldout
pit,4,102,0.35,0.5,1,1,3,1,heldout
pit,4,106,0.35,0.5,2,2,5,2,heldout
pit,4,115,0.35,0.5,5,5,8,5,heldout
pit,4,119,0.35,0.5,7,3,10,3,heldout
pit,4,-1,0.375,0.3,66,64,113,64,val
pit,4,-1,0.375,0.5,66,56,113,56,val
pit,4,3,0.375,0.3,2,1,3,1,heldout
pit,4,12,0.375,0.3,5,5,11,5,heldout
pit,4,38,0.375,0.3,4,4,5,4,heldout
pit,4,40,0.375,0.3,2,2,4,2,heldout
pit,4,45,0.375,0.3,1,1,1,1,heldout
pit,4,49,0.375,0.3,8,8,10,8,heldout
pit,4,51,0.375,0.3,5,5,6,5,heldout
pit,4,52,0.375,0.3,4,4,5,4,heldout
pit,4,53,0.375,0.3,4,3,10,3,heldout
pit,4,55,0.375,0.3,8,7,9,7,heldout
pit,4,58,0.375,0.3,4,4,6,4,heldout
pit,4,59,0.375,0.3,10,10,11,10,heldout
pit,4,63,0.375,0.3,4,4,8,4,heldout
pit,4,65,0.375,0.3,7,7,8,7,heldout
pit,4,79,0.375,0.3,6,6,9,6,heldout
pit,4,87,0.375,0.3,8,7,8,7,heldout
pit,4,92,0.375,0.3,4,4,9,4,heldout
pit,4,102,0.375,0.3,1,1,2,1,heldout
pit,4,106,0.375,0.3,2,2,5,2,heldout
pit,4,115,0.375,0.3,5,5,8,5,heldout
pit,4,119,0.375,0.3,7,6,10,6,heldout
pit,4,3,0.375,0.5,2,1,3,1,heldout
pit,4,12,0.375,0.5,5,5,11,5,heldout
pit,4,38,0.375,0.5,4,4,5,4,heldout
pit,4,40,0.375,0.5,2,2,4,2,heldout
pit,4,45,0.375,0.5,1,1,1,1,heldout
pit,4,49,0.375,0.5,8,7,10,7,heldout
pit,4,51,0.375,0.5,5,5,6,5,heldout
pit,4,52,0.375,0.5,4,3,5,3,heldout
pit,4,53,0.375,0.5,4,3,10,3,heldout
pit,4,55,0.375,0.5,8,6,9,6,heldout
pit,4,58,0.375,0.5,4,4,6,4,heldout
pit,4,59,0.375,0.5,10,8,11,8,heldout
pit,4,63,0.375,0.5,4,4,8,4,heldout
pit,4,65,0.375,0.5,7,5,8,5,heldout
pit,4,79,0.375,0.5,6,6,9,6,heldout
pit,4,87,0.375,0.5,8,6,8,6,heldout
pit,4,92,0.375,0.5,4,4,9,4,heldout
pit,4,102,0.375,0.5,1,1,2,1,heldout
pit,4,106,0.375,0.5,2,2,5,2,heldout
pit,4,115,0.375,0.5,5,5,8,5,heldout
pit,4,119,0.375,0.5,7,3,10,3,heldout
pit,4,-1,0.4,0.3,66,64,111,64,val
pit,4,-1,0.4,0.5,66,58,111,58,val
pit,4,3,0.4,0.3,2,1,4,1,heldout
pit,4,12,0.4,0.3,5,5,11,5,heldout
pit,4,38,0.4,0.3,4,4,5,4,heldout
pit,4,40,0.4,0.3,2,2,4,2,heldout
pit,4,45,0.4,0.3,1,1,1,1,heldout
pit,4,49,0.4,0.3,8,8,10,8,heldout
pit,4,51,0.4,0.3,5,5,6,5,heldout
pit,4,52,0.4,0.3,4,4,5,4,heldout
pit,4,53,0.4,0.3,4,3,9,3,heldout
pit,4,55,0.4,0.3,8,7,9,7,heldout
pit,4,58,0.4,0.3,4,4,6,4,heldout
pit,4,59,0.4,0.3,10,10,11,10,heldout
pit,4,63,0.4,0.3,4,4,7,4,heldout
pit,4,65,0.4,0.3,7,7,8,7,heldout
pit,4,79,0.4,0.3,6,6,8,6,heldout
pit,4,87,0.4,0.3,8,7,8,7,heldout
pit,4,92,0.4,0.3,4,4,9,4,heldout
pit,4,102,0.4,0.3,1,1,2,1,heldout
pit,4,106,0.4,0.3,2,2,5,2,heldout
pit,4,115,0.4,0.3,5,5,8,5,heldout
pit,4,119,0.4,0.3,7,6,9,6,heldout
pit,4,3,0.4,0.5,2,1,4,1,heldout
pit,4,12,0.4,0.5,5,5,11,5,heldout
pit,4,38,0.4,0.5,4,4,5,4,heldout
pit,4,40,0.4,0.5,2,2,4,2,heldout
pit,4,45,0.4,0.5,1,1,1,1,heldout
pit,4,49,0.4,0.5,8,8,10,8,heldout
pit,4,51,0.4,0.5,5,5,6,5,heldout
pit,4,52,0.4,0.5,4,3,5,3,heldout
pit,4,53,0.4,0.5,4,3,9,3,heldout
pit,4,55,0.4,0.5,8,5,9,5,heldout
pit,4,58,0.4,0.5,4,4,6,4,heldout
pit,4,59,0.4,0.5,10,9,11,9,heldout
pit,4,63,0.4,0.5,4,4,7,4,heldout
pit,4,65,0.4,0.5,7,5,8,5,heldout
pit,4,79,0.4,0.5,6,6,8,6,heldout
pit,4,87,0.4,0.5,8,6,8,6,heldout
pit,4,92,0.4,0.5,4,4,9,4,heldout
pit,4,102,0.4,0.5,1,1,2,1,heldout
pit,4,106,0.4,0.5,2,2,5,2,heldout
pit,4,115,0.4,0.5,5,5,8,5,heldout
pit,4,119,0.4,0.5,7,5,9,5,heldout
pit,4,-1,0.425,0.3,66,63,107,63,val
pit,4,-1,0.425,0.5,66,60,107,60,val
pit,4,3,0.425,0.3,2,1,3,1,heldout
pit,4,12,0.425,0.3,5,5,10,5,heldout
pit,4,38,0.425,0.3,4,4,5,4,heldout
pit,4,40,0.425,0.3,2,2,4,2,heldout
pit,4,45,0.425,0.3,1,1,1,1,heldout
pit,4,49,0.425,0.3,8,8,10,8,heldout
pit,4,51,0.425,0.3,5,5,6,5,heldout
pit,4,52,0.425,0.3,4,4,5,4,heldout
pit,4,53,0.425,0.3,4,3,9,3,heldout
pit,4,55,0.425,0.3,8,6,9,6,heldout
pit,4,58,0.425,0.3,4,4,6,4,heldout
pit,4,59,0.425,0.3,10,10,11,10,heldout
pit,4,63,0.425,0.3,4,4,7,4,heldout
pit,4,65,0.425,0.3,7,7,8,7,heldout
pit,4,79,0.425,0.3,6,6,8,6,heldout
pit,4,87,0.425,0.3,8,7,8,7,heldout
pit,4,92,0.425,0.3,4,4,9,4,heldout
pit,4,102,0.425,0.3,1,1,2,1,heldout
pit,4,106,0.425,0.3,2,2,5,2,heldout
pit,4,115,0.425,0.3,5,5,7,5,heldout
pit,4,119,0.425,0.3,7,6,9,6,heldout
pit,4,3,0.425,0.5,2,1,3,1,heldout
pit,4,12,0.425,0.5,5,5,10,5,heldout
pit,4,38,0.425,0.5,4,4,5,4,heldout
pit,4,40,0.425,0.5,2,2,4,2,heldout
pit,4,45,0.425,0.5,1,1,1,1,heldout
pit,4,49,0.425,0.5,8,8,10,8,heldout
pit,4,51,0.425,0.5,5,5,6,5,heldout
pit,4,52,0.425,0.5,4,3,5,3,heldout
pit,4,53,0.425,0.5,4,3,9,3,heldout
pit,4,55,0.425,0.5,8,4,9,4,heldout
pit,4,58,0.425,0.5,4,4,6,4,heldout
pit,4,59,0.425,0.5,10,9,11,9,heldout
pit,4,63,0.425,0.5,4,4,7,4,heldout
pit,4,65,0.425,0.5,7,5,8,5,heldout
pit,4,79,0.425,0.5,6,5,8,5,heldout
pit,4,87,0.425,0.5,8,7,8,7,heldout
pit,4,92,0.425,0.5,4,4,9,4,heldout
pit,4,102,0.425,0.5,1,1,2,1,heldout
pit,4,106,0.425,0.5,2,2,5,2,heldout
pit,4,115,0.425,0.5,5,4,7,4,heldout
pit,4,119,0.425,0.5,7,6,9,6,heldout
pit,4,-1,0.45,0.3,66,62,103,62,val
pit,4,-1,0.45,0.5,66,58,103,58,val
pit,4,3,0.45,0.3,2,1,2,1,heldout
pit,4,12,0.45,0.3,5,5,9,5,heldout
pit,4,38,0.45,0.3,4,4,5,4,heldout
pit,4,40,0.45,0.3,2,2,4,2,heldout
pit,4,45,0.45,0.3,1,1,1,1,heldout
pit,4,49,0.45,0.3,8,8,10,8,heldout
pit,4,51,0.45,0.3,5,5,6,5,heldout
pit,4,52,0.45,0.3,4,4,4,4,heldout
pit,4,53,0.45,0.3,4,3,8,3,heldout
pit,4,55,0.45,0.3,8,6,8,6,heldout
pit,4,58,0.45,0.3,4,4,6,4,heldout
pit,4,59,0.45,0.3,10,10,11,10,heldout
pit,4,63,0.45,0.3,4,4,7,4,heldout
pit,4,65,0.45,0.3,7,7,8,7,heldout
pit,4,79,0.45,0.3,6,6,7,6,heldout
pit,4,87,0.45,0.3,8,7,8,7,heldout
pit,4,92,0.45,0.3,4,4,9,4,heldout
pit,4,102,0.45,0.3,1,1,2,1,heldout
pit,4,106,0.45,0.3,2,2,5,2,heldout
pit,4,115,0.45,0.3,5,5,7,5,heldout
pit,4,119,0.45,0.3,7,6,9,6,heldout
pit,4,3,0.45,0.5,2,1,2,1,heldout
pit,4,12,0.45,0.5,5,4,9,4,heldout
pit,4,38,0.45,0.5,4,4,5,4,heldout
pit,4,40,0.45,0.5,2,2,4,2,heldout
pit,4,45,0.45,0.5,1,1,1,1,heldout
pit,4,49,0.45,0.5,8,8,10,8,heldout
pit,4,51,0.45,0.5,5,5,6,5,heldout
pit,4,52,0.45,0.5,4,3,4,3,heldout
pit,4,53,0.45,0.5,4,3,8,3,heldout
pit,4,55,0.45,0.5,8,3,8,3,heldout
pit,4,58,0.45,0.5,4,4,6,4,heldout
pit,4,59,0.45,0.5,10,9,11,9,heldout
pit,4,63,0.45,0.5,4,4,7,4,heldout
pit,4,65,0.45,0.5,7,5,8,5,heldout
pit,4,79,0.45,0.5,6,5,7,5,heldout
pit,4,87,0.45,0.5,8,7,8,7,heldout
pit,4,92,0.45,0.5,4,4,9,4,heldout
pit,4,102,0.45,0.5,1,1,2,1,heldout
pit,4,106,0.45,0.5,2,2,5,2,heldout
pit,4,115,0.45,0.5,5,4,7,4,heldout
pit,4,119,0.45,0.5,7,6,9,6,heldout
pit,4,-1,0.475,0.3,66,61,101,61,val
pit,4,-1,0.475,0.5,66,58,101,58,val
pit,4,3,0.475,0.3,2,1,2,1,heldout
pit,4,12,0.475,0.3,5,5,9,5,heldout
pit,4,38,0.475,0.3,4,4,5,4,heldout
pit,4,40,0.475,0.3,2,2,4,2,heldout
pit,4,45,0.475,0.3,1,1,1,1,heldout
pit,4,49,0.475,0.3,8,8,10,8,heldout
pit,4,51,0.475,0.3,5,5,6,5,heldout
pit,4,52,0.475,0.3,4,4,4,4,heldout
pit,4,53,0.475,0.3,4,3,6,3,heldout
pit,4,55,0.475,0.3,8,6,8,6,heldout
pit,4,58,0.475,0.3,4,4,6,4,heldout
pit,4,59,0.475,0.3,10,10,11,10,heldout
pit,4,63,0.475,0.3,4,4,7,4,heldout
pit,4,65,0.475,0.3,7,7,8,7,heldout
pit,4,79,0.475,0.3,6,6,7,6,heldout
pit,4,87,0.475,0.3,8,7,7,7,heldout
pit,4,92,0.475,0.3,4,4,8,4,heldout
pit,4,102,0.475,0.3,1,1,2,1,heldout
pit,4,106,0.475,0.3,2,2,5,2,heldout
pit,4,115,0.475,0.3,5,5,7,5,heldout
pit,4,119,0.475,0.3,7,6,9,6,heldout
pit,4,3,0.475,0.5,2,1,2,1,heldout
pit,4,12,0.475,0.5,5,3,9,3,heldout
pit,4,38,0.475,0.5,4,4,5,4,heldout
pit,4,40,0.475,0.5,2,1,4,1,heldout
pit,4,45,0.475,0.5,1,1,1,1,heldout
pit,4,49,0.475,0.5,8,8,10,8,heldout
pit,4,51,0.475,0.5,5,5,6,5,heldout
pit,4,52,0.475,0.5,4,3,4,3,heldout
pit,4,53,0.475,0.5,4,3,6,3,heldout
pit,4,55,0.475,0.5,8,3,8,3,heldout
pit,4,58,0.475,0.5,4,4,6,4,heldout
pit,4,59,0.475,0.5,10,9,11,9,heldout
pit,4,63,0.475,0.5,4,4,7,4,heldout
pit,4,65,0.475,0.5,7,4,8,4,heldout
pit,4,79,0.475,0.5,6,4,7,4,heldout
pit,4,87,0.475,0.5,8,7,7,7,heldout
pit,4,92,0.475,0.5,4,4,8,4,heldout
pit,4,102,0.475,0.5,1,1,2,1,heldout
pit,4,106,0.475,0.5,2,2,5,2,heldout
pit,4,115,0.475,0.5,5,4,7,4,heldout
pit,4,119,0.475,0.5,7,6,9,6,heldout
pit,4,-1,0.5,0.3,66,61,94,61,val
pit,4,-1,0.5,0.5,66,55,94,55,val
pit,4,3,0.5,0.3,2,1,1,1,heldout
pit,4,12,0.5,0.3,5,3,7,3,heldout
pit,4,38,0.5,0.3,4,4,5,4,heldout
pit,4,40,0.5,0.3,2,2,4,2,heldout
pit,4,45,0.5,0.3,1,1,1,1,heldout
pit,4,49,0.5,0.3,8,8,10,8,heldout
pit,4,51,0.5,0.3,5,5,6,5,heldout
pit,4,52,0.5,0.3,4,4,4,4,heldout
pit,4,53,0.5,0.3,4,3,5,3,heldout
pit,4,55,0.5,0.3,8,5,8,5,heldout
pit,4,58,0.5,0.3,4,4,6,4,heldout
pit,4,59,0.5,0.3,10,10,11,10,heldout
pit,4,63,0.5,0.3,4,4,6,4,heldout
pit,4,65,0.5,0.3,7,7,8,7,heldout
pit,4,79,0.5,0.3,6,6,7,6,heldout
pit,4,87,0.5,0.3,8,7,7,7,heldout
pit,4,92,0.5,0.3,4,4,8,4,heldout
pit,4,102,0.5,0.3,1,1,2,1,heldout
pit,4,106,0.5,0.3,2,2,4,2,heldout
pit,4,115,0.5,0.3,5,5,6,5,heldout
pit,4,119,0.5,0.3,7,6,8,6,heldout
pit,4,3,0.5,0.5,2,1,1,1,heldout
pit,4,12,0.5,0.5,5,3,7,3,heldout
pit,4,38,0.5,0.5,4,4,5,4,heldout
pit,4,40,0.5,0.5,2,1,4,1,heldout
pit,4,45,0.5,0.5,1,1,1,1,heldout
pit,4,49,0.5,0.5,8,8,10,8,heldout
pit,4,51,0.5,0.5,5,5,6,5,heldout
pit,4,52,0.5,0.5,4,3,4,3,heldout
pit,4,53,0.5,0.5,4,2,5,2,heldout
pit,4,55,0.5,0.5,8,3,8,3,heldout
pit,4,58,0.5,0.5,4,4,6,4,heldout
pit,4,59,0.5,0.5,10,9,11,9,heldout
pit,4,63,0.5,0.5,4,4,6,4,heldout
pit,4,65,0.5,0.5,7,4,8,4,heldout
pit,4,79,0.5,0.5,6,4,7,4,heldout
pit,4,87,0.5,0.5,8,7,7,7,heldout
pit,4,92,0.5,0.5,4,4,8,4,heldout
pit,4,102,0.5,0.5,1,1,2,1,heldout
pit,4,106,0.5,0.5,2,2,4,2,heldout
pit,4,115,0.5,0.5,5,4,6,4,heldout
pit,4,119,0.5,0.5,7,6,8,6,heldout
pit,4,-1,0.525,0.3,66,60,91,60,val
pit,4,-1,0.525,0.5,66,53,91,53,val
pit,4,3,0.525,0.3,2,1,1,1,heldout
pit,4,12,0.525,0.3,5,3,7,3,heldout
pit,4,38,0.525,0.3,4,4,5,4,heldout
pit,4,40,0.525,0.3,2,2,4,2,heldout
pit,4,45,0.525,0.3,1,1,1,1,heldout
pit,4,49,0.525,0.3,8,8,10,8,heldout
pit,4,51,0.525,0.3,5,5,5,5,heldout
pit,4,52,0.525,0.3,4,4,4,4,heldout
pit,4,53,0.525,0.3,4,3,5,3,heldout
pit,4,55,0.525,0.3,8,5,8,5,heldout
pit,4,58,0.525,0.3,4,4,5,4,heldout
pit,4,59,0.525,0.3,10,10,11,10,heldout
pit,4,63,0.525,0.3,4,4,6,4,heldout
pit,4,65,0.525,0.3,7,7,8,7,heldout
pit,4,79,0.525,0.3,6,6,7,6,heldout
pit,4,87,0.525,0.3,8,7,7,7,heldout
pit,4,92,0.525,0.3,4,4,8,4,heldout
pit,4,102,0.525,0.3,1,1,2,1,heldout
pit,4,106,0.525,0.3,2,2,4,2,heldout
pit,4,115,0.525,0.3,5,5,6,5,heldout
pit,4,119,0.525,0.3,7,6,8,6,heldout
pit,4,3,0.525,0.5,2,1,1,1,heldout
pit,4,12,0.525,0.5,5,3,7,3,heldout
pit,4,38,0.525,0.5,4,4,5,4,heldout
pit,4,40,0.525,0.5,2,1,4,1,heldout
pit,4,45,0.525,0.5,1,1,1,1,heldout
pit,4,49,0.525,0.5,8,8,10,8,heldout
pit,4,51,0.525,0.5,5,5,5,5,heldout
pit,4,52,0.525,0.5,4,3,4,3,heldout
pit,4,53,0.525,0.5,4,2,5,2,heldout
pit,4,55,0.525,0.5,8,1,8,1,heldout
pit,4,58,0.525,0.5,4,4,5,4,heldout
pit,4,59,0.525,0.5,10,9,11,9,heldout
pit,4,63,0.525,0.5,4,4,6,4,heldout
pit,4,65,0.525,0.5,7,3,8,3,heldout
pit,4,79,0.525,0.5,6,2,7,2,heldout
pit,4,87,0.525,0.5,8,6,7,6,heldout
pit,4,92,0.525,0.5,4,4,8,4,heldout
pit,4,102,0.525,0.5,1,1,2,1,heldout
pit,4,106,0.525,0.5,2,1,4,1,heldout
pit,4,115,0.525,0.5,5,3,6,3,heldout
pit,4,119,0.525,0.5,7,6,8,6,heldout
pit,4,-1,0.55,0.3,66,60,92,60,val
pit,4,-1,0.55,0.5,66,50,92,50,val
pit,4,3,0.55,0.3,2,1,1,1,heldout
pit,4,12,0.55,0.3,5,3,7,3,heldout
pit,4,38,0.55,0.3,4,4,5,4,heldout
pit,4,40,0.55,0.3,2,2,4,2,heldout
pit,4,45,0.55,0.3,1,1,1,1,heldout
pit,4,49,0.55,0.3,8,8,10,8,heldout
pit,4,51,0.55,0.3,5,5,5,5,heldout
pit,4,52,0.55,0.3,4,4,4,4,heldout
pit,4,53,0.55,0.3,4,3,5,3,heldout
pit,4,55,0.55,0.3,8,5,8,5,heldout
pit,4,58,0.55,0.3,4,4,5,4,heldout
pit,4,59,0.55,0.3,10,10,11,10,heldout
pit,4,63,0.55,0.3,4,4,6,4,heldout
pit,4,65,0.55,0.3,7,7,8,7,heldout
pit,4,79,0.55,0.3,6,6,7,6,heldout
pit,4,87,0.55,0.3,8,7,7,7,heldout
pit,4,92,0.55,0.3,4,4,8,4,heldout
pit,4,102,0.55,0.3,1,1,2,1,heldout
pit,4,106,0.55,0.3,2,2,4,2,heldout
pit,4,115,0.55,0.3,5,4,6,4,heldout
pit,4,119,0.55,0.3,7,6,8,6,heldout
pit,4,3,0.55,0.5,2,1,1,1,heldout
pit,4,12,0.55,0.5,5,3,7,3,heldout
pit,4,38,0.55,0.5,4,4,5,4,heldout
pit,4,40,0.55,0.5,2,1,4,1,heldout
pit,4,45,0.55,0.5,1,1,1,1,heldout
pit,4,49,0.55,0.5,8,8,10,8,heldout
pit,4,51,0.55,0.5,5,4,5,4,heldout
pit,4,52,0.55,0.5,4,3,4,3,heldout
pit,4,53,0.55,0.5,4,2,5,2,heldout
pit,4,55,0.55,0.5,8,1,8,1,heldout
pit,4,58,0.55,0.5,4,3,5,3,heldout
pit,4,59,0.55,0.5,10,9,11,9,heldout
pit,4,63,0.55,0.5,4,4,6,4,heldout
pit,4,65,0.55,0.5,7,3,8,3,heldout
pit,4,79,0.55,0.5,6,2,7,2,heldout
pit,4,87,0.55,0.5,8,5,7,5,heldout
pit,4,92,0.55,0.5,4,4,8,4,heldout
pit,4,102,0.55,0.5,1,1,2,1,heldout
pit,4,106,0.55,0.5,2,1,4,1,heldout
pit,4,115,0.55,0.5,5,3,6,3,heldout
pit,4,119,0.55,0.5,7,6,8,6,heldout
pit,4,-1,0.575,0.3,66,59,92,59,val
pit,4,-1,0.575,0.5,66,47,92,47,val
pit,4,3,0.575,0.3,2,1,1,1,heldout
pit,4,12,0.575,0.3,5,3,7,3,heldout
pit,4,38,0.575,0.3,4,4,5,4,heldout
pit,4,40,0.575,0.3,2,2,4,2,heldout
pit,4,45,0.575,0.3,1,1,1,1,heldout
pit,4,49,0.575,0.3,8,8,10,8,heldout
pit,4,51,0.575,0.3,5,5,5,5,heldout
pit,4,52,0.575,0.3,4,3,4,3,heldout
pit,4,53,0.575,0.3,4,3,5,3,heldout
pit,4,55,0.575,0.3,8,4,7,4,heldout
pit,4,58,0.575,0.3,4,4,5,4,heldout
pit,4,59,0.575,0.3,10,10,11,10,heldout
pit,4,63,0.575,0.3,4,4,6,4,heldout
pit,4,65,0.575,0.3,7,6,8,6,heldout
pit,4,79,0.575,0.3,6,5,7,5,heldout
pit,4,87,0.575,0.3,8,7,7,7,heldout
pit,4,92,0.575,0.3,4,4,7,4,heldout
pit,4,102,0.575,0.3,1,1,2,1,heldout
pit,4,106,0.575,0.3,2,2,4,2,heldout
pit,4,115,0.575,0.3,5,4,6,4,heldout
pit,4,119,0.575,0.3,7,6,7,6,heldout
pit,4,3,0.575,0.5,2,1,1,1,heldout
pit,4,12,0.575,0.5,5,3,7,3,heldout
pit,4,38,0.575,0.5,4,4,5,4,heldout
pit,4,40,0.575,0.5,2,1,4,1,heldout
pit,4,45,0.575,0.5,1,1,1,1,heldout
pit,4,49,0.575,0.5,8,8,10,8,heldout
pit,4,51,0.575,0.5,5,4,5,4,heldout
pit,4,52,0.575,0.5,4,2,4,2,heldout
pit,4,53,0.575,0.5,4,2,5,2,heldout
pit,4,55,0.575,0.5,8,1,7,1,heldout
pit,4,58,0.575,0.5,4,3,5,3,heldout
pit,4,59,0.575,0.5,10,9,11,9,heldout
pit,4,63,0.575,0.5,4,4,6,4,heldout
pit,4,65,0.575,0.5,7,3,8,3,heldout
pit,4,79,0.575,0.5,6,2,7,2,heldout
pit,4,87,0.575,0.5,8,4,7,4,heldout
pit,4,92,0.575,0.5,4,4,7,4,heldout
pit,4,102,0.575,0.5,1,0,2,0,heldout
pit,4,106,0.575,0.5,2,1,4,1,heldout
pit,4,115,0.575,0.5,5,2,6,2,heldout
pit,4,119,0.575,0.5,7,5,7,5,heldout
pit,4,-1,0.6,0.3,66,58,90,58,val
pit,4,-1,0.6,0.5,66,45,90,45,val
pit,4,3,0.6,0.3,2,1,1,1,heldout
pit,4,12,0.6,0.3,5,3,7,3,heldout
pit,4,38,0.6,0.3,4,4,5,4,heldout
pit,4,40,0.6,0.3,2,1,4,1,heldout
pit,4,45,0.6,0.3,1,1,1,1,heldout
pit,4,49,0.6,0.3,8,8,11,8,heldout
pit,4,51,0.6,0.3,5,5,5,5,heldout
pit,4,52,0.6,0.3,4,3,4,3,heldout
pit,4,53,0.6,0.3,4,3,5,3,heldout
pit,4,55,0.6,0.3,8,4,7,4,heldout
pit,4,58,0.6,0.3,4,3,5,3,heldout
pit,4,59,0.6,0.3,10,9,11,9,heldout
pit,4,63,0.6,0.3,4,3,7,3,heldout
pit,4,65,0.6,0.3,7,6,8,6,heldout
pit,4,79,0.6,0.3,6,5,5,5,heldout
pit,4,87,0.6,0.3,8,7,7,7,heldout
pit,4,92,0.6,0.3,4,4,7,4,heldout
pit,4,102,0.6,0.3,1,1,2,1,heldout
pit,4,106,0.6,0.3,2,2,3,2,heldout
pit,4,115,0.6,0.3,5,4,6,4,heldout
pit,4,119,0.6,0.3,7,6,7,6,heldout
pit,4,3,0.6,0.5,2,1,1,1,heldout
pit,4,12,0.6,0.5,5,3,7,3,heldout
pit,4,38,0.6,0.5,4,4,5,4,heldout
pit,4,40,0.6,0.5,2,1,4,1,heldout
pit,4,45,0.6,0.5,1,1,1,1,heldout
pit,4,49,0.6,0.5,8,7,11,7,heldout
pit,4,51,0.6,0.5,5,4,5,4,heldout
pit,4,52,0.6,0.5,4,2,4,2,heldout
pit,4,53,0.6,0.5,4,2,5,2,heldout
pit,4,55,0.6,0.5,8,1,7,1,heldout
pit,4,58,0.6,0.5,4,3,5,3,heldout
pit,4,59,0.6,0.5,10,8,11,8,heldout
pit,4,63,0.6,0.5,4,3,7,3,heldout
pit,4,65,0.6,0.5,7,3,8,3,heldout
pit,4,79,0.6,0.5,6,2,5,2,heldout
pit,4,87,0.6,0.5,8,2,7,2,heldout
pit,4,92,0.6,0.5,4,4,7,4,heldout
pit,4,102,0.6,0.5,1,0,2,0,heldout
pit,4,106,0.6,0.5,2,1,3,1,heldout
pit,4,115,0.6,0.5,5,2,6,2,heldout
pit,4,119,0.6,0.5,7,5,7,5,heldout
pit,4,-1,0.625,0.3,66,57,85,57,val
pit,4,-1,0.625,0.5,66,42,85,42,val
pit,4,3,0.625,0.3,2,1,1,1,heldout
pit,4,12,0.625,0.3,5,3,7,3,heldout
pit,4,38,0.625,0.3,4,4,5,4,heldout
pit,4,40,0.625,0.3,2,1,3,1,heldout
pit,4,45,0.625,0.3,1,1,1,1,heldout
pit,4,49,0.625,0.3,8,8,10,8,heldout
pit,4,51,0.625,0.3,5,5,5,5,heldout
pit,4,52,0.625,0.3,4,3,4,3,heldout
pit,4,53,0.625,0.3,4,3,5,3,heldout
pit,4,55,0.625,0.3,8,3,7,3,heldout
pit,4,58,0.625,0.3,4,3,5,3,heldout
pit,4,59,0.625,0.3,10,9,11,9,heldout
pit,4,63,0.625,0.3,4,3,7,3,heldout
pit,4,65,0.625,0.3,7,6,7,6,heldout
pit,4,79,0.625,0.3,6,4,5,4,heldout
pit,4,87,0.625,0.3,8,7,7,7,heldout
pit,4,92,0.625,0.3,4,4,7,4,heldout
pit,4,102,0.625,0.3,1,1,2,1,heldout
pit,4,106,0.625,0.3,2,2,3,2,heldout
pit,4,115,0.625,0.3,5,4,6,4,heldout
pit,4,119,0.625,0.3,7,6,7,6,heldout
pit,4,3,0.625,0.5,2,1,1,1,heldout
pit,4,12,0.625,0.5,5,2,7,2,heldout
pit,4,38,0.625,0.5,4,4,5,4,heldout
pit,4,40,0.625,0.5,2,1,3,1,heldout
pit,4,45,0.625,0.5,1,1,1,1,heldout
pit,4,49,0.625,0.5,8,6,10,6,heldout
pit,4,51,0.625,0.5,5,4,5,4,heldout
pit,4,52,0.625,0.5,4,2,4,2,heldout
pit,4,53,0.625,0.5,4,1,5,1,heldout
pit,4,55,0.625,0.5,8,1,7,1,heldout
pit,4,58,0.625,0.5,4,2,5,2,heldout
pit,4,59,0.625,0.5,10,8,11,8,heldout
pit,4,63,0.625,0.5,4,2,7,2,heldout
pit,4,65,0.625,0.5,7,2,7,2,heldout
pit,4,79,0.625,0.5,6,2,5,2,heldout
pit,4,87,0.625,0.5,8,2,7,2,heldout
pit,4,92,0.625,0.5,4,3,7,3,heldout
pit,4,102,0.625,0.5,1,0,2,0,heldout
pit,4,106,0.625,0.5,2,1,3,1,heldout
pit,4,115,0.625,0.5,5,2,6,2,heldout
pit,4,119,0.625,0.5,7,5,7,5,heldout
pit,4,-1,0.65,0.3,66,56,82,56,val
pit,4,-1,0.65,0.5,66,38,82,38,val
pit,4,3,0.65,0.3,2,1,1,1,heldout
pit,4,12,0.65,0.3,5,3,6,3,heldout
pit,4,38,0.65,0.3,4,4,5,4,heldout
pit,4,40,0.65,0.3,2,1,3,1,heldout
pit,4,45,0.65,0.3,1,1,1,1,heldout
pit,4,49,0.65,0.3,8,8,10,8,heldout
pit,4,51,0.65,0.3,5,5,5,5,heldout
pit,4,52,0.65,0.3,4,3,4,3,heldout
pit,4,53,0.65,0.3,4,3,5,3,heldout
pit,4,55,0.65,0.3,8,2,7,2,heldout
pit,4,58,0.65,0.3,4,3,4,3,heldout
pit,4,59,0.65,0.3,10,9,11,9,heldout
pit,4,63,0.65,0.3,4,3,7,3,heldout
pit,4,65,0.65,0.3,7,4,7,4,heldout
pit,4,79,0.65,0.3,6,4,5,4,heldout
pit,4,87,0.65,0.3,8,7,7,7,heldout
pit,4,92,0.65,0.3,4,4,7,4,heldout
pit,4,102,0.65,0.3,1,1,2,1,heldout
pit,4,106,0.65,0.3,2,1,3,1,heldout
pit,4,115,0.65,0.3,5,4,6,4,heldout
pit,4,119,0.65,0.3,7,6,7,6,heldout
pit,4,3,0.65,0.5,2,1,1,1,heldout
pit,4,12,0.65,0.5,5,2,6,2,heldout
pit,4,38,0.65,0.5,4,4,5,4,heldout
pit,4,40,0.65,0.5,2,1,3,1,heldout
pit,4,45,0.65,0.5,1,0,1,0,heldout
pit,4,49,0.65,0.5,8,6,10,6,heldout
pit,4,51,0.65,0.5,5,3,5,3,heldout
pit,4,52,0.65,0.5,4,2,4,2,heldout
pit,4,53,0.65,0.5,4,0,5,0,heldout
pit,4,55,0.65,0.5,8,0,7,0,heldout
pit,4,58,0.65,0.5,4,2,4,2,heldout
pit,4,59,0.65,0.5,10,8,11,8,heldout
pit,4,63,0.65,0.5,4,2,7,2,heldout
pit,4,65,0.65,0.5,7,2,7,2,heldout
pit,4,79,0.65,0.5,6,2,5,2,heldout
pit,4,87,0.65,0.5,8,1,7,1,heldout
pit,4,92,0.65,0.5,4,2,7,2,heldout
pit,4,102,0.65,0.5,1,0,2,0,heldout
pit,4,106,0.65,0.5,2,1,3,1,heldout
pit,4,115,0.65,0.5,5,2,6,2,heldout
pit,4,119,0.65,0.5,7,5,7,5,heldout
pit,4,-1,0.675,0.3,66,52,80,52,val
pit,4,-1,0.675,0.5,66,35,80,35,val
pit,4,3,0.675,0.3,2,1,1,1,heldout
pit,4,12,0.675,0.3,5,3,6,3,heldout
pit,4,38,0.675,0.3,4,4,5,4,heldout
pit,4,40,0.675,0.3,2,1,3,1,heldout
pit,4,45,0.675,0.3,1,1,1,1,heldout
pit,4,49,0.675,0.3,8,8,10,8,heldout
pit,4,51,0.675,0.3,5,5,5,5,heldout
pit,4,52,0.675,0.3,4,3,4,3,heldout
pit,4,53,0.675,0.3,4,3,5,3,heldout
pit,4,55,0.675,0.3,8,2,6,2,heldout
pit,4,58,0.675,0.3,4,3,4,3,heldout
pit,4,59,0.675,0.3,10,9,11,9,heldout
pit,4,63,0.675,0.3,4,3,7,3,heldout
pit,4,65,0.675,0.3,7,4,7,4,heldout
pit,4,79,0.675,0.3,6,3,5,3,heldout
pit,4,87,0.675,0.3,8,6,7,6,heldout
pit,4,92,0.675,0.3,4,4,7,4,heldout
pit,4,102,0.675,0.3,1,1,2,1,heldout
pit,4,106,0.675,0.3,2,1,2,1,heldout
pit,4,115,0.675,0.3,5,4,4,4,heldout
pit,4,119,0.675,0.3,7,5,7,5,heldout
pit,4,3,0.675,0.5,2,1,1,1,heldout
pit,4,12,0.675,0.5,5,2,6,2,heldout
pit,4,38,0.675,0.5,4,3,5,3,heldout
pit,4,40,0.675,0.5,2,1,3,1,heldout
pit,4,45,0.675,0.5,1,0,1,0,heldout
pit,4,49,0.675,0.5,8,6,10,6,heldout
pit,4,51,0.675,0.5,5,3,5,3,heldout
pit,4,52,0.675,0.5,4,2,4,2,heldout
pit,4,53,0.675,0.5,4,0,5,0,heldout
pit,4,55,0.675,0.5,8,0,6,0,heldout
pit,4,58,0.675,0.5,4,2,4,2,heldout
pit,4,59,0.675,0.5,10,7,11,7,heldout
pit,4,63,0.675,0.5,4,2,7,2,heldout
pit,4,65,0.675,0.5,7,2,7,2,heldout
pit,4,79,0.675,0.5,6,1,5,1,heldout
pit,4,87,0.675,0.5,8,0,7,0,heldout
pit,4,92,0.675,0.5,4,2,7,2,heldout
pit,4,102,0.675,0.5,1,0,2,0,heldout
pit,4,106,0.675,0.5,2,1,2,1,heldout
pit,4,115,0.675,0.5,5,1,4,1,heldout
pit,4,119,0.675,0.5,7,3,7,3,heldout
pit,4,-1,0.7,0.3,66,50,75,50,val
pit,4,-1,0.7,0.5,66,30,75,30,val
pit,4,3,0.7,0.3,2,1,1,1,heldout
pit,4,12,0.7,0.3,5,2,6,2,heldout
pit,4,38,0.7,0.3,4,4,5,4,heldout
pit,4,40,0.7,0.3,2,1,3,1,heldout
pit,4,45,0.7,0.3,1,1,1,1,heldout
pit,4,49,0.7,0.3,8,8,10,8,heldout
pit,4,51,0.7,0.3,5,5,5,5,heldout
pit,4,52,0.7,0.3,4,3,4,3,heldout
pit,4,53,0.7,0.3,4,3,5,3,heldout
pit,4,55,0.7,0.3,8,2,5,2,heldout
pit,4,58,0.7,0.3,4,3,4,3,heldout
pit,4,59,0.7,0.3,10,8,12,8,heldout
pit,4,63,0.7,0.3,4,3,6,3,heldout
pit,4,65,0.7,0.3,7,3,7,3,heldout
pit,4,79,0.7,0.3,6,3,5,3,heldout
pit,4,87,0.7,0.3,8,5,7,5,heldout
pit,4,92,0.7,0.3,4,4,6,4,heldout
pit,4,102,0.7,0.3,1,1,2,1,heldout
pit,4,106,0.7,0.3,2,1,2,1,heldout
pit,4,115,0.7,0.3,5,3,4,3,heldout
pit,4,119,0.7,0.3,7,5,6,5,heldout
pit,4,3,0.7,0.5,2,1,1,1,heldout
pit,4,12,0.7,0.5,5,1,6,1,heldout
pit,4,38,0.7,0.5,4,3,5,3,heldout
pit,4,40,0.7,0.5,2,1,3,1,heldout
pit,4,45,0.7,0.5,1,0,1,0,heldout
pit,4,49,0.7,0.5,8,6,10,6,heldout
pit,4,51,0.7,0.5,5,3,5,3,heldout
pit,4,52,0.7,0.5,4,2,4,2,heldout
pit,4,53,0.7,0.5,4,0,5,0,heldout
pit,4,55,0.7,0.5,8,0,5,0,heldout
pit,4,58,0.7,0.5,4,1,4,1,heldout
pit,4,59,0.7,0.5,10,5,12,5,heldout
pit,4,63,0.7,0.5,4,2,6,2,heldout
pit,4,65,0.7,0.5,7,2,7,2,heldout
pit,4,79,0.7,0.5,6,1,5,1,heldout
pit,4,87,0.7,0.5,8,0,7,0,heldout
pit,4,92,0.7,0.5,4,1,6,1,heldout
pit,4,102,0.7,0.5,1,0,2,0,heldout
pit,4,106,0.7,0.5,2,1,2,1,heldout
pit,4,115,0.7,0.5,5,1,4,1,heldout
pit,4,119,0.7,0.5,7,3,6,3,heldout
pit,4,-1,0.725,0.3,66,45,72,45,val
pit,4,-1,0.725,0.5,66,24,72,24,val
pit,4,3,0.725,0.3,2,1,1,1,heldout
pit,4,12,0.725,0.3,5,2,5,2,heldout
pit,4,38,0.725,0.3,4,3,4,3,heldout
pit,4,40,0.725,0.3,2,1,3,1,heldout
pit,4,45,0.725,0.3,1,1,1,1,heldout
pit,4,49,0.725,0.3,8,7,10,7,heldout
pit,4,51,0.725,0.3,5,4,5,4,heldout
pit,4,52,0.725,0.3,4,2,4,2,heldout
pit,4,53,0.725,0.3,4,2,5,2,heldout
pit,4,55,0.725,0.3,8,1,5,1,heldout
pit,4,58,0.725,0.3,4,3,4,3,heldout
pit,4,59,0.725,0.3,10,7,12,7,heldout
pit,4,63,0.725,0.3,4,3,6,3,heldout
pit,4,65,0.725,0.3,7,3,7,3,heldout
pit,4,79,0.725,0.3,6,2,5,2,heldout
pit,4,87,0.725,0.3,8,4,6,4,heldout
pit,4,92,0.725,0.3,4,3,6,3,heldout
pit,4,102,0.725,0.3,1,1,2,1,heldout
pit,4,106,0.725,0.3,2,1,2,1,heldout
pit,4,115,0.725,0.3,5,2,4,2,heldout
pit,4,119,0.725,0.3,7,5,6,5,heldout
pit,4,3,0.725,0.5,2,1,1,1,heldout
pit,4,12,0.725,0.5,5,1,5,1,heldout
pit,4,38,0.725,0.5,4,3,4,3,heldout
pit,4,40,0.725,0.5,2,1,3,1,heldout
pit,4,45,0.725,0.5,1,0,1,0,heldout
pit,4,49,0.725,0.5,8,5,10,5,heldout
pit,4,51,0.725,0.5,5,2,5,2,heldout
pit,4,52,0.725,0.5,4,2,4,2,heldout
pit,4,53,0.725,0.5,4,0,5,0,heldout
pit,4,55,0.725,0.5,8,0,5,0,heldout
pit,4,58,0.725,0.5,4,1,4,1,heldout
pit,4,59,0.725,0.5,10,4,12,4,heldout
pit,4,63,0.725,0.5,4,2,6,2,heldout
pit,4,65,0.725,0.5,7,1,7,1,heldout
pit,4,79,0.725,0.5,6,1,5,1,heldout
pit,4,87,0.725,0.5,8,0,6,0,heldout
pit,4,92,0.725,0.5,4,0,6,0,heldout
pit,4,102,0.725,0.5,1,0,2,0,heldout
pit,4,106,0.725,0.5,2,0,2,0,heldout
pit,4,115,0.725,0.5,5,1,4,1,heldout
pit,4,119,0.725,0.5,7,3,6,3,heldout
pit,4,-1,0.75,0.3,66,39,65,39,val
pit,4,-1,0.75,0.5,66,22,65,22,val
pit,4,3,0.75,0.3,2,1,1,1,heldout
pit,4,12,0.75,0.3,5,2,4,2,heldout
pit,4,38,0.75,0.3,4,3,4,3,heldout
pit,4,40,0.75,0.3,2,1,3,1,heldout
pit,4,45,0.75,0.3,1,1,1,1,heldout
pit,4,49,0.75,0.3,8,6,9,6,heldout
pit,4,51,0.75,0.3,5,3,5,3,heldout
pit,4,52,0.75,0.3,4,2,4,2,heldout
pit,4,53,0.75,0.3,4,2,5,2,heldout
pit,4,55,0.75,0.3,8,1,5,1,heldout
pit,4,58,0.75,0.3,4,3,4,3,heldout
pit,4,59,0.75,0.3,10,7,12,7,heldout
pit,4,63,0.75,0.3,4,2,6,2,heldout
pit,4,65,0.75,0.3,7,2,6,2,heldout
pit,4,79,0.75,0.3,6,2,5,2,heldout
pit,4,87,0.75,0.3,8,2,5,2,heldout
pit,4,92,0.75,0.3,4,3,5,3,heldout
pit,4,102,0.75,0.3,1,1,2,1,heldout
pit,4,106,0.75,0.3,2,1,1,1,heldout
pit,4,115,0.75,0.3,5,1,3,1,heldout
pit,4,119,0.75,0.3,7,5,6,5,heldout
pit,4,3,0.75,0.5,2,0,1,0,heldout
pit,4,12,0.75,0.5,5,1,4,1,heldout
pit,4,38,0.75,0.5,4,2,4,2,heldout
pit,4,40,0.75,0.5,2,0,3,0,heldout
pit,4,45,0.75,0.5,1,0,1,0,heldout
pit,4,49,0.75,0.5,8,4,9,4,heldout
pit,4,51,0.75,0.5,5,2,5,2,heldout
pit,4,52,0.75,0.5,4,2,4,2,heldout
pit,4,53,0.75,0.5,4,0,5,0,heldout
pit,4,55,0.75,0.5,8,0,5,0,heldout
pit,4,58,0.75,0.5,4,1,4,1,heldout
pit,4,59,0.75,0.5,10,3,12,3,heldout
pit,4,63,0.75,0.5,4,2,6,2,heldout
pit,4,65,0.75,0.5,7,1,6,1,heldout
pit,4,79,0.75,0.5,6,1,5,1,heldout
pit,4,87,0.75,0.5,8,0,5,0,heldout
pit,4,92,0.75,0.5,4,0,5,0,heldout
pit,4,102,0.75,0.5,1,0,2,0,heldout
pit,4,106,0.75,0.5,2,0,1,0,heldout
pit,4,115,0.75,0.5,5,1,3,1,heldout
pit,4,119,0.75,0.5,7,3,6,3,heldout
pit,4,-1,0.775,0.3,66,34,57,34,val
pit,4,-1,0.775,0.5,66,17,57,17,val
pit,4,3,0.775,0.3,2,1,1,1,heldout
pit,4,12,0.775,0.3,5,2,3,2,heldout
pit,4,38,0.775,0.3,4,3,4,3,heldout
pit,4,40,0.775,0.3,2,1,2,1,heldout
pit,4,45,0.775,0.3,1,0,1,0,heldout
pit,4,49,0.775,0.3,8,6,7,6,heldout
pit,4,51,0.775,0.3,5,3,5,3,heldout
pit,4,52,0.775,0.3,4,2,4,2,heldout
pit,4,53,0.775,0.3,4,0,5,0,heldout
pit,4,55,0.775,0.3,8,1,5,1,heldout
pit,4,58,0.775,0.3,4,2,3,2,heldout
pit,4,59,0.775,0.3,10,7,11,7,heldout
pit,4,63,0.775,0.3,4,2,6,2,heldout
pit,4,65,0.775,0.3,7,2,5,2,heldout
pit,4,79,0.775,0.3,6,2,5,2,heldout
pit,4,87,0.775,0.3,8,1,3,1,heldout
pit,4,92,0.775,0.3,4,2,4,2,heldout
pit,4,102,0.775,0.3,1,0,2,0,heldout
pit,4,106,0.775,0.3,2,1,1,1,heldout
pit,4,115,0.775,0.3,5,1,3,1,heldout
pit,4,119,0.775,0.3,7,4,6,4,heldout
pit,4,3,0.775,0.5,2,0,1,0,heldout
pit,4,12,0.775,0.5,5,1,3,1,heldout
pit,4,38,0.775,0.5,4,1,4,1,heldout
pit,4,40,0.775,0.5,2,0,2,0,heldout
pit,4,45,0.775,0.5,1,0,1,0,heldout
pit,4,49,0.775,0.5,8,2,7,2,heldout
pit,4,51,0.775,0.5,5,2,5,2,heldout
pit,4,52,0.775,0.5,4,1,4,1,heldout
pit,4,53,0.775,0.5,4,0,5,0,heldout
pit,4,55,0.775,0.5,8,0,5,0,heldout
pit,4,58,0.775,0.5,4,1,3,1,heldout
pit,4,59,0.775,0.5,10,3,11,3,heldout
pit,4,63,0.775,0.5,4,2,6,2,heldout
pit,4,65,0.775,0.5,7,1,5,1,heldout
pit,4,79,0.775,0.5,6,1,5,1,heldout
pit,4,87,0.775,0.5,8,0,3,0,heldout
pit,4,92,0.775,0.5,4,0,4,0,heldout
pit,4,102,0.775,0.5,1,0,2,0,heldout
pit,4,106,0.775,0.5,2,0,1,0,heldout
pit,4,115,0.775,0.5,5,1,3,1,heldout
pit,4,119,0.775,0.5,7,3,6,3,heldout
pit,4,-1,0.8,0.3,66,31,47,31,val
pit,4,-1,0.8,0.5,66,12,47,12,val
pit,4,3,0.8,0.3,2,1,1,1,heldout
pit,4,12,0.8,0.3,5,1,2,1,heldout
pit,4,38,0.8,0.3,4,3,4,3,heldout
pit,4,40,0.8,0.3,2,1,2,1,heldout
pit,4,45,0.8,0.3,1,0,1,0,heldout
pit,4,49,0.8,0.3,8,6,7,6,heldout
pit,4,51,0.8,0.3,5,3,4,3,heldout
pit,4,52,0.8,0.3,4,2,3,2,heldout
pit,4,53,0.8,0.3,4,0,4,0,heldout
pit,4,55,0.8,0.3,8,0,2,0,heldout
pit,4,58,0.8,0.3,4,2,3,2,heldout
pit,4,59,0.8,0.3,10,5,8,5,heldout
pit,4,63,0.8,0.3,4,2,6,2,heldout
pit,4,65,0.8,0.3,7,2,3,2,heldout
pit,4,79,0.8,0.3,6,1,4,1,heldout
pit,4,87,0.8,0.3,8,1,3,1,heldout
pit,4,92,0.8,0.3,4,1,4,1,heldout
pit,4,102,0.8,0.3,1,0,2,0,heldout
pit,4,106,0.8,0.3,2,0,0,0,heldout
pit,4,115,0.8,0.3,5,1,3,1,heldout
pit,4,119,0.8,0.3,7,4,5,4,heldout
pit,4,3,0.8,0.5,2,0,1,0,heldout
pit,4,12,0.8,0.5,5,0,2,0,heldout
pit,4,38,0.8,0.5,4,1,4,1,heldout
pit,4,40,0.8,0.5,2,0,2,0,heldout
pit,4,45,0.8,0.5,1,0,1,0,heldout
pit,4,49,0.8,0.5,8,2,7,2,heldout
pit,4,51,0.8,0.5,5,2,4,2,heldout
pit,4,52,0.8,0.5,4,1,3,1,heldout
pit,4,53,0.8,0.5,4,0,4,0,heldout
pit,4,55,0.8,0.5,8,0,2,0,heldout
pit,4,58,0.8,0.5,4,0,3,0,heldout
pit,4,59,0.8,0.5,10,2,8,2,heldout
pit,4,63,0.8,0.5,4,1,6,1,heldout
pit,4,65,0.8,0.5,7,1,3,1,heldout
pit,4,79,0.8,0.5,6,1,4,1,heldout
pit,4,87,0.8,0.5,8,0,3,0,heldout
pit,4,92,0.8,0.5,4,0,4,0,heldout
pit,4,102,0.8,0.5,1,0,2,0,heldout
pit,4,106,0.8,0.5,2,0,0,0,heldout
pit,4,115,0.8,0.5,5,0,3,0,heldout
pit,4,119,0.8,0.5,7,2,5,2,heldout
pit,4,-1,0.825,0.3,66,26,38,26,val
pit,4,-1,0.825,0.5,66,4,38,4,val
pit,4,3,0.825,0.3,2,1,1,1,heldout
pit,4,12,0.825,0.3,5,1,2,1,heldout
pit,4,38,0.825,0.3,4,3,4,3,heldout
pit,4,40,0.825,0.3,2,1,1,1,heldout
pit,4,45,0.825,0.3,1,0,0,0,heldout
pit,4,49,0.825,0.3,8,4,6,4,heldout
pit,4,51,0.825,0.3,5,3,4,3,heldout
pit,4,52,0.825,0.3,4,2,3,2,heldout
pit,4,53,0.825,0.3,4,0,2,0,heldout
pit,4,55,0.825,0.3,8,0,2,0,heldout
pit,4,58,0.825,0.3,4,1,3,1,heldout
pit,4,59,0.825,0.3,10,5,7,5,heldout
pit,4,63,0.825,0.3,4,2,3,2,heldout
pit,4,65,0.825,0.3,7,2,3,2,heldout
pit,4,79,0.825,0.3,6,1,4,1,heldout
pit,4,87,0.825,0.3,8,0,2,0,heldout
pit,4,92,0.825,0.3,4,1,4,1,heldout
pit,4,102,0.825,0.3,1,0,1,0,heldout
pit,4,106,0.825,0.3,2,0,0,0,heldout
pit,4,115,0.825,0.3,5,1,2,1,heldout
pit,4,119,0.825,0.3,7,3,4,3,heldout
pit,4,3,0.825,0.5,2,0,1,0,heldout
pit,4,12,0.825,0.5,5,0,2,0,heldout
pit,4,38,0.825,0.5,4,1,4,1,heldout
pit,4,40,0.825,0.5,2,0,1,0,heldout
pit,4,45,0.825,0.5,1,0,0,0,heldout
pit,4,49,0.825,0.5,8,2,6,2,heldout
pit,4,51,0.825,0.5,5,2,4,2,heldout
pit,4,52,0.825,0.5,4,0,3,0,heldout
pit,4,53,0.825,0.5,4,0,2,0,heldout
pit,4,55,0.825,0.5,8,0,2,0,heldout
pit,4,58,0.825,0.5,4,0,3,0,heldout
pit,4,59,0.825,0.5,10,2,7,2,heldout
pit,4,63,0.825,0.5,4,1,3,1,heldout
pit,4,65,0.825,0.5,7,1,3,1,heldout
pit,4,79,0.825,0.5,6,0,4,0,heldout
pit,4,87,0.825,0.5,8,0,2,0,heldout
pit,4,92,0.825,0.5,4,0,4,0,heldout
pit,4,102,0.825,0.5,1,0,1,0,heldout
pit,4,106,0.825,0.5,2,0,0,0,heldout
pit,4,115,0.825,0.5,5,0,2,0,heldout
pit,4,119,0.825,0.5,7,1,4,1,heldout
pit,4,-1,0.85,0.3,66,19,32,19,val
pit,4,-1,0.85,0.5,66,1,32,1,val
pit,4,3,0.85,0.3,2,1,1,1,heldout
pit,4,12,0.85,0.3,5,1,1,1,heldout
pit,4,38,0.85,0.3,4,3,4,3,heldout
pit,4,40,0.85,0.3,2,1,1,1,heldout
pit,4,45,0.85,0.3,1,0,0,0,heldout
pit,4,49,0.85,0.3,8,4,6,4,heldout
pit,4,51,0.85,0.3,5,2,4,2,heldout
pit,4,52,0.85,0.3,4,2,2,2,heldout
pit,4,53,0.85,0.3,4,0,0,0,heldout
pit,4,55,0.85,0.3,8,0,2,0,heldout
pit,4,58,0.85,0.3,4,0,3,0,heldout
pit,4,59,0.85,0.3,10,4,7,4,heldout
pit,4,63,0.85,0.3,4,2,3,2,heldout
pit,4,65,0.85,0.3,7,2,3,2,heldout
pit,4,79,0.85,0.3,6,1,3,1,heldout
pit,4,87,0.85,0.3,8,0,2,0,heldout
pit,4,92,0.85,0.3,4,0,4,0,heldout
pit,4,102,0.85,0.3,1,0,1,0,heldout
pit,4,106,0.85,0.3,2,0,0,0,heldout
pit,4,115,0.85,0.3,5,1,2,1,heldout
pit,4,119,0.85,0.3,7,3,4,3,heldout
pit,4,3,0.85,0.5,2,0,1,0,heldout
pit,4,12,0.85,0.5,5,0,1,0,heldout
pit,4,38,0.85,0.5,4,1,4,1,heldout
pit,4,40,0.85,0.5,2,0,1,0,heldout
pit,4,45,0.85,0.5,1,0,0,0,heldout
pit,4,49,0.85,0.5,8,1,6,1,heldout
pit,4,51,0.85,0.5,5,1,4,1,heldout
pit,4,52,0.85,0.5,4,0,2,0,heldout
pit,4,53,0.85,0.5,4,0,0,0,heldout
pit,4,55,0.85,0.5,8,0,2,0,heldout
pit,4,58,0.85,0.5,4,0,3,0,heldout
pit,4,59,0.85,0.5,10,1,7,1,heldout
pit,4,63,0.85,0.5,4,0,3,0,heldout
pit,4,65,0.85,0.5,7,0,3,0,heldout
pit,4,79,0.85,0.5,6,0,3,0,heldout
pit,4,87,0.85,0.5,8,0,2,0,heldout
pit,4,92,0.85,0.5,4,0,4,0,heldout
pit,4,102,0.85,0.5,1,0,1,0,heldout
pit,4,106,0.85,0.5,2,0,0,0,heldout
pit,4,115,0.85,0.5,5,0,2,0,heldout
pit,4,119,0.85,0.5,7,1,4,1,heldout
pit,4,-1,0.875,0.3,66,17,22,17,val
pit,4,-1,0.875,0.5,66,0,22,0,val
pit,4,3,0.875,0.3,2,0,1,0,heldout
pit,4,12,0.875,0.3,5,1,1,1,heldout
pit,4,38,0.875,0.3,4,1,1,1,heldout
pit,4,40,0.875,0.3,2,0,1,0,heldout
pit,4,45,0.875,0.3,1,0,0,0,heldout
pit,4,49,0.875,0.3,8,3,6,3,heldout
pit,4,51,0.875,0.3,5,2,3,2,heldout
pit,4,52,0.875,0.3,4,2,2,2,heldout
pit,4,53,0.875,0.3,4,0,0,0,heldout
pit,4,55,0.875,0.3,8,0,2,0,heldout
pit,4,58,0.875,0.3,4,0,1,0,heldout
pit,4,59,0.875,0.3,10,3,4,3,heldout
pit,4,63,0.875,0.3,4,1,1,1,heldout
pit,4,65,0.875,0.3,7,1,3,1,heldout
pit,4,79,0.875,0.3,6,1,2,1,heldout
pit,4,87,0.875,0.3,8,0,2,0,heldout
pit,4,92,0.875,0.3,4,0,3,0,heldout
pit,4,102,0.875,0.3,1,0,1,0,heldout
pit,4,106,0.875,0.3,2,0,0,0,heldout
pit,4,115,0.875,0.3,5,1,2,1,heldout
pit,4,119,0.875,0.3,7,3,4,3,heldout
pit,4,3,0.875,0.5,2,0,1,0,heldout
pit,4,12,0.875,0.5,5,0,1,0,heldout
pit,4,38,0.875,0.5,4,0,1,0,heldout
pit,4,40,0.875,0.5,2,0,1,0,heldout
pit,4,45,0.875,0.5,1,0,0,0,heldout
pit,4,49,0.875,0.5,8,1,6,1,heldout
pit,4,51,0.875,0.5,5,0,3,0,heldout
pit,4,52,0.875,0.5,4,0,2,0,heldout
pit,4,53,0.875,0.5,4,0,0,0,heldout
pit,4,55,0.875,0.5,8,0,2,0,heldout
pit,4,58,0.875,0.5,4,0,1,0,heldout
pit,4,59,0.875,0.5,10,0,4,0,heldout
pit,4,63,0.875,0.5,4,0,1,0,heldout
pit,4,65,0.875,0.5,7,0,3,0,heldout
pit,4,79,0.875,0.5,6,0,2,0,heldout
pit,4,87,0.875,0.5,8,0,2,0,heldout
pit,4,92,0.875,0.5,4,0,3,0,heldout
pit,4,102,0.875,0.5,1,0,1,0,heldout
pit,4,106,0.875,0.5,2,0,0,0,heldout
pit,4,115,0.875,0.5,5,0,2,0,heldout
pit,4,119,0.875,0.5,7,0,4,0,heldout
pit,4,-1,0.9,0.3,66,5,18,5,val
pit,4,-1,0.9,0.5,66,0,18,0,val
pit,4,3,0.9,0.3,2,0,1,0,heldout
pit,4,12,0.9,0.3,5,0,1,0,heldout
pit,4,38,0.9,0.3,4,1,1,1,heldout
pit,4,40,0.9,0.3,2,0,1,0,heldout
pit,4,45,0.9,0.3,1,0,0,0,heldout
pit,4,49,0.9,0.3,8,2,4,2,heldout
pit,4,51,0.9,0.3,5,1,2,1,heldout
pit,4,52,0.9,0.3,4,1,2,1,heldout
pit,4,53,0.9,0.3,4,0,0,0,heldout
pit,4,55,0.9,0.3,8,0,1,0,heldout
pit,4,58,0.9,0.3,4,0,0,0,heldout
pit,4,59,0.9,0.3,10,0,4,0,heldout
pit,4,63,0.9,0.3,4,0,1,0,heldout
pit,4,65,0.9,0.3,7,0,2,0,heldout
pit,4,79,0.9,0.3,6,0,1,0,heldout
pit,4,87,0.9,0.3,8,0,0,0,heldout
pit,4,92,0.9,0.3,4,0,1,0,heldout
pit,4,102,0.9,0.3,1,0,1,0,heldout
pit,4,106,0.9,0.3,2,0,0,0,heldout
pit,4,115,0.9,0.3,5,0,1,0,heldout
pit,4,119,0.9,0.3,7,1,2,1,heldout
pit,4,3,0.9,0.5,2,0,1,0,heldout
pit,4,12,0.9,0.5,5,0,1,0,heldout
pit,4,38,0.9,0.5,4,0,1,0,heldout
pit,4,40,0.9,0.5,2,0,1,0,heldout
pit,4,45,0.9,0.5,1,0,0,0,heldout
pit,4,49,0.9,0.5,8,0,4,0,heldout
pit,4,51,0.9,0.5,5,0,2,0,heldout
pit,4,52,0.9,0.5,4,0,2,0,heldout
pit,4,53,0.9,0.5,4,0,0,0,heldout
pit,4,55,0.9,0.5,8,0,1,0,heldout
pit,4,58,0.9,0.5,4,0,0,0,heldout
pit,4,59,0.9,0.5,10,0,4,0,heldout
pit,4,63,0.9,0.5,4,0,1,0,heldout
pit,4,65,0.9,0.5,7,0,2,0,heldout
pit,4,79,0.9,0.5,6,0,1,0,heldout
pit,4,87,0.9,0.5,8,0,0,0,heldout
pit,4,92,0.9,0.5,4,0,1,0,heldout
pit,4,102,0.9,0.5,1,0,1,0,heldout
pit,4,106,0.9,0.5,2,0,0,0,heldout
pit,4,115,0.9,0.5,5,0,1,0,heldout
pit,4,119,0.9,0.5,7,0,2,0,heldout
pit,4,-1,0.925,0.3,66,0,11,0,val
pit,4,-1,0.925,0.5,66,0,11,0,val
pit,4,3,0.925,0.3,2,0,1,0,heldout
pit,4,12,0.925,0.3,5,0,0,0,heldout
pit,4,38,0.925,0.3,4,0,0,0,heldout
pit,4,40,0.925,0.3,2,0,0,0,heldout
pit,4,45,0.925,0.3,1,0,0,0,heldout
pit,4,49,0.925,0.3,8,1,3,1,heldout
pit,4,51,0.925,0.3,5,0,1,0,heldout
pit,4,52,0.925,0.3,4,0,2,0,heldout
pit,4,53,0.925,0.3,4,0,0,0,heldout
pit,4,55,0.925,0.3,8,0,0,0,heldout
pit,4,58,0.925,0.3,4,0,0,0,heldout
pit,4,59,0.925,0.3,10,0,0,0,heldout
pit,4,63,0.925,0.3,4,0,1,0,heldout
pit,4,65,0.925,0.3,7,0,1,0,heldout
pit,4,79,0.925,0.3,6,0,1,0,heldout
pit,4,87,0.925,0.3,8,0,0,0,heldout
pit,4,92,0.925,0.3,4,0,0,0,heldout
pit,4,102,0.925,0.3,1,0,0,0,heldout
pit,4,106,0.925,0.3,2,0,0,0,heldout
pit,4,115,0.925,0.3,5,0,1,0,heldout
pit,4,119,0.925,0.3,7,0,0,0,heldout
pit,4,3,0.925,0.5,2,0,1,0,heldout
pit,4,12,0.925,0.5,5,0,0,0,heldout
pit,4,38,0.925,0.5,4,0,0,0,heldout
pit,4,40,0.925,0.5,2,0,0,0,heldout
pit,4,45,0.925,0.5,1,0,0,0,heldout
pit,4,49,0.925,0.5,8,0,3,0,heldout
pit,4,51,0.925,0.5,5,0,1,0,heldout
pit,4,52,0.925,0.5,4,0,2,0,heldout
pit,4,53,0.925,0.5,4,0,0,0,heldout
pit,4,55,0.925,0.5,8,0,0,0,heldout
pit,4,58,0.925,0.5,4,0,0,0,heldout
pit,4,59,0.925,0.5,10,0,0,0,heldout
pit,4,63,0.925,0.5,4,0,1,0,heldout
pit,4,65,0.925,0.5,7,0,1,0,heldout
pit,4,79,0.925,0.5,6,0,1,0,heldout
pit,4,87,0.925,0.5,8,0,0,0,heldout
pit,4,92,0.925,0.5,4,0,0,0,heldout
pit,4,102,0.925,0.5,1,0,0,0,heldout
pit,4,106,0.925,0.5,2,0,0,0,heldout
pit,4,115,0.925,0.5,5,0,1,0,heldout
pit,4,119,0.925,0.5,7,0,0,0,heldout
pit,4,-1,0.95,0.3,66,0,1,0,val
pit,4,-1,0.95,0.5,66,0,1,0,val
pit,4,3,0.95,0.3,2,0,0,0,heldout
pit,4,12,0.95,0.3,5,0,0,0,heldout
pit,4,38,0.95,0.3,4,0,0,0,heldout
pit,4,40,0.95,0.3,2,0,0,0,heldout
pit,4,45,0.95,0.3,1,0,0,0,heldout
pit,4,49,0.95,0.3,8,0,1,0,heldout
pit,4,51,0.95,0.3,5,0,0,0,heldout
pit,4,52,0.95,0.3,4,0,0,0,heldout
pit,4,53,0.95,0.3,4,0,0,0,heldout
pit,4,55,0.95,0.3,8,0,0,0,heldout
pit,4,58,0.95,0.3,4,0,0,0,heldout
pit,4,59,0.95,0.3,10,0,0,0,heldout
pit,4,63,0.95,0.3,4,0,0,0,heldout
pit,4,65,0.95,0.3,7,0,0,0,heldout
pit,4,79,0.95,0.3,6,0,0,0,heldout
pit,4,87,0.95,0.3,8,0,0,0,heldout
pit,4,92,0.95,0.3,4,0,0,0,heldout
pit,4,102,0.95,0.3,1,0,0,0,heldout
pit,4,106,0.95,0.3,2,0,0,0,heldout
pit,4,115,0.95,0.3,5,0,0,0,heldout
pit,4,119,0.95,0.3,7,0,0,0,heldout
pit,4,3,0.95,0.5,2,0,0,0,heldout
pit,4,12,0.95,0.5,5,0,0,0,heldout
pit,4,38,0.95,0.5,4,0,0,0,heldout
pit,4,40,0.95,0.5,2,0,0,0,heldout
pit,4,45,0.95,0.5,1,0,0,0,heldout
pit,4,49,0.95,0.5,8,0,1,0,heldout
pit,4,51,0.95,0.5,5,0,0,0,heldout
pit,4,52,0.95,0.5,4,0,0,0,heldout
pit,4,53,0.95,0.5,4,0,0,0,heldout
pit,4,55,0.95,0.5,8,0,0,0,heldout
pit,4,58,0.95,0.5,4,0,0,0,heldout
pit,4,59,0.95,0.5,10,0,0,0,heldout
pit,4,63,0.95,0.5,4,0,0,0,heldout
pit,4,65,0.95,0.5,7,0,0,0,heldout
pit,4,79,0.95,0.5,6,0,0,0,heldout
pit,4,87,0.95,0.5,8,0,0,0,heldout
pit,4,92,0.95,0.5,4,0,0,0,heldout
pit,4,102,0.95,0.5,1,0,0,0,heldout
pit,4,106,0.95,0.5,2,0,0,0,heldout
pit,4,115,0.95,0.5,5,0,0,0,heldout
pit,4,119,0.95,0.5,7,0,0,0,heldout
