component_id,area_m2,bbox_h_px,bbox_w_px,aspect_ratio_bbox,eccentricity,elongation_pca,solidity_bbox,road_prob_max,road_prob_mean,pit_prob_max,centroid_x,centroid_y,overlaps_labeled_pit,classification
1,109.75,25,21,1.1904761904761905,0.6071694430375999,1.2585385861223097,0.8361904761904762,0.553022563457489,0.3653867542743683,0.725372314453125,620304.3314350797,4597493.948747152,False,ROAD_LIKE_COMPACT
2,162.5,30,26,1.1538461538461537,0.5059033846782981,1.159299119068308,0.8333333333333334,0.4299828112125397,0.2018800675868988,0.6863861083984375,623045.7430769231,4597490.905384615,False,COMPACT_OTHER_FP
3,150.0,28,31,1.1071428571428572,0.3622181320648279,1.072853908112046,0.6912442396313364,0.4949647784233093,0.2326374053955078,0.694305419921875,621494.5966666667,4597490.028333333,False,COMPACT_OTHER_FP
4,153.0,29,29,1.0,0.49983279231802524,1.1545718648792471,0.727705112960761,0.43725502490997314,0.1674552857875824,0.7171173095703125,622770.5138888889,4597489.838235294,False,COMPACT_OTHER_FP
5,4.25,8,3,2.6666666666666665,0.9208246612820064,2.5642547786798247,0.7083333333333334,0.2082347869873047,0.1734144240617752,0.4988212585449219,620298.6470588235,4597493.205882353,False,COMPACT_OTHER_FP
6,103.0,24,24,1.0,0.1466938072241959,1.0109363617866,0.7152777777777778,0.3360586166381836,0.13018979132175446,0.63482666015625,621600.531553398,4597486.052184466,False,COMPACT_OTHER_FP
7,168.0,36,29,1.2413793103448276,0.6980759140717325,1.3966017084768145,0.6436781609195402,0.34436532855033875,0.2086004912853241,0.720733642578125,621257.6696428572,4597479.621279762,False,COMPACT_OTHER_FP
8,244.5,36,35,1.0285714285714285,0.4061721646109287,1.0943354703013792,0.7761904761904762,0.5365557670593262,0.17204134166240692,0.858154296875,623126.4759713701,4597479.996932515,False,ROAD_LIKE_COMPACT
9,235.25,34,36,1.0588235294117647,0.5107664918769065,1.1631701024309626,0.7687908496732027,0.5346124768257141,0.2180900275707245,0.883392333984375,620832.5382571733,4597478.915515409,False,ROAD_LIKE_COMPACT
10,218.25,34,34,1.0,0.3429452869828557,1.0645598260010318,0.7551903114186851,0.49861258268356323,0.16570425033569336,0.84661865234375,622672.9553264605,4597477.624284077,False,COMPACT_OTHER_FP
11,269.25,41,37,1.1081081081081081,0.3771482200801046,1.0797353060121373,0.7099538562953197,0.44161278009414673,0.17871741950511932,0.892791748046875,620026.3960074281,4597473.828226555,False,COMPACT_OTHER_FP
12,136.0,27,26,1.0384615384615385,0.4457370531073827,1.1171138104526943,0.7749287749287749,0.44420307874679565,0.17154471576213837,0.696319580078125,621106.5137867647,4597475.173713235,False,COMPACT_OTHER_FP
13,32.0,16,14,1.1428571428571428,0.8465971071422805,1.8788718070904404,0.5714285714285714,0.21036048233509064,0.1428564339876175,0.55523681640625,622184.3515625,4597473.546875,False,COMPACT_OTHER_FP
14,143.5,26,29,1.1153846153846154,0.4778147560143827,1.138354956955564,0.7612732095490716,0.4899000823497772,0.20399563014507294,0.70733642578125,620709.2012195121,4597468.228222997,False,COMPACT_OTHER_FP
15,146.0,29,26,1.1153846153846154,0.4110584158533913,1.096961519750819,0.7745358090185677,0.3545114994049072,0.15940560400485992,0.71600341796875,620582.6121575342,4597446.758561644,False,COMPACT_OTHER_FP
16,68.0,22,20,1.1,0.8057937163320317,1.688629190478714,0.6181818181818182,0.4463137090206146,0.26232463121414185,0.59539794921875,623046.0496323529,4597444.915441177,False,ROAD_LIKE_COMPACT
18,123.75,24,26,1.0833333333333333,0.5039135378279317,1.157736905960572,0.7932692307692307,0.551874041557312,0.15287944674491882,0.658477783203125,621732.1656565657,4597436.564646465,False,ROAD_LIKE_COMPACT
19,12.25,13,8,1.625,0.9273228373092387,2.671922051164409,0.47115384615384615,0.1064581349492073,0.06864169239997864,0.5089111328125,621507.6326530612,4597416.0612244895,False,COMPACT_OTHER_FP
20,18.5,8,13,1.625,0.6818500892012143,1.3670690647246795,0.7115384615384616,0.2178812026977539,0.1302977204322815,0.5475616455078125,621523.7094594594,4597405.97972973,False,COMPACT_OTHER_FP
21,170.5,28,29,1.0357142857142858,0.28717592743383175,1.0439744419463532,0.8399014778325123,0.31222477555274963,0.18280117213726044,0.6874580383300781,620193.6143695015,4597394.205278592,False,COMPACT_OTHER_FP
22,6.75,4,9,2.25,0.9024459994810287,2.321246644727047,0.75,0.13109415769577026,0.10944339632987976,0.494781494140625,621525.2777777778,4597400.12962963,False,COMPACT_OTHER_FP
23,229.0,40,32,1.25,0.6451625794957296,1.3088228906089983,0.715625,0.5362180471420288,0.20170067250728607,0.8521728515625,619952.4121179039,4597390.063318777,False,ROAD_LIKE_COMPACT
24,216.5,32,34,1.0625,0.3746232987828683,1.0785425940988749,0.7959558823529411,0.28571557998657227,0.1435796022415161,0.8424835205078125,622776.466512702,4597391.422055427,False,COMPACT_OTHER_FP
25,177.25,29,32,1.103448275862069,0.36767513604053387,1.0753216618547163,0.7640086206896551,0.39564383029937744,0.1454700231552124,0.7266845703125,621655.6748942172,4597384.675599436,False,COMPACT_OTHER_FP
26,200.5,35,31,1.1290322580645162,0.45520562516943486,1.1231079727178237,0.7391705069124423,0.3148566782474518,0.11948341131210327,0.8626556396484375,623046.7113466334,4597380.502493765,False,COMPACT_OTHER_FP
27,150.25,30,23,1.3043478260869565,0.6329584662196018,1.2916796727586746,0.8710144927536232,0.5148271918296814,0.20078612864017487,0.79925537109375,619825.2154742096,4597375.514975041,False,ROAD_LIKE_COMPACT
29,4.25,5,5,1.0,0.7746427867834754,1.5812800587650395,0.68,0.3678767681121826,0.35160794854164124,0.4483833312988281,620300.7941176471,4597376.0,False,ROAD_LIKE_COMPACT
32,22.25,16,11,1.4545454545454546,0.8843312011965702,2.1419694262161917,0.5056818181818182,0.10234955698251724,0.07795350253582001,0.5503387451171875,620413.9382022471,4597367.606741573,False,COMPACT_OTHER_FP
33,9.25,5,13,2.6,0.9623211096991632,3.6776120203957743,0.5692307692307692,0.22177176177501678,0.15918664634227753,0.5093460083007812,623954.027027027,4597371.283783784,False,ELONGATED_OTHER
34,8.0,6,10,1.6666666666666667,0.8911550079705438,2.2041046484388733,0.5333333333333333,0.2516477108001709,0.16498303413391113,0.5384063720703125,620301.578125,4597369.1875,False,COMPACT_OTHER_FP
37,174.75,28,32,1.1428571428571428,0.5526771246132053,1.1999105415216211,0.7801339285714286,0.43821120262145996,0.23123487830162048,0.77337646484375,620971.5271816881,4597361.964234621,False,COMPACT_OTHER_FP
38,246.0,42,31,1.3548387096774193,0.6737740861832932,1.353294609669234,0.7557603686635944,0.3640424311161041,0.14587342739105225,0.824554443359375,622653.6199186991,4597357.885162601,False,COMPACT_OTHER_FP
39,5.5,6,8,1.3333333333333333,0.9026190256790789,2.3232022768068634,0.4583333333333333,0.10194651782512665,0.08347704261541367,0.5101318359375,620419.8409090909,4597365.954545454,False,COMPACT_OTHER_FP
40,23.75,13,12,1.0833333333333333,0.834609659288869,1.8154031772270312,0.6089743589743589,0.2197558432817459,0.13175144791603088,0.5536956787109375,621128.7736842105,4597362.363157894,False,COMPACT_OTHER_FP
41,182.25,31,30,1.0333333333333334,0.27309870480053544,1.0395161489256441,0.7838709677419354,0.5161818861961365,0.19382359087467194,0.825103759765625,620556.9807956105,4597348.635116598,False,ROAD_LIKE_COMPACT
42,41.25,17,21,1.2352941176470589,0.7521702242241634,1.5175223991080438,0.46218487394957986,0.2975562810897827,0.11682482808828354,0.5625991821289062,621237.296969697,4597349.039393939,False,COMPACT_OTHER_FP
43,5.75,6,5,1.2,0.589596860704585,1.2380870034560818,0.7666666666666667,0.21599090099334717,0.16370587050914764,0.4617271423339844,621236.3260869565,4597347.304347826,False,COMPACT_OTHER_FP
44,217.5,38,30,1.2666666666666666,0.6195000501867461,1.2738908411325343,0.7631578947368421,0.5406290292739868,0.2659982740879059,0.802947998046875,623163.8718390805,4597336.351724138,False,ROAD_LIKE_COMPACT
47,218.5,34,35,1.0294117647058822,0.5870750392884276,1.235280828563496,0.7344537815126051,0.487856388092041,0.1825953871011734,0.832977294921875,620726.3289473684,4597316.266018307,False,COMPACT_OTHER_FP
48,180.25,32,29,1.103448275862069,0.5002789184412338,1.1549153697214183,0.7769396551724138,0.3761237561702728,0.15682661533355713,0.787384033203125,620088.6837725381,4597285.323162274,False,COMPACT_OTHER_FP
49,158.75,28,30,1.0714285714285714,0.42675821976814543,1.1057473070055908,0.7559523809523809,0.5109531879425049,0.20772424340248108,0.7438507080078125,620223.2385826772,4597283.871653543,False,ROAD_LIKE_COMPACT
50,205.0,33,32,1.03125,0.4247669834287987,1.104602892479146,0.7765151515151515,0.39030152559280396,0.124729685485363,0.838043212890625,619836.5152439025,4597268.255487805,False,COMPACT_OTHER_FP
51,58.75,17,20,1.1764705882352942,0.5530538977462829,1.2002705738191106,0.6911764705882353,0.34784165024757385,0.13972781598567963,0.642822265625,619961.8297872341,4597272.170212766,False,COMPACT_OTHER_FP
52,146.5,28,29,1.0357142857142858,0.5211142377788851,1.1716640957866207,0.7216748768472906,0.4971924126148224,0.21148166060447693,0.714385986328125,621640.5435153584,4597265.199658703,False,COMPACT_OTHER_FP
53,20.25,10,11,1.1,0.6762740017018786,1.3574964605919613,0.7363636363636363,0.32944563031196594,0.19241851568222046,0.5481109619140625,621757.7901234567,4597267.722222222,False,COMPACT_OTHER_FP
54,8.25,7,9,1.2857142857142858,0.8896542844219748,2.189934291224727,0.5238095238095238,0.4229067862033844,0.3502740263938904,0.5303802490234375,619965.6060606061,4597265.0,False,ROAD_LIKE_COMPACT
55,152.0,33,27,1.2222222222222223,0.5039781298014037,1.1577874209736378,0.6823793490460157,0.6565481424331665,0.23703080415725708,0.754852294921875,619691.3462171053,4597248.29194079,False,ROAD_LIKE_COMPACT
56,168.5,31,29,1.0689655172413792,0.48273674366105607,1.1418581612170626,0.7497219132369299,0.3385143280029297,0.13465584814548492,0.708831787109375,620819.734421365,4597242.3575667655,False,COMPACT_OTHER_FP
57,8.0,8,6,1.3333333333333333,0.8677375377795995,2.0119805343800885,0.6666666666666666,0.30352532863616943,0.23414531350135803,0.5258941650390625,622039.96875,4597247.828125,False,COMPACT_OTHER_FP
58,47.75,22,11,2.0,0.8407193121037844,1.8468203624023274,0.7892561983471075,0.42051035165786743,0.21353156864643097,0.604736328125,621129.3586387434,4597238.560209424,False,COMPACT_OTHER_FP
60,44.75,21,18,1.1666666666666667,0.8764751348700238,2.0770712709893124,0.47354497354497355,0.3376401960849762,0.20769718289375305,0.587615966796875,620740.1675977653,4597236.011173184,False,COMPACT_OTHER_FP
61,140.25,33,31,1.064516129032258,0.8721359904916595,2.0438882381163084,0.5483870967741935,0.4757879674434662,0.26649802923202515,0.727447509765625,622796.8966131908,4597233.284313725,False,ROAD_LIKE_COMPACT
62,203.5,34,30,1.1333333333333333,0.5165638828777164,1.1678850496073703,0.7980392156862746,0.39785662293434143,0.1875401884317398,0.763214111328125,620561.6842751843,4597225.810810811,False,COMPACT_OTHER_FP
63,20.25,14,15,1.0714285714285714,0.9623088825998034,3.6770269140987604,0.38571428571428573,0.48476725816726685,0.42762789130210876,0.5547370910644531,622791.4012345679,4597229.913580247,False,LIKELY_ROAD_FP
64,260.25,37,36,1.0277777777777777,0.3099062163867082,1.0517822583318572,0.7815315315315315,0.704261839389801,0.27844637632369995,0.9166259765625,622907.679154659,4597224.556195965,False,ROAD_LIKE_COMPACT
65,176.25,30,31,1.0333333333333334,0.629655787886123,1.2872096218318057,0.7580645161290323,0.5112438201904297,0.2392653226852417,0.7060012817382812,621250.6964539007,4597219.94893617,False,ROAD_LIKE_COMPACT
66,29.5,18,13,1.3846153846153846,0.9160314705643703,2.493104067818501,0.5042735042735043,0.18053969740867615,0.12364312261343002,0.5532684326171875,620975.4279661017,4597220.211864407,False,COMPACT_OTHER_FP
67,225.5,37,32,1.15625,0.5362801832524476,1.1847779364771074,0.7618243243243243,0.39875757694244385,0.1862180233001709,0.7398223876953125,621496.0376940133,4597210.981152994,False,COMPACT_OTHER_FP
68,201.0,32,32,1.0,0.505522196308385,1.158998884038787,0.78515625,0.21162213385105133,0.10334624350070953,0.801116943359375,623269.7151741293,4597209.315298508,False,COMPACT_OTHER_FP
69,130.5,31,25,1.24,0.5954682869550706,1.2447428065409607,0.6735483870967742,0.44042474031448364,0.2010257989168167,0.774749755859375,621356.6954022988,4597195.539272031,False,COMPACT_OTHER_FP
70,211.75,33,32,1.03125,0.4757029721349477,1.1368726694489053,0.8020833333333334,0.3648837208747864,0.14558374881744385,0.83892822265625,623039.8713105076,4597189.7727272725,False,COMPACT_OTHER_FP
71,176.0,28,32,1.1428571428571428,0.5260385780490971,1.175833276710106,0.7857142857142857,0.2140786349773407,0.08323419094085693,0.7386627197265625,619840.8423295454,4597188.174715909,False,COMPACT_OTHER_FP
72,224.75,45,28,1.6071428571428572,0.8237442284261948,1.7637879093581605,0.7134920634920635,0.3259386122226715,0.15533128380775452,0.8360595703125,619918.6034482758,4597179.112347052,False,COMPACT_OTHER_FP
73,64.0,24,16,1.5,0.8029021583421251,1.6775403937916116,0.6666666666666666,0.30657896399497986,0.18124663829803467,0.6350250244140625,621354.505859375,4597172.673828125,False,COMPACT_OTHER_FP
74,222.75,39,33,1.1818181818181819,0.6582551585256861,1.328383087350402,0.6923076923076923,0.4341314136981964,0.18862007558345795,0.7474365234375,622519.861952862,4597162.648148148,False,COMPACT_OTHER_FP
75,282.25,38,37,1.027027027027027,0.41529358247462406,1.099278669688113,0.8029871977240398,0.3538467288017273,0.13921783864498138,0.893157958984375,623956.645704163,4597131.463241807,False,COMPACT_OTHER_FP
76,59.25,22,18,1.2222222222222223,0.7136805691765991,1.4276102345460129,0.5984848484848485,0.3102239966392517,0.14233316481113434,0.5537261962890625,622050.9662447257,4597132.85021097,False,COMPACT_OTHER_FP
78,215.75,35,32,1.09375,0.3596260437565557,1.0717004967618649,0.7705357142857143,0.4533223807811737,0.1858319193124771,0.91046142578125,623186.4681344149,4597121.250289687,False,COMPACT_OTHER_FP
79,70.25,23,26,1.1304347826086956,0.8240112061466053,1.7649960650552325,0.4698996655518395,0.4084211587905884,0.28517669439315796,0.65325927734375,620691.1654804271,4597116.427046264,False,ROAD_LIKE_COMPACT
80,7.75,5,7,1.4,0.7104147876067924,1.4208920626449424,0.8857142857142857,0.4150206446647644,0.37773072719573975,0.4646186828613281,620692.4193548387,4597113.612903226,False,ROAD_LIKE_COMPACT
81,41.25,20,16,1.25,0.8091132446499432,1.7016852146426988,0.515625,0.2804739773273468,0.17910607159137726,0.5421524047851562,621237.206060606,4597096.433333334,False,COMPACT_OTHER_FP
82,277.25,41,35,1.1714285714285715,0.5225768926074542,1.1728937314961287,0.7728222996515679,0.38544920086860657,0.16042925417423248,0.905792236328125,622653.5924256087,4597090.203336339,False,COMPACT_OTHER_FP
83,7.75,7,7,1.0,0.7247504800678327,1.4513547467705874,0.6326530612244898,0.35993054509162903,0.30215105414390564,0.45877838134765625,621238.7903225806,4597095.677419355,False,ROAD_LIKE_COMPACT
84,200.75,33,31,1.064516129032258,0.4033347420348257,1.0928334660102106,0.7849462365591398,0.534926176071167,0.25963690876960754,0.799560546875,621383.303860523,4597089.375466999,False,ROAD_LIKE_COMPACT
85,180.75,31,31,1.0,0.34465007140192827,1.06526763420436,0.7523413111342352,0.32346466183662415,0.1802140474319458,0.6980133056640625,620570.7358229599,4597076.960580912,False,COMPACT_OTHER_FP
86,18.5,8,13,1.625,0.8658517136284384,1.998797844725508,0.7115384615384616,0.13072869181632996,0.09265291690826416,0.5818634033203125,621116.472972973,4597082.527027027,False,COMPACT_OTHER_FP
87,63.75,19,24,1.263157894736842,0.7317850124345705,1.4672749075641895,0.5592105263157895,0.30275171995162964,0.15675175189971924,0.6094512939453125,621481.5,4597079.44117647,False,COMPACT_OTHER_FP
88,140.75,25,27,1.08,0.39537587633387505,1.0887086143913955,0.8340740740740741,0.44987595081329346,0.2186146378517151,0.73907470703125,622944.1527531083,4597078.353463588,False,COMPACT_OTHER_FP
89,4.75,5,5,1.0,0.5207037318817046,1.1713203008847621,0.76,0.13398076593875885,0.11441954970359802,0.44915008544921875,621482.9210526316,4597081.078947368,False,COMPACT_OTHER_FP
90,120.5,26,23,1.1304347826086956,0.4368059694836823,1.1116598403629356,0.8060200668896321,0.11849182844161987,0.050247691571712494,0.6623001098632812,619809.4657676348,4597070.7593361,False,COMPACT_OTHER_FP
91,165.5,30,28,1.0714285714285714,0.4095579379435642,1.0961497522258785,0.7880952380952381,0.45816686749458313,0.17429512739181519,0.724151611328125,620986.6034743203,4597061.759063444,False,COMPACT_OTHER_FP
92,151.75,29,26,1.1153846153846154,0.5680312063527869,1.2150564702288265,0.8050397877984085,0.5153149962425232,0.17271491885185242,0.726959228515625,620452.949752883,4597059.210049423,False,ROAD_LIKE_COMPACT
93,293.75,40,37,1.0810810810810811,0.3427274878420656,1.0644697522665818,0.793918918918919,0.3093366026878357,0.12633433938026428,0.929107666015625,623985.9782978724,4597032.102978723,False,COMPACT_OTHER_FP
94,219.25,30,34,1.1333333333333333,0.49171219159895824,1.1484249890153788,0.8598039215686275,0.4384545385837555,0.11086303740739822,0.897613525390625,619649.7941847206,4597027.551881414,False,COMPACT_OTHER_FP
95,323.25,34,52,1.5294117647058822,0.7981514339215081,1.6598698402096315,0.7313348416289592,0.5168541669845581,0.19827112555503845,0.7926177978515625,619518.4238205723,4597004.945862336,False,ROAD_LIKE_COMPACT
96,197.0,31,33,1.064516129032258,0.5706678588742422,1.2177583621568002,0.7702834799608993,0.5817480683326721,0.22379322350025177,0.831817626953125,623633.4708121828,4597003.195431472,False,ROAD_LIKE_COMPACT
97,130.0,26,25,1.04,0.2612349096307592,1.035973928300199,0.8,0.5639759302139282,0.23472537100315094,0.6994400024414062,623865.0605769231,4596996.751923077,False,ROAD_LIKE_COMPACT
99,249.5,34,34,1.0,0.34082131548162536,1.0636848400074332,0.8633217993079585,0.36792299151420593,0.16192790865898132,0.875762939453125,622176.9819639279,4596980.1097194385,False,COMPACT_OTHER_FP
100,261.0,43,31,1.3870967741935485,0.7640344215882925,1.5499659051438686,0.7831957989497375,0.4814538359642029,0.16309496760368347,0.856109619140625,622565.3764367816,4596977.566091954,False,COMPACT_OTHER_FP
101,10.25,11,5,2.2,0.9225570010122236,2.5916079660706104,0.7454545454545455,0.24386745691299438,0.17395861446857452,0.5197296142578125,623039.9390243902,4596985.4878048785,False,COMPACT_OTHER_FP
102,49.25,13,21,1.6153846153846154,0.8624289176673203,1.9755888656820955,0.7216117216117216,0.3679797649383545,0.19981138408184052,0.635467529296875,623047.0812182741,4596985.741116751,False,COMPACT_OTHER_FP
103,174.5,29,29,1.0,0.265785246883109,1.0373096826971138,0.8299643281807372,0.3496992886066437,0.12835071980953217,0.815673828125,623315.100286533,4596981.3760744985,False,COMPACT_OTHER_FP
104,52.25,17,17,1.0,0.6930836000461582,1.3872372783700986,0.7231833910034602,0.32670092582702637,0.18405644595623016,0.608306884765625,622900.8803827751,4596983.6483253585,False,COMPACT_OTHER_FP
107,298.75,37,50,1.3513513513513513,0.8378456226219375,1.8318130446627117,0.6459459459459459,0.6049825549125671,0.3186815679073334,0.747222900390625,622828.6711297071,4596967.824267782,False,ROAD_LIKE_COMPACT
109,20.25,18,15,1.2,0.9005190089926254,2.2998199640274635,0.3,0.1866133213043213,0.11653585731983185,0.52117919921875,620355.6913580247,4596962.358024691,False,COMPACT_OTHER_FP
110,199.25,28,35,1.25,0.6079808802292601,1.2595225147419407,0.813265306122449,0.41168728470802307,0.13295452296733856,0.824371337890625,622941.7183186951,4596954.330614805,False,COMPACT_OTHER_FP
111,167.25,32,28,1.1428571428571428,0.5706053954897339,1.2176939994817744,0.7466517857142857,0.3415825068950653,0.1496782749891281,0.756744384765625,622036.7541106129,4596948.266068759,False,COMPACT_OTHER_FP
112,435.5,60,46,1.3043478260869565,0.8743323888508863,2.060463925208394,0.631159420289855,0.48309969902038574,0.21672624349594116,0.7713623046875,620708.0714695752,4596938.8645235365,False,COMPACT_OTHER_FP
113,231.0,45,24,1.875,0.8542289769635819,1.9234580427026677,0.8555555555555555,0.39033058285713196,0.22681275010108948,0.766204833984375,623377.1406926407,4596942.214285715,False,COMPACT_OTHER_FP
114,147.5,30,26,1.1538461538461537,0.5957403422227079,1.2450554270293432,0.7564102564102564,0.24340610206127167,0.1009080559015274,0.7937164306640625,623866.8669491526,4596903.3271186445,False,COMPACT_OTHER_FP
115,275.25,41,42,1.024390243902439,0.7701076955312107,1.5676096852928307,0.6393728222996515,0.3564746677875519,0.2062961608171463,0.872344970703125,619676.2779291553,4596894.110354223,False,COMPACT_OTHER_FP
116,96.0,25,29,1.16,0.5514420608176378,1.1987343365228227,0.5296551724137931,0.4660557210445404,0.19637680053710938,0.674407958984375,619533.91796875,4596890.095052083,False,COMPACT_OTHER_FP
118,270.0,37,36,1.0277777777777777,0.12849857017659366,1.0083596095744884,0.8108108108108109,0.24762707948684692,0.10707148164510727,0.897796630859375,623735.9476851852,4596881.808333334,False,COMPACT_OTHER_FP
119,36.0,17,18,1.0588235294117647,0.8789806647590147,2.0970629284850393,0.47058823529411764,0.2994123697280884,0.18244102597236633,0.5739288330078125,620060.5520833334,4596878.493055556,False,COMPACT_OTHER_FP
121,206.75,35,30,1.1666666666666667,0.48388860849735393,1.1426878961192455,0.7876190476190477,0.3085026443004608,0.15523506700992584,0.84844970703125,622438.8585247884,4596858.874848851,False,COMPACT_OTHER_FP
122,202.0,33,31,1.064516129032258,0.40472975797667027,1.0935698357624584,0.7898338220918866,0.3311738073825836,0.1473769247531891,0.840179443359375,623316.4047029703,4596856.241955445,False,COMPACT_OTHER_FP
123,108.5,24,23,1.0434782608695652,0.4448965948392639,1.1165924076249365,0.7862318840579711,0.45574405789375305,0.2361079454421997,0.634033203125,622976.8801843318,4596855.513824885,False,COMPACT_OTHER_FP
124,197.25,31,31,1.0,0.4337902383343383,1.10986080416776,0.8210197710718002,0.39697369933128357,0.13590605556964874,0.81414794921875,623195.5766793409,4596847.4036755385,False,COMPACT_OTHER_FP
126,9.5,10,5,2.0,0.8900477596550509,2.1936208701105806,0.76,0.14596547186374664,0.10866880416870117,0.5382843017578125,623525.4868421053,4596850.22368421,False,COMPACT_OTHER_FP
127,17.0,8,14,1.75,0.9254178933324632,2.6388832411875063,0.6071428571428571,0.0928521603345871,0.06151989474892616,0.5130386352539062,621696.5073529412,4596844.845588235,False,COMPACT_OTHER_FP
128,132.0,30,24,1.25,0.6437087852637555,1.3067274217475375,0.7333333333333333,0.411613792181015,0.15059873461723328,0.6750030517578125,622704.8560606061,4596828.06344697,False,COMPACT_OTHER_FP
130,40.75,10,21,2.1,0.8847854430357576,2.1459290722788587,0.7761904761904762,0.39140594005584717,0.26369035243988037,0.62738037109375,619877.3036809816,4596830.4110429445,False,ROAD_LIKE_COMPACT
131,30.0,10,18,1.8,0.8735184895006322,2.0542698233351455,0.6666666666666666,0.14335095882415771,0.09717115014791489,0.5414276123046875,621254.6291666667,4596830.645833333,False,COMPACT_OTHER_FP
132,13.5,10,11,1.1,0.8969823404786891,2.2621037339341545,0.4909090909090909,0.2545793056488037,0.21715909242630005,0.5112762451171875,619875.1944444445,4596825.027777778,False,COMPACT_OTHER_FP
133,285.5,36,39,1.0833333333333333,0.4305137686931647,1.1079301084529487,0.8133903133903134,0.43458443880081177,0.1323198676109314,0.9197845458984375,622037.4238178635,4596804.417250438,False,COMPACT_OTHER_FP
134,111.25,27,22,1.2272727272727273,0.5748706099833665,1.222128849147158,0.7491582491582491,0.5397111177444458,0.2556564211845398,0.74664306640625,623856.3561797753,4596793.7808988765,False,ROAD_LIKE_COMPACT
135,264.0,37,36,1.0277777777777777,0.5275755372855367,1.177151779889102,0.7927927927927928,0.3465965986251831,0.13344059884548187,0.902862548828125,623769.0681818182,4596779.558238637,False,COMPACT_OTHER_FP
136,120.25,25,25,1.0,0.2855728170105713,1.043452476942524,0.7696,0.3408142030239105,0.11362306773662567,0.6792068481445312,623685.5966735967,4596780.528066528,False,COMPACT_OTHER_FP
137,18.0,13,7,1.8571428571428572,0.8254666008360705,1.771633079848226,0.7912087912087912,0.48191097378730774,0.29278820753097534,0.5475082397460938,620723.5138888889,4596763.916666667,False,ROAD_LIKE_COMPACT
138,226.5,34,34,1.0,0.19948243864963147,1.0205108375849723,0.7837370242214533,0.2653566300868988,0.126533642411232,0.86846923828125,619683.4713024283,4596751.735099338,False,COMPACT_OTHER_FP
139,193.25,31,31,1.0,0.4636475760147649,1.1286430646085324,0.8043704474505723,0.6062653660774231,0.2326577603816986,0.821502685546875,623985.9430789134,4596752.531047866,False,ROAD_LIKE_COMPACT
140,200.25,31,33,1.064516129032258,0.6575018162896454,1.3272228716111787,0.782991202346041,0.2597317397594452,0.12687771022319794,0.80072021484375,619550.5224719101,4596745.050561798,False,COMPACT_OTHER_FP
141,191.25,31,33,1.064516129032258,0.6368588706977847,1.2970498324333717,0.7478005865102639,0.44547712802886963,0.21975626051425934,0.812469482421875,622171.6209150327,4596731.87254902,False,COMPACT_OTHER_FP
142,236.75,32,35,1.09375,0.3722423892848776,1.077428827523747,0.8455357142857143,0.5159736275672913,0.1774764060974121,0.8411026000976562,623439.4656810982,4596727.409714889,False,ROAD_LIKE_COMPACT
143,234.0,40,29,1.3793103448275863,0.651780028105674,1.3185513768811918,0.8068965517241379,0.49519601464271545,0.20518366992473602,0.8057937622070312,623327.8338675214,4596722.599358974,False,COMPACT_OTHER_FP
144,223.0,34,34,1.0,0.31379126807864827,1.0531947714940553,0.7716262975778547,0.41532230377197266,0.1955343782901764,0.8480300903320312,622312.7735426009,4596723.47926009,False,COMPACT_OTHER_FP
145,118.5,27,27,1.0,0.3558690431933509,1.0700499265546515,0.6502057613168725,0.4312698245048523,0.15992936491966248,0.675201416015625,622450.3639240506,4596718.523206751,False,COMPACT_OTHER_FP
146,193.5,39,33,1.1818181818181819,0.8378622032900277,1.8318984419625182,0.6013986013986014,0.3458845913410187,0.09756235778331757,0.7080078125,622679.4218346253,4596715.328165375,False,COMPACT_OTHER_FP
147,102.5,25,22,1.1363636363636365,0.663479561181589,1.3365510214285616,0.7454545454545455,0.3079560101032257,0.1137622520327568,0.6377105712890625,623205.5646341463,4596717.609756097,False,COMPACT_OTHER_FP
148,82.0,26,18,1.4444444444444444,0.7329442994222813,1.4699642465617546,0.7008547008547008,0.3296104073524475,0.15301336348056793,0.6019287109375,622559.4908536585,4596715.7042682925,False,COMPACT_OTHER_FP
149,212.5,34,37,1.088235294117647,0.7117488514931922,1.4236212246511093,0.6756756756756757,0.47041428089141846,0.16092261672019958,0.68914794921875,622835.065882353,4596713.714705883,False,COMPACT_OTHER_FP
150,12.75,16,7,2.2857142857142856,0.9393918576565433,2.916766944746424,0.45535714285714285,0.333324670791626,0.21494203805923462,0.5259246826171875,622565.431372549,4596718.431372549,False,COMPACT_OTHER_FP
151,133.5,30,26,1.1538461538461537,0.578694829839412,1.2261751555120197,0.6846153846153846,0.23387476801872253,0.12496285140514374,0.786956787109375,623085.5917602996,4596711.275280898,False,COMPACT_OTHER_FP
152,189.5,33,30,1.1,0.338330315838866,1.0626682954768252,0.7656565656565657,0.3255876898765564,0.1875404566526413,0.8017425537109375,622050.8067282322,4596708.0098944595,False,COMPACT_OTHER_FP
154,14.0,14,12,1.1666666666666667,0.941240963267167,2.9608945643075195,0.3333333333333333,0.26062461733818054,0.2115750014781952,0.5177764892578125,621072.7410714285,4596693.258928572,False,COMPACT_OTHER_FP
155,225.0,34,33,1.0303030303030303,0.3724113057386734,1.077507497613627,0.8021390374331551,0.3827757239341736,0.2051076889038086,0.8365478515625,621172.2427777778,4596680.294444445,False,COMPACT_OTHER_FP
156,233.5,33,35,1.0606060606060606,0.5592000461716133,1.206224958342732,0.8086580086580086,0.5140953660011292,0.14921046793460846,0.848114013671875,623985.6563169165,4596663.501605996,False,ROAD_LIKE_COMPACT
157,168.0,30,28,1.0714285714285714,0.3257093058415835,1.0576750618490578,0.8,0.38913536071777344,0.15310902893543243,0.7217559814453125,623740.9285714285,4596658.991815476,False,COMPACT_OTHER_FP
158,251.0,38,34,1.1176470588235294,0.4763464951439044,1.137323057743566,0.7770897832817337,0.5061184167861938,0.1800038367509842,0.86474609375,623876.7061752988,4596654.365537848,False,ROAD_LIKE_COMPACT
159,224.75,34,32,1.0625,0.31264198865987125,1.052774493641687,0.8262867647058824,0.47557488083839417,0.12129008769989014,0.864410400390625,619666.1601779755,4596652.767519466,False,COMPACT_OTHER_FP
160,177.5,33,28,1.1785714285714286,0.568800787415441,1.215841942786778,0.7683982683982684,0.4858362674713135,0.16795173287391663,0.8300933837890625,619559.2190140845,4596619.063380281,False,COMPACT_OTHER_FP
161,251.0,35,36,1.0285714285714285,0.2219133508532886,1.0255711922367894,0.7968253968253968,0.5904250144958496,0.20968593657016754,0.91156005859375,622828.2604581673,4596608.2644422315,False,ROAD_LIKE_COMPACT
162,160.25,31,27,1.1481481481481481,0.5717366731105652,1.2188623537921623,0.7658303464755077,0.5458441972732544,0.3200770318508148,0.7255859375,622324.5171606864,4596607.563962558,False,ROAD_LIKE_COMPACT
163,181.0,31,30,1.0333333333333334,0.4464355683233614,1.1175484612067224,0.7784946236559139,0.5801076889038086,0.21881267428398132,0.7700042724609375,622450.8860497237,4596606.424033149,False,ROAD_LIKE_COMPACT
164,202.75,32,34,1.0625,0.666869461586187,1.3419674489455298,0.7454044117647058,0.5484316945075989,0.15705186128616333,0.785858154296875,622554.7281134402,4596591.162145499,False,ROAD_LIKE_COMPACT
165,206.75,38,30,1.2666666666666666,0.5079638101419076,1.1609299545847296,0.7254385964912281,0.37929219007492065,0.17934077978134155,0.8345947265625,622700.5030229746,4596588.8440145105,False,COMPACT_OTHER_FP
166,233.5,33,36,1.0909090909090908,0.46607840784601795,1.1302711931488916,0.7861952861952862,0.5241663455963135,0.16261965036392212,0.865234375,623458.9919700214,4596589.062098501,False,ROAD_LIKE_COMPACT
167,181.75,32,30,1.0666666666666667,0.4545636707188181,1.1226945159036972,0.7572916666666667,0.298862099647522,0.15253059566020966,0.74066162109375,622963.8204951857,4596584.748968363,False,COMPACT_OTHER_FP
168,168.5,35,29,1.206896551724138,0.4644126733373597,1.1291538370354186,0.6640394088669951,0.4424859285354614,0.2016337662935257,0.782806396484375,619821.7796735906,4596580.116468843,False,COMPACT_OTHER_FP
169,67.0,17,23,1.3529411764705883,0.802338294198636,1.6754079635489716,0.6854219948849105,0.5090275406837463,0.31877031922340393,0.588775634765625,622210.1697761194,4596583.110074627,False,ROAD_LIKE_COMPACT
170,35.75,23,14,1.6428571428571428,0.9452686149210318,3.064728384053168,0.4440993788819876,0.28135624527931213,0.14698009192943573,0.5657196044921875,621018.951048951,4596577.608391608,False,ELONGATED_OTHER
171,192.25,32,30,1.0666666666666667,0.40618716803816646,1.094343456954777,0.8010416666666667,0.3849121630191803,0.17680440843105316,0.725677490234375,622050.7093628088,4596572.536410923,False,COMPACT_OTHER_FP
172,84.0,23,18,1.2777777777777777,0.5546488051651159,1.2018009428156613,0.8115942028985508,0.18206168711185455,0.11147966980934143,0.672271728515625,620647.7633928572,4596572.537202381,False,COMPACT_OTHER_FP
173,13.5,16,5,3.2,0.9664537026520195,3.8934611084086272,0.675,0.23379382491111755,0.1271822601556778,0.5520706176757812,623756.6851851852,4596569.537037037,False,ELONGATED_OTHER
174,7.5,6,7,1.1666666666666667,0.6854303308073505,1.373365630339181,0.7142857142857143,0.40421342849731445,0.31472548842430115,0.51849365234375,621478.8833333333,4596555.133333334,False,ROAD_LIKE_COMPACT
175,10.75,6,14,2.3333333333333335,0.9496574394346933,3.191928788732197,0.5119047619047619,0.4025682508945465,0.29962587356567383,0.513092041015625,619846.2558139535,4596552.290697674,False,LIKELY_ROAD_FP
176,66.75,18,23,1.2777777777777777,0.8131491682485695,1.7180496673100136,0.644927536231884,0.5254905819892883,0.28051403164863586,0.596771240234375,621474.872659176,4596548.310861424,False,ROAD_LIKE_COMPACT
177,236.5,35,35,1.0,0.24468916073281372,1.0313514597986162,0.7722448979591837,0.39663413166999817,0.19413252174854279,0.8974761962890625,620863.509513742,4596540.447674419,False,COMPACT_OTHER_FP
178,209.25,32,33,1.03125,0.22020284206410135,1.0251635584370689,0.7926136363636364,0.38521504402160645,0.17665459215641022,0.8204193115234375,623876.329749104,4596531.364396655,False,COMPACT_OTHER_FP
179,80.75,26,20,1.3,0.8009707002135699,1.6702757228001863,0.6211538461538462,0.24006213247776031,0.13330040872097015,0.5759983062744141,623993.3003095975,4596521.992260062,False,COMPACT_OTHER_FP
180,182.5,34,28,1.2142857142857142,0.5256483896300376,1.1754998630708449,0.7668067226890757,0.4350612759590149,0.19275198876857758,0.78753662109375,619534.5417808219,4596503.698630137,False,COMPACT_OTHER_FP
182,163.25,30,27,1.1111111111111112,0.39869407223602793,1.0904126728093375,0.8061728395061728,0.3312807083129883,0.13255009055137634,0.6693496704101562,623552.7358346095,4596493.114088821,False,COMPACT_OTHER_FP
183,208.75,39,25,1.56,0.7731445042946502,1.576715301950627,0.8564102564102564,0.5613951683044434,0.2156679779291153,0.754547119140625,619671.3808383234,4596479.989221557,False,ROAD_LIKE_COMPACT
184,179.75,33,29,1.1379310344827587,0.5168448953231484,1.168116414277077,0.7513061650992685,0.6105115413665771,0.30952465534210205,0.834259033203125,622319.7892906815,4596473.409596662,False,ROAD_LIKE_COMPACT
185,212.75,35,31,1.1290322580645162,0.5782545557754968,1.2257058932407314,0.784331797235023,0.5319388508796692,0.18455682694911957,0.8486328125,623332.2285546416,4596472.403055229,False,ROAD_LIKE_COMPACT
186,281.5,37,39,1.054054054054054,0.530245688882692,1.1794622094526295,0.7803187803187803,0.3536496162414551,0.15494738519191742,0.895416259765625,622988.013321492,4596470.635879219,False,COMPACT_OTHER_FP
187,42.25,14,19,1.3571428571428572,0.7372911503894485,1.4802202627019618,0.6353383458646616,0.3919984698295593,0.19368021190166473,0.5818862915039062,622206.1449704142,4596471.168639054,False,COMPACT_OTHER_FP
188,186.75,33,29,1.1379310344827587,0.48372523735393574,1.1425699827408773,0.780564263322884,0.3958054184913635,0.13309882581233978,0.810150146484375,622834.0080321286,4596459.457161982,False,COMPACT_OTHER_FP
189,221.75,35,34,1.0294117647058822,0.36238692380748444,1.0729294330159118,0.7453781512605042,0.31857386231422424,0.20257730782032013,0.89190673828125,622581.0326944757,4596443.636414882,False,COMPACT_OTHER_FP
191,8.5,9,5,1.8,0.8756134819863945,2.0703399941534295,0.7555555555555555,0.18717889487743378,0.14528526365756989,0.515655517578125,623072.5882352941,4596446.338235294,False,COMPACT_OTHER_FP
194,122.5,29,25,1.16,0.3598559326108691,1.0718023066634894,0.6758620689655173,0.38194704055786133,0.19040720164775848,0.6189651489257812,619846.2489795919,4596434.073469387,False,COMPACT_OTHER_FP
196,124.75,25,27,1.08,0.42979555467528263,1.1075101864373293,0.7392592592592593,0.49112439155578613,0.2410559207201004,0.62640380859375,620867.3186372746,4596417.401803607,False,COMPACT_OTHER_FP
197,123.25,26,26,1.0,0.5464264936648,1.1940197755738864,0.7292899408284024,0.38940954208374023,0.1354108601808548,0.7122344970703125,619909.7596348884,4596400.861054767,False,COMPACT_OTHER_FP
199,251.0,32,41,1.28125,0.7163609964034221,1.4332194922011403,0.7652439024390244,0.5447145700454712,0.226217582821846,0.839874267578125,619698.3072709163,4596391.689741036,False,ROAD_LIKE_COMPACT
200,53.25,16,19,1.1875,0.6951778518890573,1.3911344500030627,0.7006578947368421,0.23899394273757935,0.12074059247970581,0.5597381591796875,621127.3051643192,4596396.295774648,False,COMPACT_OTHER_FP
201,179.5,32,28,1.1428571428571428,0.5611608338755708,1.2081573095832425,0.8013392857142857,0.23563788831233978,0.12763945758342743,0.8038482666015625,623889.6364902507,4596388.918523677,False,COMPACT_OTHER_FP
202,195.25,35,30,1.1666666666666667,0.5818119153337248,1.2295232667569693,0.7438095238095238,0.4235176146030426,0.14003077149391174,0.803741455078125,623782.5620998719,4596379.7778489115,False,COMPACT_OTHER_FP
203,207.5,33,31,1.064516129032258,0.32416956756111165,1.0570835796207216,0.8113391984359726,0.533035397529602,0.1396961212158203,0.858367919921875,623064.0222891567,4596356.761445783,False,ROAD_LIKE_COMPACT
204,6.5,3,12,4.0,0.9701880276233921,4.126205058139768,0.7222222222222222,0.10235416144132614,0.07707930356264114,0.5414505004882812,622775.75,4596348.846153846,False,ELONGATED_OTHER
205,30.0,14,15,1.0714285714285714,0.8128129336705869,1.7166651298451785,0.5714285714285714,0.32938024401664734,0.18064801394939423,0.5767440795898438,622777.7583333333,4596344.9625,False,COMPACT_OTHER_FP
206,14.5,12,9,1.3333333333333333,0.9096845995093096,2.4078990260831103,0.5370370370370371,0.32568174600601196,0.17348332703113556,0.5204696655273438,620645.9396551724,4596343.00862069,False,COMPACT_OTHER_FP
207,167.5,33,27,1.2222222222222223,0.5070898880420825,1.1602365917043824,0.7519640852974186,0.6364915370941162,0.31136348843574524,0.7622299194335938,622195.5701492537,4596337.59402985,False,ROAD_LIKE_COMPACT
208,67.5,23,22,1.0454545454545454,0.32962970969336386,1.0591982761843661,0.5335968379446641,0.3780600130558014,0.17015132308006287,0.5738010406494141,622585.7555555556,4596338.375925926,False,COMPACT_OTHER_FP
209,122.25,23,26,1.1304347826086956,0.4802050448907371,1.1400477187938227,0.8177257525083612,0.3044068217277527,0.1321929395198822,0.6873703002929688,619842.7617586912,4596337.485685072,False,COMPACT_OTHER_FP
210,204.0,34,30,1.1333333333333333,0.4822026128768058,1.1414746877713282,0.8,0.4894891381263733,0.19128556549549103,0.839752197265625,622838.9834558824,4596331.681372549,False,COMPACT_OTHER_FP
211,204.5,35,30,1.1666666666666667,0.5652880791082636,1.2122776159366617,0.7790476190476191,0.5076135396957397,0.20725227892398834,0.8899993896484375,622949.4095354524,4596331.652200489,False,ROAD_LIKE_COMPACT
213,191.5,32,29,1.103448275862069,0.4985304420856544,1.1535725895112152,0.8254310344827587,0.37071725726127625,0.2026163637638092,0.8033294677734375,622705.8270234987,4596327.210182767,False,COMPACT_OTHER_FP
214,91.75,22,24,1.0909090909090908,0.5607717274203795,1.207772568858988,0.6950757575757576,0.43829017877578735,0.23125284910202026,0.6086139678955078,620965.825613079,4596323.529972752,False,COMPACT_OTHER_FP
215,154.25,25,31,1.24,0.6562010406805134,1.325229804197814,0.7961290322580645,0.3143135607242584,0.175977885723114,0.763824462890625,620896.3200972447,4596311.422204214,False,COMPACT_OTHER_FP
216,91.25,23,23,1.0,0.35187646566397085,1.0683230539258863,0.6899810964083176,0.46200284361839294,0.1431175321340561,0.5935516357421875,621536.1671232877,4596306.690410959,False,COMPACT_OTHER_FP
217,181.25,32,26,1.2307692307692308,0.5693087344823266,1.2163617979330668,0.8713942307692307,0.4866974651813507,0.1505126804113388,0.79443359375,619825.8744827586,4596295.914482758,False,COMPACT_OTHER_FP
218,64.5,23,17,1.3529411764705883,0.7778832800168531,1.591320843752637,0.659846547314578,0.36778104305267334,0.19499239325523376,0.6101226806640625,620718.3779069767,4596296.713178295,True,TRUE_PIT_LABELED
219,10.0,11,5,2.2,0.8812403212420441,2.115647716830007,0.7272727272727273,0.37467628717422485,0.27964872121810913,0.5318832397460938,620712.025,4596297.6125,True,TRUE_PIT_LABELED
220,256.25,38,35,1.0857142857142856,0.5250469041599594,1.174986936315836,0.7706766917293233,0.3911151885986328,0.16185760498046875,0.8614501953125,619675.7897560976,4596278.824390244,False,COMPACT_OTHER_FP
221,108.5,27,25,1.08,0.7111986902604498,1.4224932071764955,0.642962962962963,0.528325080871582,0.31704404950141907,0.6405792236328125,623536.6359447005,4596259.602534562,False,ROAD_LIKE_COMPACT
222,9.5,11,5,2.2,0.9307944502366352,2.735656203112312,0.6909090909090909,0.24148939549922943,0.14648742973804474,0.5080108642578125,622046.552631579,4596261.947368421,False,COMPACT_OTHER_FP
223,7.25,5,8,1.6,0.758133628403293,1.5335089492982705,0.725,0.235723614692688,0.16076627373695374,0.5215377807617188,619554.724137931,4596260.051724138,False,COMPACT_OTHER_FP
224,151.5,36,34,1.0588235294117647,0.41714764023282463,1.1003052153062838,0.4950980392156863,0.3219394385814667,0.15742968022823334,0.74371337890625,621113.9562706271,4596252.761551155,False,COMPACT_OTHER_FP
225,13.5,5,13,2.6,0.9151336769746253,2.4804630405805064,0.8307692307692308,0.1504652053117752,0.0939418375492096,0.5330352783203125,619559.6018518518,4596253.407407408,False,COMPACT_OTHER_FP
226,195.75,31,31,1.0,0.2821075962857419,1.0423368322763966,0.8147762747138397,0.40227484703063965,0.15312089025974274,0.832763671875,623916.9163473819,4596244.755427842,False,COMPACT_OTHER_FP
227,163.0,29,37,1.2758620689655173,0.6161234561077766,1.269600091804831,0.6076421248835042,0.23551438748836517,0.143014058470726,0.6329421997070312,623119.5414110429,4596245.494631901,False,COMPACT_OTHER_FP
228,27.25,12,13,1.0833333333333333,0.6374024482965529,1.2978062120253286,0.6987179487179487,0.3232852816581726,0.1880788952112198,0.45548439025878906,621115.1513761468,4596248.532110091,False,COMPACT_OTHER_FP
229,258.0,37,35,1.0571428571428572,0.47384651794539956,1.1355797663286562,0.7969111969111969,0.4545316696166992,0.1854226440191269,0.901123046875,623780.773255814,4596235.73498062,False,COMPACT_OTHER_FP
230,61.75,15,20,1.3333333333333333,0.6768294649451084,1.3584375348174218,0.8233333333333334,0.2220245599746704,0.13264183700084686,0.5588741302490234,619601.9210526316,4596224.467611336,False,COMPACT_OTHER_FP
232,9.25,7,8,1.1428571428571428,0.7511871516679276,1.5149465744633739,0.6607142857142857,0.23725798726081848,0.1388159543275833,0.5062103271484375,623376.8243243244,4596223.554054054,False,COMPACT_OTHER_FP
233,195.25,31,33,1.064516129032258,0.43772699950247407,1.1122135219663543,0.7634408602150538,0.3849988281726837,0.18178418278694153,0.8206787109375,622083.6658130601,4596217.013444303,False,COMPACT_OTHER_FP
234,213.25,37,31,1.1935483870967742,0.541059374087053,1.1890827049617063,0.7436791630340017,0.4356299638748169,0.13248653709888458,0.860198974609375,623627.6459554513,4596208.390973036,False,COMPACT_OTHER_FP
235,41.5,22,12,1.8333333333333333,0.9009776861660627,2.3048621462136056,0.6287878787878788,0.3661080002784729,0.1700231432914734,0.589599609375,622445.8704819278,4596206.472891566,False,COMPACT_OTHER_FP
236,18.5,18,8,2.25,0.9575880466221356,3.470525262908051,0.5138888888888888,0.1809011697769165,0.12483833730220795,0.5380706787109375,622438.0810810811,4596207.358108108,False,ELONGATED_OTHER
237,10.5,11,5,2.2,0.9050002149091725,2.350667344198326,0.7636363636363637,0.19064868986606598,0.13832327723503113,0.47806549072265625,622441.9523809524,4596206.976190476,False,COMPACT_OTHER_FP
238,114.5,26,25,1.04,0.5711302003759829,1.218235298728148,0.7046153846153846,0.4161439836025238,0.18662038445472717,0.6396484375,622557.6528384279,4596202.963973799,False,COMPACT_OTHER_FP
239,67.5,23,20,1.15,0.48002429163179505,1.139919152616566,0.5869565217391305,0.3534281849861145,0.15789808332920074,0.5306396484375,622826.1925925926,4596203.2907407405,False,COMPACT_OTHER_FP
240,218.0,36,31,1.1612903225806452,0.4645952302077124,1.129275937517273,0.7813620071684588,0.4284791946411133,0.21165339648723602,0.821502685546875,622300.1840596331,4596197.674885321,False,COMPACT_OTHER_FP
241,214.75,34,34,1.0,0.36329332111623597,1.0733358708316811,0.7430795847750865,0.4579823613166809,0.24760964512825012,0.915740966796875,620880.3230500582,4596195.668800931,True,TRUE_PIT_LABELED
242,28.0,12,17,1.4166666666666667,0.7692896237938099,1.5651896630741173,0.5490196078431373,0.2731000781059265,0.13217970728874207,0.5502052307128906,623654.4241071428,4596196.65625,False,COMPACT_OTHER_FP
243,161.25,29,28,1.0357142857142858,0.31918474263928165,1.0551945760867618,0.7943349753694581,0.41584742069244385,0.1360713094472885,0.751068115234375,620732.4209302325,4596181.2139534885,False,COMPACT_OTHER_FP
244,74.0,17,23,1.3529411764705883,0.6995356652113148,1.3993888020295528,0.7570332480818415,0.30161911249160767,0.13143743574619293,0.5914764404296875,622713.4543918918,4596180.418918919,False,COMPACT_OTHER_FP
245,72.75,24,15,1.6,0.7661479910309618,1.5560226039338387,0.8083333333333333,0.2592626214027405,0.13290174305438995,0.649993896484375,622952.5481099656,4596165.709621993,False,COMPACT_OTHER_FP
246,15.75,14,7,2.0,0.8962643314343357,2.2546882772477423,0.6428571428571429,0.19551727175712585,0.1255185455083847,0.5223846435546875,620018.746031746,4596166.365079365,False,COMPACT_OTHER_FP
247,125.25,26,28,1.0769230769230769,0.35576972289765524,1.0700066299967175,0.6881868131868132,0.382629930973053,0.19872479140758514,0.6166458129882812,620294.9411177645,4596151.434131737,False,COMPACT_OTHER_FP
248,250.25,34,38,1.1176470588235294,0.43555954086212906,1.1109137108043299,0.7747678018575851,0.4466758370399475,0.12976612150669098,0.8627471923828125,623901.4155844155,4596148.953046953,False,COMPACT_OTHER_FP
249,68.0,23,19,1.2105263157894737,0.6673281043088238,1.3427074796228615,0.6224256292906178,0.28372830152511597,0.15060433745384216,0.5838851928710938,620546.1121323529,4596139.939338235,False,COMPACT_OTHER_FP
250,204.5,35,30,1.1666666666666667,0.6078768655550901,1.259396186676254,0.7790476190476191,0.4768627882003784,0.18707498908042908,0.721527099609375,619833.890586797,4596135.551344743,False,COMPACT_OTHER_FP
251,12.75,8,12,1.5,0.9309496676037493,2.7386191234469264,0.53125,0.15661659836769104,0.12856808304786682,0.5160484313964844,619560.4019607843,4596130.431372549,False,COMPACT_OTHER_FP
252,165.25,28,31,1.1071428571428572,0.407473945340801,1.0950301877797242,0.761520737327189,0.37696200609207153,0.12126361578702927,0.793609619140625,623776.4470499244,4596124.730711044,False,COMPACT_OTHER_FP
253,115.5,25,26,1.04,0.4386157444068403,1.1127496883591563,0.7107692307692308,0.3437821865081787,0.14196300506591797,0.69512939453125,619647.2846320346,4596119.775974026,False,COMPACT_OTHER_FP
254,180.5,32,29,1.103448275862069,0.4673589495507263,1.1311351551001123,0.7780172413793104,0.32944563031196594,0.14710168540477753,0.804779052734375,623620.6592797784,4596113.684903047,False,COMPACT_OTHER_FP
255,201.5,35,30,1.1666666666666667,0.5597685482210063,1.2067835654680505,0.7676190476190476,0.44051438570022583,0.19870875775814056,0.83123779296875,623226.0179900745,4596100.1091811415,False,COMPACT_OTHER_FP
256,147.0,31,25,1.24,0.5633507498846073,1.2103345409894535,0.7587096774193548,0.35616669058799744,0.1853550523519516,0.738189697265625,623474.1989795918,4596099.131802721,False,COMPACT_OTHER_FP
257,183.0,32,35,1.09375,0.7922945206130384,1.6389712469468374,0.6535714285714286,0.45498672127723694,0.14131246507167816,0.674102783203125,622831.9296448088,4596089.582650273,False,COMPACT_OTHER_FP
258,360.0,50,34,1.4705882352941178,0.7241649362919872,1.4500596222704483,0.8470588235294118,0.29543501138687134,0.12821537256240845,0.8700714111328125,623346.7263888889,4596079.195486112,False,COMPACT_OTHER_FP
259,125.5,30,27,1.1111111111111112,0.7464457113695022,1.5027508236071072,0.6197530864197531,0.4483810067176819,0.2659119665622711,0.703155517578125,622455.7739043825,4596082.084661354,False,ROAD_LIKE_COMPACT
260,200.75,36,29,1.2413793103448276,0.6206438875201111,1.275359610497568,0.7691570881226054,0.3733045160770416,0.16868847608566284,0.885894775390625,622703.7434620174,4596075.735367373,False,COMPACT_OTHER_FP
261,200.75,33,31,1.064516129032258,0.4473481792672987,1.1181181257577506,0.7849462365591398,0.5761246681213379,0.18668442964553833,0.7923583984375,620732.3119551681,4596071.989414695,True,TRUE_PIT_LABELED
262,249.25,34,39,1.1470588235294117,0.4783721723160787,1.1387482811138172,0.7518853695324283,0.41388511657714844,0.19314724206924438,0.808197021484375,622962.8756268807,4596071.520060181,False,COMPACT_OTHER_FP
263,130.25,24,26,1.0833333333333333,0.5197536158120178,1.1705267834683188,0.8349358974358975,0.5567491054534912,0.22594186663627625,0.6922149658203125,623071.3243761996,4596071.203454894,False,ROAD_LIKE_COMPACT
264,177.5,33,30,1.1,0.49523281516962697,1.1510654895843655,0.7171717171717171,0.36237668991088867,0.17492978274822235,0.8382415771484375,620878.6746478874,4596058.2,True,TRUE_PIT_LABELED
265,176.25,29,29,1.0,0.3082456270877017,1.051185586895415,0.8382877526753865,0.4247247874736786,0.19352802634239197,0.762664794921875,620616.919858156,4596049.665248227,True,TRUE_PIT_LABELED
266,190.0,31,31,1.0,0.36712739373088565,1.0750715233425487,0.7908428720083247,0.25864601135253906,0.1461976319551468,0.802459716796875,620489.309868421,4596040.551973684,True,TRUE_PIT_LABELED
267,149.0,31,31,1.0,0.7074535669717436,1.4149078149069028,0.6201873048907388,0.48861947655677795,0.26222801208496094,0.66961669921875,622634.3708053691,4596030.1644295305,False,ROAD_LIKE_COMPACT
268,181.0,27,31,1.1481481481481481,0.5215240583153191,1.172007889455708,0.8649940262843488,0.5559475421905518,0.18673208355903625,0.7997283935546875,623914.9164364641,4596021.773480663,False,ROAD_LIKE_COMPACT
269,27.75,17,9,1.8888888888888888,0.8660525960844364,2.0001884233625464,0.7254901960784313,0.422028124332428,0.3140338957309723,0.5636138916015625,619549.3783783783,4596002.536036036,False,ROAD_LIKE_COMPACT
271,27.5,20,8,2.5,0.9465257127360259,3.0995412832444007,0.6875,0.44390174746513367,0.261126846075058,0.5535774230957031,619556.9545454546,4596000.413636364,False,LIKELY_ROAD_FP
272,8.5,10,4,2.5,0.9157486401076624,2.489099612935746,0.85,0.4717099368572235,0.39165329933166504,0.4649925231933594,619553.2058823529,4596000.25,False,ROAD_LIKE_COMPACT
273,283.25,43,35,1.2285714285714286,0.6909782961943873,1.3833640710708814,0.7528239202657807,0.48326849937438965,0.17970293760299683,0.89703369140625,623647.7921447485,4595992.127978818,False,COMPACT_OTHER_FP
275,216.75,31,35,1.1290322580645162,0.5635813340024629,1.2105649701469008,0.7990783410138249,0.6740504503250122,0.228260338306427,0.897186279296875,623789.6389850058,4595978.615916955,False,ROAD_LIKE_COMPACT
276,97.25,20,24,1.2,0.5121456943607828,1.1642818043349221,0.8104166666666667,0.15071502327919006,0.09362621605396271,0.619842529296875,619834.9665809768,4595976.951156813,False,COMPACT_OTHER_FP
277,118.75,24,31,1.2916666666666667,0.7883938643737249,1.6255647993866504,0.6384408602150538,0.2554365396499634,0.11701451241970062,0.71160888671875,619668.0336842105,4595966.848421053,False,COMPACT_OTHER_FP
278,208.0,33,32,1.03125,0.34511282138257177,1.0654606133755073,0.7878787878787878,0.48694145679473877,0.1790034919977188,0.793426513671875,622694.2271634615,4595961.059495192,False,COMPACT_OTHER_FP
279,233.75,36,35,1.0285714285714285,0.3598367338778036,1.0717938006014858,0.7420634920634921,0.4282642602920532,0.21058382093906403,0.858978271484375,622572.5390374331,4595956.167914438,False,COMPACT_OTHER_FP
280,263.25,38,35,1.0857142857142856,0.3261451925661231,1.0578431955041216,0.7917293233082707,0.4869208335876465,0.19651445746421814,0.919219970703125,622947.2307692308,4595954.82668566,False,COMPACT_OTHER_FP
281,233.25,39,32,1.21875,0.5138020439195831,1.1656251032693752,0.7475961538461539,0.35076966881752014,0.1895267814397812,0.89874267578125,620875.2931404073,4595951.331189711,True,TRUE_PIT_LABELED
282,126.75,26,25,1.04,0.33724660142972746,1.0622292761584737,0.78,0.345156192779541,0.12415056675672531,0.6278724670410156,622817.9704142011,4595938.906311637,False,COMPACT_OTHER_FP
283,26.0,19,8,2.375,0.9509549879139723,3.2328008548964537,0.6842105263157895,0.20084893703460693,0.14537538588047028,0.580780029296875,619917.2163461539,4595937.591346154,False,ELONGATED_OTHER
285,5.25,7,6,1.1666666666666667,0.8283006854972971,1.7848096619856033,0.5,0.1635708510875702,0.12236557900905609,0.4800586700439453,623081.5238095238,4595936.142857143,False,COMPACT_OTHER_FP
286,93.75,26,28,1.0769230769230769,0.7904316252287396,1.6325190473942375,0.5151098901098901,0.22657310962677002,0.14679266512393951,0.746856689453125,623081.0373333333,4595929.946666666,False,COMPACT_OTHER_FP
289,34.5,11,20,1.8181818181818181,0.8524083703892397,1.912497026690211,0.6272727272727273,0.19261528551578522,0.1223127543926239,0.5307159423828125,622458.9094202898,4595930.079710145,False,COMPACT_OTHER_FP
290,255.5,32,38,1.1875,0.522258033811953,1.1726250468610926,0.8404605263157895,0.2031836211681366,0.08417534828186035,0.857086181640625,623932.3390410959,4595924.720156556,False,COMPACT_OTHER_FP
291,104.75,23,23,1.0,0.37330101822212863,1.0779227411717367,0.7920604914933838,0.46283721923828125,0.16616225242614746,0.587677001953125,620732.6742243437,4595925.998806682,False,COMPACT_OTHER_FP
292,373.0,47,41,1.146341463414634,0.6103917725776731,1.262467389470922,0.7742605085625325,0.45423004031181335,0.17806057631969452,0.91796875,622173.3046246648,4595917.8803619305,True,TRUE_PIT_LABELED
294,197.25,31,31,1.0,0.44768860212986034,1.1183311439848147,0.8210197710718002,0.49884331226348877,0.212518572807312,0.813873291015625,622026.4372623574,4595900.736375159,True,TRUE_PIT_LABELED
295,27.5,21,8,2.625,0.9509898141494584,3.233920387778186,0.6547619047619048,0.10375761985778809,0.054205089807510376,0.5248336791992188,622199.9636363636,4595898.0636363635,False,ELONGATED_OTHER
296,19.5,13,8,1.625,0.8020749345818714,1.67441527952676,0.75,0.17421090602874756,0.10262037813663483,0.4713015556335449,622203.2692307692,4595897.538461538,False,COMPACT_OTHER_FP
298,313.5,58,30,1.9333333333333333,0.858839723730884,1.952193119378347,0.7206896551724138,0.3504270911216736,0.17306402325630188,0.69830322265625,623342.1802232855,4595879.831339713,False,COMPACT_OTHER_FP
299,263.75,39,35,1.1142857142857143,0.7137911296718434,1.4278398870732407,0.7728937728937729,0.5467683672904968,0.17907081544399261,0.870758056640625,623797.1255924171,4595877.664454976,False,ROAD_LIKE_COMPACT
300,186.75,34,30,1.1333333333333333,0.46400467812609714,1.128881271845774,0.7323529411764705,0.48883241415023804,0.20891231298446655,0.8209075927734375,621712.0287817939,4595873.551539491,True,TRUE_PIT_LABELED
301,329.75,44,42,1.0476190476190477,0.6097038547834323,1.2616238110480282,0.7137445887445888,0.5293163061141968,0.30293822288513184,0.837493896484375,619565.787338893,4595868.633813495,False,ROAD_LIKE_COMPACT
302,239.75,37,34,1.088235294117647,0.48853589604022646,1.1460742750634982,0.7623211446740858,0.5861666202545166,0.22241626679897308,0.8783111572265625,621437.6480709072,4595862.769030239,True,TRUE_PIT_LABELED
303,251.75,38,34,1.1176470588235294,0.431353066620611,1.1084223210848019,0.7794117647058824,0.5707376003265381,0.1751500517129898,0.86456298828125,623653.6976166832,4595859.493545184,False,ROAD_LIKE_COMPACT
304,112.75,25,23,1.0869565217391304,0.48270791887936787,1.1418374460672025,0.7843478260869565,0.5302236676216125,0.17690305411815643,0.6582145690917969,623062.6463414634,4595848.48669623,False,ROAD_LIKE_COMPACT
305,67.25,19,20,1.0526315789473684,0.6470988575010093,1.3116369264587562,0.7078947368421052,0.407799631357193,0.21726644039154053,0.5774879455566406,620761.843866171,4595844.535315985,True,TRUE_PIT_LABELED
306,30.75,18,12,1.5,0.9101596901545895,2.4139570654300986,0.5694444444444444,0.30389678478240967,0.2441529631614685,0.5633106231689453,619694.6788617886,4595841.296747968,False,COMPACT_OTHER_FP
307,115.75,27,28,1.037037037037037,0.7116999168196572,1.4235207478213552,0.6124338624338624,0.48828795552253723,0.23642930388450623,0.69415283203125,623206.5734341253,4595835.280777538,False,COMPACT_OTHER_FP
308,211.25,32,33,1.03125,0.31122203491745337,1.0522580528377652,0.8001893939393939,0.5110150575637817,0.19504216313362122,0.871429443359375,621182.4911242604,4595833.36331361,True,TRUE_PIT_LABELED
311,12.75,5,14,2.8,0.926680419235277,2.6606342147030344,0.7285714285714285,0.17238929867744446,0.10601457208395004,0.5716323852539062,619695.7450980392,4595835.225490196,False,COMPACT_OTHER_FP
312,140.25,22,30,1.3636363636363635,0.649762871516428,1.315552382676478,0.85,0.4929203987121582,0.1736885905265808,0.731964111328125,622340.3654188948,4595831.23885918,False,COMPACT_OTHER_FP
313,120.0,25,24,1.0416666666666667,0.2257146623939815,1.0264901627783534,0.8,0.1932615339756012,0.10243269801139832,0.6482696533203125,622437.9145833333,4595829.941666666,False,COMPACT_OTHER_FP
314,95.5,18,25,1.3888888888888888,0.7177270900865307,1.436112020589108,0.8488888888888889,0.3433988392353058,0.18818101286888123,0.6145782470703125,622972.6400523561,4595832.2486911,False,COMPACT_OTHER_FP
315,203.0,34,31,1.096774193548387,0.44500628855632113,1.1166603620946003,0.7703984819734345,0.30975404381752014,0.08202089369297028,0.78369140625,622716.2992610837,4595826.483990148,False,COMPACT_OTHER_FP
316,315.75,33,50,1.5151515151515151,0.8346650370417887,1.8156797769010458,0.7654545454545455,0.46664780378341675,0.15036310255527496,0.824676513671875,620685.1532066509,4595800.520585907,True,TRUE_PIT_LABELED
319,204.25,32,32,1.0,0.4655505694267244,1.1299163328589663,0.7978515625,0.41418784856796265,0.16010968387126923,0.855621337890625,620914.1211750306,4595798.577111383,True,TRUE_PIT_LABELED
320,220.75,36,30,1.2,0.5336216147488434,1.1824197696704644,0.8175925925925925,0.3550059199333191,0.12908382713794708,0.84619140625,623352.9207248018,4595795.001132503,False,COMPACT_OTHER_FP
321,42.75,18,16,1.125,0.8288910968283644,1.7875976432410827,0.59375,0.16416658461093903,0.10764600336551666,0.5677947998046875,621141.7807017544,4595791.187134503,False,COMPACT_OTHER_FP
322,170.0,31,32,1.032258064516129,0.5101996974714691,1.1627150287843686,0.6854838709677419,0.312442809343338,0.2041713446378708,0.731414794921875,622021.5330882353,4595776.291176471,True,TRUE_PIT_LABELED
323,48.75,15,18,1.2,0.6315210127868438,1.2897255419191673,0.7222222222222222,0.5567008852958679,0.23711751401424408,0.6488037109375,621748.5230769231,4595775.258974359,False,ROAD_LIKE_COMPACT
324,98.75,25,24,1.0416666666666667,0.7080856100344118,1.416176654983751,0.6583333333333333,0.4712890386581421,0.26313915848731995,0.6284542083740234,620194.2721518987,4595768.134177215,False,ROAD_LIKE_COMPACT
329,222.5,33,34,1.0303030303030303,0.3258520979507609,1.0577301071511278,0.7932263814616756,0.5099291801452637,0.1877276748418808,0.8515625,622131.9786516854,4595761.629213483,True,TRUE_PIT_LABELED
330,290.5,42,36,1.1666666666666667,0.5355520994405526,1.1841295522171782,0.7685185185185185,0.3679991364479065,0.1364101618528366,0.914031982421875,621308.3554216868,4595757.8063683305,True,TRUE_PIT_LABELED
331,45.25,21,17,1.2352941176470589,0.8496526547394952,1.8962999252584578,0.5070028011204482,0.15013544261455536,0.09031422436237335,0.5821151733398438,621988.2458563535,4595757.812154696,False,COMPACT_OTHER_FP
332,30.0,23,7,3.2857142857142856,0.9360528879424198,2.8420448263312936,0.7453416149068323,0.19718806445598602,0.13095542788505554,0.5997467041015625,620109.25,4595754.258333334,False,COMPACT_OTHER_FP
333,39.0,23,17,1.3529411764705883,0.8340988990767148,1.8128588493711697,0.3989769820971867,0.4532451927661896,0.25563377141952515,0.5386886596679688,620102.516025641,4595752.96474359,False,ROAD_LIKE_COMPACT
335,7.75,7,5,1.4,0.7247370338790519,1.4513249553612888,0.8857142857142857,0.4208797514438629,0.3846331238746643,0.45826148986816406,620104.5,4595754.419354838,False,ROAD_LIKE_COMPACT
336,272.5,41,49,1.1951219512195121,0.8273936071874606,1.7805554829983885,0.5425584868093579,0.3077102303504944,0.16727687418460846,0.822784423828125,621885.4013761468,4595743.937155963,True,TRUE_PIT_LABELED
337,240.75,51,33,1.5454545454545454,0.8148164959649911,1.7249737563962,0.5721925133689839,0.3692866563796997,0.18558436632156372,0.7787933349609375,619719.8971962617,4595737.043613707,False,COMPACT_OTHER_FP
338,228.5,36,32,1.125,0.5653175446091592,1.212307292744171,0.7934027777777778,0.3749420642852783,0.21865221858024597,0.84197998046875,619866.7067833698,4595742.514223195,False,COMPACT_OTHER_FP
339,158.25,32,24,1.3333333333333333,0.6461094719956513,1.3101957117417355,0.82421875,0.4425889849662781,0.28980040550231934,0.7368621826171875,623935.7922590837,4595743.713270142,False,ROAD_LIKE_COMPACT
340,152.25,30,31,1.0333333333333334,0.6373485803224289,1.2977311676937258,0.6548387096774193,0.41878658533096313,0.17769357562065125,0.71954345703125,619565.0303776683,4595739.033661741,False,COMPACT_OTHER_FP
341,154.25,34,27,1.2592592592592593,0.7002135677072013,1.400690794376708,0.6721132897603486,0.4763055741786957,0.29877570271492004,0.75677490234375,621580.5591572123,4595737.970016208,True,TRUE_PIT_LABELED
343,204.75,33,32,1.03125,0.3428641050662185,1.064526242775911,0.7755681818181818,0.31280016899108887,0.16676665842533112,0.895538330078125,621840.2039072039,4595733.932234433,True,TRUE_PIT_LABELED
344,278.25,42,33,1.2727272727272727,0.6462643760435316,1.3104208977521274,0.803030303030303,0.34875601530075073,0.13643576204776764,0.9212646484375,619684.8971248877,4595726.806828392,False,COMPACT_OTHER_FP
345,263.25,36,36,1.0,0.20102737591340408,1.020839807996182,0.8125,0.3985235095024109,0.13585947453975677,0.91339111328125,622720.1396011396,4595728.054131054,False,COMPACT_OTHER_FP
346,194.5,39,24,1.625,0.7709951971716731,1.570250762377608,0.8311965811965812,0.5329720973968506,0.29435980319976807,0.798248291015625,621073.221722365,4595726.210154242,True,TRUE_PIT_LABELED
347,141.25,34,23,1.4782608695652173,0.751938049143377,1.5169125699419244,0.7225063938618926,0.3222059905529022,0.17363956570625305,0.5764045715332031,622461.6088495575,4595727.202654867,False,COMPACT_OTHER_FP
348,144.25,28,27,1.037037037037037,0.6543434917519976,1.3224059272068476,0.7632275132275133,0.5396504402160645,0.2807435393333435,0.7216796875,620803.2530329289,4595727.6923743505,True,TRUE_PIT_LABELED
349,228.0,35,32,1.09375,0.46613155808168066,1.130306966327855,0.8142857142857143,0.5377697348594666,0.2520028054714203,0.823822021484375,623489.4353070175,4595725.536732456,False,ROAD_LIKE_COMPACT
350,170.75,29,30,1.0344827586206897,0.24006028349065647,1.0301228711839372,0.7850574712643679,0.1813356876373291,0.09096522629261017,0.76934814453125,623685.7349926793,4595722.726207906,False,COMPACT_OTHER_FP
351,164.5,30,28,1.0714285714285714,0.42254692168439356,1.103337424652139,0.7833333333333333,0.35552793741226196,0.13330194354057312,0.7572174072265625,623078.315349544,4595718.815349544,False,COMPACT_OTHER_FP
352,306.75,40,39,1.0256410256410255,0.3104431065205534,1.0519760741831738,0.7865384615384615,0.4886799156665802,0.18814748525619507,0.92529296875,623804.7506112469,4595715.329258353,False,COMPACT_OTHER_FP
353,227.5,34,35,1.0294117647058822,0.3050775644397206,1.0500589273680583,0.7647058823529411,0.39978232979774475,0.12362512946128845,0.854949951171875,620539.8615384615,4595715.587912088,True,TRUE_PIT_LABELED
354,230.75,44,32,1.375,0.5834491340642919,1.2313001170316409,0.6555397727272727,0.6491339206695557,0.3184213936328888,0.82745361328125,623303.2833152763,4595707.479414951,False,ROAD_LIKE_COMPACT
355,112.0,24,28,1.1666666666666667,0.6716753924827326,1.3498089652017347,0.6666666666666666,0.35967332124710083,0.16134074330329895,0.65435791015625,622277.2522321428,4595709.541294643,True,TRUE_PIT_LABELED
356,272.5,40,35,1.1428571428571428,0.4615031206860694,1.127219598523087,0.7785714285714286,0.445832759141922,0.31295299530029297,0.8070831298828125,622203.5802752294,4595703.413761468,True,TRUE_PIT_LABELED
357,198.25,33,30,1.1,0.5761293787080266,1.2234533364900455,0.8010101010101011,0.6744794249534607,0.3739853501319885,0.7990875244140625,620679.4571248423,4595702.419924338,True,TRUE_PIT_LABELED
358,185.25,33,30,1.1,0.3694683771473095,1.0761444236889068,0.7484848484848485,0.4909677803516388,0.18661919236183167,0.77874755859375,622558.3407557355,4595702.714574899,False,COMPACT_OTHER_FP
359,279.25,39,37,1.054054054054054,0.5105537203528517,1.1629991483881936,0.774081774081774,0.5711089372634888,0.1638125628232956,0.8994140625,623403.9767233662,4595699.409131602,False,ROAD_LIKE_COMPACT
360,222.25,34,32,1.0625,0.4121444801243717,1.0975520704591304,0.8170955882352942,0.34836798906326294,0.19072648882865906,0.8194580078125,622821.0247469066,4595695.840832396,False,COMPACT_OTHER_FP
361,86.75,22,21,1.0476190476190477,0.37064276954903796,1.076686449388611,0.7510822510822511,0.28527238965034485,0.09905876964330673,0.5757293701171875,622443.0619596542,4595695.110951008,False,COMPACT_OTHER_FP
362,188.0,30,35,1.1666666666666667,0.5243188027591202,1.1743677170834956,0.7161904761904762,0.2909970283508301,0.14365863800048828,0.873687744140625,622958.7094414893,4595679.880984043,False,COMPACT_OTHER_FP
363,166.25,30,32,1.0666666666666667,0.3567106671248356,1.0704175112292735,0.6927083333333334,0.43811899423599243,0.14349155128002167,0.8232269287109375,622016.6789473684,4595678.881954887,False,COMPACT_OTHER_FP
364,64.0,14,24,1.7142857142857142,0.8116220979977662,1.7117928867060581,0.7619047619047619,0.24625961482524872,0.13775844871997833,0.6247901916503906,621048.88671875,4595679.185546875,False,COMPACT_OTHER_FP
365,186.0,32,27,1.1851851851851851,0.5625219054863928,1.2095081157382723,0.8611111111111112,0.5037071108818054,0.2992536425590515,0.8054351806640625,620210.0336021505,4595656.109543011,False,ROAD_LIKE_COMPACT
366,174.75,30,35,1.1666666666666667,0.7290669106275636,1.4610432613986963,0.6657142857142857,0.30657896399497986,0.16600748896598816,0.733795166015625,621986.5550786839,4595633.809728183,False,COMPACT_OTHER_FP
367,277.25,36,38,1.0555555555555556,0.40071756541100717,1.0914628000084283,0.810672514619883,0.5589890480041504,0.27172043919563293,0.8853607177734375,623928.0184851218,4595620.530658251,False,ROAD_LIKE_COMPACT
368,195.25,31,32,1.032258064516129,0.330835731139209,1.0596718613859322,0.7872983870967742,0.32087448239326477,0.15842095017433167,0.8421630859375,621213.2259923175,4595617.52112676,True,TRUE_PIT_LABELED
369,119.25,29,25,1.16,0.6302130063049558,1.2879589079651963,0.6579310344827586,0.15810935199260712,0.0757068321108818,0.67779541015625,622523.2557651992,4595618.536687631,False,COMPACT_OTHER_FP
370,208.5,32,35,1.09375,0.36367833794894183,1.0735089637014898,0.7446428571428572,0.4415225088596344,0.1396055817604065,0.84869384765625,619947.8003597122,4595616.114508393,False,COMPACT_OTHER_FP
371,214.0,35,33,1.0606060606060606,0.6373777992625348,1.2977718706612562,0.7411255411255411,0.6105115413665771,0.3314802348613739,0.8009033203125,621588.683411215,4595615.147780374,False,ROAD_LIKE_COMPACT
372,175.5,32,29,1.103448275862069,0.5777399393576299,1.2251585279693966,0.7564655172413793,0.5471616387367249,0.19762927293777466,0.799407958984375,621311.7806267806,4595613.836182336,True,TRUE_PIT_LABELED
373,133.0,31,27,1.1481481481481481,0.556044573747305,1.203148680266296,0.6356033452807647,0.4667544364929199,0.16863732039928436,0.7501220703125,623433.4031954887,4595605.644736842,False,COMPACT_OTHER_FP
374,15.75,8,14,1.75,0.8937354399000831,2.229185052328785,0.5625,0.31557774543762207,0.14702998101711273,0.53033447265625,619872.1587301587,4595608.26984127,False,COMPACT_OTHER_FP
375,17.75,16,7,2.2857142857142856,0.9414114487033265,2.9650691557765287,0.6339285714285714,0.3370671272277832,0.20354503393173218,0.5323486328125,621020.0281690141,4595605.330985916,False,COMPACT_OTHER_FP
376,246.75,34,38,1.1176470588235294,0.37830756588144043,1.0802869726205568,0.7639318885448917,0.5816001296043396,0.20517972111701965,0.887969970703125,619553.742147923,4595599.0,False,ROAD_LIKE_COMPACT
378,184.75,28,33,1.1785714285714286,0.606497799672619,1.2577269008447787,0.7997835497835498,0.49359166622161865,0.13154681026935577,0.78082275390625,623801.7198917456,4595598.430987821,False,COMPACT_OTHER_FP
379,229.5,34,35,1.0294117647058822,0.4715047877004158,1.1339623403903207,0.7714285714285715,0.42253443598747253,0.14234045147895813,0.889190673828125,621713.008714597,4595595.900871459,True,TRUE_PIT_LABELED
380,76.5,26,16,1.625,0.7704029905752776,1.5684866235094024,0.7355769230769231,0.4014531373977661,0.16540606319904327,0.588104248046875,620936.339869281,4595597.483660131,True,TRUE_PIT_LABELED
381,290.5,39,38,1.0263157894736843,0.4824913047468343,1.1416818502841284,0.7840755735492577,0.5096423625946045,0.20608209073543549,0.92132568359375,621445.7745266781,4595593.181153184,True,TRUE_PIT_LABELED
382,220.0,37,34,1.088235294117647,0.49562492893322485,1.1513618779924562,0.699523052464229,0.33366602659225464,0.15829789638519287,0.84881591796875,621960.1136363636,4595592.382954545,True,TRUE_PIT_LABELED
384,267.25,36,37,1.0277777777777777,0.13777826055594997,1.0096287290123676,0.8025525525525525,0.42891108989715576,0.15815642476081848,0.912933349609375,620699.3433115061,4595576.774087933,True,TRUE_PIT_LABELED
385,330.75,33,59,1.7878787878787878,0.8979252118466221,2.2719627619009732,0.6795069337442219,0.23055613040924072,0.08110001683235168,0.7189006805419922,620577.4497354497,4595575.477702192,False,COMPACT_OTHER_FP
386,4.25,5,4,1.25,0.7086423846392491,1.41729816678765,0.85,0.13352003693580627,0.09824914485216141,0.4828376770019531,620586.1470588235,4595581.352941177,False,COMPACT_OTHER_FP
388,250.25,37,37,1.0,0.2568882537940579,1.0347241921517432,0.7311906501095691,0.46031028032302856,0.1863192617893219,0.8653564453125,621168.4345654346,4595569.322677323,True,TRUE_PIT_LABELED
391,285.0,39,37,1.054054054054054,0.35998473082227544,1.07185938810968,0.7900207900207901,0.5081475377082825,0.2509117126464844,0.8945083618164062,620194.5662280702,4595560.262719298,False,ROAD_LIKE_COMPACT
392,230.5,35,32,1.09375,0.4543625823715884,1.1225652168550013,0.8232142857142857,0.3848414719104767,0.14432790875434875,0.8463592529296875,623673.6561822126,4595560.5737527115,False,COMPACT_OTHER_FP
393,266.25,38,37,1.027027027027027,0.38716239021470594,1.0845851211557282,0.7574679943100996,0.43447041511535645,0.15829162299633026,0.8747100830078125,620407.8192488262,4595558.634741784,False,COMPACT_OTHER_FP
394,48.5,24,13,1.8461538461538463,0.9040669249489371,2.3397783204944327,0.6217948717948718,0.4739919602870941,0.36148062348365784,0.5809288024902344,620295.6597938144,4595560.827319588,False,ROAD_LIKE_COMPACT
395,55.0,27,12,2.25,0.8987603288510362,2.2808123842996313,0.6790123456790124,0.42373329401016235,0.2619204521179199,0.6306838989257812,620302.2272727273,4595559.7,False,ROAD_LIKE_COMPACT
396,5.5,8,4,2.0,0.8858968621272754,2.1557194349593116,0.6875,0.19795683026313782,0.15631283819675446,0.5090866088867188,621348.8181818182,4595562.704545454,False,COMPACT_OTHER_FP
400,31.5,20,19,1.0526315789473684,0.90477841251687,2.348064707965775,0.33157894736842103,0.370697021484375,0.2543351352214813,0.5470046997070312,620049.9563492064,4595553.253968254,False,ROAD_LIKE_COMPACT
402,145.25,29,27,1.0740740740740742,0.4036708541385152,1.0930105169317024,0.7420178799489144,0.3557189404964447,0.18515346944332123,0.7889404296875,622320.4432013769,4595544.020654045,True,TRUE_PIT_LABELED
403,121.75,19,29,1.5263157894736843,0.7643878715623736,1.550972676235987,0.8838475499092558,0.3209277093410492,0.13532786071300507,0.71258544921875,622180.4425051335,4595543.858316222,True,TRUE_PIT_LABELED
404,26.0,14,12,1.1666666666666667,0.703415971763205,1.4069082060132267,0.6190476190476191,0.1539427787065506,0.09364078938961029,0.5503158569335938,619911.3509615385,4595536.711538462,False,COMPACT_OTHER_FP
405,24.0,15,10,1.5,0.8854086245159206,2.1514006182255403,0.64,0.3966522812843323,0.23205585777759552,0.5769195556640625,619918.1041666666,4595535.260416667,False,COMPACT_OTHER_FP
406,264.0,31,45,1.4516129032258065,0.7894545356465544,1.6291711863826839,0.7569892473118279,0.5292329788208008,0.26648980379104614,0.75,623772.7121212122,4595523.551609849,False,ROAD_LIKE_COMPACT
407,232.25,30,39,1.3,0.5866516431764779,1.2348127335221508,0.794017094017094,0.21337716281414032,0.12344849854707718,0.7466049194335938,622931.7529601722,4595507.699677072,False,COMPACT_OTHER_FP
408,322.25,40,42,1.05,0.41148112112345436,1.0971910685007589,0.7672619047619048,0.42685386538505554,0.1616753190755844,0.80352783203125,623454.6082234291,4595496.73545384,False,COMPACT_OTHER_FP
409,177.75,32,29,1.103448275862069,0.4874556699420779,1.1452815579089994,0.7661637931034483,0.5751108527183533,0.2556954622268677,0.7623291015625,623421.7524613221,4595498.158227848,False,ROAD_LIKE_COMPACT
410,174.0,33,28,1.1785714285714286,0.6200691828460192,1.2746206750519569,0.7532467532467533,0.5280162692070007,0.1842644363641739,0.85418701171875,623952.6745689656,4595495.878591954,False,ROAD_LIKE_COMPACT
411,253.5,38,32,1.1875,0.6226641824592456,1.2779729436812066,0.8338815789473685,0.4312294125556946,0.233846053481102,0.8022308349609375,621732.9965483234,4595493.274161736,True,TRUE_PIT_LABELED
412,201.25,34,33,1.0303030303030303,0.30196110153329514,1.0489654481225632,0.7174688057040999,0.5428633093833923,0.1961473524570465,0.850433349609375,621588.4739130435,4595488.234161491,True,TRUE_PIT_LABELED
413,258.75,39,33,1.1818181818181819,0.5887973201306304,1.2371939355270194,0.8041958041958042,0.47912052273750305,0.15118271112442017,0.901641845703125,621316.202415459,4595483.25120773,True,TRUE_PIT_LABELED
414,154.0,28,30,1.0714285714285714,0.3679414873638738,1.0754434949799216,0.7333333333333333,0.45930346846580505,0.3129667043685913,0.737640380859375,621473.3668831169,4595483.319805195,True,TRUE_PIT_LABELED
415,197.5,33,32,1.03125,0.4249439612018971,1.1047042458602472,0.7481060606060606,0.5031702518463135,0.19886988401412964,0.8241729736328125,621847.8518987342,4595478.4455696205,True,TRUE_PIT_LABELED
416,150.5,31,27,1.1481481481481481,0.6399884743510721,1.3014317559912212,0.7192353643966547,0.2619497776031494,0.13611075282096863,0.734649658203125,623319.3596345515,4595468.112126246,False,COMPACT_OTHER_FP
417,122.0,27,25,1.08,0.4573887396842985,1.1245218389585576,0.7229629629629629,0.467635840177536,0.19092781841754913,0.6846160888671875,621389.2469262296,4595457.5522540985,False,COMPACT_OTHER_FP
418,285.25,41,36,1.1388888888888888,0.39775727616843126,1.0899293267887162,0.7730352303523035,0.39272043108940125,0.17071235179901123,0.900634765625,621213.0758106924,4595453.179666959,True,TRUE_PIT_LABELED
419,196.25,34,32,1.0625,0.5319680077160515,1.1809659658306204,0.7215073529411765,0.3844812512397766,0.1341322809457779,0.81951904296875,619545.4656050955,4595453.001910828,False,COMPACT_OTHER_FP
420,12.0,11,10,1.1,0.9023479480918829,2.320140772868441,0.43636363636363634,0.4516506791114807,0.3124944269657135,0.5139236450195312,620430.0833333334,4595455.625,False,ROAD_LIKE_COMPACT
423,50.25,10,25,2.5,0.905944770846695,2.3618557584494915,0.804,0.3619537353515625,0.12704002857208252,0.637176513671875,621084.8606965174,4595450.092039801,True,TRUE_PIT_LABELED
424,228.25,35,33,1.0606060606060606,0.3426705008172936,1.0644461977403357,0.7904761904761904,0.5067744851112366,0.15178032219409943,0.821319580078125,620048.0766703177,4595439.206462213,False,ROAD_LIKE_COMPACT
425,324.75,44,37,1.1891891891891893,0.5740893865470399,1.2213104507774042,0.797911547911548,0.3538467288017273,0.17443647980690002,0.9239654541015625,620943.7490377213,4595435.288683603,True,TRUE_PIT_LABELED
426,286.75,39,39,1.0,0.26909398239083093,1.038298768336968,0.7541091387245233,0.4720749855041504,0.19572992622852325,0.916351318359375,620320.1800348735,4595435.090235396,False,COMPACT_OTHER_FP
427,257.5,34,46,1.3529411764705883,0.7025475022795715,1.4052110978329295,0.6585677749360613,0.4762446880340576,0.20053313672542572,0.77618408203125,620832.6572815534,4595435.984951456,False,COMPACT_OTHER_FP
428,212.25,36,31,1.1612903225806452,0.7087152191931105,1.417445139981862,0.760752688172043,0.3192274868488312,0.15237312018871307,0.768402099609375,619929.1024734982,4595430.38221437,False,COMPACT_OTHER_FP
429,211.25,30,37,1.2333333333333334,0.6130986683400478,1.2658126205442792,0.7612612612612613,0.5357664823532104,0.28961870074272156,0.74420166015625,619775.1964497041,4595430.63372781,False,ROAD_LIKE_COMPACT
430,211.25,34,30,1.1333333333333333,0.49229846566549734,1.1488621348122094,0.8284313725490197,0.3951444625854492,0.13085487484931946,0.7675933837890625,620187.2946745562,4595429.774556213,False,COMPACT_OTHER_FP
431,304.75,42,41,1.024390243902439,0.7011123637784028,1.402424610124852,0.7078977932636469,0.5637082457542419,0.2369241863489151,0.87615966796875,619663.6328958162,4595426.30147662,False,ROAD_LIKE_COMPACT
432,107.5,26,23,1.1304347826086956,0.6158434696656443,1.2692472940297082,0.7190635451505016,0.3368549346923828,0.12893860042095184,0.639862060546875,623892.8069767442,4595429.039534884,False,COMPACT_OTHER_FP
433,244.75,35,34,1.0294117647058822,0.39769192800772213,1.089895676350328,0.8226890756302521,0.47301816940307617,0.13036565482616425,0.8968505859375,622323.5148110316,4595426.269152196,True,TRUE_PIT_LABELED
434,95.5,19,27,1.4210526315789473,0.7645078417371567,1.5513149529425159,0.7446393762183235,0.387661337852478,0.13230007886886597,0.6583251953125,623784.5811518325,4595426.209424084,False,COMPACT_OTHER_FP
435,164.75,41,25,1.64,0.8176408381278297,1.7369294164277538,0.6429268292682927,0.2463928461074829,0.12096695601940155,0.6485137939453125,622480.5682852807,4595417.801972686,False,COMPACT_OTHER_FP
436,212.25,35,31,1.1290322580645162,0.5428732114907283,1.1907389074592833,0.7824884792626728,0.3568028211593628,0.12304065376520157,0.8235626220703125,622201.0111896349,4595417.421672556,True,TRUE_PIT_LABELED
437,187.75,32,31,1.032258064516129,0.22394408630980972,1.026059875129094,0.7570564516129032,0.45750024914741516,0.14525899291038513,0.7283935546875,622076.9187749667,4595407.372170439,True,TRUE_PIT_LABELED
438,248.75,40,31,1.2903225806451613,0.6357907625004988,1.295569292928129,0.8024193548387096,0.42246901988983154,0.17405211925506592,0.8782958984375,621864.691959799,4595388.585427135,True,TRUE_PIT_LABELED
439,295.5,57,30,1.9,0.8976055341675369,2.268604496296815,0.6912280701754386,0.6034096479415894,0.2215568870306015,0.71295166015625,622732.0021150592,4595384.055414552,False,ROAD_LIKE_COMPACT
440,223.0,32,35,1.09375,0.448164591549281,1.11862946864813,0.7964285714285714,0.5268232822418213,0.20461474359035492,0.84637451171875,622602.7656950672,4595384.912556054,False,ROAD_LIKE_COMPACT
441,181.75,33,29,1.1379310344827587,0.5039426758805693,1.1577596921424875,0.7596656217345873,0.36615172028541565,0.21475651860237122,0.7617416381835938,621732.182255846,4595372.778541953,True,TRUE_PIT_LABELED
442,285.0,39,37,1.054054054054054,0.5815732631740853,1.229265318576935,0.7900207900207901,0.4688544273376465,0.2123875617980957,0.871185302734375,621588.9557017544,4595360.875877193,True,TRUE_PIT_LABELED
443,352.25,44,46,1.0454545454545454,0.7482527647982234,1.5073549564250286,0.6961462450592886,0.5196493268013,0.19209998846054077,0.896087646484375,623723.1685592618,4595358.311568488,False,ROAD_LIKE_COMPACT
444,62.5,25,16,1.5625,0.813732661445639,1.7204616977700309,0.625,0.43542131781578064,0.2064574956893921,0.6181449890136719,623229.214,4595359.276,False,COMPACT_OTHER_FP
447,198.75,31,32,1.032258064516129,0.341212767736521,1.0638455312448756,0.8014112903225806,0.42637383937835693,0.17482303082942963,0.7685546875,620572.8603773585,4595348.53018868,False,COMPACT_OTHER_FP
448,128.25,23,27,1.173913043478261,0.5338003075028839,1.1825774636033892,0.8260869565217391,0.47575756907463074,0.1744978129863739,0.704376220703125,621964.9873294347,4595351.235867446,True,TRUE_PIT_LABELED
449,287.0,37,41,1.1081081081081081,0.48573325420623387,1.1440245832638947,0.7567567567567568,0.49810791015625,0.247635155916214,0.89697265625,621483.1572299652,4595333.650696864,True,TRUE_PIT_LABELED
450,286.75,36,40,1.1111111111111112,0.397798122944632,1.0899503648544042,0.7965277777777777,0.3028821349143982,0.16172897815704346,0.8853912353515625,623841.8840453357,4595332.848735833,False,COMPACT_OTHER_FP
451,159.25,30,26,1.1538461538461537,0.5721469486756215,1.2192874807636762,0.8166666666666667,0.5449221134185791,0.21808023750782013,0.72515869140625,620943.7496075353,4595328.799843014,False,ROAD_LIKE_COMPACT
452,260.25,39,36,1.0833333333333333,0.33507833513165414,1.0613567443205323,0.7414529914529915,0.5734992623329163,0.20463426411151886,0.91363525390625,621217.9073006724,4595324.801152738,True,TRUE_PIT_LABELED
453,287.5,42,36,1.1666666666666667,0.539210330103544,1.1874071182763317,0.7605820105820106,0.3726193606853485,0.17984943091869354,0.8736572265625,620444.377826087,4595321.598260869,False,COMPACT_OTHER_FP
454,304.0,41,37,1.1081081081081081,0.49688454744227517,1.1523171333016586,0.8015820698747528,0.5165345072746277,0.20149356126785278,0.920135498046875,621101.7306743421,4595319.297697368,True,TRUE_PIT_LABELED
455,145.75,30,23,1.3043478260869565,0.618119698492393,1.2721286955711448,0.8449275362318841,0.4367421269416809,0.20787423849105835,0.6865234375,620307.0343053173,4595308.100343053,False,COMPACT_OTHER_FP
456,237.75,33,37,1.121212121212121,0.5531408567651394,1.2003537499757078,0.7788697788697788,0.45922917127609253,0.189115509390831,0.8395233154296875,620185.1614090431,4595305.536803365,False,COMPACT_OTHER_FP
457,239.5,35,38,1.0857142857142856,0.550154833377513,1.1975149152831444,0.7203007518796992,0.6301160454750061,0.3919406235218048,0.794097900390625,623509.9102296451,4595303.78131524,False,ROAD_LIKE_COMPACT
458,76.75,24,20,1.2,0.6932045028333566,1.3874610562429015,0.6395833333333333,0.5309661626815796,0.36658695340156555,0.588592529296875,620058.815960912,4595307.068403909,False,ROAD_LIKE_COMPACT
459,131.0,27,23,1.173913043478261,0.536179551860393,1.1846882047526914,0.8438003220611916,0.32901430130004883,0.11967609077692032,0.6519775390625,619782.4351145038,4595300.008587786,False,COMPACT_OTHER_FP
460,219.0,34,35,1.0294117647058822,0.40090235526091633,1.0915591165582081,0.7361344537815127,0.2701089084148407,0.13794603943824768,0.839111328125,622337.7009132421,4595297.064497717,True,TRUE_PIT_LABELED
461,89.25,20,21,1.05,0.3070096539834801,1.0507442207921174,0.85,0.46924662590026855,0.29982054233551025,0.5990142822265625,622545.3207282913,4595297.029411765,False,ROAD_LIKE_COMPACT
462,126.75,24,33,1.375,0.7554334505750626,1.5261924016500925,0.6401515151515151,0.3401015102863312,0.1438526064157486,0.78515625,619649.8126232742,4595295.903353057,False,COMPACT_OTHER_FP
463,193.25,31,30,1.0333333333333334,0.4095133814729643,1.0961257197844256,0.8311827956989247,0.3901853561401367,0.17337365448474884,0.823577880859375,620836.7962483829,4595288.9385511,False,COMPACT_OTHER_FP
464,177.0,29,31,1.0689655172413792,0.3103418967650703,1.0519395038819639,0.7875417130144605,0.3811710476875305,0.1755739450454712,0.7451171875,622080.7358757062,4595288.7379943505,False,COMPACT_OTHER_FP
466,183.5,32,31,1.032258064516129,0.3174904174776066,1.0545614483896106,0.7399193548387096,0.3931191563606262,0.17123542726039886,0.8222503662109375,619931.992506812,4595282.386239782,False,COMPACT_OTHER_FP
467,223.75,33,33,1.0,0.4443100261123387,1.1162295269367282,0.8218549127640037,0.5585073232650757,0.22913293540477753,0.7962646484375,620702.3586592178,4595279.886033519,False,ROAD_LIKE_COMPACT
468,218.25,37,30,1.2333333333333334,0.6765769279702862,1.3580093444992463,0.7864864864864864,0.5225644111633301,0.1935844123363495,0.7932891845703125,619547.3528064147,4595274.145475373,False,ROAD_LIKE_COMPACT
469,248.5,38,34,1.1176470588235294,0.4489246301423625,1.1191069738044876,0.7693498452012384,0.5336099863052368,0.20636962354183197,0.90771484375,622186.0965794768,4595272.454225352,True,TRUE_PIT_LABELED
470,266.5,40,34,1.1764705882352942,0.5389581233783675,1.187179562756092,0.7838235294117647,0.45680445432662964,0.1912282407283783,0.904754638671875,621874.7002814258,4595267.0361163225,True,TRUE_PIT_LABELED
471,9.0,6,8,1.3333333333333333,0.7765658023405143,1.5872105029970955,0.75,0.43490973114967346,0.34585392475128174,0.5440826416015625,623469.4722222222,4595274.736111111,False,ROAD_LIKE_COMPACT
472,227.5,36,36,1.0,0.4117646696929327,1.0973452617347594,0.7021604938271605,0.5993008613586426,0.3340083658695221,0.7924156188964844,623462.4774725274,4595266.0956043955,False,ROAD_LIKE_COMPACT
473,131.75,26,26,1.0,0.5088887663868661,1.161666467505881,0.7795857988165681,0.508375883102417,0.2935870587825775,0.6900787353515625,623366.0806451613,4595247.018975332,False,ROAD_LIKE_COMPACT
474,184.5,34,31,1.096774193548387,0.7131523325843576,1.4265150165508416,0.7001897533206831,0.48559969663619995,0.17477305233478546,0.6561203002929688,619771.6802168022,4595243.128726287,False,COMPACT_OTHER_FP
475,226.25,35,33,1.0606060606060606,0.46422282750657734,1.129026954313251,0.7835497835497836,0.5493988394737244,0.17971837520599365,0.918914794921875,621607.0403314917,4595226.780662984,True,TRUE_PIT_LABELED
476,185.5,27,33,1.2222222222222223,0.6406587307160838,1.302378818216143,0.8327721661054994,0.5020751953125,0.23640237748622894,0.6912918090820312,621013.5080862534,4595227.712264151,False,ROAD_LIKE_COMPACT
477,16.5,15,6,2.5,0.9281843329201899,2.6872998362598484,0.7333333333333333,0.37725386023521423,0.3064829111099243,0.5585136413574219,623501.1893939395,4595231.424242424,False,ROAD_LIKE_COMPACT
478,256.5,33,40,1.2121212121212122,0.6529488635545944,1.3203028338865066,0.7772727272727272,0.4996948540210724,0.21473991870880127,0.78973388671875,621749.7041910331,4595224.038011696,False,COMPACT_OTHER_FP
479,235.5,37,31,1.1935483870967742,0.5447988752625239,1.192510919591065,0.8212728857890148,0.24608013033866882,0.10610789060592651,0.875823974609375,621961.0732484077,4595217.825902335,True,TRUE_PIT_LABELED
480,205.75,35,30,1.1666666666666667,0.6520065049087144,1.3188899548093604,0.7838095238095238,0.46848663687705994,0.17771701514720917,0.78192138671875,621089.7563791008,4595210.901579587,False,COMPACT_OTHER_FP
481,225.25,34,34,1.0,0.36154714610632854,1.072554184525888,0.7794117647058824,0.5269913673400879,0.20648713409900665,0.8845062255859375,621332.6786903441,4595200.604328524,True,TRUE_PIT_LABELED
482,210.0,33,32,1.03125,0.4675772825388714,1.1312828957259418,0.7954545454545454,0.3640950918197632,0.12289074808359146,0.817962646484375,621472.6351190476,4595194.254166666,False,COMPACT_OTHER_FP
483,254.75,37,34,1.088235294117647,0.3926037694185614,1.0873019592624273,0.8100158982511924,0.3864465057849884,0.21091575920581818,0.838226318359375,620692.4303238469,4595192.0063788025,False,COMPACT_OTHER_FP
484,293.75,41,36,1.1388888888888888,0.5706228090184041,1.2177119407600339,0.7960704607046071,0.391987681388855,0.1840524822473526,0.9140167236328125,621219.4302127659,4595190.871063829,True,TRUE_PIT_LABELED
485,159.25,30,27,1.1111111111111112,0.49964593602073354,1.154428172701048,0.7864197530864198,0.305400013923645,0.13468283414840698,0.7597503662109375,622704.0408163265,4595188.340659341,False,COMPACT_OTHER_FP
486,244.75,39,33,1.1818181818181819,0.5034981048353372,1.1574123235958869,0.7606837606837606,0.3121054172515869,0.1605508178472519,0.8259124755859375,620582.6986721144,4595184.297242084,False,COMPACT_OTHER_FP
487,238.0,34,37,1.088235294117647,0.6469001374316286,1.3113468967327273,0.7567567567567568,0.43269336223602295,0.2038428634405136,0.8104705810546875,620035.6024159663,4595178.148109243,False,COMPACT_OTHER_FP
488,192.75,31,31,1.0,0.49224175621791133,1.1488198057517032,0.8022892819979188,0.5148695111274719,0.23087549209594727,0.7918319702148438,620188.9130998703,4595178.48767834,False,ROAD_LIKE_COMPACT
489,122.0,36,24,1.5,0.8001353822373589,1.6671683512150939,0.5648148148148148,0.25497472286224365,0.17987480759620667,0.6813735961914062,620867.9200819673,4595177.314549181,False,COMPACT_OTHER_FP
490,202.5,34,31,1.096774193548387,0.5598188241276892,1.206833031009854,0.7685009487666035,0.4985964298248291,0.2143850028514862,0.725677490234375,620432.1944444445,4595176.166049383,False,COMPACT_OTHER_FP
491,197.25,34,30,1.1333333333333333,0.5508254650091782,1.1981494003859685,0.7735294117647059,0.6111125349998474,0.3965461850166321,0.7412872314453125,620947.0342205323,4595173.24904943,False,ROAD_LIKE_COMPACT
492,157.25,33,25,1.32,0.6326897366363325,1.2913133379570445,0.7624242424242424,0.47978562116622925,0.3297196328639984,0.6971931457519531,622204.8076311606,4595169.021462639,True,TRUE_PIT_LABELED
493,224.25,37,34,1.088235294117647,0.6360697168348982,1.295955231827482,0.7130365659777425,0.6520224809646606,0.3413378894329071,0.8842315673828125,622333.613154961,4595167.626532887,True,TRUE_PIT_LABELED
494,170.0,28,32,1.1428571428571428,0.4503475273840702,1.120004757799296,0.7589285714285714,0.28961262106895447,0.16033589839935303,0.7418975830078125,620326.2669117647,4595167.733823529,False,COMPACT_OTHER_FP
495,140.75,23,29,1.2608695652173914,0.6032462917939747,1.2538320897511384,0.8440779610194903,0.47457030415534973,0.1427662968635559,0.763641357421875,619927.134991119,4595158.977797513,False,COMPACT_OTHER_FP
496,257.5,38,35,1.0857142857142856,0.47377163144170137,1.1355278110043021,0.7744360902255639,0.40907323360443115,0.14875240623950958,0.88006591796875,619524.4223300971,4595146.182524272,False,COMPACT_OTHER_FP
497,174.5,30,30,1.0,0.18211074583997025,1.0170063538928824,0.7755555555555556,0.30642324686050415,0.20231646299362183,0.754364013671875,623307.0078796562,4595147.828796562,False,COMPACT_OTHER_FP
498,160.5,31,31,1.0,0.7731622951926496,1.5767692214267717,0.668054110301769,0.5226285457611084,0.23398138582706451,0.680908203125,623671.4657320873,4595147.894859813,False,ROAD_LIKE_COMPACT
499,184.5,30,30,1.0,0.3926246893033503,1.087312517274674,0.82,0.500244140625,0.17643636465072632,0.839599609375,622085.3861788618,4595146.977642276,True,TRUE_PIT_LABELED
500,113.5,27,22,1.2272727272727273,0.5982798102177609,1.247991891683739,0.7643097643097643,0.39291903376579285,0.14562787115573883,0.67724609375,619782.7125550661,4595146.863436123,False,COMPACT_OTHER_FP
501,175.25,30,29,1.0344827586206897,0.3098333558339237,1.0517559899726454,0.8057471264367816,0.44146230816841125,0.235975980758667,0.76153564453125,621892.0263908702,4595146.188302425,False,COMPACT_OTHER_FP
502,210.75,30,35,1.1666666666666667,0.5629549623806863,1.2099395456131496,0.8028571428571428,0.584745466709137,0.1774238795042038,0.78985595703125,619676.8712930012,4595142.674970344,False,ROAD_LIKE_COMPACT
503,176.0,29,30,1.0344827586206897,0.40988371233534926,1.0963255928204914,0.8091954022988506,0.4182225465774536,0.14141477644443512,0.7455291748046875,623932.6186079546,4595129.678267046,False,COMPACT_OTHER_FP
504,224.5,36,34,1.0588235294117647,0.3143112030201481,1.0533855781863863,0.7336601307189542,0.4066852033138275,0.1813325583934784,0.9132080078125,621752.0473273942,4595102.853006681,True,TRUE_PIT_LABELED
505,155.0,32,30,1.0666666666666667,0.6509951550563068,1.3173809305650754,0.6458333333333334,0.3697132468223572,0.14625374972820282,0.8450927734375,621961.3629032258,4595103.070967742,True,TRUE_PIT_LABELED
506,144.25,26,33,1.2692307692307692,0.7111525784016033,1.422398823502952,0.6724941724941725,0.3731955587863922,0.22908413410186768,0.6511001586914062,620963.9454072791,4595082.782495667,False,COMPACT_OTHER_FP
507,8.25,6,8,1.3333333333333333,0.7769814167906776,1.588502968333067,0.6875,0.23251964151859283,0.15571394562721252,0.5230774879455566,620681.3939393939,4595086.651515151,False,COMPACT_OTHER_FP
510,320.25,46,38,1.2105263157894737,0.6108873627585315,1.263076761467967,0.732837528604119,0.4078344702720642,0.14647193253040314,0.872100830078125,622455.6448087431,4595064.196721312,True,TRUE_PIT_LABELED
511,163.5,37,30,1.2333333333333334,0.5831235625361519,1.2309457669922326,0.5891891891891892,0.5807682275772095,0.3532707989215851,0.741943359375,620802.7171253823,4595064.26529052,False,ROAD_LIKE_COMPACT
512,201.25,32,33,1.03125,0.2468055307013174,1.0319224926042,0.7623106060606061,0.4706636369228363,0.16797640919685364,0.8205108642578125,622591.7385093168,4595066.795652173,False,COMPACT_OTHER_FP
513,174.0,32,31,1.032258064516129,0.3874334792955086,1.0847190976465642,0.7016129032258065,0.3475634753704071,0.19363214075565338,0.82220458984375,621330.7772988506,4595065.970545977,True,TRUE_PIT_LABELED
514,6.5,5,6,1.2,0.6021972256327984,1.2525876011331778,0.8666666666666667,0.5584575533866882,0.5208262801170349,0.4435882568359375,620801.8269230769,4595070.865384615,False,ROAD_LIKE_COMPACT
515,135.5,28,31,1.1071428571428572,0.7080028746596125,1.4160103032237814,0.6244239631336406,0.36449477076530457,0.14066408574581146,0.77264404296875,621206.9289667896,4595064.165129151,True,TRUE_PIT_LABELED
516,4.0,5,4,1.25,0.6642297420901243,1.3377416482255309,0.8,0.45206737518310547,0.4127444624900818,0.5098533630371094,620797.40625,4595070.09375,False,ROAD_LIKE_COMPACT
517,134.75,27,26,1.0384615384615385,0.4265568823528991,1.1056311880338394,0.7678062678062678,0.4927983283996582,0.2827829122543335,0.657623291015625,620333.112244898,4595057.755102041,False,ROAD_LIKE_COMPACT
518,265.5,37,35,1.0571428571428572,0.3807154384454468,1.0814408808267804,0.8200772200772201,0.48895442485809326,0.15861108899116516,0.88531494140625,621481.3196798493,4595053.653954802,True,TRUE_PIT_LABELED
519,247.75,34,38,1.1176470588235294,0.46808347491152075,1.1316259123497436,0.7670278637770898,0.40289124846458435,0.1809072643518448,0.88385009765625,620441.568617558,4595046.2896064585,False,COMPACT_OTHER_FP
520,177.5,30,29,1.0344827586206897,0.4021659032768877,1.092219581887932,0.8160919540229885,0.5686553716659546,0.307553231716156,0.738922119140625,622070.6281690141,4595045.534507042,False,ROAD_LIKE_COMPACT
521,240.0,37,33,1.121212121212121,0.5357655721575147,1.184319455632247,0.7862407862407862,0.38211262226104736,0.13006271421909332,0.819000244140625,622342.2989583333,4595039.55625,True,TRUE_PIT_LABELED
522,170.5,27,31,1.1481481481481481,0.4804828260609338,1.1402454782213833,0.8148148148148148,0.41712307929992676,0.1744971126317978,0.7357635498046875,620603.6686217008,4595037.4486803515,False,COMPACT_OTHER_FP
523,229.25,35,34,1.0294117647058822,0.5179371433700232,1.1690181955807508,0.7705882352941177,0.6008398532867432,0.2308395504951477,0.844207763671875,622201.5256270447,4595030.457470011,True,TRUE_PIT_LABELED
524,165.25,30,27,1.1111111111111112,0.49783887984950903,1.1530440738461583,0.8160493827160494,0.43929627537727356,0.17236782610416412,0.7503662109375,620055.9311649017,4595030.550680786,False,COMPACT_OTHER_FP
525,226.0,34,33,1.0303030303030303,0.34894633807057296,1.0670733417738838,0.8057040998217468,0.20513691008090973,0.11591179668903351,0.779205322265625,623289.3844026548,4595025.638274336,False,COMPACT_OTHER_FP
526,9.75,5,12,2.4,0.9411802115013029,2.959411403896172,0.65,0.2818995714187622,0.17276805639266968,0.5234222412109375,620348.4230769231,4595029.307692308,False,COMPACT_OTHER_FP
527,218.25,37,30,1.2333333333333334,0.5917601370447828,1.2405191790463832,0.7864864864864864,0.514705240726471,0.16433978080749512,0.847900390625,619936.5996563574,4595020.340778924,False,ROAD_LIKE_COMPACT
528,9.0,10,6,1.6666666666666667,0.9146797082934919,2.4741485236076626,0.6,0.2801238000392914,0.16894158720970154,0.5150985717773438,620342.8611111111,4595023.597222222,False,COMPACT_OTHER_FP
529,111.5,26,22,1.1818181818181819,0.6071654955242167,1.2585338083083075,0.7797202797202797,0.6147987842559814,0.25628262758255005,0.6429901123046875,623664.7735426009,4595014.781390134,False,ROAD_LIKE_COMPACT
530,162.0,26,28,1.0769230769230769,0.3966722219486533,1.0893717066670887,0.8901098901098901,0.43935638666152954,0.23481811583042145,0.702667236328125,623792.1597222222,4595010.445216049,False,COMPACT_OTHER_FP
531,201.5,33,35,1.0606060606060606,0.6303195601271196,1.2881024145103108,0.6978354978354978,0.6031724214553833,0.3718147873878479,0.828094482421875,619779.8504962779,4595007.488213399,False,ROAD_LIKE_COMPACT
532,131.75,22,29,1.3181818181818181,0.6382164619096867,1.298942588637067,0.8260188087774295,0.23031330108642578,0.10906937718391418,0.7506103515625,619659.3453510436,4595009.125237192,False,COMPACT_OTHER_FP
533,163.5,31,30,1.0333333333333334,0.4760581754278421,1.1371211273369888,0.7032258064516129,0.3556070327758789,0.14339174330234528,0.781219482421875,621967.4694189603,4595005.778287462,True,TRUE_PIT_LABELED
534,180.25,34,28,1.2142857142857142,0.5901077443637192,1.238659298291907,0.7573529411764706,0.47332268953323364,0.24120742082595825,0.751312255859375,623546.5492371706,4595001.867545077,False,COMPACT_OTHER_FP
535,14.75,9,14,1.5555555555555556,0.915818277605015,2.4900836699642377,0.46825396825396826,0.13018155097961426,0.09722769260406494,0.5193328857421875,620050.0,4594995.550847458,False,COMPACT_OTHER_FP
536,293.25,41,35,1.1714285714285715,0.5824242189953625,1.2301863062223977,0.8174216027874565,0.5276252627372742,0.2581315040588379,0.9217529296875,621877.4236999147,4594982.827365729,True,TRUE_PIT_LABELED
537,305.0,39,41,1.0512820512820513,0.5266865443195534,1.1763881348381393,0.7629768605378362,0.328860878944397,0.15498574078083038,0.9312515258789062,623921.7659836066,4594982.947540984,False,COMPACT_OTHER_FP
538,264.0,37,38,1.027027027027027,0.6298373730584025,1.2874535811910315,0.7510668563300142,0.6340326070785522,0.3303293287754059,0.8307037353515625,621257.0037878788,4594981.872632576,True,TRUE_PIT_LABELED
539,209.0,35,33,1.0606060606060606,0.4662195238423392,1.1303661887942247,0.7238095238095238,0.3065694570541382,0.10667479038238525,0.8438720703125,621741.7087320574,4594980.464114833,True,TRUE_PIT_LABELED
540,243.5,32,38,1.1875,0.5794385540211949,1.2269698863934755,0.8009868421052632,0.3282063901424408,0.11940855532884598,0.859405517578125,621482.9214579056,4594962.5898357285,True,TRUE_PIT_LABELED
541,300.75,44,35,1.2571428571428571,0.5922487063192954,1.2410717036559638,0.7811688311688312,0.6535139679908752,0.22461949288845062,0.90521240234375,622329.1130507066,4594953.802992519,True,TRUE_PIT_LABELED
542,347.0,38,47,1.236842105263158,0.6301713269211447,1.2879027938746124,0.7771556550951848,0.6862634420394897,0.3051595985889435,0.889801025390625,621628.208573487,4594949.793948127,True,TRUE_PIT_LABELED
543,255.5,35,37,1.0571428571428572,0.2871175544542398,1.0439553709469351,0.7891891891891892,0.38683605194091797,0.20010004937648773,0.846160888671875,621338.119373777,4594948.431506849,True,TRUE_PIT_LABELED
544,363.25,37,52,1.4054054054054055,0.7646888447424542,1.5518318881451088,0.7551975051975052,0.4848679304122925,0.2267789989709854,0.841278076171875,622936.2105987612,4594946.937370957,False,COMPACT_OTHER_FP
545,208.0,34,33,1.0303030303030303,0.49574466948424323,1.1514524791299492,0.7415329768270945,0.5783290863037109,0.22963598370552063,0.800201416015625,622069.1971153846,4594945.162259615,True,TRUE_PIT_LABELED
546,47.5,12,20,1.6666666666666667,0.8349994966373352,1.8173534121394774,0.7916666666666666,0.25501883029937744,0.144031822681427,0.580902099609375,621097.2315789474,4594946.784210526,False,COMPACT_OTHER_FP
547,217.75,34,33,1.0303030303030303,0.3095988924307479,1.051671514323644,0.7762923351158645,0.4712536334991455,0.22694258391857147,0.83795166015625,621106.1882893227,4594926.617680826,True,TRUE_PIT_LABELED
548,205.75,29,35,1.206896551724138,0.6009521630151811,1.251118200057036,0.8108374384236453,0.2886693477630615,0.15093635022640228,0.7828369140625,620436.6239368165,4594926.095382746,False,COMPACT_OTHER_FP
549,208.25,34,33,1.0303030303030303,0.17269068412826968,1.0152530551995913,0.7424242424242424,0.4758184552192688,0.17301999032497406,0.8565673828125,622190.1668667467,4594922.44057623,True,TRUE_PIT_LABELED
550,262.75,41,37,1.1081081081081081,0.5780623660578269,1.2255013302216502,0.6928147659854977,0.44497817754745483,0.18662986159324646,0.920989990234375,620588.2454804948,4594910.986203616,False,COMPACT_OTHER_FP
551,84.5,21,24,1.1428571428571428,0.4981893107746802,1.153311702720512,0.6706349206349206,0.21076630055904388,0.10408724099397659,0.6108245849609375,620334.2573964497,4594912.866863905,False,COMPACT_OTHER_FP
552,164.25,29,35,1.206896551724138,0.5813091681501065,1.2289801827478413,0.6472906403940887,0.43551135063171387,0.2522791922092438,0.797271728515625,620044.4467275494,4594909.824200913,False,ROAD_LIKE_COMPACT
553,235.75,35,34,1.0294117647058822,0.35908693894048827,1.0714621144207954,0.7924369747899159,0.3311738073825836,0.11359778046607971,0.820037841796875,623211.7953340403,4594907.248144221,False,COMPACT_OTHER_FP
554,167.75,29,29,1.0,0.47972708983109247,1.1397079585891334,0.797859690844233,0.43002769351005554,0.2055637687444687,0.70806884765625,619941.0,4594903.628166915,False,COMPACT_OTHER_FP
555,4.75,4,7,1.75,0.8832366952472608,2.132526108255751,0.6785714285714286,0.23989015817642212,0.19513918459415436,0.5067176818847656,620337.3157894737,4594906.894736842,False,COMPACT_OTHER_FP
557,301.25,42,38,1.105263157894737,0.5282045842506454,1.177693810519353,0.7550125313283208,0.299955278635025,0.16516409814357758,0.8647232055664062,620855.3618257261,4594896.480912863,False,COMPACT_OTHER_FP
558,230.25,33,34,1.0303030303030303,0.27939690522467736,1.0414760579688576,0.820855614973262,0.5309646129608154,0.1955728828907013,0.85809326171875,623681.9679695982,4594899.121606949,False,ROAD_LIKE_COMPACT
559,120.75,27,22,1.2272727272727273,0.5914324101746974,1.240149220029608,0.8131313131313131,0.3227676451206207,0.09110347181558609,0.68133544921875,622566.6842650104,4594896.310559006,False,COMPACT_OTHER_FP
560,209.0,35,31,1.1290322580645162,0.5160601354241945,1.1674709599704516,0.7705069124423963,0.44899457693099976,0.17253653705120087,0.7679977416992188,619792.7290669857,4594891.758373206,False,COMPACT_OTHER_FP
561,137.25,26,29,1.1153846153846154,0.6246464941177925,1.2805611526056184,0.7281167108753316,0.44837796688079834,0.24281834065914154,0.7136993408203125,620202.5883424408,4594893.5865209475,False,COMPACT_OTHER_FP
562,21.5,17,13,1.3076923076923077,0.7833077206096798,1.6086632339729081,0.3891402714932127,0.19401976466178894,0.14011631906032562,0.5127391815185547,620327.7441860465,4594891.0930232555,False,COMPACT_OTHER_FP
564,5.0,5,5,1.0,0.6381682701976978,1.2988751886170835,0.8,0.10504041612148285,0.08541382104158401,0.4410839080810547,620329.625,4594890.525,False,COMPACT_OTHER_FP
565,176.5,30,32,1.0666666666666667,0.5354501076783551,1.1840388802077422,0.7354166666666667,0.5224025249481201,0.29886433482170105,0.772308349609375,623292.3271954674,4594881.448300283,False,ROAD_LIKE_COMPACT
566,230.5,34,36,1.0588235294117647,0.5609747771914486,1.2079732612726743,0.7532679738562091,0.5335482358932495,0.20330744981765747,0.86279296875,620712.8069414317,4594877.020607376,False,ROAD_LIKE_COMPACT
567,222.5,32,40,1.25,0.7276328504372768,1.4577965241505375,0.6953125,0.4361429214477539,0.18381468951702118,0.83917236328125,621954.7382022472,4594872.5314606745,True,TRUE_PIT_LABELED
568,249.25,38,31,1.2258064516129032,0.6451103288598965,1.3087473208227467,0.8463497453310697,0.5362825393676758,0.3046204149723053,0.788177490234375,623785.4117352056,4594866.954864594,False,ROAD_LIKE_COMPACT
569,248.5,32,39,1.21875,0.659173315663128,1.329803060071344,0.7964743589743589,0.3661929965019226,0.19546665251255035,0.8221282958984375,623923.0191146882,4594868.609154929,False,COMPACT_OTHER_FP
570,130.75,29,22,1.3181818181818181,0.6630660692907919,1.3358966914682233,0.8197492163009404,0.47079741954803467,0.24101778864860535,0.7802734375,620400.6147227533,4594863.948374761,False,COMPACT_OTHER_FP
571,256.25,34,37,1.088235294117647,0.3940959182377491,1.088057214857032,0.814785373608903,0.3422142565250397,0.11422194540500641,0.878082275390625,621876.4902439024,4594850.851707317,True,TRUE_PIT_LABELED
572,43.5,19,20,1.0526315789473684,0.7924911746516088,1.6396577306163185,0.45789473684210524,0.4077018201351166,0.1736615002155304,0.5746250152587891,623455.8189655172,4594846.890804598,False,COMPACT_OTHER_FP
573,265.25,36,39,1.0833333333333333,0.607116907004599,1.2584750069179482,0.7556980056980057,0.4572330713272095,0.22495189309120178,0.883697509765625,621352.3944392083,4594839.968897266,True,TRUE_PIT_LABELED
575,330.0,54,32,1.6875,0.8085936649377337,1.6996180845800934,0.7638888888888888,0.29244372248649597,0.13005290925502777,0.764434814453125,621481.4325757576,4594829.934469697,False,COMPACT_OTHER_FP
576,189.25,38,26,1.4615384615384615,0.7592312235009704,1.5365208394493195,0.7661943319838057,0.6977118849754333,0.3056684136390686,0.813385009765625,622182.1717305152,4594826.473579921,True,TRUE_PIT_LABELED
577,329.25,41,41,1.0,0.45527763496936835,1.1231544162287348,0.7834622248661511,0.2490125149488449,0.11255329847335815,0.8241119384765625,621641.0968109339,4594824.134016705,True,TRUE_PIT_LABELED
578,11.0,10,5,2.0,0.8735452590289893,2.054472571170709,0.88,0.36192548274993896,0.23934216797351837,0.5092010498046875,621218.5,4594829.909090909,False,COMPACT_OTHER_FP
580,164.5,32,26,1.2307692307692308,0.6118204641996272,1.2642278378756588,0.7908653846153846,0.6356183290481567,0.2927519381046295,0.7442779541015625,620594.3085106383,4594813.300911854,False,ROAD_LIKE_COMPACT
581,146.0,32,26,1.2307692307692308,0.6757772718451085,1.3566572003400867,0.7019230769230769,0.48883819580078125,0.12196530401706696,0.7570877075195312,622429.9238013698,4594806.613013699,True,TRUE_PIT_LABELED
582,290.5,39,36,1.0833333333333333,0.44570807582874866,1.117095805002689,0.8276353276353277,0.502531886100769,0.17553400993347168,0.9062728881835938,620464.5770223752,4594798.57616179,False,ROAD_LIKE_COMPACT
583,156.0,30,27,1.1111111111111112,0.5945424788076159,1.2436817825580715,0.7703703703703704,0.4010821580886841,0.22246310114860535,0.6787796020507812,620209.6987179487,4594793.765224359,False,COMPACT_OTHER_FP
584,233.75,36,32,1.125,0.5174510723981418,1.1686163929562583,0.8116319444444444,0.4287906885147095,0.1864423304796219,0.8415069580078125,622335.3438502674,4594789.935828877,True,TRUE_PIT_LABELED
585,271.5,38,36,1.0555555555555556,0.48883481006670404,1.1462942326383994,0.793859649122807,0.30128681659698486,0.15748275816440582,0.8796844482421875,620731.0336095764,4594787.842541437,False,COMPACT_OTHER_FP
587,319.25,43,39,1.1025641025641026,0.6192840751062539,1.2736143860781959,0.7614788312462731,0.35069212317466736,0.20929169654846191,0.8825302124023438,620853.920908379,4594783.718480814,False,COMPACT_OTHER_FP
588,194.25,32,30,1.0666666666666667,0.4153448427604059,1.0993069512381182,0.809375,0.4683650732040405,0.17273958027362823,0.79791259765625,619813.8404118404,4594771.299871299,False,COMPACT_OTHER_FP
589,237.5,36,33,1.0909090909090908,0.5199305795265932,1.1706743479571715,0.7996632996632996,0.3750910758972168,0.18778295814990997,0.849517822265625,623810.4242105263,4594767.182105263,False,COMPACT_OTHER_FP
590,219.5,33,33,1.0,0.33773879426752995,1.0624284244526967,0.8062442607897153,0.47213584184646606,0.1357245147228241,0.827484130859375,622039.8986332574,4594765.673120729,True,TRUE_PIT_LABELED
591,231.25,32,37,1.15625,0.45928049430949447,1.125756836604128,0.78125,0.4436455965042114,0.13872340321540833,0.854248046875,619667.0102702703,4594759.684864865,False,COMPACT_OTHER_FP
592,254.25,34,38,1.1176470588235294,0.5225893513072404,1.1729042368317182,0.7871517027863777,0.5501844882965088,0.16731137037277222,0.8917236328125,623690.365781711,4594758.5265486725,False,ROAD_LIKE_COMPACT
593,29.5,10,20,2.0,0.8969464333400118,2.261731010926708,0.59,0.2673603594303131,0.13417351245880127,0.5484771728515625,620052.3559322034,4594762.148305085,False,COMPACT_OTHER_FP
594,204.75,31,33,1.064516129032258,0.3645573276364983,1.0739051350948474,0.8005865102639296,0.5388315320014954,0.18899552524089813,0.8203125,623560.1056166056,4594754.637362638,False,ROAD_LIKE_COMPACT
595,201.25,31,32,1.032258064516129,0.5364055210547231,1.1848897506673943,0.811491935483871,0.5183023810386658,0.31141042709350586,0.72357177734375,623206.601242236,4594748.680745342,False,ROAD_LIKE_COMPACT
596,68.0,24,15,1.6,0.7528118339990846,1.5192124612268694,0.7555555555555555,0.41254493594169617,0.29316234588623047,0.6085968017578125,619547.6911764706,4594747.174632353,False,ROAD_LIKE_COMPACT
597,28.75,20,7,2.857142857142857,0.9243208260476736,2.6204330509281513,0.8214285714285714,0.38110440969467163,0.3070116937160492,0.5756607055664062,619541.5826086956,4594746.508695652,False,ROAD_LIKE_COMPACT
598,177.5,37,26,1.4230769230769231,0.6873204158242523,1.376738496842226,0.738045738045738,0.492615282535553,0.2223886400461197,0.6702880859375,622853.2690140845,4594740.45,False,COMPACT_OTHER_FP
599,22.0,16,7,2.2857142857142856,0.9080812562861057,2.3878086839353703,0.7857142857142857,0.16351616382598877,0.11552362143993378,0.5185365676879883,623827.4545454546,4594722.329545454,False,COMPACT_OTHER_FP
600,224.5,33,36,1.0909090909090908,0.5057147990023301,1.1591505260696109,0.7558922558922558,0.5126402974128723,0.2991747558116913,0.8089447021484375,621997.2728285078,4594713.770044544,True,TRUE_PIT_LABELED
601,234.25,36,33,1.0909090909090908,0.5815985720906305,1.2292926611141963,0.7887205387205387,0.3805379867553711,0.1683734953403473,0.8520278930664062,621733.6104589114,4594711.877801494,True,TRUE_PIT_LABELED
602,285.0,38,38,1.0,0.2879034595370846,1.0442125467324563,0.7894736842105263,0.4695517122745514,0.23981986939907074,0.8928985595703125,621371.8798245614,4594709.904385965,True,TRUE_PIT_LABELED
604,280.0,36,38,1.0555555555555556,0.39694950253973277,1.0895139776621117,0.8187134502923976,0.40077871084213257,0.125740647315979,0.825103759765625,621866.9120535714,4594700.969196429,True,TRUE_PIT_LABELED
608,192.25,32,30,1.0666666666666667,0.4177756645760229,1.1006546285918564,0.8010416666666667,0.24715328216552734,0.14464984834194183,0.83795166015625,621073.5676202861,4594692.5526658,True,TRUE_PIT_LABELED
609,199.0,34,31,1.096774193548387,0.5171285198619683,1.168350196735612,0.7552182163187856,0.4427885413169861,0.25128504633903503,0.7127838134765625,620567.1337939699,4594686.317839196,False,ROAD_LIKE_COMPACT
610,132.25,29,30,1.0344827586206897,0.7445114008875394,1.4978810673093181,0.6080459770114942,0.5049741864204407,0.1984272301197052,0.663299560546875,620330.02268431,4594682.511342155,False,ROAD_LIKE_COMPACT
611,80.25,22,23,1.0454545454545454,0.7256633649654353,1.4533829352383045,0.6343873517786561,0.35014358162879944,0.18550042808055878,0.5948028564453125,620837.6822429907,4594677.540498442,False,COMPACT_OTHER_FP
612,182.25,29,32,1.103448275862069,0.5736890540156941,1.2208921352381483,0.7855603448275862,0.5043028593063354,0.23407603800296783,0.710693359375,620199.4410150892,4594674.195473251,False,ROAD_LIKE_COMPACT
613,456.25,47,71,1.5106382978723405,0.9204006023691537,2.5576975803654385,0.5468984117470782,0.4867279827594757,0.22706910967826843,0.910980224609375,619959.1835616438,4594668.361643836,False,COMPACT_OTHER_FP
614,203.75,31,32,1.032258064516129,0.4123781201141823,1.0976794415129478,0.8215725806451613,0.3576236069202423,0.1884722262620926,0.76763916015625,620725.5404907975,4594671.854601227,False,COMPACT_OTHER_FP
615,202.5,31,33,1.064516129032258,0.35570426888757195,1.0699781062000324,0.7917888563049853,0.2033548355102539,0.1145249530673027,0.86090087890625,620476.9586419753,4594665.743209876,False,COMPACT_OTHER_FP
616,221.25,33,34,1.0303030303030303,0.2095718152173114,1.022711081719974,0.7887700534759359,0.3843047618865967,0.11959575861692429,0.848846435546875,622203.4355932203,4594664.13220339,True,TRUE_PIT_LABELED
617,224.25,35,34,1.0294117647058822,0.3640722350272836,1.073686325450977,0.753781512605042,0.4695506691932678,0.1697382628917694,0.896820068359375,619820.5105908584,4594660.443701226,False,COMPACT_OTHER_FP
618,242.25,37,34,1.088235294117647,0.3926857938400592,1.0873433609765766,0.7702702702702703,0.5493384599685669,0.19928954541683197,0.878509521484375,620441.4365325078,4594659.684726522,False,ROAD_LIKE_COMPACT
619,198.0,32,32,1.0,0.5891612641528157,1.237600062438129,0.7734375,0.5162137150764465,0.2367939054965973,0.791961669921875,619692.6098484849,4594656.623106061,False,ROAD_LIKE_COMPACT
620,11.75,12,6,2.0,0.9212972752418943,2.571626144860052,0.6527777777777778,0.45132651925086975,0.32422325015068054,0.5118999481201172,623285.159574468,4594661.042553191,False,ROAD_LIKE_COMPACT
621,164.5,30,27,1.1111111111111112,0.3966815348271776,1.0893764825311378,0.8123456790123457,0.5219584703445435,0.14343510568141937,0.7659912109375,622448.4870820668,4594654.563069909,False,ROAD_LIKE_COMPACT
622,279.5,40,35,1.1428571428571428,0.5998448318957883,1.24981822554874,0.7985714285714286,0.5086045861244202,0.23597346246242523,0.8314056396484375,623834.8278175313,4594649.377012522,False,ROAD_LIKE_COMPACT
623,143.5,29,25,1.16,0.5610802773305483,1.2080776047809543,0.7917241379310345,0.550894021987915,0.2576494812965393,0.65435791015625,620085.2282229965,4594650.711672474,False,ROAD_LIKE_COMPACT
624,226.25,36,34,1.0588235294117647,0.32071417398590235,1.055769968500805,0.7393790849673203,0.3919003903865814,0.1643095761537552,0.83087158203125,619562.8127071824,4594642.179005525,False,COMPACT_OTHER_FP
625,96.0,23,25,1.0869565217391304,0.5792919011569883,1.2268129725103445,0.6678260869565218,0.50030517578125,0.33508408069610596,0.656951904296875,623570.078125,4594637.4375,False,ROAD_LIKE_COMPACT
626,200.75,30,35,1.1666666666666667,0.6155011171962159,1.2688165287621924,0.7647619047619048,0.2680303752422333,0.12069778889417648,0.78240966796875,623189.3779576587,4594632.509339975,False,COMPACT_OTHER_FP
627,169.5,26,32,1.2307692307692308,0.5949914989584193,1.2441958376952624,0.8149038461538461,0.3590551018714905,0.11559159308671951,0.7216644287109375,623693.2581120944,4594630.251474926,False,COMPACT_OTHER_FP
628,200.75,36,29,1.2413793103448276,0.6643330409242533,1.3379059507575823,0.7691570881226054,0.46471938490867615,0.21799637377262115,0.853118896484375,623952.6201743463,4594619.390410959,False,COMPACT_OTHER_FP
629,131.25,27,23,1.173913043478261,0.5213898785382534,1.171895264523463,0.8454106280193237,0.513486385345459,0.2033250480890274,0.7184371948242188,622301.36,4594614.024761905,True,TRUE_PIT_LABELED
630,123.0,26,26,1.0,0.631787425034128,1.2900867087725143,0.727810650887574,0.20380710065364838,0.11756815016269684,0.6312007904052734,622888.831300813,4594613.434959349,False,COMPACT_OTHER_FP
631,136.25,25,28,1.12,0.3181077905213057,1.0547916234009966,0.7785714285714286,0.5081461668014526,0.3279518485069275,0.6538543701171875,620612.9119266055,4594602.882568807,False,ROAD_LIKE_COMPACT
632,206.5,35,29,1.206896551724138,0.6279807124828726,1.284968981151231,0.8137931034482758,0.4620351791381836,0.2199275940656662,0.7630462646484375,621378.9715496368,4594598.832929782,False,COMPACT_OTHER_FP
633,197.0,32,31,1.032258064516129,0.549746290622343,1.197129264581107,0.7943548387096774,0.20233213901519775,0.10731827467679977,0.716033935546875,621984.2645939087,4594596.618654822,True,TRUE_PIT_LABELED
634,114.0,23,24,1.0434782608695652,0.35578660205015916,1.070013986879049,0.8260869565217391,0.21723464131355286,0.1002248078584671,0.614654541015625,621658.8245614035,4594596.83004386,False,COMPACT_OTHER_FP
635,191.5,31,31,1.0,0.19336056562449636,1.0192352468878982,0.7970863683662851,0.4656156897544861,0.1762903332710266,0.7389068603515625,622540.7473890339,4594594.167754569,False,COMPACT_OTHER_FP
636,302.5,43,38,1.131578947368421,0.5742133885793115,1.2214401694897132,0.7405140758873929,0.4250109791755676,0.21258549392223358,0.9067230224609375,621240.6252066116,4594586.250413223,True,TRUE_PIT_LABELED
637,267.25,38,38,1.0,0.6154132986888484,1.2687061402914146,0.7403047091412742,0.27586662769317627,0.11498312652111053,0.888702392578125,621878.6309635174,4594587.047708139,False,COMPACT_OTHER_FP
638,58.25,18,24,1.3333333333333333,0.8688395050251332,2.019819094564249,0.5393518518518519,0.23770859837532043,0.1480650007724762,0.56756591796875,623006.2317596567,4594578.7789699575,False,COMPACT_OTHER_FP
640,250.25,35,36,1.0285714285714285,0.2773977803659802,1.0408479130730532,0.7944444444444444,0.46077412366867065,0.21771806478500366,0.858154296875,620064.505994006,4594568.824675324,False,COMPACT_OTHER_FP
641,253.0,36,35,1.0285714285714285,0.2061143225828381,1.0219432493961733,0.8031746031746032,0.255158007144928,0.10668043047189713,0.841522216796875,621749.1669960475,4594567.330533597,False,COMPACT_OTHER_FP
642,308.5,37,45,1.2162162162162162,0.5730613830967017,1.2202377198192367,0.7411411411411412,0.4722909927368164,0.16226935386657715,0.8719940185546875,620477.1794975689,4594565.563209076,False,COMPACT_OTHER_FP
643,361.75,49,38,1.2894736842105263,0.633829597763864,1.292870427724719,0.7771213748657357,0.361221045255661,0.20478062331676483,0.906585693359375,620980.7304768487,4594555.703178991,False,COMPACT_OTHER_FP
644,265.75,38,38,1.0,0.24459550670550248,1.0313263257612943,0.7361495844875346,0.5181195139884949,0.18793198466300964,0.885162353515625,620724.2784571967,4594557.341486359,False,ROAD_LIKE_COMPACT
645,170.5,33,26,1.2692307692307692,0.5134462279837982,1.1653357783946647,0.7948717948717948,0.6008325815200806,0.2432725727558136,0.729644775390625,620211.137829912,4594548.0542522,False,ROAD_LIKE_COMPACT
646,286.25,43,34,1.2647058823529411,0.6294358004698101,1.2869143489626336,0.7831737346101231,0.39819419384002686,0.1597091555595398,0.9290771484375,623954.0550218341,4594541.339737991,False,COMPACT_OTHER_FP
647,256.0,37,38,1.027027027027027,0.66748655018282,1.3429635388013381,0.7283072546230441,0.54295414686203,0.23409056663513184,0.89447021484375,623180.8657226562,4594539.401855469,False,ROAD_LIKE_COMPACT
648,155.5,32,28,1.1428571428571428,0.6815898980421192,1.3666161107769044,0.6941964285714286,0.402304083108902,0.23425091803073883,0.730316162109375,619824.4220257235,4594533.176848874,False,COMPACT_OTHER_FP
649,158.75,28,32,1.1428571428571428,0.5235109162298978,1.17368279159788,0.7087053571428571,0.503996729850769,0.21872578561306,0.7217254638671875,622201.816535433,4594530.187401575,False,ROAD_LIKE_COMPACT
650,39.75,19,18,1.0555555555555556,0.8333408803636151,1.809105304488921,0.4649122807017544,0.18606477975845337,0.1302192062139511,0.5682506561279297,622960.9779874213,4594527.855345912,False,COMPACT_OTHER_FP
651,204.25,32,34,1.0625,0.0776514659812182,1.0030285781646624,0.7509191176470589,0.2924681305885315,0.12554827332496643,0.797332763671875,622072.2160342718,4594525.149326805,True,TRUE_PIT_LABELED
652,146.5,28,30,1.0714285714285714,0.46075768363273784,1.126727586279791,0.6976190476190476,0.4773133397102356,0.21187545359134674,0.7750091552734375,623832.4496587031,4594526.201365188,False,COMPACT_OTHER_FP
653,61.5,15,21,1.4,0.6488369311245151,1.3141856750449326,0.780952380952381,0.14360755681991577,0.06918749958276749,0.5823898315429688,622321.5081300813,4594527.5792682925,True,TRUE_PIT_LABELED
654,178.0,31,29,1.0689655172413792,0.5519804303019136,1.1992463003310583,0.7919911012235817,0.4302617311477661,0.26361361145973206,0.72442626953125,619555.4964887641,4594523.738764045,False,ROAD_LIKE_COMPACT
655,5.5,5,6,1.2,0.7485628455754987,1.5081503890737271,0.7333333333333333,0.22395440936088562,0.15990102291107178,0.4748106002807617,622963.6590909091,4594529.409090909,False,COMPACT_OTHER_FP
656,265.0,37,37,1.0,0.1729540671105689,1.015300691844073,0.7742878013148283,0.4744008183479309,0.17493534088134766,0.913330078125,619951.4179245284,4594521.305188679,False,COMPACT_OTHER_FP
657,30.25,10,19,1.9,0.9142993443809784,2.4688971737758263,0.6368421052631579,0.32368555665016174,0.21610242128372192,0.5335197448730469,622978.4628099174,4594519.983471074,False,COMPACT_OTHER_FP
658,187.0,34,28,1.2142857142857142,0.6111901291738132,1.263449717817505,0.7857142857142857,0.43349984288215637,0.17844751477241516,0.76715087890625,619684.7600267379,4594514.069518717,False,COMPACT_OTHER_FP
659,231.25,33,34,1.0303030303030303,0.3629483507724284,1.0731810084752407,0.8244206773618539,0.5360699892044067,0.16833558678627014,0.889251708984375,623685.3086486487,4594511.762162162,False,ROAD_LIKE_COMPACT
660,5.0,10,6,1.6666666666666667,0.9435058160476759,3.017902520875201,0.3333333333333333,0.20671141147613525,0.14179661870002747,0.4973487854003906,623084.725,4594516.85,False,ELONGATED_OTHER
661,198.75,32,34,1.0625,0.6036588867837772,1.2543231562733126,0.7306985294117647,0.5880000591278076,0.3022100627422333,0.8270416259765625,623569.0603773585,4594509.936477987,False,ROAD_LIKE_COMPACT
663,17.0,13,9,1.4444444444444444,0.8999741088659527,2.2938760339655775,0.5811965811965812,0.4345521926879883,0.2774026393890381,0.5638809204101562,623086.4779411765,4594509.330882353,False,ROAD_LIKE_COMPACT
664,163.0,29,29,1.0,0.3498679144187509,1.06746479945639,0.7752675386444708,0.24599450826644897,0.12847024202346802,0.6748046875,623308.7822085889,4594502.491564417,False,COMPACT_OTHER_FP
665,307.75,42,39,1.0769230769230769,0.42421313791076704,1.104286163444652,0.7515262515262515,0.4857216477394104,0.23229670524597168,0.8130340576171875,620849.5731112916,4594494.109260764,False,COMPACT_OTHER_FP
666,231.0,33,36,1.0909090909090908,0.3463647903824401,1.065984544443256,0.7777777777777778,0.5432873964309692,0.240738645195961,0.876861572265625,620829.7294372295,4594492.9264069265,False,ROAD_LIKE_COMPACT
667,312.25,40,42,1.05,0.4107053845183943,1.0967700982327477,0.743452380952381,0.41810283064842224,0.154801607131958,0.9159698486328125,621139.2506004804,4594484.415932747,True,TRUE_PIT_LABELED
668,230.5,34,36,1.0588235294117647,0.3865813469495709,1.08429844317701,0.7532679738562091,0.5527811646461487,0.3047844469547272,0.898468017578125,620590.670824295,4594484.038503254,False,ROAD_LIKE_COMPACT
669,441.5,30,74,2.466666666666667,0.9328463158528872,2.775660954836082,0.7954954954954955,0.4137140214443207,0.1415116786956787,0.837371826171875,621872.7785956964,4594485.78822197,True,TRUE_PIT_LABELED
670,120.75,27,23,1.173913043478261,0.6670426698514571,1.3422467209076763,0.7777777777777778,0.3515356183052063,0.14605775475502014,0.716888427734375,622672.8457556936,4594483.603519669,False,COMPACT_OTHER_FP
671,171.0,33,29,1.1379310344827587,0.49637037755598934,1.151926622892076,0.7147335423197492,0.5142173171043396,0.18850763142108917,0.733856201171875,620325.341374269,4594480.368421053,False,ROAD_LIKE_COMPACT
672,191.0,31,30,1.0333333333333334,0.3410752514493028,1.063789051461463,0.821505376344086,0.460986465215683,0.20588542520999908,0.763885498046875,622549.9247382199,4594475.658376964,False,COMPACT_OTHER_FP
673,262.25,36,36,1.0,0.41758648921127933,1.1005492869165416,0.8094135802469136,0.46535709500312805,0.1552400439977646,0.868927001953125,620061.1649189704,4594468.806959009,False,COMPACT_OTHER_FP
674,289.25,38,39,1.0263157894736843,0.5821923937575162,1.229935063608173,0.7807017543859649,0.19914200901985168,0.10081074386835098,0.8589324951171875,621629.9420916162,4594461.606309421,False,COMPACT_OTHER_FP
675,47.75,21,17,1.2352941176470589,0.8357489456383189,1.8211229743680069,0.5350140056022409,0.23979413509368896,0.1878451555967331,0.5656585693359375,621413.0104712042,4594463.230366492,False,COMPACT_OTHER_FP
676,178.0,28,34,1.2142857142857142,0.7109499262609665,1.421984321736832,0.7478991596638656,0.21721294522285461,0.1329972743988037,0.722015380859375,622833.1622191011,4594458.204353932,False,COMPACT_OTHER_FP
677,22.0,9,18,2.0,0.8729225923448042,2.0497736805630677,0.5432098765432098,0.1931474804878235,0.13975435495376587,0.5393180847167969,621149.5284090909,4594429.806818182,False,COMPACT_OTHER_FP
679,6.0,7,5,1.4,0.7365466526548077,1.4784441117057823,0.6857142857142857,0.11368420720100403,0.09112370014190674,0.5180492401123047,622462.3333333334,4594419.375,False,COMPACT_OTHER_FP
680,110.25,26,22,1.1818181818181819,0.5736926722135491,1.220895912735329,0.7709790209790209,0.4591502547264099,0.15008942782878876,0.6729354858398438,622289.5464852608,4594406.277777778,False,COMPACT_OTHER_FP
681,418.25,57,46,1.2391304347826086,0.8282377314973268,1.7845132727814121,0.6380625476735317,0.531209409236908,0.23753537237644196,0.91168212890625,621511.9485953377,4594397.466527197,False,ROAD_LIKE_COMPACT
682,191.75,32,32,1.0,0.45903755463550927,1.1255977244823805,0.7490234375,0.17250776290893555,0.09985974431037903,0.7873382568359375,621001.132333768,4594401.962842243,False,COMPACT_OTHER_FP
683,154.5,28,27,1.037037037037037,0.5054926748661551,1.15897565126235,0.8174603174603174,0.5358271598815918,0.30322539806365967,0.7379913330078125,620438.9927184467,4594401.192556635,False,ROAD_LIKE_COMPACT
684,105.5,24,24,1.0,0.4309448515683302,1.1081827186051105,0.7326388888888888,0.17969724535942078,0.12106084823608398,0.6761093139648438,622093.5924170616,4594400.424170616,False,COMPACT_OTHER_FP
685,100.75,24,24,1.0,0.6236193134839059,1.2792170244702354,0.6996527777777778,0.3432867228984833,0.15071050822734833,0.6564216613769531,619535.2133995037,4594400.153846154,False,COMPACT_OTHER_FP
686,57.75,17,20,1.1764705882352942,0.7681357642148131,1.5617996202587983,0.6794117647058824,0.24264194071292877,0.1146920919418335,0.5946617126464844,620373.0021645022,4594401.777056277,False,COMPACT_OTHER_FP
687,125.5,25,29,1.16,0.5365425239604177,1.1850120374537156,0.6924137931034483,0.5068659782409668,0.19828304648399353,0.76153564453125,620254.1902390438,4594393.680278884,False,ROAD_LIKE_COMPACT
688,156.75,24,31,1.2916666666666667,0.6395679979154545,1.3008391873979877,0.842741935483871,0.3007773160934448,0.14324821531772614,0.727020263671875,622194.033492823,4594390.8476874,True,TRUE_PIT_LABELED
689,113.25,20,27,1.35,0.7143831717570275,1.4290721524811616,0.8388888888888889,0.3035769462585449,0.17406503856182098,0.677734375,622803.6821192052,4594391.652317881,False,COMPACT_OTHER_FP
690,214.75,35,32,1.09375,0.5511334829076113,1.1984414139634072,0.7669642857142858,0.28841879963874817,0.13874046504497528,0.773712158203125,622563.5302677532,4594386.282305006,False,COMPACT_OTHER_FP
691,187.75,32,32,1.0,0.2642220502406305,1.0368476204277268,0.7333984375,0.3762623071670532,0.14901728928089142,0.798095703125,621617.3528628495,4594361.763648469,False,COMPACT_OTHER_FP
692,185.5,31,31,1.0,0.35817064265745224,1.0710581288433436,0.7721123829344433,0.5631977915763855,0.11351405829191208,0.81170654296875,621738.929245283,4594353.032345014,False,ROAD_LIKE_COMPACT
693,167.75,28,29,1.0357142857142858,0.24997564586473126,1.032788851955953,0.8263546798029556,0.23970511555671692,0.13120511174201965,0.700439453125,622938.131147541,4594350.108792846,False,COMPACT_OTHER_FP
694,80.25,23,21,1.0952380952380953,0.5670638478916527,1.21407279571338,0.6645962732919255,0.3413628935813904,0.1824588030576706,0.6112823486328125,619861.5311526479,4594349.180685358,False,COMPACT_OTHER_FP
695,186.5,33,31,1.064516129032258,0.326737607049138,1.0580721956687646,0.729227761485826,0.46438539028167725,0.16531212627887726,0.754302978515625,619931.207774799,4594345.738605898,False,COMPACT_OTHER_FP
696,26.75,10,17,1.7,0.8654455113507504,1.9959957899240752,0.6294117647058823,0.14608724415302277,0.08580177277326584,0.5373382568359375,620707.5514018692,4594345.8084112145,False,COMPACT_OTHER_FP
697,205.0,36,33,1.0909090909090908,0.5409822772394665,1.189012583917734,0.6902356902356902,0.4871513545513153,0.247719407081604,0.80615234375,619779.6170731707,4594334.7274390245,False,COMPACT_OTHER_FP
699,30.0,16,15,1.0666666666666667,0.8634837106802902,1.982645013381507,0.5,0.1926007717847824,0.132624089717865,0.5499801635742188,620162.9083333333,4594313.516666667,False,COMPACT_OTHER_FP
700,317.75,41,41,1.0,0.38539103764224897,1.0837132134380454,0.7560975609756098,0.29809316992759705,0.1431150734424591,0.8440399169921875,619529.2773406766,4594301.575137687,False,COMPACT_OTHER_FP
701,209.0,34,31,1.096774193548387,0.508041257079308,1.1609915180025503,0.793168880455408,0.38745367527008057,0.21148306131362915,0.74896240234375,619586.5137559809,4594301.877392344,False,COMPACT_OTHER_FP
702,78.25,23,26,1.1304347826086956,0.7486187273136902,1.5082939083794076,0.5234113712374582,0.25411462783813477,0.13733118772506714,0.691741943359375,620902.3434504792,4594299.9329073485,False,COMPACT_OTHER_FP
703,69.25,18,24,1.3333333333333333,0.6629078968938916,1.3356467533899736,0.6412037037037037,0.29813364148139954,0.16129451990127563,0.605621337890625,620734.1606498195,4594291.85198556,False,COMPACT_OTHER_FP
704,109.5,26,23,1.1304347826086956,0.5369017482112232,1.1853330040667232,0.7324414715719063,0.3113745152950287,0.1102767139673233,0.6475677490234375,621496.3447488585,4594267.721461187,False,COMPACT_OTHER_FP
705,131.5,26,25,1.04,0.2858178729317207,1.0435320261851588,0.8092307692307692,0.26038944721221924,0.1287386417388916,0.6367645263671875,621564.6673003802,4594264.19486692,False,COMPACT_OTHER_FP
706,120.0,26,23,1.1304347826086956,0.5117537212935195,1.1639652263597202,0.802675585284281,0.22329238057136536,0.12349540740251541,0.701080322265625,620891.596875,4594259.779166667,False,COMPACT_OTHER_FP
707,35.5,13,15,1.1538461538461537,0.67219046400736,1.3506609295313559,0.7282051282051282,0.16456717252731323,0.10599959641695023,0.5639457702636719,621063.0211267605,4594261.940140845,False,COMPACT_OTHER_FP
708,90.25,26,18,1.4444444444444444,0.7237751314734894,1.4491999379137626,0.7713675213675214,0.4782547056674957,0.15912970900535583,0.6540069580078125,622567.7936288088,4594254.459833795,False,COMPACT_OTHER_FP
709,427.25,51,43,1.186046511627907,0.6048978475831623,1.2558032564290527,0.779297765617875,0.24941205978393555,0.1123216524720192,0.822967529296875,621584.6705675834,4594216.287887653,False,COMPACT_OTHER_FP
710,142.75,27,28,1.037037037037037,0.48581334665779186,1.1440828424579388,0.7552910052910053,0.22965599596500397,0.07832705229520798,0.6779556274414062,622435.2994746059,4594218.998248686,False,COMPACT_OTHER_FP
711,24.0,9,13,1.4444444444444444,0.7201797750541946,1.441363535219508,0.8205128205128205,0.15688970685005188,0.08444512635469437,0.5682640075683594,621800.9114583334,4594208.34375,False,COMPACT_OTHER_FP
713,193.0,37,28,1.3214285714285714,0.6241915160635686,1.279964990768994,0.7451737451737451,0.4525575637817383,0.1618977040052414,0.805816650390625,622106.2914507772,4594197.706606218,False,COMPACT_OTHER_FP
714,35.0,15,12,1.25,0.6842598195100856,1.3712938539509252,0.7777777777777778,0.13939638435840607,0.08889702707529068,0.5777244567871094,621801.1035714286,4594201.196428572,False,COMPACT_OTHER_FP
715,60.75,17,16,1.0625,0.46344776410996896,1.128509924544431,0.8933823529411765,0.1918841004371643,0.08515798300504684,0.6636009216308594,621808.1152263375,4594200.300411522,False,COMPACT_OTHER_FP
716,126.0,26,23,1.1304347826086956,0.5898686290239488,1.2383912794170822,0.842809364548495,0.35398629307746887,0.1634853333234787,0.718536376953125,621510.6001984127,4594166.381944444,False,COMPACT_OTHER_FP
717,6.75,5,8,1.6,0.7920327200223879,1.6380589488036141,0.675,0.43028199672698975,0.3705871105194092,0.50018310546875,620508.1481481482,4594107.203703703,False,ROAD_LIKE_COMPACT
718,133.0,26,31,1.1923076923076923,0.8051601134355061,1.6861771570972266,0.6600496277915633,0.4968262016773224,0.2479984611272812,0.690032958984375,620512.0808270677,4594101.336466165,False,COMPACT_OTHER_FP
719,143.25,27,29,1.0740740740740742,0.5322152649265334,1.1811827198182907,0.7318007662835249,0.46150216460227966,0.20566579699516296,0.68267822265625,619774.5436300174,4594089.27399651,False,COMPACT_OTHER_FP
720,255.0,36,35,1.0285714285714285,0.4659873160646121,1.1302099005006088,0.8095238095238095,0.29289859533309937,0.0938338041305542,0.843719482421875,622333.8828431373,4594069.2656862745,False,COMPACT_OTHER_FP
721,119.25,28,22,1.2727272727272727,0.6001079781330442,1.2501265674812718,0.7743506493506493,0.4870939254760742,0.27139005064964294,0.6646728515625,619505.0157232705,4594060.404612159,False,ROAD_LIKE_COMPACT
722,160.75,31,31,1.0,0.36741456712950105,1.0752025990822678,0.6690946930280958,0.5284117460250854,0.3150254189968109,0.6493377685546875,622440.965785381,4594052.225505443,False,ROAD_LIKE_COMPACT
723,146.75,25,28,1.12,0.4933022273200443,1.1496129463275344,0.8385714285714285,0.47472265362739563,0.20100173354148865,0.755218505859375,619599.8637137989,4594049.942078365,False,COMPACT_OTHER_FP
724,82.75,23,21,1.0952380952380953,0.597346157547245,1.246908413615713,0.6853002070393375,0.282648503780365,0.13664396107196808,0.636260986328125,620551.1933534744,4594031.271903323,False,COMPACT_OTHER_FP
725,154.75,27,29,1.0740740740740742,0.3418540023638391,1.0641093145791378,0.7905491698595147,0.4523770213127136,0.17462271451950073,0.7466354370117188,621139.6518578352,4594029.994345719,False,COMPACT_OTHER_FP
726,40.5,19,17,1.1176470588235294,0.44659030277511585,1.1176449054648296,0.5015479876160991,0.42879724502563477,0.31683242321014404,0.5347976684570312,620825.512345679,4594028.685185186,False,ROAD_LIKE_COMPACT
727,7.25,6,6,1.0,0.4286237669100916,1.1068275963306224,0.8055555555555556,0.46426159143447876,0.4520527124404907,0.4784660339355469,620825.6551724138,4594029.551724138,False,ROAD_LIKE_COMPACT
728,59.25,20,21,1.05,0.846567017414274,1.8787028718721448,0.5642857142857143,0.285770446062088,0.17113254964351654,0.5737991333007812,619907.6772151899,4594007.217299578,False,COMPACT_OTHER_FP
729,38.5,16,19,1.1875,0.8896078318889388,2.189500397365598,0.506578947368421,0.11626138538122177,0.08688876777887344,0.55291748046875,620032.25,4594007.555194805,False,COMPACT_OTHER_FP
730,15.5,5,15,3.0,0.9362339413118116,2.845943660188597,0.8266666666666667,0.30985844135284424,0.17010782659053802,0.5385589599609375,622223.0967741936,4594011.129032258,False,COMPACT_OTHER_FP
731,90.5,26,21,1.2380952380952381,0.6178285218723848,1.271758415549334,0.663003663003663,0.40092527866363525,0.15951545536518097,0.626312255859375,620305.1132596685,4593958.1726519335,False,COMPACT_OTHER_FP
732,171.75,29,30,1.0344827586206897,0.3778079405528524,1.080048918095647,0.7896551724137931,0.28020045161247253,0.06847725063562393,0.802276611328125,622019.4199417759,4593955.451237263,False,COMPACT_OTHER_FP
733,125.75,22,27,1.2272727272727273,0.6237050697724125,1.279328995353297,0.8468013468013468,0.6646491289138794,0.315109521150589,0.697601318359375,619633.8489065607,4593953.262425447,False,ROAD_LIKE_COMPACT
734,201.75,35,31,1.1290322580645162,0.5416596616018988,1.1896294448088272,0.743778801843318,0.5516484379768372,0.3641989231109619,0.7837371826171875,621263.5600991326,4593924.101610905,False,ROAD_LIKE_COMPACT
735,106.0,26,23,1.1304347826086956,0.57401496816364,1.2212326348832683,0.7090301003344481,0.5013785362243652,0.20612505078315735,0.66827392578125,620828.7724056604,4593924.153301887,False,ROAD_LIKE_COMPACT
736,18.5,15,10,1.5,0.8826493938048021,2.1275148832581707,0.49333333333333335,0.28373175859451294,0.1644866168498993,0.5463714599609375,621163.7364864865,4593907.506756756,False,COMPACT_OTHER_FP
737,213.0,33,36,1.0909090909090908,0.3995299898608959,1.0908454750298584,0.7171717171717171,0.5139734148979187,0.18182580173015594,0.809326171875,619740.8116197183,4593902.181924882,False,ROAD_LIKE_COMPACT
739,102.25,27,22,1.2272727272727273,0.7444838996560141,1.4978122626983548,0.6885521885521886,0.394171804189682,0.17129258811473846,0.678863525390625,620124.1882640587,4593897.3190709045,False,COMPACT_OTHER_FP
741,155.0,25,31,1.24,0.6152396275816382,1.2684879656583623,0.8,0.47892484068870544,0.2459801882505417,0.675628662109375,619875.6080645161,4593892.249193548,False,COMPACT_OTHER_FP
742,12.5,7,11,1.5714285714285714,0.909052639639369,2.3999157661380224,0.6493506493506493,0.18184365332126617,0.14719662070274353,0.532501220703125,620215.31,4593887.39,False,COMPACT_OTHER_FP
743,57.25,21,15,1.4,0.7585517041029685,1.5346535800081755,0.726984126984127,0.24766188859939575,0.11200843006372452,0.5864734649658203,622503.4606986899,4593879.967248908,False,COMPACT_OTHER_FP
744,133.25,30,31,1.0333333333333334,0.6214156637029756,1.2763550388277654,0.5731182795698925,0.41765743494033813,0.1933104246854782,0.6962890625,620014.1679174484,4593874.737335835,False,COMPACT_OTHER_FP
745,15.75,10,10,1.0,0.8107832742934569,1.7083899240139169,0.63,0.17140765488147736,0.11992785334587097,0.545166015625,620209.7063492064,4593880.0,False,COMPACT_OTHER_FP
747,84.75,23,23,1.0,0.419340449473719,1.1015289695019523,0.6408317580340265,0.3521943688392639,0.18643397092819214,0.5691375732421875,620278.3672566372,4593872.790560472,False,COMPACT_OTHER_FP
748,198.75,34,32,1.0625,0.6999791398935807,1.4002399942018093,0.7306985294117647,0.40221598744392395,0.20787793397903442,0.7076416015625,621288.8100628931,4593862.070440251,False,COMPACT_OTHER_FP
749,158.75,31,31,1.0,0.47715788816729954,1.1378925680804661,0.6607700312174818,0.6149052977561951,0.3540630042552948,0.689300537109375,620199.011023622,4593860.790551181,False,ROAD_LIKE_COMPACT
750,18.5,14,6,2.3333333333333335,0.8809958575577385,2.113610904517804,0.8809523809523809,0.4083603024482727,0.23866315186023712,0.5279924869537354,620191.3243243244,4593847.412162162,False,COMPACT_OTHER_FP
751,26.25,18,8,2.25,0.9135955454552382,2.4592736574987777,0.7291666666666666,0.4568749964237213,0.2662157416343689,0.5552635192871094,620199.4142857143,4593845.338095238,False,ROAD_LIKE_COMPACT
752,7.5,7,6,1.1666666666666667,0.6397555469302538,1.3011033481491274,0.7142857142857143,0.3336421251296997,0.25183549523353577,0.4471096992492676,620195.35,4593845.916666667,False,ROAD_LIKE_COMPACT
753,152.0,27,36,1.3333333333333333,0.7895639668116876,1.6295449076600979,0.6255144032921811,0.44554638862609863,0.2202034294605255,0.6374320983886719,621627.6875,4593832.126644737,False,COMPACT_OTHER_FP
755,222.0,31,34,1.096774193548387,0.4202973669558727,1.1020663005548734,0.8425047438330171,0.483901709318161,0.2675684690475464,0.778472900390625,621248.2747747748,4593799.818693694,False,ROAD_LIKE_COMPACT
757,115.0,27,26,1.0384615384615385,0.5042697263686656,1.1580156309305745,0.6552706552706553,0.3478139638900757,0.1771804690361023,0.784637451171875,619976.5826086956,4593789.5586956525,False,COMPACT_OTHER_FP
760,39.75,20,22,1.1,0.867142805494526,2.007791880141573,0.3613636363636364,0.4446420669555664,0.24732640385627747,0.5465240478515625,620180.6132075472,4593779.254716981,False,COMPACT_OTHER_FP
761,206.75,33,32,1.03125,0.4128950083579974,1.0979616424214538,0.7831439393939394,0.3855675160884857,0.1477596014738083,0.8143463134765625,621143.8555018138,4593774.8881499395,False,COMPACT_OTHER_FP
762,172.25,30,28,1.0714285714285714,0.4178218585274625,1.1006803633852498,0.8202380952380952,0.47152742743492126,0.25784832239151,0.75799560546875,619877.3011611031,4593773.226415094,False,ROAD_LIKE_COMPACT
767,13.0,13,7,1.8571428571428572,0.9040709695376687,2.3398251600859403,0.5714285714285714,0.12823933362960815,0.09117727726697922,0.5140380859375,620373.2115384615,4593759.826923077,False,COMPACT_OTHER_FP
768,4.0,6,4,1.5,0.8908127444391519,2.200846556648343,0.6666666666666666,0.24456772208213806,0.1791141927242279,0.5081100463867188,620366.46875,4593757.53125,False,COMPACT_OTHER_FP
770,89.25,22,24,1.0909090909090908,0.48140738001987854,1.140905259005292,0.6761363636363636,0.4067297577857971,0.2599102258682251,0.6024513244628906,620845.9845938375,4593750.711484594,False,ROAD_LIKE_COMPACT
771,168.0,30,28,1.0714285714285714,0.4181148166260399,1.1008436795597838,0.8,0.3277071714401245,0.18660882115364075,0.742919921875,620201.8950892857,4593739.663690476,False,COMPACT_OTHER_FP
772,111.25,24,27,1.125,0.5642941021980991,1.2112786898821992,0.6867283950617284,0.518164873123169,0.2186400443315506,0.6270980834960938,621683.3865168539,4593740.67752809,False,ROAD_LIKE_COMPACT
773,157.5,27,33,1.2222222222222223,0.5066454563493787,1.1598849164602614,0.7070707070707071,0.49340859055519104,0.3645814061164856,0.680999755859375,621975.9873015874,4593717.313492063,False,ROAD_LIKE_COMPACT
774,85.0,26,22,1.1818181818181819,0.8238440232961641,1.7642391753836313,0.5944055944055944,0.2563662827014923,0.1320030391216278,0.6442718505859375,619516.5955882353,4593708.039705883,False,COMPACT_OTHER_FP
775,181.75,28,33,1.1785714285714286,0.5957174037866534,1.2450290537149833,0.7867965367965368,0.4859960973262787,0.24994811415672302,0.7523193359375,620887.8651994498,4593706.312242091,False,COMPACT_OTHER_FP
776,70.75,24,15,1.6,0.7884441312003242,1.6257350621338036,0.7861111111111111,0.2512147128582001,0.12029581516981125,0.6397323608398438,621999.945229682,4593693.208480566,False,COMPACT_OTHER_FP
777,27.0,26,6,4.333333333333333,0.9808557755485188,5.135168318052203,0.6923076923076923,0.33980026841163635,0.24182552099227905,0.556304931640625,621994.6157407408,4593691.731481481,False,ELONGATED_OTHER
778,263.25,35,38,1.0857142857142856,0.5127326406125039,1.1647567901972031,0.7917293233082707,0.5064693689346313,0.22058120369911194,0.845458984375,620990.9520417853,4593681.580246913,False,ROAD_LIKE_COMPACT
779,105.25,28,29,1.0357142857142858,0.8456631941601401,1.87365238501336,0.5184729064039408,0.5753494501113892,0.2993895411491394,0.61614990234375,619754.5950118764,4593672.078384798,False,ROAD_LIKE_COMPACT
780,145.25,28,31,1.1071428571428572,0.6129998733531778,1.2656897987777898,0.6693548387096774,0.45159855484962463,0.24140964448451996,0.772216796875,621287.0602409638,4593664.981927711,False,COMPACT_OTHER_FP
781,89.5,14,37,2.642857142857143,0.9348909477966957,2.817416585854901,0.6911196911196911,0.4855569005012512,0.2500714361667633,0.666961669921875,619624.593575419,4593662.864525139,False,ROAD_LIKE_COMPACT
782,32.75,14,14,1.0,0.3938713681936737,1.0879432743066144,0.6683673469387755,0.3503657877445221,0.15532413125038147,0.583831787109375,619731.7633587787,4593663.320610687,False,COMPACT_OTHER_FP
783,17.5,7,12,1.7142857142857142,0.8010022521224811,1.670393500010381,0.8333333333333334,0.2086622714996338,0.16687507927417755,0.544342041015625,619865.6071428572,4593665.457142857,False,COMPACT_OTHER_FP
784,4.0,6,4,1.5,0.9096261328528378,2.407156863365087,0.6666666666666666,0.36954253911972046,0.27265799045562744,0.5037841796875,619737.28125,4593664.15625,False,ROAD_LIKE_COMPACT
785,156.5,30,27,1.1111111111111112,0.45842001692118234,1.1251939532562896,0.7728395061728395,0.4754957854747772,0.1741863340139389,0.740692138671875,622959.9432907348,4593658.387380192,False,COMPACT_OTHER_FP
787,30.5,10,17,1.7,0.8355697451581339,1.8202191940601635,0.7176470588235294,0.3193262219429016,0.21115674078464508,0.5326118469238281,619621.094262295,4593657.577868853,False,COMPACT_OTHER_FP
788,22.0,10,15,1.5,0.8530207894394478,1.9161605687578982,0.5866666666666667,0.4169178307056427,0.29005640745162964,0.5435028076171875,620411.5340909091,4593645.153409091,False,ROAD_LIKE_COMPACT
789,7.25,7,6,1.1666666666666667,0.6374585722985594,1.2978844198632296,0.6904761904761905,0.12747052311897278,0.09375101327896118,0.5217208862304688,620616.7586206896,4593630.413793104,False,COMPACT_OTHER_FP
792,124.75,20,30,1.5,0.7609967345093238,1.541412254260427,0.8316666666666667,0.43137457966804504,0.12824983894824982,0.770294189453125,620222.1573146293,4593623.7134268535,False,COMPACT_OTHER_FP
793,14.5,6,14,2.3333333333333335,0.9244094508433078,2.621908365575286,0.6904761904761905,0.16357898712158203,0.10029138624668121,0.5799713134765625,620618.4051724138,4593627.0344827585,False,COMPACT_OTHER_FP
795,153.5,27,32,1.1851851851851851,0.6289728285231064,1.2862939355852223,0.7106481481481481,0.47765544056892395,0.2205091118812561,0.71295166015625,620845.065960912,4593591.030944626,False,COMPACT_OTHER_FP
796,22.25,13,12,1.0833333333333333,0.8516461645664897,1.907970302646399,0.5705128205128205,0.2194211184978485,0.16698843240737915,0.5707244873046875,619665.1460674157,4593584.988764045,False,COMPACT_OTHER_FP
797,61.25,22,16,1.375,0.7500176156253066,1.5119035500506828,0.6960227272727273,0.21272224187850952,0.1500411033630371,0.59881591796875,619669.8163265307,4593580.440816326,False,COMPACT_OTHER_FP
798,102.5,31,19,1.631578947368421,0.8273620243767996,1.7804079914219633,0.6960950764006791,0.3524762690067291,0.15237577259540558,0.6267738342285156,622866.7170731707,4593554.818292683,False,COMPACT_OTHER_FP
800,68.75,19,21,1.105263157894737,0.48088987582216824,1.1405356599958405,0.6892230576441103,0.2070155143737793,0.06918396055698395,0.6038417816162109,620445.1818181818,4593543.776363636,False,COMPACT_OTHER_FP
801,160.25,28,31,1.1071428571428572,0.4840290096322409,1.1427892918574456,0.738479262672811,0.526579737663269,0.23852801322937012,0.7413711547851562,619996.3861154446,4593538.156786271,False,ROAD_LIKE_COMPACT
802,8.75,11,6,1.8333333333333333,0.9232302534095373,2.6024914143996507,0.5303030303030303,0.4068106412887573,0.3261454403400421,0.5118560791015625,620239.8571428572,4593541.514285714,False,ROAD_LIKE_COMPACT
803,26.25,16,9,1.7777777777777777,0.8842709486998974,2.141445999615922,0.7291666666666666,0.227867990732193,0.10768001526594162,0.5493545532226562,619861.5666666667,4593539.557142857,False,COMPACT_OTHER_FP
804,217.5,37,32,1.15625,0.5650803670839942,1.2120685200190027,0.7347972972972973,0.5459314584732056,0.21155868470668793,0.8321533203125,622841.8413793104,4593533.65,False,ROAD_LIKE_COMPACT
805,13.25,14,11,1.2727272727272727,0.9624333878520321,3.6829983340488957,0.34415584415584416,0.22622525691986084,0.09499011188745499,0.5130271911621094,620440.3490566037,4593538.754716981,False,ELONGATED_OTHER
806,10.0,7,9,1.2857142857142858,0.8742597739329822,2.0599087834640626,0.6349206349206349,0.4022751450538635,0.325498104095459,0.5229873657226562,620233.725,4593539.9375,False,ROAD_LIKE_COMPACT
807,122.25,26,28,1.0769230769230769,0.6658266854779725,1.340291333529935,0.6717032967032966,0.4278952181339264,0.1920463740825653,0.6963958740234375,620534.890593047,4593535.2443762785,False,COMPACT_OTHER_FP
808,104.5,27,27,1.0,0.6932198004503959,1.3874893809649387,0.5733882030178327,0.3708517551422119,0.11934636533260345,0.74285888671875,619720.6626794258,4593529.793062201,False,COMPACT_OTHER_FP
810,91.75,22,22,1.0,0.2848109953720001,1.0432057284811205,0.7582644628099173,0.251756489276886,0.12126991152763367,0.625030517578125,620393.4700272479,4593527.277929155,False,COMPACT_OTHER_FP
811,161.25,31,27,1.1481481481481481,0.48497335856566753,1.1434727553053672,0.7706093189964157,0.5058591365814209,0.23215876519680023,0.733184814453125,620135.5093023255,4593515.768992248,False,ROAD_LIKE_COMPACT
812,68.0,35,28,1.25,0.9024154025315918,2.320901374642229,0.27755102040816326,0.4574686884880066,0.31876757740974426,0.5752410888671875,619615.1727941176,4593512.244485294,False,ROAD_LIKE_COMPACT
813,29.5,19,18,1.0555555555555556,0.852063583790368,1.9104448578355386,0.34502923976608185,0.20817893743515015,0.11497829854488373,0.5193328857421875,620120.593220339,4593495.830508474,False,COMPACT_OTHER_FP
814,4.5,6,4,1.5,0.7226591383582848,1.4467496753902314,0.75,0.1535491794347763,0.11812695860862732,0.4376678466796875,620118.6944444445,4593496.638888889,False,COMPACT_OTHER_FP
815,130.5,28,28,1.0,0.6277456001651252,1.2846558980930731,0.6658163265306123,0.479381799697876,0.1404097080230713,0.789459228515625,620935.8812260537,4593474.189655173,False,COMPACT_OTHER_FP
816,30.75,7,22,3.142857142857143,0.9444448950796515,3.0425673042751855,0.7987012987012987,0.285421758890152,0.206896111369133,0.603179931640625,620641.3821138211,4593469.743902439,False,ELONGATED_OTHER
817,64.25,17,23,1.3529411764705883,0.6945191300003896,1.3899038328670417,0.6572890025575447,0.3192180395126343,0.18700334429740906,0.5911026000976562,620639.9591439689,4593463.4182879375,False,COMPACT_OTHER_FP
818,39.0,16,17,1.0625,0.4327103055371309,1.1092217085071892,0.5735294117647058,0.3177449703216553,0.10767614841461182,0.5676488876342773,620811.75,4593464.118589744,False,COMPACT_OTHER_FP
819,50.75,20,14,1.4285714285714286,0.7061041114845151,1.4122138939877895,0.725,0.3007371425628662,0.17163307964801788,0.5730209350585938,621748.4926108374,4593463.268472906,False,COMPACT_OTHER_FP
820,67.25,16,25,1.5625,0.7853783567943973,1.6154670685601904,0.6725,0.21692250669002533,0.11894376575946808,0.677398681640625,619943.5074349443,4593432.855018588,False,COMPACT_OTHER_FP
821,187.75,31,30,1.0333333333333334,0.3244643738315615,1.0571965342350207,0.8075268817204301,0.5164125561714172,0.24043096601963043,0.8515625,619856.0099866844,4593406.79494008,False,ROAD_LIKE_COMPACT
822,84.25,26,18,1.4444444444444444,0.775841048440625,1.584965857986388,0.7200854700854701,0.2648698091506958,0.15861989557743073,0.6069107055664062,620388.6023738872,4593406.597922849,False,COMPACT_OTHER_FP
823,59.5,21,21,1.0,0.6947611934003457,1.3903555379189454,0.5396825396825397,0.35700690746307373,0.22442226111888885,0.5841598510742188,619963.9327731093,4593406.787815126,False,COMPACT_OTHER_FP
824,4.0,6,4,1.5,0.7601585059649459,1.5390826776335989,0.6666666666666666,0.23798763751983643,0.19748656451702118,0.5071487426757812,620382.21875,4593406.875,False,COMPACT_OTHER_FP
825,22.25,15,8,1.875,0.8785329601915586,2.09344408906882,0.7416666666666667,0.26312577724456787,0.16229386627674103,0.54150390625,619766.0730337079,4593402.213483146,False,COMPACT_OTHER_FP
826,192.25,33,30,1.1,0.44654127196948906,1.1176143387905921,0.7767676767676768,0.4184889495372772,0.16911932826042175,0.818572998046875,620130.4024707412,4593397.514304291,False,COMPACT_OTHER_FP
827,226.5,33,34,1.0303030303030303,0.2560667648144984,1.0344908582104466,0.8074866310160428,0.6657366156578064,0.30621951818466187,0.8553466796875,622714.1219646799,4593397.504966888,False,ROAD_LIKE_COMPACT
828,57.75,20,18,1.1111111111111112,0.7615407793800808,1.5429312997117675,0.6416666666666667,0.37564921379089355,0.2575104534626007,0.5599212646484375,619505.3874458874,4593376.822510823,False,ROAD_LIKE_COMPACT
829,77.0,21,23,1.0952380952380953,0.6006853575725569,1.2508043878935897,0.6376811594202898,0.5386263132095337,0.3574836254119873,0.6098403930664062,620614.525974026,4593365.52435065,False,ROAD_LIKE_COMPACT
831,22.25,11,16,1.4545454545454546,0.905809316953654,2.360240748385484,0.5056818181818182,0.22798456251621246,0.16715070605278015,0.5448455810546875,620524.8146067415,4593334.668539326,False,COMPACT_OTHER_FP
832,42.5,20,18,1.1111111111111112,0.8600677165742555,1.9600929286419764,0.4722222222222222,0.2677431106567383,0.18419012427330017,0.5466461181640625,621508.1147058824,4593322.094117647,False,COMPACT_OTHER_FP
833,204.25,34,34,1.0,0.4273730185324065,1.1061024509859527,0.7067474048442907,0.5604932308197021,0.3424811065196991,0.6782379150390625,619750.0104039168,4593314.474296206,False,ROAD_LIKE_COMPACT
834,164.75,31,27,1.1481481481481481,0.4653600234441232,1.1297884115555763,0.7873357228195937,0.4903881549835205,0.21578317880630493,0.785003662109375,619608.5675265554,4593290.2154779965,False,COMPACT_OTHER_FP
835,140.5,28,27,1.037037037037037,0.43434069093742084,1.1101875969731134,0.7433862433862434,0.49787968397140503,0.22454892098903656,0.650421142578125,619717.7704626335,4593289.6948398575,False,COMPACT_OTHER_FP
836,112.5,22,25,1.1363636363636365,0.5564873056624127,1.2035778346094046,0.8181818181818182,0.43483489751815796,0.19012227654457092,0.6893997192382812,619851.5066666667,4593272.685555556,False,COMPACT_OTHER_FP
837,5.0,5,6,1.2,0.7326069082654006,1.4691795944080877,0.6666666666666666,0.11746647953987122,0.10176645219326019,0.5203332901000977,619895.275,4593267.1,False,COMPACT_OTHER_FP
839,203.5,34,30,1.1333333333333333,0.46603000537450456,1.130238621992759,0.7980392156862746,0.45285701751708984,0.22333258390426636,0.8149032592773438,620372.242014742,4593257.388206388,False,COMPACT_OTHER_FP
840,137.75,29,28,1.0357142857142858,0.6304084708911996,1.2882222147047564,0.6785714285714286,0.38993507623672485,0.14348316192626953,0.7035140991210938,620240.72323049,4593252.606170599,False,COMPACT_OTHER_FP
841,166.5,37,28,1.3214285714285714,0.6876389719169752,1.3773103317640323,0.6428571428571429,0.4066852033138275,0.18836140632629395,0.700408935546875,622335.3003003004,4593221.932432433,False,COMPACT_OTHER_FP
842,97.0,23,33,1.434782608695652,0.8417214279067177,1.8521534617360114,0.5111989459815547,0.42512887716293335,0.186009481549263,0.5981216430664062,619602.0786082475,4593216.532216495,False,COMPACT_OTHER_FP
843,24.25,20,6,3.3333333333333335,0.9471156483492149,3.116309145922701,0.8083333333333333,0.156331866979599,0.10480441153049469,0.5837173461914062,621610.4432989691,4593155.273195877,False,ELONGATED_OTHER
845,9.25,7,7,1.0,0.593110926500262,1.2420497108863418,0.7551020408163265,0.3035053610801697,0.23426851630210876,0.5353317260742188,621614.4054054054,4593151.513513514,False,COMPACT_OTHER_FP
847,163.5,29,28,1.0357142857142858,0.4772811168880068,1.1379792210624855,0.8054187192118226,0.47828513383865356,0.1929364651441574,0.707763671875,620117.3157492355,4593139.647553517,False,COMPACT_OTHER_FP
848,10.75,7,9,1.2857142857142858,0.7771532793656688,1.5890385474857214,0.6825396825396826,0.16423740983009338,0.12063682079315186,0.5146408081054688,619892.3604651163,4593141.73255814,False,COMPACT_OTHER_FP
849,61.25,21,15,1.4,0.7265606615187945,1.4553873033108427,0.7777777777777778,0.5124952793121338,0.3719329237937927,0.5833969116210938,620367.6489795918,4593132.967346938,False,ROAD_LIKE_COMPACT
850,24.0,18,7,2.5714285714285716,0.9387328052357492,2.901529714905008,0.7619047619047619,0.34229668974876404,0.2904716730117798,0.586578369140625,620362.34375,4593132.270833333,False,ROAD_LIKE_COMPACT
851,140.5,29,27,1.0740740740740742,0.5487492327447483,1.1961908366843668,0.7177522349936143,0.25348207354545593,0.1514454036951065,0.733734130859375,620069.3176156584,4593129.067615658,False,COMPACT_OTHER_FP
852,188.0,35,28,1.25,0.6422506087858367,1.304640428877179,0.7673469387755102,0.47563573718070984,0.19743971526622772,0.7949066162109375,620506.1289893617,4593124.289893617,False,COMPACT_OTHER_FP
854,41.5,19,13,1.4615384615384615,0.8129705024244853,1.7173134739047244,0.6720647773279352,0.33650821447372437,0.1876097321510315,0.5576515197753906,620054.0903614458,4593117.394578313,False,COMPACT_OTHER_FP
858,141.0,28,27,1.037037037037037,0.5325651368894214,1.181489805654953,0.746031746031746,0.48125582933425903,0.2756713032722473,0.6607666015625,619574.9494680851,4593063.412234043,False,ROAD_LIKE_COMPACT
859,149.0,27,28,1.037037037037037,0.359838698503783,1.0717946710053605,0.7883597883597884,0.4457255005836487,0.19331881403923035,0.6666069030761719,620667.7843959732,4593063.062919463,False,COMPACT_OTHER_FP
860,108.5,27,23,1.173913043478261,0.35064835001264927,1.06779745054881,0.6988727858293076,0.27557599544525146,0.15457430481910706,0.6203937530517578,621658.8778801843,4593062.655529954,False,COMPACT_OTHER_FP
861,105.75,26,26,1.0,0.3550740187484587,1.0697038384321846,0.6257396449704142,0.45119762420654297,0.2196313589811325,0.5869827270507812,620099.3841607565,4593025.620567376,False,COMPACT_OTHER_FP
862,93.5,25,25,1.0,0.8172514568117936,1.7352638737953683,0.5984,0.34070447087287903,0.14222605526447296,0.6357421875,619853.7205882353,4593020.109625668,False,COMPACT_OTHER_FP
863,40.0,20,16,1.25,0.8912421941342412,2.204937110947194,0.5,0.15475885570049286,0.10007910430431366,0.5662078857421875,619975.946875,4593016.725,False,COMPACT_OTHER_FP
