pit_bottom_elev_m,rim_mean_elev_m,rim_max_elev_m,depth_from_rim_mean_m,depth_from_rim_max_m,rim_radius_m,effective_radius_m,diameter_m,aspect_ratio,rim_symmetry_std_m,volume_approx_m3,lrm5_depth_m,lrm11_depth_m,slope_inner_deg,original_index,x,y,tile,notes,max_zscore,mean_zscore,mahalanobis,iso_anomaly_score,anomaly_rank
554.0288,553.9507,554.3656,-0.0781,0.3368,1.0000,5.0990,2.0000,-0.0391,0.3821,-0.0818,0.1908,0.4145,21.3433,626,699883.6257,4647161.3431,dem_mk5_1m,,3.2831,2.2858,9.2948,0.6575,1
421.1044,422.1282,422.6072,1.0238,1.5028,3.0000,5.0000,6.0000,0.1706,0.3517,9.6491,-0.7404,-0.8203,21.7648,197,621633.4009,4593670.2409,dem_9t_1m,,4.4022,1.7440,8.7154,0.6311,2
410.1591,410.1268,410.7490,-0.0322,0.5900,1.0000,5.0990,2.0000,-0.0161,0.5256,-0.0337,0.1715,0.5147,26.0880,192,622092.1855,4594399.6117,dem_9t_1m,,3.4906,2.2460,8.1451,0.6625,3
408.3147,408.3247,408.9451,0.0100,0.6304,1.0000,5.0990,2.0000,0.0050,0.5645,0.0105,0.0780,0.3528,27.3149,456,622775.0391,4594548.9911,dem_9t_1m,,3.7409,2.0830,7.9269,0.6431,4
484.4361,484.4402,485.0498,0.0041,0.6136,1.0000,5.0990,2.0000,0.0020,0.5360,0.0043,0.0936,0.5586,27.1662,379,622834.6598,4596458.9828,dem_9t_1m,,3.7105,2.1615,7.8056,0.6538,5
480.1563,480.1036,480.4738,-0.0527,0.3175,1.0000,5.0990,2.0000,-0.0264,0.4112,-0.0552,0.1678,0.3829,20.1051,225,623833.7979,4594525.5687,dem_9t_1m,,3.2831,2.1896,7.7641,0.6418,6
435.1471,435.1070,435.2681,-0.0402,0.1210,1.0000,5.0990,2.0000,-0.0201,0.2967,-0.0421,0.2246,0.5421,19.0080,457,622324.2804,4594535.5601,dem_9t_1m,,3.4338,2.2922,7.6441,0.6479,7
416.4413,416.3852,416.5566,-0.0561,0.1153,1.0000,5.0495,2.0000,-0.0281,0.1937,-0.0588,0.1310,0.2930,11.1965,451,623012.5392,4594740.3015,dem_9t_1m,,3.2831,2.0680,7.4311,0.6304,8
573.2504,574.8685,578.1609,1.6182,4.9106,7.0000,5.8310,14.0000,0.1156,2.4693,83.0323,-0.0852,-0.4860,22.6230,575,700540.6941,4648700.9864,dem_mk5_1m,,5.1461,2.2084,7.3430,0.6667,9
430.8343,430.9247,432.4814,0.0904,1.6471,7.0000,5.3852,14.0000,0.0065,0.7778,4.6399,0.0152,0.1317,18.9826,238,623930.7635,4595618.0689,dem_9t_1m,,2.0414,1.2344,7.1020,0.5525,10
568.9606,569.5204,571.4287,0.5598,2.4681,7.0000,5.3852,14.0000,0.0400,1.4483,28.7256,-0.0126,-0.0760,24.5006,608,699565.1207,4648756.2993,dem_mk5_1m,,3.1669,1.2088,6.9397,0.5248,11
452.4816,452.4521,452.9019,-0.0295,0.4203,1.0000,5.0990,2.0000,-0.0148,0.4062,-0.0309,0.1693,0.4609,20.0146,261,623317.8496,4596856.3450,dem_9t_1m,,3.2831,2.1617,6.9383,0.6376,12
478.3503,480.0850,480.4668,1.7347,2.1164,7.0000,6.0828,14.0000,0.1239,0.2756,89.0111,-0.1033,-0.8013,4.7787,90,621138.2543,4594485.4394,dem_9t_1m,,3.6430,1.4922,6.8238,0.5721,13
549.3895,549.5706,551.5026,0.1812,2.1132,7.0000,5.0495,14.0000,0.0129,1.4046,9.2954,-0.0125,0.0937,21.4139,557,699841.0773,4647820.2351,dem_mk5_1m,,2.5373,1.4826,6.7234,0.5688,14
554.3181,554.9720,556.7870,0.6539,2.4689,7.0000,5.7439,14.0000,0.0467,1.1457,33.5549,0.1268,-0.0298,17.0155,627,699914.6252,4647183.2252,dem_mk5_1m,,2.3434,1.1220,6.6815,0.5205,15
436.5246,437.3387,437.9764,0.8141,1.4518,3.5000,5.0495,7.0000,0.1163,0.4373,10.4429,-0.5671,-0.4840,19.4604,351,622320.6769,4594525.2411,dem_9t_1m,,3.0545,1.1605,6.5773,0.5456,16
478.4638,479.6771,480.1212,1.2133,1.6574,3.5000,5.0000,7.0000,0.1733,0.3764,15.5650,-0.6208,-0.8881,22.6632,330,622683.3149,4596710.2415,dem_9t_1m,,3.4723,1.6739,6.4625,0.6151,17
457.3885,458.4867,459.5957,1.0982,2.2073,4.5000,5.0990,9.0000,0.1220,0.5230,23.2883,-0.6622,-0.9366,18.8317,499,619806.6161,4596647.5087,dem_9t_1m,,3.7942,1.3154,6.4132,0.5434,18
456.4511,458.4260,460.0983,1.9749,3.6472,7.0000,5.8310,14.0000,0.1411,1.2946,101.3350,-0.3038,-1.0235,11.7299,241,623934.0393,4595924.0345,dem_9t_1m,,4.3535,2.0152,6.3533,0.6577,19
571.6695,573.1904,575.4685,1.5209,3.7990,7.0000,5.8310,14.0000,0.1086,1.6785,78.0401,-0.1450,-0.4955,15.2955,614,700646.4572,4648903.3951,dem_mk5_1m,,3.4824,1.6236,6.1039,0.5848,20
487.3906,487.6916,487.9792,0.3010,0.5886,3.0000,4.2426,6.0000,0.0502,0.1319,2.8368,-0.2041,-0.0986,8.5885,210,621129.7371,4593573.9306,dem_9t_1m,,3.7081,1.2906,5.8682,0.5228,21
562.2944,563.0709,565.5363,0.7764,3.2419,7.0000,5.2421,14.0000,0.0555,1.8021,39.8406,-0.0944,-0.1508,23.8214,682,698016.8679,4649111.7697,dem_mk5_1m,,3.3150,1.3370,5.8382,0.5689,22
558.8047,558.8462,558.8765,0.0414,0.0718,1.0000,5.0990,2.0000,0.0207,0.1025,0.0434,0.0130,0.1414,7.0194,602,699371.8295,4648412.2653,dem_mk5_1m,,3.2831,1.7821,5.8155,0.6029,23
438.4624,438.4623,438.5234,-0.0001,0.0610,1.0000,5.0990,2.0000,-0.0001,0.0693,-0.0001,0.1166,0.4236,8.6737,273,623268.0564,4597472.2072,dem_9t_1m,,3.2831,1.9927,5.7905,0.6147,24
544.7051,545.0609,547.1589,0.3558,2.4537,7.0000,5.0990,14.0000,0.0254,1.8583,18.2557,-0.1401,-0.0250,20.8117,661,700647.9768,4649036.5108,dem_mk5_1m,,3.4613,1.3564,5.7299,0.5595,25
522.7094,522.7057,522.7722,-0.0037,0.0627,1.0000,5.0990,2.0000,-0.0019,0.1040,-0.0039,0.1401,0.4359,10.5715,639,700013.0943,4646875.6612,dem_mk5_1m,,3.2831,2.0349,5.7094,0.6160,26
409.2830,409.3237,409.3994,0.0407,0.1165,1.0000,5.0000,2.0000,0.0204,0.1670,0.0427,0.0260,0.3630,10.4153,462,622480.2115,4595417.7499,dem_9t_1m,,3.2831,1.8577,5.6452,0.6163,27
387.2160,389.0773,390.2218,1.8613,3.0058,7.0000,5.8310,14.0000,0.1330,1.1238,95.5097,-0.2996,-1.0176,14.6375,43,622457.1337,4595067.5642,dem_9t_1m,,4.0176,1.8534,5.4946,0.6226,28
469.5421,469.6686,469.8807,0.1265,0.3387,2.0000,5.6569,4.0000,0.0316,0.1120,0.5300,-0.0967,0.0128,3.8747,539,698873.4057,4647941.8019,dem_mk5_1m,,2.5685,1.4277,5.4325,0.5651,29
458.3123,458.4492,459.7383,0.1368,1.4260,7.0000,5.0990,14.0000,0.0098,1.2661,7.0217,-0.0870,0.1362,6.0142,199,621565.2630,4594263.1721,dem_9t_1m,,2.0290,1.1730,5.3812,0.5199,30
520.7002,520.7172,520.7579,0.0170,0.0577,1.0000,5.0990,2.0000,0.0085,0.0524,0.0178,0.0119,0.1763,4.3604,636,700376.5790,4646929.1506,dem_mk5_1m,,3.2831,1.8965,5.3050,0.6056,31
473.8301,474.7844,475.4543,0.9543,1.6242,7.0000,6.4031,14.0000,0.0682,0.2111,48.9653,-0.0585,-0.3258,1.6092,581,700034.3685,4649186.0379,dem_mk5_1m,,2.6109,0.9732,5.2572,0.4962,32
413.2109,414.6375,415.6088,1.4265,2.3978,4.0000,5.0990,8.0000,0.1783,0.5064,23.9015,-0.5468,-1.1389,22.2098,188,621739.0475,4594350.8014,dem_9t_1m,,3.5760,1.6967,5.2166,0.6348,33
542.9009,543.6899,545.4216,0.7890,2.5208,7.0000,5.8310,14.0000,0.0564,1.6845,40.4858,0.0536,-0.1077,9.4054,679,698303.6051,4649182.1014,dem_mk5_1m,,3.0089,1.0799,5.2123,0.5168,34
476.6844,477.6216,477.8115,0.9371,1.1271,3.5000,5.3852,7.0000,0.1339,0.1225,12.0217,-0.5430,-0.8134,19.7604,503,619600.8919,4596223.2845,dem_9t_1m,,2.8665,1.3557,5.2054,0.5513,35
605.1219,605.1198,605.1963,-0.0021,0.0744,1.0000,5.0990,2.0000,-0.0011,0.1070,-0.0022,0.0645,0.2992,9.6757,662,700211.5521,4648176.4258,dem_mk5_1m,,3.2831,1.9168,5.1866,0.6091,36
510.7459,511.7962,514.3421,1.0503,3.5962,7.0000,5.3852,14.0000,0.0750,1.4884,53.8933,-0.3863,-0.6728,15.7492,671,699175.6511,4648194.2809,dem_mk5_1m,,3.1788,1.3476,5.1181,0.5524,37
505.3510,506.6943,508.6374,1.3432,3.2863,7.0000,5.7439,14.0000,0.0959,1.5602,68.9248,-0.1626,-0.4966,22.7311,672,698913.6747,4648245.3389,dem_mk5_1m,,2.8060,1.4984,5.1132,0.5814,38
540.8144,541.5211,544.0894,0.7067,3.2750,7.0000,5.8310,14.0000,0.0505,1.4828,36.2640,-0.1201,-0.4502,5.3585,676,700043.8091,4647329.1299,dem_mk5_1m,,2.6981,0.9363,5.0445,0.4851,39
487.9693,487.9756,488.0061,0.0063,0.0368,1.0000,5.0990,2.0000,0.0031,0.0588,0.0066,0.0825,0.2533,7.0261,648,699401.6134,4647059.2270,dem_mk5_1m,,3.2831,1.9406,5.0058,0.6093,40
470.8595,472.1743,473.1286,1.3148,2.2692,4.0000,5.0990,8.0000,0.1643,0.7372,22.0295,-0.6360,-1.0305,20.8802,467,623079.3667,4595717.1637,dem_9t_1m,,3.5903,1.6688,4.9987,0.6164,41
408.3300,409.1096,409.5901,0.7796,1.2601,3.5000,5.3852,7.0000,0.1114,0.3521,10.0009,-0.2892,-0.6362,13.8090,372,623687.3669,4596786.2415,dem_9t_1m,,1.4965,0.8434,4.9434,0.4750,42
455.7232,457.1702,458.1729,1.4470,2.4497,7.0000,5.3852,14.0000,0.1034,0.8415,74.2506,-0.4409,-1.0998,17.4054,429,619546.6764,4595273.7757,dem_9t_1m,,2.7919,1.5328,4.9188,0.5854,43
413.4873,414.6702,416.2482,1.1829,2.7609,6.5000,5.6569,13.0000,0.0910,1.3736,52.3346,-0.3521,-0.9221,15.0093,452,622887.7288,4594615.1635,dem_9t_1m,,2.1995,1.2596,4.9115,0.5365,44
496.0118,496.1405,496.2914,0.1287,0.2796,3.0000,4.4721,6.0000,0.0215,0.0679,1.2132,-0.0943,-0.0621,3.6406,163,620170.2369,4594337.6979,dem_9t_1m,,3.0369,1.5606,4.8718,0.5441,45
628.5958,629.7854,631.7034,1.1896,3.1077,7.0000,5.8310,14.0000,0.0850,1.7515,61.0434,-0.0543,-0.4733,7.8851,605,699759.0197,4648297.3847,dem_mk5_1m,,3.1833,1.2644,4.8705,0.5264,46
544.8980,545.2516,546.2845,0.3536,1.3865,7.0000,5.3852,14.0000,0.0253,0.9702,18.1461,-0.0163,-0.0043,15.0870,563,700578.3798,4648096.1917,dem_mk5_1m,,1.5427,0.9378,4.8555,0.4765,47
483.4205,484.9534,485.5653,1.5328,2.1448,7.0000,5.8310,14.0000,0.1095,0.2601,78.6540,-0.3453,-1.0052,18.6665,130,619929.1334,4595430.8533,dem_9t_1m,,3.0458,1.5216,4.8068,0.5611,48
478.6954,479.9958,480.8770,1.3004,2.1816,7.0000,5.8310,14.0000,0.0929,0.4369,66.7262,-0.3964,-1.0005,17.7953,115,620307.1679,4595308.3361,dem_9t_1m,,2.3581,1.3330,4.7694,0.5196,49
574.9883,575.9842,578.8066,0.9959,3.8184,7.0000,5.3852,14.0000,0.0711,2.1711,51.1028,-0.1777,-0.4771,15.8090,607,700044.0938,4648302.2474,dem_mk5_1m,,4.2755,1.2916,4.7613,0.5508,50
610.6443,610.6674,610.7403,0.0231,0.0960,2.0000,5.0000,4.0000,0.0058,0.0486,0.0969,-0.0146,0.1523,2.7413,600,699337.1830,4648683.3593,dem_mk5_1m,,2.5685,1.7980,4.7601,0.5860,51
483.8347,484.1517,485.7274,0.3169,1.8926,7.0000,5.3852,14.0000,0.0226,1.1616,16.2623,0.0341,0.0482,13.9879,476,622827.7805,4596090.2845,dem_9t_1m,,1.7247,1.0873,4.7224,0.5017,52
465.6011,466.4806,466.7057,0.8795,1.1046,3.5000,5.0990,7.0000,0.1256,0.2330,11.2826,-0.5715,-0.7422,17.8763,579,700244.6790,4649385.4074,dem_mk5_1m,,3.0887,1.3370,4.7091,0.5321,53
425.8741,427.4675,429.6003,1.5934,3.7263,7.0000,5.6569,14.0000,0.1138,1.6095,81.7624,-0.3737,-0.8755,22.6400,369,623766.9703,4596667.9829,dem_9t_1m,,3.3735,1.9800,4.6873,0.6467,54
464.1329,464.7631,465.1444,0.6302,1.0115,3.5000,5.6569,7.0000,0.0900,0.1863,8.0842,-0.2419,-0.5048,13.0440,173,619733.8920,4593662.8702,dem_9t_1m,,1.4965,0.7829,4.6420,0.4689,55
465.0843,466.0768,466.5667,0.9925,1.4824,7.0000,5.6569,14.0000,0.0709,0.4700,50.9259,-0.4364,-0.7354,18.8262,388,622557.1942,4596592.3105,dem_9t_1m,,2.0375,0.9222,4.6286,0.5008,56
411.7048,412.8136,414.8384,1.1088,3.1336,7.0000,6.0000,14.0000,0.0792,1.1021,56.8968,-0.0596,-0.4872,3.1146,480,623658.8669,4596190.1983,dem_9t_1m,,2.4865,1.1890,4.6000,0.5074,57
558.8906,559.1610,560.2028,0.2704,1.3122,7.0000,5.3852,14.0000,0.0193,0.9365,13.8773,0.0565,0.1092,9.4252,604,699388.2410,4648403.1478,dem_mk5_1m,,1.9356,0.9831,4.5904,0.5002,58
517.5021,517.8420,519.4335,0.3400,1.9315,7.0000,6.0828,14.0000,0.0243,1.2065,17.4446,0.0663,0.1429,9.4993,641,700275.6786,4646896.9354,dem_mk5_1m,,2.0524,1.1746,4.5696,0.5359,59
408.6466,409.0518,410.5289,0.4052,1.8823,7.0000,5.5210,14.0000,0.0289,0.9294,20.7894,0.0074,-0.0170,14.3021,218,621731.0217,4593653.6978,dem_9t_1m,,1.4988,0.9023,4.5461,0.4712,60
417.7404,418.0414,419.9505,0.3010,2.2102,4.0000,5.0000,8.0000,0.0376,1.1772,5.0437,-0.1588,-0.1527,17.8013,533,621622.4268,4594465.6204,dem_9t_1m,,1.8005,1.1526,4.5273,0.5532,61
485.6357,487.2003,487.5709,1.5646,1.9352,7.0000,5.8310,14.0000,0.1118,0.3051,80.2857,-0.3192,-1.0227,15.4102,515,620437.2197,4594925.0601,dem_9t_1m,,3.1399,1.4324,4.5191,0.5461,62
414.8961,416.0321,418.1778,1.1360,3.2817,6.5000,5.3852,13.0000,0.0874,1.5299,50.2607,-0.4284,-0.8449,16.8324,244,623404.3323,4595698.6551,dem_9t_1m,,2.7081,1.3920,4.4914,0.5742,63
399.8871,399.9403,401.2425,0.0532,1.3554,7.0000,5.3852,14.0000,0.0038,1.1732,2.7294,0.0598,0.2307,4.9707,190,621848.4613,4594521.4738,dem_9t_1m,,2.3563,1.2987,4.4614,0.5617,64
411.2856,412.5433,413.1375,1.2577,1.8518,7.0000,5.6569,14.0000,0.0898,0.6392,64.5355,-0.2798,-0.9093,13.1214,34,621351.2084,4594838.4868,dem_9t_1m,,2.2318,1.0172,4.4180,0.4699,65
431.0882,431.7921,433.6466,0.7039,2.5585,7.0000,5.5210,14.0000,0.0503,1.4293,36.1184,-0.3349,-0.5458,15.1953,57,622072.4996,4594524.6000,dem_9t_1m,,2.3446,0.8969,4.4144,0.4993,66
458.2808,459.5600,461.1547,1.2792,2.8739,7.0000,5.3852,14.0000,0.0914,1.2409,65.6379,-0.2625,-0.8822,11.8518,509,622070.2372,4594944.3877,dem_9t_1m,,2.2954,1.2645,4.3584,0.5079,67
517.1874,518.7596,520.2311,1.5722,3.0437,5.0000,5.0990,10.0000,0.1572,1.0316,41.1602,-0.4888,-1.2325,20.2338,578,700436.1467,4649165.9794,dem_mk5_1m,,2.9193,1.7689,4.3440,0.6548,68
430.7402,432.0974,434.0065,1.3572,3.2663,7.0000,6.0000,14.0000,0.0969,1.3805,69.6420,-0.1737,-0.5916,8.8655,56,621983.3962,4594598.6345,dem_9t_1m,,2.6851,1.3004,4.3041,0.5396,69
445.7343,446.5757,448.2294,0.8414,2.4951,7.0000,6.3246,14.0000,0.0601,1.0992,43.1745,-0.0411,-0.2251,2.8842,365,623794.1600,4596342.0345,dem_9t_1m,,2.3811,1.0873,4.2530,0.5069,70
426.1351,427.5322,428.6227,1.3972,2.4876,7.0000,5.7439,14.0000,0.0998,1.0997,71.6918,-0.2787,-0.8116,17.7317,255,623771.8841,4596779.3622,dem_9t_1m,,2.6444,1.3919,4.2205,0.5337,71
477.0452,477.5713,479.5414,0.5261,2.4962,7.0000,5.8310,14.0000,0.0376,1.6547,26.9952,-0.0681,-0.1545,3.0878,593,698323.3160,4649526.4249,dem_mk5_1m,,2.9313,1.0772,4.2195,0.4809,72
477.5468,478.7848,479.0157,1.2380,1.4690,7.0000,5.7439,14.0000,0.0884,0.1592,63.5254,-0.3095,-0.9195,13.9075,522,620603.9611,4595036.1119,dem_9t_1m,,2.1736,1.0748,4.2138,0.4899,73
467.0087,468.2072,468.7646,1.1985,1.7559,5.0000,5.3852,10.0000,0.1199,0.3883,31.3779,-0.5414,-0.9920,21.9462,64,621966.6893,4595005.1690,dem_9t_1m,,2.8544,1.1704,4.1855,0.5342,74
523.9162,524.0970,526.4427,0.1808,2.5266,7.0000,5.0990,14.0000,0.0129,1.6085,9.2798,-0.1018,-0.0092,6.0705,650,699737.1377,4647250.6947,dem_mk5_1m,,2.8111,1.3017,4.1849,0.5278,75
546.8680,547.7869,549.2739,0.9189,2.4059,4.5000,5.0495,9.0000,0.1021,0.7361,19.4869,-0.2865,-0.7087,16.9612,681,698088.8903,4649117.1798,dem_mk5_1m,,1.6292,0.9480,4.1844,0.5013,76
401.0568,401.9229,402.1561,0.8661,1.0992,3.5000,5.0000,7.0000,0.1237,0.2027,11.1107,-0.3973,-0.6493,15.3939,246,623473.4530,4596099.6207,dem_9t_1m,,1.8768,1.1648,4.1735,0.5079,77
475.7724,476.9598,477.2679,1.1874,1.4955,5.5000,6.0828,11.0000,0.1079,0.3904,37.6154,-0.0902,-0.7018,3.3612,45,621876.4624,4594982.0876,dem_9t_1m,,1.6739,0.7568,4.1715,0.4951,78
456.7004,458.3513,458.5880,1.6508,1.8875,5.5000,5.8310,11.0000,0.1501,0.1946,52.2951,-0.2974,-1.1344,12.0543,259,623985.1428,4597031.2761,dem_9t_1m,,2.7174,1.2233,4.1207,0.5659,79
420.1105,420.2901,421.1434,0.1795,1.0328,7.0000,5.0000,14.0000,0.0128,0.7898,9.2124,-0.0707,-0.0594,3.3727,463,622546.7115,4595296.2154,dem_9t_1m,,1.5759,1.1079,4.1195,0.4938,80
483.5341,485.0515,485.3699,1.5175,1.8358,6.5000,5.8310,13.0000,0.1167,0.1391,67.1385,-0.4371,-1.1025,19.4038,118,620186.2886,4595429.8706,dem_9t_1m,,2.3819,1.5085,4.0850,0.5961,81
448.3508,449.8368,450.8350,1.4860,2.4841,5.5000,5.0990,11.0000,0.1351,0.6477,47.0719,-0.5518,-1.2217,21.1292,410,619841.8316,4597188.8451,dem_9t_1m,,2.9349,1.5405,4.0848,0.6228,82
566.1187,566.2610,568.1526,0.1423,2.0339,7.0000,5.0990,14.0000,0.0102,1.2679,7.3004,0.0029,0.0847,7.0963,560,700362.5988,4648084.0350,dem_mk5_1m,,1.9245,1.2669,4.0580,0.5296,83
502.2754,502.2889,502.4891,0.0135,0.2137,2.5000,5.0990,5.0000,0.0027,0.1215,0.0885,-0.0009,0.0412,3.8782,279,621893.5044,4597480.7244,dem_9t_1m,,2.2111,1.6383,4.0429,0.5542,84
424.2006,425.2156,425.6042,1.0150,1.4036,4.0000,5.3852,8.0000,0.1269,0.2333,17.0072,-0.2792,-0.7616,15.4272,338,623789.5738,4595976.7759,dem_9t_1m,,1.9748,0.9181,4.0316,0.4732,85
566.5390,566.6646,568.3925,0.1256,1.8535,7.0000,5.0990,14.0000,0.0090,1.2225,6.4454,-0.0437,0.0637,10.8774,561,700392.9905,4648093.7604,dem_mk5_1m,,1.8061,1.2048,4.0095,0.5181,86
546.2200,546.6249,547.7011,0.4049,1.4811,7.0000,6.0000,14.0000,0.0289,0.8862,20.7769,-0.0465,0.0062,3.7070,544,699388.8489,4648304.0709,dem_mk5_1m,,1.5792,0.9330,4.0032,0.4483,87
453.8769,455.1063,456.9156,1.2294,3.0388,7.0000,5.6569,14.0000,0.0878,1.0152,63.0838,-0.2984,-0.8443,11.7612,0,622075.9079,4595407.7613,dem_9t_1m,,2.3445,1.2145,3.9980,0.5048,88
568.9125,569.8038,572.0036,0.8912,3.0911,7.0000,5.9155,14.0000,0.0637,1.5249,45.7317,-0.0274,-0.2440,5.0323,556,699824.6658,4647895.6065,dem_mk5_1m,,2.5935,1.1418,3.9932,0.5193,89
418.1027,418.8920,419.4560,0.7893,1.3533,3.5000,5.3852,7.0000,0.1128,0.3418,10.1254,-0.3694,-0.5489,14.8527,363,623802.3497,4595599.0689,dem_9t_1m,,1.5352,0.8875,3.9688,0.4854,90
493.6892,494.9904,495.4474,1.3013,1.7582,7.0000,5.8310,14.0000,0.0929,0.3740,66.7716,-0.2488,-0.9000,12.3073,156,620060.8231,4594468.0773,dem_9t_1m,,2.3607,1.0532,3.9596,0.4707,91
492.7733,494.0114,494.6044,1.2380,1.8311,7.0000,5.6569,14.0000,0.0884,0.3685,63.5270,-0.3942,-0.9394,14.9716,91,620589.2197,4594482.8187,dem_9t_1m,,2.1737,1.1364,3.9570,0.4914,92
445.9937,446.7325,446.9125,0.7387,0.9188,3.5000,5.0000,7.0000,0.1055,0.1592,9.4767,-0.2968,-0.4879,15.3287,265,623314.2461,4596982.7933,dem_9t_1m,,1.4965,1.0004,3.9519,0.4867,93
399.2753,400.6711,402.1171,1.3959,2.8418,7.0000,5.8310,14.0000,0.0997,0.9128,71.6260,-0.3576,-0.9568,15.4088,361,623422.6772,4595497.8447,dem_9t_1m,,2.6406,1.4765,3.9437,0.5406,94
480.0096,481.2620,481.8364,1.2523,1.8268,6.0000,5.6569,12.0000,0.1044,0.2433,47.2125,-0.4471,-0.9584,19.6906,137,619947.1506,4595615.6120,dem_9t_1m,,2.1858,1.1297,3.9278,0.5131,95
469.3127,470.2198,470.4416,0.9071,1.1288,4.0000,5.0990,8.0000,0.1134,0.1410,15.1987,-0.5581,-0.7968,17.7747,673,698856.5383,4647967.5588,dem_mk5_1m,,2.9845,1.2484,3.9075,0.5029,96
498.3552,498.8098,499.0696,0.4546,0.7144,3.0000,5.0000,6.0000,0.0758,0.2103,4.2847,-0.2818,-0.3513,10.6379,165,620370.7197,4594398.6290,dem_9t_1m,,1.8538,1.0023,3.8857,0.4898,97
594.5227,595.7516,598.0635,1.2289,3.5408,7.0000,5.7439,14.0000,0.0878,1.4864,63.0604,-0.2188,-0.6802,10.6766,566,700285.4039,4648156.9751,dem_mk5_1m,,3.0960,1.2891,3.8664,0.5258,98
548.5698,548.6859,549.9073,0.1160,1.3375,7.0000,5.0990,14.0000,0.0083,0.8736,5.9537,-0.0684,0.0371,3.7390,571,700201.5228,4648447.5197,dem_mk5_1m,,1.7171,1.1316,3.8422,0.5029,99
474.5045,475.6154,476.6985,1.1108,2.1940,7.0000,5.6569,14.0000,0.0793,0.8469,57.0002,-0.3334,-0.8142,16.9763,414,619845.7627,4596433.4311,dem_9t_1m,,1.7974,1.0849,3.8378,0.4853,100
567.2759,567.4660,569.3359,0.1901,2.0601,7.0000,5.0990,14.0000,0.0136,1.4458,9.7558,-0.0438,-0.0309,3.8024,545,699455.1028,4648172.7788,dem_mk5_1m,,2.3876,1.2692,3.8365,0.5103,101
397.7628,398.5256,399.8382,0.7628,2.0754,7.0000,5.0990,14.0000,0.0545,0.6572,39.1391,-0.2544,-0.5340,11.1553,364,623621.8496,4596113.3793,dem_9t_1m,,1.2033,0.6381,3.8244,0.4433,102
478.3653,479.7776,480.1160,1.4123,1.7507,5.0000,5.8310,10.0000,0.1412,0.3066,36.9729,-0.3269,-1.0658,16.0672,49,621752.2363,4595102.8946,dem_9t_1m,,2.4214,1.1492,3.8221,0.5329,103
488.6759,489.6191,490.0450,0.9432,1.3690,6.5000,5.3852,13.0000,0.0726,0.2420,41.7313,-0.4171,-0.7554,12.9985,469,622973.2288,4595834.4396,dem_9t_1m,,1.8872,0.7465,3.8048,0.4577,104
521.4254,521.8569,524.0606,0.4315,2.6352,7.0000,5.8310,14.0000,0.0308,1.2645,22.1392,-0.0287,-0.1190,3.7840,618,697733.7171,4647294.4588,dem_mk5_1m,,1.9157,1.0870,3.7865,0.4737,105
418.2847,419.2811,420.3622,0.9964,2.0775,7.0000,5.8310,14.0000,0.0712,1.0833,51.1263,-0.1231,-0.5908,6.1170,38,621878.8842,4594588.6101,dem_9t_1m,,1.4587,0.8456,3.7816,0.4345,106
467.1467,468.6298,470.0567,1.4831,2.9100,7.0000,5.7439,14.0000,0.1059,1.2016,76.0999,-0.2694,-0.8004,17.0372,529,620540.4094,4595479.0085,dem_9t_1m,,2.8986,1.5134,3.7801,0.5514,107
546.4990,547.0719,548.6881,0.5729,2.1891,7.0000,6.0000,14.0000,0.0409,1.3949,29.3958,-0.0204,-0.1290,2.8367,686,700431.1410,4648657.9945,dem_mk5_1m,,2.2550,1.0562,3.7680,0.4815,108
414.8270,415.2378,415.3987,0.4108,0.5717,3.0000,5.0000,6.0000,0.0685,0.0864,3.8717,-0.2166,-0.3073,8.3766,454,622737.3667,4594594.5256,dem_9t_1m,,1.8538,0.9919,3.7678,0.4918,109
388.7244,388.9782,389.7111,0.2538,0.9867,7.0000,5.0990,14.0000,0.0181,0.7057,13.0223,-0.1687,-0.1546,6.5985,232,623176.9875,4594772.2411,dem_9t_1m,,1.4108,0.8544,3.7568,0.4687,110
471.1240,472.2633,472.4605,1.1393,1.3366,4.0000,5.0990,8.0000,0.1424,0.2205,19.0899,-0.4473,-0.8607,18.3973,300,619557.4867,4596617.8622,dem_9t_1m,,2.4585,1.2770,3.7546,0.5136,111
490.1518,491.3161,492.4325,1.1643,2.2807,5.0000,5.0990,10.0000,0.1164,0.6115,30.4823,-0.4813,-0.9476,18.3774,399,621250.1250,4597219.3106,dem_9t_1m,,2.3865,1.1584,3.7520,0.5127,112
471.5875,472.8107,472.9972,1.2231,1.4096,7.0000,5.8310,14.0000,0.0874,0.1519,62.7628,-0.2944,-0.7743,12.5256,519,620433.6162,4595177.6291,dem_9t_1m,,2.1296,1.0149,3.7439,0.4753,113
537.4768,538.0944,540.0057,0.6176,2.5289,7.0000,5.8310,14.0000,0.0441,1.1205,31.6883,-0.0244,-0.1161,10.2076,553,699644.7469,4647868.8618,dem_mk5_1m,,1.5814,0.8942,3.7422,0.4584,114
390.8528,391.4077,392.2759,0.5550,1.4231,5.0000,5.6569,10.0000,0.0555,0.8625,14.5289,-0.1803,-0.4207,8.0304,537,621661.0820,4594597.3101,dem_9t_1m,,0.8690,0.3536,3.7185,0.4378,115
422.8890,423.5517,424.4521,0.6627,1.5631,7.0000,6.2037,14.0000,0.0473,0.5968,34.0028,-0.0225,-0.1508,1.9758,30,621353.7727,4595004.8814,dem_9t_1m,,2.0275,0.8264,3.7134,0.4634,116
451.1126,452.0225,452.4819,0.9099,1.3693,6.0000,5.6569,12.0000,0.0758,0.2473,34.3040,-0.4102,-0.7634,16.1007,10,622026.0465,4595901.2464,dem_9t_1m,,1.8341,0.7027,3.7047,0.4599,117
511.4667,511.7547,513.3777,0.2879,1.9110,7.0000,5.0990,14.0000,0.0206,1.2671,14.7746,-0.0902,-0.0161,7.4019,667,699368.0306,4647860.5801,dem_mk5_1m,,1.9223,1.0401,3.7021,0.4879,118
473.1094,473.8762,474.5316,0.7668,1.4222,6.5000,5.0990,13.0000,0.0590,0.7132,33.9284,-0.3475,-0.6469,12.7846,471,623081.0047,4595932.7155,dem_9t_1m,,1.3462,0.6038,3.7009,0.4569,119
505.4014,506.3137,508.1767,0.9122,2.7752,7.0000,5.7439,14.0000,0.0652,0.9712,46.8090,-0.0951,-0.5075,5.8656,643,699568.7677,4646915.1704,dem_mk5_1m,,1.9501,0.8275,3.6998,0.4361,120
437.9883,438.9222,439.5856,0.9339,1.5973,7.0000,5.6569,14.0000,0.0667,0.7064,47.9209,-0.2734,-0.5201,9.4213,327,622325.5907,4596608.3622,dem_9t_1m,,1.2739,0.5657,3.6890,0.4256,121
432.8820,434.2484,435.0162,1.3665,2.1342,7.0000,5.6569,14.0000,0.0976,0.5586,70.1165,-0.2420,-0.8918,10.1844,362,623726.0220,4595359.2757,dem_9t_1m,,2.5536,1.0295,3.6880,0.4854,122
554.2954,554.4315,556.1679,0.1360,1.8725,7.0000,5.2421,14.0000,0.0097,1.3282,6.9810,-0.0199,0.0590,2.4412,634,700297.5606,4647242.1850,dem_mk5_1m,,2.0813,1.2878,3.6799,0.5298,123
446.3855,447.3188,447.6487,0.9333,1.2631,7.0000,6.2037,14.0000,0.0667,0.1109,47.8911,-0.0980,-0.4251,4.0610,3,622020.9179,4595774.7410,dem_9t_1m,,2.0275,0.8317,3.6798,0.4687,124
571.0923,571.4413,572.9495,0.3490,1.8572,7.0000,6.0414,14.0000,0.0249,1.1849,17.9081,0.0087,0.0512,5.4020,635,700396.0297,4647234.2832,dem_mk5_1m,,1.7349,1.1286,3.6734,0.4915,125
453.0703,453.9420,454.9329,0.8718,1.8626,4.0000,5.0990,8.0000,0.1090,0.4155,14.6066,-0.4304,-0.6873,18.0032,382,623063.6426,4596358.0863,dem_9t_1m,,1.9905,1.0506,3.6685,0.4894,126
483.1483,483.3093,483.4749,0.1609,0.3265,2.5000,5.0000,5.0000,0.0322,0.1227,1.0532,-0.1214,-0.0447,6.1740,284,621384.4354,4597088.2761,dem_9t_1m,,2.2111,1.3672,3.6480,0.5271,127
537.6495,538.1918,539.7596,0.5424,2.1101,7.0000,5.2421,14.0000,0.0387,1.0602,27.8299,-0.3392,-0.4023,13.2252,656,697839.1763,4649302.1342,dem_mk5_1m,,1.3838,0.7999,3.6451,0.4749,128
490.5571,492.1306,492.3990,1.5735,1.8418,5.5000,5.8310,11.0000,0.1430,0.2418,49.8435,-0.3042,-1.1117,12.4666,472,622946.0391,4595953.3534,dem_9t_1m,,2.4950,1.1582,3.6398,0.5527,129
538.3453,538.5922,539.9292,0.2469,1.5839,7.0000,5.0990,14.0000,0.0176,0.9000,12.6684,-0.1144,-0.0755,12.0286,680,698153.1357,4649141.8635,dem_mk5_1m,,1.4261,0.9305,3.6305,0.4711,130
462.3956,463.6231,464.9918,1.2275,2.5962,7.0000,5.8310,14.0000,0.0877,1.0392,62.9883,-0.0963,-0.6789,4.4567,226,623953.6945,4594540.6376,dem_9t_1m,,2.1426,1.1525,3.6217,0.4770,131
440.0546,440.7274,440.9213,0.6729,0.8667,3.5000,5.0990,7.0000,0.0961,0.1947,8.6315,-0.2262,-0.4169,11.8785,304,619824.1420,4597374.9141,dem_9t_1m,,1.4965,0.8348,3.6126,0.4578,132
463.9255,464.2450,464.7984,0.3195,0.8729,7.0000,5.0990,14.0000,0.0228,0.3632,16.3938,-0.1237,-0.2255,6.4972,332,622521.4873,4597163.2933,dem_9t_1m,,1.2647,0.8304,3.6118,0.4589,133
397.1579,398.4850,400.1473,1.3271,2.9894,7.0000,5.9155,14.0000,0.0948,1.1624,68.0948,-0.2115,-0.8180,10.1832,191,621882.5303,4594485.7669,dem_9t_1m,,2.4370,1.2839,3.6071,0.5081,134
477.5408,478.2867,478.5847,0.7459,1.0439,3.5000,5.0000,7.0000,0.1066,0.1752,9.5687,-0.3577,-0.6157,14.3629,391,622676.4356,4596718.7588,dem_9t_1m,,1.4965,1.0492,3.5936,0.4885,135
478.6681,479.2823,480.1144,0.6143,1.4464,4.0000,5.7439,8.0000,0.0768,0.4837,10.2925,-0.2118,-0.4680,10.4228,15,621445.5176,4595592.1059,dem_9t_1m,,1.1392,0.4852,3.5933,0.4490,136
408.0246,408.8579,409.4790,0.8334,1.4544,5.0000,5.2421,10.0000,0.0833,0.5670,21.8177,-0.4245,-0.7251,12.5049,212,622304.1338,4594225.4996,dem_9t_1m,,1.9452,0.5997,3.5902,0.4446,137
571.1760,572.1965,574.2656,1.0206,3.0897,7.0000,6.0828,14.0000,0.0729,1.4156,52.3681,-0.1070,-0.4766,5.0099,555,699788.8036,4647921.7434,dem_mk5_1m,,2.4207,1.1426,3.5836,0.5005,138
436.5109,437.3513,438.3470,0.8405,1.8362,7.0000,5.5210,14.0000,0.0600,0.6984,43.1275,-0.0555,-0.5392,3.5738,66,622199.6031,4595029.4104,dem_9t_1m,,1.1013,0.6231,3.5718,0.4330,139
457.5193,458.3365,458.7255,0.8172,1.2061,5.0000,5.3852,10.0000,0.0817,0.6329,21.3934,-0.3060,-0.6481,11.5441,138,619544.8747,4595453.7844,dem_9t_1m,,1.0231,0.4785,3.5673,0.4273,140
479.1709,480.3129,480.5395,1.1419,1.3686,5.5000,5.8310,11.0000,0.1038,0.2788,36.1740,-0.0808,-0.7218,4.9107,431,619965.9868,4594671.9997,dem_9t_1m,,1.2567,0.6803,3.5513,0.4554,141
423.9532,425.3606,427.1212,1.4073,3.1680,7.0000,5.8310,14.0000,0.1005,1.3144,72.2133,-0.2727,-0.7721,12.9516,216,623024.6598,4594100.5255,dem_9t_1m,,2.6745,1.4606,3.5414,0.5427,142
487.9886,488.3239,488.8676,0.3353,0.8790,3.0000,5.3852,6.0000,0.0559,0.2580,3.1598,-0.1626,-0.1943,7.6527,178,620130.2713,4593397.8529,dem_9t_1m,,1.8538,0.8654,3.5127,0.4819,143
445.5019,445.9352,446.3742,0.4333,0.8723,6.5000,6.3246,13.0000,0.0333,0.3103,19.1705,-0.0757,-0.2444,2.0726,108,620802.1508,4595066.9050,dem_9t_1m,,2.3811,0.9211,3.5097,0.4765,144
491.3372,492.2552,493.4525,0.9180,2.1154,6.0000,5.3852,12.0000,0.0765,0.5794,34.6089,-0.3589,-0.6996,12.8997,418,619834.2971,4596135.9828,dem_9t_1m,,1.4343,0.6058,3.5070,0.4356,145
510.3566,511.0131,512.9219,0.6565,2.5653,7.0000,5.0990,14.0000,0.0469,1.1620,33.6849,-0.2367,-0.4305,9.5927,675,699881.1669,4647350.4323,dem_mk5_1m,,1.6487,0.7531,3.5055,0.4652,146
436.6527,437.8862,439.6631,1.2334,3.0104,7.0000,5.8310,14.0000,0.0881,1.0318,63.2905,-0.1808,-0.6881,8.1888,344,623842.9703,4595333.3964,dem_9t_1m,,2.3020,1.0943,3.5019,0.4811,147
483.9288,484.4500,485.0611,0.5212,1.1323,7.0000,6.4031,14.0000,0.0372,0.3171,26.7447,-0.0298,-0.1729,1.0206,95,620850.3060,4594493.9566,dem_9t_1m,,2.6109,0.9804,3.4982,0.4848,148
537.9502,537.9989,538.3728,0.0487,0.4226,3.0000,5.0000,6.0000,0.0081,0.1731,0.4590,-0.0416,0.0907,4.9844,573,700329.1679,4648578.8118,dem_mk5_1m,,1.8868,1.4989,3.4960,0.5307,149
375.7602,376.0602,377.0449,0.3000,1.2847,4.0000,5.3852,8.0000,0.0375,0.7650,5.0269,-0.0913,-0.2238,7.3832,447,622200.1252,4594168.8272,dem_9t_1m,,1.1991,0.7697,3.4947,0.4640,150
535.8087,536.6339,538.9214,0.8252,3.1128,7.0000,5.6569,14.0000,0.0589,1.7369,42.3430,-0.1663,-0.4085,9.5020,559,699977.2321,4647777.6867,dem_mk5_1m,,3.1453,0.8901,3.4906,0.4815,151
427.5803,428.1824,430.0240,0.6021,2.4436,6.0000,5.0495,12.0000,0.0502,1.2479,22.6968,-0.2891,-0.4613,11.6036,249,623903.9014,4596149.4138,dem_9t_1m,,1.8724,0.6920,3.4893,0.5084,152
446.6244,447.9195,448.4003,1.2951,1.7759,5.0000,5.0990,10.0000,0.1295,0.4557,33.9058,-0.3158,-0.9463,13.5324,446,621516.1251,4594391.9135,dem_9t_1m,,2.0567,0.9692,3.4664,0.4839,153
549.0953,549.4542,550.6610,0.3589,1.5657,7.0000,6.0000,14.0000,0.0256,1.0562,18.4154,-0.0028,0.0005,4.5800,586,699348.1240,4648926.4928,dem_mk5_1m,,1.5594,1.0314,3.4635,0.4644,154
444.0360,445.4371,446.0237,1.4011,1.9877,6.5000,5.8310,13.0000,0.1078,0.4522,61.9901,-0.4205,-1.0439,15.9196,460,622703.6253,4595188.7671,dem_9t_1m,,2.0851,1.2776,3.4620,0.5364,155
479.7135,480.8488,481.3349,1.1353,1.6214,7.0000,5.8310,14.0000,0.0811,0.2652,58.2561,-0.2203,-0.7856,11.4509,105,620594.4611,4594812.0429,dem_9t_1m,,1.8698,0.8667,3.4618,0.4559,156
606.7780,607.1789,607.4252,0.4009,0.6472,3.0000,5.0000,6.0000,0.0668,0.1518,3.7782,-0.2320,-0.2449,9.3417,597,698478.3137,4648894.8855,dem_mk5_1m,,1.8538,0.9909,3.4493,0.4910,157
529.5063,529.8557,531.4517,0.3494,1.9454,7.0000,6.0828,14.0000,0.0250,0.9386,17.9300,0.0131,0.0034,3.9535,654,700290.8744,4646946.7778,dem_mk5_1m,,1.6739,1.1079,3.4490,0.4814,158
506.1320,506.3817,506.9953,0.2496,0.8633,6.5000,5.0990,13.0000,0.0192,0.6233,11.0448,-0.1953,-0.2205,9.0384,637,700279.3256,4646843.4460,dem_mk5_1m,,1.3773,0.7422,3.4448,0.4752,159
487.8012,489.0721,489.7145,1.2709,1.9133,5.0000,5.0990,10.0000,0.1271,0.4669,33.2714,-0.3471,-0.9219,13.5205,531,622673.3236,4597479.4141,dem_9t_1m,,1.9812,0.9830,3.4400,0.4828,160
471.0005,472.3760,472.9958,1.3754,1.9953,5.5000,5.3852,11.0000,0.1250,0.5046,43.5704,-0.2246,-0.9716,10.9981,468,622720.0046,4595727.9741,dem_9t_1m,,1.9259,0.8019,3.4367,0.4821,161
466.6532,467.2361,467.4747,0.5829,0.8215,7.0000,6.3246,14.0000,0.0416,0.1903,29.9126,-0.0632,-0.2529,1.2035,540,698878.8762,4647882.8420,dem_mk5_1m,,2.3811,0.9677,3.4324,0.4827,162
466.1537,466.5636,467.8033,0.4099,1.6497,7.0000,5.3852,14.0000,0.0293,0.5182,21.0337,-0.1597,-0.3174,6.2923,392,622571.9356,4596754.1381,dem_9t_1m,,1.0636,0.5435,3.4277,0.4190,163
492.7646,493.1377,493.5573,0.3731,0.7927,3.0000,5.2421,6.0000,0.0622,0.2213,3.5162,-0.2529,-0.2445,9.9224,647,699458.1419,4647020.9335,dem_mk5_1m,,1.8538,0.9187,3.4251,0.4885,164
446.2736,447.0925,448.6173,0.8189,2.3438,6.0000,5.5210,12.0000,0.0682,0.7572,30.8733,-0.1215,-0.5685,5.7817,104,620855.8749,4594894.9222,dem_9t_1m,,1.3043,0.4318,3.4245,0.4285,165
444.3737,444.8807,446.0141,0.5070,1.6404,7.0000,6.3246,14.0000,0.0362,0.6259,26.0165,-0.0311,-0.1467,1.4360,19,621070.8450,4595728.0138,dem_9t_1m,,2.3811,0.9115,3.4198,0.4757,166
428.2118,428.7383,429.2149,0.5265,1.0031,6.5000,6.3246,13.0000,0.0405,0.3304,23.2940,-0.0463,-0.2127,0.8702,6,622203.2681,4595703.7954,dem_9t_1m,,2.3811,0.8854,3.4163,0.4804,167
440.2529,441.0593,442.0908,0.8065,1.8380,7.0000,5.0990,14.0000,0.0576,0.8966,41.3815,-0.3106,-0.5816,12.7732,187,621618.1682,4594360.6290,dem_9t_1m,,1.2033,0.7615,3.4115,0.4627,168
465.4460,466.7529,467.9544,1.3068,2.5083,6.0000,5.8310,12.0000,0.1089,0.9830,49.2661,-0.1543,-0.8397,7.8816,102,620731.0646,4594788.1291,dem_9t_1m,,1.7287,0.9522,3.4040,0.5058,169
485.8383,486.7376,487.1243,0.8993,1.2860,4.0000,5.0990,8.0000,0.1124,0.3820,15.0673,-0.4787,-0.6979,17.8502,477,622839.5736,4596085.0431,dem_9t_1m,,2.3665,1.0799,3.4022,0.4772,170
464.9714,465.7242,466.9689,0.7528,1.9975,7.0000,5.3852,14.0000,0.0538,1.2278,38.6286,-0.1748,-0.3925,8.5182,387,622586.6770,4596340.3966,dem_9t_1m,,1.8200,0.5866,3.4000,0.4280,171
431.2941,431.4335,431.6670,0.1394,0.3729,3.0000,5.0000,6.0000,0.0232,0.0967,1.3136,-0.0954,-0.0161,4.2790,441,620615.9180,4593366.5684,dem_9t_1m,,1.8538,1.3942,3.3794,0.5138,172
482.6571,482.9651,483.3169,0.3080,0.6598,3.0000,5.3852,6.0000,0.0513,0.2243,2.9024,-0.1855,-0.1921,8.8279,665,699166.2297,4647855.7174,dem_mk5_1m,,1.8538,0.9028,3.3767,0.4833,173
453.4576,454.1656,454.3973,0.7080,0.9397,3.5000,5.0000,7.0000,0.1011,0.1619,9.0824,-0.3864,-0.6029,15.3810,319,620915.6594,4595798.5689,dem_9t_1m,,1.6482,1.0790,3.3698,0.5002,174
467.1504,468.1117,468.4269,0.9614,1.2766,5.0000,5.0990,10.0000,0.0961,0.3007,25.1685,-0.1824,-0.6457,8.4361,386,622582.0908,4596443.5863,dem_9t_1m,,1.2033,0.5072,3.3693,0.4211,175
433.3972,434.3664,435.1656,0.9692,1.7685,6.5000,5.0990,13.0000,0.0746,0.6663,42.8817,-0.2814,-0.7805,12.9370,262,623440.3668,4596727.6036,dem_9t_1m,,1.2033,0.7428,3.3609,0.4499,176
500.9857,501.6281,503.3312,0.6424,2.3456,7.0000,5.0990,14.0000,0.0459,1.0327,32.9646,-0.2350,-0.4753,9.5958,658,698250.6799,4649427.9558,dem_mk5_1m,,1.3123,0.6960,3.3590,0.4591,177
450.7302,451.7249,452.5016,0.9947,1.7714,5.0000,5.3852,10.0000,0.0995,0.7915,26.0409,-0.3809,-0.8033,15.3640,245,623204.5047,4595835.9138,dem_9t_1m,,1.6057,0.7677,3.3584,0.4601,178
478.5033,478.7321,479.5931,0.2288,1.0898,7.0000,5.9155,14.0000,0.0163,0.5823,11.7383,-0.0605,-0.0068,7.8934,180,619874.0989,4593892.1806,dem_9t_1m,,1.5341,0.9269,3.3574,0.4834,179
468.2685,469.2994,469.6795,1.0309,1.4111,4.0000,5.0990,8.0000,0.1289,0.3278,17.2736,-0.3534,-0.7889,16.1696,381,622950.6253,4596331.2242,dem_9t_1m,,2.0367,1.0540,3.3526,0.4733,180
540.7650,540.9388,541.1519,0.1739,0.3869,3.0000,5.0000,6.0000,0.0290,0.0902,1.6389,-0.0961,-0.1154,3.8532,630,699715.2557,4646960.7579,dem_mk5_1m,,1.8538,1.3430,3.3499,0.5050,181
544.5998,544.6989,545.0324,0.0991,0.4326,3.5000,5.0000,7.0000,0.0142,0.0857,1.2708,-0.0594,-0.0430,2.7946,622,697638.8950,4647274.4002,dem_mk5_1m,,1.7421,1.4047,3.3414,0.5082,182
480.1000,480.8558,481.2600,0.7558,1.1600,7.0000,6.0828,14.0000,0.0540,0.1592,38.7805,-0.0694,-0.3087,4.1824,77,621589.9651,4595360.2726,dem_9t_1m,,1.6739,0.7803,3.3316,0.4444,183
483.2287,483.7176,484.1437,0.4889,0.9150,7.0000,6.3246,14.0000,0.0349,0.2008,25.0863,-0.0204,-0.1677,0.7216,437,619783.8489,4594332.2928,dem_9t_1m,,2.3811,1.0445,3.3230,0.4913,184
487.3306,488.0801,488.6717,0.7495,1.3411,7.0000,5.6569,14.0000,0.0535,0.2954,38.4579,-0.2072,-0.5864,11.4762,420,619668.8661,4595965.3103,dem_9t_1m,,1.0048,0.5129,3.3208,0.4221,185
482.2902,483.0777,484.2879,0.7876,1.9977,7.0000,5.8310,14.0000,0.0563,0.5093,40.4122,-0.0595,-0.3865,3.5027,100,620979.7025,4594554.8876,dem_9t_1m,,1.1158,0.6650,3.3205,0.4226,186
563.3188,563.5427,564.1249,0.2239,0.8061,3.5000,5.0990,7.0000,0.0320,0.2129,2.8719,-0.1228,-0.0604,4.9793,669,699651.2812,4647954.1865,dem_mk5_1m,,1.4965,1.1152,3.3149,0.4662,187
481.1041,482.4366,482.6670,1.3325,1.5628,5.5000,5.3852,11.0000,0.1211,0.1275,42.2102,-0.4538,-1.0811,18.4457,145,619936.6679,4595020.0601,dem_9t_1m,,2.1839,1.1374,3.3058,0.5331,188
465.1045,465.9490,466.7473,0.8445,1.6429,4.0000,5.0000,8.0000,0.1056,0.4276,14.1500,-0.4880,-0.7112,19.0872,506,620690.7715,4595798.4051,dem_9t_1m,,2.4389,1.0982,3.3050,0.5019,189
487.7856,488.9691,489.3568,1.1835,1.5711,5.5000,5.8310,11.0000,0.1076,0.2037,37.4897,-0.1083,-0.7776,6.4085,96,620440.8231,4594659.0601,dem_9t_1m,,1.3742,0.6962,3.2996,0.4540,190
406.2880,407.5199,408.7603,1.2319,2.4723,5.5000,5.0990,11.0000,0.1120,1.0418,39.0249,-0.3580,-0.9481,15.7319,242,623652.9703,4595859.5000,dem_9t_1m,,1.7238,1.1351,3.2913,0.5228,191
471.8723,472.9470,473.1722,1.0747,1.3000,7.0000,5.8310,14.0000,0.0768,0.1421,55.1477,-0.2721,-0.7123,11.6781,67,621890.6893,4595145.7036,dem_9t_1m,,1.6906,0.8724,3.2799,0.4634,192
454.2439,454.8655,455.8797,0.6217,1.6358,4.0000,5.0990,8.0000,0.0777,0.4062,10.4162,-0.3459,-0.5308,14.0742,263,623327.6771,4596724.3277,dem_9t_1m,,1.3336,0.7519,3.2753,0.4568,193
533.0723,533.5955,535.1078,0.5232,2.0356,7.0000,6.0000,14.0000,0.0374,1.2164,26.8465,-0.1074,-0.2109,4.5977,646,699570.5912,4647113.3243,dem_mk5_1m,,1.7904,0.8828,3.2743,0.4406,194
432.1146,432.8513,434.7648,0.7367,2.6502,7.0000,5.8310,14.0000,0.0526,1.1320,37.8002,-0.1494,-0.4727,6.3096,36,621639.8345,4594825.3804,dem_9t_1m,,1.7629,0.7468,3.2669,0.4323,195
477.8100,478.5999,479.6654,0.7900,1.8554,7.0000,6.3246,14.0000,0.0564,0.5776,40.5359,-0.0584,-0.3063,2.8536,526,620254.7541,4595617.5775,dem_9t_1m,,2.3811,0.8227,3.2660,0.4697,196
481.5261,481.9677,482.2578,0.4416,0.7317,7.0000,6.3246,14.0000,0.0315,0.1523,22.6576,-0.0399,-0.2083,1.1665,401,620705.6766,4596933.3278,dem_9t_1m,,2.3811,1.0807,3.2657,0.4887,197
517.2378,517.5405,519.2766,0.3027,2.0388,7.0000,5.3852,14.0000,0.0216,0.9725,15.5310,-0.0646,-0.1559,2.6113,576,700410.0098,4648889.4150,dem_mk5_1m,,1.3021,0.9638,3.2557,0.4532,198
394.9697,395.3084,396.7548,0.3387,1.7851,7.0000,5.6569,14.0000,0.0242,1.2424,17.3819,-0.0665,-0.1080,2.6448,189,621861.5648,4594487.0773,dem_9t_1m,,1.8579,0.9855,3.2483,0.4603,199
480.3075,481.6885,481.9841,1.3810,1.6766,5.0000,5.6569,10.0000,0.1381,0.2818,36.1532,-0.3871,-1.0739,15.8401,81,621713.1375,4595595.8071,dem_9t_1m,,2.3239,1.1182,3.2430,0.5346,200
410.5300,411.6745,412.7919,1.1445,2.2619,6.0000,5.3852,12.0000,0.0954,0.9086,43.1467,-0.1653,-0.8041,8.8273,258,623735.1945,4596881.8967,dem_9t_1m,,1.2623,0.6999,3.2295,0.4648,201
550.4930,550.9540,551.7419,0.4609,1.2489,5.0000,5.8310,10.0000,0.0461,0.6138,12.0673,-0.0870,-0.3420,3.5133,640,700251.3652,4647020.9335,dem_mk5_1m,,1.1136,0.5951,3.2294,0.4359,202
423.6037,424.2807,424.7175,0.6770,1.1138,3.5000,5.0000,7.0000,0.0967,0.2640,8.6847,-0.3931,-0.5079,14.0608,343,623317.8496,4595466.0689,dem_9t_1m,,1.7006,0.9777,3.2256,0.4886,203
437.2794,438.3153,438.4997,1.0360,1.2203,4.0000,5.0990,8.0000,0.1295,0.1139,17.3580,-0.3754,-0.8392,14.9971,294,619919.1420,4597183.6037,dem_9t_1m,,2.0563,1.1429,3.2211,0.4894,204
550.5349,551.1045,553.0204,0.5696,2.4856,7.0000,5.3852,14.0000,0.0407,1.2857,29.2298,-0.2702,-0.3690,11.1815,609,699548.7092,4648829.2394,dem_mk5_1m,,1.9708,0.7848,3.2136,0.4606,205
376.7752,377.2244,377.5979,0.4492,0.8227,6.0000,5.6569,12.0000,0.0374,0.1353,16.9363,-0.2260,-0.3159,7.3849,230,623082.6426,4594510.1721,dem_9t_1m,,1.0238,0.5683,3.1945,0.4293,206
500.4042,500.8747,502.8037,0.4705,2.3995,7.0000,5.6569,14.0000,0.0336,1.3649,24.1421,-0.1130,-0.2843,6.1072,652,699395.5350,4647149.1865,dem_mk5_1m,,2.1769,0.8491,3.1885,0.4478,207
428.6517,429.7275,430.3981,1.0759,1.7464,6.5000,5.3852,13.0000,0.0828,0.5375,47.6008,-0.4142,-0.8336,15.5533,461,622603.3839,4595385.3188,dem_9t_1m,,1.8647,0.8682,3.1864,0.4662,208
579.9005,580.9022,581.5313,1.0018,1.6309,5.0000,5.0990,10.0000,0.1002,0.7154,26.2263,-0.2886,-0.7440,10.7706,606,699884.2335,4648456.6372,dem_mk5_1m,,1.2033,0.6424,3.1781,0.4382,209
489.6351,490.0825,492.1237,0.4474,2.4886,7.0000,5.5210,14.0000,0.0320,1.3383,22.9567,-0.1377,-0.2541,4.3954,683,699253.7602,4649132.7339,dem_mk5_1m,,2.1076,0.8595,3.1753,0.4591,210
494.2643,494.9257,496.8296,0.6614,2.5652,7.0000,5.8310,14.0000,0.0472,1.1745,33.9386,-0.1333,-0.4179,4.9751,613,699376.6922,4649203.0573,dem_mk5_1m,,1.6812,0.7826,3.1729,0.4303,211
514.2401,514.4746,516.2685,0.2345,2.0284,7.0000,5.3852,14.0000,0.0167,1.3020,12.0327,-0.0422,-0.0181,2.7593,659,698521.1660,4649337.3885,dem_mk5_1m,,2.0132,1.1468,3.1706,0.4877,212
418.3834,419.5435,420.5439,1.1601,2.1605,6.5000,5.3852,13.0000,0.0892,0.8528,51.3260,-0.4026,-0.8719,14.6174,2,622322.6504,4595425.9963,dem_9t_1m,,1.7745,1.0456,3.1678,0.4835,213
582.4377,582.7916,584.5400,0.3538,2.1023,7.0000,5.3852,14.0000,0.0253,1.2372,18.1555,-0.0955,-0.0805,4.1568,628,700008.8395,4647109.0694,dem_mk5_1m,,1.8445,0.9709,3.1640,0.4544,214
438.9600,440.1501,440.6902,1.1901,1.7302,7.0000,6.0828,14.0000,0.0850,0.3498,61.0669,-0.1091,-0.6553,6.5134,237,623804.9703,4595716.0172,dem_9t_1m,,2.0318,0.9411,3.1582,0.4765,215
419.1143,420.2161,421.3587,1.1018,2.2444,5.0000,5.2421,10.0000,0.1102,0.6135,28.8444,-0.3353,-0.8316,12.6241,68,622336.8618,4595295.0829,dem_9t_1m,,1.4548,0.8268,3.1531,0.4617,216
496.4250,496.9160,497.7711,0.4910,1.3461,7.0000,6.0000,14.0000,0.0351,0.3554,25.1928,-0.1614,-0.3221,8.2896,331,622829.7460,4596968.3795,dem_9t_1m,,1.4319,0.5728,3.1511,0.4311,217
470.2734,470.9034,471.4518,0.6300,1.1784,6.0000,5.3852,12.0000,0.0525,0.3182,23.7518,-0.2860,-0.4304,11.3648,308,620559.5731,4597349.0347,dem_9t_1m,,0.8676,0.3667,3.1324,0.4080,218
561.7309,561.8799,563.3137,0.1490,1.5828,6.0000,5.0990,12.0000,0.0124,0.8532,5.6167,-0.0735,-0.1153,3.8297,598,698187.7691,4648702.8099,dem_mk5_1m,,1.5986,0.9217,3.1311,0.4790,219
476.2133,477.5418,477.8112,1.3285,1.5979,6.5000,6.0414,13.0000,0.1022,0.1591,58.7779,-0.1369,-0.8239,6.5724,134,619686.3919,4595726.0086,dem_9t_1m,,1.8999,0.9973,3.1274,0.4961,220
489.9631,490.9010,491.3474,0.9379,1.3842,6.5000,5.8310,13.0000,0.0721,0.2077,41.4977,-0.2462,-0.7411,13.0433,516,620399.2197,4594863.4739,dem_9t_1m,,1.0071,0.6761,3.1241,0.4376,221
561.9457,562.4261,563.9308,0.4803,1.9851,7.0000,5.3852,14.0000,0.0343,1.1775,24.6479,-0.1177,-0.3403,5.7916,611,699808.2543,4648800.0634,dem_mk5_1m,,1.6891,0.7204,3.1221,0.4270,222
370.9090,371.6338,372.2403,0.7248,1.3314,7.0000,6.0000,14.0000,0.0518,0.4476,37.1926,-0.2404,-0.4310,8.4094,356,623289.0220,4594659.2239,dem_9t_1m,,1.4319,0.5120,3.1121,0.4303,223
450.1029,450.9776,451.5450,0.8747,1.4420,4.0000,5.3852,8.0000,0.1093,0.4180,14.6551,-0.3089,-0.7094,13.8934,320,620804.2801,4595727.4827,dem_9t_1m,,1.4285,0.7713,3.0988,0.4562,224
437.3894,438.3771,438.5570,0.9877,1.1675,4.0000,5.0990,8.0000,0.1235,0.1270,16.5491,-0.3536,-0.7484,14.8026,293,619917.1765,4597174.4313,dem_9t_1m,,1.8684,1.0739,3.0926,0.4730,225
479.4070,480.3294,480.7232,0.9225,1.3163,4.0000,5.0990,8.0000,0.1153,0.3776,15.4559,-0.4620,-0.7329,19.1414,301,619549.9523,4596745.9484,dem_9t_1m,,2.2369,1.1122,3.0913,0.4843,226
462.6870,463.1395,463.7441,0.4525,1.0571,3.5000,5.0990,7.0000,0.0646,0.2464,5.8045,-0.2142,-0.3784,11.5462,501,619672.6333,4596483.7156,dem_9t_1m,,1.4965,0.7775,3.0893,0.4422,227
486.5734,487.4137,487.6357,0.8403,1.0623,4.5000,5.0990,9.0000,0.0934,0.1159,17.8192,-0.1678,-0.5902,8.5921,97,620476.8576,4594665.9394,dem_9t_1m,,1.2033,0.6228,3.0880,0.4314,228
483.3785,484.0718,484.3754,0.6933,0.9969,7.0000,5.6569,14.0000,0.0495,0.2028,35.5734,-0.2511,-0.5459,10.8488,201,620202.1765,4593739.0340,dem_9t_1m,,1.0048,0.5762,3.0833,0.4377,229
587.5618,588.4870,589.5178,0.9252,1.9561,5.5000,5.8310,11.0000,0.0841,0.6241,29.3092,-0.0650,-0.5714,3.3149,568,700373.5398,4648397.0695,dem_mk5_1m,,1.1541,0.5406,3.0815,0.4535,230
445.0957,446.1790,447.5027,1.0833,2.4071,7.0000,6.0828,14.0000,0.0774,0.9352,55.5893,-0.0509,-0.5327,2.6081,335,623955.9876,4597132.1726,dem_9t_1m,,1.7160,1.0839,3.0799,0.4854,231
458.3661,459.4671,460.0057,1.1011,1.6397,5.0000,5.0990,10.0000,0.1101,0.4973,28.8261,-0.2396,-0.7977,11.5670,298,619683.9350,4596751.8450,dem_9t_1m,,1.4526,0.6715,3.0766,0.4341,232
454.8283,455.5893,456.0107,0.7609,1.1823,5.5000,5.3852,11.0000,0.0692,0.5818,24.1044,-0.2073,-0.5497,14.4968,60,622185.1893,4594826.3069,dem_9t_1m,,1.1265,0.2943,3.0758,0.4137,233
455.3809,456.6737,457.8790,1.2928,2.4981,6.5000,5.6569,13.0000,0.0994,0.8776,57.2008,-0.1702,-0.8588,9.1042,520,620583.6507,4595183.8533,dem_9t_1m,,1.8089,0.9327,3.0666,0.4945,234
555.8394,556.6569,558.4297,0.8175,2.5903,7.0000,5.6569,14.0000,0.0584,1.4724,41.9484,-0.1758,-0.3705,9.0757,677,700089.7952,4647272.9997,dem_mk5_1m,,2.4569,0.7531,3.0641,0.4578,235
524.0108,524.0853,524.6716,0.0745,0.6608,3.0000,5.0990,6.0000,0.0124,0.3976,0.7018,-0.0590,0.0433,10.7134,674,698915.4576,4648532.5470,dem_mk5_1m,,1.8538,1.2979,3.0628,0.5224,236
470.4180,470.6107,471.5221,0.1927,1.1041,7.0000,6.0000,14.0000,0.0138,0.5004,9.8858,-0.0545,-0.0952,3.5806,183,621264.7026,4593923.9565,dem_9t_1m,,1.5467,1.0242,3.0599,0.4784,237
405.4902,406.1719,407.1445,0.6817,1.6543,5.0000,5.0495,10.0000,0.0682,0.8797,17.8477,-0.3300,-0.5831,12.6085,342,623436.1082,4595606.9310,dem_9t_1m,,1.3481,0.5882,3.0559,0.4665,238
432.0711,432.2262,432.4254,0.1550,0.3542,3.5000,5.0990,7.0000,0.0221,0.1966,1.9887,-0.0904,-0.0994,2.9714,322,622184.0735,4596226.0690,dem_9t_1m,,1.6735,1.2788,3.0552,0.4830,239
462.0730,462.8154,464.4564,0.7424,2.3834,6.0000,5.3852,12.0000,0.0619,0.8858,27.9867,-0.1788,-0.5028,7.7478,286,622178.5045,4596979.8450,dem_9t_1m,,1.3636,0.3624,3.0519,0.4304,240
460.5542,461.6709,463.3700,1.1167,2.8158,7.0000,5.8310,14.0000,0.0798,0.9783,57.2993,-0.1996,-0.6303,8.5976,112,620444.7542,4595319.1464,dem_9t_1m,,2.0108,0.9572,3.0517,0.4587,241
423.8607,424.1655,424.5820,0.3048,0.7213,3.5000,5.6569,7.0000,0.0435,0.1792,3.9101,-0.0892,-0.1777,4.9301,323,622300.3666,4596197.8966,dem_9t_1m,,1.4965,0.9926,3.0448,0.4656,242
457.7216,457.9060,457.9395,0.1844,0.2179,4.5000,5.0495,9.0000,0.0205,0.0249,3.9101,-0.0498,-0.1243,1.7838,616,698187.7691,4647416.6334,dem_mk5_1m,,1.8775,1.2511,3.0444,0.5098,243
484.6516,485.2351,485.3981,0.5835,0.7466,3.5000,5.0990,7.0000,0.0834,0.1627,7.4856,-0.2079,-0.3763,10.6663,179,620221.3403,4593625.8530,dem_9t_1m,,1.4965,0.8294,3.0425,0.4515,244
479.4467,480.5654,481.1330,1.1187,1.6864,6.5000,5.6569,13.0000,0.0861,0.4275,49.4978,-0.3776,-0.8614,16.4379,312,619825.1247,4596296.8276,dem_9t_1m,,1.5803,0.9173,3.0416,0.4637,245
442.7046,443.0504,443.4807,0.3459,0.7762,6.5000,6.0000,13.0000,0.0266,0.3989,15.3034,-0.1052,-0.1844,4.5033,443,620641.7973,4593464.8443,dem_9t_1m,,1.4319,0.8421,3.0390,0.4506,246
493.3657,494.4898,496.2150,1.1241,2.8494,7.0000,5.3852,14.0000,0.0803,1.3493,57.6814,-0.2562,-0.6530,13.1061,583,699823.4501,4649122.2153,dem_mk5_1m,,2.1364,1.1199,3.0363,0.4923,247
528.5816,529.5269,530.8447,0.9453,2.2631,7.0000,5.5210,14.0000,0.0675,1.1310,48.5065,-0.1169,-0.3953,9.2667,549,699359.6728,4647972.8014,dem_mk5_1m,,1.5679,0.6922,3.0338,0.4375,248
459.6673,459.8459,461.0279,0.1785,1.3606,6.5000,5.0990,13.0000,0.0137,0.8965,7.8988,-0.0812,-0.1335,4.0774,296,619669.5212,4596889.7588,dem_9t_1m,,1.5476,0.9580,3.0331,0.4888,249
427.8992,428.2468,428.8489,0.3477,0.9497,4.5000,5.8310,9.0000,0.0386,0.3375,7.3723,-0.1052,-0.2568,4.6069,450,623307.6944,4594502.1463,dem_9t_1m,,1.0639,0.7948,3.0316,0.4389,250
451.0652,451.3639,451.8504,0.2987,0.7852,3.5000,5.0000,7.0000,0.0427,0.2152,3.8315,-0.1505,-0.1096,6.9145,346,623670.6600,4595146.0171,dem_9t_1m,,1.4965,1.0180,3.0173,0.4640,251
459.9868,460.6041,460.9310,0.6173,0.9442,3.5000,5.0990,7.0000,0.0882,0.1802,7.9190,-0.2480,-0.4294,12.1736,302,619510.3143,4597006.3795,dem_9t_1m,,1.4965,0.8405,3.0127,0.4472,252
429.7509,430.8745,431.4780,1.1236,1.7272,5.0000,5.0990,10.0000,0.1124,0.5270,29.4157,-0.4391,-0.9007,16.0173,243,623354.2116,4595795.2931,dem_9t_1m,,2.0584,0.9477,3.0111,0.4674,253
442.9162,443.4692,444.0158,0.5529,1.0996,3.5000,5.0990,7.0000,0.0790,0.3022,7.0933,-0.3286,-0.3580,13.2513,394,622299.0563,4596978.5347,dem_9t_1m,,1.4965,0.8851,3.0071,0.4615,254
461.3122,461.9121,463.4526,0.5999,2.1404,6.5000,5.7439,13.0000,0.0461,0.9865,26.5413,-0.0851,-0.4218,4.4038,412,619521.7798,4597005.3967,dem_9t_1m,,1.1919,0.6161,3.0046,0.4395,255
472.6575,473.3353,473.5746,0.6778,0.9171,7.0000,6.0828,14.0000,0.0484,0.0734,34.7779,-0.0633,-0.3108,4.3810,222,623834.4531,4594648.7411,dem_9t_1m,,1.6739,0.8224,2.9986,0.4527,256
473.0707,474.4824,475.3606,1.4117,2.2899,6.0000,5.6569,12.0000,0.1176,0.5438,53.2215,-0.2039,-0.9237,10.7284,347,623923.5566,4594982.2239,dem_9t_1m,,2.0302,0.8905,2.9976,0.4914,257
395.7785,396.6486,397.4638,0.8701,1.6853,4.0000,5.0000,8.0000,0.1088,0.6338,14.5790,-0.4353,-0.6505,16.8585,458,622567.6770,4594894.5946,dem_9t_1m,,2.0287,1.0207,2.9973,0.4975,258
506.4281,506.9130,508.2764,0.4848,1.8483,7.0000,5.8310,14.0000,0.0346,1.0959,24.8781,-0.1130,-0.1497,5.0965,651,699460.5733,4647107.2459,dem_mk5_1m,,1.4766,0.8072,2.9945,0.4269,259
430.7462,431.9033,432.2183,1.1572,1.4722,4.5000,5.3852,9.0000,0.1286,0.3627,24.5386,-0.4340,-0.9552,16.8237,257,623868.8497,4596904.5002,dem_9t_1m,,2.0275,1.0119,2.9928,0.4917,260
496.0428,496.5406,496.8550,0.4978,0.8122,6.5000,5.3852,13.0000,0.0383,0.2167,22.0262,-0.2304,-0.4312,11.8045,166,620441.8059,4594400.5945,dem_9t_1m,,0.9880,0.5579,2.9890,0.4413,261
481.5387,482.2868,484.2680,0.7481,2.7293,7.0000,5.6569,14.0000,0.0534,1.1986,38.3874,-0.1797,-0.4633,7.5739,678,699471.8563,4646913.0566,dem_mk5_1m,,1.8814,0.6904,2.9794,0.4409,262
449.4784,449.7181,449.9672,0.2397,0.4888,3.0000,5.0990,6.0000,0.0399,0.1747,2.2587,-0.1399,-0.0867,6.1673,464,623047.2633,4595365.0085,dem_9t_1m,,1.8538,1.1665,2.9759,0.4862,263
421.1968,422.0121,422.7430,0.8153,1.5462,6.5000,5.8310,13.0000,0.0627,0.1709,36.0712,-0.1902,-0.5533,9.1824,32,621105.6055,4594925.3881,dem_9t_1m,,0.9374,0.4296,2.9740,0.4122,264
476.4897,477.2299,477.4902,0.7401,1.0005,6.5000,5.8310,13.0000,0.0569,0.2086,32.7470,-0.1378,-0.4508,12.7001,148,619938.3058,4594900.4912,dem_9t_1m,,0.9374,0.5020,2.9715,0.4235,265
460.5462,461.7340,462.8414,1.1877,2.2951,5.5000,5.3852,11.0000,0.1080,0.6185,37.6250,-0.2441,-0.8631,10.8842,87,621958.8272,4595591.8761,dem_9t_1m,,1.4296,0.7073,2.9677,0.4515,266
451.8136,452.8462,453.6072,1.0326,1.7936,4.5000,5.0990,9.0000,0.1147,0.6745,21.8976,-0.4508,-0.8379,16.0966,405,619810.3833,4597071.5692,dem_9t_1m,,2.1496,1.0306,2.9635,0.4813,267
519.5078,520.4830,521.7609,0.9752,2.2531,7.0000,5.8310,14.0000,0.0697,0.9198,50.0380,-0.0514,-0.5349,5.6847,684,700308.7367,4648675.5774,dem_mk5_1m,,1.3960,0.8564,2.9561,0.4401,268
449.0960,450.0065,451.4745,0.9105,2.3785,7.0000,5.8310,14.0000,0.0650,0.7438,46.7213,-0.1329,-0.5549,6.2579,122,620832.6163,4595436.4223,dem_9t_1m,,1.3564,0.7226,2.9533,0.4171,269
467.3346,467.4348,467.6654,0.1002,0.3308,6.0000,5.9155,12.0000,0.0083,0.0553,3.7770,-0.0134,-0.0672,1.3349,483,621115.8146,4596248.8363,dem_9t_1m,,1.7388,1.2334,2.9466,0.5361,270
455.3915,456.4093,457.0154,1.0179,1.6240,5.0000,5.0990,10.0000,0.1018,0.6902,26.6473,-0.3495,-0.8095,15.3062,26,621471.7304,4595195.2094,dem_9t_1m,,1.3619,0.7942,2.9339,0.4466,271
446.2530,446.5984,447.3867,0.3454,1.1338,7.0000,5.3852,14.0000,0.0247,0.3862,17.7233,-0.0825,-0.2600,4.6077,430,619580.7454,4594900.6549,dem_9t_1m,,1.2071,0.7478,2.9320,0.4251,272
438.4186,439.0649,440.4259,0.6462,2.0073,7.0000,6.0414,14.0000,0.0462,1.0360,33.1603,0.0106,-0.1275,5.2242,479,623265.1082,4596193.4742,dem_9t_1m,,1.5529,0.9214,2.9299,0.4613,273
484.1506,484.4277,484.8381,0.2772,0.6875,7.0000,5.6569,14.0000,0.0198,0.1761,14.2219,-0.1450,-0.2238,5.6510,484,620104.2282,4595752.8706,dem_9t_1m,,1.3588,0.8616,2.9252,0.4579,274
422.9191,424.3033,425.1980,1.3842,2.2789,5.5000,5.6569,11.0000,0.1258,0.5924,43.8488,-0.3371,-1.0308,13.6534,481,623459.6944,4596589.8536,dem_9t_1m,,2.0099,1.0089,2.9236,0.5075,275
548.7460,549.4297,550.8182,0.6837,2.0722,7.0000,5.8310,14.0000,0.0488,1.1483,35.0833,-0.0665,-0.2018,4.9904,554,699736.5299,4647864.6070,dem_mk5_1m,,1.6132,0.8200,2.9217,0.4314,276
492.4278,492.6064,493.1820,0.1786,0.7542,7.0000,5.9155,14.0000,0.0128,0.3881,9.1623,0.0013,-0.0590,2.6164,434,620008.5730,4594502.3100,dem_9t_1m,,1.5780,1.1549,2.9216,0.4993,277
487.9197,489.0217,489.5301,1.1019,1.6104,7.0000,6.0828,14.0000,0.0787,0.2633,56.5429,-0.1314,-0.6554,6.7505,157,620064.7541,4594567.9911,dem_9t_1m,,1.7710,0.8605,2.9139,0.4675,278
447.2534,448.3798,449.0399,1.1264,1.7865,5.5000,5.6569,11.0000,0.1024,0.2617,35.6809,-0.2989,-0.8481,15.6130,41,622188.4521,4594921.9690,dem_9t_1m,,1.3774,0.7653,2.9098,0.4509,279
429.0937,429.7150,430.7067,0.6212,1.6129,7.0000,5.3852,14.0000,0.0444,0.6127,31.8778,-0.0617,-0.3418,2.5335,525,620947.2715,4595173.6981,dem_9t_1m,,1.3135,0.5959,2.9041,0.4226,280
494.7794,495.3407,496.1881,0.5612,1.4086,7.0000,6.0000,14.0000,0.0401,0.7167,28.7992,-0.0963,-0.1925,4.4591,666,699163.1905,4647968.1667,dem_mk5_1m,,1.4319,0.7054,2.9035,0.4250,281
486.3406,487.7065,488.3740,1.3659,2.0334,6.5000,5.8310,13.0000,0.1051,0.3424,60.4319,-0.2889,-0.9642,14.4394,129,620047.0644,4595439.0430,dem_9t_1m,,1.9952,1.1392,2.9002,0.5000,282
460.7893,462.1729,462.6396,1.3836,1.8503,6.0000,5.8310,12.0000,0.1153,0.4111,52.1607,-0.2048,-0.8779,13.0804,21,621317.0177,4595482.4109,dem_9t_1m,,1.9494,0.9114,2.8961,0.4762,283
479.2421,479.5382,480.1982,0.2961,0.9561,7.0000,6.0000,14.0000,0.0212,0.4136,15.1943,-0.0732,-0.0970,3.6189,416,619533.5729,4596362.0173,dem_9t_1m,,1.4319,0.9746,2.8849,0.4596,284
532.6748,533.1785,534.6450,0.5037,1.9702,7.0000,6.0828,14.0000,0.0360,0.7873,25.8474,-0.0294,-0.1806,3.0300,552,699559.0424,4647863.9991,dem_mk5_1m,,1.6739,0.8919,2.8823,0.4453,285
424.6238,425.7236,426.7891,1.0998,2.1653,6.0000,5.3852,12.0000,0.0916,0.6520,41.4612,-0.3875,-0.8847,17.4890,459,622592.2460,4595068.8705,dem_9t_1m,,1.7368,0.9196,2.8776,0.4764,286
493.2282,493.8883,494.8413,0.6600,1.6130,6.0000,5.8310,12.0000,0.0550,0.3274,24.8827,-0.1371,-0.4276,7.1145,185,620990.8405,4594337.3704,dem_9t_1m,,0.9374,0.3133,2.8767,0.3996,287
467.1020,467.5733,467.9393,0.4713,0.8372,6.0000,5.0990,12.0000,0.0393,0.2556,17.7669,-0.2034,-0.3482,8.4851,174,619623.8230,4593662.2151,dem_9t_1m,,1.2033,0.5465,2.8743,0.4285,288
419.4332,420.2492,420.6053,0.8160,1.1721,4.0000,5.0990,8.0000,0.1020,0.2521,13.6724,-0.2474,-0.6134,13.1697,336,623775.8152,4596125.8276,dem_9t_1m,,1.2033,0.8053,2.8717,0.4368,289
468.1521,468.6309,469.2800,0.4787,1.1279,3.5000,5.3852,7.0000,0.0684,0.5125,6.1412,-0.1973,-0.2124,9.7874,223,623693.2634,4594629.7411,dem_9t_1m,,1.4965,0.6384,2.8684,0.4607,290
475.3868,476.2292,476.7647,0.8424,1.3779,4.5000,5.0990,9.0000,0.0936,0.1314,17.8639,-0.3080,-0.6803,15.2435,426,619723.5730,4595745.1724,dem_9t_1m,,1.2788,0.8044,2.8614,0.4429,291
534.7097,535.5409,536.5129,0.8312,1.8032,5.0000,5.5210,10.0000,0.0831,0.7867,21.7618,-0.1998,-0.5787,5.6376,649,699641.7078,4647019.7178,dem_mk5_1m,,0.6804,0.4162,2.8610,0.4460,292
468.2135,468.6835,469.5380,0.4700,1.3244,7.0000,5.6569,14.0000,0.0336,0.3322,24.1170,-0.0665,-0.3172,4.1338,152,619685.4092,4594513.9394,dem_9t_1m,,1.0048,0.6511,2.8576,0.4151,293
475.2240,476.5475,477.2165,1.3235,1.9925,5.5000,5.3852,11.0000,0.1203,0.4074,41.9241,-0.2972,-0.9975,14.9859,425,619719.6419,4595734.6896,dem_9t_1m,,1.8947,0.9223,2.8550,0.4736,294
483.6283,484.8622,485.5864,1.2339,1.9581,6.5000,5.8310,13.0000,0.0949,0.2816,54.5922,-0.1867,-0.7973,9.6346,106,620587.9094,4594909.6636,dem_9t_1m,,1.6585,0.8356,2.8549,0.4605,295
567.8525,568.7021,569.4047,0.8496,1.5522,7.0000,5.8310,14.0000,0.0607,0.7556,43.5957,-0.1064,-0.4595,7.2218,624,699900.6450,4647099.3441,dem_mk5_1m,,1.0245,0.5547,2.8543,0.4102,296
451.3734,452.1747,453.0503,0.8014,1.6769,7.0000,5.3852,14.0000,0.0572,0.5695,41.1200,-0.1506,-0.5473,7.8232,142,619525.8747,4595145.5257,dem_9t_1m,,1.0048,0.4451,2.8447,0.4109,297
445.6600,446.6881,447.5076,1.0281,1.8476,6.5000,6.0828,13.0000,0.0791,0.3843,45.4863,-0.0921,-0.5354,5.2174,52,621240.7581,4594586.8414,dem_9t_1m,,1.6739,0.7415,2.8424,0.4595,298
466.8636,468.1456,468.6555,1.2820,1.7920,5.5000,5.3852,11.0000,0.1165,0.4020,40.6122,-0.2992,-0.9020,12.5199,120,620699.6163,4595576.3016,dem_9t_1m,,1.6575,0.7936,2.8421,0.4523,299
482.4285,483.2982,483.7712,0.8697,1.3427,5.5000,5.8310,11.0000,0.0791,0.1131,27.5498,-0.2087,-0.6690,11.7348,146,620056.8920,4595030.2153,dem_9t_1m,,1.0816,0.4539,2.8389,0.4257,300
476.7000,478.0164,478.1874,1.3164,1.4874,5.5000,5.6569,11.0000,0.1197,0.2457,41.7008,-0.3034,-0.9739,13.8338,50,621863.9258,4595387.8167,dem_9t_1m,,1.8129,0.8683,2.8375,0.4725,301
482.5393,483.7021,484.1294,1.1627,1.5901,5.5000,5.8310,11.0000,0.1057,0.1254,36.8323,-0.2538,-0.8249,10.7261,227,623685.4014,4594510.8273,dem_9t_1m,,1.3155,0.7122,2.8370,0.4575,302
483.8935,484.6866,485.2360,0.7931,1.3425,6.0000,5.8310,12.0000,0.0661,0.1837,29.8988,-0.2433,-0.6069,12.6879,424,619564.0385,4595738.9482,dem_9t_1m,,0.9374,0.4559,2.8357,0.4202,303
455.7517,456.4988,456.6910,0.7471,0.9393,5.5000,6.0000,11.0000,0.0679,0.1387,23.6665,-0.0401,-0.4281,1.1099,72,621182.7753,4595833.6347,dem_9t_1m,,1.6038,0.5898,2.8349,0.4696,304
540.2440,540.9437,542.4916,0.6996,2.2476,7.0000,5.8310,14.0000,0.0500,0.9841,35.9007,-0.2300,-0.4214,7.2493,570,700220.9735,4648496.7542,dem_mk5_1m,,1.1856,0.6538,2.8318,0.4192,305
492.3350,492.5582,492.6657,0.2232,0.3307,3.5000,5.0000,7.0000,0.0319,0.1144,2.8637,-0.1171,-0.1718,4.8447,445,620825.9008,4594028.9479,dem_9t_1m,,1.7086,1.2014,2.8283,0.4870,306
448.2813,448.5810,449.1575,0.2997,0.8762,7.0000,5.3852,14.0000,0.0214,0.3336,15.3791,-0.0732,-0.1968,3.0404,84,621735.0858,4594860.7035,dem_9t_1m,,1.3086,0.8842,2.8267,0.4432,307
464.5109,464.9307,465.3815,0.4198,0.8705,5.5000,5.7439,11.0000,0.0382,0.5091,13.2973,-0.0575,-0.2832,3.0458,168,619586.4781,4594301.6635,dem_9t_1m,,1.2090,0.6177,2.8216,0.4308,308
492.3900,493.0799,494.1484,0.6899,1.7584,5.5000,5.3852,11.0000,0.0627,0.4406,21.8548,-0.1495,-0.4975,8.1458,159,620331.0817,4594682.6463,dem_9t_1m,,0.4282,0.1801,2.8205,0.3976,309
490.4294,491.2811,491.8774,0.8517,1.4480,5.5000,6.0828,11.0000,0.0774,0.4388,26.9794,-0.1034,-0.5473,5.6838,181,620991.4956,4593681.2151,dem_9t_1m,,1.6739,0.4147,2.8180,0.4360,310
418.4179,419.6283,420.6590,1.2104,2.2411,6.5000,5.8310,13.0000,0.0931,0.5031,53.5525,-0.1535,-0.7408,7.6708,42,622328.9187,4594955.0200,dem_9t_1m,,1.5986,0.8053,2.8161,0.4571,311
396.8047,397.7873,399.3804,0.9826,2.5757,6.5000,5.6569,13.0000,0.0756,1.0803,43.4745,-0.1959,-0.6939,9.4812,40,621749.2446,4594566.9560,dem_9t_1m,,1.6514,0.7380,2.8150,0.4615,312
450.9229,452.0300,453.6273,1.1071,2.7044,7.0000,5.6569,14.0000,0.0791,1.2562,56.8060,-0.1731,-0.6142,8.5851,53,621073.3615,4594691.0138,dem_9t_1m,,1.8940,0.9329,2.8139,0.4706,313
465.7535,466.2844,466.7575,0.5309,1.0040,5.0000,5.0990,10.0000,0.0531,0.5957,13.8977,-0.1779,-0.4009,7.1388,63,621876.2755,4594850.2207,dem_9t_1m,,1.2033,0.4555,2.8123,0.4167,314
513.8382,514.0947,515.3488,0.2565,1.5106,7.0000,5.6569,14.0000,0.0183,0.8929,13.1633,-0.0643,-0.1791,4.2384,620,697731.2858,4647197.8132,dem_mk5_1m,,1.4047,0.8753,2.8116,0.4407,315
434.7406,435.4515,436.6137,0.7109,1.8731,7.0000,5.3852,14.0000,0.0508,0.6870,36.4770,-0.1953,-0.3730,9.0197,4,622132.3224,4595763.0592,dem_9t_1m,,1.0048,0.4410,2.8108,0.4120,316
469.3431,470.3591,471.0313,1.0160,1.6881,6.5000,5.3852,13.0000,0.0782,0.6542,44.9503,-0.2729,-0.7579,13.8838,428,619675.7454,4595144.0515,dem_9t_1m,,1.1026,0.6907,2.8064,0.4382,317
544.3564,545.1060,546.0023,0.7496,1.6459,7.0000,6.0828,14.0000,0.0535,0.4700,38.4657,-0.0908,-0.3076,8.5207,548,699461.1811,4647966.1152,dem_mk5_1m,,1.6739,0.5906,2.8015,0.4295,318
355.9010,356.0621,356.4704,0.1611,0.5694,4.0000,5.6569,8.0000,0.0201,0.1569,2.6998,-0.0426,-0.0830,3.3805,198,621974.4183,4593718.7237,dem_9t_1m,,1.5637,1.1553,2.8005,0.4804,319
467.8720,468.2364,468.5702,0.3643,0.6982,4.5000,5.0000,9.0000,0.0405,0.0644,7.7257,-0.1391,-0.2798,5.1955,590,698047.3594,4649542.2286,dem_mk5_1m,,1.4929,0.8906,2.7828,0.4510,320
396.8023,397.8433,399.1740,1.0410,2.3718,6.0000,5.3852,12.0000,0.0868,0.9044,39.2454,-0.1495,-0.6751,7.1469,233,623212.3668,4594905.2412,dem_9t_1m,,1.3462,0.6437,2.7744,0.4577,321
487.5331,488.0146,488.6902,0.4814,1.1570,7.0000,6.0828,14.0000,0.0344,0.2570,24.7042,-0.1069,-0.2790,4.5399,161,620200.0472,4594673.1463,dem_9t_1m,,1.6739,0.7725,2.7709,0.4375,322
443.3631,443.9137,444.0873,0.5506,0.7242,3.5000,5.0990,7.0000,0.0787,0.0759,7.0636,-0.3076,-0.3833,13.2693,404,619823.1592,4596974.9312,dem_9t_1m,,1.4965,0.9670,2.7654,0.4753,323
481.6234,482.5518,482.8800,0.9284,1.2567,4.5000,5.6569,9.0000,0.1032,0.2174,19.6882,-0.2097,-0.6914,11.5372,169,619742.4092,4593901.6806,dem_9t_1m,,1.2363,0.6354,2.7642,0.4385,324
469.3628,470.4387,471.3360,1.0759,1.9732,5.0000,5.0495,10.0000,0.1076,0.7323,28.1669,-0.4020,-0.8738,15.1538,303,619650.8488,4597027.0174,dem_9t_1m,,1.7697,0.9589,2.7626,0.4828,325
455.7519,456.5480,457.4796,0.7961,1.7277,6.0000,5.3852,12.0000,0.0663,0.9264,30.0127,-0.1794,-0.5602,8.6312,368,623876.7117,4596653.8967,dem_9t_1m,,1.0355,0.3133,2.7488,0.4183,326
474.2004,474.9028,476.6056,0.7024,2.4052,7.0000,6.0828,14.0000,0.0502,1.0951,36.0416,-0.0616,-0.2464,5.6811,591,698013.3207,4649510.0134,dem_mk5_1m,,1.6739,0.8926,2.7446,0.4490,327
487.0332,487.8591,488.2934,0.8259,1.2603,7.0000,5.8310,14.0000,0.0590,0.1915,42.3806,-0.1812,-0.4686,8.0302,114,620183.0127,4595304.7326,dem_9t_1m,,1.0048,0.5355,2.7423,0.4132,328
507.0742,507.4178,508.0766,0.3435,1.0023,4.0000,5.5210,8.0000,0.0429,0.3747,5.7555,-0.0987,-0.2665,5.5225,584,699545.0622,4649029.8246,dem_mk5_1m,,1.1571,0.7434,2.7408,0.4351,329
443.6625,444.3671,444.9061,0.7046,1.2436,4.5000,5.3852,9.0000,0.0783,0.6383,14.9407,-0.2477,-0.5191,10.2298,406,619834.9523,4597267.7933,dem_9t_1m,,0.7818,0.4286,2.7398,0.4181,330
492.3703,493.2849,494.2123,0.9146,1.8420,7.0000,5.6569,14.0000,0.0653,0.7255,46.9312,-0.1360,-0.4203,13.1280,493,620223.1420,4596519.0949,dem_9t_1m,,1.2168,0.6028,2.7367,0.4272,331
512.3438,512.7031,514.0566,0.3593,1.7128,7.0000,5.3852,14.0000,0.0257,0.8699,18.4374,-0.2013,-0.2385,6.6776,642,699701.2755,4646853.7792,dem_mk5_1m,,1.1761,0.6936,2.7312,0.4324,332
485.5264,486.2262,487.1489,0.6998,1.6224,5.5000,5.8310,11.0000,0.0636,0.6585,22.1671,-0.0353,-0.4403,4.0357,543,699335.9673,4647738.7854,dem_mk5_1m,,1.0826,0.3627,2.7298,0.4363,333
472.2837,473.6203,473.8098,1.3366,1.5262,6.0000,5.8310,12.0000,0.1114,0.1270,50.3901,-0.2263,-0.9433,11.0675,135,619553.3919,4595598.2499,dem_9t_1m,,1.8144,0.9004,2.7282,0.4794,334
495.0313,496.1223,496.9695,1.0910,1.9382,6.0000,5.8310,12.0000,0.0909,0.5023,41.1287,-0.3203,-0.7772,12.7284,390,622835.6426,4596712.8622,dem_9t_1m,,1.1340,0.7420,2.7182,0.4455,335
479.7152,480.7297,481.1310,1.0146,1.4158,5.0000,5.0990,10.0000,0.1015,0.5014,26.5610,-0.3288,-0.7872,15.6828,383,622838.2633,4596331.5518,dem_9t_1m,,1.3684,0.7325,2.7143,0.4379,336
478.9973,479.9955,480.4755,0.9982,1.4782,7.0000,6.0000,14.0000,0.0713,0.2232,51.2219,-0.1552,-0.6284,7.7644,432,619948.2972,4594663.4825,dem_9t_1m,,1.4642,0.7099,2.7139,0.4452,337
505.8589,506.1424,507.4608,0.2835,1.6019,7.0000,5.8310,14.0000,0.0203,0.9888,14.5476,-0.0474,-0.0505,2.8202,657,698326.6591,4649440.7203,dem_mk5_1m,,1.3830,1.0157,2.7035,0.4545,338
466.0329,467.0842,467.5569,1.0514,1.5240,5.5000,5.3852,11.0000,0.0956,0.3443,33.3047,-0.3926,-0.8314,15.5554,61,622038.7582,4594766.0311,dem_9t_1m,,1.6971,0.7130,2.6988,0.4402,339
482.4962,482.9734,483.2416,0.4772,0.7454,7.0000,5.6569,14.0000,0.0341,0.2271,24.4866,-0.1415,-0.2860,6.2881,78,621732.1375,4595374.3588,dem_9t_1m,,1.0880,0.6663,2.6986,0.4290,340
446.8786,447.4466,448.2050,0.5681,1.3264,6.5000,5.0990,13.0000,0.0437,0.6355,25.1330,-0.2158,-0.4519,9.5809,221,623786.1341,4594869.8618,dem_9t_1m,,1.2033,0.4087,2.6962,0.4245,341
487.3680,488.2379,488.5932,0.8699,1.2252,7.0000,5.9155,14.0000,0.0621,0.2300,44.6355,-0.1961,-0.5793,9.8156,528,620059.5127,4595304.4050,dem_9t_1m,,1.1846,0.6115,2.6952,0.4322,342
489.2010,489.6700,489.9789,0.4690,0.7779,7.0000,5.6569,14.0000,0.0335,0.1513,24.0638,-0.1567,-0.3496,7.0355,200,620281.4524,4593873.9996,dem_9t_1m,,1.0393,0.6412,2.6919,0.4363,343
482.6693,483.0802,484.4133,0.4109,1.7441,7.0000,6.0414,14.0000,0.0294,0.8072,21.0869,-0.0043,-0.0833,2.1737,333,621774.5906,4597248.1382,dem_9t_1m,,1.5529,0.9868,2.6887,0.4603,344
484.2973,485.4357,485.7507,1.1385,1.4535,6.0000,5.6569,12.0000,0.0949,0.2369,42.9189,-0.3517,-0.8457,15.2456,116,620187.5989,4595179.2671,dem_9t_1m,,1.3785,0.8211,2.6784,0.4589,345
563.1444,563.6462,565.2945,0.5018,2.1501,7.0000,5.3852,14.0000,0.0358,0.9623,25.7472,-0.0978,-0.2571,5.8132,621,697543.4651,4647261.0279,dem_mk5_1m,,1.1290,0.7161,2.6764,0.4196,346
470.0867,470.1799,470.5963,0.0933,0.5097,3.5000,5.0990,7.0000,0.0133,0.2223,1.1964,0.0022,0.0548,4.8802,271,623043.9874,4597447.9658,dem_9t_1m,,1.7587,1.3754,2.6698,0.5113,347
513.7388,514.3439,515.8757,0.6051,2.1369,7.0000,5.8310,14.0000,0.0432,0.9215,31.0494,-0.1771,-0.2860,9.9059,594,697965.9097,4649334.3494,dem_mk5_1m,,1.0226,0.6328,2.6689,0.4192,348
546.5505,547.0385,548.5768,0.4879,2.0262,7.0000,5.6569,14.0000,0.0349,1.1979,25.0362,-0.0614,-0.1024,5.9194,565,700620.9282,4648105.9170,dem_mk5_1m,,1.7423,0.8432,2.6607,0.4390,349
545.1146,545.3976,547.0739,0.2830,1.9592,7.0000,5.5210,14.0000,0.0202,1.2281,14.5225,-0.0406,-0.0439,4.5290,610,699790.6271,4648888.1993,dem_mk5_1m,,1.8207,1.0140,2.6605,0.4606,350
547.4230,547.5499,547.8765,0.1270,0.4536,3.5000,5.0990,7.0000,0.0181,0.2289,1.6286,-0.0623,0.0246,5.4310,546,699599.7672,4647912.0180,dem_mk5_1m,,1.6619,1.2916,2.6603,0.4946,351
548.0825,548.2935,548.8701,0.2110,0.7877,3.5000,5.2421,7.0000,0.0301,0.3130,2.7067,-0.0808,-0.0797,3.5049,653,699905.5077,4646972.3068,dem_mk5_1m,,1.4965,1.1163,2.6586,0.4782,352
476.8108,477.2950,478.3575,0.4843,1.5468,6.5000,5.6569,13.0000,0.0373,0.4354,21.4253,-0.0696,-0.2696,3.4454,182,621159.5474,4593905.6117,dem_9t_1m,,1.1275,0.5772,2.6578,0.4189,353
480.1625,480.7520,481.2386,0.5895,1.0761,7.0000,6.2037,14.0000,0.0421,0.2168,30.2477,-0.0146,-0.2747,2.0487,98,620567.5990,4594685.2670,dem_9t_1m,,2.0275,0.9052,2.6562,0.4654,354
414.4100,414.7639,415.5486,0.3539,1.1386,5.5000,5.6569,11.0000,0.0322,0.6686,11.2102,-0.0681,-0.2510,2.9356,69,622319.8273,4595545.0312,dem_9t_1m,,1.2315,0.6364,2.6514,0.4363,355
524.9116,525.8063,527.0202,0.8947,2.1086,7.0000,5.6569,14.0000,0.0639,1.0834,45.9102,-0.1524,-0.4914,6.4278,685,700335.7874,4648669.4910,dem_mk5_1m,,1.4442,0.6714,2.6481,0.4239,356
461.9407,463.0491,463.7516,1.1084,1.8109,6.0000,5.3852,12.0000,0.0924,0.5277,41.7856,-0.3904,-0.8459,16.3964,151,619692.2885,4594655.4566,dem_9t_1m,,1.6798,0.8181,2.6376,0.4514,357
450.7576,451.8126,452.6358,1.0550,1.8782,5.0000,5.3852,10.0000,0.1055,0.6657,27.6204,-0.3700,-0.8321,17.1195,328,622452.3666,4596604.7587,dem_9t_1m,,1.6614,0.8275,2.6368,0.4583,358
444.2500,444.8456,445.7534,0.5956,1.5034,5.5000,5.8310,11.0000,0.0541,0.4822,18.8667,-0.0438,-0.4043,3.4070,512,621625.0475,4594949.6291,dem_9t_1m,,1.1353,0.4141,2.6364,0.4242,359
476.5511,477.3648,479.0723,0.8136,2.5211,7.0000,6.0000,14.0000,0.0581,1.0042,41.7495,-0.0829,-0.3711,7.0501,592,697950.1060,4649554.3853,dem_mk5_1m,,1.5698,0.8202,2.6288,0.4406,360
480.2534,481.3107,481.9476,1.0573,1.6942,5.0000,5.0990,10.0000,0.1057,0.6340,27.6796,-0.3363,-0.8217,13.7461,270,623048.9012,4597379.5003,dem_9t_1m,,1.3163,0.7829,2.6268,0.4421,361
436.3494,437.3770,438.0077,1.0275,1.6583,5.5000,5.0990,11.0000,0.0934,0.5246,32.5497,-0.3624,-0.8363,17.4763,508,620943.6681,4595328.3188,dem_9t_1m,,1.7342,0.7642,2.6245,0.4498,362
485.2981,486.1208,486.9569,0.8227,1.6588,7.0000,6.0000,14.0000,0.0588,0.6714,42.2161,-0.0953,-0.3339,5.2187,385,622734.0908,4596304.6897,dem_9t_1m,,1.4319,0.6640,2.6229,0.4216,363
481.6884,482.3031,482.7690,0.6147,1.0805,7.0000,5.8310,14.0000,0.0439,0.2130,31.5396,-0.1698,-0.4422,8.4783,396,621753.6251,4597271.3968,dem_9t_1m,,1.0048,0.5198,2.6190,0.4215,364
554.5098,555.1028,556.8525,0.5931,2.3428,7.0000,5.5210,14.0000,0.0424,1.0584,30.4325,-0.1525,-0.2762,7.4462,603,699389.4567,4648370.9326,dem_mk5_1m,,1.3790,0.6410,2.6160,0.4241,365
540.6832,541.0805,541.9100,0.3973,1.2268,4.5000,5.6569,9.0000,0.0441,0.4350,8.4259,-0.0947,-0.2867,5.4622,596,698367.0801,4649246.8213,dem_mk5_1m,,1.0032,0.6358,2.6060,0.4217,366
483.1604,484.2061,484.5034,1.0457,1.3429,5.5000,5.8310,11.0000,0.0951,0.2049,33.1240,-0.1181,-0.6848,6.8972,13,621437.5398,4595862.7820,dem_9t_1m,,0.9842,0.5605,2.6048,0.4334,367
487.2505,487.8158,488.9403,0.5653,1.6898,6.5000,5.3852,13.0000,0.0435,0.5237,25.0129,-0.1848,-0.3911,7.7536,113,620035.2713,4595175.9912,dem_9t_1m,,0.6475,0.3276,2.6013,0.4071,368
553.3172,553.7925,555.2974,0.4753,1.9802,7.0000,5.8310,14.0000,0.0340,1.1968,24.3911,-0.0740,-0.1470,6.7026,547,699536.5525,4647964.2917,dem_mk5_1m,,1.7393,0.8547,2.5998,0.4339,369
432.9992,433.8253,435.3843,0.8262,2.3851,7.0000,5.3852,14.0000,0.0590,1.1267,42.3931,-0.2949,-0.5315,12.6445,208,621615.8751,4593155.9305,dem_9t_1m,,1.5568,0.7915,2.5995,0.4474,370
420.3101,420.7410,421.3137,0.4309,1.0036,3.5000,5.0990,7.0000,0.0616,0.2289,5.5282,-0.2110,-0.2907,8.0715,254,623741.0910,4596659.7932,dem_9t_1m,,1.4965,0.7922,2.5952,0.4387,371
483.1347,483.7330,483.8884,0.5983,0.7537,6.0000,6.0828,12.0000,0.0499,0.1361,22.5553,-0.0637,-0.3264,3.1138,154,619823.9782,4594534.2497,dem_9t_1m,,1.6739,0.7050,2.5794,0.4536,372
490.0857,490.5359,490.9829,0.4503,0.8973,3.5000,5.3852,7.0000,0.0643,0.2865,5.7764,-0.1606,-0.2973,8.3390,376,622700.3494,4596587.7242,dem_9t_1m,,1.4965,0.6848,2.5753,0.4480,373
431.7551,432.1144,432.8367,0.3593,1.0816,7.0000,5.3852,14.0000,0.0257,0.5672,18.4374,-0.1584,-0.2630,7.6834,482,623331.2806,4596472.2501,dem_9t_1m,,1.1761,0.6085,2.5707,0.4288,374
480.5816,480.9991,481.2853,0.4175,0.7037,5.5000,5.0990,11.0000,0.0380,0.3350,13.2258,-0.1783,-0.3369,7.2090,489,620618.2111,4596049.3362,dem_9t_1m,,1.2033,0.5564,2.5683,0.4276,375
471.6636,472.9247,473.6649,1.2611,2.0013,5.5000,5.3852,11.0000,0.1146,0.4556,39.9500,-0.3374,-0.9392,13.8369,433,619819.5558,4594659.8790,dem_9t_1m,,1.6928,0.8583,2.5673,0.4581,376
478.4558,479.6092,479.9732,1.1534,1.5174,5.0000,5.3852,10.0000,0.1153,0.3229,30.1963,-0.2569,-0.8712,11.5411,75,621609.2926,4595227.9277,dem_9t_1m,,1.6156,0.6906,2.5670,0.4428,377
469.9199,470.3900,470.8880,0.4701,0.9681,5.0000,5.8310,10.0000,0.0470,0.3494,12.3062,-0.0558,-0.3324,3.7851,170,619878.6851,4593772.9392,dem_9t_1m,,1.0582,0.6694,2.5636,0.4288,378
407.7551,408.1665,408.6700,0.4114,0.9150,3.5000,5.0990,7.0000,0.0588,0.4876,5.2780,-0.1953,-0.2268,8.3894,194,622435.8235,4594219.4393,dem_9t_1m,,1.4965,0.7605,2.5625,0.4551,379
475.1004,475.8976,476.4249,0.7971,1.3245,5.5000,5.3852,11.0000,0.0725,0.6363,25.2519,-0.2354,-0.5970,11.4106,47,621874.7528,4595267.0097,dem_9t_1m,,0.5086,0.2781,2.5615,0.4068,380
440.6774,441.3627,441.9634,0.6852,1.2859,4.0000,5.3852,8.0000,0.0857,0.4417,11.4813,-0.2347,-0.5291,12.4143,240,623798.4186,4595876.5345,dem_9t_1m,,1.1392,0.5609,2.5601,0.4270,381
528.7619,529.3353,530.3635,0.5734,1.6016,7.0000,5.8310,14.0000,0.0410,0.9321,29.4209,-0.0656,-0.2434,2.9320,574,700230.6988,4648569.6943,dem_mk5_1m,,1.2322,0.7520,2.5601,0.4216,382
498.4668,499.1510,499.3717,0.6842,0.9049,4.5000,5.0000,9.0000,0.0760,0.1143,14.5084,-0.1940,-0.4824,10.1700,164,620253.4438,4594393.3876,dem_9t_1m,,1.4929,0.5997,2.5558,0.4303,383
467.1060,467.3553,467.9080,0.2493,0.8020,6.5000,5.3852,13.0000,0.0192,0.3783,11.0313,-0.0535,-0.1974,3.1445,172,619841.6678,4593654.3530,dem_9t_1m,,1.3780,0.8729,2.5554,0.4517,384
442.1180,443.1929,444.2596,1.0749,2.1416,7.0000,6.0828,14.0000,0.0768,0.6908,55.1555,-0.1129,-0.5364,5.3288,9,622171.9266,4595919.1965,dem_9t_1m,,1.6910,0.8906,2.5511,0.4606,385
490.4812,491.7014,492.1157,1.2202,1.6345,5.5000,5.3852,11.0000,0.1109,0.2087,38.6536,-0.3422,-0.9625,15.1664,375,622827.4529,4596610.0001,dem_9t_1m,,1.7736,0.8741,2.5481,0.4690,386
435.0799,436.1409,436.8204,1.0610,1.7406,7.0000,5.8310,14.0000,0.0758,0.5902,54.4430,-0.1892,-0.6476,10.2016,24,621220.7140,4595190.0808,dem_9t_1m,,1.6499,0.6922,2.5471,0.4333,387
459.5285,460.3966,460.8749,0.8681,1.3464,7.0000,5.6569,14.0000,0.0620,0.4311,44.5431,-0.2367,-0.5952,9.7766,505,620751.3749,4595844.5948,dem_9t_1m,,1.0792,0.5111,2.5460,0.4201,388
473.1848,474.0094,474.7046,0.8245,1.5197,6.5000,6.0828,13.0000,0.0634,0.5812,36.4803,-0.0247,-0.4435,1.3814,196,621247.1767,4593799.3099,dem_9t_1m,,1.6739,0.6246,2.5433,0.4701,389
470.3592,471.0956,472.0867,0.7364,1.7275,6.5000,5.8310,13.0000,0.0566,0.9015,32.5795,-0.0793,-0.4322,4.8394,76,621482.5168,4595333.0829,dem_9t_1m,,0.9707,0.5383,2.5412,0.4244,390
473.7046,474.0458,474.3298,0.3412,0.6252,4.5000,5.0990,9.0000,0.0379,0.2407,7.2351,-0.0489,-0.1952,3.2531,140,619649.0471,4595294.5774,dem_9t_1m,,1.2679,0.9749,2.5353,0.4489,391
450.3047,450.7542,451.3574,0.4495,1.0526,3.5000,5.0990,7.0000,0.0642,0.2489,5.7666,-0.2098,-0.3126,9.6283,150,619563.2195,4594642.0256,dem_9t_1m,,1.4965,0.7593,2.5343,0.4409,392
483.7578,484.3601,484.9280,0.6023,1.1702,7.0000,5.6569,14.0000,0.0430,0.3632,30.9054,-0.2314,-0.4041,8.6846,490,620488.4869,4596040.1638,dem_9t_1m,,1.0048,0.4732,2.5306,0.4187,393
426.9664,427.9830,428.3396,1.0166,1.3732,4.5000,5.3852,9.0000,0.1130,0.2544,21.5578,-0.2519,-0.7677,12.4557,74,621330.5167,4595068.0656,dem_9t_1m,,1.5413,0.7169,2.5305,0.4274,394
488.8710,489.5340,489.7960,0.6630,0.9249,5.0000,5.0990,10.0000,0.0663,0.1190,17.3572,-0.3095,-0.5511,11.7163,400,620986.4181,4597061.7416,dem_9t_1m,,1.2033,0.5997,2.5301,0.4317,395
466.4254,466.8928,467.1808,0.4674,0.7555,6.5000,6.0828,13.0000,0.0360,0.1725,20.6814,-0.0535,-0.2408,1.5669,538,698840.5827,4647912.0180,dem_mk5_1m,,1.6739,0.9073,2.5221,0.4645,396
420.5182,420.7387,421.8492,0.2206,1.3310,7.0000,5.6569,14.0000,0.0158,0.6615,11.3170,-0.0204,-0.1082,3.3939,7,622277.3478,4595709.2089,dem_9t_1m,,1.4847,0.9299,2.5209,0.4632,397
510.7427,510.9804,512.0392,0.2376,1.2965,6.0000,5.3852,12.0000,0.0198,0.5429,8.9588,-0.0308,-0.1528,3.6927,663,699267.7380,4647968.1667,dem_mk5_1m,,1.3586,0.7405,2.5185,0.4478,398
436.6122,436.7698,437.1114,0.1576,0.4992,6.0000,5.6569,12.0000,0.0131,0.1816,5.9423,-0.0936,-0.0957,3.5174,73,621084.4994,4595454.2898,dem_9t_1m,,1.5738,0.9657,2.5182,0.4764,399
487.5785,488.4790,488.8915,0.9005,1.3130,6.5000,6.0828,13.0000,0.0693,0.2387,39.8410,-0.0679,-0.4925,1.9166,107,620465.0645,4594799.2670,dem_9t_1m,,1.6739,0.7207,2.5157,0.4594,400
476.0581,476.7878,477.4285,0.7297,1.3704,5.0000,5.8310,10.0000,0.0730,0.2870,19.1029,-0.1206,-0.5166,7.0916,228,623568.4531,4594509.8445,dem_9t_1m,,0.9374,0.3960,2.5146,0.4117,401
484.9212,485.4142,486.0912,0.4929,1.1700,5.5000,5.7439,11.0000,0.0448,0.2082,15.6146,-0.0947,-0.3601,6.3488,162,620086.0472,4594650.2152,dem_9t_1m,,0.8342,0.4864,2.5062,0.4078,402
440.0144,441.1170,442.4556,1.1026,2.4412,7.0000,6.0000,14.0000,0.0788,0.9528,56.5789,-0.2220,-0.6326,11.8402,37,621870.0516,4594701.1544,dem_9t_1m,,1.7731,0.9976,2.5046,0.4704,403
461.7487,462.3419,463.8189,0.5931,2.0702,6.0000,5.3852,12.0000,0.0494,0.8138,22.3597,-0.1540,-0.3997,7.2491,224,623951.4014,4594619.5859,dem_9t_1m,,0.8948,0.3844,2.5032,0.4194,404
458.2193,459.0661,460.1303,0.8469,1.9110,7.0000,5.3852,14.0000,0.0605,0.7569,43.4548,-0.2801,-0.5341,11.9963,297,619677.3833,4596895.6553,dem_9t_1m,,1.0164,0.6246,2.4977,0.4277,405
486.5000,487.2691,487.7641,0.7691,1.2641,6.5000,5.3852,13.0000,0.0592,0.3541,34.0297,-0.2350,-0.6090,12.1254,421,619552.2454,4596000.0345,dem_9t_1m,,0.6475,0.4438,2.4976,0.4192,406
468.9087,469.3441,469.6660,0.4355,0.7574,6.5000,6.0828,13.0000,0.0335,0.2138,19.2677,-0.0373,-0.2581,1.6434,283,621494.5044,4597212.4313,dem_9t_1m,,1.6739,0.9246,2.4962,0.4639,407
491.8600,492.7961,493.4080,0.9362,1.5480,7.0000,5.8310,14.0000,0.0669,0.4228,48.0367,-0.1153,-0.5866,5.4818,475,622963.7288,4596069.9741,dem_9t_1m,,1.2806,0.6392,2.4958,0.4187,408
360.9144,361.9066,362.3876,0.9922,1.4732,5.5000,5.0990,11.0000,0.0902,0.3476,31.4312,-0.2876,-0.7803,14.3585,215,622805.8322,4594392.4048,dem_9t_1m,,1.2033,0.6284,2.4927,0.4327,409
460.7520,461.3481,461.6656,0.5961,0.9137,5.0000,5.0990,10.0000,0.0596,0.3450,15.6059,-0.1430,-0.4134,5.9294,253,623874.4186,4596531.3794,dem_9t_1m,,1.2033,0.4892,2.4920,0.4067,410
469.9374,470.8050,471.1215,0.8676,1.1841,6.5000,6.0828,13.0000,0.0667,0.2620,38.3841,-0.0671,-0.4641,2.6980,119,620408.3921,4595559.2671,dem_9t_1m,,1.6739,0.6865,2.4880,0.4513,411
578.6405,579.3620,581.2355,0.7215,2.5950,7.0000,5.3852,14.0000,0.0515,1.3472,37.0219,-0.2137,-0.4135,10.8117,567,700155.3274,4648084.0350,dem_mk5_1m,,2.1308,0.7324,2.4867,0.4544,412
423.7545,423.9418,424.4894,0.1874,0.7350,4.0000,5.3852,8.0000,0.0234,0.2977,3.1395,-0.0462,-0.1262,4.3630,88,622449.2238,4595594.4967,dem_9t_1m,,1.4883,1.0409,2.4772,0.4585,413
480.5718,481.1161,481.3722,0.5444,0.8004,6.0000,5.8310,12.0000,0.0454,0.1465,20.5224,-0.1921,-0.4049,8.6944,79,621473.9995,4595482.7898,dem_9t_1m,,1.0056,0.4726,2.4770,0.4251,414
527.7296,528.3369,530.1414,0.6074,2.4119,7.0000,5.8310,14.0000,0.0434,1.2710,31.1653,-0.0842,-0.2639,4.5271,558,700081.1717,4647782.5494,dem_mk5_1m,,1.9324,0.8867,2.4763,0.4379,415
416.2978,416.5974,417.5303,0.2996,1.2325,7.0000,5.6569,14.0000,0.0214,0.4601,15.3744,-0.0768,-0.2029,4.2589,442,620629.0214,4593208.6719,dem_9t_1m,,1.3088,0.7845,2.4736,0.4319,416
494.7617,495.4170,497.0190,0.6552,2.2572,7.0000,5.8310,14.0000,0.0468,1.1382,33.6223,-0.0291,-0.3141,4.2533,644,699522.5723,4646958.9344,dem_mk5_1m,,1.5869,0.8531,2.4721,0.4327,417
400.7482,401.1485,401.5452,0.4002,0.7969,3.5000,5.0990,7.0000,0.0572,0.3590,5.1343,-0.2483,-0.2423,10.8798,340,623481.3151,4595805.7758,dem_9t_1m,,1.4965,0.8723,2.4650,0.4513,418
487.1591,487.6700,487.8967,0.5110,0.7377,4.0000,5.0990,8.0000,0.0639,0.2039,8.5611,-0.1500,-0.4022,9.1350,133,619568.7885,4595865.5603,dem_9t_1m,,1.2033,0.6712,2.4548,0.4216,419
469.8436,470.9925,472.1477,1.1490,2.3041,7.0000,5.7439,14.0000,0.0821,0.7454,58.9560,-0.1916,-0.6495,9.3540,16,621309.0399,4595758.5004,dem_9t_1m,,1.9101,0.8334,2.4529,0.4388,420
492.4156,492.9611,494.1707,0.5454,1.7551,5.5000,5.6569,11.0000,0.0496,0.7295,17.2783,-0.0914,-0.3813,4.8607,617,697920.9300,4647368.0067,dem_mk5_1m,,0.8388,0.4196,2.4522,0.4162,421
528.3115,528.9487,530.5153,0.6371,2.2038,7.0000,5.8310,14.0000,0.0455,1.0402,32.6937,-0.1396,-0.3408,3.4484,551,699467.8673,4647874.3323,dem_mk5_1m,,1.3318,0.7545,2.4481,0.4240,422
423.3154,423.9770,424.4304,0.6615,1.1150,4.5000,5.3852,9.0000,0.0735,0.5020,14.0282,-0.2304,-0.5370,10.8269,35,621734.1437,4594710.2719,dem_9t_1m,,0.7818,0.4334,2.4464,0.4063,423
352.8680,353.6449,354.0812,0.7769,1.2133,7.0000,5.8310,14.0000,0.0555,0.3065,39.8657,-0.0886,-0.4680,5.8718,217,622443.1942,4594054.3358,dem_9t_1m,,1.0048,0.5944,2.4400,0.4121,424
474.2161,474.9271,475.2538,0.7110,1.0378,7.0000,6.0000,14.0000,0.0508,0.2118,36.4817,-0.0899,-0.3645,4.8016,126,620299.6334,4595556.9740,dem_9t_1m,,1.4319,0.7042,2.4395,0.4319,425
439.8372,440.8423,441.6472,1.0051,1.8100,7.0000,5.8310,14.0000,0.0718,0.7192,51.5742,-0.1685,-0.5530,6.8396,121,620941.7025,4595434.1292,dem_9t_1m,,1.4845,0.6720,2.4373,0.4251,426
441.9180,442.3431,442.8245,0.4251,0.9065,4.5000,5.0990,9.0000,0.0472,0.5670,9.0154,-0.1482,-0.2833,7.4213,1,622201.8434,4595415.7391,dem_9t_1m,,1.2033,0.6446,2.4327,0.4198,427
504.5706,504.8476,506.1352,0.2769,1.5646,7.0000,5.3852,14.0000,0.0198,0.8878,14.2109,-0.0492,-0.1024,3.3938,612,699506.1608,4649072.9808,dem_mk5_1m,,1.3593,0.9113,2.4309,0.4386,428
401.9500,402.6940,403.1417,0.7440,1.1917,4.0000,5.0990,8.0000,0.0930,0.4052,12.4662,-0.3859,-0.5785,15.7509,350,622429.7632,4594805.3273,dem_9t_1m,,1.6446,0.8633,2.4282,0.4586,429
552.7519,553.4128,554.3544,0.6609,1.6025,7.0000,6.0000,14.0000,0.0472,0.8099,33.9151,-0.0705,-0.2769,3.3091,625,699723.1575,4647155.2648,dem_mk5_1m,,1.4319,0.7301,2.4132,0.4300,430
443.7341,444.4019,445.0642,0.6678,1.3301,6.5000,5.8310,13.0000,0.0514,0.2144,29.5469,-0.1821,-0.4633,7.9330,408,620075.7282,4597384.0865,dem_9t_1m,,0.9374,0.3890,2.4082,0.4025,431
454.4825,455.0358,455.6368,0.5533,1.1543,5.0000,5.3852,10.0000,0.0553,0.6400,14.4857,-0.1317,-0.3969,7.7263,288,622173.2631,4596731.5346,dem_9t_1m,,0.6538,0.3723,2.4071,0.4043,432
441.5031,442.4449,443.3394,0.9419,1.8364,5.0000,5.3852,10.0000,0.0942,0.5422,24.6579,-0.3535,-0.7430,14.8657,453,622854.6426,4594742.5946,dem_9t_1m,,1.3925,0.6462,2.4056,0.4352,433
487.8926,488.6789,489.1579,0.7862,1.2653,7.0000,5.8310,14.0000,0.0562,0.2309,40.3433,-0.1770,-0.5226,8.7406,440,620889.4525,4593707.5857,dem_9t_1m,,1.0048,0.5133,2.4054,0.4104,434
453.6608,454.4215,455.3243,0.7607,1.6635,7.0000,6.0828,14.0000,0.0543,0.7516,39.0342,-0.0547,-0.3816,2.4510,358,623793.5048,4595009.7412,dem_9t_1m,,1.6739,0.7503,2.4019,0.4432,435
457.3200,457.7317,457.9276,0.4117,0.6076,4.5000,5.0990,9.0000,0.0457,0.1065,8.7300,-0.0856,-0.2756,4.5592,239,623936.0048,4595745.4999,dem_9t_1m,,1.2942,0.8851,2.3926,0.4364,436
565.0075,565.1729,565.4411,0.1654,0.4336,4.0000,5.3852,8.0000,0.0207,0.1433,2.7714,-0.0428,-0.0958,2.1715,569,700260.4827,4648400.7165,dem_mk5_1m,,1.5547,1.1866,2.3919,0.4752,437
477.8684,478.6068,478.8748,0.7384,1.0063,5.5000,5.8310,11.0000,0.0671,0.1689,23.3900,-0.0384,-0.4578,2.3292,487,620862.9180,4596540.3880,dem_9t_1m,,1.3551,0.4996,2.3884,0.4417,438
436.1602,436.8418,437.6883,0.6816,1.5282,4.5000,5.0990,9.0000,0.0757,0.5151,14.4541,-0.3392,-0.5410,12.5032,70,622180.2755,4595545.6864,dem_9t_1m,,1.2812,0.5734,2.3845,0.4373,439
449.3831,449.9487,451.4330,0.5656,2.0499,7.0000,5.3852,14.0000,0.0404,0.8633,29.0231,-0.1610,-0.3324,8.1599,39,621995.9872,4594713.1211,dem_9t_1m,,1.0048,0.5539,2.3833,0.4124,440
436.1014,436.7167,437.2303,0.6153,1.1289,6.0000,5.6569,12.0000,0.0513,0.4683,23.1972,-0.1418,-0.4625,9.6676,256,623857.0566,4596791.8105,dem_9t_1m,,0.5139,0.2643,2.3807,0.3986,441
498.4251,499.0365,500.1391,0.6114,1.7140,5.5000,5.3852,11.0000,0.0556,0.5909,19.3674,-0.1062,-0.4124,4.3176,587,699137.8135,4649204.2729,dem_mk5_1m,,0.9496,0.3203,2.3730,0.4055,442
526.2769,526.6557,528.1232,0.3788,1.8463,7.0000,5.3852,14.0000,0.0271,1.0695,19.4364,-0.1102,-0.1512,5.6839,550,699402.2212,4647903.5083,dem_mk5_1m,,1.4081,0.8171,2.3711,0.4314,443
444.7500,445.7001,446.0862,0.9501,1.3362,5.5000,5.8310,11.0000,0.0864,0.1248,30.0962,-0.1346,-0.6468,6.5248,25,621331.8337,4595200.0530,dem_9t_1m,,1.0513,0.4982,2.3707,0.4289,444
447.5143,448.0727,448.6673,0.5583,1.1530,7.0000,6.0000,14.0000,0.0399,0.2972,28.6504,-0.0375,-0.2446,1.6470,18,621168.2884,4595569.8820,dem_9t_1m,,1.4943,0.8283,2.3669,0.4437,445
577.1025,577.6702,578.7186,0.5677,1.6161,5.0000,5.3852,10.0000,0.0568,0.7798,14.8620,-0.1744,-0.4547,8.5849,601,699323.8106,4648521.6754,dem_mk5_1m,,0.6539,0.3105,2.3651,0.4187,446
466.9462,468.1486,469.0111,1.2024,2.0649,6.0000,5.8310,12.0000,0.1002,0.5919,45.3280,-0.1595,-0.7201,9.9694,139,619660.8402,4595423.3188,dem_9t_1m,,1.4285,0.6837,2.3593,0.4443,447
575.5753,575.6361,575.9089,0.0608,0.3336,5.0000,5.3852,10.0000,0.0061,0.1768,1.5915,-0.0068,-0.0325,2.1477,631,700177.8173,4647138.8533,dem_mk5_1m,,1.8521,1.1829,2.3588,0.5190,448
546.8081,547.6603,548.6819,0.8522,1.8738,6.0000,5.8310,12.0000,0.0710,0.7340,32.1262,-0.0997,-0.5199,2.7939,572,700355.9126,4648547.8123,dem_mk5_1m,,1.2604,0.5234,2.3587,0.4374,449
475.1699,476.0124,477.1000,0.8426,1.9301,5.5000,5.3852,11.0000,0.0766,0.7834,26.6904,-0.1772,-0.6393,9.8119,623,698476.4902,4648253.6207,dem_mk5_1m,,0.6852,0.3227,2.3578,0.4172,450
468.3137,469.1159,470.2000,0.8022,1.8863,7.0000,5.8310,14.0000,0.0573,0.6463,41.1623,-0.2239,-0.5500,10.7357,124,620678.6508,4595701.7672,dem_9t_1m,,1.0048,0.5743,2.3576,0.4133,451
510.6598,511.2353,512.3885,0.5755,1.7287,6.0000,5.8310,12.0000,0.0480,0.6809,21.6959,-0.1505,-0.3962,7.6259,585,699366.9668,4649113.7057,dem_mk5_1m,,0.9374,0.3672,2.3535,0.4103,452
482.1728,482.6496,483.0638,0.4768,0.8910,7.0000,5.8310,14.0000,0.0341,0.2196,24.4662,-0.0344,-0.2482,1.2327,83,621734.1030,4595491.9622,dem_9t_1m,,1.5788,0.8762,2.3532,0.4476,453
475.4438,476.0453,476.4662,0.6015,1.0223,6.5000,6.0828,13.0000,0.0463,0.3837,26.6115,-0.0518,-0.3077,3.0243,580,700025.8588,4649170.2342,dem_mk5_1m,,1.6739,0.6871,2.3527,0.4387,454
545.2412,546.1115,547.5928,0.8703,2.3516,6.0000,5.5210,12.0000,0.0725,0.9375,32.8095,-0.1614,-0.5959,8.1106,564,700613.0264,4648102.2700,dem_mk5_1m,,1.3161,0.4485,2.3518,0.4377,455
474.6866,475.2259,475.7915,0.5393,1.1049,4.5000,5.6569,9.0000,0.0599,0.3950,11.4364,-0.1768,-0.4192,8.5761,117,620320.2714,4595435.1120,dem_9t_1m,,0.8296,0.4101,2.3502,0.4129,456
621.0085,621.5170,621.9485,0.5085,0.9401,4.5000,5.0495,9.0000,0.0565,0.2386,10.7841,-0.1306,-0.3596,5.2217,599,699522.5723,4648646.2814,dem_mk5_1m,,1.3481,0.6847,2.3471,0.4152,457
456.0900,456.3963,456.8119,0.3063,0.7219,3.5000,5.0990,7.0000,0.0438,0.1525,3.9297,-0.1671,-0.2099,7.6193,395,622051.7286,4596708.2760,dem_9t_1m,,1.4965,0.9532,2.3348,0.4487,458
488.8585,489.4790,490.2576,0.6205,1.3992,6.0000,5.3852,12.0000,0.0517,0.3766,23.3940,-0.2501,-0.4715,12.3951,203,620070.3231,4593128.0856,dem_9t_1m,,0.6979,0.3237,2.3343,0.4037,459
438.9600,439.5389,439.9812,0.5789,1.0212,4.0000,5.3852,8.0000,0.0724,0.2752,9.7004,-0.1319,-0.4179,7.4562,325,622319.3666,4596473.3966,dem_9t_1m,,1.1392,0.5729,2.3323,0.4154,460
487.8386,488.3624,488.8675,0.5237,1.0288,5.0000,5.3852,10.0000,0.0524,0.5300,13.7116,-0.0916,-0.3484,3.8203,582,699774.2156,4649180.5674,dem_mk5_1m,,1.0510,0.4995,2.3278,0.4109,461
432.2636,433.2549,434.3477,0.9913,2.0840,5.5000,5.3852,11.0000,0.0901,0.8376,31.4022,-0.2668,-0.7646,11.7356,28,621483.9821,4594963.8526,dem_9t_1m,,1.0888,0.5968,2.3266,0.4428,462
508.3866,508.8889,509.4508,0.5023,1.0642,4.0000,5.3852,8.0000,0.0628,0.2044,8.4159,-0.1385,-0.3752,7.0829,664,699296.3062,4647914.0695,dem_mk5_1m,,1.1392,0.6029,2.3152,0.4165,463
462.8300,463.3044,463.7943,0.4745,0.9643,5.5000,5.0990,11.0000,0.0431,0.4073,15.0297,-0.1217,-0.3513,5.9625,500,619670.6678,4596475.5260,dem_9t_1m,,1.2033,0.5180,2.3062,0.4128,464
465.7449,466.5009,467.0133,0.7560,1.2684,7.0000,5.8310,14.0000,0.0540,0.2944,38.7930,-0.1841,-0.4934,9.4082,278,622566.0391,4596978.5347,dem_9t_1m,,1.0048,0.4875,2.3039,0.4099,465
457.0160,457.7429,458.0509,0.7269,1.0349,4.0000,5.3852,8.0000,0.0909,0.2483,12.1798,-0.2464,-0.5594,11.8890,478,623227.4357,4596099.4569,dem_9t_1m,,1.1392,0.6604,2.3028,0.4284,466
441.4547,442.0727,442.3466,0.6181,0.8919,4.5000,5.0990,9.0000,0.0687,0.1527,13.1067,-0.1381,-0.4351,7.5026,250,623916.3497,4596244.0862,dem_9t_1m,,1.2033,0.5815,2.3015,0.4079,467
457.3540,457.8540,458.1131,0.5000,0.7591,4.5000,5.0990,9.0000,0.0556,0.2142,10.6022,-0.1186,-0.3944,6.2580,5,621882.7306,4595746.8186,dem_9t_1m,,1.2033,0.6861,2.2975,0.4119,468
383.2972,384.5238,385.4419,1.2266,2.1447,6.0000,5.8310,12.0000,0.1022,0.6253,46.2415,-0.1791,-0.8057,8.9866,231,623180.5909,4594540.3101,dem_9t_1m,,1.4982,0.7207,2.2965,0.4557,469
523.6339,523.9096,524.2571,0.2757,0.6232,4.0000,5.0990,8.0000,0.0345,0.1897,4.6193,-0.0903,-0.2011,4.1141,655,697565.3471,4647566.7684,dem_mk5_1m,,1.2709,1.0456,2.2954,0.4451,470
484.4218,484.8136,485.2010,0.3918,0.7792,4.0000,5.3852,8.0000,0.0490,0.2314,6.5644,-0.0954,-0.2975,6.6108,314,620734.5042,4596180.5345,dem_9t_1m,,1.1392,0.7766,2.2952,0.4252,471
467.6211,468.8639,469.7771,1.2428,2.1560,6.0000,5.3852,12.0000,0.1036,0.7513,46.8535,-0.2901,-0.8892,13.1152,287,622038.6252,4596804.2588,dem_9t_1m,,1.5448,0.8927,2.2892,0.4697,472
543.1418,544.1508,544.5482,1.0090,1.4064,4.5000,5.0990,9.0000,0.1121,0.2693,21.3973,-0.3998,-0.8180,14.9862,577,700490.8518,4649065.6868,dem_mk5_1m,,1.7526,0.9488,2.2877,0.4482,473
480.2038,480.8374,481.6846,0.6335,1.4808,7.0000,5.8310,14.0000,0.0453,0.6362,32.5089,-0.1416,-0.2769,7.0741,530,622125.5993,4597378.5175,dem_9t_1m,,1.0048,0.5127,2.2871,0.4075,474
444.6960,445.5170,445.9911,0.8209,1.2951,5.5000,5.6569,11.0000,0.0746,0.5175,26.0050,-0.1767,-0.5976,7.7907,511,621632.9096,4594950.9394,dem_9t_1m,,0.5106,0.2106,2.2858,0.4038,475
470.4593,471.3738,471.9443,0.9145,1.4850,7.0000,6.0000,14.0000,0.0653,0.3765,46.9265,-0.0990,-0.5336,4.4498,513,620724.5128,4594671.8359,dem_9t_1m,,1.4319,0.6847,2.2810,0.4327,476
493.2540,493.7838,493.9479,0.5298,0.6939,6.5000,5.8310,13.0000,0.0408,0.0868,23.4426,-0.1310,-0.3380,5.3540,160,620335.0128,4594581.4221,dem_9t_1m,,1.1650,0.6691,2.2804,0.4228,477
470.4784,471.2709,471.7113,0.7925,1.2329,4.0000,5.0990,8.0000,0.0991,0.3391,13.2792,-0.3693,-0.5986,15.3780,470,623062.9874,4595847.8707,dem_9t_1m,,1.5155,0.8866,2.2748,0.4489,478
413.7651,414.7762,415.1432,1.0111,1.3781,4.5000,5.3852,9.0000,0.1123,0.3350,21.4413,-0.3589,-0.7846,14.7214,44,622333.4775,4595168.4267,dem_9t_1m,,1.5223,0.8176,2.2727,0.4408,479
459.3600,459.7568,459.9212,0.3969,0.5612,4.5000,5.0990,9.0000,0.0441,0.1158,8.4155,-0.0892,-0.2675,5.3682,251,623891.7807,4596388.5518,dem_9t_1m,,1.3636,0.8844,2.2662,0.4363,480
460.1291,461.0687,461.6089,0.9396,1.4798,4.5000,5.3852,9.0000,0.1044,0.4863,19.9250,-0.2383,-0.6678,11.2806,46,621960.7993,4595219.1428,dem_9t_1m,,1.2750,0.5510,2.2661,0.4211,481
461.4660,462.3941,462.9144,0.9282,1.4484,5.0000,5.0990,10.0000,0.0928,0.4738,24.2992,-0.3625,-0.7743,15.4124,14,621311.8891,4595614.3298,dem_9t_1m,,1.4628,0.7065,2.2650,0.4345,482
483.7916,484.5636,484.8102,0.7719,1.0186,5.0000,5.3852,10.0000,0.0772,0.1487,20.2094,-0.3325,-0.6397,12.5898,397,621524.3147,4597404.7244,dem_9t_1m,,1.2289,0.5864,2.2586,0.4353,483
484.9550,485.9531,486.8556,0.9980,1.9006,7.0000,5.6569,14.0000,0.0713,0.7346,51.2125,-0.1700,-0.5422,8.6340,465,622958.8150,4595679.8189,dem_9t_1m,,1.4637,0.5988,2.2573,0.4215,484
482.7143,483.3641,484.0400,0.6498,1.3257,4.0000,5.0990,8.0000,0.0812,0.3134,10.8877,-0.2317,-0.4995,10.8538,12,621579.5735,4595738.2710,dem_9t_1m,,1.2033,0.6214,2.2560,0.4192,485
472.9451,473.7595,474.1316,0.8144,1.1866,5.0000,5.3852,10.0000,0.0814,0.1949,21.3207,-0.1325,-0.5553,6.7964,317,620874.7111,4595950.5690,dem_9t_1m,,0.8687,0.4346,2.2497,0.4084,486
451.5492,452.0922,452.3048,0.5429,0.7556,6.5000,5.8310,13.0000,0.0418,0.1885,24.0218,-0.1344,-0.3745,6.6117,307,620194.3145,4597391.6210,dem_9t_1m,,1.0728,0.5901,2.2413,0.4157,487
393.0428,393.8551,394.2060,0.8123,1.1631,6.0000,5.8310,12.0000,0.0677,0.3087,30.6213,-0.0579,-0.4866,2.6434,236,623674.2634,4595560.0861,dem_9t_1m,,1.2911,0.5085,2.2387,0.4244,488
406.3505,407.0959,407.5049,0.7455,1.1544,4.5000,5.3852,9.0000,0.0828,0.4405,15.8085,-0.1988,-0.5657,10.3585,260,623633.3151,4597003.4312,dem_9t_1m,,0.7818,0.4367,2.2369,0.4064,489
475.8405,476.6930,477.3375,0.8526,1.4970,4.5000,5.0495,9.0000,0.0947,0.3981,18.0794,-0.3479,-0.6969,17.4925,502,619534.7195,4596502.0604,dem_9t_1m,,1.7375,0.8248,2.2362,0.4541,490
645.4461,646.1370,647.7926,0.6909,2.3465,7.0000,5.7439,14.0000,0.0494,1.2297,35.4529,-0.1044,-0.3616,6.7496,615,700688.3978,4648432.9317,dem_mk5_1m,,1.8250,0.7423,2.2270,0.4267,491
485.7045,486.6029,487.0219,0.8984,1.3174,5.0000,5.3852,10.0000,0.0898,0.4865,23.5202,-0.2650,-0.6832,12.9504,535,621143.4957,4593774.4133,dem_9t_1m,,0.8217,0.4899,2.2243,0.4123,492
471.5408,472.2348,472.7341,0.6940,1.1932,7.0000,6.0828,14.0000,0.0496,0.3400,35.6110,-0.0592,-0.3479,4.3271,144,619781.7195,4595006.6291,dem_9t_1m,,1.6739,0.7108,2.2199,0.4366,493
482.4000,483.0682,483.7006,0.6682,1.3006,5.5000,5.8310,11.0000,0.0607,0.2798,21.1675,-0.1743,-0.5063,7.4722,438,620548.7628,4594032.8789,dem_9t_1m,,0.9374,0.2671,2.2182,0.4063,494
506.4029,506.8564,507.6829,0.4535,1.2800,7.0000,5.3852,14.0000,0.0324,0.5396,23.2714,-0.1399,-0.2903,6.1648,588,699045.4227,4649204.8808,dem_mk5_1m,,1.0048,0.5386,2.2030,0.4165,495
464.0188,464.5944,465.4662,0.5757,1.4475,7.0000,5.3852,14.0000,0.0411,0.6367,29.5383,-0.1955,-0.4007,9.5295,99,620838.1853,4594675.1118,dem_9t_1m,,1.0048,0.4021,2.2023,0.4118,496
418.9210,419.5558,420.0073,0.6349,1.0863,6.0000,5.3852,12.0000,0.0529,0.4599,23.9336,-0.2427,-0.4954,10.6509,360,623546.5048,4595001.2239,dem_9t_1m,,0.5778,0.3066,2.1962,0.4009,497
434.0114,434.7326,435.1224,0.7212,1.1109,6.5000,5.9155,13.0000,0.0555,0.3633,31.9085,-0.1817,-0.4726,7.9949,524,620862.7542,4595172.0602,dem_9t_1m,,1.1846,0.4026,2.1937,0.4193,498
477.9514,478.7280,479.2174,0.7767,1.2660,4.0000,5.0990,8.0000,0.0971,0.2761,13.0133,-0.2851,-0.6025,12.6671,268,623039.4012,4597189.5002,dem_9t_1m,,1.2033,0.7800,2.1892,0.4350,499
480.2713,481.1574,481.6519,0.8861,1.3806,5.0000,5.6569,10.0000,0.0886,0.2818,23.1983,-0.2541,-0.6894,12.7627,147,620044.4437,4594909.3360,dem_9t_1m,,0.8283,0.5211,2.1869,0.4190,500
418.0453,418.5568,419.2360,0.5115,1.1907,6.0000,6.0000,12.0000,0.0426,0.4458,19.2844,-0.0469,-0.3068,2.2443,33,621256.6142,4594980.3781,dem_9t_1m,,1.4319,0.6447,2.1848,0.4340,501
467.4026,467.8881,468.5485,0.4854,1.1458,4.5000,5.0990,9.0000,0.0539,0.4160,10.2935,-0.2485,-0.3499,9.4956,367,623986.1255,4596662.7415,dem_9t_1m,,1.2033,0.5819,2.1815,0.4159,502
442.7260,443.7557,444.2207,1.0297,1.4947,5.5000,5.3852,11.0000,0.0936,0.2354,32.6184,-0.3133,-0.7917,12.8033,85,622086.5858,4595147.3415,dem_9t_1m,,1.1822,0.6003,2.1781,0.4264,503
505.0842,505.4767,506.0052,0.3925,0.9210,4.5000,5.0990,9.0000,0.0436,0.2722,8.3223,-0.1024,-0.2817,4.6099,645,699534.7290,4647016.6787,dem_mk5_1m,,1.2033,0.8017,2.1774,0.4193,504
452.6063,453.1161,453.7332,0.5099,1.1270,5.0000,5.6569,10.0000,0.0510,0.3280,13.3480,-0.1774,-0.4158,8.5600,167,619526.2023,4594302.3186,dem_9t_1m,,0.7194,0.3828,2.1769,0.4080,505
423.8322,424.3293,425.3529,0.4971,1.5207,4.5000,5.3852,9.0000,0.0552,0.6988,10.5420,-0.1696,-0.3716,7.7021,455,622694.4529,4594759.6291,dem_9t_1m,,0.8812,0.4318,2.1695,0.4240,506
566.2936,566.8301,568.4486,0.5366,2.1550,7.0000,5.8310,14.0000,0.0383,1.0773,27.5323,-0.0464,-0.1868,4.0035,562,700408.1863,4648096.7995,dem_mk5_1m,,1.4282,0.8803,2.1635,0.4292,507
474.2000,474.6304,475.5155,0.4304,1.3155,7.0000,6.0000,14.0000,0.0307,0.6318,22.0844,-0.0451,-0.2149,1.6902,229,623899.9704,4594368.3273,dem_9t_1m,,1.4855,0.8431,2.1623,0.4438,508
428.7104,429.6388,430.0727,0.9284,1.3623,4.5000,5.3852,9.0000,0.1032,0.3876,19.6882,-0.2911,-0.7271,13.8119,54,621378.9995,4594599.6172,dem_9t_1m,,1.2363,0.6860,2.1610,0.4281,509
482.7184,483.0490,483.2593,0.3306,0.5409,4.0000,5.3852,8.0000,0.0413,0.1239,5.5397,-0.0831,-0.2512,4.5805,527,620047.3920,4595555.0085,dem_9t_1m,,1.3940,0.9384,2.1609,0.4477,510
454.7173,455.2592,455.4791,0.5419,0.7618,4.5000,5.0990,9.0000,0.0602,0.1770,11.4908,-0.1255,-0.3801,6.9333,58,622201.5686,4594663.4966,dem_9t_1m,,1.2033,0.6529,2.1546,0.4157,511
442.0378,442.3530,442.8124,0.3152,0.7747,6.5000,5.6569,13.0000,0.0242,0.2144,13.9478,-0.0690,-0.2341,3.2753,123,620936.7887,4595596.6120,dem_9t_1m,,1.2202,0.8492,2.1534,0.4357,512
439.5909,440.5889,440.9099,0.9981,1.3191,5.0000,5.3852,10.0000,0.0998,0.3232,26.1296,-0.2585,-0.7686,13.0618,110,620837.5301,4595289.0085,dem_9t_1m,,1.1320,0.5964,2.1485,0.4160,513
461.6499,462.6715,463.4745,1.0215,1.8246,6.0000,5.3852,12.0000,0.0851,0.4461,38.5114,-0.2663,-0.7231,11.0362,266,623187.4702,4597122.0175,dem_9t_1m,,0.9448,0.5531,2.1402,0.4164,514
489.3488,489.9667,490.0707,0.6179,0.7219,4.0000,5.0000,8.0000,0.0772,0.0663,10.3533,-0.2732,-0.4772,10.6426,419,619833.9696,4595977.4310,dem_9t_1m,,1.4929,0.8066,2.1401,0.4509,515
475.4214,475.6653,476.1401,0.2439,0.7188,5.0000,5.3852,10.0000,0.0244,0.3718,6.3860,-0.0255,-0.1640,2.3680,415,619618.4178,4596241.7931,dem_9t_1m,,1.3472,0.9009,2.1379,0.4534,516
479.3516,479.9316,480.8863,0.5800,1.5346,5.0000,5.3852,10.0000,0.0580,0.4613,15.1832,-0.1280,-0.4168,7.2590,209,621215.2371,4593551.3271,dem_9t_1m,,0.6136,0.3139,2.1378,0.3954,517
467.9527,468.9265,469.8239,0.9738,1.8712,5.5000,5.3852,11.0000,0.0885,0.4734,30.8492,-0.2368,-0.7251,10.4867,660,698845.1414,4649358.0549,dem_mk5_1m,,0.9520,0.4390,2.1374,0.4111,518
467.8371,468.7997,469.0865,0.9626,1.2494,4.5000,5.0990,9.0000,0.1070,0.2872,20.4123,-0.3330,-0.7736,13.8268,374,623193.6944,4596847.8277,dem_9t_1m,,1.3545,0.8617,2.1370,0.4389,519
442.9632,443.9423,444.5470,0.9791,1.5838,6.0000,5.6569,12.0000,0.0816,0.3047,36.9099,-0.1291,-0.6203,7.1185,22,621217.5799,4595324.8489,dem_9t_1m,,0.7868,0.4609,2.1311,0.4161,520
481.1000,481.7247,482.1156,0.6247,1.0156,5.0000,5.0990,10.0000,0.0625,0.3195,16.3545,-0.1551,-0.4549,7.1149,315,620877.3318,4596058.6724,dem_9t_1m,,1.2033,0.4214,2.1278,0.4033,521
377.4231,378.0160,379.3845,0.5929,1.9614,7.0000,5.6569,14.0000,0.0423,1.0216,30.4215,-0.1585,-0.3687,5.0325,355,622937.5219,4594349.9824,dem_9t_1m,,1.2832,0.6279,2.1268,0.4153,522
489.5404,489.8958,490.6520,0.3554,1.1116,7.0000,5.6569,14.0000,0.0254,0.4717,18.2369,-0.1127,-0.2314,5.9070,491,620716.1594,4596296.6638,dem_9t_1m,,1.1848,0.6924,2.1185,0.4259,523
458.5307,459.2302,460.5530,0.6995,2.0223,7.0000,5.6569,14.0000,0.0500,0.8376,35.8944,-0.0867,-0.4199,5.4515,473,622694.1253,4595959.9052,dem_9t_1m,,1.0048,0.5989,2.1172,0.4111,524
479.6172,480.3563,481.3083,0.7390,1.6911,5.0000,5.0990,10.0000,0.0739,0.6743,19.3481,-0.1949,-0.5388,8.5458,521,620326.8231,4595167.1464,dem_9t_1m,,1.2033,0.3735,2.1087,0.4200,525
411.8127,412.7183,413.9093,0.9055,2.0965,7.0000,5.8310,14.0000,0.0647,0.7947,46.4645,-0.0846,-0.4039,7.1464,193,622444.3408,4594379.6290,dem_9t_1m,,1.1899,0.6918,2.0987,0.4162,526
474.0017,474.3703,475.1005,0.3686,1.0988,4.0000,5.0990,8.0000,0.0461,0.3532,6.1758,-0.1601,-0.2787,7.9039,141,619784.6678,4595147.8188,dem_9t_1m,,1.2033,0.7329,2.0985,0.4207,527
479.8682,480.7300,481.0327,0.8618,1.1645,6.0000,6.0000,12.0000,0.0718,0.1928,32.4874,-0.1294,-0.5301,6.4125,449,622841.8667,4593533.6374,dem_9t_1m,,1.4319,0.5083,2.0980,0.4284,528
435.9555,436.7010,437.1637,0.7455,1.2081,4.5000,5.0990,9.0000,0.0828,0.3235,15.8092,-0.3333,-0.5787,12.5034,213,622290.3752,4594407.6376,dem_9t_1m,,1.2356,0.6722,2.0970,0.4249,529
456.1743,456.9172,457.2354,0.7430,1.0611,4.5000,5.2421,9.0000,0.0826,0.3014,15.7548,-0.1656,-0.5133,7.4780,370,623986.4531,4596752.1726,dem_9t_1m,,0.7849,0.4938,2.0954,0.4120,530
471.1537,472.2957,472.9140,1.1420,1.7603,6.0000,5.3852,12.0000,0.0952,0.4016,43.0523,-0.2857,-0.8316,12.4864,510,621741.6682,4594981.0774,dem_9t_1m,,1.3205,0.7133,2.0848,0.4357,531
489.4878,489.9986,490.7943,0.5109,1.3065,6.0000,5.8310,12.0000,0.0426,0.4078,19.2591,-0.0656,-0.3533,4.3013,291,621240.6250,4597096.1381,dem_9t_1m,,0.9529,0.5275,2.0716,0.4084,532
479.7080,480.6861,481.2602,0.9781,1.5522,5.0000,5.3852,10.0000,0.0978,0.3168,25.6071,-0.2386,-0.7017,12.4860,211,620844.4094,4593589.9823,dem_9t_1m,,1.0699,0.5309,2.0704,0.4120,533
478.0828,478.5443,478.9496,0.4615,0.8668,6.0000,5.8310,12.0000,0.0385,0.1286,17.3976,-0.0919,-0.2794,5.6227,136,619870.8230,4595616.9223,dem_9t_1m,,1.0414,0.6678,2.0701,0.4190,534
464.4115,465.2533,465.9537,0.8418,1.5422,6.0000,5.7439,12.0000,0.0701,0.3813,31.7350,-0.0684,-0.5198,3.9654,71,621838.6030,4595734.3761,dem_9t_1m,,1.0214,0.4347,2.0668,0.4151,535
475.5201,475.9756,476.1484,0.4555,0.6283,5.5000,5.8310,11.0000,0.0414,0.1062,14.4284,-0.0637,-0.2756,2.2320,402,620572.3490,4597076.8106,dem_9t_1m,,1.3750,0.7579,2.0629,0.4420,536
449.9693,450.6813,451.0458,0.7120,1.0765,4.0000,5.0990,8.0000,0.0890,0.3099,11.9293,-0.3345,-0.5307,14.3957,349,623570.0910,4594635.6377,dem_9t_1m,,1.2446,0.8081,2.0596,0.4452,537
483.5959,484.2162,484.6592,0.6204,1.0633,4.0000,5.0990,8.0000,0.0775,0.1846,10.3943,-0.2227,-0.4410,9.7563,264,623084.6081,4596711.8794,dem_9t_1m,,1.2033,0.6480,2.0567,0.4223,538
448.0508,448.8469,449.3295,0.7962,1.2788,4.5000,5.0495,9.0000,0.0885,0.3190,16.8834,-0.2364,-0.5829,11.7989,177,619608.7540,4593289.7495,dem_9t_1m,,1.3481,0.6201,2.0536,0.4176,539
456.0184,456.3469,457.0038,0.3286,0.9855,4.5000,5.3852,9.0000,0.0365,0.5268,6.9672,-0.1036,-0.2275,4.7111,357,623809.2290,4594767.9825,dem_9t_1m,,1.0873,0.7148,2.0522,0.4330,540
488.4300,489.4701,490.2896,1.0401,1.8596,6.0000,5.7439,12.0000,0.0867,0.5896,39.2097,-0.1303,-0.6905,6.7315,155,619951.0816,4594521.4738,dem_9t_1m,,0.9621,0.5538,2.0496,0.4262,541
442.7553,443.7283,444.2636,0.9729,1.5083,6.5000,5.6569,13.0000,0.0748,0.4060,43.0464,-0.2044,-0.7078,10.2173,149,619546.1850,4594745.8704,dem_9t_1m,,0.9929,0.5083,2.0442,0.4259,542
441.6141,442.2296,442.7422,0.6155,1.1281,4.0000,5.0000,8.0000,0.0769,0.2732,10.3135,-0.3235,-0.4852,13.6803,352,622299.7114,4594614.0170,dem_9t_1m,,1.4929,0.7968,2.0429,0.4502,543
470.6435,471.2085,471.8174,0.5650,1.1739,4.5000,5.0990,9.0000,0.0628,0.2428,11.9813,-0.2005,-0.4255,10.4460,206,620240.0127,4593251.5857,dem_9t_1m,,1.2033,0.5244,2.0382,0.4031,544
454.2265,454.8787,455.2769,0.6523,1.0504,5.0000,5.3852,10.0000,0.0652,0.2429,17.0759,-0.0879,-0.4268,4.7235,329,622439.2632,4596859.2933,dem_9t_1m,,0.8668,0.4476,2.0310,0.4034,545
479.4200,480.3204,481.1476,0.9004,1.7275,5.5000,5.3852,11.0000,0.0819,0.4902,28.5223,-0.1748,-0.6425,7.5044,518,620440.8231,4595045.6119,dem_9t_1m,,0.6661,0.2946,2.0307,0.4059,546
441.5938,442.2565,442.4488,0.6626,0.8549,4.5000,5.0990,9.0000,0.0736,0.2016,14.0515,-0.2268,-0.4640,10.3497,373,623863.6083,4596999.5002,dem_9t_1m,,1.2033,0.5815,2.0225,0.4146,547
433.4344,433.9314,434.7080,0.4971,1.2737,6.5000,5.3852,13.0000,0.0382,0.4225,21.9924,-0.1125,-0.3520,5.5527,523,620867.3405,4595181.5602,dem_9t_1m,,0.7848,0.4871,2.0223,0.4078,548
438.7543,439.5112,440.1932,0.7568,1.4388,6.0000,5.3852,12.0000,0.0631,0.3908,28.5320,-0.1169,-0.4913,6.3451,306,620026.2627,4597473.5175,dem_9t_1m,,0.5361,0.2544,2.0216,0.3994,549
491.6500,492.0196,492.4713,0.3696,0.8213,6.0000,5.8310,12.0000,0.0308,0.1826,13.9347,-0.0561,-0.2341,4.0543,292,621118.7629,4597084.6726,dem_9t_1m,,1.0162,0.7937,2.0169,0.4340,550
416.6500,417.3553,418.1460,0.7053,1.4960,6.0000,5.8310,12.0000,0.0588,0.4936,26.5889,-0.0408,-0.3747,2.2895,29,621337.2472,4594948.4668,dem_9t_1m,,1.3632,0.4089,2.0156,0.4296,551
451.5858,452.5882,453.6550,1.0023,2.0691,6.5000,5.3852,13.0000,0.0771,0.7999,44.3467,-0.2049,-0.6830,9.6358,101,620853.5818,4594784.5256,dem_9t_1m,,1.0678,0.6168,2.0135,0.4335,552
475.3451,475.5730,476.0390,0.2279,0.6939,5.5000,5.5210,11.0000,0.0207,0.1663,7.2205,-0.0453,-0.1540,2.5931,289,621396.8837,4596588.0518,dem_9t_1m,,1.3717,0.8526,2.0084,0.4539,553
471.9675,472.6263,472.9596,0.6587,0.9921,5.5000,5.8310,11.0000,0.0599,0.2952,20.8668,-0.0896,-0.4437,4.5012,497,620561.3749,4597223.7330,dem_9t_1m,,0.9374,0.4112,2.0005,0.4094,554
486.6581,487.6747,487.9741,1.0165,1.3160,6.0000,5.5210,12.0000,0.0847,0.2083,38.3215,-0.2216,-0.7071,9.7517,280,621654.3665,4597383.4313,dem_9t_1m,,0.8944,0.4882,2.0003,0.4200,555
461.8358,462.7682,463.2559,0.9324,1.4201,5.0000,5.3852,10.0000,0.0932,0.4755,24.4111,-0.2354,-0.6998,11.3850,407,619691.1419,4597247.4830,dem_9t_1m,,0.9276,0.4476,1.9988,0.4082,556
497.7643,498.2601,498.9289,0.4958,1.1646,7.0000,5.8310,14.0000,0.0354,0.3493,25.4434,-0.0499,-0.2784,2.5453,619,697773.8342,4647138.8533,dem_mk5_1m,,1.3111,0.7495,1.9985,0.4212,557
467.8680,468.2994,469.1480,0.4315,1.2800,5.5000,5.3852,11.0000,0.0392,0.6800,13.6676,-0.1779,-0.3384,7.7070,318,620680.1249,4595800.2069,dem_9t_1m,,0.7869,0.3723,1.9966,0.4166,558
439.0343,439.8337,440.4065,0.7994,1.3722,6.0000,5.8310,12.0000,0.0666,0.3416,30.1358,-0.0505,-0.4801,3.3002,248,623782.0393,4596236.2242,dem_9t_1m,,1.1571,0.4543,1.9964,0.4191,559
481.4818,482.5144,483.0502,1.0326,1.5684,6.0000,5.8310,12.0000,0.0860,0.3021,38.9278,-0.1400,-0.7057,6.8049,48,621748.8172,4595224.2714,dem_9t_1m,,0.9407,0.5678,1.9876,0.4246,560
481.1756,481.9804,482.1452,0.8047,0.9695,5.5000,5.8310,11.0000,0.0732,0.0960,25.4926,-0.1188,-0.5378,6.1459,494,621172.8146,4596679.2846,dem_9t_1m,,1.1263,0.4429,1.9858,0.4179,561
479.3246,479.7845,480.4096,0.4600,1.0850,6.5000,5.8310,13.0000,0.0354,0.2777,20.3506,-0.0607,-0.2772,4.7784,131,619913.4092,4595532.4051,dem_9t_1m,,0.9374,0.6999,1.9801,0.4169,562
485.4111,486.3190,486.9555,0.9079,1.5444,5.0000,5.3852,10.0000,0.0908,0.3088,23.7687,-0.2620,-0.6751,12.9332,313,620878.9698,4596195.2759,dem_9t_1m,,0.8513,0.5195,1.9753,0.4113,563
466.9900,467.3159,467.6366,0.3259,0.6466,4.5000,5.3852,9.0000,0.0362,0.1472,6.9115,-0.0462,-0.2241,2.7413,498,620452.2886,4597059.2847,dem_9t_1m,,1.2711,0.9308,1.9728,0.4495,564
427.2134,427.5650,428.2343,0.3516,1.0209,4.0000,5.0990,8.0000,0.0440,0.4195,5.8915,-0.1722,-0.2184,7.3475,59,622335.2238,4594790.9276,dem_9t_1m,,1.2033,0.7604,1.9719,0.4319,565
424.7884,425.7760,426.4829,0.9876,1.6945,5.0000,5.3852,10.0000,0.0988,0.4420,25.8548,-0.2398,-0.7233,10.3187,324,622195.5390,4596335.8104,dem_9t_1m,,1.0993,0.4922,1.9686,0.4129,566
439.2433,440.2963,440.9351,1.0530,1.6919,5.5000,5.3852,11.0000,0.0957,0.5085,33.3579,-0.2415,-0.7631,10.1705,51,622185.8878,4595273.2780,dem_9t_1m,,1.0835,0.4700,1.9678,0.4188,567
474.4937,475.3186,475.8126,0.8249,1.3189,4.5000,5.3852,9.0000,0.0917,0.2243,17.4918,-0.2239,-0.6066,11.7950,103,620712.3921,4594877.5601,dem_9t_1m,,0.8781,0.5596,1.9654,0.4119,568
406.5523,407.2074,407.9006,0.6551,1.3484,5.0000,5.3852,10.0000,0.0655,0.5603,17.1510,-0.2716,-0.5213,11.8910,247,623627.7462,4596209.0345,dem_9t_1m,,0.7556,0.3445,1.9648,0.4054,569
467.6627,468.2037,468.3631,0.5410,0.7005,4.5000,5.0990,9.0000,0.0601,0.1338,11.4733,-0.1644,-0.3970,7.2305,359,623933.7117,4595127.9998,dem_9t_1m,,1.2033,0.6337,1.9642,0.4160,570
398.4352,399.3266,400.6466,0.8914,2.2115,6.5000,5.3852,13.0000,0.0686,0.9231,39.4400,-0.2332,-0.6328,9.1840,341,623489.1772,4595725.8448,dem_9t_1m,,1.1063,0.5824,1.9638,0.4299,571
433.7459,434.3985,434.7779,0.6526,1.0320,5.5000,5.8310,11.0000,0.0593,0.2733,20.6744,-0.1621,-0.4711,7.7184,305,619953.5385,4597390.3106,dem_9t_1m,,0.9374,0.3088,1.9593,0.4057,572
487.3722,488.1742,488.8703,0.8020,1.4981,5.5000,5.8310,11.0000,0.0729,0.4953,25.4046,-0.1312,-0.5411,7.2688,422,619561.7454,4595872.2758,dem_9t_1m,,0.9374,0.2539,1.9574,0.4060,573
509.5362,510.1943,511.7186,0.6582,2.1825,7.0000,5.8310,14.0000,0.0470,1.0660,33.7726,-0.1030,-0.3160,4.4140,638,700051.3878,4646830.0736,dem_mk5_1m,,1.3987,0.7695,1.9550,0.4154,574
475.0400,475.3727,475.8147,0.3327,0.7747,5.5000,5.5210,11.0000,0.0302,0.2111,10.5393,-0.0405,-0.2010,1.0516,377,622963.7288,4596586.0863,dem_9t_1m,,1.6157,0.7765,1.9459,0.4443,575
422.3303,422.5520,422.9225,0.2217,0.5923,4.0000,5.3852,8.0000,0.0277,0.2098,3.7153,-0.0728,-0.1270,4.9623,31,621206.1830,4595066.4245,dem_9t_1m,,1.3895,1.0269,1.9339,0.4534,576
492.9172,493.3514,493.7663,0.4342,0.8491,5.5000,5.6569,11.0000,0.0395,0.2654,13.7536,-0.1654,-0.3186,6.8978,282,620971.3491,4597362.1382,dem_9t_1m,,0.9328,0.4864,1.9296,0.4129,577
465.9359,466.2919,466.8553,0.3561,0.9194,4.0000,5.3852,8.0000,0.0445,0.2895,5.9662,-0.1451,-0.2638,6.9645,378,622986.0047,4596469.4656,dem_9t_1m,,1.1450,0.7378,1.9236,0.4257,578
488.4671,488.9428,489.5509,0.4757,1.0839,6.5000,5.8310,13.0000,0.0366,0.3016,21.0473,-0.1178,-0.3319,5.7302,92,620476.5300,4594565.6980,dem_9t_1m,,0.9374,0.6080,1.9233,0.4108,579
488.4456,489.0180,489.5564,0.5724,1.1107,5.0000,5.2421,10.0000,0.0572,0.3023,14.9843,-0.1133,-0.4289,6.7196,439,620848.1767,4593748.8616,dem_9t_1m,,0.7849,0.4522,1.9221,0.4004,580
447.1707,447.7458,448.3324,0.5751,1.1617,6.0000,5.9155,12.0000,0.0479,0.3831,21.6798,-0.0326,-0.3225,1.4423,20,621213.3061,4595453.6337,dem_9t_1m,,1.5360,0.6170,1.9129,0.4440,581
482.9868,483.7471,484.2104,0.7603,1.2236,5.5000,5.7439,11.0000,0.0691,0.2866,24.0850,-0.0873,-0.4733,4.0494,93,620724.1853,4594556.8532,dem_9t_1m,,1.0043,0.3652,1.9110,0.4082,582
479.4800,479.8898,480.3234,0.4098,0.8434,5.5000,5.6569,11.0000,0.0373,0.2792,12.9802,-0.0940,-0.3197,5.8270,184,621138.5819,4594030.7496,dem_9t_1m,,0.9413,0.5707,1.9036,0.4076,583
444.5251,445.2835,445.7078,0.7584,1.1826,6.5000,5.8310,13.0000,0.0583,0.3643,33.5557,-0.1617,-0.5166,8.7321,109,620692.7370,4595191.7154,dem_9t_1m,,0.9374,0.3846,1.9018,0.4044,584
480.4770,481.1004,481.7485,0.6234,1.2715,7.0000,5.6569,14.0000,0.0445,0.4533,31.9906,-0.1155,-0.3991,5.8130,403,620693.5559,4597113.8278,dem_9t_1m,,1.0048,0.4904,1.8983,0.4060,585
499.2636,500.1080,500.8440,0.8444,1.5804,6.0000,5.8310,12.0000,0.0704,0.3411,31.8328,-0.1834,-0.5811,9.2063,276,622776.3494,4597390.3106,dem_9t_1m,,0.9374,0.3363,1.8982,0.4072,586
482.0382,482.6609,483.1556,0.6227,1.1174,5.5000,5.6569,11.0000,0.0566,0.3446,19.7261,-0.2115,-0.4873,9.9948,417,619645.9350,4596119.2759,dem_9t_1m,,0.5312,0.2727,1.8959,0.4054,587
454.0797,454.6180,454.9197,0.5383,0.8400,5.5000,5.8310,11.0000,0.0489,0.1775,17.0511,-0.0751,-0.3505,2.5672,111,620574.1507,4595348.9568,dem_9t_1m,,1.3066,0.6176,1.8836,0.4247,588
431.8413,432.6993,433.1387,0.8580,1.2973,6.5000,5.8310,13.0000,0.0660,0.3816,37.9615,-0.2091,-0.5627,9.7994,23,621101.9015,4595320.2902,dem_9t_1m,,0.9374,0.4475,1.8798,0.4089,589
478.1564,479.2178,479.5255,1.0614,1.3691,6.0000,5.8310,12.0000,0.0884,0.2134,40.0127,-0.2097,-0.7387,9.6065,125,620538.7714,4595714.5430,dem_9t_1m,,1.0234,0.5922,1.8743,0.4300,590
431.0923,431.6404,431.9734,0.5481,0.8811,4.0000,5.0990,8.0000,0.0685,0.2762,9.1834,-0.1815,-0.3661,7.9574,337,623915.3669,4596021.6552,dem_9t_1m,,1.2033,0.6496,1.8737,0.4171,591
474.6330,475.4125,475.5759,0.7795,0.9430,5.0000,5.3852,10.0000,0.0780,0.1277,20.4083,-0.1628,-0.5636,8.9125,411,619537.1764,4596891.7243,dem_9t_1m,,1.0436,0.4113,1.8616,0.4133,592
459.9061,460.7538,461.1862,0.8477,1.2801,5.0000,5.3852,10.0000,0.0848,0.3664,22.1924,-0.1697,-0.5931,8.2498,299,619666.2454,4596652.5863,dem_9t_1m,,0.6638,0.3534,1.8564,0.3992,593
482.7593,483.5681,484.2123,0.8088,1.4530,6.0000,5.8310,12.0000,0.0674,0.4187,30.4902,-0.0621,-0.4713,3.7580,94,620829.9956,4594492.3187,dem_9t_1m,,1.0637,0.4122,1.8563,0.4157,594
481.3535,481.9650,482.5572,0.6115,1.2037,4.0000,5.0990,8.0000,0.0764,0.2834,10.2455,-0.2697,-0.4861,11.8969,309,619910.6247,4596400.6725,dem_9t_1m,,1.2033,0.6869,1.8524,0.4182,595
475.8211,476.3829,477.1412,0.5619,1.3201,4.0000,5.0990,8.0000,0.0702,0.4684,9.4140,-0.1970,-0.3572,9.4521,62,621952.6031,4594874.1345,dem_9t_1m,,1.2033,0.5482,1.8499,0.4187,596
462.1651,463.1063,463.8017,0.9412,1.6366,6.5000,5.8310,13.0000,0.0724,0.6004,41.6436,-0.1757,-0.6306,8.7393,348,623922.2462,4594868.5515,dem_9t_1m,,0.9374,0.4742,1.8473,0.4152,597
481.9661,482.7117,483.0137,0.7457,1.0477,6.0000,5.8310,12.0000,0.0621,0.1237,28.1110,-0.1269,-0.5136,7.7387,517,620330.7541,4595056.4222,dem_9t_1m,,1.0541,0.3943,1.8460,0.4103,598
451.5916,452.2590,452.9391,0.6674,1.3474,7.0000,5.8310,14.0000,0.0477,0.5123,34.2439,-0.0903,-0.3230,4.7159,153,619555.6850,4594522.4566,dem_9t_1m,,1.0048,0.5659,1.8401,0.4092,599
459.5220,460.1357,460.4771,0.6136,0.9551,5.0000,5.0990,10.0000,0.0614,0.2615,16.0653,-0.1986,-0.4963,9.1541,507,620763.1680,4595846.5603,dem_9t_1m,,1.2033,0.4361,1.8390,0.4082,600
486.0914,486.7902,486.9624,0.6988,0.8709,4.5000,5.3852,9.0000,0.0776,0.1839,14.8178,-0.2928,-0.5602,11.4915,444,620134.6938,4593514.6374,dem_9t_1m,,0.9203,0.6034,1.8379,0.4299,601
474.5616,475.2572,475.5941,0.6956,1.0326,6.0000,5.6569,12.0000,0.0580,0.2244,26.2242,-0.0839,-0.4811,5.3491,11,621712.0623,4595871.8995,dem_9t_1m,,0.7920,0.3846,1.8362,0.4049,602
475.3308,475.8088,476.0229,0.4781,0.6921,5.5000,5.3852,11.0000,0.0435,0.2084,15.1438,-0.1028,-0.3487,5.5951,536,621285.6681,4593663.0340,dem_9t_1m,,1.1677,0.5446,1.8299,0.4086,603
489.3745,490.0224,490.1926,0.6479,0.8180,4.0000,5.0990,8.0000,0.0810,0.1017,10.8550,-0.2944,-0.5291,10.5722,486,620649.0042,4596570.8536,dem_9t_1m,,1.2033,0.7890,1.8265,0.4460,604
457.6249,458.2243,458.5943,0.5993,0.9694,6.5000,5.8310,13.0000,0.0461,0.2469,26.5170,-0.1334,-0.3656,6.6645,175,619606.1333,4593504.9736,dem_9t_1m,,0.9374,0.5169,1.8238,0.4057,605
569.0315,569.4752,570.4976,0.4437,1.4661,7.0000,5.6569,14.0000,0.0317,0.8017,22.7656,-0.0777,-0.2181,4.0596,632,700242.8555,4647110.8929,dem_mk5_1m,,1.0048,0.6939,1.8201,0.4174,606
391.7269,392.2929,392.6730,0.5660,0.9461,4.5000,5.0990,9.0000,0.0629,0.2207,12.0033,-0.1565,-0.3932,8.7805,235,623366.9875,4595249.5343,dem_9t_1m,,1.2033,0.5405,1.8189,0.4017,607
441.8243,442.2397,442.5947,0.4155,0.7704,4.0000,5.0990,8.0000,0.0519,0.2621,6.9612,-0.1187,-0.2538,7.3626,202,619557.1592,4593198.5167,dem_9t_1m,,1.2033,0.8133,1.8155,0.4280,608
457.5341,458.1062,458.6664,0.5721,1.1323,5.5000,5.3852,11.0000,0.0520,0.3133,18.1213,-0.0950,-0.3663,4.4627,143,619660.8402,4595007.9395,dem_9t_1m,,0.9200,0.4165,1.8086,0.3944,609
450.5730,451.3276,452.0924,0.7547,1.5194,4.5000,5.2421,9.0000,0.0839,0.5449,16.0033,-0.2891,-0.5726,10.4651,267,623269.0392,4597209.1554,dem_9t_1m,,0.8916,0.4932,1.8080,0.4230,610
443.3158,444.1161,444.7396,0.8003,1.4239,6.5000,5.8310,13.0000,0.0616,0.4312,35.4082,-0.0590,-0.4745,3.2344,27,621481.1329,4595053.6031,dem_9t_1m,,1.1705,0.5087,1.7998,0.4161,611
501.8007,502.4363,503.4289,0.6356,1.6282,6.0000,5.5210,12.0000,0.0530,0.7607,23.9600,-0.1643,-0.4752,7.1167,670,699992.2760,4648943.1323,dem_mk5_1m,,0.6040,0.2389,1.7931,0.4044,612
481.5908,482.1273,482.5734,0.5365,0.9826,6.0000,5.8310,12.0000,0.0447,0.3136,20.2244,-0.1181,-0.3744,6.2107,423,619699.0040,4595841.1551,dem_9t_1m,,0.9374,0.4969,1.7899,0.4042,613
485.1110,485.7881,486.2575,0.6771,1.1465,5.0000,5.6569,10.0000,0.0677,0.2126,17.7271,-0.1494,-0.4830,9.2880,334,620832.7801,4597478.4313,dem_9t_1m,,0.8227,0.3310,1.7893,0.4076,614
383.6490,384.4425,384.8718,0.7935,1.2228,5.0000,5.3852,10.0000,0.0793,0.3023,20.7727,-0.2931,-0.6149,14.0097,234,623290.9875,4594881.6549,dem_9t_1m,,1.0272,0.5217,1.7823,0.4174,615
562.5861,563.5192,564.6794,0.9330,2.0933,7.0000,5.9155,14.0000,0.0666,0.7616,47.8770,-0.1140,-0.4959,7.0186,633,700222.7970,4647203.8915,dem_mk5_1m,,1.2714,0.7076,1.7820,0.4267,616
473.4731,474.0100,474.9742,0.5370,1.5012,7.0000,5.9155,14.0000,0.0384,0.5629,27.5543,-0.0650,-0.2653,2.3755,488,621497.4526,4596519.4225,dem_9t_1m,,1.3457,0.6844,1.7817,0.4243,617
468.0203,468.4797,468.9790,0.4594,0.9587,6.5000,5.8310,13.0000,0.0353,0.3332,20.3249,-0.0541,-0.2790,3.6703,310,619698.0213,4596392.4828,dem_9t_1m,,1.0816,0.7290,1.7808,0.4190,618
473.7946,474.3983,475.0654,0.6036,1.2708,7.0000,5.8310,14.0000,0.0431,0.3854,30.9743,-0.0909,-0.3488,5.1671,311,619673.4523,4596278.1552,dem_9t_1m,,1.0048,0.6018,1.7801,0.4066,619
465.6107,466.0904,466.4327,0.4798,0.8221,6.0000,5.8310,12.0000,0.0400,0.2270,18.0868,-0.0779,-0.3211,3.9070,389,622562.4356,4596714.8277,dem_9t_1m,,1.0333,0.6665,1.7758,0.4168,620
458.5739,459.5569,460.5659,0.9829,1.9919,6.0000,5.8310,12.0000,0.0819,0.6891,37.0560,-0.1555,-0.6182,7.9485,272,623127.8495,4597479.4141,dem_9t_1m,,0.9374,0.5156,1.7729,0.4257,621
455.2844,455.8847,456.0451,0.6004,0.7607,4.5000,5.0990,9.0000,0.0667,0.1521,12.7313,-0.2650,-0.4821,11.7890,380,623069.2116,4596444.8966,dem_9t_1m,,1.2033,0.6691,1.7720,0.4241,622
375.6331,376.1833,376.5555,0.5502,0.9224,5.0000,5.3852,10.0000,0.0550,0.2731,14.4034,-0.0838,-0.3802,4.3528,214,622549.3322,4594475.2842,dem_9t_1m,,0.9424,0.5418,1.7580,0.4019,623
429.9723,430.7088,431.1577,0.7365,1.1855,4.5000,5.3852,9.0000,0.0818,0.1982,15.6183,-0.2021,-0.5501,11.0186,345,623953.6945,4595495.5516,dem_9t_1m,,0.8602,0.4953,1.7566,0.4097,624
479.4818,480.1007,480.4122,0.6189,0.9304,5.5000,5.8310,11.0000,0.0563,0.1576,19.6052,-0.1064,-0.3991,6.2223,492,620896.6594,4596312.0604,dem_9t_1m,,0.9659,0.4497,1.7528,0.4062,625
481.3321,481.9566,482.6027,0.6245,1.2706,6.5000,5.3852,13.0000,0.0480,0.4628,27.6310,-0.2033,-0.4645,8.5643,128,620209.2196,4595654.9223,dem_9t_1m,,0.6475,0.3007,1.7527,0.4016,626
427.5097,428.4520,429.0973,0.9423,1.5876,5.5000,5.3852,11.0000,0.0857,0.4165,29.8496,-0.2060,-0.6740,9.2060,219,623559.6082,4594755.3704,dem_9t_1m,,0.7752,0.3307,1.7508,0.4098,627
461.7591,462.2242,462.4642,0.4651,0.7052,5.5000,5.5210,11.0000,0.0423,0.2473,14.7329,-0.0728,-0.3035,4.9125,413,619819.8833,4596577.5691,dem_9t_1m,,1.1482,0.5601,1.7472,0.4090,628
482.4709,482.9878,483.7017,0.5169,1.2307,5.5000,5.5210,11.0000,0.0470,0.3075,16.3735,-0.1121,-0.3720,5.7099,285,622037.6424,4596947.0864,dem_9t_1m,,0.6656,0.3747,1.7430,0.3980,629
571.3436,571.8196,572.6633,0.4761,1.3198,4.5000,5.3852,9.0000,0.0529,0.5844,10.0955,-0.1664,-0.3432,7.3235,668,699727.8682,4647955.4022,dem_mk5_1m,,0.9069,0.4515,1.7415,0.4104,630
485.7270,486.3218,486.6990,0.5948,0.9720,4.0000,5.0990,8.0000,0.0744,0.2769,9.9663,-0.2110,-0.4383,10.7996,427,619930.9351,4595281.9654,dem_9t_1m,,1.2033,0.6504,1.7342,0.4158,631
482.7045,483.4017,484.0886,0.6972,1.3841,5.0000,5.2421,10.0000,0.0697,0.3430,18.2520,-0.1939,-0.5305,9.6705,398,621353.9699,4597196.3795,dem_9t_1m,,0.7849,0.3160,1.7333,0.3977,632
481.4374,481.8726,482.1901,0.4352,0.7527,4.0000,5.0990,8.0000,0.0544,0.2775,7.2910,-0.1921,-0.3459,8.6541,466,622822.8667,4595695.8706,dem_9t_1m,,1.2033,0.7184,1.7324,0.4207,633
408.0342,408.4660,409.0646,0.4318,1.0304,4.0000,5.0990,8.0000,0.0540,0.4406,7.2348,-0.2361,-0.3047,10.8600,371,623687.0393,4596779.0346,dem_9t_1m,,1.2033,0.7175,1.7201,0.4256,634
482.1504,482.8270,483.5612,0.6765,1.4108,6.0000,5.8310,12.0000,0.0564,0.3651,25.5051,-0.0979,-0.4076,4.6511,485,620192.3489,4595773.5086,dem_9t_1m,,0.9374,0.3618,1.7031,0.3978,635
413.2990,414.1521,414.6707,0.8531,1.3717,5.5000,5.3852,11.0000,0.0776,0.4169,27.0258,-0.2169,-0.5956,8.9883,8,622340.0307,4595835.4294,dem_9t_1m,,0.5037,0.2466,1.6960,0.3998,636
428.7118,429.0670,429.5648,0.3552,0.8529,5.0000,5.3852,10.0000,0.0355,0.2271,9.2998,-0.0790,-0.2577,4.0535,205,620515.5128,4593254.8615,dem_9t_1m,,1.0059,0.7425,1.6877,0.4209,637
521.9162,522.3797,522.7264,0.4635,0.8102,5.0000,5.3852,10.0000,0.0464,0.3266,12.1344,-0.0869,-0.3203,5.3681,589,699052.1089,4649105.8038,dem_mk5_1m,,0.9909,0.6013,1.6788,0.4061,638
420.2993,420.8145,421.6548,0.5152,1.3555,7.0000,5.7439,14.0000,0.0368,0.6310,26.4346,-0.1136,-0.3065,5.6112,55,621371.4650,4594710.3414,dem_9t_1m,,1.0048,0.5637,1.6785,0.4114,639
478.5124,479.4176,479.8590,0.9052,1.3467,5.0000,5.3852,10.0000,0.0905,0.2335,23.6984,-0.2480,-0.6830,10.8567,82,621846.7927,4595481.1519,dem_9t_1m,,0.8429,0.4976,1.6764,0.4051,640
503.0327,503.4186,503.6621,0.3860,0.6295,4.5000,5.3852,9.0000,0.0429,0.2184,8.1845,-0.1147,-0.2942,6.5370,290,621131.8664,4597237.6554,dem_9t_1m,,1.2615,0.7341,1.6733,0.4230,641
428.4594,429.0719,429.4442,0.6125,0.9848,4.5000,5.5210,9.0000,0.0681,0.3414,12.9896,-0.1279,-0.3867,7.8851,534,620505.3576,4593125.7925,dem_9t_1m,,0.7818,0.4333,1.6658,0.4088,642
480.9600,481.7560,482.5763,0.7961,1.6163,5.0000,5.3852,10.0000,0.0796,0.5747,20.8414,-0.2664,-0.5967,10.9783,277,622653.5046,4597089.2588,dem_9t_1m,,0.7155,0.3850,1.6639,0.4074,643
403.1543,403.6572,403.9302,0.5029,0.7759,5.5000,5.3852,11.0000,0.0457,0.1674,15.9317,-0.1329,-0.3564,5.6457,207,620667.5128,4593062.5684,dem_9t_1m,,1.0424,0.5012,1.6630,0.4054,644
457.2294,458.1236,458.5739,0.8942,1.3445,5.0000,5.3852,10.0000,0.0894,0.2305,23.4100,-0.2623,-0.6940,11.9550,86,621959.8100,4595101.1518,dem_9t_1m,,0.8442,0.5281,1.6559,0.4062,645
505.0677,505.7223,507.0547,0.6546,1.9870,7.0000,5.7439,14.0000,0.0468,0.9076,33.5894,-0.1008,-0.3141,4.2414,542,699212.5770,4648017.7811,dem_mk5_1m,,1.0048,0.6882,1.6554,0.4089,646
495.5682,496.1576,496.7823,0.5894,1.2141,5.5000,5.6569,11.0000,0.0536,0.2876,18.6714,-0.1186,-0.4325,6.2915,435,620324.3662,4594479.0514,dem_9t_1m,,0.6275,0.3338,1.6532,0.3949,647
401.7446,402.4790,403.0809,0.7344,1.3363,4.5000,5.3852,9.0000,0.0816,0.4740,15.5730,-0.2383,-0.5458,12.6464,339,623647.0738,4595991.8448,dem_9t_1m,,0.7818,0.4630,1.6510,0.4132,648
483.8571,484.5167,484.9056,0.6596,1.0485,5.5000,5.3852,11.0000,0.0600,0.2979,20.8939,-0.1283,-0.4609,5.6659,384,622706.9012,4596327.2932,dem_9t_1m,,0.6746,0.3028,1.6490,0.3932,649
481.4142,481.8769,482.3519,0.4626,0.9376,6.0000,5.3852,12.0000,0.0386,0.3111,17.4414,-0.1315,-0.3211,5.9479,496,620726.4784,4597316.7675,dem_9t_1m,,0.8003,0.5151,1.6487,0.4032,650
362.4711,363.0002,363.4389,0.5291,0.9678,4.0000,5.2421,8.0000,0.0661,0.3493,8.8654,-0.1647,-0.3664,7.8242,354,622331.8149,4594068.5858,dem_9t_1m,,1.1392,0.5866,1.6450,0.4190,651
572.7925,573.3170,574.3918,0.5245,1.5993,6.0000,5.3852,12.0000,0.0437,0.7606,19.7722,-0.1351,-0.3782,6.1639,629,699978.4478,4647070.7759,dem_mk5_1m,,0.6145,0.3956,1.6366,0.4084,652
485.4002,486.0403,486.8267,0.6400,1.4265,4.5000,5.0990,9.0000,0.0711,0.4939,13.5726,-0.2314,-0.4995,9.4372,595,698193.2396,4649450.4457,dem_mk5_1m,,1.2033,0.4334,1.6311,0.4142,653
452.3793,453.1168,453.8561,0.7375,1.4767,7.0000,5.8310,14.0000,0.0527,0.5273,37.8409,-0.1413,-0.4555,6.4183,321,622083.8321,4596217.2242,dem_9t_1m,,1.0048,0.4433,1.6232,0.4031,654
473.4601,473.9984,474.2621,0.5383,0.8020,4.0000,5.0990,8.0000,0.0673,0.1671,9.0188,-0.2619,-0.4444,11.5700,171,619977.6161,4593789.6461,dem_9t_1m,,1.2033,0.7476,1.6228,0.4308,655
481.0330,481.7989,482.2255,0.7660,1.1925,4.5000,5.3852,9.0000,0.0851,0.2511,16.2428,-0.2362,-0.5986,11.9586,176,619856.0816,4593407.0253,dem_9t_1m,,0.7818,0.5524,1.6218,0.4074,656
484.2147,484.9324,485.1504,0.7177,0.9357,5.0000,5.6569,10.0000,0.0718,0.1479,18.7889,-0.1769,-0.5326,6.9778,495,620819.8404,4597242.4054,dem_9t_1m,,0.9911,0.4076,1.6100,0.4159,657
482.4939,482.9235,483.2759,0.4296,0.7820,4.0000,5.0990,8.0000,0.0537,0.2938,7.1979,-0.2192,-0.3269,10.5688,80,621586.6892,4595485.4105,dem_9t_1m,,1.2033,0.7632,1.6061,0.4237,658
495.7697,496.3271,496.6110,0.5575,0.8413,4.5000,5.0990,9.0000,0.0619,0.1616,11.8215,-0.2282,-0.4339,10.7924,393,622975.8495,4596855.0346,dem_9t_1m,,1.2033,0.6174,1.5914,0.4147,659
446.9835,447.6876,447.9074,0.7041,0.9239,4.5000,5.3852,9.0000,0.0782,0.2349,14.9310,-0.2194,-0.4936,9.8050,204,620371.7024,4593257.4822,dem_9t_1m,,0.8209,0.4797,1.5825,0.4093,660
478.9534,479.6877,480.3226,0.7343,1.3692,6.0000,5.8310,12.0000,0.0612,0.3709,27.6807,-0.0820,-0.4738,4.5305,448,622714.1081,4593397.3615,dem_9t_1m,,0.9374,0.3683,1.5713,0.3995,661
494.6764,495.2246,495.7101,0.5482,1.0336,6.5000,5.6569,13.0000,0.0422,0.3115,24.2540,-0.1082,-0.3701,5.8812,158,620210.2024,4594545.3876,dem_9t_1m,,0.6624,0.5065,1.5673,0.4039,662
429.7920,430.4997,431.0857,0.7077,1.2936,6.0000,5.8310,12.0000,0.0590,0.3983,26.6786,-0.0843,-0.4125,3.9327,326,622050.0907,4596572.0001,dem_9t_1m,,1.0281,0.3799,1.5653,0.4022,663
359.7161,360.5851,361.2240,0.8690,1.5079,6.5000,5.8310,13.0000,0.0668,0.4476,38.4476,-0.1116,-0.5548,6.5354,195,622108.7286,4594198.9652,dem_9t_1m,,0.9374,0.4682,1.5440,0.4052,664
482.0544,482.8534,483.2898,0.7990,1.2353,6.5000,5.8310,13.0000,0.0615,0.3421,35.3502,-0.1146,-0.4780,6.4816,132,619867.2196,4595743.0430,dem_9t_1m,,0.9374,0.4567,1.5434,0.4028,665
412.9724,413.5048,413.9706,0.5323,0.9981,4.5000,5.0990,9.0000,0.0591,0.3446,11.2882,-0.2043,-0.4213,8.2285,65,622342.7583,4595038.5828,dem_9t_1m,,1.2033,0.5371,1.5108,0.4061,666
481.5125,482.1387,482.7735,0.6261,1.2609,4.5000,5.3852,9.0000,0.0696,0.4958,13.2775,-0.2174,-0.4708,9.2353,127,620194.8058,4595560.5775,dem_9t_1m,,0.7818,0.3575,1.5088,0.4027,667
477.4265,478.3490,478.8587,0.9226,1.4323,6.5000,5.8310,13.0000,0.0710,0.3726,40.8186,-0.1657,-0.6204,7.2195,541,698909.8757,4648041.4866,dem_mk5_1m,,0.9374,0.4942,1.5085,0.4135,668
491.8900,492.4170,492.6814,0.5270,0.7914,5.5000,5.6569,11.0000,0.0479,0.1807,16.6935,-0.1036,-0.3426,4.8270,436,619931.5903,4594345.0686,dem_9t_1m,,1.0191,0.5254,1.4989,0.4082,669
487.9380,488.4746,488.8369,0.5367,0.8989,5.5000,5.3852,11.0000,0.0488,0.2409,16.9999,-0.1807,-0.4030,7.5722,504,620294.7196,4596151.8707,dem_9t_1m,,0.8582,0.3686,1.4902,0.4023,670
445.6899,446.4631,447.5745,0.7732,1.8846,7.0000,5.7439,14.0000,0.0552,0.7825,39.6746,-0.1582,-0.4704,6.5416,186,621510.0647,4594401.2497,dem_9t_1m,,1.0048,0.5375,1.4512,0.4075,671
465.6115,466.3938,467.0921,0.7823,1.4807,5.5000,5.5210,11.0000,0.0711,0.4293,24.7821,-0.1453,-0.5577,7.1948,474,622704.2805,4596077.1810,dem_9t_1m,,0.3727,0.1745,1.4462,0.3990,672
431.4107,431.9540,432.2495,0.5433,0.8388,4.5000,5.3852,9.0000,0.0604,0.3010,11.5218,-0.1514,-0.3708,7.3988,89,622205.3359,4595170.1087,dem_9t_1m,,0.9482,0.5119,1.4342,0.4018,673
443.7827,444.3788,444.7364,0.5961,0.9536,5.0000,5.3852,10.0000,0.0596,0.1706,15.6059,-0.1999,-0.4523,8.1019,409,620089.8144,4597282.8623,dem_9t_1m,,0.9321,0.3936,1.4048,0.4014,674
437.6178,438.2988,438.7570,0.6810,1.1393,5.0000,5.3852,10.0000,0.0681,0.2198,17.8285,-0.1806,-0.5037,8.0951,532,622314.2890,4596723.3450,dem_9t_1m,,0.8040,0.3278,1.3655,0.3979,675
441.7122,442.3488,442.7736,0.6366,1.0614,5.0000,5.3852,10.0000,0.0637,0.3333,16.6669,-0.2209,-0.4761,11.0289,252,623783.0221,4596378.3966,dem_9t_1m,,0.6150,0.3583,1.2933,0.3990,676
422.5661,423.2554,423.6941,0.6893,1.1280,5.0000,5.3852,10.0000,0.0689,0.2631,18.0466,-0.2398,-0.5457,10.6558,353,622194.5562,4594391.2583,dem_9t_1m,,0.6912,0.3882,1.2841,0.4002,677
431.1015,431.7844,432.2607,0.6829,1.1592,6.0000,5.6569,12.0000,0.0569,0.2933,25.7444,-0.1189,-0.4778,6.2198,220,623682.7807,4594899.5084,dem_9t_1m,,0.6126,0.3138,1.2773,0.3962,678
463.0603,463.6630,464.1347,0.6028,1.0745,5.0000,5.3852,10.0000,0.0603,0.2261,15.7800,-0.1796,-0.4634,8.9612,269,623164.8668,4597335.2761,dem_9t_1m,,0.7876,0.3327,1.2762,0.3974,679
477.0268,477.6400,478.2144,0.6133,1.1876,5.5000,5.5210,11.0000,0.0558,0.4022,19.4264,-0.1527,-0.4660,7.8234,316,620730.2456,4596073.0862,dem_9t_1m,,0.4261,0.2048,1.2720,0.3959,680
482.2502,482.8229,483.4996,0.5727,1.2494,4.5000,5.3852,9.0000,0.0636,0.4349,12.1444,-0.1616,-0.3825,7.5708,275,622653.5046,4597356.5692,dem_9t_1m,,0.7888,0.3912,1.2664,0.3983,681
492.0835,492.6411,493.2189,0.5576,1.1354,5.5000,5.5210,11.0000,0.0507,0.4374,17.6631,-0.1102,-0.3836,5.2402,274,622906.7288,4597224.5520,dem_9t_1m,,0.7614,0.3355,1.2589,0.3997,682
453.5426,453.9993,454.3950,0.4566,0.8523,4.5000,5.3852,9.0000,0.0507,0.2318,9.6833,-0.1688,-0.3492,7.4669,295,619878.5213,4596825.8795,dem_9t_1m,,0.9307,0.5793,1.2476,0.4070,683
485.6237,486.0913,486.5904,0.4676,0.9667,4.5000,5.3852,9.0000,0.0520,0.3366,9.9156,-0.1200,-0.3124,5.8693,514,620209.5472,4594794.0256,dem_9t_1m,,0.9173,0.6071,1.2442,0.4025,684
452.5600,453.1373,453.4839,0.5773,0.9240,5.0000,5.3852,10.0000,0.0577,0.2767,15.1137,-0.1521,-0.4214,8.4431,17,621213.0211,4595618.0338,dem_9t_1m,,0.8207,0.3852,1.1950,0.3930,685
487.1032,487.6024,488.0084,0.4992,0.9052,5.0000,5.3852,10.0000,0.0499,0.2311,13.0700,-0.1444,-0.3683,6.6193,281,621236.3664,4597346.7416,dem_9t_1m,,0.8488,0.5076,1.1695,0.3948,686
