pit_bottom_elev_m,rim_mean_elev_m,rim_max_elev_m,depth_from_rim_mean_m,depth_from_rim_max_m,rim_radius_m,effective_radius_m,diameter_m,aspect_ratio,rim_symmetry_std_m,volume_approx_m3,lrm5_depth_m,lrm11_depth_m,slope_inner_deg,original_index,tile,notes,max_zscore,mean_zscore,mahalanobis,iso_anomaly_score,anomaly_rank,PC1_depth_volume,PC2_size_vs_slope,PC3_rim_asymmetry,z_depth_from_rim_mean_m,z_depth_from_rim_max_m,z_rim_radius_m,z_effective_radius_m,z_diameter_m,z_aspect_ratio,z_rim_symmetry_std_m,z_volume_approx_m3,z_lrm5_depth_m,z_lrm11_depth_m,z_slope_inner_deg,anomaly_reason,anomaly_reason_zscore
554.0288,553.9507,554.3656,-0.0781,0.3368,1.0000,5.0990,2.0000,-0.0391,0.3821,-0.0818,0.1908,0.4145,21.3433,626,dem_mk5_1m,,3.2831,2.2858,9.2948,0.6575,1,-6.5620,-1.1940,2.5065,-2.2512,-1.6995,-3.2831,-1.2034,-3.2831,-3.1923,-0.3814,-1.4937,2.8414,2.9923,2.5229,rim_radius_m,-3.2831
421.1044,422.1282,422.6072,1.0238,1.5028,3.0000,5.0000,6.0000,0.1706,0.3517,9.6491,-0.7404,-0.8203,21.7648,197,dem_9t_1m,,4.4022,1.7440,8.7154,0.6311,2,1.7750,-6.3834,0.7781,0.9154,0.0456,-1.8538,-1.4929,-1.8538,3.3358,-0.4606,-0.9326,-4.4023,-1.2814,2.6089,lrm5_depth_m,-4.4023
410.1591,410.1268,410.7490,-0.0322,0.5900,1.0000,5.0990,2.0000,-0.0161,0.5256,-0.0337,0.1715,0.5147,26.0880,192,dem_9t_1m,,3.4906,2.2460,8.1451,0.6625,3,-5.9878,-1.6207,3.2055,-2.1193,-1.3206,-3.2831,-1.2034,-3.2831,-2.4763,-0.0079,-1.4909,2.6913,3.3390,3.4906,slope_inner_deg,3.4906
408.3147,408.3247,408.9451,0.0100,0.6304,1.0000,5.0990,2.0000,0.0050,0.5645,0.0105,0.0780,0.3528,27.3149,456,dem_9t_1m,,3.7409,2.0830,7.9269,0.6431,4,-5.2569,-2.3301,3.1549,-1.9980,-1.2601,-3.2831,-1.2034,-3.2831,-1.8194,0.0934,-1.4884,1.9640,2.7787,3.7409,slope_inner_deg,3.7409
484.4361,484.4402,485.0498,0.0041,0.6136,1.0000,5.0990,2.0000,0.0020,0.5360,0.0043,0.0936,0.5586,27.1662,379,dem_9t_1m,,3.7105,2.1615,7.8056,0.6538,5,-5.6122,-2.0821,3.2673,-2.0150,-1.2852,-3.2831,-1.2034,-3.2831,-1.9128,0.0192,-1.4887,2.0853,3.4910,3.7105,slope_inner_deg,3.7105
480.1563,480.1036,480.4738,-0.0527,0.3175,1.0000,5.0990,2.0000,-0.0264,0.4112,-0.0552,0.1678,0.3829,20.1051,225,dem_9t_1m,,3.2831,2.1896,7.7641,0.6418,6,-6.3584,-1.3257,2.3600,-2.1782,-1.7284,-3.2831,-1.2034,-3.2831,-2.7969,-0.3057,-1.4921,2.6625,2.8829,2.2704,rim_radius_m,-3.2831
435.1471,435.1070,435.2681,-0.0402,0.1210,1.0000,5.0990,2.0000,-0.0201,0.2967,-0.0421,0.2246,0.5421,19.0080,457,dem_9t_1m,,3.4338,2.2922,7.6441,0.6479,7,-6.7943,-1.1238,2.0558,-2.1423,-2.0225,-3.2831,-1.2034,-3.2831,-2.6008,-0.6037,-1.4914,3.1044,3.4339,2.0466,lrm11_depth_m,3.4339
416.4413,416.3852,416.5566,-0.0561,0.1153,1.0000,5.0495,2.0000,-0.0281,0.1937,-0.0588,0.1310,0.2930,11.1965,451,dem_9t_1m,,3.2831,2.0680,7.4311,0.6304,8,-6.7497,-1.0787,1.2192,-2.1880,-2.0311,-3.2831,-1.3482,-3.2831,-2.8499,-0.8719,-1.4923,2.3763,2.5717,0.4534,rim_radius_m,-3.2831
573.2504,574.8685,578.1609,1.6182,4.9106,7.0000,5.8310,14.0000,0.1156,2.4693,83.0323,-0.0852,-0.4860,22.6230,575,dem_mk5_1m,,5.1461,2.2084,7.3430,0.6667,9,6.8517,1.8069,4.7284,2.6236,5.1461,1.0048,0.9375,1.0048,1.6236,5.0519,3.2982,0.6945,-0.1244,2.7839,depth_from_rim_max_m,5.1461
430.8343,430.9247,432.4814,0.0904,1.6471,7.0000,5.3852,14.0000,0.0065,0.7778,4.6399,0.0152,0.1317,18.9826,238,dem_9t_1m,,2.0414,1.2344,7.1020,0.5525,10,-1.8471,1.8997,2.4098,-1.7670,0.2616,1.0048,-0.3664,1.0048,-1.7728,0.6486,-1.2214,1.4755,2.0135,2.0414,slope_inner_deg,2.0414
568.9606,569.5204,571.4287,0.5598,2.4681,7.0000,5.3852,14.0000,0.0400,1.4483,28.7256,-0.0126,-0.0760,24.5006,608,dem_mk5_1m,,3.1669,1.2088,6.9397,0.5248,11,0.9058,1.4633,3.7530,-0.4180,1.4904,1.0048,-0.3664,1.0048,-0.7299,2.3940,0.1672,1.2592,1.2946,3.1669,slope_inner_deg,3.1669
452.4816,452.4521,452.9019,-0.0295,0.4203,1.0000,5.0990,2.0000,-0.0148,0.4062,-0.0309,0.1693,0.4609,20.0146,261,dem_9t_1m,,3.2831,2.1617,6.9383,0.6376,12,-6.2640,-1.3581,2.4035,-2.1115,-1.5746,-3.2831,-1.2034,-3.2831,-2.4358,-0.3187,-1.4907,2.6742,3.1528,2.2519,rim_radius_m,-3.2831
478.3503,480.0850,480.4668,1.7347,2.1164,7.0000,6.0828,14.0000,0.1239,0.2756,89.0111,-0.1033,-0.8013,4.7787,90,dem_9t_1m,,3.6430,1.4922,6.8238,0.5721,13,4.4860,0.9377,-2.5947,2.9583,0.9640,1.0048,1.6739,1.0048,1.8820,-0.6587,3.6430,0.5537,-1.2156,-0.8556,volume_approx_m3,3.6430
549.3895,549.5706,551.5026,0.1812,2.1132,7.0000,5.0495,14.0000,0.0129,1.4046,9.2954,-0.0125,0.0937,21.4139,557,dem_mk5_1m,,2.5373,1.4826,6.7234,0.5688,14,-0.9646,1.6937,4.2085,-1.5060,0.9592,1.0048,-1.3482,1.0048,-1.5735,2.2803,-0.9530,1.2600,1.8820,2.5373,slope_inner_deg,2.5373
554.3181,554.9720,556.7870,0.6539,2.4689,7.0000,5.7439,14.0000,0.0467,1.1457,33.5549,0.1268,-0.0298,17.0155,627,dem_mk5_1m,,2.3434,1.1220,6.6815,0.5205,15,0.6285,2.5609,2.1502,-0.1476,1.4916,1.0048,0.6827,1.0048,-0.5213,1.6063,0.4456,2.3436,1.4545,1.6402,lrm5_depth_m,2.3436
436.5246,437.3387,437.9764,0.8141,1.4518,3.5000,5.0495,7.0000,0.1163,0.4373,10.4429,-0.5671,-0.4840,19.4604,351,dem_9t_1m,,3.0545,1.1605,6.5773,0.5456,16,0.3919,-4.3755,1.2006,0.3128,-0.0307,-1.4965,-1.3482,-1.4965,1.6454,-0.2377,-0.8869,-3.0542,-0.1175,2.1389,lrm5_depth_m,-3.0542
478.4638,479.6771,480.1212,1.2133,1.6574,3.5000,5.0000,7.0000,0.1733,0.3764,15.5650,-0.6208,-0.8881,22.6632,330,dem_9t_1m,,3.4723,1.6739,6.4625,0.6151,17,2.3386,-5.8922,0.7261,1.4600,0.2770,-1.4965,-1.4929,-1.4965,3.4198,-0.3963,-0.5916,-3.4719,-1.5160,2.7921,lrm5_depth_m,-3.4719
457.3885,458.4867,459.5957,1.0982,2.2073,4.5000,5.0990,9.0000,0.1220,0.5230,23.2883,-0.6622,-0.9366,18.8317,499,dem_9t_1m,,3.7942,1.3154,6.4132,0.5434,18,2.6785,-4.2724,1.0170,1.1292,1.1001,-0.7818,-1.2034,-0.7818,1.8228,-0.0147,-0.1463,-3.7940,-1.6839,2.0107,lrm5_depth_m,-3.7940
456.4511,458.4260,460.0983,1.9749,3.6472,7.0000,5.8310,14.0000,0.1411,1.2946,101.3350,-0.3038,-1.0235,11.7299,241,dem_9t_1m,,4.3535,2.0152,6.3533,0.6577,19,7.3796,0.1693,0.4345,3.6486,3.2552,1.0048,0.9375,1.0048,2.4174,1.9939,4.3535,-1.0060,-1.9847,0.5622,volume_approx_m3,4.3535
571.6695,573.1904,575.4685,1.5209,3.7990,7.0000,5.8310,14.0000,0.1086,1.6785,78.0401,-0.1450,-0.4955,15.2955,614,dem_mk5_1m,,3.4824,1.6236,6.1039,0.5848,20,5.4071,1.4893,2.3196,2.3439,3.4824,1.0048,0.9375,1.0048,1.4057,2.9933,3.0104,0.2293,-0.1573,1.2894,depth_from_rim_max_m,3.4824
487.3906,487.6916,487.9792,0.3010,0.5886,3.0000,4.2426,6.0000,0.0502,0.1319,2.8368,-0.2041,-0.0986,8.5885,210,dem_9t_1m,,3.7081,1.2906,5.8682,0.5228,21,-3.8214,-2.8164,1.2503,-1.1618,-1.3227,-1.8538,-3.7081,-1.8538,-0.4123,-1.0327,-1.3254,-0.2304,1.2164,-0.0785,effective_radius_m,-3.7081
562.2944,563.0709,565.5363,0.7764,3.2419,7.0000,5.2421,14.0000,0.0555,1.8021,39.8406,-0.0944,-0.1508,23.8214,682,dem_mk5_1m,,3.3150,1.3370,5.8382,0.5689,22,2.3435,1.2730,4.6455,0.2044,2.6486,1.0048,-0.7849,1.0048,-0.2474,3.3150,0.8080,0.6229,1.0358,3.0283,rim_symmetry_std_m,3.3150
558.8047,558.8462,558.8765,0.0414,0.0718,1.0000,5.0990,2.0000,0.0207,0.1025,0.0434,0.0130,0.1414,7.0194,602,dem_mk5_1m,,3.2831,1.7821,5.8155,0.6029,23,-5.9156,-1.8169,0.2968,-1.9078,-2.0962,-3.2831,-1.2034,-3.2831,-1.3307,-1.1093,-1.4865,1.4583,2.0471,-0.3985,rim_radius_m,-3.2831
438.4624,438.4623,438.5234,-0.0001,0.0610,1.0000,5.0990,2.0000,-0.0001,0.0693,-0.0001,0.1166,0.4236,8.6737,273,dem_9t_1m,,3.2831,1.9927,5.7905,0.6147,24,-6.6947,-1.1766,0.6831,-2.0270,-2.1123,-3.2831,-1.2034,-3.2831,-1.9782,-1.1957,-1.4890,2.2642,3.0237,-0.0611,rim_radius_m,-3.2831
544.7051,545.0609,547.1589,0.3558,2.4537,7.0000,5.0990,14.0000,0.0254,1.8583,18.2557,-0.1401,-0.0250,20.8117,661,dem_mk5_1m,,3.4613,1.3564,5.7299,0.5595,25,0.3928,1.5339,4.7996,-1.0043,1.4689,1.0048,-1.2034,1.0048,-1.1844,3.4613,-0.4364,0.2674,1.4711,2.4145,rim_symmetry_std_m,3.4613
522.7094,522.7057,522.7722,-0.0037,0.0627,1.0000,5.0990,2.0000,-0.0019,0.1040,-0.0039,0.1401,0.4359,10.5715,639,dem_mk5_1m,,3.2831,2.0349,5.7094,0.6160,26,-6.6935,-1.1918,0.8991,-2.0374,-2.1098,-3.2831,-1.2034,-3.2831,-2.0342,-1.1054,-1.4892,2.4470,3.0663,0.3259,rim_radius_m,-3.2831
409.2830,409.3237,409.3994,0.0407,0.1165,1.0000,5.0000,2.0000,0.0204,0.1670,0.0427,0.0260,0.3630,10.4153,462,dem_9t_1m,,3.2831,1.8577,5.6452,0.6163,27,-6.0956,-1.8806,0.9870,-1.9098,-2.0293,-3.2831,-1.4929,-3.2831,-1.3400,-0.9414,-1.4865,1.5595,2.8140,0.2941,rim_radius_m,-3.2831
387.2160,389.0773,390.2218,1.8613,3.0058,7.0000,5.8310,14.0000,0.1330,1.1238,95.5097,-0.2996,-1.0176,14.6375,43,dem_9t_1m,,4.0176,1.8534,5.4946,0.6226,28,6.6724,-0.1775,0.1181,3.3222,2.2952,1.0048,0.9375,1.0048,2.1653,1.5493,4.0176,-0.9733,-1.9642,1.1552,volume_approx_m3,4.0176
469.5421,469.6686,469.8807,0.1265,0.3387,2.0000,5.6569,4.0000,0.0316,0.1120,0.5300,-0.0967,0.0128,3.8747,539,dem_mk5_1m,,2.5685,1.4277,5.4325,0.5651,29,-4.6333,-0.9688,-0.7184,-1.6632,-1.6967,-2.5685,0.4283,-2.5685,-0.9914,-1.0845,-1.4584,0.6050,1.6020,-1.0399,rim_radius_m,-2.5685
458.3123,458.4492,459.7383,0.1368,1.4260,7.0000,5.0990,14.0000,0.0098,1.2661,7.0217,-0.0870,0.1362,6.0142,199,dem_9t_1m,,2.0290,1.1730,5.3812,0.5199,30,-1.9698,2.4900,2.4632,-1.6336,-0.0693,1.0048,-1.2034,1.0048,-1.6700,1.9197,-1.0841,0.6805,2.0291,-0.6036,lrm11_depth_m,2.0291
520.7002,520.7172,520.7579,0.0170,0.0577,1.0000,5.0990,2.0000,0.0085,0.0524,0.0178,0.0119,0.1763,4.3604,636,dem_mk5_1m,,3.2831,1.8965,5.3050,0.6056,31,-6.2347,-1.4951,0.1027,-1.9779,-2.1173,-3.2831,-1.2034,-3.2831,-1.7105,-1.2397,-1.4879,1.4498,2.1678,-0.9409,rim_radius_m,-3.2831
473.8301,474.7844,475.4543,0.9543,1.6242,7.0000,6.4031,14.0000,0.0682,0.2111,48.9653,-0.0585,-0.3258,1.6092,581,dem_mk5_1m,,2.6109,0.9732,5.2572,0.4962,32,1.1251,2.5334,-2.4073,0.7157,0.2273,1.0048,2.6107,1.0048,0.1480,-0.8266,1.3341,0.9022,0.4301,-1.5020,effective_radius_m,2.6107
413.2109,414.6375,415.6088,1.4265,2.3978,4.0000,5.0990,8.0000,0.1783,0.5064,23.9015,-0.5468,-1.1389,22.2098,188,dem_9t_1m,,3.5760,1.6967,5.2166,0.6348,33,3.7047,-5.3227,0.7918,2.0727,1.3852,-1.1392,-1.2034,-1.1392,3.5755,-0.0579,-0.1109,-2.8963,-2.3841,2.6996,aspect_ratio,3.5755
542.9009,543.6899,545.4216,0.7890,2.5208,7.0000,5.8310,14.0000,0.0564,1.6845,40.4858,0.0536,-0.1077,9.4054,679,dem_mk5_1m,,3.0089,1.0799,5.2123,0.5168,34,1.3679,3.1772,2.2117,0.2406,1.5693,1.0048,0.9375,1.0048,-0.2193,3.0089,0.8452,1.7742,1.1849,0.0881,rim_symmetry_std_m,3.0089
476.6844,477.6216,477.8115,0.9371,1.1271,3.5000,5.3852,7.0000,0.1339,0.1225,12.0217,-0.5430,-0.8134,19.7604,503,dem_9t_1m,,2.8665,1.3557,5.2054,0.5513,35,0.9500,-4.7618,-0.3314,0.6662,-0.5167,-1.4965,-0.3664,-1.4965,2.1933,-1.0572,-0.7958,-2.8667,-1.2575,2.2001,lrm5_depth_m,-2.8667
605.1219,605.1198,605.1963,-0.0021,0.0744,1.0000,5.0990,2.0000,-0.0011,0.1070,-0.0022,0.0645,0.2992,9.6757,662,dem_mk5_1m,,3.2831,1.9168,5.1866,0.6091,36,-6.3892,-1.4742,0.7431,-2.0328,-2.0923,-3.2831,-1.2034,-3.2831,-2.0093,-1.0976,-1.4891,1.8590,2.5932,0.1432,rim_radius_m,-3.2831
510.7459,511.7962,514.3421,1.0503,3.5962,7.0000,5.3852,14.0000,0.0750,1.4884,53.8933,-0.3863,-0.6728,15.7492,671,dem_mk5_1m,,3.1788,1.3476,5.1181,0.5524,37,4.2327,0.3374,2.8827,0.9915,3.1788,1.0048,-0.3664,1.0048,0.3597,2.4984,1.6182,-1.6478,-0.7709,1.3820,depth_from_rim_max_m,3.1788
505.3510,506.6943,508.6374,1.3432,3.2863,7.0000,5.7439,14.0000,0.0959,1.5602,68.9248,-0.1626,-0.4966,22.7311,672,dem_mk5_1m,,2.8060,1.4984,5.1132,0.5814,38,4.7649,0.7634,2.6800,1.8333,2.7150,1.0048,0.6827,1.0048,1.0103,2.6853,2.4849,0.0924,-0.1611,2.8060,slope_inner_deg,2.8060
540.8144,541.5211,544.0894,0.7067,3.2750,7.0000,5.8310,14.0000,0.0505,1.4828,36.2640,-0.1201,-0.4502,5.3585,676,dem_mk5_1m,,2.6981,0.9363,5.0445,0.4851,39,2.0510,2.7477,1.8547,0.0041,2.6981,1.0048,0.9375,1.0048,-0.4030,2.4839,0.6018,0.4230,-0.0005,-0.7373,depth_from_rim_max_m,2.6981
487.9693,487.9756,488.0061,0.0063,0.0368,1.0000,5.0990,2.0000,0.0031,0.0588,0.0066,0.0825,0.2533,7.0261,648,dem_mk5_1m,,3.2831,1.9406,5.0058,0.6093,40,-6.4506,-1.3535,0.3789,-2.0087,-2.1486,-3.2831,-1.2034,-3.2831,-1.8786,-1.2230,-1.4886,1.9990,2.4343,-0.3972,rim_radius_m,-3.2831
470.8595,472.1743,473.1286,1.3148,2.2692,4.0000,5.0990,8.0000,0.1643,0.7372,22.0295,-0.6360,-1.0305,20.8802,467,dem_9t_1m,,3.5903,1.6688,4.9987,0.6164,41,3.4239,-5.0912,1.2358,1.7517,1.1927,-1.1392,-1.2034,-1.1392,3.1397,0.5429,-0.2189,-3.5902,-2.0089,2.4285,lrm5_depth_m,-3.5902
408.3300,409.1096,409.5901,0.7796,1.2601,3.5000,5.3852,7.0000,0.1114,0.3521,10.0009,-0.2892,-0.6362,13.8090,372,dem_9t_1m,,1.4965,0.8434,4.9434,0.4750,42,-0.2358,-2.9578,-0.0305,0.2136,-0.3176,-1.4965,-0.3664,-1.4965,1.4928,-0.4595,-0.9124,-0.8924,-0.6442,0.9862,rim_radius_m,-1.4965
455.7232,457.1702,458.1729,1.4470,2.4497,7.0000,5.3852,14.0000,0.1034,0.8415,74.2506,-0.4409,-1.0998,17.4054,429,dem_9t_1m,,2.7919,1.5328,4.9188,0.5854,43,5.1983,-1.2971,0.4913,2.1316,1.4629,1.0048,-0.3664,1.0048,1.2438,0.8145,2.7919,-2.0725,-2.2487,1.7198,volume_approx_m3,2.7919
413.4873,414.6702,416.2482,1.1829,2.7609,6.5000,5.6569,13.0000,0.0910,1.3736,52.3346,-0.3521,-0.9221,15.0093,452,dem_9t_1m,,2.1995,1.2596,4.9115,0.5365,44,4.1579,-0.2030,1.5148,1.3726,1.9286,0.6475,0.4283,0.6475,0.8578,2.1996,1.5284,-1.3817,-1.6337,1.2311,rim_symmetry_std_m,2.1996
496.0118,496.1405,496.2914,0.1287,0.2796,3.0000,4.4721,6.0000,0.0215,0.0679,1.2132,-0.0943,-0.0621,3.6406,163,dem_9t_1m,,3.0369,1.5606,4.8718,0.5441,45,-4.8737,-1.6076,0.5367,-1.6569,-1.7851,-1.8538,-3.0369,-1.8538,-1.3058,-1.1993,-1.4190,0.6237,1.3427,-1.0877,effective_radius_m,-3.0369
628.5958,629.7854,631.7034,1.1896,3.1077,7.0000,5.8310,14.0000,0.0850,1.7515,61.0434,-0.0543,-0.4733,7.8851,605,dem_mk5_1m,,3.1833,1.2644,4.8705,0.5264,46,3.5803,2.4912,1.8443,1.3919,2.4477,1.0048,0.9375,1.0048,0.6710,3.1833,2.0305,0.9348,-0.0804,-0.2220,rim_symmetry_std_m,3.1833
544.8980,545.2516,546.2845,0.3536,1.3865,7.0000,5.3852,14.0000,0.0253,0.9702,18.1461,-0.0163,-0.0043,15.0870,563,dem_mk5_1m,,1.5427,0.9378,4.8555,0.4765,47,-0.9810,1.8334,1.9020,-1.0106,-0.1284,1.0048,-0.3664,1.0048,-1.1875,1.1495,-0.4427,1.2304,1.5428,1.2469,lrm11_depth_m,1.5428
483.4205,484.9534,485.5653,1.5328,2.1448,7.0000,5.8310,14.0000,0.1095,0.2601,78.6540,-0.3453,-1.0052,18.6665,130,dem_9t_1m,,3.0458,1.5216,4.8068,0.5611,48,4.9512,-1.0746,-1.1564,2.3781,1.0065,1.0048,0.9375,1.0048,1.4337,-0.6990,3.0458,-1.3288,-1.9213,1.9770,volume_approx_m3,3.0458
478.6954,479.9958,480.8770,1.3004,2.1816,7.0000,5.8310,14.0000,0.0929,0.4369,66.7262,-0.3964,-1.0005,17.7953,115,dem_9t_1m,,2.3581,1.3330,4.7694,0.5196,49,4.4048,-0.8476,-0.6400,1.7103,1.0616,1.0048,0.9375,1.0048,0.9169,-0.2388,2.3581,-1.7263,-1.9051,1.7993,volume_approx_m3,2.3581
574.9883,575.9842,578.8066,0.9959,3.8184,7.0000,5.3852,14.0000,0.0711,2.1711,51.1028,-0.1777,-0.4771,15.8090,607,dem_mk5_1m,,4.2755,1.2916,4.7613,0.5508,50,3.8902,1.6592,4.3376,0.8352,3.5114,1.0048,-0.3664,1.0048,0.2383,4.2756,1.4574,-0.0251,-0.0936,1.3942,rim_symmetry_std_m,4.2756
610.6443,610.6674,610.7403,0.0231,0.0960,2.0000,5.0000,4.0000,0.0058,0.0486,0.0969,-0.0146,0.1523,2.7413,600,dem_mk5_1m,,2.5685,1.7980,4.7601,0.5860,51,-5.8762,-0.9855,0.0368,-1.9604,-2.0599,-2.5685,-1.4929,-2.5685,-1.7945,-1.2496,-1.4834,1.2437,2.0848,-1.2711,rim_radius_m,-2.5685
483.8347,484.1517,485.7274,0.3169,1.8926,7.0000,5.3852,14.0000,0.0226,1.1616,16.2623,0.0341,0.0482,13.9879,476,dem_9t_1m,,1.7247,1.0873,4.7224,0.5017,52,-0.9195,2.3683,2.5081,-1.1161,0.6290,1.0048,-0.3664,1.0048,-1.2715,1.6477,-0.5514,1.6225,1.7245,1.0227,lrm11_depth_m,1.7245
465.6011,466.4806,466.7057,0.8795,1.1046,3.5000,5.0990,7.0000,0.1256,0.2330,11.2826,-0.5715,-0.7422,17.8763,579,dem_mk5_1m,,3.0887,1.3370,4.7091,0.5321,53,0.5890,-4.7699,0.1898,0.5007,-0.5504,-1.4965,-1.2034,-1.4965,1.9349,-0.7696,-0.8385,-3.0884,-1.0111,1.8158,lrm5_depth_m,-3.0884
425.8741,427.4675,429.6003,1.5934,3.7263,7.0000,5.6569,14.0000,0.1138,1.6095,81.7624,-0.3737,-0.8755,22.6400,369,dem_9t_1m,,3.3735,1.9800,4.6873,0.6467,54,6.6453,-0.3555,2.5834,2.5523,3.3736,1.0048,0.4283,1.0048,1.5676,2.8137,3.2250,-1.5497,-1.4724,2.7874,depth_from_rim_max_m,3.3736
464.1329,464.7631,465.1444,0.6302,1.0115,3.5000,5.6569,7.0000,0.0900,0.1863,8.0842,-0.2419,-0.5048,13.0440,173,dem_9t_1m,,1.4965,0.7829,4.6420,0.4689,55,-1.0479,-2.2546,-0.5737,-0.2157,-0.6897,-1.4965,0.4283,-1.4965,0.8267,-0.8911,-1.0229,-0.5245,-0.1894,0.8302,rim_radius_m,-1.4965
465.0843,466.0768,466.5667,0.9925,1.4824,7.0000,5.6569,14.0000,0.0709,0.4700,50.9259,-0.4364,-0.7354,18.8262,388,dem_9t_1m,,2.0375,0.9222,4.6286,0.5008,56,2.7792,-0.8637,-0.1422,0.8254,0.0151,1.0048,0.4283,1.0048,0.2321,-0.1526,1.4472,-2.0375,-0.9875,2.0095,lrm5_depth_m,-2.0375
411.7048,412.8136,414.8384,1.1088,3.1336,7.0000,6.0000,14.0000,0.0792,1.1021,56.8968,-0.0596,-0.4872,3.1146,480,dem_9t_1m,,2.4865,1.1890,4.6000,0.5074,57,2.9559,2.6314,0.2819,1.1597,2.4865,1.0048,1.4317,1.0048,0.4904,1.4928,1.7914,0.8936,-0.1285,-1.1950,depth_from_rim_max_m,2.4865
558.8906,559.1610,560.2028,0.2704,1.3122,7.0000,5.3852,14.0000,0.0193,0.9365,13.8773,0.0565,0.1092,9.4252,604,dem_mk5_1m,,1.9356,0.9831,4.5904,0.5002,58,-1.7757,2.5920,1.5485,-1.2497,-0.2396,1.0048,-0.3664,1.0048,-1.3743,1.0618,-0.6889,1.7967,1.9356,0.0921,lrm11_depth_m,1.9356
517.5021,517.8420,519.4335,0.3400,1.9315,7.0000,6.0828,14.0000,0.0243,1.2065,17.4446,0.0663,0.1429,9.4993,641,dem_mk5_1m,,2.0524,1.1746,4.5696,0.5359,59,-0.8078,3.6149,1.4457,-1.0497,0.6873,1.0048,1.6739,1.0048,-1.2186,1.7646,-0.4832,1.8730,2.0522,0.1072,lrm11_depth_m,2.0522
408.6466,409.0518,410.5289,0.4052,1.8823,7.0000,5.5210,14.0000,0.0289,0.9294,20.7894,0.0074,-0.0170,14.3021,218,dem_9t_1m,,1.4988,0.9023,4.5461,0.4712,60,-0.5618,2.1244,1.8241,-0.8623,0.6136,1.0048,0.0308,1.0048,-1.0754,1.0433,-0.2904,1.4148,1.4988,1.0868,lrm11_depth_m,1.4988
417.7404,418.0414,419.9505,0.3010,2.2102,4.0000,5.0000,8.0000,0.0376,1.1772,5.0437,-0.1588,-0.1527,17.8013,533,dem_9t_1m,,1.8005,1.1526,4.5273,0.5532,61,-1.4300,-0.8932,3.5986,-1.1618,1.1044,-1.1392,-1.4929,-1.1392,-0.8046,1.6883,-1.1982,0.1219,1.0292,1.8005,slope_inner_deg,1.8005
485.6357,487.2003,487.5709,1.5646,1.9352,7.0000,5.8310,14.0000,0.1118,0.3051,80.2857,-0.3192,-1.0227,15.4102,515,dem_9t_1m,,3.1399,1.4324,4.5191,0.5461,62,4.8167,-0.8139,-1.4994,2.4695,0.6928,1.0048,0.9375,1.0048,1.5053,-0.5819,3.1399,-1.1258,-1.9819,1.3128,volume_approx_m3,3.1399
414.8961,416.0321,418.1778,1.1360,3.2817,6.5000,5.3852,13.0000,0.0874,1.5299,50.2607,-0.4284,-0.8449,16.8324,244,dem_9t_1m,,2.7081,1.3920,4.4914,0.5742,63,4.3681,-0.5244,2.6822,1.2378,2.7081,0.6475,-0.3664,0.6475,0.7457,2.6065,1.4088,-1.9753,-1.3665,1.6029,depth_from_rim_max_m,2.7081
399.8871,399.9403,401.2425,0.0532,1.3554,7.0000,5.3852,14.0000,0.0038,1.1732,2.7294,0.0598,0.2307,4.9707,190,dem_9t_1m,,2.3563,1.2987,4.4614,0.5617,64,-2.6163,3.3721,1.9700,-1.8739,-0.1750,1.0048,-0.3664,1.0048,-1.8568,1.6779,-1.3316,1.8224,2.3561,-0.8164,lrm11_depth_m,2.3561
411.2856,412.5433,413.1375,1.2577,1.8518,7.0000,5.6569,14.0000,0.0898,0.6392,64.5355,-0.2798,-0.9093,13.1214,34,dem_9t_1m,,2.2318,1.0172,4.4180,0.4699,65,3.6104,-0.1612,-0.5260,1.5876,0.5680,1.0048,0.4283,1.0048,0.8204,0.2878,2.2318,-0.8193,-1.5894,0.8460,volume_approx_m3,2.2318
431.0882,431.7921,433.6466,0.7039,2.5585,7.0000,5.5210,14.0000,0.0503,1.4293,36.1184,-0.3349,-0.5458,15.1953,57,dem_9t_1m,,2.3446,0.8969,4.4144,0.4993,66,2.3456,0.8089,2.4351,-0.0039,1.6257,1.0048,0.0308,1.0048,-0.4092,2.3446,0.5934,-1.2479,-0.3313,1.2690,rim_symmetry_std_m,2.3446
458.2808,459.5600,461.1547,1.2792,2.8739,7.0000,5.3852,14.0000,0.0914,1.2409,65.6379,-0.2625,-0.8822,11.8518,509,dem_9t_1m,,2.2954,1.2645,4.3584,0.5079,67,4.3079,0.3111,1.3166,1.6493,2.0978,1.0048,-0.3664,1.0048,0.8702,1.8541,2.2954,-0.6847,-1.4956,0.5871,volume_approx_m3,2.2954
517.1874,518.7596,520.2311,1.5722,3.0437,5.0000,5.0990,10.0000,0.1572,1.0316,41.1602,-0.4888,-1.2325,20.2338,578,dem_mk5_1m,,2.9193,1.7689,4.3440,0.6548,68,5.0077,-3.7737,1.6663,2.4914,2.3519,-0.4245,-1.2034,-0.4245,2.9186,1.3093,0.8841,-2.4451,-2.7080,2.2966,aspect_ratio,2.9186
430.7402,432.0974,434.0065,1.3572,3.2663,7.0000,6.0000,14.0000,0.0969,1.3805,69.6420,-0.1737,-0.5916,8.8655,56,dem_9t_1m,,2.6851,1.3004,4.3041,0.5396,69,4.4888,1.7924,0.9238,1.8735,2.6851,1.0048,1.4317,1.0048,1.0415,2.2175,2.5262,0.0060,-0.4899,-0.0220,depth_from_rim_max_m,2.6851
445.7343,446.5757,448.2294,0.8414,2.4951,7.0000,6.3246,14.0000,0.0601,1.0992,43.1745,-0.0411,-0.2251,2.8842,365,dem_9t_1m,,2.3811,1.0873,4.2530,0.5069,70,1.5556,3.3506,-0.0197,0.3912,1.5308,1.0048,2.3811,1.0048,-0.1042,1.4853,1.0003,1.0375,0.7786,-1.2419,effective_radius_m,2.3811
426.1351,427.5322,428.6227,1.3972,2.4876,7.0000,5.7439,14.0000,0.0998,1.0997,71.6918,-0.2787,-0.8116,17.7317,255,dem_9t_1m,,2.6444,1.3919,4.2205,0.5337,71,4.7037,0.0002,0.7791,1.9885,1.5196,1.0048,0.6827,1.0048,1.1317,1.4866,2.6444,-0.8108,-1.2513,1.7863,volume_approx_m3,2.6444
477.0452,477.5713,479.5414,0.5261,2.4962,7.0000,5.8310,14.0000,0.0376,1.6547,26.9952,-0.0681,-0.1545,3.0878,593,dem_mk5_1m,,2.9313,1.0772,4.2195,0.4809,72,0.5998,3.4246,1.9451,-0.5149,1.5325,1.0048,0.9375,1.0048,-0.8046,2.9313,0.0674,0.8275,1.0229,-1.2004,rim_symmetry_std_m,2.9313
477.5468,478.7848,479.0157,1.2380,1.4690,7.0000,5.7439,14.0000,0.0884,0.1592,63.5254,-0.3095,-0.9195,13.9075,522,dem_9t_1m,,2.1736,1.0748,4.2138,0.4899,73,3.2318,-0.6030,-1.5842,1.5310,-0.0050,1.0048,0.6827,1.0048,0.7768,-0.9617,2.1736,-1.0503,-1.6247,1.0063,volume_approx_m3,2.1736
467.0087,468.2072,468.7646,1.1985,1.7559,5.0000,5.3852,10.0000,0.1199,0.3883,31.3779,-0.5414,-0.9920,21.9462,64,dem_9t_1m,,2.8544,1.1704,4.1855,0.5342,74,2.9173,-3.7585,0.2134,1.4174,0.4244,-0.4245,-0.3664,-0.4245,1.7575,-0.3653,0.3201,-2.8543,-1.8756,2.6459,lrm5_depth_m,-2.8543
523.9162,524.0970,526.4427,0.1808,2.5266,7.0000,5.0990,14.0000,0.0129,1.6085,9.2798,-0.1018,-0.0092,6.0705,650,dem_mk5_1m,,2.8111,1.3017,4.1849,0.5278,75,-0.8390,2.7300,3.5187,-1.5072,1.5780,1.0048,-1.2034,1.0048,-1.5735,2.8111,-0.9539,0.5653,1.5258,-0.5921,rim_symmetry_std_m,2.8111
546.8680,547.7869,549.2739,0.9189,2.4059,4.5000,5.0495,9.0000,0.1021,0.7361,19.4869,-0.2865,-0.7087,16.9612,681,dem_mk5_1m,,1.6292,0.9480,4.1844,0.5013,76,1.2988,-2.4397,1.7203,0.6139,1.3973,-0.7818,-1.3482,-0.7818,1.2033,0.5401,-0.3654,-0.8714,-0.8951,1.6292,slope_inner_deg,1.6292
401.0568,401.9229,402.1561,0.8661,1.0992,3.5000,5.0000,7.0000,0.1237,0.2027,11.1107,-0.3973,-0.6493,15.3939,246,dem_9t_1m,,1.8768,1.1648,4.1735,0.5079,77,-0.0530,-4.0909,0.1325,0.4622,-0.5584,-1.4965,-1.4929,-1.4965,1.8758,-0.8484,-0.8484,-1.7333,-0.6896,1.3095,aspect_ratio,1.8758
475.7724,476.9598,477.2679,1.1874,1.4955,5.5000,6.0828,11.0000,0.1079,0.3904,37.6154,-0.0902,-0.7018,3.3612,45,dem_9t_1m,,1.6739,0.7568,4.1715,0.4951,78,1.4323,0.3124,-2.0567,1.3855,0.0347,-0.0672,1.6739,-0.0672,1.3839,-0.3598,0.6797,0.6556,-0.8713,-1.1447,effective_radius_m,1.6739
456.7004,458.3513,458.5880,1.6508,1.8875,5.5000,5.8310,11.0000,0.1501,0.1946,52.2951,-0.2974,-1.1344,12.0543,259,dem_9t_1m,,2.7174,1.2233,4.1207,0.5659,79,3.9866,-2.1531,-1.9954,2.7172,0.6214,-0.0672,0.9375,-0.0672,2.6976,-0.8695,1.5261,-0.9562,-2.3685,0.6284,depth_from_rim_mean_m,2.7172
420.1105,420.2901,421.1434,0.1795,1.0328,7.0000,5.0000,14.0000,0.0128,0.7898,9.2124,-0.0707,-0.0594,3.3727,463,dem_9t_1m,,1.5759,1.1079,4.1195,0.4938,80,-2.2216,2.0312,1.1554,-1.5109,-0.6578,1.0048,-1.4929,1.0048,-1.5766,0.6799,-0.9578,0.8073,1.3521,-1.1423,aspect_ratio,-1.5766
483.5341,485.0515,485.3699,1.5175,1.8358,6.5000,5.8310,13.0000,0.1167,0.1391,67.1385,-0.4371,-1.1025,19.4038,118,dem_9t_1m,,2.3819,1.5085,4.0850,0.5961,81,4.6412,-2.0567,-1.4666,2.3342,0.5440,0.6475,0.9375,0.6475,1.6578,-1.0140,2.3819,-2.0429,-2.2581,2.1273,volume_approx_m3,2.3819
448.3508,449.8368,450.8350,1.4860,2.4841,5.5000,5.0990,11.0000,0.1351,0.6477,47.0719,-0.5518,-1.2217,21.1292,410,dem_9t_1m,,2.9349,1.5405,4.0848,0.6228,82,4.6437,-3.7961,0.8534,2.2436,1.5144,-0.0672,-1.2034,-0.0672,2.2306,0.3100,1.2250,-2.9352,-2.6706,2.4792,lrm5_depth_m,-2.9352
566.1187,566.2610,568.1526,0.1423,2.0339,7.0000,5.0990,14.0000,0.0102,1.2679,7.3004,0.0029,0.0847,7.0963,560,dem_mk5_1m,,1.9245,1.2669,4.0580,0.5296,83,-1.6872,2.7533,2.8355,-1.6178,0.8405,1.0048,-1.2034,1.0048,-1.6576,1.9244,-1.0681,1.3798,1.8508,-0.3829,rim_symmetry_std_m,1.9244
502.2754,502.2889,502.4891,0.0135,0.2137,2.5000,5.0990,5.0000,0.0027,0.1215,0.0885,-0.0009,0.0412,3.8782,279,dem_9t_1m,,2.2111,1.6383,4.0429,0.5542,84,-5.4272,-0.6334,0.0744,-1.9880,-1.8838,-2.2111,-1.2034,-2.2111,-1.8910,-1.0598,-1.4839,1.3502,1.7003,-1.0392,rim_radius_m,-2.2111
424.2006,425.2156,425.6042,1.0150,1.4036,4.0000,5.3852,8.0000,0.1269,0.2333,17.0072,-0.2792,-0.7616,15.4272,338,dem_9t_1m,,1.9748,0.9181,4.0316,0.4732,85,0.7647,-3.1345,-0.3877,0.8901,-0.1028,-1.1392,-0.3664,-1.1392,1.9754,-0.7688,-0.5084,-0.8146,-1.0782,1.3163,aspect_ratio,1.9754
566.5390,566.6646,568.3925,0.1256,1.8535,7.0000,5.0990,14.0000,0.0090,1.2225,6.4454,-0.0437,0.0637,10.8774,561,dem_mk5_1m,,1.8061,1.2048,4.0095,0.5181,86,-1.6149,2.2675,2.9462,-1.6658,0.5705,1.0048,-1.2034,1.0048,-1.6949,1.8063,-1.1173,1.0173,1.7781,0.3883,rim_symmetry_std_m,1.8063
546.2200,546.6249,547.7011,0.4049,1.4811,7.0000,6.0000,14.0000,0.0289,0.8862,20.7769,-0.0465,0.0062,3.7070,544,dem_mk5_1m,,1.5792,0.9330,4.0032,0.4483,87,-0.8699,3.1447,0.1595,-0.8632,0.0131,1.0048,1.4317,1.0048,-1.0754,0.9308,-0.2911,0.9955,1.5791,-1.0741,lrm11_depth_m,1.5791
453.8769,455.1063,456.9156,1.2294,3.0388,7.0000,5.6569,14.0000,0.0878,1.0152,63.0838,-0.2984,-0.8443,11.7612,0,dem_9t_1m,,2.3445,1.2145,3.9980,0.5048,88,4.2764,0.4519,0.7799,1.5062,2.3446,1.0048,0.4283,1.0048,0.7582,1.2666,2.1481,-0.9640,-1.3644,0.5686,depth_from_rim_max_m,2.3446
568.9125,569.8038,572.0036,0.8912,3.0911,7.0000,5.9155,14.0000,0.0637,1.5249,45.7317,-0.0274,-0.2440,5.0323,556,dem_mk5_1m,,2.5935,1.1418,3.9932,0.5193,89,2.1334,3.1549,1.6394,0.5343,2.4229,1.0048,1.1846,1.0048,0.0079,2.5934,1.1477,1.1441,0.7132,-0.8038,rim_symmetry_std_m,2.5934
418.1027,418.8920,419.4560,0.7893,1.3533,3.5000,5.3852,7.0000,0.1128,0.3418,10.1254,-0.3694,-0.5489,14.8527,363,dem_9t_1m,,1.5352,0.8875,3.9688,0.4854,90,-0.0809,-3.2007,0.1590,0.2415,-0.1781,-1.4965,-0.3664,-1.4965,1.5364,-0.4863,-0.9052,-1.5163,-0.3421,1.1991,aspect_ratio,1.5364
493.6892,494.9904,495.4474,1.3013,1.7582,7.0000,5.8310,14.0000,0.0929,0.3740,66.7716,-0.2488,-0.9000,12.3073,156,dem_9t_1m,,2.3607,1.0532,3.9596,0.4707,91,3.5415,-0.0497,-1.3480,1.7129,0.4279,1.0048,0.9375,1.0048,0.9169,-0.4025,2.3607,-0.5782,-1.5572,0.6800,volume_approx_m3,2.3607
492.7733,494.0114,494.6044,1.2380,1.8311,7.0000,5.6569,14.0000,0.0884,0.3685,63.5270,-0.3942,-0.9394,14.9716,91,dem_9t_1m,,2.1737,1.1364,3.9570,0.4914,92,3.7216,-0.8276,-0.8348,1.5310,0.5370,1.0048,0.4283,1.0048,0.7768,-0.4168,2.1737,-1.7092,-1.6936,1.2234,volume_approx_m3,2.1737
445.9937,446.7325,446.9125,0.7387,0.9188,3.5000,5.0000,7.0000,0.1055,0.1592,9.4767,-0.2968,-0.4879,15.3287,265,dem_9t_1m,,1.4965,1.0004,3.9519,0.4867,93,-0.9452,-3.4825,0.2132,0.0961,-0.8285,-1.4965,-1.4929,-1.4965,1.3092,-0.9617,-0.9426,-0.9516,-0.1309,1.2962,rim_radius_m,-1.4965
399.2753,400.6711,402.1171,1.3959,2.8418,7.0000,5.8310,14.0000,0.0997,0.9128,71.6260,-0.3576,-0.9568,15.4088,361,dem_9t_1m,,2.6406,1.4765,3.9437,0.5406,94,5.0950,-0.1495,0.2888,1.9847,2.0497,1.0048,0.9375,1.0048,1.1286,1.0001,2.6406,-1.4245,-1.7538,1.3125,volume_approx_m3,2.6406
480.0096,481.2620,481.8364,1.2523,1.8268,6.0000,5.6569,12.0000,0.1044,0.2433,47.2125,-0.4471,-0.9584,19.6906,137,dem_9t_1m,,2.1858,1.1297,3.9278,0.5131,95,3.3645,-2.2753,-0.6088,1.5720,0.5306,0.2901,0.4283,0.2901,1.2749,-0.7428,1.2331,-2.1207,-1.7593,2.1858,slope_inner_deg,2.1858
469.3127,470.2198,470.4416,0.9071,1.1288,4.0000,5.0990,8.0000,0.1134,0.1410,15.1987,-0.5581,-0.7968,17.7747,673,dem_mk5_1m,,2.9845,1.2484,3.9075,0.5029,96,0.7856,-4.4035,-0.0230,0.5800,-0.5141,-1.1392,-1.2034,-1.1392,1.5551,-1.0091,-0.6127,-2.9842,-1.2001,1.7951,lrm5_depth_m,-2.9842
498.3552,498.8098,499.0696,0.4546,0.7144,3.0000,5.0000,6.0000,0.0758,0.2103,4.2847,-0.2818,-0.3513,10.6379,165,dem_9t_1m,,1.8538,1.0023,3.8857,0.4898,97,-2.3405,-2.8747,0.2743,-0.7203,-1.1344,-1.8538,-1.4929,-1.8538,0.3846,-0.8287,-1.2419,-0.8349,0.3418,0.3395,rim_radius_m,-1.8538
594.5227,595.7516,598.0635,1.2289,3.5408,7.0000,5.7439,14.0000,0.0878,1.4864,63.0604,-0.2188,-0.6802,10.6766,566,dem_mk5_1m,,3.0960,1.2891,3.8664,0.5258,98,4.4370,1.4123,1.7902,1.5048,3.0959,1.0048,0.6827,1.0048,0.7582,2.4932,2.1468,-0.3448,-0.7965,0.3474,depth_from_rim_max_m,3.0959
548.5698,548.6859,549.9073,0.1160,1.3375,7.0000,5.0990,14.0000,0.0083,0.8736,5.9537,-0.0684,0.0371,3.7390,571,dem_mk5_1m,,1.7171,1.1316,3.8422,0.5029,99,-2.2732,2.3660,1.5230,-1.6934,-0.2018,1.0048,-1.2034,1.0048,-1.7167,0.8980,-1.1457,0.8251,1.6861,-1.0676,aspect_ratio,-1.7167
474.5045,475.6154,476.6985,1.1108,2.1940,7.0000,5.6569,14.0000,0.0793,0.8469,57.0002,-0.3334,-0.8142,16.9763,414,dem_9t_1m,,1.7974,1.0849,3.8378,0.4853,100,3.5670,-0.1940,0.5542,1.1654,1.0802,1.0048,0.4283,1.0048,0.4936,0.8285,1.7974,-1.2363,-1.2603,1.6322,volume_approx_m3,1.7974
567.2759,567.4660,569.3359,0.1901,2.0601,7.0000,5.0990,14.0000,0.0136,1.4458,9.7558,-0.0438,-0.0309,3.8024,545,dem_mk5_1m,,2.3876,1.2692,3.8365,0.5103,101,-1.3127,2.8385,2.7667,-1.4805,0.8797,1.0048,-1.2034,1.0048,-1.5517,2.3875,-0.9265,1.0165,1.4507,-1.0547,rim_symmetry_std_m,2.3875
397.7628,398.5256,399.8382,0.7628,2.0754,7.0000,5.0990,14.0000,0.0545,0.6572,39.1391,-0.2544,-0.5340,11.1553,364,dem_9t_1m,,1.2033,0.6381,3.8244,0.4433,102,1.3574,0.2630,1.0176,0.1653,0.9026,1.0048,-1.2034,1.0048,-0.2785,0.3347,0.7676,-0.6217,-0.2905,0.4450,effective_radius_m,-1.2034
478.3653,479.7776,480.1160,1.4123,1.7507,5.0000,5.8310,10.0000,0.1412,0.3066,36.9729,-0.3269,-1.0658,16.0672,49,dem_9t_1m,,2.4214,1.1492,3.8221,0.5329,103,3.1599,-2.6228,-1.2503,2.0318,0.4167,-0.4245,0.9375,-0.4245,2.4205,-0.5780,0.6427,-1.1857,-2.1311,1.4468,aspect_ratio,2.4205
488.6759,489.6191,490.0450,0.9432,1.3690,6.5000,5.3852,13.0000,0.0726,0.2420,41.7313,-0.4171,-0.7554,12.9985,469,dem_9t_1m,,1.8872,0.7465,3.8048,0.4577,104,1.8136,-1.1939,-0.5985,0.6838,-0.1546,0.6475,-0.3664,0.6475,0.2850,-0.7461,0.9170,-1.8874,-1.0568,0.8209,lrm5_depth_m,-1.8874
521.4254,521.8569,524.0606,0.4315,2.6352,7.0000,5.8310,14.0000,0.0308,1.2645,22.1392,-0.0287,-0.1190,3.7840,618,dem_mk5_1m,,1.9157,1.0870,3.7865,0.4737,105,0.0876,3.3704,1.5477,-0.7867,1.7405,1.0048,0.9375,1.0048,-1.0163,1.9156,-0.2125,1.1340,1.1458,-1.0584,rim_symmetry_std_m,1.9156
418.2847,419.2811,420.3622,0.9964,2.0775,7.0000,5.8310,14.0000,0.0712,1.0833,51.1263,-0.1231,-0.5908,6.1170,38,dem_9t_1m,,1.4587,0.8456,3.7816,0.4345,106,2.2922,1.8202,0.1195,0.8367,0.9058,1.0048,0.9375,1.0048,0.2414,1.4439,1.4587,0.3996,-0.4871,-0.5826,volume_approx_m3,1.4587
467.1467,468.6298,470.0567,1.4831,2.9100,7.0000,5.7439,14.0000,0.1059,1.2016,76.0999,-0.2694,-0.8004,17.0372,529,dem_9t_1m,,2.8986,1.5134,3.7801,0.5514,107,5.1981,0.1728,1.0588,2.2353,2.1518,1.0048,0.6827,1.0048,1.3216,1.7518,2.8986,-0.7384,-1.2125,1.6447,volume_approx_m3,2.8986
546.4990,547.0719,548.6881,0.5729,2.1891,7.0000,6.0000,14.0000,0.0409,1.3949,29.3958,-0.0204,-0.1290,2.8367,686,dem_mk5_1m,,2.2550,1.0562,3.7680,0.4815,108,0.3901,3.5110,1.0628,-0.3804,1.0728,1.0048,1.4317,1.0048,-0.7019,2.2550,0.2058,1.1985,1.1112,-1.2516,rim_symmetry_std_m,2.2550
414.8270,415.2378,415.3987,0.4108,0.5717,3.0000,5.0000,6.0000,0.0685,0.0864,3.8717,-0.2166,-0.3073,8.3766,454,dem_9t_1m,,1.8538,0.9919,3.7678,0.4918,109,-2.8762,-2.4974,-0.1055,-0.8462,-1.3480,-1.8538,-1.4929,-1.8538,0.1573,-1.1512,-1.2657,-0.3277,0.4941,-0.1217,rim_radius_m,-1.8538
388.7244,388.9782,389.7111,0.2538,0.9867,7.0000,5.0990,14.0000,0.0181,0.7057,13.0223,-0.1687,-0.1546,6.5985,232,dem_9t_1m,,1.4108,0.8544,3.7568,0.4687,110,-1.5935,1.4002,0.9660,-1.2974,-0.7268,1.0048,-1.2034,1.0048,-1.4116,0.4609,-0.7382,0.0449,1.0226,-0.4844,aspect_ratio,-1.4116
471.1240,472.2633,472.4605,1.1393,1.3366,4.0000,5.0990,8.0000,0.1424,0.2205,19.0899,-0.4473,-0.8607,18.3973,300,dem_9t_1m,,2.4585,1.2770,3.7546,0.5136,111,1.4871,-4.4525,-0.0576,1.2473,-0.2031,-1.1392,-1.2034,-1.1392,2.4579,-0.8021,-0.3883,-2.1223,-1.4212,1.9221,aspect_ratio,2.4579
490.1518,491.3161,492.4325,1.1643,2.2807,5.0000,5.0990,10.0000,0.1164,0.6115,30.4823,-0.4813,-0.9476,18.3774,399,dem_9t_1m,,2.3865,1.1584,3.7520,0.5127,112,2.7933,-3.2791,1.0455,1.3192,1.2099,-0.4245,-1.2034,-0.4245,1.6485,0.2157,0.2685,-2.3868,-1.7220,1.9180,lrm5_depth_m,-2.3868
471.5875,472.8107,472.9972,1.2231,1.4096,7.0000,5.8310,14.0000,0.0874,0.1519,62.7628,-0.2944,-0.7743,12.5256,519,dem_9t_1m,,2.1296,1.0149,3.7439,0.4753,113,2.9317,-0.2459,-1.7119,1.4881,-0.0939,1.0048,0.9375,1.0048,0.7457,-0.9807,2.1296,-0.9329,-1.1222,0.7245,volume_approx_m3,2.1296
537.4768,538.0944,540.0057,0.6176,2.5289,7.0000,5.8310,14.0000,0.0441,1.1205,31.6883,-0.0244,-0.1161,10.2076,553,dem_mk5_1m,,1.5814,0.8942,3.7422,0.4584,114,0.7415,2.6502,1.5246,-0.2519,1.5814,1.0048,0.9375,1.0048,-0.6022,1.5407,0.3380,1.1674,1.1558,0.2517,depth_from_rim_max_m,1.5814
390.8528,391.4077,392.2759,0.5550,1.4231,5.0000,5.6569,10.0000,0.0555,0.8625,14.5289,-0.1803,-0.4207,8.0304,537,dem_9t_1m,,0.8690,0.3536,3.7185,0.4378,115,-0.5907,0.1713,0.5189,-0.4318,-0.0737,-0.4245,0.4283,-0.4245,-0.2474,0.8691,-0.6513,-0.0453,0.1016,-0.1923,rim_symmetry_std_m,0.8691
422.8890,423.5517,424.4521,0.6627,1.5631,7.0000,6.2037,14.0000,0.0473,0.5968,34.0028,-0.0225,-0.1508,1.9758,30,dem_9t_1m,,2.0275,0.8264,3.7134,0.4634,116,0.0137,3.0356,-1.0707,-0.1223,0.1359,1.0048,2.0275,1.0048,-0.5026,0.1775,0.4715,1.1822,1.0358,-1.4272,effective_radius_m,2.0275
451.1126,452.0225,452.4819,0.9099,1.3693,6.0000,5.6569,12.0000,0.0758,0.2473,34.3040,-0.4102,-0.7634,16.1007,10,dem_9t_1m,,1.8341,0.7027,3.7047,0.4599,117,1.6806,-1.4737,-0.6231,0.5881,-0.1542,0.2901,0.4283,0.2901,0.3846,-0.7323,0.4888,-1.8337,-1.0845,1.4536,lrm5_depth_m,-1.8337
511.4667,511.7547,513.3777,0.2879,1.9110,7.0000,5.0990,14.0000,0.0206,1.2671,14.7746,-0.0902,-0.0161,7.4019,667,dem_mk5_1m,,1.9223,1.0401,3.7021,0.4879,118,-0.9884,2.2244,2.5645,-1.1994,0.6566,1.0048,-1.2034,1.0048,-1.3338,1.9224,-0.6371,0.6556,1.5019,-0.3205,rim_symmetry_std_m,1.9224
473.1094,473.8762,474.5316,0.7668,1.4222,6.5000,5.0990,13.0000,0.0590,0.7132,33.9284,-0.3475,-0.6469,12.7846,471,dem_9t_1m,,1.3462,0.6038,3.7009,0.4569,119,1.1428,-0.6926,0.8256,0.1768,-0.0750,0.6475,-1.2034,0.6475,-0.1384,0.4805,0.4672,-1.3459,-0.6812,0.7773,lrm5_depth_m,-1.3459
505.4014,506.3137,508.1767,0.9122,2.7752,7.0000,5.7439,14.0000,0.0652,0.9712,46.8090,-0.0951,-0.5075,5.8656,643,dem_mk5_1m,,1.9501,0.8275,3.6998,0.4361,120,2.1506,2.0409,0.5808,0.5947,1.9500,1.0048,0.6827,1.0048,0.0546,1.1521,1.2098,0.6174,-0.1988,-0.6339,depth_from_rim_max_m,1.9500
437.9883,438.9222,439.5856,0.9339,1.5973,7.0000,5.6569,14.0000,0.0667,0.7064,47.9209,-0.2734,-0.5201,9.4213,327,dem_9t_1m,,1.2739,0.5657,3.6890,0.4256,121,1.8725,0.7202,-0.1736,0.6570,0.1871,1.0048,0.4283,1.0048,0.1013,0.4628,1.2739,-0.7695,-0.2424,0.0913,volume_approx_m3,1.2739
432.8820,434.2484,435.0162,1.3665,2.1342,7.0000,5.6569,14.0000,0.0976,0.5586,70.1165,-0.2420,-0.8918,10.1844,362,dem_9t_1m,,2.5536,1.0295,3.6880,0.4854,122,3.8657,0.0976,-0.8259,1.9002,0.9907,1.0048,0.4283,1.0048,1.0632,0.0780,2.5536,-0.5253,-1.5288,0.2470,volume_approx_m3,2.5536
554.2954,554.4315,556.1679,0.1360,1.8725,7.0000,5.2421,14.0000,0.0097,1.3282,6.9810,-0.0199,0.0590,2.4412,634,dem_mk5_1m,,2.0813,1.2878,3.6799,0.5298,123,-1.7820,3.1638,2.3073,-1.6359,0.5990,1.0048,-0.7849,1.0048,-1.6731,2.0814,-1.0865,1.2024,1.7619,-1.3323,rim_symmetry_std_m,2.0814
446.3855,447.3188,447.6487,0.9333,1.2631,7.0000,6.2037,14.0000,0.0667,0.1109,47.8911,-0.0980,-0.4251,4.0610,3,dem_9t_1m,,2.0275,0.8317,3.6798,0.4687,124,1.0008,1.8214,-2.4040,0.6553,-0.3131,1.0048,2.0275,1.0048,0.1013,-1.0874,1.2722,0.5949,0.0864,-1.0019,effective_radius_m,2.0275
571.0923,571.4413,572.9495,0.3490,1.8572,7.0000,6.0414,14.0000,0.0249,1.1849,17.9081,0.0087,0.0512,5.4020,635,dem_mk5_1m,,1.7349,1.1286,3.6734,0.4915,125,-0.7675,3.5845,1.0395,-1.0238,0.5761,1.0048,1.5528,1.0048,-1.1999,1.7084,-0.4565,1.4249,1.7349,-0.7284,lrm11_depth_m,1.7349
453.0703,453.9420,454.9329,0.8718,1.8626,4.0000,5.0990,8.0000,0.1090,0.4155,14.6066,-0.4304,-0.6873,18.0032,382,dem_9t_1m,,1.9905,1.0506,3.6685,0.4894,126,0.8552,-3.5598,0.9851,0.4786,0.5841,-1.1392,-1.2034,-1.1392,1.4181,-0.2945,-0.6468,-1.9908,-0.8211,1.8417,lrm5_depth_m,-1.9908
483.1483,483.3093,483.4749,0.1609,0.3265,2.5000,5.0000,5.0000,0.0322,0.1227,1.0532,-0.1214,-0.0447,6.1740,284,dem_9t_1m,,2.2111,1.3672,3.6480,0.5271,127,-4.4988,-1.6718,0.1811,-1.5644,-1.7150,-2.2111,-1.4929,-2.2111,-0.9727,-1.0567,-1.4282,0.4129,1.4030,-0.5710,rim_radius_m,-2.2111
537.6495,538.1918,539.7596,0.5424,2.1101,7.0000,5.2421,14.0000,0.0387,1.0602,27.8299,-0.3392,-0.4023,13.2252,656,dem_mk5_1m,,1.3838,0.7999,3.6451,0.4749,128,1.0364,0.5733,2.0493,-0.4680,0.9546,1.0048,-0.7849,1.0048,-0.7703,1.3838,0.1156,-1.2814,0.1653,0.8672,rim_symmetry_std_m,1.3838
490.5571,492.1306,492.3990,1.5735,1.8418,5.5000,5.8310,11.0000,0.1430,0.2418,49.8435,-0.3042,-1.1117,12.4666,472,dem_9t_1m,,2.4950,1.1582,3.6398,0.5527,129,3.7642,-2.0729,-1.8105,2.4951,0.5530,-0.0672,0.9375,-0.0672,2.4766,-0.7467,1.3848,-1.0091,-2.2899,0.7124,depth_from_rim_mean_m,2.4951
538.3453,538.5922,539.9292,0.2469,1.5839,7.0000,5.0990,14.0000,0.0176,0.9000,12.6684,-0.1144,-0.0755,12.0286,680,dem_mk5_1m,,1.4261,0.9305,3.6305,0.4711,130,-1.2027,1.4887,2.1051,-1.3172,0.1670,1.0048,-1.2034,1.0048,-1.4272,0.9667,-0.7586,0.4673,1.2964,0.6231,aspect_ratio,-1.4272
462.3956,463.6231,464.9918,1.2275,2.5962,7.0000,5.8310,14.0000,0.0877,1.0392,62.9883,-0.0963,-0.6789,4.4567,226,dem_9t_1m,,2.1426,1.1525,3.6217,0.4770,131,3.2729,1.8353,-0.1018,1.5008,1.6821,1.0048,0.9375,1.0048,0.7551,1.3291,2.1426,0.6081,-0.7920,-0.9212,volume_approx_m3,2.1426
440.0546,440.7274,440.9213,0.6729,0.8667,3.5000,5.0990,7.0000,0.0961,0.1947,8.6315,-0.2262,-0.4169,11.8785,304,dem_9t_1m,,1.4965,0.8348,3.6126,0.4578,132,-1.4452,-2.7252,-0.0161,-0.0930,-0.9064,-1.4965,-1.2034,-1.4965,1.0165,-0.8693,-0.9913,-0.4024,0.1148,0.5925,rim_radius_m,-1.4965
463.9255,464.2450,464.7984,0.3195,0.8729,7.0000,5.0990,14.0000,0.0228,0.3632,16.3938,-0.1237,-0.2255,6.4972,332,dem_9t_1m,,1.2647,0.8304,3.6118,0.4589,133,-1.6284,1.1780,0.1815,-1.1086,-0.8972,1.0048,-1.2034,1.0048,-1.2653,-0.4306,-0.5438,0.3950,0.7772,-0.5051,aspect_ratio,-1.2653
397.1579,398.4850,400.1473,1.3271,2.9894,7.0000,5.9155,14.0000,0.0948,1.1624,68.0948,-0.2115,-0.8180,10.1832,191,dem_9t_1m,,2.4370,1.2839,3.6071,0.5081,134,4.4951,1.1230,0.4565,1.7870,2.2706,1.0048,1.1846,1.0048,0.9761,1.6498,2.4370,-0.2880,-1.2734,0.2467,volume_approx_m3,2.4370
477.5408,478.2867,478.5847,0.7459,1.0439,3.5000,5.0000,7.0000,0.1066,0.1752,9.5687,-0.3577,-0.6157,14.3629,391,dem_9t_1m,,1.4965,1.0492,3.5936,0.4885,135,-0.6018,-3.6816,0.1397,0.1168,-0.6412,-1.4965,-1.4929,-1.4965,1.3434,-0.9200,-0.9373,-1.4253,-0.5733,1.0992,rim_radius_m,-1.4965
478.6681,479.2823,480.1144,0.6143,1.4464,4.0000,5.7439,8.0000,0.0768,0.4837,10.2925,-0.2118,-0.4680,10.4228,15,dem_9t_1m,,1.1392,0.4852,3.5933,0.4490,136,-0.7203,-1.1283,-0.0865,-0.2614,-0.0388,-1.1392,0.6827,-1.1392,0.4157,-0.1170,-0.8955,-0.2903,-0.0621,0.2956,rim_radius_m,-1.1392
408.0246,408.8579,409.4790,0.8334,1.4544,5.0000,5.2421,10.0000,0.0833,0.5670,21.8177,-0.4245,-0.7251,12.5049,212,dem_9t_1m,,1.9452,0.5997,3.5902,0.4446,137,0.8644,-2.1160,0.3966,0.3682,-0.0268,-0.4245,-0.7849,-0.4245,0.6181,0.0999,-0.2311,-1.9449,-0.9519,0.7203,lrm5_depth_m,-1.9449
571.1760,572.1965,574.2656,1.0206,3.0897,7.0000,6.0828,14.0000,0.0729,1.4156,52.3681,-0.1070,-0.4766,5.0099,555,dem_mk5_1m,,2.4207,1.1426,3.5836,0.5005,138,3.0013,2.7152,0.9319,0.9062,2.4208,1.0048,1.6739,1.0048,0.2943,2.3089,1.5303,0.5249,-0.0918,-0.8084,depth_from_rim_max_m,2.4208
436.5109,437.3513,438.3470,0.8405,1.8362,7.0000,5.5210,14.0000,0.0600,0.6984,43.1275,-0.0555,-0.5392,3.5738,66,dem_9t_1m,,1.1013,0.6231,3.5718,0.4330,139,1.0495,1.7545,-0.2707,0.3886,0.5446,1.0048,0.0308,1.0048,-0.1073,0.4419,0.9975,0.9255,-0.3085,-1.1013,slope_inner_deg,-1.1013
457.5193,458.3365,458.7255,0.8172,1.2061,5.0000,5.3852,10.0000,0.0817,0.6329,21.3934,-0.3060,-0.6481,11.5441,138,dem_9t_1m,,1.0231,0.4785,3.5673,0.4273,140,0.4262,-1.4665,0.1691,0.3217,-0.3984,-0.4245,-0.3664,-0.4245,0.5683,0.2714,-0.2555,-1.0231,-0.6854,0.5243,lrm5_depth_m,-1.0231
479.1709,480.3129,480.5395,1.1419,1.3686,5.5000,5.8310,11.0000,0.1038,0.2788,36.1740,-0.0808,-0.7218,4.9107,431,dem_9t_1m,,1.2567,0.6803,3.5513,0.4554,141,1.1176,-0.0988,-1.8576,1.2548,-0.1552,-0.0672,0.9375,-0.0672,1.2563,-0.6503,0.5966,0.7287,-0.9405,-0.8286,aspect_ratio,1.2563
423.9532,425.3606,427.1212,1.4073,3.1680,7.0000,5.8310,14.0000,0.1005,1.3144,72.2133,-0.2727,-0.7721,12.9516,216,dem_9t_1m,,2.6745,1.4606,3.5414,0.5427,142,5.0345,0.7641,1.0897,2.0175,2.5380,1.0048,0.9375,1.0048,1.1535,2.0455,2.6745,-0.7641,-1.1146,0.8114,volume_approx_m3,2.6745
487.9886,488.3239,488.8676,0.3353,0.8790,3.0000,5.3852,6.0000,0.0559,0.2580,3.1598,-0.1626,-0.1943,7.6527,178,dem_9t_1m,,1.8538,0.8654,3.5127,0.4819,143,-2.9397,-1.4546,0.0038,-1.0632,-0.8880,-1.8538,-0.3664,-1.8538,-0.2349,-0.7045,-1.3068,0.0924,0.8852,-0.2694,rim_radius_m,-1.8538
445.5019,445.9352,446.3742,0.4333,0.8723,6.5000,6.3246,13.0000,0.0333,0.3103,19.1705,-0.0757,-0.2444,2.0726,108,dem_9t_1m,,2.3811,0.9211,3.5097,0.4765,144,-1.1790,2.4427,-1.8691,-0.7816,-0.8980,0.6475,2.3811,0.6475,-0.9385,-0.5683,-0.3837,0.7684,0.7118,-1.4075,effective_radius_m,2.3811
491.3372,492.2552,493.4525,0.9180,2.1154,6.0000,5.3852,12.0000,0.0765,0.5794,34.6089,-0.3589,-0.6996,12.8997,418,dem_9t_1m,,1.4343,0.6058,3.5070,0.4356,145,1.8666,-0.9515,0.5015,0.6113,0.9625,0.2901,-0.3664,0.2901,0.4064,0.1322,0.5064,-1.4346,-0.8636,0.8008,lrm5_depth_m,-1.4346
510.3566,511.0131,512.9219,0.6565,2.5653,7.0000,5.0990,14.0000,0.0469,1.1620,33.6849,-0.2367,-0.4305,9.5927,675,dem_mk5_1m,,1.6487,0.7531,3.5055,0.4652,146,1.3379,1.0371,2.2270,-0.1401,1.6359,1.0048,-1.2034,1.0048,-0.5151,1.6488,0.4531,-0.4840,0.0677,0.1263,rim_symmetry_std_m,1.6488
436.6527,437.8862,439.6631,1.2334,3.0104,7.0000,5.8310,14.0000,0.0881,1.0318,63.2905,-0.1808,-0.6881,8.1888,344,dem_9t_1m,,2.3020,1.0943,3.5019,0.4811,147,3.8185,1.3796,0.4075,1.5177,2.3021,1.0048,0.9375,1.0048,0.7675,1.3098,2.1600,-0.0492,-0.8238,-0.1600,depth_from_rim_max_m,2.3021
483.9288,484.4500,485.0611,0.5212,1.1323,7.0000,6.4031,14.0000,0.0372,0.3171,26.7447,-0.0298,-0.1729,1.0206,95,dem_9t_1m,,2.6109,0.9804,3.4982,0.4848,148,-0.7008,3.1130,-1.9744,-0.5290,-0.5089,1.0048,2.6107,1.0048,-0.8170,-0.5506,0.0530,1.1254,0.9593,-1.6220,effective_radius_m,2.6107
537.9502,537.9989,538.3728,0.0487,0.4226,3.0000,5.0000,6.0000,0.0081,0.1731,0.4590,-0.0416,0.0907,4.9844,573,dem_mk5_1m,,1.8868,1.4989,3.4960,0.5307,149,-4.9844,-0.6045,0.4536,-1.8868,-1.5711,-1.8538,-1.4929,-1.8538,-1.7229,-0.9255,-1.4625,1.0336,1.8716,-0.8136,depth_from_rim_mean_m,-1.8868
375.7602,376.0602,377.0449,0.3000,1.2847,4.0000,5.3852,8.0000,0.0375,0.7650,5.0269,-0.0913,-0.2238,7.3832,447,dem_9t_1m,,1.1991,0.7697,3.4947,0.4640,150,-2.3705,-0.0538,1.0421,-1.1646,-0.2808,-1.1392,-0.3664,-1.1392,-0.8077,0.6153,-1.1991,0.6470,0.7831,-0.3243,volume_approx_m3,-1.1991
535.8087,536.6339,538.9214,0.8252,3.1128,7.0000,5.6569,14.0000,0.0589,1.7369,42.3430,-0.1663,-0.4085,9.5020,559,dem_mk5_1m,,3.1453,0.8901,3.4906,0.4815,151,2.5540,2.2031,2.6277,0.3447,2.4553,1.0048,0.4283,1.0048,-0.1415,3.1453,0.9523,0.0636,0.1439,0.1078,rim_symmetry_std_m,3.1453
427.5803,428.1824,430.0240,0.6021,2.4436,6.0000,5.0495,12.0000,0.0502,1.2479,22.6968,-0.2891,-0.4613,11.6036,249,dem_9t_1m,,1.8724,0.6920,3.4893,0.5084,152,0.8348,0.0388,2.6483,-0.2965,1.4537,0.2901,-1.3482,0.2901,-0.4123,1.8724,-0.1804,-0.8917,-0.0389,0.5364,rim_symmetry_std_m,1.8724
446.6244,447.9195,448.4003,1.2951,1.7759,5.0000,5.0990,10.0000,0.1295,0.4557,33.9058,-0.3158,-0.9463,13.5324,446,dem_9t_1m,,2.0567,0.9692,3.4664,0.4839,153,2.3147,-2.8061,-0.0406,1.6950,0.4544,-0.4245,-1.2034,-0.4245,2.0563,-0.1898,0.4659,-1.0994,-1.7175,0.9298,aspect_ratio,2.0563
549.0953,549.4542,550.6610,0.3589,1.5657,7.0000,6.0000,14.0000,0.0256,1.0562,18.4154,-0.0028,0.0005,4.5800,586,dem_mk5_1m,,1.5594,1.0314,3.4635,0.4644,154,-0.9256,3.3714,0.5951,-0.9954,0.1398,1.0048,1.4317,1.0048,-1.1782,1.3733,-0.4272,1.3354,1.5594,-0.8961,lrm11_depth_m,1.5594
444.0360,445.4371,446.0237,1.4011,1.9877,6.5000,5.8310,13.0000,0.1078,0.4522,61.9901,-0.4205,-1.0439,15.9196,460,dem_9t_1m,,2.0851,1.2776,3.4620,0.5364,155,4.3118,-1.3599,-0.9457,1.9997,0.7714,0.6475,0.9375,0.6475,1.3808,-0.1990,2.0851,-1.9138,-2.0553,1.4167,volume_approx_m3,2.0851
479.7135,480.8488,481.3349,1.1353,1.6214,7.0000,5.8310,14.0000,0.0811,0.2652,58.2561,-0.2203,-0.7856,11.4509,105,dem_9t_1m,,1.8698,0.8667,3.4618,0.4559,156,2.6691,0.2308,-1.4077,1.2358,0.2231,1.0048,0.9375,1.0048,0.5496,-0.6857,1.8698,-0.3565,-1.1613,0.5053,volume_approx_m3,1.8698
606.7780,607.1789,607.4252,0.4009,0.6472,3.0000,5.0000,6.0000,0.0668,0.1518,3.7782,-0.2320,-0.2449,9.3417,597,dem_mk5_1m,,1.8538,0.9909,3.4493,0.4910,157,-2.8478,-2.4796,0.1865,-0.8747,-1.2350,-1.8538,-1.4929,-1.8538,0.1044,-0.9809,-1.2711,-0.4475,0.7101,0.0751,rim_radius_m,-1.8538
529.5063,529.8557,531.4517,0.3494,1.9454,7.0000,6.0828,14.0000,0.0250,0.9386,17.9300,0.0131,0.0034,3.9535,654,dem_mk5_1m,,1.6739,1.1079,3.4490,0.4814,158,-0.8213,3.5598,0.4782,-1.0227,0.7081,1.0048,1.6739,1.0048,-1.1968,1.0672,-0.4552,1.4591,1.5694,-1.0239,effective_radius_m,1.6739
506.1320,506.3817,506.9953,0.2496,0.8633,6.5000,5.0990,13.0000,0.0192,0.6233,11.0448,-0.1953,-0.2205,9.0384,637,dem_mk5_1m,,1.3773,0.7422,3.4448,0.4752,159,-1.7145,0.7019,0.9374,-1.3095,-0.9115,0.6475,-1.2034,0.6475,-1.3774,0.2464,-0.8522,-0.1620,0.7945,0.0132,aspect_ratio,-1.3774
487.8012,489.0721,489.7145,1.2709,1.9133,5.0000,5.0990,10.0000,0.1271,0.4669,33.2714,-0.3471,-0.9219,13.5205,531,dem_9t_1m,,1.9812,0.9830,3.4400,0.4828,160,2.3576,-2.8106,0.1088,1.6255,0.6600,-0.4245,-1.2034,-0.4245,1.9816,-0.1607,0.4293,-1.3428,-1.6330,0.9274,aspect_ratio,1.9816
471.0005,472.3760,472.9958,1.3754,1.9953,5.5000,5.3852,11.0000,0.1250,0.5046,43.5704,-0.2246,-0.9716,10.9981,468,dem_9t_1m,,1.9259,0.8019,3.4367,0.4821,161,2.8295,-1.6391,-0.5259,1.9258,0.7828,-0.0672,-0.3664,-0.0672,1.9162,-0.0626,1.0231,-0.3899,-1.8050,0.4129,depth_from_rim_mean_m,1.9258
466.6532,467.2361,467.4747,0.5829,0.8215,7.0000,6.3246,14.0000,0.0416,0.1903,29.9126,-0.0632,-0.2529,1.2035,540,dem_mk5_1m,,2.3811,0.9677,3.4324,0.4827,162,-0.6121,2.6533,-2.3810,-0.3516,-0.9741,1.0048,2.3811,1.0048,-0.6801,-0.8807,0.2356,0.8656,0.6824,-1.5847,effective_radius_m,2.3811
466.1537,466.5636,467.8033,0.4099,1.6497,7.0000,5.3852,14.0000,0.0293,0.5182,21.0337,-0.1597,-0.3174,6.2923,392,dem_9t_1m,,1.0636,0.5435,3.4277,0.4190,163,-0.5269,1.4899,0.3550,-0.8488,0.2655,1.0048,-0.3664,1.0048,-1.0630,-0.0271,-0.2763,0.1149,0.4592,-0.5468,aspect_ratio,-1.0630
492.7646,493.1377,493.5573,0.3731,0.7927,3.0000,5.2421,6.0000,0.0622,0.2213,3.5162,-0.2529,-0.2445,9.9224,647,dem_mk5_1m,,1.8538,0.9187,3.4251,0.4885,164,-2.6425,-2.2001,0.1682,-0.9546,-1.0172,-1.8538,-0.7849,-1.8538,-0.0388,-0.8000,-1.2862,-0.6101,0.7115,0.1935,rim_radius_m,-1.8538
446.2736,447.0925,448.6173,0.8189,2.3438,6.0000,5.5210,12.0000,0.0682,0.7572,30.8733,-0.1215,-0.5685,5.7817,104,dem_9t_1m,,1.3043,0.4318,3.4245,0.4285,165,0.9930,0.7919,0.3977,0.3266,1.3044,0.2901,0.0308,0.2901,0.1480,0.5950,0.2910,0.4121,-0.4099,-0.6510,depth_from_rim_max_m,1.3044
444.3737,444.8807,446.0141,0.5070,1.6404,7.0000,6.3246,14.0000,0.0362,0.6259,26.0165,-0.0311,-0.1467,1.4360,19,dem_9t_1m,,2.3811,0.9115,3.4198,0.4757,166,-0.3602,3.3383,-0.9958,-0.5698,0.2516,1.0048,2.3811,1.0048,-0.8482,0.2532,0.0110,1.1153,1.0499,-1.5373,effective_radius_m,2.3811
428.2118,428.7383,429.2149,0.5265,1.0031,6.5000,6.3246,13.0000,0.0405,0.3304,23.2940,-0.0463,-0.2127,0.8702,6,dem_9t_1m,,2.3811,0.8854,3.4163,0.4804,167,-0.9560,2.6001,-1.9280,-0.5137,-0.7023,0.6475,2.3811,0.6475,-0.7143,-0.5160,-0.1459,0.9971,0.8215,-1.6527,effective_radius_m,2.3811
440.2529,441.0593,442.0908,0.8065,1.8380,7.0000,5.0990,14.0000,0.0576,0.8966,41.3815,-0.3106,-0.5816,12.7732,187,dem_9t_1m,,1.2033,0.7615,3.4115,0.4627,168,1.7076,0.0104,1.3262,0.2909,0.5473,1.0048,-1.2034,1.0048,-0.1820,0.9579,0.8969,-1.0589,-0.4552,0.7750,effective_radius_m,-1.2034
465.4460,466.7529,467.9544,1.3068,2.5083,6.0000,5.8310,12.0000,0.1089,0.9830,49.2661,-0.1543,-0.8397,7.8816,102,dem_9t_1m,,1.7287,0.9522,3.4040,0.5058,169,3.2381,0.3082,-0.0881,1.7287,1.5506,0.2901,0.9375,0.2901,1.4150,1.1828,1.3515,0.1569,-1.3485,-0.2227,depth_from_rim_mean_m,1.7287
485.8383,486.7376,487.1243,0.8993,1.2860,4.0000,5.0990,8.0000,0.1124,0.3820,15.0673,-0.4787,-0.6979,17.8502,477,dem_9t_1m,,2.3665,1.0799,3.4022,0.4772,170,0.6985,-3.8845,0.5519,0.5576,-0.2789,-1.1392,-1.2034,-1.1392,1.5240,-0.3817,-0.6203,-2.3665,-0.8578,1.8105,lrm5_depth_m,-2.3665
464.9714,465.7242,466.9689,0.7528,1.9975,7.0000,5.3852,14.0000,0.0538,1.2278,38.6286,-0.1748,-0.3925,8.5182,387,dem_9t_1m,,1.8200,0.5866,3.4000,0.4280,171,1.2888,1.4778,1.4843,0.1366,0.7861,1.0048,-0.3664,1.0048,-0.3003,1.8200,0.7382,-0.0025,0.1992,-0.0929,rim_symmetry_std_m,1.8200
431.2941,431.4335,431.6670,0.1394,0.3729,3.0000,5.0000,6.0000,0.0232,0.0967,1.3136,-0.0954,-0.0161,4.2790,441,dem_9t_1m,,1.8538,1.3942,3.3794,0.5138,172,-4.5582,-1.0541,0.0517,-1.6262,-1.6455,-1.8538,-1.4929,-1.8538,-1.2529,-1.1244,-1.4132,0.6151,1.5019,-0.9575,rim_radius_m,-1.8538
482.6571,482.9651,483.3169,0.3080,0.6598,3.0000,5.3852,6.0000,0.0513,0.2243,2.9024,-0.1855,-0.1921,8.8279,665,dem_mk5_1m,,1.8538,0.9028,3.3767,0.4833,173,-3.0806,-1.6161,-0.0513,-1.1416,-1.2161,-1.8538,-0.3664,-1.8538,-0.3781,-0.7922,-1.3216,-0.0858,0.8928,-0.0297,rim_radius_m,-1.8538
453.4576,454.1656,454.3973,0.7080,0.9397,3.5000,5.0000,7.0000,0.1011,0.1619,9.0824,-0.3864,-0.6029,15.3810,319,dem_9t_1m,,1.6482,1.0790,3.3698,0.5002,174,-0.7033,-3.7904,0.1940,0.0079,-0.7972,-1.4965,-1.4929,-1.4965,1.1722,-0.9546,-0.9653,-1.6485,-0.5290,1.3069,lrm5_depth_m,-1.6485
467.1504,468.1117,468.4269,0.9614,1.2766,5.0000,5.0990,10.0000,0.0961,0.3007,25.1685,-0.1824,-0.6457,8.4361,386,dem_9t_1m,,1.2033,0.5072,3.3693,0.4211,175,0.2149,-1.5547,-0.3958,0.7361,-0.2929,-0.4245,-1.2034,-0.4245,1.0165,-0.5933,-0.0379,-0.0616,-0.6771,-0.1096,effective_radius_m,-1.2034
433.3972,434.3664,435.1656,0.9692,1.7685,6.5000,5.0990,13.0000,0.0746,0.6663,42.8817,-0.2814,-0.7805,12.9370,262,dem_9t_1m,,1.2033,0.7428,3.3609,0.4499,176,1.9609,-0.7692,0.6235,0.7585,0.4433,0.6475,-1.2034,0.6475,0.3472,0.3584,0.9834,-0.8318,-1.1436,0.8084,effective_radius_m,-1.2034
500.9857,501.6281,503.3312,0.6424,2.3456,7.0000,5.0990,14.0000,0.0459,1.0327,32.9646,-0.2350,-0.4753,9.5958,658,dem_mk5_1m,,1.3123,0.6960,3.3590,0.4591,177,1.1605,0.8843,1.8612,-0.1807,1.3071,1.0048,-1.2034,1.0048,-0.5462,1.3122,0.4116,-0.4708,-0.0873,0.1269,rim_symmetry_std_m,1.3122
450.7302,451.7249,452.5016,0.9947,1.7714,5.0000,5.3852,10.0000,0.0995,0.7915,26.0409,-0.3809,-0.8033,15.3640,245,dem_9t_1m,,1.6057,0.7677,3.3584,0.4601,178,1.7876,-2.1099,0.7471,0.8318,0.4476,-0.4245,-0.3664,-0.4245,1.1224,0.6843,0.0124,-1.6058,-1.2225,1.3034,lrm5_depth_m,-1.6058
478.5033,478.7321,479.5931,0.2288,1.0898,7.0000,5.9155,14.0000,0.0163,0.5823,11.7383,-0.0605,-0.0068,7.8934,180,dem_9t_1m,,1.5341,0.9269,3.3574,0.4834,179,-1.6382,2.5609,0.0223,-1.3692,-0.5725,1.0048,1.1846,1.0048,-1.4677,0.1397,-0.8122,0.8866,1.5341,-0.2203,lrm11_depth_m,1.5341
468.2685,469.2994,469.6795,1.0309,1.4111,4.0000,5.0990,8.0000,0.1289,0.3278,17.2736,-0.3534,-0.7889,16.1696,381,dem_9t_1m,,2.0367,1.0540,3.3526,0.4733,180,0.9287,-3.6907,0.1618,0.9358,-0.0916,-1.1392,-1.2034,-1.1392,2.0376,-0.5228,-0.4931,-1.3918,-1.1727,1.4677,aspect_ratio,2.0376
540.7650,540.9388,541.1519,0.1739,0.3869,3.0000,5.0000,6.0000,0.0290,0.0902,1.6389,-0.0961,-0.1154,3.8532,630,dem_mk5_1m,,1.8538,1.3430,3.3499,0.5050,181,-4.3354,-1.1854,-0.1078,-1.5270,-1.6246,-1.8538,-1.4929,-1.8538,-1.0723,-1.1413,-1.3945,0.6097,1.1583,-1.0443,rim_radius_m,-1.8538
544.5998,544.6989,545.0324,0.0991,0.4326,3.5000,5.0000,7.0000,0.0142,0.0857,1.2708,-0.0594,-0.0430,2.7946,622,dem_mk5_1m,,1.7421,1.4047,3.3414,0.5082,182,-4.5671,-0.4668,-0.0510,-1.7420,-1.5562,-1.4965,-1.4929,-1.4965,-1.5330,-1.1530,-1.4157,0.8952,1.4088,-1.2602,depth_from_rim_mean_m,-1.7420
480.1000,480.8558,481.2600,0.7558,1.1600,7.0000,6.0828,14.0000,0.0540,0.1592,38.7805,-0.0694,-0.3087,4.1824,77,dem_9t_1m,,1.6739,0.7803,3.3316,0.4444,183,0.1643,2.0273,-1.9426,0.1452,-0.4674,1.0048,1.6739,1.0048,-0.2940,-0.9617,0.7469,0.8174,0.4893,-0.9772,effective_radius_m,1.6739
483.2287,483.7176,484.1437,0.4889,0.9150,7.0000,6.3246,14.0000,0.0349,0.2008,25.0863,-0.0204,-0.1677,0.7216,437,dem_9t_1m,,2.3811,1.0445,3.3230,0.4913,184,-1.0521,2.9911,-2.1827,-0.6218,-0.8341,1.0048,2.3811,1.0048,-0.8886,-0.8534,-0.0426,1.1985,0.9773,-1.6830,effective_radius_m,2.3811
487.3306,488.0801,488.6717,0.7495,1.3411,7.0000,5.6569,14.0000,0.0535,0.2954,38.4579,-0.2072,-0.5864,11.4762,420,dem_9t_1m,,1.0048,0.5129,3.3208,0.4221,185,0.9777,0.5348,-0.7258,0.1271,-0.1964,1.0048,0.4283,1.0048,-0.3096,-0.6071,0.7283,-0.2546,-0.4719,0.5105,rim_radius_m,1.0048
482.2902,483.0777,484.2879,0.7876,1.9977,7.0000,5.8310,14.0000,0.0563,0.5093,40.4122,-0.0595,-0.3865,3.5027,100,dem_9t_1m,,1.1158,0.6650,3.3205,0.4226,186,0.8394,2.1529,-0.7044,0.2366,0.7864,1.0048,0.9375,1.0048,-0.2224,-0.0503,0.8410,0.8944,0.2200,-1.1158,slope_inner_deg,-1.1158
563.3188,563.5427,564.1249,0.2239,0.8061,3.5000,5.0990,7.0000,0.0320,0.2129,2.8719,-0.1228,-0.0604,4.9793,669,dem_mk5_1m,,1.4965,1.1152,3.3149,0.4662,187,-3.6658,-0.7924,0.2684,-1.3833,-0.9971,-1.4965,-1.2034,-1.4965,-0.9789,-0.8219,-1.3234,0.4020,1.3486,-0.8146,rim_radius_m,-1.4965
481.1041,482.4366,482.6670,1.3325,1.5628,5.5000,5.3852,11.0000,0.1211,0.1275,42.2102,-0.4538,-1.0811,18.4457,145,dem_9t_1m,,2.1839,1.1374,3.3058,0.5331,188,3.1125,-3.2447,-0.8538,1.8025,0.1354,-0.0672,-0.3664,-0.0672,1.7948,-1.0442,0.9447,-2.1728,-2.1840,1.9319,lrm11_depth_m,-2.1840
465.1045,465.9490,466.7473,0.8445,1.6429,4.0000,5.0000,8.0000,0.1056,0.4276,14.1500,-0.4880,-0.7112,19.0872,506,dem_9t_1m,,2.4389,1.0982,3.3050,0.5019,189,0.7942,-3.9265,1.1044,0.4001,0.2553,-1.1392,-1.4929,-1.1392,1.3123,-0.2630,-0.6731,-2.4389,-0.9038,2.0628,lrm5_depth_m,-2.4389
487.7856,488.9691,489.3568,1.1835,1.5711,5.5000,5.8310,11.0000,0.1076,0.2037,37.4897,-0.1083,-0.7776,6.4085,96,dem_9t_1m,,1.3742,0.6962,3.2996,0.4540,190,1.4839,-0.3939,-1.8380,1.3743,0.1479,-0.0672,0.9375,-0.0672,1.3746,-0.8458,0.6725,0.5148,-1.1336,-0.5231,aspect_ratio,1.3746
406.2880,407.5199,408.7603,1.2319,2.4723,5.5000,5.0990,11.0000,0.1120,1.0418,39.0249,-0.3580,-0.9481,15.7319,242,dem_9t_1m,,1.7238,1.1351,3.2913,0.5228,191,3.2147,-2.0424,1.5577,1.5134,1.4967,-0.0672,-1.2034,-0.0672,1.5115,1.3359,0.7610,-1.4276,-1.7237,1.3784,lrm11_depth_m,-1.7237
471.8723,472.9470,473.1722,1.0747,1.3000,7.0000,5.8310,14.0000,0.0768,0.1421,55.1477,-0.2721,-0.7123,11.6781,67,dem_9t_1m,,1.6906,0.8724,3.2799,0.4634,192,2.2569,0.0267,-1.6493,1.0617,-0.2579,1.0048,0.9375,1.0048,0.4157,-1.0062,1.6906,-0.7594,-0.9076,0.5516,volume_approx_m3,1.6906
454.2439,454.8655,455.8797,0.6217,1.6358,4.0000,5.0990,8.0000,0.0777,0.4062,10.4162,-0.3459,-0.5308,14.0742,263,dem_9t_1m,,1.3336,0.7519,3.2753,0.4568,193,-0.4784,-2.5385,0.9381,-0.2401,0.2447,-1.1392,-1.2034,-1.1392,0.4437,-0.3187,-0.8884,-1.3335,-0.2794,1.0403,lrm5_depth_m,-1.3335
533.0723,533.5955,535.1078,0.5232,2.0356,7.0000,6.0000,14.0000,0.0374,1.2164,26.8465,-0.1074,-0.2109,4.5977,646,dem_mk5_1m,,1.7904,0.8828,3.2743,0.4406,194,0.3922,2.9440,0.8092,-0.5232,0.8431,1.0048,1.4317,1.0048,-0.8108,1.7904,0.0589,0.5218,0.8277,-0.8925,rim_symmetry_std_m,1.7904
432.1146,432.8513,434.7648,0.7367,2.6502,7.0000,5.8310,14.0000,0.0526,1.1320,37.8002,-0.1494,-0.4727,6.3096,36,dem_9t_1m,,1.7629,0.7468,3.2669,0.4323,195,1.7372,2.1900,0.9297,0.0903,1.7630,1.0048,0.9375,1.0048,-0.3376,1.5707,0.6904,0.1951,-0.0783,-0.5433,depth_from_rim_max_m,1.7630
477.8100,478.5999,479.6654,0.7900,1.8554,7.0000,6.3246,14.0000,0.0564,0.5776,40.5359,-0.0584,-0.3063,2.8536,526,dem_9t_1m,,2.3811,0.8227,3.2660,0.4697,196,0.9116,2.7992,-1.2751,0.2435,0.5734,1.0048,2.3811,1.0048,-0.2193,0.1275,0.8481,0.9029,0.4976,-1.2482,effective_radius_m,2.3811
481.5261,481.9677,482.2578,0.4416,0.7317,7.0000,6.3246,14.0000,0.0315,0.1523,22.6576,-0.0399,-0.2083,1.1665,401,dem_9t_1m,,2.3811,1.0807,3.2657,0.4887,197,-1.2206,2.8344,-2.3157,-0.7577,-1.1085,1.0048,2.3811,1.0048,-0.9945,-0.9796,-0.1826,1.0468,0.8367,-1.5923,effective_radius_m,2.3811
517.2378,517.5405,519.2766,0.3027,2.0388,7.0000,5.3852,14.0000,0.0216,0.9725,15.5310,-0.0646,-0.1559,2.6113,576,dem_mk5_1m,,1.3021,0.9638,3.2557,0.4532,198,-0.9259,2.6460,1.2966,-1.1569,0.8479,1.0048,-0.3664,1.0048,-1.3027,1.1555,-0.5935,0.8547,1.0181,-1.2976,aspect_ratio,-1.3027
394.9697,395.3084,396.7548,0.3387,1.7851,7.0000,5.6569,14.0000,0.0242,1.2424,17.3819,-0.0665,-0.1080,2.6448,189,dem_9t_1m,,1.8579,0.9855,3.2483,0.4603,199,-0.7425,3.0570,1.2645,-1.0534,0.4681,1.0048,0.4283,1.0048,-1.2217,1.8581,-0.4868,0.8399,1.1839,-1.2908,rim_symmetry_std_m,1.8581
480.3075,481.6885,481.9841,1.3810,1.6766,5.0000,5.6569,10.0000,0.1381,0.2818,36.1532,-0.3871,-1.0739,15.8401,81,dem_9t_1m,,2.3239,1.1182,3.2430,0.5346,200,3.0543,-2.9637,-1.0962,1.9419,0.3058,-0.4245,0.4283,-0.4245,2.3240,-0.6425,0.5954,-1.6540,-2.1591,1.4005,aspect_ratio,2.3240
410.5300,411.6745,412.7919,1.1445,2.2619,6.0000,5.3852,12.0000,0.0954,0.9086,43.1467,-0.1653,-0.8041,8.8273,258,dem_9t_1m,,1.2623,0.6999,3.2295,0.4648,201,2.3911,-0.1576,0.4734,1.2623,1.1818,0.2901,-0.3664,0.2901,0.9948,0.9891,0.9987,0.0714,-1.2253,-0.0298,depth_from_rim_mean_m,1.2623
550.4930,550.9540,551.7419,0.4609,1.2489,5.0000,5.8310,10.0000,0.0461,0.6138,12.0673,-0.0870,-0.3420,3.5133,640,dem_mk5_1m,,1.1136,0.5951,3.2294,0.4359,202,-1.4287,0.9476,-0.4068,-0.7022,-0.3344,-0.4245,0.9375,-0.4245,-0.5400,0.2217,-0.7932,0.6805,0.3740,-1.1136,slope_inner_deg,-1.1136
423.6037,424.2807,424.7175,0.6770,1.1138,3.5000,5.0000,7.0000,0.0967,0.2640,8.6847,-0.3931,-0.5079,14.0608,343,dem_9t_1m,,1.7006,0.9777,3.2256,0.4886,203,-0.7978,-3.4725,0.4832,-0.0812,-0.5366,-1.4965,-1.4929,-1.4965,1.0352,-0.6889,-0.9882,-1.7007,-0.2002,1.0376,lrm5_depth_m,-1.7007
437.2794,438.3153,438.4997,1.0360,1.2203,4.0000,5.0990,8.0000,0.1295,0.1139,17.3580,-0.3754,-0.8392,14.9971,294,dem_9t_1m,,2.0563,1.1429,3.2211,0.4894,204,0.7934,-3.9013,-0.4371,0.9505,-0.3772,-1.1392,-1.2034,-1.1392,2.0563,-1.0796,-0.4882,-1.5630,-1.3468,1.2286,aspect_ratio,2.0563
550.5349,551.1045,553.0204,0.5696,2.4856,7.0000,5.3852,14.0000,0.0407,1.2857,29.2298,-0.2702,-0.3690,11.1815,609,dem_mk5_1m,,1.9708,0.7848,3.2136,0.4606,205,1.2663,1.3066,2.2986,-0.3899,1.5166,1.0048,-0.3664,1.0048,-0.7081,1.9708,0.1963,-0.7446,0.2806,0.4503,rim_symmetry_std_m,1.9708
376.7752,377.2244,377.5979,0.4492,0.8227,6.0000,5.6569,12.0000,0.0374,0.1353,16.9363,-0.2260,-0.3159,7.3849,230,dem_9t_1m,,1.0238,0.5683,3.1945,0.4293,206,-1.2320,0.3850,-0.9640,-0.7359,-0.9723,0.2901,0.4283,0.2901,-0.8108,-1.0239,-0.5125,-0.4008,0.4643,-0.3240,rim_symmetry_std_m,-1.0239
500.4042,500.8747,502.8037,0.4705,2.3995,7.0000,5.6569,14.0000,0.0336,1.3649,24.1421,-0.1130,-0.2843,6.1072,652,dem_mk5_1m,,2.1769,0.8491,3.1885,0.4478,207,0.4974,2.6125,1.8091,-0.6747,1.3877,1.0048,0.4283,1.0048,-0.9291,2.1769,-0.0971,0.4782,0.5737,-0.5846,rim_symmetry_std_m,2.1769
428.6517,429.7275,430.3981,1.0759,1.7464,6.5000,5.3852,13.0000,0.0828,0.5375,47.6008,-0.4142,-0.8336,15.5533,461,dem_9t_1m,,1.8647,0.8682,3.1864,0.4662,208,2.7499,-1.2899,0.1014,1.0651,0.4102,0.6475,-0.3664,0.6475,0.6025,0.0231,1.2555,-1.8648,-1.3274,1.3420,lrm5_depth_m,-1.8648
579.9005,580.9022,581.5313,1.0018,1.6309,5.0000,5.0990,10.0000,0.1002,0.7154,26.2263,-0.2886,-0.7440,10.7706,606,dem_mk5_1m,,1.2033,0.6424,3.1781,0.4382,209,1.1442,-1.8331,0.5760,0.8522,0.2374,-0.4245,-1.2034,-0.4245,1.1442,0.4862,0.0231,-0.8878,-1.0173,0.3665,effective_radius_m,-1.2034
489.6351,490.0825,492.1237,0.4474,2.4886,7.0000,5.5210,14.0000,0.0320,1.3383,22.9567,-0.1377,-0.2541,4.3954,683,dem_mk5_1m,,2.1076,0.8595,3.1753,0.4591,210,0.3477,2.5689,1.9125,-0.7410,1.5211,1.0048,0.0308,1.0048,-0.9789,2.1077,-0.1654,0.2861,0.6782,-0.9337,rim_symmetry_std_m,2.1077
494.2643,494.9257,496.8296,0.6614,2.5652,7.0000,5.8310,14.0000,0.0472,1.1745,33.9386,-0.1333,-0.4179,4.9751,613,dem_mk5_1m,,1.6812,0.7826,3.1729,0.4303,211,1.3328,2.4544,0.9746,-0.1261,1.6357,1.0048,0.9375,1.0048,-0.5057,1.6813,0.4678,0.3203,0.1113,-0.8155,rim_symmetry_std_m,1.6813
514.2401,514.4746,516.2685,0.2345,2.0284,7.0000,5.3852,14.0000,0.0167,1.3020,12.0327,-0.0422,-0.0181,2.7593,659,dem_mk5_1m,,2.0132,1.1468,3.1706,0.4877,212,-1.1861,3.0911,2.0348,-1.3529,0.8323,1.0048,-0.3664,1.0048,-1.4552,2.0132,-0.7952,1.0290,1.4950,-1.2674,rim_symmetry_std_m,2.0132
418.3834,419.5435,420.5439,1.1601,2.1605,6.5000,5.3852,13.0000,0.0892,0.8528,51.3260,-0.4026,-0.8719,14.6174,2,dem_9t_1m,,1.7745,1.0456,3.1678,0.4835,213,3.3835,-1.0048,0.6783,1.3071,1.0300,0.6475,-0.3664,0.6475,0.8017,0.8439,1.4702,-1.7746,-1.4600,1.1511,lrm5_depth_m,-1.7746
582.4377,582.7916,584.5400,0.3538,2.1023,7.0000,5.3852,14.0000,0.0253,1.2372,18.1555,-0.0955,-0.0805,4.1568,628,dem_mk5_1m,,1.8445,0.9709,3.1640,0.4544,214,-0.5792,2.6524,1.9041,-1.0100,0.9429,1.0048,-0.3664,1.0048,-1.1875,1.8445,-0.4422,0.6143,1.2791,-0.9824,rim_symmetry_std_m,1.8445
438.9600,440.1501,440.6902,1.1901,1.7302,7.0000,6.0828,14.0000,0.0850,0.3498,61.0669,-0.1091,-0.6553,6.5134,237,dem_9t_1m,,2.0318,0.9411,3.1582,0.4765,215,2.5130,1.3292,-1.8596,1.3933,0.3860,1.0048,1.6739,1.0048,0.6710,-0.4655,2.0318,0.5085,-0.7103,-0.5017,volume_approx_m3,2.0318
419.1143,420.2161,421.3587,1.1018,2.2444,5.0000,5.2421,10.0000,0.1102,0.6135,28.8444,-0.3353,-0.8316,12.6241,68,dem_9t_1m,,1.4548,0.8268,3.1531,0.4617,216,2.0425,-2.1039,0.5529,1.1395,1.1556,-0.4245,-0.7849,-0.4245,1.4555,0.2209,0.1741,-1.2510,-1.3205,0.7446,aspect_ratio,1.4555
496.4250,496.9160,497.7711,0.4910,1.3461,7.0000,6.0000,14.0000,0.0351,0.3554,25.1928,-0.1614,-0.3221,8.2896,331,dem_9t_1m,,1.4319,0.5728,3.1511,0.4311,217,-0.1559,1.7371,-0.8043,-0.6157,-0.1889,1.0048,1.4317,1.0048,-0.8824,-0.4509,-0.0365,0.1017,0.4429,-0.1395,effective_radius_m,1.4317
470.2734,470.9034,471.4518,0.6300,1.1784,6.0000,5.3852,12.0000,0.0525,0.3182,23.7518,-0.2860,-0.4304,11.3648,308,dem_9t_1m,,0.8676,0.3667,3.1324,0.4080,218,-0.1503,-0.4571,-0.0870,-0.2163,-0.4399,0.2901,-0.3664,0.2901,-0.3407,-0.5478,-0.1196,-0.8675,0.0681,0.4877,lrm5_depth_m,-0.8675
561.7309,561.8799,563.3137,0.1490,1.5828,6.0000,5.0990,12.0000,0.0124,0.8532,5.6167,-0.0735,-0.1153,3.8297,598,dem_mk5_1m,,1.5986,0.9217,3.1311,0.4790,219,-2.2501,1.6272,1.5630,-1.5986,0.1654,0.2901,-1.2034,0.2901,-1.5891,0.8449,-1.1651,0.7855,1.1586,-1.0491,depth_from_rim_mean_m,-1.5986
476.2133,477.5418,477.8112,1.3285,1.5979,6.5000,6.0414,13.0000,0.1022,0.1591,58.7779,-0.1369,-0.8239,6.5724,134,dem_9t_1m,,1.8999,0.9973,3.1274,0.4961,220,2.6853,0.3672,-2.4214,1.7910,0.1880,0.6475,1.5528,0.6475,1.2064,-0.9619,1.8999,0.2923,-1.2938,-0.4897,volume_approx_m3,1.8999
489.9631,490.9010,491.3474,0.9379,1.3842,6.5000,5.8310,13.0000,0.0721,0.2077,41.4977,-0.2462,-0.7411,13.0433,516,dem_9t_1m,,1.0071,0.6761,3.1241,0.4376,221,1.6549,-0.2305,-1.2158,0.6685,-0.1319,0.6475,0.9375,0.6475,0.2694,-0.8354,0.9036,-0.5579,-1.0073,0.8301,lrm11_depth_m,-1.0073
561.9457,562.4261,563.9308,0.4803,1.9851,7.0000,5.3852,14.0000,0.0343,1.1775,24.6479,-0.1177,-0.3403,5.7916,611,dem_mk5_1m,,1.6891,0.7204,3.1221,0.4270,222,0.1431,2.0758,1.5147,-0.6465,0.7675,1.0048,-0.3664,1.0048,-0.9073,1.6891,-0.0679,0.4416,0.3799,-0.6490,rim_symmetry_std_m,1.6891
370.9090,371.6338,372.2403,0.7248,1.3314,7.0000,6.0000,14.0000,0.0518,0.4476,37.1926,-0.2404,-0.4310,8.4094,356,dem_9t_1m,,1.4319,0.5120,3.1121,0.4303,223,0.8996,1.2686,-0.9747,0.0561,-0.2109,1.0048,1.4317,1.0048,-0.3625,-0.2109,0.6554,-0.5128,0.0660,-0.1150,effective_radius_m,1.4317
450.1029,450.9776,451.5450,0.8747,1.4420,4.0000,5.3852,8.0000,0.1093,0.4180,14.6551,-0.3089,-0.7094,13.8934,320,dem_9t_1m,,1.4285,0.7713,3.0988,0.4562,224,0.4205,-2.7111,0.0364,0.4869,-0.0454,-1.1392,-0.3664,-1.1392,1.4275,-0.2880,-0.6440,-1.0457,-0.8976,1.0035,aspect_ratio,1.4275
437.3894,438.3771,438.5570,0.9877,1.1675,4.0000,5.0990,8.0000,0.1235,0.1270,16.5491,-0.3536,-0.7484,14.8026,293,dem_9t_1m,,1.8684,1.0739,3.0926,0.4730,225,0.4717,-3.6686,-0.3364,0.8117,-0.4562,-1.1392,-1.2034,-1.1392,1.8695,-1.0455,-0.5348,-1.3934,-1.0325,1.1889,aspect_ratio,1.8695
479.4070,480.3294,480.7232,0.9225,1.3163,4.0000,5.0990,8.0000,0.1153,0.3776,15.4559,-0.4620,-0.7329,19.1414,301,dem_9t_1m,,2.2369,1.1122,3.0913,0.4843,226,0.8353,-3.9936,0.6005,0.6243,-0.2335,-1.1392,-1.2034,-1.1392,1.6143,-0.3932,-0.5979,-2.2366,-0.9789,2.0738,lrm5_depth_m,-2.2366
462.6870,463.1395,463.7441,0.4525,1.0571,3.5000,5.0990,7.0000,0.0646,0.2464,5.8045,-0.2142,-0.3784,11.5462,501,dem_9t_1m,,1.4965,0.7775,3.0893,0.4422,227,-2.0405,-2.1601,0.4475,-0.7264,-0.6215,-1.4965,-1.2034,-1.4965,0.0359,-0.7347,-1.1543,-0.3090,0.2480,0.5247,rim_radius_m,-1.4965
486.5734,487.4137,487.6357,0.8403,1.0623,4.5000,5.0990,9.0000,0.0934,0.1159,17.8192,-0.1678,-0.5902,8.5921,97,dem_9t_1m,,1.2033,0.6228,3.0880,0.4314,228,-0.6211,-1.8923,-0.6269,0.3881,-0.6137,-0.7818,-1.2034,-0.7818,0.9325,-1.0744,-0.4616,0.0519,-0.4850,-0.0778,effective_radius_m,-1.2034
483.3785,484.0718,484.3754,0.6933,0.9969,7.0000,5.6569,14.0000,0.0495,0.2028,35.5734,-0.2511,-0.5459,10.8488,201,dem_9t_1m,,1.0048,0.5762,3.0833,0.4377,229,0.5786,0.3999,-1.0261,-0.0344,-0.7116,1.0048,0.4283,1.0048,-0.4341,-0.8482,0.5620,-0.5961,-0.3317,0.3825,rim_radius_m,1.0048
587.5618,588.4870,589.5178,0.9252,1.9561,5.5000,5.8310,11.0000,0.0841,0.6241,29.3092,-0.0650,-0.5714,3.3149,568,dem_mk5_1m,,1.1541,0.5406,3.0815,0.4535,230,0.7286,0.7902,-0.7084,0.6320,0.7241,-0.0672,0.9375,-0.0672,0.6430,0.2485,0.2009,0.8516,-0.4199,-1.1541,slope_inner_deg,-1.1541
445.0957,446.1790,447.5027,1.0833,2.4071,7.0000,6.0828,14.0000,0.0774,0.9352,55.5893,-0.0509,-0.5327,2.6081,335,dem_9t_1m,,1.7160,1.0839,3.0799,0.4854,231,2.4538,2.5023,-0.5730,1.0864,1.3991,1.0048,1.6739,1.0048,0.4344,1.0584,1.7160,0.9613,-0.2860,-1.2983,volume_approx_m3,1.7160
458.3661,459.4671,460.0057,1.1011,1.6397,5.0000,5.0990,10.0000,0.1101,0.4973,28.8261,-0.2396,-0.7977,11.5670,298,dem_9t_1m,,1.4526,0.6715,3.0766,0.4341,232,1.3163,-2.0605,0.1164,1.1375,0.2505,-0.4245,-1.2034,-0.4245,1.4524,-0.0816,0.1730,-0.5066,-1.2032,0.5290,aspect_ratio,1.4524
454.8283,455.5893,456.0107,0.7609,1.1823,5.5000,5.3852,11.0000,0.0692,0.5818,24.1044,-0.2073,-0.5497,14.4968,60,dem_9t_1m,,1.1265,0.2943,3.0758,0.4137,233,0.2355,-0.8897,0.3791,0.1599,-0.4341,-0.0672,-0.3664,-0.0672,0.1791,0.1384,-0.0992,-0.2553,-0.3448,1.1265,slope_inner_deg,1.1265
455.3809,456.6737,457.8790,1.2928,2.4981,6.5000,5.6569,13.0000,0.0994,0.8776,57.2008,-0.1702,-0.8588,9.1042,520,dem_9t_1m,,1.8089,0.9327,3.0666,0.4945,234,3.4541,0.3437,-0.0089,1.6884,1.5353,0.6475,0.4283,0.6475,1.1193,0.9084,1.8089,0.0333,-1.4146,0.0267,volume_approx_m3,1.8089
555.8394,556.6569,558.4297,0.8175,2.5903,7.0000,5.6569,14.0000,0.0584,1.4724,41.9484,-0.1758,-0.3705,9.0757,677,dem_mk5_1m,,2.4569,0.7531,3.0641,0.4578,235,2.0633,1.9645,1.8897,0.3225,1.6733,1.0048,0.4283,1.0048,-0.1571,2.4568,0.9296,-0.0103,0.2754,0.0209,rim_symmetry_std_m,2.4568
524.0108,524.0853,524.6716,0.0745,0.6608,3.0000,5.0990,6.0000,0.0124,0.3976,0.7018,-0.0590,0.0433,10.7134,674,dem_mk5_1m,,1.8538,1.2979,3.0628,0.5224,236,-4.3208,-0.8710,1.2034,-1.8127,-1.2146,-1.8538,-1.2034,-1.8538,-1.5891,-0.3411,-1.4485,0.8983,1.7075,0.3549,rim_radius_m,-1.8538
470.4180,470.6107,471.5221,0.1927,1.1041,7.0000,6.0000,14.0000,0.0138,0.5004,9.8858,-0.0545,-0.0952,3.5806,183,dem_9t_1m,,1.5467,1.0242,3.0599,0.4784,237,-1.7922,2.8815,-0.5681,-1.4730,-0.5511,1.0048,1.4317,1.0048,-1.5455,-0.0735,-0.9190,0.9333,1.2282,-1.0999,aspect_ratio,-1.5455
405.4902,406.1719,407.1445,0.6817,1.6543,5.0000,5.0495,10.0000,0.0682,0.8797,17.8477,-0.3300,-0.5831,12.6085,342,dem_9t_1m,,1.3481,0.5882,3.0559,0.4665,238,0.2621,-1.4804,1.5437,-0.0677,0.2724,-0.4245,-1.3482,-0.4245,0.1480,0.9139,-0.4600,-1.2098,-0.4604,0.7414,effective_radius_m,-1.3482
432.0711,432.2262,432.4254,0.1550,0.3542,3.5000,5.0990,7.0000,0.0221,0.1966,1.9887,-0.0904,-0.0994,2.9714,322,dem_9t_1m,,1.6735,1.2788,3.0552,0.4830,239,-4.2076,-0.5618,-0.1274,-1.5813,-1.6735,-1.4965,-1.2034,-1.4965,-1.2871,-0.8643,-1.3743,0.6540,1.2136,-1.2242,depth_from_rim_max_m,-1.6735
462.0730,462.8154,464.4564,0.7424,2.3834,6.0000,5.3852,12.0000,0.0619,0.8858,27.9867,-0.1788,-0.5028,7.7478,286,dem_9t_1m,,1.3636,0.3624,3.0519,0.4304,240,0.8902,0.5652,1.0971,0.1067,1.3636,0.2901,-0.3664,0.2901,-0.0481,0.9298,0.1246,-0.0336,-0.1825,-0.2500,depth_from_rim_max_m,1.3636
460.5542,461.6709,463.3700,1.1167,2.8158,7.0000,5.8310,14.0000,0.0798,0.9783,57.2993,-0.1996,-0.6303,8.5976,112,dem_9t_1m,,2.0108,0.9572,3.0517,0.4587,241,3.3005,1.3632,0.4112,1.1824,2.0108,1.0048,0.9375,1.0048,0.5091,1.1706,1.8146,-0.1954,-0.6238,-0.0767,depth_from_rim_max_m,2.0108
423.8607,424.1655,424.5820,0.3048,0.7213,3.5000,5.6569,7.0000,0.0435,0.1792,3.9101,-0.0892,-0.1777,4.9301,323,dem_9t_1m,,1.4965,0.9926,3.0448,0.4656,242,-3.1475,-0.3993,-0.7358,-1.1508,-1.1241,-1.4965,0.4283,-1.4965,-0.6209,-0.9096,-1.2635,0.6633,0.9427,-0.8247,rim_radius_m,-1.4965
457.7216,457.9060,457.9395,0.1844,0.2179,4.5000,5.0495,9.0000,0.0205,0.0249,3.9101,-0.0498,-0.1243,1.7838,616,dem_mk5_1m,,1.8775,1.2511,3.0444,0.5098,243,-4.0391,0.0113,-0.6455,-1.4968,-1.8775,-0.7818,-1.3482,-0.7818,-1.3369,-1.3113,-1.2635,0.9698,1.1275,-1.4664,depth_from_rim_max_m,-1.8775
484.6516,485.2351,485.3981,0.5835,0.7466,3.5000,5.0990,7.0000,0.0834,0.1627,7.4856,-0.2079,-0.3763,10.6663,179,dem_9t_1m,,1.4965,0.8294,3.0425,0.4515,244,-1.9162,-2.4316,-0.0946,-0.3499,-1.0862,-1.4965,-1.2034,-1.4965,0.6212,-0.9526,-1.0574,-0.2600,0.2553,0.3453,rim_radius_m,-1.4965
479.4467,480.5654,481.1330,1.1187,1.6864,6.5000,5.6569,13.0000,0.0861,0.4275,49.4978,-0.3776,-0.8614,16.4379,312,dem_9t_1m,,1.5803,0.9173,3.0416,0.4637,245,2.9130,-1.1125,-0.4663,1.1881,0.3204,0.6475,0.4283,0.6475,0.7052,-0.2633,1.3648,-1.5801,-1.4236,1.5224,lrm5_depth_m,-1.5801
442.7046,443.0504,443.4807,0.3459,0.7762,6.5000,6.0000,13.0000,0.0266,0.3989,15.3034,-0.1052,-0.1844,4.5033,443,dem_9t_1m,,1.4319,0.8421,3.0390,0.4506,246,-1.5367,2.0119,-1.0428,-1.0327,-1.0419,0.6475,1.4317,0.6475,-1.1470,-0.3377,-0.6066,0.5389,0.9195,-0.9117,effective_radius_m,1.4317
493.3657,494.4898,496.2150,1.1241,2.8494,7.0000,5.3852,14.0000,0.0803,1.3493,57.6814,-0.2562,-0.6530,13.1061,583,dem_mk5_1m,,2.1364,1.1199,3.0363,0.4923,247,3.6123,0.6294,1.9297,1.2036,2.0611,1.0048,-0.3664,1.0048,0.5247,2.1363,1.8366,-0.6357,-0.7024,0.8429,rim_symmetry_std_m,2.1363
528.5816,529.5269,530.8447,0.9453,2.2631,7.0000,5.5210,14.0000,0.0675,1.1310,48.5065,-0.1169,-0.3953,9.2667,549,dem_mk5_1m,,1.5679,0.6922,3.0338,0.4375,248,1.9638,1.5691,1.1425,0.6898,1.1836,1.0048,0.0308,1.0048,0.1262,1.5681,1.3077,0.4479,0.1895,0.0598,rim_symmetry_std_m,1.5681
459.6673,459.8459,461.0279,0.1785,1.3606,6.5000,5.0990,13.0000,0.0137,0.8965,7.8988,-0.0812,-0.1335,4.0774,296,dem_9t_1m,,1.5476,0.9580,3.0331,0.4888,249,-2.0137,1.8244,1.4391,-1.5138,-0.1672,0.6475,-1.2034,0.6475,-1.5486,0.9576,-1.0336,0.7256,1.0956,-0.9986,aspect_ratio,-1.5486
427.8992,428.2468,428.8489,0.3477,0.9497,4.5000,5.8310,9.0000,0.0386,0.3375,7.3723,-0.1052,-0.2568,4.6069,450,dem_9t_1m,,1.0639,0.7948,3.0316,0.4389,250,-2.2775,0.4573,-0.7367,-1.0276,-0.7822,-0.7818,0.9375,-0.7818,-0.7735,-0.4975,-1.0639,0.5389,0.6689,-0.8906,volume_approx_m3,-1.0639
451.0652,451.3639,451.8504,0.2987,0.7852,3.5000,5.0000,7.0000,0.0427,0.2152,3.8315,-0.1505,-0.1096,6.9145,346,dem_9t_1m,,1.4965,1.0180,3.0173,0.4640,251,-3.3227,-1.2995,0.4043,-1.1684,-1.0284,-1.4965,-1.4929,-1.4965,-0.6458,-0.8159,-1.2681,0.1865,1.1783,-0.4199,rim_radius_m,-1.4965
459.9868,460.6041,460.9310,0.6173,0.9442,3.5000,5.0990,7.0000,0.0882,0.1802,7.9190,-0.2480,-0.4294,12.1736,302,dem_9t_1m,,1.4965,0.8405,3.0127,0.4472,252,-1.5039,-2.7158,0.0866,-0.2528,-0.7904,-1.4965,-1.2034,-1.4965,0.7706,-0.9070,-1.0324,-0.5719,0.0715,0.6527,rim_radius_m,-1.4965
429.7509,430.8745,431.4780,1.1236,1.7272,5.0000,5.0990,10.0000,0.1124,0.5270,29.4157,-0.4391,-0.9007,16.0173,243,dem_9t_1m,,2.0584,0.9477,3.0111,0.4674,253,2.1101,-3.0583,0.4791,1.2022,0.3815,-0.4245,-1.2034,-0.4245,1.5240,-0.0042,0.2070,-2.0585,-1.5596,1.4366,lrm5_depth_m,-2.0585
442.9162,443.4692,444.0158,0.5529,1.0996,3.5000,5.0990,7.0000,0.0790,0.3022,7.0933,-0.3286,-0.3580,13.2513,394,dem_9t_1m,,1.4965,0.8851,3.0071,0.4615,254,-1.4417,-2.7426,0.6118,-0.4379,-0.5578,-1.4965,-1.2034,-1.4965,0.4842,-0.5894,-1.0800,-1.1989,0.3186,0.8725,rim_radius_m,-1.4965
461.3122,461.9121,463.4526,0.5999,2.1404,6.5000,5.7439,13.0000,0.0461,0.9865,26.5413,-0.0851,-0.4218,4.4038,412,dem_9t_1m,,1.1919,0.6161,3.0046,0.4395,255,0.4087,2.0400,0.5812,-0.3028,0.9999,0.6475,0.6827,0.6475,-0.5400,1.1919,0.0413,0.6952,0.0978,-0.9320,rim_symmetry_std_m,1.1919
472.6575,473.3353,473.5746,0.6778,0.9171,7.0000,6.0828,14.0000,0.0484,0.0734,34.7779,-0.0633,-0.3108,4.3810,222,dem_9t_1m,,1.6739,0.8224,2.9986,0.4527,256,-0.2573,1.9861,-2.1316,-0.0789,-0.8310,1.0048,1.6739,1.0048,-0.4684,-1.1850,0.5162,0.8648,0.4820,-0.9367,effective_radius_m,1.6739
473.0707,474.4824,475.3606,1.4117,2.2899,6.0000,5.6569,12.0000,0.1176,0.5438,53.2215,-0.2039,-0.9237,10.7284,347,dem_9t_1m,,2.0302,0.8905,2.9976,0.4914,257,3.4138,-0.7400,-0.6903,2.0301,1.2237,0.2901,0.4283,0.2901,1.6859,0.0395,1.5795,-0.2289,-1.6393,0.3579,depth_from_rim_mean_m,2.0301
395.7785,396.6486,397.4638,0.8701,1.6853,4.0000,5.0000,8.0000,0.1088,0.6338,14.5790,-0.4353,-0.6505,16.8585,458,dem_9t_1m,,2.0287,1.0207,2.9973,0.4975,258,0.7407,-3.4515,1.3186,0.4737,0.3188,-1.1392,-1.4929,-1.1392,1.4119,0.2738,-0.6484,-2.0289,-0.6937,1.6082,lrm5_depth_m,-2.0289
506.4281,506.9130,508.2764,0.4848,1.8483,7.0000,5.8310,14.0000,0.0346,1.0959,24.8781,-0.1130,-0.1497,5.0965,651,dem_mk5_1m,,1.4766,0.8072,2.9945,0.4269,259,-0.0214,2.6836,0.8391,-0.6336,0.5627,1.0048,0.9375,1.0048,-0.8980,1.4767,-0.0546,0.4782,1.0396,-0.7907,rim_symmetry_std_m,1.4767
430.7462,431.9033,432.2183,1.1572,1.4722,4.5000,5.3852,9.0000,0.1286,0.3627,24.5386,-0.4340,-0.9552,16.8237,257,dem_9t_1m,,2.0275,1.0119,2.9928,0.4917,260,2.0083,-3.5096,-0.3099,1.2988,-0.0002,-0.7818,-0.3664,-0.7818,2.0283,-0.4319,-0.0742,-2.0188,-1.7483,1.6011,aspect_ratio,2.0283
496.0428,496.5406,496.8550,0.4978,0.8122,6.5000,5.3852,13.0000,0.0383,0.2167,22.0262,-0.2304,-0.4312,11.8045,166,dem_9t_1m,,0.9880,0.5579,2.9890,0.4413,261,-0.6447,0.0049,-0.3529,-0.5962,-0.9880,0.6475,-0.3664,0.6475,-0.7828,-0.8120,-0.2190,-0.4350,0.0653,0.5774,depth_from_rim_max_m,-0.9880
481.5387,482.2868,484.2680,0.7481,2.7293,7.0000,5.6569,14.0000,0.0534,1.1986,38.3874,-0.1797,-0.4633,7.5739,678,dem_mk5_1m,,1.8814,0.6904,2.9794,0.4409,262,1.8573,1.8867,1.4002,0.1231,1.8813,1.0048,0.4283,1.0048,-0.3127,1.7440,0.7243,-0.0406,-0.0458,-0.2855,depth_from_rim_max_m,1.8813
449.4784,449.7181,449.9672,0.2397,0.4888,3.0000,5.0990,6.0000,0.0399,0.1747,2.2587,-0.1399,-0.0867,6.1673,464,dem_9t_1m,,1.8538,1.1665,2.9759,0.4862,263,-3.8590,-1.4164,0.0898,-1.3379,-1.4720,-1.8538,-1.2034,-1.8538,-0.7330,-0.9213,-1.3587,0.2690,1.2576,-0.5723,rim_radius_m,-1.8538
421.1968,422.0121,422.7430,0.8153,1.5462,6.5000,5.8310,13.0000,0.0627,0.1709,36.0712,-0.1902,-0.5533,9.1824,32,dem_9t_1m,,0.9374,0.4296,2.9740,0.4122,264,0.8821,0.5017,-1.1989,0.3162,0.1106,0.6475,0.9375,0.6475,-0.0232,-0.9312,0.5907,-0.1223,-0.3573,0.0426,effective_radius_m,0.9375
476.4897,477.2299,477.4902,0.7401,1.0005,6.5000,5.8310,13.0000,0.0569,0.2086,32.7470,-0.1378,-0.4508,12.7001,148,dem_9t_1m,,0.9374,0.5020,2.9715,0.4235,265,0.2677,0.4712,-1.0379,0.1001,-0.7062,0.6475,0.9375,0.6475,-0.2038,-0.8331,0.3991,0.2853,-0.0025,0.7601,effective_radius_m,0.9375
460.5462,461.7340,462.8414,1.1877,2.2951,5.5000,5.3852,11.0000,0.1080,0.6185,37.6250,-0.2441,-0.8631,10.8842,87,dem_9t_1m,,1.4296,0.7073,2.9677,0.4515,266,2.4184,-1.2440,0.1206,1.3864,1.2315,-0.0672,-0.3664,-0.0672,1.3870,0.2339,0.6803,-0.5416,-1.4295,0.3897,lrm11_depth_m,-1.4295
451.8136,452.8462,453.6072,1.0326,1.7936,4.5000,5.0990,9.0000,0.1147,0.6745,21.8976,-0.4508,-0.8379,16.0966,405,dem_9t_1m,,2.1496,1.0306,2.9635,0.4813,267,1.7192,-3.2519,0.9373,0.9407,0.4809,-0.7818,-1.2034,-0.7818,1.5956,0.3797,-0.2265,-2.1495,-1.3423,1.4528,lrm5_depth_m,-2.1495
519.5078,520.4830,521.7609,0.9752,2.2531,7.0000,5.8310,14.0000,0.0697,0.9198,50.0380,-0.0514,-0.5349,5.6847,684,dem_mk5_1m,,1.3960,0.8564,2.9561,0.4401,268,2.0170,2.0585,-0.0299,0.7757,1.1686,1.0048,0.9375,1.0048,0.1947,1.0183,1.3960,0.9574,-0.2936,-0.6708,volume_approx_m3,1.3960
449.0960,450.0065,451.4745,0.9105,2.3785,7.0000,5.8310,14.0000,0.0650,0.7438,46.7213,-0.1329,-0.5549,6.2579,122,dem_9t_1m,,1.3564,0.7226,2.9533,0.4171,269,1.9969,1.7209,-0.1395,0.5898,1.3563,1.0048,0.9375,1.0048,0.0484,0.5601,1.2047,0.3234,-0.3628,-0.5539,depth_from_rim_max_m,1.3563
467.3346,467.4348,467.6654,0.1002,0.3308,6.0000,5.9155,12.0000,0.0083,0.0553,3.7770,-0.0134,-0.0672,1.3349,483,dem_9t_1m,,1.7388,1.2334,2.9466,0.5361,270,-3.3637,2.1454,-1.6287,-1.7388,-1.7085,0.2901,1.1846,0.2901,-1.7167,-1.2321,-1.2712,1.2530,1.3251,-1.5579,depth_from_rim_mean_m,-1.7388
455.3915,456.4093,457.0154,1.0179,1.6240,5.0000,5.0990,10.0000,0.1018,0.6902,26.6473,-0.3495,-0.8095,15.3062,26,dem_9t_1m,,1.3619,0.7942,2.9339,0.4466,271,1.5287,-2.4404,0.8092,0.8984,0.2270,-0.4245,-1.2034,-0.4245,1.1940,0.4206,0.0474,-1.3615,-1.2440,1.2916,lrm5_depth_m,-1.3615
446.2530,446.5984,447.3867,0.3454,1.1338,7.0000,5.3852,14.0000,0.0247,0.3862,17.7233,-0.0825,-0.2600,4.6077,430,dem_9t_1m,,1.2071,0.7478,2.9320,0.4251,272,-1.3571,1.7514,-0.1906,-1.0342,-0.5067,1.0048,-0.3664,1.0048,-1.2062,-0.3708,-0.4671,0.7155,0.6578,-0.8904,aspect_ratio,-1.2062
438.4186,439.0649,440.4259,0.6462,2.0073,7.0000,6.0414,14.0000,0.0462,1.0360,33.1603,0.0106,-0.1275,5.2242,479,dem_9t_1m,,1.5529,0.9214,2.9299,0.4613,273,0.3749,3.1402,0.3982,-0.1697,0.8007,1.0048,1.5528,1.0048,-0.5369,1.3208,0.4229,1.4397,1.1164,-0.7647,effective_radius_m,1.5528
484.1506,484.4277,484.8381,0.2772,0.6875,7.0000,5.6569,14.0000,0.0198,0.1761,14.2219,-0.1450,-0.2238,5.6510,484,dem_9t_1m,,1.3588,0.8616,2.9252,0.4579,274,-1.6821,1.6290,-0.9488,-1.2302,-1.1746,1.0048,0.4283,1.0048,-1.3587,-0.9177,-0.6690,0.2293,0.7831,-0.6776,aspect_ratio,-1.3587
422.9191,424.3033,425.1980,1.3842,2.2789,5.5000,5.6569,11.0000,0.1258,0.5924,43.8488,-0.3371,-1.0308,13.6534,481,dem_9t_1m,,2.0099,1.0089,2.9236,0.5075,275,3.5673,-1.8311,-0.3912,1.9511,1.2072,-0.0672,0.4283,-0.0672,1.9411,0.1660,1.0391,-1.2650,-2.0099,0.9545,lrm11_depth_m,-2.0099
548.7460,549.4297,550.8182,0.6837,2.0722,7.0000,5.8310,14.0000,0.0488,1.1483,35.0833,-0.0665,-0.2018,4.9904,554,dem_mk5_1m,,1.6132,0.8200,2.9217,0.4314,276,0.7168,2.7038,0.7838,-0.0620,0.8979,1.0048,0.9375,1.0048,-0.4559,1.6131,0.5338,0.8399,0.8592,-0.8124,rim_symmetry_std_m,1.6131
492.4278,492.6064,493.1820,0.1786,0.7542,7.0000,5.9155,14.0000,0.0128,0.3881,9.1623,0.0013,-0.0590,2.6164,434,dem_9t_1m,,1.5780,1.1549,2.9216,0.4993,277,-2.3123,2.9274,-0.8923,-1.5135,-1.0748,1.0048,1.1846,1.0048,-1.5766,-0.3658,-0.9607,1.3673,1.3535,-1.2966,aspect_ratio,-1.5766
487.9197,489.0217,489.5301,1.1019,1.6104,7.0000,6.0828,14.0000,0.0787,0.2633,56.5429,-0.1314,-0.6554,6.7505,157,dem_9t_1m,,1.7710,0.8605,2.9139,0.4675,278,2.1810,1.2355,-1.9573,1.1398,0.2067,1.0048,1.6739,1.0048,0.4749,-0.6907,1.7710,0.3351,-0.7107,-0.4534,volume_approx_m3,1.7710
447.2534,448.3798,449.0399,1.1264,1.7865,5.5000,5.6569,11.0000,0.1024,0.2617,35.6809,-0.2989,-0.8481,15.6130,41,dem_9t_1m,,1.3774,0.7653,2.9098,0.4509,279,2.1606,-1.7254,-0.6723,1.2102,0.4702,-0.0672,0.4283,-0.0672,1.2127,-0.6949,0.5682,-0.9679,-1.3776,1.3542,lrm11_depth_m,-1.3776
429.0937,429.7150,430.7067,0.6212,1.6129,7.0000,5.3852,14.0000,0.0444,0.6127,31.8778,-0.0617,-0.3418,2.5335,525,dem_9t_1m,,1.3135,0.5959,2.9041,0.4226,280,-0.1325,1.9179,-0.0545,-0.2416,0.2104,1.0048,-0.3664,1.0048,-0.5929,0.2189,0.3489,0.8773,0.3747,-1.3135,slope_inner_deg,-1.3135
494.7794,495.3407,496.1881,0.5612,1.4086,7.0000,6.0000,14.0000,0.0401,0.7167,28.7992,-0.0963,-0.1925,4.4591,666,dem_mk5_1m,,1.4319,0.7054,2.9035,0.4250,281,-0.1405,2.5165,-0.4310,-0.4140,-0.0954,1.0048,1.4317,1.0048,-0.7268,0.4896,0.1715,0.6081,0.8914,-0.9207,effective_radius_m,1.4317
486.3406,487.7065,488.3740,1.3659,2.0334,6.5000,5.8310,13.0000,0.1051,0.3424,60.4319,-0.2889,-0.9642,14.4394,129,dem_9t_1m,,1.9952,1.1392,2.9002,0.5000,282,3.7715,-0.8231,-1.1364,1.8985,0.8398,0.6475,0.9375,0.6475,1.2967,-0.4848,1.9952,-0.8901,-1.7794,1.1148,volume_approx_m3,1.9952
460.7893,462.1729,462.6396,1.3836,1.8503,6.0000,5.8310,12.0000,0.1153,0.4111,52.1607,-0.2048,-0.8779,13.0804,21,dem_9t_1m,,1.9494,0.9114,2.8961,0.4762,283,3.1307,-0.8429,-1.1436,1.9494,0.5657,0.2901,0.9375,0.2901,1.6143,-0.3059,1.5184,-0.2359,-1.4807,0.8376,depth_from_rim_mean_m,1.9494
479.2421,479.5382,480.1982,0.2961,0.9561,7.0000,6.0000,14.0000,0.0212,0.4136,15.1943,-0.0732,-0.0970,3.6189,416,dem_9t_1m,,1.4319,0.9746,2.8849,0.4596,284,-1.5584,2.6512,-0.9061,-1.1758,-0.7726,1.0048,1.4317,1.0048,-1.3151,-0.2994,-0.6129,0.7878,1.2220,-1.0921,effective_radius_m,1.4317
532.6748,533.1785,534.6450,0.5037,1.9702,7.0000,6.0828,14.0000,0.0360,0.7873,25.8474,-0.0294,-0.1806,3.0300,552,dem_mk5_1m,,1.6739,0.8919,2.8823,0.4453,285,-0.1262,3.1226,-0.1372,-0.5792,0.7452,1.0048,1.6739,1.0048,-0.8544,0.6734,0.0013,1.1285,0.9326,-1.2122,effective_radius_m,1.6739
424.6238,425.7236,426.7891,1.0998,2.1653,6.0000,5.3852,12.0000,0.0916,0.6520,41.4612,-0.3875,-0.8847,17.4890,459,dem_9t_1m,,1.7368,0.9196,2.8776,0.4764,286,2.9042,-1.6606,0.6577,1.1338,1.0372,0.2901,-0.3664,0.2901,0.8765,0.3212,0.9015,-1.6571,-1.5043,1.7368,slope_inner_deg,1.7368
493.2282,493.8883,494.8413,0.6600,1.6130,6.0000,5.8310,12.0000,0.0550,0.3274,24.8827,-0.1371,-0.4276,7.1145,185,dem_9t_1m,,0.9374,0.3133,2.8767,0.3996,287,-0.0436,0.8227,-0.7504,-0.1301,0.2106,0.2901,0.9375,0.2901,-0.2629,-0.5238,-0.0544,0.2907,0.0777,-0.3791,effective_radius_m,0.9375
467.1020,467.5733,467.9393,0.4713,0.8372,6.0000,5.0990,12.0000,0.0393,0.2556,17.7669,-0.2034,-0.3482,8.4851,174,dem_9t_1m,,1.2033,0.5465,2.8743,0.4285,288,-1.3280,-0.1756,-0.0293,-0.6724,-0.9506,0.2901,-1.2034,0.2901,-0.7517,-0.7107,-0.4646,-0.2250,0.3526,-0.0996,effective_radius_m,-1.2034
419.4332,420.2492,420.6053,0.8160,1.1721,4.0000,5.0990,8.0000,0.1020,0.2521,13.6724,-0.2474,-0.6134,13.1697,336,dem_9t_1m,,1.2033,0.8053,2.8717,0.4368,289,-0.3789,-2.7592,0.0374,0.3182,-0.4493,-1.1392,-1.2034,-1.1392,1.2002,-0.7198,-0.7007,-0.5673,-0.5653,0.8559,effective_radius_m,-1.2034
468.1521,468.6309,469.2800,0.4787,1.1279,3.5000,5.3852,7.0000,0.0684,0.5125,6.1412,-0.1973,-0.2124,9.7874,223,dem_9t_1m,,1.4965,0.6384,2.8684,0.4607,290,-1.9547,-1.3991,0.5461,-0.6511,-0.5155,-1.4965,-0.3664,-1.4965,0.1542,-0.0420,-1.1349,-0.1776,0.8226,0.1660,rim_radius_m,-1.4965
475.3868,476.2292,476.7647,0.8424,1.3779,4.5000,5.0990,9.0000,0.0936,0.1314,17.8639,-0.3080,-0.6803,15.2435,426,dem_9t_1m,,1.2788,0.8044,2.8614,0.4429,291,0.1791,-2.8002,0.0300,0.3941,-0.1413,-0.7818,-1.2034,-0.7818,0.9387,-1.0340,-0.4590,-1.0387,-0.7968,1.2788,slope_inner_deg,1.2788
534.7097,535.5409,536.5129,0.8312,1.8032,5.0000,5.5210,10.0000,0.0831,0.7867,21.7618,-0.1998,-0.5787,5.6376,649,dem_mk5_1m,,0.6804,0.4162,2.8610,0.4460,292,0.4422,-0.3140,0.1854,0.3619,0.4952,-0.4245,0.0308,-0.4245,0.6119,0.6718,-0.2343,-0.1970,-0.4452,-0.6804,slope_inner_deg,-0.6804
468.2135,468.6835,469.5380,0.4700,1.3244,7.0000,5.6569,14.0000,0.0336,0.3322,24.1170,-0.0665,-0.3172,4.1338,152,dem_9t_1m,,1.0048,0.6511,2.8576,0.4151,293,-0.7400,1.9681,-0.7286,-0.6761,-0.2214,1.0048,0.4283,1.0048,-0.9291,-0.5113,-0.0985,0.8399,0.4598,-0.9871,rim_radius_m,1.0048
475.2240,476.5475,477.2165,1.3235,1.9925,5.5000,5.3852,11.0000,0.1203,0.4074,41.9241,-0.2972,-0.9975,14.9859,425,dem_9t_1m,,1.8947,0.9223,2.8550,0.4736,294,2.9412,-2.1734,-0.3455,1.7767,0.7786,-0.0672,-0.3664,-0.0672,1.7699,-0.3156,0.9282,-0.9547,-1.8947,1.2263,lrm11_depth_m,-1.8947
483.6283,484.8622,485.5864,1.2339,1.9581,6.5000,5.8310,13.0000,0.0949,0.2816,54.5922,-0.1867,-0.7973,9.6346,106,dem_9t_1m,,1.6585,0.8356,2.8549,0.4605,295,2.7318,0.0418,-1.3837,1.5192,0.7271,0.6475,0.9375,0.6475,0.9792,-0.6431,1.6585,-0.0951,-1.2018,0.1348,volume_approx_m3,1.6585
567.8525,568.7021,569.4047,0.8496,1.5522,7.0000,5.8310,14.0000,0.0607,0.7556,43.5957,-0.1064,-0.4595,7.2218,624,dem_mk5_1m,,1.0245,0.5547,2.8543,0.4102,296,1.2217,1.6994,-0.3909,0.4148,0.1196,1.0048,0.9375,1.0048,-0.0855,0.5908,1.0245,0.5295,-0.0327,-0.3573,volume_approx_m3,1.0245
451.3734,452.1747,453.0503,0.8014,1.6769,7.0000,5.3852,14.0000,0.0572,0.5695,41.1200,-0.1506,-0.5473,7.8232,142,dem_9t_1m,,1.0048,0.4451,2.8447,0.4109,297,1.0499,0.9291,-0.0391,0.2763,0.3062,1.0048,-0.3664,1.0048,-0.1944,0.1064,0.8818,0.1857,-0.3365,-0.2346,rim_radius_m,1.0048
445.6600,446.6881,447.5076,1.0281,1.8476,6.5000,6.0828,13.0000,0.0791,0.3843,45.4863,-0.0921,-0.5354,5.2174,52,dem_9t_1m,,1.6739,0.7415,2.8424,0.4595,298,1.5646,1.3659,-1.5066,0.9277,0.5617,0.6475,1.6739,0.6475,0.4873,-0.3757,1.1335,0.6408,-0.2953,-0.7661,effective_radius_m,1.6739
466.8636,468.1456,468.6555,1.2820,1.7920,5.5000,5.3852,11.0000,0.1165,0.4020,40.6122,-0.2992,-0.9020,12.5199,120,dem_9t_1m,,1.6575,0.7936,2.8421,0.4523,299,2.5084,-1.9127,-0.5331,1.6574,0.4785,-0.0672,-0.3664,-0.0672,1.6516,-0.3296,0.8525,-0.9702,-1.5641,0.7233,depth_from_rim_mean_m,1.6574
482.4285,483.2982,483.7712,0.8697,1.3427,5.5000,5.8310,11.0000,0.0791,0.1131,27.5498,-0.2087,-0.6690,11.7348,146,dem_9t_1m,,1.0816,0.4539,2.8389,0.4257,300,0.6626,-0.7337,-1.2870,0.4725,-0.1940,-0.0672,0.9375,-0.0672,0.4873,-1.0817,0.0994,-0.2662,-0.7577,0.5632,rim_symmetry_std_m,-1.0817
476.7000,478.0164,478.1874,1.3164,1.4874,5.5000,5.6569,11.0000,0.1197,0.2457,41.7008,-0.3034,-0.9739,13.8338,50,dem_9t_1m,,1.8129,0.8683,2.8375,0.4725,301,2.6321,-2.0075,-1.3079,1.7563,0.0226,-0.0672,0.4283,-0.0672,1.7512,-0.7365,0.9153,-1.0029,-1.8130,0.9913,lrm11_depth_m,-1.8130
482.5393,483.7021,484.1294,1.1627,1.5901,5.5000,5.8310,11.0000,0.1057,0.1254,36.8323,-0.2538,-0.8249,10.7261,227,dem_9t_1m,,1.3155,0.7122,2.8370,0.4575,302,1.8837,-1.2053,-1.6248,1.3146,0.1763,-0.0672,0.9375,-0.0672,1.3154,-1.0497,0.6346,-0.6171,-1.2973,0.3575,aspect_ratio,1.3154
483.8935,484.6866,485.2360,0.7931,1.3425,6.0000,5.8310,12.0000,0.0661,0.1837,29.8988,-0.2433,-0.6069,12.6879,424,dem_9t_1m,,0.9374,0.4559,2.8357,0.4202,303,0.7422,-0.3413,-0.9988,0.2524,-0.1943,0.2901,0.9375,0.2901,0.0826,-0.8979,0.2348,-0.5354,-0.5428,0.7576,effective_radius_m,0.9375
455.7517,456.4988,456.6910,0.7471,0.9393,5.5000,6.0000,11.0000,0.0679,0.1387,23.6665,-0.0401,-0.4281,1.1099,72,dem_9t_1m,,1.6038,0.5898,2.8349,0.4696,304,-0.8091,1.0021,-2.1888,0.1202,-0.7978,-0.0672,1.4317,-0.0672,0.1387,-1.0150,-0.1245,1.0453,0.0760,-1.6038,slope_inner_deg,-1.6038
540.2440,540.9437,542.4916,0.6996,2.2476,7.0000,5.8310,14.0000,0.0500,0.9841,35.9007,-0.2300,-0.4214,7.2493,570,dem_mk5_1m,,1.1856,0.6538,2.8318,0.4192,305,1.4483,1.7774,0.6146,-0.0163,1.1604,1.0048,0.9375,1.0048,-0.4186,1.1857,0.5809,-0.4319,0.0992,-0.3517,rim_symmetry_std_m,1.1857
492.3350,492.5582,492.6657,0.2232,0.3307,3.5000,5.0000,7.0000,0.0319,0.1144,2.8637,-0.1171,-0.1718,4.8447,445,dem_9t_1m,,1.7086,1.2014,2.8283,0.4870,306,-3.9027,-1.1261,-0.1505,-1.3853,-1.7087,-1.4965,-1.4929,-1.4965,-0.9820,-1.0783,-1.3239,0.4463,0.9631,-0.8421,depth_from_rim_max_m,-1.7087
448.2813,448.5810,449.1575,0.2997,0.8762,7.0000,5.3852,14.0000,0.0214,0.3336,15.3791,-0.0732,-0.1968,3.0404,84,dem_9t_1m,,1.3086,0.8842,2.8267,0.4432,307,-1.8194,1.8986,-0.4464,-1.1655,-0.8922,1.0048,-0.3664,1.0048,-1.3089,-0.5077,-0.6023,0.7878,0.8765,-1.2101,aspect_ratio,-1.3089
464.5109,464.9307,465.3815,0.4198,0.8705,5.5000,5.7439,11.0000,0.0382,0.5091,13.2973,-0.0575,-0.2832,3.0458,168,dem_9t_1m,,1.2090,0.6177,2.8216,0.4308,308,-1.7892,1.2727,-0.6779,-0.8204,-0.9007,-0.0672,0.6827,-0.0672,-0.7859,-0.0508,-0.7223,0.9099,0.5775,-1.2090,slope_inner_deg,-1.2090
492.3900,493.0799,494.1484,0.6899,1.7584,5.5000,5.3852,11.0000,0.0627,0.4406,21.8548,-0.1495,-0.4975,8.1458,159,dem_9t_1m,,0.4282,0.1801,2.8205,0.3976,309,-0.1170,-0.1021,0.1109,-0.0442,0.4282,-0.0672,-0.3664,-0.0672,-0.0232,-0.2292,-0.2289,0.1943,-0.1642,-0.1688,depth_from_rim_max_m,0.4282
490.4294,491.2811,491.8774,0.8517,1.4480,5.5000,6.0828,11.0000,0.0774,0.4388,26.9794,-0.1034,-0.5473,5.6838,181,dem_9t_1m,,1.6739,0.4147,2.8180,0.4360,310,0.3903,0.6437,-1.3477,0.4208,-0.0364,-0.0672,1.6739,-0.0672,0.4344,-0.2338,0.0665,0.5529,-0.3365,-0.6710,effective_radius_m,1.6739
418.4179,419.6283,420.6590,1.2104,2.2411,6.5000,5.8310,13.0000,0.0931,0.5031,53.5525,-0.1535,-0.7408,7.6708,42,dem_9t_1m,,1.5986,0.8053,2.8161,0.4571,311,2.7280,0.5575,-0.9299,1.4516,1.1507,0.6475,0.9375,0.6475,0.9232,-0.0665,1.5986,0.1632,-1.0062,-0.2657,volume_approx_m3,1.5986
396.8047,397.7873,399.3804,0.9826,2.5757,6.5000,5.6569,13.0000,0.0756,1.0803,43.4745,-0.1959,-0.6939,9.4812,40,dem_9t_1m,,1.6514,0.7380,2.8150,0.4615,312,2.5295,0.8147,0.8720,0.7970,1.6514,0.6475,0.4283,0.6475,0.3784,1.4361,1.0176,-0.1667,-0.8439,0.1036,depth_from_rim_max_m,1.6514
450.9229,452.0300,453.6273,1.1071,2.7044,7.0000,5.6569,14.0000,0.0791,1.2562,56.8060,-0.1731,-0.6142,8.5851,53,dem_9t_1m,,1.8940,0.9329,2.8139,0.4706,313,3.1967,1.4438,1.0468,1.1548,1.8441,1.0048,0.4283,1.0048,0.4873,1.8940,1.7862,0.0107,-0.5681,-0.0792,rim_symmetry_std_m,1.8940
465.7535,466.2844,466.7575,0.5309,1.0040,5.0000,5.0990,10.0000,0.0531,0.5957,13.8977,-0.1779,-0.4009,7.1388,63,dem_9t_1m,,1.2033,0.4555,2.8123,0.4167,314,-1.3510,-0.5471,0.4999,-0.5011,-0.7009,-0.4245,-1.2034,-0.4245,-0.3221,0.1746,-0.6877,-0.0266,0.1702,-0.3742,effective_radius_m,-1.2034
513.8382,514.0947,515.3488,0.2565,1.5106,7.0000,5.6569,14.0000,0.0183,0.8929,13.1633,-0.0643,-0.1791,4.2384,620,dem_mk5_1m,,1.4047,0.8753,2.8116,0.4407,315,-1.1866,2.6659,0.6686,-1.2896,0.0573,1.0048,0.4283,1.0048,-1.4054,0.9483,-0.7300,0.8570,0.9378,-0.9657,aspect_ratio,-1.4054
434.7406,435.4515,436.6137,0.7109,1.8731,7.0000,5.3852,14.0000,0.0508,0.6870,36.4770,-0.1953,-0.3730,9.0197,4,dem_9t_1m,,1.0048,0.4410,2.8108,0.4120,316,0.8465,1.0509,0.6085,0.0162,0.5999,1.0048,-0.3664,1.0048,-0.3937,0.4123,0.6141,-0.1620,0.2667,0.0094,rim_radius_m,1.0048
469.3431,470.3591,471.0313,1.0160,1.6881,6.5000,5.3852,13.0000,0.0782,0.6542,44.9503,-0.2729,-0.7579,13.8838,428,dem_9t_1m,,1.1026,0.6907,2.8064,0.4382,317,2.1741,-0.5641,0.2365,0.8930,0.3230,0.6475,-0.3664,0.6475,0.4593,0.3269,1.1026,-0.7656,-1.0654,1.0015,volume_approx_m3,1.1026
544.3564,545.1060,546.0023,0.7496,1.6459,7.0000,6.0828,14.0000,0.0535,0.4700,38.4657,-0.0908,-0.3076,8.5207,548,dem_mk5_1m,,1.6739,0.5906,2.8015,0.4295,318,0.7609,1.9569,-0.8040,0.1274,0.2598,1.0048,1.6739,1.0048,-0.3096,-0.1526,0.7288,0.6509,0.4931,-0.0923,effective_radius_m,1.6739
355.9010,356.0621,356.4704,0.1611,0.5694,4.0000,5.6569,8.0000,0.0201,0.1569,2.6998,-0.0426,-0.0830,3.3805,198,dem_9t_1m,,1.5637,1.1553,2.8005,0.4804,319,-3.7491,0.4640,-0.7683,-1.5638,-1.3514,-1.1392,0.4283,-1.1392,-1.3494,-0.9677,-1.3333,1.0258,1.2704,-1.1407,depth_from_rim_mean_m,-1.5638
467.8720,468.2364,468.5702,0.3643,0.6982,4.5000,5.0000,9.0000,0.0405,0.0644,7.7257,-0.1391,-0.2798,5.1955,590,dem_mk5_1m,,1.4929,0.8906,2.7828,0.4510,320,-2.7893,-0.8215,-0.2891,-0.9798,-1.1586,-0.7818,-1.4929,-0.7818,-0.7143,-1.2085,-1.0435,0.2752,0.5893,-0.7705,effective_radius_m,-1.4929
396.8023,397.8433,399.1740,1.0410,2.3718,6.0000,5.3852,12.0000,0.0868,0.9044,39.2454,-0.1495,-0.6751,7.1469,233,dem_9t_1m,,1.3462,0.6437,2.7744,0.4577,321,1.8989,0.2499,0.6160,0.9648,1.3463,0.2901,-0.3664,0.2901,0.7270,0.9782,0.7737,0.1943,-0.7788,-0.3725,depth_from_rim_max_m,1.3463
487.5331,488.0146,488.6902,0.4814,1.1570,7.0000,6.0828,14.0000,0.0344,0.2570,24.7042,-0.1069,-0.2790,4.5399,161,dem_9t_1m,,1.6739,0.7725,2.7709,0.4375,322,-0.5894,2.2005,-1.4271,-0.6433,-0.4719,1.0048,1.6739,1.0048,-0.9042,-0.7071,-0.0646,0.5257,0.5921,-0.9043,effective_radius_m,1.6739
443.3631,443.9137,444.0873,0.5506,0.7242,3.5000,5.0990,7.0000,0.0787,0.0759,7.0636,-0.3076,-0.3833,13.2693,404,dem_9t_1m,,1.4965,0.9670,2.7654,0.4753,323,-1.7786,-2.9252,-0.0064,-0.4445,-1.1197,-1.4965,-1.2034,-1.4965,0.4749,-1.1785,-1.0817,-1.0356,0.2311,0.8762,rim_radius_m,-1.4965
481.6234,482.5518,482.8800,0.9284,1.2567,4.5000,5.6569,9.0000,0.1032,0.2174,19.6882,-0.2097,-0.6914,11.5372,169,dem_9t_1m,,1.2363,0.6354,2.7642,0.4385,324,0.3593,-1.7614,-0.9915,0.6412,-0.3227,-0.7818,0.4283,-0.7818,1.2376,-0.8102,-0.3538,-0.2740,-0.8353,0.5229,aspect_ratio,1.2376
469.3628,470.4387,471.3360,1.0759,1.9732,5.0000,5.0495,10.0000,0.1076,0.7323,28.1669,-0.4020,-0.8738,15.1538,303,dem_9t_1m,,1.7697,0.9589,2.7626,0.4828,325,2.0582,-2.6670,1.0293,1.0651,0.7497,-0.4245,-1.3482,-0.4245,1.3746,0.5302,0.1350,-1.7699,-1.4665,1.2605,lrm5_depth_m,-1.7699
455.7519,456.5480,457.4796,0.7961,1.7277,6.0000,5.3852,12.0000,0.0663,0.9264,30.0127,-0.1794,-0.5602,8.6312,368,dem_9t_1m,,1.0355,0.3133,2.7488,0.4183,326,0.8083,0.2872,0.7465,0.2610,0.3822,0.2901,-0.3664,0.2901,0.0889,1.0355,0.2414,-0.0383,-0.3812,-0.0698,rim_symmetry_std_m,1.0355
474.2004,474.9028,476.6056,0.7024,2.4052,7.0000,6.0828,14.0000,0.0502,1.0951,36.0416,-0.0616,-0.2464,5.6811,591,dem_mk5_1m,,1.6739,0.8926,2.7446,0.4490,327,1.1220,2.9071,0.5678,-0.0082,1.3963,1.0048,1.6739,1.0048,-0.4123,1.4746,0.5890,0.8780,0.7049,-0.6715,effective_radius_m,1.6739
487.0332,487.8591,488.2934,0.8259,1.2603,7.0000,5.8310,14.0000,0.0590,0.1915,42.3806,-0.1812,-0.4686,8.0302,114,dem_9t_1m,,1.0048,0.5355,2.7423,0.4132,328,0.8824,1.0001,-1.4128,0.3467,-0.3173,1.0048,0.9375,1.0048,-0.1384,-0.8776,0.9545,-0.0523,-0.0642,-0.1924,rim_radius_m,1.0048
507.0742,507.4178,508.0766,0.3435,1.0023,4.0000,5.5210,8.0000,0.0429,0.3747,5.7555,-0.0987,-0.2665,5.5225,584,dem_mk5_1m,,1.1571,0.7434,2.7408,0.4351,329,-2.5344,-0.2195,-0.1664,-1.0396,-0.7035,-1.1392,0.0308,-1.1392,-0.6396,-0.4007,-1.1571,0.5894,0.6353,-0.7038,volume_approx_m3,-1.1571
443.6625,444.3671,444.9061,0.7046,1.2436,4.5000,5.3852,9.0000,0.0783,0.6383,14.9407,-0.2477,-0.5191,10.2298,406,dem_9t_1m,,0.7818,0.4286,2.7398,0.4181,330,-0.3773,-1.3170,0.3392,-0.0019,-0.3423,-0.7818,-0.3664,-0.7818,0.4624,0.2855,-0.6276,-0.5696,-0.2389,0.2562,rim_radius_m,-0.7818
492.3703,493.2849,494.2123,0.9146,1.8420,7.0000,5.6569,14.0000,0.0653,0.7255,46.9312,-0.1360,-0.4203,13.1280,493,dem_9t_1m,,1.2168,0.6028,2.7367,0.4272,331,1.6957,1.0219,0.3528,0.6016,0.5533,1.0048,0.4283,1.0048,0.0577,0.5125,1.2168,0.2993,0.1030,0.8473,volume_approx_m3,1.2168
512.3438,512.7031,514.0566,0.3593,1.7128,7.0000,5.3852,14.0000,0.0257,0.8699,18.4374,-0.2013,-0.2385,6.6776,642,dem_mk5_1m,,1.1761,0.6936,2.7312,0.4324,332,-0.4751,1.6917,1.1360,-0.9942,0.3599,1.0048,-0.3664,1.0048,-1.1750,0.8884,-0.4260,-0.2087,0.7322,-0.4683,aspect_ratio,-1.1750
485.5264,486.2262,487.1489,0.6998,1.6224,5.5000,5.8310,11.0000,0.0636,0.6585,22.1671,-0.0353,-0.4403,4.0357,543,dem_mk5_1m,,1.0826,0.3627,2.7298,0.4363,333,-0.2742,1.1518,-0.4524,-0.0157,0.2246,-0.0672,0.9375,-0.0672,0.0048,0.3381,-0.2109,1.0826,0.0338,-1.0071,lrm5_depth_m,1.0826
472.2837,473.6203,473.8098,1.3366,1.5262,6.0000,5.8310,12.0000,0.1114,0.1270,50.3901,-0.2263,-0.9433,11.0675,135,dem_9t_1m,,1.8144,0.9004,2.7282,0.4794,334,2.7249,-1.0215,-1.9577,1.8143,0.0807,0.2901,0.9375,0.2901,1.4928,-1.0455,1.4163,-0.4031,-1.7071,0.4271,depth_from_rim_mean_m,1.8143
495.0313,496.1223,496.9695,1.0910,1.9382,6.0000,5.8310,12.0000,0.0909,0.5023,41.1287,-0.3203,-0.7772,12.7284,390,dem_9t_1m,,1.1340,0.7420,2.7182,0.4455,335,2.4603,-0.6943,-0.5533,1.1085,0.6973,0.2901,0.9375,0.2901,0.8547,-0.0685,0.8823,-1.1344,-1.1322,0.7658,lrm5_depth_m,-1.1344
479.7152,480.7297,481.1310,1.0146,1.4158,5.0000,5.0990,10.0000,0.1015,0.5014,26.5610,-0.3288,-0.7872,15.6828,383,dem_9t_1m,,1.3684,0.7325,2.7143,0.4379,336,1.2538,-2.5497,0.4174,0.8890,-0.0846,-0.4245,-1.2034,-0.4245,1.1847,-0.0709,0.0424,-1.2005,-1.1668,1.3684,slope_inner_deg,1.3684
478.9973,479.9955,480.4755,0.9982,1.4782,7.0000,6.0000,14.0000,0.0713,0.2232,51.2219,-0.1552,-0.6284,7.7644,432,dem_9t_1m,,1.4642,0.7099,2.7139,0.4452,337,1.7743,1.0588,-1.7843,0.8418,0.0088,1.0048,1.4317,1.0048,0.2445,-0.7951,1.4642,0.1499,-0.6172,-0.2466,volume_approx_m3,1.4642
505.8589,506.1424,507.4608,0.2835,1.6019,7.0000,5.8310,14.0000,0.0203,0.9888,14.5476,-0.0474,-0.0505,2.8202,657,dem_mk5_1m,,1.3830,1.0157,2.7035,0.4545,338,-1.1637,3.1713,0.6311,-1.2120,0.1940,1.0048,0.9375,1.0048,-1.3431,1.1979,-0.6502,0.9885,1.3829,-1.2550,lrm11_depth_m,1.3829
466.0329,467.0842,467.5569,1.0514,1.5240,5.5000,5.3852,11.0000,0.0956,0.3443,33.3047,-0.3926,-0.8314,15.5554,61,dem_9t_1m,,1.6971,0.7130,2.6988,0.4402,339,1.8735,-2.1795,-0.2410,0.9947,0.0774,-0.0672,-0.3664,-0.0672,1.0010,-0.4798,0.4312,-1.6968,-1.3198,1.3424,lrm5_depth_m,-1.6968
482.4962,482.9734,483.2416,0.4772,0.7454,7.0000,5.6569,14.0000,0.0341,0.2271,24.4866,-0.1415,-0.2860,6.2881,78,dem_9t_1m,,1.0880,0.6663,2.6986,0.4290,340,-0.9115,1.4227,-1.0489,-0.6554,-1.0880,1.0048,0.4283,1.0048,-0.9135,-0.7849,-0.0772,0.2565,0.5678,-0.5477,depth_from_rim_max_m,-1.0880
446.8786,447.4466,448.2050,0.5681,1.3264,6.5000,5.0990,13.0000,0.0437,0.6355,25.1330,-0.2158,-0.4519,9.5809,221,dem_9t_1m,,1.2033,0.4087,2.6962,0.4245,341,-0.1525,0.2122,0.7453,-0.3942,-0.2184,0.6475,-1.2034,0.6475,-0.6147,0.2782,-0.0399,-0.3215,-0.0064,0.1239,effective_radius_m,-1.2034
487.3680,488.2379,488.5932,0.8699,1.2252,7.0000,5.9155,14.0000,0.0621,0.2300,44.6355,-0.1961,-0.5793,9.8156,528,dem_9t_1m,,1.1846,0.6115,2.6952,0.4322,342,1.2883,0.7995,-1.4756,0.4731,-0.3699,1.0048,1.1846,1.0048,-0.0419,-0.7774,1.0845,-0.1682,-0.4473,0.1718,effective_radius_m,1.1846
489.2010,489.6700,489.9789,0.4690,0.7779,7.0000,5.6569,14.0000,0.0335,0.1513,24.0638,-0.1567,-0.3496,7.0355,200,dem_9t_1m,,1.0393,0.6412,2.6919,0.4363,343,-0.8227,1.2312,-1.1411,-0.6790,-1.0393,1.0048,0.4283,1.0048,-0.9322,-0.9822,-0.1016,0.1383,0.3477,-0.3953,depth_from_rim_max_m,-1.0393
482.6693,483.0802,484.4133,0.4109,1.7441,7.0000,6.0414,14.0000,0.0294,0.8072,21.0869,-0.0043,-0.0833,2.1737,333,dem_9t_1m,,1.5529,0.9868,2.6887,0.4603,344,-0.7476,3.3428,-0.0734,-0.8459,0.4068,1.0048,1.5528,1.0048,-1.0599,0.7252,-0.2732,1.3238,1.2694,-1.3869,effective_radius_m,1.5528
484.2973,485.4357,485.7507,1.1385,1.4535,6.0000,5.6569,12.0000,0.0949,0.2369,42.9189,-0.3517,-0.8457,15.2456,116,dem_9t_1m,,1.3785,0.8211,2.6784,0.4589,345,2.3465,-1.5336,-0.9747,1.2450,-0.0282,0.2901,0.4283,0.2901,0.9792,-0.7594,0.9855,-1.3786,-1.3693,1.2792,lrm5_depth_m,-1.3786
563.1444,563.6462,565.2945,0.5018,2.1501,7.0000,5.3852,14.0000,0.0358,0.9623,25.7472,-0.0978,-0.2571,5.8132,621,dem_mk5_1m,,1.1290,0.7161,2.6764,0.4196,346,0.0480,2.0814,1.2928,-0.5847,1.0144,1.0048,-0.3664,1.0048,-0.8606,1.1289,-0.0045,0.5964,0.6678,-0.6446,rim_symmetry_std_m,1.1289
470.0867,470.1799,470.5963,0.0933,0.5097,3.5000,5.0990,7.0000,0.0133,0.2223,1.1964,0.0022,0.0548,4.8802,271,dem_9t_1m,,1.7587,1.3754,2.6698,0.5113,347,-4.5949,-0.1322,0.3293,-1.7586,-1.4408,-1.4965,-1.2034,-1.4965,-1.5611,-0.7974,-1.4200,1.3743,1.7473,-0.8349,depth_from_rim_mean_m,-1.7586
513.7388,514.3439,515.8757,0.6051,2.1369,7.0000,5.8310,14.0000,0.0432,0.9215,31.0494,-0.1771,-0.2860,9.9059,594,dem_mk5_1m,,1.0226,0.6328,2.6689,0.4192,348,0.8820,1.8710,0.8454,-0.2878,0.9947,1.0048,0.9375,1.0048,-0.6303,1.0227,0.3012,-0.0204,0.5678,0.1902,rim_symmetry_std_m,1.0227
546.5505,547.0385,548.5768,0.4879,2.0262,7.0000,5.6569,14.0000,0.0349,1.1979,25.0362,-0.0614,-0.1024,5.9194,565,dem_mk5_1m,,1.7423,0.8432,2.6607,0.4390,349,-0.0739,2.7373,1.4171,-0.6247,0.8290,1.0048,0.4283,1.0048,-0.8886,1.7422,-0.0455,0.8796,1.2033,-0.6229,rim_symmetry_std_m,1.7422
545.1146,545.3976,547.0739,0.2830,1.9592,7.0000,5.5210,14.0000,0.0202,1.2281,14.5225,-0.0406,-0.0439,4.5290,610,dem_mk5_1m,,1.8207,1.0140,2.6605,0.4606,350,-0.9564,2.9826,1.7594,-1.2135,0.7287,1.0048,0.0308,1.0048,-1.3463,1.8208,-0.6517,1.0414,1.4057,-0.9065,rim_symmetry_std_m,1.8208
547.4230,547.5499,547.8765,0.1270,0.4536,3.5000,5.0990,7.0000,0.0181,0.2289,1.6286,-0.0623,0.0246,5.4310,546,dem_mk5_1m,,1.6619,1.2916,2.6603,0.4946,351,-4.3432,-0.4578,0.2966,-1.6618,-1.5247,-1.4965,-1.2034,-1.4965,-1.4116,-0.7802,-1.3951,0.8726,1.6428,-0.7225,depth_from_rim_mean_m,-1.6618
548.0825,548.2935,548.8701,0.2110,0.7877,3.5000,5.2421,7.0000,0.0301,0.3130,2.7067,-0.0808,-0.0797,3.5049,653,dem_mk5_1m,,1.4965,1.1163,2.6586,0.4782,352,-3.7024,-0.3431,0.1285,-1.4204,-1.0247,-1.4965,-0.7849,-1.4965,-1.0381,-0.5613,-1.3329,0.7287,1.2818,-1.1154,rim_radius_m,-1.4965
476.8108,477.2950,478.3575,0.4843,1.5468,6.5000,5.6569,13.0000,0.0373,0.4354,21.4253,-0.0696,-0.2696,3.4454,182,dem_9t_1m,,1.1275,0.5772,2.6578,0.4189,353,-0.8402,1.8200,-0.4069,-0.6350,0.1115,0.6475,0.4283,0.6475,-0.8139,-0.2427,-0.2537,0.8158,0.6246,-1.1275,slope_inner_deg,-1.1275
480.1625,480.7520,481.2386,0.5895,1.0761,7.0000,6.2037,14.0000,0.0421,0.2168,30.2477,-0.0146,-0.2747,2.0487,98,dem_9t_1m,,2.0275,0.9052,2.6562,0.4654,354,-0.5317,2.6551,-2.0087,-0.3327,-0.5930,1.0048,2.0275,1.0048,-0.6645,-0.8117,0.2550,1.2437,0.6069,-1.4124,effective_radius_m,2.0275
414.4100,414.7639,415.5486,0.3539,1.1386,5.5000,5.6569,11.0000,0.0322,0.6686,11.2102,-0.0681,-0.2510,2.9356,69,dem_9t_1m,,1.2315,0.6364,2.6514,0.4363,355,-1.8122,1.4222,-0.0564,-1.0097,-0.4995,-0.0672,0.4283,-0.0672,-0.9727,0.3644,-0.8426,0.8275,0.6890,-1.2315,slope_inner_deg,-1.2315
524.9116,525.8063,527.0202,0.8947,2.1086,7.0000,5.6569,14.0000,0.0639,1.0834,45.9102,-0.1524,-0.4914,6.4278,685,dem_mk5_1m,,1.4442,0.6714,2.6481,0.4239,356,1.8535,1.7059,0.5746,0.5444,0.9523,1.0048,0.4283,1.0048,0.0141,1.4442,1.1580,0.1717,-0.1431,-0.5192,rim_symmetry_std_m,1.4442
461.9407,463.0491,463.7516,1.1084,1.8109,6.0000,5.3852,12.0000,0.0924,0.5277,41.7856,-0.3904,-0.8459,16.3964,151,dem_9t_1m,,1.6798,0.8181,2.6376,0.4514,357,2.5901,-1.7192,0.1845,1.1585,0.5068,0.2901,-0.3664,0.2901,0.9014,-0.0024,0.9202,-1.6797,-1.3700,1.5140,lrm5_depth_m,-1.6797
450.7576,451.8126,452.6358,1.0550,1.8782,5.0000,5.3852,10.0000,0.1055,0.6657,27.6204,-0.3700,-0.8321,17.1195,328,dem_9t_1m,,1.6614,0.8275,2.6368,0.4583,358,2.0268,-2.3682,0.6398,1.0051,0.6075,-0.4245,-0.3664,-0.4245,1.3092,0.3568,0.1035,-1.5210,-1.3222,1.6614,slope_inner_deg,1.6614
444.2500,444.8456,445.7534,0.5956,1.5034,5.5000,5.8310,11.0000,0.0541,0.4822,18.8667,-0.0438,-0.4043,3.4070,512,dem_9t_1m,,1.1353,0.4141,2.6364,0.4242,359,-0.7763,1.1832,-0.7228,-0.3151,0.0465,-0.0672,0.9375,-0.0672,-0.2909,-0.1209,-0.4012,1.0165,0.1584,-1.1353,slope_inner_deg,-1.1353
476.5511,477.3648,479.0723,0.8136,2.5211,7.0000,6.0000,14.0000,0.0581,1.0042,41.7495,-0.0829,-0.3711,7.0501,592,dem_mk5_1m,,1.5698,0.8202,2.6288,0.4406,360,1.6891,2.4244,0.4716,0.3113,1.5697,1.0048,1.4317,1.0048,-0.1664,1.2380,0.9181,0.7124,0.2733,-0.3923,depth_from_rim_max_m,1.5697
480.2534,481.3107,481.9476,1.0573,1.6942,5.0000,5.0990,10.0000,0.1057,0.6340,27.6796,-0.3363,-0.8217,13.7461,270,dem_9t_1m,,1.3163,0.7829,2.6268,0.4421,361,1.5847,-2.3702,0.5853,1.0117,0.3321,-0.4245,-1.2034,-0.4245,1.3154,0.2743,0.1069,-1.2588,-1.2862,0.9734,aspect_ratio,1.3154
436.3494,437.3770,438.0077,1.0275,1.6583,5.5000,5.0990,11.0000,0.0934,0.5246,32.5497,-0.3624,-0.8363,17.4763,508,dem_9t_1m,,1.7342,0.7642,2.6245,0.4498,362,1.8501,-2.3576,0.6554,0.9260,0.2784,-0.0672,-1.2034,-0.0672,0.9325,-0.0105,0.3877,-1.4618,-1.3368,1.7342,slope_inner_deg,1.7342
485.2981,486.1208,486.9569,0.8227,1.6588,7.0000,6.0000,14.0000,0.0588,0.6714,42.2161,-0.0953,-0.3339,5.2187,385,dem_9t_1m,,1.4319,0.6640,2.6229,0.4216,363,0.9861,2.1513,-0.7015,0.3375,0.2791,1.0048,1.4317,1.0048,-0.1446,0.3717,0.9450,0.6159,0.4020,-0.7658,effective_radius_m,1.4317
481.6884,482.3031,482.7690,0.6147,1.0805,7.0000,5.8310,14.0000,0.0439,0.2130,31.5396,-0.1698,-0.4422,8.4783,396,dem_9t_1m,,1.0048,0.5198,2.6190,0.4215,364,0.1008,1.1716,-1.2013,-0.2603,-0.5864,1.0048,0.9375,1.0048,-0.6085,-0.8216,0.3294,0.0364,0.0272,-0.1010,rim_radius_m,1.0048
554.5098,555.1028,556.8525,0.5931,2.3428,7.0000,5.5210,14.0000,0.0424,1.0584,30.4325,-0.1525,-0.2762,7.4462,603,dem_mk5_1m,,1.3790,0.6410,2.6160,0.4241,365,0.7368,1.9522,1.4143,-0.3223,1.3029,1.0048,0.0308,1.0048,-0.6552,1.3791,0.2656,0.1709,0.6017,-0.3115,rim_symmetry_std_m,1.3791
540.6832,541.0805,541.9100,0.3973,1.2268,4.5000,5.6569,9.0000,0.0441,0.4350,8.4259,-0.0947,-0.2867,5.4622,596,dem_mk5_1m,,1.0032,0.6358,2.6060,0.4217,366,-1.9721,0.2698,-0.2113,-0.8850,-0.3675,-0.7818,0.4283,-0.7818,-0.6022,-0.2437,-1.0032,0.6206,0.5654,-0.7161,volume_approx_m3,-1.0032
483.1604,484.2061,484.5034,1.0457,1.3429,5.5000,5.8310,11.0000,0.0951,0.2049,33.1240,-0.1181,-0.6848,6.8972,13,dem_9t_1m,,0.9842,0.5605,2.6048,0.4334,367,0.8871,-0.2664,-1.7097,0.9783,-0.1937,-0.0672,0.9375,-0.0672,0.9854,-0.8427,0.4208,0.4385,-0.8124,-0.4235,aspect_ratio,0.9854
487.2505,487.8158,488.9403,0.5653,1.6898,6.5000,5.3852,13.0000,0.0435,0.5237,25.0129,-0.1848,-0.3911,7.7536,113,dem_9t_1m,,0.6475,0.3276,2.6013,0.4071,368,-0.0806,0.7904,0.3222,-0.4022,0.3255,0.6475,-0.3664,0.6475,-0.6209,-0.0128,-0.0468,-0.0803,0.2041,-0.2488,rim_radius_m,0.6475
553.3172,553.7925,555.2974,0.4753,1.9802,7.0000,5.8310,14.0000,0.0340,1.1968,24.3911,-0.0740,-0.1470,6.7026,547,dem_mk5_1m,,1.7393,0.8547,2.5998,0.4339,369,0.0514,2.7841,1.2091,-0.6609,0.7602,1.0048,0.9375,1.0048,-0.9167,1.7394,-0.0827,0.7816,1.0489,-0.4632,rim_symmetry_std_m,1.7394
432.9992,433.8253,435.3843,0.8262,2.3851,7.0000,5.3852,14.0000,0.0590,1.1267,42.3931,-0.2949,-0.5315,12.6445,208,dem_9t_1m,,1.5568,0.7915,2.5995,0.4474,370,2.2260,0.6535,1.6794,0.3475,1.3662,1.0048,-0.3664,1.0048,-0.1384,1.5569,0.9552,-0.9368,-0.2818,0.7487,rim_symmetry_std_m,1.5569
420.3101,420.7410,421.3137,0.4309,1.0036,3.5000,5.0990,7.0000,0.0616,0.2289,5.5282,-0.2110,-0.2907,8.0715,254,dem_9t_1m,,1.4965,0.7922,2.5952,0.4387,371,-2.3778,-1.8044,0.2240,-0.7885,-0.7015,-1.4965,-1.2034,-1.4965,-0.0575,-0.7802,-1.1702,-0.2841,0.5516,-0.1840,rim_radius_m,-1.4965
483.1347,483.7330,483.8884,0.5983,0.7537,6.0000,6.0828,12.0000,0.0499,0.1361,22.5553,-0.0637,-0.3264,3.1138,154,dem_9t_1m,,1.6739,0.7050,2.5794,0.4536,372,-1.0805,1.4428,-2.0505,-0.3074,-1.0756,0.2901,1.6739,0.2901,-0.4217,-1.0218,-0.1885,0.8617,0.4280,-1.1951,effective_radius_m,1.6739
490.0857,490.5359,490.9829,0.4503,0.8973,3.5000,5.3852,7.0000,0.0643,0.2865,5.7764,-0.1606,-0.2973,8.3390,376,dem_9t_1m,,1.4965,0.6848,2.5753,0.4480,373,-2.2943,-1.4024,-0.1167,-0.7327,-0.8606,-1.4965,-0.3664,-1.4965,0.0266,-0.6303,-1.1559,0.1079,0.5287,-0.1294,rim_radius_m,-1.4965
431.7551,432.1144,432.8367,0.3593,1.0816,7.0000,5.3852,14.0000,0.0257,0.5672,18.4374,-0.1584,-0.2630,7.6834,482,dem_9t_1m,,1.1761,0.6085,2.5707,0.4288,374,-0.9945,1.3961,0.3086,-0.9942,-0.5848,1.0048,-0.3664,1.0048,-1.1750,0.1004,-0.4260,0.1250,0.6474,-0.2631,aspect_ratio,-1.1750
480.5816,480.9991,481.2853,0.4175,0.7037,5.5000,5.0990,11.0000,0.0380,0.3350,13.2258,-0.1783,-0.3369,7.2090,489,dem_9t_1m,,1.2033,0.5564,2.5683,0.4276,375,-1.8394,-0.2497,0.0313,-0.8270,-1.1504,-0.0672,-1.2034,-0.0672,-0.7921,-0.5040,-0.7264,-0.0298,0.3917,-0.3599,effective_radius_m,-1.2034
471.6636,472.9247,473.6649,1.2611,2.0013,5.5000,5.3852,11.0000,0.1146,0.4556,39.9500,-0.3374,-0.9392,13.8369,433,dem_9t_1m,,1.6928,0.8583,2.5673,0.4581,376,2.7577,-2.0526,-0.2242,1.5973,0.7917,-0.0672,-0.3664,-0.0672,1.5925,-0.1901,0.8143,-1.2674,-1.6929,0.9919,lrm11_depth_m,-1.6929
478.4558,479.6092,479.9732,1.1534,1.5174,5.0000,5.3852,10.0000,0.1153,0.3229,30.1963,-0.2569,-0.8712,11.5411,75,dem_9t_1m,,1.6156,0.6906,2.5670,0.4428,377,1.5669,-2.0835,-0.7184,1.2878,0.0675,-0.4245,-0.3664,-0.4245,1.6143,-0.5355,0.2520,-0.6412,-1.4575,0.5237,aspect_ratio,1.6143
469.9199,470.3900,470.8880,0.4701,0.9681,5.0000,5.8310,10.0000,0.0470,0.3494,12.3062,-0.0558,-0.3324,3.7851,170,dem_9t_1m,,1.0582,0.6694,2.5636,0.4288,378,-1.7557,0.7860,-1.0007,-0.6758,-0.7547,-0.4245,0.9375,-0.4245,-0.5120,-0.4666,-0.7794,0.9232,0.4072,-1.0582,slope_inner_deg,-1.0582
407.7551,408.1665,408.6700,0.4114,0.9150,3.5000,5.0990,7.0000,0.0588,0.4876,5.2780,-0.1953,-0.2268,8.3894,194,dem_9t_1m,,1.4965,0.7605,2.5625,0.4551,379,-2.4512,-1.5383,0.7017,-0.8445,-0.8341,-1.4965,-1.2034,-1.4965,-0.1446,-0.1068,-1.1847,-0.1620,0.7727,-0.1191,rim_radius_m,-1.4965
475.1004,475.8976,476.4249,0.7971,1.3245,5.5000,5.3852,11.0000,0.0725,0.6363,25.2519,-0.2354,-0.5970,11.4106,47,dem_9t_1m,,0.5086,0.2781,2.5615,0.4068,380,0.4514,-0.7653,0.2517,0.2639,-0.2212,-0.0672,-0.3664,-0.0672,0.2819,0.2803,-0.0331,-0.4739,-0.5085,0.4971,lrm11_depth_m,-0.5085
440.6774,441.3627,441.9634,0.6852,1.2859,4.0000,5.3852,8.0000,0.0857,0.4417,11.4813,-0.2347,-0.5291,12.4143,240,dem_9t_1m,,1.1392,0.5609,2.5601,0.4270,381,-0.6098,-1.9404,0.2208,-0.0577,-0.2790,-1.1392,-0.3664,-1.1392,0.6928,-0.2263,-0.8270,-0.4685,-0.2735,0.7018,rim_radius_m,-1.1392
528.7619,529.3353,530.3635,0.5734,1.6016,7.0000,5.8310,14.0000,0.0410,0.9321,29.4209,-0.0656,-0.2434,2.9320,574,dem_mk5_1m,,1.2322,0.7520,2.5601,0.4216,382,-0.0142,2.6703,0.0788,-0.3789,0.1935,1.0048,0.9375,1.0048,-0.6987,1.0503,0.2073,0.8469,0.7153,-1.2322,slope_inner_deg,-1.2322
498.4668,499.1510,499.3717,0.6842,0.9049,4.5000,5.0000,9.0000,0.0760,0.1143,14.5084,-0.1940,-0.4824,10.1700,164,dem_9t_1m,,1.4929,0.5997,2.5558,0.4303,383,-1.2236,-1.9042,-0.2169,-0.0605,-0.8493,-0.7818,-1.4929,-0.7818,0.3908,-1.0786,-0.6525,-0.1519,-0.1119,0.2440,effective_radius_m,-1.4929
467.1060,467.3553,467.9080,0.2493,0.8020,6.5000,5.3852,13.0000,0.0192,0.3783,11.0313,-0.0535,-0.1974,3.1445,172,dem_9t_1m,,1.3780,0.8729,2.5554,0.4517,384,-2.2433,1.6958,-0.3137,-1.3103,-1.0033,0.6475,-0.3664,0.6475,-1.3774,-0.3913,-0.8530,0.9411,0.8745,-1.1889,aspect_ratio,-1.3774
442.1180,443.1929,444.2596,1.0749,2.1416,7.0000,6.0828,14.0000,0.0768,0.6908,55.1555,-0.1129,-0.5364,5.3288,9,dem_9t_1m,,1.6910,0.8906,2.5511,0.4606,385,2.3744,1.9087,-0.9160,1.0622,1.0017,1.0048,1.6739,1.0048,0.4157,0.4222,1.6910,0.4790,-0.2988,-0.7434,volume_approx_m3,1.6910
490.4812,491.7014,492.1157,1.2202,1.6345,5.5000,5.3852,11.0000,0.1109,0.2087,38.6536,-0.3422,-0.9625,15.1664,375,dem_9t_1m,,1.7736,0.8741,2.5481,0.4690,386,2.3981,-2.3749,-0.7270,1.4798,0.2427,-0.0672,-0.3664,-0.0672,1.4773,-0.8328,0.7396,-1.3047,-1.7735,1.2631,lrm11_depth_m,-1.7735
435.0799,436.1409,436.8204,1.0610,1.7406,7.0000,5.8310,14.0000,0.0758,0.5902,54.4430,-0.1892,-0.6476,10.2016,24,dem_9t_1m,,1.6499,0.6922,2.5471,0.4333,387,2.3942,0.8321,-0.7009,1.0223,0.4015,1.0048,0.9375,1.0048,0.3846,0.1603,1.6499,-0.1145,-0.6837,0.2505,volume_approx_m3,1.6499
459.5285,460.3966,460.8749,0.8681,1.3464,7.0000,5.6569,14.0000,0.0620,0.4311,44.5431,-0.2367,-0.5952,9.7766,505,dem_9t_1m,,1.0792,0.5111,2.5460,0.4201,388,1.4263,0.5583,-0.7514,0.4679,-0.1885,1.0048,0.4283,1.0048,-0.0450,-0.2539,1.0792,-0.4840,-0.5023,0.1638,volume_approx_m3,1.0792
473.1848,474.0094,474.7046,0.8245,1.5197,6.5000,6.0828,13.0000,0.0634,0.5812,36.4803,-0.0247,-0.4435,1.3814,196,dem_9t_1m,,1.6739,0.6246,2.5433,0.4701,389,0.4983,2.1740,-1.3754,0.3427,0.0709,0.6475,1.6739,0.6475,-0.0014,0.1369,0.6143,1.1651,0.0227,-1.5485,effective_radius_m,1.6739
470.3592,471.0956,472.0867,0.7364,1.7275,6.5000,5.8310,13.0000,0.0566,0.9015,32.5795,-0.0793,-0.4322,4.8394,76,dem_9t_1m,,0.9707,0.5383,2.5412,0.4244,390,0.6036,1.8419,-0.0323,0.0895,0.3819,0.6475,0.9375,0.6475,-0.2131,0.9706,0.3894,0.7404,0.0618,-0.8432,rim_symmetry_std_m,0.9706
473.7046,474.0458,474.3298,0.3412,0.6252,4.5000,5.0990,9.0000,0.0379,0.2407,7.2351,-0.0489,-0.1952,3.2531,140,dem_9t_1m,,1.2679,0.9749,2.5353,0.4489,391,-3.1043,-0.1020,-0.2279,-1.0462,-1.2679,-0.7818,-1.2034,-0.7818,-0.7953,-0.7495,-1.0718,0.9768,0.8821,-1.1667,depth_from_rim_max_m,-1.2679
450.3047,450.7542,451.3574,0.4495,1.0526,3.5000,5.0990,7.0000,0.0642,0.2489,5.7666,-0.2098,-0.3126,9.6283,150,dem_9t_1m,,1.4965,0.7593,2.5343,0.4409,392,-2.2077,-1.9437,0.3622,-0.7350,-0.6282,-1.4965,-1.2034,-1.4965,0.0235,-0.7282,-1.1565,-0.2748,0.4758,0.1336,rim_radius_m,-1.4965
483.7578,484.3601,484.9280,0.6023,1.1702,7.0000,5.6569,14.0000,0.0430,0.3632,30.9054,-0.2314,-0.4041,8.6846,490,dem_9t_1m,,1.0048,0.4732,2.5306,0.4187,393,0.1833,0.9541,-0.6084,-0.2959,-0.4522,1.0048,0.4283,1.0048,-0.6365,-0.4306,0.2929,-0.4428,0.1591,-0.0589,rim_radius_m,1.0048
426.9664,427.9830,428.3396,1.0166,1.3732,4.5000,5.3852,9.0000,0.1130,0.2544,21.5578,-0.2519,-0.7677,12.4557,74,dem_9t_1m,,1.5413,0.7169,2.5305,0.4274,394,0.7687,-2.3789,-0.6039,0.8947,-0.1483,-0.7818,-0.3664,-0.7818,1.5427,-0.7139,-0.2460,-0.6023,-1.0993,0.7102,aspect_ratio,1.5427
488.8710,489.5340,489.7960,0.6630,0.9249,5.0000,5.0990,10.0000,0.0663,0.1190,17.3572,-0.3095,-0.5511,11.7163,400,dem_9t_1m,,1.2033,0.5997,2.5301,0.4317,395,-0.6682,-1.8996,-0.2410,-0.1215,-0.8193,-0.4245,-1.2034,-0.4245,0.0889,-1.0663,-0.4882,-1.0503,-0.3497,0.5594,effective_radius_m,-1.2034
466.4254,466.8928,467.1808,0.4674,0.7555,6.5000,6.0828,13.0000,0.0360,0.1725,20.6814,-0.0535,-0.2408,1.5669,538,dem_mk5_1m,,1.6739,0.9073,2.5221,0.4645,396,-1.3908,2.1520,-1.9415,-0.6836,-1.0729,0.6475,1.6739,0.6475,-0.8544,-0.9271,-0.2966,0.9411,0.7243,-1.5106,effective_radius_m,1.6739
420.5182,420.7387,421.8492,0.2206,1.3310,7.0000,5.6569,14.0000,0.0158,0.6615,11.3170,-0.0204,-0.1082,3.3939,7,dem_9t_1m,,1.4847,0.9299,2.5209,0.4632,397,-1.7172,2.7592,0.2012,-1.3928,-0.2115,1.0048,0.4283,1.0048,-1.4832,0.3459,-0.8365,1.1985,1.1832,-1.1380,aspect_ratio,-1.4832
510.7427,510.9804,512.0392,0.2376,1.2965,6.0000,5.3852,12.0000,0.0198,0.5429,8.9588,-0.0308,-0.1528,3.6927,663,dem_mk5_1m,,1.3586,0.7405,2.5185,0.4478,398,-2.2129,1.6744,0.3767,-1.3440,-0.2631,0.2901,-0.3664,0.2901,-1.3587,0.0372,-0.9724,1.1176,1.0288,-1.0770,aspect_ratio,-1.3587
436.6122,436.7698,437.1114,0.1576,0.4992,6.0000,5.6569,12.0000,0.0131,0.1816,5.9423,-0.0936,-0.0957,3.5174,73,dem_9t_1m,,1.5738,0.9657,2.5182,0.4764,399,-2.8973,1.5142,-0.9018,-1.5739,-1.4565,0.2901,0.4283,0.2901,-1.5673,-0.9034,-1.1464,0.6291,1.2265,-1.1128,depth_from_rim_mean_m,-1.5739
487.5785,488.4790,488.8915,0.9005,1.3130,6.5000,6.0828,13.0000,0.0693,0.2387,39.8410,-0.0679,-0.4925,1.9166,107,dem_9t_1m,,1.6739,0.7207,2.5157,0.4594,400,0.6001,1.6273,-2.1419,0.5611,-0.2384,0.6475,1.6739,0.6475,0.1823,-0.7547,0.8081,0.8290,-0.1469,-1.4393,effective_radius_m,1.6739
476.0581,476.7878,477.4285,0.7297,1.3704,5.0000,5.8310,10.0000,0.0730,0.2870,19.1029,-0.1206,-0.5166,7.0916,228,dem_9t_1m,,0.9374,0.3960,2.5146,0.4117,401,-0.3680,-0.0981,-1.0390,0.0702,-0.1525,-0.4245,0.9375,-0.4245,0.2974,-0.6290,-0.3876,0.4191,-0.2303,-0.3838,effective_radius_m,0.9375
484.9212,485.4142,486.0912,0.4929,1.1700,5.5000,5.7439,11.0000,0.0448,0.2082,15.6146,-0.0947,-0.3601,6.3488,162,dem_9t_1m,,0.8342,0.4864,2.5062,0.4078,402,-1.2884,0.6348,-0.8937,-0.6103,-0.4525,-0.0672,0.6827,-0.0672,-0.5804,-0.8341,-0.5887,0.6206,0.3114,-0.5353,rim_symmetry_std_m,-0.8341
440.0144,441.1170,442.4556,1.1026,2.4412,7.0000,6.0000,14.0000,0.0788,0.9528,56.5789,-0.2220,-0.6326,11.8402,37,dem_9t_1m,,1.7731,0.9976,2.5046,0.4704,403,3.2758,1.1508,0.1987,1.1418,1.4501,1.0048,1.4317,1.0048,0.4780,1.1042,1.7731,-0.3697,-0.6318,0.5847,volume_approx_m3,1.7731
461.7487,462.3419,463.8189,0.5931,2.0702,6.0000,5.3852,12.0000,0.0494,0.8138,22.3597,-0.1540,-0.3997,7.2491,224,dem_9t_1m,,0.8948,0.3844,2.5032,0.4194,404,0.0527,0.8070,0.9939,-0.3223,0.8949,0.2901,-0.3664,0.2901,-0.4372,0.7423,-0.1998,0.1593,0.1743,-0.3517,depth_from_rim_max_m,0.8949
458.2193,459.0661,460.1303,0.8469,1.9110,7.0000,5.3852,14.0000,0.0605,0.7569,43.4548,-0.2801,-0.5341,11.9963,297,dem_9t_1m,,1.0164,0.6246,2.4977,0.4277,405,1.7924,0.3859,0.7085,0.4070,0.6566,1.0048,-0.3664,1.0048,-0.0917,0.5942,1.0164,-0.8216,-0.2908,0.6165,volume_approx_m3,1.0164
486.5000,487.2691,487.7641,0.7691,1.2641,6.5000,5.3852,13.0000,0.0592,0.3541,34.0297,-0.2350,-0.6090,12.1254,421,dem_9t_1m,,0.6475,0.4438,2.4976,0.4192,406,0.7288,-0.2522,-0.2678,0.1834,-0.3116,0.6475,-0.3664,0.6475,-0.1322,-0.4543,0.4730,-0.4708,-0.5501,0.6429,rim_radius_m,0.6475
468.9087,469.3441,469.6660,0.4355,0.7574,6.5000,6.0828,13.0000,0.0335,0.2138,19.2677,-0.0373,-0.2581,1.6434,283,dem_9t_1m,,1.6739,0.9246,2.4962,0.4639,407,-1.4711,2.2363,-1.8485,-0.7752,-1.0700,0.6475,1.6739,0.6475,-0.9322,-0.8195,-0.3781,1.0671,0.6644,-1.4950,effective_radius_m,1.6739
491.8600,492.7961,493.4080,0.9362,1.5480,7.0000,5.8310,14.0000,0.0669,0.4228,48.0367,-0.1153,-0.5866,5.4818,475,dem_9t_1m,,1.2806,0.6392,2.4958,0.4187,408,1.4345,1.4001,-1.2754,0.6637,0.1133,1.0048,0.9375,1.0048,0.1075,-0.2755,1.2806,0.4603,-0.4725,-0.7121,volume_approx_m3,1.2806
360.9144,361.9066,362.3876,0.9922,1.4732,5.5000,5.0990,11.0000,0.0902,0.3476,31.4312,-0.2876,-0.7803,14.3585,215,dem_9t_1m,,1.2033,0.6284,2.4927,0.4327,409,1.2356,-1.9731,0.0872,0.8246,0.0013,-0.0672,-1.2034,-0.0672,0.8329,-0.4712,0.3232,-0.8800,-1.1429,1.0983,effective_radius_m,-1.2034
460.7520,461.3481,461.6656,0.5961,0.9137,5.0000,5.0990,10.0000,0.0596,0.3450,15.6059,-0.1430,-0.4134,5.9294,253,dem_9t_1m,,1.2033,0.4892,2.4920,0.4067,410,-1.4396,-0.6321,-0.1490,-0.3137,-0.8361,-0.4245,-1.2034,-0.4245,-0.1197,-0.4780,-0.5892,0.2448,0.1269,-0.6209,effective_radius_m,-1.2034
469.9374,470.8050,471.1215,0.8676,1.1841,6.5000,6.0828,13.0000,0.0667,0.2620,38.3841,-0.0671,-0.4641,2.6980,119,dem_9t_1m,,1.6739,0.6865,2.4880,0.4513,411,0.4316,1.6170,-2.0614,0.4665,-0.4314,0.6475,1.6739,0.6475,0.1013,-0.6941,0.7241,0.8353,-0.0486,-1.2799,effective_radius_m,1.6739
578.6405,579.3620,581.2355,0.7215,2.5950,7.0000,5.3852,14.0000,0.0515,1.3472,37.0219,-0.2137,-0.4135,10.8117,567,dem_mk5_1m,,2.1308,0.7324,2.4867,0.4544,412,1.7622,1.4031,2.2274,0.0467,1.6803,1.0048,-0.3664,1.0048,-0.3719,2.1309,0.6455,-0.3051,0.1265,0.3749,rim_symmetry_std_m,2.1309
423.7545,423.9418,424.4894,0.1874,0.7350,4.0000,5.3852,8.0000,0.0234,0.2977,3.1395,-0.0462,-0.1262,4.3630,88,dem_9t_1m,,1.4883,1.0409,2.4772,0.4585,413,-3.5452,0.1466,-0.0876,-1.4882,-1.1035,-1.1392,-0.3664,-1.1392,-1.2466,-0.6011,-1.3080,0.9978,1.1209,-0.9403,depth_from_rim_mean_m,-1.4882
480.5718,481.1161,481.3722,0.5444,0.8004,6.0000,5.8310,12.0000,0.0454,0.1465,20.5224,-0.1921,-0.4049,8.6944,79,dem_9t_1m,,1.0056,0.4726,2.4770,0.4251,414,-0.7871,0.3971,-1.2577,-0.4623,-1.0057,0.2901,0.9375,0.2901,-0.5618,-0.9947,-0.3057,-0.1371,0.1563,-0.0569,depth_from_rim_max_m,-1.0057
527.7296,528.3369,530.1414,0.6074,2.4119,7.0000,5.8310,14.0000,0.0434,1.2710,31.1653,-0.0842,-0.2639,4.5271,558,dem_mk5_1m,,1.9324,0.8867,2.4763,0.4379,415,0.8273,2.8418,1.1873,-0.2812,1.4063,1.0048,0.9375,1.0048,-0.6240,1.9325,0.3079,0.7022,0.6443,-0.9069,rim_symmetry_std_m,1.9325
416.2978,416.5974,417.5303,0.2996,1.2325,7.0000,5.6569,14.0000,0.0214,0.4601,15.3744,-0.0768,-0.2029,4.2589,442,dem_9t_1m,,1.3088,0.7845,2.4736,0.4319,416,-1.3727,2.2308,-0.2800,-1.1658,-0.3589,1.0048,0.4283,1.0048,-1.3089,-0.1784,-0.6026,0.7598,0.8554,-0.9616,aspect_ratio,-1.3089
494.7617,495.4170,497.0190,0.6552,2.2572,7.0000,5.8310,14.0000,0.0468,1.1382,33.6223,-0.0291,-0.3141,4.2533,644,dem_mk5_1m,,1.5869,0.8531,2.4721,0.4327,417,0.7699,2.8241,0.7516,-0.1439,1.1747,1.0048,0.9375,1.0048,-0.5182,1.5868,0.4495,1.1309,0.4706,-0.9627,rim_symmetry_std_m,1.5868
400.7482,401.1485,401.5452,0.4002,0.7969,3.5000,5.0990,7.0000,0.0572,0.3590,5.1343,-0.2483,-0.2423,10.8798,340,dem_9t_1m,,1.4965,0.8723,2.4650,0.4513,418,-2.4073,-1.9791,0.6141,-0.8767,-1.0109,-1.4965,-1.2034,-1.4965,-0.1944,-0.4416,-1.1929,-0.5743,0.7191,0.3888,rim_radius_m,-1.4965
487.1591,487.6700,487.8967,0.5110,0.7377,4.0000,5.0990,8.0000,0.0639,0.2039,8.5611,-0.1500,-0.4022,9.1350,133,dem_9t_1m,,1.2033,0.6712,2.4548,0.4216,419,-2.0990,-1.6252,-0.0998,-0.5583,-1.0995,-1.1392,-1.2034,-1.1392,0.0141,-0.8453,-0.9954,0.1904,0.1657,0.0329,effective_radius_m,-1.2034
469.8436,470.9925,472.1477,1.1490,2.3041,7.0000,5.7439,14.0000,0.0821,0.7454,58.9560,-0.1916,-0.6495,9.3540,16,dem_9t_1m,,1.9101,0.8334,2.4529,0.4388,420,2.9928,0.9412,-0.1633,1.2752,1.2449,1.0048,0.6827,1.0048,0.5807,0.5643,1.9101,-0.1332,-0.6902,0.0776,volume_approx_m3,1.9101
492.4156,492.9611,494.1707,0.5454,1.7551,5.5000,5.6569,11.0000,0.0496,0.7295,17.2783,-0.0914,-0.3813,4.8607,617,dem_mk5_1m,,0.8388,0.4196,2.4522,0.4162,421,-0.6229,1.0463,0.2443,-0.4594,0.4232,-0.0672,0.4283,-0.0672,-0.4310,0.5229,-0.4928,0.6462,0.2380,-0.8388,slope_inner_deg,-0.8388
528.3115,528.9487,530.5153,0.6371,2.2038,7.0000,5.8310,14.0000,0.0455,1.0402,32.6937,-0.1396,-0.3408,3.4484,551,dem_mk5_1m,,1.3318,0.7545,2.4481,0.4240,422,0.8525,2.4717,0.5154,-0.1959,1.0948,1.0048,0.9375,1.0048,-0.5587,1.3317,0.3960,0.2713,0.3782,-1.1269,rim_symmetry_std_m,1.3317
423.3154,423.9770,424.4304,0.6615,1.1150,4.5000,5.3852,9.0000,0.0735,0.5020,14.0282,-0.2304,-0.5370,10.8269,35,dem_9t_1m,,0.7818,0.4334,2.4464,0.4063,423,-0.6284,-1.3793,0.1097,-0.1258,-0.5348,-0.7818,-0.3664,-0.7818,0.3130,-0.0693,-0.6802,-0.4350,-0.3009,0.3780,rim_radius_m,-0.7818
352.8680,353.6449,354.0812,0.7769,1.2133,7.0000,5.8310,14.0000,0.0555,0.3065,39.8657,-0.0886,-0.4680,5.8718,217,dem_9t_1m,,1.0048,0.5944,2.4400,0.4121,424,0.5103,1.5379,-1.3730,0.2059,-0.3877,1.0048,0.9375,1.0048,-0.2474,-0.5782,0.8095,0.6680,-0.0621,-0.6326,rim_radius_m,1.0048
474.2161,474.9271,475.2538,0.7110,1.0378,7.0000,6.0000,14.0000,0.0508,0.2118,36.4817,-0.0899,-0.3645,4.8016,126,dem_9t_1m,,1.4319,0.7042,2.4395,0.4319,425,0.0768,1.8325,-1.7692,0.0165,-0.6503,1.0048,1.4317,1.0048,-0.3937,-0.8248,0.6144,0.6579,0.2961,-0.8509,effective_radius_m,1.4317
439.8372,440.8423,441.6472,1.0051,1.8100,7.0000,5.8310,14.0000,0.0718,0.7192,51.5742,-0.1685,-0.5530,6.8396,121,dem_9t_1m,,1.4845,0.6720,2.4373,0.4251,426,2.0502,1.3655,-0.5619,0.8617,0.5054,1.0048,0.9375,1.0048,0.2601,0.4961,1.4845,0.0465,-0.3563,-0.4352,volume_approx_m3,1.4845
441.9180,442.3431,442.8245,0.4251,0.9065,4.5000,5.0990,9.0000,0.0472,0.5670,9.0154,-0.1482,-0.2833,7.4213,1,dem_9t_1m,,1.2033,0.6446,2.4327,0.4198,427,-2.1025,-0.6251,0.6491,-0.8051,-0.8469,-0.7818,-1.2034,-0.7818,-0.5057,0.0999,-0.9692,0.2044,0.5772,-0.3166,effective_radius_m,-1.2034
504.5706,504.8476,506.1352,0.2769,1.5646,7.0000,5.3852,14.0000,0.0198,0.8878,14.2109,-0.0492,-0.1024,3.3938,612,dem_mk5_1m,,1.3593,0.9113,2.4309,0.4386,428,-1.3798,2.5489,1.0053,-1.2310,0.1381,1.0048,-0.3664,1.0048,-1.3587,0.9350,-0.6696,0.9745,1.2033,-1.1380,aspect_ratio,-1.3587
401.9500,402.6940,403.1417,0.7440,1.1917,4.0000,5.0990,8.0000,0.0930,0.4052,12.4662,-0.3859,-0.5785,15.7509,350,dem_9t_1m,,1.6446,0.8633,2.4282,0.4586,429,-0.1824,-3.1081,0.6338,0.1113,-0.4200,-1.1392,-1.2034,-1.1392,0.9200,-0.3213,-0.7702,-1.6447,-0.4445,1.3823,lrm5_depth_m,-1.6447
552.7519,553.4128,554.3544,0.6609,1.6025,7.0000,6.0000,14.0000,0.0472,0.8099,33.9151,-0.0705,-0.2769,3.3091,625,dem_mk5_1m,,1.4319,0.7301,2.4132,0.4300,430,0.3393,2.6241,-0.4286,-0.1275,0.1949,1.0048,1.4317,1.0048,-0.5057,0.7322,0.4664,0.8088,0.5993,-1.1553,effective_radius_m,1.4317
443.7341,444.4019,445.0642,0.6678,1.3301,6.5000,5.8310,13.0000,0.0514,0.2144,29.5469,-0.1821,-0.4633,7.9330,408,dem_9t_1m,,0.9374,0.3890,2.4082,0.4025,431,0.1732,0.8138,-1.1168,-0.1077,-0.2129,0.6475,0.9375,0.6475,-0.3750,-0.8180,0.2146,-0.0593,-0.0458,-0.2122,effective_radius_m,0.9375
454.4825,455.0358,455.6368,0.5533,1.1543,5.0000,5.3852,10.0000,0.0553,0.6400,14.4857,-0.1317,-0.3969,7.7263,288,dem_9t_1m,,0.6538,0.3723,2.4071,0.4043,432,-1.1206,-0.1216,0.3185,-0.4367,-0.4760,-0.4245,-0.3664,-0.4245,-0.2536,0.2899,-0.6538,0.3327,0.1840,-0.2544,volume_approx_m3,-0.6538
441.5031,442.4449,443.3394,0.9419,1.8364,5.0000,5.3852,10.0000,0.0942,0.5422,24.6579,-0.3535,-0.7430,14.8657,453,dem_9t_1m,,1.3925,0.6462,2.4056,0.4352,433,1.4023,-2.0225,0.4304,0.6800,0.5449,-0.4245,-0.3664,-0.4245,0.9574,0.0353,-0.0673,-1.3926,-1.0138,1.2018,lrm5_depth_m,-1.3926
487.8926,488.6789,489.1579,0.7862,1.2653,7.0000,5.8310,14.0000,0.0562,0.2309,40.3433,-0.1770,-0.5226,8.7406,440,dem_9t_1m,,1.0048,0.5133,2.4054,0.4104,434,0.8673,0.9720,-1.2931,0.2326,-0.3098,1.0048,0.9375,1.0048,-0.2256,-0.7750,0.8370,-0.0196,-0.2510,-0.0475,rim_radius_m,1.0048
453.6608,454.4215,455.3243,0.7607,1.6635,7.0000,6.0828,14.0000,0.0543,0.7516,39.0342,-0.0547,-0.3816,2.4510,358,dem_9t_1m,,1.6739,0.7503,2.4019,0.4432,435,0.7628,2.6220,-0.8537,0.1593,0.2861,1.0048,1.6739,1.0048,-0.2847,0.5804,0.7615,0.9317,0.2370,-1.3303,effective_radius_m,1.6739
457.3200,457.7317,457.9276,0.4117,0.6076,4.5000,5.0990,9.0000,0.0457,0.1065,8.7300,-0.0856,-0.2756,4.5592,239,dem_9t_1m,,1.2942,0.8851,2.3926,0.4364,436,-2.7689,-0.5680,-0.5006,-0.8436,-1.2942,-0.7818,-1.2034,-0.7818,-0.5524,-1.0989,-0.9856,0.6913,0.6038,-0.9003,depth_from_rim_max_m,-1.2942
565.0075,565.1729,565.4411,0.1654,0.4336,4.0000,5.3852,8.0000,0.0207,0.1433,2.7714,-0.0428,-0.0958,2.1715,569,dem_mk5_1m,,1.5547,1.1866,2.3919,0.4752,437,-3.9726,0.2150,-0.6363,-1.5514,-1.5547,-1.1392,-0.3664,-1.1392,-1.3307,-1.0031,-1.3292,1.0243,1.2261,-1.3873,depth_from_rim_max_m,-1.5547
477.8684,478.6068,478.8748,0.7384,1.0063,5.5000,5.8310,11.0000,0.0671,0.1689,23.3900,-0.0384,-0.4578,2.3292,487,dem_9t_1m,,1.3551,0.4996,2.3884,0.4417,438,-0.7856,0.7607,-1.8124,0.0952,-0.6975,-0.0672,0.9375,-0.0672,0.1138,-0.9364,-0.1404,1.0585,-0.0268,-1.3551,slope_inner_deg,-1.3551
436.1602,436.8418,437.6883,0.6816,1.5282,4.5000,5.0990,9.0000,0.0757,0.5151,14.4541,-0.3392,-0.5410,12.5032,70,dem_9t_1m,,1.2812,0.5734,2.3845,0.4373,439,-0.2021,-2.0590,0.8504,-0.0680,0.0836,-0.7818,-1.2034,-0.7818,0.3815,-0.0352,-0.6556,-1.2814,-0.3147,0.7199,lrm5_depth_m,-1.2814
449.3831,449.9487,451.4330,0.5656,2.0499,7.0000,5.3852,14.0000,0.0404,0.8633,29.0231,-0.1610,-0.3324,8.1599,39,dem_9t_1m,,1.0048,0.5539,2.3833,0.4124,440,0.4375,1.5198,1.1256,-0.4014,0.8645,1.0048,-0.3664,1.0048,-0.7174,0.8712,0.1844,0.1048,0.4072,-0.1659,rim_radius_m,1.0048
436.1014,436.7167,437.2303,0.6153,1.1289,6.0000,5.6569,12.0000,0.0513,0.4683,23.1972,-0.1418,-0.4625,9.6676,256,dem_9t_1m,,0.5139,0.2643,2.3807,0.3986,441,-0.3094,0.4504,-0.3688,-0.2585,-0.5140,0.2901,0.4283,0.2901,-0.3781,-0.1570,-0.1515,0.2542,-0.0430,0.1416,depth_from_rim_max_m,-0.5140
498.4251,499.0365,500.1391,0.6114,1.7140,5.5000,5.3852,11.0000,0.0556,0.5909,19.3674,-0.1062,-0.4124,4.3176,587,dem_mk5_1m,,0.9496,0.3203,2.3730,0.4055,442,-0.6096,0.5589,0.1950,-0.2697,0.3617,-0.0672,-0.3664,-0.0672,-0.2442,0.1621,-0.3723,0.5311,0.1304,-0.9496,slope_inner_deg,-0.9496
526.2769,526.6557,528.1232,0.3788,1.8463,7.0000,5.3852,14.0000,0.0271,1.0695,19.4364,-0.1102,-0.1512,5.6839,550,dem_mk5_1m,,1.4081,0.8171,2.3711,0.4314,443,-0.5585,2.2529,1.5064,-0.9382,0.5597,1.0048,-0.3664,1.0048,-1.1315,1.4080,-0.3684,0.5000,1.0344,-0.6709,rim_symmetry_std_m,1.4080
444.7500,445.7001,446.0862,0.9501,1.3362,5.5000,5.8310,11.0000,0.0864,0.1248,30.0962,-0.1346,-0.6468,6.5248,25,dem_9t_1m,,1.0513,0.4982,2.3707,0.4289,444,0.5424,-0.1996,-1.7405,0.7036,-0.2037,-0.0672,0.9375,-0.0672,0.7146,-1.0512,0.2462,0.3102,-0.6809,-0.4994,rim_symmetry_std_m,-1.0512
447.5143,448.0727,448.6673,0.5583,1.1530,7.0000,6.0000,14.0000,0.0399,0.2972,28.6504,-0.0375,-0.2446,1.6470,18,dem_9t_1m,,1.4943,0.8283,2.3669,0.4437,445,-0.6491,2.5253,-1.5425,-0.4223,-0.4779,1.0048,1.4317,1.0048,-0.7330,-0.6024,0.1629,1.0655,0.7111,-1.4943,slope_inner_deg,-1.4943
577.1025,577.6702,578.7186,0.5677,1.6161,5.0000,5.3852,10.0000,0.0568,0.7798,14.8620,-0.1744,-0.4547,8.5849,601,dem_mk5_1m,,0.6539,0.3105,2.3651,0.4187,446,-0.5692,-0.1941,0.8310,-0.3953,0.2152,-0.4245,-0.3664,-0.4245,-0.2069,0.6538,-0.6321,0.0006,-0.0160,-0.0793,rim_symmetry_std_m,0.6538
466.9462,468.1486,469.0111,1.2024,2.0649,6.0000,5.8310,12.0000,0.1002,0.5919,45.3280,-0.1595,-0.7201,9.9694,139,dem_9t_1m,,1.4285,0.6837,2.3593,0.4443,447,2.4228,0.0040,-0.6371,1.4286,0.8869,0.2901,0.9375,0.2901,1.1442,0.1647,1.1244,0.1165,-0.9346,0.2031,depth_from_rim_mean_m,1.4286
575.5753,575.6361,575.9089,0.0608,0.3336,5.0000,5.3852,10.0000,0.0061,0.1768,1.5915,-0.0068,-0.0325,2.1477,631,dem_mk5_1m,,1.8521,1.1829,2.3588,0.5190,448,-4.0793,1.1291,-0.5534,-1.8520,-1.7043,-0.4245,-0.3664,-0.4245,-1.7852,-0.9159,-1.3972,1.3043,1.4452,-1.3922,depth_from_rim_mean_m,-1.8520
546.8081,547.6603,548.6819,0.8522,1.8738,6.0000,5.8310,12.0000,0.0710,0.7340,32.1262,-0.0997,-0.5199,2.7939,572,dem_mk5_1m,,1.2604,0.5234,2.3587,0.4374,449,0.7597,1.2925,-0.5245,0.4223,0.6009,0.2901,0.9375,0.2901,0.2352,0.5346,0.3633,0.5817,-0.2417,-1.2604,slope_inner_deg,-1.2604
475.1699,476.0124,477.1000,0.8426,1.9301,5.5000,5.3852,11.0000,0.0766,0.7834,26.6904,-0.1772,-0.6393,9.8119,623,dem_mk5_1m,,0.6852,0.3227,2.3578,0.4172,450,0.8752,-0.3442,0.6379,0.3947,0.6852,-0.0672,-0.3664,-0.0672,0.4095,0.6632,0.0499,-0.0212,-0.6549,0.1710,depth_from_rim_max_m,0.6852
468.3137,469.1159,470.2000,0.8022,1.8863,7.0000,5.8310,14.0000,0.0573,0.6463,41.1623,-0.2239,-0.5500,10.7357,124,dem_9t_1m,,1.0048,0.5743,2.3576,0.4133,451,1.6644,1.0505,-0.1176,0.2786,0.6196,1.0048,0.9375,1.0048,-0.1913,0.3063,0.8842,-0.3845,-0.3459,0.3594,rim_radius_m,1.0048
510.6598,511.2353,512.3885,0.5755,1.7287,6.0000,5.8310,12.0000,0.0480,0.6809,21.6959,-0.1505,-0.3962,7.6259,585,dem_mk5_1m,,0.9374,0.3672,2.3535,0.4103,452,-0.0400,1.1147,0.0642,-0.3729,0.3837,0.2901,0.9375,0.2901,-0.4808,0.3964,-0.2381,0.1865,0.1864,-0.2748,effective_radius_m,0.9375
482.1728,482.6496,483.0638,0.4768,0.8910,7.0000,5.8310,14.0000,0.0341,0.2196,24.4662,-0.0344,-0.2482,1.2327,83,dem_9t_1m,,1.5788,0.8762,2.3532,0.4476,453,-1.1813,2.3475,-1.5606,-0.6566,-0.8701,1.0048,0.9375,1.0048,-0.9135,-0.8044,-0.0784,1.0896,0.6987,-1.5788,slope_inner_deg,-1.5788
475.4438,476.0453,476.4662,0.6015,1.0223,6.5000,6.0828,13.0000,0.0463,0.3837,26.6115,-0.0518,-0.3077,3.0243,580,dem_mk5_1m,,1.6739,0.6871,2.3527,0.4387,454,-0.6043,2.0634,-1.5209,-0.2982,-0.6735,0.6475,1.6739,0.6475,-0.5338,-0.3773,0.0453,0.9543,0.4927,-1.2134,effective_radius_m,1.6739
545.2412,546.1115,547.5928,0.8703,2.3516,6.0000,5.5210,12.0000,0.0725,0.9375,32.8095,-0.1614,-0.5959,8.1106,564,dem_mk5_1m,,1.3161,0.4485,2.3518,0.4377,455,1.4301,0.5468,0.8089,0.4743,1.3160,0.2901,0.0308,0.2901,0.2819,1.0644,0.4027,0.1017,-0.5047,-0.1760,depth_from_rim_max_m,1.3160
474.6866,475.2259,475.7915,0.5393,1.1049,4.5000,5.6569,9.0000,0.0599,0.3950,11.4364,-0.1768,-0.4192,8.5761,117,dem_9t_1m,,0.8296,0.4101,2.3502,0.4129,456,-1.2304,-0.5701,-0.3639,-0.4769,-0.5499,-0.7818,0.4283,-0.7818,-0.1104,-0.3479,-0.8296,-0.0181,0.1068,-0.0810,volume_approx_m3,-0.8296
621.0085,621.5170,621.9485,0.5085,0.9401,4.5000,5.0495,9.0000,0.0565,0.2386,10.7841,-0.1306,-0.3596,5.2217,599,dem_mk5_1m,,1.3481,0.6847,2.3471,0.4152,457,-2.0555,-0.8578,-0.1400,-0.5655,-0.7966,-0.7818,-1.3482,-0.7818,-0.2162,-0.7550,-0.8672,0.3413,0.3131,-0.7652,effective_radius_m,-1.3482
456.0900,456.3963,456.8119,0.3063,0.7219,3.5000,5.0990,7.0000,0.0438,0.1525,3.9297,-0.1671,-0.2099,7.6193,395,dem_9t_1m,,1.4965,0.9532,2.3348,0.4487,458,-3.1376,-1.4532,0.1038,-1.1465,-1.1232,-1.4965,-1.2034,-1.4965,-0.6116,-0.9791,-1.2624,0.0574,0.8312,-0.2762,rim_radius_m,-1.4965
488.8585,489.4790,490.2576,0.6205,1.3992,6.0000,5.3852,12.0000,0.0517,0.3766,23.3940,-0.2501,-0.4715,12.3951,203,dem_9t_1m,,0.6979,0.3237,2.3343,0.4037,459,-0.0080,-0.3687,0.1858,-0.2436,-0.1094,0.2901,-0.3664,0.2901,-0.3656,-0.3958,-0.1402,-0.5883,-0.0742,0.6979,slope_inner_deg,0.6979
438.9600,439.5389,439.9812,0.5789,1.0212,4.0000,5.3852,8.0000,0.0724,0.2752,9.7004,-0.1319,-0.4179,7.4562,325,dem_9t_1m,,1.1392,0.5729,2.3323,0.4154,460,-1.6508,-1.1701,-0.3910,-0.3631,-0.6752,-1.1392,-0.3664,-1.1392,0.2788,-0.6597,-0.9297,0.3312,0.1113,-0.3095,rim_radius_m,-1.1392
487.8386,488.3624,488.8675,0.5237,1.0288,5.0000,5.3852,10.0000,0.0524,0.5300,13.7116,-0.0916,-0.3484,3.8203,582,dem_mk5_1m,,1.0510,0.4995,2.3278,0.4109,461,-1.6013,0.2641,-0.1669,-0.5218,-0.6638,-0.4245,-0.3664,-0.4245,-0.3439,0.0036,-0.6984,0.6447,0.3519,-1.0510,slope_inner_deg,-1.0510
432.2636,433.2549,434.3477,0.9913,2.0840,5.5000,5.3852,11.0000,0.0901,0.8376,31.4022,-0.2668,-0.7646,11.7356,28,dem_9t_1m,,1.0888,0.5968,2.3266,0.4428,462,1.8055,-0.9621,0.7201,0.8220,0.9155,-0.0672,-0.3664,-0.0672,0.8298,0.8043,0.3215,-0.7182,-1.0886,0.5634,lrm11_depth_m,-1.0886
508.3866,508.8889,509.4508,0.5023,1.0642,4.0000,5.3852,8.0000,0.0628,0.2044,8.4159,-0.1385,-0.3752,7.0829,664,dem_mk5_1m,,1.1392,0.6029,2.3152,0.4165,463,-1.9344,-1.0401,-0.3898,-0.5833,-0.6108,-1.1392,-0.3664,-1.1392,-0.0201,-0.8440,-1.0037,0.2798,0.2591,-0.3856,rim_radius_m,-1.1392
462.8300,463.3044,463.7943,0.4745,0.9643,5.5000,5.0990,11.0000,0.0431,0.4073,15.0297,-0.1217,-0.3513,5.9625,500,dem_9t_1m,,1.2033,0.5180,2.3062,0.4128,464,-1.6318,0.0329,0.1288,-0.6632,-0.7604,-0.0672,-1.2034,-0.0672,-0.6334,-0.3158,-0.6224,0.4105,0.3418,-0.6141,effective_radius_m,-1.2034
465.7449,466.5009,467.0133,0.7560,1.2684,7.0000,5.8310,14.0000,0.0540,0.2944,38.7930,-0.1841,-0.4934,9.4082,278,dem_9t_1m,,1.0048,0.4875,2.3039,0.4099,465,0.8075,0.9947,-1.0774,0.1458,-0.3052,1.0048,0.9375,1.0048,-0.2940,-0.6097,0.7476,-0.0749,-0.1500,0.0887,rim_radius_m,1.0048
457.0160,457.7429,458.0509,0.7269,1.0349,4.0000,5.3852,8.0000,0.0909,0.2483,12.1798,-0.2464,-0.5594,11.8890,478,dem_9t_1m,,1.1392,0.6604,2.3028,0.4284,466,-0.6865,-2.2079,-0.3577,0.0622,-0.6547,-1.1392,-0.3664,-1.1392,0.8547,-0.7297,-0.7867,-0.5595,-0.3784,0.5946,rim_radius_m,-1.1392
441.4547,442.0727,442.3466,0.6181,0.8919,4.5000,5.0990,9.0000,0.0687,0.1527,13.1067,-0.1381,-0.4351,7.5026,250,dem_9t_1m,,1.2033,0.5815,2.3015,0.4079,467,-1.6075,-1.2838,-0.3831,-0.2505,-0.8687,-0.7818,-1.2034,-0.7818,0.1636,-0.9786,-0.7333,0.2830,0.0518,-0.3000,effective_radius_m,-1.2034
457.3540,457.8540,458.1131,0.5000,0.7591,4.5000,5.0990,9.0000,0.0556,0.2142,10.6022,-0.1186,-0.3944,6.2580,5,dem_9t_1m,,1.2033,0.6861,2.2975,0.4119,468,-2.1110,-0.9185,-0.2923,-0.5899,-1.0675,-0.7818,-1.2034,-0.7818,-0.2442,-0.8185,-0.8777,0.4346,0.1927,-0.5538,effective_radius_m,-1.2034
383.2972,384.5238,385.4419,1.2266,2.1447,6.0000,5.8310,12.0000,0.1022,0.6253,46.2415,-0.1791,-0.8057,8.9866,231,dem_9t_1m,,1.4982,0.7207,2.2965,0.4557,469,2.6653,-0.0433,-0.6993,1.4982,1.0064,0.2901,0.9375,0.2901,1.2064,0.2516,1.1771,-0.0360,-1.2309,0.0027,depth_from_rim_mean_m,1.4982
523.6339,523.9096,524.2571,0.2757,0.6232,4.0000,5.0990,8.0000,0.0345,0.1897,4.6193,-0.0903,-0.2011,4.1141,655,dem_mk5_1m,,1.2709,1.0456,2.2954,0.4451,470,-3.3770,-0.5630,-0.1470,-1.2345,-1.2709,-1.1392,-1.2034,-1.1392,-0.9011,-0.8823,-1.2226,0.6548,0.8617,-0.9911,depth_from_rim_max_m,-1.2709
484.4218,484.8136,485.2010,0.3918,0.7792,4.0000,5.3852,8.0000,0.0490,0.2314,6.5644,-0.0954,-0.2975,6.6108,314,dem_9t_1m,,1.1392,0.7766,2.2952,0.4252,471,-2.5875,-0.6744,-0.3661,-0.9008,-1.0374,-1.1392,-0.3664,-1.1392,-0.4497,-0.7737,-1.1105,0.6151,0.5280,-0.4819,rim_radius_m,-1.1392
467.6211,468.8639,469.7771,1.2428,2.1560,6.0000,5.3852,12.0000,0.1036,0.7513,46.8535,-0.2901,-0.8892,13.1152,287,dem_9t_1m,,1.5448,0.8927,2.2892,0.4697,472,3.0325,-1.1402,0.3190,1.5447,1.0233,0.2901,-0.3664,0.2901,1.2500,0.5796,1.2124,-0.8994,-1.5198,0.8447,depth_from_rim_mean_m,1.5447
543.1418,544.1508,544.5482,1.0090,1.4064,4.5000,5.0990,9.0000,0.1121,0.2693,21.3973,-0.3998,-0.8180,14.9862,577,dem_mk5_1m,,1.7526,0.9488,2.2877,0.4482,473,1.0717,-3.3141,-0.0174,0.8729,-0.0987,-0.7818,-1.2034,-0.7818,1.5146,-0.6751,-0.2553,-1.7528,-1.2734,1.2263,lrm5_depth_m,-1.7528
480.2038,480.8374,481.6846,0.6335,1.4808,7.0000,5.8310,14.0000,0.0453,0.6362,32.5089,-0.1416,-0.2769,7.0741,530,dem_9t_1m,,1.0048,0.5127,2.2871,0.4075,474,0.2857,1.8460,-0.2557,-0.2062,0.0127,1.0048,0.9375,1.0048,-0.5649,0.2800,0.3853,0.2557,0.5993,-0.3874,rim_radius_m,1.0048
444.6960,445.5170,445.9911,0.8209,1.2951,5.5000,5.6569,11.0000,0.0746,0.5175,26.0050,-0.1767,-0.5976,7.7907,511,dem_9t_1m,,0.5106,0.2106,2.2858,0.4038,475,0.3334,-0.1567,-0.6102,0.3323,-0.2652,-0.0672,0.4283,-0.0672,0.3472,-0.0290,0.0104,-0.0173,-0.5106,-0.2412,lrm11_depth_m,-0.5106
470.4593,471.3738,471.9443,0.9145,1.4850,7.0000,6.0000,14.0000,0.0653,0.3765,46.9265,-0.0990,-0.5336,4.4498,513,dem_9t_1m,,1.4319,0.6847,2.2810,0.4327,476,1.2552,1.7198,-1.6141,0.6013,0.0190,1.0048,1.4317,1.0048,0.0577,-0.3960,1.2166,0.5871,-0.2891,-0.9226,effective_radius_m,1.4317
493.2540,493.7838,493.9479,0.5298,0.6939,6.5000,5.8310,13.0000,0.0408,0.0868,23.4426,-0.1310,-0.3380,5.3540,160,dem_9t_1m,,1.1650,0.6691,2.2804,0.4228,477,-0.9997,1.1746,-1.6544,-0.5042,-1.1651,0.6475,0.9375,0.6475,-0.7050,-1.1501,-0.1374,0.3382,0.3879,-0.7382,depth_from_rim_max_m,-1.1651
470.4784,471.2709,471.7113,0.7925,1.2329,4.0000,5.0990,8.0000,0.0991,0.3391,13.2792,-0.3693,-0.5986,15.3780,470,dem_9t_1m,,1.5155,0.8866,2.2748,0.4489,478,-0.0752,-3.1620,0.4448,0.2507,-0.3583,-1.1392,-1.2034,-1.1392,1.1099,-0.4934,-0.7233,-1.5155,-0.5141,1.3062,lrm5_depth_m,-1.5155
413.7651,414.7762,415.1432,1.0111,1.3781,4.5000,5.3852,9.0000,0.1123,0.3350,21.4413,-0.3589,-0.7846,14.7214,44,dem_9t_1m,,1.5223,0.8176,2.2727,0.4408,479,1.1014,-2.8135,-0.2840,0.8789,-0.1410,-0.7818,-0.3664,-0.7818,1.5209,-0.5040,-0.2528,-1.4346,-1.1578,1.1723,aspect_ratio,1.5209
459.3600,459.7568,459.9212,0.3969,0.5612,4.5000,5.0990,9.0000,0.0441,0.1158,8.4155,-0.0892,-0.2675,5.3682,251,dem_9t_1m,,1.3636,0.8844,2.2662,0.4363,480,-2.8060,-0.6135,-0.4285,-0.8862,-1.3637,-0.7818,-1.2034,-0.7818,-0.6022,-1.0747,-1.0038,0.6633,0.6319,-0.7353,depth_from_rim_max_m,-1.3637
460.1291,461.0687,461.6089,0.9396,1.4798,4.5000,5.3852,9.0000,0.1044,0.4863,19.9250,-0.2383,-0.6678,11.2806,46,dem_9t_1m,,1.2750,0.5510,2.2661,0.4211,481,0.5376,-1.8815,-0.0783,0.6734,0.0112,-0.7818,-0.3664,-0.7818,1.2749,-0.1102,-0.3402,-0.4965,-0.7536,0.4706,aspect_ratio,1.2749
461.4660,462.3941,462.9144,0.9282,1.4484,5.0000,5.0990,10.0000,0.0928,0.4738,24.2992,-0.3625,-0.7743,15.4124,14,dem_9t_1m,,1.4628,0.7065,2.2650,0.4345,482,1.0544,-2.5193,0.4794,0.6407,-0.0358,-0.4245,-1.2034,-0.4245,0.9138,-0.1427,-0.0880,-1.4626,-1.1222,1.3133,lrm5_depth_m,-1.4626
483.7916,484.5636,484.8102,0.7719,1.0186,5.0000,5.3852,10.0000,0.0772,0.1487,20.2094,-0.3325,-0.6397,12.5898,397,dem_9t_1m,,1.2289,0.5864,2.2586,0.4353,483,0.0256,-1.9128,-0.6129,0.1915,-0.6791,-0.4245,-0.3664,-0.4245,0.4282,-0.9890,-0.3238,-1.2293,-0.6563,0.7376,lrm5_depth_m,-1.2293
484.9550,485.9531,486.8556,0.9980,1.9006,7.0000,5.6569,14.0000,0.0713,0.7346,51.2125,-0.1700,-0.5422,8.6340,465,dem_9t_1m,,1.4637,0.5988,2.2573,0.4215,484,2.0547,1.0935,-0.1155,0.8412,0.6410,1.0048,0.4283,1.0048,0.2445,0.5362,1.4637,0.0348,-0.3189,-0.0692,volume_approx_m3,1.4637
482.7143,483.3641,484.0400,0.6498,1.3257,4.0000,5.0990,8.0000,0.0812,0.3134,10.8877,-0.2317,-0.4995,10.8538,12,dem_9t_1m,,1.2033,0.6214,2.2560,0.4192,485,-0.9874,-2.1067,0.3340,-0.1594,-0.2194,-1.1392,-1.2034,-1.1392,0.5527,-0.5603,-0.8612,-0.4451,-0.1711,0.3835,effective_radius_m,-1.2034
472.9451,473.7595,474.1316,0.8144,1.1866,5.0000,5.3852,10.0000,0.0814,0.1949,21.3207,-0.1325,-0.5553,6.7964,317,dem_9t_1m,,0.8687,0.4346,2.2497,0.4084,486,-0.4305,-0.8124,-0.8845,0.3136,-0.4276,-0.4245,-0.3664,-0.4245,0.5589,-0.8687,-0.2597,0.3265,-0.3642,-0.4440,rim_symmetry_std_m,-0.8687
451.5492,452.0922,452.3048,0.5429,0.7556,6.5000,5.8310,13.0000,0.0418,0.1885,24.0218,-0.1344,-0.3745,6.6117,307,dem_9t_1m,,1.0728,0.5901,2.2413,0.4157,487,-0.7788,1.1082,-1.3974,-0.4666,-1.0727,0.6475,0.9375,0.6475,-0.6738,-0.8854,-0.1040,0.3117,0.2615,-0.4817,depth_from_rim_max_m,-1.0727
393.0428,393.8551,394.2060,0.8123,1.1631,6.0000,5.8310,12.0000,0.0677,0.3087,30.6213,-0.0579,-0.4866,2.6434,236,dem_9t_1m,,1.2911,0.5085,2.2387,0.4244,488,-0.0921,1.0724,-1.6006,0.3076,-0.4628,0.2901,0.9375,0.2901,0.1324,-0.5725,0.2765,0.9068,-0.1265,-1.2911,slope_inner_deg,-1.2911
406.3505,407.0959,407.5049,0.7455,1.1544,4.5000,5.3852,9.0000,0.0828,0.4405,15.8085,-0.1988,-0.5657,10.3585,260,dem_9t_1m,,0.7818,0.4367,2.2369,0.4064,489,-0.4444,-1.4281,-0.1261,0.1156,-0.4758,-0.7818,-0.3664,-0.7818,0.6025,-0.2294,-0.5775,-0.1892,-0.4002,0.2825,rim_radius_m,-0.7818
475.8405,476.6930,477.3375,0.8526,1.4970,4.5000,5.0495,9.0000,0.0947,0.3981,18.0794,-0.3479,-0.6969,17.4925,502,dem_9t_1m,,1.7375,0.8248,2.2362,0.4541,490,0.5609,-2.9632,0.7587,0.4234,0.0369,-0.7818,-1.3482,-0.7818,0.9730,-0.3398,-0.4466,-1.3491,-0.8543,1.7375,slope_inner_deg,1.7375
645.4461,646.1370,647.7926,0.6909,2.3465,7.0000,5.7439,14.0000,0.0494,1.2297,35.4529,-0.1044,-0.3616,6.7496,615,dem_mk5_1m,,1.8250,0.7423,2.2270,0.4267,491,1.2262,2.3361,1.1889,-0.0413,1.3084,1.0048,0.6827,1.0048,-0.4372,1.8250,0.5551,0.5451,0.3062,-0.4536,rim_symmetry_std_m,1.8250
485.7045,486.6029,487.0219,0.8984,1.3174,5.0000,5.3852,10.0000,0.0898,0.4865,23.5202,-0.2650,-0.6832,12.9504,535,dem_9t_1m,,0.8217,0.4899,2.2243,0.4123,492,0.6540,-1.6550,-0.0294,0.5550,-0.2319,-0.4245,-0.3664,-0.4245,0.8204,-0.1097,-0.1329,-0.7042,-0.8069,0.8111,aspect_ratio,0.8204
471.5408,472.2348,472.7341,0.6940,1.1932,7.0000,6.0828,14.0000,0.0496,0.3400,35.6110,-0.0592,-0.3479,4.3271,144,dem_9t_1m,,1.6739,0.7108,2.2199,0.4366,493,0.1186,2.1878,-1.5771,-0.0324,-0.4178,1.0048,1.6739,1.0048,-0.4310,-0.4910,0.5642,0.8967,0.3536,-0.9477,effective_radius_m,1.6739
482.4000,483.0682,483.7006,0.6682,1.3006,5.5000,5.8310,11.0000,0.0607,0.2798,21.1675,-0.1743,-0.5063,7.4722,438,dem_9t_1m,,0.9374,0.2671,2.2182,0.4063,494,-0.2659,0.1534,-1.0113,-0.1065,-0.2570,-0.0672,0.9375,-0.0672,-0.0855,-0.6477,-0.2686,0.0014,-0.1946,-0.3062,effective_radius_m,0.9375
506.4029,506.8564,507.6829,0.4535,1.2800,7.0000,5.3852,14.0000,0.0324,0.5396,23.2714,-0.1399,-0.2903,6.1648,588,dem_mk5_1m,,1.0048,0.5386,2.2030,0.4165,495,-0.6616,1.4850,0.1376,-0.7235,-0.2878,1.0048,-0.3664,1.0048,-0.9665,0.0286,-0.1473,0.2690,0.5529,-0.5728,rim_radius_m,1.0048
464.0188,464.5944,465.4662,0.5757,1.4475,7.0000,5.3852,14.0000,0.0411,0.6367,29.5383,-0.1955,-0.4007,9.5295,99,dem_9t_1m,,1.0048,0.4021,2.2023,0.4118,496,0.2202,0.9780,0.4379,-0.3723,-0.0371,1.0048,-0.3664,1.0048,-0.6956,0.2813,0.2141,-0.1636,0.1708,0.1134,rim_radius_m,1.0048
418.9210,419.5558,420.0073,0.6349,1.0863,6.0000,5.3852,12.0000,0.0529,0.4599,23.9336,-0.2427,-0.4954,10.6509,360,dem_9t_1m,,0.5778,0.3066,2.1962,0.4009,497,-0.1407,-0.2643,-0.0228,-0.2022,-0.5778,0.2901,-0.3664,0.2901,-0.3283,-0.1789,-0.1091,-0.5307,-0.1569,0.3421,depth_from_rim_max_m,-0.5778
434.0114,434.7326,435.1224,0.7212,1.1109,6.5000,5.9155,13.0000,0.0555,0.3633,31.9085,-0.1817,-0.4726,7.9949,524,dem_9t_1m,,1.1846,0.4026,2.1937,0.4193,498,0.3410,0.8941,-1.1603,0.0458,-0.5409,0.6475,1.1846,0.6475,-0.2474,-0.4304,0.3507,-0.0562,-0.0780,-0.1996,effective_radius_m,1.1846
477.9514,478.7280,479.2174,0.7767,1.2660,4.0000,5.0990,8.0000,0.0971,0.2761,13.0133,-0.2851,-0.6025,12.6671,268,dem_9t_1m,,1.2033,0.7800,2.1892,0.4350,499,-0.3847,-2.7271,0.1551,0.2053,-0.3088,-1.1392,-1.2034,-1.1392,1.0477,-0.6574,-0.7387,-0.8605,-0.5276,0.7533,effective_radius_m,-1.2034
480.2713,481.1574,481.6519,0.8861,1.3806,5.0000,5.6569,10.0000,0.0886,0.2818,23.1983,-0.2541,-0.6894,12.7627,147,dem_9t_1m,,0.8283,0.5211,2.1869,0.4190,500,0.6597,-1.4391,-0.6830,0.5197,-0.1373,-0.4245,0.4283,-0.4245,0.7831,-0.6425,-0.1515,-0.6194,-0.8283,0.7728,lrm11_depth_m,-0.8283
418.0453,418.5568,419.2360,0.5115,1.1907,6.0000,6.0000,12.0000,0.0426,0.4458,19.2844,-0.0469,-0.3068,2.2443,33,dem_9t_1m,,1.4319,0.6447,2.1848,0.4340,501,-1.0601,1.8695,-1.1343,-0.5568,-0.4215,0.2901,1.4317,0.2901,-0.6489,-0.2156,-0.3771,0.9924,0.4958,-1.3725,effective_radius_m,1.4317
467.4026,467.8881,468.5485,0.4854,1.1458,4.5000,5.0990,9.0000,0.0539,0.4160,10.2935,-0.2485,-0.3499,9.4956,367,dem_9t_1m,,1.2033,0.5819,2.1815,0.4159,502,-1.5308,-1.2678,0.5895,-0.6318,-0.4887,-0.7818,-1.2034,-0.7818,-0.2972,-0.2932,-0.8955,-0.5758,0.3467,0.1065,effective_radius_m,-1.2034
442.7260,443.7557,444.2207,1.0297,1.4947,5.5000,5.3852,11.0000,0.0936,0.2354,32.6184,-0.3133,-0.7917,12.8033,85,dem_9t_1m,,1.1822,0.6003,2.1781,0.4264,503,1.4425,-1.7612,-0.6055,0.9323,0.0335,-0.0672,-0.3664,-0.0672,0.9387,-0.7633,0.3916,-1.0799,-1.1824,0.7811,lrm11_depth_m,-1.1824
505.0842,505.4767,506.0052,0.3925,0.9210,4.5000,5.0990,9.0000,0.0436,0.2722,8.3223,-0.1024,-0.2817,4.6099,645,dem_mk5_1m,,1.2033,0.8017,2.1774,0.4193,504,-2.5232,-0.4270,-0.0179,-0.8988,-0.8252,-0.7818,-1.2034,-0.7818,-0.6178,-0.6675,-1.0091,0.5607,0.5827,-0.8900,effective_radius_m,-1.2034
452.6063,453.1161,453.7332,0.5099,1.1270,5.0000,5.6569,10.0000,0.0510,0.3280,13.3480,-0.1774,-0.4158,8.5600,167,dem_9t_1m,,0.7194,0.3828,2.1769,0.4080,505,-1.1465,-0.2085,-0.4577,-0.5614,-0.5168,-0.4245,0.4283,-0.4245,-0.3874,-0.5223,-0.7194,-0.0228,0.1186,-0.0843,volume_approx_m3,-0.7194
423.8322,424.3293,425.3529,0.4971,1.5207,4.5000,5.3852,9.0000,0.0552,0.6988,10.5420,-0.1696,-0.3716,7.7021,455,dem_9t_1m,,0.8812,0.4318,2.1695,0.4240,506,-1.1972,-0.3801,0.7445,-0.5982,0.0724,-0.7818,-0.3664,-0.7818,-0.2567,0.4430,-0.8812,0.0379,0.2716,-0.2593,volume_approx_m3,-0.8812
566.2936,566.8301,568.4486,0.5366,2.1550,7.0000,5.8310,14.0000,0.0383,1.0773,27.5323,-0.0464,-0.1868,4.0035,562,dem_mk5_1m,,1.4282,0.8803,2.1635,0.4292,507,0.1794,2.9371,0.8062,-0.4847,1.0218,1.0048,0.9375,1.0048,-0.7828,1.4283,0.0984,0.9963,0.9112,-1.0137,rim_symmetry_std_m,1.4283
474.2000,474.6304,475.5155,0.4304,1.3155,7.0000,6.0000,14.0000,0.0307,0.6318,22.0844,-0.0451,-0.2149,1.6902,229,dem_9t_1m,,1.4855,0.8431,2.1623,0.4438,508,-0.8064,2.8820,-0.7207,-0.7899,-0.2347,1.0048,1.4317,1.0048,-1.0194,0.2686,-0.2157,1.0064,0.8139,-1.4855,slope_inner_deg,-1.4855
428.7104,429.6388,430.0727,0.9284,1.3623,4.5000,5.3852,9.0000,0.1032,0.3876,19.6882,-0.2911,-0.7271,13.8119,54,dem_9t_1m,,1.2363,0.6860,2.1610,0.4281,509,0.6552,-2.3479,-0.1494,0.6412,-0.1647,-0.7818,-0.3664,-0.7818,1.2376,-0.3671,-0.3538,-0.9072,-0.9588,0.9868,aspect_ratio,1.2376
482.7184,483.0490,483.2593,0.3306,0.5409,4.0000,5.3852,8.0000,0.0413,0.1239,5.5397,-0.0831,-0.2512,4.5805,527,dem_9t_1m,,1.3940,0.9384,2.1609,0.4477,510,-3.0997,-0.4702,-0.7316,-1.0767,-1.3941,-1.1392,-0.3664,-1.1392,-0.6894,-1.0536,-1.1696,0.7108,0.6883,-0.8960,depth_from_rim_max_m,-1.3941
454.7173,455.2592,455.4791,0.5419,0.7618,4.5000,5.0990,9.0000,0.0602,0.1770,11.4908,-0.1255,-0.3801,6.9333,58,dem_9t_1m,,1.2033,0.6529,2.1546,0.4157,511,-1.9933,-1.0587,-0.3351,-0.4695,-1.0634,-0.7818,-1.2034,-0.7818,-0.1010,-0.9153,-0.8265,0.3810,0.2421,-0.4161,effective_radius_m,-1.2034
442.0378,442.3530,442.8124,0.3152,0.7747,6.5000,5.6569,13.0000,0.0242,0.2144,13.9478,-0.0690,-0.2341,3.2753,123,dem_9t_1m,,1.2202,0.8492,2.1534,0.4357,512,-1.9362,1.7171,-1.0302,-1.1209,-1.0441,0.6475,0.4283,0.6475,-1.2217,-0.8180,-0.6848,0.8205,0.7475,-1.1622,aspect_ratio,-1.2217
439.5909,440.5889,440.9099,0.9981,1.3191,5.0000,5.3852,10.0000,0.0998,0.3232,26.1296,-0.2585,-0.7686,13.0618,110,dem_9t_1m,,1.1320,0.5964,2.1485,0.4160,513,0.9498,-1.9526,-0.4707,0.8415,-0.2293,-0.4245,-0.3664,-0.4245,1.1317,-0.5348,0.0175,-0.6536,-1.1025,0.8338,aspect_ratio,1.1317
461.6499,462.6715,463.4745,1.0215,1.8246,6.0000,5.3852,12.0000,0.0851,0.4461,38.5114,-0.2663,-0.7231,11.0362,266,dem_9t_1m,,0.9448,0.5531,2.1402,0.4164,514,1.7252,-0.8141,-0.1758,0.9088,0.5273,0.2901,-0.3664,0.2901,0.6741,-0.2148,0.7314,-0.7143,-0.9450,0.4207,lrm11_depth_m,-0.9450
489.3488,489.9667,490.0707,0.6179,0.7219,4.0000,5.0000,8.0000,0.0772,0.0663,10.3533,-0.2732,-0.4772,10.6426,419,dem_9t_1m,,1.4929,0.8066,2.1401,0.4509,515,-1.5397,-2.5319,-0.2611,-0.2511,-1.1232,-1.1392,-1.4929,-1.1392,0.4282,-1.2035,-0.8920,-0.7680,-0.0939,0.3404,effective_radius_m,-1.4929
475.4214,475.6653,476.1401,0.2439,0.7188,5.0000,5.3852,10.0000,0.0244,0.3718,6.3860,-0.0255,-0.1640,2.3680,415,dem_9t_1m,,1.3472,0.9009,2.1379,0.4534,516,-3.0458,0.9164,-0.2848,-1.3258,-1.1278,-0.4245,-0.3664,-0.4245,-1.2155,-0.4082,-1.1208,1.1589,0.9901,-1.3472,slope_inner_deg,-1.3472
479.3516,479.9316,480.8863,0.5800,1.5346,5.0000,5.3852,10.0000,0.0580,0.4613,15.1832,-0.1280,-0.4168,7.2590,209,dem_9t_1m,,0.6136,0.3139,2.1378,0.3954,517,-0.9254,-0.1677,0.1602,-0.3600,0.0932,-0.4245,-0.3664,-0.4245,-0.1695,-0.1753,-0.6136,0.3615,0.1151,-0.3497,volume_approx_m3,-0.6136
467.9527,468.9265,469.8239,0.9738,1.8712,5.5000,5.3852,11.0000,0.0885,0.4734,30.8492,-0.2368,-0.7251,10.4867,660,dem_mk5_1m,,0.9520,0.4390,2.1374,0.4111,518,1.3020,-1.0100,-0.0619,0.7717,0.5970,-0.0672,-0.3664,-0.0672,0.7800,-0.1438,0.2896,-0.4848,-0.9519,0.3086,lrm11_depth_m,-0.9519
467.8371,468.7997,469.0865,0.9626,1.2494,4.5000,5.0990,9.0000,0.1070,0.2872,20.4123,-0.3330,-0.7736,13.8268,374,dem_9t_1m,,1.3545,0.8617,2.1370,0.4389,519,0.6408,-2.9477,-0.0917,0.7395,-0.3336,-0.7818,-1.2034,-0.7818,1.3559,-0.6285,-0.3121,-1.2331,-1.1198,0.9899,aspect_ratio,1.3559
442.9632,443.9423,444.5470,0.9791,1.5838,6.0000,5.6569,12.0000,0.0816,0.3047,36.9099,-0.1291,-0.6203,7.1185,22,dem_9t_1m,,0.7868,0.4609,2.1311,0.4161,520,0.9983,0.1505,-1.0824,0.7869,0.1669,0.2901,0.4283,0.2901,0.5652,-0.5829,0.6391,0.3530,-0.5892,-0.3783,depth_from_rim_mean_m,0.7869
481.1000,481.7247,482.1156,0.6247,1.0156,5.0000,5.0990,10.0000,0.0625,0.3195,16.3545,-0.1551,-0.4549,7.1149,315,dem_9t_1m,,1.2033,0.4214,2.1278,0.4033,521,-1.1995,-0.8235,-0.1061,-0.2315,-0.6836,-0.4245,-1.2034,-0.4245,-0.0294,-0.5444,-0.5460,0.1507,-0.0167,-0.3791,effective_radius_m,-1.2034
377.4231,378.0160,379.3845,0.5929,1.9614,7.0000,5.6569,14.0000,0.0423,1.0216,30.4215,-0.1585,-0.3687,5.0325,355,dem_9t_1m,,1.2832,0.6279,2.1268,0.4153,522,0.6154,2.0696,0.7075,-0.3229,0.7320,1.0048,0.4283,1.0048,-0.6583,1.2833,0.2650,0.1243,0.2816,-0.8038,rim_symmetry_std_m,1.2833
489.5404,489.8958,490.6520,0.3554,1.1116,7.0000,5.6569,14.0000,0.0254,0.4717,18.2369,-0.1127,-0.2314,5.9070,491,dem_9t_1m,,1.1848,0.6924,2.1185,0.4259,523,-1.0988,1.9170,-0.2845,-1.0054,-0.5399,1.0048,0.4283,1.0048,-1.1844,-0.1482,-0.4375,0.4805,0.7568,-0.6254,aspect_ratio,-1.1844
458.5307,459.2302,460.5530,0.6995,2.0223,7.0000,5.6569,14.0000,0.0500,0.8376,35.8944,-0.0867,-0.4199,5.4515,473,dem_9t_1m,,1.0048,0.5989,2.1172,0.4111,524,0.8268,2.0120,0.2954,-0.0166,0.8232,1.0048,0.4283,1.0048,-0.4186,0.8043,0.5805,0.6828,0.1044,-0.7183,rim_radius_m,1.0048
479.6172,480.3563,481.3083,0.7390,1.6911,5.0000,5.0990,10.0000,0.0739,0.6743,19.3481,-0.1949,-0.5388,8.5458,521,dem_9t_1m,,1.2033,0.3735,2.1087,0.4200,525,-0.0946,-0.8935,0.8055,0.0969,0.3275,-0.4245,-1.2034,-0.4245,0.3255,0.3792,-0.3734,-0.1589,-0.3071,-0.0872,effective_radius_m,-1.2034
411.8127,412.7183,413.9093,0.9055,2.0965,7.0000,5.8310,14.0000,0.0647,0.7947,46.4645,-0.0846,-0.4039,7.1464,193,dem_9t_1m,,1.1899,0.6918,2.0987,0.4162,526,1.6003,1.9100,-0.0335,0.5754,0.9342,1.0048,0.9375,1.0048,0.0390,0.6926,1.1899,0.6991,0.1598,-0.3726,volume_approx_m3,1.1899
474.0017,474.3703,475.1005,0.3686,1.0988,4.0000,5.0990,8.0000,0.0461,0.3532,6.1758,-0.1601,-0.2787,7.9039,141,dem_9t_1m,,1.2033,0.7329,2.0985,0.4207,527,-2.4055,-1.0580,0.5316,-0.9675,-0.5590,-1.1392,-1.2034,-1.1392,-0.5400,-0.4567,-1.1329,0.1118,0.5931,-0.2181,effective_radius_m,-1.2034
479.8682,480.7300,481.0327,0.8618,1.1645,6.0000,6.0000,12.0000,0.0718,0.1928,32.4874,-0.1294,-0.5301,6.4125,449,dem_9t_1m,,1.4319,0.5083,2.0980,0.4284,528,0.3954,0.5961,-1.7978,0.4498,-0.4607,0.2901,1.4317,0.2901,0.2601,-0.8742,0.3841,0.3506,-0.2770,-0.5223,effective_radius_m,1.4317
435.9555,436.7010,437.1637,0.7455,1.2081,4.5000,5.0990,9.0000,0.0828,0.3235,15.8092,-0.3333,-0.5787,12.5034,213,dem_9t_1m,,1.2356,0.6722,2.0970,0.4249,529,-0.2617,-2.3566,0.2419,0.1156,-0.3955,-0.7818,-1.2034,-0.7818,0.6025,-0.5340,-0.5775,-1.2355,-0.4452,0.7200,lrm5_depth_m,-1.2355
456.1743,456.9172,457.2354,0.7430,1.0611,4.5000,5.2421,9.0000,0.0826,0.3014,15.7548,-0.1656,-0.5133,7.4780,370,dem_9t_1m,,0.7849,0.4938,2.0954,0.4120,530,-0.8705,-1.3293,-0.4107,0.1084,-0.6155,-0.7818,-0.7849,-0.7818,0.5963,-0.5915,-0.5806,0.0690,-0.2189,-0.3050,effective_radius_m,-0.7849
471.1537,472.2957,472.9140,1.1420,1.7603,6.0000,5.3852,12.0000,0.0952,0.4016,43.0523,-0.2857,-0.8316,12.4864,510,dem_9t_1m,,1.3205,0.7133,2.0848,0.4357,531,2.2409,-1.2384,-0.3915,1.2551,0.4310,0.2901,-0.3664,0.2901,0.9885,-0.3307,0.9932,-0.8652,-1.3205,0.7165,lrm11_depth_m,-1.3205
489.4878,489.9986,490.7943,0.5109,1.3065,6.0000,5.8310,12.0000,0.0426,0.4078,19.2591,-0.0656,-0.3533,4.3013,291,dem_9t_1m,,0.9529,0.5275,2.0716,0.4084,532,-0.9317,1.4471,-0.7999,-0.5586,-0.2482,0.2901,0.9375,0.2901,-0.6489,-0.3145,-0.3786,0.8469,0.3349,-0.9529,slope_inner_deg,-0.9529
479.7080,480.6861,481.2602,0.9781,1.5522,5.0000,5.3852,10.0000,0.0978,0.3168,25.6071,-0.2386,-0.7017,12.4860,211,dem_9t_1m,,1.0699,0.5309,2.0704,0.4120,533,0.8767,-1.7242,-0.3168,0.7841,0.1196,-0.4245,-0.3664,-0.4245,1.0695,-0.5514,-0.0126,-0.4988,-0.8709,0.7164,aspect_ratio,1.0695
478.0828,478.5443,478.9496,0.4615,0.8668,6.0000,5.8310,12.0000,0.0385,0.1286,17.3976,-0.0919,-0.2794,5.6227,136,dem_9t_1m,,1.0414,0.6678,2.0701,0.4190,534,-1.4565,1.1143,-1.3078,-0.7005,-0.9063,0.2901,0.9375,0.2901,-0.7766,-1.0413,-0.4859,0.6423,0.5907,-0.6834,rim_symmetry_std_m,-1.0413
464.4115,465.2533,465.9537,0.8418,1.5422,6.0000,5.7439,12.0000,0.0701,0.3813,31.7350,-0.0684,-0.5198,3.9654,71,dem_9t_1m,,1.0214,0.4347,2.0668,0.4151,535,0.3052,0.9212,-1.1069,0.3924,0.1046,0.2901,0.6827,0.2901,0.2072,-0.3835,0.3407,0.8251,-0.2414,-1.0214,slope_inner_deg,-1.0214
475.5201,475.9756,476.1484,0.4555,0.6283,5.5000,5.8310,11.0000,0.0414,0.1062,14.4284,-0.0637,-0.2756,2.2320,402,dem_9t_1m,,1.3750,0.7579,2.0629,0.4420,536,-2.0120,1.0564,-1.6932,-0.7178,-1.2632,-0.0672,0.9375,-0.0672,-0.6863,-1.0996,-0.6571,0.8617,0.6038,-1.3750,slope_inner_deg,-1.3750
449.9693,450.6813,451.0458,0.7120,1.0765,4.0000,5.0990,8.0000,0.0890,0.3099,11.9293,-0.3345,-0.5307,14.3957,349,dem_9t_1m,,1.2446,0.8081,2.0596,0.4452,537,-0.5910,-2.8501,0.3712,0.0194,-0.5924,-1.1392,-1.2034,-1.1392,0.7955,-0.5694,-0.8012,-1.2448,-0.2791,1.1059,lrm5_depth_m,-1.2448
483.5959,484.2162,484.6592,0.6204,1.0633,4.0000,5.0990,8.0000,0.0775,0.1846,10.3943,-0.2227,-0.4410,9.7563,264,dem_9t_1m,,1.2033,0.6480,2.0567,0.4223,538,-1.4103,-2.0398,-0.0370,-0.2439,-0.6122,-1.1392,-1.2034,-1.1392,0.4375,-0.8956,-0.8897,-0.3751,0.0314,0.1597,effective_radius_m,-1.2034
448.0508,448.8469,449.3295,0.7962,1.2788,4.5000,5.0495,9.0000,0.0885,0.3190,16.8834,-0.2364,-0.5829,11.7989,177,dem_9t_1m,,1.3481,0.6201,2.0536,0.4176,539,-0.3114,-2.1344,0.2072,0.2613,-0.2896,-0.7818,-1.3482,-0.7818,0.7800,-0.5457,-0.5155,-0.4817,-0.4597,0.5763,effective_radius_m,-1.3482
456.0184,456.3469,457.0038,0.3286,0.9855,4.5000,5.3852,9.0000,0.0365,0.5268,6.9672,-0.1036,-0.2275,4.7111,357,dem_9t_1m,,1.0873,0.7148,2.0522,0.4330,540,-2.4626,0.1769,0.2100,-1.0824,-0.7286,-0.7818,-0.3664,-0.7818,-0.8388,-0.0048,-1.0873,0.5513,0.7703,-0.8693,volume_approx_m3,-1.0873
488.4300,489.4701,490.2896,1.0401,1.8596,6.0000,5.7439,12.0000,0.0867,0.5896,39.2097,-0.1303,-0.6905,6.7315,155,dem_9t_1m,,0.9621,0.5538,2.0496,0.4262,541,1.5915,0.3849,-0.7035,0.9622,0.5797,0.2901,0.6827,0.2901,0.7239,0.1587,0.7717,0.3436,-0.8321,-0.4573,depth_from_rim_mean_m,0.9622
442.7553,443.7283,444.2636,0.9729,1.5083,6.5000,5.6569,13.0000,0.0748,0.4060,43.0464,-0.2044,-0.7078,10.2173,149,dem_9t_1m,,0.9929,0.5083,2.0442,0.4259,542,1.6265,0.0722,-0.8227,0.7691,0.0539,0.6475,0.4283,0.6475,0.3535,-0.3192,0.9929,-0.2328,-0.8920,0.2537,volume_approx_m3,0.9929
441.6141,442.2296,442.7422,0.6155,1.1281,4.0000,5.0000,8.0000,0.0769,0.2732,10.3135,-0.3235,-0.4852,13.6803,352,dem_9t_1m,,1.4929,0.7968,2.0429,0.4502,543,-1.0051,-2.6870,0.5541,-0.2580,-0.5152,-1.1392,-1.4929,-1.1392,0.4188,-0.6649,-0.8943,-1.1592,-0.1216,0.9600,effective_radius_m,-1.4929
470.6435,471.2085,471.8174,0.5650,1.1739,4.5000,5.0990,9.0000,0.0628,0.2428,11.9813,-0.2005,-0.4255,10.4460,206,dem_9t_1m,,1.2033,0.5244,2.0382,0.4031,544,-1.3449,-1.4829,0.2289,-0.4031,-0.4466,-0.7818,-1.2034,-0.7818,-0.0201,-0.7441,-0.7982,-0.2024,0.0850,0.3003,effective_radius_m,-1.2034
454.2265,454.8787,455.2769,0.6523,1.0504,5.0000,5.3852,10.0000,0.0652,0.2429,17.0759,-0.0879,-0.4268,4.7235,329,dem_9t_1m,,0.8668,0.4476,2.0310,0.4034,545,-1.2539,-0.2066,-0.7691,-0.1522,-0.6315,-0.4245,-0.3664,-0.4245,0.0546,-0.7438,-0.5045,0.6735,0.0805,-0.8668,slope_inner_deg,-0.8668
479.4200,480.3204,481.1476,0.9004,1.7275,5.5000,5.3852,11.0000,0.0819,0.4902,28.5223,-0.1748,-0.6425,7.5044,518,dem_9t_1m,,0.6661,0.2946,2.0307,0.4059,546,0.6978,-0.4716,-0.2073,0.5608,0.3819,-0.0672,-0.3664,-0.0672,0.5745,-0.1000,0.1555,-0.0025,-0.6660,-0.2996,lrm11_depth_m,-0.6660
441.5938,442.2565,442.4488,0.6626,0.8549,4.5000,5.0990,9.0000,0.0736,0.2016,14.0515,-0.2268,-0.4640,10.3497,373,dem_9t_1m,,1.2033,0.5815,2.0225,0.4146,547,-1.1738,-1.8181,-0.1653,-0.1226,-0.9241,-0.7818,-1.2034,-0.7818,0.3161,-0.8513,-0.6788,-0.4070,-0.0482,0.2807,effective_radius_m,-1.2034
433.4344,433.9314,434.7080,0.4971,1.2737,6.5000,5.3852,13.0000,0.0382,0.4225,21.9924,-0.1125,-0.3520,5.5527,523,dem_9t_1m,,0.7848,0.4871,2.0223,0.4078,548,-0.8302,1.1106,-0.1629,-0.5982,-0.2973,0.6475,-0.3664,0.6475,-0.7859,-0.2763,-0.2210,0.4821,0.3394,-0.6977,aspect_ratio,-0.7859
438.7543,439.5112,440.1932,0.7568,1.4388,6.0000,5.3852,12.0000,0.0631,0.3908,28.5320,-0.1169,-0.4913,6.3451,306,dem_9t_1m,,0.5361,0.2544,2.0216,0.3994,549,-0.0235,0.3283,-0.4039,0.1481,-0.0502,0.2901,-0.3664,0.2901,-0.0108,-0.3588,0.1560,0.4479,-0.1427,-0.5361,slope_inner_deg,-0.5361
491.6500,492.0196,492.4713,0.3696,0.8213,6.0000,5.8310,12.0000,0.0308,0.1826,13.9347,-0.0561,-0.2341,4.0543,292,dem_9t_1m,,1.0162,0.7937,2.0169,0.4340,550,-1.9009,1.4950,-1.2337,-0.9646,-0.9744,0.2901,0.9375,0.2901,-1.0163,-0.9008,-0.6856,0.9208,0.7475,-1.0033,aspect_ratio,-1.0163
416.6500,417.3553,418.1460,0.7053,1.4960,6.0000,5.8310,12.0000,0.0588,0.4936,26.5889,-0.0408,-0.3747,2.2895,29,dem_9t_1m,,1.3632,0.4089,2.0156,0.4296,551,-0.3101,1.5453,-0.9231,0.0001,0.0355,0.2901,0.9375,0.2901,-0.1446,-0.0912,0.0440,1.0398,0.2608,-1.3632,slope_inner_deg,-1.3632
451.5858,452.5882,453.6550,1.0023,2.0691,6.5000,5.3852,13.0000,0.0771,0.7999,44.3467,-0.2049,-0.6830,9.6358,101,dem_9t_1m,,1.0678,0.6168,2.0135,0.4335,552,2.0454,0.1996,0.4482,0.8536,0.8932,0.6475,-0.3664,0.6475,0.4251,0.7062,1.0678,-0.2367,-0.8062,0.1351,volume_approx_m3,1.0678
475.3451,475.5730,476.0390,0.2279,0.6939,5.5000,5.5210,11.0000,0.0207,0.1663,7.2205,-0.0453,-0.1540,2.5931,289,dem_9t_1m,,1.3717,0.8526,2.0084,0.4539,553,-2.9139,1.1826,-0.8046,-1.3718,-1.1651,-0.0672,0.0308,-0.0672,-1.3307,-0.9432,-1.0727,1.0048,1.0247,-1.3013,depth_from_rim_mean_m,-1.3718
471.9675,472.6263,472.9596,0.6587,0.9921,5.5000,5.8310,11.0000,0.0599,0.2952,20.8668,-0.0896,-0.4437,4.5012,497,dem_9t_1m,,0.9374,0.4112,2.0005,0.4094,554,-0.7987,0.6332,-1.3421,-0.1338,-0.7187,-0.0672,0.9375,-0.0672,-0.1104,-0.6077,-0.2859,0.6602,0.0220,-0.9121,effective_radius_m,0.9375
486.6581,487.6747,487.9741,1.0165,1.3160,6.0000,5.5210,12.0000,0.0847,0.2083,38.3215,-0.2216,-0.7071,9.7517,280,dem_9t_1m,,0.8944,0.4882,2.0003,0.4200,555,1.2231,-0.6884,-1.1258,0.8944,-0.2340,0.2901,0.0308,0.2901,0.6617,-0.8339,0.7205,-0.3666,-0.8896,0.1587,depth_from_rim_mean_m,0.8944
461.8358,462.7682,463.2559,0.9324,1.4201,5.0000,5.3852,10.0000,0.0932,0.4755,24.4111,-0.2354,-0.6998,11.3850,407,dem_9t_1m,,0.9276,0.4476,1.9988,0.4082,556,0.7101,-1.4970,-0.1602,0.6527,-0.0781,-0.4245,-0.3664,-0.4245,0.9263,-0.1383,-0.0815,-0.4739,-0.8643,0.4918,aspect_ratio,0.9263
497.7643,498.2601,498.9289,0.4958,1.1646,7.0000,5.8310,14.0000,0.0354,0.3493,25.4434,-0.0499,-0.2784,2.5453,619,dem_mk5_1m,,1.3111,0.7495,1.9985,0.4212,557,-0.7928,2.3057,-1.1281,-0.6019,-0.4606,1.0048,0.9375,1.0048,-0.8731,-0.4668,-0.0220,0.9691,0.5941,-1.3111,slope_inner_deg,-1.3111
467.8680,468.2994,469.1480,0.4315,1.2800,5.5000,5.3852,11.0000,0.0392,0.6800,13.6676,-0.1779,-0.3384,7.7070,318,dem_9t_1m,,0.7869,0.3723,1.9966,0.4166,558,-1.1522,0.3391,0.6084,-0.7867,-0.2878,-0.0672,-0.3664,-0.0672,-0.7548,0.3940,-0.7010,-0.0266,0.3865,-0.2583,depth_from_rim_mean_m,-0.7867
439.0343,439.8337,440.4065,0.7994,1.3722,6.0000,5.8310,12.0000,0.0666,0.3416,30.1358,-0.0505,-0.4801,3.3002,248,dem_9t_1m,,1.1571,0.4543,1.9964,0.4191,559,0.0026,1.1298,-1.3573,0.2705,-0.1498,0.2901,0.9375,0.2901,0.0982,-0.4869,0.2485,0.9644,-0.1040,-1.1571,slope_inner_deg,-1.1571
481.4818,482.5144,483.0502,1.0326,1.5684,6.0000,5.8310,12.0000,0.0860,0.3021,38.9278,-0.1400,-0.7057,6.8049,48,dem_9t_1m,,0.9407,0.5678,1.9876,0.4246,560,1.3434,0.1879,-1.4601,0.9407,0.1438,0.2901,0.9375,0.2901,0.7021,-0.5897,0.7554,0.2682,-0.8848,-0.4423,depth_from_rim_mean_m,0.9407
481.1756,481.9804,482.1452,0.8047,0.9695,5.5000,5.8310,11.0000,0.0732,0.0960,25.4926,-0.1188,-0.5378,6.1459,494,dem_9t_1m,,1.1263,0.4429,1.9858,0.4179,561,-0.2672,0.0420,-1.7914,0.2858,-0.7526,-0.0672,0.9375,-0.0672,0.3037,-1.1262,-0.0192,0.4331,-0.3037,-0.5767,rim_symmetry_std_m,-1.1262
479.3246,479.7845,480.4096,0.4600,1.0850,6.5000,5.8310,13.0000,0.0354,0.2777,20.3506,-0.0607,-0.2772,4.7784,131,dem_9t_1m,,0.9374,0.6999,1.9801,0.4169,562,-1.1269,1.7471,-1.0398,-0.7048,-0.5797,0.6475,0.9375,0.6475,-0.8731,-0.6532,-0.3156,0.8850,0.5983,-0.8556,effective_radius_m,0.9375
485.4111,486.3190,486.9555,0.9079,1.5444,5.0000,5.3852,10.0000,0.0908,0.3088,23.7687,-0.2620,-0.6751,12.9332,313,dem_9t_1m,,0.8513,0.5195,1.9753,0.4113,563,0.6989,-1.7206,-0.2005,0.5823,0.1079,-0.4245,-0.3664,-0.4245,0.8516,-0.5722,-0.1186,-0.6808,-0.7788,0.8076,aspect_ratio,0.8516
466.9900,467.3159,467.6366,0.3259,0.6466,4.5000,5.3852,9.0000,0.0362,0.1472,6.9115,-0.0462,-0.2241,2.7413,498,dem_9t_1m,,1.2711,0.9308,1.9728,0.4495,564,-3.0335,0.1793,-0.7751,-1.0902,-1.2359,-0.7818,-0.3664,-0.7818,-0.8482,-0.9929,-1.0905,0.9978,0.7821,-1.2711,slope_inner_deg,-1.2711
427.2134,427.5650,428.2343,0.3516,1.0209,4.0000,5.0990,8.0000,0.0440,0.4195,5.8915,-0.1722,-0.2184,7.3475,59,dem_9t_1m,,1.2033,0.7604,1.9719,0.4319,565,-2.5344,-0.9461,0.6263,-1.0163,-0.6756,-1.1392,-1.2034,-1.1392,-0.6054,-0.2841,-1.1493,0.0177,0.8018,-0.3316,effective_radius_m,-1.2034
424.7884,425.7760,426.4829,0.9876,1.6945,5.0000,5.3852,10.0000,0.0988,0.4420,25.8548,-0.2398,-0.7233,10.3187,324,dem_9t_1m,,1.0993,0.4922,1.9686,0.4129,566,1.0007,-1.4896,-0.2136,0.8114,0.3325,-0.4245,-0.3664,-0.4245,1.1006,-0.2255,0.0017,-0.5082,-0.9457,0.2744,aspect_ratio,1.1006
439.2433,440.2963,440.9351,1.0530,1.6919,5.5000,5.3852,11.0000,0.0957,0.5085,33.3579,-0.2415,-0.7631,10.1705,51,dem_9t_1m,,1.0835,0.4700,1.9678,0.4188,567,1.4916,-1.1381,-0.2446,0.9993,0.3287,-0.0672,-0.3664,-0.0672,1.0041,-0.0524,0.4343,-0.5214,-1.0834,0.2441,lrm11_depth_m,-1.0834
474.4937,475.3186,475.8126,0.8249,1.3189,4.5000,5.3852,9.0000,0.0917,0.2243,17.4918,-0.2239,-0.6066,11.7950,103,dem_9t_1m,,0.8781,0.5596,1.9654,0.4119,568,-0.0920,-1.8651,-0.4007,0.3438,-0.2296,-0.7818,-0.3664,-0.7818,0.8796,-0.7922,-0.4805,-0.3845,-0.5418,0.5755,aspect_ratio,0.8796
406.5523,407.2074,407.9006,0.6551,1.3484,5.0000,5.3852,10.0000,0.0655,0.5603,17.1510,-0.2716,-0.5213,11.8910,247,dem_9t_1m,,0.7556,0.3445,1.9648,0.4054,569,-0.1997,-1.0914,0.4255,-0.1442,-0.1855,-0.4245,-0.3664,-0.4245,0.0640,0.0824,-0.5001,-0.7555,-0.2465,0.5951,lrm5_depth_m,-0.7555
467.6627,468.2037,468.3631,0.5410,0.7005,4.5000,5.0990,9.0000,0.0601,0.1338,11.4733,-0.1644,-0.3970,7.2305,359,dem_9t_1m,,1.2033,0.6337,1.9642,0.4160,570,-1.9454,-1.2500,-0.4263,-0.4721,-1.1552,-0.7818,-1.2034,-0.7818,-0.1042,-1.0278,-0.8275,0.0784,0.1837,-0.3555,effective_radius_m,-1.2034
398.4352,399.3266,400.6466,0.8914,2.2115,6.5000,5.3852,13.0000,0.0686,0.9231,39.4400,-0.2332,-0.6328,9.1840,341,dem_9t_1m,,1.1063,0.5824,1.9638,0.4299,571,1.8316,0.4032,0.8677,0.5349,1.1063,0.6475,-0.3664,0.6475,0.1605,1.0269,0.7849,-0.4568,-0.6324,0.0429,depth_from_rim_max_m,1.1063
433.7459,434.3985,434.7779,0.6526,1.0320,5.5000,5.8310,11.0000,0.0593,0.2733,20.6744,-0.1621,-0.4711,7.7184,305,dem_9t_1m,,0.9374,0.3088,1.9593,0.4057,572,-0.5206,0.1607,-1.1174,-0.1513,-0.6590,-0.0672,0.9375,-0.0672,-0.1291,-0.6647,-0.2970,0.0963,-0.0728,-0.2560,effective_radius_m,0.9375
487.3722,488.1742,488.8703,0.8020,1.4981,5.5000,5.8310,11.0000,0.0729,0.4953,25.4046,-0.1312,-0.5411,7.2688,422,dem_9t_1m,,0.9374,0.2539,1.9574,0.4060,573,0.2867,0.2942,-0.7285,0.2780,0.0386,-0.0672,0.9375,-0.0672,0.2943,-0.0868,-0.0243,0.3366,-0.3151,-0.3477,effective_radius_m,0.9375
509.5362,510.1943,511.7186,0.6582,2.1825,7.0000,5.8310,14.0000,0.0470,1.0660,33.7726,-0.1030,-0.3160,4.4140,638,dem_mk5_1m,,1.3987,0.7695,1.9550,0.4154,574,0.8508,2.5269,0.6087,-0.1353,1.0629,1.0048,0.9375,1.0048,-0.5120,1.3989,0.4582,0.5560,0.4640,-0.9299,rim_symmetry_std_m,1.3989
475.0400,475.3727,475.8147,0.3327,0.7747,5.5000,5.5210,11.0000,0.0302,0.2111,10.5393,-0.0405,-0.2010,1.0516,377,dem_9t_1m,,1.6157,0.7765,1.9459,0.4443,575,-2.5530,1.1949,-0.9470,-1.0707,-1.0441,-0.0672,0.0308,-0.0672,-1.0350,-0.8266,-0.8813,1.0422,0.8620,-1.6157,slope_inner_deg,-1.6157
422.3303,422.5520,422.9225,0.2217,0.5923,4.0000,5.3852,8.0000,0.0277,0.2098,3.7153,-0.0728,-0.1270,4.9623,31,dem_9t_1m,,1.3895,1.0269,1.9339,0.4534,576,-3.4987,-0.1185,-0.3075,-1.3896,-1.3171,-1.1392,-0.3664,-1.1392,-1.1128,-0.8300,-1.2748,0.7909,1.1181,-0.8181,depth_from_rim_mean_m,-1.3896
492.9172,493.3514,493.7663,0.4342,0.8491,5.5000,5.6569,11.0000,0.0395,0.2654,13.7536,-0.1654,-0.3186,6.8978,282,dem_9t_1m,,0.9328,0.4864,1.9296,0.4129,577,-1.5410,0.3700,-0.7259,-0.7790,-0.9328,-0.0672,0.4283,-0.0672,-0.7454,-0.6852,-0.6960,0.0706,0.4550,-0.4233,depth_from_rim_max_m,-0.9328
465.9359,466.2919,466.8553,0.3561,0.9194,4.0000,5.3852,8.0000,0.0445,0.2895,5.9662,-0.1451,-0.2638,6.9645,378,dem_9t_1m,,1.1450,0.7378,1.9236,0.4257,578,-2.5167,-0.6938,-0.0835,-1.0034,-0.8276,-1.1392,-0.3664,-1.1392,-0.5898,-0.6225,-1.1450,0.2285,0.6447,-0.4097,volume_approx_m3,-1.1450
488.4671,488.9428,489.5509,0.4757,1.0839,6.5000,5.8310,13.0000,0.0366,0.3016,21.0473,-0.1178,-0.3319,5.7302,92,dem_9t_1m,,0.9374,0.6080,1.9233,0.4108,579,-0.8570,1.4619,-0.9796,-0.6597,-0.5813,0.6475,0.9375,0.6475,-0.8357,-0.5910,-0.2755,0.4409,0.4090,-0.6615,effective_radius_m,0.9375
488.4456,489.0180,489.5564,0.5724,1.1107,5.0000,5.2421,10.0000,0.0572,0.3023,14.9843,-0.1133,-0.4289,6.7196,439,dem_9t_1m,,0.7849,0.4522,1.9221,0.4004,580,-1.3616,-0.4245,-0.2186,-0.3818,-0.5412,-0.4245,-0.7849,-0.4245,-0.1944,-0.5892,-0.6250,0.4759,0.0732,-0.4597,effective_radius_m,-0.7849
447.1707,447.7458,448.3324,0.5751,1.1617,6.0000,5.9155,12.0000,0.0479,0.3831,21.6798,-0.0326,-0.3225,1.4423,20,dem_9t_1m,,1.5360,0.6170,1.9129,0.4440,581,-0.9994,1.7572,-1.2930,-0.3741,-0.4649,0.2901,1.1846,0.2901,-0.4839,-0.3788,-0.2390,1.1036,0.4415,-1.5360,slope_inner_deg,-1.5360
482.9868,483.7471,484.2104,0.7603,1.2236,5.5000,5.7439,11.0000,0.0691,0.2866,24.0850,-0.0873,-0.4733,4.0494,93,dem_9t_1m,,1.0043,0.3652,1.9110,0.4082,582,-0.4119,0.4831,-1.2782,0.1582,-0.3723,-0.0672,0.6827,-0.0672,0.1760,-0.6300,-0.1003,0.6781,-0.0804,-1.0043,slope_inner_deg,-1.0043
479.4800,479.8898,480.3234,0.4098,0.8434,5.5000,5.6569,11.0000,0.0373,0.2792,12.9802,-0.0940,-0.3197,5.8270,184,dem_9t_1m,,0.9413,0.5707,1.9036,0.4076,583,-1.7789,0.6943,-0.7748,-0.8491,-0.9413,-0.0672,0.4283,-0.0672,-0.8139,-0.6493,-0.7406,0.6260,0.4512,-0.6417,depth_from_rim_max_m,-0.9413
444.5251,445.2835,445.7078,0.7584,1.1826,6.5000,5.8310,13.0000,0.0583,0.3643,33.5557,-0.1617,-0.5166,8.7321,109,dem_9t_1m,,0.9374,0.3846,1.9018,0.4044,584,0.4938,0.7557,-1.0352,0.1527,-0.4336,0.6475,0.9375,0.6475,-0.1602,-0.4278,0.4457,0.0994,-0.2303,-0.0492,effective_radius_m,0.9375
480.4770,481.1004,481.7485,0.6234,1.2715,7.0000,5.6569,14.0000,0.0445,0.4533,31.9906,-0.1155,-0.3991,5.8130,403,dem_9t_1m,,1.0048,0.4904,1.8983,0.4060,585,0.0222,1.5746,-0.6535,-0.2353,-0.3006,1.0048,0.4283,1.0048,-0.5898,-0.1961,0.3555,0.4588,0.1764,-0.6446,rim_radius_m,1.0048
499.2636,500.1080,500.8440,0.8444,1.5804,6.0000,5.8310,12.0000,0.0704,0.3411,31.8328,-0.1834,-0.5811,9.2063,276,dem_9t_1m,,0.9374,0.3363,1.8982,0.4072,586,0.8348,0.2122,-0.9010,0.3998,0.1618,0.2901,0.9375,0.2901,0.2165,-0.4882,0.3464,-0.0694,-0.4535,0.0475,effective_radius_m,0.9375
482.0382,482.6609,483.1556,0.6227,1.1174,5.5000,5.6569,11.0000,0.0566,0.3446,19.7261,-0.2115,-0.4873,9.9948,417,dem_9t_1m,,0.5312,0.2727,1.8959,0.4054,587,-0.4105,-0.2481,-0.5334,-0.2373,-0.5312,-0.0672,0.4283,-0.0672,-0.2131,-0.4791,-0.3517,-0.2880,-0.1289,0.2083,depth_from_rim_max_m,-0.5312
454.0797,454.6180,454.9197,0.5383,0.8400,5.5000,5.8310,11.0000,0.0489,0.1775,17.0511,-0.0751,-0.3505,2.5672,111,dem_9t_1m,,1.3066,0.6176,1.8836,0.4247,588,-1.4966,0.9285,-1.5715,-0.4798,-0.9464,-0.0672,0.9375,-0.0672,-0.4528,-0.9140,-0.5059,0.7730,0.3446,-1.3066,slope_inner_deg,-1.3066
431.8413,432.6993,433.1387,0.8580,1.2973,6.5000,5.8310,13.0000,0.0660,0.3816,37.9615,-0.2091,-0.5627,9.7994,23,dem_9t_1m,,0.9374,0.4475,1.8798,0.4089,589,1.0496,0.4408,-0.9943,0.4389,-0.2619,0.6475,0.9375,0.6475,0.0795,-0.3827,0.6997,-0.2693,-0.3898,0.1685,effective_radius_m,0.9375
478.1564,479.2178,479.5255,1.0614,1.3691,6.0000,5.8310,12.0000,0.0884,0.2134,40.0127,-0.2097,-0.7387,9.6065,125,dem_9t_1m,,1.0234,0.5922,1.8743,0.4300,590,1.5440,-0.3805,-1.5596,1.0234,-0.1545,0.2901,0.9375,0.2901,0.7768,-0.8206,0.8180,-0.2740,-0.9990,0.1291,depth_from_rim_mean_m,1.0234
431.0923,431.6404,431.9734,0.5481,0.8811,4.0000,5.0990,8.0000,0.0685,0.2762,9.1834,-0.1815,-0.3661,7.9574,337,dem_9t_1m,,1.2033,0.6496,1.8737,0.4171,591,-1.9039,-1.5830,0.0107,-0.4517,-0.8849,-1.1392,-1.2034,-1.1392,0.1573,-0.6571,-0.9595,-0.0546,0.2906,-0.2072,effective_radius_m,-1.2034
474.6330,475.4125,475.5759,0.7795,0.9430,5.0000,5.3852,10.0000,0.0780,0.1277,20.4083,-0.1628,-0.5636,8.9125,411,dem_9t_1m,,1.0436,0.4113,1.8616,0.4133,592,-0.5541,-1.1144,-0.9452,0.2133,-0.7922,-0.4245,-0.3664,-0.4245,0.4531,-1.0437,-0.3123,0.0908,-0.3929,-0.0124,rim_symmetry_std_m,-1.0437
459.9061,460.7538,461.1862,0.8477,1.2801,5.0000,5.3852,10.0000,0.0848,0.3664,22.1924,-0.1697,-0.5931,8.2498,299,dem_9t_1m,,0.6638,0.3534,1.8564,0.3992,593,-0.0282,-0.9732,-0.4939,0.4093,-0.2877,-0.4245,-0.3664,-0.4245,0.6648,-0.4223,-0.2095,0.0371,-0.4950,-0.1476,aspect_ratio,0.6648
482.7593,483.5681,484.2123,0.8088,1.4530,6.0000,5.8310,12.0000,0.0674,0.4187,30.4902,-0.0621,-0.4713,3.7580,94,dem_9t_1m,,1.0637,0.4122,1.8563,0.4157,594,0.1410,1.1270,-1.1476,0.2975,-0.0289,0.2901,0.9375,0.2901,0.1231,-0.2862,0.2689,0.8742,-0.0735,-1.0637,slope_inner_deg,-1.0637
481.3535,481.9650,482.5572,0.6115,1.2037,4.0000,5.0990,8.0000,0.0764,0.2834,10.2455,-0.2697,-0.4861,11.8969,309,dem_9t_1m,,1.2033,0.6869,1.8524,0.4182,595,-1.0864,-2.2671,0.3520,-0.2695,-0.4020,-1.1392,-1.2034,-1.1392,0.4033,-0.6384,-0.8983,-0.7407,-0.1247,0.5963,effective_radius_m,-1.2034
475.8211,476.3829,477.1412,0.5619,1.3201,4.0000,5.0990,8.0000,0.0702,0.4684,9.4140,-0.1970,-0.3572,9.4521,62,dem_9t_1m,,1.2033,0.5482,1.8499,0.4187,596,-1.4547,-1.5362,0.6942,-0.4120,-0.2278,-1.1392,-1.2034,-1.1392,0.2103,-0.1568,-0.9462,-0.1752,0.3214,0.0976,effective_radius_m,-1.2034
462.1651,463.1063,463.8017,0.9412,1.6366,6.5000,5.8310,13.0000,0.0724,0.6004,41.6436,-0.1757,-0.6306,8.7393,348,dem_9t_1m,,0.9374,0.4742,1.8473,0.4152,597,1.5815,0.6951,-0.6594,0.6780,0.2459,0.6475,0.9375,0.6475,0.2788,0.1868,0.9120,-0.0095,-0.6248,-0.0478,effective_radius_m,0.9375
481.9661,482.7117,483.0137,0.7457,1.0477,6.0000,5.8310,12.0000,0.0621,0.1237,28.1110,-0.1269,-0.5136,7.7387,517,dem_9t_1m,,1.0541,0.3943,1.8460,0.4103,598,-0.1011,0.3958,-1.5360,0.1162,-0.6355,0.2901,0.9375,0.2901,-0.0419,-1.0541,0.1318,0.3701,-0.2199,-0.2518,rim_symmetry_std_m,-1.0541
451.5916,452.2590,452.9391,0.6674,1.3474,7.0000,5.8310,14.0000,0.0477,0.5123,34.2439,-0.0903,-0.3230,4.7159,153,dem_9t_1m,,1.0048,0.5659,1.8401,0.4092,599,0.1314,1.9943,-0.8003,-0.1088,-0.1870,1.0048,0.9375,1.0048,-0.4902,-0.0425,0.4854,0.6548,0.4398,-0.8684,rim_radius_m,1.0048
459.5220,460.1357,460.4771,0.6136,0.9551,5.0000,5.0990,10.0000,0.0614,0.2615,16.0653,-0.1986,-0.4963,9.1541,507,dem_9t_1m,,1.2033,0.4361,1.8390,0.4082,600,-1.0872,-1.1739,-0.1000,-0.2634,-0.7741,-0.4245,-1.2034,-0.4245,-0.0637,-0.6954,-0.5627,-0.1877,-0.1600,0.0368,effective_radius_m,-1.2034
486.0914,486.7902,486.9624,0.6988,0.8709,4.5000,5.3852,9.0000,0.0776,0.1839,14.8178,-0.2928,-0.5602,11.4915,444,dem_9t_1m,,0.9203,0.6034,1.8379,0.4299,601,-0.6496,-1.9443,-0.5629,-0.0186,-0.9001,-0.7818,-0.3664,-0.7818,0.4406,-0.8974,-0.6346,-0.9204,-0.3812,0.5136,lrm5_depth_m,-0.9204
474.5616,475.2572,475.5941,0.6956,1.0326,6.0000,5.6569,12.0000,0.0580,0.2244,26.2242,-0.0839,-0.4811,5.3491,11,dem_9t_1m,,0.7920,0.3846,1.8362,0.4049,602,-0.4913,0.6593,-1.2662,-0.0278,-0.6581,0.2901,0.4283,0.2901,-0.1695,-0.7920,0.0230,0.7046,-0.1074,-0.7392,rim_symmetry_std_m,-0.7920
475.3308,475.8088,476.0229,0.4781,0.6921,5.5000,5.3852,11.0000,0.0435,0.2084,15.1438,-0.1028,-0.3487,5.5951,536,dem_9t_1m,,1.1677,0.5446,1.8299,0.4086,603,-1.7887,0.2233,-0.7533,-0.6528,-1.1678,-0.0672,-0.3664,-0.0672,-0.6209,-0.8336,-0.6158,0.5576,0.3508,-0.6890,depth_from_rim_max_m,-1.1678
489.3745,490.0224,490.1926,0.6479,0.8180,4.0000,5.0990,8.0000,0.0810,0.1017,10.8550,-0.2944,-0.5291,10.5722,486,dem_9t_1m,,1.2033,0.7890,1.8265,0.4460,604,-1.2325,-2.5379,-0.3470,-0.1649,-0.9793,-1.1392,-1.2034,-1.1392,0.5465,-1.1114,-0.8631,-0.9329,-0.2735,0.3261,effective_radius_m,-1.2034
457.6249,458.2243,458.5943,0.5993,0.9694,6.5000,5.8310,13.0000,0.0461,0.2469,26.5170,-0.1334,-0.3656,6.6645,175,dem_9t_1m,,0.9374,0.5169,1.8238,0.4057,605,-0.4743,1.1462,-1.2239,-0.3045,-0.7527,0.6475,0.9375,0.6475,-0.5400,-0.7334,0.0399,0.3195,0.2923,-0.4709,effective_radius_m,0.9375
569.0315,569.4752,570.4976,0.4437,1.4661,7.0000,5.6569,14.0000,0.0317,0.8017,22.7656,-0.0777,-0.2181,4.0596,632,dem_mk5_1m,,1.0048,0.6939,1.8201,0.4174,606,-0.6096,2.3853,0.2458,-0.7517,-0.0093,1.0048,0.4283,1.0048,-0.9883,0.7108,-0.1764,0.7528,0.8028,-1.0022,rim_radius_m,1.0048
391.7269,392.2929,392.6730,0.5660,0.9461,4.5000,5.0990,9.0000,0.0629,0.2207,12.0033,-0.1565,-0.3932,8.7805,235,dem_9t_1m,,1.2033,0.5405,1.8189,0.4017,607,-1.6619,-1.2651,-0.0480,-0.4002,-0.7876,-0.7818,-1.2034,-0.7818,-0.0170,-0.8016,-0.7969,0.1398,0.1968,-0.0394,effective_radius_m,-1.2034
441.8243,442.2397,442.5947,0.4155,0.7704,4.0000,5.0990,8.0000,0.0519,0.2621,6.9612,-0.1187,-0.2538,7.3626,202,dem_9t_1m,,1.2033,0.8133,1.8155,0.4280,608,-2.6305,-1.0753,0.1073,-0.8327,-1.0506,-1.1392,-1.2034,-1.1392,-0.3594,-0.6938,-1.0876,0.4339,0.6793,-0.3285,effective_radius_m,-1.2034
457.5341,458.1062,458.6664,0.5721,1.1323,5.5000,5.3852,11.0000,0.0520,0.3133,18.1213,-0.0950,-0.3663,4.4627,143,dem_9t_1m,,0.9200,0.4165,1.8086,0.3944,609,-1.2583,0.3657,-0.5206,-0.3827,-0.5089,-0.0672,-0.3664,-0.0672,-0.3563,-0.5605,-0.4442,0.6182,0.2899,-0.9200,slope_inner_deg,-0.9200
450.5730,451.3276,452.0924,0.7547,1.5194,4.5000,5.2421,9.0000,0.0839,0.5449,16.0033,-0.2891,-0.5726,10.4651,267,dem_9t_1m,,0.8916,0.4932,1.8080,0.4230,610,-0.0455,-1.7282,0.4492,0.1421,0.0705,-0.7818,-0.7849,-0.7818,0.6368,0.0424,-0.5663,-0.8917,-0.4241,0.3042,lrm5_depth_m,-0.8917
443.3158,444.1161,444.7396,0.8003,1.4239,6.5000,5.8310,13.0000,0.0616,0.4312,35.4082,-0.0590,-0.4745,3.2344,27,dem_9t_1m,,1.1705,0.5087,1.7998,0.4161,611,0.3465,1.5526,-1.2229,0.2731,-0.0725,0.6475,0.9375,0.6475,-0.0575,-0.2536,0.5525,0.8983,-0.0846,-1.1705,slope_inner_deg,-1.1705
501.8007,502.4363,503.4289,0.6356,1.6282,6.0000,5.5210,12.0000,0.0530,0.7607,23.9600,-0.1643,-0.4752,7.1167,670,dem_mk5_1m,,0.6040,0.2389,1.7931,0.4044,612,0.0805,0.6915,0.3637,-0.2002,0.2333,0.2901,0.0308,0.2901,-0.3252,0.6041,-0.1076,0.0792,-0.0870,-0.3787,rim_symmetry_std_m,0.6041
481.5908,482.1273,482.5734,0.5365,0.9826,6.0000,5.8310,12.0000,0.0447,0.3136,20.2244,-0.1181,-0.3744,6.2107,423,dem_9t_1m,,0.9374,0.4969,1.7899,0.4042,613,-0.8911,0.9798,-1.0378,-0.4850,-0.7330,0.2901,0.9375,0.2901,-0.5836,-0.5598,-0.3229,0.4385,0.2619,-0.5635,effective_radius_m,0.9375
485.1110,485.7881,486.2575,0.6771,1.1465,5.0000,5.6569,10.0000,0.0677,0.2126,17.7271,-0.1494,-0.4830,9.2880,334,dem_9t_1m,,0.8227,0.3310,1.7893,0.4076,614,-0.6708,-0.5220,-0.8236,-0.0809,-0.4877,-0.4245,0.4283,-0.4245,0.1324,-0.8227,-0.4669,0.1951,-0.1140,0.0642,rim_symmetry_std_m,-0.8227
383.6490,384.4425,384.8718,0.7935,1.2228,5.0000,5.3852,10.0000,0.0793,0.3023,20.7727,-0.2931,-0.6149,14.0097,234,dem_9t_1m,,1.0272,0.5217,1.7823,0.4174,615,0.2186,-1.7625,-0.1412,0.2536,-0.3735,-0.4245,-0.3664,-0.4245,0.4936,-0.5892,-0.2913,-0.9228,-0.5705,1.0272,slope_inner_deg,1.0272
562.5861,563.5192,564.6794,0.9330,2.0933,7.0000,5.9155,14.0000,0.0666,0.7616,47.8770,-0.1140,-0.4959,7.0186,633,dem_mk5_1m,,1.2714,0.7076,1.7820,0.4267,616,1.8742,1.7956,-0.3044,0.6545,0.9294,1.0048,1.1846,1.0048,0.0982,0.6065,1.2714,0.4704,-0.1586,-0.3987,volume_approx_m3,1.2714
473.4731,474.0100,474.9742,0.5370,1.5012,7.0000,5.9155,14.0000,0.0384,0.5629,27.5543,-0.0650,-0.2653,2.3755,488,dem_9t_1m,,1.3457,0.6844,1.7817,0.4243,617,-0.3233,2.5476,-0.7237,-0.4836,0.0432,1.0048,1.1846,1.0048,-0.7797,0.0892,0.0997,0.8516,0.6395,-1.3457,slope_inner_deg,-1.3457
468.0203,468.4797,468.9790,0.4594,0.9587,6.5000,5.8310,13.0000,0.0353,0.3332,20.3249,-0.0541,-0.2790,3.6703,310,dem_9t_1m,,1.0816,0.7290,1.7808,0.4190,618,-1.2192,1.8577,-1.1048,-0.7066,-0.7687,0.6475,0.9375,0.6475,-0.8762,-0.5087,-0.3171,0.9364,0.5921,-1.0816,slope_inner_deg,-1.0816
473.7946,474.3983,475.0654,0.6036,1.2708,7.0000,5.8310,14.0000,0.0431,0.3854,30.9743,-0.0909,-0.3488,5.1671,311,dem_9t_1m,,1.0048,0.6018,1.7801,0.4066,619,-0.1242,1.8899,-0.9758,-0.2922,-0.3016,1.0048,0.9375,1.0048,-0.6334,-0.3728,0.2969,0.6501,0.3505,-0.7763,rim_radius_m,1.0048
465.6107,466.0904,466.4327,0.4798,0.8221,6.0000,5.8310,12.0000,0.0400,0.2270,18.0868,-0.0779,-0.3211,3.9070,389,dem_9t_1m,,1.0333,0.6665,1.7758,0.4168,620,-1.4119,1.2817,-1.3527,-0.6479,-0.9732,0.2901,0.9375,0.2901,-0.7299,-0.7852,-0.4462,0.7512,0.4463,-1.0333,slope_inner_deg,-1.0333
458.5739,459.5569,460.5659,0.9829,1.9919,6.0000,5.8310,12.0000,0.0819,0.6891,37.0560,-0.1555,-0.6182,7.9485,272,dem_9t_1m,,0.9374,0.5156,1.7729,0.4257,621,1.5901,0.5258,-0.3539,0.7979,0.7777,0.2901,0.9375,0.2901,0.5745,0.4177,0.6475,0.1476,-0.5819,-0.2090,effective_radius_m,0.9375
455.2844,455.8847,456.0451,0.6004,0.7607,4.5000,5.0990,9.0000,0.0667,0.1521,12.7313,-0.2650,-0.4821,11.7890,380,dem_9t_1m,,1.2033,0.6691,1.7720,0.4241,622,-1.2788,-2.0155,-0.1354,-0.3014,-1.0651,-0.7818,-1.2034,-0.7818,0.1013,-0.9802,-0.7549,-0.7042,-0.1109,0.5742,effective_radius_m,-1.2034
375.6331,376.1833,376.5555,0.5502,0.9224,5.0000,5.3852,10.0000,0.0550,0.2731,14.4034,-0.0838,-0.3802,4.3528,214,dem_9t_1m,,0.9424,0.5418,1.7580,0.4019,623,-1.6741,-0.0031,-0.6747,-0.4456,-0.8231,-0.4245,-0.3664,-0.4245,-0.2629,-0.6652,-0.6585,0.7054,0.2418,-0.9424,slope_inner_deg,-0.9424
429.9723,430.7088,431.1577,0.7365,1.1855,4.5000,5.3852,9.0000,0.0818,0.1982,15.6183,-0.2021,-0.5501,11.0186,345,dem_9t_1m,,0.8602,0.4953,1.7566,0.4097,624,-0.5666,-1.6123,-0.4415,0.0898,-0.4293,-0.7818,-0.3664,-0.7818,0.5714,-0.8602,-0.5885,-0.2149,-0.3462,0.4171,rim_symmetry_std_m,-0.8602
479.4818,480.1007,480.4122,0.6189,0.9304,5.5000,5.8310,11.0000,0.0563,0.1576,19.6052,-0.1064,-0.3991,6.2223,492,dem_9t_1m,,0.9659,0.4497,1.7528,0.4062,625,-0.9800,0.4390,-1.3987,-0.2482,-0.8111,-0.0672,0.9375,-0.0672,-0.2224,-0.9658,-0.3586,0.5295,0.1764,-0.5611,rim_symmetry_std_m,-0.9658
481.3321,481.9566,482.6027,0.6245,1.2706,6.5000,5.3852,13.0000,0.0480,0.4628,27.6310,-0.2033,-0.4645,8.5643,128,dem_9t_1m,,0.6475,0.3007,1.7527,0.4016,626,-0.0106,0.4332,-0.0821,-0.2321,-0.3019,0.6475,-0.3664,0.6475,-0.4808,-0.1714,0.1041,-0.2242,-0.0500,-0.0835,rim_radius_m,0.6475
427.5097,428.4520,429.0973,0.9423,1.5876,5.5000,5.3852,11.0000,0.0857,0.4165,29.8496,-0.2060,-0.6740,9.2060,219,dem_9t_1m,,0.7752,0.3307,1.7508,0.4098,627,0.8601,-0.8406,-0.3491,0.6812,0.1725,-0.0672,-0.3664,-0.0672,0.6928,-0.2919,0.2320,-0.2452,-0.7750,0.0474,lrm11_depth_m,-0.7750
461.7591,462.2242,462.4642,0.4651,0.7052,5.5000,5.5210,11.0000,0.0423,0.2473,14.7329,-0.0728,-0.3035,4.9125,413,dem_9t_1m,,1.1482,0.5601,1.7472,0.4090,628,-1.8722,0.5853,-0.8562,-0.6902,-1.1481,-0.0672,0.0308,-0.0672,-0.6583,-0.7323,-0.6395,0.7909,0.5073,-0.8283,depth_from_rim_max_m,-1.1481
482.4709,482.9878,483.7017,0.5169,1.2307,5.5000,5.5210,11.0000,0.0470,0.3075,16.3735,-0.1121,-0.3720,5.7099,285,dem_9t_1m,,0.6656,0.3747,1.7430,0.3980,629,-1.2157,0.4388,-0.4930,-0.5413,-0.3616,-0.0672,0.0308,-0.0672,-0.5120,-0.5756,-0.5449,0.4852,0.2702,-0.6656,slope_inner_deg,-0.6656
571.3436,571.8196,572.6633,0.4761,1.3198,4.5000,5.3852,9.0000,0.0529,0.5844,10.0955,-0.1664,-0.3432,7.3235,668,dem_mk5_1m,,0.9069,0.4515,1.7415,0.4104,630,-1.4798,-0.4048,0.4530,-0.6586,-0.2283,-0.7818,-0.3664,-0.7818,-0.3283,0.1452,-0.9069,0.0628,0.3699,-0.3365,volume_approx_m3,-0.9069
485.7270,486.3218,486.6990,0.5948,0.9720,4.0000,5.0990,8.0000,0.0744,0.2769,9.9663,-0.2110,-0.4383,10.7996,427,dem_9t_1m,,1.2033,0.6504,1.7342,0.4158,631,-1.4748,-1.9973,0.1706,-0.3174,-0.7488,-1.1392,-1.2034,-1.1392,0.3410,-0.6553,-0.9144,-0.2841,0.0407,0.3725,effective_radius_m,-1.2034
482.7045,483.4017,484.0886,0.6972,1.3841,5.0000,5.2421,10.0000,0.0697,0.3430,18.2520,-0.1939,-0.5305,9.6705,398,dem_9t_1m,,0.7849,0.3160,1.7333,0.3977,632,-0.4558,-1.0440,0.0283,-0.0232,-0.1320,-0.4245,-0.7849,-0.4245,0.1947,-0.4832,-0.4366,-0.1511,-0.2784,0.1422,effective_radius_m,-0.7849
481.4374,481.8726,482.1901,0.4352,0.7527,4.0000,5.0990,8.0000,0.0544,0.2775,7.2910,-0.1921,-0.3459,8.6541,466,dem_9t_1m,,1.2033,0.7184,1.7324,0.4207,633,-2.2746,-1.4929,0.1358,-0.7761,-1.0771,-1.1392,-1.2034,-1.1392,-0.2816,-0.6537,-1.0686,-0.1371,0.3605,-0.0651,effective_radius_m,-1.2034
408.0342,408.4660,409.0646,0.4318,1.0304,4.0000,5.0990,8.0000,0.0540,0.4406,7.2348,-0.2361,-0.3047,10.8600,371,dem_9t_1m,,1.2033,0.7175,1.7201,0.4256,634,-1.9387,-1.5794,0.7807,-0.7859,-0.6614,-1.1392,-1.2034,-1.1392,-0.2940,-0.2292,-1.0718,-0.4794,0.5031,0.3848,effective_radius_m,-1.2034
482.1504,482.8270,483.5612,0.6765,1.4108,6.0000,5.8310,12.0000,0.0564,0.3651,25.5051,-0.0979,-0.4076,4.6511,485,dem_9t_1m,,0.9374,0.3618,1.7031,0.3978,635,-0.2734,1.1026,-0.9973,-0.0827,-0.0921,0.2901,0.9375,0.2901,-0.2193,-0.4257,-0.0185,0.5957,0.1470,-0.8816,effective_radius_m,0.9375
413.2990,414.1521,414.6707,0.8531,1.3717,5.5000,5.3852,11.0000,0.0776,0.4169,27.0258,-0.2169,-0.5956,8.9883,8,dem_9t_1m,,0.5037,0.2466,1.6960,0.3998,636,0.4032,-0.7307,-0.3304,0.4248,-0.1506,-0.0672,-0.3664,-0.0672,0.4406,-0.2908,0.0692,-0.3300,-0.5037,0.0030,lrm11_depth_m,-0.5037
428.7118,429.0670,429.5648,0.3552,0.8529,5.0000,5.3852,10.0000,0.0355,0.2271,9.2998,-0.0790,-0.2577,4.0535,205,dem_9t_1m,,1.0059,0.7425,1.6877,0.4209,637,-2.4555,0.3440,-0.5079,-1.0060,-0.9271,-0.4245,-0.3664,-0.4245,-0.8700,-0.7849,-0.9528,0.7427,0.6658,-1.0035,depth_from_rim_mean_m,-1.0060
521.9162,522.3797,522.7264,0.4635,0.8102,5.0000,5.3852,10.0000,0.0464,0.3266,12.1344,-0.0869,-0.3203,5.3681,589,dem_mk5_1m,,0.9909,0.6013,1.6788,0.4061,638,-1.9850,0.0878,-0.4333,-0.6948,-0.9910,-0.4245,-0.3664,-0.4245,-0.5306,-0.5259,-0.7894,0.6812,0.4491,-0.7353,depth_from_rim_max_m,-0.9910
420.2993,420.8145,421.6548,0.5152,1.3555,7.0000,5.7439,14.0000,0.0368,0.6310,26.4346,-0.1136,-0.3065,5.6112,55,dem_9t_1m,,1.0048,0.5637,1.6785,0.4114,639,-0.2613,1.9864,-0.2394,-0.5462,-0.1748,1.0048,0.6827,1.0048,-0.8295,0.2665,0.0351,0.4735,0.4969,-0.6858,rim_radius_m,1.0048
478.5124,479.4176,479.8590,0.9052,1.3467,5.0000,5.3852,10.0000,0.0905,0.2335,23.6984,-0.2480,-0.6830,10.8567,82,dem_9t_1m,,0.8429,0.4976,1.6764,0.4051,640,0.4549,-1.6204,-0.6026,0.5746,-0.1880,-0.4245,-0.3664,-0.4245,0.8422,-0.7683,-0.1226,-0.5719,-0.8062,0.3841,aspect_ratio,0.8422
503.0327,503.4186,503.6621,0.3860,0.6295,4.5000,5.3852,9.0000,0.0429,0.2184,8.1845,-0.1147,-0.2942,6.5370,290,dem_9t_1m,,1.2615,0.7341,1.6733,0.4230,641,-2.4873,-0.4047,-0.4923,-0.9175,-1.2614,-0.7818,-0.3664,-0.7818,-0.6396,-0.8076,-1.0171,0.4650,0.5394,-0.4969,depth_from_rim_max_m,-1.2614
428.4594,429.0719,429.4442,0.6125,0.9848,4.5000,5.5210,9.0000,0.0681,0.3414,12.9896,-0.1279,-0.3867,7.8851,534,dem_9t_1m,,0.7818,0.4333,1.6658,0.4088,642,-1.3420,-0.6517,-0.4683,-0.2666,-0.7297,-0.7818,0.0308,-0.7818,0.1449,-0.4874,-0.7400,0.3623,0.2193,-0.2220,rim_radius_m,-0.7818
480.9600,481.7560,482.5763,0.7961,1.6163,5.0000,5.3852,10.0000,0.0796,0.5747,20.8414,-0.2664,-0.5967,10.9783,277,dem_9t_1m,,0.7155,0.3850,1.6639,0.4074,643,0.4034,-1.1905,0.3248,0.2610,0.2155,-0.4245,-0.3664,-0.4245,0.5029,0.1199,-0.2874,-0.7151,-0.5075,0.4089,lrm5_depth_m,-0.7151
403.1543,403.6572,403.9302,0.5029,0.7759,5.5000,5.3852,11.0000,0.0457,0.1674,15.9317,-0.1329,-0.3564,5.6457,207,dem_9t_1m,,1.0424,0.5012,1.6630,0.4054,644,-1.6243,0.0862,-0.7958,-0.5815,-1.0423,-0.0672,-0.3664,-0.0672,-0.5524,-0.9403,-0.5704,0.3234,0.3242,-0.6787,depth_from_rim_max_m,-1.0423
457.2294,458.1236,458.5739,0.8942,1.3445,5.0000,5.3852,10.0000,0.0894,0.2305,23.4100,-0.2623,-0.6940,11.9550,86,dem_9t_1m,,0.8442,0.5281,1.6559,0.4062,645,0.5006,-1.7410,-0.5215,0.5430,-0.1913,-0.4245,-0.3664,-0.4245,0.8080,-0.7761,-0.1393,-0.6832,-0.8443,0.6081,lrm11_depth_m,-0.8443
505.0677,505.7223,507.0547,0.6546,1.9870,7.0000,5.7439,14.0000,0.0468,0.9076,33.5894,-0.1008,-0.3141,4.2414,542,dem_mk5_1m,,1.0048,0.6882,1.6554,0.4089,646,0.5976,2.3159,0.3303,-0.1456,0.7703,1.0048,0.6827,1.0048,-0.5182,0.9865,0.4476,0.5731,0.4706,-0.9651,rim_radius_m,1.0048
495.5682,496.1576,496.7823,0.5894,1.2141,5.5000,5.6569,11.0000,0.0536,0.2876,18.6714,-0.1186,-0.4325,6.2915,435,dem_9t_1m,,0.6275,0.3338,1.6532,0.3949,647,-0.8559,0.3656,-0.7869,-0.3330,-0.3865,-0.0672,0.4283,-0.0672,-0.3065,-0.6274,-0.4125,0.4346,0.0608,-0.5470,rim_symmetry_std_m,-0.6274
401.7446,402.4790,403.0809,0.7344,1.3363,4.5000,5.3852,9.0000,0.0816,0.4740,15.5730,-0.2383,-0.5458,12.6464,339,dem_9t_1m,,0.7818,0.4630,1.6510,0.4132,648,-0.2278,-1.6202,0.2421,0.0837,-0.2036,-0.7818,-0.3664,-0.7818,0.5652,-0.1422,-0.5911,-0.4965,-0.3313,0.7491,rim_radius_m,-0.7818
483.8571,484.5167,484.9056,0.6596,1.0485,5.5000,5.3852,11.0000,0.0600,0.2979,20.8939,-0.1283,-0.4609,5.6659,384,dem_9t_1m,,0.6746,0.3028,1.6490,0.3932,649,-0.8392,-0.0310,-0.6686,-0.1312,-0.6343,-0.0672,-0.3664,-0.0672,-0.1073,-0.6006,-0.2843,0.3592,-0.0375,-0.6746,slope_inner_deg,-0.6746
481.4142,481.8769,482.3519,0.4626,0.9376,6.0000,5.3852,12.0000,0.0386,0.3111,17.4414,-0.1315,-0.3211,5.9479,496,dem_9t_1m,,0.8003,0.5151,1.6487,0.4032,650,-1.3931,0.6084,-0.4073,-0.6974,-0.8003,0.2901,-0.3664,0.2901,-0.7735,-0.5663,-0.4834,0.3343,0.4463,-0.6171,depth_from_rim_max_m,-0.8003
362.4711,363.0002,363.4389,0.5291,0.9678,4.0000,5.2421,8.0000,0.0661,0.3493,8.8654,-0.1647,-0.3664,7.8242,354,dem_9t_1m,,1.1392,0.5866,1.6450,0.4190,651,-1.8413,-1.2793,0.0129,-0.5063,-0.7551,-1.1392,-0.7849,-1.1392,0.0826,-0.4668,-0.9778,0.0760,0.2896,-0.2344,rim_radius_m,-1.1392
572.7925,573.3170,574.3918,0.5245,1.5993,6.0000,5.3852,12.0000,0.0437,0.7606,19.7722,-0.1351,-0.3782,6.1639,629,dem_mk5_1m,,0.6145,0.3956,1.6366,0.4084,652,-0.5337,0.8997,0.6360,-0.5195,0.1901,0.2901,-0.3664,0.2901,-0.6147,0.6039,-0.3490,0.3063,0.2487,-0.5730,aspect_ratio,-0.6147
485.4002,486.0403,486.8267,0.6400,1.4265,4.5000,5.0990,9.0000,0.0711,0.4939,13.5726,-0.2314,-0.4995,9.4372,595,dem_mk5_1m,,1.2033,0.4334,1.6311,0.4142,653,-0.7504,-1.4552,0.5855,-0.1876,-0.0686,-0.7818,-1.2034,-0.7818,0.2383,-0.0904,-0.7064,-0.4428,-0.1711,0.0946,effective_radius_m,-1.2034
452.3793,453.1168,453.8561,0.7375,1.4767,7.0000,5.8310,14.0000,0.0527,0.5273,37.8409,-0.1413,-0.4555,6.4183,321,dem_9t_1m,,1.0048,0.4433,1.6232,0.4031,654,0.7509,1.5831,-0.7465,0.0926,0.0066,1.0048,0.9375,1.0048,-0.3345,-0.0035,0.6927,0.2581,-0.0188,-0.5211,rim_radius_m,1.0048
473.4601,473.9984,474.2621,0.5383,0.8020,4.0000,5.0990,8.0000,0.0673,0.1671,9.0188,-0.2619,-0.4444,11.5700,171,dem_9t_1m,,1.2033,0.7476,1.6228,0.4308,655,-1.6528,-2.2258,0.0139,-0.4798,-1.0033,-1.1392,-1.2034,-1.1392,0.1200,-0.9411,-0.9690,-0.6801,0.0196,0.5296,effective_radius_m,-1.2034
481.0330,481.7989,482.2255,0.7660,1.1925,4.5000,5.3852,9.0000,0.0851,0.2511,16.2428,-0.2362,-0.5986,11.9586,176,dem_9t_1m,,0.7818,0.5524,1.6218,0.4074,656,-0.2940,-1.8304,-0.3439,0.1745,-0.4188,-0.7818,-0.3664,-0.7818,0.6741,-0.7224,-0.5525,-0.4802,-0.5141,0.6088,rim_radius_m,-0.7818
484.2147,484.9324,485.1504,0.7177,0.9357,5.0000,5.6569,10.0000,0.0718,0.1479,18.7889,-0.1769,-0.5326,6.9778,495,dem_9t_1m,,0.9911,0.4076,1.6100,0.4159,657,-0.6706,-0.6157,-1.3053,0.0357,-0.8032,-0.4245,0.4283,-0.4245,0.2601,-0.9911,-0.4057,-0.0189,-0.2857,-0.4070,rim_symmetry_std_m,-0.9911
482.4939,482.9235,483.2759,0.4296,0.7820,4.0000,5.0990,8.0000,0.0537,0.2938,7.1979,-0.2192,-0.3269,10.5688,80,dem_9t_1m,,1.2033,0.7632,1.6061,0.4237,658,-2.1717,-1.6708,0.3499,-0.7922,-1.0332,-1.1392,-1.2034,-1.1392,-0.3034,-0.6113,-1.0740,-0.3479,0.4263,0.3254,effective_radius_m,-1.2034
495.7697,496.3271,496.6110,0.5575,0.8413,4.5000,5.0990,9.0000,0.0619,0.1616,11.8215,-0.2282,-0.4339,10.7924,393,dem_9t_1m,,1.2033,0.6174,1.5914,0.4147,659,-1.5156,-1.7075,-0.0679,-0.4246,-0.9444,-0.7818,-1.2034,-0.7818,-0.0481,-0.9554,-0.8074,-0.4179,0.0559,0.3710,effective_radius_m,-1.2034
446.9835,447.6876,447.9074,0.7041,0.9239,4.5000,5.3852,9.0000,0.0782,0.2349,14.9310,-0.2194,-0.4936,9.8050,204,dem_9t_1m,,0.8209,0.4797,1.5825,0.4093,660,-0.8625,-1.5088,-0.5381,-0.0033,-0.8208,-0.7818,-0.3664,-0.7818,0.4593,-0.7646,-0.6281,-0.3495,-0.1507,0.1696,depth_from_rim_max_m,-0.8208
478.9534,479.6877,480.3226,0.7343,1.3692,6.0000,5.8310,12.0000,0.0612,0.3709,27.6807,-0.0820,-0.4738,4.5305,448,dem_9t_1m,,0.9374,0.3683,1.5713,0.3995,661,-0.0774,1.0370,-1.1385,0.0834,-0.1543,0.2901,0.9375,0.2901,-0.0699,-0.4106,0.1070,0.7194,-0.0821,-0.9062,effective_radius_m,0.9375
494.6764,495.2246,495.7101,0.5482,1.0336,6.5000,5.6569,13.0000,0.0422,0.3115,24.2540,-0.1082,-0.3701,5.8812,158,dem_9t_1m,,0.6624,0.5065,1.5673,0.4039,662,-0.7109,1.1956,-0.8736,-0.4514,-0.6566,0.6475,0.4283,0.6475,-0.6614,-0.5652,-0.0906,0.5155,0.2768,-0.6307,aspect_ratio,-0.6614
429.7920,430.4997,431.0857,0.7077,1.2936,6.0000,5.8310,12.0000,0.0590,0.3983,26.6786,-0.0843,-0.4125,3.9327,326,dem_9t_1m,,1.0281,0.3799,1.5653,0.4022,663,-0.2755,1.1569,-1.1029,0.0070,-0.2675,0.2901,0.9375,0.2901,-0.1384,-0.3393,0.0492,0.7015,0.1300,-1.0281,slope_inner_deg,-1.0281
359.7161,360.5851,361.2240,0.8690,1.5079,6.5000,5.8310,13.0000,0.0668,0.4476,38.4476,-0.1116,-0.5548,6.5354,195,dem_9t_1m,,0.9374,0.4682,1.5440,0.4052,664,0.9217,1.0518,-1.0282,0.4705,0.0533,0.6475,0.9375,0.6475,0.1044,-0.2109,0.7277,0.4891,-0.3625,-0.4973,effective_radius_m,0.9375
482.0544,482.8534,483.2898,0.7990,1.2353,6.5000,5.8310,13.0000,0.0615,0.3421,35.3502,-0.1146,-0.4780,6.4816,132,dem_9t_1m,,0.9374,0.4567,1.5434,0.4028,665,0.4166,1.0517,-1.2306,0.2694,-0.3547,0.6475,0.9375,0.6475,-0.0606,-0.4856,0.5491,0.4658,-0.0967,-0.5082,effective_radius_m,0.9375
412.9724,413.5048,413.9706,0.5323,0.9981,4.5000,5.0990,9.0000,0.0591,0.3446,11.2882,-0.2043,-0.4213,8.2285,65,dem_9t_1m,,1.2033,0.5371,1.5108,0.4061,666,-1.5566,-1.2504,0.1719,-0.4971,-0.7098,-0.7818,-1.2034,-0.7818,-0.1353,-0.4791,-0.8381,-0.2320,0.0996,-0.1519,effective_radius_m,-1.2034
481.5125,482.1387,482.7735,0.6261,1.2609,4.5000,5.3852,9.0000,0.0696,0.4958,13.2775,-0.2174,-0.4708,9.2353,127,dem_9t_1m,,0.7818,0.3575,1.5088,0.4027,667,-0.8131,-1.0909,0.1553,-0.2275,-0.3164,-0.7818,-0.3664,-0.7818,0.1916,-0.0855,-0.7234,-0.3339,-0.0718,0.0534,rim_radius_m,-0.7818
477.4265,478.3490,478.8587,0.9226,1.4323,6.5000,5.8310,13.0000,0.0710,0.3726,40.8186,-0.1657,-0.6204,7.2195,541,dem_mk5_1m,,0.9374,0.4942,1.5085,0.4135,668,1.2127,0.6700,-1.2471,0.6246,-0.0599,0.6475,0.9375,0.6475,0.2352,-0.4062,0.8644,0.0683,-0.5895,-0.3577,effective_radius_m,0.9375
491.8900,492.4170,492.6814,0.5270,0.7914,5.5000,5.6569,11.0000,0.0479,0.1807,16.6935,-0.1036,-0.3426,4.8270,436,dem_9t_1m,,1.0191,0.5254,1.4989,0.4082,669,-1.5134,0.5104,-1.1848,-0.5123,-1.0191,-0.0672,0.4283,-0.0672,-0.4839,-0.9057,-0.5265,0.5513,0.3719,-0.8457,depth_from_rim_max_m,-1.0191
487.9380,488.4746,488.8369,0.5367,0.8989,5.5000,5.3852,11.0000,0.0488,0.2409,16.9999,-0.1807,-0.4030,7.5722,504,dem_9t_1m,,0.8582,0.3686,1.4902,0.4023,670,-1.2058,-0.2023,-0.5221,-0.4844,-0.8582,-0.0672,-0.3664,-0.0672,-0.4559,-0.7490,-0.5088,-0.0484,0.1629,-0.2858,depth_from_rim_max_m,-0.8582
445.6899,446.4631,447.5745,0.7732,1.8846,7.0000,5.7439,14.0000,0.0552,0.7825,39.6746,-0.1582,-0.4704,6.5416,186,dem_9t_1m,,1.0048,0.5375,1.4512,0.4075,671,1.2302,1.6436,-0.0108,0.1952,0.6171,1.0048,0.6827,1.0048,-0.2567,0.6609,0.7985,0.1266,-0.0704,-0.4960,rim_radius_m,1.0048
465.6115,466.3938,467.0921,0.7823,1.4807,5.5000,5.5210,11.0000,0.0711,0.4293,24.7821,-0.1453,-0.5577,7.1948,474,dem_9t_1m,,0.3727,0.1745,1.4462,0.3990,672,0.0855,-0.1019,-0.4574,0.2214,0.0126,-0.0672,0.0308,-0.0672,0.2383,-0.2586,-0.0602,0.2269,-0.3725,-0.3628,lrm11_depth_m,-0.3725
431.4107,431.9540,432.2495,0.5433,0.8388,4.5000,5.3852,9.0000,0.0604,0.3010,11.5218,-0.1514,-0.3708,7.3988,89,dem_9t_1m,,0.9482,0.5119,1.4342,0.4018,673,-1.6930,-0.7703,-0.3946,-0.4654,-0.9482,-0.7818,-0.3664,-0.7818,-0.0948,-0.5926,-0.8247,0.1795,0.2743,-0.3212,depth_from_rim_max_m,-0.9482
443.7827,444.3788,444.7364,0.5961,0.9536,5.0000,5.3852,10.0000,0.0596,0.1706,15.6059,-0.1999,-0.4523,8.1019,409,dem_9t_1m,,0.9321,0.3936,1.4048,0.4014,674,-1.1372,-0.8033,-0.6341,-0.3137,-0.7764,-0.4245,-0.3664,-0.4245,-0.1197,-0.9320,-0.5892,-0.1978,-0.0077,-0.1778,rim_symmetry_std_m,-0.9320
437.6178,438.2988,438.7570,0.6810,1.1393,5.0000,5.3852,10.0000,0.0681,0.2198,17.8285,-0.1806,-0.5037,8.0951,532,dem_9t_1m,,0.8040,0.3278,1.3655,0.3979,675,-0.7445,-0.8285,-0.5802,-0.0697,-0.4984,-0.4245,-0.3664,-0.4245,0.1449,-0.8039,-0.4611,-0.0476,-0.1856,-0.1791,rim_symmetry_std_m,-0.8039
441.7122,442.3488,442.7736,0.6366,1.0614,5.0000,5.3852,10.0000,0.0637,0.3333,16.6669,-0.2209,-0.4761,11.0289,252,dem_9t_1m,,0.6150,0.3583,1.2933,0.3990,676,-0.7093,-1.0234,-0.1395,-0.1973,-0.6150,-0.4245,-0.3664,-0.4245,0.0079,-0.5085,-0.5280,-0.3611,-0.0901,0.4192,depth_from_rim_max_m,-0.6150
422.5661,423.2554,423.6941,0.6893,1.1280,5.0000,5.3852,10.0000,0.0689,0.2631,18.0466,-0.2398,-0.5457,10.6558,353,dem_9t_1m,,0.6912,0.3882,1.2841,0.4002,677,-0.4506,-1.2117,-0.3549,-0.0459,-0.5153,-0.4245,-0.3664,-0.4245,0.1698,-0.6912,-0.4485,-0.5082,-0.3310,0.3431,rim_symmetry_std_m,-0.6912
431.1015,431.7844,432.2607,0.6829,1.1592,6.0000,5.6569,12.0000,0.0569,0.2933,25.7444,-0.1189,-0.4778,6.2198,220,dem_9t_1m,,0.6126,0.3138,1.2773,0.3962,678,-0.3304,0.5794,-0.9892,-0.0643,-0.4686,0.2901,0.4283,0.2901,-0.2038,-0.6126,-0.0047,0.4323,-0.0960,-0.5616,rim_symmetry_std_m,-0.6126
463.0603,463.6630,464.1347,0.6028,1.0745,5.0000,5.3852,10.0000,0.0603,0.2261,15.7800,-0.1796,-0.4634,8.9612,269,dem_9t_1m,,0.7876,0.3327,1.2762,0.3974,679,-1.0185,-0.7633,-0.4270,-0.2945,-0.5954,-0.4245,-0.3664,-0.4245,-0.0979,-0.7875,-0.5792,-0.0399,-0.0462,-0.0025,rim_symmetry_std_m,-0.7875
477.0268,477.6400,478.2144,0.6133,1.1876,5.5000,5.5210,11.0000,0.0558,0.4022,19.4264,-0.1527,-0.4660,7.8234,316,dem_9t_1m,,0.4261,0.2048,1.2720,0.3959,680,-0.6480,0.0249,-0.3724,-0.2643,-0.4261,-0.0672,0.0308,-0.0672,-0.2380,-0.3291,-0.3689,0.1694,-0.0552,-0.2346,depth_from_rim_max_m,-0.4261
482.2502,482.8229,483.4996,0.5727,1.2494,4.5000,5.3852,9.0000,0.0636,0.4349,12.1444,-0.1616,-0.3825,7.5708,275,dem_9t_1m,,0.7888,0.3912,1.2664,0.3983,681,-1.2764,-0.6926,0.0421,-0.3810,-0.3336,-0.7818,-0.3664,-0.7818,0.0048,-0.2440,-0.7888,0.1002,0.2338,-0.2861,volume_approx_m3,-0.7888
492.0835,492.6411,493.2189,0.5576,1.1354,5.5000,5.5210,11.0000,0.0507,0.4374,17.6631,-0.1102,-0.3836,5.2402,274,dem_9t_1m,,0.7614,0.3355,1.2589,0.3997,682,-1.0917,0.4879,-0.4186,-0.4244,-0.5043,-0.0672,0.0308,-0.0672,-0.3968,-0.2375,-0.4706,0.5000,0.2300,-0.7614,slope_inner_deg,-0.7614
453.5426,453.9993,454.3950,0.4566,0.8523,4.5000,5.3852,9.0000,0.0507,0.2318,9.6833,-0.1688,-0.3492,7.4669,295,dem_9t_1m,,0.9307,0.5793,1.2476,0.4070,683,-1.9553,-0.7265,-0.3819,-0.7146,-0.9280,-0.7818,-0.3664,-0.7818,-0.3968,-0.7727,-0.9307,0.0441,0.3491,-0.3073,volume_approx_m3,-0.9307
485.6237,486.0913,486.5904,0.4676,0.9667,4.5000,5.3852,9.0000,0.0520,0.3366,9.9156,-0.1200,-0.3124,5.8693,514,dem_9t_1m,,0.9173,0.6071,1.2442,0.4025,684,-2.0025,-0.3574,-0.2507,-0.6830,-0.7568,-0.7818,-0.3664,-0.7818,-0.3563,-0.4999,-0.9173,0.4238,0.4765,-0.6331,volume_approx_m3,-0.9173
452.5600,453.1373,453.4839,0.5773,0.9240,5.0000,5.3852,10.0000,0.0577,0.2767,15.1137,-0.1521,-0.4214,8.4431,17,dem_9t_1m,,0.8207,0.3852,1.1950,0.3930,685,-1.2711,-0.5719,-0.4121,-0.3677,-0.8207,-0.4245,-0.3664,-0.4245,-0.1789,-0.6558,-0.6176,0.1741,0.0992,-0.1082,depth_from_rim_max_m,-0.8207
487.1032,487.6024,488.0084,0.4992,0.9052,5.0000,5.3852,10.0000,0.0499,0.2311,13.0700,-0.1444,-0.3683,6.6193,281,dem_9t_1m,,0.8488,0.5076,1.1695,0.3948,686,-1.6679,-0.3039,-0.5105,-0.5922,-0.8488,-0.4245,-0.3664,-0.4245,-0.4217,-0.7745,-0.7354,0.2340,0.2830,-0.4801,depth_from_rim_max_m,-0.8488
